#group,false,false,false,false,false,false,false,false,false,false,false,false,false,false,false,false,false,false,false,false,false,false,false,false,false
#datatype,string,double,double,double,string,string,double,double,string,double,string,string,double,string,string,double,double,double,double,double,double,double,dateTime:RFC3339,string,string
#default,,,,,,,,,,,,,,,,,,,,,,,,,
,ID,amplitude,bottle_no,bottle_np,device_id,host,humidity,light [%],mode,msg,node_id,packet_id,seq,sink_mac,status,t_gw_rx_ms,t_gw_rx_unix_ms,t_gw_tx_ms,t_gw_tx_unix_ms,t_node_ms,t_node_unix_ms,temp,time,timestamp,topic
,,,0,,,local.mqtt.telegraf,44,32.42,,,08a6f75abdf0,08a6f75abdf0-35,35,08:A6:F7:5A:BD:F0,ON,13074357,1780832526037,13074362,1780832526042,13174527,1780832524578,27,2026-06-07T11:42:06.9520419Z,,oasis/bottle
,,,0,,,local.mqtt.telegraf,43,43.64,,,08a6f769c348,08a6f769c348-35,35,08:A6:F7:69:C3:48,ON,13074459,1780832526139,13074464,1780832526144,13257646,1780832524558,27,2026-06-07T11:42:07.061971Z,,oasis/bottle
,,,0,,,local.mqtt.telegraf,44,32.26,,,08a6f75abdf0,08a6f75abdf0-36,36,08:A6:F7:5A:BD:F0,ON,13077549,1780832529230,13077554,1780832529234,13177726,1780832527777,27,2026-06-07T11:42:10.1644261Z,,oasis/bottle
,,,0,,,local.mqtt.telegraf,43,43.61,,,08a6f769c348,08a6f769c348-36,36,08:A6:F7:69:C3:48,ON,13077639,1780832529319,13077643,1780832529323,13260826,1780832527738,27,2026-06-07T11:42:10.2646932Z,,oasis/bottle
,,,0,,,local.mqtt.telegraf,43,39.34,,,08a6f76bd428,08a6f76bd428-36,36,08:A6:F7:6B:D4:28,ON,13077680,1780832529360,13077685,1780832529365,13225286,1780832527898,27,2026-06-07T11:42:10.3105236Z,,oasis/bottle
,,,0,,,local.mqtt.telegraf,43,43.62,,,08a6f769c348,08a6f769c348-37,37,08:A6:F7:69:C3:48,ON,13080869,1780832532549,13080873,1780832532554,13264056,1780832530968,27,2026-06-07T11:42:13.443242Z,,oasis/bottle
,,,0,,,local.mqtt.telegraf,43,39.51,,,08a6f76bd428,08a6f76bd428-37,37,08:A6:F7:6B:D4:28,ON,13081039,1780832532719,13081043,1780832532723,13228636,1780832531248,27,2026-06-07T11:42:13.6565731Z,,oasis/bottle
,,,0,,,local.mqtt.telegraf,43,43.65,,,08a6f769c348,08a6f769c348-38,38,08:A6:F7:69:C3:48,ON,13084179,1780832535859,13084183,1780832535863,13267370,1780832534632,27,2026-06-07T11:42:16.7823987Z,,oasis/bottle
,,,0,,,local.mqtt.telegraf,44,32.38,,,08a6f75abdf0,08a6f75abdf0-38,38,08:A6:F7:5A:BD:F0,ON,13084219,1780832535899,13084224,1780832535904,13184397,1780832534719,27,2026-06-07T11:42:16.8308209Z,,oasis/bottle
,,,0,,,local.mqtt.telegraf,43,39.41,,,08a6f76bd428,08a6f76bd428-38,38,08:A6:F7:6B:D4:28,ON,13084369,1780832536049,13084373,1780832536053,13231966,1780832534648,27,2026-06-07T11:42:16.9728727Z,,oasis/bottle
,,,0,,,local.mqtt.telegraf,43,43.62,,,08a6f769c348,08a6f769c348-39,39,08:A6:F7:69:C3:48,ON,13087439,1780832539119,13087443,1780832539123,13270626,1780832537888,27,2026-06-07T11:42:20.0274249Z,,oasis/bottle
,,,0,,,local.mqtt.telegraf,42,39.25,,,08a6f76bd428,08a6f76bd428-39,39,08:A6:F7:6B:D4:28,ON,13087649,1780832539329,13087653,1780832539333,13235246,1780832537928,27,2026-06-07T11:42:20.2596787Z,,oasis/bottle
,,,0,,,local.mqtt.telegraf,44,32.29,,,08a6f75abdf0,08a6f75abdf0-40,40,08:A6:F7:5A:BD:F0,ON,13090659,1780832542339,13090664,1780832542344,13190836,1780832541158,27,2026-06-07T11:42:23.2926467Z,,oasis/bottle
,,,0,,,local.mqtt.telegraf,43,39.37,,,08a6f76bd428,08a6f76bd428-40,40,08:A6:F7:6B:D4:28,ON,13090847,1780832542527,13090851,1780832542531,13238436,1780832541118,27,2026-06-07T11:42:23.4270575Z,,oasis/bottle
,,,0,,,local.mqtt.telegraf,44,32.33,,,08a6f75abdf0,08a6f75abdf0-41,41,08:A6:F7:5A:BD:F0,ON,13094019,1780832545699,13094024,1780832545704,13194197,1780832544708,27,2026-06-07T11:42:26.6385191Z,,oasis/bottle
,,,0,,,local.mqtt.telegraf,42,39.19,,,08a6f76bd428,08a6f76bd428-41,41,08:A6:F7:6B:D4:28,ON,13094084,1780832545764,13094089,1780832545769,13241687,1780832544598,27,2026-06-07T11:42:26.6931399Z,,oasis/bottle
,,,0,,,local.mqtt.telegraf,43,43.7,,,08a6f769c348,08a6f769c348-41,41,08:A6:F7:69:C3:48,ON,13094209,1780832545889,13094214,1780832545894,13277396,1780832544737,27,2026-06-07T11:42:26.8210531Z,,oasis/bottle
,,,0,,,local.mqtt.telegraf,44,32.29,,,08a6f75abdf0,08a6f75abdf0-42,42,08:A6:F7:5A:BD:F0,ON,13097369,1780832549050,13097374,1780832549054,13197546,1780832548057,27,2026-06-07T11:42:29.9950046Z,,oasis/bottle
,,,0,,,local.mqtt.telegraf,42,39.46,,,08a6f76bd428,08a6f76bd428-42,42,08:A6:F7:6B:D4:28,ON,13097449,1780832549129,13097455,1780832549135,13245046,1780832547957,27,2026-06-07T11:42:30.0357841Z,,oasis/bottle
,,,0,,,local.mqtt.telegraf,43,43.46,,,08a6f769c348,08a6f769c348-42,42,08:A6:F7:69:C3:48,ON,13097609,1780832549289,13097613,1780832549293,13280796,1780832548137,27,2026-06-07T11:42:30.2204755Z,,oasis/bottle
,,,0,,,local.mqtt.telegraf,44,32.27,,,08a6f75abdf0,08a6f75abdf0-43,43,08:A6:F7:5A:BD:F0,ON,13100699,1780832552379,13100703,1780832552383,13200866,1780832551377,27,2026-06-07T11:42:33.3146767Z,,oasis/bottle
,,,0,,,local.mqtt.telegraf,43,43.65,,,08a6f769c348,08a6f769c348-43,43,08:A6:F7:69:C3:48,ON,13100826,1780832552506,13100831,1780832552511,13283986,1780832551327,27,2026-06-07T11:42:33.4217173Z,,oasis/bottle
,,,0,,,local.mqtt.telegraf,44,32.42,,,08a6f75abdf0,08a6f75abdf0-44,44,08:A6:F7:5A:BD:F0,ON,13103959,1780832555640,13103964,1780832555644,13204137,1780832554648,27,2026-06-07T11:42:36.5769525Z,,oasis/bottle
,,,0,,,local.mqtt.telegraf,43,43.62,,,08a6f769c348,08a6f769c348-44,44,08:A6:F7:69:C3:48,ON,13104049,1780832555729,13104053,1780832555733,13287237,1780832554628,27,2026-06-07T11:42:36.6649744Z,,oasis/bottle
,,,0,,,local.mqtt.telegraf,42,39.34,,,08a6f76bd428,08a6f76bd428-44,44,08:A6:F7:6B:D4:28,ON,13104120,1780832555800,13104124,1780832555804,13251717,1780832554698,27,2026-06-07T11:42:36.6994972Z,,oasis/bottle
,,,0,,,local.mqtt.telegraf,42,39.33,,,08a6f76bd428,08a6f76bd428-45,45,08:A6:F7:6B:D4:28,ON,13107399,1780832559079,13107403,1780832559083,13254987,1780832557968,27,2026-06-07T11:42:39.9953569Z,,oasis/bottle
,,,0,,,local.mqtt.telegraf,43,43.58,,,08a6f769c348,08a6f769c348-45,45,08:A6:F7:69:C3:48,ON,13107422,1780832559102,13107429,1780832559109,13290596,1780832557987,27,2026-06-07T11:42:40.0236527Z,,oasis/bottle
,,,0,,,local.mqtt.telegraf,44,32.27,,,08a6f75abdf0,08a6f75abdf0-46,46,08:A6:F7:5A:BD:F0,ON,13110569,1780832562249,13110574,1780832562254,13210746,1780832561257,27,2026-06-07T11:42:43.1721973Z,,oasis/bottle
,,,0,,,local.mqtt.telegraf,43,43.62,,,08a6f769c348,08a6f769c348-46,46,08:A6:F7:69:C3:48,ON,13110759,1780832562439,13110763,1780832562444,13293946,1780832561337,27,2026-06-07T11:42:43.3684265Z,,oasis/bottle
,,,0,,,local.mqtt.telegraf,42,39.34,,,08a6f76bd428,08a6f76bd428-46,46,08:A6:F7:6B:D4:28,ON,13110799,1780832562479,13110803,1780832562483,13258396,1780832561377,27,2026-06-07T11:42:43.3952638Z,,oasis/bottle
,,,0,,,local.mqtt.telegraf,44,32.3,,,08a6f75abdf0,08a6f75abdf0-47,47,08:A6:F7:5A:BD:F0,ON,13113840,1780832565520,13113845,1780832565525,13214017,1780832564678,27,2026-06-07T11:42:46.4687004Z,,oasis/bottle
,,,0,,,local.mqtt.telegraf,42,39.42,,,08a6f76bd428,08a6f76bd428-47,47,08:A6:F7:6B:D4:28,ON,13113999,1780832565679,13114003,1780832565683,13261597,1780832564607,27,2026-06-07T11:42:46.6014365Z,,oasis/bottle
,,,0,,,local.mqtt.telegraf,43,43.8,,,08a6f769c348,08a6f769c348-47,47,08:A6:F7:69:C3:48,ON,13114079,1780832565759,13114083,1780832565763,13297267,1780832564727,27,2026-06-07T11:42:46.6522939Z,,oasis/bottle
,,,0,,,local.mqtt.telegraf,43,39.51,,,08a6f76bd428,08a6f76bd428-48,48,08:A6:F7:6B:D4:28,ON,13117277,1780832568957,13117282,1780832568962,13264867,1780832567877,27,2026-06-07T11:42:49.8828037Z,,oasis/bottle
,,,0,,,local.mqtt.telegraf,43,43.62,,,08a6f769c348,08a6f769c348-48,48,08:A6:F7:69:C3:48,ON,13117349,1780832569029,13117353,1780832569033,13300537,1780832567997,27,2026-06-07T11:42:49.917581Z,,oasis/bottle
,,,0,,,local.mqtt.telegraf,44,32.38,,,08a6f75abdf0,08a6f75abdf0-49,49,08:A6:F7:5A:BD:F0,ON,13120449,1780832572130,13120454,1780832572134,13220626,1780832571287,27,2026-06-07T11:42:53.0573307Z,,oasis/bottle
,,,0,,,local.mqtt.telegraf,42,39.47,,,08a6f76bd428,08a6f76bd428-49,49,08:A6:F7:6B:D4:28,ON,13120679,1780832572359,13120683,1780832572363,13268276,1780832571286,27,2026-06-07T11:42:53.2856771Z,,oasis/bottle
,,,0,,,local.mqtt.telegraf,43,43.56,,,08a6f769c348,08a6f769c348-49,49,08:A6:F7:69:C3:48,ON,13120759,1780832572439,13120763,1780832572443,13303946,1780832571406,27,2026-06-07T11:42:53.3350024Z,,oasis/bottle
,,,0,,,local.mqtt.telegraf,44,31.87,,,08a6f75abdf0,08a6f75abdf0-50,50,08:A6:F7:5A:BD:F0,ON,13123719,1780832575400,13123724,1780832575404,13223897,1780832574709,27,2026-06-07T11:42:56.3328283Z,,oasis/bottle
,,,0,,,local.mqtt.telegraf,42,38.98,,,08a6f76bd428,08a6f76bd428-50,50,08:A6:F7:6B:D4:28,ON,13123879,1780832575559,13123884,1780832575564,13271477,1780832574639,27,2026-06-07T11:42:56.5050704Z,,oasis/bottle
,,,0,,,local.mqtt.telegraf,43,43.26,,,08a6f769c348,08a6f769c348-50,50,08:A6:F7:69:C3:48,ON,13123959,1780832575639,13123963,1780832575643,13307147,1780832574639,27,2026-06-07T11:42:56.5208203Z,,oasis/bottle
,,,0,,,local.mqtt.telegraf,42,39.34,,,08a6f76bd428,08a6f76bd428-51,51,08:A6:F7:6B:D4:28,ON,13127159,1780832578839,13127163,1780832578843,13274756,1780832577918,27,2026-06-07T11:42:59.7472485Z,,oasis/bottle
,,,0,,,local.mqtt.telegraf,43,43.61,,,08a6f769c348,08a6f769c348-51,51,08:A6:F7:69:C3:48,ON,13127229,1780832578909,13127233,1780832578913,13310417,1780832577909,27,2026-06-07T11:42:59.8462874Z,,oasis/bottle
,,,0,,,local.mqtt.telegraf,44,32.26,,,08a6f75abdf0,08a6f75abdf0-52,52,08:A6:F7:5A:BD:F0,ON,13130355,1780832582035,13130360,1780832582040,13230506,1780832581318,27,2026-06-07T11:43:02.9450755Z,,oasis/bottle
,,,0,,,local.mqtt.telegraf,43,43.64,,,08a6f769c348,08a6f769c348-52,52,08:A6:F7:69:C3:48,ON,13130639,1780832582319,13130643,1780832582323,13313826,1780832581318,27,2026-06-07T11:43:03.2509762Z,,oasis/bottle
,,,0,,,local.mqtt.telegraf,42,39.39,,,08a6f76bd428,08a6f76bd428-53,53,08:A6:F7:6B:D4:28,ON,13133539,1780832585219,13133543,1780832585223,13281137,1780832584669,27,2026-06-07T11:43:06.1413648Z,,oasis/bottle
,,,0,,,local.mqtt.telegraf,44,32.37,,,08a6f75abdf0,08a6f75abdf0-53,53,08:A6:F7:5A:BD:F0,ON,13133604,1780832585284,13133614,1780832585294,13233777,1780832584729,27,2026-06-07T11:43:06.1957355Z,,oasis/bottle
,,,0,,,local.mqtt.telegraf,43,43.66,,,08a6f769c348,08a6f769c348-53,53,08:A6:F7:69:C3:48,ON,13133839,1780832585519,13133843,1780832585523,13317027,1780832584659,27,2026-06-07T11:43:06.4458664Z,,oasis/bottle
,,,0,,,local.mqtt.telegraf,43,39.34,,,08a6f76bd428,08a6f76bd428-54,54,08:A6:F7:6B:D4:28,ON,13136829,1780832588509,13136833,1780832588513,13284426,1780832587958,27,2026-06-07T11:43:09.4850079Z,,oasis/bottle
,,,0,,,local.mqtt.telegraf,44,32.38,,,08a6f75abdf0,08a6f75abdf0-54,54,08:A6:F7:5A:BD:F0,ON,13136999,1780832588680,13137004,1780832588684,13237176,1780832588128,27,2026-06-07T11:43:09.6062161Z,,oasis/bottle
,,,0,,,local.mqtt.telegraf,43,43.72,,,08a6f769c348,08a6f769c348-54,54,08:A6:F7:69:C3:48,ON,13137109,1780832588789,13137113,1780832588794,13320297,1780832587929,27,2026-06-07T11:43:09.7177825Z,,oasis/bottle
,,,0,,,local.mqtt.telegraf,43,39.34,,,08a6f76bd428,08a6f76bd428-55,55,08:A6:F7:6B:D4:28,ON,13140029,1780832591709,13140033,1780832591713,13287626,1780832591158,27,2026-06-07T11:43:12.6409272Z,,oasis/bottle
,,,0,,,local.mqtt.telegraf,44,32.25,,,08a6f75abdf0,08a6f75abdf0-55,55,08:A6:F7:5A:BD:F0,ON,13140199,1780832591879,13140203,1780832591883,13240366,1780832591318,27,2026-06-07T11:43:12.8061644Z,,oasis/bottle
,,,0,,,local.mqtt.telegraf,43,43.58,,,08a6f769c348,08a6f769c348-55,55,08:A6:F7:69:C3:48,ON,13140519,1780832592199,13140523,1780832592203,13323707,1780832591339,27,2026-06-07T11:43:13.1191162Z,,oasis/bottle
,,,0,,,local.mqtt.telegraf,42,39.5,,,08a6f76bd428,08a6f76bd428-56,56,08:A6:F7:6B:D4:28,ON,13143299,1780832594979,13143303,1780832594984,13290897,1780832594759,27,2026-06-07T11:43:15.9115316Z,,oasis/bottle
,,,0,,,local.mqtt.telegraf,44,32.4,,,08a6f75abdf0,08a6f75abdf0-56,56,08:A6:F7:5A:BD:F0,ON,13143439,1780832595120,13143444,1780832595124,13243617,1780832594739,27,2026-06-07T11:43:16.0456093Z,,oasis/bottle
,,,0,,,local.mqtt.telegraf,43,43.56,,,08a6f769c348,08a6f769c348-56,56,08:A6:F7:69:C3:48,ON,13143719,1780832595399,13143723,1780832595403,13326907,1780832594689,27,2026-06-07T11:43:16.3306511Z,,oasis/bottle
,,,0,,,local.mqtt.telegraf,42,39.33,,,08a6f76bd428,08a6f76bd428-57,57,08:A6:F7:6B:D4:28,ON,13146709,1780832598389,13146714,1780832598394,13294306,1780832598168,27,2026-06-07T11:43:19.3656803Z,,oasis/bottle
,,,0,,,local.mqtt.telegraf,44,32.38,,,08a6f75abdf0,08a6f75abdf0-57,57,08:A6:F7:5A:BD:F0,ON,13146799,1780832598479,13146804,1780832598484,13246977,1780832598099,27,2026-06-07T11:43:19.4151448Z,,oasis/bottle
,,,0,,,local.mqtt.telegraf,43,43.54,,,08a6f769c348,08a6f769c348-57,57,08:A6:F7:69:C3:48,ON,13146989,1780832598669,13146993,1780832598673,13330176,1780832597958,27,2026-06-07T11:43:19.6040899Z,,oasis/bottle
,,,0,,,local.mqtt.telegraf,42,39.46,,,08a6f76bd428,08a6f76bd428-58,58,08:A6:F7:6B:D4:28,ON,13149905,1780832601585,13149917,1780832601597,13297506,1780832601368,27,2026-06-07T11:43:22.5469261Z,,oasis/bottle
,,,0,,,local.mqtt.telegraf,44,32.37,,,08a6f75abdf0,08a6f75abdf0-58,58,08:A6:F7:5A:BD:F0,ON,13150149,1780832601830,13150154,1780832601834,13250326,1780832601448,27,2026-06-07T11:43:22.7544822Z,,oasis/bottle
,,,0,,,local.mqtt.telegraf,43,43.66,,,08a6f769c348,08a6f769c348-58,58,08:A6:F7:69:C3:48,ON,13150389,1780832602069,13150393,1780832602073,13333576,1780832601358,27,2026-06-07T11:43:22.994221Z,,oasis/bottle
,,,0,,,local.mqtt.telegraf,42,39.33,,,08a6f76bd428,08a6f76bd428-59,59,08:A6:F7:6B:D4:28,ON,13153179,1780832604859,13153183,1780832604863,13300777,1780832604789,27,2026-06-07T11:43:25.7911572Z,,oasis/bottle
,,,0,,,local.mqtt.telegraf,44,32.22,,,08a6f75abdf0,08a6f75abdf0-59,59,08:A6:F7:5A:BD:F0,ON,13153479,1780832605160,13153484,1780832605164,13253657,1780832604849,27,2026-06-07T11:43:26.0866646Z,,oasis/bottle
,,,0,,,local.mqtt.telegraf,43,43.62,,,08a6f769c348,08a6f769c348-59,59,08:A6:F7:69:C3:48,ON,13153579,1780832605259,13153584,1780832605264,13336767,1780832604709,27,2026-06-07T11:43:26.1760888Z,,oasis/bottle
,,,0,,,local.mqtt.telegraf,42,39.3,,,08a6f76bd428,08a6f76bd428-60,60,08:A6:F7:6B:D4:28,ON,13156589,1780832608269,13156593,1780832608273,13304186,1780832608198,27,2026-06-07T11:43:29.2014605Z,,oasis/bottle
,,,0,,,local.mqtt.telegraf,44,32.36,,,08a6f75abdf0,08a6f75abdf0-60,60,08:A6:F7:5A:BD:F0,ON,13156769,1780832608449,13156773,1780832608453,13256936,1780832608128,27,2026-06-07T11:43:29.3829067Z,,oasis/bottle
,,,0,,,local.mqtt.telegraf,43,43.64,,,08a6f769c348,08a6f769c348-60,60,08:A6:F7:69:C3:48,ON,13156831,1780832608511,13156836,1780832608516,13340016,1780832607958,27,2026-06-07T11:43:29.4147625Z,,oasis/bottle
,,,0,,,local.mqtt.telegraf,42,39.43,,,08a6f76bd428,08a6f76bd428-61,61,08:A6:F7:6B:D4:28,ON,13159789,1780832611469,13159793,1780832611473,13307386,1780832611398,27,2026-06-07T11:43:32.4028563Z,,oasis/bottle
,,,0,,,local.mqtt.telegraf,44,32.44,,,08a6f75abdf0,08a6f75abdf0-61,61,08:A6:F7:5A:BD:F0,ON,13159949,1780832611629,13159954,1780832611634,13260126,1780832611318,27,2026-06-07T11:43:32.5564115Z,,oasis/bottle
,,,0,,,local.mqtt.telegraf,43,43.62,,,08a6f769c348,08a6f769c348-61,61,08:A6:F7:69:C3:48,ON,13160199,1780832611879,13160203,1780832611883,13343386,1780832611328,27,2026-06-07T11:43:32.8040459Z,,oasis/bottle
,,,0,,,local.mqtt.telegraf,42,39.34,,,08a6f76bd428,08a6f76bd428-62,62,08:A6:F7:6B:D4:28,ON,13163059,1780832614739,13163063,1780832614743,13310657,1780832614668,27,2026-06-07T11:43:35.6751179Z,,oasis/bottle
,,,0,,,local.mqtt.telegraf,44,32.18,,,08a6f75abdf0,08a6f75abdf0-62,62,08:A6:F7:5A:BD:F0,ON,13163199,1780832614879,13163204,1780832614884,13263377,1780832614799,27,2026-06-07T11:43:35.8066687Z,,oasis/bottle
,,,0,,,local.mqtt.telegraf,43,43.61,,,08a6f769c348,08a6f769c348-62,62,08:A6:F7:69:C3:48,ON,13163559,1780832615239,13163563,1780832615243,13346746,1780832614908,27,2026-06-07T11:43:36.1560948Z,,oasis/bottle
,,,0,,,local.mqtt.telegraf,42,39.37,,,08a6f76bd428,08a6f76bd428-63,63,08:A6:F7:6B:D4:28,ON,13166469,1780832618149,13166474,1780832618154,13314066,1780832618077,27,2026-06-07T11:43:39.0812163Z,,oasis/bottle
,,,0,,,local.mqtt.telegraf,44,32.41,,,08a6f75abdf0,08a6f75abdf0-63,63,08:A6:F7:5A:BD:F0,ON,13166570,1780832618250,13166575,1780832618255,13266746,1780832618168,27,2026-06-07T11:43:39.1934929Z,,oasis/bottle
,,,0,,,local.mqtt.telegraf,43,43.58,,,08a6f769c348,08a6f769c348-63,63,08:A6:F7:69:C3:48,ON,13166909,1780832618589,13166913,1780832618593,13350096,1780832618258,27,2026-06-07T11:43:39.5138343Z,,oasis/bottle
,,,0,,,local.mqtt.telegraf,42,39.5,,,08a6f76bd428,08a6f76bd428-64,64,08:A6:F7:6B:D4:28,ON,13169669,1780832621349,13169673,1780832621353,13317266,1780832621277,27,2026-06-07T11:43:42.284894Z,,oasis/bottle
,,,0,,,local.mqtt.telegraf,44,32.45,,,08a6f75abdf0,08a6f75abdf0-64,64,08:A6:F7:5A:BD:F0,ON,13169929,1780832621609,13169934,1780832621614,13270106,1780832621528,27,2026-06-07T11:43:42.5382434Z,,oasis/bottle
,,,0,,,local.mqtt.telegraf,43,43.42,,,08a6f769c348,08a6f769c348-64,64,08:A6:F7:69:C3:48,ON,13170229,1780832621909,13170233,1780832621913,13353416,1780832621578,27,2026-06-07T11:43:42.8399713Z,,oasis/bottle
,,,0,,,local.mqtt.telegraf,42,39.15,,,08a6f76bd428,08a6f76bd428-65,65,08:A6:F7:6B:D4:28,ON,13172939,1780832624619,13172943,1780832624623,13320536,1780832624555,27,2026-06-07T11:43:45.5526305Z,,oasis/bottle
,,,0,,,local.mqtt.telegraf,44,32.44,,,08a6f75abdf0,08a6f75abdf0-65,65,08:A6:F7:5A:BD:F0,ON,13173279,1780832624959,13173283,1780832624963,13273447,1780832624877,27,2026-06-07T11:43:45.8903127Z,,oasis/bottle
,,,0,,,local.mqtt.telegraf,43,43.62,,,08a6f769c348,08a6f769c348-65,65,08:A6:F7:69:C3:48,ON,13173529,1780832625209,13173533,1780832625213,13356717,1780832624867,27,2026-06-07T11:43:46.1367094Z,,oasis/bottle
,,,0,,,local.mqtt.telegraf,42,39.21,,,08a6f76bd428,08a6f76bd428-66,66,08:A6:F7:6B:D4:28,ON,13176339,1780832628019,13176343,1780832628023,13323936,1780832627955,27,2026-06-07T11:43:48.962722Z,,oasis/bottle
,,,0,,,local.mqtt.telegraf,44,32.32,,,08a6f75abdf0,08a6f75abdf0-66,66,08:A6:F7:5A:BD:F0,ON,13176589,1780832628269,13176593,1780832628273,13276756,1780832628186,27,2026-06-07T11:43:49.2036543Z,,oasis/bottle
,,,0,,,local.mqtt.telegraf,43,43.36,,,08a6f769c348,08a6f769c348-66,66,08:A6:F7:69:C3:48,ON,13176729,1780832628409,13176733,1780832628413,13359916,1780832628066,27,2026-06-07T11:43:49.3382622Z,,oasis/bottle
,,,0,,,local.mqtt.telegraf,42,39.33,,,08a6f76bd428,08a6f76bd428-67,67,08:A6:F7:6B:D4:28,ON,13179529,1780832631209,13179533,1780832631213,13327126,1780832631145,27,2026-06-07T11:43:52.148085Z,,oasis/bottle
,,,0,,,local.mqtt.telegraf,44,32.26,,,08a6f75abdf0,08a6f75abdf0-67,67,08:A6:F7:5A:BD:F0,ON,13179829,1780832631510,13179834,1780832631514,13280006,1780832631436,27,2026-06-07T11:43:52.4566281Z,,oasis/bottle
,,,0,,,local.mqtt.telegraf,43,43.69,,,08a6f769c348,08a6f769c348-67,67,08:A6:F7:69:C3:48,ON,13179988,1780832631668,13179998,1780832631678,13363176,1780832631326,27,2026-06-07T11:43:52.5999595Z,,oasis/bottle
,,,0,,,local.mqtt.telegraf,42,39.33,,,08a6f76bd428,08a6f76bd428-68,68,08:A6:F7:6B:D4:28,ON,13182779,1780832634459,13182783,1780832634463,13330376,1780832634397,27,2026-06-07T11:43:55.3980739Z,,oasis/bottle
,,,0,,,local.mqtt.telegraf,44,32.26,,,08a6f75abdf0,08a6f75abdf0-68,68,08:A6:F7:5A:BD:F0,ON,13183190,1780832634870,13183194,1780832634874,13283367,1780832634779,27,2026-06-07T11:43:55.7998499Z,,oasis/bottle
,,,0,,,local.mqtt.telegraf,43,43.62,,,08a6f769c348,08a6f769c348-68,68,08:A6:F7:69:C3:48,ON,13183379,1780832635059,13183383,1780832635063,13366566,1780832634988,27,2026-06-07T11:43:55.9840853Z,,oasis/bottle
,,,0,,,local.mqtt.telegraf,43,39.3,,,08a6f76bd428,08a6f76bd428-69,69,08:A6:F7:6B:D4:28,ON,13186139,1780832637819,13186143,1780832637823,13333736,1780832637757,27,2026-06-07T11:43:58.756763Z,,oasis/bottle
,,,0,,,local.mqtt.telegraf,44,32.25,,,08a6f75abdf0,08a6f75abdf0-69,69,08:A6:F7:5A:BD:F0,ON,13186540,1780832638220,13186545,1780832638225,13286716,1780832638128,27,2026-06-07T11:43:59.1505832Z,,oasis/bottle
,,,0,,,local.mqtt.telegraf,43,43.7,,,08a6f769c348,08a6f769c348-69,69,08:A6:F7:69:C3:48,ON,13186779,1780832638459,13186783,1780832638463,13369966,1780832638388,27,2026-06-07T11:43:59.3820074Z,,oasis/bottle
,,,0,,,local.mqtt.telegraf,43,39.34,,,08a6f76bd428,08a6f76bd428-70,70,08:A6:F7:6B:D4:28,ON,13189489,1780832641169,13189493,1780832641173,13337086,1780832641107,27,2026-06-07T11:44:02.1003813Z,,oasis/bottle
,,,0,,,local.mqtt.telegraf,44,32.3,,,08a6f75abdf0,08a6f75abdf0-70,70,08:A6:F7:5A:BD:F0,ON,13189859,1780832641539,13189864,1780832641544,13290036,1780832641448,27,2026-06-07T11:44:02.4753652Z,,oasis/bottle
,,,0,,,local.mqtt.telegraf,43,43.54,,,08a6f769c348,08a6f769c348-70,70,08:A6:F7:69:C3:48,ON,13189969,1780832641649,13189974,1780832641654,13373156,1780832641578,27,2026-06-07T11:44:02.5919553Z,,oasis/bottle
,,,0,,,local.mqtt.telegraf,42,39.29,,,08a6f76bd428,08a6f76bd428-71,71,08:A6:F7:6B:D4:28,ON,13192819,1780832644499,13192823,1780832644503,13340417,1780832644428,27,2026-06-07T11:44:05.4397887Z,,oasis/bottle
,,,0,,,local.mqtt.telegraf,44,32.32,,,08a6f75abdf0,08a6f75abdf0-71,71,08:A6:F7:5A:BD:F0,ON,13193129,1780832644809,13193134,1780832644814,13293307,1780832644739,27,2026-06-07T11:44:05.7379852Z,,oasis/bottle
,,,0,,,local.mqtt.telegraf,43,43.56,,,08a6f769c348,08a6f769c348-71,71,08:A6:F7:69:C3:48,ON,13193219,1780832644899,13193223,1780832644903,13376407,1780832644829,27,2026-06-07T11:44:05.8287168Z,,oasis/bottle
,,,0,,,local.mqtt.telegraf,42,39.33,,,08a6f76bd428,08a6f76bd428-72,72,08:A6:F7:6B:D4:28,ON,13196099,1780832647779,13196103,1780832647783,13343696,1780832647707,27,2026-06-07T11:44:08.7247135Z,,oasis/bottle
,,,0,,,local.mqtt.telegraf,44,32.23,,,08a6f75abdf0,08a6f75abdf0-72,72,08:A6:F7:5A:BD:F0,ON,13196539,1780832648220,13196544,1780832648224,13296716,1780832648148,27,2026-06-07T11:44:09.140008Z,,oasis/bottle
,,,0,,,local.mqtt.telegraf,43,43.54,,,08a6f769c348,08a6f769c348-72,72,08:A6:F7:69:C3:48,ON,13196579,1780832648259,13196584,1780832648264,13379766,1780832648188,27,2026-06-07T11:44:09.1875273Z,,oasis/bottle
,,,0,,,local.mqtt.telegraf,42,39.33,,,08a6f76bd428,08a6f76bd428-73,73,08:A6:F7:6B:D4:28,ON,13199289,1780832650969,13199293,1780832650973,13346886,1780832650897,27,2026-06-07T11:44:11.9168323Z,,oasis/bottle
,,,0,,,local.mqtt.telegraf,44,32.17,,,08a6f75abdf0,08a6f75abdf0-73,73,08:A6:F7:5A:BD:F0,ON,13199739,1780832651420,13199744,1780832651424,13299916,1780832651348,27,2026-06-07T11:44:12.3739018Z,,oasis/bottle
,,,0,,,local.mqtt.telegraf,43,43.37,,,08a6f769c348,08a6f769c348-73,73,08:A6:F7:69:C3:48,ON,13199929,1780832651609,13199933,1780832651613,13383116,1780832651538,27,2026-06-07T11:44:12.5363187Z,,oasis/bottle
,,,0,,,local.mqtt.telegraf,42,39.35,,,08a6f76bd428,08a6f76bd428-74,74,08:A6:F7:6B:D4:28,ON,13202529,1780832654209,13202533,1780832654213,13350127,1780832654127,27,2026-06-07T11:44:15.1410823Z,,oasis/bottle
,,,0,,,local.mqtt.telegraf,44,32.21,,,08a6f75abdf0,08a6f75abdf0-74,74,08:A6:F7:5A:BD:F0,ON,13203009,1780832654690,13203014,1780832654694,13303187,1780832654597,27,2026-06-07T11:44:15.6234299Z,,oasis/bottle
,,,0,,,local.mqtt.telegraf,43,43.64,,,08a6f769c348,08a6f769c348-74,74,08:A6:F7:69:C3:48,ON,13203249,1780832654929,13203253,1780832654933,13386437,1780832654838,27,2026-06-07T11:44:15.856878Z,,oasis/bottle
,,,0,,,local.mqtt.telegraf,42,39.33,,,08a6f76bd428,08a6f76bd428-75,75,08:A6:F7:6B:D4:28,ON,13205889,1780832657569,13205893,1780832657573,13353486,1780832657486,27,2026-06-07T11:44:18.5030129Z,,oasis/bottle
,,,0,,,local.mqtt.telegraf,44,32.22,,,08a6f75abdf0,08a6f75abdf0-75,75,08:A6:F7:5A:BD:F0,ON,13206419,1780832658099,13206424,1780832658104,13306596,1780832658006,27,2026-06-07T11:44:19.0300813Z,,oasis/bottle
,,,0,,,local.mqtt.telegraf,43,43.38,,,08a6f769c348,08a6f769c348-75,75,08:A6:F7:69:C3:48,ON,13206520,1780832658200,13206524,1780832658204,13389707,1780832658108,27,2026-06-07T11:44:19.12641Z,,oasis/bottle
,,,0,,,local.mqtt.telegraf,42,39.25,,,08a6f76bd428,08a6f76bd428-76,76,08:A6:F7:6B:D4:28,ON,13209229,1780832660909,13209233,1780832660913,13356826,1780832660826,27,2026-06-07T11:44:21.8608216Z,,oasis/bottle
,,,0,,,local.mqtt.telegraf,44,32.36,,,08a6f75abdf0,08a6f75abdf0-76,76,08:A6:F7:5A:BD:F0,ON,13209619,1780832661300,13209624,1780832661304,13309796,1780832661206,27,2026-06-07T11:44:22.2445745Z,,oasis/bottle
,,,0,,,local.mqtt.telegraf,43,43.4,,,08a6f769c348,08a6f769c348-76,76,08:A6:F7:69:C3:48,ON,13209692,1780832661372,13209697,1780832661377,13392877,1780832661278,27,2026-06-07T11:44:22.2753711Z,,oasis/bottle
,,,0,,,local.mqtt.telegraf,42,39.26,,,08a6f76bd428,08a6f76bd428-77,77,08:A6:F7:6B:D4:28,ON,13212529,1780832664209,13212533,1780832664213,13360127,1780832664148,27,2026-06-07T11:44:25.1356875Z,,oasis/bottle
,,,0,,,local.mqtt.telegraf,44,32.18,,,08a6f75abdf0,08a6f75abdf0-77,77,08:A6:F7:5A:BD:F0,ON,13212914,1780832664594,13212919,1780832664599,13313066,1780832664498,27,2026-06-07T11:44:25.5161536Z,,oasis/bottle
,,,0,,,local.mqtt.telegraf,42,39.14,,,08a6f76bd428,08a6f76bd428-78,78,08:A6:F7:6B:D4:28,ON,13215759,1780832667439,13215763,1780832667443,13363356,1780832667377,27,2026-06-07T11:44:28.3773085Z,,oasis/bottle
,,,0,,,local.mqtt.telegraf,43,43.42,,,08a6f769c348,08a6f769c348-78,78,08:A6:F7:69:C3:48,ON,13216159,1780832667839,13216163,1780832667843,13399347,1780832667769,27,2026-06-07T11:44:28.7618273Z,,oasis/bottle
,,,0,,,local.mqtt.telegraf,44,32.22,,,08a6f75abdf0,08a6f75abdf0-78,78,08:A6:F7:5A:BD:F0,ON,13216309,1780832667990,13216314,1780832667994,13316476,1780832667908,27,2026-06-07T11:44:28.9225182Z,,oasis/bottle
,,,0,,,local.mqtt.telegraf,42,39.26,,,08a6f76bd428,08a6f76bd428-79,79,08:A6:F7:6B:D4:28,ON,13219089,1780832670769,13219093,1780832670773,13366686,1780832670707,27,2026-06-07T11:44:31.7035213Z,,oasis/bottle
,,,0,,,local.mqtt.telegraf,44,32.25,,,08a6f75abdf0,08a6f75abdf0-79,79,08:A6:F7:5A:BD:F0,ON,13219499,1780832671179,13219504,1780832671184,13319676,1780832671108,27,2026-06-07T11:44:32.1031106Z,,oasis/bottle
,,,0,,,local.mqtt.telegraf,43,43.46,,,08a6f769c348,08a6f769c348-79,79,08:A6:F7:69:C3:48,ON,13219569,1780832671249,13219573,1780832671253,13402756,1780832671178,27,2026-06-07T11:44:32.150865Z,,oasis/bottle
,,,0,,,local.mqtt.telegraf,42,39.21,,,08a6f76bd428,08a6f76bd428-80,80,08:A6:F7:6B:D4:28,ON,13222369,1780832674049,13222373,1780832674053,13369966,1780832673987,27,2026-06-07T11:44:34.9861871Z,,oasis/bottle
,,,0,,,local.mqtt.telegraf,44,32.25,,,08a6f75abdf0,08a6f75abdf0-80,80,08:A6:F7:5A:BD:F0,ON,13222798,1780832674478,13222802,1780832674482,13322957,1780832674377,27,2026-06-07T11:44:35.3842862Z,,oasis/bottle
,,,0,,,local.mqtt.telegraf,42,39.31,,,08a6f76bd428,08a6f76bd428-81,81,08:A6:F7:6B:D4:28,ON,13225559,1780832677239,13225564,1780832677244,13373156,1780832674955,27,2026-06-07T11:44:38.2118668Z,,oasis/bottle
,,,0,,,local.mqtt.telegraf,44,32.22,,,08a6f75abdf0,08a6f75abdf0-81,81,08:A6:F7:5A:BD:F0,ON,13225959,1780832677640,13225964,1780832677644,13326136,1780832677556,27,2026-06-07T11:44:38.5894495Z,,oasis/bottle
,,,0,,,local.mqtt.telegraf,43,43.62,,,08a6f769c348,08a6f769c348-81,81,08:A6:F7:69:C3:48,ON,13226039,1780832677719,13226044,1780832677724,13409227,1780832677647,27,2026-06-07T11:44:38.634931Z,,oasis/bottle
,,,0,,,local.mqtt.telegraf,42,39.47,,,08a6f76bd428,08a6f76bd428-82,82,08:A6:F7:6B:D4:28,ON,13228809,1780832680489,13228813,1780832680493,13376406,1780832678205,27,2026-06-07T11:44:41.4307115Z,,oasis/bottle
,,,0,,,local.mqtt.telegraf,44,32.27,,,08a6f75abdf0,08a6f75abdf0-82,82,08:A6:F7:5A:BD:F0,ON,13229189,1780832680869,13229193,1780832680873,13329356,1780832680776,27,2026-06-07T11:44:41.8023181Z,,oasis/bottle
,,,0,,,local.mqtt.telegraf,43,43.61,,,08a6f769c348,08a6f769c348-82,82,08:A6:F7:69:C3:48,ON,13229449,1780832681129,13229454,1780832681134,13412636,1780832681056,27,2026-06-07T11:44:42.0430128Z,,oasis/bottle
,,,0,,,local.mqtt.telegraf,42,39.3,,,08a6f76bd428,08a6f76bd428-83,83,08:A6:F7:6B:D4:28,ON,13232169,1780832683849,13232173,1780832683853,13379766,1780832681565,27,2026-06-07T11:44:44.7733258Z,,oasis/bottle
,,,0,,,local.mqtt.telegraf,44,32.3,,,08a6f75abdf0,08a6f75abdf0-83,83,08:A6:F7:5A:BD:F0,ON,13232499,1780832684179,13232503,1780832684183,13332667,1780832684087,27,2026-06-07T11:44:45.1082092Z,,oasis/bottle
,,,0,,,local.mqtt.telegraf,43,43.5,,,08a6f769c348,08a6f769c348-83,83,08:A6:F7:69:C3:48,ON,13232649,1780832684329,13232653,1780832684333,13415837,1780832684258,27,2026-06-07T11:44:45.264433Z,,oasis/bottle
,,,0,,,local.mqtt.telegraf,42,39.25,,,08a6f76bd428,08a6f76bd428-84,84,08:A6:F7:6B:D4:28,ON,13235519,1780832687199,13235523,1780832687203,13383116,1780832685147,27,2026-06-07T11:44:48.134946Z,,oasis/bottle
,,,0,,,local.mqtt.telegraf,44,32.26,,,08a6f75abdf0,08a6f75abdf0-84,84,08:A6:F7:5A:BD:F0,ON,13235739,1780832687419,13235744,1780832687424,13335916,1780832687336,27,2026-06-07T11:44:48.3520764Z,,oasis/bottle
,,,0,,,local.mqtt.telegraf,43,43.65,,,08a6f769c348,08a6f769c348-84,84,08:A6:F7:69:C3:48,ON,13235919,1780832687599,13235923,1780832687603,13419107,1780832687528,27,2026-06-07T11:44:48.5331299Z,,oasis/bottle
,,,0,,,local.mqtt.telegraf,42,39.31,,,08a6f76bd428,08a6f76bd428-85,85,08:A6:F7:6B:D4:28,ON,13238839,1780832690519,13238843,1780832690523,13386436,1780832688467,27,2026-06-07T11:44:51.452484Z,,oasis/bottle
,,,0,,,local.mqtt.telegraf,44,32.25,,,08a6f75abdf0,08a6f75abdf0-85,85,08:A6:F7:5A:BD:F0,ON,13239099,1780832690779,13239104,1780832690784,13339276,1780832690696,27,2026-06-07T11:44:51.7110322Z,,oasis/bottle
,,,0,,,local.mqtt.telegraf,43,43.6,,,08a6f769c348,08a6f769c348-85,85,08:A6:F7:69:C3:48,ON,13239329,1780832691009,13239334,1780832691014,13422517,1780832690938,27,2026-06-07T11:44:51.9437135Z,,oasis/bottle
,,,0,,,local.mqtt.telegraf,42,39.1,,,08a6f76bd428,08a6f76bd428-86,86,08:A6:F7:6B:D4:28,ON,13242109,1780832693789,13242113,1780832693793,13389707,1780832691738,27,2026-06-07T11:44:54.728862Z,,oasis/bottle
,,,0,,,local.mqtt.telegraf,44,32.27,,,08a6f75abdf0,08a6f75abdf0-86,86,08:A6:F7:5A:BD:F0,ON,13242450,1780832694130,13242455,1780832694135,13342626,1780832694046,27,2026-06-07T11:44:55.0473621Z,,oasis/bottle
,,,0,,,local.mqtt.telegraf,43,43.61,,,08a6f769c348,08a6f769c348-86,86,08:A6:F7:69:C3:48,ON,13242560,1780832694240,13242564,1780832694244,13425748,1780832694170,27,2026-06-07T11:44:55.1710404Z,,oasis/bottle
,,,0,,,local.mqtt.telegraf,42,39.26,,,08a6f76bd428,08a6f76bd428-87,87,08:A6:F7:6B:D4:28,ON,13245519,1780832697199,13245523,1780832697203,13393116,1780832695248,27,2026-06-07T11:44:58.1362186Z,,oasis/bottle
,,,0,,,local.mqtt.telegraf,44,32.3,,,08a6f75abdf0,08a6f75abdf0-87,87,08:A6:F7:5A:BD:F0,ON,13245769,1780832697449,13245774,1780832697454,13345946,1780832695158,27,2026-06-07T11:44:58.3736084Z,,oasis/bottle
,,,0,,,local.mqtt.telegraf,43,43.42,,,08a6f769c348,08a6f769c348-87,87,08:A6:F7:69:C3:48,ON,13245859,1780832697539,13245863,1780832697543,13429046,1780832697468,27,2026-06-07T11:44:58.4689561Z,,oasis/bottle
,,,0,,,local.mqtt.telegraf,42,39.23,,,08a6f76bd428,08a6f76bd428-88,88,08:A6:F7:6B:D4:28,ON,13248719,1780832700399,13248723,1780832700403,13396316,1780832698448,27,2026-06-07T11:45:01.3378668Z,,oasis/bottle
,,,0,,,local.mqtt.telegraf,44,32.41,,,08a6f75abdf0,08a6f75abdf0-88,88,08:A6:F7:5A:BD:F0,ON,13249039,1780832700720,13249044,1780832700724,13349217,1780832698429,27,2026-06-07T11:45:01.6554248Z,,oasis/bottle
,,,0,,,local.mqtt.telegraf,43,43.5,,,08a6f769c348,08a6f769c348-88,88,08:A6:F7:69:C3:48,ON,13249078,1780832700759,13249083,1780832700763,13432266,1780832700688,27,2026-06-07T11:45:01.7030641Z,,oasis/bottle
,,,0,,,local.mqtt.telegraf,42,39.46,,,08a6f76bd428,08a6f76bd428-89,89,08:A6:F7:6B:D4:28,ON,13251989,1780832703669,13251993,1780832703673,13399587,1780832701719,27,2026-06-07T11:45:04.6009771Z,,oasis/bottle
,,,0,,,local.mqtt.telegraf,43,43.62,,,08a6f769c348,08a6f769c348-89,89,08:A6:F7:69:C3:48,ON,13252389,1780832704069,13252394,1780832704074,13435576,1780832703998,27,2026-06-07T11:45:05.0021613Z,,oasis/bottle
,,,0,,,local.mqtt.telegraf,44,32.17,,,08a6f75abdf0,08a6f75abdf0-89,89,08:A6:F7:5A:BD:F0,ON,13252450,1780832704130,13252455,1780832704135,13352626,1780832701838,27,2026-06-07T11:45:05.0441871Z,,oasis/bottle
,,,0,,,local.mqtt.telegraf,42,39.33,,,08a6f76bd428,08a6f76bd428-90,90,08:A6:F7:6B:D4:28,ON,13255399,1780832707079,13255403,1780832707083,13402996,1780832705277,27,2026-06-07T11:45:07.9980056Z,,oasis/bottle
,,,0,,,local.mqtt.telegraf,44,32.29,,,08a6f75abdf0,08a6f75abdf0-90,90,08:A6:F7:5A:BD:F0,ON,13255668,1780832707348,13255672,1780832707352,13355827,1780832705069,27,2026-06-07T11:45:08.251974Z,,oasis/bottle
,,,0,,,local.mqtt.telegraf,42,39.35,,,08a6f76bd428,08a6f76bd428-91,91,08:A6:F7:6B:D4:28,ON,13258599,1780832710279,13258603,1780832710283,13406196,1780832708477,27,2026-06-07T11:45:11.2145624Z,,oasis/bottle
,,,0,,,local.mqtt.telegraf,44,32.03,,,08a6f75abdf0,08a6f75abdf0-91,91,08:A6:F7:5A:BD:F0,ON,13258919,1780832710600,13258924,1780832710604,13359097,1780832708339,27,2026-06-07T11:45:11.5168352Z,,oasis/bottle
,,,0,,,local.mqtt.telegraf,43,43.54,,,08a6f769c348,08a6f769c348-91,91,08:A6:F7:69:C3:48,ON,13259009,1780832710689,13259013,1780832710693,13442196,1780832708488,27,2026-06-07T11:45:11.6281508Z,,oasis/bottle
,,,0,,,local.mqtt.telegraf,42,39.29,,,08a6f76bd428,08a6f76bd428-92,92,08:A6:F7:6B:D4:28,ON,13261869,1780832713549,13261873,1780832713553,13409467,1780832711748,27,2026-06-07T11:45:14.4922293Z,,oasis/bottle
,,,0,,,local.mqtt.telegraf,44,32.22,,,08a6f75abdf0,08a6f75abdf0-92,92,08:A6:F7:5A:BD:F0,ON,13262320,1780832714000,13262325,1780832714005,13362496,1780832711738,27,2026-06-07T11:45:14.9248557Z,,oasis/bottle
,,,0,,,local.mqtt.telegraf,43,43.58,,,08a6f769c348,08a6f769c348-92,92,08:A6:F7:69:C3:48,ON,13262369,1780832714049,13262377,1780832714057,13445556,1780832711848,27,2026-06-07T11:45:14.9654287Z,,oasis/bottle
,,,0,,,local.mqtt.telegraf,42,39.29,,,08a6f76bd428,08a6f76bd428-93,93,08:A6:F7:6B:D4:28,ON,13265279,1780832716959,13265283,1780832716963,13412876,1780832715298,27,2026-06-07T11:45:17.8900825Z,,oasis/bottle
,,,0,,,local.mqtt.telegraf,44,32.19,,,08a6f75abdf0,08a6f75abdf0-93,93,08:A6:F7:5A:BD:F0,ON,13265509,1780832717189,13265514,1780832717194,13365686,1780832715078,27,2026-06-07T11:45:18.1147806Z,,oasis/bottle
,,,0,,,local.mqtt.telegraf,43,43.48,,,08a6f769c348,08a6f769c348-93,93,08:A6:F7:69:C3:48,ON,13265719,1780832717399,13265723,1780832717403,13448907,1780832715239,27,2026-06-07T11:45:18.3216606Z,,oasis/bottle
,,,0,,,local.mqtt.telegraf,42,39.35,,,08a6f76bd428,08a6f76bd428-94,94,08:A6:F7:6B:D4:28,ON,13268479,1780832720159,13268483,1780832720163,13416076,1780832718498,27,2026-06-07T11:45:21.0932052Z,,oasis/bottle
,,,0,,,local.mqtt.telegraf,44,32.25,,,08a6f75abdf0,08a6f75abdf0-94,94,08:A6:F7:5A:BD:F0,ON,13268759,1780832720440,13268764,1780832720444,13368936,1780832718328,27,2026-06-07T11:45:21.3683684Z,,oasis/bottle
,,,0,,,local.mqtt.telegraf,43,43.62,,,08a6f769c348,08a6f769c348-94,94,08:A6:F7:69:C3:48,ON,13269039,1780832720719,13269043,1780832720723,13452226,1780832718558,27,2026-06-07T11:45:21.6562409Z,,oasis/bottle
,,,0,,,local.mqtt.telegraf,42,39.14,,,08a6f76bd428,08a6f76bd428-95,95,08:A6:F7:6B:D4:28,ON,13271749,1780832723429,13271753,1780832723433,13419346,1780832721768,27,2026-06-07T11:45:24.3602939Z,,oasis/bottle
,,,0,,,local.mqtt.telegraf,44,32.27,,,08a6f75abdf0,08a6f75abdf0-95,95,08:A6:F7:5A:BD:F0,ON,13272120,1780832723800,13272132,1780832723812,13372296,1780832721688,27,2026-06-07T11:45:24.7272439Z,,oasis/bottle
,,,0,,,local.mqtt.telegraf,43,43.64,,,08a6f769c348,08a6f769c348-95,95,08:A6:F7:69:C3:48,ON,13272309,1780832723990,13272315,1780832723995,13455496,1780832721828,27,2026-06-07T11:45:24.9192478Z,,oasis/bottle
,,,0,,,local.mqtt.telegraf,42,39.22,,,08a6f76bd428,08a6f76bd428-96,96,08:A6:F7:6B:D4:28,ON,13275159,1780832726839,13275163,1780832726843,13422756,1780832725328,27,2026-06-07T11:45:27.7727687Z,,oasis/bottle
,,,0,,,local.mqtt.telegraf,43,32.07,,,08a6f75abdf0,08a6f75abdf0-96,96,08:A6:F7:5A:BD:F0,ON,13275469,1780832727149,13275474,1780832727154,13375647,1780832725269,27,2026-06-07T11:45:28.0642884Z,,oasis/bottle
,,,0,,,local.mqtt.telegraf,43,43.41,,,08a6f769c348,08a6f769c348-96,96,08:A6:F7:69:C3:48,ON,13275709,1780832727389,13275713,1780832727393,13458897,1780832725319,27,2026-06-07T11:45:28.3197872Z,,oasis/bottle
,,,0,,,local.mqtt.telegraf,42,39.21,,,08a6f76bd428,08a6f76bd428-97,97,08:A6:F7:6B:D4:28,ON,13278359,1780832730039,13278363,1780832730043,13425956,1780832728528,27,2026-06-07T11:45:30.9804032Z,,oasis/bottle
,,,0,,,local.mqtt.telegraf,44,32.15,,,08a6f75abdf0,08a6f75abdf0-97,97,08:A6:F7:5A:BD:F0,ON,13278799,1780832730480,13278804,1780832730484,13378976,1780832728598,27,2026-06-07T11:45:31.3929232Z,,oasis/bottle
,,,0,,,local.mqtt.telegraf,43,43.29,,,08a6f769c348,08a6f769c348-97,97,08:A6:F7:69:C3:48,ON,13278899,1780832730579,13278904,1780832730584,13462086,1780832728508,27,2026-06-07T11:45:31.5042605Z,,oasis/bottle
,,,0,,,local.mqtt.telegraf,42,39.34,,,08a6f76bd428,08a6f76bd428-98,98,08:A6:F7:6B:D4:28,ON,13281629,1780832733309,13281633,1780832733313,13429226,1780832731798,27,2026-06-07T11:45:34.2410395Z,,oasis/bottle
,,,0,,,local.mqtt.telegraf,44,32.17,,,08a6f75abdf0,08a6f75abdf0-98,98,08:A6:F7:5A:BD:F0,ON,13282080,1780832733760,13282085,1780832733765,13382256,1780832731878,27,2026-06-07T11:45:34.6867821Z,,oasis/bottle
,,,0,,,local.mqtt.telegraf,43,43.6,,,08a6f769c348,08a6f769c348-98,98,08:A6:F7:69:C3:48,ON,13282149,1780832733829,13282154,1780832733834,13465336,1780832731758,27,2026-06-07T11:45:34.7216251Z,,oasis/bottle
,,,0,,,local.mqtt.telegraf,42,39.27,,,08a6f76bd428,08a6f76bd428-99,99,08:A6:F7:6B:D4:28,ON,13285029,1780832736709,13285033,1780832736713,13432626,1780832735349,27,2026-06-07T11:45:37.6389701Z,,oasis/bottle
,,,0,,,local.mqtt.telegraf,44,32.14,,,08a6f75abdf0,08a6f75abdf0-99,99,08:A6:F7:5A:BD:F0,ON,13285269,1780832736950,13285274,1780832736954,13385446,1780832735139,27,2026-06-07T11:45:37.8621792Z,,oasis/bottle
,,,0,,,local.mqtt.telegraf,43,43.53,,,08a6f769c348,08a6f769c348-99,99,08:A6:F7:69:C3:48,ON,13285509,1780832737189,13285513,1780832737193,13468697,1780832735310,27,2026-06-07T11:45:38.1175826Z,,oasis/bottle
,,,0,,,local.mqtt.telegraf,42,39.33,,,08a6f76bd428,08a6f76bd428-100,100,08:A6:F7:6B:D4:28,ON,13288219,1780832739899,13288223,1780832739903,13435816,1780832738539,27,2026-06-07T11:45:40.83744Z,,oasis/bottle
,,,0,,,local.mqtt.telegraf,43,32.25,,,08a6f75abdf0,08a6f75abdf0-100,100,08:A6:F7:5A:BD:F0,ON,13288509,1780832740189,13288514,1780832740194,13388687,1780832738380,27,2026-06-07T11:45:41.1108886Z,,oasis/bottle
,,,0,,,local.mqtt.telegraf,43,43.62,,,08a6f769c348,08a6f769c348-100,100,08:A6:F7:69:C3:48,ON,13288859,1780832740539,13288863,1780832740543,13472046,1780832738659,27,2026-06-07T11:45:41.4767224Z,,oasis/bottle
,,,0,,,local.mqtt.telegraf,42,39.3,,,08a6f76bd428,08a6f76bd428-101,101,08:A6:F7:6B:D4:28,ON,13291469,1780832743149,13291473,1780832743153,13439066,1780832741789,27,2026-06-07T11:45:44.0917513Z,,oasis/bottle
,,,0,,,local.mqtt.telegraf,43,32.1,,,08a6f75abdf0,08a6f75abdf0-101,101,08:A6:F7:5A:BD:F0,ON,13291860,1780832743540,13291864,1780832743544,13392037,1780832741730,27,2026-06-07T11:45:44.4713712Z,,oasis/bottle
,,,0,,,local.mqtt.telegraf,43,43.49,,,08a6f769c348,08a6f769c348-101,101,08:A6:F7:69:C3:48,ON,13292189,1780832743869,13292194,1780832743874,13475377,1780832741990,27,2026-06-07T11:45:44.7900642Z,,oasis/bottle
,,,0,,,local.mqtt.telegraf,42,39.21,,,08a6f76bd428,08a6f76bd428-102,102,08:A6:F7:6B:D4:28,ON,13294829,1780832746509,13294833,1780832746513,13442426,1780832745338,27,2026-06-07T11:45:47.4448672Z,,oasis/bottle
,,,0,,,local.mqtt.telegraf,43,32.26,,,08a6f75abdf0,08a6f75abdf0-102,102,08:A6:F7:5A:BD:F0,ON,13295190,1780832746870,13295195,1780832746875,13395367,1780832745309,27,2026-06-07T11:45:47.8213447Z,,oasis/bottle
,,,0,,,local.mqtt.telegraf,43,43.53,,,08a6f769c348,08a6f769c348-102,102,08:A6:F7:69:C3:48,ON,13295479,1780832747159,13295483,1780832747163,13478667,1780832745269,27,2026-06-07T11:45:48.0776284Z,,oasis/bottle
,,,0,,,local.mqtt.telegraf,42,39.45,,,08a6f76bd428,08a6f76bd428-103,103,08:A6:F7:6B:D4:28,ON,13298179,1780832749859,13298183,1780832749863,13445776,1780832748688,27,2026-06-07T11:45:50.7895389Z,,oasis/bottle
,,,0,,,local.mqtt.telegraf,44,32.06,,,08a6f75abdf0,08a6f75abdf0-103,103,08:A6:F7:5A:BD:F0,ON,13298479,1780832750159,13298483,1780832750163,13398646,1780832748588,27,2026-06-07T11:45:51.1006484Z,,oasis/bottle
,,,0,,,local.mqtt.telegraf,43,43.45,,,08a6f769c348,08a6f769c348-103,103,08:A6:F7:69:C3:48,ON,13298679,1780832750359,13298683,1780832750364,13481866,1780832748468,27,2026-06-07T11:45:51.2848434Z,,oasis/bottle
,,,0,,,local.mqtt.telegraf,42,39.23,,,08a6f76bd428,08a6f76bd428-104,104,08:A6:F7:6B:D4:28,ON,13301509,1780832753189,13301513,1780832753193,13449106,1780832752018,27,2026-06-07T11:45:54.1224416Z,,oasis/bottle
,,,0,,,local.mqtt.telegraf,43,32.22,,,08a6f75abdf0,08a6f75abdf0-104,104,08:A6:F7:5A:BD:F0,ON,13301660,1780832753340,13301664,1780832753344,13401837,1780832751779,27,2026-06-07T11:45:54.2645962Z,,oasis/bottle
,,,0,,,local.mqtt.telegraf,43,43.7,,,08a6f769c348,08a6f769c348-104,104,08:A6:F7:69:C3:48,ON,13301939,1780832753619,13301943,1780832753623,13485126,1780832751728,27,2026-06-07T11:45:54.55196Z,,oasis/bottle
,,,0,,,local.mqtt.telegraf,42,39.19,,,08a6f76bd428,08a6f76bd428-105,105,08:A6:F7:6B:D4:28,ON,13304789,1780832756469,13304793,1780832756473,13452386,1780832755278,27,2026-06-07T11:45:57.3941759Z,,oasis/bottle
,,,0,,,local.mqtt.telegraf,44,32.1,,,08a6f75abdf0,08a6f75abdf0-105,105,08:A6:F7:5A:BD:F0,ON,13304909,1780832756589,13304914,1780832756594,13405086,1780832755248,27,2026-06-07T11:45:57.5139703Z,,oasis/bottle
,,,0,,,local.mqtt.telegraf,43,43.53,,,08a6f769c348,08a6f769c348-105,105,08:A6:F7:69:C3:48,ON,13305329,1780832757009,13305334,1780832757014,13488517,1780832755389,27,2026-06-07T11:45:57.9292199Z,,oasis/bottle
,,,0,,,local.mqtt.telegraf,42,39.15,,,08a6f76bd428,08a6f76bd428-106,106,08:A6:F7:6B:D4:28,ON,13307979,1780832759659,13307983,1780832759663,13455576,1780832758468,27,2026-06-07T11:46:00.6103979Z,,oasis/bottle
,,,0,,,local.mqtt.telegraf,44,32.23,,,08a6f75abdf0,08a6f75abdf0-106,106,08:A6:F7:5A:BD:F0,ON,13308279,1780832759959,13308283,1780832759963,13408446,1780832758608,27,2026-06-07T11:46:00.8934058Z,,oasis/bottle
,,,0,,,local.mqtt.telegraf,43,43.29,,,08a6f769c348,08a6f769c348-106,106,08:A6:F7:69:C3:48,ON,13308739,1780832760419,13308743,1780832760423,13491927,1780832758799,27,2026-06-07T11:46:01.3541721Z,,oasis/bottle
,,,0,,,local.mqtt.telegraf,42,39.15,,,08a6f76bd428,08a6f76bd428-107,107,08:A6:F7:6B:D4:28,ON,13311219,1780832762899,13311223,1780832762903,13458816,1780832761708,27,2026-06-07T11:46:03.8289699Z,,oasis/bottle
,,,0,,,local.mqtt.telegraf,43,32.25,,,08a6f75abdf0,08a6f75abdf0-107,107,08:A6:F7:5A:BD:F0,ON,13311620,1780832763300,13311624,1780832763304,13411797,1780832761959,27,2026-06-07T11:46:04.2271129Z,,oasis/bottle
,,,0,,,local.mqtt.telegraf,43,43.53,,,08a6f769c348,08a6f769c348-107,107,08:A6:F7:69:C3:48,ON,13311939,1780832763619,13311943,1780832763623,13495127,1780832761999,27,2026-06-07T11:46:04.5438787Z,,oasis/bottle
,,,0,,,local.mqtt.telegraf,42,39.38,,,08a6f76bd428,08a6f76bd428-108,108,08:A6:F7:6B:D4:28,ON,13314569,1780832766249,13314573,1780832766253,13462166,1780832765367,27,2026-06-07T11:46:07.1745367Z,,oasis/bottle
,,,0,,,local.mqtt.telegraf,44,32.23,,,08a6f75abdf0,08a6f75abdf0-108,108,08:A6:F7:5A:BD:F0,ON,13314949,1780832766629,13314953,1780832766633,13415117,1780832765339,27,2026-06-07T11:46:07.5502904Z,,oasis/bottle
,,,0,,,local.mqtt.telegraf,43,43.49,,,08a6f769c348,08a6f769c348-108,108,08:A6:F7:69:C3:48,ON,13315209,1780832766890,13315214,1780832766894,13498397,1780832765289,27,2026-06-07T11:46:07.8064293Z,,oasis/bottle
,,,0,,,local.mqtt.telegraf,42,39.26,,,08a6f76bd428,08a6f76bd428-109,109,08:A6:F7:6B:D4:28,ON,13317899,1780832769579,13317903,1780832769583,13465496,1780832768697,27,2026-06-07T11:46:10.5142002Z,,oasis/bottle
,,,0,,,local.mqtt.telegraf,44,32.29,,,08a6f75abdf0,08a6f75abdf0-109,109,08:A6:F7:5A:BD:F0,ON,13318209,1780832769890,13318214,1780832769894,13418387,1780832768609,27,2026-06-07T11:46:10.8167188Z,,oasis/bottle
,,,0,,,local.mqtt.telegraf,43,43.44,,,08a6f769c348,08a6f769c348-109,109,08:A6:F7:69:C3:48,ON,13318379,1780832770059,13318391,1780832770071,13501567,1780832768459,27,2026-06-07T11:46:10.992966Z,,oasis/bottle
,,,0,,,local.mqtt.telegraf,42,39.3,,,08a6f76bd428,08a6f76bd428-110,110,08:A6:F7:6B:D4:28,ON,13321179,1780832772859,13321183,1780832772863,13468776,1780832771977,27,2026-06-07T11:46:13.7863597Z,,oasis/bottle
,,,0,,,local.mqtt.telegraf,44,32.22,,,08a6f75abdf0,08a6f75abdf0-110,110,08:A6:F7:5A:BD:F0,ON,13321628,1780832773308,13321632,1780832773312,13421796,1780832772018,27,2026-06-07T11:46:14.2247685Z,,oasis/bottle
,,,0,,,local.mqtt.telegraf,42,39.22,,,08a6f76bd428,08a6f76bd428-111,111,08:A6:F7:6B:D4:28,ON,13324369,1780832776049,13324373,1780832776053,13471966,1780832775237,27,2026-06-07T11:46:16.9848503Z,,oasis/bottle
,,,0,,,local.mqtt.telegraf,44,32.07,,,08a6f75abdf0,08a6f75abdf0-111,111,08:A6:F7:5A:BD:F0,ON,13324829,1780832776510,13324834,1780832776514,13425007,1780832775248,27,2026-06-07T11:46:17.4474114Z,,oasis/bottle
,,,0,,,local.mqtt.telegraf,43,43.53,,,08a6f769c348,08a6f769c348-111,111,08:A6:F7:69:C3:48,ON,13324891,1780832776572,13324897,1780832776577,13508077,1780832775338,27,2026-06-07T11:46:17.483639Z,,oasis/bottle
,,,0,,,local.mqtt.telegraf,42,39.25,,,08a6f76bd428,08a6f76bd428-112,112,08:A6:F7:6B:D4:28,ON,13327619,1780832779299,13327623,1780832779303,13475216,1780832778487,27,2026-06-07T11:46:20.2343359Z,,oasis/bottle
,,,0,,,local.mqtt.telegraf,44,32.17,,,08a6f75abdf0,08a6f75abdf0-112,112,08:A6:F7:5A:BD:F0,ON,13328126,1780832779807,13328131,1780832779811,13428286,1780832778527,27,2026-06-07T11:46:20.6973131Z,,oasis/bottle
,,,0,,,local.mqtt.telegraf,42,39.14,,,08a6f76bd428,08a6f76bd428-113,113,08:A6:F7:6B:D4:28,ON,13330978,1780832782659,13330983,1780832782663,13478576,1780832781847,27,2026-06-07T11:46:23.5917308Z,,oasis/bottle
,,,0,,,local.mqtt.telegraf,43,43.53,,,08a6f769c348,08a6f769c348-113,113,08:A6:F7:69:C3:48,ON,13331379,1780832783060,13331384,1780832783064,13514567,1780832781828,27,2026-06-07T11:46:23.9492451Z,,oasis/bottle
,,,0,,,local.mqtt.telegraf,42,39.11,,,08a6f76bd428,08a6f76bd428-114,114,08:A6:F7:6B:D4:28,ON,13334329,1780832786009,13334334,1780832786014,13481926,1780832785418,27,2026-06-07T11:46:26.9267187Z,,oasis/bottle
,,,0,,,local.mqtt.telegraf,44,32.1,,,08a6f75abdf0,08a6f75abdf0-114,114,08:A6:F7:5A:BD:F0,ON,13334539,1780832786219,13334544,1780832786224,13434716,1780832785308,27,2026-06-07T11:46:27.1440348Z,,oasis/bottle
,,,0,,,local.mqtt.telegraf,43,43.42,,,08a6f769c348,08a6f769c348-114,114,08:A6:F7:69:C3:48,ON,13334578,1780832786259,13334583,1780832786263,13517767,1780832785259,27,2026-06-07T11:46:27.177231Z,,oasis/bottle
,,,0,,,local.mqtt.telegraf,42,39.19,,,08a6f76bd428,08a6f76bd428-115,115,08:A6:F7:6B:D4:28,ON,13337659,1780832789339,13337663,1780832789343,13485256,1780832788748,27,2026-06-07T11:46:30.2705926Z,,oasis/bottle
,,,0,,,local.mqtt.telegraf,43,43.45,,,08a6f769c348,08a6f769c348-115,115,08:A6:F7:69:C3:48,ON,13337839,1780832789519,13337843,1780832789523,13521027,1780832788519,27,2026-06-07T11:46:30.4356928Z,,oasis/bottle
,,,0,,,local.mqtt.telegraf,44,32.02,,,08a6f75abdf0,08a6f75abdf0-115,115,08:A6:F7:5A:BD:F0,ON,13337889,1780832789570,13337897,1780832789577,13438066,1780832788658,27,2026-06-07T11:46:30.4832508Z,,oasis/bottle
,,,0,,,local.mqtt.telegraf,42,39.17,,,08a6f76bd428,08a6f76bd428-116,116,08:A6:F7:6B:D4:28,ON,13340938,1780832792619,13340943,1780832792623,13488536,1780832792028,27,2026-06-07T11:46:33.5330891Z,,oasis/bottle
,,,0,,,local.mqtt.telegraf,43,43.54,,,08a6f769c348,08a6f769c348-116,116,08:A6:F7:69:C3:48,ON,13341245,1780832792925,13341250,1780832792930,13524417,1780832791909,27,2026-06-07T11:46:33.8279086Z,,oasis/bottle
,,,0,,,local.mqtt.telegraf,42,39.23,,,08a6f76bd428,08a6f76bd428-117,117,08:A6:F7:6B:D4:28,ON,13344129,1780832795809,13344133,1780832795813,13491726,1780832795288,27,2026-06-07T11:46:36.7283573Z,,oasis/bottle
,,,0,,,local.mqtt.telegraf,44,32.14,,,08a6f75abdf0,08a6f75abdf0-117,117,08:A6:F7:5A:BD:F0,ON,13344499,1780832796180,13344504,1780832796184,13444677,1780832795379,27,2026-06-07T11:46:37.1099533Z,,oasis/bottle
,,,0,,,local.mqtt.telegraf,43,43.46,,,08a6f769c348,08a6f769c348-117,117,08:A6:F7:69:C3:48,ON,13344629,1780832796309,13344634,1780832796314,13527817,1780832795499,27,2026-06-07T11:46:37.2221014Z,,oasis/bottle
,,,0,,,local.mqtt.telegraf,42,39.25,,,08a6f76bd428,08a6f76bd428-118,118,08:A6:F7:6B:D4:28,ON,13347379,1780832799059,13347383,1780832799063,13494976,1780832798538,27,2026-06-07T11:46:39.9861369Z,,oasis/bottle
,,,0,,,local.mqtt.telegraf,44,32.23,,,08a6f75abdf0,08a6f75abdf0-118,118,08:A6:F7:5A:BD:F0,ON,13347699,1780832799379,13347703,1780832799383,13447866,1780832798568,27,2026-06-07T11:46:40.2912611Z,,oasis/bottle
,,,0,,,local.mqtt.telegraf,43,43.37,,,08a6f769c348,08a6f769c348-118,118,08:A6:F7:69:C3:48,ON,13347809,1780832799489,13347813,1780832799493,13530997,1780832798679,27,2026-06-07T11:46:40.4023387Z,,oasis/bottle
,,,0,,,local.mqtt.telegraf,42,39.12,,,08a6f76bd428,08a6f76bd428-119,119,08:A6:F7:6B:D4:28,ON,13350739,1780832802419,13350743,1780832802423,13498336,1780832801898,27,2026-06-07T11:46:43.3503524Z,,oasis/bottle
,,,0,,,local.mqtt.telegraf,44,31.95,,,08a6f75abdf0,08a6f75abdf0-119,119,08:A6:F7:5A:BD:F0,ON,13350939,1780832802620,13350944,1780832802624,13451116,1780832801818,27,2026-06-07T11:46:43.5513068Z,,oasis/bottle
,,,0,,,local.mqtt.telegraf,43,43.4,,,08a6f769c348,08a6f769c348-119,119,08:A6:F7:69:C3:48,ON,13351040,1780832802720,13351044,1780832802724,13534227,1780832801909,27,2026-06-07T11:46:43.6343082Z,,oasis/bottle
,,,0,,,local.mqtt.telegraf,42,39.04,,,08a6f76bd428,08a6f76bd428-120,120,08:A6:F7:6B:D4:28,ON,13354089,1780832805769,13354093,1780832805773,13501686,1780832805468,27,2026-06-07T11:46:46.6959456Z,,oasis/bottle
,,,0,,,local.mqtt.telegraf,44,31.98,,,08a6f75abdf0,08a6f75abdf0-120,120,08:A6:F7:5A:BD:F0,ON,13354299,1780832805980,13354304,1780832805984,13454476,1780832805478,27,2026-06-07T11:46:46.9352964Z,,oasis/bottle
,,,0,,,local.mqtt.telegraf,43,43.5,,,08a6f769c348,08a6f769c348-120,120,08:A6:F7:69:C3:48,ON,13354368,1780832806048,13354372,1780832806052,13537557,1780832805449,27,2026-06-07T11:46:46.9435051Z,,oasis/bottle
,,,0,,,local.mqtt.telegraf,42,38.99,,,08a6f76bd428,08a6f76bd428-121,121,08:A6:F7:6B:D4:28,ON,13357409,1780832809089,13357413,1780832809093,13505006,1780832808788,27,2026-06-07T11:46:50.0225869Z,,oasis/bottle
,,,0,,,local.mqtt.telegraf,43,43.32,,,08a6f769c348,08a6f769c348-121,121,08:A6:F7:69:C3:48,ON,13357676,1780832809356,13357681,1780832809361,13540847,1780832808739,27,2026-06-07T11:46:50.2587063Z,,oasis/bottle
,,,0,,,local.mqtt.telegraf,42,39.21,,,08a6f76bd428,08a6f76bd428-122,122,08:A6:F7:6B:D4:28,ON,13360679,1780832812359,13360683,1780832812363,13508277,1780832812059,27,2026-06-07T11:46:53.2807566Z,,oasis/bottle
,,,0,,,local.mqtt.telegraf,43,43.34,,,08a6f769c348,08a6f769c348-122,122,08:A6:F7:69:C3:48,ON,13360859,1780832812539,13360863,1780832812543,13544047,1780832811939,27,2026-06-07T11:46:53.461749Z,,oasis/bottle
,,,0,,,local.mqtt.telegraf,44,32.05,,,08a6f75abdf0,08a6f75abdf0-122,122,08:A6:F7:5A:BD:F0,ON,13360969,1780832812650,13360974,1780832812654,13461146,1780832812148,27,2026-06-07T11:46:53.5712528Z,,oasis/bottle
,,,0,,,local.mqtt.telegraf,42,39.18,,,08a6f76bd428,08a6f76bd428-123,123,08:A6:F7:6B:D4:28,ON,13364089,1780832815769,13364093,1780832815773,13511686,1780832815548,27,2026-06-07T11:46:56.6966629Z,,oasis/bottle
,,,0,,,local.mqtt.telegraf,43,43.36,,,08a6f769c348,08a6f769c348-123,123,08:A6:F7:69:C3:48,ON,13364128,1780832815809,13364133,1780832815813,13547317,1780832815409,27,2026-06-07T11:46:56.7391153Z,,oasis/bottle
,,,0,,,local.mqtt.telegraf,44,32.1,,,08a6f75abdf0,08a6f75abdf0-123,123,08:A6:F7:5A:BD:F0,ON,13364240,1780832815920,13364244,1780832815924,13464417,1780832815409,27,2026-06-07T11:46:56.8466084Z,,oasis/bottle
,,,0,,,local.mqtt.telegraf,42,39.33,,,08a6f76bd428,08a6f76bd428-124,124,08:A6:F7:6B:D4:28,ON,13367289,1780832818969,13367293,1780832818973,13514886,1780832818748,27,2026-06-07T11:46:59.9188902Z,,oasis/bottle
,,,0,,,local.mqtt.telegraf,43,43.44,,,08a6f769c348,08a6f769c348-124,124,08:A6:F7:69:C3:48,ON,13367529,1780832819209,13367533,1780832819213,13550717,1780832818809,27,2026-06-07T11:47:00.1344949Z,,oasis/bottle
,,,0,,,local.mqtt.telegraf,44,31.99,,,08a6f75abdf0,08a6f75abdf0-124,124,08:A6:F7:5A:BD:F0,ON,13367659,1780832819339,13367664,1780832819344,13467826,1780832818818,27,2026-06-07T11:47:00.2658446Z,,oasis/bottle
,,,0,,,local.mqtt.telegraf,42,39.15,,,08a6f76bd428,08a6f76bd428-125,125,08:A6:F7:6B:D4:28,ON,13370558,1780832822238,13370563,1780832822243,13518157,1780832822019,27,2026-06-07T11:47:03.1711554Z,,oasis/bottle
,,,0,,,local.mqtt.telegraf,43,43.62,,,08a6f769c348,08a6f769c348-125,125,08:A6:F7:69:C3:48,ON,13370719,1780832822399,13370723,1780832822403,13553907,1780832821999,27,2026-06-07T11:47:03.3195285Z,,oasis/bottle
,,,0,,,local.mqtt.telegraf,44,32.07,,,08a6f75abdf0,08a6f75abdf0-125,125,08:A6:F7:5A:BD:F0,ON,13370860,1780832822540,13370864,1780832822544,13471036,1780832822028,27,2026-06-07T11:47:03.4634436Z,,oasis/bottle
,,,0,,,local.mqtt.telegraf,42,39.19,,,08a6f76bd428,08a6f76bd428-126,126,08:A6:F7:6B:D4:28,ON,13373969,1780832825649,13373973,1780832825653,13521566,1780832825576,27,2026-06-07T11:47:06.5663252Z,,oasis/bottle
,,,0,,,local.mqtt.telegraf,43,43.54,,,08a6f769c348,08a6f769c348-126,126,08:A6:F7:69:C3:48,ON,13373995,1780832825675,13374000,1780832825680,13557157,1780832825417,27,2026-06-07T11:47:06.5799938Z,,oasis/bottle
,,,0,,,local.mqtt.telegraf,44,32.02,,,08a6f75abdf0,08a6f75abdf0-126,126,08:A6:F7:5A:BD:F0,ON,13374140,1780832825820,13374145,1780832825825,13474317,1780832825447,27,2026-06-07T11:47:06.7423715Z,,oasis/bottle
,,,0,,,local.mqtt.telegraf,42,39.19,,,08a6f76bd428,08a6f76bd428-127,127,08:A6:F7:6B:D4:28,ON,13377169,1780832828849,13377173,1780832828853,13524766,1780832828776,27,2026-06-07T11:47:09.7645829Z,,oasis/bottle
,,,0,,,local.mqtt.telegraf,43,43.48,,,08a6f769c348,08a6f769c348-127,127,08:A6:F7:69:C3:48,ON,13377356,1780832829036,13377360,1780832829040,13560527,1780832828787,27,2026-06-07T11:47:09.937975Z,,oasis/bottle
,,,0,,,local.mqtt.telegraf,42,39.21,,,08a6f76bd428,08a6f76bd428-128,128,08:A6:F7:6B:D4:28,ON,13380439,1780832832119,13380443,1780832832123,13528036,1780832832046,27,2026-06-07T11:47:13.0575574Z,,oasis/bottle
,,,0,,,local.mqtt.telegraf,44,32.09,,,08a6f75abdf0,08a6f75abdf0-128,128,08:A6:F7:5A:BD:F0,ON,13380574,1780832832254,13380583,1780832832264,13480746,1780832831876,27,2026-06-07T11:47:13.1873045Z,,oasis/bottle
,,,0,,,local.mqtt.telegraf,43,43.62,,,08a6f769c348,08a6f769c348-128,128,08:A6:F7:69:C3:48,ON,13380699,1780832832380,13380704,1780832832384,13563886,1780832832146,27,2026-06-07T11:47:13.3033524Z,,oasis/bottle
,,,0,,,local.mqtt.telegraf,42,39.15,,,08a6f76bd428,08a6f76bd428-129,129,08:A6:F7:6B:D4:28,ON,13383859,1780832835539,13383863,1780832835543,13531446,1780832835467,27,2026-06-07T11:47:16.48424Z,,oasis/bottle
,,,0,,,local.mqtt.telegraf,44,32.06,,,08a6f75abdf0,08a6f75abdf0-129,129,08:A6:F7:5A:BD:F0,ON,13383919,1780832835599,13383927,1780832835607,13484097,1780832835528,27,2026-06-07T11:47:16.5199817Z,,oasis/bottle
,,,0,,,local.mqtt.telegraf,43,43.49,,,08a6f769c348,08a6f769c348-129,129,08:A6:F7:69:C3:48,ON,13384039,1780832835719,13384043,1780832835723,13567227,1780832835529,27,2026-06-07T11:47:16.6348451Z,,oasis/bottle
,,,0,,,local.mqtt.telegraf,42,39.29,,,08a6f76bd428,08a6f76bd428-130,130,08:A6:F7:6B:D4:28,ON,13387079,1780832838759,13387083,1780832838763,13534676,1780832838697,27,2026-06-07T11:47:19.672935Z,,oasis/bottle
,,,0,,,local.mqtt.telegraf,44,32.05,,,08a6f75abdf0,08a6f75abdf0-130,130,08:A6:F7:5A:BD:F0,ON,13387250,1780832838930,13387255,1780832838935,13487426,1780832838857,27,2026-06-07T11:47:19.8645006Z,,oasis/bottle
,,,0,,,local.mqtt.telegraf,43,43.27,,,08a6f769c348,08a6f769c348-130,130,08:A6:F7:69:C3:48,ON,13387349,1780832839029,13387354,1780832839034,13570537,1780832838839,27,2026-06-07T11:47:19.9436738Z,,oasis/bottle
,,,0,,,local.mqtt.telegraf,42,39.15,,,08a6f76bd428,08a6f76bd428-131,131,08:A6:F7:6B:D4:28,ON,13390379,1780832842059,13390383,1780832842063,13537976,1780832841997,27,2026-06-07T11:47:22.9965494Z,,oasis/bottle
,,,0,,,local.mqtt.telegraf,44,32.05,,,08a6f75abdf0,08a6f75abdf0-131,131,08:A6:F7:5A:BD:F0,ON,13390538,1780832842218,13390542,1780832842222,13490706,1780832842137,27,2026-06-07T11:47:23.145759Z,,oasis/bottle
,,,0,,,local.mqtt.telegraf,43,43.29,,,08a6f769c348,08a6f769c348-131,131,08:A6:F7:69:C3:48,ON,13390606,1780832842286,13390610,1780832842290,13573787,1780832842089,27,2026-06-07T11:47:23.1856222Z,,oasis/bottle
,,,0,,,local.mqtt.telegraf,42,39.25,,,08a6f76bd428,08a6f76bd428-132,132,08:A6:F7:6B:D4:28,ON,13393609,1780832845289,13393613,1780832845293,13541206,1780832845227,27,2026-06-07T11:47:26.2219285Z,,oasis/bottle
,,,0,,,local.mqtt.telegraf,44,31.98,,,08a6f75abdf0,08a6f75abdf0-132,132,08:A6:F7:5A:BD:F0,ON,13393720,1780832845400,13393725,1780832845405,13493897,1780832845299,27,2026-06-07T11:47:26.3174042Z,,oasis/bottle
,,,0,,,local.mqtt.telegraf,43,43.5,,,08a6f769c348,08a6f769c348-132,132,08:A6:F7:69:C3:48,ON,13393969,1780832845649,13393973,1780832845653,13577157,1780832845579,27,2026-06-07T11:47:26.5565405Z,,oasis/bottle
,,,0,,,local.mqtt.telegraf,44,32.11,,,08a6f75abdf0,08a6f75abdf0-133,133,08:A6:F7:5A:BD:F0,ON,13396959,1780832848639,13396963,1780832848643,13497136,1780832848538,27,2026-06-07T11:47:29.5489739Z,,oasis/bottle
,,,0,,,local.mqtt.telegraf,43,43.29,,,08a6f769c348,08a6f769c348-133,133,08:A6:F7:69:C3:48,ON,13397329,1780832849010,13397334,1780832849014,13580517,1780832848939,27,2026-06-07T11:47:29.935656Z,,oasis/bottle
,,,0,,,local.mqtt.telegraf,42,39.15,,,08a6f76bd428,08a6f76bd428-134,134,08:A6:F7:6B:D4:28,ON,13400189,1780832851869,13400193,1780832851873,13547786,1780832851807,27,2026-06-07T11:47:32.8027998Z,,oasis/bottle
,,,0,,,local.mqtt.telegraf,44,32.02,,,08a6f75abdf0,08a6f75abdf0-134,134,08:A6:F7:5A:BD:F0,ON,13400322,1780832852002,13400326,1780832852006,13500486,1780832851888,27,2026-06-07T11:47:32.9243071Z,,oasis/bottle
,,,0,,,local.mqtt.telegraf,43,43.22,,,08a6f769c348,08a6f769c348-134,134,08:A6:F7:69:C3:48,ON,13400679,1780832852359,13400683,1780832852363,13583867,1780832852289,27,2026-06-07T11:47:33.2814377Z,,oasis/bottle
,,,0,,,local.mqtt.telegraf,42,39.21,,,08a6f76bd428,08a6f76bd428-135,135,08:A6:F7:6B:D4:28,ON,13403579,1780832855259,13403583,1780832855263,13551177,1780832855197,27,2026-06-07T11:47:36.1982734Z,,oasis/bottle
,,,0,,,local.mqtt.telegraf,44,32.22,,,08a6f75abdf0,08a6f75abdf0-135,135,08:A6:F7:5A:BD:F0,ON,13403650,1780832855330,13403655,1780832855335,13503827,1780832855258,27,2026-06-07T11:47:36.2331111Z,,oasis/bottle
,,,0,,,local.mqtt.telegraf,43,43.32,,,08a6f769c348,08a6f769c348-135,135,08:A6:F7:69:C3:48,ON,13403999,1780832855679,13404003,1780832855683,13587187,1780832855588,27,2026-06-07T11:47:36.6015894Z,,oasis/bottle
,,,0,,,local.mqtt.telegraf,44,32.09,,,08a6f75abdf0,08a6f75abdf0-136,136,08:A6:F7:5A:BD:F0,ON,13406940,1780832858620,13406944,1780832858624,13507116,1780832858547,27,2026-06-07T11:47:39.546198Z,,oasis/bottle
,,,0,,,local.mqtt.telegraf,42,39.15,,,08a6f76bd428,08a6f76bd428-136,136,08:A6:F7:6B:D4:28,ON,13406988,1780832858669,13406993,1780832858673,13554586,1780832858606,27,2026-06-07T11:47:39.5874873Z,,oasis/bottle
,,,0,,,local.mqtt.telegraf,43,43.48,,,08a6f769c348,08a6f769c348-136,136,08:A6:F7:69:C3:48,ON,13407269,1780832858949,13407273,1780832858953,13590457,1780832858858,27,2026-06-07T11:47:39.8715719Z,,oasis/bottle
,,,0,,,local.mqtt.telegraf,44,32.06,,,08a6f75abdf0,08a6f75abdf0-137,137,08:A6:F7:5A:BD:F0,ON,13410149,1780832861830,13410154,1780832861834,13510326,1780832861757,27,2026-06-07T11:47:42.7582666Z,,oasis/bottle
,,,0,,,local.mqtt.telegraf,42,39.31,,,08a6f76bd428,08a6f76bd428-137,137,08:A6:F7:6B:D4:28,ON,13410198,1780832861879,13410203,1780832861883,13557796,1780832861816,27,2026-06-07T11:47:42.7974684Z,,oasis/bottle
,,,0,,,local.mqtt.telegraf,43,43.48,,,08a6f769c348,08a6f769c348-137,137,08:A6:F7:69:C3:48,ON,13410673,1780832862353,13410682,1780832862362,13593857,1780832862258,27,2026-06-07T11:47:43.2818654Z,,oasis/bottle
,,,0,,,local.mqtt.telegraf,42,39.02,,,08a6f76bd428,08a6f76bd428-138,138,08:A6:F7:6B:D4:28,ON,13413476,1780832865156,13413481,1780832865161,13561076,1780832865097,27,2026-06-07T11:47:46.0629564Z,,oasis/bottle
,,,0,,,local.mqtt.telegraf,43,43.41,,,08a6f769c348,08a6f769c348-138,138,08:A6:F7:69:C3:48,ON,13413869,1780832865549,13413873,1780832865553,13597047,1780832865479,27,2026-06-07T11:47:46.4723484Z,,oasis/bottle
,,,0,,,local.mqtt.telegraf,42,39.19,,,08a6f76bd428,08a6f76bd428-139,139,08:A6:F7:6B:D4:28,ON,13416669,1780832868349,13416673,1780832868353,13564266,1780832868287,27,2026-06-07T11:47:49.2435381Z,,oasis/bottle
,,,0,,,local.mqtt.telegraf,43,43.54,,,08a6f769c348,08a6f769c348-139,139,08:A6:F7:69:C3:48,ON,13417109,1780832868789,13417113,1780832868793,13600296,1780832868728,27,2026-06-07T11:47:49.7091067Z,,oasis/bottle
,,,0,,,local.mqtt.telegraf,44,32.1,,,08a6f75abdf0,08a6f75abdf0-140,140,08:A6:F7:5A:BD:F0,ON,13419935,1780832871615,13419940,1780832871620,13520087,1780832871519,27,2026-06-07T11:47:52.5187629Z,,oasis/bottle
,,,0,,,local.mqtt.telegraf,43,43.4,,,08a6f769c348,08a6f769c348-140,140,08:A6:F7:69:C3:48,ON,13420469,1780832872149,13420473,1780832872153,13603656,1780832872088,27,2026-06-07T11:47:53.0735882Z,,oasis/bottle
,,,0,,,local.mqtt.telegraf,42,39.19,,,08a6f76bd428,08a6f76bd428-141,141,08:A6:F7:6B:D4:28,ON,13423259,1780832874939,13423263,1780832874943,13570856,1780832874877,27,2026-06-07T11:47:55.8756029Z,,oasis/bottle
,,,0,,,local.mqtt.telegraf,44,32.06,,,08a6f75abdf0,08a6f75abdf0-141,141,08:A6:F7:5A:BD:F0,ON,13423329,1780832875009,13423334,1780832875014,13523497,1780832874929,27,2026-06-07T11:47:55.9026105Z,,oasis/bottle
,,,0,,,local.mqtt.telegraf,43,43.34,,,08a6f769c348,08a6f769c348-141,141,08:A6:F7:69:C3:48,ON,13423829,1780832875509,13423833,1780832875513,13607016,1780832875448,27,2026-06-07T11:47:56.4291827Z,,oasis/bottle
,,,0,,,local.mqtt.telegraf,44,32.19,,,08a6f75abdf0,08a6f75abdf0-142,142,08:A6:F7:5A:BD:F0,ON,13426529,1780832878210,13426534,1780832878214,13526706,1780832878138,27,2026-06-07T11:47:59.1411684Z,,oasis/bottle
,,,0,,,local.mqtt.telegraf,42,39.19,,,08a6f76bd428,08a6f76bd428-142,142,08:A6:F7:6B:D4:28,ON,13426588,1780832878269,13426596,1780832878276,13574186,1780832878207,27,2026-06-07T11:47:59.1878612Z,,oasis/bottle
,,,0,,,local.mqtt.telegraf,43,43.5,,,08a6f769c348,08a6f769c348-142,142,08:A6:F7:69:C3:48,ON,13427179,1780832878859,13427183,1780832878863,13610356,1780832878788,27,2026-06-07T11:47:59.7770564Z,,oasis/bottle
,,,0,,,local.mqtt.telegraf,44,32.11,,,08a6f75abdf0,08a6f75abdf0-143,143,08:A6:F7:5A:BD:F0,ON,13429809,1780832881489,13429813,1780832881493,13529980,1780832881412,27,2026-06-07T11:48:02.4278005Z,,oasis/bottle
,,,0,,,local.mqtt.telegraf,42,39.19,,,08a6f76bd428,08a6f76bd428-143,143,08:A6:F7:6B:D4:28,ON,13429872,1780832881552,13429876,1780832881556,13577466,1780832881487,27,2026-06-07T11:48:02.4594401Z,,oasis/bottle
,,,0,,,local.mqtt.telegraf,43,43.34,,,08a6f769c348,08a6f769c348-143,143,08:A6:F7:69:C3:48,ON,13430479,1780832882159,13430483,1780832882163,13613666,1780832882098,27,2026-06-07T11:48:03.0657885Z,,oasis/bottle
,,,0,,,local.mqtt.telegraf,44,32.03,,,08a6f75abdf0,08a6f75abdf0-144,144,08:A6:F7:5A:BD:F0,ON,13432989,1780832884669,13432993,1780832884673,13533156,1780832884588,27,2026-06-07T11:48:05.5975842Z,,oasis/bottle
,,,0,,,local.mqtt.telegraf,42,39.37,,,08a6f76bd428,08a6f76bd428-144,144,08:A6:F7:6B:D4:28,ON,13433059,1780832884739,13433063,1780832884743,13580657,1780832884678,27,2026-06-07T11:48:05.6387873Z,,oasis/bottle
,,,0,,,local.mqtt.telegraf,43,43.38,,,08a6f769c348,08a6f769c348-144,144,08:A6:F7:69:C3:48,ON,13433719,1780832885399,13433723,1780832885403,13616900,1780832885332,27,2026-06-07T11:48:06.3132896Z,,oasis/bottle
,,,0,,,local.mqtt.telegraf,44,32.21,,,08a6f75abdf0,08a6f75abdf0-145,145,08:A6:F7:5A:BD:F0,ON,13436229,1780832887910,13436234,1780832887914,13536407,1780832885569,27,2026-06-07T11:48:08.8338925Z,,oasis/bottle
,,,0,,,local.mqtt.telegraf,42,39.15,,,08a6f76bd428,08a6f76bd428-145,145,08:A6:F7:6B:D4:28,ON,13436300,1780832887980,13436305,1780832887985,13583896,1780832887917,27,2026-06-07T11:48:08.8823515Z,,oasis/bottle
,,,0,,,local.mqtt.telegraf,43,43.37,,,08a6f769c348,08a6f769c348-145,145,08:A6:F7:69:C3:48,ON,13437049,1780832888729,13437053,1780832888733,13620236,1780832888668,27,2026-06-07T11:48:09.6473608Z,,oasis/bottle
,,,0,,,local.mqtt.telegraf,44,32.1,,,08a6f75abdf0,08a6f75abdf0-146,146,08:A6:F7:5A:BD:F0,ON,13439569,1780832891249,13439574,1780832891254,13539746,1780832888908,27,2026-06-07T11:48:12.1826596Z,,oasis/bottle
,,,0,,,local.mqtt.telegraf,42,39.26,,,08a6f76bd428,08a6f76bd428-146,146,08:A6:F7:6B:D4:28,ON,13439649,1780832891329,13439653,1780832891333,13587246,1780832891267,27,2026-06-07T11:48:12.2133323Z,,oasis/bottle
,,,0,,,local.mqtt.telegraf,43,43.29,,,08a6f769c348,08a6f769c348-146,146,08:A6:F7:69:C3:48,ON,13440349,1780832892029,13440353,1780832892033,13623536,1780832891968,27,2026-06-07T11:48:12.9455879Z,,oasis/bottle
,,,0,,,local.mqtt.telegraf,44,32.21,,,08a6f75abdf0,08a6f75abdf0-147,147,08:A6:F7:5A:BD:F0,ON,13442869,1780832894550,13442874,1780832894554,13543046,1780832892208,27,2026-06-07T11:48:15.4858085Z,,oasis/bottle
,,,0,,,local.mqtt.telegraf,42,39.21,,,08a6f76bd428,08a6f76bd428-147,147,08:A6:F7:6B:D4:28,ON,13442980,1780832894660,13442984,1780832894664,13590576,1780832894597,27,2026-06-07T11:48:15.5753126Z,,oasis/bottle
,,,0,,,local.mqtt.telegraf,43,43.46,,,08a6f769c348,08a6f769c348-147,147,08:A6:F7:69:C3:48,ON,13443589,1780832895269,13443593,1780832895273,13626767,1780832895199,27,2026-06-07T11:48:16.1866321Z,,oasis/bottle
,,,0,,,local.mqtt.telegraf,44,32.06,,,08a6f75abdf0,08a6f75abdf0-148,148,08:A6:F7:5A:BD:F0,ON,13446099,1780832897779,13446104,1780832897784,13546277,1780832895589,27,2026-06-07T11:48:18.7138788Z,,oasis/bottle
,,,0,,,local.mqtt.telegraf,42,39.15,,,08a6f76bd428,08a6f76bd428-148,148,08:A6:F7:6B:D4:28,ON,13446269,1780832897949,13446273,1780832897953,13593866,1780832895648,27,2026-06-07T11:48:18.8705711Z,,oasis/bottle
,,,0,,,local.mqtt.telegraf,43,43.33,,,08a6f769c348,08a6f769c348-148,148,08:A6:F7:69:C3:48,ON,13446979,1780832898659,13446983,1780832898663,13630166,1780832898598,27,2026-06-07T11:48:19.5765614Z,,oasis/bottle
,,,0,,,local.mqtt.telegraf,42,39.23,,,08a6f76bd428,08a6f76bd428-149,149,08:A6:F7:6B:D4:28,ON,13449468,1780832901149,13449473,1780832901153,13597066,1780832898848,27,2026-06-07T11:48:22.0404605Z,,oasis/bottle
,,,0,,,local.mqtt.telegraf,43,43.53,,,08a6f769c348,08a6f769c348-149,149,08:A6:F7:69:C3:48,ON,13450329,1780832902009,13450334,1780832902014,13633516,1780832901948,27,2026-06-07T11:48:22.9307141Z,,oasis/bottle
,,,0,,,local.mqtt.telegraf,42,39.21,,,08a6f76bd428,08a6f76bd428-150,150,08:A6:F7:6B:D4:28,ON,13452738,1780832904418,13452742,1780832904422,13600336,1780832902118,27,2026-06-07T11:48:25.3241275Z,,oasis/bottle
,,,0,,,local.mqtt.telegraf,43,43.37,,,08a6f769c348,08a6f769c348-150,150,08:A6:F7:69:C3:48,ON,13453659,1780832905339,13453663,1780832905343,13636846,1780832905268,27,2026-06-07T11:48:26.2652016Z,,oasis/bottle
,,,0,,,local.mqtt.telegraf,44,32.17,,,08a6f75abdf0,08a6f75abdf0-151,151,08:A6:F7:5A:BD:F0,ON,13455909,1780832907589,13455914,1780832907594,13556087,1780832905569,27,2026-06-07T11:48:28.5199301Z,,oasis/bottle
,,,0,,,local.mqtt.telegraf,42,39.15,,,08a6f76bd428,08a6f76bd428-151,151,08:A6:F7:6B:D4:28,ON,13456149,1780832907829,13456153,1780832907833,13603747,1780832905788,27,2026-06-07T11:48:28.7516923Z,,oasis/bottle
,,,0,,,local.mqtt.telegraf,43,43.46,,,08a6f769c348,08a6f769c348-151,151,08:A6:F7:69:C3:48,ON,13456949,1780832908629,13456953,1780832908633,13640127,1780832908549,27,2026-06-07T11:48:29.5494637Z,,oasis/bottle
,,,0,,,local.mqtt.telegraf,44,32.02,,,08a6f75abdf0,08a6f75abdf0-152,152,08:A6:F7:5A:BD:F0,ON,13459179,1780832910859,13459183,1780832910863,13559346,1780832908828,27,2026-06-07T11:48:31.7849427Z,,oasis/bottle
,,,0,,,local.mqtt.telegraf,42,39.19,,,08a6f76bd428,08a6f76bd428-152,152,08:A6:F7:6B:D4:28,ON,13459349,1780832911029,13459353,1780832911033,13606946,1780832908987,27,2026-06-07T11:48:31.9446328Z,,oasis/bottle
,,,0,,,local.mqtt.telegraf,43,43.64,,,08a6f769c348,08a6f769c348-152,152,08:A6:F7:69:C3:48,ON,13460136,1780832911816,13460141,1780832911821,13643316,1780832911738,27,2026-06-07T11:48:32.7409701Z,,oasis/bottle
,,,0,,,local.mqtt.telegraf,44,32.02,,,08a6f75abdf0,08a6f75abdf0-153,153,08:A6:F7:5A:BD:F0,ON,13462559,1780832914239,13462563,1780832914243,13562730,1780832912212,27,2026-06-07T11:48:35.173702Z,,oasis/bottle
,,,0,,,local.mqtt.telegraf,42,39.25,,,08a6f76bd428,08a6f76bd428-153,153,08:A6:F7:6B:D4:28,ON,13462619,1780832914301,13462627,1780832914307,13610216,1780832912257,27,2026-06-07T11:48:35.214994Z,,oasis/bottle
,,,0,,,local.mqtt.telegraf,43,43.23,,,08a6f769c348,08a6f769c348-153,153,08:A6:F7:69:C3:48,ON,13463369,1780832915050,13463374,1780832915054,13646557,1780832914979,27,2026-06-07T11:48:35.9911102Z,,oasis/bottle
,,,0,,,local.mqtt.telegraf,44,32.07,,,08a6f75abdf0,08a6f75abdf0-154,154,08:A6:F7:5A:BD:F0,ON,13465950,1780832917630,13465954,1780832917634,13566127,1780832915799,27,2026-06-07T11:48:38.5522687Z,,oasis/bottle
,,,0,,,local.mqtt.telegraf,42,39.19,,,08a6f76bd428,08a6f76bd428-154,154,08:A6:F7:6B:D4:28,ON,13466029,1780832917709,13466033,1780832917713,13613626,1780832915807,27,2026-06-07T11:48:38.5832998Z,,oasis/bottle
,,,0,,,local.mqtt.telegraf,43,43.26,,,08a6f769c348,08a6f769c348-154,154,08:A6:F7:69:C3:48,ON,13466729,1780832918409,13466733,1780832918413,13649906,1780832918328,27,2026-06-07T11:48:39.3159544Z,,oasis/bottle
,,,0,,,local.mqtt.telegraf,44,32.09,,,08a6f75abdf0,08a6f75abdf0-155,155,08:A6:F7:5A:BD:F0,ON,13469129,1780832920809,13469133,1780832920813,13569296,1780832918968,27,2026-06-07T11:48:41.73747Z,,oasis/bottle
,,,0,,,local.mqtt.telegraf,42,39.17,,,08a6f76bd428,08a6f76bd428-155,155,08:A6:F7:6B:D4:28,ON,13469230,1780832920910,13469234,1780832920914,13616826,1780832919007,27,2026-06-07T11:48:41.8341077Z,,oasis/bottle
,,,0,,,local.mqtt.telegraf,43,43.29,,,08a6f769c348,08a6f769c348-155,155,08:A6:F7:69:C3:48,ON,13470049,1780832921730,13470054,1780832921734,13653236,1780832921658,27,2026-06-07T11:48:42.6463762Z,,oasis/bottle
,,,0,,,local.mqtt.telegraf,44,32.11,,,08a6f75abdf0,08a6f75abdf0-156,156,08:A6:F7:5A:BD:F0,ON,13472339,1780832924019,13472343,1780832924023,13572506,1780832922178,27,2026-06-07T11:48:44.9489238Z,,oasis/bottle
,,,0,,,local.mqtt.telegraf,42,39.15,,,08a6f76bd428,08a6f76bd428-156,156,08:A6:F7:6B:D4:28,ON,13472489,1780832924169,13472493,1780832924173,13620086,1780832922267,27,2026-06-07T11:48:45.0888303Z,,oasis/bottle
,,,0,,,local.mqtt.telegraf,43,43.53,,,08a6f769c348,08a6f769c348-156,156,08:A6:F7:69:C3:48,ON,13473330,1780832925010,13473335,1780832925015,13656517,1780832924949,27,2026-06-07T11:48:45.9257215Z,,oasis/bottle
,,,0,,,local.mqtt.telegraf,44,32.07,,,08a6f75abdf0,08a6f75abdf0-157,157,08:A6:F7:5A:BD:F0,ON,13475620,1780832927300,13475625,1780832927305,13575797,1780832925709,27,2026-06-07T11:48:48.2274335Z,,oasis/bottle
,,,0,,,local.mqtt.telegraf,42,39.1,,,08a6f76bd428,08a6f76bd428-157,157,08:A6:F7:6B:D4:28,ON,13475879,1780832927559,13475883,1780832927563,13623476,1780832925808,27,2026-06-07T11:48:48.4884411Z,,oasis/bottle
,,,0,,,local.mqtt.telegraf,43,43.38,,,08a6f769c348,08a6f769c348-157,157,08:A6:F7:69:C3:48,ON,13476519,1780832928199,13476524,1780832928204,13659706,1780832928138,27,2026-06-07T11:48:49.1098881Z,,oasis/bottle
,,,0,,,local.mqtt.telegraf,44,32.1,,,08a6f75abdf0,08a6f75abdf0-158,158,08:A6:F7:5A:BD:F0,ON,13478819,1780832930500,13478824,1780832930504,13578996,1780832928908,27,2026-06-07T11:48:51.4190296Z,,oasis/bottle
,,,0,,,local.mqtt.telegraf,42,39.18,,,08a6f76bd428,08a6f76bd428-158,158,08:A6:F7:6B:D4:28,ON,13479049,1780832930729,13479053,1780832930733,13626646,1780832928978,27,2026-06-07T11:48:51.64269Z,,oasis/bottle
,,,0,,,local.mqtt.telegraf,43,43.56,,,08a6f769c348,08a6f769c348-158,158,08:A6:F7:69:C3:48,ON,13479769,1780832931450,13479774,1780832931454,13662956,1780832931388,27,2026-06-07T11:48:52.3689771Z,,oasis/bottle
,,,0,,,local.mqtt.telegraf,44,31.98,,,08a6f75abdf0,08a6f75abdf0-159,159,08:A6:F7:5A:BD:F0,ON,13482089,1780832933769,13482094,1780832933774,13582267,1780832932179,27,2026-06-07T11:48:54.6981084Z,,oasis/bottle
,,,0,,,local.mqtt.telegraf,42,39.3,,,08a6f76bd428,08a6f76bd428-159,159,08:A6:F7:6B:D4:28,ON,13482259,1780832933939,13482263,1780832933943,13629856,1780832932188,27,2026-06-07T11:48:54.8700513Z,,oasis/bottle
,,,0,,,local.mqtt.telegraf,43,43.48,,,08a6f769c348,08a6f769c348-159,159,08:A6:F7:69:C3:48,ON,13483159,1780832934839,13483163,1780832934843,13666338,1780832934770,27,2026-06-07T11:48:55.7656041Z,,oasis/bottle
,,,0,,,local.mqtt.telegraf,44,32.06,,,08a6f75abdf0,08a6f75abdf0-160,160,08:A6:F7:5A:BD:F0,ON,13485499,1780832937180,13485504,1780832937184,13585677,1780832935849,27,2026-06-07T11:48:58.108695Z,,oasis/bottle
,,,0,,,local.mqtt.telegraf,42,39.15,,,08a6f76bd428,08a6f76bd428-160,160,08:A6:F7:6B:D4:28,ON,13485538,1780832937219,13485543,1780832937223,13633136,1780832935718,27,2026-06-07T11:48:58.1166006Z,,oasis/bottle
,,,0,,,local.mqtt.telegraf,43,43.45,,,08a6f769c348,08a6f769c348-160,160,08:A6:F7:69:C3:48,ON,13486529,1780832938209,13486533,1780832938213,13669706,1780832938138,27,2026-06-07T11:48:59.1343859Z,,oasis/bottle
,,,0,,,local.mqtt.telegraf,44,32.02,,,08a6f75abdf0,08a6f75abdf0-161,161,08:A6:F7:5A:BD:F0,ON,13488699,1780832940380,13488704,1780832940384,13588876,1780832939048,27,2026-06-07T11:49:01.314173Z,,oasis/bottle
,,,0,,,local.mqtt.telegraf,42,39.12,,,08a6f76bd428,08a6f76bd428-161,161,08:A6:F7:6B:D4:28,ON,13488728,1780832940408,13488733,1780832940413,13636326,1780832938908,27,2026-06-07T11:49:01.3148006Z,,oasis/bottle
,,,0,,,local.mqtt.telegraf,43,43.48,,,08a6f769c348,08a6f769c348-161,161,08:A6:F7:69:C3:48,ON,13489899,1780832941579,13489903,1780832941583,13673076,1780832941508,27,2026-06-07T11:49:02.5128127Z,,oasis/bottle
,,,0,,,local.mqtt.telegraf,42,39.15,,,08a6f76bd428,08a6f76bd428-162,162,08:A6:F7:6B:D4:28,ON,13491969,1780832943649,13491973,1780832943653,13639566,1780832942148,27,2026-06-07T11:49:04.5838514Z,,oasis/bottle
,,,0,,,local.mqtt.telegraf,44,32.21,,,08a6f75abdf0,08a6f75abdf0-162,162,08:A6:F7:5A:BD:F0,ON,13491995,1780832943675,13491999,1780832943679,13592147,1780832942319,27,2026-06-07T11:49:04.5847622Z,,oasis/bottle
,,,0,,,local.mqtt.telegraf,43,43.5,,,08a6f769c348,08a6f769c348-162,162,08:A6:F7:69:C3:48,ON,13493249,1780832944929,13493254,1780832944934,13676437,1780832944869,27,2026-06-07T11:49:05.8566055Z,,oasis/bottle
,,,0,,,local.mqtt.telegraf,42,39.17,,,08a6f76bd428,08a6f76bd428-163,163,08:A6:F7:6B:D4:28,ON,13495330,1780832947010,13495334,1780832947014,13642916,1780832945808,27,2026-06-07T11:49:07.9389735Z,,oasis/bottle
,,,0,,,local.mqtt.telegraf,44,32.14,,,08a6f75abdf0,08a6f75abdf0-163,163,08:A6:F7:5A:BD:F0,ON,13495379,1780832947059,13495384,1780832947064,13595556,1780832945868,27,2026-06-07T11:49:07.9821235Z,,oasis/bottle
,,,0,,,local.mqtt.telegraf,43,43.56,,,08a6f769c348,08a6f769c348-163,163,08:A6:F7:69:C3:48,ON,13496609,1780832948289,13496613,1780832948293,13679787,1780832948219,27,2026-06-07T11:49:09.2182063Z,,oasis/bottle
,,,0,,,local.mqtt.telegraf,44,32.09,,,08a6f75abdf0,08a6f75abdf0-164,164,08:A6:F7:5A:BD:F0,ON,13498579,1780832950260,13498584,1780832950264,13598756,1780832949068,27,2026-06-07T11:49:11.189906Z,,oasis/bottle
,,,0,,,local.mqtt.telegraf,42,39.07,,,08a6f76bd428,08a6f76bd428-164,164,08:A6:F7:6B:D4:28,ON,13498659,1780832950339,13498664,1780832950344,13646256,1780832949148,27,2026-06-07T11:49:11.229739Z,,oasis/bottle
,,,0,,,local.mqtt.telegraf,43,43.4,,,08a6f769c348,08a6f769c348-164,164,08:A6:F7:69:C3:48,ON,13499929,1780832951610,13499934,1780832951614,13683116,1780832951548,27,2026-06-07T11:49:12.5375162Z,,oasis/bottle
,,,0,,,local.mqtt.telegraf,44,32.18,,,08a6f75abdf0,08a6f75abdf0-165,165,08:A6:F7:5A:BD:F0,ON,13501849,1780832953530,13501854,1780832953534,13602027,1780832952339,27,2026-06-07T11:49:14.4599676Z,,oasis/bottle
,,,0,,,local.mqtt.telegraf,42,39.08,,,08a6f76bd428,08a6f76bd428-165,165,08:A6:F7:6B:D4:28,ON,13501949,1780832953629,13501954,1780832953634,13649546,1780832952438,27,2026-06-07T11:49:14.5563654Z,,oasis/bottle
,,,0,,,local.mqtt.telegraf,43,43.46,,,08a6f769c348,08a6f769c348-165,165,08:A6:F7:69:C3:48,ON,13503209,1780832954890,13503214,1780832954894,13686397,1780832954829,27,2026-06-07T11:49:15.8129471Z,,oasis/bottle
,,,0,,,local.mqtt.telegraf,42,39.11,,,08a6f76bd428,08a6f76bd428-166,166,08:A6:F7:6B:D4:28,ON,13505159,1780832956839,13505163,1780832956843,13652757,1780832955688,27,2026-06-07T11:49:17.7608813Z,,oasis/bottle
,,,0,,,local.mqtt.telegraf,44,32.01,,,08a6f75abdf0,08a6f75abdf0-166,166,08:A6:F7:5A:BD:F0,ON,13505260,1780832956940,13505265,1780832956945,13605437,1780832955889,27,2026-06-07T11:49:17.857215Z,,oasis/bottle
,,,0,,,local.mqtt.telegraf,43,43.62,,,08a6f769c348,08a6f769c348-166,166,08:A6:F7:69:C3:48,ON,13506419,1780832958099,13506423,1780832958103,13689596,1780832958028,27,2026-06-07T11:49:19.0380758Z,,oasis/bottle
,,,0,,,local.mqtt.telegraf,44,31.97,,,08a6f75abdf0,08a6f75abdf0-167,167,08:A6:F7:5A:BD:F0,ON,13508477,1780832960157,13508481,1780832960161,13608636,1780832959088,27,2026-06-07T11:49:21.0620454Z,,oasis/bottle
,,,0,,,local.mqtt.telegraf,43,43.62,,,08a6f769c348,08a6f769c348-167,167,08:A6:F7:69:C3:48,ON,13509659,1780832961340,13509664,1780832961344,13692846,1780832961278,27,2026-06-07T11:49:22.2738554Z,,oasis/bottle
,,,0,,,local.mqtt.telegraf,42,39.14,,,08a6f76bd428,08a6f76bd428-168,168,08:A6:F7:6B:D4:28,ON,13511659,1780832963339,13511663,1780832963343,13659246,1780832962177,27,2026-06-07T11:49:24.2729497Z,,oasis/bottle
,,,0,,,local.mqtt.telegraf,44,32.02,,,08a6f75abdf0,08a6f75abdf0-168,168,08:A6:F7:5A:BD:F0,ON,13511730,1780832963410,13511735,1780832963415,13611907,1780832962359,27,2026-06-07T11:49:24.314939Z,,oasis/bottle
,,,0,,,local.mqtt.telegraf,43,43.3,,,08a6f769c348,08a6f769c348-168,168,08:A6:F7:69:C3:48,ON,13513030,1780832964710,13513034,1780832964714,13696216,1780832964648,27,2026-06-07T11:49:25.6409396Z,,oasis/bottle
,,,0,,,local.mqtt.telegraf,42,39.11,,,08a6f76bd428,08a6f76bd428-169,169,08:A6:F7:6B:D4:28,ON,13514949,1780832966629,13514954,1780832966634,13662546,1780832965778,27,2026-06-07T11:49:27.5492888Z,,oasis/bottle
,,,0,,,local.mqtt.telegraf,44,32.01,,,08a6f75abdf0,08a6f75abdf0-169,169,08:A6:F7:5A:BD:F0,ON,13515139,1780832966819,13515144,1780832966824,13615317,1780832965909,27,2026-06-07T11:49:27.740283Z,,oasis/bottle
,,,0,,,local.mqtt.telegraf,43,43.5,,,08a6f769c348,08a6f769c348-169,169,08:A6:F7:69:C3:48,ON,13516400,1780832968080,13516404,1780832968084,13699586,1780832965868,27,2026-06-07T11:49:29.0137824Z,,oasis/bottle
,,,0,,,local.mqtt.telegraf,42,39.15,,,08a6f76bd428,08a6f76bd428-170,170,08:A6:F7:6B:D4:28,ON,13518149,1780832969829,13518153,1780832969833,13665746,1780832968978,27,2026-06-07T11:49:30.7502698Z,,oasis/bottle
,,,0,,,local.mqtt.telegraf,44,32.06,,,08a6f75abdf0,08a6f75abdf0-170,170,08:A6:F7:5A:BD:F0,ON,13518339,1780832970019,13518344,1780832970024,13618516,1780832969108,27,2026-06-07T11:49:30.9414436Z,,oasis/bottle
,,,0,,,local.mqtt.telegraf,43,43.34,,,08a6f769c348,08a6f769c348-170,170,08:A6:F7:69:C3:48,ON,13519760,1780832971440,13519764,1780832971444,13702946,1780832969228,27,2026-06-07T11:49:32.3603066Z,,oasis/bottle
,,,0,,,local.mqtt.telegraf,42,39.31,,,08a6f76bd428,08a6f76bd428-171,171,08:A6:F7:6B:D4:28,ON,13521419,1780832973099,13521423,1780832973103,13669016,1780832972248,27,2026-06-07T11:49:34.0294936Z,,oasis/bottle
,,,0,,,local.mqtt.telegraf,44,32.06,,,08a6f75abdf0,08a6f75abdf0-171,171,08:A6:F7:5A:BD:F0,ON,13521609,1780832973290,13521614,1780832973294,13621786,1780832972378,27,2026-06-07T11:49:34.2116183Z,,oasis/bottle
,,,0,,,local.mqtt.telegraf,43,43.21,,,08a6f769c348,08a6f769c348-171,171,08:A6:F7:69:C3:48,ON,13523119,1780832974799,13523123,1780832974803,13706296,1780832972578,27,2026-06-07T11:49:35.7299544Z,,oasis/bottle
,,,0,,,local.mqtt.telegraf,42,39.14,,,08a6f76bd428,08a6f76bd428-172,172,08:A6:F7:6B:D4:28,ON,13524819,1780832976499,13524823,1780832976503,13672416,1780832975918,27,2026-06-07T11:49:37.4303405Z,,oasis/bottle
,,,0,,,local.mqtt.telegraf,44,32.02,,,08a6f75abdf0,08a6f75abdf0-172,172,08:A6:F7:5A:BD:F0,ON,13525009,1780832976689,13525014,1780832976694,13625187,1780832975919,27,2026-06-07T11:49:37.606288Z,,oasis/bottle
,,,0,,,local.mqtt.telegraf,43,43.26,,,08a6f769c348,08a6f769c348-172,172,08:A6:F7:69:C3:48,ON,13526439,1780832978119,13526443,1780832978123,13709617,1780832975839,27,2026-06-07T11:49:39.0493574Z,,oasis/bottle
,,,0,,,local.mqtt.telegraf,42,39.14,,,08a6f76bd428,08a6f76bd428-173,173,08:A6:F7:6B:D4:28,ON,13527999,1780832979679,13528003,1780832979683,13675596,1780832979098,27,2026-06-07T11:49:40.6109084Z,,oasis/bottle
,,,0,,,local.mqtt.telegraf,44,32.1,,,08a6f75abdf0,08a6f75abdf0-173,173,08:A6:F7:5A:BD:F0,ON,13528199,1780832979879,13528204,1780832979884,13628376,1780832979108,27,2026-06-07T11:49:40.8009202Z,,oasis/bottle
,,,0,,,local.mqtt.telegraf,43,43.34,,,08a6f769c348,08a6f769c348-173,173,08:A6:F7:69:C3:48,ON,13529709,1780832981389,13529713,1780832981393,13712887,1780832979109,27,2026-06-07T11:49:42.3059707Z,,oasis/bottle
,,,0,,,local.mqtt.telegraf,42,39.1,,,08a6f76bd428,08a6f76bd428-174,174,08:A6:F7:6B:D4:28,ON,13531239,1780832982919,13531251,1780832982931,13678836,1780832982338,27,2026-06-07T11:49:43.8675472Z,,oasis/bottle
,,,0,,,local.mqtt.telegraf,44,32.02,,,08a6f75abdf0,08a6f75abdf0-174,174,08:A6:F7:5A:BD:F0,ON,13531450,1780832983130,13531454,1780832983134,13631626,1780832982358,27,2026-06-07T11:49:44.0515741Z,,oasis/bottle
,,,0,,,local.mqtt.telegraf,43,43.44,,,08a6f769c348,08a6f769c348-174,174,08:A6:F7:69:C3:48,ON,13533119,1780832984799,13533123,1780832984803,13716296,1780832982518,27,2026-06-07T11:49:45.7315615Z,,oasis/bottle
,,,0,,,local.mqtt.telegraf,42,39.25,,,08a6f76bd428,08a6f76bd428-175,175,08:A6:F7:6B:D4:28,ON,13534579,1780832986259,13534583,1780832986263,13682176,1780832985877,27,2026-06-07T11:49:47.1779983Z,,oasis/bottle
,,,0,,,local.mqtt.telegraf,44,32.02,,,08a6f75abdf0,08a6f75abdf0-175,175,08:A6:F7:5A:BD:F0,ON,13534811,1780832986491,13534815,1780832986495,13634987,1780832985899,27,2026-06-07T11:49:47.4135191Z,,oasis/bottle
,,,0,,,local.mqtt.telegraf,43,43.29,,,08a6f769c348,08a6f769c348-175,175,08:A6:F7:69:C3:48,ON,13536319,1780832987999,13536324,1780832988004,13719497,1780832985739,27,2026-06-07T11:49:48.9302005Z,,oasis/bottle
,,,0,,,local.mqtt.telegraf,42,39.1,,,08a6f76bd428,08a6f76bd428-176,176,08:A6:F7:6B:D4:28,ON,13537879,1780832989559,13537884,1780832989564,13685476,1780832989177,27,2026-06-07T11:49:50.4874833Z,,oasis/bottle
,,,0,,,local.mqtt.telegraf,44,31.94,,,08a6f75abdf0,08a6f75abdf0-176,176,08:A6:F7:5A:BD:F0,ON,13538159,1780832989839,13538164,1780832989844,13638336,1780832989248,27,2026-06-07T11:49:50.7656076Z,,oasis/bottle
,,,0,,,local.mqtt.telegraf,43,43.48,,,08a6f769c348,08a6f769c348-176,176,08:A6:F7:69:C3:48,ON,13539589,1780832991269,13539593,1780832991273,13722767,1780832989009,27,2026-06-07T11:49:52.2006752Z,,oasis/bottle
,,,0,,,local.mqtt.telegraf,42,39.07,,,08a6f76bd428,08a6f76bd428-177,177,08:A6:F7:6B:D4:28,ON,13541108,1780832992789,13541113,1780832992793,13688706,1780832992407,27,2026-06-07T11:49:53.7155977Z,,oasis/bottle
,,,0,,,local.mqtt.telegraf,44,32.02,,,08a6f75abdf0,08a6f75abdf0-177,177,08:A6:F7:5A:BD:F0,ON,13541489,1780832993170,13541494,1780832993174,13641666,1780832992578,27,2026-06-07T11:49:54.0905384Z,,oasis/bottle
,,,0,,,local.mqtt.telegraf,43,43.19,,,08a6f769c348,08a6f769c348-177,177,08:A6:F7:69:C3:48,ON,13542999,1780832994679,13543004,1780832994684,13726176,1780832992418,27,2026-06-07T11:49:55.6097275Z,,oasis/bottle
,,,0,,,local.mqtt.telegraf,43,39.11,,,08a6f76bd428,08a6f76bd428-178,178,08:A6:F7:6B:D4:28,ON,13544439,1780832996119,13544444,1780832996124,13692036,1780832995888,27,2026-06-07T11:49:57.0495143Z,,oasis/bottle
,,,0,,,local.mqtt.telegraf,44,31.98,,,08a6f75abdf0,08a6f75abdf0-178,178,08:A6:F7:5A:BD:F0,ON,13544769,1780832996449,13544774,1780832996454,13644946,1780832995838,27,2026-06-07T11:49:57.3680592Z,,oasis/bottle
,,,0,,,local.mqtt.telegraf,43,43.4,,,08a6f769c348,08a6f769c348-178,178,08:A6:F7:69:C3:48,ON,13546199,1780832997879,13546203,1780832997883,13729377,1780832995759,27,2026-06-07T11:49:58.8066733Z,,oasis/bottle
,,,0,,,local.mqtt.telegraf,42,38.94,,,08a6f76bd428,08a6f76bd428-179,179,08:A6:F7:6B:D4:28,ON,13547729,1780832999409,13547733,1780832999413,13695326,1780832999178,27,2026-06-07T11:50:00.339474Z,,oasis/bottle
,,,0,,,local.mqtt.telegraf,44,31.95,,,08a6f75abdf0,08a6f75abdf0-179,179,08:A6:F7:5A:BD:F0,ON,13547969,1780832999649,13547973,1780832999653,13648136,1780832999028,27,2026-06-07T11:50:00.5737298Z,,oasis/bottle
,,,0,,,local.mqtt.telegraf,43,43.22,,,08a6f769c348,08a6f769c348-179,179,08:A6:F7:69:C3:48,ON,13549469,1780833001149,13549473,1780833001153,13732646,1780832999028,27,2026-06-07T11:50:02.0615789Z,,oasis/bottle
,,,0,,,local.mqtt.telegraf,43,39.1,,,08a6f76bd428,08a6f76bd428-180,180,08:A6:F7:6B:D4:28,ON,13550929,1780833002609,13550933,1780833002613,13698526,1780833002378,27,2026-06-07T11:50:03.5372079Z,,oasis/bottle
,,,0,,,local.mqtt.telegraf,44,31.9,,,08a6f75abdf0,08a6f75abdf0-180,180,08:A6:F7:5A:BD:F0,ON,13551219,1780833002899,13551223,1780833002903,13651386,1780833002278,27,2026-06-07T11:50:04.1223227Z,,oasis/bottle
,,,0,,,local.mqtt.telegraf,43,43.26,,,08a6f769c348,08a6f769c348-180,180,08:A6:F7:69:C3:48,ON,13552879,1780833004559,13552883,1780833004563,13736056,1780833002438,27,2026-06-07T11:50:05.4870875Z,,oasis/bottle
,,,0,,,local.mqtt.telegraf,42,38.95,,,08a6f76bd428,08a6f76bd428-181,181,08:A6:F7:6B:D4:28,ON,13554199,1780833005879,13554203,1780833005883,13701796,1780833005814,27,2026-06-07T11:50:06.8124064Z,,oasis/bottle
,,,0,,,local.mqtt.telegraf,44,31.95,,,08a6f75abdf0,08a6f75abdf0-181,181,08:A6:F7:5A:BD:F0,ON,13554589,1780833006269,13554593,1780833006273,13654757,1780833005956,27,2026-06-07T11:50:07.1928334Z,,oasis/bottle
,,,0,,,local.mqtt.telegraf,43,43.4,,,08a6f769c348,08a6f769c348-181,181,08:A6:F7:69:C3:48,ON,13556079,1780833007759,13556083,1780833007763,13739257,1780833005786,27,2026-06-07T11:50:08.6738491Z,,oasis/bottle
,,,0,,,local.mqtt.telegraf,43,39.07,,,08a6f76bd428,08a6f76bd428-182,182,08:A6:F7:6B:D4:28,ON,13557599,1780833009279,13557603,1780833009283,13705196,1780833009214,27,2026-06-07T11:50:10.2069869Z,,oasis/bottle
,,,0,,,local.mqtt.telegraf,44,31.95,,,08a6f75abdf0,08a6f75abdf0-182,182,08:A6:F7:5A:BD:F0,ON,13557939,1780833009619,13557944,1780833009624,13658116,1780833009315,27,2026-06-07T11:50:10.5432106Z,,oasis/bottle
,,,0,,,local.mqtt.telegraf,43,43.23,,,08a6f769c348,08a6f769c348-182,182,08:A6:F7:69:C3:48,ON,13559349,1780833011029,13559353,1780833011033,13742526,1780833009055,27,2026-06-07T11:50:11.9545999Z,,oasis/bottle
,,,0,,,local.mqtt.telegraf,43,39.07,,,08a6f76bd428,08a6f76bd428-183,183,08:A6:F7:6B:D4:28,ON,13560789,1780833012469,13560793,1780833012473,13708386,1780833012404,27,2026-06-07T11:50:13.3943174Z,,oasis/bottle
,,,0,,,local.mqtt.telegraf,44,31.98,,,08a6f75abdf0,08a6f75abdf0-183,183,08:A6:F7:5A:BD:F0,ON,13561289,1780833012969,13561293,1780833012973,13661456,1780833012655,27,2026-06-07T11:50:13.8975382Z,,oasis/bottle
,,,0,,,local.mqtt.telegraf,43,43.3,,,08a6f769c348,08a6f769c348-183,183,08:A6:F7:69:C3:48,ON,13562749,1780833014429,13562753,1780833014433,13745926,1780833012455,27,2026-06-07T11:50:15.3569703Z,,oasis/bottle
,,,0,,,local.mqtt.telegraf,43,39.06,,,08a6f76bd428,08a6f76bd428-184,184,08:A6:F7:6B:D4:28,ON,13564029,1780833015709,13564033,1780833015713,13711626,1780833015647,27,2026-06-07T11:50:16.6343Z,,oasis/bottle
,,,0,,,local.mqtt.telegraf,44,32.07,,,08a6f75abdf0,08a6f75abdf0-184,184,08:A6:F7:5A:BD:F0,ON,13564589,1780833016269,13564594,1780833016274,13664766,1780833015918,27,2026-06-07T11:50:17.1966946Z,,oasis/bottle
,,,0,,,local.mqtt.telegraf,43,43.34,,,08a6f769c348,08a6f769c348-184,184,08:A6:F7:69:C3:48,ON,13565939,1780833017619,13565944,1780833017624,13749117,1780833015799,27,2026-06-07T11:50:18.5405113Z,,oasis/bottle
,,,0,,,local.mqtt.telegraf,43,38.9,,,08a6f76bd428,08a6f76bd428-185,185,08:A6:F7:6B:D4:28,ON,13567379,1780833019059,13567384,1780833019064,13714976,1780833018997,27,2026-06-07T11:50:19.9889675Z,,oasis/bottle
,,,0,,,local.mqtt.telegraf,44,32.07,,,08a6f75abdf0,08a6f75abdf0-185,185,08:A6:F7:5A:BD:F0,ON,13567839,1780833019519,13567844,1780833019524,13668016,1780833019168,27,2026-06-07T11:50:20.4398354Z,,oasis/bottle
,,,0,,,local.mqtt.telegraf,43,43.34,,,08a6f769c348,08a6f769c348-185,185,08:A6:F7:69:C3:48,ON,13569189,1780833020869,13569193,1780833020873,13752366,1780833019048,27,2026-06-07T11:50:21.7817869Z,,oasis/bottle
,,,0,,,local.mqtt.telegraf,43,38.91,,,08a6f76bd428,08a6f76bd428-186,186,08:A6:F7:6B:D4:28,ON,13570709,1780833022389,13570713,1780833022393,13718306,1780833022327,27,2026-06-07T11:50:23.3117675Z,,oasis/bottle
,,,0,,,local.mqtt.telegraf,44,31.82,,,08a6f75abdf0,08a6f75abdf0-186,186,08:A6:F7:5A:BD:F0,ON,13571199,1780833022879,13571204,1780833022884,13671376,1780833022528,27,2026-06-07T11:50:23.8006263Z,,oasis/bottle
,,,0,,,local.mqtt.telegraf,43,43.21,,,08a6f769c348,08a6f769c348-186,186,08:A6:F7:69:C3:48,ON,13572549,1780833024229,13572553,1780833024233,13755726,1780833022408,27,2026-06-07T11:50:25.1603464Z,,oasis/bottle
,,,0,,,local.mqtt.telegraf,43,39.06,,,08a6f76bd428,08a6f76bd428-187,187,08:A6:F7:6B:D4:28,ON,13573989,1780833025669,13573993,1780833025673,13721586,1780833025607,27,2026-06-07T11:50:26.5813972Z,,oasis/bottle
,,,0,,,local.mqtt.telegraf,44,31.97,,,08a6f75abdf0,08a6f75abdf0-187,187,08:A6:F7:5A:BD:F0,ON,13574559,1780833026239,13574563,1780833026243,13674727,1780833025979,27,2026-06-07T11:50:27.15404Z,,oasis/bottle
,,,0,,,local.mqtt.telegraf,43,43.38,,,08a6f769c348,08a6f769c348-187,187,08:A6:F7:69:C3:48,ON,13575909,1780833027589,13575913,1780833027593,13759087,1780833025988,27,2026-06-07T11:50:28.5091677Z,,oasis/bottle
,,,0,,,local.mqtt.telegraf,43,39.12,,,08a6f76bd428,08a6f76bd428-188,188,08:A6:F7:6B:D4:28,ON,13577179,1780833028859,13577183,1780833028863,13724776,1780833028797,27,2026-06-07T11:50:29.796014Z,,oasis/bottle
,,,0,,,local.mqtt.telegraf,44,31.98,,,08a6f75abdf0,08a6f75abdf0-188,188,08:A6:F7:5A:BD:F0,ON,13577879,1780833029559,13577884,1780833029564,13678057,1780833029309,27,2026-06-07T11:50:30.4909168Z,,oasis/bottle
,,,0,,,local.mqtt.telegraf,43,43.23,,,08a6f769c348,08a6f769c348-188,188,08:A6:F7:69:C3:48,ON,13579249,1780833030929,13579254,1780833030934,13762426,1780833029327,27,2026-06-07T11:50:31.863368Z,,oasis/bottle
,,,0,,,local.mqtt.telegraf,43,39.15,,,08a6f76bd428,08a6f76bd428-189,189,08:A6:F7:6B:D4:28,ON,13580429,1780833032109,13580433,1780833032113,13728026,1780833032047,27,2026-06-07T11:50:33.0325956Z,,oasis/bottle
,,,0,,,local.mqtt.telegraf,44,32.07,,,08a6f75abdf0,08a6f75abdf0-189,189,08:A6:F7:5A:BD:F0,ON,13581169,1780833032849,13581173,1780833032853,13681336,1780833032588,27,2026-06-07T11:50:33.7723026Z,,oasis/bottle
,,,0,,,local.mqtt.telegraf,43,43.29,,,08a6f769c348,08a6f769c348-189,189,08:A6:F7:69:C3:48,ON,13582549,1780833034229,13582553,1780833034233,13765726,1780833032627,27,2026-06-07T11:50:35.1598425Z,,oasis/bottle
,,,0,,,local.mqtt.telegraf,42,39.1,,,08a6f76bd428,08a6f76bd428-190,190,08:A6:F7:6B:D4:28,ON,13583789,1780833035469,13583793,1780833035473,13731386,1780833035407,27,2026-06-07T11:50:36.3828386Z,,oasis/bottle
,,,0,,,local.mqtt.telegraf,44,31.82,,,08a6f75abdf0,08a6f75abdf0-190,190,08:A6:F7:5A:BD:F0,ON,13584349,1780833036029,13584354,1780833036034,13684527,1780833035839,27,2026-06-07T11:50:36.9431356Z,,oasis/bottle
,,,0,,,local.mqtt.telegraf,43,43.4,,,08a6f769c348,08a6f769c348-190,190,08:A6:F7:69:C3:48,ON,13585779,1780833037459,13585783,1780833037463,13768957,1780833035879,27,2026-06-07T11:50:38.3792693Z,,oasis/bottle
,,,0,,,local.mqtt.telegraf,42,39.1,,,08a6f76bd428,08a6f76bd428-191,191,08:A6:F7:6B:D4:28,ON,13587139,1780833038819,13587144,1780833038824,13734736,1780833038757,27,2026-06-07T11:50:39.7465435Z,,oasis/bottle
,,,0,,,local.mqtt.telegraf,44,31.82,,,08a6f75abdf0,08a6f75abdf0-191,191,08:A6:F7:5A:BD:F0,ON,13587599,1780833039279,13587603,1780833039283,13687766,1780833039078,27,2026-06-07T11:50:40.1999231Z,,oasis/bottle
,,,0,,,local.mqtt.telegraf,43,43.5,,,08a6f769c348,08a6f769c348-191,191,08:A6:F7:69:C3:48,ON,13589109,1780833040789,13589113,1780833040793,13772286,1780833039208,27,2026-06-07T11:50:41.7173236Z,,oasis/bottle
,,,0,,,local.mqtt.telegraf,43,39.25,,,08a6f76bd428,08a6f76bd428-192,192,08:A6:F7:6B:D4:28,ON,13590469,1780833042149,13590473,1780833042153,13738066,1780833042087,27,2026-06-07T11:50:43.0830138Z,,oasis/bottle
,,,0,,,local.mqtt.telegraf,44,31.83,,,08a6f75abdf0,08a6f75abdf0-192,192,08:A6:F7:5A:BD:F0,ON,13590939,1780833042619,13590944,1780833042624,13691116,1780833042428,27,2026-06-07T11:50:43.5422311Z,,oasis/bottle
,,,0,,,local.mqtt.telegraf,43,43.29,,,08a6f769c348,08a6f769c348-192,192,08:A6:F7:69:C3:48,ON,13592389,1780833044069,13592393,1780833044073,13775566,1780833042488,27,2026-06-07T11:50:45.0026349Z,,oasis/bottle
,,,0,,,local.mqtt.telegraf,42,39.03,,,08a6f76bd428,08a6f76bd428-193,193,08:A6:F7:6B:D4:28,ON,13593749,1780833045429,13593753,1780833045433,13741346,1780833045367,27,2026-06-07T11:50:46.345442Z,,oasis/bottle
,,,0,,,local.mqtt.telegraf,44,31.85,,,08a6f75abdf0,08a6f75abdf0-193,193,08:A6:F7:5A:BD:F0,ON,13594269,1780833045949,13594274,1780833045954,13694446,1780833045878,27,2026-06-07T11:50:46.8726691Z,,oasis/bottle
,,,0,,,local.mqtt.telegraf,43,43.19,,,08a6f769c348,08a6f769c348-193,193,08:A6:F7:69:C3:48,ON,13595579,1780833047259,13595583,1780833047263,13778757,1780833045859,27,2026-06-07T11:50:48.1831121Z,,oasis/bottle
,,,0,,,local.mqtt.telegraf,43,39.08,,,08a6f76bd428,08a6f76bd428-194,194,08:A6:F7:6B:D4:28,ON,13596939,1780833048619,13596943,1780833048623,13744536,1780833048557,27,2026-06-07T11:50:49.5427426Z,,oasis/bottle
,,,0,,,local.mqtt.telegraf,44,31.94,,,08a6f75abdf0,08a6f75abdf0-194,194,08:A6:F7:5A:BD:F0,ON,13597549,1780833049229,13597554,1780833049234,13697726,1780833049158,27,2026-06-07T11:50:50.1476758Z,,oasis/bottle
,,,0,,,local.mqtt.telegraf,43,43.33,,,08a6f769c348,08a6f769c348-194,194,08:A6:F7:69:C3:48,ON,13598819,1780833050499,13598823,1780833050503,13781996,1780833049098,27,2026-06-07T11:50:51.7315756Z,,oasis/bottle
,,,0,,,local.mqtt.telegraf,42,38.91,,,08a6f76bd428,08a6f76bd428-195,195,08:A6:F7:6B:D4:28,ON,13600179,1780833051859,13600183,1780833051863,13747776,1780833051797,27,2026-06-07T11:50:52.7774175Z,,oasis/bottle
,,,0,,,local.mqtt.telegraf,44,31.87,,,08a6f75abdf0,08a6f75abdf0-195,195,08:A6:F7:5A:BD:F0,ON,13600749,1780833052429,13600753,1780833052433,13700916,1780833052348,27,2026-06-07T11:50:53.3581339Z,,oasis/bottle
,,,0,,,local.mqtt.telegraf,43,43.3,,,08a6f769c348,08a6f769c348-195,195,08:A6:F7:69:C3:48,ON,13602169,1780833053849,13602173,1780833053853,13785346,1780833052448,27,2026-06-07T11:50:54.7754162Z,,oasis/bottle
,,,0,,,local.mqtt.telegraf,42,39,,,08a6f76bd428,08a6f76bd428-196,196,08:A6:F7:6B:D4:28,ON,13603529,1780833055209,13603533,1780833055213,13751126,1780833055147,27,2026-06-07T11:50:56.1394768Z,,oasis/bottle
,,,0,,,local.mqtt.telegraf,44,31.95,,,08a6f75abdf0,08a6f75abdf0-196,196,08:A6:F7:5A:BD:F0,ON,13603999,1780833055679,13604003,1780833055683,13704167,1780833055599,27,2026-06-07T11:50:56.5952944Z,,oasis/bottle
,,,0,,,local.mqtt.telegraf,43,43.22,,,08a6f769c348,08a6f769c348-196,196,08:A6:F7:69:C3:48,ON,13605499,1780833057179,13605503,1780833057183,13788677,1780833056019,27,2026-06-07T11:50:58.109806Z,,oasis/bottle
,,,0,,,local.mqtt.telegraf,42,39.12,,,08a6f76bd428,08a6f76bd428-197,197,08:A6:F7:6B:D4:28,ON,13606859,1780833058539,13606863,1780833058543,13754456,1780833058477,27,2026-06-07T11:50:59.465279Z,,oasis/bottle
,,,0,,,local.mqtt.telegraf,44,31.74,,,08a6f75abdf0,08a6f75abdf0-197,197,08:A6:F7:5A:BD:F0,ON,13607349,1780833059029,13607354,1780833059034,13707526,1780833058958,27,2026-06-07T11:50:59.9415089Z,,oasis/bottle
,,,0,,,local.mqtt.telegraf,43,43.29,,,08a6f769c348,08a6f769c348-197,197,08:A6:F7:69:C3:48,ON,13608789,1780833060469,13608793,1780833060473,13791966,1780833059308,27,2026-06-07T11:51:01.399528Z,,oasis/bottle
,,,0,,,local.mqtt.telegraf,43,39.06,,,08a6f76bd428,08a6f76bd428-198,198,08:A6:F7:6B:D4:28,ON,13610139,1780833061819,13610143,1780833061823,13757736,1780833061757,27,2026-06-07T11:51:02.7448416Z,,oasis/bottle
,,,0,,,local.mqtt.telegraf,44,31.95,,,08a6f75abdf0,08a6f75abdf0-198,198,08:A6:F7:5A:BD:F0,ON,13610699,1780833062379,13610704,1780833062384,13710876,1780833062308,27,2026-06-07T11:51:03.3008022Z,,oasis/bottle
,,,0,,,local.mqtt.telegraf,43,43.23,,,08a6f769c348,08a6f769c348-198,198,08:A6:F7:69:C3:48,ON,13611989,1780833063669,13611993,1780833063673,13795166,1780833062508,27,2026-06-07T11:51:04.5955824Z,,oasis/bottle
,,,0,,,local.mqtt.telegraf,42,38.99,,,08a6f76bd428,08a6f76bd428-199,199,08:A6:F7:6B:D4:28,ON,13613329,1780833065009,13613333,1780833065013,13760926,1780833064947,27,2026-06-07T11:51:05.9350381Z,,oasis/bottle
,,,0,,,local.mqtt.telegraf,44,31.9,,,08a6f75abdf0,08a6f75abdf0-199,199,08:A6:F7:5A:BD:F0,ON,13614019,1780833065699,13614024,1780833065704,13714197,1780833065629,27,2026-06-07T11:51:06.6202705Z,,oasis/bottle
,,,0,,,local.mqtt.telegraf,43,43.38,,,08a6f769c348,08a6f769c348-199,199,08:A6:F7:69:C3:48,ON,13615249,1780833066929,13615253,1780833066933,13798427,1780833065969,27,2026-06-07T11:51:07.8632115Z,,oasis/bottle
,,,0,,,local.mqtt.telegraf,42,38.98,,,08a6f76bd428,08a6f76bd428-200,200,08:A6:F7:6B:D4:28,ON,13616579,1780833068259,13616583,1780833068263,13764176,1780833065957,27,2026-06-07T11:51:09.1735237Z,,oasis/bottle
,,,0,,,local.mqtt.telegraf,44,31.93,,,08a6f75abdf0,08a6f75abdf0-200,200,08:A6:F7:5A:BD:F0,ON,13617289,1780833068970,13617294,1780833068974,13717467,1780833068899,27,2026-06-07T11:51:09.8905903Z,,oasis/bottle
,,,0,,,local.mqtt.telegraf,43,43.19,,,08a6f769c348,08a6f769c348-200,200,08:A6:F7:69:C3:48,ON,13618639,1780833070319,13618643,1780833070323,13801817,1780833069359,27,2026-06-07T11:51:11.2490147Z,,oasis/bottle
,,,0,,,local.mqtt.telegraf,42,38.94,,,08a6f76bd428,08a6f76bd428-201,201,08:A6:F7:6B:D4:28,ON,13619949,1780833071629,13619953,1780833071633,13767536,1780833069317,27,2026-06-07T11:51:12.557701Z,,oasis/bottle
,,,0,,,local.mqtt.telegraf,44,31.9,,,08a6f75abdf0,08a6f75abdf0-201,201,08:A6:F7:5A:BD:F0,ON,13620699,1780833072380,13620704,1780833072384,13720876,1780833072308,27,2026-06-07T11:51:13.2850941Z,,oasis/bottle
,,,0,,,local.mqtt.telegraf,43,43.21,,,08a6f769c348,08a6f769c348-201,201,08:A6:F7:69:C3:48,ON,13622049,1780833073729,13622053,1780833073733,13805226,1780833072768,27,2026-06-07T11:51:14.6647507Z,,oasis/bottle
,,,0,,,local.mqtt.telegraf,42,38.99,,,08a6f76bd428,08a6f76bd428-202,202,08:A6:F7:6B:D4:28,ON,13623320,1780833075000,13623325,1780833075005,13770916,1780833072697,27,2026-06-07T11:51:15.9289982Z,,oasis/bottle
,,,0,,,local.mqtt.telegraf,44,32.01,,,08a6f75abdf0,08a6f75abdf0-202,202,08:A6:F7:5A:BD:F0,ON,13623900,1780833075580,13623905,1780833075585,13724077,1780833075509,27,2026-06-07T11:51:16.5002653Z,,oasis/bottle
,,,0,,,local.mqtt.telegraf,43,43.18,,,08a6f769c348,08a6f769c348-202,202,08:A6:F7:69:C3:48,ON,13625249,1780833076929,13625261,1780833076941,13808427,1780833075929,27,2026-06-07T11:51:17.8659846Z,,oasis/bottle
,,,0,,,local.mqtt.telegraf,42,39.06,,,08a6f76bd428,08a6f76bd428-203,203,08:A6:F7:6B:D4:28,ON,13626689,1780833078369,13626693,1780833078373,13774276,1780833076088,27,2026-06-07T11:51:19.29637Z,,oasis/bottle
,,,0,,,local.mqtt.telegraf,44,31.94,,,08a6f75abdf0,08a6f75abdf0-203,203,08:A6:F7:5A:BD:F0,ON,13627169,1780833078850,13627174,1780833078854,13727347,1780833078779,27,2026-06-07T11:51:19.7680868Z,,oasis/bottle
,,,0,,,local.mqtt.telegraf,43,43.23,,,08a6f769c348,08a6f769c348-203,203,08:A6:F7:69:C3:48,ON,13628519,1780833080199,13628523,1780833080203,13811697,1780833079199,27,2026-06-07T11:51:21.1263929Z,,oasis/bottle
,,,0,,,local.mqtt.telegraf,42,38.94,,,08a6f76bd428,08a6f76bd428-204,204,08:A6:F7:6B:D4:28,ON,13630039,1780833081719,13630043,1780833081724,13777636,1780833079448,27,2026-06-07T11:51:22.6456706Z,,oasis/bottle
,,,0,,,local.mqtt.telegraf,44,31.85,,,08a6f75abdf0,08a6f75abdf0-204,204,08:A6:F7:5A:BD:F0,ON,13630589,1780833082269,13630593,1780833082273,13730756,1780833082188,27,2026-06-07T11:51:23.1894853Z,,oasis/bottle
,,,0,,,local.mqtt.telegraf,43,43.26,,,08a6f769c348,08a6f769c348-204,204,08:A6:F7:69:C3:48,ON,13631929,1780833083609,13631933,1780833083613,13815106,1780833082608,27,2026-06-07T11:51:24.5365796Z,,oasis/bottle
,,,0,,,local.mqtt.telegraf,42,39.1,,,08a6f76bd428,08a6f76bd428-205,205,08:A6:F7:6B:D4:28,ON,13633369,1780833085049,13633373,1780833085053,13780966,1780833082778,27,2026-06-07T11:51:25.9752001Z,,oasis/bottle
,,,0,,,local.mqtt.telegraf,44,31.85,,,08a6f75abdf0,08a6f75abdf0-205,205,08:A6:F7:5A:BD:F0,ON,13633779,1780833085459,13633784,1780833085464,13733957,1780833085389,27,2026-06-07T11:51:26.3863274Z,,oasis/bottle
,,,0,,,local.mqtt.telegraf,43,43.21,,,08a6f769c348,08a6f769c348-205,205,08:A6:F7:69:C3:48,ON,13635129,1780833086809,13635133,1780833086813,13818307,1780833085949,27,2026-06-07T11:51:27.7282472Z,,oasis/bottle
,,,0,,,local.mqtt.telegraf,42,39.15,,,08a6f76bd428,08a6f76bd428-206,206,08:A6:F7:6B:D4:28,ON,13636649,1780833088329,13636653,1780833088333,13784246,1780833086028,27,2026-06-07T11:51:29.2548971Z,,oasis/bottle
,,,0,,,local.mqtt.telegraf,44,31.78,,,08a6f75abdf0,08a6f75abdf0-206,206,08:A6:F7:5A:BD:F0,ON,13637049,1780833088730,13637054,1780833088734,13737227,1780833088659,27,2026-06-07T11:51:29.6467757Z,,oasis/bottle
,,,0,,,local.mqtt.telegraf,43,43.32,,,08a6f769c348,08a6f769c348-206,206,08:A6:F7:69:C3:48,ON,13638399,1780833090079,13638403,1780833090083,13821577,1780833089219,27,2026-06-07T11:51:31.0061309Z,,oasis/bottle
,,,0,,,local.mqtt.telegraf,42,38.92,,,08a6f76bd428,08a6f76bd428-207,207,08:A6:F7:6B:D4:28,ON,13639839,1780833091519,13639843,1780833091523,13787436,1780833089218,27,2026-06-07T11:51:32.4473225Z,,oasis/bottle
,,,0,,,local.mqtt.telegraf,44,31.71,,,08a6f75abdf0,08a6f75abdf0-207,207,08:A6:F7:5A:BD:F0,ON,13640459,1780833092140,13640464,1780833092144,13740636,1780833092068,27,2026-06-07T11:51:33.0664347Z,,oasis/bottle
,,,0,,,local.mqtt.telegraf,43,43.19,,,08a6f769c348,08a6f769c348-207,207,08:A6:F7:69:C3:48,ON,13641809,1780833093489,13641813,1780833093493,13824986,1780833092628,27,2026-06-07T11:51:34.4145371Z,,oasis/bottle
,,,0,,,local.mqtt.telegraf,42,38.99,,,08a6f76bd428,08a6f76bd428-208,208,08:A6:F7:6B:D4:28,ON,13643089,1780833094769,13643093,1780833094773,13790686,1780833092468,27,2026-06-07T11:51:35.7048196Z,,oasis/bottle
,,,0,,,local.mqtt.telegraf,44,31.87,,,08a6f75abdf0,08a6f75abdf0-208,208,08:A6:F7:5A:BD:F0,ON,13643660,1780833095340,13643665,1780833095345,13743837,1780833095269,27,2026-06-07T11:51:36.2618376Z,,oasis/bottle
,,,0,,,local.mqtt.telegraf,43,43.11,,,08a6f769c348,08a6f769c348-208,208,08:A6:F7:69:C3:48,ON,13645009,1780833096689,13645013,1780833096693,13828187,1780833095969,27,2026-06-07T11:51:37.6180456Z,,oasis/bottle
,,,0,,,local.mqtt.telegraf,42,38.96,,,08a6f76bd428,08a6f76bd428-209,209,08:A6:F7:6B:D4:28,ON,13646449,1780833098129,13646453,1780833098133,13794046,1780833096128,27,2026-06-07T11:51:39.0565391Z,,oasis/bottle
,,,0,,,local.mqtt.telegraf,44,31.86,,,08a6f75abdf0,08a6f75abdf0-209,209,08:A6:F7:5A:BD:F0,ON,13646929,1780833098609,13646934,1780833098614,13747106,1780833098538,27,2026-06-07T11:51:39.517337Z,,oasis/bottle
,,,0,,,local.mqtt.telegraf,43,43.11,,,08a6f769c348,08a6f769c348-209,209,08:A6:F7:69:C3:48,ON,13648279,1780833099959,13648283,1780833099963,13831457,1780833099239,27,2026-06-07T11:51:40.8935826Z,,oasis/bottle
,,,0,,,local.mqtt.telegraf,42,38.96,,,08a6f76bd428,08a6f76bd428-210,210,08:A6:F7:6B:D4:28,ON,13649799,1780833101479,13649803,1780833101484,13797396,1780833099478,27,2026-06-07T11:51:42.4131729Z,,oasis/bottle
,,,0,,,local.mqtt.telegraf,44,32.02,,,08a6f75abdf0,08a6f75abdf0-210,210,08:A6:F7:5A:BD:F0,ON,13650330,1780833102010,13650335,1780833102015,13750506,1780833101938,27,2026-06-07T11:51:42.9317695Z,,oasis/bottle
,,,0,,,local.mqtt.telegraf,43,43.15,,,08a6f769c348,08a6f769c348-210,210,08:A6:F7:69:C3:48,ON,13651689,1780833103369,13651693,1780833103373,13834866,1780833102648,27,2026-06-07T11:51:44.2913278Z,,oasis/bottle
,,,0,,,local.mqtt.telegraf,42,38.99,,,08a6f76bd428,08a6f76bd428-211,211,08:A6:F7:6B:D4:28,ON,13653129,1780833104809,13653133,1780833104813,13800726,1780833102808,27,2026-06-07T11:51:45.7365886Z,,oasis/bottle
,,,0,,,local.mqtt.telegraf,44,31.8,,,08a6f75abdf0,08a6f75abdf0-211,211,08:A6:F7:5A:BD:F0,ON,13653519,1780833105199,13653524,1780833105204,13753697,1780833105129,27,2026-06-07T11:51:46.1090714Z,,oasis/bottle
,,,0,,,local.mqtt.telegraf,43,43.33,,,08a6f769c348,08a6f769c348-211,211,08:A6:F7:69:C3:48,ON,13654899,1780833106579,13654903,1780833106583,13838077,1780833105999,27,2026-06-07T11:51:47.498344Z,,oasis/bottle
,,,0,,,local.mqtt.telegraf,42,39.06,,,08a6f76bd428,08a6f76bd428-212,212,08:A6:F7:6B:D4:28,ON,13656409,1780833108089,13656413,1780833108093,13804007,1780833106068,27,2026-06-07T11:51:49.0137133Z,,oasis/bottle
,,,0,,,local.mqtt.telegraf,44,31.79,,,08a6f75abdf0,08a6f75abdf0-212,212,08:A6:F7:5A:BD:F0,ON,13656770,1780833108450,13656775,1780833108455,13756946,1780833108378,27,2026-06-07T11:51:49.3659892Z,,oasis/bottle
,,,0,,,local.mqtt.telegraf,43,42.91,,,08a6f769c348,08a6f769c348-212,212,08:A6:F7:69:C3:48,ON,13658169,1780833109849,13658173,1780833109853,13841349,1780833109271,27,2026-06-07T11:51:50.7790842Z,,oasis/bottle
,,,0,,,local.mqtt.telegraf,42,38.98,,,08a6f76bd428,08a6f76bd428-213,213,08:A6:F7:6B:D4:28,ON,13659599,1780833111279,13659603,1780833111283,13807196,1780833109257,27,2026-06-07T11:51:52.2040821Z,,oasis/bottle
,,,0,,,local.mqtt.telegraf,44,31.85,,,08a6f75abdf0,08a6f75abdf0-213,213,08:A6:F7:5A:BD:F0,ON,13660129,1780833111809,13660134,1780833111814,13760306,1780833111738,27,2026-06-07T11:51:52.7301368Z,,oasis/bottle
,,,0,,,local.mqtt.telegraf,43,43.17,,,08a6f769c348,08a6f769c348-213,213,08:A6:F7:69:C3:48,ON,13661349,1780833113029,13661353,1780833113033,13844526,1780833112448,27,2026-06-07T11:51:53.955284Z,,oasis/bottle
,,,0,,,local.mqtt.telegraf,42,38.99,,,08a6f76bd428,08a6f76bd428-214,214,08:A6:F7:6B:D4:28,ON,13662839,1780833114519,13662843,1780833114523,13810436,1780833112497,27,2026-06-07T11:51:55.4378049Z,,oasis/bottle
,,,0,,,local.mqtt.telegraf,44,31.9,,,08a6f75abdf0,08a6f75abdf0-214,214,08:A6:F7:5A:BD:F0,ON,13663479,1780833115160,13663484,1780833115164,13763657,1780833115089,27,2026-06-07T11:51:56.0801758Z,,oasis/bottle
,,,0,,,local.mqtt.telegraf,43,43.33,,,08a6f769c348,08a6f769c348-214,214,08:A6:F7:69:C3:48,ON,13664569,1780833116249,13664573,1780833116253,13847747,1780833116029,27,2026-06-07T11:51:57.1725702Z,,oasis/bottle
,,,0,,,local.mqtt.telegraf,42,39.08,,,08a6f76bd428,08a6f76bd428-215,215,08:A6:F7:6B:D4:28,ON,13666189,1780833117869,13666194,1780833117874,13813786,1780833116158,27,2026-06-07T11:51:58.7946082Z,,oasis/bottle
,,,0,,,local.mqtt.telegraf,44,31.95,,,08a6f75abdf0,08a6f75abdf0-215,215,08:A6:F7:5A:BD:F0,ON,13666810,1780833118490,13666814,1780833118494,13766987,1780833116139,27,2026-06-07T11:51:59.4140166Z,,oasis/bottle
,,,0,,,local.mqtt.telegraf,43,43.37,,,08a6f769c348,08a6f769c348-215,215,08:A6:F7:69:C3:48,ON,13667879,1780833119559,13667883,1780833119563,13851056,1780833119338,27,2026-06-07T11:52:00.4807365Z,,oasis/bottle
,,,0,,,local.mqtt.telegraf,42,38.99,,,08a6f76bd428,08a6f76bd428-216,216,08:A6:F7:6B:D4:28,ON,13669519,1780833121199,13669523,1780833121203,13817116,1780833119488,27,2026-06-07T11:52:02.1263418Z,,oasis/bottle
,,,0,,,local.mqtt.telegraf,44,31.93,,,08a6f75abdf0,08a6f75abdf0-216,216,08:A6:F7:5A:BD:F0,ON,13670099,1780833121779,13670103,1780833121783,13770266,1780833119418,27,2026-06-07T11:52:02.6893041Z,,oasis/bottle
,,,0,,,local.mqtt.telegraf,43,43.45,,,08a6f769c348,08a6f769c348-216,216,08:A6:F7:69:C3:48,ON,13671119,1780833122799,13671123,1780833122803,13854296,1780833122578,27,2026-06-07T11:52:03.7097524Z,,oasis/bottle
,,,0,,,local.mqtt.telegraf,42,39.17,,,08a6f76bd428,08a6f76bd428-217,217,08:A6:F7:6B:D4:28,ON,13672799,1780833124479,13672811,1780833124491,13820396,1780833122768,27,2026-06-07T11:52:05.4146388Z,,oasis/bottle
,,,0,,,local.mqtt.telegraf,44,31.87,,,08a6f75abdf0,08a6f75abdf0-217,217,08:A6:F7:5A:BD:F0,ON,13673280,1780833124960,13673284,1780833124964,13773456,1780833122608,27,2026-06-07T11:52:05.8804293Z,,oasis/bottle
,,,0,,,local.mqtt.telegraf,43,43.1,,,08a6f769c348,08a6f769c348-217,217,08:A6:F7:69:C3:48,ON,13674479,1780833126159,13674483,1780833126163,13857657,1780833126079,27,2026-06-07T11:52:07.0717292Z,,oasis/bottle
,,,0,,,local.mqtt.telegraf,42,38.94,,,08a6f76bd428,08a6f76bd428-218,218,08:A6:F7:6B:D4:28,ON,13675989,1780833127669,13675993,1780833127673,13823586,1780833126018,27,2026-06-07T11:52:08.58718Z,,oasis/bottle
,,,0,,,local.mqtt.telegraf,44,32.02,,,08a6f75abdf0,08a6f75abdf0-218,218,08:A6:F7:5A:BD:F0,ON,13676530,1780833128210,13676535,1780833128215,13776707,1780833126079,27,2026-06-07T11:52:09.1326108Z,,oasis/bottle
,,,0,,,local.mqtt.telegraf,43,43.29,,,08a6f769c348,08a6f769c348-218,218,08:A6:F7:69:C3:48,ON,13677819,1780833129499,13677823,1780833129503,13860996,1780833129418,27,2026-06-07T11:52:10.422153Z,,oasis/bottle
,,,0,,,local.mqtt.telegraf,42,39.11,,,08a6f76bd428,08a6f76bd428-219,219,08:A6:F7:6B:D4:28,ON,13679239,1780833130919,13679243,1780833130923,13826836,1780833129268,27,2026-06-07T11:52:11.8451408Z,,oasis/bottle
,,,0,,,local.mqtt.telegraf,44,31.83,,,08a6f75abdf0,08a6f75abdf0-219,219,08:A6:F7:5A:BD:F0,ON,13679889,1780833131570,13679894,1780833131574,13780066,1780833129438,27,2026-06-07T11:52:12.4923971Z,,oasis/bottle
,,,0,,,local.mqtt.telegraf,43,43.33,,,08a6f769c348,08a6f769c348-219,219,08:A6:F7:69:C3:48,ON,13681129,1780833132809,13681133,1780833132813,13864306,1780833132728,27,2026-06-07T11:52:13.7252347Z,,oasis/bottle
,,,0,,,local.mqtt.telegraf,42,39.02,,,08a6f76bd428,08a6f76bd428-220,220,08:A6:F7:6B:D4:28,ON,13682599,1780833134279,13682603,1780833134283,13830196,1780833132628,27,2026-06-07T11:52:15.204566Z,,oasis/bottle
,,,0,,,local.mqtt.telegraf,44,31.89,,,08a6f75abdf0,08a6f75abdf0-220,220,08:A6:F7:5A:BD:F0,ON,13683239,1780833134919,13683244,1780833134924,13783416,1780833132788,27,2026-06-07T11:52:15.8458002Z,,oasis/bottle
,,,0,,,local.mqtt.telegraf,43,43.17,,,08a6f769c348,08a6f769c348-220,220,08:A6:F7:69:C3:48,ON,13684369,1780833136049,13684373,1780833136053,13867547,1780833135979,27,2026-06-07T11:52:16.9708757Z,,oasis/bottle
,,,0,,,local.mqtt.telegraf,43,39.03,,,08a6f76bd428,08a6f76bd428-221,221,08:A6:F7:6B:D4:28,ON,13685949,1780833137629,13685953,1780833137633,13833546,1780833136198,27,2026-06-07T11:52:18.5445926Z,,oasis/bottle
,,,0,,,local.mqtt.telegraf,44,32.03,,,08a6f75abdf0,08a6f75abdf0-221,221,08:A6:F7:5A:BD:F0,ON,13686559,1780833138240,13686564,1780833138244,13786737,1780833136169,27,2026-06-07T11:52:19.1656656Z,,oasis/bottle
,,,0,,,local.mqtt.telegraf,43,43.27,,,08a6f769c348,08a6f769c348-221,221,08:A6:F7:69:C3:48,ON,13687719,1780833139399,13687723,1780833139403,13870896,1780833139328,27,2026-06-07T11:52:20.3284419Z,,oasis/bottle
,,,0,,,local.mqtt.telegraf,43,39.1,,,08a6f76bd428,08a6f76bd428-222,222,08:A6:F7:6B:D4:28,ON,13689279,1780833140959,13689283,1780833140963,13836876,1780833139528,27,2026-06-07T11:52:21.8744844Z,,oasis/bottle
,,,0,,,local.mqtt.telegraf,44,31.95,,,08a6f75abdf0,08a6f75abdf0-222,222,08:A6:F7:5A:BD:F0,ON,13689839,1780833141519,13689843,1780833141523,13790007,1780833139439,27,2026-06-07T11:52:22.4285804Z,,oasis/bottle
,,,0,,,local.mqtt.telegraf,43,43.37,,,08a6f769c348,08a6f769c348-222,222,08:A6:F7:69:C3:48,ON,13691039,1780833142719,13691043,1780833142723,13874216,1780833142648,27,2026-06-07T11:52:23.6385568Z,,oasis/bottle
,,,0,,,local.mqtt.telegraf,42,38.94,,,08a6f76bd428,08a6f76bd428-223,223,08:A6:F7:6B:D4:28,ON,13692569,1780833144249,13692573,1780833144253,13840166,1780833142818,27,2026-06-07T11:52:25.1782556Z,,oasis/bottle
,,,0,,,local.mqtt.telegraf,44,31.74,,,08a6f75abdf0,08a6f75abdf0-223,223,08:A6:F7:5A:BD:F0,ON,13693239,1780833144920,13693244,1780833144924,13793416,1780833142848,27,2026-06-07T11:52:25.8409228Z,,oasis/bottle
,,,0,,,local.mqtt.telegraf,43,43.25,,,08a6f769c348,08a6f769c348-223,223,08:A6:F7:69:C3:48,ON,13694309,1780833145989,13694314,1780833145994,13877487,1780833145919,27,2026-06-07T11:52:27.2007381Z,,oasis/bottle
,,,0,,,local.mqtt.telegraf,43,39.12,,,08a6f76bd428,08a6f76bd428-224,224,08:A6:F7:6B:D4:28,ON,13695769,1780833147449,13695773,1780833147453,13843366,1780833146068,27,2026-06-07T11:52:28.3836645Z,,oasis/bottle
,,,0,,,local.mqtt.telegraf,44,32.02,,,08a6f75abdf0,08a6f75abdf0-224,224,08:A6:F7:5A:BD:F0,ON,13696440,1780833148120,13696444,1780833148124,13796617,1780833146069,27,2026-06-07T11:52:29.0328029Z,,oasis/bottle
,,,0,,,local.mqtt.telegraf,43,43.38,,,08a6f769c348,08a6f769c348-224,224,08:A6:F7:69:C3:48,ON,13697709,1780833149389,13697713,1780833149393,13880886,1780833149318,27,2026-06-07T11:52:30.3037325Z,,oasis/bottle
,,,0,,,local.mqtt.telegraf,42,39.31,,,08a6f76bd428,08a6f76bd428-225,225,08:A6:F7:6B:D4:28,ON,13699039,1780833150719,13699043,1780833150723,13846626,1780833149328,27,2026-06-07T11:52:31.6413855Z,,oasis/bottle
,,,0,,,local.mqtt.telegraf,44,31.93,,,08a6f75abdf0,08a6f75abdf0-225,225,08:A6:F7:5A:BD:F0,ON,13699719,1780833151399,13699723,1780833151403,13799887,1780833149339,27,2026-06-07T11:52:32.3104668Z,,oasis/bottle
,,,0,,,local.mqtt.telegraf,43,43.21,,,08a6f769c348,08a6f769c348-225,225,08:A6:F7:69:C3:48,ON,13700899,1780833152579,13700903,1780833152583,13884076,1780833152508,27,2026-06-07T11:52:33.5045976Z,,oasis/bottle
,,,0,,,local.mqtt.telegraf,42,39.11,,,08a6f76bd428,08a6f76bd428-226,226,08:A6:F7:6B:D4:28,ON,13702439,1780833154119,13702444,1780833154124,13850036,1780833152738,27,2026-06-07T11:52:35.0490637Z,,oasis/bottle
,,,0,,,local.mqtt.telegraf,44,32.01,,,08a6f75abdf0,08a6f75abdf0-226,226,08:A6:F7:5A:BD:F0,ON,13703129,1780833154809,13703133,1780833154813,13803296,1780833152748,27,2026-06-07T11:52:35.7344933Z,,oasis/bottle
,,,0,,,local.mqtt.telegraf,43,43.34,,,08a6f769c348,08a6f769c348-226,226,08:A6:F7:69:C3:48,ON,13704149,1780833155829,13704153,1780833155833,13887327,1780833155759,27,2026-06-07T11:52:36.746226Z,,oasis/bottle
,,,0,,,local.mqtt.telegraf,43,39.14,,,08a6f76bd428,08a6f76bd428-227,227,08:A6:F7:6B:D4:28,ON,13705629,1780833157309,13705633,1780833157313,13853226,1780833156078,27,2026-06-07T11:52:38.2348751Z,,oasis/bottle
,,,0,,,local.mqtt.telegraf,44,31.89,,,08a6f75abdf0,08a6f75abdf0-227,227,08:A6:F7:5A:BD:F0,ON,13706321,1780833158001,13706327,1780833158007,13806497,1780833156089,27,2026-06-07T11:52:38.9193725Z,,oasis/bottle
,,,0,,,local.mqtt.telegraf,43,43.37,,,08a6f769c348,08a6f769c348-227,227,08:A6:F7:69:C3:48,ON,13707509,1780833159189,13707513,1780833159193,13890686,1780833159118,27,2026-06-07T11:52:40.1216955Z,,oasis/bottle
,,,0,,,local.mqtt.telegraf,43,39.21,,,08a6f76bd428,08a6f76bd428-228,228,08:A6:F7:6B:D4:28,ON,13708869,1780833160549,13708873,1780833160553,13856466,1780833159318,27,2026-06-07T11:52:41.4655387Z,,oasis/bottle
,,,0,,,local.mqtt.telegraf,44,31.89,,,08a6f75abdf0,08a6f75abdf0-228,228,08:A6:F7:5A:BD:F0,ON,13709589,1780833161270,13709594,1780833161274,13809767,1780833159359,27,2026-06-07T11:52:42.1812032Z,,oasis/bottle
,,,0,,,local.mqtt.telegraf,43,43.45,,,08a6f769c348,08a6f769c348-228,228,08:A6:F7:69:C3:48,ON,13710869,1780833162549,13710873,1780833162553,13894046,1780833162478,27,2026-06-07T11:52:43.4739766Z,,oasis/bottle
,,,0,,,local.mqtt.telegraf,42,39.11,,,08a6f76bd428,08a6f76bd428-229,229,08:A6:F7:6B:D4:28,ON,13712219,1780833163899,13712223,1780833163903,13859816,1780833162668,27,2026-06-07T11:52:44.8276545Z,,oasis/bottle
,,,0,,,local.mqtt.telegraf,44,32.02,,,08a6f75abdf0,08a6f75abdf0-229,229,08:A6:F7:5A:BD:F0,ON,13712990,1780833164670,13712994,1780833164674,13813166,1780833162758,27,2026-06-07T11:52:45.5959889Z,,oasis/bottle
,,,0,,,local.mqtt.telegraf,43,43.37,,,08a6f769c348,08a6f769c348-229,229,08:A6:F7:69:C3:48,ON,13714199,1780833165879,13714203,1780833165883,13897377,1780833165799,27,2026-06-07T11:52:46.8009773Z,,oasis/bottle
,,,0,,,local.mqtt.telegraf,42,39.12,,,08a6f76bd428,08a6f76bd428-230,230,08:A6:F7:6B:D4:28,ON,13715549,1780833167229,13715554,1780833167234,13863146,1780833166238,27,2026-06-07T11:52:48.1565276Z,,oasis/bottle
,,,0,,,local.mqtt.telegraf,44,32.11,,,08a6f75abdf0,08a6f75abdf0-230,230,08:A6:F7:5A:BD:F0,ON,13716179,1780833167859,13716184,1780833167864,13816357,1780833166099,27,2026-06-07T11:52:48.7827Z,,oasis/bottle
,,,0,,,local.mqtt.telegraf,43,43.42,,,08a6f769c348,08a6f769c348-230,230,08:A6:F7:69:C3:48,ON,13717489,1780833169169,13717493,1780833169173,13900666,1780833169088,27,2026-06-07T11:52:50.1029019Z,,oasis/bottle
,,,0,,,local.mqtt.telegraf,43,39.1,,,08a6f76bd428,08a6f76bd428-231,231,08:A6:F7:6B:D4:28,ON,13718829,1780833170509,13718834,1780833170514,13866426,1780833169518,27,2026-06-07T11:52:51.4355479Z,,oasis/bottle
,,,0,,,local.mqtt.telegraf,44,31.9,,,08a6f75abdf0,08a6f75abdf0-231,231,08:A6:F7:5A:BD:F0,ON,13719429,1780833171110,13719434,1780833171114,13819606,1780833169348,27,2026-06-07T11:52:52.0366039Z,,oasis/bottle
,,,0,,,local.mqtt.telegraf,43,43.5,,,08a6f769c348,08a6f769c348-231,231,08:A6:F7:69:C3:48,ON,13720699,1780833172379,13720703,1780833172383,13903876,1780833172298,27,2026-06-07T11:52:53.3058033Z,,oasis/bottle
,,,0,,,local.mqtt.telegraf,43,39.3,,,08a6f76bd428,08a6f76bd428-232,232,08:A6:F7:6B:D4:28,ON,13722019,1780833173699,13722023,1780833173703,13869616,1780833172708,27,2026-06-07T11:52:54.624643Z,,oasis/bottle
,,,0,,,local.mqtt.telegraf,44,32.03,,,08a6f75abdf0,08a6f75abdf0-232,232,08:A6:F7:5A:BD:F0,ON,13722789,1780833174470,13722794,1780833174474,13822966,1780833172708,27,2026-06-07T11:52:55.3909385Z,,oasis/bottle
,,,0,,,local.mqtt.telegraf,43,43.58,,,08a6f769c348,08a6f769c348-232,232,08:A6:F7:69:C3:48,ON,13723979,1780833175659,13723983,1780833175663,13907157,1780833175578,27,2026-06-07T11:52:56.5770096Z,,oasis/bottle
,,,0,,,local.mqtt.telegraf,42,39.12,,,08a6f76bd428,08a6f76bd428-233,233,08:A6:F7:6B:D4:28,ON,13725269,1780833176949,13725273,1780833176953,13872866,1780833176186,27,2026-06-07T11:52:57.8760321Z,,oasis/bottle
,,,0,,,local.mqtt.telegraf,44,32.03,,,08a6f75abdf0,08a6f75abdf0-233,233,08:A6:F7:5A:BD:F0,ON,13726139,1780833177820,13726144,1780833177824,13826317,1780833176288,27,2026-06-07T11:52:58.7420214Z,,oasis/bottle
,,,0,,,local.mqtt.telegraf,43,43.37,,,08a6f769c348,08a6f769c348-233,233,08:A6:F7:69:C3:48,ON,13727169,1780833178849,13727173,1780833178853,13910346,1780833178767,27,2026-06-07T11:52:59.7724419Z,,oasis/bottle
,,,0,,,local.mqtt.telegraf,43,39.18,,,08a6f76bd428,08a6f76bd428-234,234,08:A6:F7:6B:D4:28,ON,13728629,1780833180309,13728633,1780833180313,13876226,1780833179546,27,2026-06-07T11:53:01.2348385Z,,oasis/bottle
,,,0,,,local.mqtt.telegraf,44,32.06,,,08a6f75abdf0,08a6f75abdf0-234,234,08:A6:F7:5A:BD:F0,ON,13729469,1780833181150,13729474,1780833181154,13829646,1780833179617,27,2026-06-07T11:53:02.0711872Z,,oasis/bottle
,,,0,,,local.mqtt.telegraf,43,43.49,,,08a6f769c348,08a6f769c348-234,234,08:A6:F7:69:C3:48,ON,13730429,1780833182109,13730433,1780833182113,13913606,1780833182027,27,2026-06-07T11:53:03.0292073Z,,oasis/bottle
,,,0,,,local.mqtt.telegraf,43,39.22,,,08a6f76bd428,08a6f76bd428-235,235,08:A6:F7:6B:D4:28,ON,13731979,1780833183659,13731983,1780833183663,13879576,1780833182896,27,2026-06-07T11:53:04.5820777Z,,oasis/bottle
,,,0,,,local.mqtt.telegraf,44,32.03,,,08a6f75abdf0,08a6f75abdf0-235,235,08:A6:F7:5A:BD:F0,ON,13732750,1780833184430,13732755,1780833184435,13832926,1780833182897,27,2026-06-07T11:53:05.349516Z,,oasis/bottle
,,,0,,,local.mqtt.telegraf,43,43.32,,,08a6f769c348,08a6f769c348-235,235,08:A6:F7:69:C3:48,ON,13733799,1780833185479,13733803,1780833185483,13916977,1780833185399,27,2026-06-07T11:53:06.3981283Z,,oasis/bottle
,,,0,,,local.mqtt.telegraf,43,39.21,,,08a6f76bd428,08a6f76bd428-236,236,08:A6:F7:6B:D4:28,ON,13735299,1780833186979,13735303,1780833186983,13882896,1780833186298,27,2026-06-07T11:53:07.9481416Z,,oasis/bottle
,,,0,,,local.mqtt.telegraf,44,32.06,,,08a6f75abdf0,08a6f75abdf0-236,236,08:A6:F7:5A:BD:F0,ON,13735939,1780833187619,13735944,1780833187624,13836117,1780833186169,27,2026-06-07T11:53:08.5402262Z,,oasis/bottle
,,,0,,,local.mqtt.telegraf,43,43.34,,,08a6f769c348,08a6f769c348-236,236,08:A6:F7:69:C3:48,ON,13737169,1780833188849,13737173,1780833188853,13920346,1780833188768,27,2026-06-07T11:53:09.7766506Z,,oasis/bottle
,,,0,,,local.mqtt.telegraf,42,39.06,,,08a6f76bd428,08a6f76bd428-237,237,08:A6:F7:6B:D4:28,ON,13738579,1780833190259,13738583,1780833190263,13886167,1780833189569,27,2026-06-07T11:53:11.1861967Z,,oasis/bottle
,,,0,,,local.mqtt.telegraf,44,32.02,,,08a6f75abdf0,08a6f75abdf0-237,237,08:A6:F7:5A:BD:F0,ON,13739179,1780833190859,13739184,1780833190864,13839356,1780833189408,27,2026-06-07T11:53:11.7781669Z,,oasis/bottle
,,,0,,,local.mqtt.telegraf,43,43.19,,,08a6f769c348,08a6f769c348-237,237,08:A6:F7:69:C3:48,ON,13740539,1780833192219,13740544,1780833192224,13923716,1780833192138,27,2026-06-07T11:53:13.1464636Z,,oasis/bottle
,,,0,,,local.mqtt.telegraf,42,39.18,,,08a6f76bd428,08a6f76bd428-238,238,08:A6:F7:6B:D4:28,ON,13741749,1780833193429,13741753,1780833193433,13889346,1780833192748,27,2026-06-07T11:53:14.3601423Z,,oasis/bottle
,,,0,,,local.mqtt.telegraf,44,31.94,,,08a6f75abdf0,08a6f75abdf0-238,238,08:A6:F7:5A:BD:F0,ON,13742539,1780833194219,13742543,1780833194223,13842706,1780833192758,27,2026-06-07T11:53:15.1464973Z,,oasis/bottle
,,,0,,,local.mqtt.telegraf,43,43.44,,,08a6f769c348,08a6f769c348-238,238,08:A6:F7:69:C3:48,ON,13743899,1780833195579,13743903,1780833195583,13927077,1780833195499,27,2026-06-07T11:53:16.5089025Z,,oasis/bottle
,,,0,,,local.mqtt.telegraf,43,39.54,,,08a6f76bd428,08a6f76bd428-239,239,08:A6:F7:6B:D4:28,ON,13744960,1780833196640,13744964,1780833196644,13892559,1780833196231,27,2026-06-07T11:53:17.5583135Z,,oasis/bottle
,,,0,,,local.mqtt.telegraf,44,31.98,,,08a6f75abdf0,08a6f75abdf0-239,239,08:A6:F7:5A:BD:F0,ON,13745861,1780833197541,13745865,1780833197545,13846037,1780833196349,27,2026-06-07T11:53:18.4546822Z,,oasis/bottle
,,,0,,,local.mqtt.telegraf,43,43.26,,,08a6f769c348,08a6f769c348-239,239,08:A6:F7:69:C3:48,ON,13747249,1780833198929,13747253,1780833198933,13930426,1780833198848,27,2026-06-07T11:53:19.8585424Z,,oasis/bottle
,,,0,,,local.mqtt.telegraf,43,39.3,,,08a6f76bd428,08a6f76bd428-240,240,08:A6:F7:6B:D4:28,ON,13748259,1780833199939,13748263,1780833199943,13895856,1780833199528,27,2026-06-07T11:53:20.867633Z,,oasis/bottle
,,,0,,,local.mqtt.telegraf,44,32.11,,,08a6f75abdf0,08a6f75abdf0-240,240,08:A6:F7:5A:BD:F0,ON,13749140,1780833200820,13749144,1780833200824,13849316,1780833199628,27,2026-06-07T11:53:21.7357045Z,,oasis/bottle
,,,0,,,local.mqtt.telegraf,43,43.38,,,08a6f769c348,08a6f769c348-240,240,08:A6:F7:69:C3:48,ON,13750569,1780833202249,13750574,1780833202254,13933746,1780833202168,27,2026-06-07T11:53:23.1755709Z,,oasis/bottle
,,,0,,,local.mqtt.telegraf,42,39.04,,,08a6f76bd428,08a6f76bd428-241,241,08:A6:F7:6B:D4:28,ON,13751478,1780833203159,13751483,1780833203163,13899076,1780833202748,27,2026-06-07T11:53:24.0819569Z,,oasis/bottle
,,,0,,,local.mqtt.telegraf,44,32.02,,,08a6f75abdf0,08a6f75abdf0-241,241,08:A6:F7:5A:BD:F0,ON,13752339,1780833204019,13752343,1780833204023,13852506,1780833202818,27,2026-06-07T11:53:24.9382096Z,,oasis/bottle
,,,0,,,local.mqtt.telegraf,43,43.45,,,08a6f769c348,08a6f769c348-241,241,08:A6:F7:69:C3:48,ON,13753839,1780833205519,13753843,1780833205523,13937017,1780833205437,27,2026-06-07T11:53:26.4444466Z,,oasis/bottle
,,,0,,,local.mqtt.telegraf,43,38.99,,,08a6f76bd428,08a6f76bd428-242,242,08:A6:F7:6B:D4:28,ON,13754779,1780833206459,13754783,1780833206463,13902376,1780833206346,27,2026-06-07T11:53:27.3636931Z,,oasis/bottle
,,,0,,,local.mqtt.telegraf,44,32.09,,,08a6f75abdf0,08a6f75abdf0-242,242,08:A6:F7:5A:BD:F0,ON,13755579,1780833207260,13755584,1780833207264,13855757,1780833206297,27,2026-06-07T11:53:28.1798125Z,,oasis/bottle
,,,0,,,local.mqtt.telegraf,43,43.42,,,08a6f769c348,08a6f769c348-242,242,08:A6:F7:69:C3:48,ON,13757249,1780833208929,13757253,1780833208933,13940426,1780833208846,27,2026-06-07T11:53:29.8540429Z,,oasis/bottle
,,,0,,,local.mqtt.telegraf,42,39.15,,,08a6f76bd428,08a6f76bd428-243,243,08:A6:F7:6B:D4:28,ON,13758009,1780833209689,13758013,1780833209693,13905606,1780833209576,27,2026-06-07T11:53:30.610256Z,,oasis/bottle
,,,0,,,local.mqtt.telegraf,44,32.06,,,08a6f75abdf0,08a6f75abdf0-243,243,08:A6:F7:5A:BD:F0,ON,13758939,1780833210619,13758944,1780833210624,13859116,1780833209656,27,2026-06-07T11:53:31.5386983Z,,oasis/bottle
,,,0,,,local.mqtt.telegraf,43,43.32,,,08a6f769c348,08a6f769c348-243,243,08:A6:F7:69:C3:48,ON,13760449,1780833212129,13760453,1780833212133,13943627,1780833212047,27,2026-06-07T11:53:33.03976Z,,oasis/bottle
,,,0,,,local.mqtt.telegraf,42,39.27,,,08a6f76bd428,08a6f76bd428-244,244,08:A6:F7:6B:D4:28,ON,13761339,1780833213019,13761343,1780833213023,13908936,1780833212906,27,2026-06-07T11:53:33.9400692Z,,oasis/bottle
,,,0,,,local.mqtt.telegraf,44,32.05,,,08a6f75abdf0,08a6f75abdf0-244,244,08:A6:F7:5A:BD:F0,ON,13762289,1780833213970,13762294,1780833213974,13862466,1780833213006,27,2026-06-07T11:53:34.8880026Z,,oasis/bottle
,,,0,,,local.mqtt.telegraf,43,43.48,,,08a6f769c348,08a6f769c348-244,244,08:A6:F7:69:C3:48,ON,13763779,1780833215459,13763784,1780833215464,13946959,1780833215391,27,2026-06-07T11:53:36.3822497Z,,oasis/bottle
,,,0,,,local.mqtt.telegraf,42,39.21,,,08a6f76bd428,08a6f76bd428-245,245,08:A6:F7:6B:D4:28,ON,13764619,1780833216299,13764623,1780833216303,13912216,1780833216237,27,2026-06-07T11:53:37.2147215Z,,oasis/bottle
,,,0,,,local.mqtt.telegraf,44,32.17,,,08a6f75abdf0,08a6f75abdf0-245,245,08:A6:F7:5A:BD:F0,ON,13765620,1780833217300,13765625,1780833217305,13865797,1780833216399,27,2026-06-07T11:53:38.2240669Z,,oasis/bottle
,,,0,,,local.mqtt.telegraf,43,43.33,,,08a6f769c348,08a6f769c348-245,245,08:A6:F7:69:C3:48,ON,13767009,1780833218689,13767013,1780833218693,13950186,1780833218618,27,2026-06-07T11:53:39.6266627Z,,oasis/bottle
,,,0,,,local.mqtt.telegraf,43,39.21,,,08a6f76bd428,08a6f76bd428-246,246,08:A6:F7:6B:D4:28,ON,13767809,1780833219489,13767813,1780833219493,13915406,1780833219427,27,2026-06-07T11:53:40.4129605Z,,oasis/bottle
,,,0,,,local.mqtt.telegraf,44,32.15,,,08a6f75abdf0,08a6f75abdf0-246,246,08:A6:F7:5A:BD:F0,ON,13768901,1780833220581,13768905,1780833220585,13869076,1780833219678,27,2026-06-07T11:53:41.4978545Z,,oasis/bottle
,,,0,,,local.mqtt.telegraf,43,43.38,,,08a6f769c348,08a6f769c348-246,246,08:A6:F7:69:C3:48,ON,13770330,1780833222010,13770334,1780833222014,13953506,1780833221938,27,2026-06-07T11:53:42.986393Z,,oasis/bottle
,,,0,,,local.mqtt.telegraf,42,39.1,,,08a6f76bd428,08a6f76bd428-247,247,08:A6:F7:6B:D4:28,ON,13771059,1780833222739,13771063,1780833222743,13918656,1780833222677,27,2026-06-07T11:53:43.6586712Z,,oasis/bottle
,,,0,,,local.mqtt.telegraf,44,32.1,,,08a6f75abdf0,08a6f75abdf0-247,247,08:A6:F7:5A:BD:F0,ON,13772089,1780833223769,13772094,1780833223774,13872266,1780833222868,27,2026-06-07T11:53:44.6874203Z,,oasis/bottle
,,,0,,,local.mqtt.telegraf,43,43.41,,,08a6f769c348,08a6f769c348-247,247,08:A6:F7:69:C3:48,ON,13773599,1780833225279,13773603,1780833225283,13956777,1780833225209,27,2026-06-07T11:53:46.205654Z,,oasis/bottle
,,,0,,,local.mqtt.telegraf,42,39.26,,,08a6f76bd428,08a6f76bd428-248,248,08:A6:F7:6B:D4:28,ON,13774419,1780833226099,13774423,1780833226103,13922016,1780833226037,27,2026-06-07T11:53:47.0178481Z,,oasis/bottle
,,,0,,,local.mqtt.telegraf,44,32.09,,,08a6f75abdf0,08a6f75abdf0-248,248,08:A6:F7:5A:BD:F0,ON,13775339,1780833227019,13775343,1780833227023,13875507,1780833226329,27,2026-06-07T11:53:47.9384804Z,,oasis/bottle
,,,0,,,local.mqtt.telegraf,43,43.42,,,08a6f769c348,08a6f769c348-248,248,08:A6:F7:69:C3:48,ON,13777009,1780833228689,13777013,1780833228693,13960187,1780833226499,27,2026-06-07T11:53:49.6186419Z,,oasis/bottle
,,,0,,,local.mqtt.telegraf,42,39.25,,,08a6f76bd428,08a6f76bd428-249,249,08:A6:F7:6B:D4:28,ON,13777769,1780833229449,13777773,1780833229453,13925366,1780833229387,27,2026-06-07T11:53:50.369984Z,,oasis/bottle
,,,0,,,local.mqtt.telegraf,44,32.14,,,08a6f75abdf0,08a6f75abdf0-249,249,08:A6:F7:5A:BD:F0,ON,13778679,1780833230360,13778684,1780833230364,13878856,1780833229678,27,2026-06-07T11:53:51.2713659Z,,oasis/bottle
,,,0,,,local.mqtt.telegraf,43,43.62,,,08a6f769c348,08a6f769c348-249,249,08:A6:F7:69:C3:48,ON,13780209,1780833231889,13780213,1780833231893,13963386,1780833229698,27,2026-06-07T11:53:52.816361Z,,oasis/bottle
,,,0,,,local.mqtt.telegraf,42,39.29,,,08a6f76bd428,08a6f76bd428-250,250,08:A6:F7:6B:D4:28,ON,13781089,1780833232769,13781094,1780833232774,13928686,1780833232707,27,2026-06-07T11:53:53.6871762Z,,oasis/bottle
,,,0,,,local.mqtt.telegraf,44,32.02,,,08a6f75abdf0,08a6f75abdf0-250,250,08:A6:F7:5A:BD:F0,ON,13782018,1780833233699,13782023,1780833233703,13882186,1780833233008,27,2026-06-07T11:53:54.6136535Z,,oasis/bottle
,,,0,,,local.mqtt.telegraf,43,43.42,,,08a6f769c348,08a6f769c348-250,250,08:A6:F7:69:C3:48,ON,13783479,1780833235160,13783484,1780833235164,13966656,1780833232968,27,2026-06-07T11:53:56.0867323Z,,oasis/bottle
,,,0,,,local.mqtt.telegraf,42,39.25,,,08a6f76bd428,08a6f76bd428-251,251,08:A6:F7:6B:D4:28,ON,13784369,1780833236049,13784373,1780833236053,13931956,1780833235977,27,2026-06-07T11:53:56.9667281Z,,oasis/bottle
,,,0,,,local.mqtt.telegraf,44,32.26,,,08a6f75abdf0,08a6f75abdf0-251,251,08:A6:F7:5A:BD:F0,ON,13785309,1780833236989,13785314,1780833236994,13885477,1780833236398,27,2026-06-07T11:53:57.9073434Z,,oasis/bottle
,,,0,,,local.mqtt.telegraf,43,43.66,,,08a6f769c348,08a6f769c348-251,251,08:A6:F7:69:C3:48,ON,13786649,1780833238329,13786653,1780833238333,13969827,1780833236269,27,2026-06-07T11:53:59.2535073Z,,oasis/bottle
,,,0,,,local.mqtt.telegraf,42,39.31,,,08a6f76bd428,08a6f76bd428-252,252,08:A6:F7:6B:D4:28,ON,13787539,1780833239219,13787544,1780833239224,13935136,1780833239157,27,2026-06-07T11:54:00.1355971Z,,oasis/bottle
,,,0,,,local.mqtt.telegraf,44,32.05,,,08a6f75abdf0,08a6f75abdf0-252,252,08:A6:F7:5A:BD:F0,ON,13788499,1780833240179,13788504,1780833240184,13888676,1780833239597,27,2026-06-07T11:54:01.0899054Z,,oasis/bottle
,,,0,,,local.mqtt.telegraf,43,43.48,,,08a6f769c348,08a6f769c348-252,252,08:A6:F7:69:C3:48,ON,13789849,1780833241529,13789853,1780833241533,13973026,1780833239468,27,2026-06-07T11:54:02.459099Z,,oasis/bottle
,,,0,,,local.mqtt.telegraf,42,39.33,,,08a6f76bd428,08a6f76bd428-253,253,08:A6:F7:6B:D4:28,ON,13790766,1780833242446,13790771,1780833242451,13938346,1780833242367,27,2026-06-07T11:54:03.3653452Z,,oasis/bottle
,,,0,,,local.mqtt.telegraf,44,32.22,,,08a6f75abdf0,08a6f75abdf0-253,253,08:A6:F7:5A:BD:F0,ON,13791779,1780833243459,13791783,1780833243463,13891946,1780833242867,27,2026-06-07T11:54:04.3780811Z,,oasis/bottle
,,,0,,,local.mqtt.telegraf,43,43.42,,,08a6f769c348,08a6f769c348-253,253,08:A6:F7:69:C3:48,ON,13793119,1780833244799,13793123,1780833244803,13976296,1780833242738,27,2026-06-07T11:54:05.724497Z,,oasis/bottle
,,,0,,,local.mqtt.telegraf,42,39.45,,,08a6f76bd428,08a6f76bd428-254,254,08:A6:F7:6B:D4:28,ON,13794049,1780833245729,13794053,1780833245733,13941646,1780833245667,27,2026-06-07T11:54:06.6620348Z,,oasis/bottle
,,,0,,,local.mqtt.telegraf,44,32.1,,,08a6f75abdf0,08a6f75abdf0-254,254,08:A6:F7:5A:BD:F0,ON,13795169,1780833246850,13795174,1780833246854,13895346,1780833246528,27,2026-06-07T11:54:07.7561071Z,,oasis/bottle
,,,0,,,local.mqtt.telegraf,43,43.62,,,08a6f769c348,08a6f769c348-254,254,08:A6:F7:69:C3:48,ON,13796519,1780833248199,13796523,1780833248203,13979697,1780833246529,27,2026-06-07T11:54:09.1254981Z,,oasis/bottle
,,,0,,,local.mqtt.telegraf,42,39.33,,,08a6f76bd428,08a6f76bd428-255,255,08:A6:F7:6B:D4:28,ON,13797269,1780833248949,13797274,1780833248954,13944866,1780833248887,27,2026-06-07T11:54:09.8699488Z,,oasis/bottle
,,,0,,,local.mqtt.telegraf,44,32.19,,,08a6f75abdf0,08a6f75abdf0-255,255,08:A6:F7:5A:BD:F0,ON,13798359,1780833250039,13798364,1780833250044,13898536,1780833249718,27,2026-06-07T11:54:10.9600865Z,,oasis/bottle
,,,0,,,local.mqtt.telegraf,43,43.48,,,08a6f769c348,08a6f769c348-255,255,08:A6:F7:69:C3:48,ON,13799719,1780833251399,13799724,1780833251404,13982896,1780833249728,27,2026-06-07T11:54:12.322421Z,,oasis/bottle
,,,0,,,local.mqtt.telegraf,42,39.39,,,08a6f76bd428,08a6f76bd428-256,256,08:A6:F7:6B:D4:28,ON,13800569,1780833252249,13800573,1780833252253,13948166,1780833252187,27,2026-06-07T11:54:13.1681924Z,,oasis/bottle
,,,0,,,local.mqtt.telegraf,44,32.15,,,08a6f75abdf0,08a6f75abdf0-256,256,08:A6:F7:5A:BD:F0,ON,13801609,1780833253289,13801614,1780833253294,13901786,1780833252968,27,2026-06-07T11:54:14.2117729Z,,oasis/bottle
,,,0,,,local.mqtt.telegraf,43,43.4,,,08a6f769c348,08a6f769c348-256,256,08:A6:F7:69:C3:48,ON,13802979,1780833254659,13802983,1780833254663,13986156,1780833252988,27,2026-06-07T11:54:15.5841977Z,,oasis/bottle
,,,0,,,local.mqtt.telegraf,42,39.23,,,08a6f76bd428,08a6f76bd428-257,257,08:A6:F7:6B:D4:28,ON,13803800,1780833255480,13803804,1780833255484,13951396,1780833255417,27,2026-06-07T11:54:16.4004345Z,,oasis/bottle
,,,0,,,local.mqtt.telegraf,44,32.14,,,08a6f75abdf0,08a6f75abdf0-257,257,08:A6:F7:5A:BD:F0,ON,13804970,1780833256650,13804974,1780833256654,13905146,1780833256508,27,2026-06-07T11:54:17.5843027Z,,oasis/bottle
,,,0,,,local.mqtt.telegraf,43,43.45,,,08a6f769c348,08a6f769c348-257,257,08:A6:F7:69:C3:48,ON,13806389,1780833258069,13806393,1780833258073,13989567,1780833256539,27,2026-06-07T11:54:18.99115Z,,oasis/bottle
,,,0,,,local.mqtt.telegraf,42,39.25,,,08a6f76bd428,08a6f76bd428-258,258,08:A6:F7:6B:D4:28,ON,13807129,1780833258810,13807134,1780833258814,13954726,1780833256477,27,2026-06-07T11:54:19.7313136Z,,oasis/bottle
,,,0,,,local.mqtt.telegraf,44,32.11,,,08a6f75abdf0,08a6f75abdf0-258,258,08:A6:F7:5A:BD:F0,ON,13808330,1780833260010,13808334,1780833260014,13908496,1780833259858,27,2026-06-07T11:54:20.9384231Z,,oasis/bottle
,,,0,,,local.mqtt.telegraf,43,43.58,,,08a6f769c348,08a6f769c348-258,258,08:A6:F7:69:C3:48,ON,13809569,1780833261249,13809573,1780833261253,13992746,1780833259718,27,2026-06-07T11:54:22.1712527Z,,oasis/bottle
,,,0,,,local.mqtt.telegraf,42,39.3,,,08a6f76bd428,08a6f76bd428-259,259,08:A6:F7:6B:D4:28,ON,13810419,1780833262099,13810423,1780833262103,13958016,1780833259767,27,2026-06-07T11:54:23.0162863Z,,oasis/bottle
,,,0,,,local.mqtt.telegraf,44,32.21,,,08a6f75abdf0,08a6f75abdf0-259,259,08:A6:F7:5A:BD:F0,ON,13811659,1780833263339,13811663,1780833263343,13911826,1780833263188,27,2026-06-07T11:54:24.2646538Z,,oasis/bottle
,,,0,,,local.mqtt.telegraf,43,43.56,,,08a6f769c348,08a6f769c348-259,259,08:A6:F7:69:C3:48,ON,13812789,1780833264469,13812793,1780833264473,13995966,1780833262938,27,2026-06-07T11:54:25.3930103Z,,oasis/bottle
,,,0,,,local.mqtt.telegraf,42,39.25,,,08a6f76bd428,08a6f76bd428-260,260,08:A6:F7:6B:D4:28,ON,13813629,1780833265309,13813633,1780833265313,13961216,1780833262967,27,2026-06-07T11:54:26.2394076Z,,oasis/bottle
,,,0,,,local.mqtt.telegraf,44,32.23,,,08a6f75abdf0,08a6f75abdf0-260,260,08:A6:F7:5A:BD:F0,ON,13814939,1780833266619,13814943,1780833266623,13915107,1780833266449,27,2026-06-07T11:54:27.5448102Z,,oasis/bottle
,,,0,,,local.mqtt.telegraf,43,43.54,,,08a6f769c348,08a6f769c348-260,260,08:A6:F7:69:C3:48,ON,13816109,1780833267789,13816114,1780833267794,13999287,1780833266489,27,2026-06-07T11:54:28.7147958Z,,oasis/bottle
,,,0,,,local.mqtt.telegraf,42,39.18,,,08a6f76bd428,08a6f76bd428-261,261,08:A6:F7:6B:D4:28,ON,13816929,1780833268609,13816934,1780833268614,13964516,1780833266448,27,2026-06-07T11:54:29.5309286Z,,oasis/bottle
,,,0,,,local.mqtt.telegraf,44,32.17,,,08a6f75abdf0,08a6f75abdf0-261,261,08:A6:F7:5A:BD:F0,ON,13818119,1780833269800,13818124,1780833269804,13918296,1780833269638,27,2026-06-07T11:54:30.7312067Z,,oasis/bottle
,,,0,,,local.mqtt.telegraf,43,43.69,,,08a6f769c348,08a6f769c348-261,261,08:A6:F7:69:C3:48,ON,13819369,1780833271049,13819373,1780833271053,14002546,1780833269748,27,2026-06-07T11:54:31.969809Z,,oasis/bottle
,,,0,,,local.mqtt.telegraf,42,39.34,,,08a6f76bd428,08a6f76bd428-262,262,08:A6:F7:6B:D4:28,ON,13820119,1780833271799,13820123,1780833271803,13967716,1780833269648,27,2026-06-07T11:54:32.7209635Z,,oasis/bottle
,,,0,,,local.mqtt.telegraf,44,32.09,,,08a6f75abdf0,08a6f75abdf0-262,262,08:A6:F7:5A:BD:F0,ON,13821360,1780833273040,13821364,1780833273044,13921536,1780833272878,27,2026-06-07T11:54:33.9613602Z,,oasis/bottle
,,,0,,,local.mqtt.telegraf,43,43.5,,,08a6f769c348,08a6f769c348-262,262,08:A6:F7:69:C3:48,ON,13822748,1780833274429,13822753,1780833274433,14005929,1780833273131,27,2026-06-07T11:54:35.3608864Z,,oasis/bottle
,,,0,,,local.mqtt.telegraf,42,39.33,,,08a6f76bd428,08a6f76bd428-263,263,08:A6:F7:6B:D4:28,ON,13823379,1780833275059,13823384,1780833275064,13970976,1780833272908,27,2026-06-07T11:54:35.9802281Z,,oasis/bottle
,,,0,,,local.mqtt.telegraf,44,32.3,,,08a6f75abdf0,08a6f75abdf0-263,263,08:A6:F7:5A:BD:F0,ON,13824710,1780833276390,13824714,1780833276394,13924886,1780833276318,27,2026-06-07T11:54:37.3167994Z,,oasis/bottle
,,,0,,,local.mqtt.telegraf,43,43.5,,,08a6f769c348,08a6f769c348-263,263,08:A6:F7:69:C3:48,ON,13826149,1780833277829,13826153,1780833277833,14009327,1780833276589,27,2026-06-07T11:54:38.7549406Z,,oasis/bottle
,,,0,,,local.mqtt.telegraf,42,39.27,,,08a6f76bd428,08a6f76bd428-264,264,08:A6:F7:6B:D4:28,ON,13826769,1780833278449,13826773,1780833278453,13974366,1780833276578,27,2026-06-07T11:54:39.3754735Z,,oasis/bottle
,,,0,,,local.mqtt.telegraf,44,32.15,,,08a6f75abdf0,08a6f75abdf0-264,264,08:A6:F7:5A:BD:F0,ON,13828039,1780833279719,13828044,1780833279724,13928216,1780833279648,27,2026-06-07T11:54:40.6434072Z,,oasis/bottle
,,,0,,,local.mqtt.telegraf,43,43.26,,,08a6f769c348,08a6f769c348-264,264,08:A6:F7:69:C3:48,ON,13829329,1780833281009,13829333,1780833281013,14012506,1780833279768,27,2026-06-07T11:54:41.9310784Z,,oasis/bottle
,,,0,,,local.mqtt.telegraf,42,39.14,,,08a6f76bd428,08a6f76bd428-265,265,08:A6:F7:6B:D4:28,ON,13830170,1780833281850,13830174,1780833281854,13977766,1780833279978,27,2026-06-07T11:54:42.7723667Z,,oasis/bottle
,,,0,,,local.mqtt.telegraf,44,32.11,,,08a6f75abdf0,08a6f75abdf0-265,265,08:A6:F7:5A:BD:F0,ON,13831329,1780833283009,13831333,1780833283013,13931496,1780833282928,27,2026-06-07T11:54:43.9220723Z,,oasis/bottle
,,,0,,,local.mqtt.telegraf,43,43.26,,,08a6f769c348,08a6f769c348-265,265,08:A6:F7:69:C3:48,ON,13832559,1780833284239,13832563,1780833284243,14015736,1780833282998,27,2026-06-07T11:54:45.1666205Z,,oasis/bottle
,,,0,,,local.mqtt.telegraf,42,39.06,,,08a6f76bd428,08a6f76bd428-266,266,08:A6:F7:6B:D4:28,ON,13833359,1780833285039,13833363,1780833285043,13980956,1780833283168,27,2026-06-07T11:54:45.9607977Z,,oasis/bottle
,,,0,,,local.mqtt.telegraf,44,31.66,,,08a6f75abdf0,08a6f75abdf0-266,266,08:A6:F7:5A:BD:F0,ON,13834510,1780833286190,13834514,1780833286194,13934687,1780833286119,27,2026-06-07T11:54:47.1201231Z,,oasis/bottle
,,,0,,,local.mqtt.telegraf,43,43.61,,,08a6f769c348,08a6f769c348-266,266,08:A6:F7:69:C3:48,ON,13835879,1780833287559,13835883,1780833287563,14019057,1780833286529,27,2026-06-07T11:54:48.4793542Z,,oasis/bottle
,,,0,,,local.mqtt.telegraf,42,39.35,,,08a6f76bd428,08a6f76bd428-267,267,08:A6:F7:6B:D4:28,ON,13836599,1780833288279,13836603,1780833288283,13984197,1780833286449,27,2026-06-07T11:54:49.1976879Z,,oasis/bottle
,,,0,,,local.mqtt.telegraf,44,32.17,,,08a6f75abdf0,08a6f75abdf0-267,267,08:A6:F7:5A:BD:F0,ON,13837776,1780833289456,13837781,1780833289461,13937936,1780833289368,27,2026-06-07T11:54:50.3761327Z,,oasis/bottle
,,,0,,,local.mqtt.telegraf,43,43.57,,,08a6f769c348,08a6f769c348-267,267,08:A6:F7:69:C3:48,ON,13839149,1780833290829,13839154,1780833290834,14022327,1780833289799,27,2026-06-07T11:54:51.7495421Z,,oasis/bottle
,,,0,,,local.mqtt.telegraf,42,39.33,,,08a6f76bd428,08a6f76bd428-268,268,08:A6:F7:6B:D4:28,ON,13839949,1780833291629,13839953,1780833291633,13987546,1780833289798,27,2026-06-07T11:54:52.549188Z,,oasis/bottle
,,,0,,,local.mqtt.telegraf,44,32.36,,,08a6f75abdf0,08a6f75abdf0-268,268,08:A6:F7:5A:BD:F0,ON,13841129,1780833292810,13841134,1780833292814,13941306,1780833292738,27,2026-06-07T11:54:53.7247609Z,,oasis/bottle
,,,0,,,local.mqtt.telegraf,43,43.4,,,08a6f769c348,08a6f769c348-268,268,08:A6:F7:69:C3:48,ON,13842549,1780833294229,13842553,1780833294233,14025726,1780833293198,27,2026-06-07T11:54:55.1564853Z,,oasis/bottle
,,,0,,,local.mqtt.telegraf,42,39.3,,,08a6f76bd428,08a6f76bd428-269,269,08:A6:F7:6B:D4:28,ON,13843279,1780833294959,13843283,1780833294963,13990876,1780833293128,27,2026-06-07T11:54:55.875352Z,,oasis/bottle
,,,0,,,local.mqtt.telegraf,44,32.25,,,08a6f75abdf0,08a6f75abdf0-269,269,08:A6:F7:5A:BD:F0,ON,13844490,1780833296170,13844494,1780833296174,13944667,1780833296099,27,2026-06-07T11:54:57.0982627Z,,oasis/bottle
,,,0,,,local.mqtt.telegraf,43,43.54,,,08a6f769c348,08a6f769c348-269,269,08:A6:F7:69:C3:48,ON,13845739,1780833297419,13845743,1780833297423,14028917,1780833296419,27,2026-06-07T11:54:58.3356905Z,,oasis/bottle
,,,0,,,local.mqtt.telegraf,42,39.33,,,08a6f76bd428,08a6f76bd428-270,270,08:A6:F7:6B:D4:28,ON,13846559,1780833298239,13846563,1780833298243,13994157,1780833296509,27,2026-06-07T11:54:59.1531587Z,,oasis/bottle
,,,0,,,local.mqtt.telegraf,44,32.14,,,08a6f75abdf0,08a6f75abdf0-270,270,08:A6:F7:5A:BD:F0,ON,13847839,1780833299519,13847843,1780833299523,13948006,1780833299438,27,2026-06-07T11:55:00.4464527Z,,oasis/bottle
,,,0,,,local.mqtt.telegraf,43,43.58,,,08a6f769c348,08a6f769c348-270,270,08:A6:F7:69:C3:48,ON,13848979,1780833300659,13848984,1780833300664,14032156,1780833299658,27,2026-06-07T11:55:01.5805829Z,,oasis/bottle
,,,0,,,local.mqtt.telegraf,42,39.33,,,08a6f76bd428,08a6f76bd428-271,271,08:A6:F7:6B:D4:28,ON,13849749,1780833301429,13849753,1780833301433,13997346,1780833299698,27,2026-06-07T11:55:02.3489856Z,,oasis/bottle
,,,0,,,local.mqtt.telegraf,44,32.27,,,08a6f75abdf0,08a6f75abdf0-271,271,08:A6:F7:5A:BD:F0,ON,13851169,1780833302849,13851173,1780833302853,13951336,1780833302768,27,2026-06-07T11:55:03.777626Z,,oasis/bottle
,,,0,,,local.mqtt.telegraf,43,43.62,,,08a6f769c348,08a6f769c348-271,271,08:A6:F7:69:C3:48,ON,13852330,1780833304010,13852335,1780833304015,14035506,1780833303008,27,2026-06-07T11:55:04.9340807Z,,oasis/bottle
,,,0,,,local.mqtt.telegraf,42,39.34,,,08a6f76bd428,08a6f76bd428-272,272,08:A6:F7:6B:D4:28,ON,13852999,1780833304679,13853003,1780833304683,14000596,1780833302948,27,2026-06-07T11:55:05.5983002Z,,oasis/bottle
,,,0,,,local.mqtt.telegraf,44,32.25,,,08a6f75abdf0,08a6f75abdf0-272,272,08:A6:F7:5A:BD:F0,ON,13854429,1780833306110,13854434,1780833306114,13954607,1780833306039,27,2026-06-07T11:55:07.0383085Z,,oasis/bottle
,,,0,,,local.mqtt.telegraf,43,43.37,,,08a6f769c348,08a6f769c348-272,272,08:A6:F7:69:C3:48,ON,13855659,1780833307339,13855663,1780833307343,14038837,1780833306579,27,2026-06-07T11:55:08.2627905Z,,oasis/bottle
,,,0,,,local.mqtt.telegraf,42,39.39,,,08a6f76bd428,08a6f76bd428-273,273,08:A6:F7:6B:D4:28,ON,13856359,1780833308040,13856364,1780833308044,14003956,1780833306608,27,2026-06-07T11:55:08.9577334Z,,oasis/bottle
,,,0,,,local.mqtt.telegraf,44,32.05,,,08a6f75abdf0,08a6f75abdf0-273,273,08:A6:F7:5A:BD:F0,ON,13857829,1780833309509,13857834,1780833309514,13958006,1780833309438,27,2026-06-07T11:55:10.4367084Z,,oasis/bottle
,,,0,,,local.mqtt.telegraf,43,43.64,,,08a6f769c348,08a6f769c348-273,273,08:A6:F7:69:C3:48,ON,13858939,1780833310619,13858943,1780833310623,14042117,1780833309859,27,2026-06-07T11:55:11.5423855Z,,oasis/bottle
,,,0,,,local.mqtt.telegraf,42,39.22,,,08a6f76bd428,08a6f76bd428-274,274,08:A6:F7:6B:D4:28,ON,13859709,1780833311390,13859714,1780833311394,14007306,1780833309958,27,2026-06-07T11:55:12.3077513Z,,oasis/bottle
,,,0,,,local.mqtt.telegraf,44,32.01,,,08a6f75abdf0,08a6f75abdf0-274,274,08:A6:F7:5A:BD:F0,ON,13861019,1780833312699,13861024,1780833312704,13961196,1780833312628,27,2026-06-07T11:55:13.6259632Z,,oasis/bottle
,,,0,,,local.mqtt.telegraf,43,43.34,,,08a6f769c348,08a6f769c348-274,274,08:A6:F7:69:C3:48,ON,13862129,1780833313809,13862133,1780833313813,14045306,1780833313048,27,2026-06-07T11:55:14.7326772Z,,oasis/bottle
,,,0,,,local.mqtt.telegraf,42,39.35,,,08a6f76bd428,08a6f76bd428-275,275,08:A6:F7:6B:D4:28,ON,13863040,1780833314720,13863044,1780833314724,14010636,1780833313288,27,2026-06-07T11:55:15.6395828Z,,oasis/bottle
,,,0,,,local.mqtt.telegraf,44,32.19,,,08a6f75abdf0,08a6f75abdf0-275,275,08:A6:F7:5A:BD:F0,ON,13864279,1780833315959,13864283,1780833315963,13964447,1780833315879,27,2026-06-07T11:55:16.8876348Z,,oasis/bottle
,,,0,,,local.mqtt.telegraf,43,43.49,,,08a6f769c348,08a6f769c348-275,275,08:A6:F7:69:C3:48,ON,13865379,1780833317059,13865383,1780833317063,14048557,1780833316519,27,2026-06-07T11:55:17.9825414Z,,oasis/bottle
,,,0,,,local.mqtt.telegraf,42,39.41,,,08a6f76bd428,08a6f76bd428-276,276,08:A6:F7:6B:D4:28,ON,13866320,1780833318000,13866326,1780833318006,14013916,1780833316547,27,2026-06-07T11:55:18.9239164Z,,oasis/bottle
,,,0,,,local.mqtt.telegraf,44,32.27,,,08a6f75abdf0,08a6f75abdf0-276,276,08:A6:F7:5A:BD:F0,ON,13867639,1780833319319,13867644,1780833319324,13967816,1780833319248,27,2026-06-07T11:55:20.2466887Z,,oasis/bottle
,,,0,,,local.mqtt.telegraf,43,43.54,,,08a6f769c348,08a6f769c348-276,276,08:A6:F7:69:C3:48,ON,13868749,1780833320429,13868753,1780833320433,14051926,1780833319888,27,2026-06-07T11:55:21.3499097Z,,oasis/bottle
,,,0,,,local.mqtt.telegraf,42,39.39,,,08a6f76bd428,08a6f76bd428-277,277,08:A6:F7:6B:D4:28,ON,13869509,1780833321189,13869513,1780833321193,14017106,1780833319737,27,2026-06-07T11:55:22.1115842Z,,oasis/bottle
,,,0,,,local.mqtt.telegraf,44,32.19,,,08a6f75abdf0,08a6f75abdf0-277,277,08:A6:F7:5A:BD:F0,ON,13871009,1780833322689,13871013,1780833322693,13971176,1780833322608,27,2026-06-07T11:55:23.6140618Z,,oasis/bottle
,,,0,,,local.mqtt.telegraf,43,43.53,,,08a6f769c348,08a6f769c348-277,277,08:A6:F7:69:C3:48,ON,13872108,1780833323789,13872113,1780833323793,14055286,1780833323248,27,2026-06-07T11:55:24.7137925Z,,oasis/bottle
,,,0,,,local.mqtt.telegraf,42,39.37,,,08a6f76bd428,08a6f76bd428-278,278,08:A6:F7:6B:D4:28,ON,13872759,1780833324439,13872763,1780833324443,14020346,1780833322977,27,2026-06-07T11:55:25.3598216Z,,oasis/bottle
,,,0,,,local.mqtt.telegraf,44,32.22,,,08a6f75abdf0,08a6f75abdf0-278,278,08:A6:F7:5A:BD:F0,ON,13874349,1780833326029,13874353,1780833326033,13974520,1780833325952,27,2026-06-07T11:55:26.9520146Z,,oasis/bottle
,,,0,,,local.mqtt.telegraf,43,43.45,,,08a6f769c348,08a6f769c348-278,278,08:A6:F7:69:C3:48,ON,13875459,1780833327139,13875463,1780833327143,14058637,1780833326639,27,2026-06-07T11:55:28.0620808Z,,oasis/bottle
,,,0,,,local.mqtt.telegraf,42,39.35,,,08a6f76bd428,08a6f76bd428-279,279,08:A6:F7:6B:D4:28,ON,13876109,1780833327789,13876113,1780833327793,14023706,1780833326647,27,2026-06-07T11:55:28.7151987Z,,oasis/bottle
,,,0,,,local.mqtt.telegraf,44,32.21,,,08a6f75abdf0,08a6f75abdf0-279,279,08:A6:F7:5A:BD:F0,ON,13877659,1780833329340,13877664,1780833329344,13977836,1780833329268,27,2026-06-07T11:55:30.2652525Z,,oasis/bottle
,,,0,,,local.mqtt.telegraf,43,43.62,,,08a6f769c348,08a6f769c348-279,279,08:A6:F7:69:C3:48,ON,13878789,1780833330469,13878793,1780833330473,14061966,1780833329968,27,2026-06-07T11:55:31.3919814Z,,oasis/bottle
,,,0,,,local.mqtt.telegraf,42,39.38,,,08a6f76bd428,08a6f76bd428-280,280,08:A6:F7:6B:D4:28,ON,13879449,1780833331130,13879454,1780833331134,14027046,1780833329987,27,2026-06-07T11:55:32.0593872Z,,oasis/bottle
,,,0,,,local.mqtt.telegraf,44,32.27,,,08a6f75abdf0,08a6f75abdf0-280,280,08:A6:F7:5A:BD:F0,ON,13880929,1780833332609,13880934,1780833332614,13981096,1780833332528,27,2026-06-07T11:55:33.5492963Z,,oasis/bottle
,,,0,,,local.mqtt.telegraf,43,43.65,,,08a6f769c348,08a6f769c348-280,280,08:A6:F7:69:C3:48,ON,13882069,1780833333749,13882073,1780833333753,14065240,1780833333242,27,2026-06-07T11:55:34.6686065Z,,oasis/bottle
,,,0,,,local.mqtt.telegraf,42,39.34,,,08a6f76bd428,08a6f76bd428-281,281,08:A6:F7:6B:D4:28,ON,13882759,1780833334439,13882763,1780833334443,14030356,1780833333297,27,2026-06-07T11:55:35.3627286Z,,oasis/bottle
,,,0,,,local.mqtt.telegraf,44,32.27,,,08a6f75abdf0,08a6f75abdf0-281,281,08:A6:F7:5A:BD:F0,ON,13884310,1780833335990,13884315,1780833335995,13984487,1780833335919,27,2026-06-07T11:55:36.9209943Z,,oasis/bottle
,,,0,,,local.mqtt.telegraf,43,43.56,,,08a6f769c348,08a6f769c348-281,281,08:A6:F7:69:C3:48,ON,13885249,1780833336929,13885261,1780833336941,14068427,1780833336489,27,2026-06-07T11:55:37.8497052Z,,oasis/bottle
,,,0,,,local.mqtt.telegraf,42,39.19,,,08a6f76bd428,08a6f76bd428-282,282,08:A6:F7:6B:D4:28,ON,13886000,1780833337680,13886004,1780833337684,14033596,1780833336548,27,2026-06-07T11:55:38.5993327Z,,oasis/bottle
,,,0,,,local.mqtt.telegraf,44,32.29,,,08a6f75abdf0,08a6f75abdf0-282,282,08:A6:F7:5A:BD:F0,ON,13887709,1780833339390,13887714,1780833339394,13987886,1780833339318,27,2026-06-07T11:55:40.3204487Z,,oasis/bottle
,,,0,,,local.mqtt.telegraf,43,43.62,,,08a6f769c348,08a6f769c348-282,282,08:A6:F7:69:C3:48,ON,13888479,1780833340159,13888483,1780833340163,14071656,1780833339718,27,2026-06-07T11:55:41.0779513Z,,oasis/bottle
,,,0,,,local.mqtt.telegraf,42,39.3,,,08a6f76bd428,08a6f76bd428-283,283,08:A6:F7:6B:D4:28,ON,13889349,1780833341029,13889353,1780833341033,14036946,1780833339898,27,2026-06-07T11:55:41.9817048Z,,oasis/bottle
,,,0,,,local.mqtt.telegraf,44,32.15,,,08a6f75abdf0,08a6f75abdf0-283,283,08:A6:F7:5A:BD:F0,ON,13890899,1780833342579,13890903,1780833342583,13991066,1780833342498,27,2026-06-07T11:55:43.5044382Z,,oasis/bottle
,,,0,,,local.mqtt.telegraf,43,43.61,,,08a6f769c348,08a6f769c348-283,283,08:A6:F7:69:C3:48,ON,13891809,1780833343489,13891813,1780833343493,14074986,1780833343048,27,2026-06-07T11:55:44.4096797Z,,oasis/bottle
,,,0,,,local.mqtt.telegraf,42,39.57,,,08a6f76bd428,08a6f76bd428-284,284,08:A6:F7:6B:D4:28,ON,13892669,1780833344349,13892673,1780833344354,14040266,1780833343218,27,2026-06-07T11:55:45.2639566Z,,oasis/bottle
,,,0,,,local.mqtt.telegraf,43,32.36,,,08a6f75abdf0,08a6f75abdf0-284,284,08:A6:F7:5A:BD:F0,ON,13894129,1780833345810,13894134,1780833345814,13994307,1780833345739,27,2026-06-07T11:55:46.7338513Z,,oasis/bottle
,,,0,,,local.mqtt.telegraf,43,43.62,,,08a6f769c348,08a6f769c348-284,284,08:A6:F7:69:C3:48,ON,13895089,1780833346769,13895093,1780833346773,14078267,1780833346609,27,2026-06-07T11:55:47.6911797Z,,oasis/bottle
,,,0,,,local.mqtt.telegraf,42,39.42,,,08a6f76bd428,08a6f76bd428-285,285,08:A6:F7:6B:D4:28,ON,13895939,1780833347619,13895943,1780833347623,14043536,1780833346598,27,2026-06-07T11:55:48.5377093Z,,oasis/bottle
,,,0,,,local.mqtt.telegraf,44,32.41,,,08a6f75abdf0,08a6f75abdf0-285,285,08:A6:F7:5A:BD:F0,ON,13897469,1780833349149,13897474,1780833349154,13997646,1780833349078,27,2026-06-07T11:55:50.072359Z,,oasis/bottle
,,,0,,,local.mqtt.telegraf,43,43.58,,,08a6f769c348,08a6f769c348-285,285,08:A6:F7:69:C3:48,ON,13898279,1780833349959,13898283,1780833349963,14081456,1780833349798,27,2026-06-07T11:55:50.877441Z,,oasis/bottle
,,,0,,,local.mqtt.telegraf,42,39.42,,,08a6f76bd428,08a6f76bd428-286,286,08:A6:F7:6B:D4:28,ON,13899349,1780833351029,13899353,1780833351033,14046936,1780833349998,27,2026-06-07T11:55:51.9452016Z,,oasis/bottle
,,,0,,,local.mqtt.telegraf,43,32.38,,,08a6f75abdf0,08a6f75abdf0-286,286,08:A6:F7:5A:BD:F0,ON,13900769,1780833352449,13900774,1780833352454,14000947,1780833352379,27,2026-06-07T11:55:53.3720643Z,,oasis/bottle
,,,0,,,local.mqtt.telegraf,43,43.61,,,08a6f769c348,08a6f769c348-286,286,08:A6:F7:69:C3:48,ON,13901529,1780833353209,13901533,1780833353213,14084706,1780833353048,27,2026-06-07T11:55:54.1314687Z,,oasis/bottle
,,,0,,,local.mqtt.telegraf,42,39.34,,,08a6f76bd428,08a6f76bd428-287,287,08:A6:F7:6B:D4:28,ON,13902549,1780833354229,13902553,1780833354233,14050136,1780833353198,27,2026-06-07T11:55:55.1480467Z,,oasis/bottle
,,,0,,,local.mqtt.telegraf,44,32.27,,,08a6f75abdf0,08a6f75abdf0-287,287,08:A6:F7:5A:BD:F0,ON,13904009,1780833355690,13904014,1780833355694,14004186,1780833355618,27,2026-06-07T11:55:56.6188419Z,,oasis/bottle
,,,0,,,local.mqtt.telegraf,43,43.5,,,08a6f769c348,08a6f769c348-287,287,08:A6:F7:69:C3:48,ON,13904889,1780833356569,13904894,1780833356574,14088067,1780833356489,27,2026-06-07T11:55:57.4837506Z,,oasis/bottle
,,,0,,,local.mqtt.telegraf,42,39.33,,,08a6f76bd428,08a6f76bd428-288,288,08:A6:F7:6B:D4:28,ON,13905809,1780833357489,13905814,1780833357494,14053406,1780833356617,27,2026-06-07T11:55:58.4027721Z,,oasis/bottle
,,,0,,,local.mqtt.telegraf,44,32.33,,,08a6f75abdf0,08a6f75abdf0-288,288,08:A6:F7:5A:BD:F0,ON,13907350,1780833359030,13907354,1780833359035,14007526,1780833356688,27,2026-06-07T11:55:59.9581896Z,,oasis/bottle
,,,0,,,local.mqtt.telegraf,43,43.5,,,08a6f769c348,08a6f769c348-288,288,08:A6:F7:69:C3:48,ON,13908239,1780833359919,13908243,1780833359923,14091416,1780833359838,27,2026-06-07T11:56:00.8515924Z,,oasis/bottle
,,,0,,,local.mqtt.telegraf,42,39.33,,,08a6f76bd428,08a6f76bd428-289,289,08:A6:F7:6B:D4:28,ON,13909199,1780833360879,13909203,1780833360883,14056796,1780833360007,27,2026-06-07T11:56:01.797544Z,,oasis/bottle
,,,0,,,local.mqtt.telegraf,43,32.38,,,08a6f75abdf0,08a6f75abdf0-289,289,08:A6:F7:5A:BD:F0,ON,13910650,1780833362330,13910654,1780833362334,14010827,1780833359989,27,2026-06-07T11:56:03.2549053Z,,oasis/bottle
,,,0,,,local.mqtt.telegraf,43,43.62,,,08a6f769c348,08a6f769c348-289,289,08:A6:F7:69:C3:48,ON,13911569,1780833363249,13911573,1780833363253,14094746,1780833363168,27,2026-06-07T11:56:04.1555703Z,,oasis/bottle
,,,0,,,local.mqtt.telegraf,42,39.42,,,08a6f76bd428,08a6f76bd428-290,290,08:A6:F7:6B:D4:28,ON,13912369,1780833364049,13912374,1780833364054,14059966,1780833363177,27,2026-06-07T11:56:04.9538259Z,,oasis/bottle
,,,0,,,local.mqtt.telegraf,43,32.45,,,08a6f75abdf0,08a6f75abdf0-290,290,08:A6:F7:5A:BD:F0,ON,13913880,1780833365560,13913884,1780833365564,14014057,1780833363219,27,2026-06-07T11:56:06.4726372Z,,oasis/bottle
,,,0,,,local.mqtt.telegraf,43,43.6,,,08a6f769c348,08a6f769c348-290,290,08:A6:F7:69:C3:48,ON,13914849,1780833366529,13914853,1780833366533,14098027,1780833366459,27,2026-06-07T11:56:07.4476859Z,,oasis/bottle
,,,0,,,local.mqtt.telegraf,42,39.35,,,08a6f76bd428,08a6f76bd428-291,291,08:A6:F7:6B:D4:28,ON,13915589,1780833367269,13915593,1780833367273,14063176,1780833366577,27,2026-06-07T11:56:08.1835165Z,,oasis/bottle
,,,0,,,local.mqtt.telegraf,43,32.45,,,08a6f75abdf0,08a6f75abdf0-291,291,08:A6:F7:5A:BD:F0,ON,13917209,1780833368890,13917214,1780833368894,14017387,1780833366699,27,2026-06-07T11:56:09.806186Z,,oasis/bottle
,,,0,,,local.mqtt.telegraf,43,43.5,,,08a6f769c348,08a6f769c348-291,291,08:A6:F7:69:C3:48,ON,13918039,1780833369719,13918043,1780833369723,14101216,1780833369648,27,2026-06-07T11:56:10.6432031Z,,oasis/bottle
,,,0,,,local.mqtt.telegraf,42,39.33,,,08a6f76bd428,08a6f76bd428-292,292,08:A6:F7:6B:D4:28,ON,13918869,1780833370549,13918873,1780833370553,14066466,1780833369867,27,2026-06-07T11:56:11.4663488Z,,oasis/bottle
,,,0,,,local.mqtt.telegraf,44,32.42,,,08a6f75abdf0,08a6f75abdf0-292,292,08:A6:F7:5A:BD:F0,ON,13920499,1780833372179,13920503,1780833372183,14020666,1780833369978,27,2026-06-07T11:56:13.1035038Z,,oasis/bottle
,,,0,,,local.mqtt.telegraf,43,43.58,,,08a6f769c348,08a6f769c348-292,292,08:A6:F7:69:C3:48,ON,13921279,1780833372959,13921284,1780833372964,14104456,1780833372888,27,2026-06-07T11:56:13.8767953Z,,oasis/bottle
,,,0,,,local.mqtt.telegraf,42,39.39,,,08a6f76bd428,08a6f76bd428-293,293,08:A6:F7:6B:D4:28,ON,13922068,1780833373749,13922073,1780833373753,14069666,1780833373067,27,2026-06-07T11:56:14.665471Z,,oasis/bottle
,,,0,,,local.mqtt.telegraf,44,32.38,,,08a6f75abdf0,08a6f75abdf0-293,293,08:A6:F7:5A:BD:F0,ON,13923680,1780833375360,13923684,1780833375364,14023856,1780833373168,27,2026-06-07T11:56:16.287142Z,,oasis/bottle
,,,0,,,local.mqtt.telegraf,43,43.56,,,08a6f769c348,08a6f769c348-293,293,08:A6:F7:69:C3:48,ON,13924639,1780833376319,13924643,1780833376323,14107817,1780833376249,27,2026-06-07T11:56:17.2394863Z,,oasis/bottle
,,,0,,,local.mqtt.telegraf,42,39.34,,,08a6f76bd428,08a6f76bd428-294,294,08:A6:F7:6B:D4:28,ON,13925339,1780833377019,13925343,1780833377023,14072936,1780833376658,27,2026-06-07T11:56:17.9378182Z,,oasis/bottle
,,,0,,,local.mqtt.telegraf,43,32.45,,,08a6f75abdf0,08a6f75abdf0-294,294,08:A6:F7:5A:BD:F0,ON,13926930,1780833378610,13926934,1780833378614,14027107,1780833376639,27,2026-06-07T11:56:19.5348705Z,,oasis/bottle
,,,0,,,local.mqtt.telegraf,43,43.56,,,08a6f769c348,08a6f769c348-294,294,08:A6:F7:69:C3:48,ON,13927979,1780833379659,13927983,1780833379663,14111156,1780833379588,27,2026-06-07T11:56:20.5798933Z,,oasis/bottle
,,,0,,,local.mqtt.telegraf,42,39.39,,,08a6f76bd428,08a6f76bd428-295,295,08:A6:F7:6B:D4:28,ON,13928739,1780833380419,13928743,1780833380423,14076336,1780833380058,27,2026-06-07T11:56:21.3448502Z,,oasis/bottle
,,,0,,,local.mqtt.telegraf,43,32.45,,,08a6f75abdf0,08a6f75abdf0-295,295,08:A6:F7:5A:BD:F0,ON,13930290,1780833381970,13930294,1780833381974,14030467,1780833379999,27,2026-06-07T11:56:22.8978166Z,,oasis/bottle
,,,0,,,local.mqtt.telegraf,43,43.62,,,08a6f769c348,08a6f769c348-295,295,08:A6:F7:69:C3:48,ON,13931289,1780833382969,13931293,1780833382973,14114466,1780833382898,27,2026-06-07T11:56:23.8885676Z,,oasis/bottle
,,,0,,,local.mqtt.telegraf,42,39.33,,,08a6f76bd428,08a6f76bd428-296,296,08:A6:F7:6B:D4:28,ON,13931938,1780833383618,13931943,1780833383623,14079526,1780833383248,27,2026-06-07T11:56:24.5351839Z,,oasis/bottle
,,,0,,,local.mqtt.telegraf,44,32.41,,,08a6f75abdf0,08a6f75abdf0-296,296,08:A6:F7:5A:BD:F0,ON,13933639,1780833385320,13933644,1780833385324,14033816,1780833383348,27,2026-06-07T11:56:26.2420166Z,,oasis/bottle
,,,0,,,local.mqtt.telegraf,43,43.62,,,08a6f769c348,08a6f769c348-296,296,08:A6:F7:69:C3:48,ON,13934529,1780833386209,13934533,1780833386213,14117707,1780833386139,27,2026-06-07T11:56:27.1231585Z,,oasis/bottle
,,,0,,,local.mqtt.telegraf,43,39.37,,,08a6f76bd428,08a6f76bd428-297,297,08:A6:F7:6B:D4:28,ON,13935179,1780833386859,13935183,1780833386863,14082776,1780833386657,27,2026-06-07T11:56:27.773674Z,,oasis/bottle
,,,0,,,local.mqtt.telegraf,44,32.38,,,08a6f75abdf0,08a6f75abdf0-297,297,08:A6:F7:5A:BD:F0,ON,13936969,1780833388649,13936973,1780833388653,14037137,1780833386729,27,2026-06-07T11:56:29.5816633Z,,oasis/bottle
,,,0,,,local.mqtt.telegraf,43,43.48,,,08a6f769c348,08a6f769c348-297,297,08:A6:F7:69:C3:48,ON,13937879,1780833389559,13937883,1780833389563,14121057,1780833389489,27,2026-06-07T11:56:30.468499Z,,oasis/bottle
,,,0,,,local.mqtt.telegraf,43,39.47,,,08a6f76bd428,08a6f76bd428-298,298,08:A6:F7:6B:D4:28,ON,13938539,1780833390219,13938543,1780833390223,14086136,1780833390017,27,2026-06-07T11:56:31.1401213Z,,oasis/bottle
,,,0,,,local.mqtt.telegraf,44,32.38,,,08a6f75abdf0,08a6f75abdf0-298,298,08:A6:F7:5A:BD:F0,ON,13940230,1780833391910,13940234,1780833391914,14040407,1780833389999,27,2026-06-07T11:56:32.8320016Z,,oasis/bottle
,,,0,,,local.mqtt.telegraf,43,43.58,,,08a6f769c348,08a6f769c348-298,298,08:A6:F7:69:C3:48,ON,13941199,1780833392879,13941203,1780833392883,14124376,1780833392808,27,2026-06-07T11:56:33.8094281Z,,oasis/bottle
,,,0,,,local.mqtt.telegraf,42,39.31,,,08a6f76bd428,08a6f76bd428-299,299,08:A6:F7:6B:D4:28,ON,13941889,1780833393569,13941894,1780833393574,14089486,1780833393367,27,2026-06-07T11:56:34.485399Z,,oasis/bottle
,,,0,,,local.mqtt.telegraf,43,32.45,,,08a6f75abdf0,08a6f75abdf0-299,299,08:A6:F7:5A:BD:F0,ON,13943639,1780833395320,13943644,1780833395324,14043817,1780833393409,27,2026-06-07T11:56:36.2453741Z,,oasis/bottle
,,,0,,,local.mqtt.telegraf,43,43.58,,,08a6f769c348,08a6f769c348-299,299,08:A6:F7:69:C3:48,ON,13944469,1780833396149,13944473,1780833396153,14127647,1780833396089,27,2026-06-07T11:56:37.0594905Z,,oasis/bottle
,,,0,,,local.mqtt.telegraf,42,39.33,,,08a6f76bd428,08a6f76bd428-300,300,08:A6:F7:6B:D4:28,ON,13945229,1780833396909,13945233,1780833396913,14092816,1780833396758,27,2026-06-07T11:56:37.8273716Z,,oasis/bottle
,,,0,,,local.mqtt.telegraf,43,32.33,,,08a6f75abdf0,08a6f75abdf0-300,300,08:A6:F7:5A:BD:F0,ON,13946849,1780833398529,13946853,1780833398533,14047017,1780833396629,27,2026-06-07T11:56:39.4540361Z,,oasis/bottle
,,,0,,,local.mqtt.telegraf,43,43.69,,,08a6f769c348,08a6f769c348-300,300,08:A6:F7:69:C3:48,ON,13947879,1780833399559,13947883,1780833399563,14131056,1780833399498,27,2026-06-07T11:56:40.4784461Z,,oasis/bottle
,,,0,,,local.mqtt.telegraf,42,39.41,,,08a6f76bd428,08a6f76bd428-301,301,08:A6:F7:6B:D4:28,ON,13948509,1780833400189,13948514,1780833400194,14096106,1780833400048,27,2026-06-07T11:56:41.1084615Z,,oasis/bottle
,,,0,,,local.mqtt.telegraf,43,32.34,,,08a6f75abdf0,08a6f75abdf0-301,301,08:A6:F7:5A:BD:F0,ON,13950119,1780833401799,13950123,1780833401803,14050287,1780833399899,27,2026-06-07T11:56:42.728116Z,,oasis/bottle
,,,0,,,local.mqtt.telegraf,43,43.44,,,08a6f769c348,08a6f769c348-301,301,08:A6:F7:69:C3:48,ON,13951099,1780833402779,13951103,1780833402783,14134276,1780833402718,27,2026-06-07T11:56:43.7000374Z,,oasis/bottle
,,,0,,,local.mqtt.telegraf,42,39.37,,,08a6f76bd428,08a6f76bd428-302,302,08:A6:F7:6B:D4:28,ON,13951709,1780833403389,13951713,1780833403393,14099306,1780833403248,27,2026-06-07T11:56:44.3137364Z,,oasis/bottle
,,,0,,,local.mqtt.telegraf,43,32.29,,,08a6f75abdf0,08a6f75abdf0-302,302,08:A6:F7:5A:BD:F0,ON,13953519,1780833405200,13953524,1780833405204,14053697,1780833403309,27,2026-06-07T11:56:46.1342488Z,,oasis/bottle
,,,0,,,local.mqtt.telegraf,43,43.69,,,08a6f769c348,08a6f769c348-302,302,08:A6:F7:69:C3:48,ON,13954389,1780833406069,13954393,1780833406073,14137567,1780833405999,27,2026-06-07T11:56:46.982809Z,,oasis/bottle
,,,0,,,local.mqtt.telegraf,42,39.34,,,08a6f76bd428,08a6f76bd428-303,303,08:A6:F7:6B:D4:28,ON,13954969,1780833406649,13954974,1780833406654,14102566,1780833406587,27,2026-06-07T11:56:47.5729985Z,,oasis/bottle
,,,0,,,local.mqtt.telegraf,43,32.49,,,08a6f75abdf0,08a6f75abdf0-303,303,08:A6:F7:5A:BD:F0,ON,13956729,1780833408409,13956733,1780833408413,14056897,1780833406649,27,2026-06-07T11:56:49.3342661Z,,oasis/bottle
,,,0,,,local.mqtt.telegraf,43,43.61,,,08a6f769c348,08a6f769c348-303,303,08:A6:F7:69:C3:48,ON,13957589,1780833409269,13957593,1780833409273,14140766,1780833409198,27,2026-06-07T11:56:50.1927571Z,,oasis/bottle
,,,0,,,local.mqtt.telegraf,42,39.46,,,08a6f76bd428,08a6f76bd428-304,304,08:A6:F7:6B:D4:28,ON,13958359,1780833410039,13958363,1780833410043,14105956,1780833409977,27,2026-06-07T11:56:50.9529353Z,,oasis/bottle
,,,0,,,local.mqtt.telegraf,43,32.44,,,08a6f75abdf0,08a6f75abdf0-304,304,08:A6:F7:5A:BD:F0,ON,13959999,1780833411679,13960003,1780833411683,14060167,1780833409919,27,2026-06-07T11:56:52.6019713Z,,oasis/bottle
,,,0,,,local.mqtt.telegraf,43,43.6,,,08a6f769c348,08a6f769c348-304,304,08:A6:F7:69:C3:48,ON,13960859,1780833412539,13960863,1780833412543,14144037,1780833412469,27,2026-06-07T11:56:53.4578153Z,,oasis/bottle
,,,0,,,local.mqtt.telegraf,42,39.46,,,08a6f76bd428,08a6f76bd428-305,305,08:A6:F7:6B:D4:28,ON,13961769,1780833413449,13961773,1780833413453,14109366,1780833413387,27,2026-06-07T11:56:54.6766158Z,,oasis/bottle
,,,0,,,local.mqtt.telegraf,43,32.48,,,08a6f75abdf0,08a6f75abdf0-305,305,08:A6:F7:5A:BD:F0,ON,13963409,1780833415089,13963413,1780833415093,14063577,1780833413329,27,2026-06-07T11:56:56.0313493Z,,oasis/bottle
,,,0,,,local.mqtt.telegraf,43,43.84,,,08a6f769c348,08a6f769c348-305,305,08:A6:F7:69:C3:48,ON,13964269,1780833415949,13964273,1780833415953,14147447,1780833415889,27,2026-06-07T11:56:56.8747106Z,,oasis/bottle
,,,0,,,local.mqtt.telegraf,42,39.38,,,08a6f76bd428,08a6f76bd428-306,306,08:A6:F7:6B:D4:28,ON,13964969,1780833416649,13964973,1780833416653,14112566,1780833416587,27,2026-06-07T11:56:57.5667922Z,,oasis/bottle
,,,0,,,local.mqtt.telegraf,43,32.41,,,08a6f75abdf0,08a6f75abdf0-306,306,08:A6:F7:5A:BD:F0,ON,13966599,1780833418280,13966604,1780833418284,14066777,1780833416669,27,2026-06-07T11:56:59.2022561Z,,oasis/bottle
,,,0,,,local.mqtt.telegraf,43,43.85,,,08a6f769c348,08a6f769c348-306,306,08:A6:F7:69:C3:48,ON,13967469,1780833419149,13967473,1780833419153,14150646,1780833419088,27,2026-06-07T11:57:00.0745084Z,,oasis/bottle
,,,0,,,local.mqtt.telegraf,42,39.41,,,08a6f76bd428,08a6f76bd428-307,307,08:A6:F7:6B:D4:28,ON,13968239,1780833419919,13968243,1780833419923,14115837,1780833419858,27,2026-06-07T11:57:00.827605Z,,oasis/bottle
,,,0,,,local.mqtt.telegraf,43,32.45,,,08a6f75abdf0,08a6f75abdf0-307,307,08:A6:F7:5A:BD:F0,ON,13969869,1780833421550,13969874,1780833421554,14070047,1780833419939,27,2026-06-07T11:57:02.4730017Z,,oasis/bottle
,,,0,,,local.mqtt.telegraf,43,43.62,,,08a6f769c348,08a6f769c348-307,307,08:A6:F7:69:C3:48,ON,13970739,1780833422419,13970743,1780833422423,14153917,1780833422359,27,2026-06-07T11:57:03.3329432Z,,oasis/bottle
,,,0,,,local.mqtt.telegraf,42,39.29,,,08a6f76bd428,08a6f76bd428-308,308,08:A6:F7:6B:D4:28,ON,13971640,1780833423320,13971644,1780833423324,14119236,1780833423257,27,2026-06-07T11:57:04.2357071Z,,oasis/bottle
,,,0,,,local.mqtt.telegraf,43,32.37,,,08a6f75abdf0,08a6f75abdf0-308,308,08:A6:F7:5A:BD:F0,ON,13973269,1780833424949,13973274,1780833424954,14073447,1780833423339,27,2026-06-07T11:57:05.871683Z,,oasis/bottle
,,,0,,,local.mqtt.telegraf,43,43.65,,,08a6f769c348,08a6f769c348-308,308,08:A6:F7:69:C3:48,ON,13974149,1780833425829,13974153,1780833425833,14157326,1780833425768,27,2026-06-07T11:57:06.7452531Z,,oasis/bottle
,,,0,,,local.mqtt.telegraf,42,39.38,,,08a6f76bd428,08a6f76bd428-309,309,08:A6:F7:6B:D4:28,ON,13974829,1780833426509,13974834,1780833426514,14122426,1780833426447,27,2026-06-07T11:57:07.4310882Z,,oasis/bottle
,,,0,,,local.mqtt.telegraf,43,32.32,,,08a6f75abdf0,08a6f75abdf0-309,309,08:A6:F7:5A:BD:F0,ON,13976469,1780833428149,13976474,1780833428154,14076637,1780833426679,27,2026-06-07T11:57:09.0815692Z,,oasis/bottle
,,,0,,,local.mqtt.telegraf,43,43.65,,,08a6f769c348,08a6f769c348-309,309,08:A6:F7:69:C3:48,ON,13977349,1780833429029,13977353,1780833429033,14160527,1780833426689,27,2026-06-07T11:57:09.9528552Z,,oasis/bottle
,,,0,,,local.mqtt.telegraf,42,39.38,,,08a6f76bd428,08a6f76bd428-310,310,08:A6:F7:6B:D4:28,ON,13978079,1780833429759,13978083,1780833429763,14125676,1780833429697,27,2026-06-07T11:57:10.6780617Z,,oasis/bottle
,,,0,,,local.mqtt.telegraf,43,32.26,,,08a6f75abdf0,08a6f75abdf0-310,310,08:A6:F7:5A:BD:F0,ON,13979710,1780833431390,13979714,1780833431394,14079887,1780833429929,27,2026-06-07T11:57:12.3225538Z,,oasis/bottle
,,,0,,,local.mqtt.telegraf,43,43.61,,,08a6f769c348,08a6f769c348-310,310,08:A6:F7:69:C3:48,ON,13980619,1780833432299,13980623,1780833432303,14163797,1780833429959,27,2026-06-07T11:57:13.2175963Z,,oasis/bottle
,,,0,,,local.mqtt.telegraf,42,39.33,,,08a6f76bd428,08a6f76bd428-311,311,08:A6:F7:6B:D4:28,ON,13981439,1780833433119,13981443,1780833433123,14129036,1780833433057,27,2026-06-07T11:57:14.0322198Z,,oasis/bottle
,,,0,,,local.mqtt.telegraf,43,32.41,,,08a6f75abdf0,08a6f75abdf0-311,311,08:A6:F7:5A:BD:F0,ON,13983079,1780833434759,13983083,1780833434763,14083247,1780833433289,27,2026-06-07T11:57:15.6761171Z,,oasis/bottle
,,,0,,,local.mqtt.telegraf,43,43.74,,,08a6f769c348,08a6f769c348-311,311,08:A6:F7:69:C3:48,ON,13984029,1780833435709,13984033,1780833435713,14167206,1780833433368,27,2026-06-07T11:57:16.626903Z,,oasis/bottle
,,,0,,,local.mqtt.telegraf,42,39.31,,,08a6f76bd428,08a6f76bd428-312,312,08:A6:F7:6B:D4:28,ON,13984789,1780833436469,13984793,1780833436473,14132386,1780833436407,27,2026-06-07T11:57:17.3861638Z,,oasis/bottle
,,,0,,,local.mqtt.telegraf,44,32.25,,,08a6f75abdf0,08a6f75abdf0-312,312,08:A6:F7:5A:BD:F0,ON,13986419,1780833438100,13986424,1780833438104,14086596,1780833436858,27,2026-06-07T11:57:19.0149393Z,,oasis/bottle
,,,0,,,local.mqtt.telegraf,43,43.7,,,08a6f769c348,08a6f769c348-312,312,08:A6:F7:69:C3:48,ON,13987229,1780833438909,13987233,1780833438913,14170407,1780833436709,27,2026-06-07T11:57:19.8271756Z,,oasis/bottle
,,,0,,,local.mqtt.telegraf,42,39.33,,,08a6f76bd428,08a6f76bd428-313,313,08:A6:F7:6B:D4:28,ON,13988119,1780833439799,13988123,1780833439803,14135716,1780833439737,27,2026-06-07T11:57:21.0161325Z,,oasis/bottle
,,,0,,,local.mqtt.telegraf,44,32.38,,,08a6f75abdf0,08a6f75abdf0-313,313,08:A6:F7:5A:BD:F0,ON,13989759,1780833441439,13989763,1780833441443,14089926,1780833440188,27,2026-06-07T11:57:22.3588439Z,,oasis/bottle
,,,0,,,local.mqtt.telegraf,43,43.53,,,08a6f769c348,08a6f769c348-313,313,08:A6:F7:69:C3:48,ON,13990499,1780833442179,13990503,1780833442183,14173677,1780833439979,27,2026-06-07T11:57:23.0800747Z,,oasis/bottle
,,,0,,,local.mqtt.telegraf,42,39.37,,,08a6f76bd428,08a6f76bd428-314,314,08:A6:F7:6B:D4:28,ON,13991399,1780833443079,13991403,1780833443083,14138996,1780833443017,27,2026-06-07T11:57:23.9960644Z,,oasis/bottle
,,,0,,,local.mqtt.telegraf,44,32.37,,,08a6f75abdf0,08a6f75abdf0-314,314,08:A6:F7:5A:BD:F0,ON,13993049,1780833444729,13993053,1780833444733,14093216,1780833443478,27,2026-06-07T11:57:25.65378Z,,oasis/bottle
,,,0,,,local.mqtt.telegraf,43,43.58,,,08a6f769c348,08a6f769c348-314,314,08:A6:F7:69:C3:48,ON,13993909,1780833445589,13993913,1780833445593,14177086,1780833443388,27,2026-06-07T11:57:26.5146149Z,,oasis/bottle
,,,0,,,local.mqtt.telegraf,42,39.37,,,08a6f76bd428,08a6f76bd428-315,315,08:A6:F7:6B:D4:28,ON,13994599,1780833446279,13994604,1780833446284,14142187,1780833446208,27,2026-06-07T11:57:27.1990946Z,,oasis/bottle
,,,0,,,local.mqtt.telegraf,44,32.41,,,08a6f75abdf0,08a6f75abdf0-315,315,08:A6:F7:5A:BD:F0,ON,13996239,1780833447920,13996244,1780833447924,14096416,1780833446728,27,2026-06-07T11:57:28.8392251Z,,oasis/bottle
,,,0,,,local.mqtt.telegraf,43,43.58,,,08a6f769c348,08a6f769c348-315,315,08:A6:F7:69:C3:48,ON,13997109,1780833448789,13997113,1780833448793,14180287,1780833446729,27,2026-06-07T11:57:29.7037847Z,,oasis/bottle
,,,0,,,local.mqtt.telegraf,42,39.35,,,08a6f76bd428,08a6f76bd428-316,316,08:A6:F7:6B:D4:28,ON,13997839,1780833449519,13997843,1780833449523,14145436,1780833449457,27,2026-06-07T11:57:30.4349582Z,,oasis/bottle
,,,0,,,local.mqtt.telegraf,44,32.11,,,08a6f75abdf0,08a6f75abdf0-316,316,08:A6:F7:5A:BD:F0,ON,13999499,1780833451180,13999504,1780833451184,14099676,1780833449988,27,2026-06-07T11:57:32.1016753Z,,oasis/bottle
,,,0,,,local.mqtt.telegraf,43,43.62,,,08a6f769c348,08a6f769c348-316,316,08:A6:F7:69:C3:48,ON,14000379,1780833452059,14000383,1780833452063,14183556,1780833449998,27,2026-06-07T11:57:32.974884Z,,oasis/bottle
,,,0,,,local.mqtt.telegraf,42,39.34,,,08a6f76bd428,08a6f76bd428-317,317,08:A6:F7:6B:D4:28,ON,14001199,1780833452879,14001203,1780833452883,14148796,1780833452817,27,2026-06-07T11:57:33.7975731Z,,oasis/bottle
,,,0,,,local.mqtt.telegraf,44,32.1,,,08a6f75abdf0,08a6f75abdf0-317,317,08:A6:F7:5A:BD:F0,ON,14002890,1780833454570,14002894,1780833454574,14103066,1780833453378,27,2026-06-07T11:57:35.4967489Z,,oasis/bottle
,,,0,,,local.mqtt.telegraf,43,43.5,,,08a6f769c348,08a6f769c348-317,317,08:A6:F7:69:C3:48,ON,14003780,1780833455460,14003784,1780833455464,14186956,1780833453398,27,2026-06-07T11:57:36.375461Z,,oasis/bottle
,,,0,,,local.mqtt.telegraf,42,39.33,,,08a6f76bd428,08a6f76bd428-318,318,08:A6:F7:6B:D4:28,ON,14004549,1780833456229,14004553,1780833456233,14152146,1780833456167,27,2026-06-07T11:57:37.1408407Z,,oasis/bottle
,,,0,,,local.mqtt.telegraf,44,31.08,,,08a6f75abdf0,08a6f75abdf0-318,318,08:A6:F7:5A:BD:F0,ON,14006300,1780833457980,14006304,1780833457984,14106476,1780833456958,27,2026-06-07T11:57:38.9224239Z,,oasis/bottle
,,,0,,,local.mqtt.telegraf,43,42.83,,,08a6f769c348,08a6f769c348-318,318,08:A6:F7:69:C3:48,ON,14006969,1780833458649,14006973,1780833458653,14190147,1780833456739,27,2026-06-07T11:57:39.5651269Z,,oasis/bottle
,,,0,,,local.mqtt.telegraf,42,37.78,,,08a6f76bd428,08a6f76bd428-319,319,08:A6:F7:6B:D4:28,ON,14007879,1780833459559,14007883,1780833459563,14155466,1780833459487,27,2026-06-07T11:57:40.4793511Z,,oasis/bottle
,,,0,,,local.mqtt.telegraf,44,27.72,,,08a6f75abdf0,08a6f75abdf0-319,319,08:A6:F7:5A:BD:F0,ON,14009499,1780833461179,14009504,1780833461184,14109676,1780833460158,27,2026-06-07T11:57:42.0966587Z,,oasis/bottle
,,,0,,,local.mqtt.telegraf,43,40.05,,,08a6f769c348,08a6f769c348-319,319,08:A6:F7:69:C3:48,ON,14010219,1780833461899,14010223,1780833461903,14193396,1780833459988,27,2026-06-07T11:57:42.8168205Z,,oasis/bottle
,,,0,,,local.mqtt.telegraf,42,34.37,,,08a6f76bd428,08a6f76bd428-320,320,08:A6:F7:6B:D4:28,ON,14011139,1780833462820,14011144,1780833462824,14158737,1780833462758,27,2026-06-07T11:57:43.7339889Z,,oasis/bottle
,,,0,,,local.mqtt.telegraf,44,24.91,,,08a6f75abdf0,08a6f75abdf0-320,320,08:A6:F7:5A:BD:F0,ON,14012769,1780833464449,14012774,1780833464454,14112947,1780833463429,27,2026-06-07T11:57:45.3739575Z,,oasis/bottle
,,,0,,,local.mqtt.telegraf,43,38.27,,,08a6f769c348,08a6f769c348-320,320,08:A6:F7:69:C3:48,ON,14013579,1780833465259,14013583,1780833465263,14196756,1780833463348,27,2026-06-07T11:57:46.1746674Z,,oasis/bottle
,,,0,,,local.mqtt.telegraf,42,33.44,,,08a6f76bd428,08a6f76bd428-321,321,08:A6:F7:6B:D4:28,ON,14014549,1780833466229,14014553,1780833466233,14162146,1780833466167,27,2026-06-07T11:57:47.1523407Z,,oasis/bottle
,,,0,,,local.mqtt.telegraf,43,24.47,,,08a6f75abdf0,08a6f75abdf0-321,321,08:A6:F7:5A:BD:F0,ON,14016189,1780833467869,14016193,1780833467873,14116357,1780833466979,27,2026-06-07T11:57:48.7924282Z,,oasis/bottle
,,,0,,,local.mqtt.telegraf,43,37.96,,,08a6f769c348,08a6f769c348-321,321,08:A6:F7:69:C3:48,ON,14016929,1780833468610,14016934,1780833468614,14200107,1780833466919,27,2026-06-07T11:57:49.5133954Z,,oasis/bottle
,,,0,,,local.mqtt.telegraf,42,33.15,,,08a6f76bd428,08a6f76bd428-322,322,08:A6:F7:6B:D4:28,ON,14017749,1780833469429,14017753,1780833469433,14165346,1780833469367,27,2026-06-07T11:57:50.3413657Z,,oasis/bottle
,,,0,,,local.mqtt.telegraf,44,24.28,,,08a6f75abdf0,08a6f75abdf0-322,322,08:A6:F7:5A:BD:F0,ON,14019389,1780833471069,14019393,1780833471073,14119556,1780833470178,27,2026-06-07T11:57:51.99189Z,,oasis/bottle
,,,0,,,local.mqtt.telegraf,43,38,,,08a6f769c348,08a6f769c348-322,322,08:A6:F7:69:C3:48,ON,14020259,1780833471939,14020263,1780833471943,14203436,1780833470248,27,2026-06-07T11:57:52.8632376Z,,oasis/bottle
,,,0,,,local.mqtt.telegraf,42,33.01,,,08a6f76bd428,08a6f76bd428-323,323,08:A6:F7:6B:D4:28,ON,14021029,1780833472709,14021033,1780833472713,14168617,1780833472638,27,2026-06-07T11:57:53.6290869Z,,oasis/bottle
,,,0,,,local.mqtt.telegraf,44,24.28,,,08a6f75abdf0,08a6f75abdf0-323,323,08:A6:F7:5A:BD:F0,ON,14022650,1780833474330,14022655,1780833474335,14122827,1780833473449,27,2026-06-07T11:57:55.2549483Z,,oasis/bottle
,,,0,,,local.mqtt.telegraf,43,37.79,,,08a6f769c348,08a6f769c348-323,323,08:A6:F7:69:C3:48,ON,14023539,1780833475219,14023543,1780833475223,14206716,1780833473528,27,2026-06-07T11:57:56.1364287Z,,oasis/bottle
,,,0,,,local.mqtt.telegraf,42,33.13,,,08a6f76bd428,08a6f76bd428-324,324,08:A6:F7:6B:D4:28,ON,14024429,1780833476110,14024434,1780833476114,14172026,1780833476047,27,2026-06-07T11:57:57.0265618Z,,oasis/bottle
,,,0,,,local.mqtt.telegraf,43,24.14,,,08a6f75abdf0,08a6f75abdf0-324,324,08:A6:F7:5A:BD:F0,ON,14026069,1780833477749,14026073,1780833477753,14126237,1780833476999,27,2026-06-07T11:57:58.6713409Z,,oasis/bottle
,,,0,,,local.mqtt.telegraf,43,37.79,,,08a6f769c348,08a6f769c348-324,324,08:A6:F7:69:C3:48,ON,14026729,1780833478409,14026733,1780833478413,14209907,1780833476779,27,2026-06-07T11:57:59.3321359Z,,oasis/bottle
,,,0,,,local.mqtt.telegraf,42,33.01,,,08a6f76bd428,08a6f76bd428-325,325,08:A6:F7:6B:D4:28,ON,14027629,1780833479309,14027633,1780833479313,14175226,1780833479247,27,2026-06-07T11:58:00.225194Z,,oasis/bottle
,,,0,,,local.mqtt.telegraf,44,24.3,,,08a6f75abdf0,08a6f75abdf0-325,325,08:A6:F7:5A:BD:F0,ON,14029269,1780833480950,14029274,1780833480954,14129446,1780833480208,27,2026-06-07T11:58:01.866125Z,,oasis/bottle
,,,0,,,local.mqtt.telegraf,43,37.74,,,08a6f769c348,08a6f769c348-325,325,08:A6:F7:69:C3:48,ON,14029969,1780833481649,14029973,1780833481653,14213146,1780833480018,27,2026-06-07T11:58:02.565528Z,,oasis/bottle
,,,0,,,local.mqtt.telegraf,42,32.91,,,08a6f76bd428,08a6f76bd428-326,326,08:A6:F7:6B:D4:28,ON,14030899,1780833482579,14030903,1780833482583,14178496,1780833482517,27,2026-06-07T11:58:03.4930271Z,,oasis/bottle
,,,0,,,local.mqtt.telegraf,44,24.3,,,08a6f75abdf0,08a6f75abdf0-326,326,08:A6:F7:5A:BD:F0,ON,14032548,1780833484229,14032553,1780833484233,14132720,1780833483482,27,2026-06-07T11:58:05.1588297Z,,oasis/bottle
,,,0,,,local.mqtt.telegraf,43,37.81,,,08a6f769c348,08a6f769c348-326,326,08:A6:F7:69:C3:48,ON,14033329,1780833485009,14033335,1780833485015,14216496,1780833483368,27,2026-06-07T11:58:05.9328882Z,,oasis/bottle
,,,0,,,local.mqtt.telegraf,42,33.01,,,08a6f76bd428,08a6f76bd428-327,327,08:A6:F7:6B:D4:28,ON,14034330,1780833486010,14034335,1780833486015,14181919,1780833485931,27,2026-06-07T11:58:06.9326308Z,,oasis/bottle
,,,0,,,local.mqtt.telegraf,43,24.18,,,08a6f75abdf0,08a6f75abdf0-327,327,08:A6:F7:5A:BD:F0,ON,14035719,1780833487400,14035724,1780833487404,14135897,1780833486788,27,2026-06-07T11:58:08.3142326Z,,oasis/bottle
,,,0,,,local.mqtt.telegraf,43,37.74,,,08a6f769c348,08a6f769c348-327,327,08:A6:F7:69:C3:48,ON,14036649,1780833488329,14036653,1780833488333,14219827,1780833486939,27,2026-06-07T11:58:09.2475874Z,,oasis/bottle
,,,0,,,local.mqtt.telegraf,42,32.97,,,08a6f76bd428,08a6f76bd428-328,328,08:A6:F7:6B:D4:28,ON,14037549,1780833489229,14037553,1780833489233,14185136,1780833489148,27,2026-06-07T11:58:10.1399321Z,,oasis/bottle
,,,0,,,local.mqtt.telegraf,43,24.38,,,08a6f75abdf0,08a6f75abdf0-328,328,08:A6:F7:5A:BD:F0,ON,14038949,1780833490629,14038953,1780833490633,14139116,1780833490007,27,2026-06-07T11:58:11.5568886Z,,oasis/bottle
,,,0,,,local.mqtt.telegraf,43,37.78,,,08a6f769c348,08a6f769c348-328,328,08:A6:F7:69:C3:48,ON,14039929,1780833491609,14039933,1780833491613,14223106,1780833490218,27,2026-06-07T11:58:12.5201592Z,,oasis/bottle
,,,0,,,local.mqtt.telegraf,42,32.89,,,08a6f76bd428,08a6f76bd428-329,329,08:A6:F7:6B:D4:28,ON,14040839,1780833492519,14040843,1780833492523,14188436,1780833492448,27,2026-06-07T11:58:13.438887Z,,oasis/bottle
,,,0,,,local.mqtt.telegraf,44,24.43,,,08a6f75abdf0,08a6f75abdf0-329,329,08:A6:F7:5A:BD:F0,ON,14042249,1780833493929,14042254,1780833493934,14142426,1780833493317,27,2026-06-07T11:58:14.8542862Z,,oasis/bottle
,,,0,,,local.mqtt.telegraf,43,37.77,,,08a6f769c348,08a6f769c348-329,329,08:A6:F7:69:C3:48,ON,14043119,1780833494799,14043123,1780833494803,14226296,1780833493408,27,2026-06-07T11:58:15.7181614Z,,oasis/bottle
,,,0,,,local.mqtt.telegraf,42,32.97,,,08a6f76bd428,08a6f76bd428-330,330,08:A6:F7:6B:D4:28,ON,14044069,1780833495749,14044073,1780833495753,14191656,1780833495668,27,2026-06-07T11:58:16.663269Z,,oasis/bottle
,,,0,,,local.mqtt.telegraf,43,24.36,,,08a6f75abdf0,08a6f75abdf0-330,330,08:A6:F7:5A:BD:F0,ON,14045499,1780833497179,14045503,1780833497183,14145667,1780833496869,27,2026-06-07T11:58:18.1007596Z,,oasis/bottle
,,,0,,,local.mqtt.telegraf,43,37.54,,,08a6f769c348,08a6f769c348-330,330,08:A6:F7:69:C3:48,ON,14046369,1780833498049,14046373,1780833498053,14229547,1780833496879,27,2026-06-07T11:58:18.9653326Z,,oasis/bottle
,,,0,,,local.mqtt.telegraf,42,33.04,,,08a6f76bd428,08a6f76bd428-331,331,08:A6:F7:6B:D4:28,ON,14047369,1780833499050,14047374,1780833499054,14194967,1780833496938,27,2026-06-07T11:58:19.963609Z,,oasis/bottle
,,,0,,,local.mqtt.telegraf,43,24.57,,,08a6f75abdf0,08a6f75abdf0-331,331,08:A6:F7:5A:BD:F0,ON,14048839,1780833500520,14048844,1780833500524,14149017,1780833500219,27,2026-06-07T11:58:21.4437778Z,,oasis/bottle
,,,0,,,local.mqtt.telegraf,43,37.62,,,08a6f769c348,08a6f769c348-331,331,08:A6:F7:69:C3:48,ON,14049729,1780833501409,14049733,1780833501413,14232907,1780833500239,27,2026-06-07T11:58:22.3268318Z,,oasis/bottle
,,,0,,,local.mqtt.telegraf,42,32.87,,,08a6f76bd428,08a6f76bd428-332,332,08:A6:F7:6B:D4:28,ON,14050627,1780833502307,14050632,1780833502312,14198216,1780833500187,27,2026-06-07T11:58:23.2176565Z,,oasis/bottle
,,,0,,,local.mqtt.telegraf,43,24.44,,,08a6f75abdf0,08a6f75abdf0-332,332,08:A6:F7:5A:BD:F0,ON,14052169,1780833503849,14052174,1780833503854,14152347,1780833503549,27,2026-06-07T11:58:24.7744843Z,,oasis/bottle
,,,0,,,local.mqtt.telegraf,43,37.67,,,08a6f769c348,08a6f769c348-332,332,08:A6:F7:69:C3:48,ON,14053079,1780833504759,14053083,1780833504763,14236256,1780833503588,27,2026-06-07T11:58:25.6794505Z,,oasis/bottle
,,,0,,,local.mqtt.telegraf,42,32.89,,,08a6f76bd428,08a6f76bd428-333,333,08:A6:F7:6B:D4:28,ON,14053979,1780833505659,14053984,1780833505664,14201576,1780833503547,27,2026-06-07T11:58:26.577363Z,,oasis/bottle
,,,0,,,local.mqtt.telegraf,43,24.42,,,08a6f75abdf0,08a6f75abdf0-333,333,08:A6:F7:5A:BD:F0,ON,14055460,1780833507140,14055464,1780833507144,14155637,1780833506939,27,2026-06-07T11:58:28.0581068Z,,oasis/bottle
,,,0,,,local.mqtt.telegraf,43,37.65,,,08a6f769c348,08a6f769c348-333,333,08:A6:F7:69:C3:48,ON,14056399,1780833508079,14056403,1780833508083,14239577,1780833506969,27,2026-06-07T11:58:28.9972248Z,,oasis/bottle
,,,0,,,local.mqtt.telegraf,42,32.92,,,08a6f76bd428,08a6f76bd428-334,334,08:A6:F7:6B:D4:28,ON,14057329,1780833509010,14057334,1780833509014,14204927,1780833506999,27,2026-06-07T11:58:29.9298639Z,,oasis/bottle
,,,0,,,local.mqtt.telegraf,43,24.57,,,08a6f75abdf0,08a6f75abdf0-334,334,08:A6:F7:5A:BD:F0,ON,14058669,1780833510349,14058673,1780833510353,14158836,1780833510138,27,2026-06-07T11:58:31.2718518Z,,oasis/bottle
,,,0,,,local.mqtt.telegraf,43,37.74,,,08a6f769c348,08a6f769c348-334,334,08:A6:F7:69:C3:48,ON,14059669,1780833511349,14059673,1780833511353,14242847,1780833510239,27,2026-06-07T11:58:32.2667294Z,,oasis/bottle
,,,0,,,local.mqtt.telegraf,42,32.95,,,08a6f76bd428,08a6f76bd428-335,335,08:A6:F7:6B:D4:28,ON,14060649,1780833512329,14060654,1780833512334,14208246,1780833510318,27,2026-06-07T11:58:33.2507869Z,,oasis/bottle
,,,0,,,local.mqtt.telegraf,43,24.54,,,08a6f75abdf0,08a6f75abdf0-335,335,08:A6:F7:5A:BD:F0,ON,14061939,1780833513619,14061943,1780833513623,14162107,1780833513409,27,2026-06-07T11:58:34.5399449Z,,oasis/bottle
,,,0,,,local.mqtt.telegraf,43,37.79,,,08a6f769c348,08a6f769c348-335,335,08:A6:F7:69:C3:48,ON,14063079,1780833514759,14063083,1780833514763,14246256,1780833513648,27,2026-06-07T11:58:35.6857591Z,,oasis/bottle
,,,0,,,local.mqtt.telegraf,42,32.91,,,08a6f76bd428,08a6f76bd428-336,336,08:A6:F7:6B:D4:28,ON,14063929,1780833515609,14063933,1780833515613,14211517,1780833513589,27,2026-06-07T11:58:36.5262724Z,,oasis/bottle
,,,0,,,local.mqtt.telegraf,43,24.63,,,08a6f75abdf0,08a6f75abdf0-336,336,08:A6:F7:5A:BD:F0,ON,14065339,1780833517020,14065345,1780833517025,14165507,1780833516939,27,2026-06-07T11:58:37.9434171Z,,oasis/bottle
,,,0,,,local.mqtt.telegraf,43,37.66,,,08a6f769c348,08a6f769c348-336,336,08:A6:F7:69:C3:48,ON,14066279,1780833517959,14066284,1780833517964,14249457,1780833516869,27,2026-06-07T11:58:38.8810574Z,,oasis/bottle
,,,0,,,local.mqtt.telegraf,42,32.97,,,08a6f76bd428,08a6f76bd428-337,337,08:A6:F7:6B:D4:28,ON,14067339,1780833519019,14067343,1780833519023,14214926,1780833517078,27,2026-06-07T11:58:39.9295434Z,,oasis/bottle
,,,0,,,local.mqtt.telegraf,43,24.67,,,08a6f75abdf0,08a6f75abdf0-337,337,08:A6:F7:5A:BD:F0,ON,14068520,1780833520200,14068524,1780833520204,14168697,1780833520129,27,2026-06-07T11:58:41.1211186Z,,oasis/bottle
,,,0,,,local.mqtt.telegraf,43,37.54,,,08a6f769c348,08a6f769c348-337,337,08:A6:F7:69:C3:48,ON,14069549,1780833521229,14069554,1780833521234,14252727,1780833520139,27,2026-06-07T11:58:42.136559Z,,oasis/bottle
,,,0,,,local.mqtt.telegraf,42,32.88,,,08a6f76bd428,08a6f76bd428-338,338,08:A6:F7:6B:D4:28,ON,14070549,1780833522229,14070553,1780833522233,14218136,1780833520288,27,2026-06-07T11:58:43.1470737Z,,oasis/bottle
,,,0,,,local.mqtt.telegraf,43,24.71,,,08a6f75abdf0,08a6f75abdf0-338,338,08:A6:F7:5A:BD:F0,ON,14071760,1780833523440,14071764,1780833523444,14171936,1780833523368,27,2026-06-07T11:58:44.3665148Z,,oasis/bottle
,,,0,,,local.mqtt.telegraf,43,37.65,,,08a6f769c348,08a6f769c348-338,338,08:A6:F7:69:C3:48,ON,14072968,1780833524649,14072973,1780833524653,14256137,1780833523549,27,2026-06-07T11:58:45.569803Z,,oasis/bottle
,,,0,,,local.mqtt.telegraf,42,33,,,08a6f76bd428,08a6f76bd428-339,339,08:A6:F7:6B:D4:28,ON,14073829,1780833525509,14073833,1780833525513,14221416,1780833523568,27,2026-06-07T11:58:46.4391035Z,,oasis/bottle
,,,0,,,local.mqtt.telegraf,43,24.73,,,08a6f75abdf0,08a6f75abdf0-339,339,08:A6:F7:5A:BD:F0,ON,14075119,1780833526799,14075123,1780833526803,14175287,1780833526709,27,2026-06-07T11:58:47.7229245Z,,oasis/bottle
,,,0,,,local.mqtt.telegraf,43,37.81,,,08a6f769c348,08a6f769c348-339,339,08:A6:F7:69:C3:48,ON,14076169,1780833527849,14076173,1780833527853,14259347,1780833526898,27,2026-06-07T11:58:48.7645005Z,,oasis/bottle
,,,0,,,local.mqtt.telegraf,42,32.89,,,08a6f76bd428,08a6f76bd428-340,340,08:A6:F7:6B:D4:28,ON,14077010,1780833528690,14077014,1780833528694,14224607,1780833526878,27,2026-06-07T11:58:49.5968804Z,,oasis/bottle
,,,0,,,local.mqtt.telegraf,43,24.71,,,08a6f75abdf0,08a6f75abdf0-340,340,08:A6:F7:5A:BD:F0,ON,14078449,1780833530129,14078453,1780833530133,14178617,1780833530039,27,2026-06-07T11:58:51.0477664Z,,oasis/bottle
,,,0,,,local.mqtt.telegraf,43,37.74,,,08a6f769c348,08a6f769c348-340,340,08:A6:F7:69:C3:48,ON,14079449,1780833531129,14079453,1780833531133,14262626,1780833530177,27,2026-06-07T11:58:52.0411688Z,,oasis/bottle
,,,0,,,local.mqtt.telegraf,42,33.08,,,08a6f76bd428,08a6f76bd428-341,341,08:A6:F7:6B:D4:28,ON,14080249,1780833531929,14080254,1780833531934,14227846,1780833530117,27,2026-06-07T11:58:52.8596895Z,,oasis/bottle
,,,0,,,local.mqtt.telegraf,43,24.75,,,08a6f75abdf0,08a6f75abdf0-341,341,08:A6:F7:5A:BD:F0,ON,14081730,1780833533410,14081734,1780833533414,14181907,1780833533329,27,2026-06-07T11:58:54.3338529Z,,oasis/bottle
,,,0,,,local.mqtt.telegraf,43,37.65,,,08a6f769c348,08a6f769c348-341,341,08:A6:F7:69:C3:48,ON,14082629,1780833534309,14082633,1780833534313,14265806,1780833533357,27,2026-06-07T11:58:55.226778Z,,oasis/bottle
,,,0,,,local.mqtt.telegraf,42,33.03,,,08a6f76bd428,08a6f76bd428-342,342,08:A6:F7:6B:D4:28,ON,14083599,1780833535280,14083604,1780833535284,14231196,1780833533467,27,2026-06-07T11:58:56.196853Z,,oasis/bottle
,,,0,,,local.mqtt.telegraf,43,24.73,,,08a6f75abdf0,08a6f75abdf0-342,342,08:A6:F7:5A:BD:F0,ON,14084939,1780833536620,14084944,1780833536624,14185117,1780833536549,27,2026-06-07T11:58:57.5410892Z,,oasis/bottle
,,,0,,,local.mqtt.telegraf,43,37.67,,,08a6f769c348,08a6f769c348-342,342,08:A6:F7:69:C3:48,ON,14085859,1780833537539,14085864,1780833537544,14269037,1780833536939,27,2026-06-07T11:58:58.4574447Z,,oasis/bottle
,,,0,,,local.mqtt.telegraf,42,32.96,,,08a6f76bd428,08a6f76bd428-343,343,08:A6:F7:6B:D4:28,ON,14086929,1780833538609,14086934,1780833538614,14234526,1780833537038,27,2026-06-07T11:58:59.5272582Z,,oasis/bottle
,,,0,,,local.mqtt.telegraf,43,24.77,,,08a6f75abdf0,08a6f75abdf0-343,343,08:A6:F7:5A:BD:F0,ON,14088219,1780833539899,14088223,1780833539903,14188389,1780833539821,27,2026-06-07T11:59:00.8234248Z,,oasis/bottle
,,,0,,,local.mqtt.telegraf,43,37.61,,,08a6f769c348,08a6f769c348-343,343,08:A6:F7:69:C3:48,ON,14089189,1780833540869,14089193,1780833540873,14272366,1780833540268,27,2026-06-07T11:59:01.7784031Z,,oasis/bottle
,,,0,,,local.mqtt.telegraf,42,32.96,,,08a6f76bd428,08a6f76bd428-344,344,08:A6:F7:6B:D4:28,ON,14090219,1780833541899,14090223,1780833541903,14237806,1780833540318,27,2026-06-07T11:59:02.8111837Z,,oasis/bottle
,,,0,,,local.mqtt.telegraf,43,24.9,,,08a6f75abdf0,08a6f75abdf0-344,344,08:A6:F7:5A:BD:F0,ON,14091390,1780833543070,14091394,1780833543074,14191567,1780833542999,27,2026-06-07T11:59:03.9916222Z,,oasis/bottle
,,,0,,,local.mqtt.telegraf,43,37.62,,,08a6f769c348,08a6f769c348-344,344,08:A6:F7:69:C3:48,ON,14092489,1780833544169,14092494,1780833544174,14275656,1780833543558,27,2026-06-07T11:59:05.0914894Z,,oasis/bottle
,,,0,,,local.mqtt.telegraf,42,32.97,,,08a6f76bd428,08a6f76bd428-345,345,08:A6:F7:6B:D4:28,ON,14093399,1780833545080,14093404,1780833545084,14240996,1780833543508,27,2026-06-07T11:59:05.9865094Z,,oasis/bottle
,,,0,,,local.mqtt.telegraf,43,24.91,,,08a6f75abdf0,08a6f75abdf0-345,345,08:A6:F7:5A:BD:F0,ON,14094629,1780833546309,14094633,1780833546313,14194797,1780833546229,27,2026-06-07T11:59:07.230305Z,,oasis/bottle
,,,0,,,local.mqtt.telegraf,43,37.61,,,08a6f769c348,08a6f769c348-345,345,08:A6:F7:69:C3:48,ON,14095709,1780833547389,14095713,1780833547393,14278887,1780833546939,27,2026-06-07T11:59:08.3143264Z,,oasis/bottle
,,,0,,,local.mqtt.telegraf,42,32.88,,,08a6f76bd428,08a6f76bd428-346,346,08:A6:F7:6B:D4:28,ON,14096639,1780833548319,14096644,1780833548324,14244236,1780833546968,27,2026-06-07T11:59:09.2415965Z,,oasis/bottle
,,,0,,,local.mqtt.telegraf,43,24.75,,,08a6f75abdf0,08a6f75abdf0-346,346,08:A6:F7:5A:BD:F0,ON,14097939,1780833549620,14097952,1780833549632,14198117,1780833549549,27,2026-06-07T11:59:10.5474304Z,,oasis/bottle
,,,0,,,local.mqtt.telegraf,43,37.82,,,08a6f769c348,08a6f769c348-346,346,08:A6:F7:69:C3:48,ON,14099040,1780833550720,14099045,1780833550725,14282216,1780833550268,27,2026-06-07T11:59:11.6376657Z,,oasis/bottle
,,,0,,,local.mqtt.telegraf,42,32.97,,,08a6f76bd428,08a6f76bd428-347,347,08:A6:F7:6B:D4:28,ON,14099989,1780833551669,14099994,1780833551674,14247586,1780833550318,27,2026-06-07T11:59:12.591135Z,,oasis/bottle
,,,0,,,local.mqtt.telegraf,43,24.87,,,08a6f75abdf0,08a6f75abdf0-347,347,08:A6:F7:5A:BD:F0,ON,14101209,1780833552889,14101213,1780833552893,14201377,1780833552809,27,2026-06-07T11:59:13.812048Z,,oasis/bottle
,,,0,,,local.mqtt.telegraf,43,37.84,,,08a6f769c348,08a6f769c348-347,347,08:A6:F7:69:C3:48,ON,14102299,1780833553979,14102304,1780833553984,14285476,1780833553528,27,2026-06-07T11:59:14.9325132Z,,oasis/bottle
,,,0,,,local.mqtt.telegraf,42,32.99,,,08a6f76bd428,08a6f76bd428-348,348,08:A6:F7:6B:D4:28,ON,14103329,1780833555010,14103335,1780833555015,14250916,1780833553648,27,2026-06-07T11:59:15.9335006Z,,oasis/bottle
,,,0,,,local.mqtt.telegraf,43,24.77,,,08a6f75abdf0,08a6f75abdf0-348,348,08:A6:F7:5A:BD:F0,ON,14104590,1780833556270,14104594,1780833556274,14204767,1780833556199,27,2026-06-07T11:59:17.1962221Z,,oasis/bottle
,,,0,,,local.mqtt.telegraf,43,37.86,,,08a6f769c348,08a6f769c348-348,348,08:A6:F7:69:C3:48,ON,14105679,1780833557359,14105683,1780833557363,14288857,1780833557129,27,2026-06-07T11:59:18.2781298Z,,oasis/bottle
,,,0,,,local.mqtt.telegraf,42,33.16,,,08a6f76bd428,08a6f76bd428-349,349,08:A6:F7:6B:D4:28,ON,14106609,1780833558290,14106614,1780833558294,14254207,1780833557038,27,2026-06-07T11:59:19.2133956Z,,oasis/bottle
,,,0,,,local.mqtt.telegraf,43,24.81,,,08a6f75abdf0,08a6f75abdf0-349,349,08:A6:F7:5A:BD:F0,ON,14107999,1780833559680,14108004,1780833559684,14208177,1780833559609,27,2026-06-07T11:59:20.6096208Z,,oasis/bottle
,,,0,,,local.mqtt.telegraf,43,37.65,,,08a6f769c348,08a6f769c348-349,349,08:A6:F7:69:C3:48,ON,14109069,1780833560749,14109073,1780833560753,14292239,1780833560511,27,2026-06-07T11:59:21.6733837Z,,oasis/bottle
,,,0,,,local.mqtt.telegraf,42,33.03,,,08a6f76bd428,08a6f76bd428-350,350,08:A6:F7:6B:D4:28,ON,14109809,1780833561489,14109814,1780833561494,14257406,1780833560237,27,2026-06-07T11:59:22.4095962Z,,oasis/bottle
,,,0,,,local.mqtt.telegraf,43,24.91,,,08a6f75abdf0,08a6f75abdf0-350,350,08:A6:F7:5A:BD:F0,ON,14111199,1780833562880,14111204,1780833562884,14211377,1780833562809,27,2026-06-07T11:59:23.8122984Z,,oasis/bottle
,,,0,,,local.mqtt.telegraf,43,37.65,,,08a6f769c348,08a6f769c348-350,350,08:A6:F7:69:C3:48,ON,14112469,1780833564149,14112473,1780833564153,14295636,1780833563908,27,2026-06-07T11:59:25.0711053Z,,oasis/bottle
,,,0,,,local.mqtt.telegraf,42,32.95,,,08a6f76bd428,08a6f76bd428-351,351,08:A6:F7:6B:D4:28,ON,14113082,1780833564762,14113086,1780833564766,14260676,1780833563507,27,2026-06-07T11:59:25.6792941Z,,oasis/bottle
,,,0,,,local.mqtt.telegraf,43,24.89,,,08a6f75abdf0,08a6f75abdf0-351,351,08:A6:F7:5A:BD:F0,ON,14114499,1780833566179,14114503,1780833566183,14214668,1780833566099,27,2026-06-07T11:59:27.0912013Z,,oasis/bottle
,,,0,,,local.mqtt.telegraf,43,37.74,,,08a6f769c348,08a6f769c348-351,351,08:A6:F7:69:C3:48,ON,14115639,1780833567320,14115644,1780833567324,14298817,1780833566949,27,2026-06-07T11:59:28.2411618Z,,oasis/bottle
,,,0,,,local.mqtt.telegraf,42,33.08,,,08a6f76bd428,08a6f76bd428-352,352,08:A6:F7:6B:D4:28,ON,14116489,1780833568169,14116494,1780833568174,14264087,1780833567178,27,2026-06-07T11:59:29.0970115Z,,oasis/bottle
,,,0,,,local.mqtt.telegraf,43,24.94,,,08a6f75abdf0,08a6f75abdf0-352,352,08:A6:F7:5A:BD:F0,ON,14117681,1780833569361,14117685,1780833569365,14217857,1780833569288,27,2026-06-07T11:59:30.2746494Z,,oasis/bottle
,,,0,,,local.mqtt.telegraf,43,37.71,,,08a6f769c348,08a6f769c348-352,352,08:A6:F7:69:C3:48,ON,14118869,1780833570549,14118873,1780833570553,14302047,1780833570179,27,2026-06-07T11:59:31.4786915Z,,oasis/bottle
,,,0,,,local.mqtt.telegraf,42,33.07,,,08a6f76bd428,08a6f76bd428-353,353,08:A6:F7:6B:D4:28,ON,14119689,1780833571370,14119694,1780833571374,14267286,1780833570377,27,2026-06-07T11:59:32.2854409Z,,oasis/bottle
,,,0,,,local.mqtt.telegraf,43,24.94,,,08a6f75abdf0,08a6f75abdf0-353,353,08:A6:F7:5A:BD:F0,ON,14120929,1780833572609,14120933,1780833572613,14221097,1780833572528,27,2026-06-07T11:59:33.5348181Z,,oasis/bottle
,,,0,,,local.mqtt.telegraf,43,37.81,,,08a6f769c348,08a6f769c348-353,353,08:A6:F7:69:C3:48,ON,14122189,1780833573870,14122194,1780833573874,14305367,1780833573499,27,2026-06-07T11:59:34.7962127Z,,oasis/bottle
,,,0,,,local.mqtt.telegraf,42,33,,,08a6f76bd428,08a6f76bd428-354,354,08:A6:F7:6B:D4:28,ON,14122959,1780833574640,14122964,1780833574644,14270556,1780833573647,27,2026-06-07T11:59:35.5610359Z,,oasis/bottle
,,,0,,,local.mqtt.telegraf,43,24.97,,,08a6f75abdf0,08a6f75abdf0-354,354,08:A6:F7:5A:BD:F0,ON,14124289,1780833575969,14124293,1780833575973,14224457,1780833575888,27,2026-06-07T11:59:36.8951594Z,,oasis/bottle
,,,0,,,local.mqtt.telegraf,43,37.65,,,08a6f769c348,08a6f769c348-354,354,08:A6:F7:69:C3:48,ON,14125469,1780833577149,14125473,1780833577153,14308637,1780833577059,27,2026-06-07T11:59:38.0652937Z,,oasis/bottle
,,,0,,,local.mqtt.telegraf,42,33.05,,,08a6f76bd428,08a6f76bd428-355,355,08:A6:F7:6B:D4:28,ON,14126359,1780833578039,14126364,1780833578044,14273957,1780833577189,27,2026-06-07T11:59:38.956829Z,,oasis/bottle
,,,0,,,local.mqtt.telegraf,43,24.93,,,08a6f75abdf0,08a6f75abdf0-355,355,08:A6:F7:5A:BD:F0,ON,14127619,1780833579299,14127623,1780833579303,14227787,1780833577119,27,2026-06-07T11:59:40.2220386Z,,oasis/bottle
,,,0,,,local.mqtt.telegraf,43,37.79,,,08a6f769c348,08a6f769c348-355,355,08:A6:F7:69:C3:48,ON,14128869,1780833580549,14128873,1780833580553,14312047,1780833580469,27,2026-06-07T11:59:41.4713025Z,,oasis/bottle
,,,0,,,local.mqtt.telegraf,42,33.07,,,08a6f76bd428,08a6f76bd428-356,356,08:A6:F7:6B:D4:28,ON,14129549,1780833581230,14129554,1780833581234,14277146,1780833580378,27,2026-06-07T11:59:42.1433953Z,,oasis/bottle
,,,0,,,local.mqtt.telegraf,43,25.13,,,08a6f75abdf0,08a6f75abdf0-356,356,08:A6:F7:5A:BD:F0,ON,14130899,1780833582580,14130904,1780833582584,14231077,1780833580409,27,2026-06-07T11:59:43.4951582Z,,oasis/bottle
,,,0,,,local.mqtt.telegraf,43,37.61,,,08a6f769c348,08a6f769c348-356,356,08:A6:F7:69:C3:48,ON,14132079,1780833583759,14132083,1780833583763,14315246,1780833583668,27,2026-06-07T11:59:44.6769359Z,,oasis/bottle
,,,0,,,local.mqtt.telegraf,42,33.08,,,08a6f76bd428,08a6f76bd428-357,357,08:A6:F7:6B:D4:28,ON,14132789,1780833584469,14132794,1780833584474,14280386,1780833583618,27,2026-06-07T11:59:45.3892352Z,,oasis/bottle
,,,0,,,local.mqtt.telegraf,43,24.97,,,08a6f75abdf0,08a6f75abdf0-357,357,08:A6:F7:5A:BD:F0,ON,14134119,1780833585799,14134123,1780833585803,14234287,1780833583619,27,2026-06-07T11:59:46.7232677Z,,oasis/bottle
,,,0,,,local.mqtt.telegraf,43,37.62,,,08a6f769c348,08a6f769c348-357,357,08:A6:F7:69:C3:48,ON,14135349,1780833587029,14135353,1780833587033,14318517,1780833586959,27,2026-06-07T11:59:47.9541728Z,,oasis/bottle
,,,0,,,local.mqtt.telegraf,42,33.07,,,08a6f76bd428,08a6f76bd428-358,358,08:A6:F7:6B:D4:28,ON,14136149,1780833587829,14136153,1780833587833,14283737,1780833587159,27,2026-06-07T11:59:48.7506195Z,,oasis/bottle
,,,0,,,local.mqtt.telegraf,43,25.05,,,08a6f75abdf0,08a6f75abdf0-358,358,08:A6:F7:5A:BD:F0,ON,14137390,1780833589070,14137394,1780833589074,14237567,1780833587089,27,2026-06-07T11:59:49.9898458Z,,oasis/bottle
,,,0,,,local.mqtt.telegraf,43,37.67,,,08a6f769c348,08a6f769c348-358,358,08:A6:F7:69:C3:48,ON,14138759,1780833590439,14138763,1780833590443,14321927,1780833590369,27,2026-06-07T11:59:51.3642675Z,,oasis/bottle
,,,0,,,local.mqtt.telegraf,42,33,,,08a6f76bd428,08a6f76bd428-359,359,08:A6:F7:6B:D4:28,ON,14139469,1780833591149,14139474,1780833591154,14287066,1780833590488,27,2026-06-07T11:59:52.0663169Z,,oasis/bottle
,,,0,,,local.mqtt.telegraf,43,25.14,,,08a6f75abdf0,08a6f75abdf0-359,359,08:A6:F7:5A:BD:F0,ON,14140580,1780833592260,14140584,1780833592264,14240757,1780833590279,27,2026-06-07T11:59:53.1849972Z,,oasis/bottle
,,,0,,,local.mqtt.telegraf,43,37.57,,,08a6f769c348,08a6f769c348-359,359,08:A6:F7:69:C3:48,ON,14141949,1780833593629,14141954,1780833593634,14325127,1780833593569,27,2026-06-07T11:59:54.5524651Z,,oasis/bottle
,,,0,,,local.mqtt.telegraf,42,33.01,,,08a6f76bd428,08a6f76bd428-360,360,08:A6:F7:6B:D4:28,ON,14142759,1780833594439,14142763,1780833594443,14290346,1780833593768,27,2026-06-07T11:59:55.3563407Z,,oasis/bottle
,,,0,,,local.mqtt.telegraf,43,25.55,,,08a6f75abdf0,08a6f75abdf0-360,360,08:A6:F7:5A:BD:F0,ON,14143839,1780833595519,14143843,1780833595523,14244007,1780833593529,27,2026-06-07T11:59:56.4348086Z,,oasis/bottle
,,,0,,,local.mqtt.telegraf,43,37.89,,,08a6f769c348,08a6f769c348-360,360,08:A6:F7:69:C3:48,ON,14145219,1780833596899,14145231,1780833596911,14328397,1780833596839,27,2026-06-07T11:59:57.8293869Z,,oasis/bottle
,,,0,,,local.mqtt.telegraf,42,33.03,,,08a6f76bd428,08a6f76bd428-361,361,08:A6:F7:6B:D4:28,ON,14145959,1780833597639,14145963,1780833597643,14293546,1780833597027,27,2026-06-07T11:59:58.5599568Z,,oasis/bottle
,,,0,,,local.mqtt.telegraf,43,25.53,,,08a6f75abdf0,08a6f75abdf0-361,361,08:A6:F7:5A:BD:F0,ON,14147200,1780833598880,14147204,1780833598884,14247377,1780833597199,27,2026-06-07T11:59:59.7903367Z,,oasis/bottle
,,,0,,,local.mqtt.telegraf,43,37.7,,,08a6f769c348,08a6f769c348-361,361,08:A6:F7:69:C3:48,ON,14148632,1780833600312,14148636,1780833600317,14331806,1780833600248,27,2026-06-07T12:00:01.2126187Z,,oasis/bottle
,,,0,,,local.mqtt.telegraf,42,33.07,,,08a6f76bd428,08a6f76bd428-362,362,08:A6:F7:6B:D4:28,ON,14149209,1780833600890,14149214,1780833600894,14296806,1780833600287,27,2026-06-07T12:00:01.8110306Z,,oasis/bottle
,,,0,,,local.mqtt.telegraf,43,25.59,,,08a6f75abdf0,08a6f75abdf0-362,362,08:A6:F7:5A:BD:F0,ON,14150560,1780833602240,14150564,1780833602244,14250737,1780833600559,27,2026-06-07T12:00:03.1596609Z,,oasis/bottle
,,,0,,,local.mqtt.telegraf,43,37.74,,,08a6f769c348,08a6f769c348-362,362,08:A6:F7:69:C3:48,ON,14151829,1780833603509,14151833,1780833603513,14335007,1780833603449,27,2026-06-07T12:00:04.4204841Z,,oasis/bottle
,,,0,,,local.mqtt.telegraf,42,33.05,,,08a6f76bd428,08a6f76bd428-363,363,08:A6:F7:6B:D4:28,ON,14152590,1780833604270,14152595,1780833604275,14300187,1780833603668,27,2026-06-07T12:00:05.1831681Z,,oasis/bottle
,,,0,,,local.mqtt.telegraf,43,25.81,,,08a6f75abdf0,08a6f75abdf0-363,363,08:A6:F7:5A:BD:F0,ON,14153909,1780833605589,14153913,1780833605593,14254077,1780833603899,27,2026-06-07T12:00:06.5128016Z,,oasis/bottle
,,,0,,,local.mqtt.telegraf,43,37.79,,,08a6f769c348,08a6f769c348-363,363,08:A6:F7:69:C3:48,ON,14155099,1780833606780,14155104,1780833606784,14338277,1780833606719,27,2026-06-07T12:00:07.6967879Z,,oasis/bottle
,,,0,,,local.mqtt.telegraf,42,33.07,,,08a6f76bd428,08a6f76bd428-364,364,08:A6:F7:6B:D4:28,ON,14155980,1780833607660,14155984,1780833607664,14303576,1780833607238,27,2026-06-07T12:00:08.5882413Z,,oasis/bottle
,,,0,,,local.mqtt.telegraf,43,25.99,,,08a6f75abdf0,08a6f75abdf0-364,364,08:A6:F7:5A:BD:F0,ON,14157219,1780833608899,14157223,1780833608903,14257387,1780833607159,27,2026-06-07T12:00:09.808165Z,,oasis/bottle
,,,0,,,local.mqtt.telegraf,43,37.74,,,08a6f769c348,08a6f769c348-364,364,08:A6:F7:69:C3:48,ON,14158499,1780833610179,14158503,1780833610183,14341676,1780833610118,27,2026-06-07T12:00:11.108044Z,,oasis/bottle
,,,0,,,local.mqtt.telegraf,42,33.21,,,08a6f76bd428,08a6f76bd428-365,365,08:A6:F7:6B:D4:28,ON,14159399,1780833611079,14159403,1780833611083,14306986,1780833610648,27,2026-06-07T12:00:11.9779203Z,,oasis/bottle
,,,0,,,local.mqtt.telegraf,43,25.81,,,08a6f75abdf0,08a6f75abdf0-365,365,08:A6:F7:5A:BD:F0,ON,14160460,1780833612140,14160464,1780833612144,14260637,1780833610409,27,2026-06-07T12:00:13.0557825Z,,oasis/bottle
,,,0,,,local.mqtt.telegraf,43,37.75,,,08a6f769c348,08a6f769c348-365,365,08:A6:F7:69:C3:48,ON,14161689,1780833613369,14161693,1780833613373,14344867,1780833613309,27,2026-06-07T12:00:14.2888933Z,,oasis/bottle
,,,0,,,local.mqtt.telegraf,42,33.11,,,08a6f76bd428,08a6f76bd428-366,366,08:A6:F7:6B:D4:28,ON,14162599,1780833614279,14162603,1780833614283,14310186,1780833613848,27,2026-06-07T12:00:15.1982646Z,,oasis/bottle
,,,0,,,local.mqtt.telegraf,43,25.92,,,08a6f75abdf0,08a6f75abdf0-366,366,08:A6:F7:5A:BD:F0,ON,14163829,1780833615509,14163833,1780833615513,14263997,1780833613769,27,2026-06-07T12:00:16.4353844Z,,oasis/bottle
,,,0,,,local.mqtt.telegraf,43,37.73,,,08a6f769c348,08a6f769c348-366,366,08:A6:F7:69:C3:48,ON,14164929,1780833616610,14164934,1780833616614,14348107,1780833616549,27,2026-06-07T12:00:17.5290036Z,,oasis/bottle
,,,0,,,local.mqtt.telegraf,42,33.28,,,08a6f76bd428,08a6f76bd428-367,367,08:A6:F7:6B:D4:28,ON,14165860,1780833617540,14165864,1780833617544,14313456,1780833617138,27,2026-06-07T12:00:18.4581037Z,,oasis/bottle
,,,0,,,local.mqtt.telegraf,43,26.08,,,08a6f75abdf0,08a6f75abdf0-367,367,08:A6:F7:5A:BD:F0,ON,14167179,1780833618859,14167183,1780833618863,14267347,1780833617219,27,2026-06-07T12:00:19.7793691Z,,oasis/bottle
,,,0,,,local.mqtt.telegraf,43,37.92,,,08a6f769c348,08a6f769c348-367,367,08:A6:F7:69:C3:48,ON,14168289,1780833619969,14168293,1780833619973,14351457,1780833619899,27,2026-06-07T12:00:20.9136302Z,,oasis/bottle
,,,0,,,local.mqtt.telegraf,42,33.19,,,08a6f76bd428,08a6f76bd428-368,368,08:A6:F7:6B:D4:28,ON,14169269,1780833620949,14169273,1780833620953,14316856,1780833620538,27,2026-06-07T12:00:21.871344Z,,oasis/bottle
,,,0,,,local.mqtt.telegraf,43,26.08,,,08a6f75abdf0,08a6f75abdf0-368,368,08:A6:F7:5A:BD:F0,ON,14170509,1780833622189,14170513,1780833622193,14270677,1780833620549,27,2026-06-07T12:00:23.1050201Z,,oasis/bottle
,,,0,,,local.mqtt.telegraf,43,37.78,,,08a6f769c348,08a6f769c348-368,368,08:A6:F7:69:C3:48,ON,14171610,1780833623290,14171614,1780833623294,14354786,1780833623228,27,2026-06-07T12:00:24.2091504Z,,oasis/bottle
,,,0,,,local.mqtt.telegraf,42,33.24,,,08a6f76bd428,08a6f76bd428-369,369,08:A6:F7:6B:D4:28,ON,14172459,1780833624139,14172463,1780833624143,14320046,1780833623728,27,2026-06-07T12:00:25.0535387Z,,oasis/bottle
,,,0,,,local.mqtt.telegraf,43,26.31,,,08a6f75abdf0,08a6f75abdf0-369,369,08:A6:F7:5A:BD:F0,ON,14173799,1780833625479,14173804,1780833625484,14273966,1780833623838,27,2026-06-07T12:00:26.4029146Z,,oasis/bottle
,,,0,,,local.mqtt.telegraf,43,37.74,,,08a6f769c348,08a6f769c348-369,369,08:A6:F7:69:C3:48,ON,14174889,1780833626570,14174894,1780833626574,14358067,1780833626509,27,2026-06-07T12:00:27.4912844Z,,oasis/bottle
,,,0,,,local.mqtt.telegraf,42,33.24,,,08a6f76bd428,08a6f76bd428-370,370,08:A6:F7:6B:D4:28,ON,14175709,1780833627389,14175713,1780833627393,14323296,1780833627138,27,2026-06-07T12:00:28.314399Z,,oasis/bottle
,,,0,,,local.mqtt.telegraf,43,26.36,,,08a6f75abdf0,08a6f75abdf0-370,370,08:A6:F7:5A:BD:F0,ON,14176999,1780833628679,14177003,1780833628683,14277167,1780833627089,27,2026-06-07T12:00:29.5968439Z,,oasis/bottle
,,,0,,,local.mqtt.telegraf,43,37.7,,,08a6f769c348,08a6f769c348-370,370,08:A6:F7:69:C3:48,ON,14178079,1780833629760,14178084,1780833629764,14361257,1780833629699,27,2026-06-07T12:00:30.681028Z,,oasis/bottle
,,,0,,,local.mqtt.telegraf,42,33.27,,,08a6f76bd428,08a6f76bd428-371,371,08:A6:F7:6B:D4:28,ON,14179060,1780833630740,14179064,1780833630744,14326656,1780833630498,27,2026-06-07T12:00:31.6606309Z,,oasis/bottle
,,,0,,,local.mqtt.telegraf,43,26.47,,,08a6f75abdf0,08a6f75abdf0-371,371,08:A6:F7:5A:BD:F0,ON,14180259,1780833631940,14180264,1780833631944,14280437,1780833630359,27,2026-06-07T12:00:32.8741079Z,,oasis/bottle
,,,0,,,local.mqtt.telegraf,43,37.9,,,08a6f769c348,08a6f769c348-371,371,08:A6:F7:69:C3:48,ON,14181339,1780833633019,14181343,1780833633023,14364507,1780833632949,27,2026-06-07T12:00:33.9326798Z,,oasis/bottle
,,,0,,,local.mqtt.telegraf,42,33.32,,,08a6f76bd428,08a6f76bd428-372,372,08:A6:F7:6B:D4:28,ON,14182419,1780833634099,14182423,1780833634103,14330006,1780833633848,27,2026-06-07T12:00:35.0170215Z,,oasis/bottle
,,,0,,,local.mqtt.telegraf,43,26.58,,,08a6f75abdf0,08a6f75abdf0-372,372,08:A6:F7:5A:BD:F0,ON,14183669,1780833635349,14183673,1780833635353,14283837,1780833633759,27,2026-06-07T12:00:36.2704423Z,,oasis/bottle
,,,0,,,local.mqtt.telegraf,43,37.85,,,08a6f769c348,08a6f769c348-372,372,08:A6:F7:69:C3:48,ON,14184689,1780833636370,14184694,1780833636374,14367867,1780833636309,27,2026-06-07T12:00:37.284943Z,,oasis/bottle
,,,0,,,local.mqtt.telegraf,42,33.38,,,08a6f76bd428,08a6f76bd428-373,373,08:A6:F7:6B:D4:28,ON,14185749,1780833637429,14185753,1780833637433,14333337,1780833637239,27,2026-06-07T12:00:38.345065Z,,oasis/bottle
,,,0,,,local.mqtt.telegraf,43,26.61,,,08a6f75abdf0,08a6f75abdf0-373,373,08:A6:F7:5A:BD:F0,ON,14186850,1780833638530,14186854,1780833638534,14287027,1780833637099,27,2026-06-07T12:00:39.4506757Z,,oasis/bottle
,,,0,,,local.mqtt.telegraf,43,38.05,,,08a6f769c348,08a6f769c348-373,373,08:A6:F7:69:C3:48,ON,14188039,1780833639719,14188044,1780833639724,14371217,1780833639659,27,2026-06-07T12:00:40.6472081Z,,oasis/bottle
,,,0,,,local.mqtt.telegraf,42,33.56,,,08a6f76bd428,08a6f76bd428-374,374,08:A6:F7:6B:D4:28,ON,14189020,1780833640700,14189024,1780833640704,14336616,1780833640518,27,2026-06-07T12:00:41.6195283Z,,oasis/bottle
,,,0,,,local.mqtt.telegraf,43,26.74,,,08a6f75abdf0,08a6f75abdf0-374,374,08:A6:F7:5A:BD:F0,ON,14190089,1780833641770,14190094,1780833641774,14290267,1780833640339,27,2026-06-07T12:00:42.698345Z,,oasis/bottle
,,,0,,,local.mqtt.telegraf,43,38.16,,,08a6f769c348,08a6f769c348-374,374,08:A6:F7:69:C3:48,ON,14191360,1780833643040,14191364,1780833643044,14374536,1780833642978,27,2026-06-07T12:00:43.9597626Z,,oasis/bottle
,,,0,,,local.mqtt.telegraf,42,33.77,,,08a6f76bd428,08a6f76bd428-375,375,08:A6:F7:6B:D4:28,ON,14192219,1780833643899,14192223,1780833643903,14339806,1780833643708,27,2026-06-07T12:00:44.8225453Z,,oasis/bottle
,,,0,,,local.mqtt.telegraf,43,27.01,,,08a6f75abdf0,08a6f75abdf0-375,375,08:A6:F7:5A:BD:F0,ON,14193449,1780833645129,14193453,1780833645133,14293617,1780833643689,27,2026-06-07T12:00:46.0527979Z,,oasis/bottle
,,,0,,,local.mqtt.telegraf,43,38.28,,,08a6f769c348,08a6f769c348-375,375,08:A6:F7:69:C3:48,ON,14194649,1780833646329,14194653,1780833646333,14377818,1780833646259,27,2026-06-07T12:00:47.2530297Z,,oasis/bottle
,,,0,,,local.mqtt.telegraf,42,33.93,,,08a6f76bd428,08a6f76bd428-376,376,08:A6:F7:6B:D4:28,ON,14195469,1780833647149,14195473,1780833647153,14343057,1780833647088,27,2026-06-07T12:00:48.0701578Z,,oasis/bottle
,,,0,,,local.mqtt.telegraf,43,27.43,,,08a6f75abdf0,08a6f75abdf0-376,376,08:A6:F7:5A:BD:F0,ON,14196779,1780833648459,14196783,1780833648463,14296947,1780833647259,27,2026-06-07T12:00:49.3811932Z,,oasis/bottle
,,,0,,,local.mqtt.telegraf,43,38.59,,,08a6f769c348,08a6f769c348-376,376,08:A6:F7:69:C3:48,ON,14197819,1780833649499,14197824,1780833649504,14380997,1780833649438,27,2026-06-07T12:00:50.4255766Z,,oasis/bottle
,,,0,,,local.mqtt.telegraf,42,34.21,,,08a6f76bd428,08a6f76bd428-377,377,08:A6:F7:6B:D4:28,ON,14198839,1780833650519,14198843,1780833650523,14346426,1780833650457,27,2026-06-07T12:00:51.4330458Z,,oasis/bottle
,,,0,,,local.mqtt.telegraf,43,27.79,,,08a6f75abdf0,08a6f75abdf0-377,377,08:A6:F7:5A:BD:F0,ON,14200060,1780833651740,14200064,1780833651744,14300236,1780833650548,27,2026-06-07T12:00:52.6638167Z,,oasis/bottle
,,,0,,,local.mqtt.telegraf,43,38.67,,,08a6f769c348,08a6f769c348-377,377,08:A6:F7:69:C3:48,ON,14201040,1780833652720,14201044,1780833652724,14384217,1780833652658,27,2026-06-07T12:00:53.6475273Z,,oasis/bottle
,,,0,,,local.mqtt.telegraf,42,34.33,,,08a6f76bd428,08a6f76bd428-378,378,08:A6:F7:6B:D4:28,ON,14202199,1780833653879,14202203,1780833653883,14349786,1780833653817,27,2026-06-07T12:00:54.7958205Z,,oasis/bottle
,,,0,,,local.mqtt.telegraf,43,28.14,,,08a6f75abdf0,08a6f75abdf0-378,378,08:A6:F7:5A:BD:F0,ON,14203268,1780833654949,14203273,1780833654953,14303437,1780833653749,27,2026-06-07T12:00:55.8712321Z,,oasis/bottle
,,,0,,,local.mqtt.telegraf,43,39.07,,,08a6f769c348,08a6f769c348-378,378,08:A6:F7:69:C3:48,ON,14204349,1780833656029,14204354,1780833656034,14387526,1780833655967,27,2026-06-07T12:00:56.9496161Z,,oasis/bottle
,,,0,,,local.mqtt.telegraf,42,34.81,,,08a6f76bd428,08a6f76bd428-379,379,08:A6:F7:6B:D4:28,ON,14205549,1780833657229,14205553,1780833657233,14353136,1780833657156,27,2026-06-07T12:00:58.1498028Z,,oasis/bottle
,,,0,,,local.mqtt.telegraf,43,28.45,,,08a6f75abdf0,08a6f75abdf0-379,379,08:A6:F7:5A:BD:F0,ON,14206529,1780833658210,14206534,1780833658214,14306707,1780833657228,27,2026-06-07T12:00:59.1282413Z,,oasis/bottle
,,,0,,,local.mqtt.telegraf,43,39.45,,,08a6f769c348,08a6f769c348-379,379,08:A6:F7:69:C3:48,ON,14207609,1780833659289,14207613,1780833659293,14390777,1780833657208,27,2026-06-07T12:01:00.1995466Z,,oasis/bottle
,,,0,,,local.mqtt.telegraf,42,35.42,,,08a6f76bd428,08a6f76bd428-380,380,08:A6:F7:6B:D4:28,ON,14208869,1780833660549,14208873,1780833660553,14356456,1780833660476,27,2026-06-07T12:01:01.4743607Z,,oasis/bottle
,,,0,,,local.mqtt.telegraf,43,29.43,,,08a6f75abdf0,08a6f75abdf0-380,380,08:A6:F7:5A:BD:F0,ON,14209939,1780833661619,14209943,1780833661623,14310106,1780833660627,27,2026-06-07T12:01:02.5330313Z,,oasis/bottle
,,,0,,,local.mqtt.telegraf,43,40.15,,,08a6f769c348,08a6f769c348-380,380,08:A6:F7:69:C3:48,ON,14210970,1780833662650,14210974,1780833662654,14394147,1780833660578,27,2026-06-07T12:01:03.5622979Z,,oasis/bottle
,,,0,,,local.mqtt.telegraf,42,36.29,,,08a6f76bd428,08a6f76bd428-381,381,08:A6:F7:6B:D4:28,ON,14212129,1780833663810,14212134,1780833663814,14359726,1780833663746,27,2026-06-07T12:01:04.7331641Z,,oasis/bottle
,,,0,,,local.mqtt.telegraf,43,30.38,,,08a6f75abdf0,08a6f75abdf0-381,381,08:A6:F7:5A:BD:F0,ON,14213128,1780833664809,14213133,1780833664813,14313297,1780833663818,27,2026-06-07T12:01:05.7346188Z,,oasis/bottle
,,,0,,,local.mqtt.telegraf,43,41.05,,,08a6f769c348,08a6f769c348-381,381,08:A6:F7:69:C3:48,ON,14214339,1780833666019,14214343,1780833666023,14397507,1780833663938,27,2026-06-07T12:01:06.9394069Z,,oasis/bottle
,,,0,,,local.mqtt.telegraf,42,37.47,,,08a6f76bd428,08a6f76bd428-382,382,08:A6:F7:6B:D4:28,ON,14215539,1780833667219,14215543,1780833667223,14363126,1780833667157,27,2026-06-07T12:01:08.1507824Z,,oasis/bottle
,,,0,,,local.mqtt.telegraf,43,31.51,,,08a6f75abdf0,08a6f75abdf0-382,382,08:A6:F7:5A:BD:F0,ON,14216379,1780833668059,14216383,1780833668063,14316547,1780833667229,27,2026-06-07T12:01:08.9671726Z,,oasis/bottle
,,,0,,,local.mqtt.telegraf,43,42.27,,,08a6f769c348,08a6f769c348-382,382,08:A6:F7:69:C3:48,ON,14217689,1780833669369,14217693,1780833669373,14400857,1780833667329,27,2026-06-07T12:01:10.2914278Z,,oasis/bottle
,,,0,,,local.mqtt.telegraf,42,38.37,,,08a6f76bd428,08a6f76bd428-383,383,08:A6:F7:6B:D4:28,ON,14218729,1780833670409,14218733,1780833670413,14366316,1780833670347,27,2026-06-07T12:01:11.3215349Z,,oasis/bottle
,,,0,,,local.mqtt.telegraf,43,32.32,,,08a6f75abdf0,08a6f75abdf0-383,383,08:A6:F7:5A:BD:F0,ON,14219730,1780833671410,14219734,1780833671414,14319907,1780833670589,27,2026-06-07T12:01:12.3242131Z,,oasis/bottle
,,,0,,,local.mqtt.telegraf,43,42.86,,,08a6f769c348,08a6f769c348-383,383,08:A6:F7:69:C3:48,ON,14221009,1780833672689,14221013,1780833672693,14404177,1780833670649,27,2026-06-07T12:01:13.6115858Z,,oasis/bottle
,,,0,,,local.mqtt.telegraf,42,38.88,,,08a6f76bd428,08a6f76bd428-384,384,08:A6:F7:6B:D4:28,ON,14221969,1780833673649,14221973,1780833673653,14369556,1780833673587,27,2026-06-07T12:01:14.5652085Z,,oasis/bottle
,,,0,,,local.mqtt.telegraf,43,32.81,,,08a6f75abdf0,08a6f75abdf0-384,384,08:A6:F7:5A:BD:F0,ON,14223089,1780833674769,14223093,1780833674773,14323257,1780833673939,27,2026-06-07T12:01:15.6832531Z,,oasis/bottle
,,,0,,,local.mqtt.telegraf,43,43.18,,,08a6f769c348,08a6f769c348-384,384,08:A6:F7:69:C3:48,ON,14224279,1780833675959,14224284,1780833675964,14407447,1780833673919,27,2026-06-07T12:01:16.8784826Z,,oasis/bottle
,,,0,,,local.mqtt.telegraf,42,39.04,,,08a6f76bd428,08a6f76bd428-385,385,08:A6:F7:6B:D4:28,ON,14225319,1780833676999,14225325,1780833677005,14372907,1780833676938,27,2026-06-07T12:01:17.9215719Z,,oasis/bottle
,,,0,,,local.mqtt.telegraf,43,32.88,,,08a6f75abdf0,08a6f75abdf0-385,385,08:A6:F7:5A:BD:F0,ON,14226399,1780833678079,14226404,1780833678084,14326577,1780833677319,27,2026-06-07T12:01:18.9987221Z,,oasis/bottle
,,,0,,,local.mqtt.telegraf,43,42.99,,,08a6f769c348,08a6f769c348-385,385,08:A6:F7:69:C3:48,ON,14227680,1780833679360,14227684,1780833679364,14410857,1780833677409,27,2026-06-07T12:01:20.285236Z,,oasis/bottle
,,,0,,,local.mqtt.telegraf,42,38.96,,,08a6f76bd428,08a6f76bd428-386,386,08:A6:F7:6B:D4:28,ON,14228649,1780833680329,14228653,1780833680333,14376236,1780833680267,27,2026-06-07T12:01:21.2489409Z,,oasis/bottle
,,,0,,,local.mqtt.telegraf,43,32.92,,,08a6f75abdf0,08a6f75abdf0-386,386,08:A6:F7:5A:BD:F0,ON,14229679,1780833681359,14229683,1780833681363,14329847,1780833680589,27,2026-06-07T12:01:22.2744386Z,,oasis/bottle
,,,0,,,local.mqtt.telegraf,43,43.15,,,08a6f769c348,08a6f769c348-386,386,08:A6:F7:69:C3:48,ON,14230880,1780833682560,14230884,1780833682564,14414056,1780833680608,27,2026-06-07T12:01:23.4907062Z,,oasis/bottle
,,,0,,,local.mqtt.telegraf,42,38.9,,,08a6f76bd428,08a6f76bd428-387,387,08:A6:F7:6B:D4:28,ON,14231929,1780833683609,14231933,1780833683613,14379516,1780833683547,27,2026-06-07T12:01:24.5270756Z,,oasis/bottle
,,,0,,,local.mqtt.telegraf,43,32.45,,,08a6f75abdf0,08a6f75abdf0-387,387,08:A6:F7:5A:BD:F0,ON,14233089,1780833684769,14233093,1780833684773,14333257,1780833683999,27,2026-06-07T12:01:25.6940847Z,,oasis/bottle
,,,0,,,local.mqtt.telegraf,43,42.86,,,08a6f769c348,08a6f769c348-387,387,08:A6:F7:69:C3:48,ON,14234189,1780833685869,14234193,1780833685873,14417356,1780833683908,27,2026-06-07T12:01:26.7869548Z,,oasis/bottle
,,,0,,,local.mqtt.telegraf,42,38.83,,,08a6f76bd428,08a6f76bd428-388,388,08:A6:F7:6B:D4:28,ON,14235119,1780833686799,14235123,1780833686803,14382707,1780833686738,27,2026-06-07T12:01:27.7135076Z,,oasis/bottle
,,,0,,,local.mqtt.telegraf,43,32.7,,,08a6f75abdf0,08a6f75abdf0-388,388,08:A6:F7:5A:BD:F0,ON,14236289,1780833687969,14236293,1780833687973,14336457,1780833687219,27,2026-06-07T12:01:28.8906476Z,,oasis/bottle
,,,0,,,local.mqtt.telegraf,43,43.13,,,08a6f769c348,08a6f769c348-388,388,08:A6:F7:69:C3:48,ON,14237379,1780833689059,14237383,1780833689063,14420547,1780833687208,27,2026-06-07T12:01:29.9727786Z,,oasis/bottle
,,,0,,,local.mqtt.telegraf,42,38.96,,,08a6f76bd428,08a6f76bd428-389,389,08:A6:F7:6B:D4:28,ON,14238369,1780833690049,14238373,1780833690053,14385956,1780833689987,27,2026-06-07T12:01:30.9769202Z,,oasis/bottle
,,,0,,,local.mqtt.telegraf,43,33.17,,,08a6f75abdf0,08a6f75abdf0-389,389,08:A6:F7:5A:BD:F0,ON,14239559,1780833691239,14239563,1780833691243,14339727,1780833690489,27,2026-06-07T12:01:32.1717421Z,,oasis/bottle
,,,0,,,local.mqtt.telegraf,43,43.38,,,08a6f769c348,08a6f769c348-389,389,08:A6:F7:69:C3:48,ON,14240620,1780833692300,14240624,1780833692304,14423796,1780833690457,27,2026-06-07T12:01:33.2163472Z,,oasis/bottle
,,,0,,,local.mqtt.telegraf,42,39.58,,,08a6f76bd428,08a6f76bd428-390,390,08:A6:F7:6B:D4:28,ON,14241729,1780833693409,14241733,1780833693413,14389316,1780833693347,27,2026-06-07T12:01:34.3249617Z,,oasis/bottle
,,,0,,,local.mqtt.telegraf,43,33.52,,,08a6f75abdf0,08a6f75abdf0-390,390,08:A6:F7:5A:BD:F0,ON,14242969,1780833694649,14242973,1780833694653,14343136,1780833693898,27,2026-06-07T12:01:35.5787679Z,,oasis/bottle
,,,0,,,local.mqtt.telegraf,43,43.65,,,08a6f769c348,08a6f769c348-390,390,08:A6:F7:69:C3:48,ON,14243999,1780833695679,14244003,1780833695683,14427166,1780833693827,27,2026-06-07T12:01:36.642347Z,,oasis/bottle
,,,0,,,local.mqtt.telegraf,42,39.69,,,08a6f76bd428,08a6f76bd428-391,391,08:A6:F7:6B:D4:28,ON,14245079,1780833696759,14245083,1780833696763,14392666,1780833696687,27,2026-06-07T12:01:37.6684607Z,,oasis/bottle
,,,0,,,local.mqtt.telegraf,43,33.82,,,08a6f75abdf0,08a6f75abdf0-391,391,08:A6:F7:5A:BD:F0,ON,14246160,1780833697840,14246164,1780833697844,14346337,1780833697239,27,2026-06-07T12:01:38.75095Z,,oasis/bottle
,,,0,,,local.mqtt.telegraf,43,43.62,,,08a6f769c348,08a6f769c348-391,391,08:A6:F7:69:C3:48,ON,14247359,1780833699040,14247364,1780833699044,14430536,1780833697408,27,2026-06-07T12:01:39.9655511Z,,oasis/bottle
,,,0,,,local.mqtt.telegraf,42,39.77,,,08a6f76bd428,08a6f76bd428-392,392,08:A6:F7:6B:D4:28,ON,14248409,1780833700089,14248413,1780833700093,14395996,1780833700017,27,2026-06-07T12:01:41.001975Z,,oasis/bottle
,,,0,,,local.mqtt.telegraf,43,33.81,,,08a6f75abdf0,08a6f75abdf0-392,392,08:A6:F7:5A:BD:F0,ON,14249429,1780833701110,14249434,1780833701114,14349606,1780833700508,27,2026-06-07T12:01:42.0333625Z,,oasis/bottle
,,,0,,,local.mqtt.telegraf,43,43.72,,,08a6f769c348,08a6f769c348-392,392,08:A6:F7:69:C3:48,ON,14250719,1780833702400,14250724,1780833702404,14433896,1780833700768,27,2026-06-07T12:01:43.3183544Z,,oasis/bottle
,,,0,,,local.mqtt.telegraf,42,39.8,,,08a6f76bd428,08a6f76bd428-393,393,08:A6:F7:6B:D4:28,ON,14251699,1780833703379,14251703,1780833703383,14399276,1780833703297,27,2026-06-07T12:01:44.2989925Z,,oasis/bottle
,,,0,,,local.mqtt.telegraf,43,33.73,,,08a6f75abdf0,08a6f75abdf0-393,393,08:A6:F7:5A:BD:F0,ON,14252838,1780833704519,14252843,1780833704523,14353006,1780833703908,27,2026-06-07T12:01:45.4388068Z,,oasis/bottle
,,,0,,,local.mqtt.telegraf,43,43.88,,,08a6f769c348,08a6f769c348-393,393,08:A6:F7:69:C3:48,ON,14254069,1780833705749,14254073,1780833705753,14437236,1780833704108,27,2026-06-07T12:01:46.668887Z,,oasis/bottle
,,,0,,,local.mqtt.telegraf,42,39.74,,,08a6f76bd428,08a6f76bd428-394,394,08:A6:F7:6B:D4:28,ON,14254909,1780833706589,14254913,1780833706593,14402497,1780833706528,27,2026-06-07T12:01:47.4994001Z,,oasis/bottle
,,,0,,,local.mqtt.telegraf,43,33.64,,,08a6f75abdf0,08a6f75abdf0-394,394,08:A6:F7:5A:BD:F0,ON,14256020,1780833707700,14256024,1780833707704,14356197,1780833707249,27,2026-06-07T12:01:48.6084535Z,,oasis/bottle
,,,0,,,local.mqtt.telegraf,43,43.62,,,08a6f769c348,08a6f769c348-394,394,08:A6:F7:69:C3:48,ON,14257379,1780833709059,14257383,1780833709063,14440547,1780833707369,27,2026-06-07T12:01:49.9773628Z,,oasis/bottle
,,,0,,,local.mqtt.telegraf,42,39.57,,,08a6f76bd428,08a6f76bd428-395,395,08:A6:F7:6B:D4:28,ON,14258179,1780833709859,14258184,1780833709864,14405767,1780833709798,27,2026-06-07T12:01:50.7736176Z,,oasis/bottle
,,,0,,,local.mqtt.telegraf,43,33.59,,,08a6f75abdf0,08a6f75abdf0-395,395,08:A6:F7:5A:BD:F0,ON,14259269,1780833710950,14259274,1780833710954,14359446,1780833710498,27,2026-06-07T12:01:51.8563765Z,,oasis/bottle
,,,0,,,local.mqtt.telegraf,43,43.91,,,08a6f769c348,08a6f769c348-395,395,08:A6:F7:69:C3:48,ON,14260629,1780833712309,14260634,1780833712314,14443797,1780833710619,27,2026-06-07T12:01:53.2244736Z,,oasis/bottle
,,,0,,,local.mqtt.telegraf,42,39.66,,,08a6f76bd428,08a6f76bd428-396,396,08:A6:F7:6B:D4:28,ON,14261349,1780833713029,14261354,1780833713034,14408936,1780833712967,27,2026-06-07T12:01:53.9411727Z,,oasis/bottle
,,,0,,,local.mqtt.telegraf,43,33.74,,,08a6f75abdf0,08a6f75abdf0-396,396,08:A6:F7:5A:BD:F0,ON,14262638,1780833714319,14262643,1780833714323,14362806,1780833713858,27,2026-06-07T12:01:55.2516001Z,,oasis/bottle
,,,0,,,local.mqtt.telegraf,43,43.81,,,08a6f769c348,08a6f769c348-396,396,08:A6:F7:69:C3:48,ON,14263989,1780833715669,14263993,1780833715673,14447156,1780833713978,27,2026-06-07T12:01:56.5893079Z,,oasis/bottle
,,,0,,,local.mqtt.telegraf,42,39.85,,,08a6f76bd428,08a6f76bd428-397,397,08:A6:F7:6B:D4:28,ON,14264559,1780833716239,14264563,1780833716243,14412146,1780833716177,27,2026-06-07T12:01:57.1505552Z,,oasis/bottle
,,,0,,,local.mqtt.telegraf,43,33.74,,,08a6f75abdf0,08a6f75abdf0-397,397,08:A6:F7:5A:BD:F0,ON,14265999,1780833717679,14266003,1780833717683,14366167,1780833717439,27,2026-06-07T12:01:58.6011699Z,,oasis/bottle
,,,0,,,local.mqtt.telegraf,43,43.62,,,08a6f769c348,08a6f769c348-397,397,08:A6:F7:69:C3:48,ON,14267339,1780833719019,14267343,1780833719023,14450507,1780833717429,27,2026-06-07T12:01:59.9292331Z,,oasis/bottle
,,,0,,,local.mqtt.telegraf,42,39.76,,,08a6f76bd428,08a6f76bd428-398,398,08:A6:F7:6B:D4:28,ON,14267859,1780833719539,14267863,1780833719543,14415446,1780833717377,27,2026-06-07T12:02:00.4541098Z,,oasis/bottle
,,,0,,,local.mqtt.telegraf,43,33.75,,,08a6f75abdf0,08a6f75abdf0-398,398,08:A6:F7:5A:BD:F0,ON,14269340,1780833721020,14269346,1780833721026,14369507,1780833720779,27,2026-06-07T12:02:01.9472099Z,,oasis/bottle
,,,0,,,local.mqtt.telegraf,43,43.74,,,08a6f769c348,08a6f769c348-398,398,08:A6:F7:69:C3:48,ON,14270669,1780833722349,14270674,1780833722354,14453837,1780833720759,27,2026-06-07T12:02:03.2584671Z,,oasis/bottle
,,,0,,,local.mqtt.telegraf,42,39.68,,,08a6f76bd428,08a6f76bd428-399,399,08:A6:F7:6B:D4:28,ON,14271069,1780833722749,14271073,1780833722753,14418656,1780833720587,27,2026-06-07T12:02:03.6558153Z,,oasis/bottle
,,,0,,,local.mqtt.telegraf,43,33.62,,,08a6f75abdf0,08a6f75abdf0-399,399,08:A6:F7:5A:BD:F0,ON,14272648,1780833724329,14272653,1780833724333,14372816,1780833724088,27,2026-06-07T12:02:05.2469004Z,,oasis/bottle
,,,0,,,local.mqtt.telegraf,43,43.84,,,08a6f769c348,08a6f769c348-399,399,08:A6:F7:69:C3:48,ON,14273949,1780833725629,14273954,1780833725634,14457117,1780833724039,27,2026-06-07T12:02:06.5551933Z,,oasis/bottle
,,,0,,,local.mqtt.telegraf,42,39.74,,,08a6f76bd428,08a6f76bd428-400,400,08:A6:F7:6B:D4:28,ON,14274359,1780833726039,14274364,1780833726044,14421946,1780833723877,27,2026-06-07T12:02:06.9513138Z,,oasis/bottle
,,,0,,,local.mqtt.telegraf,43,33.58,,,08a6f75abdf0,08a6f75abdf0-400,400,08:A6:F7:5A:BD:F0,ON,14275889,1780833727569,14275894,1780833727574,14376057,1780833727339,27,2026-06-07T12:02:08.4810928Z,,oasis/bottle
,,,0,,,local.mqtt.telegraf,43,44.04,,,08a6f769c348,08a6f769c348-400,400,08:A6:F7:69:C3:48,ON,14277139,1780833728819,14277143,1780833728823,14460307,1780833727289,27,2026-06-07T12:02:09.7388111Z,,oasis/bottle
,,,0,,,local.mqtt.telegraf,42,39.82,,,08a6f76bd428,08a6f76bd428-401,401,08:A6:F7:6B:D4:28,ON,14277559,1780833729239,14277563,1780833729243,14425147,1780833727299,27,2026-06-07T12:02:10.1555086Z,,oasis/bottle
,,,0,,,local.mqtt.telegraf,43,33.74,,,08a6f75abdf0,08a6f75abdf0-401,401,08:A6:F7:5A:BD:F0,ON,14279229,1780833730909,14279233,1780833730913,14379397,1780833730679,27,2026-06-07T12:02:11.8305801Z,,oasis/bottle
,,,0,,,local.mqtt.telegraf,43,43.64,,,08a6f769c348,08a6f769c348-401,401,08:A6:F7:69:C3:48,ON,14280379,1780833732059,14280383,1780833732063,14463547,1780833730529,27,2026-06-07T12:02:12.9819125Z,,oasis/bottle
,,,0,,,local.mqtt.telegraf,42,39.8,,,08a6f76bd428,08a6f76bd428-402,402,08:A6:F7:6B:D4:28,ON,14280829,1780833732509,14280833,1780833732513,14428417,1780833730569,27,2026-06-07T12:02:13.4256066Z,,oasis/bottle
,,,0,,,local.mqtt.telegraf,43,33.66,,,08a6f75abdf0,08a6f75abdf0-402,402,08:A6:F7:5A:BD:F0,ON,14282539,1780833734219,14282543,1780833734223,14382707,1780833733989,27,2026-06-07T12:02:15.1426534Z,,oasis/bottle
,,,0,,,local.mqtt.telegraf,43,43.7,,,08a6f769c348,08a6f769c348-402,402,08:A6:F7:69:C3:48,ON,14283729,1780833735409,14283733,1780833735413,14466896,1780833733878,27,2026-06-07T12:02:16.3369547Z,,oasis/bottle
,,,0,,,local.mqtt.telegraf,42,39.85,,,08a6f76bd428,08a6f76bd428-403,403,08:A6:F7:6B:D4:28,ON,14284239,1780833735919,14284243,1780833735923,14431826,1780833733978,27,2026-06-07T12:02:16.8338329Z,,oasis/bottle
,,,0,,,local.mqtt.telegraf,43,33.85,,,08a6f75abdf0,08a6f75abdf0-403,403,08:A6:F7:5A:BD:F0,ON,14285780,1780833737460,14285784,1780833737464,14385957,1780833737369,27,2026-06-07T12:02:18.3808143Z,,oasis/bottle
,,,0,,,local.mqtt.telegraf,43,43.65,,,08a6f769c348,08a6f769c348-403,403,08:A6:F7:69:C3:48,ON,14287059,1780833738739,14287063,1780833738743,14470227,1780833737449,27,2026-06-07T12:02:19.6702578Z,,oasis/bottle
,,,0,,,local.mqtt.telegraf,42,39.94,,,08a6f76bd428,08a6f76bd428-404,404,08:A6:F7:6B:D4:28,ON,14287449,1780833739129,14287453,1780833739133,14435037,1780833737328,27,2026-06-07T12:02:20.0416777Z,,oasis/bottle
,,,0,,,local.mqtt.telegraf,43,33.77,,,08a6f75abdf0,08a6f75abdf0-404,404,08:A6:F7:5A:BD:F0,ON,14289140,1780833740820,14289144,1780833740824,14389316,1780833740728,27,2026-06-07T12:02:21.7387812Z,,oasis/bottle
,,,0,,,local.mqtt.telegraf,43,43.83,,,08a6f769c348,08a6f769c348-404,404,08:A6:F7:69:C3:48,ON,14290339,1780833742019,14290344,1780833742024,14473507,1780833740729,27,2026-06-07T12:02:22.9425244Z,,oasis/bottle
,,,0,,,local.mqtt.telegraf,42,40.05,,,08a6f76bd428,08a6f76bd428-405,405,08:A6:F7:6B:D4:28,ON,14290729,1780833742409,14290733,1780833742413,14438316,1780833740607,27,2026-06-07T12:02:23.3224447Z,,oasis/bottle
,,,0,,,local.mqtt.telegraf,43,33.75,,,08a6f75abdf0,08a6f75abdf0-405,405,08:A6:F7:5A:BD:F0,ON,14292499,1780833744179,14292503,1780833744183,14392667,1780833744079,27,2026-06-07T12:02:25.0998141Z,,oasis/bottle
,,,0,,,local.mqtt.telegraf,43,44.04,,,08a6f769c348,08a6f769c348-405,405,08:A6:F7:69:C3:48,ON,14293529,1780833745209,14293533,1780833745213,14476697,1780833743919,27,2026-06-07T12:02:26.1237823Z,,oasis/bottle
,,,0,,,local.mqtt.telegraf,42,40,,,08a6f76bd428,08a6f76bd428-406,406,08:A6:F7:6B:D4:28,ON,14293919,1780833745599,14293923,1780833745603,14441506,1780833743797,27,2026-06-07T12:02:26.5101891Z,,oasis/bottle
,,,0,,,local.mqtt.telegraf,43,33.83,,,08a6f75abdf0,08a6f75abdf0-406,406,08:A6:F7:5A:BD:F0,ON,14295829,1780833747510,14295834,1780833747514,14396007,1780833747445,27,2026-06-07T12:02:28.4222732Z,,oasis/bottle
,,,0,,,local.mqtt.telegraf,43,43.79,,,08a6f769c348,08a6f769c348-406,406,08:A6:F7:69:C3:48,ON,14296779,1780833748459,14296784,1780833748464,14479947,1780833747405,27,2026-06-07T12:02:29.3725477Z,,oasis/bottle
,,,0,,,local.mqtt.telegraf,42,39.98,,,08a6f76bd428,08a6f76bd428-407,407,08:A6:F7:6B:D4:28,ON,14297159,1780833748839,14297163,1780833748843,14444747,1780833747395,27,2026-06-07T12:02:29.7552426Z,,oasis/bottle
,,,0,,,local.mqtt.telegraf,43,33.99,,,08a6f75abdf0,08a6f75abdf0-407,407,08:A6:F7:5A:BD:F0,ON,14299120,1780833750800,14299124,1780833750804,14399297,1780833750735,27,2026-06-07T12:02:31.7204373Z,,oasis/bottle
,,,0,,,local.mqtt.telegraf,43,43.72,,,08a6f769c348,08a6f769c348-407,407,08:A6:F7:69:C3:48,ON,14300139,1780833751819,14300143,1780833751823,14483307,1780833750765,27,2026-06-07T12:02:32.7427276Z,,oasis/bottle
,,,0,,,local.mqtt.telegraf,42,40.09,,,08a6f76bd428,08a6f76bd428-408,408,08:A6:F7:6B:D4:28,ON,14300509,1780833752189,14300513,1780833752193,14448096,1780833750744,27,2026-06-07T12:02:33.1084032Z,,oasis/bottle
,,,0,,,local.mqtt.telegraf,43,33.77,,,08a6f75abdf0,08a6f75abdf0-408,408,08:A6:F7:5A:BD:F0,ON,14302339,1780833754019,14302344,1780833754024,14402507,1780833753945,27,2026-06-07T12:02:34.9429154Z,,oasis/bottle
,,,0,,,local.mqtt.telegraf,43,43.77,,,08a6f769c348,08a6f769c348-408,408,08:A6:F7:69:C3:48,ON,14303489,1780833755169,14303493,1780833755173,14486656,1780833754114,27,2026-06-07T12:02:36.1081713Z,,oasis/bottle
,,,0,,,local.mqtt.telegraf,42,40,,,08a6f76bd428,08a6f76bd428-409,409,08:A6:F7:6B:D4:28,ON,14303839,1780833755519,14303843,1780833755523,14451426,1780833754074,27,2026-06-07T12:02:36.4532552Z,,oasis/bottle
,,,0,,,local.mqtt.telegraf,43,33.77,,,08a6f75abdf0,08a6f75abdf0-409,409,08:A6:F7:5A:BD:F0,ON,14305629,1780833757309,14305633,1780833757313,14405797,1780833757228,27,2026-06-07T12:02:38.2330127Z,,oasis/bottle
,,,0,,,local.mqtt.telegraf,43,43.85,,,08a6f769c348,08a6f769c348-409,409,08:A6:F7:69:C3:48,ON,14306829,1780833758509,14306833,1780833758513,14489997,1780833757508,27,2026-06-07T12:02:39.4369884Z,,oasis/bottle
,,,0,,,local.mqtt.telegraf,42,39.94,,,08a6f76bd428,08a6f76bd428-410,410,08:A6:F7:6B:D4:28,ON,14307119,1780833758799,14307124,1780833758804,14454707,1780833757458,27,2026-06-07T12:02:39.7109737Z,,oasis/bottle
,,,0,,,local.mqtt.telegraf,43,33.89,,,08a6f75abdf0,08a6f75abdf0-410,410,08:A6:F7:5A:BD:F0,ON,14308819,1780833760500,14308824,1780833760504,14408997,1780833760428,27,2026-06-07T12:02:41.4248025Z,,oasis/bottle
,,,0,,,local.mqtt.telegraf,43,43.68,,,08a6f769c348,08a6f769c348-410,410,08:A6:F7:69:C3:48,ON,14310129,1780833761809,14310133,1780833761813,14493296,1780833760807,27,2026-06-07T12:02:42.7303188Z,,oasis/bottle
,,,0,,,local.mqtt.telegraf,42,40.16,,,08a6f76bd428,08a6f76bd428-411,411,08:A6:F7:6B:D4:28,ON,14310316,1780833761996,14310322,1780833762002,14457896,1780833760647,27,2026-06-07T12:02:42.9099911Z,,oasis/bottle
,,,0,,,local.mqtt.telegraf,43,33.91,,,08a6f75abdf0,08a6f75abdf0-411,411,08:A6:F7:5A:BD:F0,ON,14312090,1780833763770,14312094,1780833763774,14412266,1780833763697,27,2026-06-07T12:02:44.6903186Z,,oasis/bottle
,,,0,,,local.mqtt.telegraf,43,43.76,,,08a6f769c348,08a6f769c348-411,411,08:A6:F7:69:C3:48,ON,14313349,1780833765029,14313353,1780833765033,14496516,1780833764027,27,2026-06-07T12:02:45.9485168Z,,oasis/bottle
,,,0,,,local.mqtt.telegraf,42,40,,,08a6f76bd428,08a6f76bd428-412,412,08:A6:F7:6B:D4:28,ON,14313549,1780833765229,14313553,1780833765233,14461136,1780833763887,27,2026-06-07T12:02:46.1492143Z,,oasis/bottle
,,,0,,,local.mqtt.telegraf,43,34.13,,,08a6f75abdf0,08a6f75abdf0-412,412,08:A6:F7:5A:BD:F0,ON,14315490,1780833767170,14315494,1780833767174,14415667,1780833767099,27,2026-06-07T12:02:48.0906703Z,,oasis/bottle
,,,0,,,local.mqtt.telegraf,43,43.83,,,08a6f769c348,08a6f769c348-412,412,08:A6:F7:69:C3:48,ON,14316649,1780833768329,14316654,1780833768334,14499816,1780833767498,27,2026-06-07T12:02:49.2531639Z,,oasis/bottle
,,,0,,,local.mqtt.telegraf,42,40.05,,,08a6f76bd428,08a6f76bd428-413,413,08:A6:F7:6B:D4:28,ON,14316909,1780833768589,14316913,1780833768593,14464497,1780833767558,27,2026-06-07T12:02:49.5101055Z,,oasis/bottle
,,,0,,,local.mqtt.telegraf,43,33.83,,,08a6f75abdf0,08a6f75abdf0-413,413,08:A6:F7:5A:BD:F0,ON,14318679,1780833770360,14318684,1780833770364,14418856,1780833770288,27,2026-06-07T12:02:51.2851492Z,,oasis/bottle
,,,0,,,local.mqtt.telegraf,43,43.83,,,08a6f769c348,08a6f769c348-413,413,08:A6:F7:69:C3:48,ON,14319879,1780833771559,14319883,1780833771563,14503046,1780833770728,27,2026-06-07T12:02:52.4668275Z,,oasis/bottle
,,,0,,,local.mqtt.telegraf,42,40.05,,,08a6f76bd428,08a6f76bd428-414,414,08:A6:F7:6B:D4:28,ON,14320249,1780833771929,14320253,1780833771933,14467836,1780833770897,27,2026-06-07T12:02:52.8511603Z,,oasis/bottle
,,,0,,,local.mqtt.telegraf,43,34.02,,,08a6f75abdf0,08a6f75abdf0-414,414,08:A6:F7:5A:BD:F0,ON,14321929,1780833773610,14321934,1780833773614,14422107,1780833773539,27,2026-06-07T12:02:54.5291717Z,,oasis/bottle
,,,0,,,local.mqtt.telegraf,43,43.8,,,08a6f769c348,08a6f769c348-414,414,08:A6:F7:69:C3:48,ON,14323208,1780833774889,14323213,1780833774893,14506376,1780833774058,27,2026-06-07T12:02:55.8123409Z,,oasis/bottle
,,,0,,,local.mqtt.telegraf,42,40.01,,,08a6f76bd428,08a6f76bd428-415,415,08:A6:F7:6B:D4:28,ON,14323549,1780833775229,14323553,1780833775233,14471136,1780833774197,27,2026-06-07T12:02:56.1459628Z,,oasis/bottle
,,,0,,,local.mqtt.telegraf,43,33.93,,,08a6f75abdf0,08a6f75abdf0-415,415,08:A6:F7:5A:BD:F0,ON,14325289,1780833776970,14325294,1780833776974,14425467,1780833776899,27,2026-06-07T12:02:57.9026526Z,,oasis/bottle
,,,0,,,local.mqtt.telegraf,43,43.77,,,08a6f769c348,08a6f769c348-415,415,08:A6:F7:69:C3:48,ON,14326489,1780833778169,14326493,1780833778173,14509657,1780833777499,27,2026-06-07T12:02:59.0972345Z,,oasis/bottle
,,,0,,,local.mqtt.telegraf,42,39.98,,,08a6f76bd428,08a6f76bd428-416,416,08:A6:F7:6B:D4:28,ON,14326779,1780833778459,14326783,1780833778463,14474366,1780833777448,27,2026-06-07T12:02:59.3836711Z,,oasis/bottle
,,,0,,,local.mqtt.telegraf,43,33.78,,,08a6f75abdf0,08a6f75abdf0-416,416,08:A6:F7:5A:BD:F0,ON,14328639,1780833780320,14328644,1780833780324,14428816,1780833780248,27,2026-06-07T12:03:01.2449847Z,,oasis/bottle
,,,0,,,local.mqtt.telegraf,43,43.56,,,08a6f769c348,08a6f769c348-416,416,08:A6:F7:69:C3:48,ON,14329679,1780833781359,14329683,1780833781363,14512846,1780833780688,27,2026-06-07T12:03:02.2633559Z,,oasis/bottle
,,,0,,,local.mqtt.telegraf,42,39.69,,,08a6f76bd428,08a6f76bd428-417,417,08:A6:F7:6B:D4:28,ON,14330109,1780833781789,14330113,1780833781793,14477696,1780833780778,27,2026-06-07T12:03:02.7003741Z,,oasis/bottle
,,,0,,,local.mqtt.telegraf,43,34.07,,,08a6f75abdf0,08a6f75abdf0-417,417,08:A6:F7:5A:BD:F0,ON,14331970,1780833783650,14331974,1780833783654,14432146,1780833783578,27,2026-06-07T12:03:04.5739238Z,,oasis/bottle
,,,0,,,local.mqtt.telegraf,43,43.62,,,08a6f769c348,08a6f769c348-417,417,08:A6:F7:69:C3:48,ON,14332929,1780833784609,14332933,1780833784613,14516097,1780833783939,27,2026-06-07T12:03:05.5282718Z,,oasis/bottle
,,,0,,,local.mqtt.telegraf,42,39.85,,,08a6f76bd428,08a6f76bd428-418,418,08:A6:F7:6B:D4:28,ON,14333389,1780833785069,14333393,1780833785073,14480976,1780833784058,27,2026-06-07T12:03:05.9995316Z,,oasis/bottle
,,,0,,,local.mqtt.telegraf,43,33.97,,,08a6f75abdf0,08a6f75abdf0-418,418,08:A6:F7:5A:BD:F0,ON,14335250,1780833786930,14335254,1780833786934,14435427,1780833786859,27,2026-06-07T12:03:07.8616894Z,,oasis/bottle
,,,0,,,local.mqtt.telegraf,43,43.7,,,08a6f769c348,08a6f769c348-418,418,08:A6:F7:69:C3:48,ON,14336289,1780833787969,14336293,1780833787973,14519456,1780833787598,27,2026-06-07T12:03:08.888047Z,,oasis/bottle
,,,0,,,local.mqtt.telegraf,42,40.12,,,08a6f76bd428,08a6f76bd428-419,419,08:A6:F7:6B:D4:28,ON,14336579,1780833788259,14336583,1780833788263,14484167,1780833787429,27,2026-06-07T12:03:09.1741532Z,,oasis/bottle
,,,0,,,local.mqtt.telegraf,43,33.97,,,08a6f75abdf0,08a6f75abdf0-419,419,08:A6:F7:5A:BD:F0,ON,14338440,1780833790120,14338444,1780833790124,14438616,1780833790048,27,2026-06-07T12:03:11.0394298Z,,oasis/bottle
,,,0,,,local.mqtt.telegraf,43,43.69,,,08a6f769c348,08a6f769c348-419,419,08:A6:F7:69:C3:48,ON,14339639,1780833791319,14339643,1780833791323,14522807,1780833790949,27,2026-06-07T12:03:12.2403321Z,,oasis/bottle
,,,0,,,local.mqtt.telegraf,42,40.04,,,08a6f76bd428,08a6f76bd428-420,420,08:A6:F7:6B:D4:28,ON,14339829,1780833791509,14339833,1780833791513,14487416,1780833790678,27,2026-06-07T12:03:12.4221204Z,,oasis/bottle
,,,0,,,local.mqtt.telegraf,43,33.91,,,08a6f75abdf0,08a6f75abdf0-420,420,08:A6:F7:5A:BD:F0,ON,14341680,1780833793360,14341684,1780833793365,14441857,1780833793289,27,2026-06-07T12:03:14.3055765Z,,oasis/bottle
,,,0,,,local.mqtt.telegraf,43,43.76,,,08a6f769c348,08a6f769c348-420,420,08:A6:F7:69:C3:48,ON,14342978,1780833794659,14342983,1780833794663,14526146,1780833794288,27,2026-06-07T12:03:15.5865237Z,,oasis/bottle
,,,0,,,local.mqtt.telegraf,42,40.12,,,08a6f76bd428,08a6f76bd428-421,421,08:A6:F7:6B:D4:28,ON,14343189,1780833794869,14343193,1780833794873,14490776,1780833794038,27,2026-06-07T12:03:15.7851059Z,,oasis/bottle
,,,0,,,local.mqtt.telegraf,43,34.15,,,08a6f75abdf0,08a6f75abdf0-421,421,08:A6:F7:5A:BD:F0,ON,14345029,1780833796710,14345034,1780833796714,14445207,1780833796639,27,2026-06-07T12:03:17.620652Z,,oasis/bottle
,,,0,,,local.mqtt.telegraf,43,43.77,,,08a6f769c348,08a6f769c348-421,421,08:A6:F7:69:C3:48,ON,14346269,1780833797949,14346273,1780833797953,14529437,1780833797549,27,2026-06-07T12:03:18.8762396Z,,oasis/bottle
,,,0,,,local.mqtt.telegraf,42,40.17,,,08a6f76bd428,08a6f76bd428-422,422,08:A6:F7:6B:D4:28,ON,14346539,1780833798219,14346543,1780833798223,14494127,1780833797609,27,2026-06-07T12:03:19.1351533Z,,oasis/bottle
,,,0,,,local.mqtt.telegraf,43,33.94,,,08a6f75abdf0,08a6f75abdf0-422,422,08:A6:F7:5A:BD:F0,ON,14348369,1780833800049,14348373,1780833800053,14448537,1780833799969,27,2026-06-07T12:03:20.9756463Z,,oasis/bottle
,,,0,,,local.mqtt.telegraf,43,43.66,,,08a6f769c348,08a6f769c348-422,422,08:A6:F7:69:C3:48,ON,14349479,1780833801159,14349483,1780833801163,14532647,1780833800759,27,2026-06-07T12:03:22.0812546Z,,oasis/bottle
,,,0,,,local.mqtt.telegraf,42,40.09,,,08a6f76bd428,08a6f76bd428-423,423,08:A6:F7:6B:D4:28,ON,14349859,1780833801539,14349863,1780833801543,14497446,1780833800928,27,2026-06-07T12:03:22.4579345Z,,oasis/bottle
,,,0,,,local.mqtt.telegraf,43,33.87,,,08a6f75abdf0,08a6f75abdf0-423,423,08:A6:F7:5A:BD:F0,ON,14351659,1780833803339,14351663,1780833803343,14451827,1780833803259,27,2026-06-07T12:03:24.2623578Z,,oasis/bottle
,,,0,,,local.mqtt.telegraf,43,43.6,,,08a6f769c348,08a6f769c348-423,423,08:A6:F7:69:C3:48,ON,14352759,1780833804439,14352763,1780833804443,14535927,1780833804039,27,2026-06-07T12:03:25.3601598Z,,oasis/bottle
,,,0,,,local.mqtt.telegraf,42,40.15,,,08a6f76bd428,08a6f76bd428-424,424,08:A6:F7:6B:D4:28,ON,14353129,1780833804809,14353133,1780833804813,14500717,1780833804199,27,2026-06-07T12:03:25.7257327Z,,oasis/bottle
,,,0,,,local.mqtt.telegraf,43,33.99,,,08a6f75abdf0,08a6f75abdf0-424,424,08:A6:F7:5A:BD:F0,ON,14354859,1780833806539,14354863,1780833806543,14455027,1780833806459,27,2026-06-07T12:03:27.4715981Z,,oasis/bottle
,,,0,,,local.mqtt.telegraf,43,43.72,,,08a6f769c348,08a6f769c348-424,424,08:A6:F7:69:C3:48,ON,14355949,1780833807629,14355953,1780833807633,14539117,1780833807469,27,2026-06-07T12:03:28.5465752Z,,oasis/bottle
,,,0,,,local.mqtt.telegraf,42,40.2,,,08a6f76bd428,08a6f76bd428-425,425,08:A6:F7:6B:D4:28,ON,14356539,1780833808219,14356543,1780833808223,14504127,1780833807689,27,2026-06-07T12:03:29.1462417Z,,oasis/bottle
,,,0,,,local.mqtt.telegraf,43,34.11,,,08a6f75abdf0,08a6f75abdf0-425,425,08:A6:F7:5A:BD:F0,ON,14358127,1780833809807,14358132,1780833809812,14458297,1780833807549,27,2026-06-07T12:03:30.7348459Z,,oasis/bottle
,,,0,,,local.mqtt.telegraf,43,43.62,,,08a6f769c348,08a6f769c348-425,425,08:A6:F7:69:C3:48,ON,14359209,1780833810889,14359213,1780833810893,14542367,1780833810719,27,2026-06-07T12:03:31.8059453Z,,oasis/bottle
,,,0,,,local.mqtt.telegraf,42,40.19,,,08a6f76bd428,08a6f76bd428-426,426,08:A6:F7:6B:D4:28,ON,14359739,1780833811419,14359743,1780833811423,14507326,1780833810888,27,2026-06-07T12:03:32.3364581Z,,oasis/bottle
,,,0,,,local.mqtt.telegraf,43,33.78,,,08a6f75abdf0,08a6f75abdf0-426,426,08:A6:F7:5A:BD:F0,ON,14361529,1780833813209,14361533,1780833813213,14461697,1780833810949,27,2026-06-07T12:03:34.1352243Z,,oasis/bottle
,,,0,,,local.mqtt.telegraf,43,43.77,,,08a6f769c348,08a6f769c348-426,426,08:A6:F7:69:C3:48,ON,14362609,1780833814289,14362613,1780833814293,14545778,1780833814130,27,2026-06-07T12:03:35.2113373Z,,oasis/bottle
,,,0,,,local.mqtt.telegraf,42,40.41,,,08a6f76bd428,08a6f76bd428-427,427,08:A6:F7:6B:D4:28,ON,14363009,1780833814689,14363013,1780833814693,14510597,1780833814159,27,2026-06-07T12:03:35.6031778Z,,oasis/bottle
,,,0,,,local.mqtt.telegraf,43,34.07,,,08a6f75abdf0,08a6f75abdf0-427,427,08:A6:F7:5A:BD:F0,ON,14364719,1780833816399,14364723,1780833816403,14464887,1780833814139,27,2026-06-07T12:03:37.3176234Z,,oasis/bottle
,,,0,,,local.mqtt.telegraf,43,43.62,,,08a6f769c348,08a6f769c348-427,427,08:A6:F7:69:C3:48,ON,14366009,1780833817689,14366013,1780833817694,14549180,1780833817622,27,2026-06-07T12:03:38.6099473Z,,oasis/bottle
,,,0,,,local.mqtt.telegraf,42,40.36,,,08a6f76bd428,08a6f76bd428-428,428,08:A6:F7:6B:D4:28,ON,14366419,1780833818099,14366424,1780833818104,14514007,1780833817708,27,2026-06-07T12:03:39.0162275Z,,oasis/bottle
,,,0,,,local.mqtt.telegraf,43,33.93,,,08a6f75abdf0,08a6f75abdf0-428,428,08:A6:F7:5A:BD:F0,ON,14367959,1780833819640,14367964,1780833819644,14468137,1780833817549,27,2026-06-07T12:03:40.5585167Z,,oasis/bottle
,,,0,,,local.mqtt.telegraf,43,43.81,,,08a6f769c348,08a6f769c348-428,428,08:A6:F7:69:C3:48,ON,14369199,1780833820879,14369203,1780833820883,14552366,1780833820808,27,2026-06-07T12:03:41.8004546Z,,oasis/bottle
,,,0,,,local.mqtt.telegraf,42,40.27,,,08a6f76bd428,08a6f76bd428-429,429,08:A6:F7:6B:D4:28,ON,14369619,1780833821299,14369623,1780833821303,14517206,1780833820907,27,2026-06-07T12:03:42.207687Z,,oasis/bottle
,,,0,,,local.mqtt.telegraf,43,33.97,,,08a6f75abdf0,08a6f75abdf0-429,429,08:A6:F7:5A:BD:F0,ON,14371320,1780833823000,14371326,1780833823006,14471497,1780833820909,27,2026-06-07T12:03:43.9271781Z,,oasis/bottle
,,,0,,,local.mqtt.telegraf,43,43.69,,,08a6f769c348,08a6f769c348-429,429,08:A6:F7:69:C3:48,ON,14372449,1780833824129,14372453,1780833824133,14555618,1780833824060,27,2026-06-07T12:03:45.0494046Z,,oasis/bottle
,,,0,,,local.mqtt.telegraf,42,40.4,,,08a6f76bd428,08a6f76bd428-430,430,08:A6:F7:6B:D4:28,ON,14372888,1780833824569,14372893,1780833824573,14520477,1780833824178,27,2026-06-07T12:03:45.4898684Z,,oasis/bottle
,,,0,,,local.mqtt.telegraf,43,33.9,,,08a6f75abdf0,08a6f75abdf0-430,430,08:A6:F7:5A:BD:F0,ON,14374679,1780833826359,14374683,1780833826363,14474847,1780833824259,27,2026-06-07T12:03:47.2796112Z,,oasis/bottle
,,,0,,,local.mqtt.telegraf,43,43.7,,,08a6f769c348,08a6f769c348-430,430,08:A6:F7:69:C3:48,ON,14375809,1780833827489,14375813,1780833827493,14558977,1780833827419,27,2026-06-07T12:03:48.4125819Z,,oasis/bottle
,,,0,,,local.mqtt.telegraf,42,40.28,,,08a6f76bd428,08a6f76bd428-431,431,08:A6:F7:6B:D4:28,ON,14376299,1780833827979,14376303,1780833827983,14523886,1780833827728,27,2026-06-07T12:03:48.8958371Z,,oasis/bottle
,,,0,,,local.mqtt.telegraf,43,33.82,,,08a6f75abdf0,08a6f75abdf0-431,431,08:A6:F7:5A:BD:F0,ON,14378009,1780833829689,14378013,1780833829693,14478177,1780833827649,27,2026-06-07T12:03:50.6052316Z,,oasis/bottle
,,,0,,,local.mqtt.telegraf,43,43.53,,,08a6f769c348,08a6f769c348-431,431,08:A6:F7:69:C3:48,ON,14379159,1780833830839,14379163,1780833830843,14562326,1780833830768,27,2026-06-07T12:03:51.7541944Z,,oasis/bottle
,,,0,,,local.mqtt.telegraf,42,40.49,,,08a6f76bd428,08a6f76bd428-432,432,08:A6:F7:6B:D4:28,ON,14379499,1780833831179,14379503,1780833831183,14527086,1780833830928,27,2026-06-07T12:03:52.1053018Z,,oasis/bottle
,,,0,,,local.mqtt.telegraf,43,33.74,,,08a6f75abdf0,08a6f75abdf0-432,432,08:A6:F7:5A:BD:F0,ON,14381289,1780833832969,14381293,1780833832973,14481457,1780833830929,27,2026-06-07T12:03:53.8881912Z,,oasis/bottle
,,,0,,,local.mqtt.telegraf,43,43.62,,,08a6f769c348,08a6f769c348-432,432,08:A6:F7:69:C3:48,ON,14382479,1780833834159,14382483,1780833834163,14565646,1780833834088,27,2026-06-07T12:03:55.0823808Z,,oasis/bottle
,,,0,,,local.mqtt.telegraf,42,40.47,,,08a6f76bd428,08a6f76bd428-433,433,08:A6:F7:6B:D4:28,ON,14382769,1780833834449,14382773,1780833834453,14530356,1780833834198,27,2026-06-07T12:03:55.3617558Z,,oasis/bottle
,,,0,,,local.mqtt.telegraf,43,33.83,,,08a6f75abdf0,08a6f75abdf0-433,433,08:A6:F7:5A:BD:F0,ON,14384479,1780833836159,14384483,1780833836163,14484646,1780833834118,27,2026-06-07T12:03:57.0778885Z,,oasis/bottle
,,,0,,,local.mqtt.telegraf,43,43.64,,,08a6f769c348,08a6f769c348-433,433,08:A6:F7:69:C3:48,ON,14385749,1780833837429,14385753,1780833837433,14568916,1780833837358,27,2026-06-07T12:03:58.3481356Z,,oasis/bottle
,,,0,,,local.mqtt.telegraf,42,40.28,,,08a6f76bd428,08a6f76bd428-434,434,08:A6:F7:6B:D4:28,ON,14386169,1780833837849,14386173,1780833837853,14533756,1780833837738,27,2026-06-07T12:03:58.7648272Z,,oasis/bottle
,,,0,,,local.mqtt.telegraf,43,33.31,,,08a6f75abdf0,08a6f75abdf0-434,434,08:A6:F7:5A:BD:F0,ON,14387719,1780833839399,14387723,1780833839404,14487887,1780833837579,27,2026-06-07T12:04:00.3185862Z,,oasis/bottle
,,,0,,,local.mqtt.telegraf,43,43.18,,,08a6f769c348,08a6f769c348-434,434,08:A6:F7:69:C3:48,ON,14389159,1780833840839,14389163,1780833840843,14572326,1780833840768,27,2026-06-07T12:04:01.7505625Z,,oasis/bottle
,,,0,,,local.mqtt.telegraf,42,40.06,,,08a6f76bd428,08a6f76bd428-435,435,08:A6:F7:6B:D4:28,ON,14389359,1780833841039,14389364,1780833841044,14536946,1780833840928,27,2026-06-07T12:04:01.9568578Z,,oasis/bottle
,,,0,,,local.mqtt.telegraf,43,29.82,,,08a6f75abdf0,08a6f75abdf0-435,435,08:A6:F7:5A:BD:F0,ON,14391060,1780833842740,14391064,1780833842744,14491236,1780833840928,27,2026-06-07T12:04:03.6613059Z,,oasis/bottle
,,,0,,,local.mqtt.telegraf,43,43.19,,,08a6f769c348,08a6f769c348-435,435,08:A6:F7:69:C3:48,ON,14392359,1780833844039,14392363,1780833844043,14575526,1780833843968,27,2026-06-07T12:04:04.9626344Z,,oasis/bottle
,,,0,,,local.mqtt.telegraf,42,38.64,,,08a6f76bd428,08a6f76bd428-436,436,08:A6:F7:6B:D4:28,ON,14392609,1780833844289,14392613,1780833844293,14540196,1780833844178,27,2026-06-07T12:04:05.2071342Z,,oasis/bottle
,,,0,,,local.mqtt.telegraf,43,28.5,,,08a6f75abdf0,08a6f75abdf0-436,436,08:A6:F7:5A:BD:F0,ON,14394398,1780833846079,14394403,1780833846083,14494566,1780833844258,27,2026-06-07T12:04:07.0775839Z,,oasis/bottle
,,,0,,,local.mqtt.telegraf,43,43.17,,,08a6f769c348,08a6f769c348-436,436,08:A6:F7:69:C3:48,ON,14395629,1780833847309,14395633,1780833847313,14578796,1780833847238,27,2026-06-07T12:04:08.2270852Z,,oasis/bottle
,,,0,,,local.mqtt.telegraf,42,39.66,,,08a6f76bd428,08a6f76bd428-437,437,08:A6:F7:6B:D4:28,ON,14395969,1780833847649,14395973,1780833847653,14543556,1780833847587,27,2026-06-07T12:04:08.594627Z,,oasis/bottle
,,,0,,,local.mqtt.telegraf,43,33.91,,,08a6f75abdf0,08a6f75abdf0-437,437,08:A6:F7:5A:BD:F0,ON,14397670,1780833849350,14397674,1780833849354,14497847,1780833847639,27,2026-06-07T12:04:10.2924813Z,,oasis/bottle
,,,0,,,local.mqtt.telegraf,43,43.62,,,08a6f769c348,08a6f769c348-437,437,08:A6:F7:69:C3:48,ON,14399029,1780833850709,14399033,1780833850713,14582196,1780833850638,27,2026-06-07T12:04:11.6397857Z,,oasis/bottle
,,,0,,,local.mqtt.telegraf,42,40.76,,,08a6f76bd428,08a6f76bd428-438,438,08:A6:F7:6B:D4:28,ON,14399319,1780833850999,14399323,1780833851003,14546906,1780833850937,27,2026-06-07T12:04:11.9252918Z,,oasis/bottle
,,,0,,,local.mqtt.telegraf,43,33.93,,,08a6f75abdf0,08a6f75abdf0-438,438,08:A6:F7:5A:BD:F0,ON,14400860,1780833852540,14400864,1780833852544,14501036,1780833850828,27,2026-06-07T12:04:13.4586935Z,,oasis/bottle
,,,0,,,local.mqtt.telegraf,43,43.68,,,08a6f769c348,08a6f769c348-438,438,08:A6:F7:69:C3:48,ON,14402239,1780833853919,14402243,1780833853923,14585406,1780833853848,27,2026-06-07T12:04:14.8478238Z,,oasis/bottle
,,,0,,,local.mqtt.telegraf,42,40.63,,,08a6f76bd428,08a6f76bd428-439,439,08:A6:F7:6B:D4:28,ON,14402649,1780833854329,14402653,1780833854333,14550236,1780833854267,27,2026-06-07T12:04:15.2501969Z,,oasis/bottle
,,,0,,,local.mqtt.telegraf,43,33.83,,,08a6f75abdf0,08a6f75abdf0-439,439,08:A6:F7:5A:BD:F0,ON,14404119,1780833855799,14404131,1780833855811,14504287,1780833854079,27,2026-06-07T12:04:16.7359389Z,,oasis/bottle
,,,0,,,local.mqtt.telegraf,43,43.77,,,08a6f769c348,08a6f769c348-439,439,08:A6:F7:69:C3:48,ON,14405509,1780833857189,14405513,1780833857193,14588676,1780833857118,27,2026-06-07T12:04:18.1137365Z,,oasis/bottle
,,,0,,,local.mqtt.telegraf,42,40.79,,,08a6f76bd428,08a6f76bd428-440,440,08:A6:F7:6B:D4:28,ON,14405929,1780833857609,14405933,1780833857613,14553516,1780833857537,27,2026-06-07T12:04:18.5102456Z,,oasis/bottle
,,,0,,,local.mqtt.telegraf,43,33.77,,,08a6f75abdf0,08a6f75abdf0-440,440,08:A6:F7:5A:BD:F0,ON,14407470,1780833859150,14407474,1780833859154,14507647,1780833857739,27,2026-06-07T12:04:20.0814699Z,,oasis/bottle
,,,0,,,local.mqtt.telegraf,43,43.57,,,08a6f769c348,08a6f769c348-440,440,08:A6:F7:69:C3:48,ON,14408909,1780833860589,14408914,1780833860594,14592076,1780833860518,27,2026-06-07T12:04:21.5110734Z,,oasis/bottle
,,,0,,,local.mqtt.telegraf,42,40.48,,,08a6f76bd428,08a6f76bd428-441,441,08:A6:F7:6B:D4:28,ON,14409119,1780833860799,14409124,1780833860804,14556706,1780833860727,27,2026-06-07T12:04:21.7494771Z,,oasis/bottle
,,,0,,,local.mqtt.telegraf,43,33.52,,,08a6f75abdf0,08a6f75abdf0-441,441,08:A6:F7:5A:BD:F0,ON,14410820,1780833862500,14410824,1780833862504,14510997,1780833861089,27,2026-06-07T12:04:23.4234159Z,,oasis/bottle
,,,0,,,local.mqtt.telegraf,43,43.54,,,08a6f769c348,08a6f769c348-441,441,08:A6:F7:69:C3:48,ON,14412099,1780833863779,14412103,1780833863783,14595266,1780833863708,27,2026-06-07T12:04:24.7019876Z,,oasis/bottle
,,,0,,,local.mqtt.telegraf,42,40.37,,,08a6f76bd428,08a6f76bd428-442,442,08:A6:F7:6B:D4:28,ON,14412359,1780833864039,14412363,1780833864043,14559946,1780833863967,27,2026-06-07T12:04:24.9551825Z,,oasis/bottle
,,,0,,,local.mqtt.telegraf,43,33.51,,,08a6f75abdf0,08a6f75abdf0-442,442,08:A6:F7:5A:BD:F0,ON,14414148,1780833865829,14414153,1780833865833,14514316,1780833864408,27,2026-06-07T12:04:26.7501671Z,,oasis/bottle
,,,0,,,local.mqtt.telegraf,43,43.44,,,08a6f769c348,08a6f769c348-442,442,08:A6:F7:69:C3:48,ON,14415339,1780833867019,14415343,1780833867023,14598506,1780833866947,27,2026-06-07T12:04:27.9355087Z,,oasis/bottle
,,,0,,,local.mqtt.telegraf,42,40.32,,,08a6f76bd428,08a6f76bd428-443,443,08:A6:F7:6B:D4:28,ON,14415709,1780833867389,14415713,1780833867393,14563296,1780833867317,27,2026-06-07T12:04:28.3001309Z,,oasis/bottle
,,,0,,,local.mqtt.telegraf,43,33.46,,,08a6f75abdf0,08a6f75abdf0-443,443,08:A6:F7:5A:BD:F0,ON,14417411,1780833869091,14417415,1780833869095,14517587,1780833867678,27,2026-06-07T12:04:30.0008633Z,,oasis/bottle
,,,0,,,local.mqtt.telegraf,43,43.56,,,08a6f769c348,08a6f769c348-443,443,08:A6:F7:69:C3:48,ON,14418689,1780833870369,14418693,1780833870373,14601856,1780833870297,27,2026-06-07T12:04:31.2885461Z,,oasis/bottle
,,,0,,,local.mqtt.telegraf,42,40.32,,,08a6f76bd428,08a6f76bd428-444,444,08:A6:F7:6B:D4:28,ON,14419039,1780833870719,14419043,1780833870723,14566626,1780833870647,27,2026-06-07T12:04:31.6352736Z,,oasis/bottle
,,,0,,,local.mqtt.telegraf,43,33.13,,,08a6f75abdf0,08a6f75abdf0-444,444,08:A6:F7:5A:BD:F0,ON,14420829,1780833872509,14420833,1780833872513,14520997,1780833871088,27,2026-06-07T12:04:33.4258628Z,,oasis/bottle
,,,0,,,local.mqtt.telegraf,43,43.19,,,08a6f769c348,08a6f769c348-444,444,08:A6:F7:69:C3:48,ON,14422019,1780833873699,14422024,1780833873704,14605186,1780833873627,27,2026-06-07T12:04:34.6178194Z,,oasis/bottle
,,,0,,,local.mqtt.telegraf,42,40.59,,,08a6f76bd428,08a6f76bd428-445,445,08:A6:F7:6B:D4:28,ON,14422319,1780833873999,14422324,1780833874004,14569906,1780833873927,27,2026-06-07T12:04:34.9502133Z,,oasis/bottle
,,,0,,,local.mqtt.telegraf,43,33.46,,,08a6f75abdf0,08a6f75abdf0-445,445,08:A6:F7:5A:BD:F0,ON,14424039,1780833875719,14424043,1780833875723,14524206,1780833874297,27,2026-06-07T12:04:36.6492238Z,,oasis/bottle
,,,0,,,local.mqtt.telegraf,43,43.23,,,08a6f769c348,08a6f769c348-445,445,08:A6:F7:69:C3:48,ON,14425299,1780833876979,14425303,1780833876984,14608466,1780833876906,27,2026-06-07T12:04:37.8999256Z,,oasis/bottle
,,,0,,,local.mqtt.telegraf,42,40.41,,,08a6f76bd428,08a6f76bd428-446,446,08:A6:F7:6B:D4:28,ON,14425509,1780833877189,14425513,1780833877193,14573096,1780833877125,27,2026-06-07T12:04:38.1055571Z,,oasis/bottle
,,,0,,,local.mqtt.telegraf,43,33.52,,,08a6f75abdf0,08a6f75abdf0-446,446,08:A6:F7:5A:BD:F0,ON,14427310,1780833878990,14427314,1780833878994,14527487,1780833877717,27,2026-06-07T12:04:39.931626Z,,oasis/bottle
,,,0,,,local.mqtt.telegraf,43,43.58,,,08a6f769c348,08a6f769c348-446,446,08:A6:F7:69:C3:48,ON,14428489,1780833880169,14428493,1780833880173,14611656,1780833880096,27,2026-06-07T12:04:41.1060266Z,,oasis/bottle
,,,0,,,local.mqtt.telegraf,42,40.49,,,08a6f76bd428,08a6f76bd428-447,447,08:A6:F7:6B:D4:28,ON,14428759,1780833880439,14428763,1780833880443,14576346,1780833880375,27,2026-06-07T12:04:41.3444334Z,,oasis/bottle
,,,0,,,local.mqtt.telegraf,43,33.62,,,08a6f75abdf0,08a6f75abdf0-447,447,08:A6:F7:5A:BD:F0,ON,14430509,1780833882189,14430513,1780833882193,14530677,1780833880907,27,2026-06-07T12:04:43.1125978Z,,oasis/bottle
,,,0,,,local.mqtt.telegraf,43,43.58,,,08a6f769c348,08a6f769c348-447,447,08:A6:F7:69:C3:48,ON,14431739,1780833883419,14431743,1780833883423,14614906,1780833883346,27,2026-06-07T12:04:44.3722182Z,,oasis/bottle
,,,0,,,local.mqtt.telegraf,42,40.62,,,08a6f76bd428,08a6f76bd428-448,448,08:A6:F7:6B:D4:28,ON,14432119,1780833883799,14432123,1780833883803,14579706,1780833883735,27,2026-06-07T12:04:44.7086532Z,,oasis/bottle
,,,0,,,local.mqtt.telegraf,43,33.38,,,08a6f75abdf0,08a6f75abdf0-448,448,08:A6:F7:5A:BD:F0,ON,14433759,1780833885439,14433763,1780833885443,14533926,1780833884156,27,2026-06-07T12:04:46.3754807Z,,oasis/bottle
,,,0,,,local.mqtt.telegraf,43,43.23,,,08a6f769c348,08a6f769c348-448,448,08:A6:F7:69:C3:48,ON,14435099,1780833886779,14435103,1780833886783,14618266,1780833886706,27,2026-06-07T12:04:47.7098342Z,,oasis/bottle
,,,0,,,local.mqtt.telegraf,42,40.49,,,08a6f76bd428,08a6f76bd428-449,449,08:A6:F7:6B:D4:28,ON,14435469,1780833887149,14435473,1780833887153,14583057,1780833887088,27,2026-06-07T12:04:48.0734018Z,,oasis/bottle
,,,0,,,local.mqtt.telegraf,43,33.44,,,08a6f75abdf0,08a6f75abdf0-449,449,08:A6:F7:5A:BD:F0,ON,14437109,1780833888790,14437114,1780833888794,14537287,1780833887839,27,2026-06-07T12:04:49.7197908Z,,oasis/bottle
,,,0,,,local.mqtt.telegraf,43,43.61,,,08a6f769c348,08a6f769c348-449,449,08:A6:F7:69:C3:48,ON,14438449,1780833890129,14438453,1780833890133,14621616,1780833887828,27,2026-06-07T12:04:51.0397683Z,,oasis/bottle
,,,0,,,local.mqtt.telegraf,42,40.48,,,08a6f76bd428,08a6f76bd428-450,450,08:A6:F7:6B:D4:28,ON,14438799,1780833890479,14438803,1780833890483,14586386,1780833890417,27,2026-06-07T12:04:51.3978071Z,,oasis/bottle
,,,0,,,local.mqtt.telegraf,43,33.4,,,08a6f75abdf0,08a6f75abdf0-450,450,08:A6:F7:5A:BD:F0,ON,14440460,1780833892140,14440464,1780833892144,14540636,1780833891188,27,2026-06-07T12:04:53.0676352Z,,oasis/bottle
,,,0,,,local.mqtt.telegraf,43,43.41,,,08a6f769c348,08a6f769c348-450,450,08:A6:F7:69:C3:48,ON,14441779,1780833893459,14441784,1780833893464,14624946,1780833891158,27,2026-06-07T12:04:54.3803069Z,,oasis/bottle
,,,0,,,local.mqtt.telegraf,42,40.62,,,08a6f76bd428,08a6f76bd428-451,451,08:A6:F7:6B:D4:28,ON,14442089,1780833893769,14442094,1780833893774,14589676,1780833893707,27,2026-06-07T12:04:54.6737928Z,,oasis/bottle
,,,0,,,local.mqtt.telegraf,43,33.38,,,08a6f75abdf0,08a6f75abdf0-451,451,08:A6:F7:5A:BD:F0,ON,14443789,1780833895469,14443793,1780833895473,14543956,1780833894508,27,2026-06-07T12:04:56.3917927Z,,oasis/bottle
,,,0,,,local.mqtt.telegraf,43,43.62,,,08a6f769c348,08a6f769c348-451,451,08:A6:F7:69:C3:48,ON,14445069,1780833896749,14445073,1780833896753,14628236,1780833894448,27,2026-06-07T12:04:57.6659309Z,,oasis/bottle
,,,0,,,local.mqtt.telegraf,42,40.64,,,08a6f76bd428,08a6f76bd428-452,452,08:A6:F7:6B:D4:28,ON,14445289,1780833896969,14445293,1780833896973,14592877,1780833896908,27,2026-06-07T12:04:57.8931466Z,,oasis/bottle
,,,0,,,local.mqtt.telegraf,43,33.32,,,08a6f75abdf0,08a6f75abdf0-452,452,08:A6:F7:5A:BD:F0,ON,14447050,1780833898730,14447054,1780833898734,14547227,1780833897769,27,2026-06-07T12:04:59.6520937Z,,oasis/bottle
,,,0,,,local.mqtt.telegraf,43,43.45,,,08a6f769c348,08a6f769c348-452,452,08:A6:F7:69:C3:48,ON,14448269,1780833899949,14448273,1780833899953,14631436,1780833897698,27,2026-06-07T12:05:00.8612098Z,,oasis/bottle
,,,0,,,local.mqtt.telegraf,42,40.44,,,08a6f76bd428,08a6f76bd428-453,453,08:A6:F7:6B:D4:28,ON,14448559,1780833900239,14448563,1780833900243,14596147,1780833900178,27,2026-06-07T12:05:01.1597027Z,,oasis/bottle
,,,0,,,local.mqtt.telegraf,43,33.31,,,08a6f75abdf0,08a6f75abdf0-453,453,08:A6:F7:5A:BD:F0,ON,14450450,1780833902130,14450454,1780833902134,14550627,1780833901169,27,2026-06-07T12:05:03.0545916Z,,oasis/bottle
,,,0,,,local.mqtt.telegraf,43,43.61,,,08a6f769c348,08a6f769c348-453,453,08:A6:F7:69:C3:48,ON,14451529,1780833903209,14451533,1780833903213,14634696,1780833900958,27,2026-06-07T12:05:04.1279107Z,,oasis/bottle
,,,0,,,local.mqtt.telegraf,42,40.68,,,08a6f76bd428,08a6f76bd428-454,454,08:A6:F7:6B:D4:28,ON,14451959,1780833903639,14451963,1780833903643,14599546,1780833903577,27,2026-06-07T12:05:04.5595445Z,,oasis/bottle
,,,0,,,local.mqtt.telegraf,43,33.38,,,08a6f75abdf0,08a6f75abdf0-454,454,08:A6:F7:5A:BD:F0,ON,14453649,1780833905329,14453653,1780833905333,14553817,1780833904359,27,2026-06-07T12:05:06.2495106Z,,oasis/bottle
,,,0,,,local.mqtt.telegraf,43,43.6,,,08a6f769c348,08a6f769c348-454,454,08:A6:F7:69:C3:48,ON,14454919,1780833906599,14454923,1780833906603,14638086,1780833904348,27,2026-06-07T12:05:07.5194749Z,,oasis/bottle
,,,0,,,local.mqtt.telegraf,42,40.62,,,08a6f76bd428,08a6f76bd428-455,455,08:A6:F7:6B:D4:28,ON,14455149,1780833906829,14455153,1780833906833,14602736,1780833906767,27,2026-06-07T12:05:07.7616569Z,,oasis/bottle
,,,0,,,local.mqtt.telegraf,43,33.32,,,08a6f75abdf0,08a6f75abdf0-455,455,08:A6:F7:5A:BD:F0,ON,14456890,1780833908570,14456894,1780833908574,14557067,1780833907778,27,2026-06-07T12:05:09.494651Z,,oasis/bottle
,,,0,,,local.mqtt.telegraf,43,43.49,,,08a6f769c348,08a6f769c348-455,455,08:A6:F7:69:C3:48,ON,14458099,1780833909779,14458103,1780833909783,14641266,1780833907697,27,2026-06-07T12:05:10.7123994Z,,oasis/bottle
,,,0,,,local.mqtt.telegraf,42,40.62,,,08a6f76bd428,08a6f76bd428-456,456,08:A6:F7:6B:D4:28,ON,14458399,1780833910079,14458403,1780833910083,14605987,1780833907777,27,2026-06-07T12:05:10.9974631Z,,oasis/bottle
,,,0,,,local.mqtt.telegraf,43,33.46,,,08a6f75abdf0,08a6f75abdf0-456,456,08:A6:F7:5A:BD:F0,ON,14460249,1780833911930,14460254,1780833911934,14560427,1780833911138,27,2026-06-07T12:05:12.8448938Z,,oasis/bottle
,,,0,,,local.mqtt.telegraf,43,43.48,,,08a6f769c348,08a6f769c348-456,456,08:A6:F7:69:C3:48,ON,14461309,1780833912989,14461313,1780833912993,14644476,1780833910907,27,2026-06-07T12:05:13.9074963Z,,oasis/bottle
,,,0,,,local.mqtt.telegraf,42,40.68,,,08a6f76bd428,08a6f76bd428-457,457,08:A6:F7:6B:D4:28,ON,14461759,1780833913439,14461763,1780833913443,14609346,1780833911136,27,2026-06-07T12:05:14.3514861Z,,oasis/bottle
,,,0,,,local.mqtt.telegraf,43,33.34,,,08a6f75abdf0,08a6f75abdf0-457,457,08:A6:F7:5A:BD:F0,ON,14463608,1780833915289,14463613,1780833915293,14563777,1780833914488,27,2026-06-07T12:05:16.225556Z,,oasis/bottle
,,,0,,,local.mqtt.telegraf,42,43.62,,,08a6f769c348,08a6f769c348-457,457,08:A6:F7:69:C3:48,ON,14464599,1780833916279,14464603,1780833916283,14647766,1780833914197,27,2026-06-07T12:05:17.1993392Z,,oasis/bottle
,,,0,,,local.mqtt.telegraf,42,40.83,,,08a6f76bd428,08a6f76bd428-458,458,08:A6:F7:6B:D4:28,ON,14465109,1780833916789,14465113,1780833916793,14612696,1780833914486,27,2026-06-07T12:05:17.7053029Z,,oasis/bottle
,,,0,,,local.mqtt.telegraf,43,33.42,,,08a6f75abdf0,08a6f75abdf0-458,458,08:A6:F7:5A:BD:F0,ON,14466939,1780833918619,14466943,1780833918623,14567107,1780833917889,27,2026-06-07T12:05:19.5355596Z,,oasis/bottle
,,,0,,,local.mqtt.telegraf,43,43.62,,,08a6f769c348,08a6f769c348-458,458,08:A6:F7:69:C3:48,ON,14467799,1780833919479,14467803,1780833919483,14650969,1780833917761,27,2026-06-07T12:05:20.3943736Z,,oasis/bottle
,,,0,,,local.mqtt.telegraf,42,40.76,,,08a6f76bd428,08a6f76bd428-459,459,08:A6:F7:6B:D4:28,ON,14468429,1780833920109,14468433,1780833920113,14616016,1780833917878,27,2026-06-07T12:05:21.0265888Z,,oasis/bottle
,,,0,,,local.mqtt.telegraf,43,33.46,,,08a6f75abdf0,08a6f75abdf0-459,459,08:A6:F7:5A:BD:F0,ON,14470209,1780833921890,14470214,1780833921894,14570387,1780833921169,27,2026-06-07T12:05:22.809292Z,,oasis/bottle
,,,0,,,local.mqtt.telegraf,42,43.62,,,08a6f769c348,08a6f769c348-459,459,08:A6:F7:69:C3:48,ON,14471089,1780833922769,14471093,1780833922773,14654256,1780833921048,27,2026-06-07T12:05:23.6827622Z,,oasis/bottle
,,,0,,,local.mqtt.telegraf,42,40.64,,,08a6f76bd428,08a6f76bd428-460,460,08:A6:F7:6B:D4:28,ON,14471699,1780833923379,14471703,1780833923383,14619287,1780833921149,27,2026-06-07T12:05:24.3040459Z,,oasis/bottle
,,,0,,,local.mqtt.telegraf,43,33.47,,,08a6f75abdf0,08a6f75abdf0-460,460,08:A6:F7:5A:BD:F0,ON,14473409,1780833925089,14473413,1780833925093,14573576,1780833924358,27,2026-06-07T12:05:26.0204422Z,,oasis/bottle
,,,0,,,local.mqtt.telegraf,42,43.44,,,08a6f769c348,08a6f769c348-460,460,08:A6:F7:69:C3:48,ON,14474279,1780833925959,14474283,1780833925963,14657446,1780833924238,27,2026-06-07T12:05:26.8882402Z,,oasis/bottle
,,,0,,,local.mqtt.telegraf,42,40.66,,,08a6f76bd428,08a6f76bd428-461,461,08:A6:F7:6B:D4:28,ON,14475109,1780833926789,14475113,1780833926793,14622696,1780833924558,27,2026-06-07T12:05:27.7052319Z,,oasis/bottle
,,,0,,,local.mqtt.telegraf,43,33.39,,,08a6f75abdf0,08a6f75abdf0-461,461,08:A6:F7:5A:BD:F0,ON,14476650,1780833928330,14476654,1780833928334,14576826,1780833927837,27,2026-06-07T12:05:29.2406737Z,,oasis/bottle
,,,0,,,local.mqtt.telegraf,43,43.56,,,08a6f769c348,08a6f769c348-461,461,08:A6:F7:69:C3:48,ON,14477529,1780833929209,14477533,1780833929213,14660696,1780833927837,27,2026-06-07T12:05:30.1190834Z,,oasis/bottle
,,,0,,,local.mqtt.telegraf,42,40.74,,,08a6f76bd428,08a6f76bd428-462,462,08:A6:F7:6B:D4:28,ON,14478309,1780833929989,14478313,1780833929993,14625897,1780833927788,27,2026-06-07T12:05:30.9039051Z,,oasis/bottle
,,,0,,,local.mqtt.telegraf,43,33.5,,,08a6f75abdf0,08a6f75abdf0-462,462,08:A6:F7:5A:BD:F0,ON,14480009,1780833931690,14480014,1780833931694,14580186,1780833931197,27,2026-06-07T12:05:32.6208187Z,,oasis/bottle
,,,0,,,local.mqtt.telegraf,42,43.58,,,08a6f769c348,08a6f769c348-462,462,08:A6:F7:69:C3:48,ON,14480889,1780833932569,14480893,1780833932573,14664056,1780833931197,27,2026-06-07T12:05:33.4867888Z,,oasis/bottle
,,,0,,,local.mqtt.telegraf,42,40.71,,,08a6f76bd428,08a6f76bd428-463,463,08:A6:F7:6B:D4:28,ON,14481579,1780833933259,14481583,1780833933263,14629167,1780833931058,27,2026-06-07T12:05:34.171144Z,,oasis/bottle
,,,0,,,local.mqtt.telegraf,43,33.5,,,08a6f75abdf0,08a6f75abdf0-463,463,08:A6:F7:5A:BD:F0,ON,14483360,1780833935040,14483364,1780833935044,14583536,1780833934547,27,2026-06-07T12:05:35.9703798Z,,oasis/bottle
,,,0,,,local.mqtt.telegraf,42,43.62,,,08a6f769c348,08a6f769c348-463,463,08:A6:F7:69:C3:48,ON,14484239,1780833935919,14484243,1780833935923,14667406,1780833934547,27,2026-06-07T12:05:36.8315191Z,,oasis/bottle
,,,0,,,local.mqtt.telegraf,42,40.67,,,08a6f76bd428,08a6f76bd428-464,464,08:A6:F7:6B:D4:28,ON,14484979,1780833936659,14484983,1780833936663,14632566,1780833934457,27,2026-06-07T12:05:37.5833159Z,,oasis/bottle
,,,0,,,local.mqtt.telegraf,42,33.58,,,08a6f75abdf0,08a6f75abdf0-464,464,08:A6:F7:5A:BD:F0,ON,14486679,1780833938360,14486684,1780833938364,14586857,1780833937939,27,2026-06-07T12:05:39.278096Z,,oasis/bottle
,,,0,,,local.mqtt.telegraf,42,43.58,,,08a6f769c348,08a6f769c348-464,464,08:A6:F7:69:C3:48,ON,14487569,1780833939249,14487573,1780833939253,14670736,1780833937948,27,2026-06-07T12:05:40.1710117Z,,oasis/bottle
,,,0,,,local.mqtt.telegraf,42,40.71,,,08a6f76bd428,08a6f76bd428-465,465,08:A6:F7:6B:D4:28,ON,14488169,1780833939849,14488174,1780833939854,14635756,1780833937807,27,2026-06-07T12:05:40.7604381Z,,oasis/bottle
,,,0,,,local.mqtt.telegraf,42,33.71,,,08a6f75abdf0,08a6f75abdf0-465,465,08:A6:F7:5A:BD:F0,ON,14489959,1780833941639,14489963,1780833941643,14590127,1780833941209,27,2026-06-07T12:05:42.5511736Z,,oasis/bottle
,,,0,,,local.mqtt.telegraf,42,43.32,,,08a6f769c348,08a6f769c348-465,465,08:A6:F7:69:C3:48,ON,14490849,1780833942529,14490853,1780833942533,14674016,1780833941228,27,2026-06-07T12:05:43.4413876Z,,oasis/bottle
,,,0,,,local.mqtt.telegraf,42,40.55,,,08a6f76bd428,08a6f76bd428-466,466,08:A6:F7:6B:D4:28,ON,14491419,1780833943099,14491423,1780833943103,14639006,1780833941057,27,2026-06-07T12:05:44.0134916Z,,oasis/bottle
,,,0,,,local.mqtt.telegraf,42,33.64,,,08a6f75abdf0,08a6f75abdf0-466,466,08:A6:F7:5A:BD:F0,ON,14493359,1780833945039,14493364,1780833945044,14593536,1780833944618,27,2026-06-07T12:05:45.9651239Z,,oasis/bottle
,,,0,,,local.mqtt.telegraf,42,43.34,,,08a6f769c348,08a6f769c348-466,466,08:A6:F7:69:C3:48,ON,14494039,1780833945719,14494043,1780833945723,14677206,1780833944418,27,2026-06-07T12:05:46.6343581Z,,oasis/bottle
,,,0,,,local.mqtt.telegraf,42,40.53,,,08a6f76bd428,08a6f76bd428-467,467,08:A6:F7:6B:D4:28,ON,14494779,1780833946459,14494783,1780833946463,14642366,1780833944417,27,2026-06-07T12:05:47.3818263Z,,oasis/bottle
,,,0,,,local.mqtt.telegraf,42,33.48,,,08a6f75abdf0,08a6f75abdf0-467,467,08:A6:F7:5A:BD:F0,ON,14496569,1780833948249,14496574,1780833948254,14596737,1780833947849,27,2026-06-07T12:05:49.1680763Z,,oasis/bottle
,,,0,,,local.mqtt.telegraf,42,43.49,,,08a6f769c348,08a6f769c348-467,467,08:A6:F7:69:C3:48,ON,14497289,1780833948969,14497293,1780833948973,14680457,1780833947899,27,2026-06-07T12:05:49.8813295Z,,oasis/bottle
,,,0,,,local.mqtt.telegraf,42,40.75,,,08a6f76bd428,08a6f76bd428-468,468,08:A6:F7:6B:D4:28,ON,14498129,1780833949809,14498133,1780833949813,14645716,1780833947998,27,2026-06-07T12:05:50.7248951Z,,oasis/bottle
,,,0,,,local.mqtt.telegraf,42,33.67,,,08a6f75abdf0,08a6f75abdf0-468,468,08:A6:F7:5A:BD:F0,ON,14499839,1780833951519,14499844,1780833951524,14600007,1780833951119,27,2026-06-07T12:05:52.4356845Z,,oasis/bottle
,,,0,,,local.mqtt.telegraf,42,43.65,,,08a6f769c348,08a6f769c348-468,468,08:A6:F7:69:C3:48,ON,14500649,1780833952329,14500653,1780833952333,14683816,1780833951258,27,2026-06-07T12:05:53.2458383Z,,oasis/bottle
,,,0,,,local.mqtt.telegraf,42,40.64,,,08a6f76bd428,08a6f76bd428-469,469,08:A6:F7:6B:D4:28,ON,14501459,1780833953139,14501463,1780833953143,14649046,1780833951328,27,2026-06-07T12:05:54.0454644Z,,oasis/bottle
,,,0,,,local.mqtt.telegraf,42,33.6,,,08a6f75abdf0,08a6f75abdf0-469,469,08:A6:F7:5A:BD:F0,ON,14503009,1780833954690,14503014,1780833954694,14603186,1780833954298,27,2026-06-07T12:05:55.6208189Z,,oasis/bottle
,,,0,,,local.mqtt.telegraf,42,43.74,,,08a6f769c348,08a6f769c348-469,469,08:A6:F7:69:C3:48,ON,14503999,1780833955679,14504003,1780833955683,14687166,1780833954608,27,2026-06-07T12:05:56.5987182Z,,oasis/bottle
,,,0,,,local.mqtt.telegraf,42,40.95,,,08a6f76bd428,08a6f76bd428-470,470,08:A6:F7:6B:D4:28,ON,14504739,1780833956419,14504743,1780833956423,14652326,1780833954608,27,2026-06-07T12:05:57.3409988Z,,oasis/bottle
,,,0,,,local.mqtt.telegraf,42,33.71,,,08a6f75abdf0,08a6f75abdf0-470,470,08:A6:F7:5A:BD:F0,ON,14506229,1780833957909,14506233,1780833957913,14606397,1780833957827,27,2026-06-07T12:05:58.8362518Z,,oasis/bottle
,,,0,,,local.mqtt.telegraf,42,43.66,,,08a6f769c348,08a6f769c348-470,470,08:A6:F7:69:C3:48,ON,14507319,1780833958999,14507325,1780833959005,14690487,1780833957997,27,2026-06-07T12:05:59.905967Z,,oasis/bottle
,,,0,,,local.mqtt.telegraf,42,40.8,,,08a6f76bd428,08a6f76bd428-471,471,08:A6:F7:6B:D4:28,ON,14507929,1780833959609,14507934,1780833959614,14655516,1780833957866,27,2026-06-07T12:06:00.5335738Z,,oasis/bottle
,,,0,,,local.mqtt.telegraf,42,33.73,,,08a6f75abdf0,08a6f75abdf0-471,471,08:A6:F7:5A:BD:F0,ON,14509509,1780833961190,14509514,1780833961194,14609686,1780833961116,27,2026-06-07T12:06:02.1215452Z,,oasis/bottle
,,,0,,,local.mqtt.telegraf,42,43.56,,,08a6f769c348,08a6f769c348-471,471,08:A6:F7:69:C3:48,ON,14510589,1780833962269,14510593,1780833962273,14693757,1780833961267,27,2026-06-07T12:06:03.1792287Z,,oasis/bottle
,,,0,,,local.mqtt.telegraf,42,40.96,,,08a6f76bd428,08a6f76bd428-472,472,08:A6:F7:6B:D4:28,ON,14511169,1780833962849,14511173,1780833962853,14658756,1780833961106,27,2026-06-07T12:06:03.770893Z,,oasis/bottle
,,,0,,,local.mqtt.telegraf,42,33.74,,,08a6f75abdf0,08a6f75abdf0-472,472,08:A6:F7:5A:BD:F0,ON,14512719,1780833964399,14512723,1780833964403,14612886,1780833964316,27,2026-06-07T12:06:05.3202009Z,,oasis/bottle
,,,0,,,local.mqtt.telegraf,42,43.62,,,08a6f769c348,08a6f769c348-472,472,08:A6:F7:69:C3:48,ON,14513999,1780833965679,14514003,1780833965683,14697166,1780833964676,27,2026-06-07T12:06:06.6001958Z,,oasis/bottle
,,,0,,,local.mqtt.telegraf,42,40.8,,,08a6f76bd428,08a6f76bd428-473,473,08:A6:F7:6B:D4:28,ON,14514519,1780833966199,14514523,1780833966203,14662106,1780833964456,27,2026-06-07T12:06:07.1235577Z,,oasis/bottle
,,,0,,,local.mqtt.telegraf,42,33.82,,,08a6f75abdf0,08a6f75abdf0-473,473,08:A6:F7:5A:BD:F0,ON,14515989,1780833967670,14515994,1780833967674,14616167,1780833967588,27,2026-06-07T12:06:08.5826054Z,,oasis/bottle
,,,0,,,local.mqtt.telegraf,42,43.49,,,08a6f769c348,08a6f769c348-473,473,08:A6:F7:69:C3:48,ON,14517199,1780833968879,14517203,1780833968883,14700367,1780833967908,27,2026-06-07T12:06:09.7886266Z,,oasis/bottle
,,,0,,,local.mqtt.telegraf,41,40.96,,,08a6f76bd428,08a6f76bd428-474,474,08:A6:F7:6B:D4:28,ON,14517849,1780833969529,14517853,1780833969533,14665436,1780833968037,27,2026-06-07T12:06:10.4388757Z,,oasis/bottle
,,,0,,,local.mqtt.telegraf,42,33.7,,,08a6f75abdf0,08a6f75abdf0-474,474,08:A6:F7:5A:BD:F0,ON,14519170,1780833970850,14519174,1780833970854,14619346,1780833970767,27,2026-06-07T12:06:11.7568741Z,,oasis/bottle
,,,0,,,local.mqtt.telegraf,42,43.72,,,08a6f769c348,08a6f769c348-474,474,08:A6:F7:69:C3:48,ON,14520479,1780833972159,14520483,1780833972163,14703647,1780833971188,27,2026-06-07T12:06:13.0746861Z,,oasis/bottle
,,,0,,,local.mqtt.telegraf,42,40.7,,,08a6f76bd428,08a6f76bd428-475,475,08:A6:F7:6B:D4:28,ON,14521129,1780833972809,14521133,1780833972813,14668716,1780833971317,27,2026-06-07T12:06:13.7256335Z,,oasis/bottle
,,,0,,,local.mqtt.telegraf,42,33.86,,,08a6f75abdf0,08a6f75abdf0-475,475,08:A6:F7:5A:BD:F0,ON,14522397,1780833974077,14522402,1780833974082,14622566,1780833973987,27,2026-06-07T12:06:15.0101474Z,,oasis/bottle
,,,0,,,local.mqtt.telegraf,42,43.77,,,08a6f769c348,08a6f769c348-475,475,08:A6:F7:69:C3:48,ON,14523659,1780833975339,14523663,1780833975343,14706826,1780833974367,27,2026-06-07T12:06:16.2604788Z,,oasis/bottle
,,,0,,,local.mqtt.telegraf,42,40.74,,,08a6f76bd428,08a6f76bd428-476,476,08:A6:F7:6B:D4:28,ON,14524319,1780833975999,14524325,1780833976005,14671906,1780833974507,27,2026-06-07T12:06:16.9252434Z,,oasis/bottle
,,,0,,,local.mqtt.telegraf,42,33.7,,,08a6f75abdf0,08a6f75abdf0-476,476,08:A6:F7:5A:BD:F0,ON,14525699,1780833977380,14525704,1780833977384,14625877,1780833977309,27,2026-06-07T12:06:18.3056678Z,,oasis/bottle
,,,0,,,local.mqtt.telegraf,42,43.68,,,08a6f769c348,08a6f769c348-476,476,08:A6:F7:69:C3:48,ON,14526879,1780833978559,14526884,1780833978564,14710046,1780833977958,27,2026-06-07T12:06:19.4795325Z,,oasis/bottle
,,,0,,,local.mqtt.telegraf,42,40.88,,,08a6f76bd428,08a6f76bd428-477,477,08:A6:F7:6B:D4:28,ON,14527569,1780833979249,14527573,1780833979253,14675156,1780833977987,27,2026-06-07T12:06:20.1706351Z,,oasis/bottle
,,,0,,,local.mqtt.telegraf,42,33.97,,,08a6f75abdf0,08a6f75abdf0-477,477,08:A6:F7:5A:BD:F0,ON,14528949,1780833980630,14528954,1780833980634,14629127,1780833980559,27,2026-06-07T12:06:21.5750378Z,,oasis/bottle
,,,0,,,local.mqtt.telegraf,42,43.87,,,08a6f769c348,08a6f769c348-477,477,08:A6:F7:69:C3:48,ON,14530189,1780833981869,14530193,1780833981873,14713356,1780833981268,27,2026-06-07T12:06:22.7908713Z,,oasis/bottle
,,,0,,,local.mqtt.telegraf,42,40.79,,,08a6f76bd428,08a6f76bd428-478,478,08:A6:F7:6B:D4:28,ON,14530929,1780833982609,14530933,1780833982613,14678516,1780833981347,27,2026-06-07T12:06:23.5233018Z,,oasis/bottle
,,,0,,,local.mqtt.telegraf,42,33.83,,,08a6f75abdf0,08a6f75abdf0-478,478,08:A6:F7:5A:BD:F0,ON,14532319,1780833983999,14532324,1780833984004,14632486,1780833983918,27,2026-06-07T12:06:24.9238746Z,,oasis/bottle
,,,0,,,local.mqtt.telegraf,42,43.62,,,08a6f769c348,08a6f769c348-478,478,08:A6:F7:69:C3:48,ON,14533439,1780833985119,14533443,1780833985123,14716606,1780833984518,27,2026-06-07T12:06:26.0377569Z,,oasis/bottle
,,,0,,,local.mqtt.telegraf,42,41,,,08a6f76bd428,08a6f76bd428-479,479,08:A6:F7:6B:D4:28,ON,14534279,1780833985959,14534283,1780833985963,14681866,1780833984697,27,2026-06-07T12:06:26.8910886Z,,oasis/bottle
,,,0,,,local.mqtt.telegraf,42,33.74,,,08a6f75abdf0,08a6f75abdf0-479,479,08:A6:F7:5A:BD:F0,ON,14535660,1780833987340,14535664,1780833987344,14635837,1780833987259,27,2026-06-07T12:06:28.2604175Z,,oasis/bottle
,,,0,,,local.mqtt.telegraf,42,43.7,,,08a6f769c348,08a6f769c348-479,479,08:A6:F7:69:C3:48,ON,14536799,1780833988479,14536803,1780833988483,14719967,1780833988129,27,2026-06-07T12:06:29.4023957Z,,oasis/bottle
,,,0,,,local.mqtt.telegraf,42,40.79,,,08a6f76bd428,08a6f76bd428-480,480,08:A6:F7:6B:D4:28,ON,14537609,1780833989289,14537613,1780833989293,14685196,1780833988098,27,2026-06-07T12:06:30.2019232Z,,oasis/bottle
,,,0,,,local.mqtt.telegraf,42,33.78,,,08a6f75abdf0,08a6f75abdf0-480,480,08:A6:F7:5A:BD:F0,ON,14538989,1780833990670,14538994,1780833990674,14639166,1780833990588,27,2026-06-07T12:06:31.5896052Z,,oasis/bottle
,,,0,,,local.mqtt.telegraf,42,43.87,,,08a6f769c348,08a6f769c348-480,480,08:A6:F7:69:C3:48,ON,14540149,1780833991829,14540153,1780833991833,14723316,1780833991478,27,2026-06-07T12:06:32.7500714Z,,oasis/bottle
,,,0,,,local.mqtt.telegraf,42,40.98,,,08a6f76bd428,08a6f76bd428-481,481,08:A6:F7:6B:D4:28,ON,14540889,1780833992569,14540893,1780833992573,14688476,1780833991378,27,2026-06-07T12:06:33.4759825Z,,oasis/bottle
,,,0,,,local.mqtt.telegraf,42,33.78,,,08a6f75abdf0,08a6f75abdf0-481,481,08:A6:F7:5A:BD:F0,ON,14542279,1780833993959,14542283,1780833993963,14642447,1780833993869,27,2026-06-07T12:06:34.8727823Z,,oasis/bottle
,,,0,,,local.mqtt.telegraf,42,43.88,,,08a6f769c348,08a6f769c348-481,481,08:A6:F7:69:C3:48,ON,14543479,1780833995159,14543483,1780833995163,14726646,1780833994808,27,2026-06-07T12:06:36.0922393Z,,oasis/bottle
,,,0,,,local.mqtt.telegraf,42,40.91,,,08a6f76bd428,08a6f76bd428-482,482,08:A6:F7:6B:D4:28,ON,14544079,1780833995759,14544084,1780833995764,14691666,1780833994568,27,2026-06-07T12:06:36.6738337Z,,oasis/bottle
,,,0,,,local.mqtt.telegraf,42,33.94,,,08a6f75abdf0,08a6f75abdf0-482,482,08:A6:F7:5A:BD:F0,ON,14545469,1780833997149,14545481,1780833997161,14645636,1780833997058,27,2026-06-07T12:06:38.0910947Z,,oasis/bottle
,,,0,,,local.mqtt.telegraf,42,43.77,,,08a6f769c348,08a6f769c348-482,482,08:A6:F7:69:C3:48,ON,14546759,1780833998439,14546763,1780833998443,14729926,1780833998086,27,2026-06-07T12:06:39.3425848Z,,oasis/bottle
,,,0,,,local.mqtt.telegraf,42,41.11,,,08a6f76bd428,08a6f76bd428-483,483,08:A6:F7:6B:D4:28,ON,14547319,1780833998999,14547323,1780833999003,14694906,1780833998046,27,2026-06-07T12:06:39.9131859Z,,oasis/bottle
,,,0,,,local.mqtt.telegraf,42,33.81,,,08a6f75abdf0,08a6f75abdf0-483,483,08:A6:F7:5A:BD:F0,ON,14548710,1780834000390,14548714,1780834000394,14648887,1780833998057,27,2026-06-07T12:06:41.2933816Z,,oasis/bottle
,,,0,,,local.mqtt.telegraf,42,43.8,,,08a6f769c348,08a6f769c348-483,483,08:A6:F7:69:C3:48,ON,14549949,1780834001629,14549953,1780834001633,14733116,1780834001276,27,2026-06-07T12:06:42.5474207Z,,oasis/bottle
,,,0,,,local.mqtt.telegraf,42,41.25,,,08a6f76bd428,08a6f76bd428-484,484,08:A6:F7:6B:D4:28,ON,14550669,1780834002349,14550673,1780834002353,14698256,1780834001396,27,2026-06-07T12:06:43.2670898Z,,oasis/bottle
,,,0,,,local.mqtt.telegraf,42,33.74,,,08a6f75abdf0,08a6f75abdf0-484,484,08:A6:F7:5A:BD:F0,ON,14552070,1780834003750,14552075,1780834003755,14652246,1780834001416,27,2026-06-07T12:06:44.6741374Z,,oasis/bottle
,,,0,,,local.mqtt.telegraf,42,43.65,,,08a6f769c348,08a6f769c348-484,484,08:A6:F7:69:C3:48,ON,14553210,1780834004890,14553218,1780834004899,14736376,1780834004536,27,2026-06-07T12:06:45.8000213Z,,oasis/bottle
,,,0,,,local.mqtt.telegraf,42,41.05,,,08a6f76bd428,08a6f76bd428-485,485,08:A6:F7:6B:D4:28,ON,14553999,1780834005679,14554003,1780834005683,14701586,1780834004726,27,2026-06-07T12:06:46.592487Z,,oasis/bottle
,,,0,,,local.mqtt.telegraf,42,33.74,,,08a6f75abdf0,08a6f75abdf0-485,485,08:A6:F7:5A:BD:F0,ON,14555429,1780834007109,14555433,1780834007113,14655596,1780834004766,27,2026-06-07T12:06:48.034506Z,,oasis/bottle
,,,0,,,local.mqtt.telegraf,42,43.87,,,08a6f769c348,08a6f769c348-485,485,08:A6:F7:69:C3:48,ON,14556589,1780834008269,14556593,1780834008273,14739757,1780834008189,27,2026-06-07T12:06:49.1836696Z,,oasis/bottle
,,,0,,,local.mqtt.telegraf,42,40.98,,,08a6f76bd428,08a6f76bd428-486,486,08:A6:F7:6B:D4:28,ON,14557289,1780834008969,14557294,1780834008974,14704876,1780834008118,27,2026-06-07T12:06:49.8895463Z,,oasis/bottle
,,,0,,,local.mqtt.telegraf,43,33.75,,,08a6f75abdf0,08a6f75abdf0-486,486,08:A6:F7:5A:BD:F0,ON,14558749,1780834010429,14558753,1780834010433,14658919,1780834008151,27,2026-06-07T12:06:51.3515599Z,,oasis/bottle
,,,0,,,local.mqtt.telegraf,42,43.77,,,08a6f769c348,08a6f769c348-486,486,08:A6:F7:69:C3:48,ON,14559969,1780834011649,14559973,1780834011653,14743137,1780834011569,27,2026-06-07T12:06:52.57801Z,,oasis/bottle
,,,0,,,local.mqtt.telegraf,42,41.07,,,08a6f76bd428,08a6f76bd428-487,487,08:A6:F7:6B:D4:28,ON,14560489,1780834012169,14560493,1780834012173,14708076,1780834011318,27,2026-06-07T12:06:53.1231856Z,,oasis/bottle
,,,0,,,local.mqtt.telegraf,43,33.81,,,08a6f75abdf0,08a6f75abdf0-487,487,08:A6:F7:5A:BD:F0,ON,14562019,1780834013699,14562023,1780834013703,14662189,1780834011421,27,2026-06-07T12:06:54.6082775Z,,oasis/bottle
,,,0,,,local.mqtt.telegraf,42,43.68,,,08a6f769c348,08a6f769c348-487,487,08:A6:F7:69:C3:48,ON,14563349,1780834015029,14563353,1780834015033,14746517,1780834014949,27,2026-06-07T12:06:55.9512488Z,,oasis/bottle
,,,0,,,local.mqtt.telegraf,42,41.21,,,08a6f76bd428,08a6f76bd428-488,488,08:A6:F7:6B:D4:28,ON,14563759,1780834015439,14563763,1780834015443,14711346,1780834014588,27,2026-06-07T12:06:56.3513596Z,,oasis/bottle
,,,0,,,local.mqtt.telegraf,43,33.78,,,08a6f75abdf0,08a6f75abdf0-488,488,08:A6:F7:5A:BD:F0,ON,14565189,1780834016869,14565193,1780834016873,14665359,1780834014591,27,2026-06-07T12:06:57.7961241Z,,oasis/bottle
,,,0,,,local.mqtt.telegraf,42,43.83,,,08a6f769c348,08a6f769c348-488,488,08:A6:F7:69:C3:48,ON,14566739,1780834018419,14566743,1780834018423,14749906,1780834018268,27,2026-06-07T12:06:59.3507902Z,,oasis/bottle
,,,0,,,local.mqtt.telegraf,42,41.06,,,08a6f76bd428,08a6f76bd428-489,489,08:A6:F7:6B:D4:28,ON,14567169,1780834018849,14567173,1780834018853,14714756,1780834018287,27,2026-06-07T12:06:59.7669395Z,,oasis/bottle
,,,0,,,local.mqtt.telegraf,43,33.83,,,08a6f75abdf0,08a6f75abdf0-489,489,08:A6:F7:5A:BD:F0,ON,14568399,1780834020079,14568403,1780834020083,14668567,1780834018088,27,2026-06-07T12:07:01.0188082Z,,oasis/bottle
,,,0,,,local.mqtt.telegraf,42,43.83,,,08a6f769c348,08a6f769c348-489,489,08:A6:F7:69:C3:48,ON,14570139,1780834021819,14570143,1780834021823,14753306,1780834021668,27,2026-06-07T12:07:02.7331654Z,,oasis/bottle
,,,0,,,local.mqtt.telegraf,42,41.18,,,08a6f76bd428,08a6f76bd428-490,490,08:A6:F7:6B:D4:28,ON,14570369,1780834022049,14570373,1780834022053,14717956,1780834021487,27,2026-06-07T12:07:02.9605152Z,,oasis/bottle
,,,0,,,local.mqtt.telegraf,43,33.81,,,08a6f75abdf0,08a6f75abdf0-490,490,08:A6:F7:5A:BD:F0,ON,14571679,1780834023360,14571684,1780834023364,14671856,1780834021377,27,2026-06-07T12:07:04.2873227Z,,oasis/bottle
,,,0,,,local.mqtt.telegraf,42,43.84,,,08a6f769c348,08a6f769c348-490,490,08:A6:F7:69:C3:48,ON,14573330,1780834025010,14573334,1780834025014,14756496,1780834024858,27,2026-06-07T12:07:05.9335127Z,,oasis/bottle
,,,0,,,local.mqtt.telegraf,42,41.05,,,08a6f76bd428,08a6f76bd428-491,491,08:A6:F7:6B:D4:28,ON,14573639,1780834025319,14573643,1780834025323,14721226,1780834024757,27,2026-06-07T12:07:06.251205Z,,oasis/bottle
,,,0,,,local.mqtt.telegraf,42,33.86,,,08a6f75abdf0,08a6f75abdf0-491,491,08:A6:F7:5A:BD:F0,ON,14574889,1780834026569,14574893,1780834026573,14675056,1780834024577,27,2026-06-07T12:07:07.4909433Z,,oasis/bottle
,,,0,,,local.mqtt.telegraf,42,43.81,,,08a6f769c348,08a6f769c348-491,491,08:A6:F7:69:C3:48,ON,14576579,1780834028259,14576583,1780834028263,14759747,1780834028157,27,2026-06-07T12:07:09.1763479Z,,oasis/bottle
,,,0,,,local.mqtt.telegraf,42,41.05,,,08a6f76bd428,08a6f76bd428-492,492,08:A6:F7:6B:D4:28,ON,14577039,1780834028719,14577043,1780834028723,14724626,1780834028306,27,2026-06-07T12:07:09.6505132Z,,oasis/bottle
,,,0,,,local.mqtt.telegraf,42,34.02,,,08a6f75abdf0,08a6f75abdf0-492,492,08:A6:F7:5A:BD:F0,ON,14578149,1780834029830,14578154,1780834029834,14678327,1780834028176,27,2026-06-07T12:07:10.7633916Z,,oasis/bottle
,,,0,,,local.mqtt.telegraf,42,43.77,,,08a6f769c348,08a6f769c348-492,492,08:A6:F7:69:C3:48,ON,14579949,1780834031629,14579953,1780834031633,14763116,1780834031526,27,2026-06-07T12:07:12.5588803Z,,oasis/bottle
,,,0,,,local.mqtt.telegraf,42,40.91,,,08a6f76bd428,08a6f76bd428-493,493,08:A6:F7:6B:D4:28,ON,14580229,1780834031909,14580234,1780834031914,14727816,1780834031496,27,2026-06-07T12:07:12.8125037Z,,oasis/bottle
,,,0,,,local.mqtt.telegraf,43,33.75,,,08a6f75abdf0,08a6f75abdf0-493,493,08:A6:F7:5A:BD:F0,ON,14581559,1780834033239,14581564,1780834033244,14681726,1780834031575,27,2026-06-07T12:07:14.1591378Z,,oasis/bottle
,,,0,,,local.mqtt.telegraf,42,43.84,,,08a6f769c348,08a6f769c348-493,493,08:A6:F7:69:C3:48,ON,14583339,1780834035020,14583344,1780834035024,14766506,1780834034916,27,2026-06-07T12:07:15.967052Z,,oasis/bottle
,,,0,,,local.mqtt.telegraf,42,41.05,,,08a6f76bd428,08a6f76bd428-494,494,08:A6:F7:6B:D4:28,ON,14583470,1780834035150,14583475,1780834035155,14731056,1780834034736,27,2026-06-07T12:07:16.0686258Z,,oasis/bottle
,,,0,,,local.mqtt.telegraf,43,33.78,,,08a6f75abdf0,08a6f75abdf0-494,494,08:A6:F7:5A:BD:F0,ON,14584749,1780834036429,14584753,1780834036433,14684916,1780834034765,27,2026-06-07T12:07:17.3635417Z,,oasis/bottle
,,,0,,,local.mqtt.telegraf,42,43.8,,,08a6f769c348,08a6f769c348-494,494,08:A6:F7:69:C3:48,ON,14586719,1780834038399,14586723,1780834038403,14769887,1780834038309,27,2026-06-07T12:07:19.3259948Z,,oasis/bottle
,,,0,,,local.mqtt.telegraf,42,41.07,,,08a6f76bd428,08a6f76bd428-495,495,08:A6:F7:6B:D4:28,ON,14586819,1780834038499,14586823,1780834038503,14734406,1780834038278,27,2026-06-07T12:07:19.4132053Z,,oasis/bottle
,,,0,,,local.mqtt.telegraf,43,33.93,,,08a6f75abdf0,08a6f75abdf0-495,495,08:A6:F7:5A:BD:F0,ON,14587979,1780834039659,14587984,1780834039664,14688156,1780834038168,27,2026-06-07T12:07:20.5747858Z,,oasis/bottle
,,,0,,,local.mqtt.telegraf,42,43.88,,,08a6f769c348,08a6f769c348-495,495,08:A6:F7:69:C3:48,ON,14590099,1780834041779,14590103,1780834041783,14773267,1780834041689,27,2026-06-07T12:07:22.7085186Z,,oasis/bottle
,,,0,,,local.mqtt.telegraf,42,40.98,,,08a6f76bd428,08a6f76bd428-496,496,08:A6:F7:6B:D4:28,ON,14590148,1780834041829,14590153,1780834041833,14737736,1780834041608,27,2026-06-07T12:07:22.7494842Z,,oasis/bottle
,,,0,,,local.mqtt.telegraf,42,33.81,,,08a6f75abdf0,08a6f75abdf0-496,496,08:A6:F7:5A:BD:F0,ON,14591339,1780834043019,14591343,1780834043023,14691506,1780834041518,27,2026-06-07T12:07:23.9577821Z,,oasis/bottle
,,,0,,,local.mqtt.telegraf,42,41.07,,,08a6f76bd428,08a6f76bd428-497,497,08:A6:F7:6B:D4:28,ON,14593429,1780834045109,14593441,1780834045121,14741016,1780834044888,27,2026-06-07T12:07:26.0345562Z,,oasis/bottle
,,,0,,,local.mqtt.telegraf,42,43.81,,,08a6f769c348,08a6f769c348-496,496,08:A6:F7:69:C3:48,ON,14593489,1780834045169,14593493,1780834045173,14776656,1780834045078,27,2026-06-07T12:07:26.0857467Z,,oasis/bottle
,,,0,,,local.mqtt.telegraf,42,33.98,,,08a6f75abdf0,08a6f75abdf0-497,497,08:A6:F7:5A:BD:F0,ON,14594669,1780834046349,14594674,1780834046354,14694836,1780834044848,27,2026-06-07T12:07:27.2723213Z,,oasis/bottle
,,,0,,,local.mqtt.telegraf,42,40.87,,,08a6f76bd428,08a6f76bd428-498,498,08:A6:F7:6B:D4:28,ON,14596619,1780834048299,14596624,1780834048304,14744206,1780834048147,27,2026-06-07T12:07:29.2218155Z,,oasis/bottle
,,,0,,,local.mqtt.telegraf,42,43.62,,,08a6f769c348,08a6f769c348-497,497,08:A6:F7:69:C3:48,ON,14596899,1780834048579,14596903,1780834048583,14780067,1780834048368,27,2026-06-07T12:07:29.4913501Z,,oasis/bottle
,,,0,,,local.mqtt.telegraf,42,34.01,,,08a6f75abdf0,08a6f75abdf0-498,498,08:A6:F7:5A:BD:F0,ON,14597959,1780834049639,14597963,1780834049643,14698127,1780834048248,27,2026-06-07T12:07:30.5412018Z,,oasis/bottle
,,,0,,,local.mqtt.telegraf,42,40.95,,,08a6f76bd428,08a6f76bd428-499,499,08:A6:F7:6B:D4:28,ON,14599869,1780834051549,14599873,1780834051553,14747456,1780834051397,27,2026-06-07T12:07:32.4803087Z,,oasis/bottle
,,,0,,,local.mqtt.telegraf,42,44,,,08a6f769c348,08a6f769c348-498,498,08:A6:F7:69:C3:48,ON,14600099,1780834051779,14600104,1780834051784,14783266,1780834051567,27,2026-06-07T12:07:32.6877251Z,,oasis/bottle
,,,0,,,local.mqtt.telegraf,42,33.81,,,08a6f75abdf0,08a6f75abdf0-499,499,08:A6:F7:5A:BD:F0,ON,14601159,1780834052839,14601163,1780834052843,14701326,1780834051447,27,2026-06-07T12:07:33.7410569Z,,oasis/bottle
,,,0,,,local.mqtt.telegraf,42,40.92,,,08a6f76bd428,08a6f76bd428-500,500,08:A6:F7:6B:D4:28,ON,14603229,1780834054909,14603233,1780834054913,14750816,1780834054757,27,2026-06-07T12:07:35.8335553Z,,oasis/bottle
,,,0,,,local.mqtt.telegraf,42,43.69,,,08a6f769c348,08a6f769c348-499,499,08:A6:F7:69:C3:48,ON,14603362,1780834055042,14603375,1780834055055,14786526,1780834054827,27,2026-06-07T12:07:35.9723122Z,,oasis/bottle
,,,0,,,local.mqtt.telegraf,42,33.97,,,08a6f75abdf0,08a6f75abdf0-500,500,08:A6:F7:5A:BD:F0,ON,14604429,1780834056109,14604433,1780834056113,14704597,1780834054718,27,2026-06-07T12:07:37.0212552Z,,oasis/bottle
,,,0,,,local.mqtt.telegraf,42,41.02,,,08a6f76bd428,08a6f76bd428-501,501,08:A6:F7:6B:D4:28,ON,14606579,1780834058259,14606583,1780834058263,14754167,1780834058187,27,2026-06-07T12:07:39.1739958Z,,oasis/bottle
,,,0,,,local.mqtt.telegraf,42,43.72,,,08a6f769c348,08a6f769c348-500,500,08:A6:F7:69:C3:48,ON,14606779,1780834058459,14606783,1780834058463,14789946,1780834058357,27,2026-06-07T12:07:39.3756734Z,,oasis/bottle
,,,0,,,local.mqtt.telegraf,43,33.82,,,08a6f75abdf0,08a6f75abdf0-501,501,08:A6:F7:5A:BD:F0,ON,14607609,1780834059290,14607614,1780834059294,14707786,1780834058157,27,2026-06-07T12:07:40.2054122Z,,oasis/bottle
,,,0,,,local.mqtt.telegraf,42,41.02,,,08a6f76bd428,08a6f76bd428-502,502,08:A6:F7:6B:D4:28,ON,14609909,1780834061589,14609913,1780834061593,14757496,1780834061516,27,2026-06-07T12:07:42.504027Z,,oasis/bottle
,,,0,,,local.mqtt.telegraf,42,43.62,,,08a6f769c348,08a6f769c348-501,501,08:A6:F7:69:C3:48,ON,14609982,1780834061662,14609986,1780834061666,14793146,1780834061557,27,2026-06-07T12:07:42.560689Z,,oasis/bottle
,,,0,,,local.mqtt.telegraf,43,33.83,,,08a6f75abdf0,08a6f75abdf0-502,502,08:A6:F7:5A:BD:F0,ON,14610830,1780834062510,14610834,1780834062514,14711007,1780834061378,27,2026-06-07T12:07:43.4254299Z,,oasis/bottle
,,,0,,,local.mqtt.telegraf,42,41,,,08a6f76bd428,08a6f76bd428-503,503,08:A6:F7:6B:D4:28,ON,14613199,1780834064879,14613204,1780834064884,14760786,1780834064806,27,2026-06-07T12:07:45.8037662Z,,oasis/bottle
,,,0,,,local.mqtt.telegraf,42,43.72,,,08a6f769c348,08a6f769c348-502,502,08:A6:F7:69:C3:48,ON,14613248,1780834064929,14613253,1780834064933,14796417,1780834064828,27,2026-06-07T12:07:45.8586788Z,,oasis/bottle
,,,0,,,local.mqtt.telegraf,43,33.83,,,08a6f75abdf0,08a6f75abdf0-503,503,08:A6:F7:5A:BD:F0,ON,14614139,1780834065819,14614143,1780834065823,14714306,1780834064677,27,2026-06-07T12:07:46.7307744Z,,oasis/bottle
,,,0,,,local.mqtt.telegraf,42,40.92,,,08a6f76bd428,08a6f76bd428-504,504,08:A6:F7:6B:D4:28,ON,14616399,1780834068079,14616403,1780834068083,14763987,1780834068018,27,2026-06-07T12:07:49.021826Z,,oasis/bottle
,,,0,,,local.mqtt.telegraf,42,43.62,,,08a6f769c348,08a6f769c348-503,503,08:A6:F7:69:C3:48,ON,14616649,1780834068329,14616653,1780834068333,14799817,1780834068259,27,2026-06-07T12:07:49.2410019Z,,oasis/bottle
,,,0,,,local.mqtt.telegraf,43,33.78,,,08a6f75abdf0,08a6f75abdf0-504,504,08:A6:F7:5A:BD:F0,ON,14617359,1780834069040,14617364,1780834069044,14717536,1780834068268,27,2026-06-07T12:07:49.9531352Z,,oasis/bottle
,,,0,,,local.mqtt.telegraf,42,40.86,,,08a6f76bd428,08a6f76bd428-505,505,08:A6:F7:6B:D4:28,ON,14619659,1780834071339,14619663,1780834071343,14767246,1780834071277,27,2026-06-07T12:07:52.2543684Z,,oasis/bottle
,,,0,,,local.mqtt.telegraf,42,43.83,,,08a6f769c348,08a6f769c348-504,504,08:A6:F7:69:C3:48,ON,14619839,1780834071519,14619843,1780834071523,14803006,1780834071448,27,2026-06-07T12:07:52.4306191Z,,oasis/bottle
,,,0,,,local.mqtt.telegraf,43,33.89,,,08a6f75abdf0,08a6f75abdf0-505,505,08:A6:F7:5A:BD:F0,ON,14620699,1780834072379,14620703,1780834072383,14720866,1780834071598,27,2026-06-07T12:07:53.2930785Z,,oasis/bottle
,,,0,,,local.mqtt.telegraf,42,43.8,,,08a6f769c348,08a6f769c348-505,505,08:A6:F7:69:C3:48,ON,14623077,1780834074757,14623082,1780834074762,14806246,1780834074688,27,2026-06-07T12:07:55.6525923Z,,oasis/bottle
,,,0,,,local.mqtt.telegraf,43,33.77,,,08a6f75abdf0,08a6f75abdf0-506,506,08:A6:F7:5A:BD:F0,ON,14623989,1780834075669,14623993,1780834075673,14724156,1780834074888,27,2026-06-07T12:07:56.5833213Z,,oasis/bottle
,,,0,,,local.mqtt.telegraf,42,40.66,,,08a6f76bd428,08a6f76bd428-507,507,08:A6:F7:6B:D4:28,ON,14626457,1780834078137,14626462,1780834078142,14774047,1780834078078,27,2026-06-07T12:07:59.0343176Z,,oasis/bottle
,,,0,,,local.mqtt.telegraf,43,33.83,,,08a6f75abdf0,08a6f75abdf0-507,507,08:A6:F7:5A:BD:F0,ON,14627190,1780834078870,14627194,1780834078874,14727367,1780834078269,27,2026-06-07T12:07:59.7734292Z,,oasis/bottle
,,,0,,,local.mqtt.telegraf,42,40.62,,,08a6f76bd428,08a6f76bd428-508,508,08:A6:F7:6B:D4:28,ON,14629659,1780834081339,14629663,1780834081343,14777246,1780834081277,27,2026-06-07T12:08:02.2677135Z,,oasis/bottle
,,,0,,,local.mqtt.telegraf,42,43.64,,,08a6f769c348,08a6f769c348-507,507,08:A6:F7:69:C3:48,ON,14629759,1780834081439,14629763,1780834081443,14812926,1780834081368,27,2026-06-07T12:08:02.3482427Z,,oasis/bottle
,,,0,,,local.mqtt.telegraf,43,33.78,,,08a6f75abdf0,08a6f75abdf0-508,508,08:A6:F7:5A:BD:F0,ON,14630469,1780834082149,14630473,1780834082153,14730639,1780834081541,27,2026-06-07T12:08:03.0631062Z,,oasis/bottle
,,,0,,,local.mqtt.telegraf,42,40.92,,,08a6f76bd428,08a6f76bd428-509,509,08:A6:F7:6B:D4:28,ON,14632929,1780834084609,14632933,1780834084613,14780517,1780834084548,27,2026-06-07T12:08:05.5333675Z,,oasis/bottle
,,,0,,,local.mqtt.telegraf,42,43.62,,,08a6f769c348,08a6f769c348-508,508,08:A6:F7:69:C3:48,ON,14633039,1780834084719,14633044,1780834084724,14816206,1780834084648,27,2026-06-07T12:08:05.6437588Z,,oasis/bottle
,,,0,,,local.mqtt.telegraf,43,33.7,,,08a6f75abdf0,08a6f75abdf0-509,509,08:A6:F7:5A:BD:F0,ON,14633648,1780834085329,14633653,1780834085333,14733817,1780834084719,27,2026-06-07T12:08:06.2441697Z,,oasis/bottle
,,,0,,,local.mqtt.telegraf,42,43.61,,,08a6f769c348,08a6f769c348-509,509,08:A6:F7:69:C3:48,ON,14636229,1780834087909,14636233,1780834087913,14819396,1780834087838,27,2026-06-07T12:08:08.8315948Z,,oasis/bottle
,,,0,,,local.mqtt.telegraf,42,40.59,,,08a6f76bd428,08a6f76bd428-510,510,08:A6:F7:6B:D4:28,ON,14636340,1780834088020,14636345,1780834088025,14783927,1780834087949,27,2026-06-07T12:08:08.937659Z,,oasis/bottle
,,,0,,,local.mqtt.telegraf,43,33.34,,,08a6f75abdf0,08a6f75abdf0-510,510,08:A6:F7:5A:BD:F0,ON,14636869,1780834088549,14636873,1780834088553,14737036,1780834088308,27,2026-06-07T12:08:09.4587668Z,,oasis/bottle
,,,0,,,local.mqtt.telegraf,42,43.26,,,08a6f769c348,08a6f769c348-510,510,08:A6:F7:69:C3:48,ON,14639469,1780834091149,14639473,1780834091153,14822636,1780834091078,27,2026-06-07T12:08:12.0709833Z,,oasis/bottle
,,,0,,,local.mqtt.telegraf,42,40.19,,,08a6f76bd428,08a6f76bd428-511,511,08:A6:F7:6B:D4:28,ON,14639539,1780834091219,14639544,1780834091224,14787126,1780834091148,27,2026-06-07T12:08:12.1149343Z,,oasis/bottle
,,,0,,,local.mqtt.telegraf,43,33.01,,,08a6f75abdf0,08a6f75abdf0-511,511,08:A6:F7:5A:BD:F0,ON,14640180,1780834091860,14640184,1780834091864,14740356,1780834091628,27,2026-06-07T12:08:12.7712729Z,,oasis/bottle
,,,0,,,local.mqtt.telegraf,42,43.41,,,08a6f769c348,08a6f769c348-511,511,08:A6:F7:69:C3:48,ON,14642837,1780834094517,14642842,1780834094522,14826006,1780834094448,27,2026-06-07T12:08:15.4028475Z,,oasis/bottle
,,,0,,,local.mqtt.telegraf,42,33.19,,,08a6f75abdf0,08a6f75abdf0-512,512,08:A6:F7:5A:BD:F0,ON,14643429,1780834095110,14643434,1780834095114,14743606,1780834094878,27,2026-06-07T12:08:16.0197913Z,,oasis/bottle
,,,0,,,local.mqtt.telegraf,42,43.66,,,08a6f769c348,08a6f769c348-512,512,08:A6:F7:69:C3:48,ON,14646189,1780834097869,14646193,1780834097873,14829357,1780834097799,27,2026-06-07T12:08:18.788136Z,,oasis/bottle
,,,0,,,local.mqtt.telegraf,42,40.47,,,08a6f76bd428,08a6f76bd428-513,513,08:A6:F7:6B:D4:28,ON,14646217,1780834097897,14646221,1780834097901,14793806,1780834097837,27,2026-06-07T12:08:18.7905109Z,,oasis/bottle
,,,0,,,local.mqtt.telegraf,42,33.32,,,08a6f75abdf0,08a6f75abdf0-513,513,08:A6:F7:5A:BD:F0,ON,14646809,1780834098489,14646815,1780834098495,14746977,1780834098399,27,2026-06-07T12:08:19.4079365Z,,oasis/bottle
,,,0,,,local.mqtt.telegraf,42,40.62,,,08a6f76bd428,08a6f76bd428-514,514,08:A6:F7:6B:D4:28,ON,14649419,1780834101099,14649423,1780834101103,14797006,1780834101037,27,2026-06-07T12:08:22.0108968Z,,oasis/bottle
,,,0,,,local.mqtt.telegraf,42,43.53,,,08a6f769c348,08a6f769c348-513,513,08:A6:F7:69:C3:48,ON,14649519,1780834101199,14649523,1780834101204,14832686,1780834101128,27,2026-06-07T12:08:22.1209674Z,,oasis/bottle
,,,0,,,local.mqtt.telegraf,42,33.44,,,08a6f75abdf0,08a6f75abdf0-514,514,08:A6:F7:5A:BD:F0,ON,14650179,1780834101860,14650184,1780834101864,14750356,1780834101778,27,2026-06-07T12:08:22.7736945Z,,oasis/bottle
,,,0,,,local.mqtt.telegraf,42,40.53,,,08a6f76bd428,08a6f76bd428-515,515,08:A6:F7:6B:D4:28,ON,14652689,1780834104369,14652693,1780834104373,14800277,1780834104308,27,2026-06-07T12:08:25.2831183Z,,oasis/bottle
,,,0,,,local.mqtt.telegraf,42,43.57,,,08a6f769c348,08a6f769c348-514,514,08:A6:F7:69:C3:48,ON,14652799,1780834104479,14652804,1780834104484,14835966,1780834104408,27,2026-06-07T12:08:25.3940223Z,,oasis/bottle
,,,0,,,local.mqtt.telegraf,42,33.39,,,08a6f75abdf0,08a6f75abdf0-515,515,08:A6:F7:5A:BD:F0,ON,14653569,1780834105249,14653573,1780834105253,14753737,1780834105159,27,2026-06-07T12:08:26.1732109Z,,oasis/bottle
,,,0,,,local.mqtt.telegraf,42,43.64,,,08a6f769c348,08a6f769c348-515,515,08:A6:F7:69:C3:48,ON,14655989,1780834107669,14655993,1780834107673,14839157,1780834107599,27,2026-06-07T12:08:28.5917367Z,,oasis/bottle
,,,0,,,local.mqtt.telegraf,42,40.4,,,08a6f76bd428,08a6f76bd428-516,516,08:A6:F7:6B:D4:28,ON,14656089,1780834107769,14656093,1780834107773,14803676,1780834107697,27,2026-06-07T12:08:28.670983Z,,oasis/bottle
,,,0,,,local.mqtt.telegraf,42,33.52,,,08a6f75abdf0,08a6f75abdf0-516,516,08:A6:F7:5A:BD:F0,ON,14656949,1780834108629,14656953,1780834108633,14757117,1780834108519,27,2026-06-07T12:08:29.5456687Z,,oasis/bottle
,,,0,,,local.mqtt.telegraf,42,43.57,,,08a6f769c348,08a6f769c348-516,516,08:A6:F7:69:C3:48,ON,14659239,1780834110919,14659243,1780834110923,14842406,1780834110848,27,2026-06-07T12:08:31.8396472Z,,oasis/bottle
,,,0,,,local.mqtt.telegraf,42,40.58,,,08a6f76bd428,08a6f76bd428-517,517,08:A6:F7:6B:D4:28,ON,14659279,1780834110959,14659284,1780834110964,14806866,1780834110887,27,2026-06-07T12:08:31.8777701Z,,oasis/bottle
,,,0,,,local.mqtt.telegraf,42,33.31,,,08a6f75abdf0,08a6f75abdf0-517,517,08:A6:F7:5A:BD:F0,ON,14660330,1780834112010,14660335,1780834112015,14760500,1780834111902,27,2026-06-07T12:08:32.9150927Z,,oasis/bottle
,,,0,,,local.mqtt.telegraf,42,40.39,,,08a6f76bd428,08a6f76bd428-518,518,08:A6:F7:6B:D4:28,ON,14662529,1780834114209,14662533,1780834114213,14810116,1780834114137,27,2026-06-07T12:08:35.1228092Z,,oasis/bottle
,,,0,,,local.mqtt.telegraf,42,43.42,,,08a6f769c348,08a6f769c348-517,517,08:A6:F7:69:C3:48,ON,14662599,1780834114279,14662604,1780834114284,14845766,1780834114208,27,2026-06-07T12:08:35.1708852Z,,oasis/bottle
,,,0,,,local.mqtt.telegraf,42,33.39,,,08a6f75abdf0,08a6f75abdf0-518,518,08:A6:F7:5A:BD:F0,ON,14663729,1780834115409,14663733,1780834115413,14763896,1780834115298,27,2026-06-07T12:08:36.3332029Z,,oasis/bottle
,,,0,,,local.mqtt.telegraf,42,40.36,,,08a6f76bd428,08a6f76bd428-519,519,08:A6:F7:6B:D4:28,ON,14665889,1780834117569,14665893,1780834117573,14813477,1780834117508,27,2026-06-07T12:08:38.4875717Z,,oasis/bottle
,,,0,,,local.mqtt.telegraf,42,43.64,,,08a6f769c348,08a6f769c348-518,518,08:A6:F7:69:C3:48,ON,14665952,1780834117632,14665956,1780834117636,14849117,1780834117559,27,2026-06-07T12:08:38.5341544Z,,oasis/bottle
,,,0,,,local.mqtt.telegraf,42,33.54,,,08a6f75abdf0,08a6f75abdf0-519,519,08:A6:F7:5A:BD:F0,ON,14666890,1780834118570,14666894,1780834118574,14767067,1780834118339,27,2026-06-07T12:08:39.4709677Z,,oasis/bottle
,,,0,,,local.mqtt.telegraf,42,43.61,,,08a6f769c348,08a6f769c348-519,519,08:A6:F7:69:C3:48,ON,14669267,1780834120947,14669271,1780834120951,14852436,1780834120878,27,2026-06-07T12:08:41.8218415Z,,oasis/bottle
,,,0,,,local.mqtt.telegraf,42,33.32,,,08a6f75abdf0,08a6f75abdf0-520,520,08:A6:F7:5A:BD:F0,ON,14670109,1780834121789,14670113,1780834121793,14770276,1780834121548,27,2026-06-07T12:08:42.6937606Z,,oasis/bottle
,,,0,,,local.mqtt.telegraf,42,40.52,,,08a6f76bd428,08a6f76bd428-521,521,08:A6:F7:6B:D4:28,ON,14672567,1780834124247,14672571,1780834124251,14820156,1780834124187,27,2026-06-07T12:08:45.1365258Z,,oasis/bottle
,,,0,,,local.mqtt.telegraf,42,33.6,,,08a6f75abdf0,08a6f75abdf0-521,521,08:A6:F7:5A:BD:F0,ON,14673390,1780834125070,14673394,1780834125074,14773567,1780834124839,27,2026-06-07T12:08:45.9758628Z,,oasis/bottle
,,,0,,,local.mqtt.telegraf,42,40.27,,,08a6f76bd428,08a6f76bd428-522,522,08:A6:F7:6B:D4:28,ON,14675849,1780834127529,14675853,1780834127533,14823436,1780834127467,27,2026-06-07T12:08:48.4611706Z,,oasis/bottle
,,,0,,,local.mqtt.telegraf,42,43.62,,,08a6f769c348,08a6f769c348-521,521,08:A6:F7:69:C3:48,ON,14675949,1780834127629,14675953,1780834127633,14859117,1780834127557,27,2026-06-07T12:08:48.5567949Z,,oasis/bottle
,,,0,,,local.mqtt.telegraf,42,33.52,,,08a6f75abdf0,08a6f75abdf0-522,522,08:A6:F7:5A:BD:F0,ON,14676590,1780834128270,14676594,1780834128274,14776767,1780834128197,27,2026-06-07T12:08:49.1780585Z,,oasis/bottle
,,,0,,,local.mqtt.telegraf,42,40.27,,,08a6f76bd428,08a6f76bd428-523,523,08:A6:F7:6B:D4:28,ON,14679039,1780834130719,14679043,1780834130723,14826627,1780834128387,27,2026-06-07T12:08:51.6400013Z,,oasis/bottle
,,,0,,,local.mqtt.telegraf,42,43.62,,,08a6f769c348,08a6f769c348-522,522,08:A6:F7:69:C3:48,ON,14679149,1780834130829,14679155,1780834130836,14862316,1780834130756,27,2026-06-07T12:08:51.7336599Z,,oasis/bottle
,,,0,,,local.mqtt.telegraf,42,33.59,,,08a6f75abdf0,08a6f75abdf0-523,523,08:A6:F7:5A:BD:F0,ON,14679869,1780834131549,14679874,1780834131554,14780037,1780834131467,27,2026-06-07T12:08:52.463196Z,,oasis/bottle
,,,0,,,local.mqtt.telegraf,42,40.32,,,08a6f76bd428,08a6f76bd428-524,524,08:A6:F7:6B:D4:28,ON,14682279,1780834133959,14682283,1780834133963,14829866,1780834131626,27,2026-06-07T12:08:54.876567Z,,oasis/bottle
,,,0,,,local.mqtt.telegraf,42,43.44,,,08a6f769c348,08a6f769c348-523,523,08:A6:F7:69:C3:48,ON,14682419,1780834134099,14682424,1780834134104,14865586,1780834134026,27,2026-06-07T12:08:55.0029549Z,,oasis/bottle
,,,0,,,local.mqtt.telegraf,42,33.67,,,08a6f75abdf0,08a6f75abdf0-524,524,08:A6:F7:5A:BD:F0,ON,14683029,1780834134710,14683034,1780834134714,14783207,1780834134637,27,2026-06-07T12:08:55.6195815Z,,oasis/bottle
,,,0,,,local.mqtt.telegraf,42,40.23,,,08a6f76bd428,08a6f76bd428-525,525,08:A6:F7:6B:D4:28,ON,14685629,1780834137309,14685633,1780834137313,14833216,1780834134976,27,2026-06-07T12:08:58.2313155Z,,oasis/bottle
,,,0,,,local.mqtt.telegraf,42,43.56,,,08a6f769c348,08a6f769c348-524,524,08:A6:F7:69:C3:48,ON,14685839,1780834137519,14685843,1780834137523,14868996,1780834137436,27,2026-06-07T12:08:58.4371792Z,,oasis/bottle
,,,0,,,local.mqtt.telegraf,43,33.55,,,08a6f75abdf0,08a6f75abdf0-525,525,08:A6:F7:5A:BD:F0,ON,14686229,1780834137910,14686242,1780834137922,14786407,1780834137829,27,2026-06-07T12:08:58.8314599Z,,oasis/bottle
,,,0,,,local.mqtt.telegraf,42,40.23,,,08a6f76bd428,08a6f76bd428-526,526,08:A6:F7:6B:D4:28,ON,14688959,1780834140639,14688963,1780834140643,14836547,1780834138549,27,2026-06-07T12:09:01.5692925Z,,oasis/bottle
,,,0,,,local.mqtt.telegraf,42,43.62,,,08a6f769c348,08a6f769c348-525,525,08:A6:F7:69:C3:48,ON,14689039,1780834140719,14689043,1780834140723,14872207,1780834138428,27,2026-06-07T12:09:01.6051117Z,,oasis/bottle
,,,0,,,local.mqtt.telegraf,43,33.64,,,08a6f75abdf0,08a6f75abdf0-526,526,08:A6:F7:5A:BD:F0,ON,14689509,1780834141189,14689513,1780834141193,14789677,1780834141099,27,2026-06-07T12:09:02.0971374Z,,oasis/bottle
,,,0,,,local.mqtt.telegraf,42,40.25,,,08a6f76bd428,08a6f76bd428-527,527,08:A6:F7:6B:D4:28,ON,14692239,1780834143919,14692243,1780834143923,14839826,1780834141828,27,2026-06-07T12:09:04.8384014Z,,oasis/bottle
,,,0,,,local.mqtt.telegraf,42,43.58,,,08a6f769c348,08a6f769c348-526,526,08:A6:F7:69:C3:48,ON,14692310,1780834143990,14692315,1780834143995,14875477,1780834141698,27,2026-06-07T12:09:04.8849377Z,,oasis/bottle
,,,0,,,local.mqtt.telegraf,42,33.67,,,08a6f75abdf0,08a6f75abdf0-527,527,08:A6:F7:5A:BD:F0,ON,14692919,1780834144599,14692923,1780834144603,14793087,1780834144509,27,2026-06-07T12:09:05.5205626Z,,oasis/bottle
,,,0,,,local.mqtt.telegraf,42,40.15,,,08a6f76bd428,08a6f76bd428-528,528,08:A6:F7:6B:D4:28,ON,14695429,1780834147109,14695434,1780834147114,14843016,1780834145018,27,2026-06-07T12:09:08.0436656Z,,oasis/bottle
,,,0,,,local.mqtt.telegraf,42,43.45,,,08a6f769c348,08a6f769c348-527,527,08:A6:F7:69:C3:48,ON,14695488,1780834147169,14695493,1780834147173,14878656,1780834144877,27,2026-06-07T12:09:08.0775283Z,,oasis/bottle
,,,0,,,local.mqtt.telegraf,42,33.74,,,08a6f75abdf0,08a6f75abdf0-528,528,08:A6:F7:5A:BD:F0,ON,14696119,1780834147800,14696124,1780834147804,14796297,1780834147729,27,2026-06-07T12:09:08.7095526Z,,oasis/bottle
,,,0,,,local.mqtt.telegraf,42,40.32,,,08a6f76bd428,08a6f76bd428-529,529,08:A6:F7:6B:D4:28,ON,14698679,1780834150359,14698683,1780834150363,14846266,1780834148498,27,2026-06-07T12:09:11.2773873Z,,oasis/bottle
,,,0,,,local.mqtt.telegraf,42,43.76,,,08a6f769c348,08a6f769c348-528,528,08:A6:F7:69:C3:48,ON,14698708,1780834150388,14698724,1780834150404,14881876,1780834148468,27,2026-06-07T12:09:11.3145646Z,,oasis/bottle
,,,0,,,local.mqtt.telegraf,42,33.58,,,08a6f75abdf0,08a6f75abdf0-529,529,08:A6:F7:5A:BD:F0,ON,14699399,1780834151080,14699404,1780834151084,14799577,1780834151009,27,2026-06-07T12:09:12.0006716Z,,oasis/bottle
,,,0,,,local.mqtt.telegraf,42,43.72,,,08a6f769c348,08a6f769c348-529,529,08:A6:F7:69:C3:48,ON,14702019,1780834153699,14702023,1780834153703,14885176,1780834151768,27,2026-06-07T12:09:14.617675Z,,oasis/bottle
,,,0,,,local.mqtt.telegraf,42,40.01,,,08a6f76bd428,08a6f76bd428-530,530,08:A6:F7:6B:D4:28,ON,14702047,1780834153727,14702051,1780834153731,14849626,1780834151858,27,2026-06-07T12:09:14.6182123Z,,oasis/bottle
,,,0,,,local.mqtt.telegraf,42,33.74,,,08a6f75abdf0,08a6f75abdf0-530,530,08:A6:F7:5A:BD:F0,ON,14702589,1780834154270,14702594,1780834154274,14802767,1780834154199,27,2026-06-07T12:09:15.1871459Z,,oasis/bottle
,,,0,,,local.mqtt.telegraf,42,43.61,,,08a6f769c348,08a6f769c348-530,530,08:A6:F7:69:C3:48,ON,14705249,1780834156929,14705254,1780834156934,14888416,1780834155008,27,2026-06-07T12:09:17.8377068Z,,oasis/bottle
,,,0,,,local.mqtt.telegraf,42,40.19,,,08a6f76bd428,08a6f76bd428-531,531,08:A6:F7:6B:D4:28,ON,14705389,1780834157069,14705393,1780834157073,14852976,1780834155208,27,2026-06-07T12:09:17.9873777Z,,oasis/bottle
,,,0,,,local.mqtt.telegraf,42,33.73,,,08a6f75abdf0,08a6f75abdf0-531,531,08:A6:F7:5A:BD:F0,ON,14705839,1780834157519,14705843,1780834157523,14806007,1780834157439,27,2026-06-07T12:09:18.4507563Z,,oasis/bottle
,,,0,,,local.mqtt.telegraf,42,43.56,,,08a6f769c348,08a6f769c348-531,531,08:A6:F7:69:C3:48,ON,14708589,1780834160269,14708593,1780834160273,14891756,1780834158608,27,2026-06-07T12:09:21.1849005Z,,oasis/bottle
,,,0,,,local.mqtt.telegraf,42,40.2,,,08a6f76bd428,08a6f76bd428-532,532,08:A6:F7:6B:D4:28,ON,14708719,1780834160399,14708724,1780834160404,14856307,1780834158599,27,2026-06-07T12:09:21.3270481Z,,oasis/bottle
,,,0,,,local.mqtt.telegraf,42,33.77,,,08a6f75abdf0,08a6f75abdf0-532,532,08:A6:F7:5A:BD:F0,ON,14709179,1780834160860,14709184,1780834160864,14809357,1780834158619,27,2026-06-07T12:09:21.7714924Z,,oasis/bottle
,,,0,,,local.mqtt.telegraf,42,43.84,,,08a6f769c348,08a6f769c348-532,532,08:A6:F7:69:C3:48,ON,14711899,1780834163579,14711903,1780834163583,14895066,1780834161918,27,2026-06-07T12:09:24.4996048Z,,oasis/bottle
,,,0,,,local.mqtt.telegraf,42,40.35,,,08a6f76bd428,08a6f76bd428-533,533,08:A6:F7:6B:D4:28,ON,14711999,1780834163679,14712003,1780834163683,14859586,1780834161878,27,2026-06-07T12:09:24.5947657Z,,oasis/bottle
,,,0,,,local.mqtt.telegraf,42,33.78,,,08a6f75abdf0,08a6f75abdf0-533,533,08:A6:F7:5A:BD:F0,ON,14712519,1780834164199,14712523,1780834164203,14812686,1780834161948,27,2026-06-07T12:09:25.1030335Z,,oasis/bottle
,,,0,,,local.mqtt.telegraf,42,43.62,,,08a6f769c348,08a6f769c348-533,533,08:A6:F7:69:C3:48,ON,14715139,1780834166819,14715143,1780834166823,14898306,1780834165158,27,2026-06-07T12:09:27.7395957Z,,oasis/bottle
,,,0,,,local.mqtt.telegraf,42,40.19,,,08a6f76bd428,08a6f76bd428-534,534,08:A6:F7:6B:D4:28,ON,14715189,1780834166869,14715193,1780834166873,14862776,1780834165068,27,2026-06-07T12:09:27.7784283Z,,oasis/bottle
,,,0,,,local.mqtt.telegraf,42,33.78,,,08a6f75abdf0,08a6f75abdf0-534,534,08:A6:F7:5A:BD:F0,ON,14715799,1780834167479,14715803,1780834167483,14815967,1780834165229,27,2026-06-07T12:09:28.3965205Z,,oasis/bottle
,,,0,,,local.mqtt.telegraf,42,40.19,,,08a6f76bd428,08a6f76bd428-535,535,08:A6:F7:6B:D4:28,ON,14718429,1780834170109,14718433,1780834170113,14866017,1780834168539,27,2026-06-07T12:09:31.0359639Z,,oasis/bottle
,,,0,,,local.mqtt.telegraf,42,43.62,,,08a6f769c348,08a6f769c348-534,534,08:A6:F7:69:C3:48,ON,14718488,1780834170168,14718493,1780834170173,14901656,1780834168648,27,2026-06-07T12:09:31.0658729Z,,oasis/bottle
,,,0,,,local.mqtt.telegraf,42,33.91,,,08a6f75abdf0,08a6f75abdf0-535,535,08:A6:F7:5A:BD:F0,ON,14718989,1780834170669,14718993,1780834170673,14819157,1780834168489,27,2026-06-07T12:09:31.5948714Z,,oasis/bottle
,,,0,,,local.mqtt.telegraf,42,40.23,,,08a6f76bd428,08a6f76bd428-536,536,08:A6:F7:6B:D4:28,ON,14721779,1780834173459,14721783,1780834173463,14869366,1780834171888,27,2026-06-07T12:09:34.3849986Z,,oasis/bottle
,,,0,,,local.mqtt.telegraf,42,43.62,,,08a6f769c348,08a6f769c348-535,535,08:A6:F7:69:C3:48,ON,14721807,1780834173488,14721824,1780834173504,14904976,1780834171968,27,2026-06-07T12:09:34.4160777Z,,oasis/bottle
,,,0,,,local.mqtt.telegraf,42,33.87,,,08a6f75abdf0,08a6f75abdf0-536,536,08:A6:F7:5A:BD:F0,ON,14722230,1780834173910,14722234,1780834173914,14822406,1780834171738,27,2026-06-07T12:09:34.8124665Z,,oasis/bottle
,,,0,,,local.mqtt.telegraf,42,40.2,,,08a6f76bd428,08a6f76bd428-537,537,08:A6:F7:6B:D4:28,ON,14725107,1780834176787,14725124,1780834176804,14872696,1780834175218,27,2026-06-07T12:09:37.6851131Z,,oasis/bottle
,,,0,,,local.mqtt.telegraf,42,34.03,,,08a6f75abdf0,08a6f75abdf0-537,537,08:A6:F7:5A:BD:F0,ON,14725599,1780834177279,14725603,1780834177283,14825767,1780834175099,27,2026-06-07T12:09:38.1864107Z,,oasis/bottle
,,,0,,,local.mqtt.telegraf,42,40.06,,,08a6f76bd428,08a6f76bd428-538,538,08:A6:F7:6B:D4:28,ON,14728399,1780834180079,14728404,1780834180084,14875987,1780834178616,27,2026-06-07T12:09:41.0038407Z,,oasis/bottle
,,,0,,,local.mqtt.telegraf,42,43.7,,,08a6f769c348,08a6f769c348-537,537,08:A6:F7:69:C3:48,ON,14728489,1780834180169,14728493,1780834180173,14911657,1780834178737,27,2026-06-07T12:09:41.0469494Z,,oasis/bottle
,,,0,,,local.mqtt.telegraf,42,33.93,,,08a6f75abdf0,08a6f75abdf0-538,538,08:A6:F7:5A:BD:F0,ON,14728949,1780834180629,14728953,1780834180633,14829117,1780834178677,27,2026-06-07T12:09:41.5446749Z,,oasis/bottle
,,,0,,,local.mqtt.telegraf,42,40.09,,,08a6f76bd428,08a6f76bd428-539,539,08:A6:F7:6B:D4:28,ON,14731599,1780834183279,14731603,1780834183283,14879186,1780834181815,27,2026-06-07T12:09:44.2015824Z,,oasis/bottle
,,,0,,,local.mqtt.telegraf,42,43.66,,,08a6f769c348,08a6f769c348-538,538,08:A6:F7:69:C3:48,ON,14731699,1780834183379,14731703,1780834183383,14914866,1780834181946,27,2026-06-07T12:09:44.2905501Z,,oasis/bottle
,,,0,,,local.mqtt.telegraf,42,33.99,,,08a6f75abdf0,08a6f75abdf0-539,539,08:A6:F7:5A:BD:F0,ON,14732269,1780834183950,14732274,1780834183954,14832447,1780834182007,27,2026-06-07T12:09:44.8618439Z,,oasis/bottle
,,,0,,,local.mqtt.telegraf,42,40.16,,,08a6f76bd428,08a6f76bd428-540,540,08:A6:F7:6B:D4:28,ON,14734869,1780834186549,14734881,1780834186561,14882457,1780834185086,27,2026-06-07T12:09:47.4835999Z,,oasis/bottle
,,,0,,,local.mqtt.telegraf,42,43.62,,,08a6f769c348,08a6f769c348-539,539,08:A6:F7:69:C3:48,ON,14734979,1780834186659,14734983,1780834186663,14918140,1780834185220,27,2026-06-07T12:09:47.5840223Z,,oasis/bottle
,,,0,,,local.mqtt.telegraf,42,34.24,,,08a6f75abdf0,08a6f75abdf0-540,540,08:A6:F7:5A:BD:F0,ON,14735559,1780834187239,14735563,1780834187243,14835727,1780834185287,27,2026-06-07T12:09:48.152905Z,,oasis/bottle
,,,0,,,local.mqtt.telegraf,42,43.68,,,08a6f769c348,08a6f769c348-540,540,08:A6:F7:69:C3:48,ON,14738149,1780834189829,14738153,1780834189833,14921316,1780834188527,27,2026-06-07T12:09:50.7520939Z,,oasis/bottle
,,,0,,,local.mqtt.telegraf,42,40.06,,,08a6f76bd428,08a6f76bd428-541,541,08:A6:F7:6B:D4:28,ON,14738279,1780834189959,14738284,1780834189964,14885866,1780834188766,27,2026-06-07T12:09:50.884421Z,,oasis/bottle
,,,0,,,local.mqtt.telegraf,42,34.02,,,08a6f75abdf0,08a6f75abdf0-541,541,08:A6:F7:5A:BD:F0,ON,14738739,1780834190420,14738744,1780834190424,14838917,1780834188548,27,2026-06-07T12:09:51.328802Z,,oasis/bottle
,,,0,,,local.mqtt.telegraf,42,43.66,,,08a6f769c348,08a6f769c348-541,541,08:A6:F7:69:C3:48,ON,14741369,1780834193049,14741373,1780834193053,14924536,1780834191747,27,2026-06-07T12:09:53.9651364Z,,oasis/bottle
,,,0,,,local.mqtt.telegraf,42,40.13,,,08a6f76bd428,08a6f76bd428-542,542,08:A6:F7:6B:D4:28,ON,14741479,1780834193159,14741484,1780834193164,14889066,1780834191966,27,2026-06-07T12:09:54.0730151Z,,oasis/bottle
,,,0,,,local.mqtt.telegraf,42,34.26,,,08a6f75abdf0,08a6f75abdf0-542,542,08:A6:F7:5A:BD:F0,ON,14741979,1780834193660,14741984,1780834193664,14842157,1780834191788,27,2026-06-07T12:09:54.5651525Z,,oasis/bottle
,,,0,,,local.mqtt.telegraf,42,43.66,,,08a6f769c348,08a6f769c348-542,542,08:A6:F7:69:C3:48,ON,14744679,1780834196359,14744683,1780834196363,14927846,1780834195057,27,2026-06-07T12:09:57.2795039Z,,oasis/bottle
,,,0,,,local.mqtt.telegraf,42,40.28,,,08a6f76bd428,08a6f76bd428-543,543,08:A6:F7:6B:D4:28,ON,14744741,1780834196421,14744746,1780834196426,14892326,1780834195226,27,2026-06-07T12:09:57.3267397Z,,oasis/bottle
,,,0,,,local.mqtt.telegraf,42,34.24,,,08a6f75abdf0,08a6f75abdf0-543,543,08:A6:F7:5A:BD:F0,ON,14745339,1780834197019,14745343,1780834197023,14845507,1780834195138,27,2026-06-07T12:09:57.9325956Z,,oasis/bottle
,,,0,,,local.mqtt.telegraf,42,43.61,,,08a6f769c348,08a6f769c348-543,543,08:A6:F7:69:C3:48,ON,14747919,1780834199599,14747923,1780834199603,14931087,1780834198638,27,2026-06-07T12:10:00.5298717Z,,oasis/bottle
,,,0,,,local.mqtt.telegraf,42,40.11,,,08a6f76bd428,08a6f76bd428-544,544,08:A6:F7:6B:D4:28,ON,14748129,1780834199809,14748133,1780834199813,14895716,1780834198786,27,2026-06-07T12:10:00.7193303Z,,oasis/bottle
,,,0,,,local.mqtt.telegraf,42,34.25,,,08a6f75abdf0,08a6f75abdf0-544,544,08:A6:F7:5A:BD:F0,ON,14748661,1780834200341,14748666,1780834200346,14848830,1780834198721,27,2026-06-07T12:10:01.2327967Z,,oasis/bottle
,,,0,,,local.mqtt.telegraf,42,43.65,,,08a6f769c348,08a6f769c348-544,544,08:A6:F7:69:C3:48,ON,14751269,1780834202854,14751273,1780834202858,14934436,1780834201987,27,2026-06-07T12:10:03.8605128Z,,oasis/bottle
,,,0,,,local.mqtt.telegraf,42,40.08,,,08a6f76bd428,08a6f76bd428-545,545,08:A6:F7:6B:D4:28,ON,14751539,1780834203124,14751543,1780834203128,14899126,1780834202196,27,2026-06-07T12:10:04.1341671Z,,oasis/bottle
,,,0,,,local.mqtt.telegraf,42,34.21,,,08a6f75abdf0,08a6f75abdf0-545,545,08:A6:F7:5A:BD:F0,ON,14751930,1780834203515,14751934,1780834203519,14852106,1780834201997,27,2026-06-07T12:10:04.5351078Z,,oasis/bottle
,,,0,,,local.mqtt.telegraf,42,43.58,,,08a6f769c348,08a6f769c348-545,545,08:A6:F7:69:C3:48,ON,14754609,1780834206194,14754614,1780834206199,14937776,1780834205327,27,2026-06-07T12:10:07.2075788Z,,oasis/bottle
,,,0,,,local.mqtt.telegraf,42,40.09,,,08a6f76bd428,08a6f76bd428-546,546,08:A6:F7:6B:D4:28,ON,14754739,1780834206324,14754744,1780834206329,14902326,1780834205396,27,2026-06-07T12:10:07.3237521Z,,oasis/bottle
,,,0,,,local.mqtt.telegraf,42,34.37,,,08a6f75abdf0,08a6f75abdf0-546,546,08:A6:F7:5A:BD:F0,ON,14755119,1780834206704,14755123,1780834206708,14855286,1780834205177,27,2026-06-07T12:10:07.7118719Z,,oasis/bottle
,,,0,,,local.mqtt.telegraf,42,43.62,,,08a6f769c348,08a6f769c348-546,546,08:A6:F7:69:C3:48,ON,14757910,1780834209495,14757914,1780834209499,14941077,1780834208633,27,2026-06-07T12:10:10.5043052Z,,oasis/bottle
,,,0,,,local.mqtt.telegraf,42,40.16,,,08a6f76bd428,08a6f76bd428-547,547,08:A6:F7:6B:D4:28,ON,14758010,1780834209595,14758014,1780834209599,14905597,1780834208603,27,2026-06-07T12:10:10.5990547Z,,oasis/bottle
,,,0,,,local.mqtt.telegraf,42,34.37,,,08a6f75abdf0,08a6f75abdf0-547,547,08:A6:F7:5A:BD:F0,ON,14758340,1780834209925,14758345,1780834209930,14858516,1780834208562,27,2026-06-07T12:10:10.9159994Z,,oasis/bottle
,,,0,,,local.mqtt.telegraf,42,43.62,,,08a6f769c348,08a6f769c348-547,547,08:A6:F7:69:C3:48,ON,14761129,1780834212714,14761133,1780834212718,14944296,1780834211852,27,2026-06-07T12:10:13.7247492Z,,oasis/bottle
,,,0,,,local.mqtt.telegraf,42,40.2,,,08a6f76bd428,08a6f76bd428-548,548,08:A6:F7:6B:D4:28,ON,14761179,1780834212764,14761183,1780834212768,14908766,1780834211772,27,2026-06-07T12:10:13.7654263Z,,oasis/bottle
,,,0,,,local.mqtt.telegraf,42,34.37,,,08a6f75abdf0,08a6f75abdf0-548,548,08:A6:F7:5A:BD:F0,ON,14761669,1780834213254,14761673,1780834213258,14861836,1780834211882,27,2026-06-07T12:10:14.2588718Z,,oasis/bottle
,,,0,,,local.mqtt.telegraf,42,40.16,,,08a6f76bd428,08a6f76bd428-549,549,08:A6:F7:6B:D4:28,ON,14764379,1780834215964,14764383,1780834215968,14911966,1780834214972,27,2026-06-07T12:10:16.9686414Z,,oasis/bottle
,,,0,,,local.mqtt.telegraf,42,43.69,,,08a6f769c348,08a6f769c348-548,548,08:A6:F7:69:C3:48,ON,14764442,1780834216027,14764446,1780834216031,14947606,1780834215162,27,2026-06-07T12:10:17.0125303Z,,oasis/bottle
,,,0,,,local.mqtt.telegraf,42,34.37,,,08a6f75abdf0,08a6f75abdf0-549,549,08:A6:F7:5A:BD:F0,ON,14764939,1780834216524,14764943,1780834216528,14865107,1780834215153,27,2026-06-07T12:10:17.529438Z,,oasis/bottle
,,,0,,,local.mqtt.telegraf,42,43.62,,,08a6f769c348,08a6f769c348-549,549,08:A6:F7:69:C3:48,ON,14767680,1780834219265,14767685,1780834219270,14950847,1780834218594,27,2026-06-07T12:10:20.2458382Z,,oasis/bottle
,,,0,,,local.mqtt.telegraf,42,34.37,,,08a6f75abdf0,08a6f75abdf0-550,550,08:A6:F7:5A:BD:F0,ON,14768341,1780834219926,14768346,1780834219931,14868517,1780834218764,27,2026-06-07T12:10:20.9272266Z,,oasis/bottle
,,,0,,,local.mqtt.telegraf,42,43.56,,,08a6f769c348,08a6f769c348-550,550,08:A6:F7:69:C3:48,ON,14771029,1780834222614,14771033,1780834222618,14954196,1780834221943,27,2026-06-07T12:10:23.6242662Z,,oasis/bottle
,,,0,,,local.mqtt.telegraf,42,40.19,,,08a6f76bd428,08a6f76bd428-551,551,08:A6:F7:6B:D4:28,ON,14771058,1780834222643,14771062,1780834222647,14918646,1780834222033,27,2026-06-07T12:10:23.626086Z,,oasis/bottle
,,,0,,,local.mqtt.telegraf,42,34.37,,,08a6f75abdf0,08a6f75abdf0-551,551,08:A6:F7:5A:BD:F0,ON,14771549,1780834223134,14771553,1780834223138,14871716,1780834221963,27,2026-06-07T12:10:24.1343571Z,,oasis/bottle
,,,0,,,local.mqtt.telegraf,42,40.16,,,08a6f76bd428,08a6f76bd428-552,552,08:A6:F7:6B:D4:28,ON,14774259,1780834225844,14774263,1780834225848,14921846,1780834225233,27,2026-06-07T12:10:26.8544048Z,,oasis/bottle
,,,0,,,local.mqtt.telegraf,42,43.62,,,08a6f769c348,08a6f769c348-551,551,08:A6:F7:69:C3:48,ON,14774360,1780834225945,14774364,1780834225949,14957526,1780834225273,27,2026-06-07T12:10:26.9488539Z,,oasis/bottle
,,,0,,,local.mqtt.telegraf,42,34.37,,,08a6f75abdf0,08a6f75abdf0-552,552,08:A6:F7:5A:BD:F0,ON,14774819,1780834226404,14774823,1780834226408,14874987,1780834225234,27,2026-06-07T12:10:27.4107952Z,,oasis/bottle
,,,0,,,local.mqtt.telegraf,42,40.23,,,08a6f76bd428,08a6f76bd428-553,553,08:A6:F7:6B:D4:28,ON,14777529,1780834229114,14777533,1780834229118,14925117,1780834228644,27,2026-06-07T12:10:30.1273419Z,,oasis/bottle
,,,0,,,local.mqtt.telegraf,42,43.8,,,08a6f769c348,08a6f769c348-552,552,08:A6:F7:69:C3:48,ON,14777640,1780834229225,14777644,1780834229229,14960807,1780834228654,27,2026-06-07T12:10:30.2223363Z,,oasis/bottle
,,,0,,,local.mqtt.telegraf,42,34.88,,,08a6f75abdf0,08a6f75abdf0-553,553,08:A6:F7:5A:BD:F0,ON,14778210,1780834229795,14778214,1780834229799,14878387,1780834228774,27,2026-06-07T12:10:30.7946367Z,,oasis/bottle
,,,0,,,local.mqtt.telegraf,42,43.6,,,08a6f769c348,08a6f769c348-553,553,08:A6:F7:69:C3:48,ON,14780829,1780834232414,14780834,1780834232419,14963996,1780834231843,27,2026-06-07T12:10:33.4312034Z,,oasis/bottle
,,,0,,,local.mqtt.telegraf,42,40.25,,,08a6f76bd428,08a6f76bd428-554,554,08:A6:F7:6B:D4:28,ON,14780941,1780834232526,14780945,1780834232530,14928526,1780834232053,27,2026-06-07T12:10:33.5240412Z,,oasis/bottle
,,,0,,,local.mqtt.telegraf,42,34.37,,,08a6f75abdf0,08a6f75abdf0-554,554,08:A6:F7:5A:BD:F0,ON,14781409,1780834232994,14781413,1780834232998,14881576,1780834231963,27,2026-06-07T12:10:33.9968096Z,,oasis/bottle
,,,0,,,local.mqtt.telegraf,42,43.76,,,08a6f769c348,08a6f769c348-554,554,08:A6:F7:69:C3:48,ON,14784069,1780834235654,14784073,1780834235658,14967236,1780834235083,27,2026-06-07T12:10:36.6702429Z,,oasis/bottle
,,,0,,,local.mqtt.telegraf,42,40.17,,,08a6f76bd428,08a6f76bd428-555,555,08:A6:F7:6B:D4:28,ON,14784140,1780834235725,14784144,1780834235729,14931726,1780834235253,27,2026-06-07T12:10:36.7210925Z,,oasis/bottle
,,,0,,,local.mqtt.telegraf,42,34.37,,,08a6f75abdf0,08a6f75abdf0-555,555,08:A6:F7:5A:BD:F0,ON,14784659,1780834236244,14784663,1780834236248,14884826,1780834235213,27,2026-06-07T12:10:37.2335239Z,,oasis/bottle
,,,0,,,local.mqtt.telegraf,42,43.66,,,08a6f769c348,08a6f769c348-555,555,08:A6:F7:69:C3:48,ON,14787437,1780834239022,14787441,1780834239027,14970587,1780834238753,27,2026-06-07T12:10:40.0012269Z,,oasis/bottle
,,,0,,,local.mqtt.telegraf,42,34.37,,,08a6f75abdf0,08a6f75abdf0-556,556,08:A6:F7:5A:BD:F0,ON,14788019,1780834239605,14788024,1780834239609,14888197,1780834238773,27,2026-06-07T12:10:40.5988059Z,,oasis/bottle
,,,0,,,local.mqtt.telegraf,42,43.45,,,08a6f769c348,08a6f769c348-556,556,08:A6:F7:69:C3:48,ON,14790750,1780834242335,14790754,1780834242339,14973916,1780834242082,27,2026-06-07T12:10:43.3458154Z,,oasis/bottle
,,,0,,,local.mqtt.telegraf,42,40.16,,,08a6f76bd428,08a6f76bd428-557,557,08:A6:F7:6B:D4:28,ON,14790819,1780834242405,14790824,1780834242409,14938406,1780834242082,27,2026-06-07T12:10:43.3885554Z,,oasis/bottle
,,,0,,,local.mqtt.telegraf,42,34.21,,,08a6f75abdf0,08a6f75abdf0-557,557,08:A6:F7:5A:BD:F0,ON,14791380,1780834242965,14791385,1780834242970,14891556,1780834242132,27,2026-06-07T12:10:43.9643708Z,,oasis/bottle
,,,0,,,local.mqtt.telegraf,42,43.66,,,08a6f769c348,08a6f769c348-557,557,08:A6:F7:69:C3:48,ON,14794048,1780834245633,14794052,1780834245637,14977206,1780834245372,27,2026-06-07T12:10:46.6182852Z,,oasis/bottle
,,,0,,,local.mqtt.telegraf,42,34.37,,,08a6f75abdf0,08a6f75abdf0-558,558,08:A6:F7:5A:BD:F0,ON,14794739,1780834246324,14794743,1780834246328,14894906,1780834245482,27,2026-06-07T12:10:47.4034096Z,,oasis/bottle
,,,0,,,local.mqtt.telegraf,42,43.66,,,08a6f769c348,08a6f769c348-558,558,08:A6:F7:69:C3:48,ON,14797239,1780834248824,14797243,1780834248828,14980407,1780834248632,27,2026-06-07T12:10:49.8314346Z,,oasis/bottle
,,,0,,,local.mqtt.telegraf,42,40.4,,,08a6f76bd428,08a6f76bd428-559,559,08:A6:F7:6B:D4:28,ON,14797288,1780834248874,14797293,1780834248878,14944877,1780834248702,27,2026-06-07T12:10:49.9724734Z,,oasis/bottle
,,,0,,,local.mqtt.telegraf,42,34.37,,,08a6f75abdf0,08a6f75abdf0-559,559,08:A6:F7:5A:BD:F0,ON,14798059,1780834249644,14798063,1780834249648,14898227,1780834248752,27,2026-06-07T12:10:50.6435886Z,,oasis/bottle
,,,0,,,local.mqtt.telegraf,42,43.62,,,08a6f769c348,08a6f769c348-559,559,08:A6:F7:69:C3:48,ON,14800510,1780834252095,14800514,1780834252099,14983676,1780834251901,27,2026-06-07T12:10:53.1025935Z,,oasis/bottle
,,,0,,,local.mqtt.telegraf,42,40.36,,,08a6f76bd428,08a6f76bd428-560,560,08:A6:F7:6B:D4:28,ON,14800689,1780834252274,14800693,1780834252278,14948276,1780834252101,27,2026-06-07T12:10:53.2762675Z,,oasis/bottle
,,,0,,,local.mqtt.telegraf,42,34.37,,,08a6f75abdf0,08a6f75abdf0-560,560,08:A6:F7:5A:BD:F0,ON,14801330,1780834252915,14801335,1780834252920,14901497,1780834252022,27,2026-06-07T12:10:53.9184746Z,,oasis/bottle
,,,0,,,local.mqtt.telegraf,42,43.69,,,08a6f769c348,08a6f769c348-560,560,08:A6:F7:69:C3:48,ON,14803916,1780834255501,14803921,1780834255506,14987076,1780834255301,27,2026-06-07T12:10:56.4672712Z,,oasis/bottle
,,,0,,,local.mqtt.telegraf,42,34.37,,,08a6f75abdf0,08a6f75abdf0-561,561,08:A6:F7:5A:BD:F0,ON,14804729,1780834256314,14804733,1780834256318,14904896,1780834255421,27,2026-06-07T12:10:57.3169588Z,,oasis/bottle
,,,0,,,local.mqtt.telegraf,42,40.28,,,08a6f76bd428,08a6f76bd428-562,562,08:A6:F7:6B:D4:28,ON,14807128,1780834258713,14807145,1780834258730,14954717,1780834258643,27,2026-06-07T12:10:59.7057385Z,,oasis/bottle
,,,0,,,local.mqtt.telegraf,42,34.37,,,08a6f75abdf0,08a6f75abdf0-562,562,08:A6:F7:5A:BD:F0,ON,14807909,1780834259495,14807914,1780834259499,14908087,1780834258664,27,2026-06-07T12:11:00.4941356Z,,oasis/bottle
,,,0,,,local.mqtt.telegraf,42,43.7,,,08a6f769c348,08a6f769c348-562,562,08:A6:F7:69:C3:48,ON,14810349,1780834261934,14810353,1780834261938,14993517,1780834261864,27,2026-06-07T12:11:02.9357657Z,,oasis/bottle
,,,0,,,local.mqtt.telegraf,42,40.49,,,08a6f76bd428,08a6f76bd428-563,563,08:A6:F7:6B:D4:28,ON,14810499,1780834262084,14810503,1780834262088,14958086,1780834262012,27,2026-06-07T12:11:03.0786297Z,,oasis/bottle
,,,0,,,local.mqtt.telegraf,42,34.36,,,08a6f75abdf0,08a6f75abdf0-563,563,08:A6:F7:5A:BD:F0,ON,14811159,1780834262745,14811164,1780834262749,14911336,1780834261913,27,2026-06-07T12:11:03.7566821Z,,oasis/bottle
,,,0,,,local.mqtt.telegraf,42,43.62,,,08a6f769c348,08a6f769c348-563,563,08:A6:F7:69:C3:48,ON,14813749,1780834265334,14813753,1780834265338,14996917,1780834265264,27,2026-06-07T12:11:06.3561377Z,,oasis/bottle
,,,0,,,local.mqtt.telegraf,42,40.31,,,08a6f76bd428,08a6f76bd428-564,564,08:A6:F7:6B:D4:28,ON,14813859,1780834265444,14813864,1780834265450,14961446,1780834265372,27,2026-06-07T12:11:06.4464532Z,,oasis/bottle
,,,0,,,local.mqtt.telegraf,42,34.37,,,08a6f75abdf0,08a6f75abdf0-564,564,08:A6:F7:5A:BD:F0,ON,14814529,1780834266114,14814533,1780834266118,14914696,1780834265273,27,2026-06-07T12:11:07.1143981Z,,oasis/bottle
,,,0,,,local.mqtt.telegraf,42,43.68,,,08a6f769c348,08a6f769c348-564,564,08:A6:F7:69:C3:48,ON,14817139,1780834268724,14817143,1780834268728,15000306,1780834268662,27,2026-06-07T12:11:09.743097Z,,oasis/bottle
,,,0,,,local.mqtt.telegraf,42,40.48,,,08a6f76bd428,08a6f76bd428-565,565,08:A6:F7:6B:D4:28,ON,14817212,1780834268797,14817217,1780834268802,14964796,1780834268731,27,2026-06-07T12:11:09.7751096Z,,oasis/bottle
,,,0,,,local.mqtt.telegraf,42,34.37,,,08a6f75abdf0,08a6f75abdf0-565,565,08:A6:F7:5A:BD:F0,ON,14817879,1780834269464,14817883,1780834269468,14918047,1780834268853,27,2026-06-07T12:11:10.4752215Z,,oasis/bottle
,,,0,,,local.mqtt.telegraf,42,40.41,,,08a6f76bd428,08a6f76bd428-566,566,08:A6:F7:6B:D4:28,ON,14820539,1780834272124,14820543,1780834272128,14968126,1780834272061,27,2026-06-07T12:11:13.134498Z,,oasis/bottle
,,,0,,,local.mqtt.telegraf,42,43.56,,,08a6f769c348,08a6f769c348-565,565,08:A6:F7:69:C3:48,ON,14820566,1780834272151,14820571,1780834272156,15003707,1780834272063,27,2026-06-07T12:11:13.1370065Z,,oasis/bottle
,,,0,,,local.mqtt.telegraf,42,34.37,,,08a6f75abdf0,08a6f75abdf0-566,566,08:A6:F7:5A:BD:F0,ON,14821199,1780834272785,14821204,1780834272789,14921376,1780834272182,27,2026-06-07T12:11:13.7968892Z,,oasis/bottle
,,,0,,,local.mqtt.telegraf,42,43.58,,,08a6f769c348,08a6f769c348-566,566,08:A6:F7:69:C3:48,ON,14823729,1780834275314,14823733,1780834275318,15006896,1780834275252,27,2026-06-07T12:11:16.3245078Z,,oasis/bottle
,,,0,,,local.mqtt.telegraf,42,40.47,,,08a6f76bd428,08a6f76bd428-567,567,08:A6:F7:6B:D4:28,ON,14823809,1780834275394,14823814,1780834275399,14971399,1780834275334,27,2026-06-07T12:11:16.3661766Z,,oasis/bottle
,,,0,,,local.mqtt.telegraf,42,34.37,,,08a6f75abdf0,08a6f75abdf0-567,567,08:A6:F7:5A:BD:F0,ON,14824489,1780834276074,14824493,1780834276078,14924656,1780834275462,27,2026-06-07T12:11:17.0726713Z,,oasis/bottle
,,,0,,,local.mqtt.telegraf,42,40.48,,,08a6f76bd428,08a6f76bd428-568,568,08:A6:F7:6B:D4:28,ON,14827005,1780834278590,14827010,1780834278595,14974577,1780834278513,27,2026-06-07T12:11:19.5836567Z,,oasis/bottle
,,,0,,,local.mqtt.telegraf,42,34.37,,,08a6f75abdf0,08a6f75abdf0-568,568,08:A6:F7:5A:BD:F0,ON,14827670,1780834279255,14827674,1780834279259,14927847,1780834278714,27,2026-06-07T12:11:20.253886Z,,oasis/bottle
,,,0,,,local.mqtt.telegraf,42,40.58,,,08a6f76bd428,08a6f76bd428-569,569,08:A6:F7:6B:D4:28,ON,14830209,1780834281794,14830213,1780834281798,14977796,1780834281732,27,2026-06-07T12:11:22.8043549Z,,oasis/bottle
,,,0,,,local.mqtt.telegraf,42,43.56,,,08a6f769c348,08a6f769c348-568,568,08:A6:F7:69:C3:48,ON,14830339,1780834281924,14830344,1780834281929,15013506,1780834281863,27,2026-06-07T12:11:22.925623Z,,oasis/bottle
,,,0,,,local.mqtt.telegraf,42,34.37,,,08a6f75abdf0,08a6f75abdf0-569,569,08:A6:F7:5A:BD:F0,ON,14830919,1780834282504,14830923,1780834282508,14931087,1780834281954,27,2026-06-07T12:11:23.5039897Z,,oasis/bottle
,,,0,,,local.mqtt.telegraf,42,40.44,,,08a6f76bd428,08a6f76bd428-570,570,08:A6:F7:6B:D4:28,ON,14833519,1780834285104,14833523,1780834285108,14981106,1780834285042,27,2026-06-07T12:11:26.1091683Z,,oasis/bottle
,,,0,,,local.mqtt.telegraf,42,43.74,,,08a6f769c348,08a6f769c348-569,569,08:A6:F7:69:C3:48,ON,14833689,1780834285274,14833694,1780834285279,15016856,1780834285213,27,2026-06-07T12:11:26.2799931Z,,oasis/bottle
,,,0,,,local.mqtt.telegraf,42,34.67,,,08a6f75abdf0,08a6f75abdf0-570,570,08:A6:F7:5A:BD:F0,ON,14834279,1780834285864,14834283,1780834285868,14934446,1780834285313,27,2026-06-07T12:11:26.8738449Z,,oasis/bottle
,,,0,,,local.mqtt.telegraf,42,40.55,,,08a6f76bd428,08a6f76bd428-571,571,08:A6:F7:6B:D4:28,ON,14836769,1780834288354,14836773,1780834288358,14984356,1780834288292,27,2026-06-07T12:11:29.3729572Z,,oasis/bottle
,,,0,,,local.mqtt.telegraf,42,43.69,,,08a6f769c348,08a6f769c348-570,570,08:A6:F7:69:C3:48,ON,14837019,1780834288604,14837023,1780834288608,15020177,1780834288534,27,2026-06-07T12:11:29.6093788Z,,oasis/bottle
,,,0,,,local.mqtt.telegraf,42,34.37,,,08a6f75abdf0,08a6f75abdf0-571,571,08:A6:F7:5A:BD:F0,ON,14837610,1780834289195,14837614,1780834289199,14937786,1780834288883,27,2026-06-07T12:11:30.200262Z,,oasis/bottle
,,,0,,,local.mqtt.telegraf,42,40.62,,,08a6f76bd428,08a6f76bd428-572,572,08:A6:F7:6B:D4:28,ON,14840129,1780834291714,14840134,1780834291719,14987716,1780834291652,27,2026-06-07T12:11:32.7204599Z,,oasis/bottle
,,,0,,,local.mqtt.telegraf,42,43.64,,,08a6f769c348,08a6f769c348-571,571,08:A6:F7:69:C3:48,ON,14840289,1780834291874,14840293,1780834291878,15023450,1780834291807,27,2026-06-07T12:11:32.8805146Z,,oasis/bottle
,,,0,,,local.mqtt.telegraf,42,34.75,,,08a6f75abdf0,08a6f75abdf0-572,572,08:A6:F7:5A:BD:F0,ON,14840909,1780834292495,14840914,1780834292499,14941086,1780834292183,27,2026-06-07T12:11:33.496849Z,,oasis/bottle
,,,0,,,local.mqtt.telegraf,42,40.62,,,08a6f76bd428,08a6f76bd428-573,573,08:A6:F7:6B:D4:28,ON,14843478,1780834295063,14843482,1780834295067,14991066,1780834295002,27,2026-06-07T12:11:36.0403418Z,,oasis/bottle
,,,0,,,local.mqtt.telegraf,42,34.76,,,08a6f75abdf0,08a6f75abdf0-573,573,08:A6:F7:5A:BD:F0,ON,14844149,1780834295734,14844153,1780834295738,14944316,1780834295413,27,2026-06-07T12:11:36.7359566Z,,oasis/bottle
,,,0,,,local.mqtt.telegraf,42,43.62,,,08a6f769c348,08a6f769c348-573,573,08:A6:F7:69:C3:48,ON,14846659,1780834298244,14846664,1780834298249,15029827,1780834298184,27,2026-06-07T12:11:39.2396148Z,,oasis/bottle
,,,0,,,local.mqtt.telegraf,42,40.66,,,08a6f76bd428,08a6f76bd428-574,574,08:A6:F7:6B:D4:28,ON,14846799,1780834298384,14846803,1780834298388,14994386,1780834298322,27,2026-06-07T12:11:39.3923229Z,,oasis/bottle
,,,0,,,local.mqtt.telegraf,42,34.37,,,08a6f75abdf0,08a6f75abdf0-574,574,08:A6:F7:5A:BD:F0,ON,14847469,1780834299055,14847474,1780834299059,14947647,1780834298893,27,2026-06-07T12:11:40.0555515Z,,oasis/bottle
,,,0,,,local.mqtt.telegraf,42,43.64,,,08a6f769c348,08a6f769c348-574,574,08:A6:F7:69:C3:48,ON,14849949,1780834301534,14849954,1780834301539,15033116,1780834301473,27,2026-06-07T12:11:42.5469217Z,,oasis/bottle
,,,0,,,local.mqtt.telegraf,42,40.6,,,08a6f76bd428,08a6f76bd428-575,575,08:A6:F7:6B:D4:28,ON,14850069,1780834301654,14850073,1780834301658,14997657,1780834301593,27,2026-06-07T12:11:42.657317Z,,oasis/bottle
,,,0,,,local.mqtt.telegraf,42,34.77,,,08a6f75abdf0,08a6f75abdf0-575,575,08:A6:F7:5A:BD:F0,ON,14850766,1780834302351,14850771,1780834302356,14950926,1780834302172,27,2026-06-07T12:11:43.352071Z,,oasis/bottle
,,,0,,,local.mqtt.telegraf,42,43.37,,,08a6f769c348,08a6f769c348-575,575,08:A6:F7:69:C3:48,ON,14853150,1780834304735,14853154,1780834304739,15036316,1780834304673,27,2026-06-07T12:11:45.7440199Z,,oasis/bottle
,,,0,,,local.mqtt.telegraf,42,39.54,,,08a6f76bd428,08a6f76bd428-576,576,08:A6:F7:6B:D4:28,ON,14853479,1780834305064,14853483,1780834305068,15001066,1780834305002,27,2026-06-07T12:11:46.0727726Z,,oasis/bottle
,,,0,,,local.mqtt.telegraf,42,22.13,,,08a6f75abdf0,08a6f75abdf0-576,576,08:A6:F7:5A:BD:F0,ON,14853939,1780834305524,14853944,1780834305529,14954116,1780834305362,27,2026-06-07T12:11:46.5250664Z,,oasis/bottle
,,,0,,,local.mqtt.telegraf,42,43.13,,,08a6f769c348,08a6f769c348-576,576,08:A6:F7:69:C3:48,ON,14856439,1780834308024,14856443,1780834308028,15039597,1780834307954,27,2026-06-07T12:11:49.0344394Z,,oasis/bottle
,,,0,,,local.mqtt.telegraf,42,39.34,,,08a6f76bd428,08a6f76bd428-577,577,08:A6:F7:6B:D4:28,ON,14856679,1780834308264,14856683,1780834308268,15004267,1780834308203,27,2026-06-07T12:11:49.2769935Z,,oasis/bottle
,,,0,,,local.mqtt.telegraf,42,31.17,,,08a6f75abdf0,08a6f75abdf0-577,577,08:A6:F7:5A:BD:F0,ON,14857199,1780834308784,14857203,1780834308788,14957367,1780834308704,27,2026-06-07T12:11:49.802336Z,,oasis/bottle
