#group,false,false,false,false,false,false,false,false,false,false,false,false,false,false,false,false,false,false,false,false,false,false,false,false,false
#datatype,string,double,double,double,string,string,double,double,string,double,string,string,double,string,string,double,double,double,double,double,double,double,dateTime:RFC3339,string,string
#default,,,,,,,,,,,,,,,,,,,,,,,,,
,ID,amplitude,bottle_no,bottle_np,device_id,host,humidity,light [%],mode,msg,node_id,packet_id,seq,sink_mac,status,t_gw_rx_ms,t_gw_rx_unix_ms,t_gw_tx_ms,t_gw_tx_unix_ms,t_node_ms,t_node_unix_ms,temp,time,timestamp,topic
,,,0,,,local.mqtt.telegraf,50,34.34,,,08a6f75abdf0,08a6f75abdf0-1,1,08:A6:F7:5A:BD:F0,ON,59289,1780911245717,59293,1780911245721,98517,1780911245646,25,2026-06-08T09:34:06.1097643Z,,oasis/bottle
,,,0,,,local.mqtt.telegraf,52,49.27,,,08a6f7bb3c68,08a6f7bb3c68-1,1,08:A6:F7:BB:3C:68,ON,59924,1780911246352,59934,1780911246362,167807,1780911246287,25,2026-06-08T09:34:06.7097824Z,,oasis/bottle
,,,0,,,local.mqtt.telegraf,47,34.34,,,08a6f75abdf0,08a6f75abdf0-2,2,08:A6:F7:5A:BD:F0,ON,62659,1780911249087,62663,1780911249091,101887,1780911249016,25,2026-06-08T09:34:09.438239Z,,oasis/bottle
,,,0,,,local.mqtt.telegraf,45,49.02,,,08a6f7bb3c68,08a6f7bb3c68-2,2,08:A6:F7:BB:3C:68,ON,63169,1780911249597,63173,1780911249601,171056,1780911249536,26,2026-06-08T09:34:09.9388642Z,,oasis/bottle
,,,0,,,local.mqtt.telegraf,47,34.37,,,08a6f75abdf0,08a6f75abdf0-3,3,08:A6:F7:5A:BD:F0,ON,66019,1780911252447,66023,1780911252451,105247,1780911252376,25,2026-06-08T09:34:12.8042662Z,,oasis/bottle
,,,0,,,local.mqtt.telegraf,45,49.37,,,08a6f7bb3c68,08a6f7bb3c68-3,3,08:A6:F7:BB:3C:68,ON,66539,1780911252967,66545,1780911252973,174427,1780911252907,25,2026-06-08T09:34:13.3222819Z,,oasis/bottle
,,,0,,,local.mqtt.telegraf,47,34.21,,,08a6f75abdf0,08a6f75abdf0-4,4,08:A6:F7:5A:BD:F0,ON,69379,1780911255807,69383,1780911255811,108607,1780911255747,25,2026-06-08T09:34:16.1640359Z,,oasis/bottle
,,,0,,,local.mqtt.telegraf,45,49.18,,,08a6f7bb3c68,08a6f7bb3c68-4,4,08:A6:F7:BB:3C:68,ON,69899,1780911256327,69904,1780911256332,177787,1780911256227,25,2026-06-08T09:34:16.6780479Z,,oasis/bottle
,,,0,,,local.mqtt.telegraf,49,45.34,,,08a6f769c348,08a6f769c348-1,1,08:A6:F7:69:C3:48,ON,70010,1780911256438,70014,1780911256442,138487,1780911256347,24,2026-06-08T09:34:16.7818246Z,,oasis/bottle
,,,0,,,local.mqtt.telegraf,46,43.74,,,08a6f76bd428,08a6f76bd428-1,1,08:A6:F7:6B:D4:28,ON,70072,1780911256500,70076,1780911256504,211077,1780911256416,25,2026-06-08T09:34:16.8119562Z,,oasis/bottle
,,,0,,,local.mqtt.telegraf,47,34.32,,,08a6f75abdf0,08a6f75abdf0-5,5,08:A6:F7:5A:BD:F0,ON,72718,1780911259147,72723,1780911259151,111947,1780911259087,25,2026-06-08T09:34:19.5003931Z,,oasis/bottle
,,,0,,,local.mqtt.telegraf,45,49.31,,,08a6f7bb3c68,08a6f7bb3c68-5,5,08:A6:F7:BB:3C:68,ON,73249,1780911259677,73253,1780911259681,181137,1780911259577,25,2026-06-08T09:34:20.0220202Z,,oasis/bottle
,,,0,,,local.mqtt.telegraf,47,45.17,,,08a6f769c348,08a6f769c348-2,2,08:A6:F7:69:C3:48,ON,73340,1780911259768,73344,1780911259772,141817,1780911259677,25,2026-06-08T09:34:20.1134077Z,,oasis/bottle
,,,0,,,local.mqtt.telegraf,46,43.49,,,08a6f76bd428,08a6f76bd428-2,2,08:A6:F7:6B:D4:28,ON,73449,1780911259877,73453,1780911259881,214456,1780911259795,25,2026-06-08T09:34:20.2298189Z,,oasis/bottle
,,,0,,,local.mqtt.telegraf,47,34.24,,,08a6f75abdf0,08a6f75abdf0-6,6,08:A6:F7:5A:BD:F0,ON,76019,1780911262447,76023,1780911262451,115247,1780911262387,25,2026-06-08T09:34:22.8022109Z,,oasis/bottle
,,,0,,,local.mqtt.telegraf,45,48.88,,,08a6f7bb3c68,08a6f7bb3c68-6,6,08:A6:F7:BB:3C:68,ON,76569,1780911262997,76573,1780911263001,184456,1780911262896,25,2026-06-08T09:34:23.3382734Z,,oasis/bottle
,,,0,,,local.mqtt.telegraf,47,45.17,,,08a6f769c348,08a6f769c348-3,3,08:A6:F7:69:C3:48,ON,76630,1780911263058,76635,1780911263063,145107,1780911262967,25,2026-06-08T09:34:23.3721706Z,,oasis/bottle
,,,0,,,local.mqtt.telegraf,46,43.41,,,08a6f76bd428,08a6f76bd428-3,3,08:A6:F7:6B:D4:28,ON,76838,1780911263267,76843,1780911263271,217846,1780911263185,25,2026-06-08T09:34:23.6121201Z,,oasis/bottle
,,,0,,,local.mqtt.telegraf,47,34.3,,,08a6f75abdf0,08a6f75abdf0-7,7,08:A6:F7:5A:BD:F0,ON,79239,1780911265667,79243,1780911265671,118470,1780911265586,25,2026-06-08T09:34:26.0218492Z,,oasis/bottle
,,,0,,,local.mqtt.telegraf,47,45.37,,,08a6f769c348,08a6f769c348-4,4,08:A6:F7:69:C3:48,ON,79838,1780911266266,79843,1780911266271,148307,1780911266183,25,2026-06-08T09:34:26.577756Z,,oasis/bottle
,,,0,,,local.mqtt.telegraf,45,48.98,,,08a6f7bb3c68,08a6f7bb3c68-7,7,08:A6:F7:BB:3C:68,ON,79865,1780911266293,79870,1780911266298,187730,1780911266170,25,2026-06-08T09:34:26.6242522Z,,oasis/bottle
,,,0,,,local.mqtt.telegraf,46,43.5,,,08a6f76bd428,08a6f76bd428-4,4,08:A6:F7:6B:D4:28,ON,80239,1780911266667,80244,1780911266672,221246,1780911266432,25,2026-06-08T09:34:27.0121698Z,,oasis/bottle
,,,0,,,local.mqtt.telegraf,47,34.37,,,08a6f75abdf0,08a6f75abdf0-8,8,08:A6:F7:5A:BD:F0,ON,82559,1780911268987,82563,1780911268991,121786,1780911268902,25,2026-06-08T09:34:29.3387295Z,,oasis/bottle
,,,0,,,local.mqtt.telegraf,45,49.01,,,08a6f7bb3c68,08a6f7bb3c68-8,8,08:A6:F7:BB:3C:68,ON,83009,1780911269437,83014,1780911269442,190897,1780911269337,25,2026-06-08T09:34:29.7843333Z,,oasis/bottle
,,,0,,,local.mqtt.telegraf,47,45.55,,,08a6f769c348,08a6f769c348-5,5,08:A6:F7:69:C3:48,ON,83099,1780911269528,83106,1780911269534,151577,1780911269453,25,2026-06-08T09:34:29.8762203Z,,oasis/bottle
,,,0,,,local.mqtt.telegraf,46,46.81,,,2cbcbb0d97a0,2cbcbb0d97a0-2,2,2C:BC:BB:0D:97:A0,ON,83179,1780911269607,83183,1780911269611,169626,1780911269532,25,2026-06-08T09:34:29.9171189Z,,oasis/bottle
,,,0,,,local.mqtt.telegraf,46,43.64,,,08a6f76bd428,08a6f76bd428-5,5,08:A6:F7:6B:D4:28,ON,83429,1780911269857,83433,1780911269861,224436,1780911269622,25,2026-06-08T09:34:30.1923416Z,,oasis/bottle
,,,0,,,local.mqtt.telegraf,47,34.37,,,08a6f75abdf0,08a6f75abdf0-9,9,08:A6:F7:5A:BD:F0,ON,85819,1780911272247,85823,1780911272251,125047,1780911272163,25,2026-06-08T09:34:32.5917784Z,,oasis/bottle
,,,0,,,local.mqtt.telegraf,45,48.93,,,08a6f7bb3c68,08a6f7bb3c68-9,9,08:A6:F7:BB:3C:68,ON,86209,1780911272637,86213,1780911272641,194097,1780911272537,25,2026-06-08T09:34:32.9777049Z,,oasis/bottle
,,,0,,,local.mqtt.telegraf,46,46.7,,,2cbcbb0d97a0,2cbcbb0d97a0-3,3,2C:BC:BB:0D:97:A0,ON,86591,1780911273019,86596,1780911273024,173007,1780911272913,25,2026-06-08T09:34:33.3358363Z,,oasis/bottle
,,,0,,,local.mqtt.telegraf,46,43.65,,,08a6f76bd428,08a6f76bd428-6,6,08:A6:F7:6B:D4:28,ON,86669,1780911273097,86673,1780911273101,227676,1780911272862,25,2026-06-08T09:34:33.4399409Z,,oasis/bottle
,,,0,,,local.mqtt.telegraf,46,34.34,,,08a6f75abdf0,08a6f75abdf0-10,10,08:A6:F7:5A:BD:F0,ON,89209,1780911275637,89213,1780911275641,128437,1780911275554,25,2026-06-08T09:34:35.9887687Z,,oasis/bottle
,,,0,,,local.mqtt.telegraf,45,48.92,,,08a6f7bb3c68,08a6f7bb3c68-10,10,08:A6:F7:BB:3C:68,ON,89479,1780911275907,89483,1780911275911,197367,1780911275844,25,2026-06-08T09:34:36.2539588Z,,oasis/bottle
,,,0,,,local.mqtt.telegraf,47,45.16,,,08a6f769c348,08a6f769c348-7,7,08:A6:F7:69:C3:48,ON,89719,1780911276147,89723,1780911276151,158189,1780911276056,25,2026-06-08T09:34:36.4862706Z,,oasis/bottle
,,,0,,,local.mqtt.telegraf,46,46.65,,,2cbcbb0d97a0,2cbcbb0d97a0-4,4,2C:BC:BB:0D:97:A0,ON,89949,1780911276377,89953,1780911276381,176397,1780911276304,25,2026-06-08T09:34:36.7273965Z,,oasis/bottle
,,,0,,,local.mqtt.telegraf,46,43.77,,,08a6f76bd428,08a6f76bd428-7,7,08:A6:F7:6B:D4:28,ON,90019,1780911276447,90024,1780911276452,231026,1780911276382,25,2026-06-08T09:34:36.7664875Z,,oasis/bottle
,,,0,,,local.mqtt.telegraf,46,34.37,,,08a6f75abdf0,08a6f75abdf0-11,11,08:A6:F7:5A:BD:F0,ON,92379,1780911278807,92383,1780911278811,131607,1780911278724,26,2026-06-08T09:34:39.1622749Z,,oasis/bottle
,,,0,,,local.mqtt.telegraf,45,48.93,,,08a6f7bb3c68,08a6f7bb3c68-11,11,08:A6:F7:BB:3C:68,ON,92889,1780911279317,92893,1780911279321,200777,1780911279254,25,2026-06-08T09:34:39.6644929Z,,oasis/bottle
,,,0,,,local.mqtt.telegraf,47,45.34,,,08a6f769c348,08a6f769c348-8,8,08:A6:F7:69:C3:48,ON,92990,1780911279418,92994,1780911279422,161457,1780911279324,25,2026-06-08T09:34:39.7637205Z,,oasis/bottle
,,,0,,,local.mqtt.telegraf,46,43.58,,,08a6f76bd428,08a6f76bd428-8,8,08:A6:F7:6B:D4:28,ON,93383,1780911279811,93388,1780911279816,234356,1780911279712,25,2026-06-08T09:34:40.1263401Z,,oasis/bottle
,,,0,,,local.mqtt.telegraf,46,34.37,,,08a6f75abdf0,08a6f75abdf0-12,12,08:A6:F7:5A:BD:F0,ON,95579,1780911282007,95583,1780911282011,134806,1780911281923,26,2026-06-08T09:34:42.352203Z,,oasis/bottle
,,,0,,,local.mqtt.telegraf,45,49.09,,,08a6f7bb3c68,08a6f7bb3c68-12,12,08:A6:F7:BB:3C:68,ON,96089,1780911282517,96093,1780911282521,203976,1780911282453,25,2026-06-08T09:34:42.8600508Z,,oasis/bottle
,,,0,,,local.mqtt.telegraf,47,45.2,,,08a6f769c348,08a6f769c348-9,9,08:A6:F7:69:C3:48,ON,96159,1780911282587,96163,1780911282591,164630,1780911282497,25,2026-06-08T09:34:42.8956917Z,,oasis/bottle
,,,0,,,local.mqtt.telegraf,46,46.43,,,2cbcbb0d97a0,2cbcbb0d97a0-6,6,2C:BC:BB:0D:97:A0,ON,96539,1780911282967,96545,1780911282973,182986,1780911282893,25,2026-06-08T09:34:43.3167357Z,,oasis/bottle
,,,0,,,local.mqtt.telegraf,46,43.64,,,08a6f76bd428,08a6f76bd428-9,9,08:A6:F7:6B:D4:28,ON,96629,1780911283057,96633,1780911283061,237636,1780911282992,25,2026-06-08T09:34:43.4020343Z,,oasis/bottle
,,,0,,,local.mqtt.telegraf,46,34.68,,,08a6f75abdf0,08a6f75abdf0-13,13,08:A6:F7:5A:BD:F0,ON,98849,1780911285277,98853,1780911285281,138077,1780911285194,26,2026-06-08T09:34:45.6245761Z,,oasis/bottle
,,,0,,,local.mqtt.telegraf,47,45.56,,,08a6f769c348,08a6f769c348-10,10,08:A6:F7:69:C3:48,ON,99385,1780911285813,99389,1780911285817,167837,1780911285717,25,2026-06-08T09:34:46.1359208Z,,oasis/bottle
,,,0,,,local.mqtt.telegraf,46,43.84,,,08a6f76bd428,08a6f76bd428-10,10,08:A6:F7:6B:D4:28,ON,99817,1780911286246,99822,1780911286250,240826,1780911286175,25,2026-06-08T09:34:46.5618767Z,,oasis/bottle
,,,0,,,local.mqtt.telegraf,46,34.91,,,08a6f75abdf0,08a6f75abdf0-14,14,08:A6:F7:5A:BD:F0,ON,102259,1780911288687,102264,1780911288692,141486,1780911286516,26,2026-06-08T09:34:49.0369854Z,,oasis/bottle
,,,0,,,local.mqtt.telegraf,47,45.79,,,08a6f769c348,08a6f769c348-11,11,08:A6:F7:69:C3:48,ON,102639,1780911289068,102644,1780911289072,171116,1780911288996,25,2026-06-08T09:34:49.4176009Z,,oasis/bottle
,,,0,,,local.mqtt.telegraf,45,49.61,,,08a6f7bb3c68,08a6f7bb3c68-14,14,08:A6:F7:BB:3C:68,ON,102769,1780911289197,102774,1780911289202,210656,1780911289126,25,2026-06-08T09:34:49.5432601Z,,oasis/bottle
,,,0,,,local.mqtt.telegraf,46,44.01,,,08a6f76bd428,08a6f76bd428-11,11,08:A6:F7:6B:D4:28,ON,103069,1780911289497,103073,1780911289501,244076,1780911289425,25,2026-06-08T09:34:49.8316039Z,,oasis/bottle
,,,0,,,local.mqtt.telegraf,46,47.09,,,2cbcbb0d97a0,2cbcbb0d97a0-8,8,2C:BC:BB:0D:97:A0,ON,103149,1780911289577,103153,1780911289581,189596,1780911289496,25,2026-06-08T09:34:49.9260147Z,,oasis/bottle
,,,0,,,local.mqtt.telegraf,46,35.11,,,08a6f75abdf0,08a6f75abdf0-15,15,08:A6:F7:5A:BD:F0,ON,105459,1780911291887,105463,1780911291891,144687,1780911289717,26,2026-06-08T09:34:52.23623Z,,oasis/bottle
,,,0,,,local.mqtt.telegraf,47,45.72,,,08a6f769c348,08a6f769c348-12,12,08:A6:F7:69:C3:48,ON,105839,1780911292267,105844,1780911292272,174306,1780911292186,25,2026-06-08T09:34:52.6201244Z,,oasis/bottle
,,,0,,,local.mqtt.telegraf,45,49.36,,,08a6f7bb3c68,08a6f7bb3c68-15,15,08:A6:F7:BB:3C:68,ON,105969,1780911292397,105974,1780911292402,213856,1780911292326,25,2026-06-08T09:34:52.7318591Z,,oasis/bottle
,,,0,,,local.mqtt.telegraf,46,44.35,,,08a6f76bd428,08a6f76bd428-12,12,08:A6:F7:6B:D4:28,ON,106439,1780911292867,106443,1780911292871,247446,1780911292795,25,2026-06-08T09:34:53.2117346Z,,oasis/bottle
,,,0,,,local.mqtt.telegraf,46,46.9,,,2cbcbb0d97a0,2cbcbb0d97a0-9,9,2C:BC:BB:0D:97:A0,ON,106500,1780911292928,106504,1780911292933,192947,1780911292847,25,2026-06-08T09:34:53.2515555Z,,oasis/bottle
,,,0,,,local.mqtt.telegraf,46,35.75,,,08a6f75abdf0,08a6f75abdf0-16,16,08:A6:F7:5A:BD:F0,ON,108749,1780911295177,108753,1780911295181,147980,1780911293010,26,2026-06-08T09:34:55.5407035Z,,oasis/bottle
,,,0,,,local.mqtt.telegraf,47,46.23,,,08a6f769c348,08a6f769c348-13,13,08:A6:F7:69:C3:48,ON,109119,1780911295547,109124,1780911295552,177548,1780911295428,25,2026-06-08T09:34:55.8931472Z,,oasis/bottle
,,,0,,,local.mqtt.telegraf,45,49.64,,,08a6f7bb3c68,08a6f7bb3c68-16,16,08:A6:F7:BB:3C:68,ON,109249,1780911295677,109254,1780911295682,217137,1780911295617,25,2026-06-08T09:34:56.0168384Z,,oasis/bottle
,,,0,,,local.mqtt.telegraf,46,47.85,,,2cbcbb0d97a0,2cbcbb0d97a0-10,10,2C:BC:BB:0D:97:A0,ON,109838,1780911296266,109842,1780911296270,196277,1780911296177,25,2026-06-08T09:34:56.5916588Z,,oasis/bottle
,,,0,,,local.mqtt.telegraf,46,36.53,,,08a6f75abdf0,08a6f75abdf0-17,17,08:A6:F7:5A:BD:F0,ON,111939,1780911298367,111943,1780911298371,151166,1780911296325,26,2026-06-08T09:34:58.7197725Z,,oasis/bottle
,,,0,,,local.mqtt.telegraf,45,50.3,,,08a6f7bb3c68,08a6f7bb3c68-17,17,08:A6:F7:BB:3C:68,ON,112429,1780911298857,112433,1780911298861,220316,1780911298796,25,2026-06-08T09:34:59.201884Z,,oasis/bottle
,,,0,,,local.mqtt.telegraf,47,46.93,,,08a6f769c348,08a6f769c348-14,14,08:A6:F7:69:C3:48,ON,112509,1780911298937,112513,1780911298941,180977,1780911296577,25,2026-06-08T09:34:59.2865382Z,,oasis/bottle
,,,0,,,local.mqtt.telegraf,46,47.92,,,2cbcbb0d97a0,2cbcbb0d97a0-11,11,2C:BC:BB:0D:97:A0,ON,113119,1780911299547,113123,1780911299551,199566,1780911299466,25,2026-06-08T09:34:59.8917892Z,,oasis/bottle
,,,0,,,local.mqtt.telegraf,46,45.3,,,08a6f76bd428,08a6f76bd428-14,14,08:A6:F7:6B:D4:28,ON,113168,1780911299596,113173,1780911299601,254176,1780911299525,25,2026-06-08T09:34:59.9347157Z,,oasis/bottle
,,,0,,,local.mqtt.telegraf,46,37.18,,,08a6f75abdf0,08a6f75abdf0-18,18,08:A6:F7:5A:BD:F0,ON,115179,1780911301607,115183,1780911301611,154407,1780911299566,26,2026-06-08T09:35:01.9636058Z,,oasis/bottle
,,,0,,,local.mqtt.telegraf,47,47.1,,,08a6f769c348,08a6f769c348-15,15,08:A6:F7:69:C3:48,ON,115678,1780911302106,115682,1780911302110,184147,1780911299747,25,2026-06-08T09:35:02.4215122Z,,oasis/bottle
,,,0,,,local.mqtt.telegraf,46,48.67,,,2cbcbb0d97a0,2cbcbb0d97a0-12,12,2C:BC:BB:0D:97:A0,ON,116329,1780911302757,116333,1780911302761,202776,1780911302676,25,2026-06-08T09:35:03.1004479Z,,oasis/bottle
,,,0,,,local.mqtt.telegraf,46,45.44,,,08a6f76bd428,08a6f76bd428-15,15,08:A6:F7:6B:D4:28,ON,116509,1780911302937,116513,1780911302941,257516,1780911302865,25,2026-06-08T09:35:03.2717258Z,,oasis/bottle
,,,0,,,local.mqtt.telegraf,47,37.32,,,08a6f75abdf0,08a6f75abdf0-19,19,08:A6:F7:5A:BD:F0,ON,118529,1780911304957,118533,1780911304961,157756,1780911302915,26,2026-06-08T09:35:05.3148295Z,,oasis/bottle
,,,0,,,local.mqtt.telegraf,47,47.21,,,08a6f769c348,08a6f769c348-16,16,08:A6:F7:69:C3:48,ON,118869,1780911305298,118874,1780911305302,187346,1780911302946,25,2026-06-08T09:35:05.6430294Z,,oasis/bottle
,,,0,,,local.mqtt.telegraf,45,50.27,,,08a6f7bb3c68,08a6f7bb3c68-19,19,08:A6:F7:BB:3C:68,ON,118959,1780911305387,118965,1780911305393,226847,1780911305327,25,2026-06-08T09:35:05.7320919Z,,oasis/bottle
,,,0,,,local.mqtt.telegraf,46,48.45,,,2cbcbb0d97a0,2cbcbb0d97a0-13,13,2C:BC:BB:0D:97:A0,ON,119639,1780911306067,119643,1780911306071,206087,1780911305987,25,2026-06-08T09:35:06.4129887Z,,oasis/bottle
,,,0,,,local.mqtt.telegraf,46,45.36,,,08a6f76bd428,08a6f76bd428-16,16,08:A6:F7:6B:D4:28,ON,119819,1780911306247,119823,1780911306251,260826,1780911306175,25,2026-06-08T09:35:06.5928928Z,,oasis/bottle
,,,0,,,local.mqtt.telegraf,46,37.46,,,08a6f75abdf0,08a6f75abdf0-20,20,08:A6:F7:5A:BD:F0,ON,121849,1780911308277,121853,1780911308281,161076,1780911306486,26,2026-06-08T09:35:08.6284826Z,,oasis/bottle
,,,0,,,local.mqtt.telegraf,46,47.29,,,08a6f769c348,08a6f769c348-17,17,08:A6:F7:69:C3:48,ON,122140,1780911308568,122144,1780911308572,190616,1780911306436,25,2026-06-08T09:35:08.9093982Z,,oasis/bottle
,,,0,,,local.mqtt.telegraf,45,50.76,,,08a6f7bb3c68,08a6f7bb3c68-20,20,08:A6:F7:BB:3C:68,ON,122209,1780911308637,122213,1780911308641,230097,1780911306417,25,2026-06-08T09:35:08.9919061Z,,oasis/bottle
,,,0,,,local.mqtt.telegraf,46,48.37,,,2cbcbb0d97a0,2cbcbb0d97a0-14,14,2C:BC:BB:0D:97:A0,ON,122849,1780911309277,122853,1780911309281,209297,1780911309197,25,2026-06-08T09:35:09.6138247Z,,oasis/bottle
,,,0,,,local.mqtt.telegraf,46,45.55,,,08a6f76bd428,08a6f76bd428-17,17,08:A6:F7:6B:D4:28,ON,123059,1780911309487,123063,1780911309491,264066,1780911309415,25,2026-06-08T09:35:09.8214105Z,,oasis/bottle
,,,0,,,local.mqtt.telegraf,46,37.39,,,08a6f75abdf0,08a6f75abdf0-21,21,08:A6:F7:5A:BD:F0,ON,125119,1780911311547,125123,1780911311551,164346,1780911309756,26,2026-06-08T09:35:11.8935925Z,,oasis/bottle
,,,0,,,local.mqtt.telegraf,45,50.58,,,08a6f7bb3c68,08a6f7bb3c68-21,21,08:A6:F7:BB:3C:68,ON,125579,1780911312007,125583,1780911312011,233467,1780911309787,25,2026-06-08T09:35:12.3236398Z,,oasis/bottle
,,,0,,,local.mqtt.telegraf,46,48.5,,,2cbcbb0d97a0,2cbcbb0d97a0-15,15,2C:BC:BB:0D:97:A0,ON,126149,1780911312577,126153,1780911312581,212597,1780911312497,25,2026-06-08T09:35:12.9214053Z,,oasis/bottle
,,,0,,,local.mqtt.telegraf,47,45.37,,,08a6f76bd428,08a6f76bd428-18,18,08:A6:F7:6B:D4:28,ON,126409,1780911312837,126413,1780911312841,267416,1780911312765,25,2026-06-08T09:35:13.1814209Z,,oasis/bottle
,,,0,,,local.mqtt.telegraf,46,37.36,,,08a6f75abdf0,08a6f75abdf0-22,22,08:A6:F7:5A:BD:F0,ON,128529,1780911314957,128533,1780911314961,167756,1780911313166,26,2026-06-08T09:35:15.3135283Z,,oasis/bottle
,,,0,,,local.mqtt.telegraf,46,47.3,,,08a6f769c348,08a6f769c348-19,19,08:A6:F7:69:C3:48,ON,128759,1780911315187,128763,1780911315191,197226,1780911313046,25,2026-06-08T09:35:15.5355672Z,,oasis/bottle
,,,0,,,local.mqtt.telegraf,45,50.93,,,08a6f7bb3c68,08a6f7bb3c68-22,22,08:A6:F7:BB:3C:68,ON,128939,1780911315367,128943,1780911315371,236826,1780911313146,25,2026-06-08T09:35:15.7149411Z,,oasis/bottle
,,,0,,,local.mqtt.telegraf,46,48.12,,,2cbcbb0d97a0,2cbcbb0d97a0-16,16,2C:BC:BB:0D:97:A0,ON,129369,1780911315797,129373,1780911315801,215816,1780911315726,25,2026-06-08T09:35:16.1432862Z,,oasis/bottle
,,,0,,,local.mqtt.telegraf,47,45.53,,,08a6f76bd428,08a6f76bd428-19,19,08:A6:F7:6B:D4:28,ON,129739,1780911316167,129743,1780911316171,270747,1780911316096,25,2026-06-08T09:35:16.5074397Z,,oasis/bottle
,,,0,,,local.mqtt.telegraf,46,37.24,,,08a6f75abdf0,08a6f75abdf0-23,23,08:A6:F7:5A:BD:F0,ON,131729,1780911318157,131733,1780911318161,170957,1780911316397,26,2026-06-08T09:35:18.5078133Z,,oasis/bottle
,,,0,,,local.mqtt.telegraf,46,47.44,,,08a6f769c348,08a6f769c348-20,20,08:A6:F7:69:C3:48,ON,132019,1780911318448,132024,1780911318452,200496,1780911316466,25,2026-06-08T09:35:18.7935642Z,,oasis/bottle
,,,0,,,local.mqtt.telegraf,45,50.96,,,08a6f7bb3c68,08a6f7bb3c68-23,23,08:A6:F7:BB:3C:68,ON,132279,1780911318707,132283,1780911318711,240167,1780911316537,25,2026-06-08T09:35:19.0454237Z,,oasis/bottle
,,,0,,,local.mqtt.telegraf,46,48.5,,,2cbcbb0d97a0,2cbcbb0d97a0-17,17,2C:BC:BB:0D:97:A0,ON,132669,1780911319097,132674,1780911319102,219116,1780911319026,25,2026-06-08T09:35:19.4416487Z,,oasis/bottle
,,,0,,,local.mqtt.telegraf,47,45.63,,,08a6f76bd428,08a6f76bd428-20,20,08:A6:F7:6B:D4:28,ON,133019,1780911319447,133023,1780911319451,274026,1780911319375,25,2026-06-08T09:35:19.7915869Z,,oasis/bottle
,,,0,,,local.mqtt.telegraf,46,37.43,,,08a6f75abdf0,08a6f75abdf0-24,24,08:A6:F7:5A:BD:F0,ON,134999,1780911321427,135003,1780911321431,174227,1780911319667,26,2026-06-08T09:35:21.7760363Z,,oasis/bottle
,,,0,,,local.mqtt.telegraf,46,47.4,,,08a6f769c348,08a6f769c348-21,21,08:A6:F7:69:C3:48,ON,135419,1780911321848,135424,1780911321852,203896,1780911319866,25,2026-06-08T09:35:22.1949471Z,,oasis/bottle
,,,0,,,local.mqtt.telegraf,45,51.02,,,08a6f7bb3c68,08a6f7bb3c68-24,24,08:A6:F7:BB:3C:68,ON,135589,1780911322017,135593,1780911322021,243476,1780911319846,25,2026-06-08T09:35:22.3650568Z,,oasis/bottle
,,,0,,,local.mqtt.telegraf,46,48.12,,,2cbcbb0d97a0,2cbcbb0d97a0-18,18,2C:BC:BB:0D:97:A0,ON,135899,1780911322327,135903,1780911322331,222347,1780911322257,25,2026-06-08T09:35:22.6714812Z,,oasis/bottle
,,,0,,,local.mqtt.telegraf,47,45.68,,,08a6f76bd428,08a6f76bd428-21,21,08:A6:F7:6B:D4:28,ON,136209,1780911322637,136213,1780911322641,277216,1780911322565,25,2026-06-08T09:35:22.9916009Z,,oasis/bottle
,,,0,,,local.mqtt.telegraf,46,36.81,,,08a6f75abdf0,08a6f75abdf0-25,25,08:A6:F7:5A:BD:F0,ON,138399,1780911324827,138403,1780911324831,177626,1780911323066,26,2026-06-08T09:35:25.1797001Z,,oasis/bottle
,,,0,,,local.mqtt.telegraf,46,47.2,,,08a6f769c348,08a6f769c348-22,22,08:A6:F7:69:C3:48,ON,138629,1780911325057,138633,1780911325061,207096,1780911323066,25,2026-06-08T09:35:25.4032216Z,,oasis/bottle
,,,0,,,local.mqtt.telegraf,45,50.84,,,08a6f7bb3c68,08a6f7bb3c68-25,25,08:A6:F7:BB:3C:68,ON,138839,1780911325267,138843,1780911325271,246726,1780911323096,25,2026-06-08T09:35:25.6115469Z,,oasis/bottle
,,,0,,,local.mqtt.telegraf,46,48.49,,,2cbcbb0d97a0,2cbcbb0d97a0-19,19,2C:BC:BB:0D:97:A0,ON,139219,1780911325647,139223,1780911325651,225667,1780911325557,25,2026-06-08T09:35:25.9933859Z,,oasis/bottle
,,,0,,,local.mqtt.telegraf,46,45.38,,,08a6f76bd428,08a6f76bd428-22,22,08:A6:F7:6B:D4:28,ON,139459,1780911325887,139463,1780911325891,280467,1780911325826,25,2026-06-08T09:35:26.2336399Z,,oasis/bottle
,,,0,,,local.mqtt.telegraf,46,36.14,,,08a6f75abdf0,08a6f75abdf0-26,26,08:A6:F7:5A:BD:F0,ON,141589,1780911328017,141593,1780911328021,180817,1780911326417,26,2026-06-08T09:35:28.3681501Z,,oasis/bottle
,,,0,,,local.mqtt.telegraf,46,47.02,,,08a6f769c348,08a6f769c348-23,23,08:A6:F7:69:C3:48,ON,141939,1780911328367,141943,1780911328371,210407,1780911326507,25,2026-06-08T09:35:28.7168847Z,,oasis/bottle
,,,0,,,local.mqtt.telegraf,45,50.42,,,08a6f7bb3c68,08a6f7bb3c68-26,26,08:A6:F7:BB:3C:68,ON,142209,1780911328637,142213,1780911328641,250097,1780911326596,25,2026-06-08T09:35:28.9792759Z,,oasis/bottle
,,,0,,,local.mqtt.telegraf,46,48.12,,,2cbcbb0d97a0,2cbcbb0d97a0-20,20,2C:BC:BB:0D:97:A0,ON,142489,1780911328917,142493,1780911328921,228937,1780911328827,25,2026-06-08T09:35:29.2603257Z,,oasis/bottle
,,,0,,,local.mqtt.telegraf,46,44.99,,,08a6f76bd428,08a6f76bd428-23,23,08:A6:F7:6B:D4:28,ON,142819,1780911329247,142823,1780911329251,283826,1780911329185,25,2026-06-08T09:35:29.5899102Z,,oasis/bottle
,,,0,,,local.mqtt.telegraf,46,35.26,,,08a6f75abdf0,08a6f75abdf0-27,27,08:A6:F7:5A:BD:F0,ON,144869,1780911331297,144873,1780911331301,184096,1780911329696,26,2026-06-08T09:35:31.6454263Z,,oasis/bottle
,,,0,,,local.mqtt.telegraf,46,46.3,,,08a6f769c348,08a6f769c348-24,24,08:A6:F7:69:C3:48,ON,145129,1780911331558,145134,1780911331562,213607,1780911329707,25,2026-06-08T09:35:31.897143Z,,oasis/bottle
,,,0,,,local.mqtt.telegraf,45,49.72,,,08a6f7bb3c68,08a6f7bb3c68-27,27,08:A6:F7:BB:3C:68,ON,145569,1780911331997,145573,1780911332001,253456,1780911329955,25,2026-06-08T09:35:32.341529Z,,oasis/bottle
,,,0,,,local.mqtt.telegraf,46,47.53,,,2cbcbb0d97a0,2cbcbb0d97a0-21,21,2C:BC:BB:0D:97:A0,ON,145899,1780911332327,145903,1780911332331,232347,1780911332237,25,2026-06-08T09:35:32.6614843Z,,oasis/bottle
,,,0,,,local.mqtt.telegraf,46,44.47,,,08a6f76bd428,08a6f76bd428-24,24,08:A6:F7:6B:D4:28,ON,146169,1780911332597,146173,1780911332601,287176,1780911332535,25,2026-06-08T09:35:32.9413763Z,,oasis/bottle
,,,0,,,local.mqtt.telegraf,46,34.37,,,08a6f75abdf0,08a6f75abdf0-28,28,08:A6:F7:5A:BD:F0,ON,148259,1780911334687,148263,1780911334691,187486,1780911333086,26,2026-06-08T09:35:35.0415175Z,,oasis/bottle
,,,0,,,local.mqtt.telegraf,46,45.96,,,08a6f769c348,08a6f769c348-25,25,08:A6:F7:69:C3:48,ON,148399,1780911334827,148403,1780911334831,216867,1780911332967,25,2026-06-08T09:35:35.1730718Z,,oasis/bottle
,,,0,,,local.mqtt.telegraf,45,49.14,,,08a6f7bb3c68,08a6f7bb3c68-28,28,08:A6:F7:BB:3C:68,ON,148909,1780911335337,148913,1780911335341,256796,1780911333295,25,2026-06-08T09:35:35.6714429Z,,oasis/bottle
,,,0,,,local.mqtt.telegraf,46,47.06,,,2cbcbb0d97a0,2cbcbb0d97a0-22,22,2C:BC:BB:0D:97:A0,ON,149099,1780911335527,149103,1780911335531,235547,1780911335437,25,2026-06-08T09:35:35.8612487Z,,oasis/bottle
,,,0,,,local.mqtt.telegraf,46,43.97,,,08a6f76bd428,08a6f76bd428-25,25,08:A6:F7:6B:D4:28,ON,149489,1780911335917,149493,1780911335921,290496,1780911335853,25,2026-06-08T09:35:36.268043Z,,oasis/bottle
,,,0,,,local.mqtt.telegraf,46,33.74,,,08a6f75abdf0,08a6f75abdf0-29,29,08:A6:F7:5A:BD:F0,ON,151669,1780911338097,151673,1780911338101,190896,1780911336674,26,2026-06-08T09:35:38.4555144Z,,oasis/bottle
,,,0,,,local.mqtt.telegraf,46,45.68,,,08a6f769c348,08a6f769c348-26,26,08:A6:F7:69:C3:48,ON,151789,1780911338217,151794,1780911338222,220257,1780911336655,25,2026-06-08T09:35:38.5737806Z,,oasis/bottle
,,,0,,,local.mqtt.telegraf,45,48.85,,,08a6f7bb3c68,08a6f7bb3c68-29,29,08:A6:F7:BB:3C:68,ON,152219,1780911338647,152223,1780911338651,260106,1780911336574,26,2026-06-08T09:35:38.9914649Z,,oasis/bottle
,,,0,,,local.mqtt.telegraf,46,46.67,,,2cbcbb0d97a0,2cbcbb0d97a0-23,23,2C:BC:BB:0D:97:A0,ON,152369,1780911338797,152373,1780911338801,238817,1780911336535,25,2026-06-08T09:35:39.1400535Z,,oasis/bottle
,,,0,,,local.mqtt.telegraf,46,43.74,,,08a6f76bd428,08a6f76bd428-26,26,08:A6:F7:6B:D4:28,ON,152759,1780911339187,152763,1780911339191,293767,1780911339124,25,2026-06-08T09:35:39.5230908Z,,oasis/bottle
,,,0,,,local.mqtt.telegraf,46,33.55,,,08a6f75abdf0,08a6f75abdf0-30,30,08:A6:F7:5A:BD:F0,ON,154869,1780911341297,154873,1780911341301,194096,1780911339874,26,2026-06-08T09:35:41.6418729Z,,oasis/bottle
,,,0,,,local.mqtt.telegraf,46,45.34,,,08a6f769c348,08a6f769c348-27,27,08:A6:F7:69:C3:48,ON,155179,1780911341608,155184,1780911341612,223657,1780911340055,25,2026-06-08T09:35:41.9577943Z,,oasis/bottle
,,,0,,,local.mqtt.telegraf,45,48.81,,,08a6f7bb3c68,08a6f7bb3c68-30,30,08:A6:F7:BB:3C:68,ON,155469,1780911341897,155473,1780911341901,263356,1780911339824,26,2026-06-08T09:35:42.245248Z,,oasis/bottle
,,,0,,,local.mqtt.telegraf,46,46.86,,,2cbcbb0d97a0,2cbcbb0d97a0-24,24,2C:BC:BB:0D:97:A0,ON,155779,1780911342207,155783,1780911342211,242227,1780911339945,25,2026-06-08T09:35:42.5511047Z,,oasis/bottle
,,,0,,,local.mqtt.telegraf,46,43.64,,,08a6f76bd428,08a6f76bd428-27,27,08:A6:F7:6B:D4:28,ON,156169,1780911342597,156173,1780911342601,297176,1780911342533,25,2026-06-08T09:35:42.9414889Z,,oasis/bottle
,,,0,,,local.mqtt.telegraf,46,33.54,,,08a6f75abdf0,08a6f75abdf0-31,31,08:A6:F7:5A:BD:F0,ON,158138,1780911344567,158143,1780911344571,197367,1780911343145,26,2026-06-08T09:35:44.917575Z,,oasis/bottle
,,,0,,,local.mqtt.telegraf,46,45.48,,,08a6f769c348,08a6f769c348-28,28,08:A6:F7:69:C3:48,ON,158379,1780911344807,158383,1780911344812,226846,1780911343244,25,2026-06-08T09:35:45.1543741Z,,oasis/bottle
,,,0,,,local.mqtt.telegraf,45,48.51,,,08a6f7bb3c68,08a6f7bb3c68-31,31,08:A6:F7:BB:3C:68,ON,158839,1780911345267,158843,1780911345271,266726,1780911343194,26,2026-06-08T09:35:45.6091881Z,,oasis/bottle
,,,0,,,local.mqtt.telegraf,46,46.63,,,2cbcbb0d97a0,2cbcbb0d97a0-25,25,2C:BC:BB:0D:97:A0,ON,158979,1780911345407,158983,1780911345411,245427,1780911343145,25,2026-06-08T09:35:45.7538461Z,,oasis/bottle
,,,0,,,local.mqtt.telegraf,46,43.42,,,08a6f76bd428,08a6f76bd428-28,28,08:A6:F7:6B:D4:28,ON,159369,1780911345797,159373,1780911345801,300377,1780911345727,25,2026-06-08T09:35:46.1403125Z,,oasis/bottle
,,,0,,,local.mqtt.telegraf,46,33.54,,,08a6f75abdf0,08a6f75abdf0-32,32,08:A6:F7:5A:BD:F0,ON,161551,1780911347979,161556,1780911347984,200776,1780911346706,26,2026-06-08T09:35:48.3311426Z,,oasis/bottle
,,,0,,,local.mqtt.telegraf,46,45.55,,,08a6f769c348,08a6f769c348-29,29,08:A6:F7:69:C3:48,ON,161629,1780911348057,161633,1780911348061,230097,1780911346547,25,2026-06-08T09:35:48.3743137Z,,oasis/bottle
,,,0,,,local.mqtt.telegraf,45,48.74,,,08a6f7bb3c68,08a6f7bb3c68-32,32,08:A6:F7:BB:3C:68,ON,162199,1780911348627,162203,1780911348631,270086,1780911346656,26,2026-06-08T09:35:48.971149Z,,oasis/bottle
,,,0,,,local.mqtt.telegraf,46,46.61,,,2cbcbb0d97a0,2cbcbb0d97a0-26,26,2C:BC:BB:0D:97:A0,ON,162248,1780911348677,162256,1780911348684,248696,1780911346566,25,2026-06-08T09:35:49.0101254Z,,oasis/bottle
,,,0,,,local.mqtt.telegraf,46,43.72,,,08a6f76bd428,08a6f76bd428-29,29,08:A6:F7:6B:D4:28,ON,162639,1780911349067,162643,1780911349071,303647,1780911348997,25,2026-06-08T09:35:49.4081297Z,,oasis/bottle
,,,0,,,local.mqtt.telegraf,46,33.48,,,08a6f75abdf0,08a6f75abdf0-33,33,08:A6:F7:5A:BD:F0,ON,164759,1780911351187,164763,1780911351191,203986,1780911349916,26,2026-06-08T09:35:51.5351539Z,,oasis/bottle
,,,0,,,local.mqtt.telegraf,46,45.17,,,08a6f769c348,08a6f769c348-30,30,08:A6:F7:69:C3:48,ON,164999,1780911351427,165003,1780911351431,233466,1780911349916,25,2026-06-08T09:35:51.7736241Z,,oasis/bottle
,,,0,,,local.mqtt.telegraf,45,48.86,,,08a6f7bb3c68,08a6f7bb3c68-33,33,08:A6:F7:BB:3C:68,ON,165550,1780911351978,165555,1780911351983,273436,1780911350006,26,2026-06-08T09:35:52.3293663Z,,oasis/bottle
,,,0,,,local.mqtt.telegraf,46,46.75,,,2cbcbb0d97a0,2cbcbb0d97a0-27,27,2C:BC:BB:0D:97:A0,ON,165649,1780911352077,165655,1780911352083,252097,1780911349967,25,2026-06-08T09:35:52.4210925Z,,oasis/bottle
,,,0,,,local.mqtt.telegraf,46,43.72,,,08a6f76bd428,08a6f76bd428-30,30,08:A6:F7:6B:D4:28,ON,166049,1780911352477,166053,1780911352481,307056,1780911352406,25,2026-06-08T09:35:52.8231806Z,,oasis/bottle
,,,0,,,local.mqtt.telegraf,46,33.66,,,08a6f75abdf0,08a6f75abdf0-34,34,08:A6:F7:5A:BD:F0,ON,168039,1780911354467,168043,1780911354471,207266,1780911353196,26,2026-06-08T09:35:54.8185611Z,,oasis/bottle
,,,0,,,local.mqtt.telegraf,46,45.34,,,08a6f769c348,08a6f769c348-31,31,08:A6:F7:69:C3:48,ON,168359,1780911354787,168363,1780911354791,236826,1780911353276,25,2026-06-08T09:35:55.1369944Z,,oasis/bottle
,,,0,,,local.mqtt.telegraf,45,48.96,,,08a6f7bb3c68,08a6f7bb3c68-34,34,08:A6:F7:BB:3C:68,ON,168867,1780911355296,168872,1780911355300,276756,1780911353326,26,2026-06-08T09:35:55.6080897Z,,oasis/bottle
,,,0,,,local.mqtt.telegraf,46,43.8,,,08a6f76bd428,08a6f76bd428-31,31,08:A6:F7:6B:D4:28,ON,169249,1780911355677,169253,1780911355681,310256,1780911355606,25,2026-06-08T09:35:56.0128896Z,,oasis/bottle
,,,0,,,local.mqtt.telegraf,46,33.64,,,08a6f75abdf0,08a6f75abdf0-35,35,08:A6:F7:5A:BD:F0,ON,171229,1780911357657,171233,1780911357661,210456,1780911356525,26,2026-06-08T09:35:58.006443Z,,oasis/bottle
,,,0,,,local.mqtt.telegraf,46,45.33,,,08a6f769c348,08a6f769c348-32,32,08:A6:F7:69:C3:48,ON,171699,1780911358127,171703,1780911358131,240167,1780911356676,25,2026-06-08T09:35:58.471037Z,,oasis/bottle
,,,0,,,local.mqtt.telegraf,47,46.78,,,2cbcbb0d97a0,2cbcbb0d97a0-29,29,2C:BC:BB:0D:97:A0,ON,172089,1780911358517,172093,1780911358521,258536,1780911356585,25,2026-06-08T09:35:58.8613778Z,,oasis/bottle
,,,0,,,local.mqtt.telegraf,45,48.45,,,08a6f7bb3c68,08a6f7bb3c68-35,35,08:A6:F7:BB:3C:68,ON,172138,1780911358566,172146,1780911358574,280026,1780911356605,26,2026-06-08T09:35:58.8996705Z,,oasis/bottle
,,,0,,,local.mqtt.telegraf,46,43.44,,,08a6f76bd428,08a6f76bd428-32,32,08:A6:F7:6B:D4:28,ON,172519,1780911358947,172523,1780911358951,313526,1780911356605,25,2026-06-08T09:35:59.3272018Z,,oasis/bottle
,,,0,,,local.mqtt.telegraf,46,33.75,,,08a6f75abdf0,08a6f75abdf0-36,36,08:A6:F7:5A:BD:F0,ON,174469,1780911360897,174473,1780911360901,213696,1780911359765,26,2026-06-08T09:36:01.2414372Z,,oasis/bottle
,,,0,,,local.mqtt.telegraf,46,45.13,,,08a6f769c348,08a6f769c348-33,33,08:A6:F7:69:C3:48,ON,175029,1780911361457,175033,1780911361461,243497,1780911360006,25,2026-06-08T09:36:01.8112996Z,,oasis/bottle
,,,0,,,local.mqtt.telegraf,47,46.63,,,2cbcbb0d97a0,2cbcbb0d97a0-30,30,2C:BC:BB:0D:97:A0,ON,175449,1780911361877,175453,1780911361881,261896,1780911359945,25,2026-06-08T09:36:02.2184764Z,,oasis/bottle
,,,0,,,local.mqtt.telegraf,45,48.78,,,08a6f7bb3c68,08a6f7bb3c68-36,36,08:A6:F7:BB:3C:68,ON,175539,1780911361967,175543,1780911361971,283426,1780911360005,26,2026-06-08T09:36:02.3100141Z,,oasis/bottle
,,,0,,,local.mqtt.telegraf,46,43.56,,,08a6f76bd428,08a6f76bd428-33,33,08:A6:F7:6B:D4:28,ON,175929,1780911362357,175933,1780911362361,316936,1780911360015,25,2026-06-08T09:36:02.7076163Z,,oasis/bottle
,,,0,,,local.mqtt.telegraf,46,33.74,,,08a6f75abdf0,08a6f75abdf0-37,37,08:A6:F7:5A:BD:F0,ON,177819,1780911364247,177823,1780911364251,217047,1780911363116,26,2026-06-08T09:36:04.5988756Z,,oasis/bottle
,,,0,,,local.mqtt.telegraf,46,45.44,,,08a6f769c348,08a6f769c348-34,34,08:A6:F7:69:C3:48,ON,178299,1780911364727,178303,1780911364731,246767,1780911363276,25,2026-06-08T09:36:05.0745333Z,,oasis/bottle
,,,0,,,local.mqtt.telegraf,45,49.04,,,08a6f7bb3c68,08a6f7bb3c68-37,37,08:A6:F7:BB:3C:68,ON,178729,1780911365157,178733,1780911365161,286616,1780911363195,26,2026-06-08T09:36:05.5249079Z,,oasis/bottle
,,,0,,,local.mqtt.telegraf,47,46.89,,,2cbcbb0d97a0,2cbcbb0d97a0-31,31,2C:BC:BB:0D:97:A0,ON,178811,1780911365239,178816,1780911365244,265256,1780911363305,25,2026-06-08T09:36:05.565646Z,,oasis/bottle
,,,0,,,local.mqtt.telegraf,46,43.88,,,08a6f76bd428,08a6f76bd428-34,34,08:A6:F7:6B:D4:28,ON,179129,1780911365557,179133,1780911365561,320136,1780911363215,25,2026-06-08T09:36:05.9013065Z,,oasis/bottle
,,,0,,,local.mqtt.telegraf,46,34.18,,,08a6f75abdf0,08a6f75abdf0-38,38,08:A6:F7:5A:BD:F0,ON,181139,1780911367567,181143,1780911367571,220368,1780911366688,26,2026-06-08T09:36:07.9168362Z,,oasis/bottle
,,,0,,,local.mqtt.telegraf,46,45.73,,,08a6f769c348,08a6f769c348-35,35,08:A6:F7:69:C3:48,ON,181699,1780911368127,181703,1780911368131,250167,1780911366767,25,2026-06-08T09:36:08.4711958Z,,oasis/bottle
,,,0,,,local.mqtt.telegraf,45,49.17,,,08a6f7bb3c68,08a6f7bb3c68-38,38,08:A6:F7:BB:3C:68,ON,181979,1780911368407,181983,1780911368411,289866,1780911366616,26,2026-06-08T09:36:08.7553232Z,,oasis/bottle
,,,0,,,local.mqtt.telegraf,47,47.36,,,2cbcbb0d97a0,2cbcbb0d97a0-32,32,2C:BC:BB:0D:97:A0,ON,182149,1780911368577,182153,1780911368581,268596,1780911366706,25,2026-06-08T09:36:08.9130867Z,,oasis/bottle
,,,0,,,local.mqtt.telegraf,46,44.03,,,08a6f76bd428,08a6f76bd428-35,35,08:A6:F7:6B:D4:28,ON,182399,1780911368827,182403,1780911368831,323406,1780911366636,25,2026-06-08T09:36:09.1672634Z,,oasis/bottle
,,,0,,,local.mqtt.telegraf,46,34.96,,,08a6f75abdf0,08a6f75abdf0-39,39,08:A6:F7:5A:BD:F0,ON,184409,1780911370837,184413,1780911370841,223637,1780911369957,26,2026-06-08T09:36:11.1844639Z,,oasis/bottle
,,,0,,,local.mqtt.telegraf,46,46.27,,,08a6f769c348,08a6f769c348-36,36,08:A6:F7:69:C3:48,ON,184919,1780911371347,184923,1780911371351,253386,1780911369986,25,2026-06-08T09:36:11.6957086Z,,oasis/bottle
,,,0,,,local.mqtt.telegraf,45,49.51,,,08a6f7bb3c68,08a6f7bb3c68-39,39,08:A6:F7:BB:3C:68,ON,185339,1780911371767,185343,1780911371771,293226,1780911369976,26,2026-06-08T09:36:12.1122668Z,,oasis/bottle
,,,0,,,local.mqtt.telegraf,47,47.3,,,2cbcbb0d97a0,2cbcbb0d97a0-33,33,2C:BC:BB:0D:97:A0,ON,185449,1780911371877,185453,1780911371881,271896,1780911370006,25,2026-06-08T09:36:12.2309664Z,,oasis/bottle
,,,0,,,local.mqtt.telegraf,46,44.5,,,08a6f76bd428,08a6f76bd428-36,36,08:A6:F7:6B:D4:28,ON,185809,1780911372237,185813,1780911372241,326816,1780911370046,25,2026-06-08T09:36:12.5762069Z,,oasis/bottle
,,,0,,,local.mqtt.telegraf,46,35.89,,,08a6f75abdf0,08a6f75abdf0-40,40,08:A6:F7:5A:BD:F0,ON,187818,1780911374247,187823,1780911374251,227046,1780911373366,26,2026-06-08T09:36:14.5971885Z,,oasis/bottle
,,,0,,,local.mqtt.telegraf,46,47.06,,,08a6f769c348,08a6f769c348-37,37,08:A6:F7:69:C3:48,ON,188189,1780911374617,188193,1780911374621,256657,1780911373257,25,2026-06-08T09:36:14.9559396Z,,oasis/bottle
,,,0,,,local.mqtt.telegraf,45,50.07,,,08a6f7bb3c68,08a6f7bb3c68-40,40,08:A6:F7:BB:3C:68,ON,188705,1780911375133,188710,1780911375138,296576,1780911373326,26,2026-06-08T09:36:15.450948Z,,oasis/bottle
,,,0,,,local.mqtt.telegraf,46,44.91,,,08a6f76bd428,08a6f76bd428-37,37,08:A6:F7:6B:D4:28,ON,189009,1780911375437,189013,1780911375441,330016,1780911373246,25,2026-06-08T09:36:15.7711332Z,,oasis/bottle
,,,0,,,local.mqtt.telegraf,46,36.06,,,08a6f75abdf0,08a6f75abdf0-41,41,08:A6:F7:5A:BD:F0,ON,191019,1780911377447,191023,1780911377451,230247,1780911376597,26,2026-06-08T09:36:17.7964194Z,,oasis/bottle
,,,0,,,local.mqtt.telegraf,46,46.75,,,08a6f769c348,08a6f769c348-38,38,08:A6:F7:69:C3:48,ON,191359,1780911377787,191363,1780911377791,259827,1780911376567,25,2026-06-08T09:36:18.1330536Z,,oasis/bottle
,,,0,,,local.mqtt.telegraf,46,50.11,,,08a6f7bb3c68,08a6f7bb3c68-41,41,08:A6:F7:BB:3C:68,ON,192026,1780911378455,192031,1780911378459,299906,1780911376726,26,2026-06-08T09:36:18.767322Z,,oasis/bottle
,,,0,,,local.mqtt.telegraf,46,44.95,,,08a6f76bd428,08a6f76bd428-38,38,08:A6:F7:6B:D4:28,ON,192279,1780911378707,192283,1780911378711,333286,1780911376666,25,2026-06-08T09:36:19.0456906Z,,oasis/bottle
,,,0,,,local.mqtt.telegraf,46,35.71,,,08a6f75abdf0,08a6f75abdf0-42,42,08:A6:F7:5A:BD:F0,ON,194289,1780911380717,194293,1780911380721,233517,1780911379867,26,2026-06-08T09:36:21.0650286Z,,oasis/bottle
,,,0,,,local.mqtt.telegraf,46,46.55,,,08a6f769c348,08a6f769c348-39,39,08:A6:F7:69:C3:48,ON,194569,1780911380997,194573,1780911381001,263037,1780911379777,25,2026-06-08T09:36:21.3610719Z,,oasis/bottle
,,,0,,,local.mqtt.telegraf,45,49.83,,,08a6f7bb3c68,08a6f7bb3c68-42,42,08:A6:F7:BB:3C:68,ON,195297,1780911381725,195301,1780911381729,303187,1780911380007,26,2026-06-08T09:36:22.0487616Z,,oasis/bottle
,,,0,,,local.mqtt.telegraf,46,44.59,,,08a6f76bd428,08a6f76bd428-39,39,08:A6:F7:6B:D4:28,ON,195679,1780911382107,195683,1780911382111,336686,1780911380066,25,2026-06-08T09:36:22.4500016Z,,oasis/bottle
,,,0,,,local.mqtt.telegraf,46,35.46,,,08a6f75abdf0,08a6f75abdf0-43,43,08:A6:F7:5A:BD:F0,ON,197699,1780911384127,197704,1780911384132,236926,1780911383276,26,2026-06-08T09:36:24.4859733Z,,oasis/bottle
,,,0,,,local.mqtt.telegraf,46,46.63,,,08a6f769c348,08a6f769c348-40,40,08:A6:F7:69:C3:48,ON,197849,1780911384277,197853,1780911384281,266317,1780911383057,25,2026-06-08T09:36:24.6214727Z,,oasis/bottle
,,,0,,,local.mqtt.telegraf,46,47.85,,,2cbcbb0d97a0,2cbcbb0d97a0-37,37,2C:BC:BB:0D:97:A0,ON,198439,1780911384867,198443,1780911384871,284886,1780911383156,26,2026-06-08T09:36:25.2124788Z,,oasis/bottle
,,,0,,,local.mqtt.telegraf,45,49.43,,,08a6f7bb3c68,08a6f7bb3c68-43,43,08:A6:F7:BB:3C:68,ON,198489,1780911384917,198496,1780911384924,306377,1780911383197,26,2026-06-08T09:36:25.2408669Z,,oasis/bottle
,,,0,,,local.mqtt.telegraf,46,44.99,,,08a6f76bd428,08a6f76bd428-40,40,08:A6:F7:6B:D4:28,ON,198869,1780911385297,198873,1780911385301,339876,1780911383256,25,2026-06-08T09:36:25.6422848Z,,oasis/bottle
,,,0,,,local.mqtt.telegraf,46,35.89,,,08a6f75abdf0,08a6f75abdf0-44,44,08:A6:F7:5A:BD:F0,ON,200899,1780911387327,200903,1780911387331,240127,1780911386635,26,2026-06-08T09:36:27.6707375Z,,oasis/bottle
,,,0,,,local.mqtt.telegraf,46,46.63,,,08a6f769c348,08a6f769c348-41,41,08:A6:F7:69:C3:48,ON,201030,1780911387458,201035,1780911387463,269506,1780911386624,25,2026-06-08T09:36:27.8070143Z,,oasis/bottle
,,,0,,,local.mqtt.telegraf,46,48.1,,,2cbcbb0d97a0,2cbcbb0d97a0-38,38,2C:BC:BB:0D:97:A0,ON,201649,1780911388077,201653,1780911388081,288097,1780911386645,25,2026-06-08T09:36:28.421062Z,,oasis/bottle
,,,0,,,local.mqtt.telegraf,45,50.03,,,08a6f7bb3c68,08a6f7bb3c68-44,44,08:A6:F7:BB:3C:68,ON,201739,1780911388167,201743,1780911388171,309626,1780911386684,26,2026-06-08T09:36:28.5135673Z,,oasis/bottle
,,,0,,,local.mqtt.telegraf,46,45.21,,,08a6f76bd428,08a6f76bd428-41,41,08:A6:F7:6B:D4:28,ON,202119,1780911388547,202123,1780911388551,343126,1780911386684,25,2026-06-08T09:36:28.8933147Z,,oasis/bottle
,,,0,,,local.mqtt.telegraf,46,36.14,,,08a6f75abdf0,08a6f75abdf0-45,45,08:A6:F7:5A:BD:F0,ON,204169,1780911390597,204173,1780911390601,243397,1780911389905,26,2026-06-08T09:36:30.9428329Z,,oasis/bottle
,,,0,,,local.mqtt.telegraf,46,46.89,,,08a6f769c348,08a6f769c348-42,42,08:A6:F7:69:C3:48,ON,204289,1780911390717,204293,1780911390721,272756,1780911389874,25,2026-06-08T09:36:31.0585237Z,,oasis/bottle
,,,0,,,local.mqtt.telegraf,46,48.12,,,2cbcbb0d97a0,2cbcbb0d97a0-39,39,2C:BC:BB:0D:97:A0,ON,204929,1780911391357,204933,1780911391361,291377,1780911389925,25,2026-06-08T09:36:31.6959709Z,,oasis/bottle
,,,0,,,local.mqtt.telegraf,45,49.92,,,08a6f7bb3c68,08a6f7bb3c68-45,45,08:A6:F7:BB:3C:68,ON,205099,1780911391527,205103,1780911391531,312987,1780911390045,26,2026-06-08T09:36:31.869589Z,,oasis/bottle
,,,0,,,local.mqtt.telegraf,46,45.05,,,08a6f76bd428,08a6f76bd428-42,42,08:A6:F7:6B:D4:28,ON,205479,1780911391907,205484,1780911391912,346486,1780911390044,25,2026-06-08T09:36:32.2599468Z,,oasis/bottle
,,,0,,,local.mqtt.telegraf,46,35.75,,,08a6f75abdf0,08a6f75abdf0-46,46,08:A6:F7:5A:BD:F0,ON,207578,1780911394007,207583,1780911394011,246806,1780911393314,26,2026-06-08T09:36:34.3564045Z,,oasis/bottle
,,,0,,,local.mqtt.telegraf,46,46.39,,,08a6f769c348,08a6f769c348-43,43,08:A6:F7:69:C3:48,ON,207649,1780911394077,207654,1780911394082,276116,1780911393234,25,2026-06-08T09:36:34.3941464Z,,oasis/bottle
,,,0,,,local.mqtt.telegraf,46,47.68,,,2cbcbb0d97a0,2cbcbb0d97a0-40,40,2C:BC:BB:0D:97:A0,ON,208119,1780911394547,208123,1780911394551,294566,1780911393114,26,2026-06-08T09:36:34.8909672Z,,oasis/bottle
,,,0,,,local.mqtt.telegraf,45,49.72,,,08a6f7bb3c68,08a6f7bb3c68-46,46,08:A6:F7:BB:3C:68,ON,208449,1780911394877,208461,1780911394889,316336,1780911393394,26,2026-06-08T09:36:35.228393Z,,oasis/bottle
,,,0,,,local.mqtt.telegraf,46,44.9,,,08a6f76bd428,08a6f76bd428-43,43,08:A6:F7:6B:D4:28,ON,208829,1780911395257,208833,1780911395261,349836,1780911393394,25,2026-06-08T09:36:35.596917Z,,oasis/bottle
,,,0,,,local.mqtt.telegraf,46,35.36,,,08a6f75abdf0,08a6f75abdf0-47,47,08:A6:F7:5A:BD:F0,ON,210789,1780911397217,210793,1780911397221,250016,1780911396676,26,2026-06-08T09:36:37.563317Z,,oasis/bottle
,,,0,,,local.mqtt.telegraf,46,46.5,,,08a6f769c348,08a6f769c348-44,44,08:A6:F7:69:C3:48,ON,210999,1780911397427,211003,1780911397431,279466,1780911396816,25,2026-06-08T09:36:37.770951Z,,oasis/bottle
,,,0,,,local.mqtt.telegraf,46,47.45,,,2cbcbb0d97a0,2cbcbb0d97a0-41,41,2C:BC:BB:0D:97:A0,ON,211359,1780911397787,211363,1780911397791,297806,1780911396706,26,2026-06-08T09:36:38.1253935Z,,oasis/bottle
,,,0,,,local.mqtt.telegraf,45,49.75,,,08a6f7bb3c68,08a6f7bb3c68-47,47,08:A6:F7:BB:3C:68,ON,211769,1780911398197,211773,1780911398201,319657,1780911396787,26,2026-06-08T09:36:38.5340922Z,,oasis/bottle
,,,0,,,local.mqtt.telegraf,46,44.85,,,08a6f76bd428,08a6f76bd428-44,44,08:A6:F7:6B:D4:28,ON,212159,1780911398587,212163,1780911398591,353166,1780911396795,25,2026-06-08T09:36:38.9207039Z,,oasis/bottle
,,,0,,,local.mqtt.telegraf,46,34.81,,,08a6f75abdf0,08a6f75abdf0-48,48,08:A6:F7:5A:BD:F0,ON,214059,1780911400487,214063,1780911400491,253290,1780911399950,26,2026-06-08T09:36:40.8384605Z,,oasis/bottle
,,,0,,,local.mqtt.telegraf,46,46,,,08a6f769c348,08a6f769c348-45,45,08:A6:F7:69:C3:48,ON,214329,1780911400757,214333,1780911400761,282796,1780911400146,25,2026-06-08T09:36:41.1008239Z,,oasis/bottle
,,,0,,,local.mqtt.telegraf,46,47.28,,,2cbcbb0d97a0,2cbcbb0d97a0-42,42,2C:BC:BB:0D:97:A0,ON,214709,1780911401137,214713,1780911401141,301156,1780911400056,26,2026-06-08T09:36:41.4729014Z,,oasis/bottle
,,,0,,,local.mqtt.telegraf,45,49.12,,,08a6f7bb3c68,08a6f7bb3c68-48,48,08:A6:F7:BB:3C:68,ON,215039,1780911401467,215043,1780911401471,322927,1780911400057,26,2026-06-08T09:36:41.8207719Z,,oasis/bottle
,,,0,,,local.mqtt.telegraf,46,44.26,,,08a6f76bd428,08a6f76bd428-45,45,08:A6:F7:6B:D4:28,ON,215439,1780911401867,215443,1780911401871,356446,1780911400075,25,2026-06-08T09:36:42.2006839Z,,oasis/bottle
,,,0,,,local.mqtt.telegraf,46,34.37,,,08a6f75abdf0,08a6f75abdf0-49,49,08:A6:F7:5A:BD:F0,ON,217238,1780911403667,217243,1780911403671,256466,1780911403126,26,2026-06-08T09:36:44.0145603Z,,oasis/bottle
,,,0,,,local.mqtt.telegraf,46,46,,,08a6f769c348,08a6f769c348-46,46,08:A6:F7:69:C3:48,ON,217609,1780911404037,217613,1780911404041,286076,1780911403426,25,2026-06-08T09:36:44.3854805Z,,oasis/bottle
,,,0,,,local.mqtt.telegraf,46,47.04,,,2cbcbb0d97a0,2cbcbb0d97a0-43,43,2C:BC:BB:0D:97:A0,ON,218049,1780911404477,218053,1780911404481,304496,1780911403396,26,2026-06-08T09:36:44.8210545Z,,oasis/bottle
,,,0,,,local.mqtt.telegraf,45,49.41,,,08a6f7bb3c68,08a6f7bb3c68-49,49,08:A6:F7:BB:3C:68,ON,218449,1780911404877,218453,1780911404881,326336,1780911403466,26,2026-06-08T09:36:45.2107492Z,,oasis/bottle
,,,0,,,local.mqtt.telegraf,46,44.21,,,08a6f76bd428,08a6f76bd428-46,46,08:A6:F7:6B:D4:28,ON,218629,1780911405057,218633,1780911405061,359636,1780911403265,25,2026-06-08T09:36:45.4019571Z,,oasis/bottle
,,,0,,,local.mqtt.telegraf,45,34.93,,,08a6f75abdf0,08a6f75abdf0-50,50,08:A6:F7:5A:BD:F0,ON,220459,1780911406887,220463,1780911406891,259687,1780911406717,26,2026-06-08T09:36:47.2373443Z,,oasis/bottle
,,,0,,,local.mqtt.telegraf,46,46.12,,,08a6f769c348,08a6f769c348-47,47,08:A6:F7:69:C3:48,ON,220809,1780911407237,220813,1780911407241,289276,1780911406695,25,2026-06-08T09:36:47.5864522Z,,oasis/bottle
,,,0,,,local.mqtt.telegraf,46,47.49,,,2cbcbb0d97a0,2cbcbb0d97a0-44,44,2C:BC:BB:0D:97:A0,ON,221339,1780911407767,221343,1780911407771,307787,1780911406787,26,2026-06-08T09:36:48.1058293Z,,oasis/bottle
,,,0,,,local.mqtt.telegraf,45,49.13,,,08a6f7bb3c68,08a6f7bb3c68-50,50,08:A6:F7:BB:3C:68,ON,221649,1780911408077,221653,1780911408081,329537,1780911406697,26,2026-06-08T09:36:48.4205738Z,,oasis/bottle
,,,0,,,local.mqtt.telegraf,46,44.63,,,08a6f76bd428,08a6f76bd428-47,47,08:A6:F7:6B:D4:28,ON,221869,1780911408297,221873,1780911408301,362876,1780911406736,25,2026-06-08T09:36:48.649919Z,,oasis/bottle
,,,0,,,local.mqtt.telegraf,45,34.37,,,08a6f75abdf0,08a6f75abdf0-51,51,08:A6:F7:5A:BD:F0,ON,223769,1780911410197,223773,1780911410201,262997,1780911410027,26,2026-06-08T09:36:50.5552369Z,,oasis/bottle
,,,0,,,local.mqtt.telegraf,46,45.93,,,08a6f769c348,08a6f769c348-48,48,08:A6:F7:69:C3:48,ON,224069,1780911410497,224073,1780911410501,292536,1780911409955,25,2026-06-08T09:36:50.8440046Z,,oasis/bottle
,,,0,,,local.mqtt.telegraf,46,47.26,,,2cbcbb0d97a0,2cbcbb0d97a0-45,45,2C:BC:BB:0D:97:A0,ON,224549,1780911410977,224554,1780911410982,310997,1780911409997,26,2026-06-08T09:36:51.3185252Z,,oasis/bottle
,,,0,,,local.mqtt.telegraf,45,48.82,,,08a6f7bb3c68,08a6f7bb3c68-51,51,08:A6:F7:BB:3C:68,ON,224919,1780911411347,224923,1780911411351,332807,1780911409967,26,2026-06-08T09:36:51.6897105Z,,oasis/bottle
,,,0,,,local.mqtt.telegraf,46,44.2,,,08a6f76bd428,08a6f76bd428-48,48,08:A6:F7:6B:D4:28,ON,225219,1780911411647,225223,1780911411651,366226,1780911410086,25,2026-06-08T09:36:52.0060048Z,,oasis/bottle
,,,0,,,local.mqtt.telegraf,46,34.01,,,08a6f75abdf0,08a6f75abdf0-52,52,08:A6:F7:5A:BD:F0,ON,227009,1780911413437,227013,1780911413441,266236,1780911413266,26,2026-06-08T09:36:53.7824929Z,,oasis/bottle
,,,0,,,local.mqtt.telegraf,46,45.34,,,08a6f769c348,08a6f769c348-49,49,08:A6:F7:69:C3:48,ON,227449,1780911413877,227453,1780911413881,295917,1780911413336,25,2026-06-08T09:36:54.2285637Z,,oasis/bottle
,,,0,,,local.mqtt.telegraf,46,47.06,,,2cbcbb0d97a0,2cbcbb0d97a0-46,46,2C:BC:BB:0D:97:A0,ON,227869,1780911414297,227873,1780911414301,314316,1780911413316,26,2026-06-08T09:36:54.6337917Z,,oasis/bottle
,,,0,,,local.mqtt.telegraf,45,48.82,,,08a6f7bb3c68,08a6f7bb3c68-52,52,08:A6:F7:BB:3C:68,ON,228329,1780911414757,228333,1780911414761,336216,1780911413376,26,2026-06-08T09:36:55.095866Z,,oasis/bottle
,,,0,,,local.mqtt.telegraf,46,43.97,,,08a6f76bd428,08a6f76bd428-49,49,08:A6:F7:6B:D4:28,ON,228549,1780911414977,228554,1780911414982,369556,1780911413416,25,2026-06-08T09:36:55.3136967Z,,oasis/bottle
,,,0,,,local.mqtt.telegraf,45,33.86,,,08a6f75abdf0,08a6f75abdf0-53,53,08:A6:F7:5A:BD:F0,ON,230359,1780911416787,230364,1780911416792,269587,1780911416707,26,2026-06-08T09:36:57.1340018Z,,oasis/bottle
,,,0,,,local.mqtt.telegraf,46,45.42,,,08a6f769c348,08a6f769c348-50,50,08:A6:F7:69:C3:48,ON,230839,1780911417267,230843,1780911417271,299306,1780911416916,25,2026-06-08T09:36:57.6007852Z,,oasis/bottle
,,,0,,,local.mqtt.telegraf,46,46.82,,,2cbcbb0d97a0,2cbcbb0d97a0-47,47,2C:BC:BB:0D:97:A0,ON,231099,1780911417527,231103,1780911417531,317546,1780911416756,26,2026-06-08T09:36:57.8721124Z,,oasis/bottle
,,,0,,,local.mqtt.telegraf,45,48.92,,,08a6f7bb3c68,08a6f7bb3c68-53,53,08:A6:F7:BB:3C:68,ON,231529,1780911417957,231533,1780911417961,339416,1780911416726,26,2026-06-08T09:36:58.3357672Z,,oasis/bottle
,,,0,,,local.mqtt.telegraf,46,43.7,,,08a6f76bd428,08a6f76bd428-50,50,08:A6:F7:6B:D4:28,ON,231829,1780911418257,231833,1780911418261,372836,1780911416806,25,2026-06-08T09:36:58.5967706Z,,oasis/bottle
,,,0,,,local.mqtt.telegraf,45,33.87,,,08a6f75abdf0,08a6f75abdf0-54,54,08:A6:F7:5A:BD:F0,ON,233689,1780911420117,233693,1780911420121,272916,1780911420036,26,2026-06-08T09:37:00.4607219Z,,oasis/bottle
,,,0,,,local.mqtt.telegraf,46,45.37,,,08a6f769c348,08a6f769c348-51,51,08:A6:F7:69:C3:48,ON,234239,1780911420667,234243,1780911420671,302706,1780911420316,25,2026-06-08T09:37:01.0108741Z,,oasis/bottle
,,,0,,,local.mqtt.telegraf,46,46.7,,,2cbcbb0d97a0,2cbcbb0d97a0-48,48,2C:BC:BB:0D:97:A0,ON,234429,1780911420857,234433,1780911420861,320876,1780911420086,26,2026-06-08T09:37:01.1940587Z,,oasis/bottle
,,,0,,,local.mqtt.telegraf,45,49.2,,,08a6f7bb3c68,08a6f7bb3c68-54,54,08:A6:F7:BB:3C:68,ON,234799,1780911421227,234803,1780911421231,342686,1780911419996,26,2026-06-08T09:37:01.5706376Z,,oasis/bottle
,,,0,,,local.mqtt.telegraf,46,43.92,,,08a6f76bd428,08a6f76bd428-51,51,08:A6:F7:6B:D4:28,ON,235019,1780911421447,235023,1780911421451,376026,1780911419996,25,2026-06-08T09:37:01.7903711Z,,oasis/bottle
,,,0,,,local.mqtt.telegraf,45,33.94,,,08a6f75abdf0,08a6f75abdf0-55,55,08:A6:F7:5A:BD:F0,ON,236979,1780911423407,236983,1780911423411,276206,1780911423326,26,2026-06-08T09:37:03.75623Z,,oasis/bottle
,,,0,,,local.mqtt.telegraf,46,45.56,,,08a6f769c348,08a6f769c348-52,52,08:A6:F7:69:C3:48,ON,237429,1780911423857,237433,1780911423861,305896,1780911423506,25,2026-06-08T09:37:04.2074949Z,,oasis/bottle
,,,0,,,local.mqtt.telegraf,46,46.87,,,2cbcbb0d97a0,2cbcbb0d97a0-49,49,2C:BC:BB:0D:97:A0,ON,237709,1780911424137,237713,1780911424141,324156,1780911423366,26,2026-06-08T09:37:04.4788628Z,,oasis/bottle
,,,0,,,local.mqtt.telegraf,45,49.02,,,08a6f7bb3c68,08a6f7bb3c68-55,55,08:A6:F7:BB:3C:68,ON,238199,1780911424627,238203,1780911424631,346086,1780911423396,26,2026-06-08T09:37:04.9607406Z,,oasis/bottle
,,,0,,,local.mqtt.telegraf,46,43.77,,,08a6f76bd428,08a6f76bd428-52,52,08:A6:F7:6B:D4:28,ON,238263,1780911424691,238267,1780911424695,379266,1780911423236,25,2026-06-08T09:37:05.0075114Z,,oasis/bottle
,,,0,,,local.mqtt.telegraf,45,33.97,,,08a6f75abdf0,08a6f75abdf0-56,56,08:A6:F7:5A:BD:F0,ON,240179,1780911426607,240183,1780911426611,279407,1780911426527,26,2026-06-08T09:37:06.9621081Z,,oasis/bottle
,,,0,,,local.mqtt.telegraf,46,45.49,,,08a6f769c348,08a6f769c348-53,53,08:A6:F7:69:C3:48,ON,240679,1780911427107,240683,1780911427111,309147,1780911426807,25,2026-06-08T09:37:07.4515087Z,,oasis/bottle
,,,0,,,local.mqtt.telegraf,46,46.73,,,2cbcbb0d97a0,2cbcbb0d97a0-50,50,2C:BC:BB:0D:97:A0,ON,240899,1780911427327,240903,1780911427331,327346,1780911426746,26,2026-06-08T09:37:07.6664607Z,,oasis/bottle
,,,0,,,local.mqtt.telegraf,45,48.59,,,08a6f7bb3c68,08a6f7bb3c68-56,56,08:A6:F7:BB:3C:68,ON,241389,1780911427817,241393,1780911427821,349277,1780911426747,26,2026-06-08T09:37:08.1602145Z,,oasis/bottle
,,,0,,,local.mqtt.telegraf,46,43.85,,,08a6f76bd428,08a6f76bd428-53,53,08:A6:F7:6B:D4:28,ON,241619,1780911428047,241623,1780911428052,382626,1780911426915,25,2026-06-08T09:37:08.3947442Z,,oasis/bottle
,,,0,,,local.mqtt.telegraf,45,33.9,,,08a6f75abdf0,08a6f75abdf0-57,57,08:A6:F7:5A:BD:F0,ON,243449,1780911429877,243453,1780911429881,282677,1780911429797,26,2026-06-08T09:37:10.2307052Z,,oasis/bottle
,,,0,,,local.mqtt.telegraf,46,45.59,,,08a6f769c348,08a6f769c348-54,54,08:A6:F7:69:C3:48,ON,244049,1780911430477,244053,1780911430481,312516,1780911430176,25,2026-06-08T09:37:10.8166267Z,,oasis/bottle
,,,0,,,local.mqtt.telegraf,46,46.83,,,2cbcbb0d97a0,2cbcbb0d97a0-51,51,2C:BC:BB:0D:97:A0,ON,244149,1780911430577,244153,1780911430581,330596,1780911429996,26,2026-06-08T09:37:10.9196404Z,,oasis/bottle
,,,0,,,local.mqtt.telegraf,45,49.14,,,08a6f7bb3c68,08a6f7bb3c68-57,57,08:A6:F7:BB:3C:68,ON,244639,1780911431067,244643,1780911431071,352528,1780911429998,26,2026-06-08T09:37:11.4005908Z,,oasis/bottle
,,,0,,,local.mqtt.telegraf,46,43.91,,,08a6f76bd428,08a6f76bd428-54,54,08:A6:F7:6B:D4:28,ON,244959,1780911431387,244963,1780911431391,385966,1780911430255,25,2026-06-08T09:37:11.7312777Z,,oasis/bottle
,,,0,,,local.mqtt.telegraf,45,33.95,,,08a6f75abdf0,08a6f75abdf0-58,58,08:A6:F7:5A:BD:F0,ON,246849,1780911433277,246854,1780911433282,286076,1780911433196,26,2026-06-08T09:37:13.6334025Z,,oasis/bottle
,,,0,,,local.mqtt.telegraf,46,45.44,,,08a6f769c348,08a6f769c348-55,55,08:A6:F7:69:C3:48,ON,247409,1780911433837,247413,1780911433841,315876,1780911433536,25,2026-06-08T09:37:14.1806286Z,,oasis/bottle
,,,0,,,local.mqtt.telegraf,46,47.13,,,2cbcbb0d97a0,2cbcbb0d97a0-52,52,2C:BC:BB:0D:97:A0,ON,247509,1780911433937,247513,1780911433941,333956,1780911433356,26,2026-06-08T09:37:14.2905076Z,,oasis/bottle
,,,0,,,local.mqtt.telegraf,45,48.65,,,08a6f7bb3c68,08a6f7bb3c68-58,58,08:A6:F7:BB:3C:68,ON,248009,1780911434437,248013,1780911434441,355896,1780911433366,26,2026-06-08T09:37:14.776099Z,,oasis/bottle
,,,0,,,local.mqtt.telegraf,46,44.05,,,08a6f76bd428,08a6f76bd428-55,55,08:A6:F7:6B:D4:28,ON,248259,1780911434687,248263,1780911434691,389266,1780911433555,25,2026-06-08T09:37:15.0306256Z,,oasis/bottle
,,,0,,,local.mqtt.telegraf,45,33.78,,,08a6f75abdf0,08a6f75abdf0-59,59,08:A6:F7:5A:BD:F0,ON,250039,1780911436467,250043,1780911436471,289267,1780911436387,26,2026-06-08T09:37:16.8165958Z,,oasis/bottle
,,,0,,,local.mqtt.telegraf,46,45.33,,,08a6f769c348,08a6f769c348-56,56,08:A6:F7:69:C3:48,ON,250759,1780911437187,250763,1780911437191,319226,1780911436936,25,2026-06-08T09:37:17.5347492Z,,oasis/bottle
,,,0,,,local.mqtt.telegraf,46,46.55,,,2cbcbb0d97a0,2cbcbb0d97a0-53,53,2C:BC:BB:0D:97:A0,ON,250859,1780911437287,250863,1780911437292,337306,1780911436936,26,2026-06-08T09:37:17.6278436Z,,oasis/bottle
,,,0,,,local.mqtt.telegraf,45,48.63,,,08a6f7bb3c68,08a6f7bb3c68-59,59,08:A6:F7:BB:3C:68,ON,251369,1780911437797,251373,1780911437801,359257,1780911436947,26,2026-06-08T09:37:18.1442759Z,,oasis/bottle
,,,0,,,local.mqtt.telegraf,46,43.81,,,08a6f76bd428,08a6f76bd428-56,56,08:A6:F7:6B:D4:28,ON,251489,1780911437917,251493,1780911437921,392497,1780911436817,25,2026-06-08T09:37:18.2635132Z,,oasis/bottle
,,,0,,,local.mqtt.telegraf,46,33.91,,,08a6f75abdf0,08a6f75abdf0-60,60,08:A6:F7:5A:BD:F0,ON,253289,1780911439717,253293,1780911439721,292517,1780911439637,26,2026-06-08T09:37:20.0605783Z,,oasis/bottle
,,,0,,,local.mqtt.telegraf,46,45.42,,,08a6f769c348,08a6f769c348-57,57,08:A6:F7:69:C3:48,ON,254079,1780911440507,254083,1780911440511,322546,1780911440256,25,2026-06-08T09:37:20.8405382Z,,oasis/bottle
,,,0,,,local.mqtt.telegraf,46,46.73,,,2cbcbb0d97a0,2cbcbb0d97a0-54,54,2C:BC:BB:0D:97:A0,ON,254189,1780911440617,254193,1780911440621,340636,1780911440266,26,2026-06-08T09:37:20.9506867Z,,oasis/bottle
,,,0,,,local.mqtt.telegraf,45,48.74,,,08a6f7bb3c68,08a6f7bb3c68-60,60,08:A6:F7:BB:3C:68,ON,254719,1780911441147,254723,1780911441151,362606,1780911440296,26,2026-06-08T09:37:21.4858071Z,,oasis/bottle
,,,0,,,local.mqtt.telegraf,46,43.84,,,08a6f76bd428,08a6f76bd428-57,57,08:A6:F7:6B:D4:28,ON,254819,1780911441247,254823,1780911441252,395826,1780911440146,25,2026-06-08T09:37:21.5932957Z,,oasis/bottle
,,,0,,,local.mqtt.telegraf,46,33.83,,,08a6f75abdf0,08a6f75abdf0-61,61,08:A6:F7:5A:BD:F0,ON,256649,1780911443077,256653,1780911443081,295876,1780911442996,26,2026-06-08T09:37:23.420517Z,,oasis/bottle
,,,0,,,local.mqtt.telegraf,46,45.33,,,08a6f769c348,08a6f769c348-58,58,08:A6:F7:69:C3:48,ON,257349,1780911443777,257353,1780911443781,325817,1780911443527,25,2026-06-08T09:37:24.1121713Z,,oasis/bottle
,,,0,,,local.mqtt.telegraf,46,46.98,,,2cbcbb0d97a0,2cbcbb0d97a0-55,55,2C:BC:BB:0D:97:A0,ON,257469,1780911443897,257474,1780911443902,343916,1780911443546,26,2026-06-08T09:37:24.2434618Z,,oasis/bottle
,,,0,,,local.mqtt.telegraf,45,48.51,,,08a6f7bb3c68,08a6f7bb3c68-61,61,08:A6:F7:BB:3C:68,ON,258039,1780911444467,258043,1780911444471,365926,1780911443616,26,2026-06-08T09:37:24.8149307Z,,oasis/bottle
,,,0,,,local.mqtt.telegraf,46,43.92,,,08a6f76bd428,08a6f76bd428-58,58,08:A6:F7:6B:D4:28,ON,258101,1780911444529,258106,1780911444534,399106,1780911443426,25,2026-06-08T09:37:24.8540474Z,,oasis/bottle
,,,0,,,local.mqtt.telegraf,46,33.75,,,08a6f75abdf0,08a6f75abdf0-62,62,08:A6:F7:5A:BD:F0,ON,259999,1780911446427,260003,1780911446431,299227,1780911446347,26,2026-06-08T09:37:26.8231459Z,,oasis/bottle
,,,0,,,local.mqtt.telegraf,46,46.51,,,2cbcbb0d97a0,2cbcbb0d97a0-56,56,2C:BC:BB:0D:97:A0,ON,260659,1780911447087,260663,1780911447091,347106,1780911446806,26,2026-06-08T09:37:27.4375237Z,,oasis/bottle
,,,0,,,local.mqtt.telegraf,46,45.38,,,08a6f769c348,08a6f769c348-59,59,08:A6:F7:69:C3:48,ON,260759,1780911447188,260764,1780911447192,329226,1780911447026,26,2026-06-08T09:37:27.5366482Z,,oasis/bottle
,,,0,,,local.mqtt.telegraf,45,48.94,,,08a6f7bb3c68,08a6f7bb3c68-62,62,08:A6:F7:BB:3C:68,ON,261317,1780911447746,261322,1780911447750,369196,1780911446886,26,2026-06-08T09:37:28.072567Z,,oasis/bottle
,,,0,,,local.mqtt.telegraf,46,33.75,,,08a6f75abdf0,08a6f75abdf0-63,63,08:A6:F7:5A:BD:F0,ON,263319,1780911449747,263323,1780911449751,302547,1780911449667,26,2026-06-08T09:37:30.0969854Z,,oasis/bottle
,,,0,,,local.mqtt.telegraf,46,46.85,,,2cbcbb0d97a0,2cbcbb0d97a0-57,57,2C:BC:BB:0D:97:A0,ON,263909,1780911450337,263913,1780911450341,350356,1780911450056,26,2026-06-08T09:37:30.6807432Z,,oasis/bottle
,,,0,,,local.mqtt.telegraf,46,45.37,,,08a6f769c348,08a6f769c348-60,60,08:A6:F7:69:C3:48,ON,263958,1780911450386,263966,1780911450394,332426,1780911450226,26,2026-06-08T09:37:30.7150992Z,,oasis/bottle
,,,0,,,local.mqtt.telegraf,46,43.91,,,08a6f76bd428,08a6f76bd428-60,60,08:A6:F7:6B:D4:28,ON,264539,1780911450967,264545,1780911450973,405546,1780911450056,25,2026-06-08T09:37:31.3112592Z,,oasis/bottle
,,,0,,,local.mqtt.telegraf,45,48.96,,,08a6f7bb3c68,08a6f7bb3c68-63,63,08:A6:F7:BB:3C:68,ON,264709,1780911451137,264713,1780911451141,372596,1780911450286,26,2026-06-08T09:37:31.4830281Z,,oasis/bottle
,,,0,,,local.mqtt.telegraf,46,33.81,,,08a6f75abdf0,08a6f75abdf0-64,64,08:A6:F7:5A:BD:F0,ON,266589,1780911453017,266593,1780911453021,305817,1780911452937,26,2026-06-08T09:37:33.3705141Z,,oasis/bottle
,,,0,,,local.mqtt.telegraf,46,45.4,,,08a6f769c348,08a6f769c348-61,61,08:A6:F7:69:C3:48,ON,267239,1780911453667,267243,1780911453671,335707,1780911453507,26,2026-06-08T09:37:34.000294Z,,oasis/bottle
,,,0,,,local.mqtt.telegraf,46,46.83,,,2cbcbb0d97a0,2cbcbb0d97a0-58,58,2C:BC:BB:0D:97:A0,ON,267277,1780911453705,267290,1780911453718,353726,1780911453426,26,2026-06-08T09:37:34.0473248Z,,oasis/bottle
,,,0,,,local.mqtt.telegraf,46,43.84,,,08a6f76bd428,08a6f76bd428-61,61,08:A6:F7:6B:D4:28,ON,267925,1780911454353,267932,1780911454360,408916,1780911453426,25,2026-06-08T09:37:34.6673983Z,,oasis/bottle
,,,0,,,local.mqtt.telegraf,46,33.99,,,08a6f75abdf0,08a6f75abdf0-65,65,08:A6:F7:5A:BD:F0,ON,269990,1780911456418,269995,1780911456423,309220,1780911456309,26,2026-06-08T09:37:36.7656506Z,,oasis/bottle
,,,0,,,local.mqtt.telegraf,46,45.55,,,08a6f769c348,08a6f769c348-62,62,08:A6:F7:69:C3:48,ON,270409,1780911456837,270413,1780911456841,338876,1780911456735,26,2026-06-08T09:37:37.1868662Z,,oasis/bottle
,,,0,,,local.mqtt.telegraf,46,47,,,2cbcbb0d97a0,2cbcbb0d97a0-59,59,2C:BC:BB:0D:97:A0,ON,270639,1780911457067,270643,1780911457071,357087,1780911456986,26,2026-06-08T09:37:37.4104546Z,,oasis/bottle
,,,0,,,local.mqtt.telegraf,45,49,,,08a6f7bb3c68,08a6f7bb3c68-65,65,08:A6:F7:BB:3C:68,ON,271149,1780911457577,271153,1780911457581,379036,1780911456895,26,2026-06-08T09:37:37.916478Z,,oasis/bottle
,,,0,,,local.mqtt.telegraf,46,44,,,08a6f76bd428,08a6f76bd428-62,62,08:A6:F7:6B:D4:28,ON,271269,1780911457697,271274,1780911457702,412276,1780911457005,25,2026-06-08T09:37:38.0418958Z,,oasis/bottle
,,,0,,,local.mqtt.telegraf,46,34.37,,,08a6f75abdf0,08a6f75abdf0-66,66,08:A6:F7:5A:BD:F0,ON,273189,1780911459617,273193,1780911459621,312416,1780911459505,26,2026-06-08T09:37:39.9659064Z,,oasis/bottle
,,,0,,,local.mqtt.telegraf,46,45.68,,,08a6f769c348,08a6f769c348-63,63,08:A6:F7:69:C3:48,ON,273649,1780911460077,273653,1780911460081,342116,1780911459975,26,2026-06-08T09:37:40.4225464Z,,oasis/bottle
,,,0,,,local.mqtt.telegraf,46,47.3,,,2cbcbb0d97a0,2cbcbb0d97a0-60,60,2C:BC:BB:0D:97:A0,ON,273989,1780911460417,273993,1780911460421,360437,1780911460336,26,2026-06-08T09:37:40.7622026Z,,oasis/bottle
,,,0,,,local.mqtt.telegraf,45,49.12,,,08a6f7bb3c68,08a6f7bb3c68-66,66,08:A6:F7:BB:3C:68,ON,274519,1780911460947,274523,1780911460951,382406,1780911460265,26,2026-06-08T09:37:41.2988705Z,,oasis/bottle
,,,0,,,local.mqtt.telegraf,46,44.43,,,08a6f76bd428,08a6f76bd428-63,63,08:A6:F7:6B:D4:28,ON,274619,1780911461047,274624,1780911461052,415626,1780911460355,25,2026-06-08T09:37:41.3866524Z,,oasis/bottle
,,,0,,,local.mqtt.telegraf,45,35.12,,,08a6f75abdf0,08a6f75abdf0-67,67,08:A6:F7:5A:BD:F0,ON,276449,1780911462877,276453,1780911462881,315677,1780911462766,26,2026-06-08T09:37:43.2261148Z,,oasis/bottle
,,,0,,,local.mqtt.telegraf,46,46.3,,,08a6f769c348,08a6f769c348-64,64,08:A6:F7:69:C3:48,ON,276969,1780911463397,276973,1780911463401,345436,1780911463295,26,2026-06-08T09:37:43.7415847Z,,oasis/bottle
,,,0,,,local.mqtt.telegraf,46,47.34,,,2cbcbb0d97a0,2cbcbb0d97a0-61,61,2C:BC:BB:0D:97:A0,ON,277309,1780911463737,277313,1780911463741,363756,1780911463655,26,2026-06-08T09:37:44.0874958Z,,oasis/bottle
,,,0,,,local.mqtt.telegraf,44,49.18,,,08a6f7bb3c68,08a6f7bb3c68-67,67,08:A6:F7:BB:3C:68,ON,277879,1780911464307,277883,1780911464311,385766,1780911463625,26,2026-06-08T09:37:44.6490965Z,,oasis/bottle
,,,0,,,local.mqtt.telegraf,45,44.68,,,08a6f76bd428,08a6f76bd428-64,64,08:A6:F7:6B:D4:28,ON,277941,1780911464369,277946,1780911464374,418946,1780911463675,25,2026-06-08T09:37:44.6909317Z,,oasis/bottle
,,,0,,,local.mqtt.telegraf,45,34.96,,,08a6f75abdf0,08a6f75abdf0-68,68,08:A6:F7:5A:BD:F0,ON,279839,1780911466267,279843,1780911466271,319066,1780911466183,26,2026-06-08T09:37:46.6104047Z,,oasis/bottle
,,,0,,,local.mqtt.telegraf,46,46.14,,,08a6f769c348,08a6f769c348-65,65,08:A6:F7:69:C3:48,ON,280229,1780911466657,280234,1780911466662,348696,1780911466573,26,2026-06-08T09:37:47.0006379Z,,oasis/bottle
,,,0,,,local.mqtt.telegraf,46,47.29,,,2cbcbb0d97a0,2cbcbb0d97a0-62,62,2C:BC:BB:0D:97:A0,ON,280569,1780911466997,280573,1780911467001,367019,1780911466926,26,2026-06-08T09:37:47.3449809Z,,oasis/bottle
,,,0,,,local.mqtt.telegraf,44,48.93,,,08a6f7bb3c68,08a6f7bb3c68-68,68,08:A6:F7:BB:3C:68,ON,281237,1780911467665,281241,1780911467669,389116,1780911467063,26,2026-06-08T09:37:47.9803955Z,,oasis/bottle
,,,0,,,local.mqtt.telegraf,45,34.14,,,08a6f75abdf0,08a6f75abdf0-69,69,08:A6:F7:5A:BD:F0,ON,283239,1780911469667,283243,1780911469671,322466,1780911469583,26,2026-06-08T09:37:50.0180237Z,,oasis/bottle
,,,0,,,local.mqtt.telegraf,46,45.38,,,08a6f769c348,08a6f769c348-66,66,08:A6:F7:69:C3:48,ON,283619,1780911470047,283623,1780911470051,352086,1780911469963,26,2026-06-08T09:37:50.3858604Z,,oasis/bottle
,,,0,,,local.mqtt.telegraf,46,46.86,,,2cbcbb0d97a0,2cbcbb0d97a0-63,63,2C:BC:BB:0D:97:A0,ON,283969,1780911470397,283973,1780911470401,370417,1780911470324,26,2026-06-08T09:37:50.7392803Z,,oasis/bottle
,,,0,,,local.mqtt.telegraf,45,49.23,,,08a6f7bb3c68,08a6f7bb3c68-69,69,08:A6:F7:BB:3C:68,ON,284560,1780911470988,284564,1780911470992,392446,1780911470393,26,2026-06-08T09:37:51.332837Z,,oasis/bottle
,,,0,,,local.mqtt.telegraf,45,44.05,,,08a6f76bd428,08a6f76bd428-66,66,08:A6:F7:6B:D4:28,ON,284608,1780911471037,284613,1780911471041,425616,1780911470383,25,2026-06-08T09:37:51.3706934Z,,oasis/bottle
,,,0,,,local.mqtt.telegraf,45,33.86,,,08a6f75abdf0,08a6f75abdf0-70,70,08:A6:F7:5A:BD:F0,ON,286429,1780911472857,286433,1780911472861,325656,1780911472773,26,2026-06-08T09:37:53.205347Z,,oasis/bottle
,,,0,,,local.mqtt.telegraf,46,45.13,,,08a6f769c348,08a6f769c348-67,67,08:A6:F7:69:C3:48,ON,287029,1780911473457,287033,1780911473461,355496,1780911473373,26,2026-06-08T09:37:53.8003059Z,,oasis/bottle
,,,0,,,local.mqtt.telegraf,46,46.71,,,2cbcbb0d97a0,2cbcbb0d97a0-64,64,2C:BC:BB:0D:97:A0,ON,287149,1780911473577,287154,1780911473582,373597,1780911473504,26,2026-06-08T09:37:53.9203469Z,,oasis/bottle
,,,0,,,local.mqtt.telegraf,44,49.18,,,08a6f7bb3c68,08a6f7bb3c68-70,70,08:A6:F7:BB:3C:68,ON,287838,1780911474267,287843,1780911474271,395730,1780911473677,26,2026-06-08T09:37:54.5600751Z,,oasis/bottle
,,,0,,,local.mqtt.telegraf,45,33.75,,,08a6f75abdf0,08a6f75abdf0-71,71,08:A6:F7:5A:BD:F0,ON,289669,1780911476097,289673,1780911476101,328898,1780911476015,26,2026-06-08T09:37:56.451177Z,,oasis/bottle
,,,0,,,local.mqtt.telegraf,45,45.34,,,08a6f769c348,08a6f769c348-68,68,08:A6:F7:69:C3:48,ON,290229,1780911476657,290233,1780911476661,358696,1780911476576,26,2026-06-08T09:37:57.001655Z,,oasis/bottle
,,,0,,,local.mqtt.telegraf,46,46.67,,,2cbcbb0d97a0,2cbcbb0d97a0-65,65,2C:BC:BB:0D:97:A0,ON,290379,1780911476807,290383,1780911476811,376827,1780911476737,26,2026-06-08T09:37:57.1403629Z,,oasis/bottle
,,,0,,,local.mqtt.telegraf,45,43.93,,,08a6f76bd428,08a6f76bd428-68,68,08:A6:F7:6B:D4:28,ON,291057,1780911477485,291061,1780911477489,432057,1780911476997,25,2026-06-08T09:37:57.8060609Z,,oasis/bottle
,,,0,,,local.mqtt.telegraf,45,33.87,,,08a6f75abdf0,08a6f75abdf0-72,72,08:A6:F7:5A:BD:F0,ON,293029,1780911479457,293034,1780911479462,332256,1780911477106,26,2026-06-08T09:37:59.8047807Z,,oasis/bottle
,,,0,,,local.mqtt.telegraf,45,45.12,,,08a6f769c348,08a6f769c348-69,69,08:A6:F7:69:C3:48,ON,293499,1780911479927,293503,1780911479931,361966,1780911479846,26,2026-06-08T09:38:00.2782939Z,,oasis/bottle
,,,0,,,local.mqtt.telegraf,46,46.71,,,2cbcbb0d97a0,2cbcbb0d97a0-66,66,2C:BC:BB:0D:97:A0,ON,293699,1780911480127,293703,1780911480131,380146,1780911480056,26,2026-06-08T09:38:00.4604176Z,,oasis/bottle
,,,0,,,local.mqtt.telegraf,45,48.66,,,08a6f7bb3c68,08a6f7bb3c68-72,72,08:A6:F7:BB:3C:68,ON,294269,1780911480697,294273,1780911480701,402156,1780911480176,26,2026-06-08T09:38:01.0415297Z,,oasis/bottle
,,,0,,,local.mqtt.telegraf,45,43.88,,,08a6f76bd428,08a6f76bd428-69,69,08:A6:F7:6B:D4:28,ON,294409,1780911480837,294413,1780911480841,435416,1780911480356,25,2026-06-08T09:38:01.1811222Z,,oasis/bottle
,,,0,,,local.mqtt.telegraf,45,33.75,,,08a6f75abdf0,08a6f75abdf0-73,73,08:A6:F7:5A:BD:F0,ON,296369,1780911482797,296373,1780911482801,335596,1780911480446,26,2026-06-08T09:38:03.1457623Z,,oasis/bottle
,,,0,,,local.mqtt.telegraf,45,45.17,,,08a6f769c348,08a6f769c348-70,70,08:A6:F7:69:C3:48,ON,296899,1780911483327,296903,1780911483331,365366,1780911483246,26,2026-06-08T09:38:03.6738451Z,,oasis/bottle
,,,0,,,local.mqtt.telegraf,46,46.79,,,2cbcbb0d97a0,2cbcbb0d97a0-67,67,2C:BC:BB:0D:97:A0,ON,296969,1780911483397,296973,1780911483401,383417,1780911483327,26,2026-06-08T09:38:03.7102109Z,,oasis/bottle
,,,0,,,local.mqtt.telegraf,45,48.69,,,08a6f7bb3c68,08a6f7bb3c68-73,73,08:A6:F7:BB:3C:68,ON,297619,1780911484047,297623,1780911484051,405506,1780911483526,26,2026-06-08T09:38:04.3833252Z,,oasis/bottle
,,,0,,,local.mqtt.telegraf,45,43.76,,,08a6f76bd428,08a6f76bd428-70,70,08:A6:F7:6B:D4:28,ON,297759,1780911484187,297763,1780911484191,438766,1780911483706,25,2026-06-08T09:38:04.5271035Z,,oasis/bottle
,,,0,,,local.mqtt.telegraf,45,33.73,,,08a6f75abdf0,08a6f75abdf0-74,74,08:A6:F7:5A:BD:F0,ON,299679,1780911486107,299683,1780911486111,338906,1780911483756,26,2026-06-08T09:38:06.4500525Z,,oasis/bottle
,,,0,,,local.mqtt.telegraf,45,45.34,,,08a6f769c348,08a6f769c348-71,71,08:A6:F7:69:C3:48,ON,300089,1780911486517,300094,1780911486522,368558,1780911486438,26,2026-06-08T09:38:06.8584021Z,,oasis/bottle
,,,0,,,local.mqtt.telegraf,46,46.63,,,2cbcbb0d97a0,2cbcbb0d97a0-68,68,2C:BC:BB:0D:97:A0,ON,300379,1780911486807,300383,1780911486811,386827,1780911486737,26,2026-06-08T09:38:07.1418009Z,,oasis/bottle
,,,0,,,local.mqtt.telegraf,44,48.86,,,08a6f7bb3c68,08a6f7bb3c68-74,74,08:A6:F7:BB:3C:68,ON,300939,1780911487367,300943,1780911487371,408827,1780911487097,26,2026-06-08T09:38:07.7015923Z,,oasis/bottle
,,,0,,,local.mqtt.telegraf,45,43.77,,,08a6f76bd428,08a6f76bd428-71,71,08:A6:F7:6B:D4:28,ON,301089,1780911487517,301093,1780911487521,442097,1780911487107,25,2026-06-08T09:38:07.8501823Z,,oasis/bottle
,,,0,,,local.mqtt.telegraf,45,33.59,,,08a6f75abdf0,08a6f75abdf0-75,75,08:A6:F7:5A:BD:F0,ON,302919,1780911489347,302923,1780911489351,342146,1780911487016,26,2026-06-08T09:38:09.6916876Z,,oasis/bottle
,,,0,,,local.mqtt.telegraf,45,45.33,,,08a6f769c348,08a6f769c348-72,72,08:A6:F7:69:C3:48,ON,303339,1780911489767,303343,1780911489771,371806,1780911489686,26,2026-06-08T09:38:10.1090986Z,,oasis/bottle
,,,0,,,local.mqtt.telegraf,46,46.67,,,2cbcbb0d97a0,2cbcbb0d97a0-69,69,2C:BC:BB:0D:97:A0,ON,303579,1780911490007,303584,1780911490012,390027,1780911489937,26,2026-06-08T09:38:10.3437458Z,,oasis/bottle
,,,0,,,local.mqtt.telegraf,44,48.81,,,08a6f7bb3c68,08a6f7bb3c68-75,75,08:A6:F7:BB:3C:68,ON,304209,1780911490637,304213,1780911490641,412097,1780911490367,26,2026-06-08T09:38:10.9716616Z,,oasis/bottle
,,,0,,,local.mqtt.telegraf,45,43.64,,,08a6f76bd428,08a6f76bd428-72,72,08:A6:F7:6B:D4:28,ON,304369,1780911490797,304374,1780911490802,445376,1780911490386,26,2026-06-08T09:38:11.1402965Z,,oasis/bottle
,,,0,,,local.mqtt.telegraf,45,33.73,,,08a6f75abdf0,08a6f75abdf0-76,76,08:A6:F7:5A:BD:F0,ON,306269,1780911492697,306273,1780911492701,345496,1780911490366,26,2026-06-08T09:38:13.0432574Z,,oasis/bottle
,,,0,,,local.mqtt.telegraf,45,45.18,,,08a6f769c348,08a6f769c348-73,73,08:A6:F7:69:C3:48,ON,306699,1780911493127,306703,1780911493131,375166,1780911493046,26,2026-06-08T09:38:13.4720869Z,,oasis/bottle
,,,0,,,local.mqtt.telegraf,46,46.69,,,2cbcbb0d97a0,2cbcbb0d97a0-70,70,2C:BC:BB:0D:97:A0,ON,306849,1780911493277,306853,1780911493281,393296,1780911493206,26,2026-06-08T09:38:13.6166975Z,,oasis/bottle
,,,0,,,local.mqtt.telegraf,45,43.64,,,08a6f76bd428,08a6f76bd428-73,73,08:A6:F7:6B:D4:28,ON,307561,1780911493989,307565,1780911493994,448566,1780911493576,26,2026-06-08T09:38:14.3346989Z,,oasis/bottle
,,,0,,,local.mqtt.telegraf,45,48.42,,,08a6f7bb3c68,08a6f7bb3c68-76,76,08:A6:F7:BB:3C:68,ON,307621,1780911494049,307626,1780911494054,415506,1780911493776,26,2026-06-08T09:38:14.3700433Z,,oasis/bottle
,,,0,,,local.mqtt.telegraf,45,33.79,,,08a6f75abdf0,08a6f75abdf0-77,77,08:A6:F7:5A:BD:F0,ON,309589,1780911496017,309593,1780911496021,348816,1780911493686,26,2026-06-08T09:38:16.3657332Z,,oasis/bottle
,,,0,,,local.mqtt.telegraf,45,45.32,,,08a6f769c348,08a6f769c348-74,74,08:A6:F7:69:C3:48,ON,310049,1780911496477,310053,1780911496481,378516,1780911496386,26,2026-06-08T09:38:16.8269701Z,,oasis/bottle
,,,0,,,local.mqtt.telegraf,46,46.78,,,2cbcbb0d97a0,2cbcbb0d97a0-71,71,2C:BC:BB:0D:97:A0,ON,310259,1780911496687,310263,1780911496691,396706,1780911496616,26,2026-06-08T09:38:17.02746Z,,oasis/bottle
,,,0,,,local.mqtt.telegraf,44,48.43,,,08a6f7bb3c68,08a6f7bb3c68-77,77,08:A6:F7:BB:3C:68,ON,310835,1780911497263,310839,1780911497267,418707,1780911497007,26,2026-06-08T09:38:17.5802162Z,,oasis/bottle
,,,0,,,local.mqtt.telegraf,45,33.79,,,08a6f75abdf0,08a6f75abdf0-78,78,08:A6:F7:5A:BD:F0,ON,312859,1780911499287,312863,1780911499291,352086,1780911497076,26,2026-06-08T09:38:19.6300272Z,,oasis/bottle
,,,0,,,local.mqtt.telegraf,45,45.09,,,08a6f769c348,08a6f769c348-75,75,08:A6:F7:69:C3:48,ON,313379,1780911499807,313383,1780911499811,381846,1780911499716,26,2026-06-08T09:38:20.1400829Z,,oasis/bottle
,,,0,,,local.mqtt.telegraf,46,46.69,,,2cbcbb0d97a0,2cbcbb0d97a0-72,72,2C:BC:BB:0D:97:A0,ON,313459,1780911499887,313463,1780911499891,399907,1780911499817,26,2026-06-08T09:38:20.2263125Z,,oasis/bottle
,,,0,,,local.mqtt.telegraf,45,48.73,,,08a6f7bb3c68,08a6f7bb3c68-78,78,08:A6:F7:BB:3C:68,ON,314099,1780911500527,314103,1780911500531,421987,1780911500287,26,2026-06-08T09:38:20.8686398Z,,oasis/bottle
,,,0,,,local.mqtt.telegraf,45,43.64,,,08a6f76bd428,08a6f76bd428-75,75,08:A6:F7:6B:D4:28,ON,314169,1780911500597,314173,1780911500601,455176,1780911500416,26,2026-06-08T09:38:20.9006296Z,,oasis/bottle
,,,0,,,local.mqtt.telegraf,45,33.74,,,08a6f75abdf0,08a6f75abdf0-79,79,08:A6:F7:5A:BD:F0,ON,316269,1780911502697,316273,1780911502701,355496,1780911500486,26,2026-06-08T09:38:23.0401805Z,,oasis/bottle
,,,0,,,local.mqtt.telegraf,45,45.46,,,08a6f769c348,08a6f769c348-76,76,08:A6:F7:69:C3:48,ON,316659,1780911503087,316663,1780911503091,385126,1780911502996,26,2026-06-08T09:38:23.4201714Z,,oasis/bottle
,,,0,,,local.mqtt.telegraf,46,46.67,,,2cbcbb0d97a0,2cbcbb0d97a0-73,73,2C:BC:BB:0D:97:A0,ON,316729,1780911503157,316733,1780911503161,403177,1780911503087,26,2026-06-08T09:38:23.4600973Z,,oasis/bottle
,,,0,,,local.mqtt.telegraf,45,48.69,,,08a6f7bb3c68,08a6f7bb3c68-79,79,08:A6:F7:BB:3C:68,ON,317279,1780911503707,317283,1780911503711,425166,1780911503466,26,2026-06-08T09:38:24.0446115Z,,oasis/bottle
,,,0,,,local.mqtt.telegraf,45,43.64,,,08a6f76bd428,08a6f76bd428-76,76,08:A6:F7:6B:D4:28,ON,317518,1780911503947,317523,1780911503951,458526,1780911503766,26,2026-06-08T09:38:24.2800967Z,,oasis/bottle
,,,0,,,local.mqtt.telegraf,45,33.66,,,08a6f75abdf0,08a6f75abdf0-80,80,08:A6:F7:5A:BD:F0,ON,319469,1780911505897,319473,1780911505901,358696,1780911503686,26,2026-06-08T09:38:26.2430583Z,,oasis/bottle
,,,0,,,local.mqtt.telegraf,45,45.3,,,08a6f769c348,08a6f769c348-77,77,08:A6:F7:69:C3:48,ON,319849,1780911506277,319853,1780911506281,388317,1780911506197,26,2026-06-08T09:38:26.6179351Z,,oasis/bottle
,,,0,,,local.mqtt.telegraf,46,46.87,,,2cbcbb0d97a0,2cbcbb0d97a0-74,74,2C:BC:BB:0D:97:A0,ON,320129,1780911506557,320133,1780911506561,406577,1780911506487,26,2026-06-08T09:38:26.8952318Z,,oasis/bottle
,,,0,,,local.mqtt.telegraf,44,48.82,,,08a6f7bb3c68,08a6f7bb3c68-80,80,08:A6:F7:BB:3C:68,ON,320499,1780911506927,320503,1780911506931,428386,1780911506866,26,2026-06-08T09:38:27.2689512Z,,oasis/bottle
,,,0,,,local.mqtt.telegraf,45,43.64,,,08a6f76bd428,08a6f76bd428-77,77,08:A6:F7:6B:D4:28,ON,320839,1780911507267,320844,1780911507272,461846,1780911507156,26,2026-06-08T09:38:27.6101367Z,,oasis/bottle
,,,0,,,local.mqtt.telegraf,45,33.74,,,08a6f75abdf0,08a6f75abdf0-81,81,08:A6:F7:5A:BD:F0,ON,322739,1780911509167,322743,1780911509171,361966,1780911507106,26,2026-06-08T09:38:29.5150397Z,,oasis/bottle
,,,0,,,local.mqtt.telegraf,45,45.34,,,08a6f769c348,08a6f769c348-78,78,08:A6:F7:69:C3:48,ON,323089,1780911509517,323093,1780911509521,391557,1780911509437,26,2026-06-08T09:38:29.8561927Z,,oasis/bottle
,,,0,,,local.mqtt.telegraf,46,46.59,,,2cbcbb0d97a0,2cbcbb0d97a0-75,75,2C:BC:BB:0D:97:A0,ON,323319,1780911509747,323323,1780911509751,409766,1780911509676,26,2026-06-08T09:38:30.090145Z,,oasis/bottle
,,,0,,,local.mqtt.telegraf,44,48.59,,,08a6f7bb3c68,08a6f7bb3c68-81,81,08:A6:F7:BB:3C:68,ON,323819,1780911510247,323823,1780911510251,431706,1780911510186,26,2026-06-08T09:38:30.5947351Z,,oasis/bottle
,,,0,,,local.mqtt.telegraf,45,43.64,,,08a6f76bd428,08a6f76bd428-78,78,08:A6:F7:6B:D4:28,ON,324109,1780911510537,324113,1780911510541,465117,1780911510427,26,2026-06-08T09:38:30.8800038Z,,oasis/bottle
,,,0,,,local.mqtt.telegraf,45,33.74,,,08a6f75abdf0,08a6f75abdf0-82,82,08:A6:F7:5A:BD:F0,ON,326149,1780911512577,326153,1780911512581,365376,1780911510516,26,2026-06-08T09:38:32.9301105Z,,oasis/bottle
,,,0,,,local.mqtt.telegraf,45,45.33,,,08a6f769c348,08a6f769c348-79,79,08:A6:F7:69:C3:48,ON,326439,1780911512867,326443,1780911512871,394906,1780911512786,26,2026-06-08T09:38:33.2109468Z,,oasis/bottle
,,,0,,,local.mqtt.telegraf,46,46.63,,,2cbcbb0d97a0,2cbcbb0d97a0-76,76,2C:BC:BB:0D:97:A0,ON,326560,1780911512988,326564,1780911512992,413006,1780911512916,26,2026-06-08T09:38:33.3302303Z,,oasis/bottle
,,,0,,,local.mqtt.telegraf,44,49.01,,,08a6f7bb3c68,08a6f7bb3c68-82,82,08:A6:F7:BB:3C:68,ON,327069,1780911513497,327073,1780911513501,434956,1780911513436,26,2026-06-08T09:38:33.8401779Z,,oasis/bottle
,,,0,,,local.mqtt.telegraf,45,43.62,,,08a6f76bd428,08a6f76bd428-79,79,08:A6:F7:6B:D4:28,ON,327528,1780911513957,327533,1780911513961,468526,1780911513836,26,2026-06-08T09:38:34.2999684Z,,oasis/bottle
,,,0,,,local.mqtt.telegraf,45,33.74,,,08a6f75abdf0,08a6f75abdf0-83,83,08:A6:F7:5A:BD:F0,ON,329349,1780911515777,329353,1780911515781,368576,1780911513716,26,2026-06-08T09:38:36.1247248Z,,oasis/bottle
,,,0,,,local.mqtt.telegraf,45,45.29,,,08a6f769c348,08a6f769c348-80,80,08:A6:F7:69:C3:48,ON,329769,1780911516197,329773,1780911516201,398236,1780911516116,26,2026-06-08T09:38:36.5343997Z,,oasis/bottle
,,,0,,,local.mqtt.telegraf,46,46.77,,,2cbcbb0d97a0,2cbcbb0d97a0-77,77,2C:BC:BB:0D:97:A0,ON,329919,1780911516347,329923,1780911516351,416367,1780911516277,26,2026-06-08T09:38:36.6870226Z,,oasis/bottle
,,,0,,,local.mqtt.telegraf,44,49.01,,,08a6f7bb3c68,08a6f7bb3c68-83,83,08:A6:F7:BB:3C:68,ON,330439,1780911516867,330443,1780911516871,438326,1780911516796,26,2026-06-08T09:38:37.2065401Z,,oasis/bottle
,,,0,,,local.mqtt.telegraf,45,44.09,,,08a6f76bd428,08a6f76bd428-80,80,08:A6:F7:6B:D4:28,ON,330719,1780911517148,330724,1780911517152,471727,1780911517067,26,2026-06-08T09:38:37.4887357Z,,oasis/bottle
,,,0,,,local.mqtt.telegraf,45,33.75,,,08a6f75abdf0,08a6f75abdf0-84,84,08:A6:F7:5A:BD:F0,ON,332619,1780911519047,332623,1780911519051,371846,1780911517136,26,2026-06-08T09:38:39.4022886Z,,oasis/bottle
,,,0,,,local.mqtt.telegraf,45,45.34,,,08a6f769c348,08a6f769c348-81,81,08:A6:F7:69:C3:48,ON,333059,1780911519487,333063,1780911519491,401526,1780911517156,26,2026-06-08T09:38:39.8304987Z,,oasis/bottle
,,,0,,,local.mqtt.telegraf,46,46.75,,,2cbcbb0d97a0,2cbcbb0d97a0-78,78,2C:BC:BB:0D:97:A0,ON,333259,1780911519687,333263,1780911519691,419706,1780911519616,26,2026-06-08T09:38:40.0198823Z,,oasis/bottle
,,,0,,,local.mqtt.telegraf,44,48.73,,,08a6f7bb3c68,08a6f7bb3c68-84,84,08:A6:F7:BB:3C:68,ON,333809,1780911520237,333813,1780911520241,441696,1780911520166,26,2026-06-08T09:38:40.581685Z,,oasis/bottle
,,,0,,,local.mqtt.telegraf,45,43.84,,,08a6f76bd428,08a6f76bd428-81,81,08:A6:F7:6B:D4:28,ON,333990,1780911520418,333995,1780911520423,474997,1780911520337,26,2026-06-08T09:38:40.7519942Z,,oasis/bottle
,,,0,,,local.mqtt.telegraf,44,33.6,,,08a6f75abdf0,08a6f75abdf0-85,85,08:A6:F7:5A:BD:F0,ON,336029,1780911522457,336033,1780911522461,375256,1780911520546,26,2026-06-08T09:38:42.7997122Z,,oasis/bottle
,,,0,,,local.mqtt.telegraf,45,45.25,,,08a6f769c348,08a6f769c348-82,82,08:A6:F7:69:C3:48,ON,336259,1780911522687,336263,1780911522691,404726,1780911520356,26,2026-06-08T09:38:43.0253602Z,,oasis/bottle
,,,0,,,local.mqtt.telegraf,46,46.67,,,2cbcbb0d97a0,2cbcbb0d97a0-79,79,2C:BC:BB:0D:97:A0,ON,336559,1780911522987,336563,1780911522991,423007,1780911522917,26,2026-06-08T09:38:43.3204901Z,,oasis/bottle
,,,0,,,local.mqtt.telegraf,44,48.65,,,08a6f7bb3c68,08a6f7bb3c68-85,85,08:A6:F7:BB:3C:68,ON,337169,1780911523597,337174,1780911523602,445056,1780911523526,26,2026-06-08T09:38:43.9355218Z,,oasis/bottle
,,,0,,,local.mqtt.telegraf,45,43.85,,,08a6f76bd428,08a6f76bd428-82,82,08:A6:F7:6B:D4:28,ON,337399,1780911523827,337403,1780911523831,478406,1780911523746,26,2026-06-08T09:38:44.1627812Z,,oasis/bottle
,,,0,,,local.mqtt.telegraf,44,33.75,,,08a6f75abdf0,08a6f75abdf0-86,86,08:A6:F7:5A:BD:F0,ON,339229,1780911525657,339233,1780911525661,378456,1780911523746,26,2026-06-08T09:38:46.0115736Z,,oasis/bottle
,,,0,,,local.mqtt.telegraf,45,45.1,,,08a6f769c348,08a6f769c348-83,83,08:A6:F7:69:C3:48,ON,339529,1780911525957,339533,1780911525961,407996,1780911523626,26,2026-06-08T09:38:46.3442783Z,,oasis/bottle
,,,0,,,local.mqtt.telegraf,46,46.63,,,2cbcbb0d97a0,2cbcbb0d97a0-80,80,2C:BC:BB:0D:97:A0,ON,339789,1780911526217,339793,1780911526221,426236,1780911526146,26,2026-06-08T09:38:46.5573818Z,,oasis/bottle
,,,0,,,local.mqtt.telegraf,44,48.69,,,08a6f7bb3c68,08a6f7bb3c68-86,86,08:A6:F7:BB:3C:68,ON,340519,1780911526947,340523,1780911526951,448407,1780911526887,26,2026-06-08T09:38:47.3055205Z,,oasis/bottle
,,,0,,,local.mqtt.telegraf,45,43.97,,,08a6f76bd428,08a6f76bd428-83,83,08:A6:F7:6B:D4:28,ON,340600,1780911527028,340605,1780911527033,481606,1780911526965,26,2026-06-08T09:38:47.3400223Z,,oasis/bottle
,,,0,,,local.mqtt.telegraf,44,33.81,,,08a6f75abdf0,08a6f75abdf0-87,87,08:A6:F7:5A:BD:F0,ON,342499,1780911528927,342503,1780911528931,381726,1780911527165,26,2026-06-08T09:38:49.2696023Z,,oasis/bottle
,,,0,,,local.mqtt.telegraf,45,45.33,,,08a6f769c348,08a6f769c348-84,84,08:A6:F7:69:C3:48,ON,342929,1780911529357,342933,1780911529361,411397,1780911527297,26,2026-06-08T09:38:49.6970771Z,,oasis/bottle
,,,0,,,local.mqtt.telegraf,46,46.5,,,2cbcbb0d97a0,2cbcbb0d97a0-81,81,2C:BC:BB:0D:97:A0,ON,343119,1780911529547,343123,1780911529551,429567,1780911527227,26,2026-06-08T09:38:49.8799544Z,,oasis/bottle
,,,0,,,local.mqtt.telegraf,45,44.21,,,08a6f76bd428,08a6f76bd428-84,84,08:A6:F7:6B:D4:28,ON,343877,1780911530305,343881,1780911530309,484877,1780911530236,26,2026-06-08T09:38:50.6496319Z,,oasis/bottle
,,,0,,,local.mqtt.telegraf,45,33.83,,,08a6f75abdf0,08a6f75abdf0-88,88,08:A6:F7:5A:BD:F0,ON,345909,1780911532337,345913,1780911532341,385136,1780911530575,27,2026-06-08T09:38:52.6822899Z,,oasis/bottle
,,,0,,,local.mqtt.telegraf,45,45.38,,,08a6f769c348,08a6f769c348-85,85,08:A6:F7:69:C3:48,ON,346129,1780911532557,346133,1780911532561,414596,1780911530496,26,2026-06-08T09:38:52.8966748Z,,oasis/bottle
,,,0,,,local.mqtt.telegraf,46,46.39,,,2cbcbb0d97a0,2cbcbb0d97a0-82,82,2C:BC:BB:0D:97:A0,ON,346399,1780911532827,346403,1780911532831,432847,1780911530507,26,2026-06-08T09:38:53.1616079Z,,oasis/bottle
,,,0,,,local.mqtt.telegraf,44,48.98,,,08a6f7bb3c68,08a6f7bb3c68-88,88,08:A6:F7:BB:3C:68,ON,347129,1780911533557,347133,1780911533561,455016,1780911533496,26,2026-06-08T09:38:53.8900445Z,,oasis/bottle
,,,0,,,local.mqtt.telegraf,45,43.61,,,08a6f76bd428,08a6f76bd428-85,85,08:A6:F7:6B:D4:28,ON,347269,1780911533697,347273,1780911533701,488276,1780911533635,26,2026-06-08T09:38:54.0396274Z,,oasis/bottle
,,,0,,,local.mqtt.telegraf,45,33.74,,,08a6f75abdf0,08a6f75abdf0-89,89,08:A6:F7:5A:BD:F0,ON,349109,1780911535537,349113,1780911535541,388336,1780911533775,26,2026-06-08T09:38:55.884791Z,,oasis/bottle
,,,0,,,local.mqtt.telegraf,45,45.49,,,08a6f769c348,08a6f769c348-86,86,08:A6:F7:69:C3:48,ON,349389,1780911535817,349393,1780911535821,417856,1780911533756,26,2026-06-08T09:38:56.1613008Z,,oasis/bottle
,,,0,,,local.mqtt.telegraf,46,46.78,,,2cbcbb0d97a0,2cbcbb0d97a0-83,83,2C:BC:BB:0D:97:A0,ON,349599,1780911536027,349603,1780911536031,436047,1780911533707,26,2026-06-08T09:38:56.3680241Z,,oasis/bottle
,,,0,,,local.mqtt.telegraf,44,49.01,,,08a6f7bb3c68,08a6f7bb3c68-89,89,08:A6:F7:BB:3C:68,ON,350319,1780911536747,350323,1780911536751,458207,1780911536677,26,2026-06-08T09:38:57.0857536Z,,oasis/bottle
,,,0,,,local.mqtt.telegraf,45,43.81,,,08a6f76bd428,08a6f76bd428-86,86,08:A6:F7:6B:D4:28,ON,350459,1780911536887,350463,1780911536891,491466,1780911536815,26,2026-06-08T09:38:57.2260994Z,,oasis/bottle
,,,0,,,local.mqtt.telegraf,44,33.77,,,08a6f75abdf0,08a6f75abdf0-90,90,08:A6:F7:5A:BD:F0,ON,352369,1780911538797,352373,1780911538801,391596,1780911537186,27,2026-06-08T09:38:59.1399314Z,,oasis/bottle
,,,0,,,local.mqtt.telegraf,45,45.14,,,08a6f769c348,08a6f769c348-87,87,08:A6:F7:69:C3:48,ON,352769,1780911539197,352773,1780911539201,421237,1780911537307,26,2026-06-08T09:38:59.5362492Z,,oasis/bottle
,,,0,,,local.mqtt.telegraf,46,46.63,,,2cbcbb0d97a0,2cbcbb0d97a0-84,84,2C:BC:BB:0D:97:A0,ON,352859,1780911539287,352864,1780911539293,439307,1780911537187,26,2026-06-08T09:38:59.6295091Z,,oasis/bottle
,,,0,,,local.mqtt.telegraf,44,48.88,,,08a6f7bb3c68,08a6f7bb3c68-90,90,08:A6:F7:BB:3C:68,ON,353569,1780911539997,353573,1780911540001,461456,1780911539926,26,2026-06-08T09:39:00.3349825Z,,oasis/bottle
,,,0,,,local.mqtt.telegraf,45,43.99,,,08a6f76bd428,08a6f76bd428-87,87,08:A6:F7:6B:D4:28,ON,353709,1780911540137,353713,1780911540141,494716,1780911540065,26,2026-06-08T09:39:00.4719688Z,,oasis/bottle
,,,0,,,local.mqtt.telegraf,45,33.98,,,08a6f75abdf0,08a6f75abdf0-91,91,08:A6:F7:5A:BD:F0,ON,355759,1780911542187,355763,1780911542191,394986,1780911540576,27,2026-06-08T09:39:02.5459254Z,,oasis/bottle
,,,0,,,local.mqtt.telegraf,45,45.2,,,08a6f769c348,08a6f769c348-88,88,08:A6:F7:69:C3:48,ON,356149,1780911542577,356153,1780911542581,424620,1780911540690,26,2026-06-08T09:39:02.9296921Z,,oasis/bottle
,,,0,,,local.mqtt.telegraf,46,46.49,,,2cbcbb0d97a0,2cbcbb0d97a0-85,85,2C:BC:BB:0D:97:A0,ON,356239,1780911542667,356243,1780911542671,442687,1780911540567,26,2026-06-08T09:39:02.9998548Z,,oasis/bottle
,,,0,,,local.mqtt.telegraf,44,48.85,,,08a6f7bb3c68,08a6f7bb3c68-91,91,08:A6:F7:BB:3C:68,ON,356939,1780911543367,356943,1780911543371,464826,1780911543296,26,2026-06-08T09:39:03.6996584Z,,oasis/bottle
,,,0,,,local.mqtt.telegraf,45,43.81,,,08a6f76bd428,08a6f76bd428-88,88,08:A6:F7:6B:D4:28,ON,357070,1780911543498,357074,1780911543503,498076,1780911543425,26,2026-06-08T09:39:03.8297373Z,,oasis/bottle
,,,0,,,local.mqtt.telegraf,45,33.83,,,08a6f75abdf0,08a6f75abdf0-92,92,08:A6:F7:5A:BD:F0,ON,359169,1780911545597,359173,1780911545601,398396,1780911543986,27,2026-06-08T09:39:05.9445046Z,,oasis/bottle
,,,0,,,local.mqtt.telegraf,45,45.37,,,08a6f769c348,08a6f769c348-89,89,08:A6:F7:69:C3:48,ON,359549,1780911545977,359554,1780911545982,428017,1780911544087,26,2026-06-08T09:39:06.3164429Z,,oasis/bottle
,,,0,,,local.mqtt.telegraf,46,46.73,,,2cbcbb0d97a0,2cbcbb0d97a0-86,86,2C:BC:BB:0D:97:A0,ON,359629,1780911546057,359633,1780911546061,446077,1780911543957,26,2026-06-08T09:39:06.3942538Z,,oasis/bottle
,,,0,,,local.mqtt.telegraf,44,48.47,,,08a6f7bb3c68,08a6f7bb3c68-92,92,08:A6:F7:BB:3C:68,ON,360299,1780911546727,360303,1780911546731,468186,1780911546666,26,2026-06-08T09:39:07.0694358Z,,oasis/bottle
,,,0,,,local.mqtt.telegraf,45,44.13,,,08a6f76bd428,08a6f76bd428-89,89,08:A6:F7:6B:D4:28,ON,360419,1780911546847,360423,1780911546851,501426,1780911546785,26,2026-06-08T09:39:07.1864538Z,,oasis/bottle
,,,0,,,local.mqtt.telegraf,44,33.97,,,08a6f75abdf0,08a6f75abdf0-93,93,08:A6:F7:5A:BD:F0,ON,362369,1780911548797,362373,1780911548801,401597,1780911547167,27,2026-06-08T09:39:09.1398052Z,,oasis/bottle
,,,0,,,local.mqtt.telegraf,45,45.12,,,08a6f769c348,08a6f769c348-90,90,08:A6:F7:69:C3:48,ON,362739,1780911549167,362743,1780911549171,431207,1780911547147,26,2026-06-08T09:39:09.5072779Z,,oasis/bottle
,,,0,,,local.mqtt.telegraf,46,46.66,,,2cbcbb0d97a0,2cbcbb0d97a0-87,87,2C:BC:BB:0D:97:A0,ON,363039,1780911549467,363043,1780911549471,449487,1780911547377,26,2026-06-08T09:39:09.8046496Z,,oasis/bottle
,,,0,,,local.mqtt.telegraf,44,48.69,,,08a6f7bb3c68,08a6f7bb3c68-93,93,08:A6:F7:BB:3C:68,ON,363649,1780911550077,363653,1780911550081,471536,1780911550016,26,2026-06-08T09:39:10.4194465Z,,oasis/bottle
,,,0,,,local.mqtt.telegraf,45,43.83,,,08a6f76bd428,08a6f76bd428-90,90,08:A6:F7:6B:D4:28,ON,363750,1780911550178,363754,1780911550182,504756,1780911550115,26,2026-06-08T09:39:10.5112962Z,,oasis/bottle
,,,0,,,local.mqtt.telegraf,44,33.87,,,08a6f75abdf0,08a6f75abdf0-94,94,08:A6:F7:5A:BD:F0,ON,365639,1780911552067,365644,1780911552072,404867,1780911550437,27,2026-06-08T09:39:12.4167765Z,,oasis/bottle
,,,0,,,local.mqtt.telegraf,45,45.32,,,08a6f769c348,08a6f769c348-91,91,08:A6:F7:69:C3:48,ON,365979,1780911552407,365983,1780911552411,434447,1780911550387,26,2026-06-08T09:39:12.7525895Z,,oasis/bottle
,,,0,,,local.mqtt.telegraf,46,46.75,,,2cbcbb0d97a0,2cbcbb0d97a0-88,88,2C:BC:BB:0D:97:A0,ON,366239,1780911552667,366243,1780911552671,452686,1780911550576,26,2026-06-08T09:39:12.9996558Z,,oasis/bottle
,,,0,,,local.mqtt.telegraf,44,48.86,,,08a6f7bb3c68,08a6f7bb3c68-94,94,08:A6:F7:BB:3C:68,ON,366969,1780911553397,366974,1780911553402,474858,1780911553338,26,2026-06-08T09:39:13.7439208Z,,oasis/bottle
,,,0,,,local.mqtt.telegraf,45,43.96,,,08a6f76bd428,08a6f76bd428-91,91,08:A6:F7:6B:D4:28,ON,367032,1780911553460,367036,1780911553465,508036,1780911553395,26,2026-06-08T09:39:13.7876954Z,,oasis/bottle
,,,0,,,local.mqtt.telegraf,44,33.98,,,08a6f75abdf0,08a6f75abdf0-95,95,08:A6:F7:5A:BD:F0,ON,369049,1780911555477,369053,1780911555481,408276,1780911553846,27,2026-06-08T09:39:15.826904Z,,oasis/bottle
,,,0,,,local.mqtt.telegraf,45,45.14,,,08a6f769c348,08a6f769c348-92,92,08:A6:F7:69:C3:48,ON,369319,1780911555747,369324,1780911555752,437786,1780911553726,26,2026-06-08T09:39:16.0881256Z,,oasis/bottle
,,,0,,,local.mqtt.telegraf,46,46.75,,,2cbcbb0d97a0,2cbcbb0d97a0-89,89,2C:BC:BB:0D:97:A0,ON,369509,1780911555937,369513,1780911555941,455957,1780911553847,26,2026-06-08T09:39:16.278114Z,,oasis/bottle
,,,0,,,local.mqtt.telegraf,44,48.66,,,08a6f7bb3c68,08a6f7bb3c68-95,95,08:A6:F7:BB:3C:68,ON,370247,1780911556675,370252,1780911556680,478136,1780911556606,26,2026-06-08T09:39:16.9863336Z,,oasis/bottle
,,,0,,,local.mqtt.telegraf,44,33.99,,,08a6f75abdf0,08a6f75abdf0-96,96,08:A6:F7:5A:BD:F0,ON,372249,1780911558677,372253,1780911558681,411477,1780911557197,27,2026-06-08T09:39:19.0198036Z,,oasis/bottle
,,,0,,,local.mqtt.telegraf,45,45.38,,,08a6f769c348,08a6f769c348-93,93,08:A6:F7:69:C3:48,ON,372629,1780911559057,372633,1780911559061,441097,1780911557307,26,2026-06-08T09:39:19.4029698Z,,oasis/bottle
,,,0,,,local.mqtt.telegraf,46,46.66,,,2cbcbb0d97a0,2cbcbb0d97a0-90,90,2C:BC:BB:0D:97:A0,ON,372909,1780911559337,372913,1780911559342,459357,1780911557397,26,2026-06-08T09:39:19.676292Z,,oasis/bottle
,,,0,,,local.mqtt.telegraf,44,48.8,,,08a6f7bb3c68,08a6f7bb3c68-96,96,08:A6:F7:BB:3C:68,ON,373419,1780911559847,373424,1780911559852,481306,1780911559776,26,2026-06-08T09:39:20.1865747Z,,oasis/bottle
,,,0,,,local.mqtt.telegraf,45,44.05,,,08a6f76bd428,08a6f76bd428-93,93,08:A6:F7:6B:D4:28,ON,373458,1780911559886,373463,1780911559891,514466,1780911559825,26,2026-06-08T09:39:20.2256896Z,,oasis/bottle
,,,0,,,local.mqtt.telegraf,44,33.78,,,08a6f75abdf0,08a6f75abdf0-97,97,08:A6:F7:5A:BD:F0,ON,375519,1780911561947,375523,1780911561951,414747,1780911560467,27,2026-06-08T09:39:22.2957829Z,,oasis/bottle
,,,0,,,local.mqtt.telegraf,45,45.36,,,08a6f769c348,08a6f769c348-94,94,08:A6:F7:69:C3:48,ON,375879,1780911562307,375884,1780911562312,444346,1780911560556,26,2026-06-08T09:39:22.6518508Z,,oasis/bottle
,,,0,,,local.mqtt.telegraf,46,46.81,,,2cbcbb0d97a0,2cbcbb0d97a0-91,91,2C:BC:BB:0D:97:A0,ON,376099,1780911562527,376103,1780911562531,462547,1780911560587,26,2026-06-08T09:39:22.8593479Z,,oasis/bottle
,,,0,,,local.mqtt.telegraf,44,48.35,,,08a6f7bb3c68,08a6f7bb3c68-97,97,08:A6:F7:BB:3C:68,ON,376629,1780911563057,376633,1780911563061,484516,1780911562986,26,2026-06-08T09:39:23.3946288Z,,oasis/bottle
,,,0,,,local.mqtt.telegraf,45,43.84,,,08a6f76bd428,08a6f76bd428-94,94,08:A6:F7:6B:D4:28,ON,376809,1780911563237,376813,1780911563241,517816,1780911563175,26,2026-06-08T09:39:23.5692358Z,,oasis/bottle
,,,0,,,local.mqtt.telegraf,44,33.99,,,08a6f75abdf0,08a6f75abdf0-98,98,08:A6:F7:5A:BD:F0,ON,378929,1780911565357,378933,1780911565361,418157,1780911563877,27,2026-06-08T09:39:25.7010296Z,,oasis/bottle
,,,0,,,local.mqtt.telegraf,45,45.34,,,08a6f769c348,08a6f769c348-95,95,08:A6:F7:69:C3:48,ON,379239,1780911565667,379243,1780911565671,447706,1780911563916,26,2026-06-08T09:39:26.0031185Z,,oasis/bottle
,,,0,,,local.mqtt.telegraf,46,46.83,,,2cbcbb0d97a0,2cbcbb0d97a0-92,92,2C:BC:BB:0D:97:A0,ON,379349,1780911565777,379353,1780911565781,465796,1780911563836,26,2026-06-08T09:39:26.1165669Z,,oasis/bottle
,,,0,,,local.mqtt.telegraf,44,49,,,08a6f7bb3c68,08a6f7bb3c68-98,98,08:A6:F7:BB:3C:68,ON,379909,1780911566337,379913,1780911566341,487796,1780911566266,26,2026-06-08T09:39:26.6724889Z,,oasis/bottle
,,,0,,,local.mqtt.telegraf,45,43.7,,,08a6f76bd428,08a6f76bd428-95,95,08:A6:F7:6B:D4:28,ON,380139,1780911566567,380143,1780911566571,521146,1780911566476,26,2026-06-08T09:39:26.909668Z,,oasis/bottle
,,,0,,,local.mqtt.telegraf,44,34.1,,,08a6f75abdf0,08a6f75abdf0-99,99,08:A6:F7:5A:BD:F0,ON,382129,1780911568557,382133,1780911568561,421357,1780911567227,27,2026-06-08T09:39:28.8995655Z,,oasis/bottle
,,,0,,,local.mqtt.telegraf,45,45.25,,,08a6f769c348,08a6f769c348-96,96,08:A6:F7:69:C3:48,ON,382589,1780911569017,382593,1780911569021,451057,1780911567377,26,2026-06-08T09:39:29.3595403Z,,oasis/bottle
,,,0,,,local.mqtt.telegraf,46,46.58,,,2cbcbb0d97a0,2cbcbb0d97a0-93,93,2C:BC:BB:0D:97:A0,ON,382719,1780911569147,382724,1780911569152,469167,1780911567397,26,2026-06-08T09:39:29.4892629Z,,oasis/bottle
,,,0,,,local.mqtt.telegraf,44,49,,,08a6f7bb3c68,08a6f7bb3c68-99,99,08:A6:F7:BB:3C:68,ON,383099,1780911569527,383103,1780911569531,490986,1780911567216,26,2026-06-08T09:39:29.8592394Z,,oasis/bottle
,,,0,,,local.mqtt.telegraf,45,43.84,,,08a6f76bd428,08a6f76bd428-96,96,08:A6:F7:6B:D4:28,ON,383419,1780911569847,383423,1780911569851,524426,1780911569756,26,2026-06-08T09:39:30.1924891Z,,oasis/bottle
,,,0,,,local.mqtt.telegraf,44,33.97,,,08a6f75abdf0,08a6f75abdf0-100,100,08:A6:F7:5A:BD:F0,ON,385399,1780911571827,385404,1780911571832,424627,1780911570497,27,2026-06-08T09:39:32.1695728Z,,oasis/bottle
,,,0,,,local.mqtt.telegraf,45,45.26,,,08a6f769c348,08a6f769c348-97,97,08:A6:F7:69:C3:48,ON,385909,1780911572337,385914,1780911572342,454376,1780911570696,26,2026-06-08T09:39:32.6743236Z,,oasis/bottle
,,,0,,,local.mqtt.telegraf,46,46.75,,,2cbcbb0d97a0,2cbcbb0d97a0-94,94,2C:BC:BB:0D:97:A0,ON,386079,1780911572507,386083,1780911572511,472527,1780911570757,26,2026-06-08T09:39:32.8494412Z,,oasis/bottle
,,,0,,,local.mqtt.telegraf,44,48.9,,,08a6f7bb3c68,08a6f7bb3c68-100,100,08:A6:F7:BB:3C:68,ON,386349,1780911572777,386353,1780911572781,494236,1780911570466,26,2026-06-08T09:39:33.1212952Z,,oasis/bottle
,,,0,,,local.mqtt.telegraf,45,43.66,,,08a6f76bd428,08a6f76bd428-97,97,08:A6:F7:6B:D4:28,ON,386619,1780911573047,386623,1780911573051,527616,1780911572946,26,2026-06-08T09:39:33.3907808Z,,oasis/bottle
,,,0,,,local.mqtt.telegraf,44,34.1,,,08a6f75abdf0,08a6f75abdf0-101,101,08:A6:F7:5A:BD:F0,ON,388809,1780911575237,388813,1780911575241,428037,1780911573907,27,2026-06-08T09:39:35.5983891Z,,oasis/bottle
,,,0,,,local.mqtt.telegraf,45,45.36,,,08a6f769c348,08a6f769c348-98,98,08:A6:F7:69:C3:48,ON,389179,1780911575607,389183,1780911575611,457647,1780911573967,26,2026-06-08T09:39:35.9576657Z,,oasis/bottle
,,,0,,,local.mqtt.telegraf,46,46.93,,,2cbcbb0d97a0,2cbcbb0d97a0-95,95,2C:BC:BB:0D:97:A0,ON,389429,1780911575857,389433,1780911575861,475877,1780911574107,26,2026-06-08T09:39:36.1968981Z,,oasis/bottle
,,,0,,,local.mqtt.telegraf,44,48.73,,,08a6f7bb3c68,08a6f7bb3c68-101,101,08:A6:F7:BB:3C:68,ON,389709,1780911576137,389713,1780911576141,497596,1780911573826,26,2026-06-08T09:39:36.4738173Z,,oasis/bottle
,,,0,,,local.mqtt.telegraf,45,43.96,,,08a6f76bd428,08a6f76bd428-98,98,08:A6:F7:6B:D4:28,ON,389859,1780911576288,389864,1780911576292,530866,1780911576196,26,2026-06-08T09:39:36.6291141Z,,oasis/bottle
,,,0,,,local.mqtt.telegraf,44,33.94,,,08a6f75abdf0,08a6f75abdf0-102,102,08:A6:F7:5A:BD:F0,ON,392009,1780911578437,392013,1780911578441,431237,1780911577287,27,2026-06-08T09:39:38.779921Z,,oasis/bottle
,,,0,,,local.mqtt.telegraf,45,45.33,,,08a6f769c348,08a6f769c348-99,99,08:A6:F7:69:C3:48,ON,392589,1780911579017,392593,1780911579021,461057,1780911577497,26,2026-06-08T09:39:39.3605451Z,,oasis/bottle
,,,0,,,local.mqtt.telegraf,46,46.83,,,2cbcbb0d97a0,2cbcbb0d97a0-96,96,2C:BC:BB:0D:97:A0,ON,392749,1780911579177,392753,1780911579181,479197,1780911577407,26,2026-06-08T09:39:39.5196277Z,,oasis/bottle
,,,0,,,local.mqtt.telegraf,44,48.81,,,08a6f7bb3c68,08a6f7bb3c68-102,102,08:A6:F7:BB:3C:68,ON,393059,1780911579487,393063,1780911579491,500946,1780911577436,26,2026-06-08T09:39:39.8294711Z,,oasis/bottle
,,,0,,,local.mqtt.telegraf,45,43.84,,,08a6f76bd428,08a6f76bd428-99,99,08:A6:F7:6B:D4:28,ON,393229,1780911579657,393233,1780911579661,534236,1780911577455,26,2026-06-08T09:39:39.9955731Z,,oasis/bottle
,,,0,,,local.mqtt.telegraf,44,33.99,,,08a6f75abdf0,08a6f75abdf0-103,103,08:A6:F7:5A:BD:F0,ON,395279,1780911581707,395283,1780911581711,434506,1780911580556,27,2026-06-08T09:39:42.0613299Z,,oasis/bottle
,,,0,,,local.mqtt.telegraf,45,45.41,,,08a6f769c348,08a6f769c348-100,100,08:A6:F7:69:C3:48,ON,395789,1780911582217,395793,1780911582221,464257,1780911580697,26,2026-06-08T09:39:42.5598772Z,,oasis/bottle
,,,0,,,local.mqtt.telegraf,46,46.4,,,2cbcbb0d97a0,2cbcbb0d97a0-97,97,2C:BC:BB:0D:97:A0,ON,396019,1780911582447,396023,1780911582451,482466,1780911580676,26,2026-06-08T09:39:42.7852976Z,,oasis/bottle
,,,0,,,local.mqtt.telegraf,43,48.66,,,08a6f7bb3c68,08a6f7bb3c68-103,103,08:A6:F7:BB:3C:68,ON,396389,1780911582817,396393,1780911582821,504277,1780911580767,27,2026-06-08T09:39:43.1592689Z,,oasis/bottle
,,,0,,,local.mqtt.telegraf,45,43.74,,,08a6f76bd428,08a6f76bd428-100,100,08:A6:F7:6B:D4:28,ON,396589,1780911583017,396593,1780911583021,537596,1780911580815,26,2026-06-08T09:39:43.3530566Z,,oasis/bottle
,,,0,,,local.mqtt.telegraf,44,34.14,,,08a6f75abdf0,08a6f75abdf0-104,104,08:A6:F7:5A:BD:F0,ON,398678,1780911585107,398683,1780911585111,437906,1780911583956,27,2026-06-08T09:39:45.4525607Z,,oasis/bottle
,,,0,,,local.mqtt.telegraf,45,45.17,,,08a6f769c348,08a6f769c348-101,101,08:A6:F7:69:C3:48,ON,399069,1780911585497,399073,1780911585501,467536,1780911583976,26,2026-06-08T09:39:45.8350476Z,,oasis/bottle
,,,0,,,local.mqtt.telegraf,46,46.66,,,2cbcbb0d97a0,2cbcbb0d97a0-98,98,2C:BC:BB:0D:97:A0,ON,399419,1780911585847,399423,1780911585851,485866,1780911584076,26,2026-06-08T09:39:46.1857707Z,,oasis/bottle
,,,0,,,local.mqtt.telegraf,44,48.65,,,08a6f7bb3c68,08a6f7bb3c68-104,104,08:A6:F7:BB:3C:68,ON,399669,1780911586097,399673,1780911586101,507556,1780911584046,27,2026-06-08T09:39:46.4449678Z,,oasis/bottle
,,,0,,,local.mqtt.telegraf,44,43.88,,,08a6f76bd428,08a6f76bd428-101,101,08:A6:F7:6B:D4:28,ON,399929,1780911586357,399933,1780911586361,540936,1780911584155,26,2026-06-08T09:39:46.69778Z,,oasis/bottle
,,,0,,,local.mqtt.telegraf,44,34.14,,,08a6f75abdf0,08a6f75abdf0-105,105,08:A6:F7:5A:BD:F0,ON,401869,1780911588297,401873,1780911588301,441097,1780911587307,27,2026-06-08T09:39:48.649228Z,,oasis/bottle
,,,0,,,local.mqtt.telegraf,45,45.28,,,08a6f769c348,08a6f769c348-102,102,08:A6:F7:69:C3:48,ON,402249,1780911588677,402253,1780911588681,470716,1780911587296,26,2026-06-08T09:39:49.0194713Z,,oasis/bottle
,,,0,,,local.mqtt.telegraf,46,46.86,,,2cbcbb0d97a0,2cbcbb0d97a0-99,99,2C:BC:BB:0D:97:A0,ON,402609,1780911589037,402613,1780911589041,489057,1780911587307,26,2026-06-08T09:39:49.3763272Z,,oasis/bottle
,,,0,,,local.mqtt.telegraf,44,48.43,,,08a6f7bb3c68,08a6f7bb3c68-105,105,08:A6:F7:BB:3C:68,ON,402859,1780911589287,402863,1780911589291,510746,1780911587306,27,2026-06-08T09:39:49.6257919Z,,oasis/bottle
,,,0,,,local.mqtt.telegraf,44,44.26,,,08a6f76bd428,08a6f76bd428-102,102,08:A6:F7:6B:D4:28,ON,403249,1780911589677,403253,1780911589681,544247,1780911587427,26,2026-06-08T09:39:50.0140211Z,,oasis/bottle
,,,0,,,local.mqtt.telegraf,44,34.05,,,08a6f75abdf0,08a6f75abdf0-106,106,08:A6:F7:5A:BD:F0,ON,405119,1780911591547,405123,1780911591551,444346,1780911590556,27,2026-06-08T09:39:51.8972499Z,,oasis/bottle
,,,0,,,local.mqtt.telegraf,45,45.32,,,08a6f769c348,08a6f769c348-103,103,08:A6:F7:69:C3:48,ON,405469,1780911591897,405474,1780911591902,473936,1780911590516,26,2026-06-08T09:39:52.2364112Z,,oasis/bottle
,,,0,,,local.mqtt.telegraf,46,46.65,,,2cbcbb0d97a0,2cbcbb0d97a0-100,100,2C:BC:BB:0D:97:A0,ON,405859,1780911592287,405863,1780911592291,492306,1780911590556,26,2026-06-08T09:39:52.6277626Z,,oasis/bottle
,,,0,,,local.mqtt.telegraf,43,48.74,,,08a6f7bb3c68,08a6f7bb3c68-106,106,08:A6:F7:BB:3C:68,ON,406109,1780911592537,406113,1780911592541,513996,1780911590556,27,2026-06-08T09:39:52.8759146Z,,oasis/bottle
,,,0,,,local.mqtt.telegraf,44,43.81,,,08a6f76bd428,08a6f76bd428-103,103,08:A6:F7:6B:D4:28,ON,406489,1780911592917,406494,1780911592922,547496,1780911590676,26,2026-06-08T09:39:53.2607695Z,,oasis/bottle
,,,0,,,local.mqtt.telegraf,44,34.03,,,08a6f75abdf0,08a6f75abdf0-107,107,08:A6:F7:5A:BD:F0,ON,408489,1780911594917,408493,1780911594921,447716,1780911593926,27,2026-06-08T09:39:55.2737731Z,,oasis/bottle
,,,0,,,local.mqtt.telegraf,45,45.4,,,08a6f769c348,08a6f769c348-104,104,08:A6:F7:69:C3:48,ON,408779,1780911595207,408783,1780911595211,477246,1780911593826,26,2026-06-08T09:39:55.5437978Z,,oasis/bottle
,,,0,,,local.mqtt.telegraf,46,46.63,,,2cbcbb0d97a0,2cbcbb0d97a0-101,101,2C:BC:BB:0D:97:A0,ON,409219,1780911595647,409223,1780911595651,495666,1780911593916,26,2026-06-08T09:39:55.9890154Z,,oasis/bottle
,,,0,,,local.mqtt.telegraf,43,48.93,,,08a6f7bb3c68,08a6f7bb3c68-107,107,08:A6:F7:BB:3C:68,ON,409469,1780911595897,409473,1780911595901,517356,1780911593916,27,2026-06-08T09:39:56.2293703Z,,oasis/bottle
,,,0,,,local.mqtt.telegraf,44,43.66,,,08a6f76bd428,08a6f76bd428-104,104,08:A6:F7:6B:D4:28,ON,409849,1780911596277,409853,1780911596281,550856,1780911594036,26,2026-06-08T09:39:56.6291729Z,,oasis/bottle
,,,0,,,local.mqtt.telegraf,44,33.95,,,08a6f75abdf0,08a6f75abdf0-108,108,08:A6:F7:5A:BD:F0,ON,411849,1780911598277,411861,1780911598289,451077,1780911597507,27,2026-06-08T09:39:58.6333209Z,,oasis/bottle
,,,0,,,local.mqtt.telegraf,45,45.28,,,08a6f769c348,08a6f769c348-105,105,08:A6:F7:69:C3:48,ON,412029,1780911598457,412033,1780911598461,480497,1780911597397,26,2026-06-08T09:39:58.7992373Z,,oasis/bottle
,,,0,,,local.mqtt.telegraf,46,46.59,,,2cbcbb0d97a0,2cbcbb0d97a0-102,102,2C:BC:BB:0D:97:A0,ON,412569,1780911598997,412573,1780911599001,499017,1780911597497,26,2026-06-08T09:39:59.3376143Z,,oasis/bottle
,,,0,,,local.mqtt.telegraf,43,48.81,,,08a6f7bb3c68,08a6f7bb3c68-108,108,08:A6:F7:BB:3C:68,ON,412829,1780911599257,412833,1780911599261,520716,1780911597506,27,2026-06-08T09:39:59.5944557Z,,oasis/bottle
,,,0,,,local.mqtt.telegraf,44,43.96,,,08a6f76bd428,08a6f76bd428-105,105,08:A6:F7:6B:D4:28,ON,413209,1780911599637,413213,1780911599641,554206,1780911597496,26,2026-06-08T09:39:59.975359Z,,oasis/bottle
,,,0,,,local.mqtt.telegraf,44,33.95,,,08a6f75abdf0,08a6f75abdf0-109,109,08:A6:F7:5A:BD:F0,ON,415199,1780911601627,415204,1780911601632,454426,1780911600856,27,2026-06-08T09:40:01.9814756Z,,oasis/bottle
,,,0,,,local.mqtt.telegraf,45,45.14,,,08a6f769c348,08a6f769c348-106,106,08:A6:F7:69:C3:48,ON,415399,1780911601827,415404,1780911601832,483866,1780911600766,26,2026-06-08T09:40:02.1683331Z,,oasis/bottle
,,,0,,,local.mqtt.telegraf,46,46.77,,,2cbcbb0d97a0,2cbcbb0d97a0-103,103,2C:BC:BB:0D:97:A0,ON,415899,1780911602327,415903,1780911602331,502346,1780911600826,26,2026-06-08T09:40:02.6689288Z,,oasis/bottle
,,,0,,,local.mqtt.telegraf,43,48.86,,,08a6f7bb3c68,08a6f7bb3c68-109,109,08:A6:F7:BB:3C:68,ON,416179,1780911602607,416183,1780911602611,524067,1780911600857,27,2026-06-08T09:40:02.9455531Z,,oasis/bottle
,,,0,,,local.mqtt.telegraf,44,43.93,,,08a6f76bd428,08a6f76bd428-106,106,08:A6:F7:6B:D4:28,ON,416539,1780911602967,416544,1780911602972,557536,1780911600826,26,2026-06-08T09:40:03.3059675Z,,oasis/bottle
,,,0,,,local.mqtt.telegraf,44,33.91,,,08a6f75abdf0,08a6f75abdf0-110,110,08:A6:F7:5A:BD:F0,ON,418518,1780911604947,418523,1780911604951,457746,1780911604176,27,2026-06-08T09:40:05.2891631Z,,oasis/bottle
,,,0,,,local.mqtt.telegraf,45,45.34,,,08a6f769c348,08a6f769c348-107,107,08:A6:F7:69:C3:48,ON,418759,1780911605187,418763,1780911605191,487226,1780911604126,26,2026-06-08T09:40:05.5413513Z,,oasis/bottle
,,,0,,,local.mqtt.telegraf,46,46.51,,,2cbcbb0d97a0,2cbcbb0d97a0-104,104,2C:BC:BB:0D:97:A0,ON,419179,1780911605607,419183,1780911605611,505626,1780911604106,26,2026-06-08T09:40:05.9402703Z,,oasis/bottle
,,,0,,,local.mqtt.telegraf,43,48.55,,,08a6f7bb3c68,08a6f7bb3c68-110,110,08:A6:F7:BB:3C:68,ON,419489,1780911605917,419493,1780911605921,527376,1780911604166,27,2026-06-08T09:40:06.2573634Z,,oasis/bottle
,,,0,,,local.mqtt.telegraf,44,43.92,,,08a6f76bd428,08a6f76bd428-107,107,08:A6:F7:6B:D4:28,ON,419819,1780911606247,419823,1780911606251,560826,1780911604116,26,2026-06-08T09:40:06.5926398Z,,oasis/bottle
,,,0,,,local.mqtt.telegraf,44,33.94,,,08a6f75abdf0,08a6f75abdf0-111,111,08:A6:F7:5A:BD:F0,ON,421789,1780911608217,421793,1780911608221,461016,1780911607446,27,2026-06-08T09:40:08.5592275Z,,oasis/bottle
,,,0,,,local.mqtt.telegraf,45,45.3,,,08a6f769c348,08a6f769c348-108,108,08:A6:F7:69:C3:48,ON,422109,1780911608537,422113,1780911608541,490576,1780911607525,26,2026-06-08T09:40:08.8688617Z,,oasis/bottle
,,,0,,,local.mqtt.telegraf,46,46.63,,,2cbcbb0d97a0,2cbcbb0d97a0-105,105,2C:BC:BB:0D:97:A0,ON,422369,1780911608797,422373,1780911608802,508816,1780911607366,26,2026-06-08T09:40:09.128939Z,,oasis/bottle
,,,0,,,local.mqtt.telegraf,43,48.57,,,08a6f7bb3c68,08a6f7bb3c68-111,111,08:A6:F7:BB:3C:68,ON,422739,1780911609167,422743,1780911609171,530627,1780911607427,27,2026-06-08T09:40:09.504238Z,,oasis/bottle
,,,0,,,local.mqtt.telegraf,44,43.96,,,08a6f76bd428,08a6f76bd428-108,108,08:A6:F7:6B:D4:28,ON,423019,1780911609447,423023,1780911609451,564027,1780911607377,26,2026-06-08T09:40:09.7813417Z,,oasis/bottle
,,,0,,,local.mqtt.telegraf,44,33.98,,,08a6f75abdf0,08a6f75abdf0-112,112,08:A6:F7:5A:BD:F0,ON,425189,1780911611617,425193,1780911611621,464416,1780911610846,27,2026-06-08T09:40:11.9647021Z,,oasis/bottle
,,,0,,,local.mqtt.telegraf,45,45.32,,,08a6f769c348,08a6f769c348-109,109,08:A6:F7:69:C3:48,ON,425429,1780911611857,425433,1780911611861,493896,1780911610845,26,2026-06-08T09:40:12.2022923Z,,oasis/bottle
,,,0,,,local.mqtt.telegraf,46,46.89,,,2cbcbb0d97a0,2cbcbb0d97a0-106,106,2C:BC:BB:0D:97:A0,ON,425619,1780911612047,425623,1780911612051,512066,1780911610616,26,2026-06-08T09:40:12.3832051Z,,oasis/bottle
,,,0,,,local.mqtt.telegraf,43,48.77,,,08a6f7bb3c68,08a6f7bb3c68-112,112,08:A6:F7:BB:3C:68,ON,426099,1780911612527,426103,1780911612531,533987,1780911610787,27,2026-06-08T09:40:12.869313Z,,oasis/bottle
,,,0,,,local.mqtt.telegraf,44,43.81,,,08a6f76bd428,08a6f76bd428-109,109,08:A6:F7:6B:D4:28,ON,426289,1780911612717,426293,1780911612721,567296,1780911610646,26,2026-06-08T09:40:13.0495642Z,,oasis/bottle
,,,0,,,local.mqtt.telegraf,44,34.17,,,08a6f75abdf0,08a6f75abdf0-113,113,08:A6:F7:5A:BD:F0,ON,428379,1780911614807,428383,1780911614811,467606,1780911614036,27,2026-06-08T09:40:15.1535797Z,,oasis/bottle
,,,0,,,local.mqtt.telegraf,45,45.17,,,08a6f769c348,08a6f769c348-110,110,08:A6:F7:69:C3:48,ON,428699,1780911615127,428703,1780911615131,497166,1780911614115,26,2026-06-08T09:40:15.4650904Z,,oasis/bottle
,,,0,,,local.mqtt.telegraf,46,46.43,,,2cbcbb0d97a0,2cbcbb0d97a0-107,107,2C:BC:BB:0D:97:A0,ON,428979,1780911615407,428983,1780911615411,515426,1780911613976,26,2026-06-08T09:40:15.7409101Z,,oasis/bottle
,,,0,,,local.mqtt.telegraf,43,48.77,,,08a6f7bb3c68,08a6f7bb3c68-113,113,08:A6:F7:BB:3C:68,ON,429449,1780911615877,429453,1780911615881,537337,1780911614137,27,2026-06-08T09:40:16.2155024Z,,oasis/bottle
,,,0,,,local.mqtt.telegraf,44,44.11,,,08a6f76bd428,08a6f76bd428-110,110,08:A6:F7:6B:D4:28,ON,429689,1780911616117,429693,1780911616121,570696,1780911614046,26,2026-06-08T09:40:16.4548839Z,,oasis/bottle
,,,0,,,local.mqtt.telegraf,44,34.03,,,08a6f75abdf0,08a6f75abdf0-114,114,08:A6:F7:5A:BD:F0,ON,431629,1780911618057,431633,1780911618061,470857,1780911617457,27,2026-06-08T09:40:18.4104942Z,,oasis/bottle
,,,0,,,local.mqtt.telegraf,45,45.12,,,08a6f769c348,08a6f769c348-111,111,08:A6:F7:69:C3:48,ON,432109,1780911618537,432113,1780911618541,500576,1780911617616,26,2026-06-08T09:40:18.8747663Z,,oasis/bottle
,,,0,,,local.mqtt.telegraf,46,46.54,,,2cbcbb0d97a0,2cbcbb0d97a0-108,108,2C:BC:BB:0D:97:A0,ON,432329,1780911618757,432333,1780911618761,518776,1780911617556,26,2026-06-08T09:40:19.0917088Z,,oasis/bottle
,,,0,,,local.mqtt.telegraf,44,48.58,,,08a6f7bb3c68,08a6f7bb3c68-114,114,08:A6:F7:BB:3C:68,ON,432779,1780911619207,432783,1780911619211,540666,1780911617536,27,2026-06-08T09:40:19.5416338Z,,oasis/bottle
,,,0,,,local.mqtt.telegraf,44,43.64,,,08a6f76bd428,08a6f76bd428-111,111,08:A6:F7:6B:D4:28,ON,432879,1780911619307,432883,1780911619312,573886,1780911617395,26,2026-06-08T09:40:19.6395577Z,,oasis/bottle
,,,0,,,local.mqtt.telegraf,44,34.03,,,08a6f75abdf0,08a6f75abdf0-115,115,08:A6:F7:5A:BD:F0,ON,434989,1780911621417,434993,1780911621421,474217,1780911620817,27,2026-06-08T09:40:21.7637262Z,,oasis/bottle
,,,0,,,local.mqtt.telegraf,45,45.17,,,08a6f769c348,08a6f769c348-112,112,08:A6:F7:69:C3:48,ON,435309,1780911621737,435313,1780911621741,503776,1780911620816,26,2026-06-08T09:40:22.0732644Z,,oasis/bottle
,,,0,,,local.mqtt.telegraf,46,46.73,,,2cbcbb0d97a0,2cbcbb0d97a0-109,109,2C:BC:BB:0D:97:A0,ON,435649,1780911622077,435653,1780911622081,522096,1780911620876,26,2026-06-08T09:40:22.4179853Z,,oasis/bottle
,,,0,,,local.mqtt.telegraf,44,48.62,,,08a6f7bb3c68,08a6f7bb3c68-115,115,08:A6:F7:BB:3C:68,ON,436069,1780911622497,436073,1780911622501,543956,1780911620826,27,2026-06-08T09:40:22.8350729Z,,oasis/bottle
,,,0,,,local.mqtt.telegraf,44,44,,,08a6f76bd428,08a6f76bd428-112,112,08:A6:F7:6B:D4:28,ON,436118,1780911622547,436126,1780911622554,577126,1780911620635,26,2026-06-08T09:40:22.8757486Z,,oasis/bottle
,,,0,,,local.mqtt.telegraf,44,33.97,,,08a6f75abdf0,08a6f75abdf0-116,116,08:A6:F7:5A:BD:F0,ON,438339,1780911624767,438344,1780911624772,477566,1780911624166,27,2026-06-08T09:40:25.1089264Z,,oasis/bottle
,,,0,,,local.mqtt.telegraf,45,45.09,,,08a6f769c348,08a6f769c348-113,113,08:A6:F7:69:C3:48,ON,438569,1780911624997,438573,1780911625001,507036,1780911624076,26,2026-06-08T09:40:25.3351626Z,,oasis/bottle
,,,0,,,local.mqtt.telegraf,46,46.65,,,2cbcbb0d97a0,2cbcbb0d97a0-110,110,2C:BC:BB:0D:97:A0,ON,438919,1780911625347,438923,1780911625351,525370,1780911624150,26,2026-06-08T09:40:25.6870827Z,,oasis/bottle
,,,0,,,local.mqtt.telegraf,44,48.78,,,08a6f7bb3c68,08a6f7bb3c68-116,116,08:A6:F7:BB:3C:68,ON,439269,1780911625697,439281,1780911625709,547156,1780911624026,27,2026-06-08T09:40:26.0299976Z,,oasis/bottle
,,,0,,,local.mqtt.telegraf,44,43.83,,,08a6f76bd428,08a6f76bd428-113,113,08:A6:F7:6B:D4:28,ON,439479,1780911625907,439483,1780911625911,580476,1780911623985,26,2026-06-08T09:40:26.2433342Z,,oasis/bottle
,,,0,,,local.mqtt.telegraf,44,33.95,,,08a6f75abdf0,08a6f75abdf0-117,117,08:A6:F7:5A:BD:F0,ON,441659,1780911628087,441663,1780911628091,480887,1780911627557,27,2026-06-08T09:40:28.4290003Z,,oasis/bottle
,,,0,,,local.mqtt.telegraf,45,45.05,,,08a6f769c348,08a6f769c348-114,114,08:A6:F7:69:C3:48,ON,441969,1780911628397,441973,1780911628401,510436,1780911627635,26,2026-06-08T09:40:28.7459327Z,,oasis/bottle
,,,0,,,local.mqtt.telegraf,46,46.5,,,2cbcbb0d97a0,2cbcbb0d97a0-111,111,2C:BC:BB:0D:97:A0,ON,442089,1780911628517,442093,1780911628521,528536,1780911627406,26,2026-06-08T09:40:28.855419Z,,oasis/bottle
,,,0,,,local.mqtt.telegraf,43,48.76,,,08a6f7bb3c68,08a6f7bb3c68-117,117,08:A6:F7:BB:3C:68,ON,442539,1780911628967,442545,1780911628973,550427,1780911627507,27,2026-06-08T09:40:29.3073882Z,,oasis/bottle
,,,0,,,local.mqtt.telegraf,44,43.68,,,08a6f76bd428,08a6f76bd428-114,114,08:A6:F7:6B:D4:28,ON,442809,1780911629237,442813,1780911629241,583816,1780911627575,26,2026-06-08T09:40:29.5758843Z,,oasis/bottle
,,,0,,,local.mqtt.telegraf,44,33.87,,,08a6f75abdf0,08a6f75abdf0-118,118,08:A6:F7:5A:BD:F0,ON,444929,1780911631357,444933,1780911631361,484157,1780911630827,27,2026-06-08T09:40:31.7069146Z,,oasis/bottle
,,,0,,,local.mqtt.telegraf,45,45.38,,,08a6f769c348,08a6f769c348-115,115,08:A6:F7:69:C3:48,ON,445149,1780911631577,445153,1780911631581,513616,1780911630815,26,2026-06-08T09:40:31.917759Z,,oasis/bottle
,,,0,,,local.mqtt.telegraf,46,46.63,,,2cbcbb0d97a0,2cbcbb0d97a0-112,112,2C:BC:BB:0D:97:A0,ON,445289,1780911631717,445293,1780911631721,531736,1780911630606,26,2026-06-08T09:40:32.0588768Z,,oasis/bottle
,,,0,,,local.mqtt.telegraf,43,48.66,,,08a6f7bb3c68,08a6f7bb3c68-118,118,08:A6:F7:BB:3C:68,ON,445939,1780911632367,445943,1780911632371,553826,1780911630906,27,2026-06-08T09:40:32.7006556Z,,oasis/bottle
,,,0,,,local.mqtt.telegraf,44,43.84,,,08a6f76bd428,08a6f76bd428-115,115,08:A6:F7:6B:D4:28,ON,446099,1780911632527,446103,1780911632531,587106,1780911630865,26,2026-06-08T09:40:32.867719Z,,oasis/bottle
,,,0,,,local.mqtt.telegraf,45,45.33,,,08a6f769c348,08a6f769c348-116,116,08:A6:F7:69:C3:48,ON,448366,1780911634795,448371,1780911634799,516836,1780911634035,26,2026-06-08T09:40:35.1236124Z,,oasis/bottle
,,,0,,,local.mqtt.telegraf,46,46.98,,,2cbcbb0d97a0,2cbcbb0d97a0-113,113,2C:BC:BB:0D:97:A0,ON,448559,1780911634987,448564,1780911634992,535007,1780911633877,26,2026-06-08T09:40:35.3268146Z,,oasis/bottle
,,,0,,,local.mqtt.telegraf,43,48.69,,,08a6f7bb3c68,08a6f7bb3c68-119,119,08:A6:F7:BB:3C:68,ON,449129,1780911635557,449133,1780911635561,557016,1780911634096,27,2026-06-08T09:40:35.893806Z,,oasis/bottle
,,,0,,,local.mqtt.telegraf,44,43.7,,,08a6f76bd428,08a6f76bd428-116,116,08:A6:F7:6B:D4:28,ON,449309,1780911635737,449313,1780911635741,590316,1780911634075,26,2026-06-08T09:40:36.0755256Z,,oasis/bottle
,,,0,,,local.mqtt.telegraf,44,33.75,,,08a6f75abdf0,08a6f75abdf0-120,120,08:A6:F7:5A:BD:F0,ON,451589,1780911638017,451593,1780911638021,490817,1780911637496,27,2026-06-08T09:40:38.3638975Z,,oasis/bottle
,,,0,,,local.mqtt.telegraf,45,45.34,,,08a6f769c348,08a6f769c348-117,117,08:A6:F7:69:C3:48,ON,451679,1780911638107,451683,1780911638111,520146,1780911637585,26,2026-06-08T09:40:38.4513075Z,,oasis/bottle
,,,0,,,local.mqtt.telegraf,46,46.61,,,2cbcbb0d97a0,2cbcbb0d97a0-114,114,2C:BC:BB:0D:97:A0,ON,451969,1780911638397,451973,1780911638401,538416,1780911637685,26,2026-06-08T09:40:38.7358642Z,,oasis/bottle
,,,0,,,local.mqtt.telegraf,43,48.81,,,08a6f7bb3c68,08a6f7bb3c68-120,120,08:A6:F7:BB:3C:68,ON,452379,1780911638807,452383,1780911638811,560267,1780911637526,27,2026-06-08T09:40:39.1459236Z,,oasis/bottle
,,,0,,,local.mqtt.telegraf,44,43.87,,,08a6f76bd428,08a6f76bd428-117,117,08:A6:F7:6B:D4:28,ON,452599,1780911639027,452603,1780911639031,593606,1780911637565,26,2026-06-08T09:40:39.3629674Z,,oasis/bottle
,,,0,,,local.mqtt.telegraf,45,45.33,,,08a6f769c348,08a6f769c348-118,118,08:A6:F7:69:C3:48,ON,454948,1780911641376,454952,1780911641380,523406,1780911640845,26,2026-06-08T09:40:41.6988007Z,,oasis/bottle
,,,0,,,local.mqtt.telegraf,46,46.66,,,2cbcbb0d97a0,2cbcbb0d97a0-115,115,2C:BC:BB:0D:97:A0,ON,455169,1780911641597,455173,1780911641601,541616,1780911640885,26,2026-06-08T09:40:41.9288501Z,,oasis/bottle
,,,0,,,local.mqtt.telegraf,43,48.93,,,08a6f7bb3c68,08a6f7bb3c68-121,121,08:A6:F7:BB:3C:68,ON,455739,1780911642167,455743,1780911642171,563626,1780911640885,27,2026-06-08T09:40:42.5040036Z,,oasis/bottle
,,,0,,,local.mqtt.telegraf,44,43.81,,,08a6f76bd428,08a6f76bd428-118,118,08:A6:F7:6B:D4:28,ON,455802,1780911642230,455806,1780911642234,596806,1780911640765,26,2026-06-08T09:40:42.5491911Z,,oasis/bottle
,,,0,,,local.mqtt.telegraf,44,33.91,,,08a6f75abdf0,08a6f75abdf0-122,122,08:A6:F7:5A:BD:F0,ON,458199,1780911644627,458203,1780911644631,497426,1780911644105,27,2026-06-08T09:40:44.9755168Z,,oasis/bottle
,,,0,,,local.mqtt.telegraf,45,45.09,,,08a6f769c348,08a6f769c348-119,119,08:A6:F7:69:C3:48,ON,458310,1780911644738,458314,1780911644742,526776,1780911644215,26,2026-06-08T09:40:45.0803419Z,,oasis/bottle
,,,0,,,local.mqtt.telegraf,46,46.35,,,2cbcbb0d97a0,2cbcbb0d97a0-116,116,2C:BC:BB:0D:97:A0,ON,458439,1780911644867,458444,1780911644872,544887,1780911644156,26,2026-06-08T09:40:45.2049986Z,,oasis/bottle
,,,0,,,local.mqtt.telegraf,43,48.59,,,08a6f7bb3c68,08a6f7bb3c68-122,122,08:A6:F7:BB:3C:68,ON,459097,1780911645526,459102,1780911645530,566976,1780911644235,27,2026-06-08T09:40:45.8335236Z,,oasis/bottle
,,,0,,,local.mqtt.telegraf,44,33.89,,,08a6f75abdf0,08a6f75abdf0-123,123,08:A6:F7:5A:BD:F0,ON,461379,1780911647807,461384,1780911647812,500606,1780911647486,27,2026-06-08T09:40:48.1487224Z,,oasis/bottle
,,,0,,,local.mqtt.telegraf,45,45.22,,,08a6f769c348,08a6f769c348-120,120,08:A6:F7:69:C3:48,ON,461679,1780911648107,461683,1780911648111,530146,1780911647676,26,2026-06-08T09:40:48.4420636Z,,oasis/bottle
,,,0,,,local.mqtt.telegraf,46,46.34,,,2cbcbb0d97a0,2cbcbb0d97a0-117,117,2C:BC:BB:0D:97:A0,ON,461849,1780911648277,461853,1780911648281,548296,1780911647716,26,2026-06-08T09:40:48.6216163Z,,oasis/bottle
,,,0,,,local.mqtt.telegraf,43,48.85,,,08a6f7bb3c68,08a6f7bb3c68-123,123,08:A6:F7:BB:3C:68,ON,462409,1780911648837,462414,1780911648842,570296,1780911647626,27,2026-06-08T09:40:49.1706296Z,,oasis/bottle
,,,0,,,local.mqtt.telegraf,44,43.88,,,08a6f76bd428,08a6f76bd428-120,120,08:A6:F7:6B:D4:28,ON,462489,1780911648917,462493,1780911648921,603486,1780911647716,26,2026-06-08T09:40:49.2659278Z,,oasis/bottle
,,,0,,,local.mqtt.telegraf,44,33.83,,,08a6f75abdf0,08a6f75abdf0-124,124,08:A6:F7:5A:BD:F0,ON,464609,1780911651037,464613,1780911651041,503836,1780911650716,27,2026-06-08T09:40:51.3749336Z,,oasis/bottle
,,,0,,,local.mqtt.telegraf,45,45.41,,,08a6f769c348,08a6f769c348-121,121,08:A6:F7:69:C3:48,ON,465077,1780911651505,465081,1780911651509,533516,1780911651046,26,2026-06-08T09:40:51.8424913Z,,oasis/bottle
,,,0,,,local.mqtt.telegraf,44,43.62,,,08a6f76bd428,08a6f76bd428-121,121,08:A6:F7:6B:D4:28,ON,465705,1780911652133,465710,1780911652138,606696,1780911650926,26,2026-06-08T09:40:52.4473961Z,,oasis/bottle
,,,0,,,local.mqtt.telegraf,44,33.74,,,08a6f75abdf0,08a6f75abdf0-125,125,08:A6:F7:5A:BD:F0,ON,467929,1780911654357,467934,1780911654362,507156,1780911654036,27,2026-06-08T09:40:54.7056955Z,,oasis/bottle
,,,0,,,local.mqtt.telegraf,46,46.63,,,2cbcbb0d97a0,2cbcbb0d97a0-119,119,2C:BC:BB:0D:97:A0,ON,468319,1780911654747,468331,1780911654759,554766,1780911654186,26,2026-06-08T09:40:55.0888697Z,,oasis/bottle
,,,0,,,local.mqtt.telegraf,45,45.12,,,08a6f769c348,08a6f769c348-122,122,08:A6:F7:69:C3:48,ON,468420,1780911654848,468424,1780911654852,536886,1780911654416,26,2026-06-08T09:40:55.1851417Z,,oasis/bottle
,,,0,,,local.mqtt.telegraf,44,43.89,,,08a6f76bd428,08a6f76bd428-122,122,08:A6:F7:6B:D4:28,ON,468969,1780911655397,468973,1780911655401,609970,1780911654200,26,2026-06-08T09:40:55.7287465Z,,oasis/bottle
,,,0,,,local.mqtt.telegraf,43,48.59,,,08a6f7bb3c68,08a6f7bb3c68-125,125,08:A6:F7:BB:3C:68,ON,469089,1780911655517,469093,1780911655521,576976,1780911654306,27,2026-06-08T09:40:55.8586424Z,,oasis/bottle
,,,0,,,local.mqtt.telegraf,44,33.74,,,08a6f75abdf0,08a6f75abdf0-126,126,08:A6:F7:5A:BD:F0,ON,471199,1780911657627,471203,1780911657631,510426,1780911657535,27,2026-06-08T09:40:57.9760485Z,,oasis/bottle
,,,0,,,local.mqtt.telegraf,46,46.35,,,2cbcbb0d97a0,2cbcbb0d97a0-120,120,2C:BC:BB:0D:97:A0,ON,471719,1780911658147,471724,1780911658152,558166,1780911657735,26,2026-06-08T09:40:58.4865393Z,,oasis/bottle
,,,0,,,local.mqtt.telegraf,45,45.33,,,08a6f769c348,08a6f769c348-123,123,08:A6:F7:69:C3:48,ON,471782,1780911658210,471786,1780911658214,540247,1780911657696,26,2026-06-08T09:40:58.518986Z,,oasis/bottle
,,,0,,,local.mqtt.telegraf,44,43.65,,,08a6f76bd428,08a6f76bd428-123,123,08:A6:F7:6B:D4:28,ON,472139,1780911658567,472144,1780911658572,613146,1780911657514,26,2026-06-08T09:40:58.8986587Z,,oasis/bottle
,,,0,,,local.mqtt.telegraf,43,48.73,,,08a6f7bb3c68,08a6f7bb3c68-126,126,08:A6:F7:BB:3C:68,ON,472289,1780911658717,472293,1780911658721,580177,1780911657536,27,2026-06-08T09:40:59.0487747Z,,oasis/bottle
,,,0,,,local.mqtt.telegraf,44,33.82,,,08a6f75abdf0,08a6f75abdf0-127,127,08:A6:F7:5A:BD:F0,ON,474609,1780911661037,474613,1780911661041,513836,1780911660945,27,2026-06-08T09:41:01.3817158Z,,oasis/bottle
,,,0,,,local.mqtt.telegraf,46,46.61,,,2cbcbb0d97a0,2cbcbb0d97a0-121,121,2C:BC:BB:0D:97:A0,ON,474909,1780911661337,474913,1780911661341,561356,1780911660925,26,2026-06-08T09:41:01.6736954Z,,oasis/bottle
,,,0,,,local.mqtt.telegraf,45,45.26,,,08a6f769c348,08a6f769c348-124,124,08:A6:F7:69:C3:48,ON,475119,1780911661547,475123,1780911661551,543586,1780911661035,26,2026-06-08T09:41:01.8807293Z,,oasis/bottle
,,,0,,,local.mqtt.telegraf,44,43.8,,,08a6f76bd428,08a6f76bd428-124,124,08:A6:F7:6B:D4:28,ON,475359,1780911661787,475363,1780911661791,616366,1780911660734,26,2026-06-08T09:41:02.1262442Z,,oasis/bottle
,,,0,,,local.mqtt.telegraf,43,48.57,,,08a6f7bb3c68,08a6f7bb3c68-127,127,08:A6:F7:BB:3C:68,ON,475560,1780911661988,475567,1780911661995,583447,1780911660806,27,2026-06-08T09:41:02.3286657Z,,oasis/bottle
,,,0,,,local.mqtt.telegraf,44,33.83,,,08a6f75abdf0,08a6f75abdf0-128,128,08:A6:F7:5A:BD:F0,ON,477809,1780911664237,477813,1780911664241,517036,1780911664145,27,2026-06-08T09:41:04.5855348Z,,oasis/bottle
,,,0,,,local.mqtt.telegraf,46,46.63,,,2cbcbb0d97a0,2cbcbb0d97a0-122,122,2C:BC:BB:0D:97:A0,ON,478158,1780911664587,478163,1780911664591,564606,1780911664175,26,2026-06-08T09:41:04.9285546Z,,oasis/bottle
,,,0,,,local.mqtt.telegraf,45,45.14,,,08a6f769c348,08a6f769c348-125,125,08:A6:F7:69:C3:48,ON,478429,1780911664857,478433,1780911664861,546896,1780911664345,26,2026-06-08T09:41:05.1946571Z,,oasis/bottle
,,,0,,,local.mqtt.telegraf,44,43.89,,,08a6f76bd428,08a6f76bd428-125,125,08:A6:F7:6B:D4:28,ON,478669,1780911665098,478674,1780911665102,619676,1780911664044,26,2026-06-08T09:41:05.4368036Z,,oasis/bottle
,,,0,,,local.mqtt.telegraf,43,48.35,,,08a6f7bb3c68,08a6f7bb3c68-128,128,08:A6:F7:BB:3C:68,ON,478969,1780911665397,478973,1780911665401,586856,1780911664215,27,2026-06-08T09:41:05.7367077Z,,oasis/bottle
,,,0,,,local.mqtt.telegraf,44,33.6,,,08a6f75abdf0,08a6f75abdf0-129,129,08:A6:F7:5A:BD:F0,ON,481079,1780911667507,481083,1780911667511,520306,1780911667424,27,2026-06-08T09:41:07.8513725Z,,oasis/bottle
,,,0,,,local.mqtt.telegraf,46,46.63,,,2cbcbb0d97a0,2cbcbb0d97a0-123,123,2C:BC:BB:0D:97:A0,ON,481529,1780911667957,481533,1780911667961,567977,1780911667745,26,2026-06-08T09:41:08.3414815Z,,oasis/bottle
,,,0,,,local.mqtt.telegraf,45,45.26,,,08a6f769c348,08a6f769c348-126,126,08:A6:F7:69:C3:48,ON,481689,1780911668117,481693,1780911668121,550146,1780911667624,26,2026-06-08T09:41:08.458407Z,,oasis/bottle
,,,0,,,local.mqtt.telegraf,44,43.84,,,08a6f76bd428,08a6f76bd428-126,126,08:A6:F7:6B:D4:28,ON,481919,1780911668347,481923,1780911668351,622916,1780911667614,26,2026-06-08T09:41:08.6785042Z,,oasis/bottle
,,,0,,,local.mqtt.telegraf,43,48.12,,,08a6f7bb3c68,08a6f7bb3c68-129,129,08:A6:F7:BB:3C:68,ON,482169,1780911668597,482174,1780911668602,590057,1780911667575,27,2026-06-08T09:41:08.934504Z,,oasis/bottle
,,,0,,,local.mqtt.telegraf,44,33.52,,,08a6f75abdf0,08a6f75abdf0-130,130,08:A6:F7:5A:BD:F0,ON,484489,1780911670917,484493,1780911670921,523716,1780911670834,27,2026-06-08T09:41:11.2586554Z,,oasis/bottle
,,,0,,,local.mqtt.telegraf,46,46.62,,,2cbcbb0d97a0,2cbcbb0d97a0-124,124,2C:BC:BB:0D:97:A0,ON,484889,1780911671317,484893,1780911671321,571336,1780911671104,26,2026-06-08T09:41:11.6631918Z,,oasis/bottle
,,,0,,,local.mqtt.telegraf,45,44.91,,,08a6f769c348,08a6f769c348-127,127,08:A6:F7:69:C3:48,ON,485089,1780911671517,485093,1780911671521,553557,1780911671035,26,2026-06-08T09:41:11.8557083Z,,oasis/bottle
,,,0,,,local.mqtt.telegraf,44,43.84,,,08a6f76bd428,08a6f76bd428-127,127,08:A6:F7:6B:D4:28,ON,485269,1780911671697,485273,1780911671701,626266,1780911670964,26,2026-06-08T09:41:12.0384076Z,,oasis/bottle
,,,0,,,local.mqtt.telegraf,43,48.77,,,08a6f7bb3c68,08a6f7bb3c68-130,130,08:A6:F7:BB:3C:68,ON,485439,1780911671867,485443,1780911671871,593327,1780911670845,27,2026-06-08T09:41:12.1990362Z,,oasis/bottle
,,,0,,,local.mqtt.telegraf,44,33.7,,,08a6f75abdf0,08a6f75abdf0-131,131,08:A6:F7:5A:BD:F0,ON,487689,1780911674117,487693,1780911674121,526916,1780911674034,27,2026-06-08T09:41:14.4685781Z,,oasis/bottle
,,,0,,,local.mqtt.telegraf,46,46.67,,,2cbcbb0d97a0,2cbcbb0d97a0-125,125,2C:BC:BB:0D:97:A0,ON,488228,1780911674657,488233,1780911674661,574676,1780911674444,26,2026-06-08T09:41:15.0271386Z,,oasis/bottle
,,,0,,,local.mqtt.telegraf,45,45.13,,,08a6f769c348,08a6f769c348-128,128,08:A6:F7:69:C3:48,ON,488489,1780911674917,488493,1780911674921,556956,1780911674434,26,2026-06-08T09:41:15.3184672Z,,oasis/bottle
,,,0,,,local.mqtt.telegraf,44,43.5,,,08a6f76bd428,08a6f76bd428-128,128,08:A6:F7:6B:D4:28,ON,488591,1780911675019,488595,1780911675023,629596,1780911674294,26,2026-06-08T09:41:15.4201623Z,,oasis/bottle
,,,0,,,local.mqtt.telegraf,43,48.71,,,08a6f7bb3c68,08a6f7bb3c68-131,131,08:A6:F7:BB:3C:68,ON,488839,1780911675267,488843,1780911675271,596726,1780911674244,27,2026-06-08T09:41:15.6582456Z,,oasis/bottle
,,,0,,,local.mqtt.telegraf,44,33.56,,,08a6f75abdf0,08a6f75abdf0-132,132,08:A6:F7:5A:BD:F0,ON,490959,1780911677387,490963,1780911677391,530186,1780911677306,27,2026-06-08T09:41:17.7314077Z,,oasis/bottle
,,,0,,,local.mqtt.telegraf,46,46.42,,,2cbcbb0d97a0,2cbcbb0d97a0-126,126,2C:BC:BB:0D:97:A0,ON,491539,1780911677967,491544,1780911677972,577987,1780911677717,26,2026-06-08T09:41:18.3051169Z,,oasis/bottle
,,,0,,,local.mqtt.telegraf,45,45.12,,,08a6f769c348,08a6f769c348-129,129,08:A6:F7:69:C3:48,ON,491679,1780911678107,491683,1780911678111,560147,1780911677596,26,2026-06-08T09:41:18.4411506Z,,oasis/bottle
,,,0,,,local.mqtt.telegraf,44,43.54,,,08a6f76bd428,08a6f76bd428-129,129,08:A6:F7:6B:D4:28,ON,491879,1780911678307,491883,1780911678311,632886,1780911677696,26,2026-06-08T09:41:18.6490209Z,,oasis/bottle
,,,0,,,local.mqtt.telegraf,43,48.54,,,08a6f7bb3c68,08a6f7bb3c68-132,132,08:A6:F7:BB:3C:68,ON,492029,1780911678457,492033,1780911678461,599916,1780911677596,27,2026-06-08T09:41:18.7934304Z,,oasis/bottle
,,,0,,,local.mqtt.telegraf,44,33.48,,,08a6f75abdf0,08a6f75abdf0-133,133,08:A6:F7:5A:BD:F0,ON,494369,1780911680797,494373,1780911680801,533596,1780911680716,27,2026-06-08T09:41:21.1387974Z,,oasis/bottle
,,,0,,,local.mqtt.telegraf,46,46.69,,,2cbcbb0d97a0,2cbcbb0d97a0-127,127,2C:BC:BB:0D:97:A0,ON,494789,1780911681217,494793,1780911681221,581236,1780911680966,26,2026-06-08T09:41:21.5526066Z,,oasis/bottle
,,,0,,,local.mqtt.telegraf,45,45.01,,,08a6f769c348,08a6f769c348-130,130,08:A6:F7:69:C3:48,ON,494929,1780911681357,494933,1780911681361,563396,1780911680845,26,2026-06-08T09:41:21.6951642Z,,oasis/bottle
,,,0,,,local.mqtt.telegraf,44,43.84,,,08a6f76bd428,08a6f76bd428-130,130,08:A6:F7:6B:D4:28,ON,495079,1780911681507,495083,1780911681511,636086,1780911680896,26,2026-06-08T09:41:21.8361276Z,,oasis/bottle
,,,0,,,local.mqtt.telegraf,43,48.62,,,08a6f7bb3c68,08a6f7bb3c68-133,133,08:A6:F7:BB:3C:68,ON,495279,1780911681707,495284,1780911681712,603167,1780911680847,27,2026-06-08T09:41:22.0541961Z,,oasis/bottle
,,,0,,,local.mqtt.telegraf,44,33.4,,,08a6f75abdf0,08a6f75abdf0-134,134,08:A6:F7:5A:BD:F0,ON,497579,1780911684007,497583,1780911684011,536806,1780911683926,27,2026-06-08T09:41:24.3486988Z,,oasis/bottle
,,,0,,,local.mqtt.telegraf,46,46.63,,,2cbcbb0d97a0,2cbcbb0d97a0-128,128,2C:BC:BB:0D:97:A0,ON,498149,1780911684577,498153,1780911684581,584596,1780911684326,26,2026-06-08T09:41:24.9129268Z,,oasis/bottle
,,,0,,,local.mqtt.telegraf,45,44.97,,,08a6f769c348,08a6f769c348-131,131,08:A6:F7:69:C3:48,ON,498289,1780911684717,498293,1780911684721,566756,1780911684205,26,2026-06-08T09:41:25.0598477Z,,oasis/bottle
,,,0,,,local.mqtt.telegraf,44,43.64,,,08a6f76bd428,08a6f76bd428-131,131,08:A6:F7:6B:D4:28,ON,498359,1780911684788,498364,1780911684792,639356,1780911684166,26,2026-06-08T09:41:25.0960439Z,,oasis/bottle
,,,0,,,local.mqtt.telegraf,43,48.78,,,08a6f7bb3c68,08a6f7bb3c68-134,134,08:A6:F7:BB:3C:68,ON,498649,1780911685077,498654,1780911685082,606536,1780911684216,27,2026-06-08T09:41:25.4144024Z,,oasis/bottle
,,,0,,,local.mqtt.telegraf,44,33.34,,,08a6f75abdf0,08a6f75abdf0-135,135,08:A6:F7:5A:BD:F0,ON,500859,1780911687287,500863,1780911687291,540086,1780911687206,27,2026-06-08T09:41:27.6283528Z,,oasis/bottle
,,,0,,,local.mqtt.telegraf,46,46.28,,,2cbcbb0d97a0,2cbcbb0d97a0-129,129,2C:BC:BB:0D:97:A0,ON,501499,1780911687927,501503,1780911687931,587946,1780911687786,26,2026-06-08T09:41:28.268883Z,,oasis/bottle
,,,0,,,local.mqtt.telegraf,45,45.32,,,08a6f769c348,08a6f769c348-132,132,08:A6:F7:69:C3:48,ON,501630,1780911688058,501634,1780911688062,570096,1780911687776,26,2026-06-08T09:41:28.3983571Z,,oasis/bottle
,,,0,,,local.mqtt.telegraf,44,43.69,,,08a6f76bd428,08a6f76bd428-132,132,08:A6:F7:6B:D4:28,ON,501759,1780911688187,501764,1780911688192,642766,1780911687845,26,2026-06-08T09:41:28.5288189Z,,oasis/bottle
,,,0,,,local.mqtt.telegraf,43,48.5,,,08a6f7bb3c68,08a6f7bb3c68-135,135,08:A6:F7:BB:3C:68,ON,502009,1780911688438,502014,1780911688442,609897,1780911687797,27,2026-06-08T09:41:28.7773449Z,,oasis/bottle
,,,0,,,local.mqtt.telegraf,43,33.32,,,08a6f75abdf0,08a6f75abdf0-136,136,08:A6:F7:5A:BD:F0,ON,504039,1780911690467,504043,1780911690471,543266,1780911690386,27,2026-06-08T09:41:30.8102025Z,,oasis/bottle
,,,0,,,local.mqtt.telegraf,46,46.4,,,2cbcbb0d97a0,2cbcbb0d97a0-130,130,2C:BC:BB:0D:97:A0,ON,504829,1780911691257,504833,1780911691261,591276,1780911691116,26,2026-06-08T09:41:31.598663Z,,oasis/bottle
,,,0,,,local.mqtt.telegraf,44,43.58,,,08a6f76bd428,08a6f76bd428-133,133,08:A6:F7:6B:D4:28,ON,504967,1780911691395,504972,1780911691400,645966,1780911691045,26,2026-06-08T09:41:31.7071553Z,,oasis/bottle
,,,0,,,local.mqtt.telegraf,43,48.76,,,08a6f7bb3c68,08a6f7bb3c68-136,136,08:A6:F7:BB:3C:68,ON,505359,1780911691787,505363,1780911691791,613246,1780911691146,27,2026-06-08T09:41:32.125439Z,,oasis/bottle
,,,0,,,local.mqtt.telegraf,43,33.43,,,08a6f75abdf0,08a6f75abdf0-137,137,08:A6:F7:5A:BD:F0,ON,507269,1780911693697,507273,1780911693701,546496,1780911693616,27,2026-06-08T09:41:34.0322753Z,,oasis/bottle
,,,0,,,local.mqtt.telegraf,46,46.55,,,2cbcbb0d97a0,2cbcbb0d97a0-131,131,2C:BC:BB:0D:97:A0,ON,508106,1780911694534,508114,1780911694542,594556,1780911694396,26,2026-06-08T09:41:34.8684067Z,,oasis/bottle
,,,0,,,local.mqtt.telegraf,45,45.2,,,08a6f769c348,08a6f769c348-134,134,08:A6:F7:69:C3:48,ON,508189,1780911694617,508193,1780911694621,576656,1780911694336,26,2026-06-08T09:41:34.9484663Z,,oasis/bottle
,,,0,,,local.mqtt.telegraf,44,43.61,,,08a6f76bd428,08a6f76bd428-134,134,08:A6:F7:6B:D4:28,ON,508220,1780911694648,508224,1780911694652,649226,1780911694305,26,2026-06-08T09:41:34.9506067Z,,oasis/bottle
,,,0,,,local.mqtt.telegraf,43,48.12,,,08a6f7bb3c68,08a6f7bb3c68-137,137,08:A6:F7:BB:3C:68,ON,508679,1780911695107,508683,1780911695111,616566,1780911694466,27,2026-06-08T09:41:35.4434301Z,,oasis/bottle
,,,0,,,local.mqtt.telegraf,43,33.34,,,08a6f75abdf0,08a6f75abdf0-138,138,08:A6:F7:5A:BD:F0,ON,510589,1780911697017,510594,1780911697022,549820,1780911696910,27,2026-06-08T09:41:37.36307Z,,oasis/bottle
,,,0,,,local.mqtt.telegraf,46,46.79,,,2cbcbb0d97a0,2cbcbb0d97a0-132,132,2C:BC:BB:0D:97:A0,ON,511306,1780911697734,511311,1780911697739,597746,1780911697646,26,2026-06-08T09:41:38.0719659Z,,oasis/bottle
,,,0,,,local.mqtt.telegraf,45,44.98,,,08a6f769c348,08a6f769c348-135,135,08:A6:F7:69:C3:48,ON,511549,1780911697977,511554,1780911697982,580016,1780911697826,26,2026-06-08T09:41:38.3186085Z,,oasis/bottle
,,,0,,,local.mqtt.telegraf,44,43.65,,,08a6f76bd428,08a6f76bd428-135,135,08:A6:F7:6B:D4:28,ON,511619,1780911698047,511624,1780911698052,652616,1780911697856,26,2026-06-08T09:41:38.3685253Z,,oasis/bottle
,,,0,,,local.mqtt.telegraf,43,48.55,,,08a6f7bb3c68,08a6f7bb3c68-138,138,08:A6:F7:BB:3C:68,ON,511949,1780911698377,511953,1780911698381,619836,1780911697736,27,2026-06-08T09:41:38.7085241Z,,oasis/bottle
,,,0,,,local.mqtt.telegraf,43,33.31,,,08a6f75abdf0,08a6f75abdf0-139,139,08:A6:F7:5A:BD:F0,ON,513869,1780911700297,513873,1780911700301,553097,1780911700187,27,2026-06-08T09:41:40.6434342Z,,oasis/bottle
,,,0,,,local.mqtt.telegraf,46,46.57,,,2cbcbb0d97a0,2cbcbb0d97a0-133,133,2C:BC:BB:0D:97:A0,ON,514579,1780911701007,514583,1780911701011,601026,1780911700926,26,2026-06-08T09:41:41.3415806Z,,oasis/bottle
,,,0,,,local.mqtt.telegraf,44,43.62,,,08a6f76bd428,08a6f76bd428-136,136,08:A6:F7:6B:D4:28,ON,514789,1780911701217,514793,1780911701221,655786,1780911701026,26,2026-06-08T09:41:41.550644Z,,oasis/bottle
,,,0,,,local.mqtt.telegraf,45,45.2,,,08a6f769c348,08a6f769c348-136,136,08:A6:F7:69:C3:48,ON,514909,1780911701337,514913,1780911701341,583376,1780911701186,26,2026-06-08T09:41:41.6682943Z,,oasis/bottle
,,,0,,,local.mqtt.telegraf,43,48.39,,,08a6f7bb3c68,08a6f7bb3c68-139,139,08:A6:F7:BB:3C:68,ON,515349,1780911701777,515354,1780911701782,623236,1780911701136,27,2026-06-08T09:41:42.116682Z,,oasis/bottle
,,,0,,,local.mqtt.telegraf,44,33.34,,,08a6f75abdf0,08a6f75abdf0-140,140,08:A6:F7:5A:BD:F0,ON,517049,1780911703477,517053,1780911703481,556276,1780911703366,27,2026-06-08T09:41:43.8210148Z,,oasis/bottle
,,,0,,,local.mqtt.telegraf,44,43.49,,,08a6f76bd428,08a6f76bd428-137,137,08:A6:F7:6B:D4:28,ON,517997,1780911704425,518001,1780911704429,658996,1780911704236,26,2026-06-08T09:41:44.733425Z,,oasis/bottle
,,,0,,,local.mqtt.telegraf,45,44.98,,,08a6f769c348,08a6f769c348-137,137,08:A6:F7:69:C3:48,ON,518248,1780911704677,518253,1780911704681,586716,1780911704526,26,2026-06-08T09:41:45.0084036Z,,oasis/bottle
,,,0,,,local.mqtt.telegraf,42,48.47,,,08a6f7bb3c68,08a6f7bb3c68-140,140,08:A6:F7:BB:3C:68,ON,518539,1780911704967,518544,1780911704972,626426,1780911704326,27,2026-06-08T09:41:45.3045323Z,,oasis/bottle
,,,0,,,local.mqtt.telegraf,43,33.3,,,08a6f75abdf0,08a6f75abdf0-141,141,08:A6:F7:5A:BD:F0,ON,520279,1780911706707,520283,1780911706711,559507,1780911706597,27,2026-06-08T09:41:47.0517248Z,,oasis/bottle
,,,0,,,local.mqtt.telegraf,44,43.65,,,08a6f76bd428,08a6f76bd428-138,138,08:A6:F7:6B:D4:28,ON,521279,1780911707707,521283,1780911707711,662277,1780911707636,26,2026-06-08T09:41:48.0507974Z,,oasis/bottle
,,,0,,,local.mqtt.telegraf,46,46.2,,,2cbcbb0d97a0,2cbcbb0d97a0-135,135,2C:BC:BB:0D:97:A0,ON,521380,1780911707808,521384,1780911707813,607826,1780911707736,26,2026-06-08T09:41:48.1384262Z,,oasis/bottle
,,,0,,,local.mqtt.telegraf,45,45.28,,,08a6f769c348,08a6f769c348-138,138,08:A6:F7:69:C3:48,ON,521551,1780911707979,521556,1780911707984,590016,1780911707826,26,2026-06-08T09:41:48.3085119Z,,oasis/bottle
,,,0,,,local.mqtt.telegraf,43,48.76,,,08a6f7bb3c68,08a6f7bb3c68-141,141,08:A6:F7:BB:3C:68,ON,521789,1780911708217,521793,1780911708221,629677,1780911707777,27,2026-06-08T09:41:48.5485253Z,,oasis/bottle
,,,0,,,local.mqtt.telegraf,43,33.28,,,08a6f75abdf0,08a6f75abdf0-142,142,08:A6:F7:5A:BD:F0,ON,523609,1780911710037,523613,1780911710041,562837,1780911707857,27,2026-06-08T09:41:50.3809262Z,,oasis/bottle
,,,0,,,local.mqtt.telegraf,44,43.33,,,08a6f76bd428,08a6f76bd428-139,139,08:A6:F7:6B:D4:28,ON,524469,1780911710897,524473,1780911710901,665466,1780911710825,26,2026-06-08T09:41:51.2483969Z,,oasis/bottle
,,,0,,,local.mqtt.telegraf,46,46.44,,,2cbcbb0d97a0,2cbcbb0d97a0-136,136,2C:BC:BB:0D:97:A0,ON,524589,1780911711017,524594,1780911711022,611036,1780911710946,26,2026-06-08T09:41:51.3587257Z,,oasis/bottle
,,,0,,,local.mqtt.telegraf,45,45.05,,,08a6f769c348,08a6f769c348-139,139,08:A6:F7:69:C3:48,ON,524789,1780911711217,524793,1780911711221,593256,1780911711066,26,2026-06-08T09:41:51.5566234Z,,oasis/bottle
,,,0,,,local.mqtt.telegraf,43,48.12,,,08a6f7bb3c68,08a6f7bb3c68-142,142,08:A6:F7:BB:3C:68,ON,525149,1780911711577,525153,1780911711581,633036,1780911711136,27,2026-06-08T09:41:51.9097668Z,,oasis/bottle
,,,0,,,local.mqtt.telegraf,43,33.27,,,08a6f75abdf0,08a6f75abdf0-143,143,08:A6:F7:5A:BD:F0,ON,526889,1780911713317,526893,1780911713321,566117,1780911711137,27,2026-06-08T09:41:53.6584323Z,,oasis/bottle
,,,0,,,local.mqtt.telegraf,44,43.33,,,08a6f76bd428,08a6f76bd428-140,140,08:A6:F7:6B:D4:28,ON,527719,1780911714147,527723,1780911714151,668718,1780911714077,26,2026-06-08T09:41:54.4885867Z,,oasis/bottle
,,,0,,,local.mqtt.telegraf,46,46.43,,,2cbcbb0d97a0,2cbcbb0d97a0-137,137,2C:BC:BB:0D:97:A0,ON,527869,1780911714297,527873,1780911714301,614316,1780911714226,26,2026-06-08T09:41:54.6384504Z,,oasis/bottle
,,,0,,,local.mqtt.telegraf,45,45.03,,,08a6f769c348,08a6f769c348-140,140,08:A6:F7:69:C3:48,ON,528119,1780911714547,528123,1780911714551,596586,1780911714396,26,2026-06-08T09:41:54.8865824Z,,oasis/bottle
,,,0,,,local.mqtt.telegraf,43,48.57,,,08a6f7bb3c68,08a6f7bb3c68-143,143,08:A6:F7:BB:3C:68,ON,528499,1780911714927,528504,1780911714932,636386,1780911714486,27,2026-06-08T09:41:55.2584448Z,,oasis/bottle
,,,0,,,local.mqtt.telegraf,43,33.26,,,08a6f75abdf0,08a6f75abdf0-144,144,08:A6:F7:5A:BD:F0,ON,530079,1780911716507,530083,1780911716511,569306,1780911714326,27,2026-06-08T09:41:56.8523548Z,,oasis/bottle
,,,0,,,local.mqtt.telegraf,46,46.7,,,2cbcbb0d97a0,2cbcbb0d97a0-138,138,2C:BC:BB:0D:97:A0,ON,531059,1780911717487,531063,1780911717491,617506,1780911717418,26,2026-06-08T09:41:57.8356991Z,,oasis/bottle
,,,0,,,local.mqtt.telegraf,44,43.56,,,08a6f76bd428,08a6f76bd428-141,141,08:A6:F7:6B:D4:28,ON,531087,1780911717515,531091,1780911717519,672077,1780911717438,26,2026-06-08T09:41:57.8368626Z,,oasis/bottle
,,,0,,,local.mqtt.telegraf,45,44.93,,,08a6f769c348,08a6f769c348-141,141,08:A6:F7:69:C3:48,ON,531419,1780911717847,531424,1780911717852,599886,1780911717768,26,2026-06-08T09:41:58.1813376Z,,oasis/bottle
,,,0,,,local.mqtt.telegraf,43,48.54,,,08a6f7bb3c68,08a6f7bb3c68-144,144,08:A6:F7:BB:3C:68,ON,531829,1780911718257,531834,1780911718262,639717,1780911717889,27,2026-06-08T09:41:58.5923576Z,,oasis/bottle
,,,0,,,local.mqtt.telegraf,43,33.24,,,08a6f75abdf0,08a6f75abdf0-145,145,08:A6:F7:5A:BD:F0,ON,533319,1780911719747,533323,1780911719751,572547,1780911717799,27,2026-06-08T09:42:00.0901653Z,,oasis/bottle
,,,0,,,local.mqtt.telegraf,46,46.32,,,2cbcbb0d97a0,2cbcbb0d97a0-139,139,2C:BC:BB:0D:97:A0,ON,534299,1780911720727,534303,1780911720731,620746,1780911720658,26,2026-06-08T09:42:01.0584257Z,,oasis/bottle
,,,0,,,local.mqtt.telegraf,44,43.69,,,08a6f76bd428,08a6f76bd428-142,142,08:A6:F7:6B:D4:28,ON,534419,1780911720848,534424,1780911720852,675426,1780911720787,26,2026-06-08T09:42:01.1881556Z,,oasis/bottle
,,,0,,,local.mqtt.telegraf,45,44.99,,,08a6f769c348,08a6f769c348-142,142,08:A6:F7:69:C3:48,ON,534639,1780911721067,534643,1780911721071,603106,1780911720988,26,2026-06-08T09:42:01.404925Z,,oasis/bottle
,,,0,,,local.mqtt.telegraf,43,48.12,,,08a6f7bb3c68,08a6f7bb3c68-145,145,08:A6:F7:BB:3C:68,ON,535110,1780911721538,535114,1780911721542,642997,1780911721169,27,2026-06-08T09:42:02.182272Z,,oasis/bottle
,,,0,,,local.mqtt.telegraf,43,33.17,,,08a6f75abdf0,08a6f75abdf0-146,146,08:A6:F7:5A:BD:F0,ON,536669,1780911723097,536673,1780911723101,575897,1780911721149,27,2026-06-08T09:42:03.4390466Z,,oasis/bottle
,,,0,,,local.mqtt.telegraf,46,46.59,,,2cbcbb0d97a0,2cbcbb0d97a0-140,140,2C:BC:BB:0D:97:A0,ON,537649,1780911724077,537653,1780911724081,624096,1780911724008,26,2026-06-08T09:42:04.408153Z,,oasis/bottle
,,,0,,,local.mqtt.telegraf,44,43.6,,,08a6f76bd428,08a6f76bd428-143,143,08:A6:F7:6B:D4:28,ON,537749,1780911724177,537753,1780911724181,678746,1780911724107,26,2026-06-08T09:42:04.512246Z,,oasis/bottle
,,,0,,,local.mqtt.telegraf,45,44.9,,,08a6f769c348,08a6f769c348-143,143,08:A6:F7:69:C3:48,ON,537939,1780911724367,537943,1780911724371,606406,1780911724288,26,2026-06-08T09:42:04.7082912Z,,oasis/bottle
,,,0,,,local.mqtt.telegraf,42,48.55,,,08a6f7bb3c68,08a6f7bb3c68-146,146,08:A6:F7:BB:3C:68,ON,538309,1780911724737,538321,1780911724749,646196,1780911724368,27,2026-06-08T09:42:05.0785506Z,,oasis/bottle
,,,0,,,local.mqtt.telegraf,43,33.31,,,08a6f75abdf0,08a6f75abdf0-147,147,08:A6:F7:5A:BD:F0,ON,539999,1780911726427,540003,1780911726431,579227,1780911724479,27,2026-06-08T09:42:06.7720299Z,,oasis/bottle
,,,0,,,local.mqtt.telegraf,46,46.55,,,2cbcbb0d97a0,2cbcbb0d97a0-141,141,2C:BC:BB:0D:97:A0,ON,540979,1780911727407,540983,1780911727411,627426,1780911727336,26,2026-06-08T09:42:07.7380469Z,,oasis/bottle
,,,0,,,local.mqtt.telegraf,44,43.33,,,08a6f76bd428,08a6f76bd428-144,144,08:A6:F7:6B:D4:28,ON,541019,1780911727447,541023,1780911727451,682016,1780911727375,26,2026-06-08T09:42:07.7780373Z,,oasis/bottle
,,,0,,,local.mqtt.telegraf,45,45.09,,,08a6f769c348,08a6f769c348-144,144,08:A6:F7:69:C3:48,ON,541169,1780911727597,541173,1780911727601,609636,1780911727526,26,2026-06-08T09:42:07.9282742Z,,oasis/bottle
,,,0,,,local.mqtt.telegraf,43,48.43,,,08a6f7bb3c68,08a6f7bb3c68-147,147,08:A6:F7:BB:3C:68,ON,541569,1780911727998,541574,1780911728002,649457,1780911727847,27,2026-06-08T09:42:08.3339956Z,,oasis/bottle
,,,0,,,local.mqtt.telegraf,43,33.24,,,08a6f75abdf0,08a6f75abdf0-148,148,08:A6:F7:5A:BD:F0,ON,543279,1780911729707,543283,1780911729711,582507,1780911727867,27,2026-06-08T09:42:10.0544845Z,,oasis/bottle
,,,0,,,local.mqtt.telegraf,46,46.44,,,2cbcbb0d97a0,2cbcbb0d97a0-142,142,2C:BC:BB:0D:97:A0,ON,544259,1780911730687,544263,1780911730691,630706,1780911730616,26,2026-06-08T09:42:11.0220739Z,,oasis/bottle
,,,0,,,local.mqtt.telegraf,44,43.58,,,08a6f76bd428,08a6f76bd428-145,145,08:A6:F7:6B:D4:28,ON,544419,1780911730847,544424,1780911730852,685426,1780911730785,26,2026-06-08T09:42:11.1788426Z,,oasis/bottle
,,,0,,,local.mqtt.telegraf,45,45.09,,,08a6f769c348,08a6f769c348-145,145,08:A6:F7:69:C3:48,ON,544499,1780911730927,544503,1780911730931,612966,1780911730856,26,2026-06-08T09:42:11.2670457Z,,oasis/bottle
,,,0,,,local.mqtt.telegraf,43,48.45,,,08a6f7bb3c68,08a6f7bb3c68-148,148,08:A6:F7:BB:3C:68,ON,544959,1780911731387,544963,1780911731391,652847,1780911731237,27,2026-06-08T09:42:11.7218972Z,,oasis/bottle
,,,0,,,local.mqtt.telegraf,43,33.21,,,08a6f75abdf0,08a6f75abdf0-149,149,08:A6:F7:5A:BD:F0,ON,546469,1780911732897,546473,1780911732901,585697,1780911731057,27,2026-06-08T09:42:13.2440474Z,,oasis/bottle
,,,0,,,local.mqtt.telegraf,46,46.24,,,2cbcbb0d97a0,2cbcbb0d97a0-143,143,2C:BC:BB:0D:97:A0,ON,547449,1780911733877,547453,1780911733881,633896,1780911733806,26,2026-06-08T09:42:14.2082163Z,,oasis/bottle
,,,0,,,local.mqtt.telegraf,44,43.61,,,08a6f76bd428,08a6f76bd428-146,146,08:A6:F7:6B:D4:28,ON,547619,1780911734047,547624,1780911734052,688626,1780911733985,26,2026-06-08T09:42:14.3784285Z,,oasis/bottle
,,,0,,,local.mqtt.telegraf,45,44.98,,,08a6f769c348,08a6f769c348-146,146,08:A6:F7:69:C3:48,ON,547779,1780911734207,547783,1780911734211,616246,1780911734136,26,2026-06-08T09:42:14.5472524Z,,oasis/bottle
,,,0,,,local.mqtt.telegraf,42,48.43,,,08a6f7bb3c68,08a6f7bb3c68-149,149,08:A6:F7:BB:3C:68,ON,548359,1780911734787,548363,1780911734791,656246,1780911734636,27,2026-06-08T09:42:15.1181307Z,,oasis/bottle
,,,0,,,local.mqtt.telegraf,43,33.23,,,08a6f75abdf0,08a6f75abdf0-150,150,08:A6:F7:5A:BD:F0,ON,549719,1780911736147,549723,1780911736151,588946,1780911734306,27,2026-06-08T09:42:16.4981443Z,,oasis/bottle
,,,0,,,local.mqtt.telegraf,46,46.46,,,2cbcbb0d97a0,2cbcbb0d97a0-144,144,2C:BC:BB:0D:97:A0,ON,550699,1780911737127,550703,1780911737131,637147,1780911737057,26,2026-06-08T09:42:17.4617792Z,,oasis/bottle
,,,0,,,local.mqtt.telegraf,44,43.62,,,08a6f76bd428,08a6f76bd428-147,147,08:A6:F7:6B:D4:28,ON,550889,1780911737317,550894,1780911737322,691896,1780911737255,26,2026-06-08T09:42:17.656575Z,,oasis/bottle
,,,0,,,local.mqtt.telegraf,45,45.05,,,08a6f769c348,08a6f769c348-147,147,08:A6:F7:69:C3:48,ON,550969,1780911737397,550973,1780911737401,619436,1780911737326,26,2026-06-08T09:42:17.7284164Z,,oasis/bottle
,,,0,,,local.mqtt.telegraf,43,48.53,,,08a6f7bb3c68,08a6f7bb3c68-150,150,08:A6:F7:BB:3C:68,ON,551539,1780911737967,551543,1780911737971,659427,1780911737797,27,2026-06-08T09:42:18.3479089Z,,oasis/bottle
,,,0,,,local.mqtt.telegraf,43,33.16,,,08a6f75abdf0,08a6f75abdf0-151,151,08:A6:F7:5A:BD:F0,ON,553089,1780911739517,553093,1780911739521,592317,1780911737987,27,2026-06-08T09:42:19.8661964Z,,oasis/bottle
,,,0,,,local.mqtt.telegraf,46,46.26,,,2cbcbb0d97a0,2cbcbb0d97a0-145,145,2C:BC:BB:0D:97:A0,ON,554059,1780911740487,554063,1780911740491,640506,1780911740416,26,2026-06-08T09:42:20.8229063Z,,oasis/bottle
,,,0,,,local.mqtt.telegraf,45,45.09,,,08a6f769c348,08a6f769c348-148,148,08:A6:F7:69:C3:48,ON,554219,1780911740647,554223,1780911740651,622686,1780911740576,26,2026-06-08T09:42:20.981144Z,,oasis/bottle
,,,0,,,local.mqtt.telegraf,44,43.8,,,08a6f76bd428,08a6f76bd428-148,148,08:A6:F7:6B:D4:28,ON,554309,1780911740737,554314,1780911740742,695306,1780911740665,26,2026-06-08T09:42:21.0727401Z,,oasis/bottle
,,,0,,,local.mqtt.telegraf,43,48.81,,,08a6f7bb3c68,08a6f7bb3c68-151,151,08:A6:F7:BB:3C:68,ON,554770,1780911741198,554774,1780911741203,662656,1780911741026,27,2026-06-08T09:42:21.5344922Z,,oasis/bottle
,,,0,,,local.mqtt.telegraf,43,33.24,,,08a6f75abdf0,08a6f75abdf0-152,152,08:A6:F7:5A:BD:F0,ON,556449,1780911742877,556453,1780911742881,595677,1780911741347,27,2026-06-08T09:42:23.2253652Z,,oasis/bottle
,,,0,,,local.mqtt.telegraf,46,46.2,,,2cbcbb0d97a0,2cbcbb0d97a0-146,146,2C:BC:BB:0D:97:A0,ON,557409,1780911743837,557413,1780911743841,643856,1780911743766,26,2026-06-08T09:42:24.1704251Z,,oasis/bottle
,,,0,,,local.mqtt.telegraf,44,43.61,,,08a6f76bd428,08a6f76bd428-149,149,08:A6:F7:6B:D4:28,ON,557499,1780911743927,557504,1780911743932,698506,1780911743865,26,2026-06-08T09:42:24.258099Z,,oasis/bottle
,,,0,,,local.mqtt.telegraf,45,44.91,,,08a6f769c348,08a6f769c348-149,149,08:A6:F7:69:C3:48,ON,557579,1780911744007,557583,1780911744011,626046,1780911743936,26,2026-06-08T09:42:24.3472564Z,,oasis/bottle
,,,0,,,local.mqtt.telegraf,43,48.34,,,08a6f7bb3c68,08a6f7bb3c68-152,152,08:A6:F7:BB:3C:68,ON,558099,1780911744527,558103,1780911744531,665986,1780911744356,27,2026-06-08T09:42:24.8668055Z,,oasis/bottle
,,,0,,,local.mqtt.telegraf,43,33.19,,,08a6f75abdf0,08a6f75abdf0-153,153,08:A6:F7:5A:BD:F0,ON,559789,1780911746217,559793,1780911746221,599017,1780911744687,27,2026-06-08T09:42:26.5623123Z,,oasis/bottle
,,,0,,,local.mqtt.telegraf,46,46.43,,,2cbcbb0d97a0,2cbcbb0d97a0-147,147,2C:BC:BB:0D:97:A0,ON,560729,1780911747157,560733,1780911747161,647177,1780911747087,26,2026-06-08T09:42:27.4982222Z,,oasis/bottle
,,,0,,,local.mqtt.telegraf,44,43.83,,,08a6f76bd428,08a6f76bd428-150,150,08:A6:F7:6B:D4:28,ON,560769,1780911747197,560774,1780911747202,701776,1780911747135,26,2026-06-08T09:42:27.5294007Z,,oasis/bottle
,,,0,,,local.mqtt.telegraf,45,45.06,,,08a6f769c348,08a6f769c348-150,150,08:A6:F7:69:C3:48,ON,560929,1780911747357,560933,1780911747361,629396,1780911747286,26,2026-06-08T09:42:27.6922656Z,,oasis/bottle
,,,0,,,local.mqtt.telegraf,43,48.35,,,08a6f7bb3c68,08a6f7bb3c68-153,153,08:A6:F7:BB:3C:68,ON,561379,1780911747807,561384,1780911747812,669267,1780911747747,27,2026-06-08T09:42:28.1429579Z,,oasis/bottle
,,,0,,,local.mqtt.telegraf,43,33.19,,,08a6f75abdf0,08a6f75abdf0-154,154,08:A6:F7:5A:BD:F0,ON,563099,1780911749527,563103,1780911749531,602327,1780911747957,27,2026-06-08T09:42:29.8680625Z,,oasis/bottle
,,,0,,,local.mqtt.telegraf,46,46.54,,,2cbcbb0d97a0,2cbcbb0d97a0-148,148,2C:BC:BB:0D:97:A0,ON,563999,1780911750427,564003,1780911750431,650447,1780911750357,26,2026-06-08T09:42:30.7619876Z,,oasis/bottle
,,,0,,,local.mqtt.telegraf,44,43.62,,,08a6f76bd428,08a6f76bd428-151,151,08:A6:F7:6B:D4:28,ON,564179,1780911750607,564184,1780911750612,705186,1780911750545,26,2026-06-08T09:42:30.9469082Z,,oasis/bottle
,,,0,,,local.mqtt.telegraf,45,45.05,,,08a6f769c348,08a6f769c348-151,151,08:A6:F7:69:C3:48,ON,564259,1780911750687,564263,1780911750691,632726,1780911750616,26,2026-06-08T09:42:30.9790509Z,,oasis/bottle
,,,0,,,local.mqtt.telegraf,43,48.76,,,08a6f7bb3c68,08a6f7bb3c68-154,154,08:A6:F7:BB:3C:68,ON,564569,1780911750997,564574,1780911751002,672456,1780911750936,27,2026-06-08T09:42:31.3359804Z,,oasis/bottle
,,,0,,,local.mqtt.telegraf,43,33.09,,,08a6f75abdf0,08a6f75abdf0-155,155,08:A6:F7:5A:BD:F0,ON,566349,1780911752777,566353,1780911752781,605577,1780911751207,27,2026-06-08T09:42:33.1196771Z,,oasis/bottle
,,,0,,,local.mqtt.telegraf,43,43.54,,,08a6f76bd428,08a6f76bd428-152,152,08:A6:F7:6B:D4:28,ON,567379,1780911753807,567384,1780911753812,708386,1780911753745,26,2026-06-08T09:42:34.1447179Z,,oasis/bottle
,,,0,,,local.mqtt.telegraf,46,46.67,,,2cbcbb0d97a0,2cbcbb0d97a0-149,149,2C:BC:BB:0D:97:A0,ON,567408,1780911753836,567412,1780911753840,653856,1780911753766,26,2026-06-08T09:42:34.1779121Z,,oasis/bottle
,,,0,,,local.mqtt.telegraf,44,44.91,,,08a6f769c348,08a6f769c348-152,152,08:A6:F7:69:C3:48,ON,567539,1780911753967,567544,1780911753972,636006,1780911753896,26,2026-06-08T09:42:34.2981541Z,,oasis/bottle
,,,0,,,local.mqtt.telegraf,43,48.57,,,08a6f7bb3c68,08a6f7bb3c68-155,155,08:A6:F7:BB:3C:68,ON,567819,1780911754247,567823,1780911754251,675706,1780911754186,27,2026-06-08T09:42:34.5782869Z,,oasis/bottle
,,,0,,,local.mqtt.telegraf,43,33.23,,,08a6f75abdf0,08a6f75abdf0-156,156,08:A6:F7:5A:BD:F0,ON,569709,1780911756137,569713,1780911756141,608937,1780911754567,27,2026-06-08T09:42:36.4832113Z,,oasis/bottle
,,,0,,,local.mqtt.telegraf,44,43.54,,,08a6f76bd428,08a6f76bd428-153,153,08:A6:F7:6B:D4:28,ON,570648,1780911757076,570653,1780911757081,711648,1780911757007,26,2026-06-08T09:42:37.3789035Z,,oasis/bottle
,,,0,,,local.mqtt.telegraf,44,45.16,,,08a6f769c348,08a6f769c348-153,153,08:A6:F7:69:C3:48,ON,570729,1780911757157,570733,1780911757161,639197,1780911757087,26,2026-06-08T09:42:37.4978848Z,,oasis/bottle
,,,0,,,local.mqtt.telegraf,42,48.42,,,08a6f7bb3c68,08a6f7bb3c68-156,156,08:A6:F7:BB:3C:68,ON,571189,1780911757617,571193,1780911757621,679067,1780911757547,27,2026-06-08T09:42:37.9566815Z,,oasis/bottle
,,,0,,,local.mqtt.telegraf,43,33.19,,,08a6f75abdf0,08a6f75abdf0-157,157,08:A6:F7:5A:BD:F0,ON,573069,1780911759497,573073,1780911759501,612297,1780911758036,27,2026-06-08T09:42:39.8379905Z,,oasis/bottle
,,,0,,,local.mqtt.telegraf,46,46.2,,,2cbcbb0d97a0,2cbcbb0d97a0-151,151,2C:BC:BB:0D:97:A0,ON,573879,1780911760307,573883,1780911760311,660327,1780911760237,26,2026-06-08T09:42:40.6470296Z,,oasis/bottle
,,,0,,,local.mqtt.telegraf,44,45.05,,,08a6f769c348,08a6f769c348-154,154,08:A6:F7:69:C3:48,ON,573969,1780911760398,573974,1780911760402,642436,1780911760326,26,2026-06-08T09:42:40.7374025Z,,oasis/bottle
,,,0,,,local.mqtt.telegraf,44,43.64,,,08a6f76bd428,08a6f76bd428-154,154,08:A6:F7:6B:D4:28,ON,574040,1780911760468,574045,1780911760473,715046,1780911760405,26,2026-06-08T09:42:40.7717998Z,,oasis/bottle
,,,0,,,local.mqtt.telegraf,42,48.8,,,08a6f7bb3c68,08a6f7bb3c68-157,157,08:A6:F7:BB:3C:68,ON,574529,1780911760957,574534,1780911760962,682416,1780911760896,27,2026-06-08T09:42:41.3042343Z,,oasis/bottle
,,,0,,,local.mqtt.telegraf,43,33.19,,,08a6f75abdf0,08a6f75abdf0-158,158,08:A6:F7:5A:BD:F0,ON,576409,1780911762837,576413,1780911762841,615637,1780911761376,27,2026-06-08T09:42:43.1699483Z,,oasis/bottle
,,,0,,,local.mqtt.telegraf,43,43.77,,,08a6f76bd428,08a6f76bd428-155,155,08:A6:F7:6B:D4:28,ON,577219,1780911763647,577224,1780911763652,718226,1780911763585,26,2026-06-08T09:42:43.9859747Z,,oasis/bottle
,,,0,,,local.mqtt.telegraf,46,46.43,,,2cbcbb0d97a0,2cbcbb0d97a0-152,152,2C:BC:BB:0D:97:A0,ON,577289,1780911763717,577293,1780911763721,663736,1780911763646,26,2026-06-08T09:42:44.0202091Z,,oasis/bottle
,,,0,,,local.mqtt.telegraf,44,45.08,,,08a6f769c348,08a6f769c348-155,155,08:A6:F7:69:C3:48,ON,577329,1780911763757,577333,1780911763761,645796,1780911763686,26,2026-06-08T09:42:44.0607721Z,,oasis/bottle
,,,0,,,local.mqtt.telegraf,42,48.38,,,08a6f7bb3c68,08a6f7bb3c68-158,158,08:A6:F7:BB:3C:68,ON,577849,1780911764277,577853,1780911764281,685736,1780911764216,27,2026-06-08T09:42:44.6082052Z,,oasis/bottle
,,,0,,,local.mqtt.telegraf,43,33.19,,,08a6f75abdf0,08a6f75abdf0-159,159,08:A6:F7:5A:BD:F0,ON,579719,1780911766147,579723,1780911766151,618947,1780911764686,27,2026-06-08T09:42:46.5040158Z,,oasis/bottle
,,,0,,,local.mqtt.telegraf,43,43.65,,,08a6f76bd428,08a6f76bd428-156,156,08:A6:F7:6B:D4:28,ON,580439,1780911766868,580444,1780911766872,721446,1780911766805,26,2026-06-08T09:42:47.2098351Z,,oasis/bottle
,,,0,,,local.mqtt.telegraf,46,46.59,,,2cbcbb0d97a0,2cbcbb0d97a0-153,153,2C:BC:BB:0D:97:A0,ON,580502,1780911766930,580507,1780911766935,666946,1780911766856,26,2026-06-08T09:42:47.2645743Z,,oasis/bottle
,,,0,,,local.mqtt.telegraf,44,44.94,,,08a6f769c348,08a6f769c348-156,156,08:A6:F7:69:C3:48,ON,580689,1780911767117,580693,1780911767121,649148,1780911767038,26,2026-06-08T09:42:47.4478087Z,,oasis/bottle
,,,0,,,local.mqtt.telegraf,42,48.7,,,08a6f7bb3c68,08a6f7bb3c68-159,159,08:A6:F7:BB:3C:68,ON,581119,1780911767547,581123,1780911767551,689007,1780911767487,27,2026-06-08T09:42:47.8828864Z,,oasis/bottle
,,,0,,,local.mqtt.telegraf,43,33.12,,,08a6f75abdf0,08a6f75abdf0-160,160,08:A6:F7:5A:BD:F0,ON,582959,1780911769387,582963,1780911769391,622187,1780911767947,27,2026-06-08T09:42:49.7291048Z,,oasis/bottle
,,,0,,,local.mqtt.telegraf,46,46.55,,,2cbcbb0d97a0,2cbcbb0d97a0-154,154,2C:BC:BB:0D:97:A0,ON,583787,1780911770215,583792,1780911770220,670226,1780911767986,26,2026-06-08T09:42:50.5180144Z,,oasis/bottle
,,,0,,,local.mqtt.telegraf,44,44.98,,,08a6f769c348,08a6f769c348-157,157,08:A6:F7:69:C3:48,ON,583999,1780911770427,584003,1780911770431,652466,1780911770356,26,2026-06-08T09:42:50.7511217Z,,oasis/bottle
,,,0,,,local.mqtt.telegraf,42,48.66,,,08a6f7bb3c68,08a6f7bb3c68-160,160,08:A6:F7:BB:3C:68,ON,584529,1780911770957,584533,1780911770961,692416,1780911770896,27,2026-06-08T09:42:51.2940577Z,,oasis/bottle
,,,0,,,local.mqtt.telegraf,43,33.19,,,08a6f75abdf0,08a6f75abdf0-161,161,08:A6:F7:5A:BD:F0,ON,586299,1780911772727,586303,1780911772731,625527,1780911771287,27,2026-06-08T09:42:53.0678461Z,,oasis/bottle
,,,0,,,local.mqtt.telegraf,43,43.62,,,08a6f76bd428,08a6f76bd428-158,158,08:A6:F7:6B:D4:28,ON,586999,1780911773427,587003,1780911773431,728006,1780911771266,26,2026-06-08T09:42:53.7338342Z,,oasis/bottle
,,,0,,,local.mqtt.telegraf,44,45.22,,,08a6f769c348,08a6f769c348-158,158,08:A6:F7:69:C3:48,ON,587259,1780911773687,587263,1780911773691,655726,1780911773616,26,2026-06-08T09:42:54.0204835Z,,oasis/bottle
,,,0,,,local.mqtt.telegraf,42,48.59,,,08a6f7bb3c68,08a6f7bb3c68-161,161,08:A6:F7:BB:3C:68,ON,587730,1780911774158,587734,1780911774162,695616,1780911774096,27,2026-06-08T09:42:54.5076094Z,,oasis/bottle
,,,0,,,local.mqtt.telegraf,43,33.05,,,08a6f75abdf0,08a6f75abdf0-162,162,08:A6:F7:5A:BD:F0,ON,589609,1780911776037,589613,1780911776041,628836,1780911774596,27,2026-06-08T09:42:56.3804311Z,,oasis/bottle
,,,0,,,local.mqtt.telegraf,46,46.67,,,2cbcbb0d97a0,2cbcbb0d97a0-156,156,2C:BC:BB:0D:97:A0,ON,590209,1780911776637,590213,1780911776641,676656,1780911774416,26,2026-06-08T09:42:56.9779743Z,,oasis/bottle
,,,0,,,local.mqtt.telegraf,43,43.45,,,08a6f76bd428,08a6f76bd428-159,159,08:A6:F7:6B:D4:28,ON,590359,1780911776787,590364,1780911776792,731366,1780911774626,26,2026-06-08T09:42:57.1227076Z,,oasis/bottle
,,,0,,,local.mqtt.telegraf,44,45.01,,,08a6f769c348,08a6f769c348-159,159,08:A6:F7:69:C3:48,ON,590639,1780911777067,590643,1780911777071,659107,1780911776997,26,2026-06-08T09:42:57.4014752Z,,oasis/bottle
,,,0,,,local.mqtt.telegraf,42,48.66,,,08a6f7bb3c68,08a6f7bb3c68-162,162,08:A6:F7:BB:3C:68,ON,590999,1780911777427,591003,1780911777431,698886,1780911777366,27,2026-06-08T09:42:57.7659838Z,,oasis/bottle
,,,0,,,local.mqtt.telegraf,43,33.17,,,08a6f75abdf0,08a6f75abdf0-163,163,08:A6:F7:5A:BD:F0,ON,592859,1780911779287,592864,1780911779292,632087,1780911777987,27,2026-06-08T09:42:59.6237415Z,,oasis/bottle
,,,0,,,local.mqtt.telegraf,46,46.66,,,2cbcbb0d97a0,2cbcbb0d97a0-157,157,2C:BC:BB:0D:97:A0,ON,593559,1780911779987,593563,1780911779991,680007,1780911778087,26,2026-06-08T09:43:00.3199049Z,,oasis/bottle
,,,0,,,local.mqtt.telegraf,43,43.7,,,08a6f76bd428,08a6f76bd428-160,160,08:A6:F7:6B:D4:28,ON,593710,1780911780138,593714,1780911780142,734717,1780911778087,26,2026-06-08T09:43:00.4697184Z,,oasis/bottle
,,,0,,,local.mqtt.telegraf,44,45.34,,,08a6f769c348,08a6f769c348-160,160,08:A6:F7:69:C3:48,ON,594029,1780911780457,594033,1780911780461,662496,1780911778126,26,2026-06-08T09:43:00.7937476Z,,oasis/bottle
,,,0,,,local.mqtt.telegraf,42,48.45,,,08a6f7bb3c68,08a6f7bb3c68-163,163,08:A6:F7:BB:3C:68,ON,594409,1780911780837,594413,1780911780841,702296,1780911780776,27,2026-06-08T09:43:01.1720194Z,,oasis/bottle
,,,0,,,local.mqtt.telegraf,43,33.35,,,08a6f75abdf0,08a6f75abdf0-164,164,08:A6:F7:5A:BD:F0,ON,596219,1780911782647,596223,1780911782651,635447,1780911781347,27,2026-06-08T09:43:03.0067822Z,,oasis/bottle
,,,0,,,local.mqtt.telegraf,46,46.63,,,2cbcbb0d97a0,2cbcbb0d97a0-158,158,2C:BC:BB:0D:97:A0,ON,596879,1780911783307,596883,1780911783311,683326,1780911781406,26,2026-06-08T09:43:03.6515745Z,,oasis/bottle
,,,0,,,local.mqtt.telegraf,43,43.5,,,08a6f76bd428,08a6f76bd428-161,161,08:A6:F7:6B:D4:28,ON,597039,1780911783468,597044,1780911783472,738046,1780911781416,26,2026-06-08T09:43:03.8057155Z,,oasis/bottle
,,,0,,,local.mqtt.telegraf,44,45.1,,,08a6f769c348,08a6f769c348-161,161,08:A6:F7:69:C3:48,ON,597439,1780911783867,597443,1780911783871,665906,1780911781536,26,2026-06-08T09:43:04.1976488Z,,oasis/bottle
,,,0,,,local.mqtt.telegraf,42,48.12,,,08a6f7bb3c68,08a6f7bb3c68-164,164,08:A6:F7:BB:3C:68,ON,597609,1780911784037,597613,1780911784041,705496,1780911783976,27,2026-06-08T09:43:04.3679464Z,,oasis/bottle
,,,0,,,local.mqtt.telegraf,43,33.27,,,08a6f75abdf0,08a6f75abdf0-165,165,08:A6:F7:5A:BD:F0,ON,599569,1780911785997,599573,1780911786001,638796,1780911784696,27,2026-06-08T09:43:06.3397731Z,,oasis/bottle
,,,0,,,local.mqtt.telegraf,46,46.43,,,2cbcbb0d97a0,2cbcbb0d97a0-159,159,2C:BC:BB:0D:97:A0,ON,600149,1780911786577,600153,1780911786581,686597,1780911784677,26,2026-06-08T09:43:06.9129229Z,,oasis/bottle
,,,0,,,local.mqtt.telegraf,43,43.5,,,08a6f76bd428,08a6f76bd428-162,162,08:A6:F7:6B:D4:28,ON,600319,1780911786748,600324,1780911786752,741326,1780911784696,26,2026-06-08T09:43:07.0776548Z,,oasis/bottle
,,,0,,,local.mqtt.telegraf,44,44.99,,,08a6f769c348,08a6f769c348-162,162,08:A6:F7:69:C3:48,ON,600639,1780911787067,600643,1780911787071,669106,1780911784736,26,2026-06-08T09:43:07.4034574Z,,oasis/bottle
,,,0,,,local.mqtt.telegraf,42,48.47,,,08a6f7bb3c68,08a6f7bb3c68-165,165,08:A6:F7:BB:3C:68,ON,600879,1780911787307,600883,1780911787311,708767,1780911787247,27,2026-06-08T09:43:07.6435315Z,,oasis/bottle
,,,0,,,local.mqtt.telegraf,43,33.19,,,08a6f75abdf0,08a6f75abdf0-166,166,08:A6:F7:5A:BD:F0,ON,602909,1780911789337,602913,1780911789341,642127,1780911788097,27,2026-06-08T09:43:09.6856605Z,,oasis/bottle
,,,0,,,local.mqtt.telegraf,43,43.64,,,08a6f76bd428,08a6f76bd428-163,163,08:A6:F7:6B:D4:28,ON,603510,1780911789938,603515,1780911789943,744516,1780911787956,26,2026-06-08T09:43:10.2675724Z,,oasis/bottle
,,,0,,,local.mqtt.telegraf,46,46.55,,,2cbcbb0d97a0,2cbcbb0d97a0-160,160,2C:BC:BB:0D:97:A0,ON,603558,1780911789986,603563,1780911789991,690006,1780911788176,26,2026-06-08T09:43:10.3077671Z,,oasis/bottle
,,,0,,,local.mqtt.telegraf,44,45.22,,,08a6f769c348,08a6f769c348-163,163,08:A6:F7:69:C3:48,ON,603909,1780911790337,603913,1780911790341,672377,1780911788037,26,2026-06-08T09:43:10.6718133Z,,oasis/bottle
,,,0,,,local.mqtt.telegraf,42,48.66,,,08a6f7bb3c68,08a6f7bb3c68-166,166,08:A6:F7:BB:3C:68,ON,604289,1780911790717,604293,1780911790721,712176,1780911790656,27,2026-06-08T09:43:11.0476952Z,,oasis/bottle
,,,0,,,local.mqtt.telegraf,43,33.17,,,08a6f75abdf0,08a6f75abdf0-167,167,08:A6:F7:5A:BD:F0,ON,606229,1780911792657,606233,1780911792661,645456,1780911791426,27,2026-06-08T09:43:13.0015854Z,,oasis/bottle
,,,0,,,local.mqtt.telegraf,46,46.23,,,2cbcbb0d97a0,2cbcbb0d97a0-161,161,2C:BC:BB:0D:97:A0,ON,606786,1780911793214,606791,1780911793219,693216,1780911791386,26,2026-06-08T09:43:13.5177872Z,,oasis/bottle
,,,0,,,local.mqtt.telegraf,44,44.9,,,08a6f769c348,08a6f769c348-164,164,08:A6:F7:69:C3:48,ON,607079,1780911793507,607083,1780911793511,675547,1780911791207,26,2026-06-08T09:43:13.8377337Z,,oasis/bottle
,,,0,,,local.mqtt.telegraf,42,48.76,,,08a6f7bb3c68,08a6f7bb3c68-167,167,08:A6:F7:BB:3C:68,ON,607489,1780911793917,607493,1780911793921,715376,1780911793856,27,2026-06-08T09:43:14.2657113Z,,oasis/bottle
,,,0,,,local.mqtt.telegraf,43,33.12,,,08a6f75abdf0,08a6f75abdf0-168,168,08:A6:F7:5A:BD:F0,ON,609469,1780911795897,609473,1780911795901,648696,1780911794666,27,2026-06-08T09:43:16.2377692Z,,oasis/bottle
,,,0,,,local.mqtt.telegraf,46,46.61,,,2cbcbb0d97a0,2cbcbb0d97a0-162,162,2C:BC:BB:0D:97:A0,ON,610049,1780911796477,610053,1780911796481,696496,1780911794666,26,2026-06-08T09:43:16.8114182Z,,oasis/bottle
,,,0,,,local.mqtt.telegraf,43,43.81,,,08a6f76bd428,08a6f76bd428-165,165,08:A6:F7:6B:D4:28,ON,610136,1780911796564,610142,1780911796570,751128,1780911794568,26,2026-06-08T09:43:16.9033732Z,,oasis/bottle
,,,0,,,local.mqtt.telegraf,44,44.94,,,08a6f769c348,08a6f769c348-165,165,08:A6:F7:69:C3:48,ON,610279,1780911796707,610283,1780911796711,678746,1780911794406,26,2026-06-08T09:43:17.0368516Z,,oasis/bottle
,,,0,,,local.mqtt.telegraf,42,48.63,,,08a6f7bb3c68,08a6f7bb3c68-168,168,08:A6:F7:BB:3C:68,ON,610779,1780911797207,610784,1780911797212,718658,1780911797137,27,2026-06-08T09:43:17.5375516Z,,oasis/bottle
,,,0,,,local.mqtt.telegraf,43,33.12,,,08a6f75abdf0,08a6f75abdf0-169,169,08:A6:F7:5A:BD:F0,ON,612819,1780911799247,612823,1780911799251,652047,1780911798156,27,2026-06-08T09:43:19.5914918Z,,oasis/bottle
,,,0,,,local.mqtt.telegraf,46,46.83,,,2cbcbb0d97a0,2cbcbb0d97a0-163,163,2C:BC:BB:0D:97:A0,ON,613239,1780911799667,613244,1780911799672,699686,1780911797995,26,2026-06-08T09:43:20.003672Z,,oasis/bottle
,,,0,,,local.mqtt.telegraf,43,43.65,,,08a6f76bd428,08a6f76bd428-166,166,08:A6:F7:6B:D4:28,ON,613469,1780911799898,613474,1780911799902,754477,1780911798155,26,2026-06-08T09:43:20.2326154Z,,oasis/bottle
,,,0,,,local.mqtt.telegraf,44,45.01,,,08a6f769c348,08a6f769c348-166,166,08:A6:F7:69:C3:48,ON,613549,1780911799977,613554,1780911799982,682016,1780911798075,26,2026-06-08T09:43:20.3138497Z,,oasis/bottle
,,,0,,,local.mqtt.telegraf,42,48.8,,,08a6f7bb3c68,08a6f7bb3c68-169,169,08:A6:F7:BB:3C:68,ON,613949,1780911800377,613954,1780911800382,721836,1780911800315,27,2026-06-08T09:43:20.7112844Z,,oasis/bottle
,,,0,,,local.mqtt.telegraf,43,33.35,,,08a6f75abdf0,08a6f75abdf0-170,170,08:A6:F7:5A:BD:F0,ON,616149,1780911802577,616153,1780911802581,655377,1780911801486,27,2026-06-08T09:43:22.9145496Z,,oasis/bottle
,,,0,,,local.mqtt.telegraf,46,46.43,,,2cbcbb0d97a0,2cbcbb0d97a0-164,164,2C:BC:BB:0D:97:A0,ON,616489,1780911802917,616493,1780911802921,702936,1780911801245,26,2026-06-08T09:43:23.2591808Z,,oasis/bottle
,,,0,,,local.mqtt.telegraf,43,43.64,,,08a6f76bd428,08a6f76bd428-167,167,08:A6:F7:6B:D4:28,ON,616799,1780911803228,616804,1780911803232,757806,1780911801484,26,2026-06-08T09:43:23.5635578Z,,oasis/bottle
,,,0,,,local.mqtt.telegraf,44,45.22,,,08a6f769c348,08a6f769c348-167,167,08:A6:F7:69:C3:48,ON,616959,1780911803387,616963,1780911803391,685427,1780911801486,26,2026-06-08T09:43:23.7204287Z,,oasis/bottle
,,,0,,,local.mqtt.telegraf,42,48.77,,,08a6f7bb3c68,08a6f7bb3c68-170,170,08:A6:F7:BB:3C:68,ON,617169,1780911803597,617173,1780911803601,725056,1780911803535,27,2026-06-08T09:43:23.917891Z,,oasis/bottle
,,,0,,,local.mqtt.telegraf,43,33.31,,,08a6f75abdf0,08a6f75abdf0-171,171,08:A6:F7:5A:BD:F0,ON,619429,1780911805857,619433,1780911805861,658657,1780911804766,27,2026-06-08T09:43:26.2026149Z,,oasis/bottle
,,,0,,,local.mqtt.telegraf,46,46.5,,,2cbcbb0d97a0,2cbcbb0d97a0-165,165,2C:BC:BB:0D:97:A0,ON,619849,1780911806277,619853,1780911806281,706296,1780911804605,26,2026-06-08T09:43:26.6073354Z,,oasis/bottle
,,,0,,,local.mqtt.telegraf,43,43.84,,,08a6f76bd428,08a6f76bd428-168,168,08:A6:F7:6B:D4:28,ON,620089,1780911806517,620093,1780911806521,761086,1780911804764,26,2026-06-08T09:43:26.8534998Z,,oasis/bottle
,,,0,,,local.mqtt.telegraf,44,44.98,,,08a6f769c348,08a6f769c348-168,168,08:A6:F7:69:C3:48,ON,620159,1780911806587,620164,1780911806592,688626,1780911804685,26,2026-06-08T09:43:26.8892264Z,,oasis/bottle
,,,0,,,local.mqtt.telegraf,42,48.86,,,08a6f7bb3c68,08a6f7bb3c68-171,171,08:A6:F7:BB:3C:68,ON,620489,1780911806917,620493,1780911806921,728366,1780911806845,27,2026-06-08T09:43:27.2521365Z,,oasis/bottle
,,,0,,,local.mqtt.telegraf,43,33.3,,,08a6f75abdf0,08a6f75abdf0-172,172,08:A6:F7:5A:BD:F0,ON,622609,1780911809037,622613,1780911809041,661837,1780911808017,27,2026-06-08T09:43:29.377922Z,,oasis/bottle
,,,0,,,local.mqtt.telegraf,46,46.46,,,2cbcbb0d97a0,2cbcbb0d97a0-166,166,2C:BC:BB:0D:97:A0,ON,623199,1780911809627,623203,1780911809631,709646,1780911808186,26,2026-06-08T09:43:29.9604697Z,,oasis/bottle
,,,0,,,local.mqtt.telegraf,43,43.89,,,08a6f76bd428,08a6f76bd428-169,169,08:A6:F7:6B:D4:28,ON,623279,1780911809707,623284,1780911809712,764277,1780911808026,26,2026-06-08T09:43:30.0389716Z,,oasis/bottle
,,,0,,,local.mqtt.telegraf,44,45.03,,,08a6f769c348,08a6f769c348-169,169,08:A6:F7:69:C3:48,ON,623439,1780911809867,623443,1780911809871,691907,1780911808116,26,2026-06-08T09:43:30.2074906Z,,oasis/bottle
,,,0,,,local.mqtt.telegraf,42,48.71,,,08a6f7bb3c68,08a6f7bb3c68-172,172,08:A6:F7:BB:3C:68,ON,623729,1780911810157,623733,1780911810161,731617,1780911808087,27,2026-06-08T09:43:30.4852904Z,,oasis/bottle
,,,0,,,local.mqtt.telegraf,43,33.27,,,08a6f75abdf0,08a6f75abdf0-173,173,08:A6:F7:5A:BD:F0,ON,625839,1780911812267,625844,1780911812272,665066,1780911811246,27,2026-06-08T09:43:32.6078585Z,,oasis/bottle
,,,0,,,local.mqtt.telegraf,43,43.91,,,08a6f76bd428,08a6f76bd428-170,170,08:A6:F7:6B:D4:28,ON,626545,1780911812973,626550,1780911812978,767526,1780911811275,26,2026-06-08T09:43:33.2855061Z,,oasis/bottle
,,,0,,,local.mqtt.telegraf,44,45.32,,,08a6f769c348,08a6f769c348-170,170,08:A6:F7:69:C3:48,ON,626609,1780911813038,626614,1780911813042,695076,1780911811285,26,2026-06-08T09:43:33.3577661Z,,oasis/bottle
,,,0,,,local.mqtt.telegraf,42,48.78,,,08a6f7bb3c68,08a6f7bb3c68-173,173,08:A6:F7:BB:3C:68,ON,627099,1780911813527,627103,1780911813531,734976,1780911811446,27,2026-06-08T09:43:33.8677512Z,,oasis/bottle
,,,0,,,local.mqtt.telegraf,43,33.3,,,08a6f75abdf0,08a6f75abdf0-174,174,08:A6:F7:5A:BD:F0,ON,629169,1780911815597,629173,1780911815601,668396,1780911814576,27,2026-06-08T09:43:35.9363464Z,,oasis/bottle
,,,0,,,local.mqtt.telegraf,46,46.79,,,2cbcbb0d97a0,2cbcbb0d97a0-168,168,2C:BC:BB:0D:97:A0,ON,629789,1780911816217,629793,1780911816221,716237,1780911814777,26,2026-06-08T09:43:36.5475903Z,,oasis/bottle
,,,0,,,local.mqtt.telegraf,44,45.03,,,08a6f769c348,08a6f769c348-171,171,08:A6:F7:69:C3:48,ON,629830,1780911816258,629835,1780911816263,698296,1780911814505,26,2026-06-08T09:43:36.5874273Z,,oasis/bottle
,,,0,,,local.mqtt.telegraf,43,43.61,,,08a6f76bd428,08a6f76bd428-171,171,08:A6:F7:6B:D4:28,ON,629892,1780911816320,629896,1780911816324,770886,1780911814635,26,2026-06-08T09:43:36.6333431Z,,oasis/bottle
,,,0,,,local.mqtt.telegraf,42,48.78,,,08a6f7bb3c68,08a6f7bb3c68-174,174,08:A6:F7:BB:3C:68,ON,630439,1780911816867,630444,1780911816872,738327,1780911814797,27,2026-06-08T09:43:37.1972473Z,,oasis/bottle
,,,0,,,local.mqtt.telegraf,43,33.28,,,08a6f75abdf0,08a6f75abdf0-175,175,08:A6:F7:5A:BD:F0,ON,632449,1780911818877,632453,1780911818881,671676,1780911818146,27,2026-06-08T09:43:39.2233978Z,,oasis/bottle
,,,0,,,local.mqtt.telegraf,44,45.2,,,08a6f769c348,08a6f769c348-172,172,08:A6:F7:69:C3:48,ON,633129,1780911819557,633133,1780911819561,701597,1780911818167,26,2026-06-08T09:43:39.8837702Z,,oasis/bottle
,,,0,,,local.mqtt.telegraf,43,43.8,,,08a6f76bd428,08a6f76bd428-172,172,08:A6:F7:6B:D4:28,ON,633230,1780911819658,633235,1780911819663,774237,1780911818217,26,2026-06-08T09:43:39.9675996Z,,oasis/bottle
,,,0,,,local.mqtt.telegraf,42,48.86,,,08a6f7bb3c68,08a6f7bb3c68-175,175,08:A6:F7:BB:3C:68,ON,633759,1780911820187,633763,1780911820191,741647,1780911818187,27,2026-06-08T09:43:40.5072804Z,,oasis/bottle
,,,0,,,local.mqtt.telegraf,43,33.23,,,08a6f75abdf0,08a6f75abdf0-176,176,08:A6:F7:5A:BD:F0,ON,635639,1780911822067,635643,1780911822071,674866,1780911821336,27,2026-06-08T09:43:42.3977166Z,,oasis/bottle
,,,0,,,local.mqtt.telegraf,44,44.91,,,08a6f769c348,08a6f769c348-173,173,08:A6:F7:69:C3:48,ON,636349,1780911822777,636353,1780911822781,704817,1780911821387,26,2026-06-08T09:43:43.1148872Z,,oasis/bottle
,,,0,,,local.mqtt.telegraf,45,46.63,,,2cbcbb0d97a0,2cbcbb0d97a0-170,170,2C:BC:BB:0D:97:A0,ON,636398,1780911822826,636406,1780911822834,722846,1780911821476,26,2026-06-08T09:43:43.1551839Z,,oasis/bottle
,,,0,,,local.mqtt.telegraf,43,43.91,,,08a6f76bd428,08a6f76bd428-173,173,08:A6:F7:6B:D4:28,ON,636559,1780911822987,636564,1780911822992,777556,1780911821536,26,2026-06-08T09:43:43.3198225Z,,oasis/bottle
,,,0,,,local.mqtt.telegraf,42,48.74,,,08a6f7bb3c68,08a6f7bb3c68-176,176,08:A6:F7:BB:3C:68,ON,637039,1780911823467,637043,1780911823471,744917,1780911821457,27,2026-06-08T09:43:43.802265Z,,oasis/bottle
,,,0,,,local.mqtt.telegraf,43,33.19,,,08a6f75abdf0,08a6f75abdf0-177,177,08:A6:F7:5A:BD:F0,ON,638889,1780911825317,638901,1780911825329,678116,1780911824586,27,2026-06-08T09:43:45.6578537Z,,oasis/bottle
,,,0,,,local.mqtt.telegraf,45,46.63,,,2cbcbb0d97a0,2cbcbb0d97a0-171,171,2C:BC:BB:0D:97:A0,ON,639685,1780911826113,639690,1780911826118,726117,1780911824747,26,2026-06-08T09:43:46.4314812Z,,oasis/bottle
,,,0,,,local.mqtt.telegraf,43,43.76,,,08a6f76bd428,08a6f76bd428-174,174,08:A6:F7:6B:D4:28,ON,639839,1780911826267,639843,1780911826271,780837,1780911824817,26,2026-06-08T09:43:46.5999223Z,,oasis/bottle
,,,0,,,local.mqtt.telegraf,42,48.77,,,08a6f7bb3c68,08a6f7bb3c68-177,177,08:A6:F7:BB:3C:68,ON,640439,1780911826867,640443,1780911826871,748326,1780911824866,27,2026-06-08T09:43:47.2043611Z,,oasis/bottle
,,,0,,,local.mqtt.telegraf,43,33.16,,,08a6f75abdf0,08a6f75abdf0-178,178,08:A6:F7:5A:BD:F0,ON,642249,1780911828677,642253,1780911828681,681476,1780911828256,27,2026-06-08T09:43:49.0205812Z,,oasis/bottle
,,,0,,,local.mqtt.telegraf,44,45.06,,,08a6f769c348,08a6f769c348-175,175,08:A6:F7:69:C3:48,ON,642919,1780911829348,642924,1780911829352,711387,1780911828147,26,2026-06-08T09:43:49.6855867Z,,oasis/bottle
,,,0,,,local.mqtt.telegraf,43,43.8,,,08a6f76bd428,08a6f76bd428-175,175,08:A6:F7:6B:D4:28,ON,643019,1780911829447,643024,1780911829452,784017,1780911828077,26,2026-06-08T09:43:49.7795201Z,,oasis/bottle
,,,0,,,local.mqtt.telegraf,45,46.7,,,2cbcbb0d97a0,2cbcbb0d97a0-172,172,2C:BC:BB:0D:97:A0,ON,643079,1780911829507,643084,1780911829512,729527,1780911828306,26,2026-06-08T09:43:49.8074444Z,,oasis/bottle
,,,0,,,local.mqtt.telegraf,42,48.45,,,08a6f7bb3c68,08a6f7bb3c68-178,178,08:A6:F7:BB:3C:68,ON,643649,1780911830077,643653,1780911830082,751527,1780911828097,27,2026-06-08T09:43:50.4072191Z,,oasis/bottle
,,,0,,,local.mqtt.telegraf,43,33.26,,,08a6f75abdf0,08a6f75abdf0-179,179,08:A6:F7:5A:BD:F0,ON,645599,1780911832027,645604,1780911832032,684826,1780911831606,27,2026-06-08T09:43:52.3638295Z,,oasis/bottle
,,,0,,,local.mqtt.telegraf,46,46.71,,,2cbcbb0d97a0,2cbcbb0d97a0-173,173,2C:BC:BB:0D:97:A0,ON,646278,1780911832707,646283,1780911832711,732726,1780911831505,26,2026-06-08T09:43:53.0078521Z,,oasis/bottle
,,,0,,,local.mqtt.telegraf,44,45.06,,,08a6f769c348,08a6f769c348-176,176,08:A6:F7:69:C3:48,ON,646307,1780911832735,646311,1780911832739,714767,1780911831527,26,2026-06-08T09:43:53.0433902Z,,oasis/bottle
,,,0,,,local.mqtt.telegraf,42,48.86,,,08a6f7bb3c68,08a6f7bb3c68-179,179,08:A6:F7:BB:3C:68,ON,646909,1780911833338,646914,1780911833342,754797,1780911831367,27,2026-06-08T09:43:53.6678145Z,,oasis/bottle
,,,0,,,local.mqtt.telegraf,43,33.3,,,08a6f75abdf0,08a6f75abdf0-180,180,08:A6:F7:5A:BD:F0,ON,648918,1780911835347,648923,1780911835351,688146,1780911834926,27,2026-06-08T09:43:55.6974448Z,,oasis/bottle
,,,0,,,local.mqtt.telegraf,43,44.03,,,08a6f76bd428,08a6f76bd428-177,177,08:A6:F7:6B:D4:28,ON,649578,1780911836006,649583,1780911836011,790566,1780911834626,26,2026-06-08T09:43:56.3106205Z,,oasis/bottle
,,,0,,,local.mqtt.telegraf,44,45.03,,,08a6f769c348,08a6f769c348-177,177,08:A6:F7:69:C3:48,ON,649679,1780911836107,649684,1780911836112,718147,1780911834907,26,2026-06-08T09:43:56.4274547Z,,oasis/bottle
,,,0,,,local.mqtt.telegraf,42,48.63,,,08a6f7bb3c68,08a6f7bb3c68-180,180,08:A6:F7:BB:3C:68,ON,650319,1780911836747,650323,1780911836751,758196,1780911834766,27,2026-06-08T09:43:57.0743493Z,,oasis/bottle
,,,0,,,local.mqtt.telegraf,43,33.28,,,08a6f75abdf0,08a6f75abdf0-181,181,08:A6:F7:5A:BD:F0,ON,652189,1780911838617,652193,1780911838621,691417,1780911838205,27,2026-06-08T09:43:58.9628431Z,,oasis/bottle
,,,0,,,local.mqtt.telegraf,43,43.91,,,08a6f76bd428,08a6f76bd428-178,178,08:A6:F7:6B:D4:28,ON,652839,1780911839267,652843,1780911839271,793837,1780911838205,26,2026-06-08T09:43:59.6112256Z,,oasis/bottle
,,,0,,,local.mqtt.telegraf,45,46.97,,,2cbcbb0d97a0,2cbcbb0d97a0-175,175,2C:BC:BB:0D:97:A0,ON,652949,1780911839377,652954,1780911839382,739397,1780911838335,26,2026-06-08T09:43:59.7075932Z,,oasis/bottle
,,,0,,,local.mqtt.telegraf,44,45.05,,,08a6f769c348,08a6f769c348-178,178,08:A6:F7:69:C3:48,ON,653069,1780911839497,653074,1780911839502,721537,1780911838325,26,2026-06-08T09:43:59.8312244Z,,oasis/bottle
,,,0,,,local.mqtt.telegraf,42,48.76,,,08a6f7bb3c68,08a6f7bb3c68-181,181,08:A6:F7:BB:3C:68,ON,653519,1780911839947,653523,1780911839951,761397,1780911838125,27,2026-06-08T09:44:00.2915698Z,,oasis/bottle
,,,0,,,local.mqtt.telegraf,43,33.24,,,08a6f75abdf0,08a6f75abdf0-182,182,08:A6:F7:5A:BD:F0,ON,655599,1780911842027,655603,1780911842031,694826,1780911841614,27,2026-06-08T09:44:02.3671405Z,,oasis/bottle
,,,0,,,local.mqtt.telegraf,46,46.62,,,2cbcbb0d97a0,2cbcbb0d97a0-176,176,2C:BC:BB:0D:97:A0,ON,656139,1780911842567,656143,1780911842571,742586,1780911841524,26,2026-06-08T09:44:02.8972617Z,,oasis/bottle
,,,0,,,local.mqtt.telegraf,43,43.62,,,08a6f76bd428,08a6f76bd428-179,179,08:A6:F7:6B:D4:28,ON,656240,1780911842668,656244,1780911842672,797236,1780911841604,26,2026-06-08T09:44:03.0078359Z,,oasis/bottle
,,,0,,,local.mqtt.telegraf,44,44.97,,,08a6f769c348,08a6f769c348-179,179,08:A6:F7:69:C3:48,ON,656489,1780911842917,656493,1780911842921,724946,1780911841734,26,2026-06-08T09:44:03.25754Z,,oasis/bottle
,,,0,,,local.mqtt.telegraf,42,48.55,,,08a6f7bb3c68,08a6f7bb3c68-182,182,08:A6:F7:BB:3C:68,ON,656769,1780911843197,656773,1780911843201,764657,1780911841385,27,2026-06-08T09:44:03.5333203Z,,oasis/bottle
,,,0,,,local.mqtt.telegraf,43,33.24,,,08a6f75abdf0,08a6f75abdf0-183,183,08:A6:F7:5A:BD:F0,ON,658799,1780911845227,658803,1780911845231,698027,1780911844815,27,2026-06-08T09:44:05.5685688Z,,oasis/bottle
,,,0,,,local.mqtt.telegraf,45,46.58,,,2cbcbb0d97a0,2cbcbb0d97a0-177,177,2C:BC:BB:0D:97:A0,ON,659389,1780911845817,659393,1780911845821,745837,1780911844775,26,2026-06-08T09:44:06.1522178Z,,oasis/bottle
,,,0,,,local.mqtt.telegraf,43,43.8,,,08a6f76bd428,08a6f76bd428-180,180,08:A6:F7:6B:D4:28,ON,659429,1780911845857,659433,1780911845861,800426,1780911844794,26,2026-06-08T09:44:06.1871999Z,,oasis/bottle
,,,0,,,local.mqtt.telegraf,44,45.2,,,08a6f769c348,08a6f769c348-180,180,08:A6:F7:69:C3:48,ON,659689,1780911846117,659693,1780911846121,728156,1780911844944,26,2026-06-08T09:44:06.4493473Z,,oasis/bottle
,,,0,,,local.mqtt.telegraf,42,48.71,,,08a6f7bb3c68,08a6f7bb3c68-183,183,08:A6:F7:BB:3C:68,ON,660149,1780911846578,660154,1780911846582,768037,1780911844765,27,2026-06-08T09:44:06.9117748Z,,oasis/bottle
,,,0,,,local.mqtt.telegraf,43,33.08,,,08a6f75abdf0,08a6f75abdf0-184,184,08:A6:F7:5A:BD:F0,ON,662069,1780911848497,662073,1780911848501,701297,1780911848237,27,2026-06-08T09:44:08.834889Z,,oasis/bottle
,,,0,,,local.mqtt.telegraf,43,43.89,,,08a6f76bd428,08a6f76bd428-181,181,08:A6:F7:6B:D4:28,ON,662679,1780911849107,662683,1780911849111,803677,1780911848217,26,2026-06-08T09:44:09.4389788Z,,oasis/bottle
,,,0,,,local.mqtt.telegraf,45,46.59,,,2cbcbb0d97a0,2cbcbb0d97a0-178,178,2C:BC:BB:0D:97:A0,ON,662759,1780911849187,662763,1780911849191,749207,1780911848336,26,2026-06-08T09:44:09.5223285Z,,oasis/bottle
,,,0,,,local.mqtt.telegraf,44,45.21,,,08a6f769c348,08a6f769c348-181,181,08:A6:F7:69:C3:48,ON,662969,1780911849397,662974,1780911849402,731437,1780911848247,26,2026-06-08T09:44:09.7327368Z,,oasis/bottle
,,,0,,,local.mqtt.telegraf,42,48.7,,,08a6f7bb3c68,08a6f7bb3c68-184,184,08:A6:F7:BB:3C:68,ON,663550,1780911849978,663555,1780911849983,771427,1780911848357,27,2026-06-08T09:44:10.3140561Z,,oasis/bottle
,,,0,,,local.mqtt.telegraf,43,33.17,,,08a6f75abdf0,08a6f75abdf0-185,185,08:A6:F7:5A:BD:F0,ON,665479,1780911851907,665483,1780911851911,704707,1780911851647,27,2026-06-08T09:44:12.2457396Z,,oasis/bottle
,,,0,,,local.mqtt.telegraf,43,43.81,,,08a6f76bd428,08a6f76bd428-182,182,08:A6:F7:6B:D4:28,ON,666049,1780911852477,666053,1780911852481,807046,1780911851586,26,2026-06-08T09:44:12.8072346Z,,oasis/bottle
,,,0,,,local.mqtt.telegraf,45,46.7,,,2cbcbb0d97a0,2cbcbb0d97a0-179,179,2C:BC:BB:0D:97:A0,ON,666119,1780911852547,666123,1780911852551,752567,1780911851696,26,2026-06-08T09:44:12.8812254Z,,oasis/bottle
,,,0,,,local.mqtt.telegraf,44,44.91,,,08a6f769c348,08a6f769c348-182,182,08:A6:F7:69:C3:48,ON,666158,1780911852587,666163,1780911852591,734626,1780911851436,26,2026-06-08T09:44:12.9591695Z,,oasis/bottle
,,,0,,,local.mqtt.telegraf,42,48.41,,,08a6f7bb3c68,08a6f7bb3c68-185,185,08:A6:F7:BB:3C:68,ON,666949,1780911853377,666953,1780911853381,774836,1780911851766,27,2026-06-08T09:44:13.710894Z,,oasis/bottle
,,,0,,,local.mqtt.telegraf,43,33.16,,,08a6f75abdf0,08a6f75abdf0-186,186,08:A6:F7:5A:BD:F0,ON,668678,1780911855107,668683,1780911855111,707906,1780911854846,27,2026-06-08T09:44:15.4472959Z,,oasis/bottle
,,,0,,,local.mqtt.telegraf,44,45.34,,,08a6f769c348,08a6f769c348-183,183,08:A6:F7:69:C3:48,ON,669399,1780911855827,669403,1780911855831,737866,1780911854676,26,2026-06-08T09:44:16.1613874Z,,oasis/bottle
,,,0,,,local.mqtt.telegraf,43,43.76,,,08a6f76bd428,08a6f76bd428-183,183,08:A6:F7:6B:D4:28,ON,669425,1780911855853,669430,1780911855858,810406,1780911854946,26,2026-06-08T09:44:16.162176Z,,oasis/bottle
,,,0,,,local.mqtt.telegraf,45,46.71,,,2cbcbb0d97a0,2cbcbb0d97a0-180,180,2C:BC:BB:0D:97:A0,ON,669455,1780911855883,669461,1780911855889,755906,1780911855035,26,2026-06-08T09:44:16.1970291Z,,oasis/bottle
,,,0,,,local.mqtt.telegraf,42,48.35,,,08a6f7bb3c68,08a6f7bb3c68-186,186,08:A6:F7:BB:3C:68,ON,670149,1780911856578,670154,1780911856582,778037,1780911854967,27,2026-06-08T09:44:16.9092293Z,,oasis/bottle
,,,0,,,local.mqtt.telegraf,43,33.26,,,08a6f75abdf0,08a6f75abdf0-187,187,08:A6:F7:5A:BD:F0,ON,671949,1780911858377,671953,1780911858381,711177,1780911858267,27,2026-06-08T09:44:18.707437Z,,oasis/bottle
,,,0,,,local.mqtt.telegraf,43,43.87,,,08a6f76bd428,08a6f76bd428-184,184,08:A6:F7:6B:D4:28,ON,672766,1780911859194,672771,1780911859199,813746,1780911858336,26,2026-06-08T09:44:19.5000069Z,,oasis/bottle
,,,0,,,local.mqtt.telegraf,45,46.62,,,2cbcbb0d97a0,2cbcbb0d97a0-181,181,2C:BC:BB:0D:97:A0,ON,672789,1780911859217,672796,1780911859224,759217,1780911858307,26,2026-06-08T09:44:19.5472488Z,,oasis/bottle
,,,0,,,local.mqtt.telegraf,42,48.35,,,08a6f7bb3c68,08a6f7bb3c68-187,187,08:A6:F7:BB:3C:68,ON,673419,1780911859847,673423,1780911859851,781307,1780911858267,27,2026-06-08T09:44:20.177089Z,,oasis/bottle
,,,0,,,local.mqtt.telegraf,43,33.17,,,08a6f75abdf0,08a6f75abdf0-188,188,08:A6:F7:5A:BD:F0,ON,675359,1780911861787,675363,1780911861791,714587,1780911861677,27,2026-06-08T09:44:22.1204778Z,,oasis/bottle
,,,0,,,local.mqtt.telegraf,44,45.22,,,08a6f769c348,08a6f769c348-185,185,08:A6:F7:69:C3:48,ON,676048,1780911862476,676053,1780911862481,744516,1780911861646,26,2026-06-08T09:44:22.7774493Z,,oasis/bottle
,,,0,,,local.mqtt.telegraf,43,43.5,,,08a6f76bd428,08a6f76bd428-185,185,08:A6:F7:6B:D4:28,ON,676076,1780911862504,676081,1780911862510,817066,1780911861656,27,2026-06-08T09:44:22.8274265Z,,oasis/bottle
,,,0,,,local.mqtt.telegraf,42,48.9,,,08a6f7bb3c68,08a6f7bb3c68-188,188,08:A6:F7:BB:3C:68,ON,676839,1780911863267,676843,1780911863271,784716,1780911861676,27,2026-06-08T09:44:23.5973509Z,,oasis/bottle
,,,0,,,local.mqtt.telegraf,43,33.16,,,08a6f75abdf0,08a6f75abdf0-189,189,08:A6:F7:5A:BD:F0,ON,678559,1780911864987,678564,1780911864992,717787,1780911864877,27,2026-06-08T09:44:25.3300403Z,,oasis/bottle
,,,0,,,local.mqtt.telegraf,43,43.83,,,08a6f76bd428,08a6f76bd428-186,186,08:A6:F7:6B:D4:28,ON,679336,1780911865764,679341,1780911865769,820326,1780911864916,26,2026-06-08T09:44:26.060606Z,,oasis/bottle
,,,0,,,local.mqtt.telegraf,45,46.63,,,2cbcbb0d97a0,2cbcbb0d97a0-183,183,2C:BC:BB:0D:97:A0,ON,679389,1780911865817,679394,1780911865822,765837,1780911864927,26,2026-06-08T09:44:26.1542981Z,,oasis/bottle
,,,0,,,local.mqtt.telegraf,42,48.42,,,08a6f7bb3c68,08a6f7bb3c68-189,189,08:A6:F7:BB:3C:68,ON,680029,1780911866457,680034,1780911866462,787916,1780911864876,27,2026-06-08T09:44:26.7944895Z,,oasis/bottle
,,,0,,,local.mqtt.telegraf,43,33.27,,,08a6f75abdf0,08a6f75abdf0-190,190,08:A6:F7:5A:BD:F0,ON,681829,1780911868257,681833,1780911868261,721057,1780911868167,27,2026-06-08T09:44:28.6016725Z,,oasis/bottle
,,,0,,,local.mqtt.telegraf,44,45.06,,,08a6f769c348,08a6f769c348-187,187,08:A6:F7:69:C3:48,ON,682679,1780911869107,682683,1780911869111,751146,1780911868396,26,2026-06-08T09:44:29.4471174Z,,oasis/bottle
,,,0,,,local.mqtt.telegraf,43,43.83,,,08a6f76bd428,08a6f76bd428-187,187,08:A6:F7:6B:D4:28,ON,682707,1780911869135,682711,1780911869139,823706,1780911868406,26,2026-06-08T09:44:29.4524362Z,,oasis/bottle
,,,0,,,local.mqtt.telegraf,45,46.43,,,2cbcbb0d97a0,2cbcbb0d97a0-184,184,2C:BC:BB:0D:97:A0,ON,682749,1780911869177,682754,1780911869182,769197,1780911868387,26,2026-06-08T09:44:29.4874033Z,,oasis/bottle
,,,0,,,local.mqtt.telegraf,42,48.53,,,08a6f7bb3c68,08a6f7bb3c68-190,190,08:A6:F7:BB:3C:68,ON,683299,1780911869727,683303,1780911869731,791186,1780911868295,27,2026-06-08T09:44:30.0470051Z,,oasis/bottle
,,,0,,,local.mqtt.telegraf,43,33.13,,,08a6f75abdf0,08a6f75abdf0-191,191,08:A6:F7:5A:BD:F0,ON,685229,1780911871657,685234,1780911871662,724457,1780911871567,27,2026-06-08T09:44:32.0050667Z,,oasis/bottle
,,,0,,,local.mqtt.telegraf,44,45.3,,,08a6f769c348,08a6f769c348-188,188,08:A6:F7:69:C3:48,ON,686059,1780911872487,686063,1780911872491,754516,1780911871766,26,2026-06-08T09:44:32.8171788Z,,oasis/bottle
,,,0,,,local.mqtt.telegraf,45,46.42,,,2cbcbb0d97a0,2cbcbb0d97a0-185,185,2C:BC:BB:0D:97:A0,ON,686125,1780911872553,686129,1780911872557,772547,1780911871737,26,2026-06-08T09:44:32.8614979Z,,oasis/bottle
,,,0,,,local.mqtt.telegraf,42,48.35,,,08a6f7bb3c68,08a6f7bb3c68-191,191,08:A6:F7:BB:3C:68,ON,686699,1780911873127,686703,1780911873131,794586,1780911871695,27,2026-06-08T09:44:33.458608Z,,oasis/bottle
,,,0,,,local.mqtt.telegraf,43,33.16,,,08a6f75abdf0,08a6f75abdf0-192,192,08:A6:F7:5A:BD:F0,ON,688419,1780911874847,688423,1780911874851,727647,1780911874757,27,2026-06-08T09:44:35.1871572Z,,oasis/bottle
,,,0,,,local.mqtt.telegraf,44,45.14,,,08a6f769c348,08a6f769c348-189,189,08:A6:F7:69:C3:48,ON,689445,1780911875873,689450,1780911875878,757886,1780911875136,26,2026-06-08T09:44:36.1772188Z,,oasis/bottle
,,,0,,,local.mqtt.telegraf,43,43.97,,,08a6f76bd428,08a6f76bd428-189,189,08:A6:F7:6B:D4:28,ON,689499,1780911875927,689503,1780911875931,830496,1780911875196,27,2026-06-08T09:44:36.2567762Z,,oasis/bottle
,,,0,,,local.mqtt.telegraf,42,48.54,,,08a6f7bb3c68,08a6f7bb3c68-192,192,08:A6:F7:BB:3C:68,ON,689899,1780911876327,689903,1780911876331,797776,1780911874885,27,2026-06-08T09:44:36.6569728Z,,oasis/bottle
,,,0,,,local.mqtt.telegraf,43,33.13,,,08a6f75abdf0,08a6f75abdf0-193,193,08:A6:F7:5A:BD:F0,ON,691669,1780911878097,691673,1780911878101,730897,1780911878005,27,2026-06-08T09:44:38.4407109Z,,oasis/bottle
,,,0,,,local.mqtt.telegraf,45,46.59,,,2cbcbb0d97a0,2cbcbb0d97a0-187,187,2C:BC:BB:0D:97:A0,ON,692715,1780911879143,692720,1780911879148,779137,1780911878335,26,2026-06-08T09:44:39.4488392Z,,oasis/bottle
,,,0,,,local.mqtt.telegraf,44,45.13,,,08a6f769c348,08a6f769c348-190,190,08:A6:F7:69:C3:48,ON,692789,1780911879217,692793,1780911879221,761246,1780911878424,26,2026-06-08T09:44:39.5545679Z,,oasis/bottle
,,,0,,,local.mqtt.telegraf,42,48.53,,,08a6f7bb3c68,08a6f7bb3c68-193,193,08:A6:F7:BB:3C:68,ON,693139,1780911879568,693144,1780911879572,801026,1780911878313,27,2026-06-08T09:44:39.8972252Z,,oasis/bottle
,,,0,,,local.mqtt.telegraf,43,32.93,,,08a6f75abdf0,08a6f75abdf0-194,194,08:A6:F7:5A:BD:F0,ON,695039,1780911881467,695043,1780911881471,734267,1780911881375,27,2026-06-08T09:44:41.8047533Z,,oasis/bottle
,,,0,,,local.mqtt.telegraf,45,46.63,,,2cbcbb0d97a0,2cbcbb0d97a0-188,188,2C:BC:BB:0D:97:A0,ON,695879,1780911882307,695884,1780911882312,782327,1780911881525,26,2026-06-08T09:44:42.652248Z,,oasis/bottle
,,,0,,,local.mqtt.telegraf,43,43.62,,,08a6f76bd428,08a6f76bd428-191,191,08:A6:F7:6B:D4:28,ON,695939,1780911882367,695943,1780911882371,836936,1780911881504,27,2026-06-08T09:44:42.6923917Z,,oasis/bottle
,,,0,,,local.mqtt.telegraf,44,45.17,,,08a6f769c348,08a6f769c348-191,191,08:A6:F7:69:C3:48,ON,696129,1780911882557,696133,1780911882561,764596,1780911881774,26,2026-06-08T09:44:42.8889412Z,,oasis/bottle
,,,0,,,local.mqtt.telegraf,42,48.12,,,08a6f7bb3c68,08a6f7bb3c68-194,194,08:A6:F7:BB:3C:68,ON,696509,1780911882937,696514,1780911882942,804386,1780911881673,27,2026-06-08T09:44:43.2691923Z,,oasis/bottle
,,,0,,,local.mqtt.telegraf,43,33.16,,,08a6f75abdf0,08a6f75abdf0-195,195,08:A6:F7:5A:BD:F0,ON,698399,1780911884827,698403,1780911884831,737627,1780911884735,27,2026-06-08T09:44:45.1705875Z,,oasis/bottle
,,,0,,,local.mqtt.telegraf,45,46.53,,,2cbcbb0d97a0,2cbcbb0d97a0-189,189,2C:BC:BB:0D:97:A0,ON,699098,1780911885527,699103,1780911885531,785546,1780911884744,26,2026-06-08T09:44:45.8597801Z,,oasis/bottle
,,,0,,,local.mqtt.telegraf,43,43.72,,,08a6f76bd428,08a6f76bd428-192,192,08:A6:F7:6B:D4:28,ON,699299,1780911885727,699303,1780911885731,840296,1780911884864,27,2026-06-08T09:44:46.0561066Z,,oasis/bottle
,,,0,,,local.mqtt.telegraf,44,44.93,,,08a6f769c348,08a6f769c348-192,192,08:A6:F7:69:C3:48,ON,699449,1780911885877,699453,1780911885881,767916,1780911885094,26,2026-06-08T09:44:46.2143452Z,,oasis/bottle
,,,0,,,local.mqtt.telegraf,42,48.92,,,08a6f7bb3c68,08a6f7bb3c68-195,195,08:A6:F7:BB:3C:68,ON,699849,1780911886278,699854,1780911886282,807736,1780911885023,27,2026-06-08T09:44:46.6099672Z,,oasis/bottle
,,,0,,,local.mqtt.telegraf,43,33.07,,,08a6f75abdf0,08a6f75abdf0-196,196,08:A6:F7:5A:BD:F0,ON,701749,1780911888177,701753,1780911888181,740977,1780911888087,27,2026-06-08T09:44:48.5149076Z,,oasis/bottle
,,,0,,,local.mqtt.telegraf,45,46.63,,,2cbcbb0d97a0,2cbcbb0d97a0-190,190,2C:BC:BB:0D:97:A0,ON,702409,1780911888837,702413,1780911888841,788857,1780911888417,26,2026-06-08T09:44:49.1682593Z,,oasis/bottle
,,,0,,,local.mqtt.telegraf,43,43.72,,,08a6f76bd428,08a6f76bd428-193,193,08:A6:F7:6B:D4:28,ON,702649,1780911889077,702653,1780911889081,843646,1780911888456,27,2026-06-08T09:44:49.4108258Z,,oasis/bottle
,,,0,,,local.mqtt.telegraf,44,45.06,,,08a6f769c348,08a6f769c348-193,193,08:A6:F7:69:C3:48,ON,702719,1780911889147,702723,1780911889151,771186,1780911888376,26,2026-06-08T09:44:49.4467924Z,,oasis/bottle
,,,0,,,local.mqtt.telegraf,42,48.94,,,08a6f7bb3c68,08a6f7bb3c68-196,196,08:A6:F7:BB:3C:68,ON,703179,1780911889607,703183,1780911889611,811056,1780911888426,27,2026-06-08T09:44:49.9421049Z,,oasis/bottle
,,,0,,,local.mqtt.telegraf,43,33.08,,,08a6f75abdf0,08a6f75abdf0-197,197,08:A6:F7:5A:BD:F0,ON,705069,1780911891497,705073,1780911891501,744297,1780911891407,27,2026-06-08T09:44:51.8328733Z,,oasis/bottle
,,,0,,,local.mqtt.telegraf,45,46.73,,,2cbcbb0d97a0,2cbcbb0d97a0-191,191,2C:BC:BB:0D:97:A0,ON,705649,1780911892077,705653,1780911892081,792097,1780911891657,26,2026-06-08T09:44:52.4071289Z,,oasis/bottle
,,,0,,,local.mqtt.telegraf,43,44.07,,,08a6f76bd428,08a6f76bd428-194,194,08:A6:F7:6B:D4:28,ON,705979,1780911892407,705983,1780911892411,846976,1780911891786,27,2026-06-08T09:44:52.7270105Z,,oasis/bottle
,,,0,,,local.mqtt.telegraf,44,44.91,,,08a6f769c348,08a6f769c348-194,194,08:A6:F7:69:C3:48,ON,706129,1780911892557,706133,1780911892561,774596,1780911891786,26,2026-06-08T09:44:52.8886213Z,,oasis/bottle
,,,0,,,local.mqtt.telegraf,42,48.66,,,08a6f7bb3c68,08a6f7bb3c68-197,197,08:A6:F7:BB:3C:68,ON,706449,1780911892877,706453,1780911892881,814327,1780911891697,27,2026-06-08T09:44:53.1970181Z,,oasis/bottle
,,,0,,,local.mqtt.telegraf,43,33.05,,,08a6f75abdf0,08a6f75abdf0-198,198,08:A6:F7:5A:BD:F0,ON,708339,1780911894767,708343,1780911894771,747567,1780911894677,27,2026-06-08T09:44:55.1093395Z,,oasis/bottle
,,,0,,,local.mqtt.telegraf,45,46.59,,,2cbcbb0d97a0,2cbcbb0d97a0-192,192,2C:BC:BB:0D:97:A0,ON,708999,1780911895427,709003,1780911895431,795446,1780911895006,26,2026-06-08T09:44:55.7565012Z,,oasis/bottle
,,,0,,,local.mqtt.telegraf,43,43.87,,,08a6f76bd428,08a6f76bd428-195,195,08:A6:F7:6B:D4:28,ON,709259,1780911895687,709263,1780911895691,850256,1780911895066,27,2026-06-08T09:44:56.018349Z,,oasis/bottle
,,,0,,,local.mqtt.telegraf,44,45.05,,,08a6f769c348,08a6f769c348-195,195,08:A6:F7:69:C3:48,ON,709336,1780911895764,709341,1780911895769,777796,1780911894986,26,2026-06-08T09:44:56.110602Z,,oasis/bottle
,,,0,,,local.mqtt.telegraf,42,48.59,,,08a6f7bb3c68,08a6f7bb3c68-198,198,08:A6:F7:BB:3C:68,ON,709609,1780911896037,709614,1780911896042,817496,1780911894866,27,2026-06-08T09:44:56.3666379Z,,oasis/bottle
,,,0,,,local.mqtt.telegraf,43,32.88,,,08a6f75abdf0,08a6f75abdf0-199,199,08:A6:F7:5A:BD:F0,ON,711739,1780911898167,711743,1780911898171,750967,1780911898075,27,2026-06-08T09:44:58.4969616Z,,oasis/bottle
,,,0,,,local.mqtt.telegraf,45,46.32,,,2cbcbb0d97a0,2cbcbb0d97a0-193,193,2C:BC:BB:0D:97:A0,ON,712319,1780911898747,712323,1780911898751,798770,1780911898468,26,2026-06-08T09:44:59.0781675Z,,oasis/bottle
,,,0,,,local.mqtt.telegraf,43,43.54,,,08a6f76bd428,08a6f76bd428-196,196,08:A6:F7:6B:D4:28,ON,712449,1780911898877,712454,1780911898882,853446,1780911898334,27,2026-06-08T09:44:59.2169364Z,,oasis/bottle
,,,0,,,local.mqtt.telegraf,44,45.3,,,08a6f769c348,08a6f769c348-196,196,08:A6:F7:69:C3:48,ON,712599,1780911899027,712604,1780911899032,781066,1780911898414,26,2026-06-08T09:44:59.3572612Z,,oasis/bottle
,,,0,,,local.mqtt.telegraf,42,49,,,08a6f7bb3c68,08a6f7bb3c68-199,199,08:A6:F7:BB:3C:68,ON,712809,1780911899238,712814,1780911899242,820697,1780911898345,27,2026-06-08T09:44:59.5601814Z,,oasis/bottle
,,,0,,,local.mqtt.telegraf,43,32.95,,,08a6f75abdf0,08a6f75abdf0-200,200,08:A6:F7:5A:BD:F0,ON,714939,1780911901367,714943,1780911901371,754167,1780911901275,27,2026-06-08T09:45:01.70901Z,,oasis/bottle
,,,0,,,local.mqtt.telegraf,45,46.63,,,2cbcbb0d97a0,2cbcbb0d97a0-194,194,2C:BC:BB:0D:97:A0,ON,715589,1780911902017,715593,1780911902021,802040,1780911901738,26,2026-06-08T09:45:02.3522776Z,,oasis/bottle
,,,0,,,local.mqtt.telegraf,43,43.81,,,08a6f76bd428,08a6f76bd428-197,197,08:A6:F7:6B:D4:28,ON,715690,1780911902118,715694,1780911902122,856686,1780911901574,27,2026-06-08T09:45:02.447231Z,,oasis/bottle
,,,0,,,local.mqtt.telegraf,44,44.95,,,08a6f769c348,08a6f769c348-197,197,08:A6:F7:69:C3:48,ON,716009,1780911902437,716013,1780911902441,784476,1780911901824,26,2026-06-08T09:45:02.7717002Z,,oasis/bottle
,,,0,,,local.mqtt.telegraf,42,48.78,,,08a6f7bb3c68,08a6f7bb3c68-200,200,08:A6:F7:BB:3C:68,ON,716080,1780911902508,716084,1780911902512,823967,1780911901615,27,2026-06-08T09:45:02.8124129Z,,oasis/bottle
,,,0,,,local.mqtt.telegraf,43,32.95,,,08a6f75abdf0,08a6f75abdf0-201,201,08:A6:F7:5A:BD:F0,ON,718199,1780911904627,718204,1780911904632,757427,1780911904535,27,2026-06-08T09:45:04.9790446Z,,oasis/bottle
,,,0,,,local.mqtt.telegraf,46,46.38,,,2cbcbb0d97a0,2cbcbb0d97a0-195,195,2C:BC:BB:0D:97:A0,ON,718759,1780911905187,718763,1780911905191,805206,1780911904904,26,2026-06-08T09:45:05.5371552Z,,oasis/bottle
,,,0,,,local.mqtt.telegraf,43,43.73,,,08a6f76bd428,08a6f76bd428-198,198,08:A6:F7:6B:D4:28,ON,719039,1780911905467,719043,1780911905471,860036,1780911904924,27,2026-06-08T09:45:05.796476Z,,oasis/bottle
,,,0,,,local.mqtt.telegraf,44,45.21,,,08a6f769c348,08a6f769c348-198,198,08:A6:F7:69:C3:48,ON,719209,1780911905637,719213,1780911905641,787676,1780911905024,26,2026-06-08T09:45:05.9666134Z,,oasis/bottle
,,,0,,,local.mqtt.telegraf,42,48.62,,,08a6f7bb3c68,08a6f7bb3c68-201,201,08:A6:F7:BB:3C:68,ON,719489,1780911905918,719494,1780911905922,827376,1780911905024,27,2026-06-08T09:45:06.2585444Z,,oasis/bottle
,,,0,,,local.mqtt.telegraf,43,32.97,,,08a6f75abdf0,08a6f75abdf0-202,202,08:A6:F7:5A:BD:F0,ON,721589,1780911908017,721594,1780911908022,760807,1780911907907,27,2026-06-08T09:45:08.3560895Z,,oasis/bottle
,,,0,,,local.mqtt.telegraf,46,46.58,,,2cbcbb0d97a0,2cbcbb0d97a0-196,196,2C:BC:BB:0D:97:A0,ON,721959,1780911908387,721963,1780911908391,808406,1780911908306,26,2026-06-08T09:45:08.7070011Z,,oasis/bottle
,,,0,,,local.mqtt.telegraf,43,43.84,,,08a6f76bd428,08a6f76bd428-199,199,08:A6:F7:6B:D4:28,ON,722369,1780911908797,722373,1780911908801,863366,1780911908515,27,2026-06-08T09:45:09.1298478Z,,oasis/bottle
,,,0,,,local.mqtt.telegraf,44,45.17,,,08a6f769c348,08a6f769c348-199,199,08:A6:F7:69:C3:48,ON,722479,1780911908907,722483,1780911908911,790946,1780911908456,26,2026-06-08T09:45:09.2395605Z,,oasis/bottle
,,,0,,,local.mqtt.telegraf,42,48.65,,,08a6f7bb3c68,08a6f7bb3c68-202,202,08:A6:F7:BB:3C:68,ON,722689,1780911909118,722694,1780911909122,830577,1780911908387,27,2026-06-08T09:45:09.4575088Z,,oasis/bottle
,,,0,,,local.mqtt.telegraf,43,32.89,,,08a6f75abdf0,08a6f75abdf0-203,203,08:A6:F7:5A:BD:F0,ON,724999,1780911911427,725003,1780911911431,764227,1780911911327,27,2026-06-08T09:45:11.7766163Z,,oasis/bottle
,,,0,,,local.mqtt.telegraf,45,46.57,,,2cbcbb0d97a0,2cbcbb0d97a0-197,197,2C:BC:BB:0D:97:A0,ON,725229,1780911911657,725233,1780911911661,811677,1780911911577,26,2026-06-08T09:45:11.9930008Z,,oasis/bottle
,,,0,,,local.mqtt.telegraf,43,43.62,,,08a6f76bd428,08a6f76bd428-200,200,08:A6:F7:6B:D4:28,ON,725649,1780911912077,725653,1780911912081,866646,1780911911795,27,2026-06-08T09:45:12.4067571Z,,oasis/bottle
,,,0,,,local.mqtt.telegraf,44,44.97,,,08a6f769c348,08a6f769c348-200,200,08:A6:F7:69:C3:48,ON,725880,1780911912308,725885,1780911912313,794346,1780911911856,26,2026-06-08T09:45:12.6425726Z,,oasis/bottle
,,,0,,,local.mqtt.telegraf,42,48.76,,,08a6f7bb3c68,08a6f7bb3c68-203,203,08:A6:F7:BB:3C:68,ON,725960,1780911912388,725964,1780911912392,833847,1780911911657,27,2026-06-08T09:45:12.7169229Z,,oasis/bottle
,,,0,,,local.mqtt.telegraf,43,32.96,,,08a6f75abdf0,08a6f75abdf0-204,204,08:A6:F7:5A:BD:F0,ON,728189,1780911914617,728193,1780911914621,767417,1780911914517,27,2026-06-08T09:45:14.9586643Z,,oasis/bottle
,,,0,,,local.mqtt.telegraf,46,46.58,,,2cbcbb0d97a0,2cbcbb0d97a0-198,198,2C:BC:BB:0D:97:A0,ON,728639,1780911915067,728643,1780911915071,815086,1780911914986,26,2026-06-08T09:45:15.3970911Z,,oasis/bottle
,,,0,,,local.mqtt.telegraf,43,43.83,,,08a6f76bd428,08a6f76bd428-201,201,08:A6:F7:6B:D4:28,ON,728839,1780911915267,728846,1780911915274,869836,1780911914985,27,2026-06-08T09:45:15.6042663Z,,oasis/bottle
,,,0,,,local.mqtt.telegraf,44,44.99,,,08a6f769c348,08a6f769c348-201,201,08:A6:F7:69:C3:48,ON,729069,1780911915497,729073,1780911915501,797536,1780911915046,26,2026-06-08T09:45:15.8256845Z,,oasis/bottle
,,,0,,,local.mqtt.telegraf,42,48.84,,,08a6f7bb3c68,08a6f7bb3c68-204,204,08:A6:F7:BB:3C:68,ON,729379,1780911915807,729383,1780911915811,837256,1780911915066,27,2026-06-08T09:45:16.1266611Z,,oasis/bottle
,,,0,,,local.mqtt.telegraf,43,32.89,,,08a6f75abdf0,08a6f75abdf0-205,205,08:A6:F7:5A:BD:F0,ON,731439,1780911917867,731443,1780911917871,770667,1780911917765,27,2026-06-08T09:45:18.2094353Z,,oasis/bottle
,,,0,,,local.mqtt.telegraf,46,46.51,,,2cbcbb0d97a0,2cbcbb0d97a0-199,199,2C:BC:BB:0D:97:A0,ON,731849,1780911918277,731853,1780911918281,818296,1780911918184,26,2026-06-08T09:45:18.6119201Z,,oasis/bottle
,,,0,,,local.mqtt.telegraf,43,43.76,,,08a6f76bd428,08a6f76bd428-202,202,08:A6:F7:6B:D4:28,ON,732089,1780911918517,732093,1780911918521,873086,1780911918423,27,2026-06-08T09:45:18.8505068Z,,oasis/bottle
,,,0,,,local.mqtt.telegraf,44,45.22,,,08a6f769c348,08a6f769c348-202,202,08:A6:F7:69:C3:48,ON,732329,1780911918757,732333,1780911918761,800796,1780911918483,26,2026-06-08T09:45:19.0884673Z,,oasis/bottle
,,,0,,,local.mqtt.telegraf,42,48.88,,,08a6f7bb3c68,08a6f7bb3c68-205,205,08:A6:F7:BB:3C:68,ON,732579,1780911919007,732584,1780911919012,840467,1780911918435,27,2026-06-08T09:45:19.3371477Z,,oasis/bottle
,,,0,,,local.mqtt.telegraf,43,32.88,,,08a6f75abdf0,08a6f75abdf0-206,206,08:A6:F7:5A:BD:F0,ON,734809,1780911921237,734813,1780911921241,774037,1780911921135,27,2026-06-08T09:45:21.575595Z,,oasis/bottle
,,,0,,,local.mqtt.telegraf,46,46.54,,,2cbcbb0d97a0,2cbcbb0d97a0-200,200,2C:BC:BB:0D:97:A0,ON,735129,1780911921557,735133,1780911921561,821576,1780911921464,26,2026-06-08T09:45:21.8867747Z,,oasis/bottle
,,,0,,,local.mqtt.telegraf,43,43.74,,,08a6f76bd428,08a6f76bd428-203,203,08:A6:F7:6B:D4:28,ON,735459,1780911921887,735463,1780911921891,876456,1780911921793,27,2026-06-08T09:45:22.2264042Z,,oasis/bottle
,,,0,,,local.mqtt.telegraf,44,45.01,,,08a6f769c348,08a6f769c348-203,203,08:A6:F7:69:C3:48,ON,735699,1780911922128,735704,1780911922132,804166,1780911921853,26,2026-06-08T09:45:22.461958Z,,oasis/bottle
,,,0,,,local.mqtt.telegraf,42,48.71,,,08a6f7bb3c68,08a6f7bb3c68-206,206,08:A6:F7:BB:3C:68,ON,735859,1780911922287,735863,1780911922291,843740,1780911921708,27,2026-06-08T09:45:22.6224459Z,,oasis/bottle
,,,0,,,local.mqtt.telegraf,43,32.88,,,08a6f75abdf0,08a6f75abdf0-207,207,08:A6:F7:5A:BD:F0,ON,738179,1780911924607,738183,1780911924611,777407,1780911924505,27,2026-06-08T09:45:24.9455793Z,,oasis/bottle
,,,0,,,local.mqtt.telegraf,45,46.61,,,2cbcbb0d97a0,2cbcbb0d97a0-201,201,2C:BC:BB:0D:97:A0,ON,738319,1780911924747,738323,1780911924751,824766,1780911924654,26,2026-06-08T09:45:25.0867775Z,,oasis/bottle
,,,0,,,local.mqtt.telegraf,43,43.77,,,08a6f76bd428,08a6f76bd428-204,204,08:A6:F7:6B:D4:28,ON,738819,1780911925247,738823,1780911925251,879816,1780911925153,27,2026-06-08T09:45:25.5739009Z,,oasis/bottle
,,,0,,,local.mqtt.telegraf,42,48.65,,,08a6f7bb3c68,08a6f7bb3c68-207,207,08:A6:F7:BB:3C:68,ON,739029,1780911925457,739034,1780911925462,846916,1780911924884,27,2026-06-08T09:45:25.7867139Z,,oasis/bottle
,,,0,,,local.mqtt.telegraf,44,44.91,,,08a6f769c348,08a6f769c348-204,204,08:A6:F7:69:C3:48,ON,739069,1780911925497,739074,1780911925502,807536,1780911925223,26,2026-06-08T09:45:25.8167234Z,,oasis/bottle
,,,0,,,local.mqtt.telegraf,46,46.49,,,2cbcbb0d97a0,2cbcbb0d97a0-202,202,2C:BC:BB:0D:97:A0,ON,741613,1780911928041,741618,1780911928046,828006,1780911927905,26,2026-06-08T09:45:28.3524239Z,,oasis/bottle
,,,0,,,local.mqtt.telegraf,43,43.84,,,08a6f76bd428,08a6f76bd428-205,205,08:A6:F7:6B:D4:28,ON,742169,1780911928597,742173,1780911928601,883166,1780911928515,27,2026-06-08T09:45:28.9284047Z,,oasis/bottle
,,,0,,,local.mqtt.telegraf,42,48.81,,,08a6f7bb3c68,08a6f7bb3c68-208,208,08:A6:F7:BB:3C:68,ON,742250,1780911928678,742254,1780911928682,850136,1780911928495,27,2026-06-08T09:45:29.0079137Z,,oasis/bottle
,,,0,,,local.mqtt.telegraf,44,45.06,,,08a6f769c348,08a6f769c348-205,205,08:A6:F7:69:C3:48,ON,742439,1780911928867,742443,1780911928871,810906,1780911928645,26,2026-06-08T09:45:29.1948442Z,,oasis/bottle
,,,0,,,local.mqtt.telegraf,45,46.77,,,2cbcbb0d97a0,2cbcbb0d97a0-203,203,2C:BC:BB:0D:97:A0,ON,744917,1780911931345,744921,1780911931349,831366,1780911931265,26,2026-06-08T09:45:31.6547247Z,,oasis/bottle
,,,0,,,local.mqtt.telegraf,43,43.61,,,08a6f76bd428,08a6f76bd428-206,206,08:A6:F7:6B:D4:28,ON,745489,1780911931917,745493,1780911931921,886486,1780911931835,27,2026-06-08T09:45:32.2582453Z,,oasis/bottle
,,,0,,,local.mqtt.telegraf,42,48.74,,,08a6f7bb3c68,08a6f7bb3c68-209,209,08:A6:F7:BB:3C:68,ON,745561,1780911931989,745565,1780911931993,853446,1780911931805,27,2026-06-08T09:45:32.2967506Z,,oasis/bottle
,,,0,,,local.mqtt.telegraf,44,45.17,,,08a6f769c348,08a6f769c348-206,206,08:A6:F7:69:C3:48,ON,745799,1780911932228,745804,1780911932232,814266,1780911932005,26,2026-06-08T09:45:32.559785Z,,oasis/bottle
,,,0,,,local.mqtt.telegraf,43,32.69,,,08a6f75abdf0,08a6f75abdf0-210,210,08:A6:F7:5A:BD:F0,ON,748209,1780911934637,748214,1780911934642,787437,1780911934556,27,2026-06-08T09:45:34.9788804Z,,oasis/bottle
,,,0,,,local.mqtt.telegraf,46,46.62,,,2cbcbb0d97a0,2cbcbb0d97a0-204,204,2C:BC:BB:0D:97:A0,ON,748258,1780911934687,748263,1780911934691,834706,1780911934605,26,2026-06-08T09:45:35.022273Z,,oasis/bottle
,,,0,,,local.mqtt.telegraf,43,43.81,,,08a6f76bd428,08a6f76bd428-207,207,08:A6:F7:6B:D4:28,ON,748759,1780911935187,748763,1780911935191,889757,1780911935106,27,2026-06-08T09:45:35.5181003Z,,oasis/bottle
,,,0,,,local.mqtt.telegraf,42,48.69,,,08a6f7bb3c68,08a6f7bb3c68-210,210,08:A6:F7:BB:3C:68,ON,748809,1780911935237,748817,1780911935245,856696,1780911935055,27,2026-06-08T09:45:35.5464552Z,,oasis/bottle
,,,0,,,local.mqtt.telegraf,44,45.01,,,08a6f769c348,08a6f769c348-207,207,08:A6:F7:69:C3:48,ON,749149,1780911935577,749154,1780911935582,817616,1780911935355,26,2026-06-08T09:45:35.9061622Z,,oasis/bottle
,,,0,,,local.mqtt.telegraf,43,32.76,,,08a6f75abdf0,08a6f75abdf0-211,211,08:A6:F7:5A:BD:F0,ON,751479,1780911937907,751484,1780911937912,790707,1780911937827,27,2026-06-08T09:45:38.2498005Z,,oasis/bottle
,,,0,,,local.mqtt.telegraf,45,46.49,,,2cbcbb0d97a0,2cbcbb0d97a0-205,205,2C:BC:BB:0D:97:A0,ON,751559,1780911937987,751563,1780911937991,838007,1780911937907,26,2026-06-08T09:45:38.2886853Z,,oasis/bottle
,,,0,,,local.mqtt.telegraf,42,48.12,,,08a6f7bb3c68,08a6f7bb3c68-211,211,08:A6:F7:BB:3C:68,ON,752194,1780911938622,752199,1780911938627,860066,1780911938546,27,2026-06-08T09:45:38.9211252Z,,oasis/bottle
,,,0,,,local.mqtt.telegraf,44,44.93,,,08a6f769c348,08a6f769c348-208,208,08:A6:F7:69:C3:48,ON,752469,1780911938897,752473,1780911938901,820936,1780911938626,26,2026-06-08T09:45:39.2266693Z,,oasis/bottle
,,,0,,,local.mqtt.telegraf,45,46.24,,,2cbcbb0d97a0,2cbcbb0d97a0-206,206,2C:BC:BB:0D:97:A0,ON,754789,1780911941217,754793,1780911941221,841236,1780911941136,26,2026-06-08T09:45:41.5678574Z,,oasis/bottle
,,,0,,,local.mqtt.telegraf,43,32.7,,,08a6f75abdf0,08a6f75abdf0-212,212,08:A6:F7:5A:BD:F0,ON,754889,1780911941317,754893,1780911941321,794117,1780911941237,27,2026-06-08T09:45:41.6556727Z,,oasis/bottle
,,,0,,,local.mqtt.telegraf,43,43.26,,,08a6f76bd428,08a6f76bd428-209,209,08:A6:F7:6B:D4:28,ON,755349,1780911941777,755353,1780911941781,896346,1780911941705,27,2026-06-08T09:45:42.1057383Z,,oasis/bottle
,,,0,,,local.mqtt.telegraf,42,48.55,,,08a6f7bb3c68,08a6f7bb3c68-212,212,08:A6:F7:BB:3C:68,ON,755539,1780911941968,755545,1780911941973,863426,1780911941906,27,2026-06-08T09:45:42.3047269Z,,oasis/bottle
,,,0,,,local.mqtt.telegraf,44,44.93,,,08a6f769c348,08a6f769c348-209,209,08:A6:F7:69:C3:48,ON,755739,1780911942168,755744,1780911942172,824207,1780911941897,26,2026-06-08T09:45:42.4978411Z,,oasis/bottle
,,,0,,,local.mqtt.telegraf,43,32.62,,,08a6f75abdf0,08a6f75abdf0-213,213,08:A6:F7:5A:BD:F0,ON,758089,1780911944517,758093,1780911944521,797316,1780911944436,27,2026-06-08T09:45:44.8585651Z,,oasis/bottle
,,,0,,,local.mqtt.telegraf,45,46.54,,,2cbcbb0d97a0,2cbcbb0d97a0-207,207,2C:BC:BB:0D:97:A0,ON,758128,1780911944557,758133,1780911944561,844576,1780911944476,26,2026-06-08T09:45:44.8946516Z,,oasis/bottle
,,,0,,,local.mqtt.telegraf,43,43.23,,,08a6f76bd428,08a6f76bd428-210,210,08:A6:F7:6B:D4:28,ON,758599,1780911945027,758603,1780911945031,899596,1780911944955,27,2026-06-08T09:45:45.3615543Z,,oasis/bottle
,,,0,,,local.mqtt.telegraf,42,48.45,,,08a6f7bb3c68,08a6f7bb3c68-213,213,08:A6:F7:BB:3C:68,ON,758889,1780911945317,758893,1780911945321,866766,1780911945246,27,2026-06-08T09:45:45.645418Z,,oasis/bottle
,,,0,,,local.mqtt.telegraf,44,45.09,,,08a6f769c348,08a6f769c348-210,210,08:A6:F7:69:C3:48,ON,759149,1780911945577,759154,1780911945582,827616,1780911945306,26,2026-06-08T09:45:45.9109109Z,,oasis/bottle
,,,0,,,local.mqtt.telegraf,43,32.62,,,08a6f75abdf0,08a6f75abdf0-214,214,08:A6:F7:5A:BD:F0,ON,761359,1780911947787,761363,1780911947791,800587,1780911947707,27,2026-06-08T09:45:48.135324Z,,oasis/bottle
,,,0,,,local.mqtt.telegraf,46,46.54,,,2cbcbb0d97a0,2cbcbb0d97a0-208,208,2C:BC:BB:0D:97:A0,ON,761422,1780911947850,761427,1780911947855,847867,1780911947767,26,2026-06-08T09:45:48.1680979Z,,oasis/bottle
,,,0,,,local.mqtt.telegraf,43,43.21,,,08a6f76bd428,08a6f76bd428-211,211,08:A6:F7:6B:D4:28,ON,761969,1780911948397,761973,1780911948401,902966,1780911948325,27,2026-06-08T09:45:48.7277999Z,,oasis/bottle
,,,0,,,local.mqtt.telegraf,42,48.51,,,08a6f7bb3c68,08a6f7bb3c68-214,214,08:A6:F7:BB:3C:68,ON,762189,1780911948618,762194,1780911948622,870076,1780911948556,27,2026-06-08T09:45:48.9483736Z,,oasis/bottle
,,,0,,,local.mqtt.telegraf,44,45.05,,,08a6f769c348,08a6f769c348-211,211,08:A6:F7:69:C3:48,ON,762359,1780911948787,762363,1780911948791,830816,1780911948536,26,2026-06-08T09:45:49.1165021Z,,oasis/bottle
,,,0,,,local.mqtt.telegraf,46,46.2,,,2cbcbb0d97a0,2cbcbb0d97a0-209,209,2C:BC:BB:0D:97:A0,ON,764629,1780911951057,764633,1780911951061,851076,1780911950976,26,2026-06-08T09:45:51.3875656Z,,oasis/bottle
,,,0,,,local.mqtt.telegraf,43,32.62,,,08a6f75abdf0,08a6f75abdf0-215,215,08:A6:F7:5A:BD:F0,ON,764759,1780911951187,764764,1780911951192,803987,1780911951107,27,2026-06-08T09:45:51.5192553Z,,oasis/bottle
,,,0,,,local.mqtt.telegraf,43,43.56,,,08a6f76bd428,08a6f76bd428-212,212,08:A6:F7:6B:D4:28,ON,765329,1780911951757,765333,1780911951761,906326,1780911951685,27,2026-06-08T09:45:52.0888783Z,,oasis/bottle
,,,0,,,local.mqtt.telegraf,42,48.5,,,08a6f7bb3c68,08a6f7bb3c68-215,215,08:A6:F7:BB:3C:68,ON,765449,1780911951877,765454,1780911951882,873326,1780911951806,27,2026-06-08T09:45:52.2050612Z,,oasis/bottle
,,,0,,,local.mqtt.telegraf,44,44.93,,,08a6f769c348,08a6f769c348-212,212,08:A6:F7:69:C3:48,ON,765659,1780911952087,765663,1780911952091,834116,1780911951836,26,2026-06-08T09:45:52.4322746Z,,oasis/bottle
,,,0,,,local.mqtt.telegraf,46,46.43,,,2cbcbb0d97a0,2cbcbb0d97a0-210,210,2C:BC:BB:0D:97:A0,ON,767909,1780911954337,767913,1780911954341,854356,1780911954256,26,2026-06-08T09:45:54.6830587Z,,oasis/bottle
,,,0,,,local.mqtt.telegraf,43,32.6,,,08a6f75abdf0,08a6f75abdf0-216,216,08:A6:F7:5A:BD:F0,ON,767948,1780911954376,767953,1780911954381,807177,1780911954297,27,2026-06-08T09:45:54.6863346Z,,oasis/bottle
,,,0,,,local.mqtt.telegraf,43,43.05,,,08a6f76bd428,08a6f76bd428-213,213,08:A6:F7:6B:D4:28,ON,768679,1780911955107,768683,1780911955111,909676,1780911955035,27,2026-06-08T09:45:55.4472662Z,,oasis/bottle
,,,0,,,local.mqtt.telegraf,42,48.59,,,08a6f7bb3c68,08a6f7bb3c68-216,216,08:A6:F7:BB:3C:68,ON,768810,1780911955238,768815,1780911955243,876696,1780911955176,27,2026-06-08T09:45:55.571581Z,,oasis/bottle
,,,0,,,local.mqtt.telegraf,44,45.09,,,08a6f769c348,08a6f769c348-213,213,08:A6:F7:69:C3:48,ON,768849,1780911955277,768854,1780911955282,837316,1780911955036,26,2026-06-08T09:45:55.6066036Z,,oasis/bottle
,,,0,,,local.mqtt.telegraf,46,46.4,,,2cbcbb0d97a0,2cbcbb0d97a0-211,211,2C:BC:BB:0D:97:A0,ON,771099,1780911957527,771103,1780911957531,857546,1780911957446,26,2026-06-08T09:45:57.8685041Z,,oasis/bottle
,,,0,,,local.mqtt.telegraf,43,32.64,,,08a6f75abdf0,08a6f75abdf0-217,217,08:A6:F7:5A:BD:F0,ON,771199,1780911957627,771205,1780911957633,810427,1780911957547,27,2026-06-08T09:45:57.9612157Z,,oasis/bottle
,,,0,,,local.mqtt.telegraf,43,43.48,,,08a6f76bd428,08a6f76bd428-214,214,08:A6:F7:6B:D4:28,ON,771999,1780911958427,772003,1780911958431,912997,1780911958356,27,2026-06-08T09:45:58.7578012Z,,oasis/bottle
,,,0,,,local.mqtt.telegraf,44,44.85,,,08a6f769c348,08a6f769c348-214,214,08:A6:F7:69:C3:48,ON,772109,1780911958537,772114,1780911958542,840577,1780911958467,26,2026-06-08T09:45:58.8693013Z,,oasis/bottle
,,,0,,,local.mqtt.telegraf,42,48.66,,,08a6f7bb3c68,08a6f7bb3c68-217,217,08:A6:F7:BB:3C:68,ON,772171,1780911958599,772176,1780911958604,880056,1780911958536,27,2026-06-08T09:45:58.9064673Z,,oasis/bottle
,,,0,,,local.mqtt.telegraf,46,46.2,,,2cbcbb0d97a0,2cbcbb0d97a0-212,212,2C:BC:BB:0D:97:A0,ON,774349,1780911960777,774353,1780911960781,860796,1780911958616,26,2026-06-08T09:46:01.1152638Z,,oasis/bottle
,,,0,,,local.mqtt.telegraf,43,32.57,,,08a6f75abdf0,08a6f75abdf0-218,218,08:A6:F7:5A:BD:F0,ON,774579,1780911961007,774583,1780911961011,813807,1780911958737,27,2026-06-08T09:46:01.340005Z,,oasis/bottle
,,,0,,,local.mqtt.telegraf,43,43.42,,,08a6f76bd428,08a6f76bd428-215,215,08:A6:F7:6B:D4:28,ON,775269,1780911961697,775273,1780911961701,916267,1780911961626,27,2026-06-08T09:46:02.0276765Z,,oasis/bottle
,,,0,,,local.mqtt.telegraf,41,48.45,,,08a6f7bb3c68,08a6f7bb3c68-218,218,08:A6:F7:BB:3C:68,ON,775535,1780911961963,775539,1780911961967,883396,1780911961876,27,2026-06-08T09:46:02.266321Z,,oasis/bottle
,,,0,,,local.mqtt.telegraf,46,46.3,,,2cbcbb0d97a0,2cbcbb0d97a0-213,213,2C:BC:BB:0D:97:A0,ON,777709,1780911964137,777713,1780911964141,864156,1780911961976,26,2026-06-08T09:46:04.4666319Z,,oasis/bottle
,,,0,,,local.mqtt.telegraf,43,32.62,,,08a6f75abdf0,08a6f75abdf0-219,219,08:A6:F7:5A:BD:F0,ON,777949,1780911964377,777953,1780911964381,817176,1780911962106,27,2026-06-08T09:46:04.7063875Z,,oasis/bottle
,,,0,,,local.mqtt.telegraf,43,43.4,,,08a6f76bd428,08a6f76bd428-216,216,08:A6:F7:6B:D4:28,ON,778669,1780911965097,778673,1780911965101,919666,1780911965025,27,2026-06-08T09:46:05.4265034Z,,oasis/bottle
,,,0,,,local.mqtt.telegraf,42,48.61,,,08a6f7bb3c68,08a6f7bb3c68-219,219,08:A6:F7:BB:3C:68,ON,778820,1780911965248,778824,1780911965252,886706,1780911965186,27,2026-06-08T09:46:05.5834262Z,,oasis/bottle
,,,0,,,local.mqtt.telegraf,44,45.22,,,08a6f769c348,08a6f769c348-216,216,08:A6:F7:69:C3:48,ON,778920,1780911965348,778924,1780911965353,847376,1780911965266,26,2026-06-08T09:46:05.6795259Z,,oasis/bottle
,,,0,,,local.mqtt.telegraf,46,46.42,,,2cbcbb0d97a0,2cbcbb0d97a0-214,214,2C:BC:BB:0D:97:A0,ON,781059,1780911967487,781063,1780911967491,867506,1780911965326,26,2026-06-08T09:46:07.8291689Z,,oasis/bottle
,,,0,,,local.mqtt.telegraf,43,32.64,,,08a6f75abdf0,08a6f75abdf0-220,220,08:A6:F7:5A:BD:F0,ON,781326,1780911967754,781331,1780911967759,820546,1780911965476,27,2026-06-08T09:46:08.1028073Z,,oasis/bottle
,,,0,,,local.mqtt.telegraf,43,43.45,,,08a6f76bd428,08a6f76bd428-217,217,08:A6:F7:6B:D4:28,ON,781859,1780911968287,781863,1780911968291,922856,1780911968215,27,2026-06-08T09:46:08.6063896Z,,oasis/bottle
,,,0,,,local.mqtt.telegraf,42,48.49,,,08a6f7bb3c68,08a6f7bb3c68-220,220,08:A6:F7:BB:3C:68,ON,782069,1780911968498,782074,1780911968502,889956,1780911968426,27,2026-06-08T09:46:08.82913Z,,oasis/bottle
,,,0,,,local.mqtt.telegraf,44,44.85,,,08a6f769c348,08a6f769c348-217,217,08:A6:F7:69:C3:48,ON,782109,1780911968537,782114,1780911968542,850577,1780911968467,26,2026-06-08T09:46:08.8660854Z,,oasis/bottle
,,,0,,,local.mqtt.telegraf,46,46.44,,,2cbcbb0d97a0,2cbcbb0d97a0-215,215,2C:BC:BB:0D:97:A0,ON,784389,1780911970817,784393,1780911970821,870837,1780911968727,26,2026-06-08T09:46:11.159738Z,,oasis/bottle
,,,0,,,local.mqtt.telegraf,43,32.68,,,08a6f75abdf0,08a6f75abdf0-221,221,08:A6:F7:5A:BD:F0,ON,784689,1780911971117,784693,1780911971121,823916,1780911968766,27,2026-06-08T09:46:11.4460481Z,,oasis/bottle
,,,0,,,local.mqtt.telegraf,43,43.34,,,08a6f76bd428,08a6f76bd428-218,218,08:A6:F7:6B:D4:28,ON,785109,1780911971537,785113,1780911971541,926106,1780911971465,27,2026-06-08T09:46:11.8666657Z,,oasis/bottle
,,,0,,,local.mqtt.telegraf,44,44.91,,,08a6f769c348,08a6f769c348-218,218,08:A6:F7:69:C3:48,ON,785380,1780911971808,785385,1780911971813,853846,1780911971736,26,2026-06-08T09:46:12.1375026Z,,oasis/bottle
,,,0,,,local.mqtt.telegraf,42,48.35,,,08a6f7bb3c68,08a6f7bb3c68-221,221,08:A6:F7:BB:3C:68,ON,785440,1780911971869,785445,1780911971873,893316,1780911971786,27,2026-06-08T09:46:12.1765787Z,,oasis/bottle
,,,0,,,local.mqtt.telegraf,46,46.28,,,2cbcbb0d97a0,2cbcbb0d97a0-216,216,2C:BC:BB:0D:97:A0,ON,787669,1780911974097,787673,1780911974101,874116,1780911972006,26,2026-06-08T09:46:14.4338649Z,,oasis/bottle
,,,0,,,local.mqtt.telegraf,43,32.66,,,08a6f75abdf0,08a6f75abdf0-222,222,08:A6:F7:5A:BD:F0,ON,788049,1780911974477,788053,1780911974481,827276,1780911972126,27,2026-06-08T09:46:14.8063423Z,,oasis/bottle
,,,0,,,local.mqtt.telegraf,43,43.37,,,08a6f76bd428,08a6f76bd428-219,219,08:A6:F7:6B:D4:28,ON,788479,1780911974907,788483,1780911974911,929476,1780911974835,27,2026-06-08T09:46:15.2361998Z,,oasis/bottle
,,,0,,,local.mqtt.telegraf,42,48.45,,,08a6f7bb3c68,08a6f7bb3c68-222,222,08:A6:F7:BB:3C:68,ON,788805,1780911975233,788810,1780911975238,896666,1780911975136,27,2026-06-08T09:46:15.5362378Z,,oasis/bottle
,,,0,,,local.mqtt.telegraf,46,46.43,,,2cbcbb0d97a0,2cbcbb0d97a0-217,217,2C:BC:BB:0D:97:A0,ON,790859,1780911977287,790863,1780911977291,877306,1780911975196,26,2026-06-08T09:46:17.6262109Z,,oasis/bottle
,,,0,,,local.mqtt.telegraf,43,32.68,,,08a6f75abdf0,08a6f75abdf0-223,223,08:A6:F7:5A:BD:F0,ON,791409,1780911977837,791413,1780911977841,830638,1780911977758,27,2026-06-08T09:46:18.1665435Z,,oasis/bottle
,,,0,,,local.mqtt.telegraf,43,43.05,,,08a6f76bd428,08a6f76bd428-220,220,08:A6:F7:6B:D4:28,ON,791839,1780911978267,791843,1780911978271,932837,1780911978196,27,2026-06-08T09:46:18.5963697Z,,oasis/bottle
,,,0,,,local.mqtt.telegraf,44,45.06,,,08a6f769c348,08a6f769c348-220,220,08:A6:F7:69:C3:48,ON,791970,1780911978398,791974,1780911978402,860436,1780911978326,26,2026-06-08T09:46:18.7272132Z,,oasis/bottle
,,,0,,,local.mqtt.telegraf,42,48.42,,,08a6f7bb3c68,08a6f7bb3c68-223,223,08:A6:F7:BB:3C:68,ON,792109,1780911978538,792114,1780911978542,899996,1780911978476,27,2026-06-08T09:46:18.8563626Z,,oasis/bottle
,,,0,,,local.mqtt.telegraf,46,46.39,,,2cbcbb0d97a0,2cbcbb0d97a0-218,218,2C:BC:BB:0D:97:A0,ON,794109,1780911980537,794113,1780911980541,880556,1780911978676,26,2026-06-08T09:46:20.8742619Z,,oasis/bottle
,,,0,,,local.mqtt.telegraf,43,32.68,,,08a6f75abdf0,08a6f75abdf0-224,224,08:A6:F7:5A:BD:F0,ON,794739,1780911981167,794743,1780911981171,833966,1780911981086,27,2026-06-08T09:46:21.5020928Z,,oasis/bottle
,,,0,,,local.mqtt.telegraf,44,45.1,,,08a6f769c348,08a6f769c348-221,221,08:A6:F7:69:C3:48,ON,795226,1780911981654,795230,1780911981658,863686,1780911981576,26,2026-06-08T09:46:21.9641952Z,,oasis/bottle
,,,0,,,local.mqtt.telegraf,41,48.12,,,08a6f7bb3c68,08a6f7bb3c68-224,224,08:A6:F7:BB:3C:68,ON,795390,1780911981818,795394,1780911981822,903276,1780911981756,27,2026-06-08T09:46:22.1480104Z,,oasis/bottle
,,,0,,,local.mqtt.telegraf,46,46.35,,,2cbcbb0d97a0,2cbcbb0d97a0-219,219,2C:BC:BB:0D:97:A0,ON,797469,1780911983897,797473,1780911983901,883916,1780911982036,26,2026-06-08T09:46:24.2395992Z,,oasis/bottle
,,,0,,,local.mqtt.telegraf,43,32.85,,,08a6f75abdf0,08a6f75abdf0-225,225,08:A6:F7:5A:BD:F0,ON,798029,1780911984457,798033,1780911984461,837256,1780911984376,27,2026-06-08T09:46:24.7928814Z,,oasis/bottle
,,,0,,,local.mqtt.telegraf,43,43.1,,,08a6f76bd428,08a6f76bd428-222,222,08:A6:F7:6B:D4:28,ON,798509,1780911984937,798513,1780911984941,939506,1780911984865,27,2026-06-08T09:46:25.2664901Z,,oasis/bottle
,,,0,,,local.mqtt.telegraf,44,45.2,,,08a6f769c348,08a6f769c348-222,222,08:A6:F7:69:C3:48,ON,798617,1780911985045,798622,1780911985050,867056,1780911984946,26,2026-06-08T09:46:25.3461873Z,,oasis/bottle
,,,0,,,local.mqtt.telegraf,46,46.63,,,2cbcbb0d97a0,2cbcbb0d97a0-220,220,2C:BC:BB:0D:97:A0,ON,800819,1780911987247,800823,1780911987251,887266,1780911985386,26,2026-06-08T09:46:27.5908219Z,,oasis/bottle
,,,0,,,local.mqtt.telegraf,43,33,,,08a6f75abdf0,08a6f75abdf0-226,226,08:A6:F7:5A:BD:F0,ON,801229,1780911987657,801233,1780911987661,840456,1780911987576,27,2026-06-08T09:46:27.991705Z,,oasis/bottle
,,,0,,,local.mqtt.telegraf,43,43.58,,,08a6f76bd428,08a6f76bd428-223,223,08:A6:F7:6B:D4:28,ON,801779,1780911988207,801783,1780911988211,942776,1780911988135,27,2026-06-08T09:46:28.5391409Z,,oasis/bottle
,,,0,,,local.mqtt.telegraf,41,48.58,,,08a6f7bb3c68,08a6f7bb3c68-226,226,08:A6:F7:BB:3C:68,ON,801841,1780911988269,801845,1780911988273,909716,1780911988196,27,2026-06-08T09:46:28.5758915Z,,oasis/bottle
,,,0,,,local.mqtt.telegraf,44,45.36,,,08a6f769c348,08a6f769c348-223,223,08:A6:F7:69:C3:48,ON,801959,1780911988387,801964,1780911988392,870416,1780911988306,26,2026-06-08T09:46:28.7213884Z,,oasis/bottle
,,,0,,,local.mqtt.telegraf,45,46.73,,,2cbcbb0d97a0,2cbcbb0d97a0-221,221,2C:BC:BB:0D:97:A0,ON,804139,1780911990567,804143,1780911990571,890587,1780911988777,26,2026-06-08T09:46:30.8959761Z,,oasis/bottle
,,,0,,,local.mqtt.telegraf,43,32.96,,,08a6f75abdf0,08a6f75abdf0-227,227,08:A6:F7:5A:BD:F0,ON,804499,1780911990927,804503,1780911990931,843727,1780911988727,27,2026-06-08T09:46:31.2621227Z,,oasis/bottle
,,,0,,,local.mqtt.telegraf,42,48.98,,,08a6f7bb3c68,08a6f7bb3c68-227,227,08:A6:F7:BB:3C:68,ON,805207,1780911991635,805211,1780911991639,913086,1780911991566,27,2026-06-08T09:46:31.942302Z,,oasis/bottle
,,,0,,,local.mqtt.telegraf,44,45.21,,,08a6f769c348,08a6f769c348-224,224,08:A6:F7:69:C3:48,ON,805299,1780911991727,805304,1780911991732,873766,1780911991656,26,2026-06-08T09:46:32.0586675Z,,oasis/bottle
,,,0,,,local.mqtt.telegraf,46,46.38,,,2cbcbb0d97a0,2cbcbb0d97a0-222,222,2C:BC:BB:0D:97:A0,ON,807409,1780911993837,807413,1780911993841,893857,1780911992047,26,2026-06-08T09:46:34.1662912Z,,oasis/bottle
,,,0,,,local.mqtt.telegraf,43,32.97,,,08a6f75abdf0,08a6f75abdf0-228,228,08:A6:F7:5A:BD:F0,ON,807909,1780911994337,807914,1780911994342,847136,1780911992136,27,2026-06-08T09:46:34.6692808Z,,oasis/bottle
,,,0,,,local.mqtt.telegraf,43,43.23,,,08a6f76bd428,08a6f76bd428-225,225,08:A6:F7:6B:D4:28,ON,808369,1780911994797,808373,1780911994801,949366,1780911994725,27,2026-06-08T09:46:35.1326096Z,,oasis/bottle
,,,0,,,local.mqtt.telegraf,41,48.53,,,08a6f7bb3c68,08a6f7bb3c68-228,228,08:A6:F7:BB:3C:68,ON,808569,1780911994997,808573,1780911995001,916446,1780911994926,27,2026-06-08T09:46:35.3245817Z,,oasis/bottle
,,,0,,,local.mqtt.telegraf,44,45.36,,,08a6f769c348,08a6f769c348-225,225,08:A6:F7:69:C3:48,ON,808619,1780911995048,808628,1780911995056,877086,1780911994976,26,2026-06-08T09:46:35.356253Z,,oasis/bottle
,,,0,,,local.mqtt.telegraf,46,46.82,,,2cbcbb0d97a0,2cbcbb0d97a0-223,223,2C:BC:BB:0D:97:A0,ON,810819,1780911997247,810823,1780911997251,897266,1780911995456,26,2026-06-08T09:46:37.5860353Z,,oasis/bottle
,,,0,,,local.mqtt.telegraf,43,33.74,,,08a6f75abdf0,08a6f75abdf0-229,229,08:A6:F7:5A:BD:F0,ON,811119,1780911997547,811123,1780911997551,850346,1780911995346,27,2026-06-08T09:46:37.8789748Z,,oasis/bottle
,,,0,,,local.mqtt.telegraf,43,43.93,,,08a6f76bd428,08a6f76bd428-226,226,08:A6:F7:6B:D4:28,ON,811619,1780911998047,811623,1780911998051,952616,1780911997974,27,2026-06-08T09:46:38.3777105Z,,oasis/bottle
,,,0,,,local.mqtt.telegraf,42,49.36,,,08a6f7bb3c68,08a6f7bb3c68-229,229,08:A6:F7:BB:3C:68,ON,811918,1780911998346,811922,1780911998350,919787,1780911998266,27,2026-06-08T09:46:38.6461849Z,,oasis/bottle
,,,0,,,local.mqtt.telegraf,46,47.69,,,2cbcbb0d97a0,2cbcbb0d97a0-224,224,2C:BC:BB:0D:97:A0,ON,814029,1780912000457,814033,1780912000461,900476,1780911998705,26,2026-06-08T09:46:40.8006904Z,,oasis/bottle
,,,0,,,local.mqtt.telegraf,43,34.96,,,08a6f75abdf0,08a6f75abdf0-230,230,08:A6:F7:5A:BD:F0,ON,814399,1780912000827,814403,1780912000831,853626,1780911998775,27,2026-06-08T09:46:41.1560447Z,,oasis/bottle
,,,0,,,local.mqtt.telegraf,43,44.56,,,08a6f76bd428,08a6f76bd428-227,227,08:A6:F7:6B:D4:28,ON,814979,1780912001407,814983,1780912001411,955976,1780912001334,27,2026-06-08T09:46:41.7399006Z,,oasis/bottle
,,,0,,,local.mqtt.telegraf,41,49.87,,,08a6f7bb3c68,08a6f7bb3c68-230,230,08:A6:F7:BB:3C:68,ON,815219,1780912001647,815223,1780912001651,923096,1780912001575,27,2026-06-08T09:46:41.9728478Z,,oasis/bottle
,,,0,,,local.mqtt.telegraf,44,46.61,,,08a6f769c348,08a6f769c348-227,227,08:A6:F7:69:C3:48,ON,815289,1780912001717,815294,1780912001722,883756,1780912001645,26,2026-06-08T09:46:42.0122436Z,,oasis/bottle
,,,0,,,local.mqtt.telegraf,46,47.69,,,2cbcbb0d97a0,2cbcbb0d97a0-225,225,2C:BC:BB:0D:97:A0,ON,817309,1780912003737,817313,1780912003741,903756,1780912001985,26,2026-06-08T09:46:44.0812207Z,,oasis/bottle
,,,0,,,local.mqtt.telegraf,43,34.99,,,08a6f75abdf0,08a6f75abdf0-231,231,08:A6:F7:5A:BD:F0,ON,817579,1780912004007,817583,1780912004011,856806,1780912001955,27,2026-06-08T09:46:44.3360209Z,,oasis/bottle
,,,0,,,local.mqtt.telegraf,43,44.48,,,08a6f76bd428,08a6f76bd428-228,228,08:A6:F7:6B:D4:28,ON,818329,1780912004757,818333,1780912004761,959326,1780912004684,27,2026-06-08T09:46:45.0961914Z,,oasis/bottle
,,,0,,,local.mqtt.telegraf,44,46.57,,,08a6f769c348,08a6f769c348-228,228,08:A6:F7:69:C3:48,ON,818489,1780912004917,818493,1780912004921,886946,1780912004835,26,2026-06-08T09:46:45.2159765Z,,oasis/bottle
,,,0,,,local.mqtt.telegraf,46,47.77,,,2cbcbb0d97a0,2cbcbb0d97a0-226,226,2C:BC:BB:0D:97:A0,ON,820499,1780912006927,820504,1780912006932,906946,1780912005175,26,2026-06-08T09:46:47.2674998Z,,oasis/bottle
,,,0,,,local.mqtt.telegraf,43,34.79,,,08a6f75abdf0,08a6f75abdf0-232,232,08:A6:F7:5A:BD:F0,ON,820809,1780912007237,820814,1780912007242,860036,1780912005185,27,2026-06-08T09:46:47.5659195Z,,oasis/bottle
,,,0,,,local.mqtt.telegraf,43,44.48,,,08a6f76bd428,08a6f76bd428-229,229,08:A6:F7:6B:D4:28,ON,821649,1780912008077,821653,1780912008081,962646,1780912008005,27,2026-06-08T09:46:48.4129241Z,,oasis/bottle
,,,0,,,local.mqtt.telegraf,44,46.14,,,08a6f769c348,08a6f769c348-229,229,08:A6:F7:69:C3:48,ON,821729,1780912008157,821734,1780912008162,890188,1780912008077,26,2026-06-08T09:46:48.4519906Z,,oasis/bottle
,,,0,,,local.mqtt.telegraf,41,49.28,,,08a6f7bb3c68,08a6f7bb3c68-232,232,08:A6:F7:BB:3C:68,ON,821829,1780912008257,821834,1780912008262,929707,1780912008187,27,2026-06-08T09:46:48.5941894Z,,oasis/bottle
,,,0,,,local.mqtt.telegraf,46,47.14,,,2cbcbb0d97a0,2cbcbb0d97a0-227,227,2C:BC:BB:0D:97:A0,ON,823739,1780912010167,823743,1780912010171,910186,1780912008766,26,2026-06-08T09:46:50.510535Z,,oasis/bottle
,,,0,,,local.mqtt.telegraf,43,34.34,,,08a6f75abdf0,08a6f75abdf0-233,233,08:A6:F7:5A:BD:F0,ON,824139,1780912010567,824143,1780912010571,863366,1780912008856,27,2026-06-08T09:46:50.9025389Z,,oasis/bottle
,,,0,,,local.mqtt.telegraf,43,44.13,,,08a6f76bd428,08a6f76bd428-230,230,08:A6:F7:6B:D4:28,ON,824919,1780912011347,824923,1780912011351,965917,1780912011276,27,2026-06-08T09:46:51.6706871Z,,oasis/bottle
,,,0,,,local.mqtt.telegraf,44,45.93,,,08a6f769c348,08a6f769c348-230,230,08:A6:F7:69:C3:48,ON,825079,1780912011507,825084,1780912011512,893546,1780912011435,26,2026-06-08T09:46:51.8375258Z,,oasis/bottle
,,,0,,,local.mqtt.telegraf,42,49.43,,,08a6f7bb3c68,08a6f7bb3c68-233,233,08:A6:F7:BB:3C:68,ON,825179,1780912011607,825183,1780912011612,933056,1780912011536,27,2026-06-08T09:46:51.9358741Z,,oasis/bottle
,,,0,,,local.mqtt.telegraf,46,47.21,,,2cbcbb0d97a0,2cbcbb0d97a0-228,228,2C:BC:BB:0D:97:A0,ON,827089,1780912013517,827093,1780912013521,913536,1780912012116,26,2026-06-08T09:46:53.8458047Z,,oasis/bottle
,,,0,,,local.mqtt.telegraf,43,33.94,,,08a6f75abdf0,08a6f75abdf0-234,234,08:A6:F7:5A:BD:F0,ON,827419,1780912013847,827423,1780912013851,866646,1780912012136,27,2026-06-08T09:46:54.1736763Z,,oasis/bottle
,,,0,,,local.mqtt.telegraf,43,43.91,,,08a6f76bd428,08a6f76bd428-231,231,08:A6:F7:6B:D4:28,ON,828329,1780912014757,828333,1780912014761,969326,1780912014685,27,2026-06-08T09:46:55.0913091Z,,oasis/bottle
,,,0,,,local.mqtt.telegraf,44,46.02,,,08a6f769c348,08a6f769c348-231,231,08:A6:F7:69:C3:48,ON,828431,1780912014859,828436,1780912014864,896896,1780912014785,26,2026-06-08T09:46:55.1860392Z,,oasis/bottle
,,,0,,,local.mqtt.telegraf,41,49.08,,,08a6f7bb3c68,08a6f7bb3c68-234,234,08:A6:F7:BB:3C:68,ON,828509,1780912014937,828513,1780912014941,936386,1780912014866,27,2026-06-08T09:46:55.2720023Z,,oasis/bottle
,,,0,,,local.mqtt.telegraf,46,47.08,,,2cbcbb0d97a0,2cbcbb0d97a0-229,229,2C:BC:BB:0D:97:A0,ON,830419,1780912016847,830423,1780912016851,916866,1780912015446,26,2026-06-08T09:46:57.1828065Z,,oasis/bottle
,,,0,,,local.mqtt.telegraf,43,33.47,,,08a6f75abdf0,08a6f75abdf0-235,235,08:A6:F7:5A:BD:F0,ON,830609,1780912017037,830613,1780912017041,869836,1780912015326,27,2026-06-08T09:46:57.3650521Z,,oasis/bottle
,,,0,,,local.mqtt.telegraf,43,43.72,,,08a6f76bd428,08a6f76bd428-232,232,08:A6:F7:6B:D4:28,ON,831529,1780912017957,831533,1780912017961,972529,1780912017879,27,2026-06-08T09:46:58.2933823Z,,oasis/bottle
,,,0,,,local.mqtt.telegraf,44,45.73,,,08a6f769c348,08a6f769c348-232,232,08:A6:F7:69:C3:48,ON,831749,1780912018177,831753,1780912018181,900206,1780912018096,26,2026-06-08T09:46:58.5040431Z,,oasis/bottle
,,,0,,,local.mqtt.telegraf,42,49.04,,,08a6f7bb3c68,08a6f7bb3c68-235,235,08:A6:F7:BB:3C:68,ON,831798,1780912018227,831806,1780912018234,939677,1780912018167,27,2026-06-08T09:46:58.5500101Z,,oasis/bottle
,,,0,,,local.mqtt.telegraf,46,46.67,,,2cbcbb0d97a0,2cbcbb0d97a0-230,230,2C:BC:BB:0D:97:A0,ON,833699,1780912020127,833703,1780912020131,920146,1780912018836,26,2026-06-08T09:47:00.4660556Z,,oasis/bottle
,,,0,,,local.mqtt.telegraf,43,32.95,,,08a6f75abdf0,08a6f75abdf0-236,236,08:A6:F7:5A:BD:F0,ON,833859,1780912020287,833863,1780912020291,873086,1780912018806,27,2026-06-08T09:47:00.6198077Z,,oasis/bottle
,,,0,,,local.mqtt.telegraf,43,43.42,,,08a6f76bd428,08a6f76bd428-233,233,08:A6:F7:6B:D4:28,ON,834809,1780912021237,834813,1780912021241,975807,1780912021157,27,2026-06-08T09:47:01.5659033Z,,oasis/bottle
,,,0,,,local.mqtt.telegraf,41,48.7,,,08a6f7bb3c68,08a6f7bb3c68-236,236,08:A6:F7:BB:3C:68,ON,835015,1780912021443,835020,1780912021448,942876,1780912021366,27,2026-06-08T09:47:01.7497097Z,,oasis/bottle
,,,0,,,local.mqtt.telegraf,45,46.42,,,2cbcbb0d97a0,2cbcbb0d97a0-231,231,2C:BC:BB:0D:97:A0,ON,836889,1780912023317,836894,1780912023322,923337,1780912022027,26,2026-06-08T09:47:03.6579713Z,,oasis/bottle
,,,0,,,local.mqtt.telegraf,43,32.62,,,08a6f75abdf0,08a6f75abdf0-237,237,08:A6:F7:5A:BD:F0,ON,837219,1780912023647,837223,1780912023651,876447,1780912022167,27,2026-06-08T09:47:03.9828221Z,,oasis/bottle
,,,0,,,local.mqtt.telegraf,43,43.48,,,08a6f76bd428,08a6f76bd428-234,234,08:A6:F7:6B:D4:28,ON,837989,1780912024417,837993,1780912024421,978986,1780912024336,27,2026-06-08T09:47:04.7545422Z,,oasis/bottle
,,,0,,,local.mqtt.telegraf,41,48.35,,,08a6f7bb3c68,08a6f7bb3c68-237,237,08:A6:F7:BB:3C:68,ON,838269,1780912024697,838273,1780912024701,946146,1780912024636,27,2026-06-08T09:47:05.0358152Z,,oasis/bottle
,,,0,,,local.mqtt.telegraf,44,44.91,,,08a6f769c348,08a6f769c348-234,234,08:A6:F7:69:C3:48,ON,838360,1780912024788,838364,1780912024792,906826,1780912024716,26,2026-06-08T09:47:05.1143767Z,,oasis/bottle
,,,0,,,local.mqtt.telegraf,45,46.27,,,2cbcbb0d97a0,2cbcbb0d97a0-232,232,2C:BC:BB:0D:97:A0,ON,840129,1780912026557,840133,1780912026561,926577,1780912025267,26,2026-06-08T09:47:06.9045819Z,,oasis/bottle
,,,0,,,local.mqtt.telegraf,43,32.3,,,08a6f75abdf0,08a6f75abdf0-238,238,08:A6:F7:5A:BD:F0,ON,840569,1780912026997,840574,1780912027002,879796,1780912025516,27,2026-06-08T09:47:07.3372707Z,,oasis/bottle
,,,0,,,local.mqtt.telegraf,43,43.1,,,08a6f76bd428,08a6f76bd428-235,235,08:A6:F7:6B:D4:28,ON,841209,1780912027637,841213,1780912027641,982206,1780912027556,27,2026-06-08T09:47:07.9677122Z,,oasis/bottle
,,,0,,,local.mqtt.telegraf,41,48.55,,,08a6f7bb3c68,08a6f7bb3c68-238,238,08:A6:F7:BB:3C:68,ON,841669,1780912028097,841673,1780912028101,949547,1780912028037,27,2026-06-08T09:47:08.4407016Z,,oasis/bottle
,,,0,,,local.mqtt.telegraf,44,44.79,,,08a6f769c348,08a6f769c348-235,235,08:A6:F7:69:C3:48,ON,841719,1780912028147,841724,1780912028152,910186,1780912028066,26,2026-06-08T09:47:08.4958397Z,,oasis/bottle
,,,0,,,local.mqtt.telegraf,45,46.19,,,2cbcbb0d97a0,2cbcbb0d97a0-233,233,2C:BC:BB:0D:97:A0,ON,843479,1780912029907,843483,1780912029911,929927,1780912028937,26,2026-06-08T09:47:10.2456383Z,,oasis/bottle
,,,0,,,local.mqtt.telegraf,43,32.07,,,08a6f75abdf0,08a6f75abdf0-239,239,08:A6:F7:5A:BD:F0,ON,843899,1780912030327,843903,1780912030331,883126,1780912028916,27,2026-06-08T09:47:10.6631884Z,,oasis/bottle
,,,0,,,local.mqtt.telegraf,43,42.98,,,08a6f76bd428,08a6f76bd428-236,236,08:A6:F7:6B:D4:28,ON,844519,1780912030947,844523,1780912030951,985517,1780912028897,27,2026-06-08T09:47:11.2756885Z,,oasis/bottle
,,,0,,,local.mqtt.telegraf,42,47.92,,,08a6f7bb3c68,08a6f7bb3c68-239,239,08:A6:F7:BB:3C:68,ON,844889,1780912031317,844893,1780912031321,952766,1780912031256,27,2026-06-08T09:47:11.6460399Z,,oasis/bottle
,,,0,,,local.mqtt.telegraf,44,44.62,,,08a6f769c348,08a6f769c348-236,236,08:A6:F7:69:C3:48,ON,845069,1780912031497,845074,1780912031502,913536,1780912031416,26,2026-06-08T09:47:11.8272306Z,,oasis/bottle
,,,0,,,local.mqtt.telegraf,46,46.26,,,2cbcbb0d97a0,2cbcbb0d97a0-234,234,2C:BC:BB:0D:97:A0,ON,846809,1780912033237,846813,1780912033241,933256,1780912032266,26,2026-06-08T09:47:13.5778149Z,,oasis/bottle
,,,0,,,local.mqtt.telegraf,43,32.1,,,08a6f75abdf0,08a6f75abdf0-240,240,08:A6:F7:5A:BD:F0,ON,847179,1780912033607,847183,1780912033611,886406,1780912032196,27,2026-06-08T09:47:13.9357266Z,,oasis/bottle
,,,0,,,local.mqtt.telegraf,43,42.82,,,08a6f76bd428,08a6f76bd428-237,237,08:A6:F7:6B:D4:28,ON,847769,1780912034197,847773,1780912034201,988766,1780912032146,27,2026-06-08T09:47:14.5260553Z,,oasis/bottle
,,,0,,,local.mqtt.telegraf,42,48.35,,,08a6f7bb3c68,08a6f7bb3c68-240,240,08:A6:F7:BB:3C:68,ON,848159,1780912034587,848163,1780912034591,956037,1780912034527,27,2026-06-08T09:47:14.9105553Z,,oasis/bottle
,,,0,,,local.mqtt.telegraf,44,44.52,,,08a6f769c348,08a6f769c348-237,237,08:A6:F7:69:C3:48,ON,848409,1780912034837,848413,1780912034841,916866,1780912034746,26,2026-06-08T09:47:15.1657804Z,,oasis/bottle
,,,0,,,local.mqtt.telegraf,45,46.28,,,2cbcbb0d97a0,2cbcbb0d97a0-235,235,2C:BC:BB:0D:97:A0,ON,850089,1780912036517,850093,1780912036521,936537,1780912035547,26,2026-06-08T09:47:16.8528203Z,,oasis/bottle
,,,0,,,local.mqtt.telegraf,42,31.93,,,08a6f75abdf0,08a6f75abdf0-241,241,08:A6:F7:5A:BD:F0,ON,850369,1780912036797,850373,1780912036801,889596,1780912035386,27,2026-06-08T09:47:17.1256042Z,,oasis/bottle
,,,0,,,local.mqtt.telegraf,43,43.13,,,08a6f76bd428,08a6f76bd428-238,238,08:A6:F7:6B:D4:28,ON,851129,1780912037557,851133,1780912037561,992126,1780912035506,27,2026-06-08T09:47:17.8844177Z,,oasis/bottle
,,,0,,,local.mqtt.telegraf,41,48.42,,,08a6f7bb3c68,08a6f7bb3c68-241,241,08:A6:F7:BB:3C:68,ON,851329,1780912037757,851333,1780912037761,959206,1780912037696,27,2026-06-08T09:47:18.1009411Z,,oasis/bottle
,,,0,,,local.mqtt.telegraf,44,44.71,,,08a6f769c348,08a6f769c348-238,238,08:A6:F7:69:C3:48,ON,851706,1780912038134,851711,1780912038139,920156,1780912038046,26,2026-06-08T09:47:18.459199Z,,oasis/bottle
,,,0,,,local.mqtt.telegraf,45,46.5,,,2cbcbb0d97a0,2cbcbb0d97a0-236,236,2C:BC:BB:0D:97:A0,ON,853279,1780912039707,853283,1780912039711,939727,1780912038807,26,2026-06-08T09:47:20.0473264Z,,oasis/bottle
,,,0,,,local.mqtt.telegraf,43,32.02,,,08a6f75abdf0,08a6f75abdf0-242,242,08:A6:F7:5A:BD:F0,ON,853619,1780912040047,853623,1780912040051,892846,1780912038866,27,2026-06-08T09:47:20.3760953Z,,oasis/bottle
,,,0,,,local.mqtt.telegraf,43,43.05,,,08a6f76bd428,08a6f76bd428-239,239,08:A6:F7:6B:D4:28,ON,854479,1780912040907,854483,1780912040911,995477,1780912038967,27,2026-06-08T09:47:21.2387584Z,,oasis/bottle
,,,0,,,local.mqtt.telegraf,42,48.02,,,08a6f7bb3c68,08a6f7bb3c68-242,242,08:A6:F7:BB:3C:68,ON,854528,1780912040957,854533,1780912040961,962407,1780912038817,27,2026-06-08T09:47:21.2799313Z,,oasis/bottle
,,,0,,,local.mqtt.telegraf,44,44.51,,,08a6f769c348,08a6f769c348-239,239,08:A6:F7:69:C3:48,ON,854889,1780912041318,854894,1780912041322,923356,1780912041246,26,2026-06-08T09:47:21.6496982Z,,oasis/bottle
,,,0,,,local.mqtt.telegraf,45,46.2,,,2cbcbb0d97a0,2cbcbb0d97a0-237,237,2C:BC:BB:0D:97:A0,ON,856529,1780912042957,856533,1780912042961,942977,1780912042057,26,2026-06-08T09:47:23.3032146Z,,oasis/bottle
,,,0,,,local.mqtt.telegraf,43,32.02,,,08a6f75abdf0,08a6f75abdf0-243,243,08:A6:F7:5A:BD:F0,ON,856979,1780912043407,856983,1780912043411,896206,1780912042226,27,2026-06-08T09:47:23.742566Z,,oasis/bottle
,,,0,,,local.mqtt.telegraf,43,43.17,,,08a6f76bd428,08a6f76bd428-240,240,08:A6:F7:6B:D4:28,ON,857825,1780912044253,857829,1780912044257,998806,1780912042296,27,2026-06-08T09:47:24.5578445Z,,oasis/bottle
,,,0,,,local.mqtt.telegraf,44,44.85,,,08a6f769c348,08a6f769c348-240,240,08:A6:F7:69:C3:48,ON,858149,1780912044578,858154,1780912044582,926616,1780912044506,26,2026-06-08T09:47:24.9086686Z,,oasis/bottle
,,,0,,,local.mqtt.telegraf,45,46.2,,,2cbcbb0d97a0,2cbcbb0d97a0-238,238,2C:BC:BB:0D:97:A0,ON,859889,1780912046317,859893,1780912046321,946336,1780912045416,26,2026-06-08T09:47:26.6548734Z,,oasis/bottle
,,,0,,,local.mqtt.telegraf,43,32.02,,,08a6f75abdf0,08a6f75abdf0-244,244,08:A6:F7:5A:BD:F0,ON,860329,1780912046757,860333,1780912046761,899556,1780912045576,27,2026-06-08T09:47:27.0758234Z,,oasis/bottle
,,,0,,,local.mqtt.telegraf,42,48.53,,,08a6f7bb3c68,08a6f7bb3c68-244,244,08:A6:F7:BB:3C:68,ON,860959,1780912047387,860963,1780912047391,968840,1780912045250,27,2026-06-08T09:47:27.7178518Z,,oasis/bottle
,,,0,,,local.mqtt.telegraf,43,43.11,,,08a6f76bd428,08a6f76bd428-241,241,08:A6:F7:6B:D4:28,ON,861089,1780912047517,861094,1780912047522,1002086,1780912045576,27,2026-06-08T09:47:27.843407Z,,oasis/bottle
,,,0,,,local.mqtt.telegraf,44,44.71,,,08a6f769c348,08a6f769c348-241,241,08:A6:F7:69:C3:48,ON,861550,1780912047978,861555,1780912047983,930006,1780912047896,26,2026-06-08T09:47:28.3147287Z,,oasis/bottle
,,,0,,,local.mqtt.telegraf,46,46.02,,,2cbcbb0d97a0,2cbcbb0d97a0-239,239,2C:BC:BB:0D:97:A0,ON,863239,1780912049667,863243,1780912049671,949686,1780912048996,26,2026-06-08T09:47:30.0002234Z,,oasis/bottle
,,,0,,,local.mqtt.telegraf,43,32.01,,,08a6f75abdf0,08a6f75abdf0-245,245,08:A6:F7:5A:BD:F0,ON,863649,1780912050077,863653,1780912050081,902876,1780912048966,27,2026-06-08T09:47:30.4047716Z,,oasis/bottle
,,,0,,,local.mqtt.telegraf,41,48.59,,,08a6f7bb3c68,08a6f7bb3c68-245,245,08:A6:F7:BB:3C:68,ON,864159,1780912050587,864163,1780912050591,972037,1780912048847,27,2026-06-08T09:47:30.9160187Z,,oasis/bottle
,,,0,,,local.mqtt.telegraf,43,43.1,,,08a6f76bd428,08a6f76bd428-242,242,08:A6:F7:6B:D4:28,ON,864279,1780912050707,864284,1780912050712,1005277,1780912048837,27,2026-06-08T09:47:31.0390753Z,,oasis/bottle
,,,0,,,local.mqtt.telegraf,44,44.55,,,08a6f769c348,08a6f769c348-242,242,08:A6:F7:69:C3:48,ON,864959,1780912051387,864963,1780912051391,933416,1780912049056,27,2026-06-08T09:47:31.7145974Z,,oasis/bottle
,,,0,,,local.mqtt.telegraf,45,46.2,,,2cbcbb0d97a0,2cbcbb0d97a0-240,240,2C:BC:BB:0D:97:A0,ON,866569,1780912052997,866573,1780912053001,953017,1780912052327,26,2026-06-08T09:47:33.3428098Z,,oasis/bottle
,,,0,,,local.mqtt.telegraf,43,31.95,,,08a6f75abdf0,08a6f75abdf0-246,246,08:A6:F7:5A:BD:F0,ON,866919,1780912053347,866923,1780912053351,906147,1780912052237,27,2026-06-08T09:47:33.6768558Z,,oasis/bottle
,,,0,,,local.mqtt.telegraf,41,48.37,,,08a6f7bb3c68,08a6f7bb3c68-246,246,08:A6:F7:BB:3C:68,ON,867419,1780912053847,867423,1780912053851,975296,1780912052106,27,2026-06-08T09:47:34.1818344Z,,oasis/bottle
,,,0,,,local.mqtt.telegraf,43,42.89,,,08a6f76bd428,08a6f76bd428-243,243,08:A6:F7:6B:D4:28,ON,867519,1780912053947,867524,1780912053952,1008516,1780912052076,27,2026-06-08T09:47:34.2757837Z,,oasis/bottle
,,,0,,,local.mqtt.telegraf,44,44.91,,,08a6f769c348,08a6f769c348-243,243,08:A6:F7:69:C3:48,ON,868159,1780912054587,868163,1780912054591,936616,1780912052256,26,2026-06-08T09:47:34.9142555Z,,oasis/bottle
,,,0,,,local.mqtt.telegraf,45,46.2,,,2cbcbb0d97a0,2cbcbb0d97a0-241,241,2C:BC:BB:0D:97:A0,ON,869849,1780912056277,869853,1780912056281,956297,1780912055607,26,2026-06-08T09:47:36.6176754Z,,oasis/bottle
,,,0,,,local.mqtt.telegraf,43,31.98,,,08a6f75abdf0,08a6f75abdf0-247,247,08:A6:F7:5A:BD:F0,ON,870329,1780912056757,870333,1780912056761,909557,1780912055647,27,2026-06-08T09:47:37.0946753Z,,oasis/bottle
,,,0,,,local.mqtt.telegraf,41,48.38,,,08a6f7bb3c68,08a6f7bb3c68-247,247,08:A6:F7:BB:3C:68,ON,870829,1780912057257,870833,1780912057261,978706,1780912055516,27,2026-06-08T09:47:37.5944562Z,,oasis/bottle
,,,0,,,local.mqtt.telegraf,43,43.14,,,08a6f76bd428,08a6f76bd428-244,244,08:A6:F7:6B:D4:28,ON,870868,1780912057297,870873,1780912057301,1011866,1780912055426,27,2026-06-08T09:47:37.6356807Z,,oasis/bottle
,,,0,,,local.mqtt.telegraf,44,44.75,,,08a6f769c348,08a6f769c348-244,244,08:A6:F7:69:C3:48,ON,871429,1780912057857,871433,1780912057861,939887,1780912055527,27,2026-06-08T09:47:38.1935878Z,,oasis/bottle
,,,0,,,local.mqtt.telegraf,45,46.24,,,2cbcbb0d97a0,2cbcbb0d97a0-242,242,2C:BC:BB:0D:97:A0,ON,873039,1780912059467,873044,1780912059472,959487,1780912058867,26,2026-06-08T09:47:39.8029771Z,,oasis/bottle
,,,0,,,local.mqtt.telegraf,42,32.09,,,08a6f75abdf0,08a6f75abdf0-248,248,08:A6:F7:5A:BD:F0,ON,873529,1780912059957,873533,1780912059961,912757,1780912058877,27,2026-06-08T09:47:40.2870266Z,,oasis/bottle
,,,0,,,local.mqtt.telegraf,41,48.65,,,08a6f7bb3c68,08a6f7bb3c68-248,248,08:A6:F7:BB:3C:68,ON,874009,1780912060437,874013,1780912060441,981887,1780912058857,27,2026-06-08T09:47:40.7683701Z,,oasis/bottle
,,,0,,,local.mqtt.telegraf,43,43.19,,,08a6f76bd428,08a6f76bd428-245,245,08:A6:F7:6B:D4:28,ON,874199,1780912060627,874203,1780912060631,1015197,1780912059007,27,2026-06-08T09:47:40.950563Z,,oasis/bottle
,,,0,,,local.mqtt.telegraf,44,45.03,,,08a6f769c348,08a6f769c348-245,245,08:A6:F7:69:C3:48,ON,874839,1780912061267,874843,1780912061271,943296,1780912059086,27,2026-06-08T09:47:41.585799Z,,oasis/bottle
,,,0,,,local.mqtt.telegraf,45,46.67,,,2cbcbb0d97a0,2cbcbb0d97a0-243,243,2C:BC:BB:0D:97:A0,ON,876279,1780912062707,876283,1780912062711,962727,1780912062107,26,2026-06-08T09:47:43.0455631Z,,oasis/bottle
,,,0,,,local.mqtt.telegraf,42,32.48,,,08a6f75abdf0,08a6f75abdf0-249,249,08:A6:F7:5A:BD:F0,ON,876799,1780912063227,876803,1780912063231,916027,1780912062147,27,2026-06-08T09:47:43.5702607Z,,oasis/bottle
,,,0,,,local.mqtt.telegraf,42,48.9,,,08a6f7bb3c68,08a6f7bb3c68-249,249,08:A6:F7:BB:3C:68,ON,877239,1780912063667,877243,1780912063671,985116,1780912062086,27,2026-06-08T09:47:43.998767Z,,oasis/bottle
,,,0,,,local.mqtt.telegraf,43,43.65,,,08a6f76bd428,08a6f76bd428-246,246,08:A6:F7:6B:D4:28,ON,877479,1780912063907,877483,1780912063911,1018476,1780912062286,27,2026-06-08T09:47:44.239668Z,,oasis/bottle
,,,0,,,local.mqtt.telegraf,44,45.22,,,08a6f769c348,08a6f769c348-246,246,08:A6:F7:69:C3:48,ON,878039,1780912064467,878043,1780912064471,946496,1780912062286,27,2026-06-08T09:47:44.7956744Z,,oasis/bottle
,,,0,,,local.mqtt.telegraf,45,46.63,,,2cbcbb0d97a0,2cbcbb0d97a0-244,244,2C:BC:BB:0D:97:A0,ON,879629,1780912066057,879633,1780912066061,966076,1780912065456,26,2026-06-08T09:47:46.4034593Z,,oasis/bottle
,,,0,,,local.mqtt.telegraf,42,32.64,,,08a6f75abdf0,08a6f75abdf0-250,250,08:A6:F7:5A:BD:F0,ON,880209,1780912066637,880213,1780912066641,919436,1780912065556,27,2026-06-08T09:47:46.9842721Z,,oasis/bottle
,,,0,,,local.mqtt.telegraf,42,48.55,,,08a6f7bb3c68,08a6f7bb3c68-250,250,08:A6:F7:BB:3C:68,ON,880569,1780912066997,880581,1780912067009,988446,1780912065416,27,2026-06-08T09:47:47.3306907Z,,oasis/bottle
,,,0,,,local.mqtt.telegraf,43,43.62,,,08a6f76bd428,08a6f76bd428-247,247,08:A6:F7:6B:D4:28,ON,880670,1780912067098,880674,1780912067102,1021666,1780912065476,27,2026-06-08T09:47:47.4269283Z,,oasis/bottle
,,,0,,,local.mqtt.telegraf,44,45.28,,,08a6f769c348,08a6f769c348-247,247,08:A6:F7:69:C3:48,ON,881309,1780912067737,881313,1780912067741,949767,1780912065557,27,2026-06-08T09:47:48.0682572Z,,oasis/bottle
,,,0,,,local.mqtt.telegraf,45,46.63,,,2cbcbb0d97a0,2cbcbb0d97a0-245,245,2C:BC:BB:0D:97:A0,ON,882969,1780912069397,882974,1780912069402,969417,1780912069046,26,2026-06-08T09:47:49.735665Z,,oasis/bottle
,,,0,,,local.mqtt.telegraf,42,32.7,,,08a6f75abdf0,08a6f75abdf0-251,251,08:A6:F7:5A:BD:F0,ON,883409,1780912069837,883413,1780912069841,922637,1780912068907,27,2026-06-08T09:47:50.165485Z,,oasis/bottle
,,,0,,,local.mqtt.telegraf,42,48.78,,,08a6f7bb3c68,08a6f7bb3c68-251,251,08:A6:F7:BB:3C:68,ON,883859,1780912070287,883863,1780912070291,991736,1780912068996,27,2026-06-08T09:47:50.6167284Z,,oasis/bottle
,,,0,,,local.mqtt.telegraf,43,43.5,,,08a6f76bd428,08a6f76bd428-248,248,08:A6:F7:6B:D4:28,ON,883922,1780912070350,883926,1780912070354,1024916,1780912068956,27,2026-06-08T09:47:50.658233Z,,oasis/bottle
,,,0,,,local.mqtt.telegraf,44,45.34,,,08a6f769c348,08a6f769c348-248,248,08:A6:F7:69:C3:48,ON,884719,1780912071147,884723,1780912071151,953176,1780912069116,27,2026-06-08T09:47:51.4766965Z,,oasis/bottle
,,,0,,,local.mqtt.telegraf,45,46.83,,,2cbcbb0d97a0,2cbcbb0d97a0-246,246,2C:BC:BB:0D:97:A0,ON,886259,1780912072687,886263,1780912072691,972706,1780912072335,26,2026-06-08T09:47:53.0218723Z,,oasis/bottle
,,,0,,,local.mqtt.telegraf,42,33.19,,,08a6f75abdf0,08a6f75abdf0-252,252,08:A6:F7:5A:BD:F0,ON,886679,1780912073107,886683,1780912073111,925907,1780912072177,27,2026-06-08T09:47:53.4373043Z,,oasis/bottle
,,,0,,,local.mqtt.telegraf,41,48.98,,,08a6f7bb3c68,08a6f7bb3c68-252,252,08:A6:F7:BB:3C:68,ON,887059,1780912073487,887064,1780912073492,994936,1780912072196,27,2026-06-08T09:47:53.8061037Z,,oasis/bottle
,,,0,,,local.mqtt.telegraf,43,43.99,,,08a6f76bd428,08a6f76bd428-249,249,08:A6:F7:6B:D4:28,ON,887279,1780912073707,887283,1780912073711,1028276,1780912072316,27,2026-06-08T09:47:54.0261096Z,,oasis/bottle
,,,0,,,local.mqtt.telegraf,44,45.52,,,08a6f769c348,08a6f769c348-249,249,08:A6:F7:69:C3:48,ON,887919,1780912074347,887923,1780912074351,956376,1780912072316,27,2026-06-08T09:47:54.6781808Z,,oasis/bottle
,,,0,,,local.mqtt.telegraf,45,47.12,,,2cbcbb0d97a0,2cbcbb0d97a0-247,247,2C:BC:BB:0D:97:A0,ON,889469,1780912075897,889473,1780912075901,975916,1780912075545,26,2026-06-08T09:47:56.2318264Z,,oasis/bottle
,,,0,,,local.mqtt.telegraf,42,33.86,,,08a6f75abdf0,08a6f75abdf0-253,253,08:A6:F7:5A:BD:F0,ON,890079,1780912076507,890083,1780912076511,929307,1780912075577,27,2026-06-08T09:47:56.8457393Z,,oasis/bottle
,,,0,,,local.mqtt.telegraf,42,49.31,,,08a6f7bb3c68,08a6f7bb3c68-253,253,08:A6:F7:BB:3C:68,ON,890329,1780912076757,890333,1780912076761,998206,1780912075466,27,2026-06-08T09:47:57.0820927Z,,oasis/bottle
,,,0,,,local.mqtt.telegraf,43,44.63,,,08a6f76bd428,08a6f76bd428-250,250,08:A6:F7:6B:D4:28,ON,890629,1780912077057,890633,1780912077061,1031626,1780912075666,27,2026-06-08T09:47:57.3901734Z,,oasis/bottle
,,,0,,,local.mqtt.telegraf,44,45.97,,,08a6f769c348,08a6f769c348-250,250,08:A6:F7:69:C3:48,ON,891189,1780912077617,891193,1780912077621,959647,1780912075587,27,2026-06-08T09:47:57.93534Z,,oasis/bottle
,,,0,,,local.mqtt.telegraf,45,47.57,,,2cbcbb0d97a0,2cbcbb0d97a0-248,248,2C:BC:BB:0D:97:A0,ON,892759,1780912079187,892763,1780912079191,979207,1780912079027,26,2026-06-08T09:47:59.5153974Z,,oasis/bottle
,,,0,,,local.mqtt.telegraf,42,34.22,,,08a6f75abdf0,08a6f75abdf0-254,254,08:A6:F7:5A:BD:F0,ON,893269,1780912079697,893273,1780912079701,932497,1780912078927,27,2026-06-08T09:48:00.0359549Z,,oasis/bottle
,,,0,,,local.mqtt.telegraf,41,49.33,,,08a6f7bb3c68,08a6f7bb3c68-254,254,08:A6:F7:BB:3C:68,ON,893729,1780912080157,893733,1780912080161,1001607,1780912079137,27,2026-06-08T09:48:00.4896405Z,,oasis/bottle
,,,0,,,local.mqtt.telegraf,43,44.55,,,08a6f76bd428,08a6f76bd428-251,251,08:A6:F7:6B:D4:28,ON,893959,1780912080387,893963,1780912080391,1034956,1780912079065,27,2026-06-08T09:48:00.7218189Z,,oasis/bottle
,,,0,,,local.mqtt.telegraf,44,46.14,,,08a6f769c348,08a6f769c348-251,251,08:A6:F7:69:C3:48,ON,894359,1780912080787,894363,1780912080791,962816,1780912078896,27,2026-06-08T09:48:01.1178593Z,,oasis/bottle
,,,0,,,local.mqtt.telegraf,45,47.68,,,2cbcbb0d97a0,2cbcbb0d97a0-249,249,2C:BC:BB:0D:97:A0,ON,895969,1780912082397,895974,1780912082402,982417,1780912082237,26,2026-06-08T09:48:02.7309219Z,,oasis/bottle
,,,0,,,local.mqtt.telegraf,43,34.37,,,08a6f75abdf0,08a6f75abdf0-255,255,08:A6:F7:5A:BD:F0,ON,896519,1780912082947,896523,1780912082951,935747,1780912082177,27,2026-06-08T09:48:03.2740914Z,,oasis/bottle
,,,0,,,local.mqtt.telegraf,41,49.49,,,08a6f7bb3c68,08a6f7bb3c68-255,255,08:A6:F7:BB:3C:68,ON,896919,1780912083347,896923,1780912083351,1004796,1780912082326,27,2026-06-08T09:48:03.6806866Z,,oasis/bottle
,,,0,,,local.mqtt.telegraf,43,44.63,,,08a6f76bd428,08a6f76bd428-252,252,08:A6:F7:6B:D4:28,ON,897239,1780912083667,897243,1780912083671,1038236,1780912082345,27,2026-06-08T09:48:03.9955704Z,,oasis/bottle
,,,0,,,local.mqtt.telegraf,44,46.49,,,08a6f769c348,08a6f769c348-252,252,08:A6:F7:69:C3:48,ON,897559,1780912083987,897565,1780912083993,966016,1780912082096,27,2026-06-08T09:48:04.3155103Z,,oasis/bottle
,,,0,,,local.mqtt.telegraf,45,47.76,,,2cbcbb0d97a0,2cbcbb0d97a0-250,250,2C:BC:BB:0D:97:A0,ON,899249,1780912085677,899254,1780912085682,985696,1780912085516,26,2026-06-08T09:48:06.0160619Z,,oasis/bottle
,,,0,,,local.mqtt.telegraf,42,34.96,,,08a6f75abdf0,08a6f75abdf0-256,256,08:A6:F7:5A:BD:F0,ON,899889,1780912086317,899893,1780912086321,939117,1780912085547,27,2026-06-08T09:48:06.6483504Z,,oasis/bottle
,,,0,,,local.mqtt.telegraf,41,49.94,,,08a6f7bb3c68,08a6f7bb3c68-256,256,08:A6:F7:BB:3C:68,ON,900170,1780912086598,900175,1780912086603,1008046,1780912085576,27,2026-06-08T09:48:06.9240194Z,,oasis/bottle
,,,0,,,local.mqtt.telegraf,43,44.54,,,08a6f76bd428,08a6f76bd428-253,253,08:A6:F7:6B:D4:28,ON,900439,1780912086867,900443,1780912086871,1041436,1780912085545,27,2026-06-08T09:48:07.19537Z,,oasis/bottle
,,,0,,,local.mqtt.telegraf,44,46.54,,,08a6f769c348,08a6f769c348-253,253,08:A6:F7:69:C3:48,ON,900829,1780912087257,900833,1780912087261,969286,1780912085366,27,2026-06-08T09:48:07.5905023Z,,oasis/bottle
,,,0,,,local.mqtt.telegraf,45,47.52,,,2cbcbb0d97a0,2cbcbb0d97a0-251,251,2C:BC:BB:0D:97:A0,ON,902439,1780912088867,902443,1780912088871,988887,1780912088795,26,2026-06-08T09:48:09.1994344Z,,oasis/bottle
,,,0,,,local.mqtt.telegraf,42,33.87,,,08a6f75abdf0,08a6f75abdf0-257,257,08:A6:F7:5A:BD:F0,ON,903249,1780912089677,903253,1780912089682,942477,1780912089135,27,2026-06-08T09:48:10.0100475Z,,oasis/bottle
,,,0,,,local.mqtt.telegraf,42,49.13,,,08a6f7bb3c68,08a6f7bb3c68-257,257,08:A6:F7:BB:3C:68,ON,903589,1780912090017,903593,1780912090021,1011466,1780912089164,27,2026-06-08T09:48:10.3372059Z,,oasis/bottle
,,,0,,,local.mqtt.telegraf,43,44.46,,,08a6f76bd428,08a6f76bd428-254,254,08:A6:F7:6B:D4:28,ON,903689,1780912090117,903693,1780912090122,1044686,1780912089024,27,2026-06-08T09:48:10.4354412Z,,oasis/bottle
,,,0,,,local.mqtt.telegraf,44,45.73,,,08a6f769c348,08a6f769c348-254,254,08:A6:F7:69:C3:48,ON,904229,1780912090657,904233,1780912090661,972686,1780912089174,27,2026-06-08T09:48:10.994508Z,,oasis/bottle
,,,0,,,local.mqtt.telegraf,45,47.28,,,2cbcbb0d97a0,2cbcbb0d97a0-252,252,2C:BC:BB:0D:97:A0,ON,905679,1780912092107,905683,1780912092111,992126,1780912092034,26,2026-06-08T09:48:12.4455344Z,,oasis/bottle
,,,0,,,local.mqtt.telegraf,42,33.95,,,08a6f75abdf0,08a6f75abdf0-258,258,08:A6:F7:5A:BD:F0,ON,906599,1780912093027,906603,1780912093031,945827,1780912092485,27,2026-06-08T09:48:13.4300542Z,,oasis/bottle
,,,0,,,local.mqtt.telegraf,41,49.63,,,08a6f7bb3c68,08a6f7bb3c68-258,258,08:A6:F7:BB:3C:68,ON,906749,1780912093177,906753,1780912093181,1014630,1780912092328,27,2026-06-08T09:48:13.5727335Z,,oasis/bottle
,,,0,,,local.mqtt.telegraf,43,44.08,,,08a6f76bd428,08a6f76bd428-255,255,08:A6:F7:6B:D4:28,ON,907059,1780912093487,907064,1780912093492,1048056,1780912092394,27,2026-06-08T09:48:14.1767691Z,,oasis/bottle
,,,0,,,local.mqtt.telegraf,44,46.14,,,08a6f769c348,08a6f769c348-255,255,08:A6:F7:69:C3:48,ON,907429,1780912093857,907433,1780912093861,975886,1780912092374,27,2026-06-08T09:48:14.1936883Z,,oasis/bottle
,,,0,,,local.mqtt.telegraf,45,47.51,,,2cbcbb0d97a0,2cbcbb0d97a0-253,253,2C:BC:BB:0D:97:A0,ON,909029,1780912095457,909033,1780912095461,995477,1780912095385,26,2026-06-08T09:48:15.8039198Z,,oasis/bottle
,,,0,,,local.mqtt.telegraf,41,49.86,,,08a6f7bb3c68,08a6f7bb3c68-259,259,08:A6:F7:BB:3C:68,ON,909947,1780912096375,909951,1780912096379,1017826,1780912095524,27,2026-06-08T09:48:16.6752899Z,,oasis/bottle
,,,0,,,local.mqtt.telegraf,43,44.48,,,08a6f76bd428,08a6f76bd428-256,256,08:A6:F7:6B:D4:28,ON,910429,1780912096857,910433,1780912096861,1051426,1780912095764,27,2026-06-08T09:48:17.1915838Z,,oasis/bottle
,,,0,,,local.mqtt.telegraf,44,46.38,,,08a6f769c348,08a6f769c348-256,256,08:A6:F7:69:C3:48,ON,910689,1780912097117,910693,1780912097121,979146,1780912095634,27,2026-06-08T09:48:17.4451519Z,,oasis/bottle
,,,0,,,local.mqtt.telegraf,45,47.64,,,2cbcbb0d97a0,2cbcbb0d97a0-254,254,2C:BC:BB:0D:97:A0,ON,912359,1780912098787,912364,1780912098792,998807,1780912098717,26,2026-06-08T09:48:19.129662Z,,oasis/bottle
,,,0,,,local.mqtt.telegraf,42,49.17,,,08a6f7bb3c68,08a6f7bb3c68-260,260,08:A6:F7:BB:3C:68,ON,913217,1780912099645,913221,1780912099649,1021087,1780912099067,27,2026-06-08T09:48:19.9479718Z,,oasis/bottle
,,,0,,,local.mqtt.telegraf,43,44.48,,,08a6f76bd428,08a6f76bd428-257,257,08:A6:F7:6B:D4:28,ON,913789,1780912100217,913794,1780912100222,1054786,1780912099165,27,2026-06-08T09:48:20.5555183Z,,oasis/bottle
,,,0,,,local.mqtt.telegraf,44,45.87,,,08a6f769c348,08a6f769c348-257,257,08:A6:F7:69:C3:48,ON,914069,1780912100497,914073,1780912100501,982526,1780912099186,27,2026-06-08T09:48:20.8255402Z,,oasis/bottle
,,,0,,,local.mqtt.telegraf,45,47,,,2cbcbb0d97a0,2cbcbb0d97a0-255,255,2C:BC:BB:0D:97:A0,ON,915639,1780912102067,915643,1780912102071,1002087,1780912101997,26,2026-06-08T09:48:22.4014253Z,,oasis/bottle
,,,0,,,local.mqtt.telegraf,41,48.77,,,08a6f7bb3c68,08a6f7bb3c68-261,261,08:A6:F7:BB:3C:68,ON,916615,1780912103043,916619,1780912103047,1024477,1780912102457,27,2026-06-08T09:48:23.3463421Z,,oasis/bottle
,,,0,,,local.mqtt.telegraf,43,43.91,,,08a6f76bd428,08a6f76bd428-258,258,08:A6:F7:6B:D4:28,ON,917139,1780912103567,917143,1780912103571,1058136,1780912102515,27,2026-06-08T09:48:23.8958412Z,,oasis/bottle
,,,0,,,local.mqtt.telegraf,44,45.42,,,08a6f769c348,08a6f769c348-258,258,08:A6:F7:69:C3:48,ON,917459,1780912103887,917463,1780912103891,985916,1780912102576,27,2026-06-08T09:48:24.2133014Z,,oasis/bottle
,,,0,,,local.mqtt.telegraf,45,46.5,,,2cbcbb0d97a0,2cbcbb0d97a0-256,256,2C:BC:BB:0D:97:A0,ON,918829,1780912105257,918833,1780912105261,1005277,1780912105187,26,2026-06-08T09:48:25.5970083Z,,oasis/bottle
,,,0,,,local.mqtt.telegraf,42,32.03,,,08a6f75abdf0,08a6f75abdf0-262,262,08:A6:F7:5A:BD:F0,ON,919779,1780912106207,919783,1780912106211,959007,1780912105667,27,2026-06-08T09:48:26.5363663Z,,oasis/bottle
,,,0,,,local.mqtt.telegraf,42,48.69,,,08a6f7bb3c68,08a6f7bb3c68-262,262,08:A6:F7:BB:3C:68,ON,920009,1780912106437,920013,1780912106441,1027886,1780912105866,27,2026-06-08T09:48:26.7602404Z,,oasis/bottle
,,,0,,,local.mqtt.telegraf,43,43.27,,,08a6f76bd428,08a6f76bd428-259,259,08:A6:F7:6B:D4:28,ON,920459,1780912106887,920463,1780912106891,1061456,1780912105835,27,2026-06-08T09:48:27.2151872Z,,oasis/bottle
,,,0,,,local.mqtt.telegraf,44,44.95,,,08a6f769c348,08a6f769c348-259,259,08:A6:F7:69:C3:48,ON,920869,1780912107297,920873,1780912107301,989326,1780912105986,27,2026-06-08T09:48:27.6183578Z,,oasis/bottle
,,,0,,,local.mqtt.telegraf,45,46.19,,,2cbcbb0d97a0,2cbcbb0d97a0-257,257,2C:BC:BB:0D:97:A0,ON,922079,1780912108507,922083,1780912108511,1008527,1780912108427,26,2026-06-08T09:48:28.8423734Z,,oasis/bottle
,,,0,,,local.mqtt.telegraf,42,32.02,,,08a6f75abdf0,08a6f75abdf0-263,263,08:A6:F7:5A:BD:F0,ON,923029,1780912109457,923033,1780912109461,962257,1780912109087,27,2026-06-08T09:48:29.7858639Z,,oasis/bottle
,,,0,,,local.mqtt.telegraf,41,48.62,,,08a6f7bb3c68,08a6f7bb3c68-263,263,08:A6:F7:BB:3C:68,ON,923226,1780912109654,923231,1780912109659,1031097,1780912109047,27,2026-06-08T09:48:29.9833311Z,,oasis/bottle
,,,0,,,local.mqtt.telegraf,43,43.54,,,08a6f76bd428,08a6f76bd428-260,260,08:A6:F7:6B:D4:28,ON,923729,1780912110157,923733,1780912110161,1064726,1780912109106,27,2026-06-08T09:48:30.4913842Z,,oasis/bottle
,,,0,,,local.mqtt.telegraf,44,45.06,,,08a6f769c348,08a6f769c348-260,260,08:A6:F7:69:C3:48,ON,924069,1780912110497,924073,1780912110501,992527,1780912109037,27,2026-06-08T09:48:30.8362431Z,,oasis/bottle
,,,0,,,local.mqtt.telegraf,45,46.35,,,2cbcbb0d97a0,2cbcbb0d97a0-258,258,2C:BC:BB:0D:97:A0,ON,925439,1780912111867,925443,1780912111871,1011886,1780912111786,26,2026-06-08T09:48:32.2202302Z,,oasis/bottle
,,,0,,,local.mqtt.telegraf,42,31.63,,,08a6f75abdf0,08a6f75abdf0-264,264,08:A6:F7:5A:BD:F0,ON,926389,1780912112817,926394,1780912112822,965617,1780912112447,27,2026-06-08T09:48:33.1455208Z,,oasis/bottle
,,,0,,,local.mqtt.telegraf,42,48.12,,,08a6f7bb3c68,08a6f7bb3c68-264,264,08:A6:F7:BB:3C:68,ON,926490,1780912112918,926494,1780912112922,1034370,1780912112320,27,2026-06-08T09:48:33.251888Z,,oasis/bottle
,,,0,,,local.mqtt.telegraf,43,43.05,,,08a6f76bd428,08a6f76bd428-261,261,08:A6:F7:6B:D4:28,ON,926899,1780912113327,926904,1780912113332,1067896,1780912112276,27,2026-06-08T09:48:33.6551845Z,,oasis/bottle
,,,0,,,local.mqtt.telegraf,44,44.48,,,08a6f769c348,08a6f769c348-261,261,08:A6:F7:69:C3:48,ON,927339,1780912113767,927343,1780912113771,995797,1780912112307,27,2026-06-08T09:48:34.0905171Z,,oasis/bottle
,,,0,,,local.mqtt.telegraf,45,46.02,,,2cbcbb0d97a0,2cbcbb0d97a0-259,259,2C:BC:BB:0D:97:A0,ON,928789,1780912115217,928793,1780912115221,1015236,1780912115136,26,2026-06-08T09:48:35.5568857Z,,oasis/bottle
,,,0,,,local.mqtt.telegraf,42,48.11,,,08a6f7bb3c68,08a6f7bb3c68-265,265,08:A6:F7:BB:3C:68,ON,929668,1780912116097,929673,1780912116101,1037546,1780912115496,27,2026-06-08T09:48:36.4335427Z,,oasis/bottle
,,,0,,,local.mqtt.telegraf,42,31.46,,,08a6f75abdf0,08a6f75abdf0-265,265,08:A6:F7:5A:BD:F0,ON,929739,1780912116167,929743,1780912116171,968967,1780912115797,27,2026-06-08T09:48:36.4698418Z,,oasis/bottle
,,,0,,,local.mqtt.telegraf,43,42.98,,,08a6f76bd428,08a6f76bd428-262,262,08:A6:F7:6B:D4:28,ON,930099,1780912116527,930103,1780912116531,1071096,1780912115476,27,2026-06-08T09:48:36.854898Z,,oasis/bottle
,,,0,,,local.mqtt.telegraf,44,44.55,,,08a6f769c348,08a6f769c348-262,262,08:A6:F7:69:C3:48,ON,930749,1780912117177,930753,1780912117181,999206,1780912115716,27,2026-06-08T09:48:37.499702Z,,oasis/bottle
,,,0,,,local.mqtt.telegraf,45,46.03,,,2cbcbb0d97a0,2cbcbb0d97a0-260,260,2C:BC:BB:0D:97:A0,ON,932109,1780912118537,932113,1780912118541,1018557,1780912118467,26,2026-06-08T09:48:38.867824Z,,oasis/bottle
,,,0,,,local.mqtt.telegraf,42,48.12,,,08a6f7bb3c68,08a6f7bb3c68-266,266,08:A6:F7:BB:3C:68,ON,932889,1780912119317,932893,1780912119321,1040766,1780912119086,27,2026-06-08T09:48:39.6707073Z,,oasis/bottle
,,,0,,,local.mqtt.telegraf,42,31.16,,,08a6f75abdf0,08a6f75abdf0-266,266,08:A6:F7:5A:BD:F0,ON,933059,1780912119487,933063,1780912119491,972287,1780912119187,27,2026-06-08T09:48:39.8052508Z,,oasis/bottle
,,,0,,,local.mqtt.telegraf,43,43.01,,,08a6f76bd428,08a6f76bd428-263,263,08:A6:F7:6B:D4:28,ON,933369,1780912119797,933373,1780912119801,1074366,1780912119136,27,2026-06-08T09:48:40.121273Z,,oasis/bottle
,,,0,,,local.mqtt.telegraf,44,44.58,,,08a6f769c348,08a6f769c348-263,263,08:A6:F7:69:C3:48,ON,933949,1780912120377,933953,1780912120381,1002406,1780912119066,27,2026-06-08T09:48:40.7119928Z,,oasis/bottle
,,,0,,,local.mqtt.telegraf,45,45.72,,,2cbcbb0d97a0,2cbcbb0d97a0-261,261,2C:BC:BB:0D:97:A0,ON,935379,1780912121807,935383,1780912121811,1021827,1780912121737,26,2026-06-08T09:48:42.1550612Z,,oasis/bottle
,,,0,,,local.mqtt.telegraf,41,48.04,,,08a6f7bb3c68,08a6f7bb3c68-267,267,08:A6:F7:BB:3C:68,ON,936199,1780912122627,936203,1780912122631,1044076,1780912122396,27,2026-06-08T09:48:42.959454Z,,oasis/bottle
,,,0,,,local.mqtt.telegraf,42,31.16,,,08a6f75abdf0,08a6f75abdf0-267,267,08:A6:F7:5A:BD:F0,ON,936329,1780912122757,936334,1780912122762,975560,1780912122460,27,2026-06-08T09:48:43.0937528Z,,oasis/bottle
,,,0,,,local.mqtt.telegraf,42,42.76,,,08a6f76bd428,08a6f76bd428-264,264,08:A6:F7:6B:D4:28,ON,936779,1780912123207,936783,1780912123211,1077776,1780912122546,27,2026-06-08T09:48:43.5451013Z,,oasis/bottle
,,,0,,,local.mqtt.telegraf,44,44.31,,,08a6f769c348,08a6f769c348-264,264,08:A6:F7:69:C3:48,ON,937219,1780912123647,937223,1780912123651,1005677,1780912122337,27,2026-06-08T09:48:43.9653618Z,,oasis/bottle
,,,0,,,local.mqtt.telegraf,45,45.89,,,2cbcbb0d97a0,2cbcbb0d97a0-262,262,2C:BC:BB:0D:97:A0,ON,938789,1780912125217,938793,1780912125221,1025236,1780912125146,26,2026-06-08T09:48:45.5506649Z,,oasis/bottle
,,,0,,,local.mqtt.telegraf,41,48.12,,,08a6f7bb3c68,08a6f7bb3c68-268,268,08:A6:F7:BB:3C:68,ON,939439,1780912125867,939443,1780912125871,1047316,1780912125636,27,2026-06-08T09:48:46.1973582Z,,oasis/bottle
,,,0,,,local.mqtt.telegraf,42,31.16,,,08a6f75abdf0,08a6f75abdf0-268,268,08:A6:F7:5A:BD:F0,ON,939502,1780912125930,939506,1780912125934,978727,1780912125627,27,2026-06-08T09:48:46.2350138Z,,oasis/bottle
,,,0,,,local.mqtt.telegraf,42,42.78,,,08a6f76bd428,08a6f76bd428-265,265,08:A6:F7:6B:D4:28,ON,939989,1780912126417,939993,1780912126421,1080986,1780912125756,27,2026-06-08T09:48:46.7526181Z,,oasis/bottle
,,,0,,,local.mqtt.telegraf,44,44.23,,,08a6f769c348,08a6f769c348-265,265,08:A6:F7:69:C3:48,ON,940629,1780912127057,940633,1780912127061,1009086,1780912125746,27,2026-06-08T09:48:47.3831095Z,,oasis/bottle
,,,0,,,local.mqtt.telegraf,45,46.06,,,2cbcbb0d97a0,2cbcbb0d97a0-263,263,2C:BC:BB:0D:97:A0,ON,941989,1780912128417,941993,1780912128421,1028437,1780912128335,26,2026-06-08T09:48:48.7555844Z,,oasis/bottle
,,,0,,,local.mqtt.telegraf,42,31.13,,,08a6f75abdf0,08a6f75abdf0-269,269,08:A6:F7:5A:BD:F0,ON,942699,1780912129127,942703,1780912129131,981927,1780912129035,27,2026-06-08T09:48:49.4447164Z,,oasis/bottle
,,,0,,,local.mqtt.telegraf,41,47.92,,,08a6f7bb3c68,08a6f7bb3c68-269,269,08:A6:F7:BB:3C:68,ON,942790,1780912129218,942794,1780912129222,1050666,1780912129144,28,2026-06-08T09:48:49.551921Z,,oasis/bottle
,,,0,,,local.mqtt.telegraf,42,42.85,,,08a6f76bd428,08a6f76bd428-266,266,08:A6:F7:6B:D4:28,ON,943269,1780912129697,943273,1780912129701,1084266,1780912129184,27,2026-06-08T09:48:50.0309954Z,,oasis/bottle
,,,0,,,local.mqtt.telegraf,44,44.28,,,08a6f769c348,08a6f769c348-266,266,08:A6:F7:69:C3:48,ON,943829,1780912130257,943833,1780912130261,1012286,1780912129104,27,2026-06-08T09:48:50.8851663Z,,oasis/bottle
,,,0,,,local.mqtt.telegraf,45,45.77,,,2cbcbb0d97a0,2cbcbb0d97a0-264,264,2C:BC:BB:0D:97:A0,ON,945259,1780912131687,945263,1780912131691,1031707,1780912131605,26,2026-06-08T09:48:52.0173977Z,,oasis/bottle
,,,0,,,local.mqtt.telegraf,42,31.13,,,08a6f75abdf0,08a6f75abdf0-270,270,08:A6:F7:5A:BD:F0,ON,945969,1780912132397,945973,1780912132401,985197,1780912132305,27,2026-06-08T09:48:52.7298743Z,,oasis/bottle
,,,0,,,local.mqtt.telegraf,42,48.12,,,08a6f7bb3c68,08a6f7bb3c68-270,270,08:A6:F7:BB:3C:68,ON,946119,1780912132547,946123,1780912132551,1053996,1780912132474,27,2026-06-08T09:48:52.873866Z,,oasis/bottle
,,,0,,,local.mqtt.telegraf,43,42.72,,,08a6f76bd428,08a6f76bd428-267,267,08:A6:F7:6B:D4:28,ON,946459,1780912132887,946464,1780912132892,1087456,1780912132374,27,2026-06-08T09:48:53.2189816Z,,oasis/bottle
,,,0,,,local.mqtt.telegraf,44,44.5,,,08a6f769c348,08a6f769c348-267,267,08:A6:F7:69:C3:48,ON,947099,1780912133527,947103,1780912133531,1015556,1780912132374,27,2026-06-08T09:48:53.8551444Z,,oasis/bottle
,,,0,,,local.mqtt.telegraf,45,45.97,,,2cbcbb0d97a0,2cbcbb0d97a0-265,265,2C:BC:BB:0D:97:A0,ON,948669,1780912135097,948673,1780912135101,1035117,1780912135015,26,2026-06-08T09:48:55.4278364Z,,oasis/bottle
,,,0,,,local.mqtt.telegraf,42,31.25,,,08a6f75abdf0,08a6f75abdf0-271,271,08:A6:F7:5A:BD:F0,ON,949139,1780912135567,949143,1780912135571,988366,1780912135474,27,2026-06-08T09:48:55.8949478Z,,oasis/bottle
,,,0,,,local.mqtt.telegraf,42,47.8,,,08a6f7bb3c68,08a6f7bb3c68-271,271,08:A6:F7:BB:3C:68,ON,949419,1780912135847,949423,1780912135851,1057296,1780912135774,27,2026-06-08T09:48:56.1779417Z,,oasis/bottle
,,,0,,,local.mqtt.telegraf,43,42.76,,,08a6f76bd428,08a6f76bd428-268,268,08:A6:F7:6B:D4:28,ON,949698,1780912136127,949703,1780912136131,1090696,1780912135614,27,2026-06-08T09:48:56.4549402Z,,oasis/bottle
,,,0,,,local.mqtt.telegraf,44,44.47,,,08a6f769c348,08a6f769c348-268,268,08:A6:F7:69:C3:48,ON,950499,1780912136927,950503,1780912136931,1018956,1780912135774,27,2026-06-08T09:48:57.2592642Z,,oasis/bottle
,,,0,,,local.mqtt.telegraf,45,46.03,,,2cbcbb0d97a0,2cbcbb0d97a0-266,266,2C:BC:BB:0D:97:A0,ON,951869,1780912138297,951881,1780912138309,1038317,1780912138215,26,2026-06-08T09:48:58.6398637Z,,oasis/bottle
,,,0,,,local.mqtt.telegraf,42,31.16,,,08a6f75abdf0,08a6f75abdf0-272,272,08:A6:F7:5A:BD:F0,ON,952339,1780912138767,952343,1780912138771,991567,1780912138686,27,2026-06-08T09:48:59.0976467Z,,oasis/bottle
,,,0,,,local.mqtt.telegraf,41,48.35,,,08a6f7bb3c68,08a6f7bb3c68-272,272,08:A6:F7:BB:3C:68,ON,952629,1780912139057,952633,1780912139061,1060506,1780912138995,28,2026-06-08T09:48:59.3849766Z,,oasis/bottle
,,,0,,,local.mqtt.telegraf,43,42.86,,,08a6f76bd428,08a6f76bd428-269,269,08:A6:F7:6B:D4:28,ON,953049,1780912139477,953053,1780912139481,1094046,1780912139295,27,2026-06-08T09:48:59.809819Z,,oasis/bottle
,,,0,,,local.mqtt.telegraf,44,44.44,,,08a6f769c348,08a6f769c348-269,269,08:A6:F7:69:C3:48,ON,953689,1780912140117,953693,1780912140121,1022146,1780912139135,27,2026-06-08T09:49:00.4539888Z,,oasis/bottle
,,,0,,,local.mqtt.telegraf,45,46.07,,,2cbcbb0d97a0,2cbcbb0d97a0-267,267,2C:BC:BB:0D:97:A0,ON,955139,1780912141567,955143,1780912141571,1041587,1780912139216,26,2026-06-08T09:49:01.9081521Z,,oasis/bottle
,,,0,,,local.mqtt.telegraf,42,30.99,,,08a6f75abdf0,08a6f75abdf0-273,273,08:A6:F7:5A:BD:F0,ON,955609,1780912142037,955613,1780912142041,994837,1780912141956,27,2026-06-08T09:49:02.3618221Z,,oasis/bottle
,,,0,,,local.mqtt.telegraf,42,47.92,,,08a6f7bb3c68,08a6f7bb3c68-273,273,08:A6:F7:BB:3C:68,ON,955919,1780912142347,955923,1780912142351,1063796,1780912142285,27,2026-06-08T09:49:02.6778585Z,,oasis/bottle
,,,0,,,local.mqtt.telegraf,43,42.76,,,08a6f76bd428,08a6f76bd428-270,270,08:A6:F7:6B:D4:28,ON,956379,1780912142807,956383,1780912142811,1097376,1780912142625,27,2026-06-08T09:49:03.1349194Z,,oasis/bottle
,,,0,,,local.mqtt.telegraf,44,44.54,,,08a6f769c348,08a6f769c348-270,270,08:A6:F7:69:C3:48,ON,956929,1780912143357,956933,1780912143361,1025386,1780912142375,27,2026-06-08T09:49:03.674859Z,,oasis/bottle
,,,0,,,local.mqtt.telegraf,45,46.19,,,2cbcbb0d97a0,2cbcbb0d97a0-268,268,2C:BC:BB:0D:97:A0,ON,958539,1780912144967,958544,1780912144972,1044987,1780912142616,26,2026-06-08T09:49:05.3096621Z,,oasis/bottle
,,,0,,,local.mqtt.telegraf,42,21.03,,,08a6f75abdf0,08a6f75abdf0-274,274,08:A6:F7:5A:BD:F0,ON,959019,1780912145447,959023,1780912145451,998247,1780912145366,27,2026-06-08T09:49:05.7745456Z,,oasis/bottle
,,,0,,,local.mqtt.telegraf,41,45.49,,,08a6f7bb3c68,08a6f7bb3c68-274,274,08:A6:F7:BB:3C:68,ON,959119,1780912145547,959123,1780912145552,1066996,1780912145485,27,2026-06-08T09:49:05.8645711Z,,oasis/bottle
,,,0,,,local.mqtt.telegraf,43,41.73,,,08a6f76bd428,08a6f76bd428-271,271,08:A6:F7:6B:D4:28,ON,959659,1780912146087,959663,1780912146091,1100656,1780912145905,27,2026-06-08T09:49:06.4273939Z,,oasis/bottle
,,,0,,,local.mqtt.telegraf,44,44.2,,,08a6f769c348,08a6f769c348-271,271,08:A6:F7:69:C3:48,ON,960279,1780912146707,960284,1780912146712,1028736,1780912145725,27,2026-06-08T09:49:07.0420219Z,,oasis/bottle
,,,0,,,local.mqtt.telegraf,45,45.87,,,2cbcbb0d97a0,2cbcbb0d97a0-269,269,2C:BC:BB:0D:97:A0,ON,961729,1780912148157,961733,1780912148161,1048177,1780912145806,26,2026-06-08T09:49:08.5198976Z,,oasis/bottle
,,,0,,,local.mqtt.telegraf,43,30.88,,,08a6f75abdf0,08a6f75abdf0-275,275,08:A6:F7:5A:BD:F0,ON,962219,1780912148647,962223,1780912148651,1001447,1780912148567,27,2026-06-08T09:49:08.9782569Z,,oasis/bottle
,,,0,,,local.mqtt.telegraf,42,48.06,,,08a6f7bb3c68,08a6f7bb3c68-275,275,08:A6:F7:BB:3C:68,ON,962379,1780912148807,962383,1780912148811,1070260,1780912148750,27,2026-06-08T09:49:09.134836Z,,oasis/bottle
,,,0,,,local.mqtt.telegraf,43,42.63,,,08a6f76bd428,08a6f76bd428-272,272,08:A6:F7:6B:D4:28,ON,962849,1780912149277,962853,1780912149281,1103846,1780912149166,27,2026-06-08T09:49:09.6027202Z,,oasis/bottle
,,,0,,,local.mqtt.telegraf,44,44.12,,,08a6f769c348,08a6f769c348-272,272,08:A6:F7:69:C3:48,ON,963609,1780912150037,963613,1780912150041,1032066,1780912149306,27,2026-06-08T09:49:10.3651921Z,,oasis/bottle
,,,0,,,local.mqtt.telegraf,45,45.73,,,2cbcbb0d97a0,2cbcbb0d97a0-270,270,2C:BC:BB:0D:97:A0,ON,964979,1780912151407,964983,1780912151411,1051427,1780912149227,26,2026-06-08T09:49:11.7447457Z,,oasis/bottle
,,,0,,,local.mqtt.telegraf,44,30.29,,,08a6f75abdf0,08a6f75abdf0-276,276,08:A6:F7:5A:BD:F0,ON,965489,1780912151917,965493,1780912151921,1004717,1780912151837,27,2026-06-08T09:49:12.2559449Z,,oasis/bottle
,,,0,,,local.mqtt.telegraf,42,47.92,,,08a6f7bb3c68,08a6f7bb3c68-276,276,08:A6:F7:BB:3C:68,ON,965779,1780912152207,965783,1780912152211,1073656,1780912152146,28,2026-06-08T09:49:12.5262765Z,,oasis/bottle
,,,0,,,local.mqtt.telegraf,43,42.27,,,08a6f76bd428,08a6f76bd428-273,273,08:A6:F7:6B:D4:28,ON,966099,1780912152527,966103,1780912152531,1107096,1780912152416,27,2026-06-08T09:49:12.8500095Z,,oasis/bottle
,,,0,,,local.mqtt.telegraf,44,44.08,,,08a6f769c348,08a6f769c348-273,273,08:A6:F7:69:C3:48,ON,966889,1780912153317,966893,1780912153321,1035346,1780912152586,27,2026-06-08T09:49:13.6363517Z,,oasis/bottle
,,,0,,,local.mqtt.telegraf,46,45.69,,,2cbcbb0d97a0,2cbcbb0d97a0-271,271,2C:BC:BB:0D:97:A0,ON,968349,1780912154777,968353,1780912154781,1054796,1780912152596,26,2026-06-08T09:49:15.1137595Z,,oasis/bottle
,,,0,,,local.mqtt.telegraf,44,29.87,,,08a6f75abdf0,08a6f75abdf0-277,277,08:A6:F7:5A:BD:F0,ON,968659,1780912155087,968663,1780912155091,1007886,1780912155006,27,2026-06-08T09:49:15.4136054Z,,oasis/bottle
,,,0,,,local.mqtt.telegraf,43,47.59,,,08a6f7bb3c68,08a6f7bb3c68-277,277,08:A6:F7:BB:3C:68,ON,968959,1780912155387,968963,1780912155391,1076836,1780912155326,27,2026-06-08T09:49:15.7176863Z,,oasis/bottle
,,,0,,,local.mqtt.telegraf,43,42.27,,,08a6f76bd428,08a6f76bd428-274,274,08:A6:F7:6B:D4:28,ON,969459,1780912155887,969463,1780912155891,1110456,1780912155776,27,2026-06-08T09:49:16.2087278Z,,oasis/bottle
,,,0,,,local.mqtt.telegraf,44,44.08,,,08a6f769c348,08a6f769c348-274,274,08:A6:F7:69:C3:48,ON,970079,1780912156507,970083,1780912156511,1038536,1780912155776,27,2026-06-08T09:49:16.8292712Z,,oasis/bottle
,,,0,,,local.mqtt.telegraf,46,45.56,,,2cbcbb0d97a0,2cbcbb0d97a0-272,272,2C:BC:BB:0D:97:A0,ON,971709,1780912158137,971713,1780912158141,1058156,1780912155956,26,2026-06-08T09:49:18.4719132Z,,oasis/bottle
,,,0,,,local.mqtt.telegraf,44,29.87,,,08a6f75abdf0,08a6f75abdf0-278,278,08:A6:F7:5A:BD:F0,ON,971859,1780912158287,971863,1780912158291,1011086,1780912158206,27,2026-06-08T09:49:18.6163675Z,,oasis/bottle
,,,0,,,local.mqtt.telegraf,43,47.84,,,08a6f7bb3c68,08a6f7bb3c68-278,278,08:A6:F7:BB:3C:68,ON,972189,1780912158617,972193,1780912158621,1080067,1780912158557,27,2026-06-08T09:49:18.937363Z,,oasis/bottle
,,,0,,,local.mqtt.telegraf,43,42.23,,,08a6f76bd428,08a6f76bd428-275,275,08:A6:F7:6B:D4:28,ON,972809,1780912159237,972813,1780912159241,1113807,1780912159166,27,2026-06-08T09:49:19.5644356Z,,oasis/bottle
,,,0,,,local.mqtt.telegraf,44,43.97,,,08a6f769c348,08a6f769c348-275,275,08:A6:F7:69:C3:48,ON,973329,1780912159757,973333,1780912159761,1041786,1780912159256,27,2026-06-08T09:49:20.0749689Z,,oasis/bottle
,,,0,,,local.mqtt.telegraf,46,45.44,,,2cbcbb0d97a0,2cbcbb0d97a0-273,273,2C:BC:BB:0D:97:A0,ON,975059,1780912161487,975063,1780912161491,1061506,1780912159356,26,2026-06-08T09:49:21.8202791Z,,oasis/bottle
,,,0,,,local.mqtt.telegraf,45,30.11,,,08a6f75abdf0,08a6f75abdf0-279,279,08:A6:F7:5A:BD:F0,ON,975129,1780912161557,975134,1780912161562,1014356,1780912159276,27,2026-06-08T09:49:21.8548245Z,,oasis/bottle
,,,0,,,local.mqtt.telegraf,43,47.48,,,08a6f7bb3c68,08a6f7bb3c68-279,279,08:A6:F7:BB:3C:68,ON,975509,1780912161937,975513,1780912161941,1083386,1780912161876,27,2026-06-08T09:49:22.2675959Z,,oasis/bottle
,,,0,,,local.mqtt.telegraf,43,42.17,,,08a6f76bd428,08a6f76bd428-276,276,08:A6:F7:6B:D4:28,ON,976129,1780912162557,976133,1780912162561,1117126,1780912162485,27,2026-06-08T09:49:22.8896536Z,,oasis/bottle
,,,0,,,local.mqtt.telegraf,44,44.04,,,08a6f769c348,08a6f769c348-276,276,08:A6:F7:69:C3:48,ON,976689,1780912163117,976693,1780912163121,1045146,1780912162616,27,2026-06-08T09:49:23.4446599Z,,oasis/bottle
,,,0,,,local.mqtt.telegraf,46,45.29,,,2cbcbb0d97a0,2cbcbb0d97a0-274,274,2C:BC:BB:0D:97:A0,ON,978389,1780912164817,978393,1780912164821,1064836,1780912162686,26,2026-06-08T09:49:25.1535143Z,,oasis/bottle
,,,0,,,local.mqtt.telegraf,45,30.14,,,08a6f75abdf0,08a6f75abdf0-280,280,08:A6:F7:5A:BD:F0,ON,978539,1780912164967,978543,1780912164971,1017767,1780912162687,27,2026-06-08T09:49:25.3287749Z,,oasis/bottle
,,,0,,,local.mqtt.telegraf,43,47.53,,,08a6f7bb3c68,08a6f7bb3c68-280,280,08:A6:F7:BB:3C:68,ON,978779,1780912165207,978783,1780912165211,1086659,1780912165149,27,2026-06-08T09:49:25.5349372Z,,oasis/bottle
,,,0,,,local.mqtt.telegraf,43,42.29,,,08a6f76bd428,08a6f76bd428-277,277,08:A6:F7:6B:D4:28,ON,979399,1780912165827,979403,1780912165831,1120397,1780912165756,27,2026-06-08T09:49:26.1614407Z,,oasis/bottle
,,,0,,,local.mqtt.telegraf,44,43.83,,,08a6f769c348,08a6f769c348-277,277,08:A6:F7:69:C3:48,ON,980039,1780912166467,980043,1780912166472,1048496,1780912165966,27,2026-06-08T09:49:26.794754Z,,oasis/bottle
,,,0,,,local.mqtt.telegraf,46,45.36,,,2cbcbb0d97a0,2cbcbb0d97a0-275,275,2C:BC:BB:0D:97:A0,ON,981659,1780912168087,981663,1780912168091,1068110,1780912165960,26,2026-06-08T09:49:28.4194576Z,,oasis/bottle
,,,0,,,local.mqtt.telegraf,45,30.27,,,08a6f75abdf0,08a6f75abdf0-281,281,08:A6:F7:5A:BD:F0,ON,981739,1780912168167,981743,1780912168171,1020966,1780912165886,27,2026-06-08T09:49:28.4994413Z,,oasis/bottle
,,,0,,,local.mqtt.telegraf,43,47.51,,,08a6f7bb3c68,08a6f7bb3c68-281,281,08:A6:F7:BB:3C:68,ON,981949,1780912168377,981953,1780912168381,1089827,1780912168317,27,2026-06-08T09:49:28.7018109Z,,oasis/bottle
,,,0,,,local.mqtt.telegraf,43,42.36,,,08a6f76bd428,08a6f76bd428-278,278,08:A6:F7:6B:D4:28,ON,982569,1780912168997,982573,1780912169001,1123567,1780912168926,27,2026-06-08T09:49:29.3237252Z,,oasis/bottle
,,,0,,,local.mqtt.telegraf,44,43.85,,,08a6f769c348,08a6f769c348-278,278,08:A6:F7:69:C3:48,ON,983369,1780912169797,983373,1780912169801,1051826,1780912169366,27,2026-06-08T09:49:30.1146694Z,,oasis/bottle
,,,0,,,local.mqtt.telegraf,46,45.38,,,2cbcbb0d97a0,2cbcbb0d97a0-276,276,2C:BC:BB:0D:97:A0,ON,984839,1780912171267,984843,1780912171271,1071287,1780912169217,26,2026-06-08T09:49:31.6207883Z,,oasis/bottle
,,,0,,,local.mqtt.telegraf,45,30.09,,,08a6f75abdf0,08a6f75abdf0-282,282,08:A6:F7:5A:BD:F0,ON,985019,1780912171447,985023,1780912171451,1024247,1780912169317,27,2026-06-08T09:49:31.7755268Z,,oasis/bottle
,,,0,,,local.mqtt.telegraf,43,47.28,,,08a6f7bb3c68,08a6f7bb3c68-282,282,08:A6:F7:BB:3C:68,ON,985149,1780912171577,985154,1780912171582,1093027,1780912169237,27,2026-06-08T09:49:31.9088077Z,,oasis/bottle
,,,0,,,local.mqtt.telegraf,43,42.36,,,08a6f76bd428,08a6f76bd428-279,279,08:A6:F7:6B:D4:28,ON,985769,1780912172197,985773,1780912172201,1126766,1780912172125,27,2026-06-08T09:49:32.5246756Z,,oasis/bottle
,,,0,,,local.mqtt.telegraf,44,44.05,,,08a6f769c348,08a6f769c348-279,279,08:A6:F7:69:C3:48,ON,986649,1780912173077,986653,1780912173081,1055106,1780912172646,27,2026-06-08T09:49:33.3948573Z,,oasis/bottle
,,,0,,,local.mqtt.telegraf,46,45.42,,,2cbcbb0d97a0,2cbcbb0d97a0-277,277,2C:BC:BB:0D:97:A0,ON,988059,1780912174487,988063,1780912174491,1074506,1780912172436,26,2026-06-08T09:49:34.8145596Z,,oasis/bottle
,,,0,,,local.mqtt.telegraf,44,30.1,,,08a6f75abdf0,08a6f75abdf0-283,283,08:A6:F7:5A:BD:F0,ON,988199,1780912174627,988203,1780912174631,1027426,1780912172496,27,2026-06-08T09:49:34.9545991Z,,oasis/bottle
,,,0,,,local.mqtt.telegraf,43,47.69,,,08a6f7bb3c68,08a6f7bb3c68-283,283,08:A6:F7:BB:3C:68,ON,988419,1780912174847,988423,1780912174851,1096297,1780912172507,27,2026-06-08T09:49:35.174749Z,,oasis/bottle
,,,0,,,local.mqtt.telegraf,43,42.2,,,08a6f76bd428,08a6f76bd428-280,280,08:A6:F7:6B:D4:28,ON,989039,1780912175467,989043,1780912175471,1130037,1780912175396,27,2026-06-08T09:49:35.7941821Z,,oasis/bottle
,,,0,,,local.mqtt.telegraf,44,43.81,,,08a6f769c348,08a6f769c348-280,280,08:A6:F7:69:C3:48,ON,989838,1780912176267,989843,1780912176271,1058296,1780912175836,27,2026-06-08T09:49:36.5950549Z,,oasis/bottle
,,,0,,,local.mqtt.telegraf,46,45.32,,,2cbcbb0d97a0,2cbcbb0d97a0-278,278,2C:BC:BB:0D:97:A0,ON,991369,1780912177797,991373,1780912177801,1077816,1780912175746,26,2026-06-08T09:49:38.1247402Z,,oasis/bottle
,,,0,,,local.mqtt.telegraf,44,29.87,,,08a6f75abdf0,08a6f75abdf0-284,284,08:A6:F7:5A:BD:F0,ON,991418,1780912177847,991423,1780912177851,1030646,1780912175716,27,2026-06-08T09:49:38.1714749Z,,oasis/bottle
,,,0,,,local.mqtt.telegraf,43,47.4,,,08a6f7bb3c68,08a6f7bb3c68-284,284,08:A6:F7:BB:3C:68,ON,991829,1780912178257,991833,1780912178261,1099706,1780912175916,27,2026-06-08T09:49:38.5819633Z,,oasis/bottle
,,,0,,,local.mqtt.telegraf,43,42.12,,,08a6f76bd428,08a6f76bd428-281,281,08:A6:F7:6B:D4:28,ON,992449,1780912178877,992453,1780912178881,1133447,1780912178806,27,2026-06-08T09:49:39.1947263Z,,oasis/bottle
,,,0,,,local.mqtt.telegraf,44,43.64,,,08a6f769c348,08a6f769c348-281,281,08:A6:F7:69:C3:48,ON,993079,1780912179507,993083,1780912179511,1061536,1780912179306,27,2026-06-08T09:49:39.8331449Z,,oasis/bottle
,,,0,,,local.mqtt.telegraf,46,45.09,,,2cbcbb0d97a0,2cbcbb0d97a0-279,279,2C:BC:BB:0D:97:A0,ON,994626,1780912181054,994631,1780912181059,1081067,1780912179317,26,2026-06-08T09:49:41.3873567Z,,oasis/bottle
,,,0,,,local.mqtt.telegraf,44,29.86,,,08a6f75abdf0,08a6f75abdf0-285,285,08:A6:F7:5A:BD:F0,ON,994739,1780912181167,994743,1780912181172,1033966,1780912179386,27,2026-06-08T09:49:41.4932184Z,,oasis/bottle
,,,0,,,local.mqtt.telegraf,43,47.52,,,08a6f7bb3c68,08a6f7bb3c68-285,285,08:A6:F7:BB:3C:68,ON,995029,1780912181457,995033,1780912181461,1102907,1780912179267,27,2026-06-08T09:49:41.7810571Z,,oasis/bottle
,,,0,,,local.mqtt.telegraf,43,42.12,,,08a6f76bd428,08a6f76bd428-282,282,08:A6:F7:6B:D4:28,ON,995659,1780912182087,995663,1780912182091,1136656,1780912182015,27,2026-06-08T09:49:42.4156099Z,,oasis/bottle
,,,0,,,local.mqtt.telegraf,44,43.96,,,08a6f769c348,08a6f769c348-282,282,08:A6:F7:69:C3:48,ON,996439,1780912182867,996443,1780912182871,1064896,1780912182666,27,2026-06-08T09:49:43.2283377Z,,oasis/bottle
,,,0,,,local.mqtt.telegraf,44,29.71,,,08a6f75abdf0,08a6f75abdf0-286,286,08:A6:F7:5A:BD:F0,ON,998007,1780912184435,998011,1780912184439,1037226,1780912182646,27,2026-06-08T09:49:44.7444351Z,,oasis/bottle
,,,0,,,local.mqtt.telegraf,43,47.52,,,08a6f7bb3c68,08a6f7bb3c68-286,286,08:A6:F7:BB:3C:68,ON,998299,1780912184727,998303,1780912184731,1106177,1780912182537,27,2026-06-08T09:49:45.0582535Z,,oasis/bottle
,,,0,,,local.mqtt.telegraf,43,42.09,,,08a6f76bd428,08a6f76bd428-283,283,08:A6:F7:6B:D4:28,ON,998939,1780912185367,998943,1780912185371,1139936,1780912185295,27,2026-06-08T09:49:45.6924809Z,,oasis/bottle
,,,0,,,local.mqtt.telegraf,44,43.84,,,08a6f769c348,08a6f769c348-283,283,08:A6:F7:69:C3:48,ON,999778,1780912186207,999783,1780912186211,1068236,1780912186006,27,2026-06-08T09:49:46.5524407Z,,oasis/bottle
,,,0,,,local.mqtt.telegraf,46,45.3,,,2cbcbb0d97a0,2cbcbb0d97a0-281,281,2C:BC:BB:0D:97:A0,ON,1001329,1780912187757,1001333,1780912187761,1087777,1780912186027,26,2026-06-08T09:49:48.0931096Z,,oasis/bottle
,,,0,,,local.mqtt.telegraf,44,29.52,,,08a6f75abdf0,08a6f75abdf0-287,287,08:A6:F7:5A:BD:F0,ON,1001378,1780912187806,1001383,1780912187811,1040607,1780912186027,27,2026-06-08T09:49:48.1315295Z,,oasis/bottle
,,,0,,,local.mqtt.telegraf,43,47.65,,,08a6f7bb3c68,08a6f7bb3c68-287,287,08:A6:F7:BB:3C:68,ON,1001709,1780912188137,1001713,1780912188141,1109586,1780912185946,27,2026-06-08T09:49:48.4660635Z,,oasis/bottle
,,,0,,,local.mqtt.telegraf,43,41.95,,,08a6f76bd428,08a6f76bd428-284,284,08:A6:F7:6B:D4:28,ON,1002119,1780912188547,1002123,1780912188551,1143117,1780912188476,27,2026-06-08T09:49:48.8744033Z,,oasis/bottle
,,,0,,,local.mqtt.telegraf,44,43.64,,,08a6f769c348,08a6f769c348-284,284,08:A6:F7:69:C3:48,ON,1003089,1780912189517,1003094,1780912189522,1071546,1780912189406,27,2026-06-08T09:49:49.8458294Z,,oasis/bottle
,,,0,,,local.mqtt.telegraf,46,45.1,,,2cbcbb0d97a0,2cbcbb0d97a0-282,282,2C:BC:BB:0D:97:A0,ON,1004649,1780912191077,1004653,1780912191081,1091097,1780912189417,26,2026-06-08T09:49:51.4146977Z,,oasis/bottle
,,,0,,,local.mqtt.telegraf,43,29.59,,,08a6f75abdf0,08a6f75abdf0-288,288,08:A6:F7:5A:BD:F0,ON,1004769,1780912191197,1004773,1780912191201,1043997,1780912189487,27,2026-06-08T09:49:51.5247739Z,,oasis/bottle
,,,0,,,local.mqtt.telegraf,42,47.32,,,08a6f7bb3c68,08a6f7bb3c68-288,288,08:A6:F7:BB:3C:68,ON,1004909,1780912191337,1004913,1780912191341,1112787,1780912189297,27,2026-06-08T09:49:51.6646384Z,,oasis/bottle
,,,0,,,local.mqtt.telegraf,43,41.82,,,08a6f76bd428,08a6f76bd428-285,285,08:A6:F7:6B:D4:28,ON,1005349,1780912191777,1005353,1780912191781,1146346,1780912191705,27,2026-06-08T09:49:52.103393Z,,oasis/bottle
,,,0,,,local.mqtt.telegraf,44,43.84,,,08a6f769c348,08a6f769c348-285,285,08:A6:F7:69:C3:48,ON,1006329,1780912192757,1006333,1780912192761,1074786,1780912192646,27,2026-06-08T09:49:53.084433Z,,oasis/bottle
,,,0,,,local.mqtt.telegraf,46,45.13,,,2cbcbb0d97a0,2cbcbb0d97a0-283,283,2C:BC:BB:0D:97:A0,ON,1007919,1780912194347,1007923,1780912194351,1094367,1780912192687,26,2026-06-08T09:49:54.692324Z,,oasis/bottle
,,,0,,,local.mqtt.telegraf,42,47.59,,,08a6f7bb3c68,08a6f7bb3c68-289,289,08:A6:F7:BB:3C:68,ON,1008203,1780912194631,1008208,1780912194636,1116057,1780912192567,27,2026-06-08T09:49:54.9361125Z,,oasis/bottle
,,,0,,,local.mqtt.telegraf,43,41.89,,,08a6f76bd428,08a6f76bd428-286,286,08:A6:F7:6B:D4:28,ON,1008679,1780912195107,1008683,1780912195111,1149676,1780912195035,27,2026-06-08T09:49:55.4342722Z,,oasis/bottle
,,,0,,,local.mqtt.telegraf,44,43.76,,,08a6f769c348,08a6f769c348-286,286,08:A6:F7:69:C3:48,ON,1009679,1780912196107,1009683,1780912196111,1078136,1780912195996,27,2026-06-08T09:49:56.4389682Z,,oasis/bottle
,,,0,,,local.mqtt.telegraf,46,45.06,,,2cbcbb0d97a0,2cbcbb0d97a0-284,284,2C:BC:BB:0D:97:A0,ON,1011089,1780912197517,1011093,1780912197521,1097537,1780912195857,26,2026-06-08T09:49:57.8507912Z,,oasis/bottle
,,,0,,,local.mqtt.telegraf,43,29.44,,,08a6f75abdf0,08a6f75abdf0-290,290,08:A6:F7:5A:BD:F0,ON,1011359,1780912197787,1011363,1780912197791,1050587,1780912196077,27,2026-06-08T09:49:58.1146917Z,,oasis/bottle
,,,0,,,local.mqtt.telegraf,42,47.02,,,08a6f7bb3c68,08a6f7bb3c68-290,290,08:A6:F7:BB:3C:68,ON,1011589,1780912198017,1011593,1780912198021,1119466,1780912195976,27,2026-06-08T09:49:58.3446331Z,,oasis/bottle
,,,0,,,local.mqtt.telegraf,43,41.64,,,08a6f76bd428,08a6f76bd428-287,287,08:A6:F7:6B:D4:28,ON,1011969,1780912198397,1011973,1780912198401,1152966,1780912198325,27,2026-06-08T09:49:58.7246456Z,,oasis/bottle
,,,0,,,local.mqtt.telegraf,44,43.64,,,08a6f769c348,08a6f769c348-287,287,08:A6:F7:69:C3:48,ON,1012999,1780912199427,1013003,1780912199431,1081456,1780912199335,27,2026-06-08T09:49:59.7606137Z,,oasis/bottle
,,,0,,,local.mqtt.telegraf,46,45.14,,,2cbcbb0d97a0,2cbcbb0d97a0-285,285,2C:BC:BB:0D:97:A0,ON,1014289,1780912200717,1014293,1780912200721,1100737,1780912199326,26,2026-06-08T09:50:01.0541724Z,,oasis/bottle
,,,0,,,local.mqtt.telegraf,43,29.4,,,08a6f75abdf0,08a6f75abdf0-291,291,08:A6:F7:5A:BD:F0,ON,1014609,1780912201037,1014613,1780912201041,1053837,1780912199376,27,2026-06-08T09:50:01.3660668Z,,oasis/bottle
,,,0,,,local.mqtt.telegraf,42,47.06,,,08a6f7bb3c68,08a6f7bb3c68-291,291,08:A6:F7:BB:3C:68,ON,1014789,1780912201217,1014793,1780912201221,1122667,1780912199326,27,2026-06-08T09:50:01.5402142Z,,oasis/bottle
,,,0,,,local.mqtt.telegraf,43,41.57,,,08a6f76bd428,08a6f76bd428-288,288,08:A6:F7:6B:D4:28,ON,1015169,1780912201597,1015174,1780912201602,1156167,1780912199326,27,2026-06-08T09:50:01.9264467Z,,oasis/bottle
,,,0,,,local.mqtt.telegraf,44,43.62,,,08a6f769c348,08a6f769c348-288,288,08:A6:F7:69:C3:48,ON,1016269,1780912202697,1016273,1780912202701,1084727,1780912202606,27,2026-06-08T09:50:03.0156952Z,,oasis/bottle
,,,0,,,local.mqtt.telegraf,46,44.81,,,2cbcbb0d97a0,2cbcbb0d97a0-286,286,2C:BC:BB:0D:97:A0,ON,1017559,1780912203987,1017564,1780912203992,1104007,1780912202596,26,2026-06-08T09:50:04.3208714Z,,oasis/bottle
,,,0,,,local.mqtt.telegraf,43,29.27,,,08a6f75abdf0,08a6f75abdf0-292,292,08:A6:F7:5A:BD:F0,ON,1017969,1780912204397,1017973,1780912204401,1057197,1780912202736,27,2026-06-08T09:50:04.7220539Z,,oasis/bottle
,,,0,,,local.mqtt.telegraf,42,47.24,,,08a6f7bb3c68,08a6f7bb3c68-292,292,08:A6:F7:BB:3C:68,ON,1018069,1780912204497,1018074,1780912204502,1125946,1780912202605,27,2026-06-08T09:50:04.8194004Z,,oasis/bottle
,,,0,,,local.mqtt.telegraf,43,41.81,,,08a6f76bd428,08a6f76bd428-289,289,08:A6:F7:6B:D4:28,ON,1018439,1780912204867,1018443,1780912204871,1159437,1780912202596,27,2026-06-08T09:50:05.1987725Z,,oasis/bottle
,,,0,,,local.mqtt.telegraf,44,43.62,,,08a6f769c348,08a6f769c348-289,289,08:A6:F7:69:C3:48,ON,1019679,1780912206107,1019683,1780912206111,1088136,1780912206015,27,2026-06-08T09:50:06.4387552Z,,oasis/bottle
,,,0,,,local.mqtt.telegraf,46,44.93,,,2cbcbb0d97a0,2cbcbb0d97a0-287,287,2C:BC:BB:0D:97:A0,ON,1020969,1780912207397,1020973,1780912207401,1107416,1780912206005,26,2026-06-08T09:50:07.7270034Z,,oasis/bottle
,,,0,,,local.mqtt.telegraf,42,47.06,,,08a6f7bb3c68,08a6f7bb3c68-293,293,08:A6:F7:BB:3C:68,ON,1021239,1780912207667,1021243,1780912207671,1129116,1780912205775,27,2026-06-08T09:50:07.9973661Z,,oasis/bottle
,,,0,,,local.mqtt.telegraf,43,29.37,,,08a6f75abdf0,08a6f75abdf0-293,293,08:A6:F7:5A:BD:F0,ON,1021319,1780912207747,1021323,1780912207751,1060546,1780912206085,27,2026-06-08T09:50:08.0365436Z,,oasis/bottle
,,,0,,,local.mqtt.telegraf,43,41.68,,,08a6f76bd428,08a6f76bd428-290,290,08:A6:F7:6B:D4:28,ON,1021849,1780912208277,1021861,1780912208289,1162846,1780912206005,27,2026-06-08T09:50:08.6068126Z,,oasis/bottle
,,,0,,,local.mqtt.telegraf,44,43.42,,,08a6f769c348,08a6f769c348-290,290,08:A6:F7:69:C3:48,ON,1022879,1780912209307,1022883,1780912209311,1091336,1780912209226,27,2026-06-08T09:50:09.6251929Z,,oasis/bottle
,,,0,,,local.mqtt.telegraf,46,45.06,,,2cbcbb0d97a0,2cbcbb0d97a0-288,288,2C:BC:BB:0D:97:A0,ON,1024169,1780912210597,1024173,1780912210601,1110617,1780912209357,26,2026-06-08T09:50:10.9285878Z,,oasis/bottle
,,,0,,,local.mqtt.telegraf,42,47.26,,,08a6f7bb3c68,08a6f7bb3c68-294,294,08:A6:F7:BB:3C:68,ON,1024449,1780912210877,1024453,1780912210881,1132326,1780912209366,27,2026-06-08T09:50:11.2046641Z,,oasis/bottle
,,,0,,,local.mqtt.telegraf,43,29.16,,,08a6f75abdf0,08a6f75abdf0-294,294,08:A6:F7:5A:BD:F0,ON,1024649,1780912211077,1024653,1780912211081,1063876,1780912209486,27,2026-06-08T09:50:11.4052388Z,,oasis/bottle
,,,0,,,local.mqtt.telegraf,43,41.48,,,08a6f76bd428,08a6f76bd428-291,291,08:A6:F7:6B:D4:28,ON,1025049,1780912211477,1025053,1780912211481,1166046,1780912209355,27,2026-06-08T09:50:11.8023443Z,,oasis/bottle
,,,0,,,local.mqtt.telegraf,44,43.62,,,08a6f769c348,08a6f769c348-291,291,08:A6:F7:69:C3:48,ON,1026149,1780912212577,1026153,1780912212581,1094607,1780912212497,27,2026-06-08T09:50:12.9065694Z,,oasis/bottle
,,,0,,,local.mqtt.telegraf,46,44.91,,,2cbcbb0d97a0,2cbcbb0d97a0-289,289,2C:BC:BB:0D:97:A0,ON,1027439,1780912213867,1027443,1780912213871,1113887,1780912212627,26,2026-06-08T09:50:14.2013772Z,,oasis/bottle
,,,0,,,local.mqtt.telegraf,42,47.42,,,08a6f7bb3c68,08a6f7bb3c68-295,295,08:A6:F7:BB:3C:68,ON,1027739,1780912214167,1027743,1780912214171,1135616,1780912212656,27,2026-06-08T09:50:14.4933063Z,,oasis/bottle
,,,0,,,local.mqtt.telegraf,43,29.15,,,08a6f75abdf0,08a6f75abdf0-295,295,08:A6:F7:5A:BD:F0,ON,1027929,1780912214357,1027933,1780912214361,1067157,1780912212767,27,2026-06-08T09:50:14.6845014Z,,oasis/bottle
,,,0,,,local.mqtt.telegraf,43,41.54,,,08a6f76bd428,08a6f76bd428-292,292,08:A6:F7:6B:D4:28,ON,1028319,1780912214747,1028323,1780912214751,1169317,1780912212626,27,2026-06-08T09:50:15.0778836Z,,oasis/bottle
,,,0,,,local.mqtt.telegraf,44,43.61,,,08a6f769c348,08a6f769c348-292,292,08:A6:F7:69:C3:48,ON,1029549,1780912215977,1029555,1780912215983,1098006,1780912215896,27,2026-06-08T09:50:16.3104504Z,,oasis/bottle
,,,0,,,local.mqtt.telegraf,46,45.01,,,2cbcbb0d97a0,2cbcbb0d97a0-290,290,2C:BC:BB:0D:97:A0,ON,1030839,1780912217267,1030843,1780912217271,1117286,1780912216026,26,2026-06-08T09:50:17.6022489Z,,oasis/bottle
,,,0,,,local.mqtt.telegraf,42,46.87,,,08a6f7bb3c68,08a6f7bb3c68-296,296,08:A6:F7:BB:3C:68,ON,1030939,1780912217367,1030945,1780912217373,1138816,1780912215856,27,2026-06-08T09:50:17.6982231Z,,oasis/bottle
,,,0,,,local.mqtt.telegraf,43,28.98,,,08a6f75abdf0,08a6f75abdf0-296,296,08:A6:F7:5A:BD:F0,ON,1031119,1780912217547,1031123,1780912217551,1070346,1780912215956,27,2026-06-08T09:50:17.8744581Z,,oasis/bottle
,,,0,,,local.mqtt.telegraf,43,41.13,,,08a6f76bd428,08a6f76bd428-293,293,08:A6:F7:6B:D4:28,ON,1031719,1780912218147,1031723,1780912218151,1172716,1780912216025,27,2026-06-08T09:50:18.4773084Z,,oasis/bottle
,,,0,,,local.mqtt.telegraf,44,43.6,,,08a6f769c348,08a6f769c348-293,293,08:A6:F7:69:C3:48,ON,1032739,1780912219167,1032743,1780912219171,1101196,1780912219086,27,2026-06-08T09:50:19.4860352Z,,oasis/bottle
,,,0,,,local.mqtt.telegraf,46,45.08,,,2cbcbb0d97a0,2cbcbb0d97a0-291,291,2C:BC:BB:0D:97:A0,ON,1034029,1780912220457,1034033,1780912220461,1120476,1780912219376,26,2026-06-08T09:50:20.7961781Z,,oasis/bottle
,,,0,,,local.mqtt.telegraf,42,47.1,,,08a6f7bb3c68,08a6f7bb3c68-297,297,08:A6:F7:BB:3C:68,ON,1034209,1780912220637,1034213,1780912220641,1142086,1780912219456,27,2026-06-08T09:50:20.9631361Z,,oasis/bottle
,,,0,,,local.mqtt.telegraf,43,28.97,,,08a6f75abdf0,08a6f75abdf0-297,297,08:A6:F7:5A:BD:F0,ON,1034369,1780912220797,1034373,1780912220801,1073597,1780912219437,27,2026-06-08T09:50:21.1142648Z,,oasis/bottle
,,,0,,,local.mqtt.telegraf,43,41.5,,,08a6f76bd428,08a6f76bd428-294,294,08:A6:F7:6B:D4:28,ON,1034909,1780912221337,1034913,1780912221341,1175906,1780912219376,27,2026-06-08T09:50:21.6632345Z,,oasis/bottle
,,,0,,,local.mqtt.telegraf,44,43.72,,,08a6f769c348,08a6f769c348-294,294,08:A6:F7:69:C3:48,ON,1035989,1780912222417,1035993,1780912222421,1104446,1780912222336,27,2026-06-08T09:50:22.7627555Z,,oasis/bottle
,,,0,,,local.mqtt.telegraf,45,44.98,,,2cbcbb0d97a0,2cbcbb0d97a0-292,292,2C:BC:BB:0D:97:A0,ON,1037289,1780912223717,1037294,1780912223722,1123737,1780912222637,26,2026-06-08T09:50:24.0493336Z,,oasis/bottle
,,,0,,,local.mqtt.telegraf,42,47.25,,,08a6f7bb3c68,08a6f7bb3c68-298,298,08:A6:F7:BB:3C:68,ON,1037619,1780912224047,1037623,1780912224051,1145496,1780912222866,27,2026-06-08T09:50:24.3792246Z,,oasis/bottle
,,,0,,,local.mqtt.telegraf,43,28.76,,,08a6f75abdf0,08a6f75abdf0-298,298,08:A6:F7:5A:BD:F0,ON,1037729,1780912224157,1037733,1780912224161,1076956,1780912222796,27,2026-06-08T09:50:24.489059Z,,oasis/bottle
,,,0,,,local.mqtt.telegraf,43,41.14,,,08a6f76bd428,08a6f76bd428-295,295,08:A6:F7:6B:D4:28,ON,1038159,1780912224587,1038163,1780912224591,1179156,1780912222626,27,2026-06-08T09:50:24.9096471Z,,oasis/bottle
,,,0,,,local.mqtt.telegraf,44,43.33,,,08a6f769c348,08a6f769c348-295,295,08:A6:F7:69:C3:48,ON,1039349,1780912225777,1039353,1780912225781,1107806,1780912225696,27,2026-06-08T09:50:26.1099983Z,,oasis/bottle
,,,0,,,local.mqtt.telegraf,45,44.6,,,2cbcbb0d97a0,2cbcbb0d97a0-293,293,2C:BC:BB:0D:97:A0,ON,1040659,1780912227087,1040663,1780912227091,1127107,1780912226007,26,2026-06-08T09:50:27.4185392Z,,oasis/bottle
,,,0,,,local.mqtt.telegraf,42,47.26,,,08a6f7bb3c68,08a6f7bb3c68-299,299,08:A6:F7:BB:3C:68,ON,1040819,1780912227247,1040823,1780912227251,1148696,1780912226066,27,2026-06-08T09:50:27.5770023Z,,oasis/bottle
,,,0,,,local.mqtt.telegraf,43,28.81,,,08a6f75abdf0,08a6f75abdf0-299,299,08:A6:F7:5A:BD:F0,ON,1041079,1780912227507,1041084,1780912227512,1080306,1780912226146,27,2026-06-08T09:50:27.8373378Z,,oasis/bottle
,,,0,,,local.mqtt.telegraf,43,41.25,,,08a6f76bd428,08a6f76bd428-296,296,08:A6:F7:6B:D4:28,ON,1041519,1780912227947,1041523,1780912227951,1182516,1780912225986,27,2026-06-08T09:50:28.2674935Z,,oasis/bottle
,,,0,,,local.mqtt.telegraf,44,43.5,,,08a6f769c348,08a6f769c348-296,296,08:A6:F7:69:C3:48,ON,1042699,1780912229127,1042703,1780912229131,1111156,1780912229046,27,2026-06-08T09:50:29.4566372Z,,oasis/bottle
,,,0,,,local.mqtt.telegraf,45,44.74,,,2cbcbb0d97a0,2cbcbb0d97a0-294,294,2C:BC:BB:0D:97:A0,ON,1044029,1780912230457,1044033,1780912230461,1130477,1780912229587,26,2026-06-08T09:50:30.7923654Z,,oasis/bottle
,,,0,,,local.mqtt.telegraf,42,47.32,,,08a6f7bb3c68,08a6f7bb3c68-300,300,08:A6:F7:BB:3C:68,ON,1044091,1780912230519,1044096,1780912230524,1151966,1780912229486,27,2026-06-08T09:50:30.8270943Z,,oasis/bottle
,,,0,,,local.mqtt.telegraf,43,28.73,,,08a6f75abdf0,08a6f75abdf0-300,300,08:A6:F7:5A:BD:F0,ON,1044409,1780912230837,1044413,1780912230841,1083636,1780912229546,27,2026-06-08T09:50:31.1664748Z,,oasis/bottle
,,,0,,,local.mqtt.telegraf,43,41.05,,,08a6f76bd428,08a6f76bd428-297,297,08:A6:F7:6B:D4:28,ON,1044869,1780912231297,1044873,1780912231301,1185866,1780912229566,27,2026-06-08T09:50:31.6141088Z,,oasis/bottle
,,,0,,,local.mqtt.telegraf,44,43.49,,,08a6f769c348,08a6f769c348-297,297,08:A6:F7:69:C3:48,ON,1046029,1780912232457,1046033,1780912232461,1114486,1780912232376,27,2026-06-08T09:50:32.7942205Z,,oasis/bottle
,,,0,,,local.mqtt.telegraf,45,44.85,,,2cbcbb0d97a0,2cbcbb0d97a0-295,295,2C:BC:BB:0D:97:A0,ON,1047399,1780912233827,1047403,1780912233831,1133847,1780912232957,26,2026-06-08T09:50:34.1544416Z,,oasis/bottle
,,,0,,,local.mqtt.telegraf,42,47.16,,,08a6f7bb3c68,08a6f7bb3c68-301,301,08:A6:F7:BB:3C:68,ON,1047500,1780912233928,1047504,1780912233932,1155376,1780912232896,27,2026-06-08T09:50:34.2567641Z,,oasis/bottle
,,,0,,,local.mqtt.telegraf,43,28.73,,,08a6f75abdf0,08a6f75abdf0-301,301,08:A6:F7:5A:BD:F0,ON,1047699,1780912234127,1047703,1780912234131,1086926,1780912232836,27,2026-06-08T09:50:34.4546291Z,,oasis/bottle
,,,0,,,local.mqtt.telegraf,43,41.05,,,08a6f76bd428,08a6f76bd428-298,298,08:A6:F7:6B:D4:28,ON,1048199,1780912234627,1048203,1780912234631,1189196,1780912232896,27,2026-06-08T09:50:34.9480955Z,,oasis/bottle
,,,0,,,local.mqtt.telegraf,44,43.38,,,08a6f769c348,08a6f769c348-298,298,08:A6:F7:69:C3:48,ON,1049309,1780912235737,1049313,1780912235741,1117766,1780912235656,27,2026-06-08T09:50:36.0740171Z,,oasis/bottle
,,,0,,,local.mqtt.telegraf,42,47.08,,,08a6f7bb3c68,08a6f7bb3c68-302,302,08:A6:F7:BB:3C:68,ON,1050699,1780912237127,1050704,1780912237132,1158576,1780912236096,27,2026-06-08T09:50:37.4540637Z,,oasis/bottle
,,,0,,,local.mqtt.telegraf,45,44.68,,,2cbcbb0d97a0,2cbcbb0d97a0-296,296,2C:BC:BB:0D:97:A0,ON,1050762,1780912237190,1050774,1780912237202,1137206,1780912236316,26,2026-06-08T09:50:37.4938197Z,,oasis/bottle
,,,0,,,local.mqtt.telegraf,43,28.58,,,08a6f75abdf0,08a6f75abdf0-302,302,08:A6:F7:5A:BD:F0,ON,1050899,1780912237327,1050904,1780912237332,1090126,1780912236036,27,2026-06-08T09:50:37.660922Z,,oasis/bottle
,,,0,,,local.mqtt.telegraf,43,41.23,,,08a6f76bd428,08a6f76bd428-299,299,08:A6:F7:6B:D4:28,ON,1051479,1780912237907,1051483,1780912237911,1192476,1780912236176,27,2026-06-08T09:50:38.2660417Z,,oasis/bottle
,,,0,,,local.mqtt.telegraf,44,43.56,,,08a6f769c348,08a6f769c348-299,299,08:A6:F7:69:C3:48,ON,1052499,1780912238927,1052503,1780912238931,1120956,1780912238845,27,2026-06-08T09:50:39.2547564Z,,oasis/bottle
,,,0,,,local.mqtt.telegraf,42,46.81,,,08a6f7bb3c68,08a6f7bb3c68-303,303,08:A6:F7:BB:3C:68,ON,1053969,1780912240397,1053973,1780912240401,1161846,1780912239525,27,2026-06-08T09:50:40.7343191Z,,oasis/bottle
,,,0,,,local.mqtt.telegraf,45,44.6,,,2cbcbb0d97a0,2cbcbb0d97a0-297,297,2C:BC:BB:0D:97:A0,ON,1054101,1780912240529,1054106,1780912240534,1140557,1780912239606,26,2026-06-08T09:50:40.8540275Z,,oasis/bottle
,,,0,,,local.mqtt.telegraf,43,28.54,,,08a6f75abdf0,08a6f75abdf0-303,303,08:A6:F7:5A:BD:F0,ON,1054160,1780912240589,1054165,1780912240593,1093387,1780912239516,27,2026-06-08T09:50:40.8946936Z,,oasis/bottle
,,,0,,,local.mqtt.telegraf,43,41.19,,,08a6f76bd428,08a6f76bd428-300,300,08:A6:F7:6B:D4:28,ON,1054669,1780912241097,1054673,1780912241101,1195666,1780912239445,27,2026-06-08T09:50:41.4252253Z,,oasis/bottle
,,,0,,,local.mqtt.telegraf,44,43.19,,,08a6f769c348,08a6f769c348-300,300,08:A6:F7:69:C3:48,ON,1055739,1780912242167,1055743,1780912242171,1124196,1780912242085,27,2026-06-08T09:50:42.4945871Z,,oasis/bottle
,,,0,,,local.mqtt.telegraf,42,47.14,,,08a6f7bb3c68,08a6f7bb3c68-304,304,08:A6:F7:BB:3C:68,ON,1057379,1780912243807,1057383,1780912243811,1165256,1780912242935,27,2026-06-08T09:50:44.1397305Z,,oasis/bottle
,,,0,,,local.mqtt.telegraf,45,44.68,,,2cbcbb0d97a0,2cbcbb0d97a0-298,298,2C:BC:BB:0D:97:A0,ON,1057428,1780912243857,1057433,1780912243861,1143876,1780912242925,26,2026-06-08T09:50:44.1769972Z,,oasis/bottle
,,,0,,,local.mqtt.telegraf,43,28.57,,,08a6f75abdf0,08a6f75abdf0-304,304,08:A6:F7:5A:BD:F0,ON,1057549,1780912243977,1057554,1780912243982,1096776,1780912242905,27,2026-06-08T09:50:44.3044668Z,,oasis/bottle
,,,0,,,local.mqtt.telegraf,42,40.98,,,08a6f76bd428,08a6f76bd428-301,301,08:A6:F7:6B:D4:28,ON,1057919,1780912244347,1057923,1780912244351,1198916,1780912242695,27,2026-06-08T09:50:44.6718069Z,,oasis/bottle
,,,0,,,local.mqtt.telegraf,44,43.18,,,08a6f769c348,08a6f769c348-301,301,08:A6:F7:69:C3:48,ON,1059099,1780912245527,1059104,1780912245532,1127556,1780912245445,27,2026-06-08T09:50:45.8543396Z,,oasis/bottle
,,,0,,,local.mqtt.telegraf,42,47,,,08a6f7bb3c68,08a6f7bb3c68-305,305,08:A6:F7:BB:3C:68,ON,1060578,1780912247007,1060583,1780912247011,1168456,1780912246135,27,2026-06-08T09:50:47.3382571Z,,oasis/bottle
,,,0,,,local.mqtt.telegraf,45,44.64,,,2cbcbb0d97a0,2cbcbb0d97a0-299,299,2C:BC:BB:0D:97:A0,ON,1060699,1780912247127,1060704,1780912247132,1147147,1780912246196,26,2026-06-08T09:50:47.452273Z,,oasis/bottle
,,,0,,,local.mqtt.telegraf,43,28.25,,,08a6f75abdf0,08a6f75abdf0-305,305,08:A6:F7:5A:BD:F0,ON,1060959,1780912247387,1060963,1780912247391,1100186,1780912246315,27,2026-06-08T09:50:47.7101975Z,,oasis/bottle
,,,0,,,local.mqtt.telegraf,42,40.98,,,08a6f76bd428,08a6f76bd428-302,302,08:A6:F7:6B:D4:28,ON,1061279,1780912247707,1061283,1780912247711,1202276,1780912246055,27,2026-06-08T09:50:48.032615Z,,oasis/bottle
,,,0,,,local.mqtt.telegraf,44,43.27,,,08a6f769c348,08a6f769c348-302,302,08:A6:F7:69:C3:48,ON,1062439,1780912248867,1062443,1780912248871,1130896,1780912248786,27,2026-06-08T09:50:49.19863Z,,oasis/bottle
,,,0,,,local.mqtt.telegraf,42,46.98,,,08a6f7bb3c68,08a6f7bb3c68-306,306,08:A6:F7:BB:3C:68,ON,1063849,1780912250277,1063853,1780912250281,1171727,1780912249557,27,2026-06-08T09:50:50.6162868Z,,oasis/bottle
,,,0,,,local.mqtt.telegraf,45,44.85,,,2cbcbb0d97a0,2cbcbb0d97a0-300,300,2C:BC:BB:0D:97:A0,ON,1064109,1780912250537,1064113,1780912250541,1150557,1780912249697,26,2026-06-08T09:50:50.865954Z,,oasis/bottle
,,,0,,,local.mqtt.telegraf,43,28.41,,,08a6f75abdf0,08a6f75abdf0-306,306,08:A6:F7:5A:BD:F0,ON,1064158,1780912250587,1064163,1780912250591,1103387,1780912249487,27,2026-06-08T09:50:50.9038927Z,,oasis/bottle
,,,0,,,local.mqtt.telegraf,42,40.78,,,08a6f76bd428,08a6f76bd428-303,303,08:A6:F7:6B:D4:28,ON,1064629,1780912251057,1064634,1780912251062,1205626,1780912249636,27,2026-06-08T09:50:51.3901199Z,,oasis/bottle
,,,0,,,local.mqtt.telegraf,44,43.19,,,08a6f769c348,08a6f769c348-303,303,08:A6:F7:69:C3:48,ON,1065739,1780912252167,1065743,1780912252171,1134196,1780912252086,27,2026-06-08T09:50:52.4971717Z,,oasis/bottle
,,,0,,,local.mqtt.telegraf,42,47,,,08a6f7bb3c68,08a6f7bb3c68-307,307,08:A6:F7:BB:3C:68,ON,1067249,1780912253677,1067253,1780912253681,1175126,1780912252956,27,2026-06-08T09:50:54.0146044Z,,oasis/bottle
,,,0,,,local.mqtt.telegraf,45,44.58,,,2cbcbb0d97a0,2cbcbb0d97a0-301,301,2C:BC:BB:0D:97:A0,ON,1067311,1780912253739,1067317,1780912253745,1153756,1780912252896,26,2026-06-08T09:50:54.0537817Z,,oasis/bottle
,,,0,,,local.mqtt.telegraf,43,28.33,,,08a6f75abdf0,08a6f75abdf0-307,307,08:A6:F7:5A:BD:F0,ON,1067429,1780912253857,1067433,1780912253861,1106657,1780912252757,27,2026-06-08T09:50:54.1760206Z,,oasis/bottle
,,,0,,,local.mqtt.telegraf,42,40.88,,,08a6f76bd428,08a6f76bd428-304,304,08:A6:F7:6B:D4:28,ON,1067949,1780912254377,1067953,1780912254381,1208946,1780912252956,27,2026-06-08T09:50:54.704325Z,,oasis/bottle
,,,0,,,local.mqtt.telegraf,44,43.23,,,08a6f769c348,08a6f769c348-304,304,08:A6:F7:69:C3:48,ON,1068969,1780912255397,1068973,1780912255401,1137426,1780912255316,27,2026-06-08T09:50:55.7241792Z,,oasis/bottle
,,,0,,,local.mqtt.telegraf,42,46.73,,,08a6f7bb3c68,08a6f7bb3c68-308,308,08:A6:F7:BB:3C:68,ON,1070439,1780912256867,1070443,1780912256871,1178316,1780912256146,27,2026-06-08T09:50:57.1999674Z,,oasis/bottle
,,,0,,,local.mqtt.telegraf,45,44.46,,,2cbcbb0d97a0,2cbcbb0d97a0-302,302,2C:BC:BB:0D:97:A0,ON,1070579,1780912257007,1070583,1780912257011,1157027,1780912256167,26,2026-06-08T09:50:57.3318818Z,,oasis/bottle
,,,0,,,local.mqtt.telegraf,43,28.19,,,08a6f75abdf0,08a6f75abdf0-308,308,08:A6:F7:5A:BD:F0,ON,1070839,1780912257267,1070843,1780912257271,1110066,1780912256166,27,2026-06-08T09:50:57.5939269Z,,oasis/bottle
,,,0,,,local.mqtt.telegraf,42,40.86,,,08a6f76bd428,08a6f76bd428-305,305,08:A6:F7:6B:D4:28,ON,1071219,1780912257647,1071223,1780912257651,1212217,1780912256227,27,2026-06-08T09:50:57.9665448Z,,oasis/bottle
,,,0,,,local.mqtt.telegraf,44,43.34,,,08a6f769c348,08a6f769c348-305,305,08:A6:F7:69:C3:48,ON,1072299,1780912258727,1072303,1780912258731,1140758,1780912258648,27,2026-06-08T09:50:59.0564687Z,,oasis/bottle
,,,0,,,local.mqtt.telegraf,42,47.21,,,08a6f7bb3c68,08a6f7bb3c68-309,309,08:A6:F7:BB:3C:68,ON,1073689,1780912260117,1073693,1780912260121,1181566,1780912259566,27,2026-06-08T09:51:00.4493989Z,,oasis/bottle
,,,0,,,local.mqtt.telegraf,45,44.68,,,2cbcbb0d97a0,2cbcbb0d97a0-303,303,2C:BC:BB:0D:97:A0,ON,1073989,1780912260417,1073993,1780912260421,1160437,1780912259727,26,2026-06-08T09:51:00.7467038Z,,oasis/bottle
,,,0,,,local.mqtt.telegraf,43,28.07,,,08a6f75abdf0,08a6f75abdf0-309,309,08:A6:F7:5A:BD:F0,ON,1074038,1780912260466,1074043,1780912260471,1113267,1780912259517,27,2026-06-08T09:51:00.7840808Z,,oasis/bottle
,,,0,,,local.mqtt.telegraf,42,40.7,,,08a6f76bd428,08a6f76bd428-306,306,08:A6:F7:6B:D4:28,ON,1074629,1780912261057,1074633,1780912261061,1215626,1780912259726,27,2026-06-08T09:51:01.3873417Z,,oasis/bottle
,,,0,,,local.mqtt.telegraf,44,43.07,,,08a6f769c348,08a6f769c348-306,306,08:A6:F7:69:C3:48,ON,1075589,1780912262017,1075594,1780912262022,1144046,1780912261936,27,2026-06-08T09:51:02.342048Z,,oasis/bottle
,,,0,,,local.mqtt.telegraf,42,46.82,,,08a6f7bb3c68,08a6f7bb3c68-310,310,08:A6:F7:BB:3C:68,ON,1077049,1780912263477,1077053,1780912263481,1184926,1780912262926,27,2026-06-08T09:51:03.8041761Z,,oasis/bottle
,,,0,,,local.mqtt.telegraf,45,44.51,,,2cbcbb0d97a0,2cbcbb0d97a0-304,304,2C:BC:BB:0D:97:A0,ON,1077180,1780912263608,1077185,1780912263613,1163636,1780912262926,26,2026-06-08T09:51:03.9460938Z,,oasis/bottle
,,,0,,,local.mqtt.telegraf,43,28,,,08a6f75abdf0,08a6f75abdf0-310,310,08:A6:F7:5A:BD:F0,ON,1077309,1780912263737,1077313,1780912263742,1116536,1780912262786,27,2026-06-08T09:51:04.0639634Z,,oasis/bottle
,,,0,,,local.mqtt.telegraf,42,40.58,,,08a6f76bd428,08a6f76bd428-307,307,08:A6:F7:6B:D4:28,ON,1077829,1780912264257,1077833,1780912264261,1218826,1780912262926,27,2026-06-08T09:51:04.5829127Z,,oasis/bottle
,,,0,,,local.mqtt.telegraf,44,43.21,,,08a6f769c348,08a6f769c348-307,307,08:A6:F7:69:C3:48,ON,1078789,1780912265217,1078793,1780912265221,1147246,1780912265136,27,2026-06-08T09:51:05.5439115Z,,oasis/bottle
,,,0,,,local.mqtt.telegraf,42,46.57,,,08a6f7bb3c68,08a6f7bb3c68-311,311,08:A6:F7:BB:3C:68,ON,1080399,1780912266827,1080403,1780912266832,1188276,1780912266276,27,2026-06-08T09:51:07.1667792Z,,oasis/bottle
,,,0,,,local.mqtt.telegraf,45,44.27,,,2cbcbb0d97a0,2cbcbb0d97a0-305,305,2C:BC:BB:0D:97:A0,ON,1080458,1780912266886,1080466,1780912266894,1166906,1780912266196,26,2026-06-08T09:51:07.2065971Z,,oasis/bottle
,,,0,,,local.mqtt.telegraf,43,27.95,,,08a6f75abdf0,08a6f75abdf0-311,311,08:A6:F7:5A:BD:F0,ON,1080709,1780912267137,1080713,1780912267141,1119936,1780912266186,27,2026-06-08T09:51:07.4644851Z,,oasis/bottle
,,,0,,,local.mqtt.telegraf,42,40.53,,,08a6f76bd428,08a6f76bd428-308,308,08:A6:F7:6B:D4:28,ON,1081099,1780912267527,1081103,1780912267531,1222097,1780912266197,27,2026-06-08T09:51:07.8536579Z,,oasis/bottle
,,,0,,,local.mqtt.telegraf,44,43.19,,,08a6f769c348,08a6f769c348-308,308,08:A6:F7:69:C3:48,ON,1082059,1780912268487,1082063,1780912268491,1150517,1780912268407,27,2026-06-08T09:51:08.8181477Z,,oasis/bottle
,,,0,,,local.mqtt.telegraf,42,46.78,,,08a6f7bb3c68,08a6f7bb3c68-312,312,08:A6:F7:BB:3C:68,ON,1083729,1780912270157,1083733,1780912270161,1191606,1780912269686,27,2026-06-08T09:51:10.4910892Z,,oasis/bottle
,,,0,,,local.mqtt.telegraf,45,44.26,,,2cbcbb0d97a0,2cbcbb0d97a0-306,306,2C:BC:BB:0D:97:A0,ON,1083859,1780912270287,1083864,1780912270292,1170307,1780912269757,26,2026-06-08T09:51:10.6165269Z,,oasis/bottle
,,,0,,,local.mqtt.telegraf,43,27.92,,,08a6f75abdf0,08a6f75abdf0-312,312,08:A6:F7:5A:BD:F0,ON,1083898,1780912270326,1083903,1780912270331,1123126,1780912269546,27,2026-06-08T09:51:10.6538695Z,,oasis/bottle
,,,0,,,local.mqtt.telegraf,42,40.62,,,08a6f76bd428,08a6f76bd428-309,309,08:A6:F7:6B:D4:28,ON,1084509,1780912270937,1084513,1780912270941,1225506,1780912269765,27,2026-06-08T09:51:11.2609554Z,,oasis/bottle
,,,0,,,local.mqtt.telegraf,44,43.05,,,08a6f769c348,08a6f769c348-309,309,08:A6:F7:69:C3:48,ON,1085469,1780912271897,1085473,1780912271901,1153926,1780912269766,27,2026-06-08T09:51:12.2196041Z,,oasis/bottle
,,,0,,,local.mqtt.telegraf,45,44.47,,,2cbcbb0d97a0,2cbcbb0d97a0-307,307,2C:BC:BB:0D:97:A0,ON,1087049,1780912273477,1087053,1780912273481,1173496,1780912272946,26,2026-06-08T09:51:13.7742887Z,,oasis/bottle
,,,0,,,local.mqtt.telegraf,43,27.98,,,08a6f75abdf0,08a6f75abdf0-313,313,08:A6:F7:5A:BD:F0,ON,1087149,1780912273577,1087153,1780912273581,1126376,1780912272796,27,2026-06-08T09:51:13.9111035Z,,oasis/bottle
,,,0,,,local.mqtt.telegraf,42,40.55,,,08a6f76bd428,08a6f76bd428-310,310,08:A6:F7:6B:D4:28,ON,1087709,1780912274137,1087713,1780912274141,1228706,1780912272965,27,2026-06-08T09:51:14.4639619Z,,oasis/bottle
,,,0,,,local.mqtt.telegraf,44,43.32,,,08a6f769c348,08a6f769c348-310,310,08:A6:F7:69:C3:48,ON,1088669,1780912275097,1088673,1780912275101,1157126,1780912272966,27,2026-06-08T09:51:15.4249306Z,,oasis/bottle
,,,0,,,local.mqtt.telegraf,42,46.9,,,08a6f7bb3c68,08a6f7bb3c68-314,314,08:A6:F7:BB:3C:68,ON,1090198,1780912276627,1090203,1780912276631,1198076,1780912276156,27,2026-06-08T09:51:16.9672696Z,,oasis/bottle
,,,0,,,local.mqtt.telegraf,45,44.48,,,2cbcbb0d97a0,2cbcbb0d97a0-308,308,2C:BC:BB:0D:97:A0,ON,1090299,1780912276727,1090303,1780912276731,1176746,1780912276196,26,2026-06-08T09:51:17.0500223Z,,oasis/bottle
,,,0,,,local.mqtt.telegraf,43,27.92,,,08a6f75abdf0,08a6f75abdf0-314,314,08:A6:F7:5A:BD:F0,ON,1090509,1780912276937,1090513,1780912276941,1129736,1780912276156,27,2026-06-08T09:51:17.2588054Z,,oasis/bottle
,,,0,,,local.mqtt.telegraf,42,40.55,,,08a6f76bd428,08a6f76bd428-311,311,08:A6:F7:6B:D4:28,ON,1090979,1780912277407,1090983,1780912277411,1231977,1780912276236,27,2026-06-08T09:51:17.7299818Z,,oasis/bottle
,,,0,,,local.mqtt.telegraf,44,42.95,,,08a6f769c348,08a6f769c348-311,311,08:A6:F7:69:C3:48,ON,1091929,1780912278357,1091933,1780912278361,1160386,1780912276226,27,2026-06-08T09:51:18.6838297Z,,oasis/bottle
,,,0,,,local.mqtt.telegraf,42,46.73,,,08a6f7bb3c68,08a6f7bb3c68-315,315,08:A6:F7:BB:3C:68,ON,1093449,1780912279877,1093453,1780912279881,1201326,1780912279646,27,2026-06-08T09:51:20.2094244Z,,oasis/bottle
,,,0,,,local.mqtt.telegraf,45,44.47,,,2cbcbb0d97a0,2cbcbb0d97a0-309,309,2C:BC:BB:0D:97:A0,ON,1093666,1780912280094,1093671,1780912280099,1180107,1780912279757,26,2026-06-08T09:51:20.4239201Z,,oasis/bottle
,,,0,,,local.mqtt.telegraf,43,28,,,08a6f75abdf0,08a6f75abdf0-315,315,08:A6:F7:5A:BD:F0,ON,1093859,1780912280287,1093863,1780912280291,1133086,1780912279746,27,2026-06-08T09:51:20.6136279Z,,oasis/bottle
,,,0,,,local.mqtt.telegraf,42,40.63,,,08a6f76bd428,08a6f76bd428-312,312,08:A6:F7:6B:D4:28,ON,1094389,1780912280817,1094393,1780912280821,1235386,1780912279805,27,2026-06-08T09:51:21.1458266Z,,oasis/bottle
,,,0,,,local.mqtt.telegraf,44,43.06,,,08a6f769c348,08a6f769c348-312,312,08:A6:F7:69:C3:48,ON,1095319,1780912281747,1095323,1780912281751,1163776,1780912279786,27,2026-06-08T09:51:22.0736092Z,,oasis/bottle
,,,0,,,local.mqtt.telegraf,42,46.78,,,08a6f7bb3c68,08a6f7bb3c68-316,316,08:A6:F7:BB:3C:68,ON,1096809,1780912283237,1096813,1780912283241,1204686,1780912283006,27,2026-06-08T09:51:23.5740363Z,,oasis/bottle
,,,0,,,local.mqtt.telegraf,45,44.56,,,2cbcbb0d97a0,2cbcbb0d97a0-310,310,2C:BC:BB:0D:97:A0,ON,1097009,1780912283437,1097013,1780912283441,1183456,1780912283106,26,2026-06-08T09:51:23.7681304Z,,oasis/bottle
,,,0,,,local.mqtt.telegraf,43,27.92,,,08a6f75abdf0,08a6f75abdf0-316,316,08:A6:F7:5A:BD:F0,ON,1097179,1780912283607,1097183,1780912283611,1136406,1780912283066,27,2026-06-08T09:51:23.9336547Z,,oasis/bottle
,,,0,,,local.mqtt.telegraf,42,40.53,,,08a6f76bd428,08a6f76bd428-313,313,08:A6:F7:6B:D4:28,ON,1097589,1780912284017,1097593,1780912284021,1238586,1780912283005,27,2026-06-08T09:51:24.3543929Z,,oasis/bottle
,,,0,,,local.mqtt.telegraf,44,43.1,,,08a6f769c348,08a6f769c348-313,313,08:A6:F7:69:C3:48,ON,1098489,1780912284917,1098493,1780912284921,1166946,1780912282956,27,2026-06-08T09:51:25.2442147Z,,oasis/bottle
,,,0,,,local.mqtt.telegraf,42,46.7,,,08a6f7bb3c68,08a6f7bb3c68-317,317,08:A6:F7:BB:3C:68,ON,1100169,1780912286597,1100173,1780912286601,1208046,1780912286366,27,2026-06-08T09:51:26.9301016Z,,oasis/bottle
,,,0,,,local.mqtt.telegraf,45,44.12,,,2cbcbb0d97a0,2cbcbb0d97a0-311,311,2C:BC:BB:0D:97:A0,ON,1100339,1780912286767,1100343,1780912286771,1186787,1780912286437,26,2026-06-08T09:51:27.1019509Z,,oasis/bottle
,,,0,,,local.mqtt.telegraf,43,27.82,,,08a6f75abdf0,08a6f75abdf0-317,317,08:A6:F7:5A:BD:F0,ON,1100449,1780912286877,1100453,1780912286881,1139677,1780912286337,27,2026-06-08T09:51:27.195216Z,,oasis/bottle
,,,0,,,local.mqtt.telegraf,42,40.47,,,08a6f76bd428,08a6f76bd428-314,314,08:A6:F7:6B:D4:28,ON,1100859,1780912287287,1100863,1780912287291,1241856,1780912286275,27,2026-06-08T09:51:27.6083633Z,,oasis/bottle
,,,0,,,local.mqtt.telegraf,44,43.01,,,08a6f769c348,08a6f769c348-314,314,08:A6:F7:69:C3:48,ON,1101689,1780912288117,1101693,1780912288121,1170146,1780912286156,27,2026-06-08T09:51:28.4451622Z,,oasis/bottle
,,,0,,,local.mqtt.telegraf,42,46.55,,,08a6f7bb3c68,08a6f7bb3c68-318,318,08:A6:F7:BB:3C:68,ON,1103499,1780912289927,1103503,1780912289931,1211377,1780912289765,27,2026-06-08T09:51:30.2548998Z,,oasis/bottle
,,,0,,,local.mqtt.telegraf,45,44.24,,,2cbcbb0d97a0,2cbcbb0d97a0-312,312,2C:BC:BB:0D:97:A0,ON,1103619,1780912290047,1103623,1780912290051,1190067,1780912289715,26,2026-06-08T09:51:30.3697191Z,,oasis/bottle
,,,0,,,local.mqtt.telegraf,43,27.64,,,08a6f75abdf0,08a6f75abdf0-318,318,08:A6:F7:5A:BD:F0,ON,1103859,1780912290287,1103863,1780912290291,1143086,1780912289844,27,2026-06-08T09:51:30.6136024Z,,oasis/bottle
,,,0,,,local.mqtt.telegraf,42,40.2,,,08a6f76bd428,08a6f76bd428-315,315,08:A6:F7:6B:D4:28,ON,1104259,1780912290687,1104264,1780912290692,1245256,1780912289834,27,2026-06-08T09:51:31.0143086Z,,oasis/bottle
,,,0,,,local.mqtt.telegraf,44,43.19,,,08a6f769c348,08a6f769c348-315,315,08:A6:F7:69:C3:48,ON,1104959,1780912291387,1104963,1780912291391,1173416,1780912289704,27,2026-06-08T09:51:31.7222244Z,,oasis/bottle
,,,0,,,local.mqtt.telegraf,45,44.31,,,2cbcbb0d97a0,2cbcbb0d97a0-313,313,2C:BC:BB:0D:97:A0,ON,1106818,1780912293246,1106822,1780912293250,1193256,1780912292904,26,2026-06-08T09:51:33.5507462Z,,oasis/bottle
,,,0,,,local.mqtt.telegraf,43,27.44,,,08a6f75abdf0,08a6f75abdf0-319,319,08:A6:F7:5A:BD:F0,ON,1107059,1780912293487,1107063,1780912293491,1146286,1780912293044,27,2026-06-08T09:51:33.8213201Z,,oasis/bottle
,,,0,,,local.mqtt.telegraf,42,40.37,,,08a6f76bd428,08a6f76bd428-316,316,08:A6:F7:6B:D4:28,ON,1107449,1780912293877,1107453,1780912293881,1248446,1780912293024,27,2026-06-08T09:51:34.1972199Z,,oasis/bottle
,,,0,,,local.mqtt.telegraf,44,43.21,,,08a6f769c348,08a6f769c348-316,316,08:A6:F7:69:C3:48,ON,1108129,1780912294557,1108133,1780912294561,1176586,1780912292874,27,2026-06-08T09:51:34.8736827Z,,oasis/bottle
,,,0,,,local.mqtt.telegraf,42,46.7,,,08a6f7bb3c68,08a6f7bb3c68-320,320,08:A6:F7:BB:3C:68,ON,1109999,1780912296427,1110003,1780912296431,1217876,1780912296264,27,2026-06-08T09:51:36.7544054Z,,oasis/bottle
,,,0,,,local.mqtt.telegraf,45,44.4,,,2cbcbb0d97a0,2cbcbb0d97a0-314,314,2C:BC:BB:0D:97:A0,ON,1110048,1780912296477,1110053,1780912296481,1196497,1780912296145,26,2026-06-08T09:51:36.8038154Z,,oasis/bottle
,,,0,,,local.mqtt.telegraf,43,27.45,,,08a6f75abdf0,08a6f75abdf0-320,320,08:A6:F7:5A:BD:F0,ON,1110329,1780912296757,1110333,1780912296761,1149557,1780912296315,27,2026-06-08T09:51:37.0818103Z,,oasis/bottle
,,,0,,,local.mqtt.telegraf,42,40.43,,,08a6f76bd428,08a6f76bd428-317,317,08:A6:F7:6B:D4:28,ON,1110689,1780912297117,1110693,1780912297121,1251686,1780912296264,27,2026-06-08T09:51:37.4598896Z,,oasis/bottle
,,,0,,,local.mqtt.telegraf,44,43.01,,,08a6f769c348,08a6f769c348-317,317,08:A6:F7:69:C3:48,ON,1111329,1780912297757,1111333,1780912297761,1179786,1780912296074,27,2026-06-08T09:51:38.0803604Z,,oasis/bottle
,,,0,,,local.mqtt.telegraf,42,46.36,,,08a6f7bb3c68,08a6f7bb3c68-321,321,08:A6:F7:BB:3C:68,ON,1113299,1780912299727,1113303,1780912299731,1221177,1780912299667,27,2026-06-08T09:51:40.0575125Z,,oasis/bottle
,,,0,,,local.mqtt.telegraf,45,44.17,,,2cbcbb0d97a0,2cbcbb0d97a0-315,315,2C:BC:BB:0D:97:A0,ON,1113400,1780912299828,1113404,1780912299832,1199847,1780912299747,26,2026-06-08T09:51:40.1577957Z,,oasis/bottle
,,,0,,,local.mqtt.telegraf,43,27.3,,,08a6f75abdf0,08a6f75abdf0-321,321,08:A6:F7:5A:BD:F0,ON,1113739,1780912300168,1113744,1780912300172,1152967,1780912299877,27,2026-06-08T09:51:40.5034218Z,,oasis/bottle
,,,0,,,local.mqtt.telegraf,42,40.09,,,08a6f76bd428,08a6f76bd428-318,318,08:A6:F7:6B:D4:28,ON,1114039,1780912300467,1114043,1780912300471,1255036,1780912299816,27,2026-06-08T09:51:40.7919448Z,,oasis/bottle
,,,0,,,local.mqtt.telegraf,44,42.95,,,08a6f769c348,08a6f769c348-318,318,08:A6:F7:69:C3:48,ON,1114599,1780912301027,1114604,1780912301032,1183056,1780912299736,27,2026-06-08T09:51:41.3536795Z,,oasis/bottle
,,,0,,,local.mqtt.telegraf,42,46.62,,,08a6f7bb3c68,08a6f7bb3c68-322,322,08:A6:F7:BB:3C:68,ON,1116509,1780912302937,1116513,1780912302941,1224386,1780912302876,27,2026-06-08T09:51:43.2677235Z,,oasis/bottle
,,,0,,,local.mqtt.telegraf,45,44.15,,,2cbcbb0d97a0,2cbcbb0d97a0-316,316,2C:BC:BB:0D:97:A0,ON,1116729,1780912303157,1116733,1780912303161,1203177,1780912303077,26,2026-06-08T09:51:43.4839076Z,,oasis/bottle
,,,0,,,local.mqtt.telegraf,43,27.47,,,08a6f75abdf0,08a6f75abdf0-322,322,08:A6:F7:5A:BD:F0,ON,1116949,1780912303377,1116953,1780912303381,1156176,1780912303086,27,2026-06-08T09:51:43.6935928Z,,oasis/bottle
,,,0,,,local.mqtt.telegraf,42,40.05,,,08a6f76bd428,08a6f76bd428-319,319,08:A6:F7:6B:D4:28,ON,1117369,1780912303797,1117374,1780912303802,1258366,1780912303146,27,2026-06-08T09:51:44.1313643Z,,oasis/bottle
,,,0,,,local.mqtt.telegraf,44,42.98,,,08a6f769c348,08a6f769c348-319,319,08:A6:F7:69:C3:48,ON,1118009,1780912304437,1118013,1780912304441,1186466,1780912303146,27,2026-06-08T09:51:44.7534016Z,,oasis/bottle
,,,0,,,local.mqtt.telegraf,42,46.36,,,08a6f7bb3c68,08a6f7bb3c68-323,323,08:A6:F7:BB:3C:68,ON,1119799,1780912306227,1119803,1780912306231,1227676,1780912306166,27,2026-06-08T09:51:46.5537979Z,,oasis/bottle
,,,0,,,local.mqtt.telegraf,45,44.21,,,2cbcbb0d97a0,2cbcbb0d97a0-317,317,2C:BC:BB:0D:97:A0,ON,1120009,1780912306437,1120013,1780912306441,1206457,1780912306357,26,2026-06-08T09:51:46.7538203Z,,oasis/bottle
,,,0,,,local.mqtt.telegraf,43,27.39,,,08a6f75abdf0,08a6f75abdf0-323,323,08:A6:F7:5A:BD:F0,ON,1120229,1780912306657,1120234,1780912306662,1159450,1780912306360,27,2026-06-08T09:51:46.9834557Z,,oasis/bottle
,,,0,,,local.mqtt.telegraf,42,40.2,,,08a6f76bd428,08a6f76bd428-320,320,08:A6:F7:6B:D4:28,ON,1120659,1780912307087,1120663,1780912307091,1261656,1780912306436,27,2026-06-08T09:51:47.418492Z,,oasis/bottle
,,,0,,,local.mqtt.telegraf,44,42.85,,,08a6f769c348,08a6f769c348-320,320,08:A6:F7:69:C3:48,ON,1121219,1780912307647,1121231,1780912307659,1189676,1780912306356,27,2026-06-08T09:51:47.9734759Z,,oasis/bottle
,,,0,,,local.mqtt.telegraf,42,46.66,,,08a6f7bb3c68,08a6f7bb3c68-324,324,08:A6:F7:BB:3C:68,ON,1122999,1780912309427,1123004,1780912309432,1230876,1780912309365,27,2026-06-08T09:51:49.7601969Z,,oasis/bottle
,,,0,,,local.mqtt.telegraf,45,44.42,,,2cbcbb0d97a0,2cbcbb0d97a0-318,318,2C:BC:BB:0D:97:A0,ON,1123199,1780912309627,1123204,1780912309632,1209647,1780912309546,26,2026-06-08T09:51:49.9535152Z,,oasis/bottle
,,,0,,,local.mqtt.telegraf,43,27.45,,,08a6f75abdf0,08a6f75abdf0-324,324,08:A6:F7:5A:BD:F0,ON,1123449,1780912309877,1123453,1780912309881,1162677,1780912309706,27,2026-06-08T09:51:50.2036628Z,,oasis/bottle
,,,0,,,local.mqtt.telegraf,42,40.15,,,08a6f76bd428,08a6f76bd428-321,321,08:A6:F7:6B:D4:28,ON,1123859,1780912310287,1123863,1780912310291,1264857,1780912309706,27,2026-06-08T09:51:50.6147926Z,,oasis/bottle
,,,0,,,local.mqtt.telegraf,44,42.94,,,08a6f769c348,08a6f769c348-321,321,08:A6:F7:69:C3:48,ON,1124499,1780912310927,1124503,1780912310931,1192956,1780912309785,27,2026-06-08T09:51:51.2507568Z,,oasis/bottle
,,,0,,,local.mqtt.telegraf,42,46.62,,,08a6f7bb3c68,08a6f7bb3c68-325,325,08:A6:F7:BB:3C:68,ON,1126269,1780912312697,1126274,1780912312702,1234147,1780912312636,27,2026-06-08T09:51:53.0338533Z,,oasis/bottle
,,,0,,,local.mqtt.telegraf,45,44.01,,,2cbcbb0d97a0,2cbcbb0d97a0-319,319,2C:BC:BB:0D:97:A0,ON,1126449,1780912312877,1126453,1780912312881,1212897,1780912312796,26,2026-06-08T09:51:53.2018823Z,,oasis/bottle
,,,0,,,local.mqtt.telegraf,43,27.3,,,08a6f75abdf0,08a6f75abdf0-325,325,08:A6:F7:5A:BD:F0,ON,1126719,1780912313147,1126723,1780912313151,1165947,1780912312976,27,2026-06-08T09:51:53.4678625Z,,oasis/bottle
,,,0,,,local.mqtt.telegraf,42,40.19,,,08a6f76bd428,08a6f76bd428-322,322,08:A6:F7:6B:D4:28,ON,1127129,1780912313557,1127133,1780912313561,1268127,1780912312976,27,2026-06-08T09:51:53.8806355Z,,oasis/bottle
,,,0,,,local.mqtt.telegraf,44,42.98,,,08a6f769c348,08a6f769c348-322,322,08:A6:F7:69:C3:48,ON,1127689,1780912314117,1127693,1780912314121,1196146,1780912312975,27,2026-06-08T09:51:54.4489222Z,,oasis/bottle
,,,0,,,local.mqtt.telegraf,42,46.4,,,08a6f7bb3c68,08a6f7bb3c68-326,326,08:A6:F7:BB:3C:68,ON,1129679,1780912316107,1129683,1780912316111,1237556,1780912316045,27,2026-06-08T09:51:56.4452039Z,,oasis/bottle
,,,0,,,local.mqtt.telegraf,45,44.03,,,2cbcbb0d97a0,2cbcbb0d97a0-320,320,2C:BC:BB:0D:97:A0,ON,1129809,1780912316237,1129814,1780912316242,1216257,1780912316156,26,2026-06-08T09:51:56.5684161Z,,oasis/bottle
,,,0,,,local.mqtt.telegraf,43,27.29,,,08a6f75abdf0,08a6f75abdf0-326,326,08:A6:F7:5A:BD:F0,ON,1130129,1780912316557,1130133,1780912316561,1169356,1780912316385,27,2026-06-08T09:51:56.883625Z,,oasis/bottle
,,,0,,,local.mqtt.telegraf,42,39.94,,,08a6f76bd428,08a6f76bd428-323,323,08:A6:F7:6B:D4:28,ON,1130529,1780912316957,1130533,1780912316961,1271526,1780912316375,27,2026-06-08T09:51:57.3018182Z,,oasis/bottle
,,,0,,,local.mqtt.telegraf,44,42.86,,,08a6f769c348,08a6f769c348-323,323,08:A6:F7:69:C3:48,ON,1130929,1780912317357,1130933,1780912317361,1199386,1780912316215,27,2026-06-08T09:51:57.6856804Z,,oasis/bottle
,,,0,,,local.mqtt.telegraf,42,46.63,,,08a6f7bb3c68,08a6f7bb3c68-327,327,08:A6:F7:BB:3C:68,ON,1132899,1780912319327,1132903,1780912319331,1240776,1780912319265,27,2026-06-08T09:51:59.6645307Z,,oasis/bottle
,,,0,,,local.mqtt.telegraf,45,44.05,,,2cbcbb0d97a0,2cbcbb0d97a0-321,321,2C:BC:BB:0D:97:A0,ON,1133159,1780912319587,1133163,1780912319591,1219607,1780912319506,26,2026-06-08T09:51:59.9037092Z,,oasis/bottle
,,,0,,,local.mqtt.telegraf,43,27.36,,,08a6f75abdf0,08a6f75abdf0-327,327,08:A6:F7:5A:BD:F0,ON,1133329,1780912319757,1133333,1780912319761,1172557,1780912319666,27,2026-06-08T09:52:00.0735033Z,,oasis/bottle
,,,0,,,local.mqtt.telegraf,42,39.96,,,08a6f76bd428,08a6f76bd428-324,324,08:A6:F7:6B:D4:28,ON,1133719,1780912320147,1133723,1780912320151,1274716,1780912319734,27,2026-06-08T09:52:00.4685323Z,,oasis/bottle
,,,0,,,local.mqtt.telegraf,44,42.9,,,08a6f769c348,08a6f769c348-324,324,08:A6:F7:69:C3:48,ON,1134279,1780912320707,1134283,1780912320711,1202736,1780912319895,27,2026-06-08T09:52:01.0333981Z,,oasis/bottle
,,,0,,,local.mqtt.telegraf,42,46.63,,,08a6f7bb3c68,08a6f7bb3c68-328,328,08:A6:F7:BB:3C:68,ON,1136189,1780912322617,1136193,1780912322621,1244066,1780912322555,27,2026-06-08T09:52:02.9537111Z,,oasis/bottle
,,,0,,,local.mqtt.telegraf,45,43.92,,,2cbcbb0d97a0,2cbcbb0d97a0-322,322,2C:BC:BB:0D:97:A0,ON,1136489,1780912322917,1136493,1780912322921,1222937,1780912322836,26,2026-06-08T09:52:03.253797Z,,oasis/bottle
,,,0,,,local.mqtt.telegraf,43,27.64,,,08a6f75abdf0,08a6f75abdf0-328,328,08:A6:F7:5A:BD:F0,ON,1136600,1780912323028,1136604,1780912323032,1175827,1780912322936,27,2026-06-08T09:52:03.3578393Z,,oasis/bottle
,,,0,,,local.mqtt.telegraf,42,40.06,,,08a6f76bd428,08a6f76bd428-325,325,08:A6:F7:6B:D4:28,ON,1136969,1780912323397,1136973,1780912323401,1277966,1780912322984,27,2026-06-08T09:52:03.7193269Z,,oasis/bottle
,,,0,,,local.mqtt.telegraf,44,42.98,,,08a6f769c348,08a6f769c348-325,325,08:A6:F7:69:C3:48,ON,1137609,1780912324037,1137613,1780912324041,1206066,1780912323225,27,2026-06-08T09:52:04.3636337Z,,oasis/bottle
,,,0,,,local.mqtt.telegraf,42,46.2,,,08a6f7bb3c68,08a6f7bb3c68-329,329,08:A6:F7:BB:3C:68,ON,1139389,1780912325817,1139393,1780912325821,1247266,1780912325755,27,2026-06-08T09:52:06.1435974Z,,oasis/bottle
,,,0,,,local.mqtt.telegraf,43,27.7,,,08a6f75abdf0,08a6f75abdf0-329,329,08:A6:F7:5A:BD:F0,ON,1139796,1780912326224,1139801,1780912326229,1178997,1780912326106,27,2026-06-08T09:52:06.5234447Z,,oasis/bottle
,,,0,,,local.mqtt.telegraf,42,40.01,,,08a6f76bd428,08a6f76bd428-326,326,08:A6:F7:6B:D4:28,ON,1140329,1780912326757,1140333,1780912326761,1281326,1780912326344,27,2026-06-08T09:52:07.0833598Z,,oasis/bottle
,,,0,,,local.mqtt.telegraf,44,42.78,,,08a6f769c348,08a6f769c348-326,326,08:A6:F7:69:C3:48,ON,1140889,1780912327317,1140893,1780912327321,1209346,1780912326505,27,2026-06-08T09:52:07.6436536Z,,oasis/bottle
,,,0,,,local.mqtt.telegraf,42,46.51,,,08a6f7bb3c68,08a6f7bb3c68-330,330,08:A6:F7:BB:3C:68,ON,1142659,1780912329087,1142664,1780912329092,1250537,1780912329026,27,2026-06-08T09:52:09.4173962Z,,oasis/bottle
,,,0,,,local.mqtt.telegraf,43,27.48,,,08a6f75abdf0,08a6f75abdf0-330,330,08:A6:F7:5A:BD:F0,ON,1142985,1780912329413,1142990,1780912329418,1182196,1780912329315,27,2026-06-08T09:52:09.7163481Z,,oasis/bottle
,,,0,,,local.mqtt.telegraf,42,40.04,,,08a6f76bd428,08a6f76bd428-327,327,08:A6:F7:6B:D4:28,ON,1143679,1780912330107,1143684,1780912330112,1284676,1780912329935,27,2026-06-08T09:52:10.4435588Z,,oasis/bottle
,,,0,,,local.mqtt.telegraf,44,42.8,,,08a6f769c348,08a6f769c348-327,327,08:A6:F7:69:C3:48,ON,1144079,1780912330507,1144083,1780912330511,1212536,1780912329775,27,2026-06-08T09:52:10.8295019Z,,oasis/bottle
,,,0,,,local.mqtt.telegraf,42,46.5,,,08a6f7bb3c68,08a6f7bb3c68-331,331,08:A6:F7:BB:3C:68,ON,1145829,1780912332257,1145834,1780912332262,1253706,1780912332195,27,2026-06-08T09:52:12.5945772Z,,oasis/bottle
,,,0,,,local.mqtt.telegraf,43,27.05,,,08a6f75abdf0,08a6f75abdf0-331,331,08:A6:F7:5A:BD:F0,ON,1146237,1780912332665,1146242,1780912332670,1185467,1780912332586,27,2026-06-08T09:52:12.9633256Z,,oasis/bottle
,,,0,,,local.mqtt.telegraf,42,40.01,,,08a6f76bd428,08a6f76bd428-328,328,08:A6:F7:6B:D4:28,ON,1147009,1780912333437,1147013,1780912333441,1288006,1780912333265,27,2026-06-08T09:52:13.7592198Z,,oasis/bottle
,,,0,,,local.mqtt.telegraf,44,42.8,,,08a6f769c348,08a6f769c348-328,328,08:A6:F7:69:C3:48,ON,1147319,1780912333747,1147323,1780912333751,1215776,1780912333015,27,2026-06-08T09:52:14.0733257Z,,oasis/bottle
,,,0,,,local.mqtt.telegraf,42,46.59,,,08a6f7bb3c68,08a6f7bb3c68-332,332,08:A6:F7:BB:3C:68,ON,1149029,1780912335457,1149033,1780912335461,1256906,1780912335395,27,2026-06-08T09:52:15.7939267Z,,oasis/bottle
,,,0,,,local.mqtt.telegraf,45,44.05,,,2cbcbb0d97a0,2cbcbb0d97a0-326,326,2C:BC:BB:0D:97:A0,ON,1149569,1780912335997,1149574,1780912336002,1236016,1780912335915,26,2026-06-08T09:52:16.3234487Z,,oasis/bottle
,,,0,,,local.mqtt.telegraf,43,26.88,,,08a6f75abdf0,08a6f75abdf0-332,332,08:A6:F7:5A:BD:F0,ON,1149649,1780912336077,1149653,1780912336081,1188876,1780912335995,27,2026-06-08T09:52:16.4049966Z,,oasis/bottle
,,,0,,,local.mqtt.telegraf,42,39.82,,,08a6f76bd428,08a6f76bd428-329,329,08:A6:F7:6B:D4:28,ON,1150289,1780912336717,1150293,1780912336721,1291286,1780912336545,27,2026-06-08T09:52:17.0333712Z,,oasis/bottle
,,,0,,,local.mqtt.telegraf,44,42.7,,,08a6f769c348,08a6f769c348-329,329,08:A6:F7:69:C3:48,ON,1150669,1780912337097,1150673,1780912337101,1219126,1780912336365,27,2026-06-08T09:52:17.4318801Z,,oasis/bottle
,,,0,,,local.mqtt.telegraf,41,46.55,,,08a6f7bb3c68,08a6f7bb3c68-333,333,08:A6:F7:BB:3C:68,ON,1152299,1780912338727,1152303,1780912338731,1260177,1780912338666,27,2026-06-08T09:52:19.0535102Z,,oasis/bottle
,,,0,,,local.mqtt.telegraf,43,26.77,,,08a6f75abdf0,08a6f75abdf0-333,333,08:A6:F7:5A:BD:F0,ON,1152849,1780912339277,1152853,1780912339281,1192077,1780912339197,27,2026-06-08T09:52:19.6036173Z,,oasis/bottle
,,,0,,,local.mqtt.telegraf,45,43.99,,,2cbcbb0d97a0,2cbcbb0d97a0-327,327,2C:BC:BB:0D:97:A0,ON,1152911,1780912339339,1152916,1780912339344,1239367,1780912339267,26,2026-06-08T09:52:19.6414577Z,,oasis/bottle
,,,0,,,local.mqtt.telegraf,42,40.05,,,08a6f76bd428,08a6f76bd428-330,330,08:A6:F7:6B:D4:28,ON,1153479,1780912339907,1153483,1780912339911,1294476,1780912339806,27,2026-06-08T09:52:20.2282391Z,,oasis/bottle
,,,0,,,local.mqtt.telegraf,44,43.02,,,08a6f769c348,08a6f769c348-330,330,08:A6:F7:69:C3:48,ON,1153999,1780912340427,1154003,1780912340431,1222456,1780912339946,27,2026-06-08T09:52:20.7433056Z,,oasis/bottle
,,,0,,,local.mqtt.telegraf,42,46.69,,,08a6f7bb3c68,08a6f7bb3c68-334,334,08:A6:F7:BB:3C:68,ON,1155479,1780912341907,1155483,1780912341911,1263356,1780912339786,27,2026-06-08T09:52:22.243368Z,,oasis/bottle
,,,0,,,local.mqtt.telegraf,43,26.98,,,08a6f75abdf0,08a6f75abdf0-334,334,08:A6:F7:5A:BD:F0,ON,1156119,1780912342547,1156123,1780912342551,1195347,1780912342467,27,2026-06-08T09:52:22.8704849Z,,oasis/bottle
,,,0,,,local.mqtt.telegraf,45,43.96,,,2cbcbb0d97a0,2cbcbb0d97a0-328,328,2C:BC:BB:0D:97:A0,ON,1156249,1780912342677,1156254,1780912342682,1242696,1780912342596,26,2026-06-08T09:52:22.9931589Z,,oasis/bottle
,,,0,,,local.mqtt.telegraf,42,39.76,,,08a6f76bd428,08a6f76bd428-331,331,08:A6:F7:6B:D4:28,ON,1156729,1780912343157,1156733,1780912343161,1297726,1780912343056,27,2026-06-08T09:52:23.4833623Z,,oasis/bottle
,,,0,,,local.mqtt.telegraf,44,42.67,,,08a6f769c348,08a6f769c348-331,331,08:A6:F7:69:C3:48,ON,1157289,1780912343717,1157293,1780912343721,1225746,1780912343236,27,2026-06-08T09:52:24.0432892Z,,oasis/bottle
,,,0,,,local.mqtt.telegraf,42,46.44,,,08a6f7bb3c68,08a6f7bb3c68-335,335,08:A6:F7:BB:3C:68,ON,1158689,1780912345117,1158693,1780912345121,1266566,1780912342996,27,2026-06-08T09:52:25.4490804Z,,oasis/bottle
,,,0,,,local.mqtt.telegraf,43,27.33,,,08a6f75abdf0,08a6f75abdf0-335,335,08:A6:F7:5A:BD:F0,ON,1159556,1780912345984,1159561,1780912345989,1198757,1780912345877,27,2026-06-08T09:52:26.2834007Z,,oasis/bottle
,,,0,,,local.mqtt.telegraf,42,39.77,,,08a6f76bd428,08a6f76bd428-332,332,08:A6:F7:6B:D4:28,ON,1160089,1780912346517,1160093,1780912346521,1301086,1780912346416,27,2026-06-08T09:52:26.8433281Z,,oasis/bottle
,,,0,,,local.mqtt.telegraf,44,42.8,,,08a6f769c348,08a6f769c348-332,332,08:A6:F7:69:C3:48,ON,1160488,1780912346917,1160493,1780912346921,1228946,1780912346436,27,2026-06-08T09:52:27.2447911Z,,oasis/bottle
,,,0,,,local.mqtt.telegraf,42,46.53,,,08a6f7bb3c68,08a6f7bb3c68-336,336,08:A6:F7:BB:3C:68,ON,1161989,1780912348417,1161993,1780912348421,1269866,1780912346296,27,2026-06-08T09:52:28.759374Z,,oasis/bottle
,,,0,,,local.mqtt.telegraf,43,27.44,,,08a6f75abdf0,08a6f75abdf0-336,336,08:A6:F7:5A:BD:F0,ON,1162746,1780912349174,1162751,1780912349179,1201957,1780912349077,27,2026-06-08T09:52:29.4731988Z,,oasis/bottle
,,,0,,,local.mqtt.telegraf,43,39.85,,,08a6f76bd428,08a6f76bd428-333,333,08:A6:F7:6B:D4:28,ON,1163439,1780912349867,1163443,1780912349871,1304436,1780912349795,27,2026-06-08T09:52:30.1910894Z,,oasis/bottle
,,,0,,,local.mqtt.telegraf,44,42.91,,,08a6f769c348,08a6f769c348-333,333,08:A6:F7:69:C3:48,ON,1163766,1780912350194,1163771,1780912350199,1232216,1780912349916,27,2026-06-08T09:52:30.5177977Z,,oasis/bottle
,,,0,,,local.mqtt.telegraf,42,46.47,,,08a6f7bb3c68,08a6f7bb3c68-337,337,08:A6:F7:BB:3C:68,ON,1165209,1780912351637,1165213,1780912351641,1273086,1780912349866,27,2026-06-08T09:52:31.9790004Z,,oasis/bottle
,,,0,,,local.mqtt.telegraf,45,44.01,,,2cbcbb0d97a0,2cbcbb0d97a0-331,331,2C:BC:BB:0D:97:A0,ON,1165959,1780912352387,1165963,1780912352391,1252407,1780912352307,26,2026-06-08T09:52:32.71338Z,,oasis/bottle
,,,0,,,local.mqtt.telegraf,43,27.59,,,08a6f75abdf0,08a6f75abdf0-337,337,08:A6:F7:5A:BD:F0,ON,1165999,1780912352427,1166003,1780912352431,1205227,1780912352347,27,2026-06-08T09:52:32.7495273Z,,oasis/bottle
,,,0,,,local.mqtt.telegraf,43,40.17,,,08a6f76bd428,08a6f76bd428-334,334,08:A6:F7:6B:D4:28,ON,1166759,1780912353187,1166763,1780912353191,1307756,1780912353115,27,2026-06-08T09:52:33.5234919Z,,oasis/bottle
,,,0,,,local.mqtt.telegraf,44,42.72,,,08a6f769c348,08a6f769c348-334,334,08:A6:F7:69:C3:48,ON,1167169,1780912353597,1167173,1780912353601,1235626,1780912353326,27,2026-06-08T09:52:33.9171775Z,,oasis/bottle
,,,0,,,local.mqtt.telegraf,42,46.63,,,08a6f7bb3c68,08a6f7bb3c68-338,338,08:A6:F7:BB:3C:68,ON,1168519,1780912354947,1168523,1780912354951,1276396,1780912353176,27,2026-06-08T09:52:35.2810919Z,,oasis/bottle
,,,0,,,local.mqtt.telegraf,46,44.05,,,2cbcbb0d97a0,2cbcbb0d97a0-332,332,2C:BC:BB:0D:97:A0,ON,1169309,1780912355737,1169313,1780912355741,1255756,1780912355656,26,2026-06-08T09:52:36.0644461Z,,oasis/bottle
,,,0,,,local.mqtt.telegraf,43,27.67,,,08a6f75abdf0,08a6f75abdf0-338,338,08:A6:F7:5A:BD:F0,ON,1169409,1780912355837,1169413,1780912355841,1208637,1780912355757,27,2026-06-08T09:52:36.1687715Z,,oasis/bottle
,,,0,,,local.mqtt.telegraf,43,39.85,,,08a6f76bd428,08a6f76bd428-335,335,08:A6:F7:6B:D4:28,ON,1170029,1780912356457,1170033,1780912356461,1311027,1780912356386,27,2026-06-08T09:52:36.7850421Z,,oasis/bottle
,,,0,,,local.mqtt.telegraf,44,42.75,,,08a6f769c348,08a6f769c348-335,335,08:A6:F7:69:C3:48,ON,1170368,1780912356797,1170373,1780912356801,1238826,1780912356526,27,2026-06-08T09:52:37.1133521Z,,oasis/bottle
,,,0,,,local.mqtt.telegraf,42,46.65,,,08a6f7bb3c68,08a6f7bb3c68-339,339,08:A6:F7:BB:3C:68,ON,1171759,1780912358187,1171763,1780912358191,1279636,1780912356416,27,2026-06-08T09:52:38.5161878Z,,oasis/bottle
,,,0,,,local.mqtt.telegraf,43,27.6,,,08a6f75abdf0,08a6f75abdf0-339,339,08:A6:F7:5A:BD:F0,ON,1172609,1780912359037,1172613,1780912359041,1211837,1780912358957,27,2026-06-08T09:52:39.3651673Z,,oasis/bottle
,,,0,,,local.mqtt.telegraf,46,44.04,,,2cbcbb0d97a0,2cbcbb0d97a0-333,333,2C:BC:BB:0D:97:A0,ON,1172659,1780912359087,1172667,1780912359095,1259108,1780912359008,26,2026-06-08T09:52:39.40322Z,,oasis/bottle
,,,0,,,local.mqtt.telegraf,43,39.96,,,08a6f76bd428,08a6f76bd428-336,336,08:A6:F7:6B:D4:28,ON,1173439,1780912359867,1173443,1780912359871,1314437,1780912359796,27,2026-06-08T09:52:40.1931853Z,,oasis/bottle
,,,0,,,local.mqtt.telegraf,44,42.97,,,08a6f769c348,08a6f769c348-336,336,08:A6:F7:69:C3:48,ON,1173639,1780912360067,1173643,1780912360071,1242096,1780912359946,27,2026-06-08T09:52:40.3911102Z,,oasis/bottle
,,,0,,,local.mqtt.telegraf,42,46.44,,,08a6f7bb3c68,08a6f7bb3c68-340,340,08:A6:F7:BB:3C:68,ON,1175109,1780912361537,1175113,1780912361541,1282986,1780912360025,27,2026-06-08T09:52:41.8721838Z,,oasis/bottle
,,,0,,,local.mqtt.telegraf,43,27.72,,,08a6f75abdf0,08a6f75abdf0-340,340,08:A6:F7:5A:BD:F0,ON,1175879,1780912362307,1175883,1780912362311,1215107,1780912359947,27,2026-06-08T09:52:42.6233802Z,,oasis/bottle
,,,0,,,local.mqtt.telegraf,46,43.99,,,2cbcbb0d97a0,2cbcbb0d97a0-334,334,2C:BC:BB:0D:97:A0,ON,1175969,1780912362397,1175974,1780912362403,1262416,1780912362316,26,2026-06-08T09:52:42.7209765Z,,oasis/bottle
,,,0,,,local.mqtt.telegraf,43,39.96,,,08a6f76bd428,08a6f76bd428-337,337,08:A6:F7:6B:D4:28,ON,1176639,1780912363067,1176643,1780912363071,1317636,1780912362995,27,2026-06-08T09:52:43.3977296Z,,oasis/bottle
,,,0,,,local.mqtt.telegraf,44,42.82,,,08a6f769c348,08a6f769c348-337,337,08:A6:F7:69:C3:48,ON,1177039,1780912363467,1177043,1780912363471,1245496,1780912363346,27,2026-06-08T09:52:43.7850718Z,,oasis/bottle
,,,0,,,local.mqtt.telegraf,42,46.51,,,08a6f7bb3c68,08a6f7bb3c68-341,341,08:A6:F7:BB:3C:68,ON,1178429,1780912364857,1178433,1780912364861,1286307,1780912363346,27,2026-06-08T09:52:45.1930876Z,,oasis/bottle
,,,0,,,local.mqtt.telegraf,46,43.88,,,2cbcbb0d97a0,2cbcbb0d97a0-335,335,2C:BC:BB:0D:97:A0,ON,1179209,1780912365637,1179213,1780912365641,1265656,1780912365556,26,2026-06-08T09:52:45.9592392Z,,oasis/bottle
,,,0,,,local.mqtt.telegraf,43,27.65,,,08a6f75abdf0,08a6f75abdf0-341,341,08:A6:F7:5A:BD:F0,ON,1179279,1780912365707,1179283,1780912365711,1218507,1780912363347,27,2026-06-08T09:52:45.9978588Z,,oasis/bottle
,,,0,,,local.mqtt.telegraf,43,39.96,,,08a6f76bd428,08a6f76bd428-338,338,08:A6:F7:6B:D4:28,ON,1179909,1780912366337,1179913,1780912366341,1320907,1780912366266,27,2026-06-08T09:52:46.6630031Z,,oasis/bottle
,,,0,,,local.mqtt.telegraf,44,43.01,,,08a6f769c348,08a6f769c348-338,338,08:A6:F7:69:C3:48,ON,1180229,1780912366657,1180233,1780912366661,1248686,1780912366536,27,2026-06-08T09:52:46.9831836Z,,oasis/bottle
,,,0,,,local.mqtt.telegraf,42,46.44,,,08a6f7bb3c68,08a6f7bb3c68-342,342,08:A6:F7:BB:3C:68,ON,1181699,1780912368127,1181703,1780912368131,1289577,1780912366616,27,2026-06-08T09:52:48.4616905Z,,oasis/bottle
,,,0,,,local.mqtt.telegraf,43,27.68,,,08a6f75abdf0,08a6f75abdf0-342,342,08:A6:F7:5A:BD:F0,ON,1182469,1780912368897,1182473,1780912368901,1221696,1780912366536,27,2026-06-08T09:52:49.223198Z,,oasis/bottle
,,,0,,,local.mqtt.telegraf,46,43.99,,,2cbcbb0d97a0,2cbcbb0d97a0-336,336,2C:BC:BB:0D:97:A0,ON,1182549,1780912368977,1182553,1780912368981,1268996,1780912368896,26,2026-06-08T09:52:49.301217Z,,oasis/bottle
,,,0,,,local.mqtt.telegraf,43,40.05,,,08a6f76bd428,08a6f76bd428-339,339,08:A6:F7:6B:D4:28,ON,1183319,1780912369747,1183323,1780912369751,1324317,1780912369677,27,2026-06-08T09:52:50.0634291Z,,oasis/bottle
,,,0,,,local.mqtt.telegraf,44,42.76,,,08a6f769c348,08a6f769c348-339,339,08:A6:F7:69:C3:48,ON,1183469,1780912369897,1183473,1780912369901,1251926,1780912369816,27,2026-06-08T09:52:50.2188506Z,,oasis/bottle
,,,0,,,local.mqtt.telegraf,42,46.63,,,08a6f7bb3c68,08a6f7bb3c68-343,343,08:A6:F7:BB:3C:68,ON,1185109,1780912371537,1185113,1780912371541,1292986,1780912370116,27,2026-06-08T09:52:51.8675956Z,,oasis/bottle
,,,0,,,local.mqtt.telegraf,43,27.74,,,08a6f75abdf0,08a6f75abdf0-343,343,08:A6:F7:5A:BD:F0,ON,1185719,1780912372147,1185723,1780912372151,1224947,1780912369957,27,2026-06-08T09:52:52.4710685Z,,oasis/bottle
,,,0,,,local.mqtt.telegraf,46,43.81,,,2cbcbb0d97a0,2cbcbb0d97a0-337,337,2C:BC:BB:0D:97:A0,ON,1185859,1780912372287,1185863,1780912372291,1272307,1780912370017,26,2026-06-08T09:52:52.6136255Z,,oasis/bottle
,,,0,,,local.mqtt.telegraf,43,39.76,,,08a6f76bd428,08a6f76bd428-340,340,08:A6:F7:6B:D4:28,ON,1186519,1780912372947,1186523,1780912372951,1327516,1780912372876,27,2026-06-08T09:52:53.2655084Z,,oasis/bottle
,,,0,,,local.mqtt.telegraf,44,42.97,,,08a6f769c348,08a6f769c348-340,340,08:A6:F7:69:C3:48,ON,1186819,1780912373247,1186823,1780912373251,1255276,1780912373166,27,2026-06-08T09:52:53.5631327Z,,oasis/bottle
,,,0,,,local.mqtt.telegraf,42,46.5,,,08a6f7bb3c68,08a6f7bb3c68-344,344,08:A6:F7:BB:3C:68,ON,1188309,1780912374737,1188313,1780912374741,1296186,1780912373316,27,2026-06-08T09:52:55.0673045Z,,oasis/bottle
,,,0,,,local.mqtt.telegraf,46,43.66,,,2cbcbb0d97a0,2cbcbb0d97a0-338,338,2C:BC:BB:0D:97:A0,ON,1189107,1780912375535,1189111,1780912375539,1275556,1780912373266,26,2026-06-08T09:52:55.8233429Z,,oasis/bottle
,,,0,,,local.mqtt.telegraf,43,39.89,,,08a6f76bd428,08a6f76bd428-341,341,08:A6:F7:6B:D4:28,ON,1189789,1780912376217,1189793,1780912376221,1330787,1780912376147,27,2026-06-08T09:52:56.5630235Z,,oasis/bottle
,,,0,,,local.mqtt.telegraf,44,42.71,,,08a6f769c348,08a6f769c348-341,341,08:A6:F7:69:C3:48,ON,1190149,1780912376577,1190153,1780912376581,1258606,1780912376496,27,2026-06-08T09:52:56.899786Z,,oasis/bottle
,,,0,,,local.mqtt.telegraf,42,46.75,,,08a6f7bb3c68,08a6f7bb3c68-345,345,08:A6:F7:BB:3C:68,ON,1191579,1780912378007,1191583,1780912378011,1299456,1780912376586,27,2026-06-08T09:52:58.3389734Z,,oasis/bottle
,,,0,,,local.mqtt.telegraf,43,27.72,,,08a6f75abdf0,08a6f75abdf0-345,345,08:A6:F7:5A:BD:F0,ON,1192429,1780912378857,1192433,1780912378861,1231657,1780912376667,27,2026-06-08T09:52:59.1889893Z,,oasis/bottle
,,,0,,,local.mqtt.telegraf,46,43.84,,,2cbcbb0d97a0,2cbcbb0d97a0-339,339,2C:BC:BB:0D:97:A0,ON,1192468,1780912378897,1192480,1780912378909,1278916,1780912376626,26,2026-06-08T09:52:59.2305661Z,,oasis/bottle
,,,0,,,local.mqtt.telegraf,43,39.96,,,08a6f76bd428,08a6f76bd428-342,342,08:A6:F7:6B:D4:28,ON,1193189,1780912379617,1193193,1780912379621,1334187,1780912379546,27,2026-06-08T09:52:59.9333606Z,,oasis/bottle
,,,0,,,local.mqtt.telegraf,44,42.71,,,08a6f769c348,08a6f769c348-342,342,08:A6:F7:69:C3:48,ON,1193429,1780912379857,1193433,1780912379861,1261886,1780912379776,27,2026-06-08T09:53:00.1810609Z,,oasis/bottle
,,,0,,,local.mqtt.telegraf,42,46.23,,,08a6f7bb3c68,08a6f7bb3c68-346,346,08:A6:F7:BB:3C:68,ON,1194979,1780912381407,1194983,1780912381411,1302857,1780912380137,27,2026-06-08T09:53:01.7350897Z,,oasis/bottle
,,,0,,,local.mqtt.telegraf,43,27.75,,,08a6f75abdf0,08a6f75abdf0-346,346,08:A6:F7:5A:BD:F0,ON,1195759,1780912382187,1195763,1780912382191,1234987,1780912380067,27,2026-06-08T09:53:02.5130375Z,,oasis/bottle
,,,0,,,local.mqtt.telegraf,46,44.07,,,2cbcbb0d97a0,2cbcbb0d97a0-340,340,2C:BC:BB:0D:97:A0,ON,1195811,1780912382239,1195815,1780912382243,1282267,1780912380087,26,2026-06-08T09:53:02.5531523Z,,oasis/bottle
,,,0,,,local.mqtt.telegraf,43,39.76,,,08a6f76bd428,08a6f76bd428-343,343,08:A6:F7:6B:D4:28,ON,1196379,1780912382807,1196383,1780912382811,1337376,1780912382735,27,2026-06-08T09:53:03.1229532Z,,oasis/bottle
,,,0,,,local.mqtt.telegraf,44,42.8,,,08a6f769c348,08a6f769c348-343,343,08:A6:F7:69:C3:48,ON,1196619,1780912383047,1196624,1780912383052,1265076,1780912382966,27,2026-06-08T09:53:03.371209Z,,oasis/bottle
,,,0,,,local.mqtt.telegraf,42,46.38,,,08a6f7bb3c68,08a6f7bb3c68-347,347,08:A6:F7:BB:3C:68,ON,1198169,1780912384597,1198173,1780912384601,1306046,1780912383326,27,2026-06-08T09:53:04.9234089Z,,oasis/bottle
,,,0,,,local.mqtt.telegraf,43,27.78,,,08a6f75abdf0,08a6f75abdf0-347,347,08:A6:F7:5A:BD:F0,ON,1199039,1780912385467,1199043,1780912385471,1238267,1780912383347,27,2026-06-08T09:53:05.7930499Z,,oasis/bottle
,,,0,,,local.mqtt.telegraf,46,43.91,,,2cbcbb0d97a0,2cbcbb0d97a0-341,341,2C:BC:BB:0D:97:A0,ON,1199149,1780912385577,1199153,1780912385581,1285597,1780912383417,26,2026-06-08T09:53:05.9045549Z,,oasis/bottle
,,,0,,,local.mqtt.telegraf,43,39.73,,,08a6f76bd428,08a6f76bd428-344,344,08:A6:F7:6B:D4:28,ON,1199629,1780912386057,1199633,1780912386061,1340626,1780912385985,27,2026-06-08T09:53:06.3772694Z,,oasis/bottle
,,,0,,,local.mqtt.telegraf,44,42.9,,,08a6f769c348,08a6f769c348-344,344,08:A6:F7:69:C3:48,ON,1199869,1780912386297,1199873,1780912386301,1268326,1780912386216,27,2026-06-08T09:53:06.6229744Z,,oasis/bottle
,,,0,,,local.mqtt.telegraf,42,46.69,,,08a6f7bb3c68,08a6f7bb3c68-348,348,08:A6:F7:BB:3C:68,ON,1201419,1780912387847,1201423,1780912387851,1309296,1780912386576,27,2026-06-08T09:53:08.1767049Z,,oasis/bottle
,,,0,,,local.mqtt.telegraf,43,27.9,,,08a6f75abdf0,08a6f75abdf0-348,348,08:A6:F7:5A:BD:F0,ON,1202229,1780912388657,1202233,1780912388661,1241457,1780912386537,27,2026-06-08T09:53:08.9788202Z,,oasis/bottle
,,,0,,,local.mqtt.telegraf,46,43.96,,,2cbcbb0d97a0,2cbcbb0d97a0-342,342,2C:BC:BB:0D:97:A0,ON,1202429,1780912388857,1202433,1780912388861,1288876,1780912386696,26,2026-06-08T09:53:09.1730497Z,,oasis/bottle
,,,0,,,local.mqtt.telegraf,43,39.74,,,08a6f76bd428,08a6f76bd428-345,345,08:A6:F7:6B:D4:28,ON,1202989,1780912389417,1202993,1780912389421,1343987,1780912389346,27,2026-06-08T09:53:09.7442317Z,,oasis/bottle
,,,0,,,local.mqtt.telegraf,44,42.72,,,08a6f769c348,08a6f769c348-345,345,08:A6:F7:69:C3:48,ON,1203229,1780912389657,1203233,1780912389661,1271686,1780912389576,27,2026-06-08T09:53:09.979984Z,,oasis/bottle
,,,0,,,local.mqtt.telegraf,42,46.57,,,08a6f7bb3c68,08a6f7bb3c68-349,349,08:A6:F7:BB:3C:68,ON,1204779,1780912391207,1204783,1780912391211,1312657,1780912390127,27,2026-06-08T09:53:11.5438428Z,,oasis/bottle
,,,0,,,local.mqtt.telegraf,43,27.76,,,08a6f75abdf0,08a6f75abdf0-349,349,08:A6:F7:5A:BD:F0,ON,1205479,1780912391907,1205483,1780912391911,1244707,1780912390017,27,2026-06-08T09:53:12.2282336Z,,oasis/bottle
,,,0,,,local.mqtt.telegraf,46,44.05,,,2cbcbb0d97a0,2cbcbb0d97a0-343,343,2C:BC:BB:0D:97:A0,ON,1205610,1780912392039,1205615,1780912392043,1292067,1780912389957,26,2026-06-08T09:53:12.3646475Z,,oasis/bottle
,,,0,,,local.mqtt.telegraf,43,39.82,,,08a6f76bd428,08a6f76bd428-346,346,08:A6:F7:6B:D4:28,ON,1206339,1780912392767,1206343,1780912392771,1347336,1780912392695,27,2026-06-08T09:53:13.0934132Z,,oasis/bottle
,,,0,,,local.mqtt.telegraf,44,42.67,,,08a6f769c348,08a6f769c348-346,346,08:A6:F7:69:C3:48,ON,1206579,1780912393007,1206583,1780912393011,1275036,1780912392926,27,2026-06-08T09:53:13.3276881Z,,oasis/bottle
,,,0,,,local.mqtt.telegraf,42,46.26,,,08a6f7bb3c68,08a6f7bb3c68-350,350,08:A6:F7:BB:3C:68,ON,1208139,1780912394567,1208143,1780912394571,1316016,1780912393486,27,2026-06-08T09:53:14.893369Z,,oasis/bottle
,,,0,,,local.mqtt.telegraf,46,43.77,,,2cbcbb0d97a0,2cbcbb0d97a0-344,344,2C:BC:BB:0D:97:A0,ON,1208875,1780912395303,1208880,1780912395308,1295306,1780912393196,26,2026-06-08T09:53:15.6072937Z,,oasis/bottle
,,,0,,,local.mqtt.telegraf,43,39.62,,,08a6f76bd428,08a6f76bd428-347,347,08:A6:F7:6B:D4:28,ON,1209669,1780912396097,1209673,1780912396101,1350666,1780912396025,27,2026-06-08T09:53:16.4163096Z,,oasis/bottle
,,,0,,,local.mqtt.telegraf,44,42.75,,,08a6f769c348,08a6f769c348-347,347,08:A6:F7:69:C3:48,ON,1209909,1780912396337,1209913,1780912396341,1278366,1780912396256,27,2026-06-08T09:53:16.6532252Z,,oasis/bottle
,,,0,,,local.mqtt.telegraf,43,46.14,,,08a6f7bb3c68,08a6f7bb3c68-351,351,08:A6:F7:BB:3C:68,ON,1211479,1780912397907,1211483,1780912397911,1319356,1780912396826,27,2026-06-08T09:53:18.2372444Z,,oasis/bottle
,,,0,,,local.mqtt.telegraf,46,43.85,,,2cbcbb0d97a0,2cbcbb0d97a0-345,345,2C:BC:BB:0D:97:A0,ON,1212235,1780912398663,1212240,1780912398668,1298656,1780912396546,26,2026-06-08T09:53:18.9530082Z,,oasis/bottle
,,,0,,,local.mqtt.telegraf,43,39.62,,,08a6f76bd428,08a6f76bd428-348,348,08:A6:F7:6B:D4:28,ON,1212959,1780912399387,1212963,1780912399391,1353957,1780912399317,27,2026-06-08T09:53:19.7160213Z,,oasis/bottle
,,,0,,,local.mqtt.telegraf,44,42.74,,,08a6f769c348,08a6f769c348-348,348,08:A6:F7:69:C3:48,ON,1213189,1780912399617,1213193,1780912399621,1281646,1780912399526,27,2026-06-08T09:53:19.933072Z,,oasis/bottle
,,,0,,,local.mqtt.telegraf,42,46.5,,,08a6f7bb3c68,08a6f7bb3c68-352,352,08:A6:F7:BB:3C:68,ON,1214779,1780912401207,1214783,1780912401211,1322657,1780912400097,27,2026-06-08T09:53:21.5352517Z,,oasis/bottle
,,,0,,,local.mqtt.telegraf,43,27.86,,,08a6f75abdf0,08a6f75abdf0-352,352,08:A6:F7:5A:BD:F0,ON,1215578,1780912402006,1215583,1780912402011,1254777,1780912400137,27,2026-06-08T09:53:22.3058163Z,,oasis/bottle
,,,0,,,local.mqtt.telegraf,43,39.73,,,08a6f76bd428,08a6f76bd428-349,349,08:A6:F7:6B:D4:28,ON,1216159,1780912402587,1216163,1780912402591,1357156,1780912402516,27,2026-06-08T09:53:22.911872Z,,oasis/bottle
,,,0,,,local.mqtt.telegraf,44,42.67,,,08a6f769c348,08a6f769c348-349,349,08:A6:F7:69:C3:48,ON,1216379,1780912402807,1216383,1780912402811,1284836,1780912402716,27,2026-06-08T09:53:23.1349042Z,,oasis/bottle
,,,0,,,local.mqtt.telegraf,43,46.23,,,08a6f7bb3c68,08a6f7bb3c68-353,353,08:A6:F7:BB:3C:68,ON,1218009,1780912404437,1218013,1780912404441,1325887,1780912403327,27,2026-06-08T09:53:24.7720277Z,,oasis/bottle
,,,0,,,local.mqtt.telegraf,43,27.92,,,08a6f75abdf0,08a6f75abdf0-353,353,08:A6:F7:5A:BD:F0,ON,1218867,1780912405296,1218872,1780912405300,1258087,1780912403447,27,2026-06-08T09:53:25.5932048Z,,oasis/bottle
,,,0,,,local.mqtt.telegraf,43,39.73,,,08a6f76bd428,08a6f76bd428-350,350,08:A6:F7:6B:D4:28,ON,1219429,1780912405857,1219433,1780912405861,1360426,1780912405786,27,2026-06-08T09:53:26.1729467Z,,oasis/bottle
,,,0,,,local.mqtt.telegraf,44,42.7,,,08a6f769c348,08a6f769c348-350,350,08:A6:F7:69:C3:48,ON,1219619,1780912406047,1219623,1780912406051,1288076,1780912405956,27,2026-06-08T09:53:26.3678493Z,,oasis/bottle
,,,0,,,local.mqtt.telegraf,42,46.34,,,08a6f7bb3c68,08a6f7bb3c68-354,354,08:A6:F7:BB:3C:68,ON,1221329,1780912407757,1221341,1780912407769,1329206,1780912406646,27,2026-06-08T09:53:28.0941983Z,,oasis/bottle
,,,0,,,local.mqtt.telegraf,46,43.87,,,2cbcbb0d97a0,2cbcbb0d97a0-348,348,2C:BC:BB:0D:97:A0,ON,1222049,1780912408477,1222053,1780912408481,1308496,1780912406626,26,2026-06-08T09:53:28.8014298Z,,oasis/bottle
,,,0,,,local.mqtt.telegraf,43,27.76,,,08a6f75abdf0,08a6f75abdf0-354,354,08:A6:F7:5A:BD:F0,ON,1222110,1780912408538,1222114,1780912408542,1261337,1780912406697,27,2026-06-08T09:53:28.8330112Z,,oasis/bottle
,,,0,,,local.mqtt.telegraf,43,39.77,,,08a6f76bd428,08a6f76bd428-351,351,08:A6:F7:6B:D4:28,ON,1222829,1780912409257,1222833,1780912409261,1363826,1780912409185,27,2026-06-08T09:53:29.5765906Z,,oasis/bottle
,,,0,,,local.mqtt.telegraf,44,42.9,,,08a6f769c348,08a6f769c348-351,351,08:A6:F7:69:C3:48,ON,1222969,1780912409397,1222973,1780912409401,1291426,1780912409316,27,2026-06-08T09:53:29.7272508Z,,oasis/bottle
,,,0,,,local.mqtt.telegraf,42,46.32,,,08a6f7bb3c68,08a6f7bb3c68-355,355,08:A6:F7:BB:3C:68,ON,1224599,1780912411027,1224603,1780912411031,1332477,1780912410097,27,2026-06-08T09:53:31.3610511Z,,oasis/bottle
,,,0,,,local.mqtt.telegraf,46,43.8,,,2cbcbb0d97a0,2cbcbb0d97a0-349,349,2C:BC:BB:0D:97:A0,ON,1225339,1780912411767,1225343,1780912411771,1311787,1780912410117,26,2026-06-08T09:53:32.0887859Z,,oasis/bottle
,,,0,,,local.mqtt.telegraf,43,27.92,,,08a6f75abdf0,08a6f75abdf0-355,355,08:A6:F7:5A:BD:F0,ON,1225469,1780912411897,1225474,1780912411902,1264697,1780912410187,27,2026-06-08T09:53:32.2229444Z,,oasis/bottle
,,,0,,,local.mqtt.telegraf,43,39.7,,,08a6f76bd428,08a6f76bd428-352,352,08:A6:F7:6B:D4:28,ON,1226019,1780912412447,1226023,1780912412452,1367016,1780912412375,27,2026-06-08T09:53:32.775277Z,,oasis/bottle
,,,0,,,local.mqtt.telegraf,44,42.55,,,08a6f769c348,08a6f769c348-352,352,08:A6:F7:69:C3:48,ON,1226309,1780912412737,1226313,1780912412741,1294766,1780912412656,27,2026-06-08T09:53:33.0672727Z,,oasis/bottle
,,,0,,,local.mqtt.telegraf,42,46.51,,,08a6f7bb3c68,08a6f7bb3c68-356,356,08:A6:F7:BB:3C:68,ON,1228009,1780912414437,1228013,1780912414441,1335886,1780912413506,27,2026-06-08T09:53:34.7688306Z,,oasis/bottle
,,,0,,,local.mqtt.telegraf,46,43.83,,,2cbcbb0d97a0,2cbcbb0d97a0-350,350,2C:BC:BB:0D:97:A0,ON,1228549,1780912414977,1228554,1780912414982,1314997,1780912413327,26,2026-06-08T09:53:35.3030451Z,,oasis/bottle
,,,0,,,local.mqtt.telegraf,43,27.92,,,08a6f75abdf0,08a6f75abdf0-356,356,08:A6:F7:5A:BD:F0,ON,1228819,1780912415247,1228823,1780912415251,1268047,1780912413537,27,2026-06-08T09:53:35.5630663Z,,oasis/bottle
,,,0,,,local.mqtt.telegraf,43,39.72,,,08a6f76bd428,08a6f76bd428-353,353,08:A6:F7:6B:D4:28,ON,1229269,1780912415697,1229273,1780912415701,1370266,1780912415625,27,2026-06-08T09:53:36.0247802Z,,oasis/bottle
,,,0,,,local.mqtt.telegraf,44,42.71,,,08a6f769c348,08a6f769c348-353,353,08:A6:F7:69:C3:48,ON,1229599,1780912416027,1229604,1780912416032,1298056,1780912415946,27,2026-06-08T09:53:36.3428409Z,,oasis/bottle
,,,0,,,local.mqtt.telegraf,43,46.35,,,08a6f7bb3c68,08a6f7bb3c68-357,357,08:A6:F7:BB:3C:68,ON,1231209,1780912417637,1231213,1780912417641,1339086,1780912416706,27,2026-06-08T09:53:37.9667516Z,,oasis/bottle
,,,0,,,local.mqtt.telegraf,46,43.87,,,2cbcbb0d97a0,2cbcbb0d97a0-351,351,2C:BC:BB:0D:97:A0,ON,1231829,1780912418257,1231833,1780912418261,1318277,1780912416607,26,2026-06-08T09:53:38.5931714Z,,oasis/bottle
,,,0,,,local.mqtt.telegraf,43,27.94,,,08a6f75abdf0,08a6f75abdf0-357,357,08:A6:F7:5A:BD:F0,ON,1232139,1780912418567,1232143,1780912418571,1271366,1780912416856,27,2026-06-08T09:53:38.8845003Z,,oasis/bottle
,,,0,,,local.mqtt.telegraf,43,39.59,,,08a6f76bd428,08a6f76bd428-354,354,08:A6:F7:6B:D4:28,ON,1232629,1780912419057,1232633,1780912419061,1373626,1780912418985,27,2026-06-08T09:53:39.3763186Z,,oasis/bottle
,,,0,,,local.mqtt.telegraf,44,42.67,,,08a6f769c348,08a6f769c348-354,354,08:A6:F7:69:C3:48,ON,1232839,1780912419267,1232843,1780912419271,1301298,1780912419188,27,2026-06-08T09:53:39.5919356Z,,oasis/bottle
,,,0,,,local.mqtt.telegraf,42,46.54,,,08a6f7bb3c68,08a6f7bb3c68-358,358,08:A6:F7:BB:3C:68,ON,1234479,1780912420907,1234483,1780912420911,1342357,1780912420127,27,2026-06-08T09:53:41.2331088Z,,oasis/bottle
,,,0,,,local.mqtt.telegraf,46,43.65,,,2cbcbb0d97a0,2cbcbb0d97a0-352,352,2C:BC:BB:0D:97:A0,ON,1235019,1780912421447,1235024,1780912421452,1321467,1780912420047,26,2026-06-08T09:53:41.7853737Z,,oasis/bottle
,,,0,,,local.mqtt.telegraf,43,27.91,,,08a6f75abdf0,08a6f75abdf0-358,358,08:A6:F7:5A:BD:F0,ON,1235419,1780912421847,1235423,1780912421851,1274647,1780912420136,27,2026-06-08T09:53:42.1768193Z,,oasis/bottle
,,,0,,,local.mqtt.telegraf,43,39.68,,,08a6f76bd428,08a6f76bd428-355,355,08:A6:F7:6B:D4:28,ON,1235979,1780912422407,1235983,1780912422411,1376976,1780912420206,27,2026-06-08T09:53:42.7311232Z,,oasis/bottle
,,,0,,,local.mqtt.telegraf,44,42.8,,,08a6f769c348,08a6f769c348-355,355,08:A6:F7:69:C3:48,ON,1236159,1780912422587,1236163,1780912422591,1304616,1780912422506,27,2026-06-08T09:53:42.9098881Z,,oasis/bottle
,,,0,,,local.mqtt.telegraf,42,46.24,,,08a6f7bb3c68,08a6f7bb3c68-359,359,08:A6:F7:BB:3C:68,ON,1237649,1780912424077,1237653,1780912424081,1345526,1780912423296,27,2026-06-08T09:53:44.4087819Z,,oasis/bottle
,,,0,,,local.mqtt.telegraf,46,43.8,,,2cbcbb0d97a0,2cbcbb0d97a0-353,353,2C:BC:BB:0D:97:A0,ON,1238259,1780912424687,1238263,1780912424691,1324706,1780912423286,26,2026-06-08T09:53:45.0039277Z,,oasis/bottle
,,,0,,,local.mqtt.telegraf,43,27.9,,,08a6f75abdf0,08a6f75abdf0-359,359,08:A6:F7:5A:BD:F0,ON,1238599,1780912425027,1238603,1780912425031,1277827,1780912423316,27,2026-06-08T09:53:45.3427623Z,,oasis/bottle
,,,0,,,local.mqtt.telegraf,43,39.74,,,08a6f76bd428,08a6f76bd428-356,356,08:A6:F7:6B:D4:28,ON,1239309,1780912425737,1239313,1780912425741,1380306,1780912423536,27,2026-06-08T09:53:46.0638327Z,,oasis/bottle
,,,0,,,local.mqtt.telegraf,44,42.58,,,08a6f769c348,08a6f769c348-356,356,08:A6:F7:69:C3:48,ON,1239421,1780912425849,1239425,1780912425854,1307876,1780912425766,27,2026-06-08T09:53:46.1727722Z,,oasis/bottle
,,,0,,,local.mqtt.telegraf,42,46.22,,,08a6f7bb3c68,08a6f7bb3c68-360,360,08:A6:F7:BB:3C:68,ON,1240849,1780912427277,1240853,1780912427281,1348726,1780912426496,27,2026-06-08T09:53:47.6070941Z,,oasis/bottle
,,,0,,,local.mqtt.telegraf,46,43.93,,,2cbcbb0d97a0,2cbcbb0d97a0-354,354,2C:BC:BB:0D:97:A0,ON,1241609,1780912428037,1241613,1780912428041,1328056,1780912426636,26,2026-06-08T09:53:48.3554325Z,,oasis/bottle
,,,0,,,local.mqtt.telegraf,43,28.08,,,08a6f75abdf0,08a6f75abdf0-360,360,08:A6:F7:5A:BD:F0,ON,1241819,1780912428247,1241823,1780912428251,1281047,1780912426536,27,2026-06-08T09:53:48.5946681Z,,oasis/bottle
,,,0,,,local.mqtt.telegraf,43,39.54,,,08a6f76bd428,08a6f76bd428-357,357,08:A6:F7:6B:D4:28,ON,1242589,1780912429017,1242593,1780912429021,1383586,1780912426816,27,2026-06-08T09:53:49.338083Z,,oasis/bottle
,,,0,,,local.mqtt.telegraf,44,42.64,,,08a6f769c348,08a6f769c348-357,357,08:A6:F7:69:C3:48,ON,1242819,1780912429247,1242823,1780912429251,1311277,1780912429167,27,2026-06-08T09:53:49.572594Z,,oasis/bottle
,,,0,,,local.mqtt.telegraf,42,46.22,,,08a6f7bb3c68,08a6f7bb3c68-361,361,08:A6:F7:BB:3C:68,ON,1244119,1780912430547,1244123,1780912430551,1351997,1780912430157,27,2026-06-08T09:53:50.8763444Z,,oasis/bottle
,,,0,,,local.mqtt.telegraf,46,43.72,,,2cbcbb0d97a0,2cbcbb0d97a0-355,355,2C:BC:BB:0D:97:A0,ON,1244939,1780912431367,1244943,1780912431371,1331387,1780912430217,26,2026-06-08T09:53:51.6927107Z,,oasis/bottle
,,,0,,,local.mqtt.telegraf,43,27.98,,,08a6f75abdf0,08a6f75abdf0-361,361,08:A6:F7:5A:BD:F0,ON,1245129,1780912431557,1245133,1780912431561,1284357,1780912430197,27,2026-06-08T09:53:51.8796254Z,,oasis/bottle
,,,0,,,local.mqtt.telegraf,43,39.54,,,08a6f76bd428,08a6f76bd428-358,358,08:A6:F7:6B:D4:28,ON,1245779,1780912432207,1245784,1780912432212,1386776,1780912430076,27,2026-06-08T09:53:52.5307192Z,,oasis/bottle
,,,0,,,local.mqtt.telegraf,44,42.56,,,08a6f769c348,08a6f769c348-358,358,08:A6:F7:69:C3:48,ON,1245999,1780912432427,1246003,1780912432431,1314456,1780912432346,27,2026-06-08T09:53:52.743065Z,,oasis/bottle
,,,0,,,local.mqtt.telegraf,42,46.36,,,08a6f7bb3c68,08a6f7bb3c68-362,362,08:A6:F7:BB:3C:68,ON,1247289,1780912433717,1247293,1780912433721,1355167,1780912433327,27,2026-06-08T09:53:54.042886Z,,oasis/bottle
,,,0,,,local.mqtt.telegraf,46,43.61,,,2cbcbb0d97a0,2cbcbb0d97a0-356,356,2C:BC:BB:0D:97:A0,ON,1248209,1780912434638,1248214,1780912434642,1334667,1780912433497,26,2026-06-08T09:53:54.9742903Z,,oasis/bottle
,,,0,,,local.mqtt.telegraf,43,28,,,08a6f75abdf0,08a6f75abdf0-362,362,08:A6:F7:5A:BD:F0,ON,1248379,1780912434807,1248383,1780912434811,1287607,1780912433447,27,2026-06-08T09:53:55.1228037Z,,oasis/bottle
,,,0,,,local.mqtt.telegraf,43,39.66,,,08a6f76bd428,08a6f76bd428-359,359,08:A6:F7:6B:D4:28,ON,1249019,1780912435447,1249023,1780912435451,1390016,1780912433316,27,2026-06-08T09:53:55.7791156Z,,oasis/bottle
,,,0,,,local.mqtt.telegraf,44,42.52,,,08a6f769c348,08a6f769c348-359,359,08:A6:F7:69:C3:48,ON,1249219,1780912435647,1249223,1780912435651,1317676,1780912435566,27,2026-06-08T09:53:55.9753279Z,,oasis/bottle
,,,0,,,local.mqtt.telegraf,42,46.22,,,08a6f7bb3c68,08a6f7bb3c68-363,363,08:A6:F7:BB:3C:68,ON,1250489,1780912436917,1250494,1780912436922,1358366,1780912436526,27,2026-06-08T09:53:57.2626776Z,,oasis/bottle
,,,0,,,local.mqtt.telegraf,46,43.97,,,2cbcbb0d97a0,2cbcbb0d97a0-357,357,2C:BC:BB:0D:97:A0,ON,1251409,1780912437837,1251414,1780912437842,1337856,1780912436686,26,2026-06-08T09:53:58.1634393Z,,oasis/bottle
,,,0,,,local.mqtt.telegraf,43,28.06,,,08a6f75abdf0,08a6f75abdf0-363,363,08:A6:F7:5A:BD:F0,ON,1251739,1780912438167,1251743,1780912438171,1290967,1780912436807,27,2026-06-08T09:53:58.482767Z,,oasis/bottle
,,,0,,,local.mqtt.telegraf,43,39.78,,,08a6f76bd428,08a6f76bd428-360,360,08:A6:F7:6B:D4:28,ON,1252369,1780912438797,1252373,1780912438801,1393366,1780912436666,27,2026-06-08T09:53:59.1187296Z,,oasis/bottle
,,,0,,,local.mqtt.telegraf,44,42.62,,,08a6f769c348,08a6f769c348-360,360,08:A6:F7:69:C3:48,ON,1252529,1780912438957,1252534,1780912438962,1320986,1780912438876,27,2026-06-08T09:53:59.2830896Z,,oasis/bottle
,,,0,,,local.mqtt.telegraf,42,46.43,,,08a6f7bb3c68,08a6f7bb3c68-364,364,08:A6:F7:BB:3C:68,ON,1253759,1780912440187,1253764,1780912440192,1361637,1780912440127,27,2026-06-08T09:54:00.5227367Z,,oasis/bottle
,,,0,,,local.mqtt.telegraf,46,43.76,,,2cbcbb0d97a0,2cbcbb0d97a0-358,358,2C:BC:BB:0D:97:A0,ON,1254649,1780912441077,1254653,1780912441081,1341097,1780912440157,26,2026-06-08T09:54:01.4005643Z,,oasis/bottle
,,,0,,,local.mqtt.telegraf,43,28.02,,,08a6f75abdf0,08a6f75abdf0-364,364,08:A6:F7:5A:BD:F0,ON,1255089,1780912441517,1255093,1780912441521,1294317,1780912440267,27,2026-06-08T09:54:01.8331753Z,,oasis/bottle
,,,0,,,local.mqtt.telegraf,43,39.72,,,08a6f76bd428,08a6f76bd428-361,361,08:A6:F7:6B:D4:28,ON,1255699,1780912442127,1255703,1780912442131,1396696,1780912440245,27,2026-06-08T09:54:02.4534734Z,,oasis/bottle
,,,0,,,local.mqtt.telegraf,44,42.83,,,08a6f769c348,08a6f769c348-361,361,08:A6:F7:69:C3:48,ON,1255779,1780912442207,1255783,1780912442211,1324236,1780912440166,27,2026-06-08T09:54:02.4911988Z,,oasis/bottle
,,,0,,,local.mqtt.telegraf,42,46.23,,,08a6f7bb3c68,08a6f7bb3c68-365,365,08:A6:F7:BB:3C:68,ON,1257169,1780912443597,1257173,1780912443601,1365046,1780912443536,27,2026-06-08T09:54:03.9306774Z,,oasis/bottle
,,,0,,,local.mqtt.telegraf,46,43.92,,,2cbcbb0d97a0,2cbcbb0d97a0-359,359,2C:BC:BB:0D:97:A0,ON,1257999,1780912444427,1258003,1780912444431,1344446,1780912443506,26,2026-06-08T09:54:04.7597968Z,,oasis/bottle
,,,0,,,local.mqtt.telegraf,43,28.25,,,08a6f75abdf0,08a6f75abdf0-365,365,08:A6:F7:5A:BD:F0,ON,1258419,1780912444847,1258423,1780912444851,1297647,1780912443597,27,2026-06-08T09:54:05.1759559Z,,oasis/bottle
,,,0,,,local.mqtt.telegraf,43,39.69,,,08a6f76bd428,08a6f76bd428-362,362,08:A6:F7:6B:D4:28,ON,1258979,1780912445407,1258983,1780912445411,1399976,1780912443525,27,2026-06-08T09:54:05.7244469Z,,oasis/bottle
,,,0,,,local.mqtt.telegraf,44,42.56,,,08a6f769c348,08a6f769c348-362,362,08:A6:F7:69:C3:48,ON,1259139,1780912445567,1259143,1780912445571,1327596,1780912443526,27,2026-06-08T09:54:05.8826833Z,,oasis/bottle
,,,0,,,local.mqtt.telegraf,42,46.27,,,08a6f7bb3c68,08a6f7bb3c68-366,366,08:A6:F7:BB:3C:68,ON,1260369,1780912446797,1260373,1780912446801,1368247,1780912446737,27,2026-06-08T09:54:07.1270439Z,,oasis/bottle
,,,0,,,local.mqtt.telegraf,46,43.96,,,2cbcbb0d97a0,2cbcbb0d97a0-360,360,2C:BC:BB:0D:97:A0,ON,1261329,1780912447757,1261333,1780912447761,1347776,1780912446836,26,2026-06-08T09:54:08.0793512Z,,oasis/bottle
,,,0,,,local.mqtt.telegraf,43,28.14,,,08a6f75abdf0,08a6f75abdf0-366,366,08:A6:F7:5A:BD:F0,ON,1261709,1780912448137,1261713,1780912448141,1300926,1780912446876,27,2026-06-08T09:54:08.458064Z,,oasis/bottle
,,,0,,,local.mqtt.telegraf,43,39.64,,,08a6f76bd428,08a6f76bd428-363,363,08:A6:F7:6B:D4:28,ON,1262169,1780912448597,1262173,1780912448601,1403166,1780912446715,27,2026-06-08T09:54:08.9184747Z,,oasis/bottle
,,,0,,,local.mqtt.telegraf,44,42.54,,,08a6f769c348,08a6f769c348-363,363,08:A6:F7:69:C3:48,ON,1262489,1780912448917,1262493,1780912448921,1330946,1780912446876,27,2026-06-08T09:54:09.2436709Z,,oasis/bottle
,,,0,,,local.mqtt.telegraf,42,46.07,,,08a6f7bb3c68,08a6f7bb3c68-367,367,08:A6:F7:BB:3C:68,ON,1263656,1780912450084,1263661,1780912450089,1371527,1780912450006,27,2026-06-08T09:54:10.4207758Z,,oasis/bottle
,,,0,,,local.mqtt.telegraf,46,43.62,,,2cbcbb0d97a0,2cbcbb0d97a0-361,361,2C:BC:BB:0D:97:A0,ON,1264629,1780912451057,1264633,1780912451061,1351077,1780912450246,26,2026-06-08T09:54:11.3827547Z,,oasis/bottle
,,,0,,,local.mqtt.telegraf,43,28.25,,,08a6f75abdf0,08a6f75abdf0-367,367,08:A6:F7:5A:BD:F0,ON,1264919,1780912451347,1264923,1780912451351,1304147,1780912450156,27,2026-06-08T09:54:11.6726243Z,,oasis/bottle
,,,0,,,local.mqtt.telegraf,43,39.65,,,08a6f76bd428,08a6f76bd428-364,364,08:A6:F7:6B:D4:28,ON,1265419,1780912451847,1265423,1780912451851,1406416,1780912450204,27,2026-06-08T09:54:12.1628419Z,,oasis/bottle
,,,0,,,local.mqtt.telegraf,44,42.56,,,08a6f769c348,08a6f769c348-364,364,08:A6:F7:69:C3:48,ON,1265809,1780912452237,1265813,1780912452241,1334266,1780912450275,27,2026-06-08T09:54:12.5564478Z,,oasis/bottle
,,,0,,,local.mqtt.telegraf,42,46.22,,,08a6f7bb3c68,08a6f7bb3c68-368,368,08:A6:F7:BB:3C:68,ON,1266829,1780912453257,1266833,1780912453261,1374707,1780912453186,27,2026-06-08T09:54:13.5726935Z,,oasis/bottle
,,,0,,,local.mqtt.telegraf,46,43.61,,,2cbcbb0d97a0,2cbcbb0d97a0-362,362,2C:BC:BB:0D:97:A0,ON,1267839,1780912454267,1267843,1780912454271,1354286,1780912453455,26,2026-06-08T09:54:14.5893744Z,,oasis/bottle
,,,0,,,local.mqtt.telegraf,43,28.3,,,08a6f75abdf0,08a6f75abdf0-368,368,08:A6:F7:5A:BD:F0,ON,1268189,1780912454617,1268193,1780912454621,1307417,1780912453426,27,2026-06-08T09:54:14.9388645Z,,oasis/bottle
,,,0,,,local.mqtt.telegraf,43,39.69,,,08a6f76bd428,08a6f76bd428-365,365,08:A6:F7:6B:D4:28,ON,1268779,1780912455207,1268783,1780912455211,1409776,1780912453564,27,2026-06-08T09:54:15.5360292Z,,oasis/bottle
,,,0,,,local.mqtt.telegraf,44,42.67,,,08a6f769c348,08a6f769c348-365,365,08:A6:F7:69:C3:48,ON,1269079,1780912455507,1269083,1780912455511,1337537,1780912453546,27,2026-06-08T09:54:15.8284811Z,,oasis/bottle
,,,0,,,local.mqtt.telegraf,43,46.39,,,08a6f7bb3c68,08a6f7bb3c68-369,369,08:A6:F7:BB:3C:68,ON,1270049,1780912456477,1270054,1780912456482,1377927,1780912456406,27,2026-06-08T09:54:16.798051Z,,oasis/bottle
,,,0,,,local.mqtt.telegraf,46,43.66,,,2cbcbb0d97a0,2cbcbb0d97a0-363,363,2C:BC:BB:0D:97:A0,ON,1271128,1780912457557,1271133,1780912457561,1357576,1780912456745,26,2026-06-08T09:54:17.8826756Z,,oasis/bottle
,,,0,,,local.mqtt.telegraf,43,28.22,,,08a6f75abdf0,08a6f75abdf0-369,369,08:A6:F7:5A:BD:F0,ON,1271359,1780912457787,1271363,1780912457791,1310586,1780912456595,27,2026-06-08T09:54:18.1144305Z,,oasis/bottle
,,,0,,,local.mqtt.telegraf,43,39.69,,,08a6f76bd428,08a6f76bd428-366,366,08:A6:F7:6B:D4:28,ON,1272129,1780912458557,1272133,1780912458561,1413126,1780912456914,27,2026-06-08T09:54:18.8789389Z,,oasis/bottle
,,,0,,,local.mqtt.telegraf,44,42.54,,,08a6f769c348,08a6f769c348-366,366,08:A6:F7:69:C3:48,ON,1272489,1780912458917,1272493,1780912458921,1340946,1780912456955,27,2026-06-08T09:54:19.2390466Z,,oasis/bottle
,,,0,,,local.mqtt.telegraf,42,46.07,,,08a6f7bb3c68,08a6f7bb3c68-370,370,08:A6:F7:BB:3C:68,ON,1273359,1780912459787,1273363,1780912459791,1381236,1780912459726,27,2026-06-08T09:54:20.1038756Z,,oasis/bottle
,,,0,,,local.mqtt.telegraf,46,43.76,,,2cbcbb0d97a0,2cbcbb0d97a0-364,364,2C:BC:BB:0D:97:A0,ON,1274339,1780912460767,1274343,1780912460771,1360786,1780912460196,26,2026-06-08T09:54:21.0881702Z,,oasis/bottle
,,,0,,,local.mqtt.telegraf,43,28.19,,,08a6f75abdf0,08a6f75abdf0-370,370,08:A6:F7:5A:BD:F0,ON,1274569,1780912460997,1274574,1780912461002,1313800,1780912460190,27,2026-06-08T09:54:21.3217948Z,,oasis/bottle
,,,0,,,local.mqtt.telegraf,43,39.77,,,08a6f76bd428,08a6f76bd428-367,367,08:A6:F7:6B:D4:28,ON,1275449,1780912461877,1275453,1780912461881,1416446,1780912460306,27,2026-06-08T09:54:22.1947646Z,,oasis/bottle
,,,0,,,local.mqtt.telegraf,44,42.64,,,08a6f769c348,08a6f769c348-367,367,08:A6:F7:69:C3:48,ON,1275689,1780912462117,1275693,1780912462121,1344147,1780912460187,27,2026-06-08T09:54:22.4409139Z,,oasis/bottle
,,,0,,,local.mqtt.telegraf,42,45.97,,,08a6f7bb3c68,08a6f7bb3c68-371,371,08:A6:F7:BB:3C:68,ON,1276609,1780912463037,1276613,1780912463041,1384486,1780912462976,27,2026-06-08T09:54:23.3526006Z,,oasis/bottle
,,,0,,,local.mqtt.telegraf,46,43.72,,,2cbcbb0d97a0,2cbcbb0d97a0-365,365,2C:BC:BB:0D:97:A0,ON,1277609,1780912464038,1277614,1780912464042,1364066,1780912463476,26,2026-06-08T09:54:24.3671048Z,,oasis/bottle
,,,0,,,local.mqtt.telegraf,43,28.23,,,08a6f75abdf0,08a6f75abdf0-371,371,08:A6:F7:5A:BD:F0,ON,1277859,1780912464287,1277863,1780912464291,1317086,1780912463476,27,2026-06-08T09:54:24.6066635Z,,oasis/bottle
,,,0,,,local.mqtt.telegraf,43,39.61,,,08a6f76bd428,08a6f76bd428-368,368,08:A6:F7:6B:D4:28,ON,1278719,1780912465147,1278723,1780912465151,1419717,1780912463577,27,2026-06-08T09:54:25.4701487Z,,oasis/bottle
,,,0,,,local.mqtt.telegraf,44,42.72,,,08a6f769c348,08a6f769c348-368,368,08:A6:F7:69:C3:48,ON,1278959,1780912465387,1278964,1780912465392,1347417,1780912463457,27,2026-06-08T09:54:25.726772Z,,oasis/bottle
,,,0,,,local.mqtt.telegraf,42,46.2,,,08a6f7bb3c68,08a6f7bb3c68-372,372,08:A6:F7:BB:3C:68,ON,1279969,1780912466397,1279973,1780912466401,1387846,1780912466336,27,2026-06-08T09:54:26.7186218Z,,oasis/bottle
,,,0,,,local.mqtt.telegraf,46,43.84,,,2cbcbb0d97a0,2cbcbb0d97a0-366,366,2C:BC:BB:0D:97:A0,ON,1280829,1780912467257,1280833,1780912467261,1367256,1780912466666,26,2026-06-08T09:54:27.5761506Z,,oasis/bottle
,,,0,,,local.mqtt.telegraf,43,28.49,,,08a6f75abdf0,08a6f75abdf0-372,372,08:A6:F7:5A:BD:F0,ON,1281059,1780912467487,1281063,1780912467491,1320286,1780912466676,27,2026-06-08T09:54:27.802553Z,,oasis/bottle
,,,0,,,local.mqtt.telegraf,43,39.81,,,08a6f76bd428,08a6f76bd428-369,369,08:A6:F7:6B:D4:28,ON,1282129,1780912468557,1282134,1780912468562,1423126,1780912466986,27,2026-06-08T09:54:28.877033Z,,oasis/bottle
,,,0,,,local.mqtt.telegraf,44,42.91,,,08a6f769c348,08a6f769c348-369,369,08:A6:F7:69:C3:48,ON,1282369,1780912468797,1282373,1780912468801,1350826,1780912466866,27,2026-06-08T09:54:29.1177268Z,,oasis/bottle
,,,0,,,local.mqtt.telegraf,43,46.2,,,08a6f7bb3c68,08a6f7bb3c68-373,373,08:A6:F7:BB:3C:68,ON,1283309,1780912469738,1283314,1780912469742,1391189,1780912469679,27,2026-06-08T09:54:30.0570148Z,,oasis/bottle
,,,0,,,local.mqtt.telegraf,46,43.62,,,2cbcbb0d97a0,2cbcbb0d97a0-367,367,2C:BC:BB:0D:97:A0,ON,1284099,1780912470527,1284103,1780912470531,1370547,1780912470277,26,2026-06-08T09:54:30.8426902Z,,oasis/bottle
,,,0,,,local.mqtt.telegraf,43,28.35,,,08a6f75abdf0,08a6f75abdf0-373,373,08:A6:F7:5A:BD:F0,ON,1284329,1780912470757,1284333,1780912470761,1323557,1780912470287,27,2026-06-08T09:54:31.0788767Z,,oasis/bottle
,,,0,,,local.mqtt.telegraf,43,39.64,,,08a6f76bd428,08a6f76bd428-370,370,08:A6:F7:6B:D4:28,ON,1285329,1780912471757,1285333,1780912471761,1426326,1780912470215,27,2026-06-08T09:54:32.0848134Z,,oasis/bottle
,,,0,,,local.mqtt.telegraf,44,42.68,,,08a6f769c348,08a6f769c348-370,370,08:A6:F7:69:C3:48,ON,1285569,1780912471997,1285573,1780912472001,1354027,1780912470217,27,2026-06-08T09:54:32.3127193Z,,oasis/bottle
,,,0,,,local.mqtt.telegraf,42,46.11,,,08a6f7bb3c68,08a6f7bb3c68-374,374,08:A6:F7:BB:3C:68,ON,1286629,1780912473057,1286633,1780912473061,1394506,1780912472996,27,2026-06-08T09:54:33.3793886Z,,oasis/bottle
,,,0,,,local.mqtt.telegraf,46,43.99,,,2cbcbb0d97a0,2cbcbb0d97a0-368,368,2C:BC:BB:0D:97:A0,ON,1287489,1780912473918,1287494,1780912473922,1373946,1780912473676,26,2026-06-08T09:54:34.2339556Z,,oasis/bottle
,,,0,,,local.mqtt.telegraf,43,28.49,,,08a6f75abdf0,08a6f75abdf0-374,374,08:A6:F7:5A:BD:F0,ON,1287729,1780912474157,1287733,1780912474161,1326957,1780912473687,27,2026-06-08T09:54:34.4826676Z,,oasis/bottle
,,,0,,,local.mqtt.telegraf,43,39.88,,,08a6f76bd428,08a6f76bd428-371,371,08:A6:F7:6B:D4:28,ON,1288599,1780912475027,1288603,1780912475031,1429597,1780912473486,27,2026-06-08T09:54:35.3427784Z,,oasis/bottle
,,,0,,,local.mqtt.telegraf,44,42.75,,,08a6f769c348,08a6f769c348-371,371,08:A6:F7:69:C3:48,ON,1288839,1780912475267,1288843,1780912475271,1357297,1780912473487,27,2026-06-08T09:54:35.5905908Z,,oasis/bottle
,,,0,,,local.mqtt.telegraf,42,46.16,,,08a6f7bb3c68,08a6f7bb3c68-375,375,08:A6:F7:BB:3C:68,ON,1289889,1780912476317,1289893,1780912476321,1397766,1780912476256,27,2026-06-08T09:54:36.6329502Z,,oasis/bottle
,,,0,,,local.mqtt.telegraf,46,43.99,,,2cbcbb0d97a0,2cbcbb0d97a0-369,369,2C:BC:BB:0D:97:A0,ON,1290672,1780912477100,1290687,1780912477115,1377126,1780912476856,26,2026-06-08T09:54:37.4325195Z,,oasis/bottle
,,,0,,,local.mqtt.telegraf,43,28.58,,,08a6f75abdf0,08a6f75abdf0-375,375,08:A6:F7:5A:BD:F0,ON,1290919,1780912477347,1290923,1780912477351,1330147,1780912476877,27,2026-06-08T09:54:37.6694743Z,,oasis/bottle
,,,0,,,local.mqtt.telegraf,43,39.77,,,08a6f76bd428,08a6f76bd428-372,372,08:A6:F7:6B:D4:28,ON,1291999,1780912478427,1292011,1780912478439,1432996,1780912476885,27,2026-06-08T09:54:38.7627274Z,,oasis/bottle
,,,0,,,local.mqtt.telegraf,44,42.62,,,08a6f769c348,08a6f769c348-372,372,08:A6:F7:69:C3:48,ON,1292249,1780912478677,1292253,1780912478681,1360706,1780912476896,27,2026-06-08T09:54:38.997504Z,,oasis/bottle
,,,0,,,local.mqtt.telegraf,43,46.07,,,08a6f7bb3c68,08a6f7bb3c68-376,376,08:A6:F7:BB:3C:68,ON,1293279,1780912479707,1293283,1780912479711,1401156,1780912479636,27,2026-06-08T09:54:40.022624Z,,oasis/bottle
,,,0,,,local.mqtt.telegraf,46,44.05,,,2cbcbb0d97a0,2cbcbb0d97a0-370,370,2C:BC:BB:0D:97:A0,ON,1293909,1780912480337,1293914,1780912480342,1380356,1780912480236,26,2026-06-08T09:54:40.6605785Z,,oasis/bottle
,,,0,,,local.mqtt.telegraf,43,28.45,,,08a6f75abdf0,08a6f75abdf0-376,376,08:A6:F7:5A:BD:F0,ON,1294179,1780912480607,1294183,1780912480611,1333407,1780912480306,27,2026-06-08T09:54:40.9257227Z,,oasis/bottle
,,,0,,,local.mqtt.telegraf,43,39.84,,,08a6f76bd428,08a6f76bd428-373,373,08:A6:F7:6B:D4:28,ON,1295189,1780912481617,1295193,1780912481621,1436186,1780912480236,27,2026-06-08T09:54:41.9323785Z,,oasis/bottle
,,,0,,,local.mqtt.telegraf,44,42.72,,,08a6f769c348,08a6f769c348-373,373,08:A6:F7:69:C3:48,ON,1295459,1780912481887,1295463,1780912481891,1363916,1780912480255,27,2026-06-08T09:54:42.2028527Z,,oasis/bottle
,,,0,,,local.mqtt.telegraf,43,46.18,,,08a6f7bb3c68,08a6f7bb3c68-377,377,08:A6:F7:BB:3C:68,ON,1296679,1780912483107,1296683,1780912483111,1404556,1780912483036,27,2026-06-08T09:54:43.4343317Z,,oasis/bottle
,,,0,,,local.mqtt.telegraf,46,43.89,,,2cbcbb0d97a0,2cbcbb0d97a0-371,371,2C:BC:BB:0D:97:A0,ON,1297229,1780912483658,1297234,1780912483662,1383686,1780912483566,26,2026-06-08T09:54:43.9863972Z,,oasis/bottle
,,,0,,,local.mqtt.telegraf,43,28.57,,,08a6f75abdf0,08a6f75abdf0-377,377,08:A6:F7:5A:BD:F0,ON,1297549,1780912483977,1297553,1780912483981,1336777,1780912483676,27,2026-06-08T09:54:44.3277817Z,,oasis/bottle
,,,0,,,local.mqtt.telegraf,43,40.09,,,08a6f76bd428,08a6f76bd428-374,374,08:A6:F7:6B:D4:28,ON,1298439,1780912484867,1298443,1780912484871,1439436,1780912483486,27,2026-06-08T09:54:45.1927788Z,,oasis/bottle
,,,0,,,local.mqtt.telegraf,44,42.48,,,08a6f769c348,08a6f769c348-374,374,08:A6:F7:69:C3:48,ON,1298730,1780912485158,1298734,1780912485162,1367190,1780912483529,27,2026-06-08T09:54:45.472782Z,,oasis/bottle
,,,0,,,local.mqtt.telegraf,43,46.38,,,08a6f7bb3c68,08a6f7bb3c68-378,378,08:A6:F7:BB:3C:68,ON,1299869,1780912486297,1299873,1780912486301,1407746,1780912486226,27,2026-06-08T09:54:46.6125771Z,,oasis/bottle
,,,0,,,local.mqtt.telegraf,46,43.84,,,2cbcbb0d97a0,2cbcbb0d97a0-372,372,2C:BC:BB:0D:97:A0,ON,1300519,1780912486947,1300523,1780912486951,1386966,1780912486846,26,2026-06-08T09:54:47.2727552Z,,oasis/bottle
,,,0,,,local.mqtt.telegraf,43,28.58,,,08a6f75abdf0,08a6f75abdf0-378,378,08:A6:F7:5A:BD:F0,ON,1300918,1780912487347,1300923,1780912487351,1340147,1780912487046,27,2026-06-08T09:54:47.6710181Z,,oasis/bottle
,,,0,,,local.mqtt.telegraf,43,40.04,,,08a6f76bd428,08a6f76bd428-375,375,08:A6:F7:6B:D4:28,ON,1301799,1780912488227,1301803,1780912488231,1442796,1780912486846,27,2026-06-08T09:54:48.5424087Z,,oasis/bottle
,,,0,,,local.mqtt.telegraf,44,42.7,,,08a6f769c348,08a6f769c348-375,375,08:A6:F7:69:C3:48,ON,1301909,1780912488337,1301913,1780912488341,1370366,1780912486705,27,2026-06-08T09:54:48.6552056Z,,oasis/bottle
,,,0,,,local.mqtt.telegraf,43,46.27,,,08a6f7bb3c68,08a6f7bb3c68-379,379,08:A6:F7:BB:3C:68,ON,1303119,1780912489547,1303124,1780912489552,1410997,1780912489476,27,2026-06-08T09:54:49.8724637Z,,oasis/bottle
,,,0,,,local.mqtt.telegraf,46,43.91,,,2cbcbb0d97a0,2cbcbb0d97a0-373,373,2C:BC:BB:0D:97:A0,ON,1303709,1780912490137,1303713,1780912490141,1390156,1780912490055,26,2026-06-08T09:54:50.4575299Z,,oasis/bottle
,,,0,,,local.mqtt.telegraf,43,28.57,,,08a6f75abdf0,08a6f75abdf0-379,379,08:A6:F7:5A:BD:F0,ON,1304289,1780912490717,1304293,1780912490721,1343517,1780912490476,27,2026-06-08T09:54:51.0326744Z,,oasis/bottle
,,,0,,,local.mqtt.telegraf,44,42.72,,,08a6f769c348,08a6f769c348-376,376,08:A6:F7:69:C3:48,ON,1305129,1780912491557,1305133,1780912491561,1373587,1780912490326,27,2026-06-08T09:54:51.8797251Z,,oasis/bottle
,,,0,,,local.mqtt.telegraf,43,40.12,,,08a6f76bd428,08a6f76bd428-376,376,08:A6:F7:6B:D4:28,ON,1305157,1780912491585,1305161,1780912491589,1446146,1780912490455,27,2026-06-08T09:54:51.9181865Z,,oasis/bottle
,,,0,,,local.mqtt.telegraf,42,46.27,,,08a6f7bb3c68,08a6f7bb3c68-380,380,08:A6:F7:BB:3C:68,ON,1306479,1780912492907,1306483,1780912492911,1414356,1780912492835,27,2026-06-08T09:54:53.2347025Z,,oasis/bottle
,,,0,,,local.mqtt.telegraf,46,43.85,,,2cbcbb0d97a0,2cbcbb0d97a0-374,374,2C:BC:BB:0D:97:A0,ON,1306950,1780912493378,1306954,1780912493382,1393406,1780912493305,26,2026-06-08T09:54:53.705141Z,,oasis/bottle
,,,0,,,local.mqtt.telegraf,43,28.59,,,08a6f75abdf0,08a6f75abdf0-380,380,08:A6:F7:5A:BD:F0,ON,1307649,1780912494077,1307653,1780912494081,1346877,1780912493836,27,2026-06-08T09:54:54.3927088Z,,oasis/bottle
,,,0,,,local.mqtt.telegraf,44,42.76,,,08a6f769c348,08a6f769c348-377,377,08:A6:F7:69:C3:48,ON,1308439,1780912494867,1308443,1780912494871,1376896,1780912493635,27,2026-06-08T09:54:55.1841036Z,,oasis/bottle
,,,0,,,local.mqtt.telegraf,43,40.09,,,08a6f76bd428,08a6f76bd428-377,377,08:A6:F7:6B:D4:28,ON,1308478,1780912494907,1308483,1780912494911,1449476,1780912493785,27,2026-06-08T09:54:55.2297628Z,,oasis/bottle
,,,0,,,local.mqtt.telegraf,42,46.12,,,08a6f7bb3c68,08a6f7bb3c68-381,381,08:A6:F7:BB:3C:68,ON,1309829,1780912496257,1309833,1780912496261,1417706,1780912496185,27,2026-06-08T09:54:56.6052786Z,,oasis/bottle
,,,0,,,local.mqtt.telegraf,46,43.83,,,2cbcbb0d97a0,2cbcbb0d97a0-375,375,2C:BC:BB:0D:97:A0,ON,1310309,1780912496738,1310314,1780912496742,1396766,1780912496665,26,2026-06-08T09:54:57.0658036Z,,oasis/bottle
,,,0,,,local.mqtt.telegraf,43,28.51,,,08a6f75abdf0,08a6f75abdf0-381,381,08:A6:F7:5A:BD:F0,ON,1310999,1780912497427,1311003,1780912497431,1350227,1780912497186,27,2026-06-08T09:54:57.7484489Z,,oasis/bottle
,,,0,,,local.mqtt.telegraf,44,42.82,,,08a6f769c348,08a6f769c348-378,378,08:A6:F7:69:C3:48,ON,1311679,1780912498107,1311683,1780912498111,1380136,1780912496875,27,2026-06-08T09:54:58.4282106Z,,oasis/bottle
,,,0,,,local.mqtt.telegraf,43,40.01,,,08a6f76bd428,08a6f76bd428-378,378,08:A6:F7:6B:D4:28,ON,1311759,1780912498187,1311763,1780912498191,1452756,1780912497065,27,2026-06-08T09:54:58.5078143Z,,oasis/bottle
,,,0,,,local.mqtt.telegraf,42,46.49,,,08a6f7bb3c68,08a6f7bb3c68-382,382,08:A6:F7:BB:3C:68,ON,1313149,1780912499577,1313153,1780912499581,1421027,1780912499517,27,2026-06-08T09:54:59.9099364Z,,oasis/bottle
,,,0,,,local.mqtt.telegraf,46,43.99,,,2cbcbb0d97a0,2cbcbb0d97a0-376,376,2C:BC:BB:0D:97:A0,ON,1313669,1780912500097,1313674,1780912500102,1400117,1780912500017,26,2026-06-08T09:55:00.4198664Z,,oasis/bottle
,,,0,,,local.mqtt.telegraf,43,28.51,,,08a6f75abdf0,08a6f75abdf0-382,382,08:A6:F7:5A:BD:F0,ON,1314319,1780912500747,1314323,1780912500751,1353547,1780912500457,27,2026-06-08T09:55:01.0644696Z,,oasis/bottle
,,,0,,,local.mqtt.telegraf,43,40.06,,,08a6f76bd428,08a6f76bd428-379,379,08:A6:F7:6B:D4:28,ON,1314949,1780912501377,1314953,1780912501381,1455947,1780912500327,27,2026-06-08T09:55:01.6925491Z,,oasis/bottle
,,,0,,,local.mqtt.telegraf,44,42.67,,,08a6f769c348,08a6f769c348-379,379,08:A6:F7:69:C3:48,ON,1315029,1780912501457,1315034,1780912501462,1383486,1780912500486,27,2026-06-08T09:55:01.7775829Z,,oasis/bottle
,,,0,,,local.mqtt.telegraf,42,45.99,,,08a6f7bb3c68,08a6f7bb3c68-383,383,08:A6:F7:BB:3C:68,ON,1316419,1780912502847,1316423,1780912502851,1424297,1780912502787,27,2026-06-08T09:55:03.1724864Z,,oasis/bottle
,,,0,,,local.mqtt.telegraf,46,43.88,,,2cbcbb0d97a0,2cbcbb0d97a0-377,377,2C:BC:BB:0D:97:A0,ON,1316989,1780912503418,1316994,1780912503422,1403446,1780912503346,26,2026-06-08T09:55:03.7455368Z,,oasis/bottle
,,,0,,,local.mqtt.telegraf,43,28.54,,,08a6f75abdf0,08a6f75abdf0-383,383,08:A6:F7:5A:BD:F0,ON,1317589,1780912504017,1317593,1780912504021,1356817,1780912503727,27,2026-06-08T09:55:04.3322888Z,,oasis/bottle
,,,0,,,local.mqtt.telegraf,43,40.11,,,08a6f76bd428,08a6f76bd428-380,380,08:A6:F7:6B:D4:28,ON,1318189,1780912504617,1318193,1780912504621,1459186,1780912503566,27,2026-06-08T09:55:04.9384162Z,,oasis/bottle
,,,0,,,local.mqtt.telegraf,44,42.7,,,08a6f769c348,08a6f769c348-380,380,08:A6:F7:69:C3:48,ON,1318359,1780912504787,1318363,1780912504791,1386816,1780912503816,27,2026-06-08T09:55:05.1151562Z,,oasis/bottle
,,,0,,,local.mqtt.telegraf,42,46.3,,,08a6f7bb3c68,08a6f7bb3c68-384,384,08:A6:F7:BB:3C:68,ON,1319829,1780912506257,1319833,1780912506261,1427707,1780912506197,27,2026-06-08T09:55:06.616305Z,,oasis/bottle
,,,0,,,local.mqtt.telegraf,46,43.81,,,2cbcbb0d97a0,2cbcbb0d97a0-378,378,2C:BC:BB:0D:97:A0,ON,1320269,1780912506698,1320274,1780912506702,1406726,1780912506626,26,2026-06-08T09:55:07.0304412Z,,oasis/bottle
,,,0,,,local.mqtt.telegraf,43,28.54,,,08a6f75abdf0,08a6f75abdf0-384,384,08:A6:F7:5A:BD:F0,ON,1320999,1780912507427,1321003,1780912507431,1360227,1780912507137,27,2026-06-08T09:55:07.7814641Z,,oasis/bottle
,,,0,,,local.mqtt.telegraf,43,39.97,,,08a6f76bd428,08a6f76bd428-381,381,08:A6:F7:6B:D4:28,ON,1321539,1780912507967,1321543,1780912507971,1462536,1780912506916,27,2026-06-08T09:55:08.2923687Z,,oasis/bottle
,,,0,,,local.mqtt.telegraf,44,42.85,,,08a6f769c348,08a6f769c348-381,381,08:A6:F7:69:C3:48,ON,1321640,1780912508068,1321644,1780912508072,1390096,1780912507096,27,2026-06-08T09:55:08.3958426Z,,oasis/bottle
,,,0,,,local.mqtt.telegraf,42,46.4,,,08a6f7bb3c68,08a6f7bb3c68-385,385,08:A6:F7:BB:3C:68,ON,1323029,1780912509457,1323033,1780912509461,1430907,1780912509397,27,2026-06-08T09:55:09.7860796Z,,oasis/bottle
,,,0,,,local.mqtt.telegraf,46,43.84,,,2cbcbb0d97a0,2cbcbb0d97a0-379,379,2C:BC:BB:0D:97:A0,ON,1323469,1780912509897,1323473,1780912509901,1409916,1780912509806,26,2026-06-08T09:55:10.2184077Z,,oasis/bottle
,,,0,,,local.mqtt.telegraf,43,28.58,,,08a6f75abdf0,08a6f75abdf0-385,385,08:A6:F7:5A:BD:F0,ON,1324199,1780912510627,1324203,1780912510631,1363427,1780912510367,27,2026-06-08T09:55:10.9567166Z,,oasis/bottle
,,,0,,,local.mqtt.telegraf,44,42.6,,,08a6f769c348,08a6f769c348-382,382,08:A6:F7:69:C3:48,ON,1324829,1780912511257,1324834,1780912511262,1393286,1780912510356,27,2026-06-08T09:55:11.5963293Z,,oasis/bottle
,,,0,,,local.mqtt.telegraf,43,39.93,,,08a6f76bd428,08a6f76bd428-382,382,08:A6:F7:6B:D4:28,ON,1324868,1780912511296,1324873,1780912511301,1465867,1780912510496,27,2026-06-08T09:55:11.622412Z,,oasis/bottle
,,,0,,,local.mqtt.telegraf,42,46.19,,,08a6f7bb3c68,08a6f7bb3c68-386,386,08:A6:F7:BB:3C:68,ON,1326299,1780912512727,1326303,1780912512731,1434176,1780912510436,27,2026-06-08T09:55:13.0584546Z,,oasis/bottle
,,,0,,,local.mqtt.telegraf,46,44,,,2cbcbb0d97a0,2cbcbb0d97a0-380,380,2C:BC:BB:0D:97:A0,ON,1326709,1780912513137,1326714,1780912513142,1413166,1780912513056,26,2026-06-08T09:55:13.4532387Z,,oasis/bottle
,,,0,,,local.mqtt.telegraf,43,28.58,,,08a6f75abdf0,08a6f75abdf0-386,386,08:A6:F7:5A:BD:F0,ON,1327469,1780912513897,1327473,1780912513901,1366697,1780912513637,27,2026-06-08T09:55:14.2147248Z,,oasis/bottle
,,,0,,,local.mqtt.telegraf,44,42.74,,,08a6f769c348,08a6f769c348-383,383,08:A6:F7:69:C3:48,ON,1328069,1780912514497,1328073,1780912514501,1396526,1780912513596,27,2026-06-08T09:55:14.8124022Z,,oasis/bottle
,,,0,,,local.mqtt.telegraf,43,40.19,,,08a6f76bd428,08a6f76bd428-383,383,08:A6:F7:6B:D4:28,ON,1328160,1780912514588,1328164,1780912514592,1469156,1780912513785,27,2026-06-08T09:55:14.9097721Z,,oasis/bottle
,,,0,,,local.mqtt.telegraf,42,46.22,,,08a6f7bb3c68,08a6f7bb3c68-387,387,08:A6:F7:BB:3C:68,ON,1329709,1780912516137,1329713,1780912516141,1437586,1780912513846,27,2026-06-08T09:55:16.4624216Z,,oasis/bottle
,,,0,,,local.mqtt.telegraf,46,43.7,,,2cbcbb0d97a0,2cbcbb0d97a0-381,381,2C:BC:BB:0D:97:A0,ON,1330069,1780912516498,1330074,1780912516502,1416526,1780912516416,26,2026-06-08T09:55:16.8164609Z,,oasis/bottle
,,,0,,,local.mqtt.telegraf,43,28.54,,,08a6f75abdf0,08a6f75abdf0-387,387,08:A6:F7:5A:BD:F0,ON,1330878,1780912517307,1330883,1780912517311,1370106,1780912517046,27,2026-06-08T09:55:17.6258317Z,,oasis/bottle
,,,0,,,local.mqtt.telegraf,43,40.17,,,08a6f76bd428,08a6f76bd428-384,384,08:A6:F7:6B:D4:28,ON,1331359,1780912517787,1331363,1780912517791,1472356,1780912516985,27,2026-06-08T09:55:18.1075631Z,,oasis/bottle
,,,0,,,local.mqtt.telegraf,44,42.76,,,08a6f769c348,08a6f769c348-384,384,08:A6:F7:69:C3:48,ON,1331422,1780912517850,1331426,1780912517854,1399876,1780912516946,27,2026-06-08T09:55:18.1468713Z,,oasis/bottle
,,,0,,,local.mqtt.telegraf,42,46.23,,,08a6f7bb3c68,08a6f7bb3c68-388,388,08:A6:F7:BB:3C:68,ON,1332919,1780912519347,1332924,1780912519352,1440796,1780912517056,27,2026-06-08T09:55:19.6739179Z,,oasis/bottle
,,,0,,,local.mqtt.telegraf,46,44,,,2cbcbb0d97a0,2cbcbb0d97a0-382,382,2C:BC:BB:0D:97:A0,ON,1333419,1780912519848,1333424,1780912519852,1419877,1780912519777,26,2026-06-08T09:55:20.1624523Z,,oasis/bottle
,,,0,,,local.mqtt.telegraf,43,28.45,,,08a6f75abdf0,08a6f75abdf0-388,388,08:A6:F7:5A:BD:F0,ON,1334079,1780912520507,1334083,1780912520511,1373307,1780912520407,27,2026-06-08T09:55:20.8275525Z,,oasis/bottle
,,,0,,,local.mqtt.telegraf,43,40.11,,,08a6f76bd428,08a6f76bd428-385,385,08:A6:F7:6B:D4:28,ON,1334636,1780912521064,1334641,1780912521069,1475627,1780912520476,27,2026-06-08T09:55:21.3823833Z,,oasis/bottle
,,,0,,,local.mqtt.telegraf,44,42.64,,,08a6f769c348,08a6f769c348-385,385,08:A6:F7:69:C3:48,ON,1334749,1780912521177,1334753,1780912521181,1403206,1780912520536,27,2026-06-08T09:55:21.8002613Z,,oasis/bottle
,,,0,,,local.mqtt.telegraf,42,46.23,,,08a6f7bb3c68,08a6f7bb3c68-389,389,08:A6:F7:BB:3C:68,ON,1336199,1780912522627,1336204,1780912522632,1444077,1780912520487,27,2026-06-08T09:55:22.956487Z,,oasis/bottle
,,,0,,,local.mqtt.telegraf,46,43.88,,,2cbcbb0d97a0,2cbcbb0d97a0-383,383,2C:BC:BB:0D:97:A0,ON,1336749,1780912523177,1336753,1780912523181,1423196,1780912523096,26,2026-06-08T09:55:23.5043318Z,,oasis/bottle
,,,0,,,local.mqtt.telegraf,43,28.12,,,08a6f75abdf0,08a6f75abdf0-389,389,08:A6:F7:5A:BD:F0,ON,1337349,1780912523777,1337353,1780912523781,1376577,1780912523677,27,2026-06-08T09:55:24.1012774Z,,oasis/bottle
,,,0,,,local.mqtt.telegraf,44,42.52,,,08a6f769c348,08a6f769c348-386,386,08:A6:F7:69:C3:48,ON,1338058,1780912524486,1338062,1780912524490,1406496,1780912523826,27,2026-06-08T09:55:24.7914288Z,,oasis/bottle
,,,0,,,local.mqtt.telegraf,42,46.19,,,08a6f7bb3c68,08a6f7bb3c68-390,390,08:A6:F7:BB:3C:68,ON,1339379,1780912525807,1339383,1780912525811,1447257,1780912523667,27,2026-06-08T09:55:26.1381696Z,,oasis/bottle
,,,0,,,local.mqtt.telegraf,46,43.65,,,2cbcbb0d97a0,2cbcbb0d97a0-384,384,2C:BC:BB:0D:97:A0,ON,1340019,1780912526447,1340023,1780912526451,1426467,1780912526367,26,2026-06-08T09:55:26.7645978Z,,oasis/bottle
,,,0,,,local.mqtt.telegraf,43,27.95,,,08a6f75abdf0,08a6f75abdf0-390,390,08:A6:F7:5A:BD:F0,ON,1340749,1780912527177,1340753,1780912527181,1379976,1780912527076,27,2026-06-08T09:55:27.4954033Z,,oasis/bottle
,,,0,,,local.mqtt.telegraf,44,42.33,,,08a6f769c348,08a6f769c348-387,387,08:A6:F7:69:C3:48,ON,1341248,1780912527676,1341252,1780912527680,1409696,1780912527026,27,2026-06-08T09:55:27.9730943Z,,oasis/bottle
,,,0,,,local.mqtt.telegraf,42,46.61,,,08a6f7bb3c68,08a6f7bb3c68-391,391,08:A6:F7:BB:3C:68,ON,1342619,1780912529047,1342623,1780912529051,1450496,1780912526906,27,2026-06-08T09:55:29.3703867Z,,oasis/bottle
,,,0,,,local.mqtt.telegraf,46,43.99,,,2cbcbb0d97a0,2cbcbb0d97a0-385,385,2C:BC:BB:0D:97:A0,ON,1343209,1780912529637,1343213,1780912529641,1429658,1780912529568,26,2026-06-08T09:55:29.9592628Z,,oasis/bottle
,,,0,,,local.mqtt.telegraf,43,30.06,,,08a6f75abdf0,08a6f75abdf0-391,391,08:A6:F7:5A:BD:F0,ON,1343939,1780912530367,1343943,1780912530371,1383167,1780912530286,27,2026-06-08T09:55:30.68254Z,,oasis/bottle
,,,0,,,local.mqtt.telegraf,44,42.48,,,08a6f769c348,08a6f769c348-388,388,08:A6:F7:69:C3:48,ON,1344508,1780912530937,1344513,1780912530941,1412966,1780912530506,27,2026-06-08T09:55:31.2260859Z,,oasis/bottle
,,,0,,,local.mqtt.telegraf,42,46.5,,,08a6f7bb3c68,08a6f7bb3c68-392,392,08:A6:F7:BB:3C:68,ON,1345959,1780912532387,1345963,1780912532391,1453837,1780912530577,27,2026-06-08T09:55:32.7162392Z,,oasis/bottle
,,,0,,,local.mqtt.telegraf,46,43.88,,,2cbcbb0d97a0,2cbcbb0d97a0-386,386,2C:BC:BB:0D:97:A0,ON,1346439,1780912532867,1346444,1780912532872,1432886,1780912532796,26,2026-06-08T09:55:33.1970322Z,,oasis/bottle
,,,0,,,local.mqtt.telegraf,44,29.82,,,08a6f75abdf0,08a6f75abdf0-392,392,08:A6:F7:5A:BD:F0,ON,1347189,1780912533617,1347193,1780912533621,1386416,1780912533535,27,2026-06-08T09:55:33.9345366Z,,oasis/bottle
,,,0,,,local.mqtt.telegraf,43,40.19,,,08a6f76bd428,08a6f76bd428-389,389,08:A6:F7:6B:D4:28,ON,1347839,1780912534267,1347843,1780912534271,1488836,1780912533856,27,2026-06-08T09:55:34.5906794Z,,oasis/bottle
,,,0,,,local.mqtt.telegraf,44,42.47,,,08a6f769c348,08a6f769c348-389,389,08:A6:F7:69:C3:48,ON,1347909,1780912534337,1347913,1780912534341,1416366,1780912533906,27,2026-06-08T09:55:34.6712926Z,,oasis/bottle
,,,0,,,local.mqtt.telegraf,43,46.83,,,08a6f7bb3c68,08a6f7bb3c68-393,393,08:A6:F7:BB:3C:68,ON,1349259,1780912535687,1349263,1780912535691,1457137,1780912533877,27,2026-06-08T09:55:36.0135858Z,,oasis/bottle
,,,0,,,local.mqtt.telegraf,46,43.84,,,2cbcbb0d97a0,2cbcbb0d97a0-387,387,2C:BC:BB:0D:97:A0,ON,1349760,1780912536188,1349764,1780912536192,1436216,1780912536126,26,2026-06-08T09:55:36.5094064Z,,oasis/bottle
,,,0,,,local.mqtt.telegraf,44,30.02,,,08a6f75abdf0,08a6f75abdf0-393,393,08:A6:F7:5A:BD:F0,ON,1350549,1780912536977,1350554,1780912536982,1389776,1780912536895,27,2026-06-08T09:55:37.2922358Z,,oasis/bottle
,,,0,,,local.mqtt.telegraf,44,42.36,,,08a6f769c348,08a6f769c348-390,390,08:A6:F7:69:C3:48,ON,1351098,1780912537527,1351103,1780912537531,1419556,1780912537096,27,2026-06-08T09:55:37.8485719Z,,oasis/bottle
,,,0,,,local.mqtt.telegraf,44,40.52,,,08a6f76bd428,08a6f76bd428-390,390,08:A6:F7:6B:D4:28,ON,1351201,1780912537629,1351206,1780912537634,1492196,1780912537216,27,2026-06-08T09:55:37.9665866Z,,oasis/bottle
,,,0,,,local.mqtt.telegraf,44,47.02,,,08a6f7bb3c68,08a6f7bb3c68-394,394,08:A6:F7:BB:3C:68,ON,1352489,1780912538917,1352493,1780912538921,1460366,1780912537106,27,2026-06-08T09:55:39.2513365Z,,oasis/bottle
,,,0,,,local.mqtt.telegraf,46,43.84,,,2cbcbb0d97a0,2cbcbb0d97a0-388,388,2C:BC:BB:0D:97:A0,ON,1353039,1780912539467,1353043,1780912539471,1439489,1780912539399,26,2026-06-08T09:55:39.7950104Z,,oasis/bottle
,,,0,,,local.mqtt.telegraf,45,30.23,,,08a6f75abdf0,08a6f75abdf0-394,394,08:A6:F7:5A:BD:F0,ON,1353899,1780912540327,1353903,1780912540331,1393126,1780912540246,27,2026-06-08T09:55:40.6423694Z,,oasis/bottle
,,,0,,,local.mqtt.telegraf,44,42.6,,,08a6f769c348,08a6f769c348-391,391,08:A6:F7:69:C3:48,ON,1354349,1780912540777,1354353,1780912540781,1422806,1780912540516,27,2026-06-08T09:55:41.0931758Z,,oasis/bottle
,,,0,,,local.mqtt.telegraf,44,40.24,,,08a6f76bd428,08a6f76bd428-391,391,08:A6:F7:6B:D4:28,ON,1354549,1780912540977,1354554,1780912540982,1495547,1780912540616,27,2026-06-08T09:55:41.2919939Z,,oasis/bottle
,,,0,,,local.mqtt.telegraf,43,46.82,,,08a6f7bb3c68,08a6f7bb3c68-395,395,08:A6:F7:BB:3C:68,ON,1355810,1780912542238,1355814,1780912542242,1463689,1780912540589,27,2026-06-08T09:55:42.5622951Z,,oasis/bottle
,,,0,,,local.mqtt.telegraf,46,43.66,,,2cbcbb0d97a0,2cbcbb0d97a0-389,389,2C:BC:BB:0D:97:A0,ON,1356209,1780912542638,1356214,1780912542642,1442667,1780912540447,26,2026-06-08T09:55:42.9605701Z,,oasis/bottle
,,,0,,,local.mqtt.telegraf,45,30,,,08a6f75abdf0,08a6f75abdf0-395,395,08:A6:F7:5A:BD:F0,ON,1357229,1780912543657,1357233,1780912543661,1396457,1780912543577,27,2026-06-08T09:55:43.9824204Z,,oasis/bottle
,,,0,,,local.mqtt.telegraf,44,42.33,,,08a6f769c348,08a6f769c348-392,392,08:A6:F7:69:C3:48,ON,1357719,1780912544147,1357723,1780912544151,1426176,1780912543886,27,2026-06-08T09:55:44.4622016Z,,oasis/bottle
,,,0,,,local.mqtt.telegraf,44,40.36,,,08a6f76bd428,08a6f76bd428-392,392,08:A6:F7:6B:D4:28,ON,1357869,1780912544297,1357873,1780912544301,1498866,1780912543935,27,2026-06-08T09:55:44.6209601Z,,oasis/bottle
,,,0,,,local.mqtt.telegraf,43,46.55,,,08a6f7bb3c68,08a6f7bb3c68-396,396,08:A6:F7:BB:3C:68,ON,1359089,1780912545517,1359093,1780912545521,1466967,1780912543867,27,2026-06-08T09:55:45.8423833Z,,oasis/bottle
,,,0,,,local.mqtt.telegraf,46,43.61,,,2cbcbb0d97a0,2cbcbb0d97a0-390,390,2C:BC:BB:0D:97:A0,ON,1359429,1780912545858,1359434,1780912545862,1445886,1780912543666,26,2026-06-08T09:55:46.1773834Z,,oasis/bottle
,,,0,,,local.mqtt.telegraf,45,29.84,,,08a6f75abdf0,08a6f75abdf0-396,396,08:A6:F7:5A:BD:F0,ON,1360509,1780912546937,1360513,1780912546941,1399737,1780912546857,27,2026-06-08T09:55:47.2529148Z,,oasis/bottle
,,,0,,,local.mqtt.telegraf,44,42.33,,,08a6f769c348,08a6f769c348-393,393,08:A6:F7:69:C3:48,ON,1361079,1780912547507,1361084,1780912547512,1429536,1780912547246,27,2026-06-08T09:55:47.8256353Z,,oasis/bottle
,,,0,,,local.mqtt.telegraf,44,40.4,,,08a6f76bd428,08a6f76bd428-393,393,08:A6:F7:6B:D4:28,ON,1361141,1780912547569,1361145,1780912547573,1502136,1780912547205,27,2026-06-08T09:55:47.875881Z,,oasis/bottle
,,,0,,,local.mqtt.telegraf,43,46.85,,,08a6f7bb3c68,08a6f7bb3c68-397,397,08:A6:F7:BB:3C:68,ON,1362269,1780912548697,1362273,1780912548701,1470146,1780912547046,27,2026-06-08T09:55:49.0253464Z,,oasis/bottle
,,,0,,,local.mqtt.telegraf,46,43.69,,,2cbcbb0d97a0,2cbcbb0d97a0-391,391,2C:BC:BB:0D:97:A0,ON,1362749,1780912549177,1362761,1780912549189,1449196,1780912546976,26,2026-06-08T09:55:49.5119098Z,,oasis/bottle
,,,0,,,local.mqtt.telegraf,45,29.76,,,08a6f75abdf0,08a6f75abdf0-397,397,08:A6:F7:5A:BD:F0,ON,1363699,1780912550127,1363703,1780912550131,1402927,1780912550047,27,2026-06-08T09:55:50.4572271Z,,oasis/bottle
,,,0,,,local.mqtt.telegraf,44,42.19,,,08a6f769c348,08a6f769c348-394,394,08:A6:F7:69:C3:48,ON,1364419,1780912550847,1364423,1780912550851,1432876,1780912550636,27,2026-06-08T09:55:51.1660233Z,,oasis/bottle
,,,0,,,local.mqtt.telegraf,44,40.17,,,08a6f76bd428,08a6f76bd428-394,394,08:A6:F7:6B:D4:28,ON,1364539,1780912550967,1364543,1780912550971,1505536,1780912550696,27,2026-06-08T09:55:51.2905346Z,,oasis/bottle
,,,0,,,local.mqtt.telegraf,43,46.77,,,08a6f7bb3c68,08a6f7bb3c68-398,398,08:A6:F7:BB:3C:68,ON,1365499,1780912551927,1365503,1780912551931,1473377,1780912550527,27,2026-06-08T09:55:52.2552107Z,,oasis/bottle
,,,0,,,local.mqtt.telegraf,46,43.62,,,2cbcbb0d97a0,2cbcbb0d97a0-392,392,2C:BC:BB:0D:97:A0,ON,1365989,1780912552417,1365993,1780912552421,1452437,1780912550537,26,2026-06-08T09:55:52.7420092Z,,oasis/bottle
,,,0,,,local.mqtt.telegraf,45,29.87,,,08a6f75abdf0,08a6f75abdf0-398,398,08:A6:F7:5A:BD:F0,ON,1366939,1780912553367,1366943,1780912553371,1406167,1780912553287,27,2026-06-08T09:55:53.6864668Z,,oasis/bottle
,,,0,,,local.mqtt.telegraf,44,42.31,,,08a6f769c348,08a6f769c348-395,395,08:A6:F7:69:C3:48,ON,1367756,1780912554184,1367760,1780912554188,1436186,1780912553946,27,2026-06-08T09:55:54.4820437Z,,oasis/bottle
,,,0,,,local.mqtt.telegraf,43,46.59,,,08a6f7bb3c68,08a6f7bb3c68-399,399,08:A6:F7:BB:3C:68,ON,1368819,1780912555247,1368823,1780912555251,1476697,1780912553847,27,2026-06-08T09:55:55.624353Z,,oasis/bottle
,,,0,,,local.mqtt.telegraf,46,43.69,,,2cbcbb0d97a0,2cbcbb0d97a0-393,393,2C:BC:BB:0D:97:A0,ON,1369330,1780912555758,1369334,1780912555762,1455786,1780912553886,26,2026-06-08T09:55:56.0771293Z,,oasis/bottle
,,,0,,,local.mqtt.telegraf,45,29.72,,,08a6f75abdf0,08a6f75abdf0-399,399,08:A6:F7:5A:BD:F0,ON,1370289,1780912556717,1370293,1780912556721,1409517,1780912556637,27,2026-06-08T09:55:57.1041663Z,,oasis/bottle
,,,0,,,local.mqtt.telegraf,44,42.29,,,08a6f769c348,08a6f769c348-396,396,08:A6:F7:69:C3:48,ON,1371008,1780912557436,1371013,1780912557441,1439436,1780912557196,27,2026-06-08T09:55:57.7724247Z,,oasis/bottle
,,,0,,,local.mqtt.telegraf,43,46.4,,,08a6f7bb3c68,08a6f7bb3c68-400,400,08:A6:F7:BB:3C:68,ON,1372089,1780912558517,1372093,1780912558521,1479967,1780912557117,27,2026-06-08T09:55:58.8521609Z,,oasis/bottle
,,,0,,,local.mqtt.telegraf,46,43.77,,,2cbcbb0d97a0,2cbcbb0d97a0-394,394,2C:BC:BB:0D:97:A0,ON,1372669,1780912559097,1372673,1780912559101,1459116,1780912557216,26,2026-06-08T09:55:59.4254523Z,,oasis/bottle
,,,0,,,local.mqtt.telegraf,45,29.67,,,08a6f75abdf0,08a6f75abdf0-400,400,08:A6:F7:5A:BD:F0,ON,1373619,1780912560047,1373623,1780912560051,1412846,1780912559956,27,2026-06-08T09:56:00.3766664Z,,oasis/bottle
,,,0,,,local.mqtt.telegraf,44,42.08,,,08a6f769c348,08a6f769c348-397,397,08:A6:F7:69:C3:48,ON,1374365,1780912560793,1374372,1780912560800,1442807,1780912560697,27,2026-06-08T09:56:01.092348Z,,oasis/bottle
,,,0,,,local.mqtt.telegraf,43,46.42,,,08a6f7bb3c68,08a6f7bb3c68-401,401,08:A6:F7:BB:3C:68,ON,1375499,1780912561927,1375503,1780912561931,1483377,1780912560737,27,2026-06-08T09:56:02.2572982Z,,oasis/bottle
,,,0,,,local.mqtt.telegraf,46,43.76,,,2cbcbb0d97a0,2cbcbb0d97a0-395,395,2C:BC:BB:0D:97:A0,ON,1375939,1780912562368,1375944,1780912562372,1462397,1780912560607,26,2026-06-08T09:56:02.6953077Z,,oasis/bottle
,,,0,,,local.mqtt.telegraf,45,29.72,,,08a6f75abdf0,08a6f75abdf0-401,401,08:A6:F7:5A:BD:F0,ON,1376899,1780912563327,1376903,1780912563331,1416127,1780912563237,27,2026-06-08T09:56:03.6656424Z,,oasis/bottle
,,,0,,,local.mqtt.telegraf,43,40.43,,,08a6f76bd428,08a6f76bd428-398,398,08:A6:F7:6B:D4:28,ON,1377689,1780912564117,1377693,1780912564121,1518686,1780912564036,27,2026-06-08T09:56:04.4485771Z,,oasis/bottle
,,,0,,,local.mqtt.telegraf,44,42.38,,,08a6f769c348,08a6f769c348-398,398,08:A6:F7:69:C3:48,ON,1377718,1780912564146,1377722,1780912564150,1446166,1780912564056,27,2026-06-08T09:56:04.4496476Z,,oasis/bottle
,,,0,,,local.mqtt.telegraf,43,46.71,,,08a6f7bb3c68,08a6f7bb3c68-402,402,08:A6:F7:BB:3C:68,ON,1378699,1780912565127,1378704,1780912565132,1486577,1780912563937,27,2026-06-08T09:56:05.4447195Z,,oasis/bottle
,,,0,,,local.mqtt.telegraf,46,43.8,,,2cbcbb0d97a0,2cbcbb0d97a0-396,396,2C:BC:BB:0D:97:A0,ON,1379139,1780912565567,1379143,1780912565571,1465586,1780912563796,26,2026-06-08T09:56:05.8875706Z,,oasis/bottle
,,,0,,,local.mqtt.telegraf,45,29.68,,,08a6f75abdf0,08a6f75abdf0-402,402,08:A6:F7:5A:BD:F0,ON,1380089,1780912566517,1380093,1780912566521,1419317,1780912566427,27,2026-06-08T09:56:06.8491046Z,,oasis/bottle
,,,0,,,local.mqtt.telegraf,43,40.43,,,08a6f76bd428,08a6f76bd428-399,399,08:A6:F7:6B:D4:28,ON,1381021,1780912567449,1381025,1780912567453,1522016,1780912567366,27,2026-06-08T09:56:07.7619872Z,,oasis/bottle
,,,0,,,local.mqtt.telegraf,44,42.13,,,08a6f769c348,08a6f769c348-399,399,08:A6:F7:69:C3:48,ON,1381089,1780912567517,1381093,1780912567521,1449546,1780912567436,27,2026-06-08T09:56:07.807546Z,,oasis/bottle
,,,0,,,local.mqtt.telegraf,43,46.47,,,08a6f7bb3c68,08a6f7bb3c68-403,403,08:A6:F7:BB:3C:68,ON,1381969,1780912568397,1381974,1780912568402,1489847,1780912567207,27,2026-06-08T09:56:08.7154726Z,,oasis/bottle
,,,0,,,local.mqtt.telegraf,46,43.77,,,2cbcbb0d97a0,2cbcbb0d97a0-397,397,2C:BC:BB:0D:97:A0,ON,1382389,1780912568817,1382393,1780912568821,1468836,1780912567046,26,2026-06-08T09:56:09.1392721Z,,oasis/bottle
,,,0,,,local.mqtt.telegraf,45,29.52,,,08a6f75abdf0,08a6f75abdf0-403,403,08:A6:F7:5A:BD:F0,ON,1383349,1780912569777,1383354,1780912569782,1422578,1780912569696,27,2026-06-08T09:56:10.1136844Z,,oasis/bottle
,,,0,,,local.mqtt.telegraf,43,40.48,,,08a6f76bd428,08a6f76bd428-400,400,08:A6:F7:6B:D4:28,ON,1384299,1780912570727,1384303,1780912570731,1525296,1780912570644,27,2026-06-08T09:56:11.0421127Z,,oasis/bottle
,,,0,,,local.mqtt.telegraf,44,42.16,,,08a6f769c348,08a6f769c348-400,400,08:A6:F7:69:C3:48,ON,1384439,1780912570867,1384443,1780912570871,1452897,1780912570715,27,2026-06-08T09:56:11.1920491Z,,oasis/bottle
,,,0,,,local.mqtt.telegraf,43,46.63,,,08a6f7bb3c68,08a6f7bb3c68-404,404,08:A6:F7:BB:3C:68,ON,1385369,1780912571797,1385373,1780912571801,1493247,1780912570765,27,2026-06-08T09:56:12.117112Z,,oasis/bottle
,,,0,,,local.mqtt.telegraf,46,43.65,,,2cbcbb0d97a0,2cbcbb0d97a0-398,398,2C:BC:BB:0D:97:A0,ON,1385830,1780912572258,1385834,1780912572262,1472286,1780912570764,26,2026-06-08T09:56:12.5721978Z,,oasis/bottle
,,,0,,,local.mqtt.telegraf,44,29.66,,,08a6f75abdf0,08a6f75abdf0-404,404,08:A6:F7:5A:BD:F0,ON,1386729,1780912573157,1386733,1780912573161,1425957,1780912573075,27,2026-06-08T09:56:13.4833399Z,,oasis/bottle
,,,0,,,local.mqtt.telegraf,43,40.37,,,08a6f76bd428,08a6f76bd428-401,401,08:A6:F7:6B:D4:28,ON,1387489,1780912573917,1387493,1780912573921,1528486,1780912573834,27,2026-06-08T09:56:14.2351532Z,,oasis/bottle
,,,0,,,local.mqtt.telegraf,44,42.29,,,08a6f769c348,08a6f769c348-401,401,08:A6:F7:69:C3:48,ON,1387769,1780912574197,1387773,1780912574201,1456226,1780912574044,27,2026-06-08T09:56:14.5117712Z,,oasis/bottle
,,,0,,,local.mqtt.telegraf,43,46.63,,,08a6f7bb3c68,08a6f7bb3c68-405,405,08:A6:F7:BB:3C:68,ON,1388560,1780912574988,1388565,1780912574993,1496436,1780912573954,27,2026-06-08T09:56:15.3072002Z,,oasis/bottle
,,,0,,,local.mqtt.telegraf,46,43.87,,,2cbcbb0d97a0,2cbcbb0d97a0-399,399,2C:BC:BB:0D:97:A0,ON,1389030,1780912575458,1389034,1780912575462,1475486,1780912573964,26,2026-06-08T09:56:15.7835971Z,,oasis/bottle
,,,0,,,local.mqtt.telegraf,44,29.44,,,08a6f75abdf0,08a6f75abdf0-405,405,08:A6:F7:5A:BD:F0,ON,1390109,1780912576537,1390113,1780912576541,1429337,1780912576455,27,2026-06-08T09:56:16.8561671Z,,oasis/bottle
,,,0,,,local.mqtt.telegraf,43,40.4,,,08a6f76bd428,08a6f76bd428-402,402,08:A6:F7:6B:D4:28,ON,1390729,1780912577157,1390733,1780912577161,1531726,1780912577074,27,2026-06-08T09:56:17.4782632Z,,oasis/bottle
,,,0,,,local.mqtt.telegraf,44,42.29,,,08a6f769c348,08a6f769c348-402,402,08:A6:F7:69:C3:48,ON,1391050,1780912577478,1391062,1780912577490,1459506,1780912577324,27,2026-06-08T09:56:17.8063866Z,,oasis/bottle
,,,0,,,local.mqtt.telegraf,42,46.89,,,08a6f7bb3c68,08a6f7bb3c68-406,406,08:A6:F7:BB:3C:68,ON,1391809,1780912578237,1391813,1780912578241,1499686,1780912577204,27,2026-06-08T09:56:18.5533769Z,,oasis/bottle
,,,0,,,local.mqtt.telegraf,46,43.72,,,2cbcbb0d97a0,2cbcbb0d97a0-400,400,2C:BC:BB:0D:97:A0,ON,1392299,1780912578727,1392303,1780912578731,1478746,1780912577224,26,2026-06-08T09:56:19.0592031Z,,oasis/bottle
,,,0,,,local.mqtt.telegraf,44,29.45,,,08a6f75abdf0,08a6f75abdf0-406,406,08:A6:F7:5A:BD:F0,ON,1393489,1780912579917,1393493,1780912579921,1432717,1780912579837,27,2026-06-08T09:56:20.250277Z,,oasis/bottle
,,,0,,,local.mqtt.telegraf,43,40.62,,,08a6f76bd428,08a6f76bd428-403,403,08:A6:F7:6B:D4:28,ON,1394079,1780912580507,1394083,1780912580511,1535076,1780912580435,27,2026-06-08T09:56:20.830301Z,,oasis/bottle
,,,0,,,local.mqtt.telegraf,44,42.25,,,08a6f769c348,08a6f769c348-403,403,08:A6:F7:69:C3:48,ON,1394239,1780912580667,1394243,1780912580671,1462697,1780912580587,27,2026-06-08T09:56:20.9938084Z,,oasis/bottle
,,,0,,,local.mqtt.telegraf,42,47,,,08a6f7bb3c68,08a6f7bb3c68-407,407,08:A6:F7:BB:3C:68,ON,1395179,1780912581607,1395184,1780912581612,1503056,1780912580766,27,2026-06-08T09:56:21.9321928Z,,oasis/bottle
,,,0,,,local.mqtt.telegraf,46,43.69,,,2cbcbb0d97a0,2cbcbb0d97a0-401,401,2C:BC:BB:0D:97:A0,ON,1395690,1780912582118,1395695,1780912582123,1482147,1780912580797,26,2026-06-08T09:56:22.4397582Z,,oasis/bottle
,,,0,,,local.mqtt.telegraf,44,29.39,,,08a6f75abdf0,08a6f75abdf0-407,407,08:A6:F7:5A:BD:F0,ON,1396879,1780912583307,1396883,1780912583311,1436107,1780912583227,27,2026-06-08T09:56:23.6340481Z,,oasis/bottle
,,,0,,,local.mqtt.telegraf,43,40.4,,,08a6f76bd428,08a6f76bd428-404,404,08:A6:F7:6B:D4:28,ON,1397419,1780912583847,1397423,1780912583851,1538406,1780912583765,27,2026-06-08T09:56:24.1703851Z,,oasis/bottle
,,,0,,,local.mqtt.telegraf,44,42.32,,,08a6f769c348,08a6f769c348-404,404,08:A6:F7:69:C3:48,ON,1397489,1780912583917,1397493,1780912583921,1465946,1780912583836,27,2026-06-08T09:56:24.2020433Z,,oasis/bottle
,,,0,,,local.mqtt.telegraf,42,46.66,,,08a6f7bb3c68,08a6f7bb3c68-408,408,08:A6:F7:BB:3C:68,ON,1398539,1780912584967,1398543,1780912584971,1506416,1780912584126,27,2026-06-08T09:56:25.2952836Z,,oasis/bottle
,,,0,,,local.mqtt.telegraf,46,43.8,,,2cbcbb0d97a0,2cbcbb0d97a0-402,402,2C:BC:BB:0D:97:A0,ON,1398869,1780912585298,1398874,1780912585302,1485326,1780912583976,26,2026-06-08T09:56:25.611993Z,,oasis/bottle
,,,0,,,local.mqtt.telegraf,44,29.44,,,08a6f75abdf0,08a6f75abdf0-408,408,08:A6:F7:5A:BD:F0,ON,1400049,1780912586477,1400053,1780912586481,1439276,1780912586396,27,2026-06-08T09:56:26.8078341Z,,oasis/bottle
,,,0,,,local.mqtt.telegraf,43,40.33,,,08a6f76bd428,08a6f76bd428-405,405,08:A6:F7:6B:D4:28,ON,1400699,1780912587127,1400703,1780912587131,1541696,1780912587055,27,2026-06-08T09:56:27.4487891Z,,oasis/bottle
,,,0,,,local.mqtt.telegraf,44,42.4,,,08a6f769c348,08a6f769c348-405,405,08:A6:F7:69:C3:48,ON,1400849,1780912587277,1400853,1780912587281,1469306,1780912587196,27,2026-06-08T09:56:27.6018625Z,,oasis/bottle
,,,0,,,local.mqtt.telegraf,42,46.91,,,08a6f7bb3c68,08a6f7bb3c68-409,409,08:A6:F7:BB:3C:68,ON,1401889,1780912588317,1401893,1780912588321,1509766,1780912587476,27,2026-06-08T09:56:28.6360883Z,,oasis/bottle
,,,0,,,local.mqtt.telegraf,46,43.65,,,2cbcbb0d97a0,2cbcbb0d97a0-403,403,2C:BC:BB:0D:97:A0,ON,1402099,1780912588527,1402103,1780912588531,1488546,1780912587196,26,2026-06-08T09:56:28.8524153Z,,oasis/bottle
,,,0,,,local.mqtt.telegraf,43,29.44,,,08a6f75abdf0,08a6f75abdf0-409,409,08:A6:F7:5A:BD:F0,ON,1403259,1780912589687,1403263,1780912589691,1442487,1780912589607,27,2026-06-08T09:56:30.0118326Z,,oasis/bottle
,,,0,,,local.mqtt.telegraf,43,40.4,,,08a6f76bd428,08a6f76bd428-406,406,08:A6:F7:6B:D4:28,ON,1403899,1780912590327,1403903,1780912590331,1544896,1780912590265,27,2026-06-08T09:56:30.6541515Z,,oasis/bottle
,,,0,,,local.mqtt.telegraf,44,42.31,,,08a6f769c348,08a6f769c348-406,406,08:A6:F7:69:C3:48,ON,1404199,1780912590627,1404203,1780912590631,1472656,1780912590556,27,2026-06-08T09:56:30.9518073Z,,oasis/bottle
,,,0,,,local.mqtt.telegraf,42,46.55,,,08a6f7bb3c68,08a6f7bb3c68-410,410,08:A6:F7:BB:3C:68,ON,1405209,1780912591637,1405213,1780912591641,1513087,1780912590747,27,2026-06-08T09:56:31.9698115Z,,oasis/bottle
,,,0,,,local.mqtt.telegraf,46,43.77,,,2cbcbb0d97a0,2cbcbb0d97a0-404,404,2C:BC:BB:0D:97:A0,ON,1405409,1780912591837,1405413,1780912591841,1491857,1780912590737,26,2026-06-08T09:56:32.1558819Z,,oasis/bottle
,,,0,,,local.mqtt.telegraf,43,29.24,,,08a6f75abdf0,08a6f75abdf0-410,410,08:A6:F7:5A:BD:F0,ON,1406539,1780912592967,1406543,1780912592971,1445767,1780912590707,27,2026-06-08T09:56:33.3261102Z,,oasis/bottle
,,,0,,,local.mqtt.telegraf,43,40.53,,,08a6f76bd428,08a6f76bd428-407,407,08:A6:F7:6B:D4:28,ON,1407169,1780912593597,1407173,1780912593601,1548166,1780912593535,27,2026-06-08T09:56:33.9178154Z,,oasis/bottle
,,,0,,,local.mqtt.telegraf,44,42.12,,,08a6f769c348,08a6f769c348-407,407,08:A6:F7:69:C3:48,ON,1407529,1780912593957,1407533,1780912593961,1475986,1780912593886,27,2026-06-08T09:56:34.2723016Z,,oasis/bottle
,,,0,,,local.mqtt.telegraf,42,46.63,,,08a6f7bb3c68,08a6f7bb3c68-411,411,08:A6:F7:BB:3C:68,ON,1408479,1780912594907,1408483,1780912594911,1516357,1780912594017,27,2026-06-08T09:56:35.2257884Z,,oasis/bottle
,,,0,,,local.mqtt.telegraf,46,43.77,,,2cbcbb0d97a0,2cbcbb0d97a0-405,405,2C:BC:BB:0D:97:A0,ON,1408649,1780912595078,1408654,1780912595082,1495107,1780912593987,26,2026-06-08T09:56:35.3987914Z,,oasis/bottle
,,,0,,,local.mqtt.telegraf,43,29.37,,,08a6f75abdf0,08a6f75abdf0-411,411,08:A6:F7:5A:BD:F0,ON,1409729,1780912596157,1409733,1780912596161,1448957,1780912593897,27,2026-06-08T09:56:36.4795148Z,,oasis/bottle
,,,0,,,local.mqtt.telegraf,43,40.33,,,08a6f76bd428,08a6f76bd428-408,408,08:A6:F7:6B:D4:28,ON,1410569,1780912596997,1410573,1780912597001,1551566,1780912596935,27,2026-06-08T09:56:37.317091Z,,oasis/bottle
,,,0,,,local.mqtt.telegraf,44,42.12,,,08a6f769c348,08a6f769c348-408,408,08:A6:F7:69:C3:48,ON,1410819,1780912597248,1410824,1780912597252,1479276,1780912597176,27,2026-06-08T09:56:37.5616825Z,,oasis/bottle
,,,0,,,local.mqtt.telegraf,42,46.67,,,08a6f7bb3c68,08a6f7bb3c68-412,412,08:A6:F7:BB:3C:68,ON,1411879,1780912598307,1411883,1780912598311,1519756,1780912597416,27,2026-06-08T09:56:38.6255771Z,,oasis/bottle
,,,0,,,local.mqtt.telegraf,46,43.87,,,2cbcbb0d97a0,2cbcbb0d97a0-406,406,2C:BC:BB:0D:97:A0,ON,1412011,1780912598439,1412015,1780912598443,1498466,1780912597346,26,2026-06-08T09:56:38.7767036Z,,oasis/bottle
,,,0,,,local.mqtt.telegraf,43,29.44,,,08a6f75abdf0,08a6f75abdf0-412,412,08:A6:F7:5A:BD:F0,ON,1412969,1780912599397,1412973,1780912599401,1452197,1780912597137,27,2026-06-08T09:56:39.7129097Z,,oasis/bottle
,,,0,,,local.mqtt.telegraf,43,40.37,,,08a6f76bd428,08a6f76bd428-409,409,08:A6:F7:6B:D4:28,ON,1413759,1780912600187,1413763,1780912600191,1554757,1780912600126,27,2026-06-08T09:56:40.503488Z,,oasis/bottle
,,,0,,,local.mqtt.telegraf,44,42.2,,,08a6f769c348,08a6f769c348-409,409,08:A6:F7:69:C3:48,ON,1414019,1780912600447,1414024,1780912600452,1482476,1780912600376,27,2026-06-08T09:56:40.7671391Z,,oasis/bottle
,,,0,,,local.mqtt.telegraf,42,46.78,,,08a6f7bb3c68,08a6f7bb3c68-413,413,08:A6:F7:BB:3C:68,ON,1415069,1780912601497,1415073,1780912601501,1522946,1780912600646,27,2026-06-08T09:56:41.8191902Z,,oasis/bottle
,,,0,,,local.mqtt.telegraf,46,43.8,,,2cbcbb0d97a0,2cbcbb0d97a0-407,407,2C:BC:BB:0D:97:A0,ON,1415369,1780912601797,1415373,1780912601801,1501816,1780912600806,26,2026-06-08T09:56:42.1219769Z,,oasis/bottle
,,,0,,,local.mqtt.telegraf,43,29.27,,,08a6f75abdf0,08a6f75abdf0-413,413,08:A6:F7:5A:BD:F0,ON,1416319,1780912602747,1416323,1780912602751,1455547,1780912600807,27,2026-06-08T09:56:43.0729193Z,,oasis/bottle
,,,0,,,local.mqtt.telegraf,43,40.28,,,08a6f76bd428,08a6f76bd428-410,410,08:A6:F7:6B:D4:28,ON,1416999,1780912603427,1417003,1780912603431,1557996,1780912603365,27,2026-06-08T09:56:43.7474633Z,,oasis/bottle
,,,0,,,local.mqtt.telegraf,44,42.2,,,08a6f769c348,08a6f769c348-410,410,08:A6:F7:69:C3:48,ON,1417279,1780912603708,1417284,1780912603712,1485736,1780912603636,27,2026-06-08T09:56:44.0319651Z,,oasis/bottle
,,,0,,,local.mqtt.telegraf,42,46.63,,,08a6f7bb3c68,08a6f7bb3c68-414,414,08:A6:F7:BB:3C:68,ON,1418319,1780912604747,1418324,1780912604752,1526196,1780912603896,27,2026-06-08T09:56:45.090265Z,,oasis/bottle
,,,0,,,local.mqtt.telegraf,46,43.62,,,2cbcbb0d97a0,2cbcbb0d97a0-408,408,2C:BC:BB:0D:97:A0,ON,1418680,1780912605108,1418684,1780912605112,1505136,1780912604126,26,2026-06-08T09:56:45.4274831Z,,oasis/bottle
,,,0,,,local.mqtt.telegraf,43,29.35,,,08a6f75abdf0,08a6f75abdf0-414,414,08:A6:F7:5A:BD:F0,ON,1419649,1780912606077,1419653,1780912606081,1458877,1780912604137,27,2026-06-08T09:56:46.4017168Z,,oasis/bottle
,,,0,,,local.mqtt.telegraf,43,40.41,,,08a6f76bd428,08a6f76bd428-411,411,08:A6:F7:6B:D4:28,ON,1420359,1780912606787,1420363,1780912606791,1561356,1780912606725,27,2026-06-08T09:56:47.1051435Z,,oasis/bottle
,,,0,,,local.mqtt.telegraf,44,42.32,,,08a6f769c348,08a6f769c348-411,411,08:A6:F7:69:C3:48,ON,1420669,1780912607097,1420673,1780912607101,1489126,1780912607026,27,2026-06-08T09:56:47.4155483Z,,oasis/bottle
,,,0,,,local.mqtt.telegraf,42,46.78,,,08a6f7bb3c68,08a6f7bb3c68-415,415,08:A6:F7:BB:3C:68,ON,1421679,1780912608107,1421683,1780912608111,1529556,1780912607256,27,2026-06-08T09:56:48.4317496Z,,oasis/bottle
,,,0,,,local.mqtt.telegraf,46,43.97,,,2cbcbb0d97a0,2cbcbb0d97a0-409,409,2C:BC:BB:0D:97:A0,ON,1421959,1780912608387,1421963,1780912608391,1508407,1780912607397,26,2026-06-08T09:56:48.7089022Z,,oasis/bottle
,,,0,,,local.mqtt.telegraf,43,29.48,,,08a6f75abdf0,08a6f75abdf0-415,415,08:A6:F7:5A:BD:F0,ON,1422929,1780912609357,1422934,1780912609362,1462156,1780912607416,27,2026-06-08T09:56:49.7494893Z,,oasis/bottle
,,,0,,,local.mqtt.telegraf,43,40.62,,,08a6f76bd428,08a6f76bd428-412,412,08:A6:F7:6B:D4:28,ON,1423699,1780912610127,1423703,1780912610131,1564696,1780912610056,27,2026-06-08T09:56:50.4945035Z,,oasis/bottle
,,,0,,,local.mqtt.telegraf,44,42.54,,,08a6f769c348,08a6f769c348-412,412,08:A6:F7:69:C3:48,ON,1424089,1780912610517,1424093,1780912610521,1492536,1780912610436,27,2026-06-08T09:56:50.8328958Z,,oasis/bottle
,,,0,,,local.mqtt.telegraf,42,47.05,,,08a6f7bb3c68,08a6f7bb3c68-416,416,08:A6:F7:BB:3C:68,ON,1425029,1780912611457,1425033,1780912611461,1532906,1780912610836,27,2026-06-08T09:56:51.7726149Z,,oasis/bottle
,,,0,,,local.mqtt.telegraf,46,44.05,,,2cbcbb0d97a0,2cbcbb0d97a0-410,410,2C:BC:BB:0D:97:A0,ON,1425360,1780912611788,1425364,1780912611792,1511817,1780912610897,26,2026-06-08T09:56:52.1092508Z,,oasis/bottle
,,,0,,,local.mqtt.telegraf,43,29.87,,,08a6f75abdf0,08a6f75abdf0-416,416,08:A6:F7:5A:BD:F0,ON,1426119,1780912612547,1426123,1780912612551,1465347,1780912610677,27,2026-06-08T09:56:52.8670864Z,,oasis/bottle
,,,0,,,local.mqtt.telegraf,43,40.75,,,08a6f76bd428,08a6f76bd428-413,413,08:A6:F7:6B:D4:28,ON,1426999,1780912613427,1427003,1780912613431,1567996,1780912613356,27,2026-06-08T09:56:53.741745Z,,oasis/bottle
,,,0,,,local.mqtt.telegraf,44,42.62,,,08a6f769c348,08a6f769c348-413,413,08:A6:F7:69:C3:48,ON,1427289,1780912613717,1427293,1780912613721,1495746,1780912613646,27,2026-06-08T09:56:54.0352496Z,,oasis/bottle
,,,0,,,local.mqtt.telegraf,42,46.81,,,08a6f7bb3c68,08a6f7bb3c68-417,417,08:A6:F7:BB:3C:68,ON,1428369,1780912614797,1428373,1780912614801,1536246,1780912614176,27,2026-06-08T09:56:55.1176788Z,,oasis/bottle
,,,0,,,local.mqtt.telegraf,46,44.05,,,2cbcbb0d97a0,2cbcbb0d97a0-411,411,2C:BC:BB:0D:97:A0,ON,1428570,1780912614998,1428575,1780912615003,1515016,1780912614096,26,2026-06-08T09:56:55.3219789Z,,oasis/bottle
,,,0,,,local.mqtt.telegraf,43,29.96,,,08a6f75abdf0,08a6f75abdf0-417,417,08:A6:F7:5A:BD:F0,ON,1429369,1780912615797,1429373,1780912615801,1468597,1780912613927,27,2026-06-08T09:56:56.1245251Z,,oasis/bottle
,,,0,,,local.mqtt.telegraf,43,40.84,,,08a6f76bd428,08a6f76bd428-414,414,08:A6:F7:6B:D4:28,ON,1430229,1780912616657,1430233,1780912616661,1571226,1780912616586,27,2026-06-08T09:56:56.9835479Z,,oasis/bottle
,,,0,,,local.mqtt.telegraf,44,42.59,,,08a6f769c348,08a6f769c348-414,414,08:A6:F7:69:C3:48,ON,1430569,1780912616997,1430573,1780912617001,1499026,1780912616926,27,2026-06-08T09:56:57.3150446Z,,oasis/bottle
,,,0,,,local.mqtt.telegraf,42,46.87,,,08a6f7bb3c68,08a6f7bb3c68-418,418,08:A6:F7:BB:3C:68,ON,1431659,1780912618087,1431663,1780912618091,1539537,1780912617467,27,2026-06-08T09:56:58.4067871Z,,oasis/bottle
,,,0,,,local.mqtt.telegraf,46,44.09,,,2cbcbb0d97a0,2cbcbb0d97a0-412,412,2C:BC:BB:0D:97:A0,ON,1431839,1780912618267,1431844,1780912618272,1518287,1780912617367,26,2026-06-08T09:56:58.5929819Z,,oasis/bottle
,,,0,,,local.mqtt.telegraf,43,29.45,,,08a6f75abdf0,08a6f75abdf0-418,418,08:A6:F7:5A:BD:F0,ON,1432729,1780912619157,1432733,1780912619161,1471957,1780912617287,27,2026-06-08T09:56:59.4820982Z,,oasis/bottle
,,,0,,,local.mqtt.telegraf,43,40.41,,,08a6f76bd428,08a6f76bd428-415,415,08:A6:F7:6B:D4:28,ON,1433568,1780912619996,1433573,1780912620001,1574557,1780912619926,27,2026-06-08T09:57:00.3161216Z,,oasis/bottle
,,,0,,,local.mqtt.telegraf,44,42.54,,,08a6f769c348,08a6f769c348-415,415,08:A6:F7:69:C3:48,ON,1433766,1780912620194,1433771,1780912620199,1502216,1780912620116,27,2026-06-08T09:57:00.5219591Z,,oasis/bottle
,,,0,,,local.mqtt.telegraf,42,46.93,,,08a6f7bb3c68,08a6f7bb3c68-419,419,08:A6:F7:BB:3C:68,ON,1434869,1780912621297,1434873,1780912621301,1542740,1780912620720,27,2026-06-08T09:57:01.6143349Z,,oasis/bottle
,,,0,,,local.mqtt.telegraf,46,43.85,,,2cbcbb0d97a0,2cbcbb0d97a0-413,413,2C:BC:BB:0D:97:A0,ON,1435239,1780912621668,1435244,1780912621672,1521697,1780912620927,26,2026-06-08T09:57:01.9963193Z,,oasis/bottle
,,,0,,,local.mqtt.telegraf,43,29.25,,,08a6f75abdf0,08a6f75abdf0-419,419,08:A6:F7:5A:BD:F0,ON,1436079,1780912622507,1436083,1780912622511,1475307,1780912620867,27,2026-06-08T09:57:02.8279036Z,,oasis/bottle
,,,0,,,local.mqtt.telegraf,43,40.49,,,08a6f76bd428,08a6f76bd428-416,416,08:A6:F7:6B:D4:28,ON,1436849,1780912623277,1436853,1780912623281,1577846,1780912623215,27,2026-06-08T09:57:03.5970872Z,,oasis/bottle
,,,0,,,local.mqtt.telegraf,44,42.38,,,08a6f769c348,08a6f769c348-416,416,08:A6:F7:69:C3:48,ON,1437009,1780912623437,1437013,1780912623441,1505466,1780912623366,27,2026-06-08T09:57:03.751875Z,,oasis/bottle
,,,0,,,local.mqtt.telegraf,43,46.93,,,08a6f7bb3c68,08a6f7bb3c68-420,420,08:A6:F7:BB:3C:68,ON,1438139,1780912624567,1438143,1780912624571,1546017,1780912623997,27,2026-06-08T09:57:04.8917054Z,,oasis/bottle
,,,0,,,local.mqtt.telegraf,46,43.88,,,2cbcbb0d97a0,2cbcbb0d97a0-414,414,2C:BC:BB:0D:97:A0,ON,1438440,1780912624868,1438444,1780912624872,1524896,1780912624126,26,2026-06-08T09:57:05.1862975Z,,oasis/bottle
,,,0,,,local.mqtt.telegraf,43,29.27,,,08a6f75abdf0,08a6f75abdf0-420,420,08:A6:F7:5A:BD:F0,ON,1439399,1780912625827,1439403,1780912625831,1478627,1780912624187,27,2026-06-08T09:57:06.1504256Z,,oasis/bottle
,,,0,,,local.mqtt.telegraf,43,40.56,,,08a6f76bd428,08a6f76bd428-417,417,08:A6:F7:6B:D4:28,ON,1440049,1780912626477,1440053,1780912626481,1581046,1780912626415,27,2026-06-08T09:57:06.7954351Z,,oasis/bottle
,,,0,,,local.mqtt.telegraf,44,42.27,,,08a6f769c348,08a6f769c348-417,417,08:A6:F7:69:C3:48,ON,1440369,1780912626797,1440373,1780912626801,1508826,1780912626726,27,2026-06-08T09:57:07.1168318Z,,oasis/bottle
,,,0,,,local.mqtt.telegraf,42,46.51,,,08a6f7bb3c68,08a6f7bb3c68-421,421,08:A6:F7:BB:3C:68,ON,1441329,1780912627757,1441333,1780912627761,1549206,1780912627186,27,2026-06-08T09:57:08.0716476Z,,oasis/bottle
,,,0,,,local.mqtt.telegraf,46,43.79,,,2cbcbb0d97a0,2cbcbb0d97a0-415,415,2C:BC:BB:0D:97:A0,ON,1441719,1780912628147,1441723,1780912628151,1528167,1780912627397,26,2026-06-08T09:57:08.4796701Z,,oasis/bottle
,,,0,,,local.mqtt.telegraf,43,29.19,,,08a6f75abdf0,08a6f75abdf0-421,421,08:A6:F7:5A:BD:F0,ON,1442669,1780912629097,1442673,1780912629101,1481897,1780912627457,27,2026-06-08T09:57:09.4143229Z,,oasis/bottle
,,,0,,,local.mqtt.telegraf,43,40.59,,,08a6f76bd428,08a6f76bd428-418,418,08:A6:F7:6B:D4:28,ON,1443319,1780912629747,1443323,1780912629751,1584316,1780912629685,27,2026-06-08T09:57:10.0639304Z,,oasis/bottle
,,,0,,,local.mqtt.telegraf,44,42.24,,,08a6f769c348,08a6f769c348-418,418,08:A6:F7:69:C3:48,ON,1443719,1780912630147,1443724,1780912630152,1512176,1780912630076,27,2026-06-08T09:57:10.4693973Z,,oasis/bottle
,,,0,,,local.mqtt.telegraf,42,46.69,,,08a6f7bb3c68,08a6f7bb3c68-422,422,08:A6:F7:BB:3C:68,ON,1444569,1780912630997,1444573,1780912631001,1552447,1780912630787,27,2026-06-08T09:57:11.3154692Z,,oasis/bottle
,,,0,,,local.mqtt.telegraf,46,43.81,,,2cbcbb0d97a0,2cbcbb0d97a0-416,416,2C:BC:BB:0D:97:A0,ON,1445120,1780912631548,1445124,1780912631552,1531577,1780912630957,26,2026-06-08T09:57:11.9271026Z,,oasis/bottle
,,,0,,,local.mqtt.telegraf,43,29.09,,,08a6f75abdf0,08a6f75abdf0-422,422,08:A6:F7:5A:BD:F0,ON,1446079,1780912632507,1446083,1780912632511,1485307,1780912630957,27,2026-06-08T09:57:12.8227207Z,,oasis/bottle
,,,0,,,local.mqtt.telegraf,43,40.33,,,08a6f76bd428,08a6f76bd428-419,419,08:A6:F7:6B:D4:28,ON,1446719,1780912633147,1446723,1780912633151,1587717,1780912630947,27,2026-06-08T09:57:13.4617307Z,,oasis/bottle
,,,0,,,local.mqtt.telegraf,44,42.35,,,08a6f769c348,08a6f769c348-419,419,08:A6:F7:69:C3:48,ON,1447039,1780912633467,1447043,1780912633471,1515496,1780912633396,27,2026-06-08T09:57:13.791626Z,,oasis/bottle
,,,0,,,local.mqtt.telegraf,43,46.44,,,08a6f7bb3c68,08a6f7bb3c68-423,423,08:A6:F7:BB:3C:68,ON,1447909,1780912634338,1447914,1780912634342,1555786,1780912634126,27,2026-06-08T09:57:14.6666505Z,,oasis/bottle
,,,0,,,local.mqtt.telegraf,46,43.83,,,2cbcbb0d97a0,2cbcbb0d97a0-417,417,2C:BC:BB:0D:97:A0,ON,1448320,1780912634748,1448324,1780912634753,1534776,1780912634156,26,2026-06-08T09:57:15.0652421Z,,oasis/bottle
,,,0,,,local.mqtt.telegraf,43,29.04,,,08a6f75abdf0,08a6f75abdf0-423,423,08:A6:F7:5A:BD:F0,ON,1449279,1780912635707,1449283,1780912635711,1488507,1780912634157,27,2026-06-08T09:57:16.0228261Z,,oasis/bottle
,,,0,,,local.mqtt.telegraf,43,40.44,,,08a6f76bd428,08a6f76bd428-420,420,08:A6:F7:6B:D4:28,ON,1449909,1780912636337,1449913,1780912636341,1590906,1780912634136,27,2026-06-08T09:57:16.659607Z,,oasis/bottle
,,,0,,,local.mqtt.telegraf,44,42.12,,,08a6f769c348,08a6f769c348-420,420,08:A6:F7:69:C3:48,ON,1450309,1780912636737,1450313,1780912636741,1518766,1780912636666,27,2026-06-08T09:57:17.0555706Z,,oasis/bottle
,,,0,,,local.mqtt.telegraf,42,46.75,,,08a6f7bb3c68,08a6f7bb3c68-424,424,08:A6:F7:BB:3C:68,ON,1451224,1780912637652,1451232,1780912637660,1559097,1780912637437,27,2026-06-08T09:57:17.9746283Z,,oasis/bottle
,,,0,,,local.mqtt.telegraf,46,43.85,,,2cbcbb0d97a0,2cbcbb0d97a0-418,418,2C:BC:BB:0D:97:A0,ON,1451589,1780912638017,1451594,1780912638022,1538046,1780912637426,26,2026-06-08T09:57:18.3417954Z,,oasis/bottle
,,,0,,,local.mqtt.telegraf,43,29.01,,,08a6f75abdf0,08a6f75abdf0-424,424,08:A6:F7:5A:BD:F0,ON,1452549,1780912638977,1452554,1780912638982,1491777,1780912637427,27,2026-06-08T09:57:19.2987787Z,,oasis/bottle
,,,0,,,local.mqtt.telegraf,43,40.41,,,08a6f76bd428,08a6f76bd428-421,421,08:A6:F7:6B:D4:28,ON,1453159,1780912639587,1453163,1780912639591,1594156,1780912637386,27,2026-06-08T09:57:19.9065641Z,,oasis/bottle
,,,0,,,local.mqtt.telegraf,44,42.2,,,08a6f769c348,08a6f769c348-421,421,08:A6:F7:69:C3:48,ON,1453719,1780912640147,1453724,1780912640152,1522176,1780912640076,27,2026-06-08T09:57:20.4694042Z,,oasis/bottle
,,,0,,,local.mqtt.telegraf,42,46.71,,,08a6f7bb3c68,08a6f7bb3c68-425,425,08:A6:F7:BB:3C:68,ON,1454499,1780912640927,1454503,1780912640931,1562377,1780912640837,27,2026-06-08T09:57:21.2525194Z,,oasis/bottle
,,,0,,,local.mqtt.telegraf,46,43.77,,,2cbcbb0d97a0,2cbcbb0d97a0-419,419,2C:BC:BB:0D:97:A0,ON,1454990,1780912641418,1454994,1780912641422,1541447,1780912640977,26,2026-06-08T09:57:21.7370664Z,,oasis/bottle
,,,0,,,local.mqtt.telegraf,43,29.01,,,08a6f75abdf0,08a6f75abdf0-425,425,08:A6:F7:5A:BD:F0,ON,1455959,1780912642387,1455963,1780912642391,1495187,1780912640987,27,2026-06-08T09:57:22.7094717Z,,oasis/bottle
,,,0,,,local.mqtt.telegraf,43,40.44,,,08a6f76bd428,08a6f76bd428-422,422,08:A6:F7:6B:D4:28,ON,1456519,1780912642947,1456524,1780912642952,1597517,1780912640937,27,2026-06-08T09:57:23.264372Z,,oasis/bottle
,,,0,,,local.mqtt.telegraf,44,41.97,,,08a6f769c348,08a6f769c348-422,422,08:A6:F7:69:C3:48,ON,1456929,1780912643357,1456934,1780912643362,1525376,1780912643276,27,2026-06-08T09:57:23.683432Z,,oasis/bottle
,,,0,,,local.mqtt.telegraf,43,46.28,,,08a6f7bb3c68,08a6f7bb3c68-426,426,08:A6:F7:BB:3C:68,ON,1457889,1780912644317,1457893,1780912644321,1565766,1780912644226,27,2026-06-08T09:57:24.631578Z,,oasis/bottle
,,,0,,,local.mqtt.telegraf,46,43.85,,,2cbcbb0d97a0,2cbcbb0d97a0-420,420,2C:BC:BB:0D:97:A0,ON,1458180,1780912644608,1458184,1780912644612,1544636,1780912644166,26,2026-06-08T09:57:24.9292682Z,,oasis/bottle
,,,0,,,local.mqtt.telegraf,43,29.08,,,08a6f75abdf0,08a6f75abdf0-426,426,08:A6:F7:5A:BD:F0,ON,1459159,1780912645587,1459163,1780912645591,1498387,1780912644187,27,2026-06-08T09:57:25.9117731Z,,oasis/bottle
,,,0,,,local.mqtt.telegraf,43,40.44,,,08a6f76bd428,08a6f76bd428-423,423,08:A6:F7:6B:D4:28,ON,1459869,1780912646297,1459873,1780912646301,1600866,1780912644286,27,2026-06-08T09:57:26.6115333Z,,oasis/bottle
,,,0,,,local.mqtt.telegraf,44,42.16,,,08a6f769c348,08a6f769c348-423,423,08:A6:F7:69:C3:48,ON,1460189,1780912646617,1460194,1780912646622,1528647,1780912646547,27,2026-06-08T09:57:26.9319927Z,,oasis/bottle
,,,0,,,local.mqtt.telegraf,42,46.66,,,08a6f7bb3c68,08a6f7bb3c68-427,427,08:A6:F7:BB:3C:68,ON,1461059,1780912647487,1461063,1780912647491,1568930,1780912647390,27,2026-06-08T09:57:27.8058001Z,,oasis/bottle
,,,0,,,local.mqtt.telegraf,46,43.97,,,2cbcbb0d97a0,2cbcbb0d97a0-421,421,2C:BC:BB:0D:97:A0,ON,1461430,1780912647858,1461434,1780912647862,1547886,1780912647416,26,2026-06-08T09:57:28.1785145Z,,oasis/bottle
,,,0,,,local.mqtt.telegraf,43,29,,,08a6f75abdf0,08a6f75abdf0-427,427,08:A6:F7:5A:BD:F0,ON,1462429,1780912648857,1462441,1780912648869,1501657,1780912647457,27,2026-06-08T09:57:29.1869116Z,,oasis/bottle
,,,0,,,local.mqtt.telegraf,43,40.4,,,08a6f76bd428,08a6f76bd428-424,424,08:A6:F7:6B:D4:28,ON,1463189,1780912649617,1463193,1780912649621,1604186,1780912647606,27,2026-06-08T09:57:29.9330173Z,,oasis/bottle
,,,0,,,local.mqtt.telegraf,44,42.11,,,08a6f769c348,08a6f769c348-424,424,08:A6:F7:69:C3:48,ON,1463599,1780912650027,1463603,1780912650031,1532048,1780912649948,27,2026-06-08T09:57:30.3532811Z,,oasis/bottle
,,,0,,,local.mqtt.telegraf,42,46.46,,,08a6f7bb3c68,08a6f7bb3c68-428,428,08:A6:F7:BB:3C:68,ON,1464259,1780912650687,1464263,1780912650691,1572136,1780912650626,27,2026-06-08T09:57:31.0115227Z,,oasis/bottle
,,,0,,,local.mqtt.telegraf,46,43.77,,,2cbcbb0d97a0,2cbcbb0d97a0-422,422,2C:BC:BB:0D:97:A0,ON,1464789,1780912651218,1464794,1780912651222,1551247,1780912650977,26,2026-06-08T09:57:31.5438282Z,,oasis/bottle
,,,0,,,local.mqtt.telegraf,43,28.89,,,08a6f75abdf0,08a6f75abdf0-428,428,08:A6:F7:5A:BD:F0,ON,1465839,1780912652267,1465843,1780912652271,1505067,1780912651027,27,2026-06-08T09:57:32.5817862Z,,oasis/bottle
,,,0,,,local.mqtt.telegraf,43,40.6,,,08a6f76bd428,08a6f76bd428-425,425,08:A6:F7:6B:D4:28,ON,1466459,1780912652887,1466463,1780912652891,1607457,1780912650887,27,2026-06-08T09:57:33.2058223Z,,oasis/bottle
,,,0,,,local.mqtt.telegraf,44,42.17,,,08a6f769c348,08a6f769c348-425,425,08:A6:F7:69:C3:48,ON,1466779,1780912653208,1466784,1780912653212,1535236,1780912653136,27,2026-06-08T09:57:33.5292902Z,,oasis/bottle
,,,0,,,local.mqtt.telegraf,42,46.59,,,08a6f7bb3c68,08a6f7bb3c68-429,429,08:A6:F7:BB:3C:68,ON,1467529,1780912653957,1467533,1780912653961,1575407,1780912653897,27,2026-06-08T09:57:34.2811092Z,,oasis/bottle
,,,0,,,local.mqtt.telegraf,46,43.96,,,2cbcbb0d97a0,2cbcbb0d97a0-423,423,2C:BC:BB:0D:97:A0,ON,1468149,1780912654577,1468153,1780912654581,1554596,1780912654326,26,2026-06-08T09:57:34.8914777Z,,oasis/bottle
,,,0,,,local.mqtt.telegraf,43,29,,,08a6f75abdf0,08a6f75abdf0-429,429,08:A6:F7:5A:BD:F0,ON,1469049,1780912655477,1469053,1780912655481,1508277,1780912654237,27,2026-06-08T09:57:35.7964601Z,,oasis/bottle
,,,0,,,local.mqtt.telegraf,43,40.49,,,08a6f76bd428,08a6f76bd428-426,426,08:A6:F7:6B:D4:28,ON,1469869,1780912656298,1469874,1780912656302,1610866,1780912654296,27,2026-06-08T09:57:36.6218482Z,,oasis/bottle
,,,0,,,local.mqtt.telegraf,44,41.91,,,08a6f769c348,08a6f769c348-426,426,08:A6:F7:69:C3:48,ON,1470030,1780912656458,1470034,1780912656462,1538486,1780912656386,27,2026-06-08T09:57:36.7741631Z,,oasis/bottle
,,,0,,,local.mqtt.telegraf,42,46.47,,,08a6f7bb3c68,08a6f7bb3c68-430,430,08:A6:F7:BB:3C:68,ON,1470699,1780912657127,1470703,1780912657131,1578570,1780912657060,27,2026-06-08T09:57:37.4464686Z,,oasis/bottle
,,,0,,,local.mqtt.telegraf,46,43.84,,,2cbcbb0d97a0,2cbcbb0d97a0-424,424,2C:BC:BB:0D:97:A0,ON,1471478,1780912657907,1471483,1780912657911,1557926,1780912657656,26,2026-06-08T09:57:38.2269347Z,,oasis/bottle
,,,0,,,local.mqtt.telegraf,43,28.93,,,08a6f75abdf0,08a6f75abdf0-430,430,08:A6:F7:5A:BD:F0,ON,1472319,1780912658747,1472323,1780912658751,1511550,1780912657510,27,2026-06-08T09:57:39.0515143Z,,oasis/bottle
,,,0,,,local.mqtt.telegraf,43,40.58,,,08a6f76bd428,08a6f76bd428-427,427,08:A6:F7:6B:D4:28,ON,1473079,1780912659507,1473083,1780912659511,1614076,1780912657506,27,2026-06-08T09:57:39.8396361Z,,oasis/bottle
,,,0,,,local.mqtt.telegraf,44,42.31,,,08a6f769c348,08a6f769c348-427,427,08:A6:F7:69:C3:48,ON,1473389,1780912659817,1473394,1780912659822,1541846,1780912659746,27,2026-06-08T09:57:40.1369628Z,,oasis/bottle
,,,0,,,local.mqtt.telegraf,43,46.63,,,08a6f7bb3c68,08a6f7bb3c68-431,431,08:A6:F7:BB:3C:68,ON,1473889,1780912660317,1473893,1780912660321,1581767,1780912660257,27,2026-06-08T09:57:40.6316431Z,,oasis/bottle
,,,0,,,local.mqtt.telegraf,46,43.74,,,2cbcbb0d97a0,2cbcbb0d97a0-425,425,2C:BC:BB:0D:97:A0,ON,1474750,1780912661178,1474754,1780912661182,1561207,1780912660927,26,2026-06-08T09:57:41.4964337Z,,oasis/bottle
,,,0,,,local.mqtt.telegraf,43,28.8,,,08a6f75abdf0,08a6f75abdf0-431,431,08:A6:F7:5A:BD:F0,ON,1475499,1780912661927,1475503,1780912661931,1514727,1780912660826,27,2026-06-08T09:57:42.2416762Z,,oasis/bottle
,,,0,,,local.mqtt.telegraf,43,40.6,,,08a6f76bd428,08a6f76bd428-428,428,08:A6:F7:6B:D4:28,ON,1476359,1780912662787,1476363,1780912662791,1617357,1780912660927,27,2026-06-08T09:57:43.1230227Z,,oasis/bottle
,,,0,,,local.mqtt.telegraf,44,42.12,,,08a6f769c348,08a6f769c348-428,428,08:A6:F7:69:C3:48,ON,1476749,1780912663177,1476753,1780912663181,1545196,1780912660996,27,2026-06-08T09:57:43.4916573Z,,oasis/bottle
,,,0,,,local.mqtt.telegraf,42,46.27,,,08a6f7bb3c68,08a6f7bb3c68-432,432,08:A6:F7:BB:3C:68,ON,1477159,1780912663587,1477163,1780912663591,1585037,1780912663527,27,2026-06-08T09:57:43.9053939Z,,oasis/bottle
,,,0,,,local.mqtt.telegraf,46,43.74,,,2cbcbb0d97a0,2cbcbb0d97a0-426,426,2C:BC:BB:0D:97:A0,ON,1477940,1780912664368,1477944,1780912664372,1564396,1780912664116,26,2026-06-08T09:57:44.6926871Z,,oasis/bottle
,,,0,,,local.mqtt.telegraf,43,28.73,,,08a6f75abdf0,08a6f75abdf0-432,432,08:A6:F7:5A:BD:F0,ON,1478719,1780912665147,1478723,1780912665151,1517947,1780912664046,27,2026-06-08T09:57:45.4683205Z,,oasis/bottle
,,,0,,,local.mqtt.telegraf,43,40.59,,,08a6f76bd428,08a6f76bd428-429,429,08:A6:F7:6B:D4:28,ON,1479539,1780912665967,1479543,1780912665971,1620536,1780912664106,27,2026-06-08T09:57:46.2951535Z,,oasis/bottle
,,,0,,,local.mqtt.telegraf,44,42.07,,,08a6f769c348,08a6f769c348-429,429,08:A6:F7:69:C3:48,ON,1480070,1780912666498,1480075,1780912666503,1548526,1780912664326,27,2026-06-08T09:57:46.8145445Z,,oasis/bottle
,,,0,,,local.mqtt.telegraf,42,46.61,,,08a6f7bb3c68,08a6f7bb3c68-433,433,08:A6:F7:BB:3C:68,ON,1480559,1780912666987,1480564,1780912666992,1588436,1780912666926,27,2026-06-08T09:57:47.3215294Z,,oasis/bottle
,,,0,,,local.mqtt.telegraf,46,43.84,,,2cbcbb0d97a0,2cbcbb0d97a0-427,427,2C:BC:BB:0D:97:A0,ON,1481179,1780912667608,1481184,1780912667612,1567636,1780912667356,26,2026-06-08T09:57:47.9217308Z,,oasis/bottle
,,,0,,,local.mqtt.telegraf,43,28.97,,,08a6f75abdf0,08a6f75abdf0-433,433,08:A6:F7:5A:BD:F0,ON,1482029,1780912668457,1482033,1780912668461,1521256,1780912667355,27,2026-06-08T09:57:48.7616251Z,,oasis/bottle
,,,0,,,local.mqtt.telegraf,43,40.6,,,08a6f76bd428,08a6f76bd428-430,430,08:A6:F7:6B:D4:28,ON,1482769,1780912669197,1482773,1780912669201,1623766,1780912667336,27,2026-06-08T09:57:49.5114319Z,,oasis/bottle
,,,0,,,local.mqtt.telegraf,44,42.17,,,08a6f769c348,08a6f769c348-430,430,08:A6:F7:69:C3:48,ON,1483349,1780912669778,1483354,1780912669782,1551806,1780912667606,27,2026-06-08T09:57:50.0914344Z,,oasis/bottle
,,,0,,,local.mqtt.telegraf,42,46.63,,,08a6f7bb3c68,08a6f7bb3c68-434,434,08:A6:F7:BB:3C:68,ON,1483749,1780912670177,1483753,1780912670181,1591627,1780912670117,27,2026-06-08T09:57:50.4966271Z,,oasis/bottle
,,,0,,,local.mqtt.telegraf,46,43.76,,,2cbcbb0d97a0,2cbcbb0d97a0-428,428,2C:BC:BB:0D:97:A0,ON,1484539,1780912670967,1484543,1780912670971,1570987,1780912670887,26,2026-06-08T09:57:51.2837092Z,,oasis/bottle
,,,0,,,local.mqtt.telegraf,43,28.93,,,08a6f75abdf0,08a6f75abdf0-434,434,08:A6:F7:5A:BD:F0,ON,1485269,1780912671697,1485273,1780912671701,1524497,1780912670917,27,2026-06-08T09:57:52.0016143Z,,oasis/bottle
,,,0,,,local.mqtt.telegraf,43,40.62,,,08a6f76bd428,08a6f76bd428-431,431,08:A6:F7:6B:D4:28,ON,1486099,1780912672527,1486103,1780912672531,1627097,1780912671007,27,2026-06-08T09:57:52.8413896Z,,oasis/bottle
,,,0,,,local.mqtt.telegraf,44,41.97,,,08a6f769c348,08a6f769c348-431,431,08:A6:F7:69:C3:48,ON,1486539,1780912672968,1486544,1780912672972,1554996,1780912670866,27,2026-06-08T09:57:53.2982805Z,,oasis/bottle
,,,0,,,local.mqtt.telegraf,43,46.82,,,08a6f7bb3c68,08a6f7bb3c68-435,435,08:A6:F7:BB:3C:68,ON,1486999,1780912673427,1487003,1780912673431,1594866,1780912673356,27,2026-06-08T09:57:53.7492714Z,,oasis/bottle
,,,0,,,local.mqtt.telegraf,46,43.76,,,2cbcbb0d97a0,2cbcbb0d97a0-429,429,2C:BC:BB:0D:97:A0,ON,1487869,1780912674297,1487873,1780912674301,1574316,1780912674216,26,2026-06-08T09:57:54.6126743Z,,oasis/bottle
,,,0,,,local.mqtt.telegraf,43,28.84,,,08a6f75abdf0,08a6f75abdf0-435,435,08:A6:F7:5A:BD:F0,ON,1488619,1780912675047,1488623,1780912675051,1527847,1780912674267,27,2026-06-08T09:57:55.368383Z,,oasis/bottle
,,,0,,,local.mqtt.telegraf,43,40.62,,,08a6f76bd428,08a6f76bd428-432,432,08:A6:F7:6B:D4:28,ON,1489379,1780912675807,1489383,1780912675811,1630376,1780912674286,27,2026-06-08T09:57:56.121335Z,,oasis/bottle
,,,0,,,local.mqtt.telegraf,44,42.11,,,08a6f769c348,08a6f769c348-432,432,08:A6:F7:69:C3:48,ON,1489779,1780912676208,1489784,1780912676212,1558236,1780912674106,27,2026-06-08T09:57:56.5281646Z,,oasis/bottle
,,,0,,,local.mqtt.telegraf,42,46.63,,,08a6f7bb3c68,08a6f7bb3c68-436,436,08:A6:F7:BB:3C:68,ON,1490339,1780912676767,1490343,1780912676771,1598217,1780912676707,27,2026-06-08T09:57:57.094341Z,,oasis/bottle
,,,0,,,local.mqtt.telegraf,46,43.84,,,2cbcbb0d97a0,2cbcbb0d97a0-430,430,2C:BC:BB:0D:97:A0,ON,1491150,1780912677578,1491154,1780912677582,1577606,1780912677506,26,2026-06-08T09:57:57.8998325Z,,oasis/bottle
,,,0,,,local.mqtt.telegraf,43,28.84,,,08a6f75abdf0,08a6f75abdf0-436,436,08:A6:F7:5A:BD:F0,ON,1491949,1780912678377,1491954,1780912678382,1531176,1780912677596,27,2026-06-08T09:57:58.6981512Z,,oasis/bottle
,,,0,,,local.mqtt.telegraf,43,40.49,,,08a6f76bd428,08a6f76bd428-433,433,08:A6:F7:6B:D4:28,ON,1492570,1780912678998,1492575,1780912679003,1633566,1780912677476,27,2026-06-08T09:57:59.3144969Z,,oasis/bottle
,,,0,,,local.mqtt.telegraf,44,42.11,,,08a6f769c348,08a6f769c348-433,433,08:A6:F7:69:C3:48,ON,1493129,1780912679558,1493134,1780912679562,1561586,1780912677456,27,2026-06-08T09:57:59.8764244Z,,oasis/bottle
,,,0,,,local.mqtt.telegraf,42,46.78,,,08a6f7bb3c68,08a6f7bb3c68-437,437,08:A6:F7:BB:3C:68,ON,1493679,1780912680107,1493683,1780912680111,1601548,1780912680038,27,2026-06-08T09:58:00.4217771Z,,oasis/bottle
,,,0,,,local.mqtt.telegraf,46,43.96,,,2cbcbb0d97a0,2cbcbb0d97a0-431,431,2C:BC:BB:0D:97:A0,ON,1494349,1780912680778,1494354,1780912680782,1580807,1780912680707,26,2026-06-08T09:58:01.0915683Z,,oasis/bottle
,,,0,,,local.mqtt.telegraf,43,28.93,,,08a6f75abdf0,08a6f75abdf0-437,437,08:A6:F7:5A:BD:F0,ON,1495229,1780912681657,1495234,1780912681662,1534457,1780912680987,27,2026-06-08T09:58:01.9753917Z,,oasis/bottle
,,,0,,,local.mqtt.telegraf,43,40.63,,,08a6f76bd428,08a6f76bd428-434,434,08:A6:F7:6B:D4:28,ON,1495819,1780912682247,1495823,1780912682251,1636817,1780912680957,27,2026-06-08T09:58:02.5643786Z,,oasis/bottle
,,,0,,,local.mqtt.telegraf,44,42.12,,,08a6f769c348,08a6f769c348-434,434,08:A6:F7:69:C3:48,ON,1496459,1780912682887,1496463,1780912682891,1564909,1780912681029,27,2026-06-08T09:58:03.211598Z,,oasis/bottle
,,,0,,,local.mqtt.telegraf,43,46.47,,,08a6f7bb3c68,08a6f7bb3c68-438,438,08:A6:F7:BB:3C:68,ON,1496949,1780912683377,1496953,1780912683381,1604827,1780912683317,27,2026-06-08T09:58:03.6915367Z,,oasis/bottle
,,,0,,,local.mqtt.telegraf,46,43.8,,,2cbcbb0d97a0,2cbcbb0d97a0-432,432,2C:BC:BB:0D:97:A0,ON,1497620,1780912684048,1497624,1780912684052,1584076,1780912683976,26,2026-06-08T09:58:04.3683038Z,,oasis/bottle
,,,0,,,local.mqtt.telegraf,43,28.89,,,08a6f75abdf0,08a6f75abdf0-438,438,08:A6:F7:5A:BD:F0,ON,1498419,1780912684847,1498423,1780912684851,1537647,1780912684177,27,2026-06-08T09:58:05.1666095Z,,oasis/bottle
,,,0,,,local.mqtt.telegraf,43,40.62,,,08a6f76bd428,08a6f76bd428-435,435,08:A6:F7:6B:D4:28,ON,1499179,1780912685607,1499183,1780912685611,1640176,1780912684316,27,2026-06-08T09:58:05.9215349Z,,oasis/bottle
,,,0,,,local.mqtt.telegraf,44,42,,,08a6f769c348,08a6f769c348-435,435,08:A6:F7:69:C3:48,ON,1499739,1780912686167,1499743,1780912686171,1568189,1780912684309,27,2026-06-08T09:58:06.4813156Z,,oasis/bottle
,,,0,,,local.mqtt.telegraf,42,46.65,,,08a6f7bb3c68,08a6f7bb3c68-439,439,08:A6:F7:BB:3C:68,ON,1500139,1780912686567,1500144,1780912686572,1608017,1780912686507,27,2026-06-08T09:58:06.8864604Z,,oasis/bottle
,,,0,,,local.mqtt.telegraf,46,43.77,,,2cbcbb0d97a0,2cbcbb0d97a0-433,433,2C:BC:BB:0D:97:A0,ON,1501019,1780912687447,1501024,1780912687452,1587476,1780912687376,26,2026-06-08T09:58:07.7683351Z,,oasis/bottle
,,,0,,,local.mqtt.telegraf,43,28.8,,,08a6f75abdf0,08a6f75abdf0-439,439,08:A6:F7:5A:BD:F0,ON,1501669,1780912688097,1501673,1780912688101,1540897,1780912687427,27,2026-06-08T09:58:08.4213991Z,,oasis/bottle
,,,0,,,local.mqtt.telegraf,43,40.64,,,08a6f76bd428,08a6f76bd428-436,436,08:A6:F7:6B:D4:28,ON,1502529,1780912688957,1502533,1780912688961,1643526,1780912687666,27,2026-06-08T09:58:09.2714197Z,,oasis/bottle
,,,0,,,local.mqtt.telegraf,44,42.12,,,08a6f769c348,08a6f769c348-436,436,08:A6:F7:69:C3:48,ON,1502910,1780912689338,1502914,1780912689342,1571366,1780912687486,27,2026-06-08T09:58:09.651573Z,,oasis/bottle
,,,0,,,local.mqtt.telegraf,42,46.78,,,08a6f7bb3c68,08a6f7bb3c68-440,440,08:A6:F7:BB:3C:68,ON,1503379,1780912689807,1503383,1780912689811,1611256,1780912689746,27,2026-06-08T09:58:10.1328096Z,,oasis/bottle
,,,0,,,local.mqtt.telegraf,46,43.56,,,2cbcbb0d97a0,2cbcbb0d97a0-434,434,2C:BC:BB:0D:97:A0,ON,1504210,1780912690638,1504214,1780912690642,1590666,1780912690566,26,2026-06-08T09:58:10.9514014Z,,oasis/bottle
,,,0,,,local.mqtt.telegraf,43,28.65,,,08a6f75abdf0,08a6f75abdf0-440,440,08:A6:F7:5A:BD:F0,ON,1505067,1780912691495,1505071,1780912691499,1544287,1780912691107,27,2026-06-08T09:58:11.8122933Z,,oasis/bottle
,,,0,,,local.mqtt.telegraf,43,40.7,,,08a6f76bd428,08a6f76bd428-437,437,08:A6:F7:6B:D4:28,ON,1505859,1780912692287,1505864,1780912692292,1646856,1780912691066,27,2026-06-08T09:58:12.6096112Z,,oasis/bottle
,,,0,,,local.mqtt.telegraf,44,42.04,,,08a6f769c348,08a6f769c348-437,437,08:A6:F7:69:C3:48,ON,1506139,1780912692567,1506144,1780912692572,1574596,1780912690966,27,2026-06-08T09:58:12.8860454Z,,oasis/bottle
,,,0,,,local.mqtt.telegraf,43,46.61,,,08a6f7bb3c68,08a6f7bb3c68-441,441,08:A6:F7:BB:3C:68,ON,1506739,1780912693167,1506743,1780912693171,1614617,1780912691087,27,2026-06-08T09:58:13.4881943Z,,oasis/bottle
,,,0,,,local.mqtt.telegraf,46,43.56,,,2cbcbb0d97a0,2cbcbb0d97a0-435,435,2C:BC:BB:0D:97:A0,ON,1507459,1780912693888,1507464,1780912693892,1593916,1780912693816,26,2026-06-08T09:58:14.2083178Z,,oasis/bottle
,,,0,,,local.mqtt.telegraf,43,28.72,,,08a6f75abdf0,08a6f75abdf0-441,441,08:A6:F7:5A:BD:F0,ON,1508439,1780912694867,1508444,1780912694872,1547667,1780912694487,27,2026-06-08T09:58:15.1864467Z,,oasis/bottle
,,,0,,,local.mqtt.telegraf,43,40.67,,,08a6f76bd428,08a6f76bd428-438,438,08:A6:F7:6B:D4:28,ON,1509149,1780912695577,1509154,1780912695582,1650146,1780912694356,27,2026-06-08T09:58:15.8911655Z,,oasis/bottle
,,,0,,,local.mqtt.telegraf,44,42.13,,,08a6f769c348,08a6f769c348-438,438,08:A6:F7:69:C3:48,ON,1509460,1780912695888,1509465,1780912695893,1577916,1780912694286,27,2026-06-08T09:58:16.2087931Z,,oasis/bottle
,,,0,,,local.mqtt.telegraf,42,46.81,,,08a6f7bb3c68,08a6f7bb3c68-442,442,08:A6:F7:BB:3C:68,ON,1510079,1780912696507,1510083,1780912696511,1617957,1780912694427,27,2026-06-08T09:58:16.8212317Z,,oasis/bottle
,,,0,,,local.mqtt.telegraf,46,43.58,,,2cbcbb0d97a0,2cbcbb0d97a0-436,436,2C:BC:BB:0D:97:A0,ON,1510829,1780912697257,1510834,1780912697262,1597276,1780912697176,26,2026-06-08T09:58:17.5813665Z,,oasis/bottle
,,,0,,,local.mqtt.telegraf,43,28.74,,,08a6f75abdf0,08a6f75abdf0-442,442,08:A6:F7:5A:BD:F0,ON,1511819,1780912698247,1511823,1780912698251,1551047,1780912697867,27,2026-06-08T09:58:18.5646795Z,,oasis/bottle
,,,0,,,local.mqtt.telegraf,43,40.75,,,08a6f76bd428,08a6f76bd428-439,439,08:A6:F7:6B:D4:28,ON,1512349,1780912698777,1512353,1780912698781,1653346,1780912697556,27,2026-06-08T09:58:19.0955426Z,,oasis/bottle
,,,0,,,local.mqtt.telegraf,44,42.11,,,08a6f769c348,08a6f769c348-439,439,08:A6:F7:69:C3:48,ON,1512739,1780912699167,1512744,1780912699172,1581187,1780912697557,27,2026-06-08T09:58:19.4860333Z,,oasis/bottle
,,,0,,,local.mqtt.telegraf,42,46.58,,,08a6f7bb3c68,08a6f7bb3c68-443,443,08:A6:F7:BB:3C:68,ON,1513389,1780912699817,1513393,1780912699821,1621256,1780912697726,27,2026-06-08T09:58:20.1334081Z,,oasis/bottle
,,,0,,,local.mqtt.telegraf,46,43.69,,,2cbcbb0d97a0,2cbcbb0d97a0-437,437,2C:BC:BB:0D:97:A0,ON,1514171,1780912700599,1514175,1780912700603,1600627,1780912700527,26,2026-06-08T09:58:20.9114391Z,,oasis/bottle
,,,0,,,local.mqtt.telegraf,43,28.58,,,08a6f75abdf0,08a6f75abdf0-443,443,08:A6:F7:5A:BD:F0,ON,1515209,1780912701637,1515213,1780912701641,1554437,1780912701157,27,2026-06-08T09:58:21.9556111Z,,oasis/bottle
,,,0,,,local.mqtt.telegraf,43,40.62,,,08a6f76bd428,08a6f76bd428-440,440,08:A6:F7:6B:D4:28,ON,1515619,1780912702047,1515623,1780912702051,1656617,1780912701037,27,2026-06-08T09:58:22.3665424Z,,oasis/bottle
,,,0,,,local.mqtt.telegraf,44,41.99,,,08a6f769c348,08a6f769c348-440,440,08:A6:F7:69:C3:48,ON,1516139,1780912702567,1516144,1780912702572,1584596,1780912701176,27,2026-06-08T09:58:22.8898777Z,,oasis/bottle
,,,0,,,local.mqtt.telegraf,43,46.42,,,08a6f7bb3c68,08a6f7bb3c68-444,444,08:A6:F7:BB:3C:68,ON,1516609,1780912703037,1516613,1780912703041,1624487,1780912700997,27,2026-06-08T09:58:23.3593624Z,,oasis/bottle
,,,0,,,local.mqtt.telegraf,46,43.99,,,2cbcbb0d97a0,2cbcbb0d97a0-438,438,2C:BC:BB:0D:97:A0,ON,1517499,1780912703927,1517503,1780912703931,1603946,1780912703846,26,2026-06-08T09:58:24.2528018Z,,oasis/bottle
,,,0,,,local.mqtt.telegraf,43,28.7,,,08a6f75abdf0,08a6f75abdf0-444,444,08:A6:F7:5A:BD:F0,ON,1518619,1780912705047,1518623,1780912705051,1557847,1780912704567,27,2026-06-08T09:58:25.3733298Z,,oasis/bottle
,,,0,,,local.mqtt.telegraf,43,40.52,,,08a6f76bd428,08a6f76bd428-441,441,08:A6:F7:6B:D4:28,ON,1519019,1780912705447,1519023,1780912705451,1660016,1780912704436,27,2026-06-08T09:58:25.7731594Z,,oasis/bottle
,,,0,,,local.mqtt.telegraf,44,42.15,,,08a6f769c348,08a6f769c348-441,441,08:A6:F7:69:C3:48,ON,1519349,1780912705777,1519353,1780912705781,1587796,1780912704376,27,2026-06-08T09:58:26.0964813Z,,oasis/bottle
,,,0,,,local.mqtt.telegraf,43,46.46,,,08a6f7bb3c68,08a6f7bb3c68-445,445,08:A6:F7:BB:3C:68,ON,1519939,1780912706367,1519943,1780912706371,1627817,1780912704327,27,2026-06-08T09:58:26.6810049Z,,oasis/bottle
,,,0,,,local.mqtt.telegraf,46,43.73,,,2cbcbb0d97a0,2cbcbb0d97a0-439,439,2C:BC:BB:0D:97:A0,ON,1520759,1780912707188,1520764,1780912707192,1607217,1780912707117,26,2026-06-08T09:58:27.5013586Z,,oasis/bottle
,,,0,,,local.mqtt.telegraf,43,28.68,,,08a6f75abdf0,08a6f75abdf0-445,445,08:A6:F7:5A:BD:F0,ON,1521819,1780912708247,1521823,1780912708251,1561047,1780912707767,27,2026-06-08T09:58:28.5643804Z,,oasis/bottle
,,,0,,,local.mqtt.telegraf,43,40.6,,,08a6f76bd428,08a6f76bd428-442,442,08:A6:F7:6B:D4:28,ON,1522209,1780912708638,1522214,1780912708642,1663206,1780912707626,27,2026-06-08T09:58:28.9542638Z,,oasis/bottle
,,,0,,,local.mqtt.telegraf,44,42.12,,,08a6f769c348,08a6f769c348-442,442,08:A6:F7:69:C3:48,ON,1522649,1780912709077,1522653,1780912709081,1591096,1780912707676,27,2026-06-08T09:58:29.3912Z,,oasis/bottle
,,,0,,,local.mqtt.telegraf,42,46.63,,,08a6f7bb3c68,08a6f7bb3c68-446,446,08:A6:F7:BB:3C:68,ON,1523219,1780912709647,1523223,1780912709651,1631096,1780912707606,27,2026-06-08T09:58:29.967824Z,,oasis/bottle
,,,0,,,local.mqtt.telegraf,46,43.88,,,2cbcbb0d97a0,2cbcbb0d97a0-440,440,2C:BC:BB:0D:97:A0,ON,1524170,1780912710598,1524174,1780912710602,1610626,1780912710526,26,2026-06-08T09:58:30.9213031Z,,oasis/bottle
,,,0,,,local.mqtt.telegraf,43,28.72,,,08a6f75abdf0,08a6f75abdf0-446,446,08:A6:F7:5A:BD:F0,ON,1525089,1780912711517,1525093,1780912711521,1564317,1780912711067,27,2026-06-08T09:58:31.830424Z,,oasis/bottle
,,,0,,,local.mqtt.telegraf,43,40.58,,,08a6f76bd428,08a6f76bd428-443,443,08:A6:F7:6B:D4:28,ON,1525459,1780912711887,1525463,1780912711891,1666457,1780912711046,27,2026-06-08T09:58:32.2012114Z,,oasis/bottle
,,,0,,,local.mqtt.telegraf,44,42.13,,,08a6f769c348,08a6f769c348-443,443,08:A6:F7:69:C3:48,ON,1525839,1780912712267,1525843,1780912712271,1594286,1780912710986,27,2026-06-08T09:58:32.5913915Z,,oasis/bottle
,,,0,,,local.mqtt.telegraf,43,46.35,,,08a6f7bb3c68,08a6f7bb3c68-447,447,08:A6:F7:BB:3C:68,ON,1526409,1780912712837,1526413,1780912712841,1634287,1780912710987,27,2026-06-08T09:58:33.1521063Z,,oasis/bottle
,,,0,,,local.mqtt.telegraf,46,43.62,,,2cbcbb0d97a0,2cbcbb0d97a0-441,441,2C:BC:BB:0D:97:A0,ON,1527369,1780912713798,1527374,1780912713802,1613826,1780912713726,26,2026-06-08T09:58:34.1150568Z,,oasis/bottle
,,,0,,,local.mqtt.telegraf,43,28.78,,,08a6f75abdf0,08a6f75abdf0-447,447,08:A6:F7:5A:BD:F0,ON,1528499,1780912714927,1528503,1780912714931,1567727,1780912714477,27,2026-06-08T09:58:35.258676Z,,oasis/bottle
,,,0,,,local.mqtt.telegraf,43,40.63,,,08a6f76bd428,08a6f76bd428-444,444,08:A6:F7:6B:D4:28,ON,1528829,1780912715257,1528833,1780912715261,1669816,1780912714405,27,2026-06-08T09:58:35.5746231Z,,oasis/bottle
,,,0,,,local.mqtt.telegraf,44,42.31,,,08a6f769c348,08a6f769c348-444,444,08:A6:F7:69:C3:48,ON,1529089,1780912715517,1529093,1780912715521,1597536,1780912714236,27,2026-06-08T09:58:35.8340817Z,,oasis/bottle
,,,0,,,local.mqtt.telegraf,43,46.73,,,08a6f7bb3c68,08a6f7bb3c68-448,448,08:A6:F7:BB:3C:68,ON,1529659,1780912716087,1529663,1780912716091,1637527,1780912714227,27,2026-06-08T09:58:36.4123756Z,,oasis/bottle
,,,0,,,local.mqtt.telegraf,46,43.7,,,2cbcbb0d97a0,2cbcbb0d97a0-442,442,2C:BC:BB:0D:97:A0,ON,1530639,1780912717068,1530644,1780912717072,1617097,1780912716997,26,2026-06-08T09:58:37.3913912Z,,oasis/bottle
,,,0,,,local.mqtt.telegraf,43,28.59,,,08a6f75abdf0,08a6f75abdf0-448,448,08:A6:F7:5A:BD:F0,ON,1531699,1780912718127,1531703,1780912718131,1570927,1780912717677,27,2026-06-08T09:58:38.4411953Z,,oasis/bottle
,,,0,,,local.mqtt.telegraf,43,40.58,,,08a6f76bd428,08a6f76bd428-445,445,08:A6:F7:6B:D4:28,ON,1532169,1780912718597,1532173,1780912718601,1673166,1780912717755,27,2026-06-08T09:58:38.9154922Z,,oasis/bottle
,,,0,,,local.mqtt.telegraf,44,42.21,,,08a6f769c348,08a6f769c348-445,445,08:A6:F7:69:C3:48,ON,1532459,1780912718887,1532463,1780912718891,1600906,1780912717606,27,2026-06-08T09:58:39.2047763Z,,oasis/bottle
,,,0,,,local.mqtt.telegraf,43,46.26,,,08a6f7bb3c68,08a6f7bb3c68-449,449,08:A6:F7:BB:3C:68,ON,1533009,1780912719437,1533021,1780912719449,1640887,1780912717587,27,2026-06-08T09:58:39.7710888Z,,oasis/bottle
,,,0,,,local.mqtt.telegraf,46,43.62,,,2cbcbb0d97a0,2cbcbb0d97a0-443,443,2C:BC:BB:0D:97:A0,ON,1534050,1780912720478,1534054,1780912720482,1620507,1780912720407,26,2026-06-08T09:58:40.7911054Z,,oasis/bottle
,,,0,,,local.mqtt.telegraf,43,28.58,,,08a6f75abdf0,08a6f75abdf0-449,449,08:A6:F7:5A:BD:F0,ON,1534979,1780912721407,1534983,1780912721411,1574207,1780912721106,27,2026-06-08T09:58:41.730338Z,,oasis/bottle
,,,0,,,local.mqtt.telegraf,43,40.48,,,08a6f76bd428,08a6f76bd428-446,446,08:A6:F7:6B:D4:28,ON,1535489,1780912721917,1535493,1780912721921,1676487,1780912721147,27,2026-06-08T09:58:42.2378679Z,,oasis/bottle
,,,0,,,local.mqtt.telegraf,44,42.27,,,08a6f769c348,08a6f769c348-446,446,08:A6:F7:69:C3:48,ON,1535819,1780912722247,1535823,1780912722251,1604266,1780912721186,27,2026-06-08T09:58:42.5654398Z,,oasis/bottle
,,,0,,,local.mqtt.telegraf,42,46.54,,,08a6f7bb3c68,08a6f7bb3c68-450,450,08:A6:F7:BB:3C:68,ON,1536349,1780912722777,1536353,1780912722781,1644227,1780912721167,27,2026-06-08T09:58:43.091243Z,,oasis/bottle
,,,0,,,local.mqtt.telegraf,46,43.62,,,2cbcbb0d97a0,2cbcbb0d97a0-444,444,2C:BC:BB:0D:97:A0,ON,1537249,1780912723677,1537254,1780912723682,1623706,1780912723606,26,2026-06-08T09:58:43.9918359Z,,oasis/bottle
,,,0,,,local.mqtt.telegraf,43,28.68,,,08a6f75abdf0,08a6f75abdf0-450,450,08:A6:F7:5A:BD:F0,ON,1538159,1780912724587,1538163,1780912724591,1577387,1780912724286,27,2026-06-08T09:58:44.9038624Z,,oasis/bottle
,,,0,,,local.mqtt.telegraf,43,40.62,,,08a6f76bd428,08a6f76bd428-447,447,08:A6:F7:6B:D4:28,ON,1538769,1780912725197,1538773,1780912725201,1679757,1780912724417,27,2026-06-08T09:58:45.5186109Z,,oasis/bottle
,,,0,,,local.mqtt.telegraf,44,42.36,,,08a6f769c348,08a6f769c348-447,447,08:A6:F7:69:C3:48,ON,1539159,1780912725588,1539164,1780912725592,1607616,1780912724536,27,2026-06-08T09:58:45.9046984Z,,oasis/bottle
,,,0,,,local.mqtt.telegraf,42,46.26,,,08a6f7bb3c68,08a6f7bb3c68-451,451,08:A6:F7:BB:3C:68,ON,1539659,1780912726087,1539663,1780912726091,1647537,1780912724477,27,2026-06-08T09:58:46.4012411Z,,oasis/bottle
,,,0,,,local.mqtt.telegraf,46,43.41,,,2cbcbb0d97a0,2cbcbb0d97a0-445,445,2C:BC:BB:0D:97:A0,ON,1540519,1780912726948,1540524,1780912726952,1626977,1780912726877,26,2026-06-08T09:58:47.2680424Z,,oasis/bottle
,,,0,,,local.mqtt.telegraf,44,28.59,,,08a6f75abdf0,08a6f75abdf0-451,451,08:A6:F7:5A:BD:F0,ON,1541379,1780912727807,1541383,1780912727811,1580606,1780912727505,27,2026-06-08T09:58:48.1173287Z,,oasis/bottle
,,,0,,,local.mqtt.telegraf,43,40.43,,,08a6f76bd428,08a6f76bd428-448,448,08:A6:F7:6B:D4:28,ON,1542178,1780912728607,1542183,1780912728611,1683166,1780912727826,27,2026-06-08T09:58:48.9226171Z,,oasis/bottle
,,,0,,,local.mqtt.telegraf,44,42.15,,,08a6f769c348,08a6f769c348-448,448,08:A6:F7:69:C3:48,ON,1542499,1780912728927,1542503,1780912728931,1610946,1780912727866,27,2026-06-08T09:58:49.2559162Z,,oasis/bottle
,,,0,,,local.mqtt.telegraf,43,46.65,,,08a6f7bb3c68,08a6f7bb3c68-452,452,08:A6:F7:BB:3C:68,ON,1542909,1780912729337,1542913,1780912729341,1650777,1780912727717,27,2026-06-08T09:58:49.6591768Z,,oasis/bottle
,,,0,,,local.mqtt.telegraf,46,43.62,,,2cbcbb0d97a0,2cbcbb0d97a0-446,446,2C:BC:BB:0D:97:A0,ON,1543930,1780912730358,1543934,1780912730362,1630387,1780912730277,26,2026-06-08T09:58:50.6732523Z,,oasis/bottle
,,,0,,,local.mqtt.telegraf,43,28.65,,,08a6f75abdf0,08a6f75abdf0-452,452,08:A6:F7:5A:BD:F0,ON,1544689,1780912731117,1544694,1780912731122,1583917,1780912731037,27,2026-06-08T09:58:51.4312881Z,,oasis/bottle
,,,0,,,local.mqtt.telegraf,43,40.53,,,08a6f76bd428,08a6f76bd428-449,449,08:A6:F7:6B:D4:28,ON,1545379,1780912731807,1545383,1780912731811,1686377,1780912731066,27,2026-06-08T09:58:52.1213634Z,,oasis/bottle
,,,0,,,local.mqtt.telegraf,44,42.2,,,08a6f769c348,08a6f769c348-449,449,08:A6:F7:69:C3:48,ON,1545779,1780912732207,1545783,1780912732211,1614226,1780912731136,27,2026-06-08T09:58:52.5259092Z,,oasis/bottle
,,,0,,,local.mqtt.telegraf,42,46.5,,,08a6f7bb3c68,08a6f7bb3c68-453,453,08:A6:F7:BB:3C:68,ON,1546249,1780912732677,1546253,1780912732681,1654127,1780912731207,27,2026-06-08T09:58:53.0009304Z,,oasis/bottle
,,,0,,,local.mqtt.telegraf,46,43.62,,,2cbcbb0d97a0,2cbcbb0d97a0-447,447,2C:BC:BB:0D:97:A0,ON,1547129,1780912733557,1547134,1780912733562,1633586,1780912733476,26,2026-06-08T09:58:53.8797949Z,,oasis/bottle
,,,0,,,local.mqtt.telegraf,43,28.76,,,08a6f75abdf0,08a6f75abdf0-453,453,08:A6:F7:5A:BD:F0,ON,1547929,1780912734357,1547933,1780912734361,1587157,1780912734277,27,2026-06-08T09:58:54.671024Z,,oasis/bottle
,,,0,,,local.mqtt.telegraf,43,40.55,,,08a6f76bd428,08a6f76bd428-450,450,08:A6:F7:6B:D4:28,ON,1548660,1780912735088,1548664,1780912735092,1689656,1780912734345,27,2026-06-08T09:58:55.4078756Z,,oasis/bottle
,,,0,,,local.mqtt.telegraf,44,42.32,,,08a6f769c348,08a6f769c348-450,450,08:A6:F7:69:C3:48,ON,1548979,1780912735407,1548983,1780912735411,1617426,1780912734336,27,2026-06-08T09:58:55.7296977Z,,oasis/bottle
,,,0,,,local.mqtt.telegraf,42,46.78,,,08a6f7bb3c68,08a6f7bb3c68-454,454,08:A6:F7:BB:3C:68,ON,1549569,1780912735997,1549573,1780912736001,1657447,1780912734527,27,2026-06-08T09:58:56.3176362Z,,oasis/bottle
,,,0,,,local.mqtt.telegraf,46,43.5,,,2cbcbb0d97a0,2cbcbb0d97a0-448,448,2C:BC:BB:0D:97:A0,ON,1550409,1780912736837,1550413,1780912736841,1636856,1780912736746,26,2026-06-08T09:58:57.1545089Z,,oasis/bottle
,,,0,,,local.mqtt.telegraf,44,28.84,,,08a6f75abdf0,08a6f75abdf0-454,454,08:A6:F7:5A:BD:F0,ON,1551279,1780912737707,1551283,1780912737711,1590506,1780912737626,27,2026-06-08T09:58:58.02801Z,,oasis/bottle
,,,0,,,local.mqtt.telegraf,43,40.4,,,08a6f76bd428,08a6f76bd428-451,451,08:A6:F7:6B:D4:28,ON,1551849,1780912738277,1551853,1780912738281,1692846,1780912737535,27,2026-06-08T09:58:58.5958798Z,,oasis/bottle
,,,0,,,local.mqtt.telegraf,44,42.4,,,08a6f769c348,08a6f769c348-451,451,08:A6:F7:69:C3:48,ON,1552239,1780912738667,1552243,1780912738671,1620686,1780912737596,27,2026-06-08T09:58:58.9859236Z,,oasis/bottle
,,,0,,,local.mqtt.telegraf,43,46.59,,,08a6f7bb3c68,08a6f7bb3c68-455,455,08:A6:F7:BB:3C:68,ON,1552839,1780912739268,1552844,1780912739272,1660717,1780912737797,27,2026-06-08T09:58:59.5853392Z,,oasis/bottle
,,,0,,,local.mqtt.telegraf,46,43.77,,,2cbcbb0d97a0,2cbcbb0d97a0-449,449,2C:BC:BB:0D:97:A0,ON,1553809,1780912740237,1553813,1780912740241,1640256,1780912740146,26,2026-06-08T09:59:00.5511281Z,,oasis/bottle
,,,0,,,local.mqtt.telegraf,44,29.06,,,08a6f75abdf0,08a6f75abdf0-455,455,08:A6:F7:5A:BD:F0,ON,1554609,1780912741037,1554613,1780912741041,1593836,1780912740956,27,2026-06-08T09:59:01.3562241Z,,oasis/bottle
,,,0,,,local.mqtt.telegraf,43,40.58,,,08a6f76bd428,08a6f76bd428-452,452,08:A6:F7:6B:D4:28,ON,1555089,1780912741517,1555093,1780912741521,1696087,1780912741127,27,2026-06-08T09:59:01.8335894Z,,oasis/bottle
,,,0,,,local.mqtt.telegraf,44,42.54,,,08a6f769c348,08a6f769c348-452,452,08:A6:F7:69:C3:48,ON,1555619,1780912742047,1555623,1780912742051,1624066,1780912741266,27,2026-06-08T09:59:02.3639116Z,,oasis/bottle
,,,0,,,local.mqtt.telegraf,43,46.86,,,08a6f7bb3c68,08a6f7bb3c68-456,456,08:A6:F7:BB:3C:68,ON,1556029,1780912742457,1556033,1780912742461,1663897,1780912741057,27,2026-06-08T09:59:02.761353Z,,oasis/bottle
,,,0,,,local.mqtt.telegraf,46,43.99,,,2cbcbb0d97a0,2cbcbb0d97a0-450,450,2C:BC:BB:0D:97:A0,ON,1556999,1780912743427,1557003,1780912743431,1643447,1780912741077,26,2026-06-08T09:59:03.7533645Z,,oasis/bottle
,,,0,,,local.mqtt.telegraf,44,29.01,,,08a6f75abdf0,08a6f75abdf0-456,456,08:A6:F7:5A:BD:F0,ON,1557889,1780912744317,1557893,1780912744321,1597116,1780912744236,27,2026-06-08T09:59:04.6341628Z,,oasis/bottle
,,,0,,,local.mqtt.telegraf,43,40.64,,,08a6f76bd428,08a6f76bd428-453,453,08:A6:F7:6B:D4:28,ON,1558439,1780912744867,1558443,1780912744871,1699436,1780912744476,27,2026-06-08T09:59:05.1810025Z,,oasis/bottle
,,,0,,,local.mqtt.telegraf,44,42.42,,,08a6f769c348,08a6f769c348-453,453,08:A6:F7:69:C3:48,ON,1558999,1780912745427,1559003,1780912745431,1627450,1780912744650,27,2026-06-08T09:59:05.7415112Z,,oasis/bottle
,,,0,,,local.mqtt.telegraf,43,46.7,,,08a6f7bb3c68,08a6f7bb3c68-457,457,08:A6:F7:BB:3C:68,ON,1559239,1780912745667,1559243,1780912745671,1667117,1780912744277,27,2026-06-08T09:59:05.9811727Z,,oasis/bottle
,,,0,,,local.mqtt.telegraf,46,43.76,,,2cbcbb0d97a0,2cbcbb0d97a0-451,451,2C:BC:BB:0D:97:A0,ON,1560239,1780912746668,1560244,1780912746672,1646697,1780912744327,26,2026-06-08T09:59:06.9878604Z,,oasis/bottle
,,,0,,,local.mqtt.telegraf,44,28.93,,,08a6f75abdf0,08a6f75abdf0-457,457,08:A6:F7:5A:BD:F0,ON,1561079,1780912747507,1561083,1780912747511,1600306,1780912747426,27,2026-06-08T09:59:07.8208892Z,,oasis/bottle
,,,0,,,local.mqtt.telegraf,43,40.49,,,08a6f76bd428,08a6f76bd428-454,454,08:A6:F7:6B:D4:28,ON,1561758,1780912748187,1561771,1780912748199,1702756,1780912747796,27,2026-06-08T09:59:08.5182044Z,,oasis/bottle
,,,0,,,local.mqtt.telegraf,44,42.28,,,08a6f769c348,08a6f769c348-454,454,08:A6:F7:69:C3:48,ON,1562399,1780912748827,1562404,1780912748832,1630846,1780912748046,27,2026-06-08T09:59:09.1499568Z,,oasis/bottle
,,,0,,,local.mqtt.telegraf,42,46.51,,,08a6f7bb3c68,08a6f7bb3c68-458,458,08:A6:F7:BB:3C:68,ON,1562539,1780912748968,1562544,1780912748972,1670417,1780912747577,27,2026-06-08T09:59:09.290945Z,,oasis/bottle
,,,0,,,local.mqtt.telegraf,46,43.58,,,2cbcbb0d97a0,2cbcbb0d97a0-452,452,2C:BC:BB:0D:97:A0,ON,1563599,1780912750028,1563604,1780912750032,1650056,1780912747686,26,2026-06-08T09:59:10.3510416Z,,oasis/bottle
,,,0,,,local.mqtt.telegraf,44,28.73,,,08a6f75abdf0,08a6f75abdf0-458,458,08:A6:F7:5A:BD:F0,ON,1564319,1780912750747,1564323,1780912750751,1603546,1780912750656,27,2026-06-08T09:59:11.0659568Z,,oasis/bottle
,,,0,,,local.mqtt.telegraf,43,40.4,,,08a6f76bd428,08a6f76bd428-455,455,08:A6:F7:6B:D4:28,ON,1565029,1780912751457,1565033,1780912751461,1706027,1780912751187,27,2026-06-08T09:59:11.7777719Z,,oasis/bottle
,,,0,,,local.mqtt.telegraf,44,42.38,,,08a6f769c348,08a6f769c348-455,455,08:A6:F7:69:C3:48,ON,1565579,1780912752007,1565584,1780912752012,1634027,1780912751097,27,2026-06-08T09:59:12.3295006Z,,oasis/bottle
,,,0,,,local.mqtt.telegraf,43,46.82,,,08a6f7bb3c68,08a6f7bb3c68-459,459,08:A6:F7:BB:3C:68,ON,1565769,1780912752197,1565774,1780912752202,1673647,1780912751147,27,2026-06-08T09:59:12.5108517Z,,oasis/bottle
,,,0,,,local.mqtt.telegraf,46,43.74,,,2cbcbb0d97a0,2cbcbb0d97a0-453,453,2C:BC:BB:0D:97:A0,ON,1566949,1780912753377,1566954,1780912753382,1653407,1780912751267,26,2026-06-08T09:59:13.7108959Z,,oasis/bottle
,,,0,,,local.mqtt.telegraf,44,28.86,,,08a6f75abdf0,08a6f75abdf0-459,459,08:A6:F7:5A:BD:F0,ON,1567669,1780912754097,1567673,1780912754101,1606896,1780912754006,27,2026-06-08T09:59:14.4209799Z,,oasis/bottle
,,,0,,,local.mqtt.telegraf,43,40.28,,,08a6f76bd428,08a6f76bd428-456,456,08:A6:F7:6B:D4:28,ON,1568439,1780912754867,1568444,1780912754872,1709436,1780912754596,27,2026-06-08T09:59:15.1835254Z,,oasis/bottle
,,,0,,,local.mqtt.telegraf,44,42.43,,,08a6f769c348,08a6f769c348-456,456,08:A6:F7:69:C3:48,ON,1568809,1780912755237,1568813,1780912755241,1637256,1780912754326,27,2026-06-08T09:59:15.5610121Z,,oasis/bottle
,,,0,,,local.mqtt.telegraf,42,46.65,,,08a6f7bb3c68,08a6f7bb3c68-460,460,08:A6:F7:BB:3C:68,ON,1569089,1780912755517,1569093,1780912755521,1676967,1780912754467,27,2026-06-08T09:59:15.8309719Z,,oasis/bottle
,,,0,,,local.mqtt.telegraf,46,43.64,,,2cbcbb0d97a0,2cbcbb0d97a0-454,454,2C:BC:BB:0D:97:A0,ON,1570279,1780912756707,1570284,1780912756712,1656736,1780912754596,26,2026-06-08T09:59:17.0371385Z,,oasis/bottle
,,,0,,,local.mqtt.telegraf,43,28.96,,,08a6f75abdf0,08a6f75abdf0-460,460,08:A6:F7:5A:BD:F0,ON,1570999,1780912757427,1571004,1780912757432,1610227,1780912757337,27,2026-06-08T09:59:17.7575916Z,,oasis/bottle
,,,0,,,local.mqtt.telegraf,43,40.55,,,08a6f76bd428,08a6f76bd428-457,457,08:A6:F7:6B:D4:28,ON,1571638,1780912758067,1571643,1780912758071,1712636,1780912757796,27,2026-06-08T09:59:18.3809243Z,,oasis/bottle
,,,0,,,local.mqtt.telegraf,44,42.35,,,08a6f769c348,08a6f769c348-457,457,08:A6:F7:69:C3:48,ON,1572139,1780912758567,1572143,1780912758571,1640586,1780912757656,27,2026-06-08T09:59:18.8740573Z,,oasis/bottle
,,,0,,,local.mqtt.telegraf,43,46.94,,,08a6f7bb3c68,08a6f7bb3c68-461,461,08:A6:F7:BB:3C:68,ON,1572359,1780912758788,1572364,1780912758792,1680236,1780912757736,27,2026-06-08T09:59:19.1008025Z,,oasis/bottle
,,,0,,,local.mqtt.telegraf,46,43.64,,,2cbcbb0d97a0,2cbcbb0d97a0-455,455,2C:BC:BB:0D:97:A0,ON,1573569,1780912759998,1573574,1780912760002,1660016,1780912757876,26,2026-06-08T09:59:20.3207535Z,,oasis/bottle
,,,0,,,local.mqtt.telegraf,44,28.66,,,08a6f75abdf0,08a6f75abdf0-461,461,08:A6:F7:5A:BD:F0,ON,1574279,1780912760707,1574284,1780912760712,1613506,1780912760625,27,2026-06-08T09:59:21.0280424Z,,oasis/bottle
,,,0,,,local.mqtt.telegraf,43,40.17,,,08a6f76bd428,08a6f76bd428-458,458,08:A6:F7:6B:D4:28,ON,1574909,1780912761337,1574913,1780912761341,1715907,1780912761226,27,2026-06-08T09:59:21.6519237Z,,oasis/bottle
,,,0,,,local.mqtt.telegraf,44,42.5,,,08a6f769c348,08a6f769c348-458,458,08:A6:F7:69:C3:48,ON,1575429,1780912761857,1575433,1780912761861,1643876,1780912761235,27,2026-06-08T09:59:22.171065Z,,oasis/bottle
,,,0,,,local.mqtt.telegraf,43,46.78,,,08a6f7bb3c68,08a6f7bb3c68-462,462,08:A6:F7:BB:3C:68,ON,1575759,1780912762187,1575763,1780912762191,1683637,1780912761356,27,2026-06-08T09:59:22.5032704Z,,oasis/bottle
,,,0,,,local.mqtt.telegraf,46,43.69,,,2cbcbb0d97a0,2cbcbb0d97a0-456,456,2C:BC:BB:0D:97:A0,ON,1576759,1780912763188,1576764,1780912763192,1663217,1780912761155,26,2026-06-08T09:59:23.5059451Z,,oasis/bottle
,,,0,,,local.mqtt.telegraf,44,28.46,,,08a6f75abdf0,08a6f75abdf0-462,462,08:A6:F7:5A:BD:F0,ON,1577469,1780912763897,1577473,1780912763901,1616696,1780912763815,27,2026-06-08T09:59:24.2222459Z,,oasis/bottle
,,,0,,,local.mqtt.telegraf,43,40.24,,,08a6f76bd428,08a6f76bd428-459,459,08:A6:F7:6B:D4:28,ON,1578319,1780912764747,1578323,1780912764751,1719316,1780912764635,27,2026-06-08T09:59:25.060917Z,,oasis/bottle
,,,0,,,local.mqtt.telegraf,44,42.32,,,08a6f769c348,08a6f769c348-459,459,08:A6:F7:69:C3:48,ON,1578629,1780912765057,1578633,1780912765061,1647076,1780912764435,27,2026-06-08T09:59:25.3780875Z,,oasis/bottle
,,,0,,,local.mqtt.telegraf,43,46.38,,,08a6f7bb3c68,08a6f7bb3c68-463,463,08:A6:F7:BB:3C:68,ON,1578949,1780912765377,1578953,1780912765381,1686826,1780912764545,27,2026-06-08T09:59:25.6925636Z,,oasis/bottle
,,,0,,,local.mqtt.telegraf,46,43.49,,,2cbcbb0d97a0,2cbcbb0d97a0-457,457,2C:BC:BB:0D:97:A0,ON,1580010,1780912766438,1580014,1780912766442,1666467,1780912764405,26,2026-06-08T09:59:26.758231Z,,oasis/bottle
,,,0,,,local.mqtt.telegraf,44,27.84,,,08a6f75abdf0,08a6f75abdf0-463,463,08:A6:F7:5A:BD:F0,ON,1580719,1780912767147,1580723,1780912767151,1619946,1780912767065,27,2026-06-08T09:59:27.4689306Z,,oasis/bottle
,,,0,,,local.mqtt.telegraf,43,39.98,,,08a6f76bd428,08a6f76bd428-460,460,08:A6:F7:6B:D4:28,ON,1581519,1780912767947,1581523,1780912767951,1722517,1780912767836,27,2026-06-08T09:59:28.2610877Z,,oasis/bottle
,,,0,,,local.mqtt.telegraf,44,42.42,,,08a6f769c348,08a6f769c348-460,460,08:A6:F7:69:C3:48,ON,1581888,1780912768317,1581893,1780912768321,1650336,1780912767695,27,2026-06-08T09:59:28.6349118Z,,oasis/bottle
,,,0,,,local.mqtt.telegraf,43,46.47,,,08a6f7bb3c68,08a6f7bb3c68-464,464,08:A6:F7:BB:3C:68,ON,1582199,1780912768627,1582204,1780912768632,1690077,1780912767796,27,2026-06-08T09:59:28.9449565Z,,oasis/bottle
,,,0,,,local.mqtt.telegraf,46,43.5,,,2cbcbb0d97a0,2cbcbb0d97a0-458,458,2C:BC:BB:0D:97:A0,ON,1583379,1780912769808,1583384,1780912769812,1669836,1780912767774,26,2026-06-08T09:59:30.1311847Z,,oasis/bottle
,,,0,,,local.mqtt.telegraf,44,27.95,,,08a6f75abdf0,08a6f75abdf0-464,464,08:A6:F7:5A:BD:F0,ON,1584079,1780912770507,1584083,1780912770511,1623307,1780912770427,27,2026-06-08T09:59:30.8243747Z,,oasis/bottle
,,,0,,,local.mqtt.telegraf,43,39.93,,,08a6f76bd428,08a6f76bd428-461,461,08:A6:F7:6B:D4:28,ON,1584789,1780912771217,1584793,1780912771221,1725787,1780912771147,27,2026-06-08T09:59:31.5309885Z,,oasis/bottle
,,,0,,,local.mqtt.telegraf,44,42.59,,,08a6f769c348,08a6f769c348-461,461,08:A6:F7:69:C3:48,ON,1585279,1780912771707,1585283,1780912771711,1653727,1780912771377,27,2026-06-08T09:59:32.0211261Z,,oasis/bottle
,,,0,,,local.mqtt.telegraf,43,46.63,,,08a6f7bb3c68,08a6f7bb3c68-465,465,08:A6:F7:BB:3C:68,ON,1585569,1780912771997,1585574,1780912772002,1693437,1780912771347,27,2026-06-08T09:59:32.3110004Z,,oasis/bottle
,,,0,,,local.mqtt.telegraf,46,43.64,,,2cbcbb0d97a0,2cbcbb0d97a0-459,459,2C:BC:BB:0D:97:A0,ON,1586759,1780912773187,1586763,1780912773191,1673207,1780912771357,26,2026-06-08T09:59:33.5125764Z,,oasis/bottle
,,,0,,,local.mqtt.telegraf,45,28.17,,,08a6f75abdf0,08a6f75abdf0-465,465,08:A6:F7:5A:BD:F0,ON,1587429,1780912773857,1587433,1780912773861,1626657,1780912773777,27,2026-06-08T09:59:34.1775168Z,,oasis/bottle
,,,0,,,local.mqtt.telegraf,43,40.19,,,08a6f76bd428,08a6f76bd428-462,462,08:A6:F7:6B:D4:28,ON,1588199,1780912774627,1588203,1780912774631,1729196,1780912774556,27,2026-06-08T09:59:34.941199Z,,oasis/bottle
,,,0,,,local.mqtt.telegraf,44,42.51,,,08a6f769c348,08a6f769c348-462,462,08:A6:F7:69:C3:48,ON,1588679,1780912775107,1588684,1780912775112,1657126,1780912774776,27,2026-06-08T09:59:35.4309448Z,,oasis/bottle
,,,0,,,local.mqtt.telegraf,43,46.59,,,08a6f7bb3c68,08a6f7bb3c68-466,466,08:A6:F7:BB:3C:68,ON,1588919,1780912775347,1588924,1780912775352,1696796,1780912774706,27,2026-06-08T09:59:35.6605785Z,,oasis/bottle
,,,0,,,local.mqtt.telegraf,46,43.62,,,2cbcbb0d97a0,2cbcbb0d97a0-460,460,2C:BC:BB:0D:97:A0,ON,1590119,1780912776547,1590124,1780912776552,1676577,1780912774727,26,2026-06-08T09:59:36.8809579Z,,oasis/bottle
,,,0,,,local.mqtt.telegraf,45,28.25,,,08a6f75abdf0,08a6f75abdf0-466,466,08:A6:F7:5A:BD:F0,ON,1590759,1780912777187,1590763,1780912777191,1629987,1780912777107,27,2026-06-08T09:59:37.5009442Z,,oasis/bottle
,,,0,,,local.mqtt.telegraf,43,40.15,,,08a6f76bd428,08a6f76bd428-463,463,08:A6:F7:6B:D4:28,ON,1591399,1780912777828,1591404,1780912777832,1732396,1780912777756,27,2026-06-08T09:59:38.135388Z,,oasis/bottle
,,,0,,,local.mqtt.telegraf,44,42.98,,,08a6f769c348,08a6f769c348-463,463,08:A6:F7:69:C3:48,ON,1591879,1780912778307,1591883,1780912778311,1660327,1780912777977,27,2026-06-08T09:59:38.6275748Z,,oasis/bottle
,,,0,,,local.mqtt.telegraf,43,46.9,,,08a6f7bb3c68,08a6f7bb3c68-467,467,08:A6:F7:BB:3C:68,ON,1592259,1780912778688,1592264,1780912778692,1700136,1780912778046,27,2026-06-08T09:59:39.0095062Z,,oasis/bottle
,,,0,,,local.mqtt.telegraf,46,43.88,,,2cbcbb0d97a0,2cbcbb0d97a0-461,461,2C:BC:BB:0D:97:A0,ON,1593489,1780912779917,1593493,1780912779921,1679936,1780912778086,26,2026-06-08T09:59:40.2507667Z,,oasis/bottle
,,,0,,,local.mqtt.telegraf,45,28.65,,,08a6f75abdf0,08a6f75abdf0-467,467,08:A6:F7:5A:BD:F0,ON,1594039,1780912780467,1594044,1780912780472,1633267,1780912780387,27,2026-06-08T09:59:40.7822073Z,,oasis/bottle
,,,0,,,local.mqtt.telegraf,43,40.41,,,08a6f76bd428,08a6f76bd428-464,464,08:A6:F7:6B:D4:28,ON,1594669,1780912781097,1594673,1780912781101,1735667,1780912781036,27,2026-06-08T09:59:41.4094083Z,,oasis/bottle
,,,0,,,local.mqtt.telegraf,44,43.1,,,08a6f769c348,08a6f769c348-464,464,08:A6:F7:69:C3:48,ON,1595139,1780912781567,1595143,1780912781571,1663586,1780912781276,27,2026-06-08T09:59:41.8833134Z,,oasis/bottle
,,,0,,,local.mqtt.telegraf,43,47.1,,,08a6f7bb3c68,08a6f7bb3c68-468,468,08:A6:F7:BB:3C:68,ON,1595570,1780912781998,1595575,1780912782003,1703437,1780912781317,27,2026-06-08T09:59:42.3240135Z,,oasis/bottle
,,,0,,,local.mqtt.telegraf,46,44.07,,,2cbcbb0d97a0,2cbcbb0d97a0-462,462,2C:BC:BB:0D:97:A0,ON,1596829,1780912783258,1596834,1780912783262,1683287,1780912781367,26,2026-06-08T09:59:43.5910117Z,,oasis/bottle
,,,0,,,local.mqtt.telegraf,45,28.76,,,08a6f75abdf0,08a6f75abdf0-468,468,08:A6:F7:5A:BD:F0,ON,1597229,1780912783657,1597233,1780912783661,1636456,1780912783576,27,2026-06-08T09:59:43.9758737Z,,oasis/bottle
,,,0,,,local.mqtt.telegraf,43,40.43,,,08a6f76bd428,08a6f76bd428-465,465,08:A6:F7:6B:D4:28,ON,1598069,1780912784497,1598073,1780912784501,1739066,1780912784435,27,2026-06-08T09:59:44.8139392Z,,oasis/bottle
,,,0,,,local.mqtt.telegraf,44,43.15,,,08a6f769c348,08a6f769c348-465,465,08:A6:F7:69:C3:48,ON,1598519,1780912784947,1598523,1780912784951,1666967,1780912784657,27,2026-06-08T09:59:45.2510279Z,,oasis/bottle
,,,0,,,local.mqtt.telegraf,43,47,,,08a6f7bb3c68,08a6f7bb3c68-469,469,08:A6:F7:BB:3C:68,ON,1598789,1780912785217,1598793,1780912785221,1706666,1780912784546,27,2026-06-08T09:59:45.5252417Z,,oasis/bottle
,,,0,,,local.mqtt.telegraf,46,43.87,,,2cbcbb0d97a0,2cbcbb0d97a0-463,463,2C:BC:BB:0D:97:A0,ON,1600149,1780912786577,1600154,1780912786582,1686606,1780912784686,26,2026-06-08T09:59:46.8993277Z,,oasis/bottle
,,,0,,,local.mqtt.telegraf,45,28.82,,,08a6f75abdf0,08a6f75abdf0-469,469,08:A6:F7:5A:BD:F0,ON,1600479,1780912786907,1600483,1780912786911,1639706,1780912786826,27,2026-06-08T09:59:47.2318745Z,,oasis/bottle
,,,0,,,local.mqtt.telegraf,43,40.37,,,08a6f76bd428,08a6f76bd428-466,466,08:A6:F7:6B:D4:28,ON,1601259,1780912787687,1601263,1780912787691,1742256,1780912787625,27,2026-06-08T09:59:48.0107003Z,,oasis/bottle
,,,0,,,local.mqtt.telegraf,44,43.05,,,08a6f769c348,08a6f769c348-466,466,08:A6:F7:69:C3:48,ON,1601908,1780912788337,1601913,1780912788341,1670357,1780912788047,27,2026-06-08T09:59:48.6722416Z,,oasis/bottle
,,,0,,,local.mqtt.telegraf,43,46.83,,,08a6f7bb3c68,08a6f7bb3c68-470,470,08:A6:F7:BB:3C:68,ON,1602109,1780912788538,1602114,1780912788542,1709986,1780912787866,27,2026-06-08T09:59:48.8558933Z,,oasis/bottle
,,,0,,,local.mqtt.telegraf,46,44.48,,,2cbcbb0d97a0,2cbcbb0d97a0-464,464,2C:BC:BB:0D:97:A0,ON,1603420,1780912789848,1603424,1780912789852,1689876,1780912787956,26,2026-06-08T09:59:50.1707595Z,,oasis/bottle
,,,0,,,local.mqtt.telegraf,45,29.48,,,08a6f75abdf0,08a6f75abdf0-470,470,08:A6:F7:5A:BD:F0,ON,1603839,1780912790267,1603843,1780912790271,1643066,1780912790186,27,2026-06-08T09:59:50.5873281Z,,oasis/bottle
,,,0,,,local.mqtt.telegraf,43,41.02,,,08a6f76bd428,08a6f76bd428-467,467,08:A6:F7:6B:D4:28,ON,1604526,1780912790954,1604531,1780912790959,1745506,1780912790875,27,2026-06-08T09:59:51.2731888Z,,oasis/bottle
,,,0,,,local.mqtt.telegraf,44,43.99,,,08a6f769c348,08a6f769c348-467,467,08:A6:F7:69:C3:48,ON,1605089,1780912791517,1605093,1780912791521,1673537,1780912791217,27,2026-06-08T09:59:51.843415Z,,oasis/bottle
,,,0,,,local.mqtt.telegraf,43,47.59,,,08a6f7bb3c68,08a6f7bb3c68-471,471,08:A6:F7:BB:3C:68,ON,1605379,1780912791807,1605384,1780912791812,1713257,1780912791317,27,2026-06-08T09:59:52.1243477Z,,oasis/bottle
,,,0,,,local.mqtt.telegraf,46,44.91,,,2cbcbb0d97a0,2cbcbb0d97a0-465,465,2C:BC:BB:0D:97:A0,ON,1606819,1780912793247,1606824,1780912793252,1693277,1780912791447,26,2026-06-08T09:59:53.5715257Z,,oasis/bottle
,,,0,,,local.mqtt.telegraf,45,30.35,,,08a6f75abdf0,08a6f75abdf0-471,471,08:A6:F7:5A:BD:F0,ON,1607189,1780912793617,1607193,1780912793621,1646417,1780912791397,27,2026-06-08T09:59:53.9310256Z,,oasis/bottle
,,,0,,,local.mqtt.telegraf,43,41.48,,,08a6f76bd428,08a6f76bd428-468,468,08:A6:F7:6B:D4:28,ON,1607879,1780912794307,1607883,1780912794311,1748876,1780912794245,27,2026-06-08T09:59:54.6209401Z,,oasis/bottle
,,,0,,,local.mqtt.telegraf,44,44.04,,,08a6f769c348,08a6f769c348-468,468,08:A6:F7:69:C3:48,ON,1608299,1780912794727,1608303,1780912794731,1676746,1780912794426,27,2026-06-08T09:59:55.0408331Z,,oasis/bottle
,,,0,,,local.mqtt.telegraf,43,48.12,,,08a6f7bb3c68,08a6f7bb3c68-472,472,08:A6:F7:BB:3C:68,ON,1608790,1780912795218,1608795,1780912795223,1716666,1780912794726,27,2026-06-08T09:59:55.5265612Z,,oasis/bottle
,,,0,,,local.mqtt.telegraf,46,45.03,,,2cbcbb0d97a0,2cbcbb0d97a0-466,466,2C:BC:BB:0D:97:A0,ON,1610009,1780912796437,1610014,1780912796442,1696466,1780912794636,26,2026-06-08T09:59:56.770838Z,,oasis/bottle
,,,0,,,local.mqtt.telegraf,45,30.73,,,08a6f75abdf0,08a6f75abdf0-472,472,08:A6:F7:5A:BD:F0,ON,1610509,1780912796937,1610513,1780912796941,1649737,1780912794717,27,2026-06-08T09:59:57.2527768Z,,oasis/bottle
,,,0,,,local.mqtt.telegraf,43,41.68,,,08a6f76bd428,08a6f76bd428-469,469,08:A6:F7:6B:D4:28,ON,1611239,1780912797668,1611244,1780912797672,1752236,1780912797605,27,2026-06-08T09:59:57.9821043Z,,oasis/bottle
,,,0,,,local.mqtt.telegraf,44,44.27,,,08a6f769c348,08a6f769c348-469,469,08:A6:F7:69:C3:48,ON,1611589,1780912798017,1611593,1780912798021,1680036,1780912797716,27,2026-06-08T09:59:58.3210064Z,,oasis/bottle
,,,0,,,local.mqtt.telegraf,43,48.12,,,08a6f7bb3c68,08a6f7bb3c68-473,473,08:A6:F7:BB:3C:68,ON,1611999,1780912798427,1612004,1780912798432,1719876,1780912797936,27,2026-06-08T09:59:58.7469747Z,,oasis/bottle
,,,0,,,local.mqtt.telegraf,46,44.71,,,2cbcbb0d97a0,2cbcbb0d97a0-467,467,2C:BC:BB:0D:97:A0,ON,1613269,1780912799697,1613273,1780912799701,1699716,1780912797886,26,2026-06-08T10:00:00.0209799Z,,oasis/bottle
,,,0,,,local.mqtt.telegraf,45,30.39,,,08a6f75abdf0,08a6f75abdf0-473,473,08:A6:F7:5A:BD:F0,ON,1613779,1780912800207,1613783,1780912800211,1653007,1780912797987,27,2026-06-08T10:00:00.5208146Z,,oasis/bottle
,,,0,,,local.mqtt.telegraf,43,40.91,,,08a6f76bd428,08a6f76bd428-470,470,08:A6:F7:6B:D4:28,ON,1614589,1780912801017,1614593,1780912801021,1755587,1780912800956,27,2026-06-08T10:00:01.3330999Z,,oasis/bottle
,,,0,,,local.mqtt.telegraf,44,43.37,,,08a6f769c348,08a6f769c348-470,470,08:A6:F7:69:C3:48,ON,1614789,1780912801217,1614793,1780912801221,1683236,1780912801136,27,2026-06-08T10:00:01.5306955Z,,oasis/bottle
,,,0,,,local.mqtt.telegraf,43,47.61,,,08a6f7bb3c68,08a6f7bb3c68-474,474,08:A6:F7:BB:3C:68,ON,1615279,1780912801707,1615284,1780912801712,1723157,1780912801357,27,2026-06-08T10:00:02.0254414Z,,oasis/bottle
,,,0,,,local.mqtt.telegraf,46,44.35,,,2cbcbb0d97a0,2cbcbb0d97a0-468,468,2C:BC:BB:0D:97:A0,ON,1616620,1780912803048,1616624,1780912803052,1703077,1780912801437,26,2026-06-08T10:00:03.3757979Z,,oasis/bottle
,,,0,,,local.mqtt.telegraf,45,30.05,,,08a6f75abdf0,08a6f75abdf0-474,474,08:A6:F7:5A:BD:F0,ON,1617189,1780912803617,1617194,1780912803622,1656417,1780912801487,27,2026-06-08T10:00:03.9334209Z,,oasis/bottle
,,,0,,,local.mqtt.telegraf,43,40.95,,,08a6f76bd428,08a6f76bd428-471,471,08:A6:F7:6B:D4:28,ON,1617919,1780912804347,1617923,1780912804351,1758906,1780912804275,27,2026-06-08T10:00:04.6604815Z,,oasis/bottle
,,,0,,,local.mqtt.telegraf,44,43.33,,,08a6f769c348,08a6f769c348-471,471,08:A6:F7:69:C3:48,ON,1618059,1780912804487,1618063,1780912804491,1686507,1780912804407,27,2026-06-08T10:00:04.8148639Z,,oasis/bottle
,,,0,,,local.mqtt.telegraf,43,47.24,,,08a6f7bb3c68,08a6f7bb3c68-475,475,08:A6:F7:BB:3C:68,ON,1618470,1780912804898,1618474,1780912804902,1726346,1780912804546,27,2026-06-08T10:00:05.2167986Z,,oasis/bottle
,,,0,,,local.mqtt.telegraf,46,44.47,,,2cbcbb0d97a0,2cbcbb0d97a0-469,469,2C:BC:BB:0D:97:A0,ON,1619989,1780912806417,1619993,1780912806421,1706436,1780912804796,26,2026-06-08T10:00:06.7454377Z,,oasis/bottle
,,,0,,,local.mqtt.telegraf,45,30.26,,,08a6f75abdf0,08a6f75abdf0-475,475,08:A6:F7:5A:BD:F0,ON,1620399,1780912806827,1620403,1780912806831,1659626,1780912804696,27,2026-06-08T10:00:07.1426445Z,,oasis/bottle
,,,0,,,local.mqtt.telegraf,43,41.05,,,08a6f76bd428,08a6f76bd428-472,472,08:A6:F7:6B:D4:28,ON,1621179,1780912807607,1621184,1780912807612,1762177,1780912807546,27,2026-06-08T10:00:07.9206812Z,,oasis/bottle
,,,0,,,local.mqtt.telegraf,44,43.8,,,08a6f769c348,08a6f769c348-472,472,08:A6:F7:69:C3:48,ON,1621469,1780912807897,1621473,1780912807901,1689917,1780912807817,27,2026-06-08T10:00:08.216799Z,,oasis/bottle
,,,0,,,local.mqtt.telegraf,43,47.92,,,08a6f7bb3c68,08a6f7bb3c68-476,476,08:A6:F7:BB:3C:68,ON,1621709,1780912808138,1621714,1780912808142,1729586,1780912807786,27,2026-06-08T10:00:08.4556452Z,,oasis/bottle
,,,0,,,local.mqtt.telegraf,46,45.34,,,2cbcbb0d97a0,2cbcbb0d97a0-470,470,2C:BC:BB:0D:97:A0,ON,1623320,1780912809748,1623324,1780912809752,1709776,1780912808136,26,2026-06-08T10:00:10.0693155Z,,oasis/bottle
,,,0,,,local.mqtt.telegraf,45,31.97,,,08a6f75abdf0,08a6f75abdf0-476,476,08:A6:F7:5A:BD:F0,ON,1623679,1780912810107,1623683,1780912810111,1662907,1780912807977,27,2026-06-08T10:00:10.4253037Z,,oasis/bottle
,,,0,,,local.mqtt.telegraf,43,42.33,,,08a6f76bd428,08a6f76bd428-473,473,08:A6:F7:6B:D4:28,ON,1624589,1780912811017,1624593,1780912811021,1765577,1780912810944,27,2026-06-08T10:00:11.3322845Z,,oasis/bottle
,,,0,,,local.mqtt.telegraf,44,45.05,,,08a6f769c348,08a6f769c348-473,473,08:A6:F7:69:C3:48,ON,1624690,1780912811118,1624694,1780912811122,1693137,1780912811035,27,2026-06-08T10:00:11.4366298Z,,oasis/bottle
,,,0,,,local.mqtt.telegraf,43,48.81,,,08a6f7bb3c68,08a6f7bb3c68-477,477,08:A6:F7:BB:3C:68,ON,1625069,1780912811497,1625074,1780912811502,1732937,1780912811435,27,2026-06-08T10:00:11.8104674Z,,oasis/bottle
,,,0,,,local.mqtt.telegraf,46,46.22,,,2cbcbb0d97a0,2cbcbb0d97a0-471,471,2C:BC:BB:0D:97:A0,ON,1626619,1780912813047,1626624,1780912813052,1713076,1780912811414,26,2026-06-08T10:00:13.3730075Z,,oasis/bottle
,,,0,,,local.mqtt.telegraf,44,33.23,,,08a6f75abdf0,08a6f75abdf0-477,477,08:A6:F7:5A:BD:F0,ON,1626869,1780912813297,1626873,1780912813301,1666097,1780912811305,27,2026-06-08T10:00:13.6169548Z,,oasis/bottle
,,,0,,,local.mqtt.telegraf,43,42.9,,,08a6f76bd428,08a6f76bd428-474,474,08:A6:F7:6B:D4:28,ON,1627769,1780912814197,1627773,1780912814201,1768766,1780912814133,27,2026-06-08T10:00:14.5171549Z,,oasis/bottle
,,,0,,,local.mqtt.telegraf,44,45.37,,,08a6f769c348,08a6f769c348-474,474,08:A6:F7:69:C3:48,ON,1627979,1780912814407,1627983,1780912814411,1696426,1780912814324,27,2026-06-08T10:00:14.72049Z,,oasis/bottle
,,,0,,,local.mqtt.telegraf,43,48.94,,,08a6f7bb3c68,08a6f7bb3c68-478,478,08:A6:F7:BB:3C:68,ON,1628389,1780912814817,1628394,1780912814822,1736266,1780912814764,27,2026-06-08T10:00:15.1331482Z,,oasis/bottle
,,,0,,,local.mqtt.telegraf,46,46.38,,,2cbcbb0d97a0,2cbcbb0d97a0-472,472,2C:BC:BB:0D:97:A0,ON,1629849,1780912816277,1629854,1780912816282,1716306,1780912814644,26,2026-06-08T10:00:16.6052373Z,,oasis/bottle
,,,0,,,local.mqtt.telegraf,44,33.38,,,08a6f75abdf0,08a6f75abdf0-478,478,08:A6:F7:5A:BD:F0,ON,1630109,1780912816537,1630113,1780912816541,1669336,1780912814544,27,2026-06-08T10:00:16.8605021Z,,oasis/bottle
,,,0,,,local.mqtt.telegraf,43,42.97,,,08a6f76bd428,08a6f76bd428-475,475,08:A6:F7:6B:D4:28,ON,1631019,1780912817447,1631023,1780912817451,1772016,1780912817383,27,2026-06-08T10:00:17.7635999Z,,oasis/bottle
,,,0,,,local.mqtt.telegraf,44,45.42,,,08a6f769c348,08a6f769c348-475,475,08:A6:F7:69:C3:48,ON,1631189,1780912817617,1631193,1780912817621,1699636,1780912817534,27,2026-06-08T10:00:17.9305432Z,,oasis/bottle
,,,0,,,local.mqtt.telegraf,43,49.12,,,08a6f7bb3c68,08a6f7bb3c68-479,479,08:A6:F7:BB:3C:68,ON,1631669,1780912818098,1631674,1780912818102,1739546,1780912818044,27,2026-06-08T10:00:18.4151792Z,,oasis/bottle
,,,0,,,local.mqtt.telegraf,46,46.38,,,2cbcbb0d97a0,2cbcbb0d97a0-473,473,2C:BC:BB:0D:97:A0,ON,1633169,1780912819598,1633182,1780912819610,1719626,1780912817964,26,2026-06-08T10:00:19.962278Z,,oasis/bottle
,,,0,,,local.mqtt.telegraf,44,33.31,,,08a6f75abdf0,08a6f75abdf0-479,479,08:A6:F7:5A:BD:F0,ON,1633459,1780912819887,1633463,1780912819891,1672687,1780912817895,27,2026-06-08T10:00:20.2043707Z,,oasis/bottle
,,,0,,,local.mqtt.telegraf,43,42.95,,,08a6f76bd428,08a6f76bd428-476,476,08:A6:F7:6B:D4:28,ON,1634389,1780912820817,1634394,1780912820822,1775377,1780912820736,27,2026-06-08T10:00:21.1352439Z,,oasis/bottle
,,,0,,,local.mqtt.telegraf,44,45.46,,,08a6f769c348,08a6f769c348-476,476,08:A6:F7:69:C3:48,ON,1634479,1780912820907,1634484,1780912820912,1702926,1780912820825,27,2026-06-08T10:00:21.221915Z,,oasis/bottle
,,,0,,,local.mqtt.telegraf,43,49.39,,,08a6f7bb3c68,08a6f7bb3c68-480,480,08:A6:F7:BB:3C:68,ON,1634859,1780912821288,1634864,1780912821292,1742737,1780912821226,27,2026-06-08T10:00:21.606614Z,,oasis/bottle
,,,0,,,local.mqtt.telegraf,46,46.35,,,2cbcbb0d97a0,2cbcbb0d97a0-474,474,2C:BC:BB:0D:97:A0,ON,1636440,1780912822868,1636444,1780912822872,1722896,1780912821415,26,2026-06-08T10:00:23.1926266Z,,oasis/bottle
,,,0,,,local.mqtt.telegraf,44,33.31,,,08a6f75abdf0,08a6f75abdf0-480,480,08:A6:F7:5A:BD:F0,ON,1636789,1780912823217,1636793,1780912823221,1676017,1780912821476,27,2026-06-08T10:00:23.5405215Z,,oasis/bottle
,,,0,,,local.mqtt.telegraf,44,45.48,,,08a6f769c348,08a6f769c348-477,477,08:A6:F7:69:C3:48,ON,1637679,1780912824107,1637683,1780912824111,1706126,1780912824025,27,2026-06-08T10:00:24.4271837Z,,oasis/bottle
,,,0,,,local.mqtt.telegraf,43,43.02,,,08a6f76bd428,08a6f76bd428-477,477,08:A6:F7:6B:D4:28,ON,1637742,1780912824170,1637746,1780912824174,1778736,1780912824095,27,2026-06-08T10:00:24.4605731Z,,oasis/bottle
,,,0,,,local.mqtt.telegraf,43,49.36,,,08a6f7bb3c68,08a6f7bb3c68-481,481,08:A6:F7:BB:3C:68,ON,1638149,1780912824577,1638153,1780912824581,1746016,1780912824505,27,2026-06-08T10:00:24.9017192Z,,oasis/bottle
,,,0,,,local.mqtt.telegraf,46,46.06,,,2cbcbb0d97a0,2cbcbb0d97a0-475,475,2C:BC:BB:0D:97:A0,ON,1639849,1780912826278,1639854,1780912826282,1726306,1780912824825,26,2026-06-08T10:00:26.5956326Z,,oasis/bottle
,,,0,,,local.mqtt.telegraf,44,33.46,,,08a6f75abdf0,08a6f75abdf0-481,481,08:A6:F7:5A:BD:F0,ON,1640069,1780912826497,1640073,1780912826501,1679296,1780912824755,27,2026-06-08T10:00:26.8215895Z,,oasis/bottle
,,,0,,,local.mqtt.telegraf,44,45.6,,,08a6f769c348,08a6f769c348-478,478,08:A6:F7:69:C3:48,ON,1641019,1780912827447,1641023,1780912827451,1709466,1780912827365,27,2026-06-08T10:00:27.7603389Z,,oasis/bottle
,,,0,,,local.mqtt.telegraf,43,42.91,,,08a6f76bd428,08a6f76bd428-478,478,08:A6:F7:6B:D4:28,ON,1641081,1780912827509,1641085,1780912827513,1782076,1780912827435,27,2026-06-08T10:00:27.8006044Z,,oasis/bottle
,,,0,,,local.mqtt.telegraf,43,49.44,,,08a6f7bb3c68,08a6f7bb3c68-482,482,08:A6:F7:BB:3C:68,ON,1641539,1780912827968,1641544,1780912827972,1749416,1780912827905,27,2026-06-08T10:00:28.3307734Z,,oasis/bottle
,,,0,,,local.mqtt.telegraf,46,46.3,,,2cbcbb0d97a0,2cbcbb0d97a0-476,476,2C:BC:BB:0D:97:A0,ON,1643049,1780912829478,1643054,1780912829482,1729506,1780912828025,26,2026-06-08T10:00:29.8034378Z,,oasis/bottle
,,,0,,,local.mqtt.telegraf,44,33.56,,,08a6f75abdf0,08a6f75abdf0-482,482,08:A6:F7:5A:BD:F0,ON,1643259,1780912829687,1643263,1780912829691,1682486,1780912827945,27,2026-06-08T10:00:30.0114785Z,,oasis/bottle
,,,0,,,local.mqtt.telegraf,44,45.48,,,08a6f769c348,08a6f769c348-479,479,08:A6:F7:69:C3:48,ON,1644249,1780912830677,1644253,1780912830681,1712697,1780912830596,27,2026-06-08T10:00:30.9945815Z,,oasis/bottle
,,,0,,,local.mqtt.telegraf,43,42.68,,,08a6f76bd428,08a6f76bd428-479,479,08:A6:F7:6B:D4:28,ON,1644379,1780912830807,1644384,1780912830812,1785376,1780912830744,27,2026-06-08T10:00:31.1249699Z,,oasis/bottle
,,,0,,,local.mqtt.telegraf,43,49.41,,,08a6f7bb3c68,08a6f7bb3c68-483,483,08:A6:F7:BB:3C:68,ON,1644719,1780912831148,1644724,1780912831152,1752597,1780912831086,27,2026-06-08T10:00:31.4604169Z,,oasis/bottle
,,,0,,,local.mqtt.telegraf,46,46.47,,,2cbcbb0d97a0,2cbcbb0d97a0-477,477,2C:BC:BB:0D:97:A0,ON,1646319,1780912832748,1646324,1780912832752,1732776,1780912831455,26,2026-06-08T10:00:33.0721554Z,,oasis/bottle
,,,0,,,local.mqtt.telegraf,44,33.51,,,08a6f75abdf0,08a6f75abdf0-483,483,08:A6:F7:5A:BD:F0,ON,1646499,1780912832927,1646503,1780912832931,1685727,1780912831426,27,2026-06-08T10:00:33.2521932Z,,oasis/bottle
,,,0,,,local.mqtt.telegraf,43,42.98,,,08a6f76bd428,08a6f76bd428-480,480,08:A6:F7:6B:D4:28,ON,1647609,1780912834037,1647624,1780912834052,1788606,1780912833974,27,2026-06-08T10:00:34.3269722Z,,oasis/bottle
,,,0,,,local.mqtt.telegraf,43,49.05,,,08a6f7bb3c68,08a6f7bb3c68-484,484,08:A6:F7:BB:3C:68,ON,1647939,1780912834368,1647944,1780912834372,1755816,1780912834305,27,2026-06-08T10:00:34.6833679Z,,oasis/bottle
,,,0,,,local.mqtt.telegraf,46,46.49,,,2cbcbb0d97a0,2cbcbb0d97a0-478,478,2C:BC:BB:0D:97:A0,ON,1649729,1780912836157,1649734,1780912836162,1736186,1780912834865,26,2026-06-08T10:00:36.4819784Z,,oasis/bottle
,,,0,,,local.mqtt.telegraf,44,33.31,,,08a6f75abdf0,08a6f75abdf0-484,484,08:A6:F7:5A:BD:F0,ON,1649849,1780912836277,1649855,1780912836283,1689076,1780912834775,27,2026-06-08T10:00:36.5951496Z,,oasis/bottle
,,,0,,,local.mqtt.telegraf,44,45.71,,,08a6f769c348,08a6f769c348-481,481,08:A6:F7:69:C3:48,ON,1650899,1780912837327,1650903,1780912837331,1719346,1780912837245,27,2026-06-08T10:00:37.6606577Z,,oasis/bottle
,,,0,,,local.mqtt.telegraf,43,42.79,,,08a6f76bd428,08a6f76bd428-481,481,08:A6:F7:6B:D4:28,ON,1650938,1780912837367,1650943,1780912837371,1791936,1780912837304,27,2026-06-08T10:00:37.70232Z,,oasis/bottle
,,,0,,,local.mqtt.telegraf,43,49.21,,,08a6f7bb3c68,08a6f7bb3c68-485,485,08:A6:F7:BB:3C:68,ON,1651259,1780912837687,1651263,1780912837691,1759126,1780912837615,27,2026-06-08T10:00:38.0047518Z,,oasis/bottle
,,,0,,,local.mqtt.telegraf,46,46.14,,,2cbcbb0d97a0,2cbcbb0d97a0-479,479,2C:BC:BB:0D:97:A0,ON,1652939,1780912839367,1652943,1780912839371,1739386,1780912838065,26,2026-06-08T10:00:39.6904251Z,,oasis/bottle
,,,0,,,local.mqtt.telegraf,45,33.34,,,08a6f75abdf0,08a6f75abdf0-485,485,08:A6:F7:5A:BD:F0,ON,1653179,1780912839607,1653183,1780912839611,1692407,1780912838106,27,2026-06-08T10:00:39.9226197Z,,oasis/bottle
,,,0,,,local.mqtt.telegraf,44,45.75,,,08a6f769c348,08a6f769c348-482,482,08:A6:F7:69:C3:48,ON,1654129,1780912840557,1654133,1780912840561,1722576,1780912840475,27,2026-06-08T10:00:40.8754062Z,,oasis/bottle
,,,0,,,local.mqtt.telegraf,43,42.64,,,08a6f76bd428,08a6f76bd428-482,482,08:A6:F7:6B:D4:28,ON,1654219,1780912840648,1654225,1780912840653,1795217,1780912840586,27,2026-06-08T10:00:40.956467Z,,oasis/bottle
,,,0,,,local.mqtt.telegraf,43,48.84,,,08a6f7bb3c68,08a6f7bb3c68-486,486,08:A6:F7:BB:3C:68,ON,1654499,1780912840928,1654504,1780912840932,1762377,1780912840867,27,2026-06-08T10:00:41.2529425Z,,oasis/bottle
,,,0,,,local.mqtt.telegraf,46,46.08,,,2cbcbb0d97a0,2cbcbb0d97a0-480,480,2C:BC:BB:0D:97:A0,ON,1656200,1780912842628,1656204,1780912842633,1742657,1780912841487,26,2026-06-08T10:00:42.9547531Z,,oasis/bottle
,,,0,,,local.mqtt.telegraf,45,32.89,,,08a6f75abdf0,08a6f75abdf0-486,486,08:A6:F7:5A:BD:F0,ON,1656459,1780912842887,1656463,1780912842891,1695687,1780912841497,27,2026-06-08T10:00:43.2004964Z,,oasis/bottle
,,,0,,,local.mqtt.telegraf,43,41.14,,,08a6f76bd428,08a6f76bd428-483,483,08:A6:F7:6B:D4:28,ON,1657409,1780912843837,1657414,1780912843842,1798406,1780912843775,27,2026-06-08T10:00:44.1506476Z,,oasis/bottle
,,,0,,,local.mqtt.telegraf,44,45.17,,,08a6f769c348,08a6f769c348-483,483,08:A6:F7:69:C3:48,ON,1657458,1780912843886,1657463,1780912843891,1725906,1780912841546,27,2026-06-08T10:00:44.2016803Z,,oasis/bottle
,,,0,,,local.mqtt.telegraf,43,47.25,,,08a6f7bb3c68,08a6f7bb3c68-487,487,08:A6:F7:BB:3C:68,ON,1657859,1780912844287,1657864,1780912844292,1765737,1780912844227,27,2026-06-08T10:00:44.6002949Z,,oasis/bottle
,,,0,,,local.mqtt.telegraf,46,45.59,,,2cbcbb0d97a0,2cbcbb0d97a0-481,481,2C:BC:BB:0D:97:A0,ON,1659619,1780912846047,1659623,1780912846051,1746067,1780912844897,26,2026-06-08T10:00:46.3760054Z,,oasis/bottle
,,,0,,,local.mqtt.telegraf,46,31.36,,,08a6f75abdf0,08a6f75abdf0-487,487,08:A6:F7:5A:BD:F0,ON,1659658,1780912846086,1659663,1780912846091,1698886,1780912844696,27,2026-06-08T10:00:46.3784163Z,,oasis/bottle
,,,0,,,local.mqtt.telegraf,44,36.75,,,08a6f76bd428,08a6f76bd428-484,484,08:A6:F7:6B:D4:28,ON,1660659,1780912847087,1660663,1780912847091,1801656,1780912847025,27,2026-06-08T10:00:47.4052929Z,,oasis/bottle
,,,0,,,local.mqtt.telegraf,44,45.34,,,08a6f769c348,08a6f769c348-484,484,08:A6:F7:69:C3:48,ON,1660749,1780912847177,1660754,1780912847182,1729196,1780912844836,27,2026-06-08T10:00:47.5009407Z,,oasis/bottle
,,,0,,,local.mqtt.telegraf,44,47.26,,,08a6f7bb3c68,08a6f7bb3c68-488,488,08:A6:F7:BB:3C:68,ON,1661209,1780912847638,1661214,1780912847642,1769086,1780912847576,27,2026-06-08T10:00:47.9503606Z,,oasis/bottle
,,,0,,,local.mqtt.telegraf,46,45.49,,,2cbcbb0d97a0,2cbcbb0d97a0-482,482,2C:BC:BB:0D:97:A0,ON,1662809,1780912849237,1662814,1780912849242,1749267,1780912848097,26,2026-06-08T10:00:49.5625832Z,,oasis/bottle
,,,0,,,local.mqtt.telegraf,46,7.16,,,08a6f75abdf0,08a6f75abdf0-488,488,08:A6:F7:5A:BD:F0,ON,1662919,1780912849347,1662923,1780912849352,1702147,1780912847957,27,2026-06-08T10:00:49.6712971Z,,oasis/bottle
,,,0,,,local.mqtt.telegraf,44,45.26,,,08a6f769c348,08a6f769c348-485,485,08:A6:F7:69:C3:48,ON,1663949,1780912850377,1663953,1780912850381,1732396,1780912848036,27,2026-06-08T10:00:50.6945349Z,,oasis/bottle
,,,0,,,local.mqtt.telegraf,44,36.08,,,08a6f76bd428,08a6f76bd428-485,485,08:A6:F7:6B:D4:28,ON,1664020,1780912850448,1664025,1780912850453,1805016,1780912850385,27,2026-06-08T10:00:50.736014Z,,oasis/bottle
,,,0,,,local.mqtt.telegraf,44,47.36,,,08a6f7bb3c68,08a6f7bb3c68-489,489,08:A6:F7:BB:3C:68,ON,1664549,1780912850977,1664553,1780912850981,1772417,1780912850907,27,2026-06-08T10:00:51.2982789Z,,oasis/bottle
,,,0,,,local.mqtt.telegraf,46,45.14,,,2cbcbb0d97a0,2cbcbb0d97a0-483,483,2C:BC:BB:0D:97:A0,ON,1666079,1780912852508,1666084,1780912852512,1752537,1780912851517,26,2026-06-08T10:00:52.837004Z,,oasis/bottle
,,,0,,,local.mqtt.telegraf,47,31.33,,,08a6f75abdf0,08a6f75abdf0-489,489,08:A6:F7:5A:BD:F0,ON,1666299,1780912852727,1666303,1780912852731,1705527,1780912851627,27,2026-06-08T10:00:53.0517882Z,,oasis/bottle
,,,0,,,local.mqtt.telegraf,44,45.36,,,08a6f769c348,08a6f769c348-486,486,08:A6:F7:69:C3:48,ON,1667219,1780912853647,1667223,1780912853651,1735666,1780912851516,27,2026-06-08T10:00:53.96636Z,,oasis/bottle
,,,0,,,local.mqtt.telegraf,45,36.4,,,08a6f76bd428,08a6f76bd428-486,486,08:A6:F7:6B:D4:28,ON,1667379,1780912853807,1667383,1780912853811,1808367,1780912851596,27,2026-06-08T10:00:54.1185019Z,,oasis/bottle
,,,0,,,local.mqtt.telegraf,45,47.77,,,08a6f7bb3c68,08a6f7bb3c68-490,490,08:A6:F7:BB:3C:68,ON,1667829,1780912854258,1667834,1780912854262,1775707,1780912854197,27,2026-06-08T10:00:54.5689803Z,,oasis/bottle
,,,0,,,local.mqtt.telegraf,46,44.83,,,2cbcbb0d97a0,2cbcbb0d97a0-484,484,2C:BC:BB:0D:97:A0,ON,1669489,1780912855917,1669493,1780912855921,1755936,1780912854916,26,2026-06-08T10:00:56.2581871Z,,oasis/bottle
,,,0,,,local.mqtt.telegraf,48,20.28,,,08a6f75abdf0,08a6f75abdf0-490,490,08:A6:F7:5A:BD:F0,ON,1669689,1780912856117,1669693,1780912856121,1708916,1780912855016,27,2026-06-08T10:00:56.449449Z,,oasis/bottle
,,,0,,,local.mqtt.telegraf,44,45.34,,,08a6f769c348,08a6f769c348-487,487,08:A6:F7:69:C3:48,ON,1670619,1780912857047,1670623,1780912857051,1739066,1780912854916,27,2026-06-08T10:00:57.377421Z,,oasis/bottle
,,,0,,,local.mqtt.telegraf,45,36.3,,,08a6f76bd428,08a6f76bd428-487,487,08:A6:F7:6B:D4:28,ON,1670699,1780912857128,1670704,1780912857132,1811696,1780912854925,27,2026-06-08T10:00:57.4144655Z,,oasis/bottle
,,,0,,,local.mqtt.telegraf,45,47.33,,,08a6f7bb3c68,08a6f7bb3c68-491,491,08:A6:F7:BB:3C:68,ON,1671030,1780912857458,1671036,1780912857464,1778906,1780912857396,27,2026-06-08T10:00:57.7801399Z,,oasis/bottle
,,,0,,,local.mqtt.telegraf,46,44.91,,,2cbcbb0d97a0,2cbcbb0d97a0-485,485,2C:BC:BB:0D:97:A0,ON,1672669,1780912859098,1672674,1780912859102,1759127,1780912858107,26,2026-06-08T10:00:59.4288763Z,,oasis/bottle
,,,0,,,local.mqtt.telegraf,48,14.61,,,08a6f75abdf0,08a6f75abdf0-491,491,08:A6:F7:5A:BD:F0,ON,1673099,1780912859527,1673104,1780912859532,1712326,1780912858426,27,2026-06-08T10:00:59.8441258Z,,oasis/bottle
,,,0,,,local.mqtt.telegraf,44,44.74,,,08a6f769c348,08a6f769c348-488,488,08:A6:F7:69:C3:48,ON,1673809,1780912860237,1673813,1780912860241,1742256,1780912858106,27,2026-06-08T10:01:00.5507241Z,,oasis/bottle
,,,0,,,local.mqtt.telegraf,46,35.44,,,08a6f76bd428,08a6f76bd428-488,488,08:A6:F7:6B:D4:28,ON,1673979,1780912860407,1673984,1780912860412,1814977,1780912858206,27,2026-06-08T10:01:00.7253687Z,,oasis/bottle
,,,0,,,local.mqtt.telegraf,46,47.22,,,08a6f7bb3c68,08a6f7bb3c68-492,492,08:A6:F7:BB:3C:68,ON,1674289,1780912860718,1674294,1780912860722,1782167,1780912860657,27,2026-06-08T10:01:01.0404102Z,,oasis/bottle
,,,0,,,local.mqtt.telegraf,46,44.73,,,2cbcbb0d97a0,2cbcbb0d97a0-486,486,2C:BC:BB:0D:97:A0,ON,1675920,1780912862348,1675924,1780912862352,1762377,1780912861527,26,2026-06-08T10:01:02.6682443Z,,oasis/bottle
,,,0,,,local.mqtt.telegraf,49,12.95,,,08a6f75abdf0,08a6f75abdf0-492,492,08:A6:F7:5A:BD:F0,ON,1676299,1780912862727,1676303,1780912862731,1715527,1780912861477,27,2026-06-08T10:01:03.0447051Z,,oasis/bottle
,,,0,,,local.mqtt.telegraf,44,44.77,,,08a6f769c348,08a6f769c348-489,489,08:A6:F7:69:C3:48,ON,1677069,1780912863497,1677073,1780912863501,1745506,1780912861526,27,2026-06-08T10:01:03.8145468Z,,oasis/bottle
,,,0,,,local.mqtt.telegraf,47,35.98,,,08a6f76bd428,08a6f76bd428-489,489,08:A6:F7:6B:D4:28,ON,1677159,1780912863588,1677165,1780912863593,1818157,1780912861457,27,2026-06-08T10:01:03.9043252Z,,oasis/bottle
,,,0,,,local.mqtt.telegraf,47,47.56,,,08a6f7bb3c68,08a6f7bb3c68-493,493,08:A6:F7:BB:3C:68,ON,1677679,1780912864108,1677684,1780912864112,1785557,1780912864047,27,2026-06-08T10:01:04.4226105Z,,oasis/bottle
,,,0,,,local.mqtt.telegraf,46,44.89,,,2cbcbb0d97a0,2cbcbb0d97a0-487,487,2C:BC:BB:0D:97:A0,ON,1679279,1780912865708,1679284,1780912865712,1765737,1780912864887,26,2026-06-08T10:01:06.0352537Z,,oasis/bottle
,,,0,,,local.mqtt.telegraf,49,3.88,,,08a6f75abdf0,08a6f75abdf0-493,493,08:A6:F7:5A:BD:F0,ON,1679569,1780912865997,1679573,1780912866001,1718797,1780912864747,27,2026-06-08T10:01:06.3116162Z,,oasis/bottle
,,,0,,,local.mqtt.telegraf,47,35.9,,,08a6f76bd428,08a6f76bd428-490,490,08:A6:F7:6B:D4:28,ON,1680389,1780912866817,1680393,1780912866821,1821386,1780912864686,27,2026-06-08T10:01:07.1341767Z,,oasis/bottle
,,,0,,,local.mqtt.telegraf,44,44.74,,,08a6f769c348,08a6f769c348-490,490,08:A6:F7:69:C3:48,ON,1680469,1780912866897,1680474,1780912866902,1748917,1780912864937,27,2026-06-08T10:01:07.2146554Z,,oasis/bottle
,,,0,,,local.mqtt.telegraf,47,47.59,,,08a6f7bb3c68,08a6f7bb3c68-494,494,08:A6:F7:BB:3C:68,ON,1681099,1780912867527,1681103,1780912867531,1788966,1780912867456,27,2026-06-08T10:01:07.8388572Z,,oasis/bottle
,,,0,,,local.mqtt.telegraf,46,44.28,,,2cbcbb0d97a0,2cbcbb0d97a0-488,488,2C:BC:BB:0D:97:A0,ON,1682629,1780912869058,1682634,1780912869062,1769087,1780912868237,26,2026-06-08T10:01:09.3817036Z,,oasis/bottle
,,,0,,,local.mqtt.telegraf,49,1.57,,,08a6f75abdf0,08a6f75abdf0-494,494,08:A6:F7:5A:BD:F0,ON,1682979,1780912869407,1682983,1780912869411,1722206,1780912868156,27,2026-06-08T10:01:09.7264087Z,,oasis/bottle
,,,0,,,local.mqtt.telegraf,47,35.07,,,08a6f76bd428,08a6f76bd428-491,491,08:A6:F7:6B:D4:28,ON,1683719,1780912870147,1683724,1780912870152,1824716,1780912868016,27,2026-06-08T10:01:10.4668249Z,,oasis/bottle
,,,0,,,local.mqtt.telegraf,44,44.11,,,08a6f769c348,08a6f769c348-491,491,08:A6:F7:69:C3:48,ON,1683879,1780912870307,1683883,1780912870311,1752326,1780912868346,27,2026-06-08T10:01:10.6209914Z,,oasis/bottle
,,,0,,,local.mqtt.telegraf,46,46.94,,,08a6f7bb3c68,08a6f7bb3c68-495,495,08:A6:F7:BB:3C:68,ON,1684299,1780912870728,1684304,1780912870732,1792177,1780912870667,27,2026-06-08T10:01:11.0483401Z,,oasis/bottle
,,,0,,,local.mqtt.telegraf,46,43.49,,,2cbcbb0d97a0,2cbcbb0d97a0-489,489,2C:BC:BB:0D:97:A0,ON,1685959,1780912872387,1685963,1780912872391,1772409,1780912871629,26,2026-06-08T10:01:12.7089584Z,,oasis/bottle
,,,0,,,local.mqtt.telegraf,49,11.56,,,08a6f75abdf0,08a6f75abdf0-495,495,08:A6:F7:5A:BD:F0,ON,1686179,1780912872607,1686183,1780912872611,1725407,1780912871507,27,2026-06-08T10:01:12.9204717Z,,oasis/bottle
,,,0,,,local.mqtt.telegraf,47,33.75,,,08a6f76bd428,08a6f76bd428-492,492,08:A6:F7:6B:D4:28,ON,1686999,1780912873427,1687003,1780912873431,1827996,1780912871586,27,2026-06-08T10:01:13.7483124Z,,oasis/bottle
,,,0,,,local.mqtt.telegraf,44,43.77,,,08a6f769c348,08a6f769c348-492,492,08:A6:F7:69:C3:48,ON,1687069,1780912873497,1687074,1780912873502,1755516,1780912871496,27,2026-06-08T10:01:13.7887323Z,,oasis/bottle
,,,0,,,local.mqtt.telegraf,47,46.63,,,08a6f7bb3c68,08a6f7bb3c68-496,496,08:A6:F7:BB:3C:68,ON,1687589,1780912874017,1687593,1780912874021,1795456,1780912873946,27,2026-06-08T10:01:14.3326308Z,,oasis/bottle
,,,0,,,local.mqtt.telegraf,46,43.38,,,2cbcbb0d97a0,2cbcbb0d97a0-490,490,2C:BC:BB:0D:97:A0,ON,1689229,1780912875657,1689233,1780912875661,1775680,1780912874900,26,2026-06-08T10:01:15.9793902Z,,oasis/bottle
,,,0,,,local.mqtt.telegraf,49,9.87,,,08a6f75abdf0,08a6f75abdf0-496,496,08:A6:F7:5A:BD:F0,ON,1689449,1780912875877,1689453,1780912875881,1728677,1780912874777,27,2026-06-08T10:01:16.2049825Z,,oasis/bottle
,,,0,,,local.mqtt.telegraf,47,32.58,,,08a6f76bd428,08a6f76bd428-493,493,08:A6:F7:6B:D4:28,ON,1690189,1780912876617,1690194,1780912876622,1831186,1780912874776,27,2026-06-08T10:01:16.9365603Z,,oasis/bottle
,,,0,,,local.mqtt.telegraf,44,43.37,,,08a6f769c348,08a6f769c348-493,493,08:A6:F7:69:C3:48,ON,1690319,1780912876747,1690324,1780912876752,1758766,1780912874746,27,2026-06-08T10:01:17.0688916Z,,oasis/bottle
,,,0,,,local.mqtt.telegraf,47,46.27,,,08a6f7bb3c68,08a6f7bb3c68-497,497,08:A6:F7:BB:3C:68,ON,1690770,1780912877198,1690774,1780912877202,1798646,1780912877136,27,2026-06-08T10:01:17.5119278Z,,oasis/bottle
,,,0,,,local.mqtt.telegraf,46,42.99,,,2cbcbb0d97a0,2cbcbb0d97a0-491,491,2C:BC:BB:0D:97:A0,ON,1692389,1780912878817,1692394,1780912878822,1778847,1780912878067,26,2026-06-08T10:01:19.1410438Z,,oasis/bottle
,,,0,,,local.mqtt.telegraf,49,23.36,,,08a6f75abdf0,08a6f75abdf0-497,497,08:A6:F7:5A:BD:F0,ON,1692849,1780912879277,1692853,1780912879281,1732077,1780912878177,27,2026-06-08T10:01:19.5926901Z,,oasis/bottle
,,,0,,,local.mqtt.telegraf,47,38.12,,,08a6f76bd428,08a6f76bd428-494,494,08:A6:F7:6B:D4:28,ON,1693449,1780912879877,1693453,1780912879881,1834436,1780912878026,27,2026-06-08T10:01:20.1925693Z,,oasis/bottle
,,,0,,,local.mqtt.telegraf,44,42.89,,,08a6f769c348,08a6f769c348-494,494,08:A6:F7:69:C3:48,ON,1693689,1780912880117,1693693,1780912880121,1762136,1780912878116,27,2026-06-08T10:01:20.4352728Z,,oasis/bottle
,,,0,,,local.mqtt.telegraf,47,44.47,,,08a6f7bb3c68,08a6f7bb3c68-498,498,08:A6:F7:BB:3C:68,ON,1694019,1780912880447,1694023,1780912880451,1801886,1780912880376,27,2026-06-08T10:01:20.7623057Z,,oasis/bottle
,,,0,,,local.mqtt.telegraf,46,41.92,,,2cbcbb0d97a0,2cbcbb0d97a0-492,492,2C:BC:BB:0D:97:A0,ON,1695589,1780912882017,1695594,1780912882022,1782047,1780912881537,26,2026-06-08T10:01:22.3399317Z,,oasis/bottle
,,,0,,,local.mqtt.telegraf,49,6.27,,,08a6f75abdf0,08a6f75abdf0-498,498,08:A6:F7:5A:BD:F0,ON,1696039,1780912882467,1696044,1780912882472,1735267,1780912881527,27,2026-06-08T10:01:22.7840048Z,,oasis/bottle
,,,0,,,local.mqtt.telegraf,47,29.83,,,08a6f76bd428,08a6f76bd428-495,495,08:A6:F7:6B:D4:28,ON,1696809,1780912883237,1696814,1780912883242,1837807,1780912881706,27,2026-06-08T10:01:23.5565491Z,,oasis/bottle
,,,0,,,local.mqtt.telegraf,44,43.14,,,08a6f769c348,08a6f769c348-495,495,08:A6:F7:69:C3:48,ON,1697049,1780912883477,1697053,1780912883481,1765496,1780912881696,27,2026-06-08T10:01:23.800657Z,,oasis/bottle
,,,0,,,local.mqtt.telegraf,48,46.32,,,08a6f7bb3c68,08a6f7bb3c68-499,499,08:A6:F7:BB:3C:68,ON,1697359,1780912883788,1697364,1780912883792,1805236,1780912881686,27,2026-06-08T10:01:24.101761Z,,oasis/bottle
,,,0,,,local.mqtt.telegraf,46,42.4,,,2cbcbb0d97a0,2cbcbb0d97a0-493,493,2C:BC:BB:0D:97:A0,ON,1698859,1780912885288,1698864,1780912885292,1785317,1780912884807,26,2026-06-08T10:01:25.6148165Z,,oasis/bottle
,,,0,,,local.mqtt.telegraf,49,4.31,,,08a6f75abdf0,08a6f75abdf0-499,499,08:A6:F7:5A:BD:F0,ON,1699289,1780912885717,1699293,1780912885721,1738516,1780912884776,27,2026-06-08T10:01:26.0358636Z,,oasis/bottle
,,,0,,,local.mqtt.telegraf,48,30.86,,,08a6f76bd428,08a6f76bd428-496,496,08:A6:F7:6B:D4:28,ON,1700169,1780912886597,1700173,1780912886601,1841166,1780912885065,27,2026-06-08T10:01:26.9156602Z,,oasis/bottle
,,,0,,,local.mqtt.telegraf,44,44.04,,,08a6f769c348,08a6f769c348-496,496,08:A6:F7:69:C3:48,ON,1700399,1780912886827,1700403,1780912886831,1768846,1780912885046,27,2026-06-08T10:01:27.1485712Z,,oasis/bottle
,,,0,,,local.mqtt.telegraf,48,46.71,,,08a6f7bb3c68,08a6f7bb3c68-500,500,08:A6:F7:BB:3C:68,ON,1700689,1780912887118,1700694,1780912887122,1808566,1780912885016,27,2026-06-08T10:01:27.4328129Z,,oasis/bottle
,,,0,,,local.mqtt.telegraf,46,43.26,,,2cbcbb0d97a0,2cbcbb0d97a0-494,494,2C:BC:BB:0D:97:A0,ON,1702269,1780912888697,1702274,1780912888702,1788726,1780912888216,26,2026-06-08T10:01:29.0218718Z,,oasis/bottle
,,,0,,,local.mqtt.telegraf,49,16.09,,,08a6f75abdf0,08a6f75abdf0-500,500,08:A6:F7:5A:BD:F0,ON,1702659,1780912889087,1702663,1780912889091,1741887,1780912888147,27,2026-06-08T10:01:29.4056473Z,,oasis/bottle
,,,0,,,local.mqtt.telegraf,48,29.44,,,08a6f76bd428,08a6f76bd428-497,497,08:A6:F7:6B:D4:28,ON,1703519,1780912889947,1703524,1780912889952,1844516,1780912888415,27,2026-06-08T10:01:30.2617382Z,,oasis/bottle
,,,0,,,local.mqtt.telegraf,44,44.7,,,08a6f769c348,08a6f769c348-497,497,08:A6:F7:69:C3:48,ON,1703736,1780912890164,1703741,1780912890169,1772176,1780912888376,27,2026-06-08T10:01:30.4844829Z,,oasis/bottle
,,,0,,,local.mqtt.telegraf,48,46.75,,,08a6f7bb3c68,08a6f7bb3c68-501,501,08:A6:F7:BB:3C:68,ON,1703979,1780912890407,1703983,1780912890411,1811846,1780912888296,27,2026-06-08T10:01:30.7179976Z,,oasis/bottle
,,,0,,,local.mqtt.telegraf,46,43.61,,,2cbcbb0d97a0,2cbcbb0d97a0-495,495,2C:BC:BB:0D:97:A0,ON,1705469,1780912891898,1705474,1780912891902,1791927,1780912891567,26,2026-06-08T10:01:32.2192456Z,,oasis/bottle
,,,0,,,local.mqtt.telegraf,50,21.27,,,08a6f75abdf0,08a6f75abdf0-501,501,08:A6:F7:5A:BD:F0,ON,1706029,1780912892457,1706033,1780912892461,1745256,1780912891736,27,2026-06-08T10:01:32.7744375Z,,oasis/bottle
,,,0,,,local.mqtt.telegraf,48,33.3,,,08a6f76bd428,08a6f76bd428-498,498,08:A6:F7:6B:D4:28,ON,1706849,1780912893277,1706853,1780912893281,1847836,1780912891686,27,2026-06-08T10:01:33.5963733Z,,oasis/bottle
,,,0,,,local.mqtt.telegraf,44,44.9,,,08a6f769c348,08a6f769c348-498,498,08:A6:F7:69:C3:48,ON,1707009,1780912893437,1707013,1780912893441,1775456,1780912891646,27,2026-06-08T10:01:33.7540693Z,,oasis/bottle
,,,0,,,local.mqtt.telegraf,49,47.13,,,08a6f7bb3c68,08a6f7bb3c68-502,502,08:A6:F7:BB:3C:68,ON,1707169,1780912893597,1707173,1780912893601,1815037,1780912891557,27,2026-06-08T10:01:33.9135578Z,,oasis/bottle
,,,0,,,local.mqtt.telegraf,46,43.99,,,2cbcbb0d97a0,2cbcbb0d97a0-496,496,2C:BC:BB:0D:97:A0,ON,1708749,1780912895177,1708753,1780912895181,1795197,1780912894837,26,2026-06-08T10:01:35.5021436Z,,oasis/bottle
,,,0,,,local.mqtt.telegraf,49,14.76,,,08a6f75abdf0,08a6f75abdf0-502,502,08:A6:F7:5A:BD:F0,ON,1709379,1780912895807,1709383,1780912895811,1748606,1780912895086,27,2026-06-08T10:01:36.1201389Z,,oasis/bottle
,,,0,,,local.mqtt.telegraf,48,33.4,,,08a6f76bd428,08a6f76bd428-499,499,08:A6:F7:6B:D4:28,ON,1710119,1780912896547,1710123,1780912896551,1851107,1780912894957,27,2026-06-08T10:01:36.8603168Z,,oasis/bottle
,,,0,,,local.mqtt.telegraf,44,45.06,,,08a6f769c348,08a6f769c348-499,499,08:A6:F7:69:C3:48,ON,1710199,1780912896627,1710203,1780912896631,1778646,1780912894836,27,2026-06-08T10:01:36.9434469Z,,oasis/bottle
,,,0,,,local.mqtt.telegraf,49,47.79,,,08a6f7bb3c68,08a6f7bb3c68-503,503,08:A6:F7:BB:3C:68,ON,1710409,1780912896838,1710414,1780912896842,1818286,1780912894806,27,2026-06-08T10:01:37.15204Z,,oasis/bottle
,,,0,,,local.mqtt.telegraf,46,44.17,,,2cbcbb0d97a0,2cbcbb0d97a0-497,497,2C:BC:BB:0D:97:A0,ON,1712149,1780912898577,1712154,1780912898582,1798606,1780912898246,26,2026-06-08T10:01:38.9145697Z,,oasis/bottle
,,,0,,,local.mqtt.telegraf,49,15.14,,,08a6f75abdf0,08a6f75abdf0-503,503,08:A6:F7:5A:BD:F0,ON,1712709,1780912899137,1712713,1780912899141,1751937,1780912898417,27,2026-06-08T10:01:39.4506691Z,,oasis/bottle
,,,0,,,local.mqtt.telegraf,44,44.95,,,08a6f769c348,08a6f769c348-500,500,08:A6:F7:69:C3:48,ON,1713449,1780912899877,1713453,1780912899882,1781896,1780912898086,27,2026-06-08T10:01:40.1953075Z,,oasis/bottle
,,,0,,,local.mqtt.telegraf,49,32.91,,,08a6f76bd428,08a6f76bd428-500,500,08:A6:F7:6B:D4:28,ON,1713519,1780912899948,1713524,1780912899952,1854516,1780912898366,27,2026-06-08T10:01:40.2433002Z,,oasis/bottle
,,,0,,,local.mqtt.telegraf,49,47.77,,,08a6f7bb3c68,08a6f7bb3c68-504,504,08:A6:F7:BB:3C:68,ON,1713779,1780912900207,1713783,1780912900211,1821646,1780912898166,27,2026-06-08T10:01:40.5311915Z,,oasis/bottle
,,,0,,,local.mqtt.telegraf,46,43.84,,,2cbcbb0d97a0,2cbcbb0d97a0-498,498,2C:BC:BB:0D:97:A0,ON,1715349,1780912901778,1715354,1780912901782,1801807,1780912901597,26,2026-06-08T10:01:42.1066779Z,,oasis/bottle
,,,0,,,local.mqtt.telegraf,49,12.49,,,08a6f75abdf0,08a6f75abdf0-504,504,08:A6:F7:5A:BD:F0,ON,1715999,1780912902427,1716003,1780912902432,1755227,1780912901687,27,2026-06-08T10:01:42.7439479Z,,oasis/bottle
,,,0,,,local.mqtt.telegraf,49,32.33,,,08a6f76bd428,08a6f76bd428-501,501,08:A6:F7:6B:D4:28,ON,1716720,1780912903148,1716725,1780912903153,1857717,1780912901597,27,2026-06-08T10:01:43.4639757Z,,oasis/bottle
,,,0,,,local.mqtt.telegraf,44,44.99,,,08a6f769c348,08a6f769c348-501,501,08:A6:F7:69:C3:48,ON,1716809,1780912903237,1716814,1780912903242,1785257,1780912901757,27,2026-06-08T10:01:43.5587713Z,,oasis/bottle
,,,0,,,local.mqtt.telegraf,50,47.4,,,08a6f7bb3c68,08a6f7bb3c68-505,505,08:A6:F7:BB:3C:68,ON,1717129,1780912903557,1717134,1780912903562,1824997,1780912901747,27,2026-06-08T10:01:43.878465Z,,oasis/bottle
,,,0,,,local.mqtt.telegraf,46,43.54,,,2cbcbb0d97a0,2cbcbb0d97a0-499,499,2C:BC:BB:0D:97:A0,ON,1718620,1780912905048,1718624,1780912905052,1805077,1780912904867,26,2026-06-08T10:01:45.3687992Z,,oasis/bottle
,,,0,,,local.mqtt.telegraf,49,15.02,,,08a6f75abdf0,08a6f75abdf0-505,505,08:A6:F7:5A:BD:F0,ON,1719199,1780912905627,1719203,1780912905631,1758427,1780912904887,27,2026-06-08T10:01:45.9483149Z,,oasis/bottle
,,,0,,,local.mqtt.telegraf,49,31.59,,,08a6f76bd428,08a6f76bd428-502,502,08:A6:F7:6B:D4:28,ON,1719989,1780912906417,1719994,1780912906422,1860987,1780912904867,27,2026-06-08T10:01:46.7320832Z,,oasis/bottle
,,,0,,,local.mqtt.telegraf,44,43.72,,,08a6f769c348,08a6f769c348-502,502,08:A6:F7:69:C3:48,ON,1720159,1780912906587,1720163,1780912906591,1788606,1780912905106,27,2026-06-08T10:01:46.9061467Z,,oasis/bottle
,,,0,,,local.mqtt.telegraf,50,46.22,,,08a6f7bb3c68,08a6f7bb3c68-506,506,08:A6:F7:BB:3C:68,ON,1720449,1780912906877,1720453,1780912906881,1828316,1780912905066,27,2026-06-08T10:01:47.1898847Z,,oasis/bottle
,,,0,,,local.mqtt.telegraf,46,41.95,,,2cbcbb0d97a0,2cbcbb0d97a0-500,500,2C:BC:BB:0D:97:A0,ON,1722029,1780912908457,1722034,1780912908462,1808486,1780912908276,26,2026-06-08T10:01:48.7806984Z,,oasis/bottle
,,,0,,,local.mqtt.telegraf,48,5.01,,,08a6f75abdf0,08a6f75abdf0-506,506,08:A6:F7:5A:BD:F0,ON,1722469,1780912908897,1722473,1780912908901,1761697,1780912908157,27,2026-06-08T10:01:49.2138384Z,,oasis/bottle
,,,0,,,local.mqtt.telegraf,49,29.02,,,08a6f76bd428,08a6f76bd428-503,503,08:A6:F7:6B:D4:28,ON,1723399,1780912909827,1723403,1780912909831,1864386,1780912908266,27,2026-06-08T10:01:50.1467232Z,,oasis/bottle
,,,0,,,local.mqtt.telegraf,44,42.46,,,08a6f769c348,08a6f769c348-503,503,08:A6:F7:69:C3:48,ON,1723489,1780912909917,1723495,1780912909923,1791936,1780912908436,27,2026-06-08T10:01:50.2324997Z,,oasis/bottle
,,,0,,,local.mqtt.telegraf,49,45.21,,,08a6f7bb3c68,08a6f7bb3c68-507,507,08:A6:F7:BB:3C:68,ON,1723719,1780912910147,1723723,1780912910151,1831587,1780912908337,27,2026-06-08T10:01:50.4624047Z,,oasis/bottle
,,,0,,,local.mqtt.telegraf,46,41.11,,,2cbcbb0d97a0,2cbcbb0d97a0-501,501,2C:BC:BB:0D:97:A0,ON,1725230,1780912911658,1725234,1780912911662,1811687,1780912911586,26,2026-06-08T10:01:51.9829318Z,,oasis/bottle
,,,0,,,local.mqtt.telegraf,48,4.96,,,08a6f75abdf0,08a6f75abdf0-507,507,08:A6:F7:5A:BD:F0,ON,1725879,1780912912307,1725883,1780912912311,1765107,1780912911846,27,2026-06-08T10:01:52.6240374Z,,oasis/bottle
,,,0,,,local.mqtt.telegraf,49,29.01,,,08a6f76bd428,08a6f76bd428-504,504,08:A6:F7:6B:D4:28,ON,1726579,1780912913008,1726584,1780912913012,1867576,1780912911624,27,2026-06-08T10:01:53.3250772Z,,oasis/bottle
,,,0,,,local.mqtt.telegraf,44,42.08,,,08a6f769c348,08a6f769c348-504,504,08:A6:F7:69:C3:48,ON,1726779,1780912913207,1726783,1780912913211,1795216,1780912911715,27,2026-06-08T10:01:53.517647Z,,oasis/bottle
,,,0,,,local.mqtt.telegraf,49,44.71,,,08a6f7bb3c68,08a6f7bb3c68-508,508,08:A6:F7:BB:3C:68,ON,1726899,1780912913327,1726904,1780912913332,1834766,1780912911605,27,2026-06-08T10:01:53.6509278Z,,oasis/bottle
,,,0,,,local.mqtt.telegraf,46,40.98,,,2cbcbb0d97a0,2cbcbb0d97a0-502,502,2C:BC:BB:0D:97:A0,ON,1728500,1780912914928,1728504,1780912914932,1814957,1780912914856,26,2026-06-08T10:01:55.2537004Z,,oasis/bottle
,,,0,,,local.mqtt.telegraf,48,4.02,,,08a6f75abdf0,08a6f75abdf0-508,508,08:A6:F7:5A:BD:F0,ON,1729089,1780912915517,1729093,1780912915521,1768316,1780912915055,27,2026-06-08T10:01:55.8353116Z,,oasis/bottle
,,,0,,,local.mqtt.telegraf,49,29.02,,,08a6f76bd428,08a6f76bd428-505,505,08:A6:F7:6B:D4:28,ON,1729830,1780912916258,1729834,1780912916262,1870826,1780912914874,27,2026-06-08T10:01:56.5742308Z,,oasis/bottle
,,,0,,,local.mqtt.telegraf,44,42.08,,,08a6f769c348,08a6f769c348-505,505,08:A6:F7:69:C3:48,ON,1729989,1780912916417,1729993,1780912916421,1798436,1780912914935,27,2026-06-08T10:01:56.7385437Z,,oasis/bottle
,,,0,,,local.mqtt.telegraf,49,44.67,,,08a6f7bb3c68,08a6f7bb3c68-509,509,08:A6:F7:BB:3C:68,ON,1730100,1780912916529,1730105,1780912916533,1837977,1780912914816,27,2026-06-08T10:01:56.8459913Z,,oasis/bottle
,,,0,,,local.mqtt.telegraf,46,40.98,,,2cbcbb0d97a0,2cbcbb0d97a0-503,503,2C:BC:BB:0D:97:A0,ON,1731909,1780912918337,1731914,1780912918342,1818367,1780912918266,26,2026-06-08T10:01:58.6571036Z,,oasis/bottle
,,,0,,,local.mqtt.telegraf,48,1.99,,,08a6f75abdf0,08a6f75abdf0-509,509,08:A6:F7:5A:BD:F0,ON,1732358,1780912918787,1732371,1780912918799,1771590,1780912918329,27,2026-06-08T10:01:59.1052034Z,,oasis/bottle
,,,0,,,local.mqtt.telegraf,48,29.29,,,08a6f76bd428,08a6f76bd428-506,506,08:A6:F7:6B:D4:28,ON,1733199,1780912919627,1733203,1780912919631,1874186,1780912918234,27,2026-06-08T10:01:59.9437386Z,,oasis/bottle
,,,0,,,local.mqtt.telegraf,44,41.97,,,08a6f769c348,08a6f769c348-506,506,08:A6:F7:69:C3:48,ON,1733261,1780912919690,1733266,1780912919694,1801707,1780912918206,27,2026-06-08T10:01:59.9849287Z,,oasis/bottle
,,,0,,,local.mqtt.telegraf,49,44.54,,,08a6f7bb3c68,08a6f7bb3c68-510,510,08:A6:F7:BB:3C:68,ON,1733399,1780912919827,1733403,1780912919831,1841266,1780912918105,27,2026-06-08T10:02:00.1459696Z,,oasis/bottle
,,,0,,,local.mqtt.telegraf,46,40.92,,,2cbcbb0d97a0,2cbcbb0d97a0-504,504,2C:BC:BB:0D:97:A0,ON,1735109,1780912921538,1735114,1780912921542,1821567,1780912921467,26,2026-06-08T10:02:01.8704035Z,,oasis/bottle
,,,0,,,local.mqtt.telegraf,48,4.54,,,08a6f75abdf0,08a6f75abdf0-510,510,08:A6:F7:5A:BD:F0,ON,1735539,1780912921967,1735543,1780912921971,1774767,1780912921647,27,2026-06-08T10:02:02.3442103Z,,oasis/bottle
,,,0,,,local.mqtt.telegraf,44,41.92,,,08a6f769c348,08a6f769c348-507,507,08:A6:F7:69:C3:48,ON,1736429,1780912922857,1736433,1780912922861,1804876,1780912921636,27,2026-06-08T10:02:03.1705252Z,,oasis/bottle
,,,0,,,local.mqtt.telegraf,49,44.48,,,08a6f7bb3c68,08a6f7bb3c68-511,511,08:A6:F7:BB:3C:68,ON,1736618,1780912923046,1736623,1780912923051,1844477,1780912921677,27,2026-06-08T10:02:03.3382823Z,,oasis/bottle
,,,0,,,local.mqtt.telegraf,46,41.05,,,2cbcbb0d97a0,2cbcbb0d97a0-505,505,2C:BC:BB:0D:97:A0,ON,1738389,1780912924817,1738393,1780912924821,1824837,1780912924737,26,2026-06-08T10:02:05.1398045Z,,oasis/bottle
,,,0,,,local.mqtt.telegraf,49,6.06,,,08a6f75abdf0,08a6f75abdf0-511,511,08:A6:F7:5A:BD:F0,ON,1738759,1780912925187,1738763,1780912925191,1777986,1780912924866,28,2026-06-08T10:02:05.5099224Z,,oasis/bottle
,,,0,,,local.mqtt.telegraf,44,41.97,,,08a6f769c348,08a6f769c348-508,508,08:A6:F7:69:C3:48,ON,1739639,1780912926067,1739643,1780912926071,1808086,1780912924846,27,2026-06-08T10:02:06.3835602Z,,oasis/bottle
,,,0,,,local.mqtt.telegraf,49,29.35,,,08a6f76bd428,08a6f76bd428-508,508,08:A6:F7:6B:D4:28,ON,1739915,1780912926343,1739919,1780912926347,1880886,1780912925165,27,2026-06-08T10:02:06.6337239Z,,oasis/bottle
,,,0,,,local.mqtt.telegraf,46,40.91,,,2cbcbb0d97a0,2cbcbb0d97a0-506,506,2C:BC:BB:0D:97:A0,ON,1741789,1780912928218,1741794,1780912928222,1828247,1780912928147,26,2026-06-08T10:02:08.5507328Z,,oasis/bottle
,,,0,,,local.mqtt.telegraf,49,1.09,,,08a6f75abdf0,08a6f75abdf0-512,512,08:A6:F7:5A:BD:F0,ON,1742069,1780912928497,1742073,1780912928501,1781296,1780912928176,28,2026-06-08T10:02:08.8162919Z,,oasis/bottle
,,,0,,,local.mqtt.telegraf,44,42,,,08a6f769c348,08a6f769c348-509,509,08:A6:F7:69:C3:48,ON,1742929,1780912929357,1742933,1780912929361,1811376,1780912928136,27,2026-06-08T10:02:09.6686623Z,,oasis/bottle
,,,0,,,local.mqtt.telegraf,49,44.54,,,08a6f7bb3c68,08a6f7bb3c68-513,513,08:A6:F7:BB:3C:68,ON,1743079,1780912929507,1743083,1780912929511,1850947,1780912928147,27,2026-06-08T10:02:09.821875Z,,oasis/bottle
,,,0,,,local.mqtt.telegraf,48,29.15,,,08a6f76bd428,08a6f76bd428-509,509,08:A6:F7:6B:D4:28,ON,1743199,1780912929627,1743203,1780912929631,1884186,1780912928465,27,2026-06-08T10:02:09.9410651Z,,oasis/bottle
,,,0,,,local.mqtt.telegraf,46,40.86,,,2cbcbb0d97a0,2cbcbb0d97a0-507,507,2C:BC:BB:0D:97:A0,ON,1744999,1780912931427,1745003,1780912931431,1831447,1780912931347,26,2026-06-08T10:02:11.7497719Z,,oasis/bottle
,,,0,,,local.mqtt.telegraf,49,5.2,,,08a6f75abdf0,08a6f75abdf0-513,513,08:A6:F7:5A:BD:F0,ON,1745319,1780912931747,1745323,1780912931751,1784546,1780912931656,28,2026-06-08T10:02:12.0634156Z,,oasis/bottle
,,,0,,,local.mqtt.telegraf,44,41.82,,,08a6f769c348,08a6f769c348-510,510,08:A6:F7:69:C3:48,ON,1746129,1780912932557,1746133,1780912932561,1814577,1780912931697,27,2026-06-08T10:02:12.876166Z,,oasis/bottle
,,,0,,,local.mqtt.telegraf,48,44.31,,,08a6f7bb3c68,08a6f7bb3c68-514,514,08:A6:F7:BB:3C:68,ON,1746329,1780912932757,1746333,1780912932761,1854196,1780912931746,27,2026-06-08T10:02:13.0791173Z,,oasis/bottle
,,,0,,,local.mqtt.telegraf,48,29.25,,,08a6f76bd428,08a6f76bd428-510,510,08:A6:F7:6B:D4:28,ON,1746420,1780912932848,1746425,1780912932853,1887417,1780912931726,27,2026-06-08T10:02:13.1657576Z,,oasis/bottle
,,,0,,,local.mqtt.telegraf,46,40.76,,,2cbcbb0d97a0,2cbcbb0d97a0-508,508,2C:BC:BB:0D:97:A0,ON,1748261,1780912934689,1748265,1780912934693,1834717,1780912934617,26,2026-06-08T10:02:15.0075073Z,,oasis/bottle
,,,0,,,local.mqtt.telegraf,50,2.85,,,08a6f75abdf0,08a6f75abdf0-514,514,08:A6:F7:5A:BD:F0,ON,1748679,1780912935107,1748683,1780912935111,1787906,1780912935016,28,2026-06-08T10:02:15.4261572Z,,oasis/bottle
,,,0,,,local.mqtt.telegraf,44,41.95,,,08a6f769c348,08a6f769c348-511,511,08:A6:F7:69:C3:48,ON,1749399,1780912935827,1749403,1780912935831,1817847,1780912934967,27,2026-06-08T10:02:16.1418077Z,,oasis/bottle
,,,0,,,local.mqtt.telegraf,49,44.64,,,08a6f7bb3c68,08a6f7bb3c68-515,515,08:A6:F7:BB:3C:68,ON,1749699,1780912936127,1749704,1780912936132,1857566,1780912935116,27,2026-06-08T10:02:16.439959Z,,oasis/bottle
,,,0,,,local.mqtt.telegraf,48,29.41,,,08a6f76bd428,08a6f76bd428-511,511,08:A6:F7:6B:D4:28,ON,1749749,1780912936177,1749757,1780912936185,1890746,1780912935055,27,2026-06-08T10:02:16.477492Z,,oasis/bottle
,,,0,,,local.mqtt.telegraf,46,40.71,,,2cbcbb0d97a0,2cbcbb0d97a0-509,509,2C:BC:BB:0D:97:A0,ON,1751659,1780912938088,1751664,1780912938092,1838116,1780912938016,27,2026-06-08T10:02:18.4164119Z,,oasis/bottle
,,,0,,,local.mqtt.telegraf,50,0.36,,,08a6f75abdf0,08a6f75abdf0-515,515,08:A6:F7:5A:BD:F0,ON,1752029,1780912938457,1752033,1780912938461,1791256,1780912938366,28,2026-06-08T10:02:18.7814981Z,,oasis/bottle
,,,0,,,local.mqtt.telegraf,44,41.88,,,08a6f769c348,08a6f769c348-512,512,08:A6:F7:69:C3:48,ON,1752809,1780912939237,1752813,1780912939241,1821256,1780912938376,27,2026-06-08T10:02:19.5535289Z,,oasis/bottle
,,,0,,,local.mqtt.telegraf,49,44.51,,,08a6f7bb3c68,08a6f7bb3c68-516,516,08:A6:F7:BB:3C:68,ON,1753058,1780912939486,1753062,1780912939490,1860926,1780912938476,27,2026-06-08T10:02:19.7746835Z,,oasis/bottle
,,,0,,,local.mqtt.telegraf,46,40.88,,,2cbcbb0d97a0,2cbcbb0d97a0-510,510,2C:BC:BB:0D:97:A0,ON,1754849,1780912941277,1754853,1780912941281,1841300,1780912941198,27,2026-06-08T10:02:21.597806Z,,oasis/bottle
,,,0,,,local.mqtt.telegraf,50,2.58,,,08a6f75abdf0,08a6f75abdf0-516,516,08:A6:F7:5A:BD:F0,ON,1755349,1780912941777,1755353,1780912941781,1794576,1780912941694,28,2026-06-08T10:02:22.0900578Z,,oasis/bottle
,,,0,,,local.mqtt.telegraf,44,41.73,,,08a6f769c348,08a6f769c348-513,513,08:A6:F7:69:C3:48,ON,1756009,1780912942437,1756013,1780912942441,1824456,1780912941734,27,2026-06-08T10:02:22.7535789Z,,oasis/bottle
,,,0,,,local.mqtt.telegraf,48,29.45,,,08a6f76bd428,08a6f76bd428-513,513,08:A6:F7:6B:D4:28,ON,1756219,1780912942648,1756224,1780912942652,1897217,1780912941725,27,2026-06-08T10:02:22.964337Z,,oasis/bottle
,,,0,,,local.mqtt.telegraf,49,44.55,,,08a6f7bb3c68,08a6f7bb3c68-517,517,08:A6:F7:BB:3C:68,ON,1756409,1780912942837,1756413,1780912942841,1864277,1780912941885,27,2026-06-08T10:02:23.1510664Z,,oasis/bottle
,,,0,,,local.mqtt.telegraf,46,41.62,,,2cbcbb0d97a0,2cbcbb0d97a0-511,511,2C:BC:BB:0D:97:A0,ON,1758090,1780912944518,1758095,1780912944523,1844546,1780912944444,27,2026-06-08T10:02:24.8396896Z,,oasis/bottle
,,,0,,,local.mqtt.telegraf,50,14.2,,,08a6f75abdf0,08a6f75abdf0-517,517,08:A6:F7:5A:BD:F0,ON,1758619,1780912945047,1758623,1780912945051,1797847,1780912944965,28,2026-06-08T10:02:25.3664781Z,,oasis/bottle
,,,0,,,local.mqtt.telegraf,44,41.86,,,08a6f769c348,08a6f769c348-514,514,08:A6:F7:69:C3:48,ON,1759279,1780912945707,1759283,1780912945711,1827726,1780912945004,27,2026-06-08T10:02:26.023074Z,,oasis/bottle
,,,0,,,local.mqtt.telegraf,48,29.83,,,08a6f76bd428,08a6f76bd428-514,514,08:A6:F7:6B:D4:28,ON,1759459,1780912945887,1759464,1780912945892,1900456,1780912944964,27,2026-06-08T10:02:26.2050546Z,,oasis/bottle
,,,0,,,local.mqtt.telegraf,49,44.55,,,08a6f7bb3c68,08a6f7bb3c68-518,518,08:A6:F7:BB:3C:68,ON,1759729,1780912946157,1759734,1780912946162,1867596,1780912945204,27,2026-06-08T10:02:26.4798366Z,,oasis/bottle
,,,0,,,local.mqtt.telegraf,46,40.74,,,2cbcbb0d97a0,2cbcbb0d97a0-512,512,2C:BC:BB:0D:97:A0,ON,1761440,1780912947868,1761444,1780912947872,1847896,1780912947794,27,2026-06-08T10:02:28.1986674Z,,oasis/bottle
,,,0,,,local.mqtt.telegraf,50,0.64,,,08a6f75abdf0,08a6f75abdf0-518,518,08:A6:F7:5A:BD:F0,ON,1762029,1780912948457,1762033,1780912948461,1801256,1780912948374,28,2026-06-08T10:02:28.7783752Z,,oasis/bottle
,,,0,,,local.mqtt.telegraf,44,41.81,,,08a6f769c348,08a6f769c348-515,515,08:A6:F7:69:C3:48,ON,1762679,1780912949107,1762683,1780912949111,1831126,1780912948404,27,2026-06-08T10:02:29.4287814Z,,oasis/bottle
,,,0,,,local.mqtt.telegraf,48,29.31,,,08a6f76bd428,08a6f76bd428-515,515,08:A6:F7:6B:D4:28,ON,1762811,1780912949239,1762815,1780912949243,1903806,1780912948314,27,2026-06-08T10:02:29.5485175Z,,oasis/bottle
,,,0,,,local.mqtt.telegraf,48,44.6,,,08a6f7bb3c68,08a6f7bb3c68-519,519,08:A6:F7:BB:3C:68,ON,1762999,1780912949427,1763003,1780912949431,1870867,1780912948475,27,2026-06-08T10:02:29.7431328Z,,oasis/bottle
,,,0,,,local.mqtt.telegraf,46,40.84,,,2cbcbb0d97a0,2cbcbb0d97a0-513,513,2C:BC:BB:0D:97:A0,ON,1764769,1780912951197,1764774,1780912951202,1851227,1780912951127,27,2026-06-08T10:02:31.5500175Z,,oasis/bottle
,,,0,,,local.mqtt.telegraf,50,7.09,,,08a6f75abdf0,08a6f75abdf0-519,519,08:A6:F7:5A:BD:F0,ON,1765229,1780912951657,1765233,1780912951661,1804456,1780912951576,28,2026-06-08T10:02:31.9749705Z,,oasis/bottle
,,,0,,,local.mqtt.telegraf,44,41.77,,,08a6f769c348,08a6f769c348-516,516,08:A6:F7:69:C3:48,ON,1765869,1780912952297,1765874,1780912952302,1834316,1780912951756,27,2026-06-08T10:02:32.6118629Z,,oasis/bottle
,,,0,,,local.mqtt.telegraf,48,29.84,,,08a6f76bd428,08a6f76bd428-516,516,08:A6:F7:6B:D4:28,ON,1766139,1780912952567,1766144,1780912952572,1907136,1780912951896,27,2026-06-08T10:02:32.8865207Z,,oasis/bottle
,,,0,,,local.mqtt.telegraf,49,44.48,,,08a6f7bb3c68,08a6f7bb3c68-520,520,08:A6:F7:BB:3C:68,ON,1766399,1780912952827,1766403,1780912952831,1874267,1780912951967,27,2026-06-08T10:02:33.1480676Z,,oasis/bottle
,,,0,,,local.mqtt.telegraf,46,40.58,,,2cbcbb0d97a0,2cbcbb0d97a0-514,514,2C:BC:BB:0D:97:A0,ON,1768049,1780912954478,1768054,1780912954482,1854506,1780912954406,27,2026-06-08T10:02:34.798899Z,,oasis/bottle
,,,0,,,local.mqtt.telegraf,49,1.44,,,08a6f75abdf0,08a6f75abdf0-520,520,08:A6:F7:5A:BD:F0,ON,1768499,1780912954927,1768503,1780912954931,1807726,1780912954846,28,2026-06-08T10:02:35.2605306Z,,oasis/bottle
,,,0,,,local.mqtt.telegraf,44,41.73,,,08a6f769c348,08a6f769c348-517,517,08:A6:F7:69:C3:48,ON,1769109,1780912955537,1769113,1780912955541,1837556,1780912954996,27,2026-06-08T10:02:35.8510488Z,,oasis/bottle
,,,0,,,local.mqtt.telegraf,48,29.62,,,08a6f76bd428,08a6f76bd428-517,517,08:A6:F7:6B:D4:28,ON,1769429,1780912955857,1769433,1780912955861,1910416,1780912955176,27,2026-06-08T10:02:36.1699735Z,,oasis/bottle
,,,0,,,local.mqtt.telegraf,49,44.52,,,08a6f7bb3c68,08a6f7bb3c68-521,521,08:A6:F7:BB:3C:68,ON,1769589,1780912956017,1769593,1780912956021,1877456,1780912955156,27,2026-06-08T10:02:36.3272405Z,,oasis/bottle
,,,0,,,local.mqtt.telegraf,46,40.75,,,2cbcbb0d97a0,2cbcbb0d97a0-515,515,2C:BC:BB:0D:97:A0,ON,1771239,1780912957667,1771243,1780912957671,1857696,1780912957596,27,2026-06-08T10:02:37.9921637Z,,oasis/bottle
,,,0,,,local.mqtt.telegraf,50,10.03,,,08a6f75abdf0,08a6f75abdf0-521,521,08:A6:F7:5A:BD:F0,ON,1771909,1780912958337,1771913,1780912958341,1811136,1780912958256,28,2026-06-08T10:02:38.6525051Z,,oasis/bottle
,,,0,,,local.mqtt.telegraf,44,41.65,,,08a6f769c348,08a6f769c348-518,518,08:A6:F7:69:C3:48,ON,1772459,1780912958887,1772463,1780912958891,1840906,1780912958346,27,2026-06-08T10:02:39.1974937Z,,oasis/bottle
,,,0,,,local.mqtt.telegraf,48,29.43,,,08a6f76bd428,08a6f76bd428-518,518,08:A6:F7:6B:D4:28,ON,1772619,1780912959047,1772623,1780912959051,1913606,1780912958366,27,2026-06-08T10:02:39.3663281Z,,oasis/bottle
,,,0,,,local.mqtt.telegraf,49,44.4,,,08a6f7bb3c68,08a6f7bb3c68-522,522,08:A6:F7:BB:3C:68,ON,1772839,1780912959267,1772844,1780912959272,1880707,1780912958407,27,2026-06-08T10:02:39.5845702Z,,oasis/bottle
,,,0,,,local.mqtt.telegraf,46,40.68,,,2cbcbb0d97a0,2cbcbb0d97a0-516,516,2C:BC:BB:0D:97:A0,ON,1774489,1780912960917,1774494,1780912960922,1860946,1780912960846,27,2026-06-08T10:02:41.2415306Z,,oasis/bottle
,,,0,,,local.mqtt.telegraf,50,7.24,,,08a6f75abdf0,08a6f75abdf0-522,522,08:A6:F7:5A:BD:F0,ON,1775116,1780912961544,1775121,1780912961549,1814336,1780912961456,28,2026-06-08T10:02:41.8596759Z,,oasis/bottle
,,,0,,,local.mqtt.telegraf,44,41.89,,,08a6f769c348,08a6f769c348-519,519,08:A6:F7:69:C3:48,ON,1775789,1780912962217,1775793,1780912962221,1844236,1780912961926,27,2026-06-08T10:02:42.5353597Z,,oasis/bottle
,,,0,,,local.mqtt.telegraf,48,29.87,,,08a6f76bd428,08a6f76bd428-519,519,08:A6:F7:6B:D4:28,ON,1775869,1780912962297,1775873,1780912962301,1916857,1780912961846,27,2026-06-08T10:02:42.5796988Z,,oasis/bottle
,,,0,,,local.mqtt.telegraf,49,44.52,,,08a6f7bb3c68,08a6f7bb3c68-523,523,08:A6:F7:BB:3C:68,ON,1776199,1780912962627,1776203,1780912962631,1884067,1780912961957,27,2026-06-08T10:02:42.9500916Z,,oasis/bottle
,,,0,,,local.mqtt.telegraf,46,40.74,,,2cbcbb0d97a0,2cbcbb0d97a0-517,517,2C:BC:BB:0D:97:A0,ON,1777850,1780912964278,1777854,1780912964282,1864307,1780912961957,27,2026-06-08T10:02:44.5979518Z,,oasis/bottle
,,,0,,,local.mqtt.telegraf,49,10.13,,,08a6f75abdf0,08a6f75abdf0-523,523,08:A6:F7:5A:BD:F0,ON,1778379,1780912964807,1778383,1780912964811,1817606,1780912964726,28,2026-06-08T10:02:45.1203032Z,,oasis/bottle
,,,0,,,local.mqtt.telegraf,44,41.76,,,08a6f769c348,08a6f769c348-520,520,08:A6:F7:69:C3:48,ON,1779079,1780912965507,1779084,1780912965512,1847526,1780912965216,27,2026-06-08T10:02:45.8316196Z,,oasis/bottle
,,,0,,,local.mqtt.telegraf,48,30.07,,,08a6f76bd428,08a6f76bd428-520,520,08:A6:F7:6B:D4:28,ON,1779230,1780912965658,1779234,1780912965662,1920226,1780912965215,27,2026-06-08T10:02:45.9738014Z,,oasis/bottle
,,,0,,,local.mqtt.telegraf,49,44.51,,,08a6f7bb3c68,08a6f7bb3c68-524,524,08:A6:F7:BB:3C:68,ON,1779549,1780912965977,1779553,1780912965981,1887416,1780912965306,27,2026-06-08T10:02:46.3375617Z,,oasis/bottle
,,,0,,,local.mqtt.telegraf,46,40.8,,,2cbcbb0d97a0,2cbcbb0d97a0-518,518,2C:BC:BB:0D:97:A0,ON,1781199,1780912967628,1781204,1780912967632,1867656,1780912965306,27,2026-06-08T10:02:47.9525523Z,,oasis/bottle
,,,0,,,local.mqtt.telegraf,49,3.51,,,08a6f75abdf0,08a6f75abdf0-524,524,08:A6:F7:5A:BD:F0,ON,1781779,1780912968207,1781783,1780912968211,1821006,1780912968126,28,2026-06-08T10:02:48.5235053Z,,oasis/bottle
,,,0,,,local.mqtt.telegraf,44,41.97,,,08a6f769c348,08a6f769c348-521,521,08:A6:F7:69:C3:48,ON,1782281,1780912968709,1782285,1780912968714,1850728,1780912968418,27,2026-06-08T10:02:49.0199209Z,,oasis/bottle
,,,0,,,local.mqtt.telegraf,48,30.03,,,08a6f76bd428,08a6f76bd428-521,521,08:A6:F7:6B:D4:28,ON,1782599,1780912969027,1782603,1780912969031,1923586,1780912968575,27,2026-06-08T10:02:49.33574Z,,oasis/bottle
,,,0,,,local.mqtt.telegraf,49,44.3,,,08a6f7bb3c68,08a6f7bb3c68-525,525,08:A6:F7:BB:3C:68,ON,1782869,1780912969297,1782874,1780912969302,1890736,1780912968626,27,2026-06-08T10:02:49.6117052Z,,oasis/bottle
,,,0,,,local.mqtt.telegraf,46,40.92,,,2cbcbb0d97a0,2cbcbb0d97a0-519,519,2C:BC:BB:0D:97:A0,ON,1784549,1780912970977,1784553,1780912970981,1870996,1780912968646,27,2026-06-08T10:02:51.3027723Z,,oasis/bottle
,,,0,,,local.mqtt.telegraf,49,5.39,,,08a6f75abdf0,08a6f75abdf0-525,525,08:A6:F7:5A:BD:F0,ON,1784969,1780912971397,1784973,1780912971401,1824196,1780912971316,28,2026-06-08T10:02:51.717405Z,,oasis/bottle
,,,0,,,local.mqtt.telegraf,44,41.88,,,08a6f769c348,08a6f769c348-522,522,08:A6:F7:69:C3:48,ON,1785549,1780912971977,1785553,1780912971981,1853996,1780912971895,27,2026-06-08T10:02:52.2868732Z,,oasis/bottle
,,,0,,,local.mqtt.telegraf,48,29.87,,,08a6f76bd428,08a6f76bd428-522,522,08:A6:F7:6B:D4:28,ON,1785939,1780912972367,1785943,1780912972371,1926926,1780912971966,27,2026-06-08T10:02:52.6825134Z,,oasis/bottle
,,,0,,,local.mqtt.telegraf,49,44.36,,,08a6f7bb3c68,08a6f7bb3c68-526,526,08:A6:F7:BB:3C:68,ON,1786139,1780912972567,1786143,1780912972571,1894006,1780912971896,27,2026-06-08T10:02:52.8914915Z,,oasis/bottle
,,,0,,,local.mqtt.telegraf,46,40.64,,,2cbcbb0d97a0,2cbcbb0d97a0-520,520,2C:BC:BB:0D:97:A0,ON,1787839,1780912974268,1787844,1780912974272,1874297,1780912971927,27,2026-06-08T10:02:54.5880711Z,,oasis/bottle
,,,0,,,local.mqtt.telegraf,49,1.06,,,08a6f75abdf0,08a6f75abdf0-526,526,08:A6:F7:5A:BD:F0,ON,1788219,1780912974647,1788223,1780912974651,1827446,1780912974566,28,2026-06-08T10:02:54.9683374Z,,oasis/bottle
,,,0,,,local.mqtt.telegraf,44,41.95,,,08a6f769c348,08a6f769c348-523,523,08:A6:F7:69:C3:48,ON,1788949,1780912975377,1788953,1780912975381,1857396,1780912975295,27,2026-06-08T10:02:55.6998496Z,,oasis/bottle
,,,0,,,local.mqtt.telegraf,48,29.9,,,08a6f76bd428,08a6f76bd428-523,523,08:A6:F7:6B:D4:28,ON,1789249,1780912975677,1789253,1780912975681,1930236,1780912975276,27,2026-06-08T10:02:55.995147Z,,oasis/bottle
,,,0,,,local.mqtt.telegraf,50,44.55,,,08a6f7bb3c68,08a6f7bb3c68-527,527,08:A6:F7:BB:3C:68,ON,1789311,1780912975739,1789315,1780912975743,1897176,1780912975066,27,2026-06-08T10:02:56.0354721Z,,oasis/bottle
,,,0,,,local.mqtt.telegraf,46,40.74,,,2cbcbb0d97a0,2cbcbb0d97a0-521,521,2C:BC:BB:0D:97:A0,ON,1791059,1780912977487,1791064,1780912977492,1877517,1780912975147,27,2026-06-08T10:02:57.8102127Z,,oasis/bottle
,,,0,,,local.mqtt.telegraf,49,7.27,,,08a6f75abdf0,08a6f75abdf0-527,527,08:A6:F7:5A:BD:F0,ON,1791579,1780912978007,1791584,1780912978012,1830806,1780912977926,28,2026-06-08T10:02:58.3239973Z,,oasis/bottle
,,,0,,,local.mqtt.telegraf,44,41.84,,,08a6f769c348,08a6f769c348-524,524,08:A6:F7:69:C3:48,ON,1792139,1780912978567,1792143,1780912978571,1860586,1780912978485,27,2026-06-08T10:02:58.8847445Z,,oasis/bottle
,,,0,,,local.mqtt.telegraf,49,44.35,,,08a6f7bb3c68,08a6f7bb3c68-528,528,08:A6:F7:BB:3C:68,ON,1792518,1780912978946,1792522,1780912978951,1900376,1780912978266,27,2026-06-08T10:02:59.2318447Z,,oasis/bottle
,,,0,,,local.mqtt.telegraf,46,40.72,,,2cbcbb0d97a0,2cbcbb0d97a0-522,522,2C:BC:BB:0D:97:A0,ON,1794369,1780912980797,1794373,1780912980801,1880816,1780912978446,27,2026-06-08T10:03:01.1257006Z,,oasis/bottle
,,,0,,,local.mqtt.telegraf,49,6.3,,,08a6f75abdf0,08a6f75abdf0-528,528,08:A6:F7:5A:BD:F0,ON,1794929,1780912981357,1794933,1780912981361,1834156,1780912981276,28,2026-06-08T10:03:01.6697116Z,,oasis/bottle
,,,0,,,local.mqtt.telegraf,44,41.92,,,08a6f769c348,08a6f769c348-525,525,08:A6:F7:69:C3:48,ON,1795379,1780912981807,1795383,1780912981811,1863826,1780912981726,27,2026-06-08T10:03:02.1280134Z,,oasis/bottle
,,,0,,,local.mqtt.telegraf,50,44.31,,,08a6f7bb3c68,08a6f7bb3c68-529,529,08:A6:F7:BB:3C:68,ON,1795779,1780912982207,1795783,1780912982211,1903646,1780912981926,27,2026-06-08T10:03:02.5194509Z,,oasis/bottle
,,,0,,,local.mqtt.telegraf,48,30.18,,,08a6f76bd428,08a6f76bd428-525,525,08:A6:F7:6B:D4:28,ON,1795850,1780912982278,1795854,1780912982282,1936846,1780912982016,27,2026-06-08T10:03:02.5577451Z,,oasis/bottle
,,,0,,,local.mqtt.telegraf,46,40.74,,,2cbcbb0d97a0,2cbcbb0d97a0-523,523,2C:BC:BB:0D:97:A0,ON,1797599,1780912984027,1797604,1780912984032,1884057,1780912981897,27,2026-06-08T10:03:04.3549334Z,,oasis/bottle
,,,0,,,local.mqtt.telegraf,49,6.23,,,08a6f75abdf0,08a6f75abdf0-529,529,08:A6:F7:5A:BD:F0,ON,1798259,1780912984687,1798263,1780912984691,1837486,1780912984606,28,2026-06-08T10:03:05.0038616Z,,oasis/bottle
,,,0,,,local.mqtt.telegraf,44,41.81,,,08a6f769c348,08a6f769c348-526,526,08:A6:F7:69:C3:48,ON,1798739,1780912985167,1798743,1780912985171,1867186,1780912985086,27,2026-06-08T10:03:05.4921522Z,,oasis/bottle
,,,0,,,local.mqtt.telegraf,48,30.1,,,08a6f76bd428,08a6f76bd428-526,526,08:A6:F7:6B:D4:28,ON,1799217,1780912985645,1799221,1780912985649,1940196,1780912985366,27,2026-06-08T10:03:05.9296674Z,,oasis/bottle
,,,0,,,local.mqtt.telegraf,46,40.86,,,2cbcbb0d97a0,2cbcbb0d97a0-524,524,2C:BC:BB:0D:97:A0,ON,1800939,1780912987367,1800944,1780912987372,1887397,1780912985237,27,2026-06-08T10:03:07.6916329Z,,oasis/bottle
,,,0,,,local.mqtt.telegraf,49,4.65,,,08a6f75abdf0,08a6f75abdf0-530,530,08:A6:F7:5A:BD:F0,ON,1801539,1780912987967,1801543,1780912987971,1840766,1780912987886,28,2026-06-08T10:03:08.2867632Z,,oasis/bottle
,,,0,,,local.mqtt.telegraf,44,42.16,,,08a6f769c348,08a6f769c348-527,527,08:A6:F7:69:C3:48,ON,1802079,1780912988507,1802083,1780912988511,1870527,1780912988427,27,2026-06-08T10:03:08.8177323Z,,oasis/bottle
,,,0,,,local.mqtt.telegraf,49,44.52,,,08a6f7bb3c68,08a6f7bb3c68-531,531,08:A6:F7:BB:3C:68,ON,1802389,1780912988817,1802394,1780912988822,1910256,1780912988536,27,2026-06-08T10:03:09.1327503Z,,oasis/bottle
,,,0,,,local.mqtt.telegraf,48,30.3,,,08a6f76bd428,08a6f76bd428-527,527,08:A6:F7:6B:D4:28,ON,1802529,1780912988957,1802542,1780912988970,1943516,1780912988686,27,2026-06-08T10:03:09.2786423Z,,oasis/bottle
,,,0,,,local.mqtt.telegraf,46,41.65,,,2cbcbb0d97a0,2cbcbb0d97a0-525,525,2C:BC:BB:0D:97:A0,ON,1804240,1780912990668,1804244,1780912990672,1890697,1780912988537,27,2026-06-08T10:03:10.9916488Z,,oasis/bottle
,,,0,,,local.mqtt.telegraf,49,2.14,,,08a6f75abdf0,08a6f75abdf0-531,531,08:A6:F7:5A:BD:F0,ON,1804729,1780912991157,1804733,1780912991161,1843956,1780912991076,28,2026-06-08T10:03:11.4771065Z,,oasis/bottle
,,,0,,,local.mqtt.telegraf,44,43.22,,,08a6f769c348,08a6f769c348-528,528,08:A6:F7:69:C3:48,ON,1805379,1780912991807,1805383,1780912991811,1873826,1780912991726,27,2026-06-08T10:03:12.1199964Z,,oasis/bottle
,,,0,,,local.mqtt.telegraf,49,46.07,,,08a6f7bb3c68,08a6f7bb3c68-532,532,08:A6:F7:BB:3C:68,ON,1805659,1780912992087,1805663,1780912992091,1913527,1780912991957,27,2026-06-08T10:03:12.4016978Z,,oasis/bottle
,,,0,,,local.mqtt.telegraf,48,32.88,,,08a6f76bd428,08a6f76bd428-528,528,08:A6:F7:6B:D4:28,ON,1805799,1780912992228,1805804,1780912992232,1946796,1780912991965,27,2026-06-08T10:03:12.5411675Z,,oasis/bottle
,,,0,,,local.mqtt.telegraf,46,43.18,,,2cbcbb0d97a0,2cbcbb0d97a0-526,526,2C:BC:BB:0D:97:A0,ON,1807479,1780912993907,1807483,1780912993911,1893927,1780912991917,27,2026-06-08T10:03:14.2277026Z,,oasis/bottle
,,,0,,,local.mqtt.telegraf,49,4.43,,,08a6f75abdf0,08a6f75abdf0-532,532,08:A6:F7:5A:BD:F0,ON,1807970,1780912994398,1807974,1780912994402,1847196,1780912994316,28,2026-06-08T10:03:14.7128792Z,,oasis/bottle
,,,0,,,local.mqtt.telegraf,44,44.51,,,08a6f769c348,08a6f769c348-529,529,08:A6:F7:69:C3:48,ON,1808619,1780912995047,1808623,1780912995051,1877066,1780912994966,27,2026-06-08T10:03:15.3636176Z,,oasis/bottle
,,,0,,,local.mqtt.telegraf,48,34.37,,,08a6f76bd428,08a6f76bd428-529,529,08:A6:F7:6B:D4:28,ON,1808980,1780912995408,1808984,1780912995412,1949976,1780912995145,27,2026-06-08T10:03:15.722586Z,,oasis/bottle
,,,0,,,local.mqtt.telegraf,49,47.37,,,08a6f7bb3c68,08a6f7bb3c68-533,533,08:A6:F7:BB:3C:68,ON,1809069,1780912995497,1809074,1780912995502,1916937,1780912995367,27,2026-06-08T10:03:15.808117Z,,oasis/bottle
,,,0,,,local.mqtt.telegraf,46,43.93,,,2cbcbb0d97a0,2cbcbb0d97a0-527,527,2C:BC:BB:0D:97:A0,ON,1810799,1780912997228,1810804,1780912997232,1897256,1780912995246,27,2026-06-08T10:03:17.5520308Z,,oasis/bottle
,,,0,,,local.mqtt.telegraf,48,11.4,,,08a6f75abdf0,08a6f75abdf0-533,533,08:A6:F7:5A:BD:F0,ON,1811329,1780912997757,1811333,1780912997761,1850556,1780912997676,28,2026-06-08T10:03:18.0759547Z,,oasis/bottle
,,,0,,,local.mqtt.telegraf,44,45.03,,,08a6f769c348,08a6f769c348-530,530,08:A6:F7:69:C3:48,ON,1811959,1780912998387,1811963,1780912998391,1880407,1780912998307,27,2026-06-08T10:03:18.7070425Z,,oasis/bottle
,,,0,,,local.mqtt.telegraf,48,34.69,,,08a6f76bd428,08a6f76bd428-530,530,08:A6:F7:6B:D4:28,ON,1812199,1780912998628,1812204,1780912998632,1953196,1780912998365,27,2026-06-08T10:03:18.9413935Z,,oasis/bottle
,,,0,,,local.mqtt.telegraf,48,47.57,,,08a6f7bb3c68,08a6f7bb3c68-534,534,08:A6:F7:BB:3C:68,ON,1812263,1780912998691,1812268,1780912998696,1920136,1780912998566,27,2026-06-08T10:03:18.9798979Z,,oasis/bottle
,,,0,,,local.mqtt.telegraf,46,43.92,,,2cbcbb0d97a0,2cbcbb0d97a0-528,528,2C:BC:BB:0D:97:A0,ON,1814079,1780913000507,1814084,1780913000512,1900536,1780912998526,27,2026-06-08T10:03:20.8341892Z,,oasis/bottle
,,,0,,,local.mqtt.telegraf,48,12.54,,,08a6f75abdf0,08a6f75abdf0-534,534,08:A6:F7:5A:BD:F0,ON,1814699,1780913001127,1814704,1780913001132,1853928,1780913001048,28,2026-06-08T10:03:21.4444905Z,,oasis/bottle
,,,0,,,local.mqtt.telegraf,44,45.03,,,08a6f769c348,08a6f769c348-531,531,08:A6:F7:69:C3:48,ON,1815259,1780913001687,1815263,1780913001691,1883707,1780913001607,27,2026-06-08T10:03:21.998192Z,,oasis/bottle
,,,0,,,local.mqtt.telegraf,49,47.84,,,08a6f7bb3c68,08a6f7bb3c68-535,535,08:A6:F7:BB:3C:68,ON,1815548,1780913001976,1815552,1780913001981,1923407,1780913001907,27,2026-06-08T10:03:22.263797Z,,oasis/bottle
,,,0,,,local.mqtt.telegraf,46,43.93,,,2cbcbb0d97a0,2cbcbb0d97a0-529,529,2C:BC:BB:0D:97:A0,ON,1817269,1780913003698,1817274,1780913003702,1903727,1780913001907,27,2026-06-08T10:03:24.0259795Z,,oasis/bottle
,,,0,,,local.mqtt.telegraf,48,11.56,,,08a6f75abdf0,08a6f75abdf0-535,535,08:A6:F7:5A:BD:F0,ON,1818039,1780913004467,1818043,1780913004471,1857266,1780913004386,28,2026-06-08T10:03:24.7884357Z,,oasis/bottle
,,,0,,,local.mqtt.telegraf,44,45.01,,,08a6f769c348,08a6f769c348-532,532,08:A6:F7:69:C3:48,ON,1818489,1780913004917,1818493,1780913004921,1886937,1780913004837,27,2026-06-08T10:03:25.2324028Z,,oasis/bottle
,,,0,,,local.mqtt.telegraf,48,35.38,,,08a6f76bd428,08a6f76bd428-532,532,08:A6:F7:6B:D4:28,ON,1818759,1780913005188,1818764,1780913005192,1959756,1780913005125,27,2026-06-08T10:03:25.5069146Z,,oasis/bottle
,,,0,,,local.mqtt.telegraf,48,47.28,,,08a6f7bb3c68,08a6f7bb3c68-536,536,08:A6:F7:BB:3C:68,ON,1818949,1780913005377,1818953,1780913005381,1926817,1780913005317,27,2026-06-08T10:03:25.684433Z,,oasis/bottle
,,,0,,,local.mqtt.telegraf,46,44.04,,,2cbcbb0d97a0,2cbcbb0d97a0-530,530,2C:BC:BB:0D:97:A0,ON,1820519,1780913006947,1820524,1780913006952,1906977,1780913005157,27,2026-06-08T10:03:27.2710424Z,,oasis/bottle
,,,0,,,local.mqtt.telegraf,47,11.78,,,08a6f75abdf0,08a6f75abdf0-536,536,08:A6:F7:5A:BD:F0,ON,1821339,1780913007767,1821343,1780913007771,1860567,1780913007687,28,2026-06-08T10:03:28.085677Z,,oasis/bottle
,,,0,,,local.mqtt.telegraf,44,44.87,,,08a6f769c348,08a6f769c348-533,533,08:A6:F7:69:C3:48,ON,1821819,1780913008247,1821823,1780913008251,1890267,1780913008167,27,2026-06-08T10:03:28.5568728Z,,oasis/bottle
,,,0,,,local.mqtt.telegraf,48,47.4,,,08a6f7bb3c68,08a6f7bb3c68-537,537,08:A6:F7:BB:3C:68,ON,1822148,1780913008576,1822152,1780913008580,1930016,1780913008516,27,2026-06-08T10:03:28.8648805Z,,oasis/bottle
,,,0,,,local.mqtt.telegraf,46,43.56,,,2cbcbb0d97a0,2cbcbb0d97a0-531,531,2C:BC:BB:0D:97:A0,ON,1823879,1780913010307,1823884,1780913010312,1910337,1780913008517,27,2026-06-08T10:03:30.6299967Z,,oasis/bottle
,,,0,,,local.mqtt.telegraf,47,14.4,,,08a6f75abdf0,08a6f75abdf0-537,537,08:A6:F7:5A:BD:F0,ON,1824570,1780913010998,1824575,1780913011003,1863796,1780913010916,28,2026-06-08T10:03:31.3154567Z,,oasis/bottle
,,,0,,,local.mqtt.telegraf,44,44.08,,,08a6f769c348,08a6f769c348-534,534,08:A6:F7:69:C3:48,ON,1825109,1780913011537,1825113,1780913011541,1893557,1780913011457,27,2026-06-08T10:03:31.8551129Z,,oasis/bottle
,,,0,,,local.mqtt.telegraf,48,46.43,,,08a6f7bb3c68,08a6f7bb3c68-538,538,08:A6:F7:BB:3C:68,ON,1825419,1780913011847,1825423,1780913011851,1933286,1780913011786,27,2026-06-08T10:03:32.1579928Z,,oasis/bottle
,,,0,,,local.mqtt.telegraf,48,33.44,,,08a6f76bd428,08a6f76bd428-534,534,08:A6:F7:6B:D4:28,ON,1825481,1780913011909,1825485,1780913011913,1966467,1780913011836,27,2026-06-08T10:03:32.1987921Z,,oasis/bottle
,,,0,,,local.mqtt.telegraf,46,42.17,,,2cbcbb0d97a0,2cbcbb0d97a0-532,532,2C:BC:BB:0D:97:A0,ON,1827229,1780913013658,1827234,1780913013662,1913687,1780913012097,27,2026-06-08T10:03:33.97602Z,,oasis/bottle
,,,0,,,local.mqtt.telegraf,47,8,,,08a6f75abdf0,08a6f75abdf0-538,538,08:A6:F7:5A:BD:F0,ON,1827889,1780913014317,1827893,1780913014321,1867119,1780913012069,28,2026-06-08T10:03:34.6333273Z,,oasis/bottle
,,,0,,,local.mqtt.telegraf,44,42.59,,,08a6f769c348,08a6f769c348-535,535,08:A6:F7:69:C3:48,ON,1828309,1780913014737,1828313,1780913014741,1896757,1780913014657,27,2026-06-08T10:03:35.0474911Z,,oasis/bottle
,,,0,,,local.mqtt.telegraf,49,44.99,,,08a6f7bb3c68,08a6f7bb3c68-539,539,08:A6:F7:BB:3C:68,ON,1828828,1780913015256,1828832,1780913015260,1936686,1780913015186,27,2026-06-08T10:03:35.5428718Z,,oasis/bottle
,,,0,,,local.mqtt.telegraf,46,41,,,2cbcbb0d97a0,2cbcbb0d97a0-533,533,2C:BC:BB:0D:97:A0,ON,1830569,1780913016997,1830574,1780913017002,1917016,1780913015426,27,2026-06-08T10:03:37.3174956Z,,oasis/bottle
,,,0,,,local.mqtt.telegraf,48,4.93,,,08a6f75abdf0,08a6f75abdf0-539,539,08:A6:F7:5A:BD:F0,ON,1831159,1780913017587,1831163,1780913017591,1870387,1780913015337,28,2026-06-08T10:03:37.9025553Z,,oasis/bottle
,,,0,,,local.mqtt.telegraf,44,42.13,,,08a6f769c348,08a6f769c348-536,536,08:A6:F7:69:C3:48,ON,1831589,1780913018017,1831594,1780913018022,1900026,1780913017926,27,2026-06-08T10:03:38.3456671Z,,oasis/bottle
,,,0,,,local.mqtt.telegraf,49,44.89,,,08a6f7bb3c68,08a6f7bb3c68-540,540,08:A6:F7:BB:3C:68,ON,1832009,1780913018437,1832013,1780913018441,1939876,1780913018376,27,2026-06-08T10:03:38.753099Z,,oasis/bottle
,,,0,,,local.mqtt.telegraf,48,30.61,,,08a6f76bd428,08a6f76bd428-536,536,08:A6:F7:6B:D4:28,ON,1832089,1780913018517,1832093,1780913018521,1973076,1780913018445,27,2026-06-08T10:03:38.7932823Z,,oasis/bottle
,,,0,,,local.mqtt.telegraf,46,41.11,,,2cbcbb0d97a0,2cbcbb0d97a0-534,534,2C:BC:BB:0D:97:A0,ON,1833849,1780913020277,1833854,1780913020282,1920306,1780913018716,27,2026-06-08T10:03:40.603927Z,,oasis/bottle
,,,0,,,local.mqtt.telegraf,48,10.11,,,08a6f75abdf0,08a6f75abdf0-540,540,08:A6:F7:5A:BD:F0,ON,1834569,1780913020997,1834574,1780913021002,1873796,1780913018746,28,2026-06-08T10:03:41.312782Z,,oasis/bottle
,,,0,,,local.mqtt.telegraf,44,41.99,,,08a6f769c348,08a6f769c348-537,537,08:A6:F7:69:C3:48,ON,1834759,1780913021187,1834763,1780913021191,1903208,1780913021108,27,2026-06-08T10:03:41.5019529Z,,oasis/bottle
,,,0,,,local.mqtt.telegraf,48,30.88,,,08a6f76bd428,08a6f76bd428-537,537,08:A6:F7:6B:D4:28,ON,1835295,1780913021723,1835300,1780913021728,1976266,1780913021635,27,2026-06-08T10:03:42.0195964Z,,oasis/bottle
,,,0,,,local.mqtt.telegraf,46,41.09,,,2cbcbb0d97a0,2cbcbb0d97a0-535,535,2C:BC:BB:0D:97:A0,ON,1837049,1780913023380,1837054,1780913023384,1923507,1780913021977,27,2026-06-08T10:03:43.8098144Z,,oasis/bottle
,,,0,,,local.mqtt.telegraf,48,9.04,,,08a6f75abdf0,08a6f75abdf0-541,541,08:A6:F7:5A:BD:F0,ON,1837769,1780913024099,1837773,1780913024103,1876996,1780913021976,28,2026-06-08T10:03:44.5084474Z,,oasis/bottle
,,,0,,,local.mqtt.telegraf,44,42.12,,,08a6f769c348,08a6f769c348-538,538,08:A6:F7:69:C3:48,ON,1837969,1780913024299,1837973,1780913024303,1906417,1780913024317,27,2026-06-08T10:03:44.7122381Z,,oasis/bottle
,,,0,,,local.mqtt.telegraf,48,30.86,,,08a6f76bd428,08a6f76bd428-538,538,08:A6:F7:6B:D4:28,ON,1838519,1780913024850,1838524,1780913024854,1979516,1780913024885,27,2026-06-08T10:03:45.2624514Z,,oasis/bottle
,,,0,,,local.mqtt.telegraf,49,44.94,,,08a6f7bb3c68,08a6f7bb3c68-542,542,08:A6:F7:BB:3C:68,ON,1838639,1780913024969,1838643,1780913024973,1946506,1780913025006,27,2026-06-08T10:03:45.3779196Z,,oasis/bottle
,,,0,,,local.mqtt.telegraf,46,40.76,,,2cbcbb0d97a0,2cbcbb0d97a0-536,536,2C:BC:BB:0D:97:A0,ON,1840309,1780913026639,1840313,1780913026643,1926766,1780913025236,27,2026-06-08T10:03:47.0579505Z,,oasis/bottle
,,,0,,,local.mqtt.telegraf,48,4.31,,,08a6f75abdf0,08a6f75abdf0-542,542,08:A6:F7:5A:BD:F0,ON,1841039,1780913027369,1841044,1780913027374,1880267,1780913025247,28,2026-06-08T10:03:47.7909139Z,,oasis/bottle
,,,0,,,local.mqtt.telegraf,44,41.76,,,08a6f769c348,08a6f769c348-539,539,08:A6:F7:69:C3:48,ON,1841259,1780913027589,1841263,1780913027593,1909707,1780913027607,27,2026-06-08T10:03:47.9974402Z,,oasis/bottle
,,,0,,,local.mqtt.telegraf,47,30.42,,,08a6f76bd428,08a6f76bd428-539,539,08:A6:F7:6B:D4:28,ON,1841889,1780913028219,1841893,1780913028223,1982877,1780913028246,27,2026-06-08T10:03:48.6313866Z,,oasis/bottle
,,,0,,,local.mqtt.telegraf,49,44.48,,,08a6f7bb3c68,08a6f7bb3c68-543,543,08:A6:F7:BB:3C:68,ON,1842009,1780913028339,1842013,1780913028343,1949877,1780913028377,27,2026-06-08T10:03:48.7516141Z,,oasis/bottle
,,,0,,,local.mqtt.telegraf,46,40.71,,,2cbcbb0d97a0,2cbcbb0d97a0-537,537,2C:BC:BB:0D:97:A0,ON,1843700,1780913030030,1843704,1780913030034,1930156,1780913028626,27,2026-06-08T10:03:50.4565077Z,,oasis/bottle
,,,0,,,local.mqtt.telegraf,44,41.72,,,08a6f769c348,08a6f769c348-540,540,08:A6:F7:69:C3:48,ON,1844467,1780913030797,1844471,1780913030801,1912906,1780913030806,27,2026-06-08T10:03:51.1814629Z,,oasis/bottle
,,,0,,,local.mqtt.telegraf,48,30.15,,,08a6f76bd428,08a6f76bd428-540,540,08:A6:F7:6B:D4:28,ON,1845239,1780913031569,1845243,1780913031574,1986226,1780913031497,27,2026-06-08T10:03:51.9895214Z,,oasis/bottle
,,,0,,,local.mqtt.telegraf,50,44.52,,,08a6f7bb3c68,08a6f7bb3c68-544,544,08:A6:F7:BB:3C:68,ON,1845379,1780913031709,1845384,1780913031714,1953247,1780913031639,27,2026-06-08T10:03:52.1260186Z,,oasis/bottle
,,,0,,,local.mqtt.telegraf,46,40.74,,,2cbcbb0d97a0,2cbcbb0d97a0-538,538,2C:BC:BB:0D:97:A0,ON,1847110,1780913033440,1847114,1780913033444,1933566,1780913032118,27,2026-06-08T10:03:53.8577705Z,,oasis/bottle
,,,0,,,local.mqtt.telegraf,49,2.22,,,08a6f75abdf0,08a6f75abdf0-544,544,08:A6:F7:5A:BD:F0,ON,1847629,1780913033959,1847633,1780913033963,1886856,1780913031898,28,2026-06-08T10:03:54.3684638Z,,oasis/bottle
,,,0,,,local.mqtt.telegraf,44,41.54,,,08a6f769c348,08a6f769c348-541,541,08:A6:F7:69:C3:48,ON,1847729,1780913034059,1847733,1780913034064,1916177,1780913031979,27,2026-06-08T10:03:54.4695988Z,,oasis/bottle
,,,0,,,local.mqtt.telegraf,48,30.31,,,08a6f76bd428,08a6f76bd428-541,541,08:A6:F7:6B:D4:28,ON,1848560,1780913034890,1848565,1780913034895,1989556,1780913034827,27,2026-06-08T10:03:55.305162Z,,oasis/bottle
,,,0,,,local.mqtt.telegraf,49,44.35,,,08a6f7bb3c68,08a6f7bb3c68-545,545,08:A6:F7:BB:3C:68,ON,1848739,1780913035069,1848743,1780913035073,1956606,1780913034998,27,2026-06-08T10:03:55.4870484Z,,oasis/bottle
,,,0,,,local.mqtt.telegraf,46,40.84,,,2cbcbb0d97a0,2cbcbb0d97a0-539,539,2C:BC:BB:0D:97:A0,ON,1850309,1780913036640,1850314,1780913036644,1936766,1780913035318,27,2026-06-08T10:03:57.0551841Z,,oasis/bottle
,,,0,,,local.mqtt.telegraf,49,1.49,,,08a6f75abdf0,08a6f75abdf0-545,545,08:A6:F7:5A:BD:F0,ON,1850879,1780913037209,1850883,1780913037213,1890106,1780913035148,28,2026-06-08T10:03:57.626385Z,,oasis/bottle
,,,0,,,local.mqtt.telegraf,44,41.64,,,08a6f769c348,08a6f769c348-542,542,08:A6:F7:69:C3:48,ON,1851139,1780913037470,1851144,1780913037474,1919586,1780913035388,27,2026-06-08T10:03:57.8872429Z,,oasis/bottle
,,,0,,,local.mqtt.telegraf,48,30.3,,,08a6f76bd428,08a6f76bd428-542,542,08:A6:F7:6B:D4:28,ON,1851839,1780913038170,1851844,1780913038174,1992836,1780913038107,27,2026-06-08T10:03:58.5814001Z,,oasis/bottle
,,,0,,,local.mqtt.telegraf,50,44.44,,,08a6f7bb3c68,08a6f7bb3c68-546,546,08:A6:F7:BB:3C:68,ON,1852099,1780913038429,1852104,1780913038434,1959966,1780913038358,27,2026-06-08T10:03:58.8408645Z,,oasis/bottle
,,,0,,,local.mqtt.telegraf,46,40.8,,,2cbcbb0d97a0,2cbcbb0d97a0-540,540,2C:BC:BB:0D:97:A0,ON,1853579,1780913039910,1853584,1780913039914,1940037,1780913038589,27,2026-06-08T10:04:00.3264552Z,,oasis/bottle
,,,0,,,local.mqtt.telegraf,49,6.58,,,08a6f75abdf0,08a6f75abdf0-546,546,08:A6:F7:5A:BD:F0,ON,1854239,1780913040569,1854243,1780913040573,1893466,1780913038508,28,2026-06-08T10:04:00.9865965Z,,oasis/bottle
,,,0,,,local.mqtt.telegraf,44,41.48,,,08a6f769c348,08a6f769c348-543,543,08:A6:F7:69:C3:48,ON,1854349,1780913040679,1854354,1780913040684,1922796,1780913038598,27,2026-06-08T10:04:01.091903Z,,oasis/bottle
,,,0,,,local.mqtt.telegraf,47,30.53,,,08a6f76bd428,08a6f76bd428-543,543,08:A6:F7:6B:D4:28,ON,1855029,1780913041359,1855033,1780913041363,1996018,1780913041289,27,2026-06-08T10:04:01.7754109Z,,oasis/bottle
,,,0,,,local.mqtt.telegraf,49,44.24,,,08a6f7bb3c68,08a6f7bb3c68-547,547,08:A6:F7:BB:3C:68,ON,1855439,1780913041769,1855443,1780913041773,1963307,1780913041709,27,2026-06-08T10:04:02.1788439Z,,oasis/bottle
,,,0,,,local.mqtt.telegraf,46,40.71,,,2cbcbb0d97a0,2cbcbb0d97a0-541,541,2C:BC:BB:0D:97:A0,ON,1856989,1780913043320,1856994,1780913043324,1943447,1780913042149,27,2026-06-08T10:04:03.738201Z,,oasis/bottle
,,,0,,,local.mqtt.telegraf,49,12.46,,,08a6f75abdf0,08a6f75abdf0-547,547,08:A6:F7:5A:BD:F0,ON,1857589,1780913043919,1857593,1780913043923,1896817,1780913042089,28,2026-06-08T10:04:04.3325113Z,,oasis/bottle
,,,0,,,local.mqtt.telegraf,44,41.69,,,08a6f769c348,08a6f769c348-544,544,08:A6:F7:69:C3:48,ON,1857629,1780913043959,1857634,1780913043964,1926076,1780913042018,27,2026-06-08T10:04:04.3679152Z,,oasis/bottle
,,,0,,,local.mqtt.telegraf,48,30.29,,,08a6f76bd428,08a6f76bd428-544,544,08:A6:F7:6B:D4:28,ON,1858269,1780913044599,1858273,1780913044603,1999256,1780913044527,27,2026-06-08T10:04:05.0112524Z,,oasis/bottle
,,,0,,,local.mqtt.telegraf,49,44.63,,,08a6f7bb3c68,08a6f7bb3c68-548,548,08:A6:F7:BB:3C:68,ON,1858739,1780913045069,1858743,1780913045073,1966606,1780913045008,27,2026-06-08T10:04:05.4993801Z,,oasis/bottle
,,,0,,,local.mqtt.telegraf,46,41.05,,,2cbcbb0d97a0,2cbcbb0d97a0-542,542,2C:BC:BB:0D:97:A0,ON,1860199,1780913046529,1860203,1780913046533,1946646,1780913045348,27,2026-06-08T10:04:06.9566318Z,,oasis/bottle
,,,0,,,local.mqtt.telegraf,44,42.04,,,08a6f769c348,08a6f769c348-545,545,08:A6:F7:69:C3:48,ON,1860809,1780913047139,1860813,1780913047143,1929256,1780913045198,27,2026-06-08T10:04:07.5572448Z,,oasis/bottle
,,,0,,,local.mqtt.telegraf,48,8.89,,,08a6f75abdf0,08a6f75abdf0-548,548,08:A6:F7:5A:BD:F0,ON,1860919,1780913047249,1860923,1780913047253,1900146,1780913045418,28,2026-06-08T10:04:07.6668673Z,,oasis/bottle
,,,0,,,local.mqtt.telegraf,48,31.33,,,08a6f76bd428,08a6f76bd428-545,545,08:A6:F7:6B:D4:28,ON,1861599,1780913047930,1861604,1780913047934,2002596,1780913047867,27,2026-06-08T10:04:08.3480087Z,,oasis/bottle
,,,0,,,local.mqtt.telegraf,49,45.05,,,08a6f7bb3c68,08a6f7bb3c68-549,549,08:A6:F7:BB:3C:68,ON,1861969,1780913048299,1861973,1780913048303,1969837,1780913048239,27,2026-06-08T10:04:08.7156517Z,,oasis/bottle
,,,0,,,local.mqtt.telegraf,46,41.85,,,2cbcbb0d97a0,2cbcbb0d97a0-543,543,2C:BC:BB:0D:97:A0,ON,1863460,1780913049790,1863465,1780913049795,1949917,1780913048619,27,2026-06-08T10:04:10.2138896Z,,oasis/bottle
,,,0,,,local.mqtt.telegraf,44,42.64,,,08a6f769c348,08a6f769c348-546,546,08:A6:F7:69:C3:48,ON,1864039,1780913050369,1864043,1780913050373,1932486,1780913048428,27,2026-06-08T10:04:10.7854696Z,,oasis/bottle
,,,0,,,local.mqtt.telegraf,48,9.79,,,08a6f75abdf0,08a6f75abdf0-549,549,08:A6:F7:5A:BD:F0,ON,1864199,1780913050529,1864203,1780913050533,1903426,1780913048698,28,2026-06-08T10:04:10.9490497Z,,oasis/bottle
,,,0,,,local.mqtt.telegraf,48,32.3,,,08a6f76bd428,08a6f76bd428-546,546,08:A6:F7:6B:D4:28,ON,1864909,1780913051239,1864913,1780913051243,2005896,1780913051167,27,2026-06-08T10:04:11.6452087Z,,oasis/bottle
,,,0,,,local.mqtt.telegraf,50,45.65,,,08a6f7bb3c68,08a6f7bb3c68-550,550,08:A6:F7:BB:3C:68,ON,1865289,1780913051619,1865293,1780913051623,1973156,1780913051558,27,2026-06-08T10:04:12.0322551Z,,oasis/bottle
,,,0,,,local.mqtt.telegraf,46,42.79,,,2cbcbb0d97a0,2cbcbb0d97a0-544,544,2C:BC:BB:0D:97:A0,ON,1866869,1780913053199,1866873,1780913053203,1953326,1780913052178,27,2026-06-08T10:04:13.6204305Z,,oasis/bottle
,,,0,,,local.mqtt.telegraf,48,11.59,,,08a6f75abdf0,08a6f75abdf0-550,550,08:A6:F7:5A:BD:F0,ON,1867397,1780913053727,1867401,1780913053731,1906617,1780913051959,28,2026-06-08T10:04:14.1131426Z,,oasis/bottle
,,,0,,,local.mqtt.telegraf,47,34.21,,,08a6f76bd428,08a6f76bd428-547,547,08:A6:F7:6B:D4:28,ON,1868149,1780913054479,1868153,1780913054483,2009136,1780913054407,27,2026-06-08T10:04:14.8910188Z,,oasis/bottle
,,,0,,,local.mqtt.telegraf,49,46.4,,,08a6f7bb3c68,08a6f7bb3c68-551,551,08:A6:F7:BB:3C:68,ON,1868559,1780913054889,1868564,1780913054894,1976427,1780913054829,27,2026-06-08T10:04:15.2995141Z,,oasis/bottle
,,,0,,,local.mqtt.telegraf,46,43.18,,,2cbcbb0d97a0,2cbcbb0d97a0-545,545,2C:BC:BB:0D:97:A0,ON,1870069,1780913056399,1870073,1780913056403,1956526,1780913055378,27,2026-06-08T10:04:16.8191871Z,,oasis/bottle
,,,0,,,local.mqtt.telegraf,44,44.05,,,08a6f769c348,08a6f769c348-548,548,08:A6:F7:69:C3:48,ON,1870657,1780913056988,1870662,1780913056992,1939096,1780913055378,27,2026-06-08T10:04:17.380065Z,,oasis/bottle
,,,0,,,local.mqtt.telegraf,47,33.87,,,08a6f76bd428,08a6f76bd428-548,548,08:A6:F7:6B:D4:28,ON,1871499,1780913057829,1871503,1780913057833,2012486,1780913057757,27,2026-06-08T10:04:18.2383326Z,,oasis/bottle
,,,0,,,local.mqtt.telegraf,50,46.51,,,08a6f7bb3c68,08a6f7bb3c68-552,552,08:A6:F7:BB:3C:68,ON,1871969,1780913058299,1871973,1780913058303,1979836,1780913058238,27,2026-06-08T10:04:18.7089746Z,,oasis/bottle
,,,0,,,local.mqtt.telegraf,46,42.16,,,2cbcbb0d97a0,2cbcbb0d97a0-546,546,2C:BC:BB:0D:97:A0,ON,1873339,1780913059669,1873344,1780913059674,1959796,1780913058648,27,2026-06-08T10:04:20.0909884Z,,oasis/bottle
,,,0,,,local.mqtt.telegraf,44,42.98,,,08a6f769c348,08a6f769c348-549,549,08:A6:F7:69:C3:48,ON,1873839,1780913060169,1873843,1780913060173,1942287,1780913058569,27,2026-06-08T10:04:20.5853301Z,,oasis/bottle
,,,0,,,local.mqtt.telegraf,47,4.94,,,08a6f75abdf0,08a6f75abdf0-552,552,08:A6:F7:5A:BD:F0,ON,1873986,1780913060316,1873991,1780913060321,1913207,1780913058549,28,2026-06-08T10:04:20.7270695Z,,oasis/bottle
,,,0,,,local.mqtt.telegraf,48,31.82,,,08a6f76bd428,08a6f76bd428-549,549,08:A6:F7:6B:D4:28,ON,1874819,1780913061149,1874823,1780913061153,2015806,1780913061077,27,2026-06-08T10:04:21.5603169Z,,oasis/bottle
,,,0,,,local.mqtt.telegraf,49,45.38,,,08a6f7bb3c68,08a6f7bb3c68-553,553,08:A6:F7:BB:3C:68,ON,1875169,1780913061499,1875173,1780913061503,1983037,1780913061439,27,2026-06-08T10:04:21.9128139Z,,oasis/bottle
,,,0,,,local.mqtt.telegraf,46,41.25,,,2cbcbb0d97a0,2cbcbb0d97a0-547,547,2C:BC:BB:0D:97:A0,ON,1876739,1780913063070,1876744,1780913063074,1963197,1780913062199,27,2026-06-08T10:04:23.4935743Z,,oasis/bottle
,,,0,,,local.mqtt.telegraf,44,42.04,,,08a6f769c348,08a6f769c348-550,550,08:A6:F7:69:C3:48,ON,1877089,1780913063419,1877093,1780913063423,1945536,1780913062048,27,2026-06-08T10:04:23.8424916Z,,oasis/bottle
,,,0,,,local.mqtt.telegraf,48,3.14,,,08a6f75abdf0,08a6f75abdf0-553,553,08:A6:F7:5A:BD:F0,ON,1877309,1780913063639,1877313,1780913063643,1916536,1780913062128,28,2026-06-08T10:04:24.0529685Z,,oasis/bottle
,,,0,,,local.mqtt.telegraf,48,30.85,,,08a6f76bd428,08a6f76bd428-550,550,08:A6:F7:6B:D4:28,ON,1878079,1780913064409,1878083,1780913064413,2019066,1780913062058,27,2026-06-08T10:04:24.816635Z,,oasis/bottle
,,,0,,,local.mqtt.telegraf,50,44.86,,,08a6f7bb3c68,08a6f7bb3c68-554,554,08:A6:F7:BB:3C:68,ON,1878439,1780913064769,1878443,1780913064773,1986306,1780913064708,27,2026-06-08T10:04:25.1811388Z,,oasis/bottle
,,,0,,,local.mqtt.telegraf,46,40.8,,,2cbcbb0d97a0,2cbcbb0d97a0-548,548,2C:BC:BB:0D:97:A0,ON,1879929,1780913066259,1879933,1780913066263,1966386,1780913065388,27,2026-06-08T10:04:26.6794299Z,,oasis/bottle
,,,0,,,local.mqtt.telegraf,44,41.62,,,08a6f769c348,08a6f769c348-551,551,08:A6:F7:69:C3:48,ON,1880449,1780913066779,1880453,1780913066783,1948896,1780913065408,27,2026-06-08T10:04:27.1902128Z,,oasis/bottle
,,,0,,,local.mqtt.telegraf,48,6.51,,,08a6f75abdf0,08a6f75abdf0-554,554,08:A6:F7:5A:BD:F0,ON,1880599,1780913066929,1880603,1780913066933,1919826,1780913065418,28,2026-06-08T10:04:27.334497Z,,oasis/bottle
,,,0,,,local.mqtt.telegraf,48,30.42,,,08a6f76bd428,08a6f76bd428-551,551,08:A6:F7:6B:D4:28,ON,1881469,1780913067799,1881473,1780913067803,2022456,1780913065448,27,2026-06-08T10:04:28.2170643Z,,oasis/bottle
,,,0,,,local.mqtt.telegraf,49,44.54,,,08a6f7bb3c68,08a6f7bb3c68-555,555,08:A6:F7:BB:3C:68,ON,1881839,1780913068169,1881843,1780913068173,1989708,1780913068110,27,2026-06-08T10:04:28.585395Z,,oasis/bottle
,,,0,,,local.mqtt.telegraf,46,40.62,,,2cbcbb0d97a0,2cbcbb0d97a0-549,549,2C:BC:BB:0D:97:A0,ON,1883179,1780913069509,1883184,1780913069514,1969636,1780913068638,27,2026-06-08T10:04:29.9298882Z,,oasis/bottle
,,,0,,,local.mqtt.telegraf,48,7.25,,,08a6f75abdf0,08a6f75abdf0-555,555,08:A6:F7:5A:BD:F0,ON,1883799,1780913070129,1883803,1780913070133,1923026,1780913068618,28,2026-06-08T10:04:30.5400424Z,,oasis/bottle
,,,0,,,local.mqtt.telegraf,44,41.46,,,08a6f769c348,08a6f769c348-552,552,08:A6:F7:69:C3:48,ON,1883825,1780913070155,1883829,1780913070159,1952246,1780913068758,27,2026-06-08T10:04:30.5403756Z,,oasis/bottle
,,,0,,,local.mqtt.telegraf,48,30.43,,,08a6f76bd428,08a6f76bd428-552,552,08:A6:F7:6B:D4:28,ON,1884899,1780913071229,1884903,1780913071233,2025888,1780913071159,27,2026-06-08T10:04:31.6481717Z,,oasis/bottle
,,,0,,,local.mqtt.telegraf,49,44.47,,,08a6f7bb3c68,08a6f7bb3c68-556,556,08:A6:F7:BB:3C:68,ON,1885029,1780913071359,1885034,1780913071364,1992896,1780913071288,27,2026-06-08T10:04:31.77227Z,,oasis/bottle
,,,0,,,local.mqtt.telegraf,46,40.49,,,2cbcbb0d97a0,2cbcbb0d97a0-550,550,2C:BC:BB:0D:97:A0,ON,1886539,1780913072869,1886543,1780913072873,1972996,1780913072188,27,2026-06-08T10:04:33.286552Z,,oasis/bottle
,,,0,,,local.mqtt.telegraf,47,4.79,,,08a6f75abdf0,08a6f75abdf0-556,556,08:A6:F7:5A:BD:F0,ON,1887069,1780913073399,1887073,1780913073403,1926297,1780913072099,28,2026-06-08T10:04:33.8127425Z,,oasis/bottle
,,,0,,,local.mqtt.telegraf,44,41.45,,,08a6f769c348,08a6f769c348-553,553,08:A6:F7:69:C3:48,ON,1887130,1780913073460,1887135,1780913073465,1955577,1780913072159,27,2026-06-08T10:04:33.8458124Z,,oasis/bottle
,,,0,,,local.mqtt.telegraf,48,30.22,,,08a6f76bd428,08a6f76bd428-553,553,08:A6:F7:6B:D4:28,ON,1888129,1780913074459,1888133,1780913074463,2029116,1780913074387,27,2026-06-08T10:04:34.8747734Z,,oasis/bottle
,,,0,,,local.mqtt.telegraf,49,44.15,,,08a6f7bb3c68,08a6f7bb3c68-557,557,08:A6:F7:BB:3C:68,ON,1888279,1780913074609,1888283,1780913074613,1996147,1780913074539,27,2026-06-08T10:04:35.0174003Z,,oasis/bottle
,,,0,,,local.mqtt.telegraf,46,40.39,,,2cbcbb0d97a0,2cbcbb0d97a0-551,551,2C:BC:BB:0D:97:A0,ON,1889889,1780913076219,1889893,1780913076223,1976346,1780913075538,27,2026-06-08T10:04:36.6342016Z,,oasis/bottle
,,,0,,,local.mqtt.telegraf,44,41.48,,,08a6f769c348,08a6f769c348-554,554,08:A6:F7:69:C3:48,ON,1890409,1780913076739,1890413,1780913076743,1958856,1780913075438,27,2026-06-08T10:04:37.1568166Z,,oasis/bottle
,,,0,,,local.mqtt.telegraf,47,25.34,,,08a6f75abdf0,08a6f75abdf0-557,557,08:A6:F7:5A:BD:F0,ON,1890470,1780913076801,1890475,1780913076805,1929697,1780913075499,28,2026-06-08T10:04:37.1917566Z,,oasis/bottle
,,,0,,,local.mqtt.telegraf,48,30.73,,,08a6f76bd428,08a6f76bd428-554,554,08:A6:F7:6B:D4:28,ON,1891449,1780913077779,1891453,1780913077783,2032436,1780913077707,27,2026-06-08T10:04:38.190426Z,,oasis/bottle
,,,0,,,local.mqtt.telegraf,49,43.64,,,08a6f7bb3c68,08a6f7bb3c68-558,558,08:A6:F7:BB:3C:68,ON,1891649,1780913077979,1891653,1780913077983,1999516,1780913077908,27,2026-06-08T10:04:38.3875696Z,,oasis/bottle
,,,0,,,local.mqtt.telegraf,46,42.11,,,2cbcbb0d97a0,2cbcbb0d97a0-552,552,2C:BC:BB:0D:97:A0,ON,1893219,1780913079549,1893224,1780913079554,1979676,1780913078868,27,2026-06-08T10:04:39.9731184Z,,oasis/bottle
,,,0,,,local.mqtt.telegraf,44,41.48,,,08a6f769c348,08a6f769c348-555,555,08:A6:F7:69:C3:48,ON,1893599,1780913079929,1893603,1780913079933,1962046,1780913078628,27,2026-06-08T10:04:40.3490108Z,,oasis/bottle
,,,0,,,local.mqtt.telegraf,47,27.71,,,08a6f75abdf0,08a6f75abdf0-558,558,08:A6:F7:5A:BD:F0,ON,1893659,1780913079989,1893664,1780913079994,1932886,1780913078688,28,2026-06-08T10:04:40.3979301Z,,oasis/bottle
