#group,false,false,false,false,false,false,false,false,false,false,false,false,false,false,false,false,false,false,false,false,false,false,false,false,false
#datatype,string,double,double,double,string,string,double,double,string,double,string,string,double,string,string,double,double,double,double,double,double,double,dateTime:RFC3339,string,string
#default,,,,,,,,,,,,,,,,,,,,,,,,,
,ID,amplitude,bottle_no,bottle_np,device_id,host,humidity,light [%],mode,msg,node_id,packet_id,seq,sink_mac,status,t_gw_rx_ms,t_gw_rx_unix_ms,t_gw_tx_ms,t_gw_tx_unix_ms,t_node_ms,t_node_unix_ms,temp,time,timestamp,topic
,,,0,,,local.mqtt.telegraf,61,41.22,,,08a6f769c348,08a6f769c348-1,1,08:A6:F7:69:C3:48,ON,72039,1780667289722,72043,1780667289726,187297,1780667289642,23,2026-06-05T13:48:10.6885543Z,,oasis/bottle
,,,0,,,local.mqtt.telegraf,61,41.95,,,08a6f76bd428,08a6f76bd428-1,1,08:A6:F7:6B:D4:28,ON,72459,1780667290142,72463,1780667290146,229007,1780667290071,23,2026-06-05T13:48:11.0593453Z,,oasis/bottle
,,,0,,,local.mqtt.telegraf,61,28,,,08a6f75abdf0,08a6f75abdf0-1,1,08:A6:F7:5A:BD:F0,ON,72529,1780667290212,72533,1780667290216,139587,1780667290132,24,2026-06-05T13:48:11.1330814Z,,oasis/bottle
,,,0,,,local.mqtt.telegraf,59,40.68,,,08a6f769c348,08a6f769c348-2,2,08:A6:F7:69:C3:48,ON,75339,1780667293022,75343,1780667293026,190597,1780667292942,24,2026-06-05T13:48:13.937766Z,,oasis/bottle
,,,0,,,local.mqtt.telegraf,59,41.44,,,08a6f76bd428,08a6f76bd428-2,2,08:A6:F7:6B:D4:28,ON,75759,1780667293442,75763,1780667293446,232306,1780667293370,24,2026-06-05T13:48:14.3513974Z,,oasis/bottle
,,,0,,,local.mqtt.telegraf,58,28.84,,,08a6f75abdf0,08a6f75abdf0-2,2,08:A6:F7:5A:BD:F0,ON,75830,1780667293513,75834,1780667293517,142887,1780667293432,25,2026-06-05T13:48:14.4300181Z,,oasis/bottle
,,,0,,,local.mqtt.telegraf,59,40.74,,,08a6f769c348,08a6f769c348-3,3,08:A6:F7:69:C3:48,ON,78649,1780667296332,78653,1780667296336,193907,1780667296252,24,2026-06-05T13:48:17.2460807Z,,oasis/bottle
,,,0,,,local.mqtt.telegraf,58,41.74,,,08a6f76bd428,08a6f76bd428-3,3,08:A6:F7:6B:D4:28,ON,79069,1780667296752,79073,1780667296756,235616,1780667296680,24,2026-06-05T13:48:17.6702531Z,,oasis/bottle
,,,0,,,local.mqtt.telegraf,58,29.01,,,08a6f75abdf0,08a6f75abdf0-3,3,08:A6:F7:5A:BD:F0,ON,79128,1780667296811,79135,1780667296818,146187,1780667296732,25,2026-06-05T13:48:17.7440518Z,,oasis/bottle
,,,0,,,local.mqtt.telegraf,59,40.82,,,08a6f769c348,08a6f769c348-4,4,08:A6:F7:69:C3:48,ON,81949,1780667299632,81953,1780667299636,197207,1780667299552,24,2026-06-05T13:48:20.5314823Z,,oasis/bottle
,,,0,,,local.mqtt.telegraf,58,41.72,,,08a6f76bd428,08a6f76bd428-4,4,08:A6:F7:6B:D4:28,ON,82369,1780667300052,82373,1780667300056,238916,1780667299980,24,2026-06-05T13:48:20.9600101Z,,oasis/bottle
,,,0,,,local.mqtt.telegraf,58,29.01,,,08a6f75abdf0,08a6f75abdf0-4,4,08:A6:F7:5A:BD:F0,ON,82432,1780667300115,82436,1780667300119,149487,1780667300032,25,2026-06-05T13:48:21.0431679Z,,oasis/bottle
,,,0,,,local.mqtt.telegraf,59,40.82,,,08a6f769c348,08a6f769c348-5,5,08:A6:F7:69:C3:48,ON,85250,1780667302933,85254,1780667302937,200506,1780667302851,24,2026-06-05T13:48:23.842323Z,,oasis/bottle
,,,0,,,local.mqtt.telegraf,58,41.92,,,08a6f76bd428,08a6f76bd428-5,5,08:A6:F7:6B:D4:28,ON,85669,1780667303352,85673,1780667303356,242216,1780667303280,24,2026-06-05T13:48:24.2585335Z,,oasis/bottle
,,,0,,,local.mqtt.telegraf,58,29.01,,,08a6f75abdf0,08a6f75abdf0-5,5,08:A6:F7:5A:BD:F0,ON,85729,1780667303412,85736,1780667303419,152786,1780667303331,25,2026-06-05T13:48:24.3363176Z,,oasis/bottle
,,,0,,,local.mqtt.telegraf,59,40.82,,,08a6f769c348,08a6f769c348-6,6,08:A6:F7:69:C3:48,ON,88549,1780667306232,88553,1780667306236,203806,1780667306151,24,2026-06-05T13:48:27.1347956Z,,oasis/bottle
,,,0,,,local.mqtt.telegraf,58,42.16,,,08a6f76bd428,08a6f76bd428-6,6,08:A6:F7:6B:D4:28,ON,88969,1780667306652,88973,1780667306656,245517,1780667306581,24,2026-06-05T13:48:27.5568825Z,,oasis/bottle
,,,0,,,local.mqtt.telegraf,58,28.46,,,08a6f75abdf0,08a6f75abdf0-6,6,08:A6:F7:5A:BD:F0,ON,89031,1780667306714,89036,1780667306719,156086,1780667306631,25,2026-06-05T13:48:27.6359753Z,,oasis/bottle
,,,0,,,local.mqtt.telegraf,59,40.62,,,08a6f769c348,08a6f769c348-7,7,08:A6:F7:69:C3:48,ON,91849,1780667309532,91853,1780667309536,207107,1780667309452,24,2026-06-05T13:48:30.4428138Z,,oasis/bottle
,,,0,,,local.mqtt.telegraf,58,41.91,,,08a6f76bd428,08a6f76bd428-7,7,08:A6:F7:6B:D4:28,ON,92269,1780667309952,92273,1780667309956,248817,1780667309881,24,2026-06-05T13:48:30.8560424Z,,oasis/bottle
,,,0,,,local.mqtt.telegraf,58,28.37,,,08a6f75abdf0,08a6f75abdf0-7,7,08:A6:F7:5A:BD:F0,ON,92330,1780667310013,92334,1780667310017,159387,1780667309932,25,2026-06-05T13:48:30.9504014Z,,oasis/bottle
,,,0,,,local.mqtt.telegraf,59,40.62,,,08a6f769c348,08a6f769c348-8,8,08:A6:F7:69:C3:48,ON,95149,1780667312832,95153,1780667312836,210406,1780667312751,24,2026-06-05T13:48:33.7467227Z,,oasis/bottle
,,,0,,,local.mqtt.telegraf,58,41.48,,,08a6f76bd428,08a6f76bd428-8,8,08:A6:F7:6B:D4:28,ON,95569,1780667313252,95573,1780667313256,252116,1780667313180,24,2026-06-05T13:48:34.1471886Z,,oasis/bottle
,,,0,,,local.mqtt.telegraf,58,28.72,,,08a6f75abdf0,08a6f75abdf0-8,8,08:A6:F7:5A:BD:F0,ON,95630,1780667313313,95634,1780667313317,162686,1780667313231,25,2026-06-05T13:48:34.230502Z,,oasis/bottle
,,,0,,,local.mqtt.telegraf,58,40.53,,,08a6f769c348,08a6f769c348-9,9,08:A6:F7:69:C3:48,ON,98449,1780667316132,98453,1780667316136,213706,1780667316051,24,2026-06-05T13:48:37.0436515Z,,oasis/bottle
,,,0,,,local.mqtt.telegraf,58,41.89,,,08a6f76bd428,08a6f76bd428-9,9,08:A6:F7:6B:D4:28,ON,98869,1780667316552,98874,1780667316557,255416,1780667316480,24,2026-06-05T13:48:37.461273Z,,oasis/bottle
,,,0,,,local.mqtt.telegraf,58,29,,,08a6f75abdf0,08a6f75abdf0-9,9,08:A6:F7:5A:BD:F0,ON,98931,1780667316614,98936,1780667316619,165986,1780667316531,25,2026-06-05T13:48:37.5377312Z,,oasis/bottle
,,,0,,,local.mqtt.telegraf,58,40.66,,,08a6f769c348,08a6f769c348-10,10,08:A6:F7:69:C3:48,ON,101749,1780667319432,101753,1780667319436,217008,1780667319353,24,2026-06-05T13:48:40.3389538Z,,oasis/bottle
,,,0,,,local.mqtt.telegraf,58,41.74,,,08a6f76bd428,08a6f76bd428-10,10,08:A6:F7:6B:D4:28,ON,102169,1780667319852,102173,1780667319856,258717,1780667319771,24,2026-06-05T13:48:40.7545557Z,,oasis/bottle
,,,0,,,local.mqtt.telegraf,58,28.98,,,08a6f75abdf0,08a6f75abdf0-10,10,08:A6:F7:5A:BD:F0,ON,102229,1780667319912,102234,1780667319917,169286,1780667319821,25,2026-06-05T13:48:40.8299037Z,,oasis/bottle
,,,0,,,local.mqtt.telegraf,58,40.63,,,08a6f769c348,08a6f769c348-11,11,08:A6:F7:69:C3:48,ON,105069,1780667322752,105073,1780667322756,220326,1780667322671,24,2026-06-05T13:48:43.6651378Z,,oasis/bottle
,,,0,,,local.mqtt.telegraf,58,41.7,,,08a6f76bd428,08a6f76bd428-11,11,08:A6:F7:6B:D4:28,ON,105469,1780667323152,105473,1780667323156,262016,1780667323070,24,2026-06-05T13:48:44.0646462Z,,oasis/bottle
,,,0,,,local.mqtt.telegraf,58,29,,,08a6f75abdf0,08a6f75abdf0-11,11,08:A6:F7:5A:BD:F0,ON,105531,1780667323214,105537,1780667323220,172586,1780667323121,25,2026-06-05T13:48:44.1465192Z,,oasis/bottle
,,,0,,,local.mqtt.telegraf,58,40.62,,,08a6f769c348,08a6f769c348-12,12,08:A6:F7:69:C3:48,ON,108369,1780667326052,108373,1780667326056,223626,1780667325971,24,2026-06-05T13:48:46.9617179Z,,oasis/bottle
,,,0,,,local.mqtt.telegraf,58,41.91,,,08a6f76bd428,08a6f76bd428-12,12,08:A6:F7:6B:D4:28,ON,108769,1780667326452,108773,1780667326456,265316,1780667326370,24,2026-06-05T13:48:47.3539143Z,,oasis/bottle
,,,0,,,local.mqtt.telegraf,58,28.94,,,08a6f75abdf0,08a6f75abdf0-12,12,08:A6:F7:5A:BD:F0,ON,108830,1780667326513,108834,1780667326517,175886,1780667326421,25,2026-06-05T13:48:47.4364447Z,,oasis/bottle
,,,0,,,local.mqtt.telegraf,58,40.79,,,08a6f769c348,08a6f769c348-13,13,08:A6:F7:69:C3:48,ON,111669,1780667329352,111674,1780667329357,226926,1780667329271,24,2026-06-05T13:48:50.2556978Z,,oasis/bottle
,,,0,,,local.mqtt.telegraf,58,41.78,,,08a6f76bd428,08a6f76bd428-13,13,08:A6:F7:6B:D4:28,ON,112069,1780667329752,112073,1780667329756,268617,1780667329681,24,2026-06-05T13:48:50.6587723Z,,oasis/bottle
,,,0,,,local.mqtt.telegraf,57,28.98,,,08a6f75abdf0,08a6f75abdf0-13,13,08:A6:F7:5A:BD:F0,ON,112131,1780667329814,112136,1780667329819,179187,1780667329722,25,2026-06-05T13:48:50.7269915Z,,oasis/bottle
,,,0,,,local.mqtt.telegraf,58,40.83,,,08a6f769c348,08a6f769c348-14,14,08:A6:F7:69:C3:48,ON,114969,1780667332652,114973,1780667332656,230226,1780667330331,24,2026-06-05T13:48:53.5664116Z,,oasis/bottle
,,,0,,,local.mqtt.telegraf,58,41.81,,,08a6f76bd428,08a6f76bd428-14,14,08:A6:F7:6B:D4:28,ON,115369,1780667333052,115373,1780667333056,271916,1780667332980,24,2026-06-05T13:48:53.951472Z,,oasis/bottle
,,,0,,,local.mqtt.telegraf,57,29.17,,,08a6f75abdf0,08a6f75abdf0-14,14,08:A6:F7:5A:BD:F0,ON,115429,1780667333112,115434,1780667333117,182487,1780667333022,25,2026-06-05T13:48:54.024704Z,,oasis/bottle
,,,0,,,local.mqtt.telegraf,58,40.82,,,08a6f769c348,08a6f769c348-15,15,08:A6:F7:69:C3:48,ON,118269,1780667335952,118273,1780667335956,233526,1780667333631,24,2026-06-05T13:48:56.8699937Z,,oasis/bottle
,,,0,,,local.mqtt.telegraf,58,41.89,,,08a6f76bd428,08a6f76bd428-15,15,08:A6:F7:6B:D4:28,ON,118669,1780667336352,118673,1780667336356,275216,1780667336280,24,2026-06-05T13:48:57.2549304Z,,oasis/bottle
,,,0,,,local.mqtt.telegraf,57,29.16,,,08a6f75abdf0,08a6f75abdf0-15,15,08:A6:F7:5A:BD:F0,ON,118732,1780667336415,118737,1780667336420,185787,1780667336322,25,2026-06-05T13:48:57.3294943Z,,oasis/bottle
,,,0,,,local.mqtt.telegraf,58,40.68,,,08a6f769c348,08a6f769c348-16,16,08:A6:F7:69:C3:48,ON,121579,1780667339262,121583,1780667339266,236836,1780667336941,24,2026-06-05T13:49:00.1739558Z,,oasis/bottle
,,,0,,,local.mqtt.telegraf,58,41.76,,,08a6f76bd428,08a6f76bd428-16,16,08:A6:F7:6B:D4:28,ON,121969,1780667339652,121973,1780667339656,278516,1780667339580,24,2026-06-05T13:49:00.5521691Z,,oasis/bottle
,,,0,,,local.mqtt.telegraf,57,29.27,,,08a6f75abdf0,08a6f75abdf0-16,16,08:A6:F7:5A:BD:F0,ON,122030,1780667339713,122035,1780667339718,189087,1780667339632,25,2026-06-05T13:49:00.6247763Z,,oasis/bottle
,,,0,,,local.mqtt.telegraf,58,40.8,,,08a6f769c348,08a6f769c348-17,17,08:A6:F7:69:C3:48,ON,124879,1780667342562,124884,1780667342567,240137,1780667340352,24,2026-06-05T13:49:03.4636802Z,,oasis/bottle
,,,0,,,local.mqtt.telegraf,58,41.69,,,08a6f76bd428,08a6f76bd428-17,17,08:A6:F7:6B:D4:28,ON,125269,1780667342952,125273,1780667342956,281816,1780667342880,24,2026-06-05T13:49:03.847625Z,,oasis/bottle
,,,0,,,local.mqtt.telegraf,57,29.23,,,08a6f75abdf0,08a6f75abdf0-17,17,08:A6:F7:5A:BD:F0,ON,125331,1780667343014,125336,1780667343019,192387,1780667342932,25,2026-06-05T13:49:03.9379635Z,,oasis/bottle
,,,0,,,local.mqtt.telegraf,58,40.84,,,08a6f769c348,08a6f769c348-18,18,08:A6:F7:69:C3:48,ON,128179,1780667345862,128183,1780667345866,243437,1780667343652,24,2026-06-05T13:49:06.7708244Z,,oasis/bottle
,,,0,,,local.mqtt.telegraf,58,41.6,,,08a6f76bd428,08a6f76bd428-18,18,08:A6:F7:6B:D4:28,ON,128569,1780667346252,128574,1780667346257,285116,1780667346180,24,2026-06-05T13:49:07.1587622Z,,oasis/bottle
,,,0,,,local.mqtt.telegraf,57,29.05,,,08a6f75abdf0,08a6f75abdf0-18,18,08:A6:F7:5A:BD:F0,ON,128631,1780667346314,128636,1780667346319,195686,1780667346231,25,2026-06-05T13:49:07.2330628Z,,oasis/bottle
,,,0,,,local.mqtt.telegraf,58,40.9,,,08a6f769c348,08a6f769c348-19,19,08:A6:F7:69:C3:48,ON,131478,1780667349162,131483,1780667349166,246737,1780667346952,24,2026-06-05T13:49:10.0694612Z,,oasis/bottle
,,,0,,,local.mqtt.telegraf,57,41.56,,,08a6f76bd428,08a6f76bd428-19,19,08:A6:F7:6B:D4:28,ON,131869,1780667349552,131873,1780667349556,288416,1780667349479,24,2026-06-05T13:49:10.4519039Z,,oasis/bottle
,,,0,,,local.mqtt.telegraf,57,29.29,,,08a6f75abdf0,08a6f75abdf0-19,19,08:A6:F7:5A:BD:F0,ON,131930,1780667349613,131934,1780667349617,198987,1780667349531,25,2026-06-05T13:49:10.5286856Z,,oasis/bottle
,,,0,,,local.mqtt.telegraf,58,40.91,,,08a6f769c348,08a6f769c348-20,20,08:A6:F7:69:C3:48,ON,134809,1780667352492,134814,1780667352497,250067,1780667350371,24,2026-06-05T13:49:13.4013484Z,,oasis/bottle
,,,0,,,local.mqtt.telegraf,57,41.76,,,08a6f76bd428,08a6f76bd428-20,20,08:A6:F7:6B:D4:28,ON,135169,1780667352852,135173,1780667352856,291716,1780667352779,24,2026-06-05T13:49:13.7541886Z,,oasis/bottle
,,,0,,,local.mqtt.telegraf,57,29.37,,,08a6f75abdf0,08a6f75abdf0-20,20,08:A6:F7:5A:BD:F0,ON,135232,1780667352915,135236,1780667352919,202286,1780667352830,25,2026-06-05T13:49:13.8354867Z,,oasis/bottle
,,,0,,,local.mqtt.telegraf,58,40.91,,,08a6f769c348,08a6f769c348-21,21,08:A6:F7:69:C3:48,ON,138109,1780667355792,138113,1780667355796,253367,1780667353671,24,2026-06-05T13:49:16.6955483Z,,oasis/bottle
,,,0,,,local.mqtt.telegraf,57,41.69,,,08a6f76bd428,08a6f76bd428-21,21,08:A6:F7:6B:D4:28,ON,138469,1780667356152,138473,1780667356156,295016,1780667356079,24,2026-06-05T13:49:17.0604723Z,,oasis/bottle
,,,0,,,local.mqtt.telegraf,57,29.19,,,08a6f75abdf0,08a6f75abdf0-21,21,08:A6:F7:5A:BD:F0,ON,138530,1780667356213,138535,1780667356218,205587,1780667356131,25,2026-06-05T13:49:17.1328815Z,,oasis/bottle
,,,0,,,local.mqtt.telegraf,58,40.91,,,08a6f769c348,08a6f769c348-22,22,08:A6:F7:69:C3:48,ON,141409,1780667359092,141413,1780667359096,256667,1780667356971,24,2026-06-05T13:49:19.9855144Z,,oasis/bottle
,,,0,,,local.mqtt.telegraf,57,41.76,,,08a6f76bd428,08a6f76bd428-22,22,08:A6:F7:6B:D4:28,ON,141769,1780667359452,141774,1780667359457,298316,1780667359379,24,2026-06-05T13:49:20.3546179Z,,oasis/bottle
,,,0,,,local.mqtt.telegraf,57,29.53,,,08a6f75abdf0,08a6f75abdf0-22,22,08:A6:F7:5A:BD:F0,ON,141849,1780667359532,141853,1780667359536,208909,1780667359434,25,2026-06-05T13:49:20.4341534Z,,oasis/bottle
,,,0,,,local.mqtt.telegraf,58,41.02,,,08a6f769c348,08a6f769c348-23,23,08:A6:F7:69:C3:48,ON,144719,1780667362402,144723,1780667362406,259977,1780667360392,24,2026-06-05T13:49:23.2971906Z,,oasis/bottle
,,,0,,,local.mqtt.telegraf,57,41.77,,,08a6f76bd428,08a6f76bd428-23,23,08:A6:F7:6B:D4:28,ON,145069,1780667362752,145073,1780667362756,301616,1780667360400,24,2026-06-05T13:49:23.6532994Z,,oasis/bottle
,,,0,,,local.mqtt.telegraf,57,29.4,,,08a6f75abdf0,08a6f75abdf0-23,23,08:A6:F7:5A:BD:F0,ON,145149,1780667362832,145154,1780667362837,212206,1780667362731,25,2026-06-05T13:49:23.7272133Z,,oasis/bottle
,,,0,,,local.mqtt.telegraf,58,41.05,,,08a6f769c348,08a6f769c348-24,24,08:A6:F7:69:C3:48,ON,148019,1780667365702,148024,1780667365707,263276,1780667363691,24,2026-06-05T13:49:26.6088266Z,,oasis/bottle
,,,0,,,local.mqtt.telegraf,57,42,,,08a6f76bd428,08a6f76bd428-24,24,08:A6:F7:6B:D4:28,ON,148369,1780667366052,148373,1780667366056,304916,1780667363700,24,2026-06-05T13:49:26.9531048Z,,oasis/bottle
,,,0,,,local.mqtt.telegraf,57,29.45,,,08a6f75abdf0,08a6f75abdf0-24,24,08:A6:F7:5A:BD:F0,ON,148449,1780667366132,148453,1780667366136,215506,1780667366031,25,2026-06-05T13:49:27.0650531Z,,oasis/bottle
,,,0,,,local.mqtt.telegraf,58,40.99,,,08a6f769c348,08a6f769c348-25,25,08:A6:F7:69:C3:48,ON,151319,1780667369002,151323,1780667369006,266576,1780667366991,24,2026-06-05T13:49:29.9046609Z,,oasis/bottle
,,,0,,,local.mqtt.telegraf,57,41.6,,,08a6f76bd428,08a6f76bd428-25,25,08:A6:F7:6B:D4:28,ON,151669,1780667369352,151673,1780667369356,308216,1780667367000,24,2026-06-05T13:49:30.255487Z,,oasis/bottle
,,,0,,,local.mqtt.telegraf,57,29.52,,,08a6f75abdf0,08a6f75abdf0-25,25,08:A6:F7:5A:BD:F0,ON,151749,1780667369432,151753,1780667369436,218807,1780667369332,25,2026-06-05T13:49:30.3385036Z,,oasis/bottle
,,,0,,,local.mqtt.telegraf,58,40.96,,,08a6f769c348,08a6f769c348-26,26,08:A6:F7:69:C3:48,ON,154619,1780667372302,154623,1780667372306,269876,1780667370429,25,2026-06-05T13:49:33.2048219Z,,oasis/bottle
,,,0,,,local.mqtt.telegraf,57,41.72,,,08a6f76bd428,08a6f76bd428-26,26,08:A6:F7:6B:D4:28,ON,154969,1780667372652,154973,1780667372656,311517,1780667370430,24,2026-06-05T13:49:33.5464538Z,,oasis/bottle
,,,0,,,local.mqtt.telegraf,57,29.48,,,08a6f75abdf0,08a6f75abdf0-26,26,08:A6:F7:5A:BD:F0,ON,155049,1780667372732,155053,1780667372736,222107,1780667370431,25,2026-06-05T13:49:33.6305707Z,,oasis/bottle
,,,0,,,local.mqtt.telegraf,58,41.05,,,08a6f769c348,08a6f769c348-27,27,08:A6:F7:69:C3:48,ON,157919,1780667375602,157923,1780667375606,273176,1780667373729,25,2026-06-05T13:49:36.5036008Z,,oasis/bottle
,,,0,,,local.mqtt.telegraf,57,41.65,,,08a6f76bd428,08a6f76bd428-27,27,08:A6:F7:6B:D4:28,ON,158269,1780667375952,158274,1780667375957,314816,1780667373729,24,2026-06-05T13:49:36.8485701Z,,oasis/bottle
,,,0,,,local.mqtt.telegraf,57,29.51,,,08a6f75abdf0,08a6f75abdf0-27,27,08:A6:F7:5A:BD:F0,ON,158349,1780667376032,158353,1780667376036,225407,1780667373731,25,2026-06-05T13:49:36.9269965Z,,oasis/bottle
,,,0,,,local.mqtt.telegraf,57,41.05,,,08a6f769c348,08a6f769c348-28,28,08:A6:F7:69:C3:48,ON,161219,1780667378902,161223,1780667378906,276476,1780667377029,25,2026-06-05T13:49:39.8005955Z,,oasis/bottle
,,,0,,,local.mqtt.telegraf,57,41.82,,,08a6f76bd428,08a6f76bd428-28,28,08:A6:F7:6B:D4:28,ON,161569,1780667379252,161573,1780667379256,318116,1780667377029,24,2026-06-05T13:49:40.1469183Z,,oasis/bottle
,,,0,,,local.mqtt.telegraf,57,29.59,,,08a6f75abdf0,08a6f75abdf0-28,28,08:A6:F7:5A:BD:F0,ON,161649,1780667379332,161653,1780667379336,228707,1780667377031,25,2026-06-05T13:49:40.2308292Z,,oasis/bottle
,,,0,,,local.mqtt.telegraf,57,41.05,,,08a6f769c348,08a6f769c348-29,29,08:A6:F7:69:C3:48,ON,164519,1780667382202,164523,1780667382206,279777,1780667380460,25,2026-06-05T13:49:43.1004956Z,,oasis/bottle
,,,0,,,local.mqtt.telegraf,57,41.74,,,08a6f76bd428,08a6f76bd428-29,29,08:A6:F7:6B:D4:28,ON,164869,1780667382552,164874,1780667382557,321416,1780667380458,24,2026-06-05T13:49:43.4528696Z,,oasis/bottle
,,,0,,,local.mqtt.telegraf,57,29.68,,,08a6f75abdf0,08a6f75abdf0-29,29,08:A6:F7:5A:BD:F0,ON,164949,1780667382632,164953,1780667382636,232007,1780667380460,25,2026-06-05T13:49:43.5842786Z,,oasis/bottle
,,,0,,,local.mqtt.telegraf,57,41.09,,,08a6f769c348,08a6f769c348-30,30,08:A6:F7:69:C3:48,ON,167819,1780667385502,167823,1780667385506,283076,1780667383759,25,2026-06-05T13:49:46.4051136Z,,oasis/bottle
,,,0,,,local.mqtt.telegraf,57,41.82,,,08a6f76bd428,08a6f76bd428-30,30,08:A6:F7:6B:D4:28,ON,168169,1780667385852,168173,1780667385856,324716,1780667383758,24,2026-06-05T13:49:46.7524987Z,,oasis/bottle
,,,0,,,local.mqtt.telegraf,57,29.66,,,08a6f75abdf0,08a6f75abdf0-30,30,08:A6:F7:5A:BD:F0,ON,168249,1780667385932,168253,1780667385936,235307,1780667383760,25,2026-06-05T13:49:46.7877801Z,,oasis/bottle
,,,0,,,local.mqtt.telegraf,57,41.23,,,08a6f769c348,08a6f769c348-31,31,08:A6:F7:69:C3:48,ON,171119,1780667388802,171123,1780667388806,286376,1780667387059,25,2026-06-05T13:49:49.7033468Z,,oasis/bottle
,,,0,,,local.mqtt.telegraf,57,41.93,,,08a6f76bd428,08a6f76bd428-31,31,08:A6:F7:6B:D4:28,ON,171469,1780667389152,171474,1780667389157,328016,1780667387058,24,2026-06-05T13:49:50.0443943Z,,oasis/bottle
,,,0,,,local.mqtt.telegraf,57,29.75,,,08a6f75abdf0,08a6f75abdf0-31,31,08:A6:F7:5A:BD:F0,ON,171549,1780667389232,171553,1780667389236,238606,1780667387059,25,2026-06-05T13:49:50.1272367Z,,oasis/bottle
,,,0,,,local.mqtt.telegraf,57,41.25,,,08a6f769c348,08a6f769c348-32,32,08:A6:F7:69:C3:48,ON,174419,1780667392102,174423,1780667392106,289677,1780667390482,25,2026-06-05T13:49:53.0057418Z,,oasis/bottle
,,,0,,,local.mqtt.telegraf,57,41.77,,,08a6f76bd428,08a6f76bd428-32,32,08:A6:F7:6B:D4:28,ON,174769,1780667392452,174773,1780667392456,331316,1780667390480,24,2026-06-05T13:49:53.3536441Z,,oasis/bottle
,,,0,,,local.mqtt.telegraf,57,29.71,,,08a6f75abdf0,08a6f75abdf0-32,32,08:A6:F7:5A:BD:F0,ON,174849,1780667392532,174854,1780667392537,241906,1780667390481,25,2026-06-05T13:49:53.3884473Z,,oasis/bottle
,,,0,,,local.mqtt.telegraf,57,41.05,,,08a6f769c348,08a6f769c348-33,33,08:A6:F7:69:C3:48,ON,177739,1780667395422,177743,1780667395426,292996,1780667393801,25,2026-06-05T13:49:56.3237265Z,,oasis/bottle
,,,0,,,local.mqtt.telegraf,57,41.7,,,08a6f76bd428,08a6f76bd428-33,33,08:A6:F7:6B:D4:28,ON,178069,1780667395752,178073,1780667395756,334616,1780667393780,24,2026-06-05T13:49:56.6479486Z,,oasis/bottle
,,,0,,,local.mqtt.telegraf,57,29.45,,,08a6f75abdf0,08a6f75abdf0-33,33,08:A6:F7:5A:BD:F0,ON,178149,1780667395832,178153,1780667395836,245206,1780667393781,25,2026-06-05T13:49:56.7293707Z,,oasis/bottle
,,,0,,,local.mqtt.telegraf,57,41.13,,,08a6f769c348,08a6f769c348-34,34,08:A6:F7:69:C3:48,ON,181039,1780667398722,181043,1780667398726,296296,1780667397101,25,2026-06-05T13:49:59.6233283Z,,oasis/bottle
,,,0,,,local.mqtt.telegraf,57,41.99,,,08a6f76bd428,08a6f76bd428-34,34,08:A6:F7:6B:D4:28,ON,181369,1780667399052,181373,1780667399056,337916,1780667397080,24,2026-06-05T13:49:59.9437989Z,,oasis/bottle
,,,0,,,local.mqtt.telegraf,56,29.63,,,08a6f75abdf0,08a6f75abdf0-34,34,08:A6:F7:5A:BD:F0,ON,181449,1780667399132,181453,1780667399136,248507,1780667397082,25,2026-06-05T13:50:00.027522Z,,oasis/bottle
,,,0,,,local.mqtt.telegraf,57,41.05,,,08a6f769c348,08a6f769c348-35,35,08:A6:F7:69:C3:48,ON,184339,1780667402022,184343,1780667402026,299597,1780667400511,25,2026-06-05T13:50:02.9213041Z,,oasis/bottle
,,,0,,,local.mqtt.telegraf,57,41.84,,,08a6f76bd428,08a6f76bd428-35,35,08:A6:F7:6B:D4:28,ON,184669,1780667402352,184673,1780667402356,341217,1780667400510,24,2026-06-05T13:50:03.2452545Z,,oasis/bottle
,,,0,,,local.mqtt.telegraf,56,29.37,,,08a6f75abdf0,08a6f75abdf0-35,35,08:A6:F7:5A:BD:F0,ON,184749,1780667402432,184753,1780667402436,251807,1780667400510,25,2026-06-05T13:50:03.2769273Z,,oasis/bottle
,,,0,,,local.mqtt.telegraf,57,41.13,,,08a6f769c348,08a6f769c348-36,36,08:A6:F7:69:C3:48,ON,187639,1780667405322,187643,1780667405326,302896,1780667403810,25,2026-06-05T13:50:06.2135577Z,,oasis/bottle
,,,0,,,local.mqtt.telegraf,57,41.97,,,08a6f76bd428,08a6f76bd428-36,36,08:A6:F7:6B:D4:28,ON,187969,1780667405652,187973,1780667405656,344516,1780667403809,24,2026-06-05T13:50:06.5468144Z,,oasis/bottle
,,,0,,,local.mqtt.telegraf,56,29.7,,,08a6f75abdf0,08a6f75abdf0-36,36,08:A6:F7:5A:BD:F0,ON,188049,1780667405733,188054,1780667405737,255107,1780667403810,25,2026-06-05T13:50:06.6194349Z,,oasis/bottle
,,,0,,,local.mqtt.telegraf,57,41.13,,,08a6f769c348,08a6f769c348-37,37,08:A6:F7:69:C3:48,ON,190939,1780667408622,190943,1780667408626,306197,1780667407111,25,2026-06-05T13:50:09.5395484Z,,oasis/bottle
,,,0,,,local.mqtt.telegraf,57,42.04,,,08a6f76bd428,08a6f76bd428-37,37,08:A6:F7:6B:D4:28,ON,191269,1780667408952,191273,1780667408956,347816,1780667407109,24,2026-06-05T13:50:09.8451052Z,,oasis/bottle
,,,0,,,local.mqtt.telegraf,56,29.79,,,08a6f75abdf0,08a6f75abdf0-37,37,08:A6:F7:5A:BD:F0,ON,191359,1780667409042,191363,1780667409046,258417,1780667407120,25,2026-06-05T13:50:09.9317818Z,,oasis/bottle
,,,0,,,local.mqtt.telegraf,57,41.13,,,08a6f769c348,08a6f769c348-38,38,08:A6:F7:69:C3:48,ON,194239,1780667411922,194243,1780667411926,309496,1780667410531,25,2026-06-05T13:50:12.8186955Z,,oasis/bottle
,,,0,,,local.mqtt.telegraf,57,42.12,,,08a6f76bd428,08a6f76bd428-38,38,08:A6:F7:6B:D4:28,ON,194569,1780667412252,194573,1780667412256,351116,1780667410530,24,2026-06-05T13:50:13.146684Z,,oasis/bottle
,,,0,,,local.mqtt.telegraf,56,29.78,,,08a6f75abdf0,08a6f75abdf0-38,38,08:A6:F7:5A:BD:F0,ON,194659,1780667412342,194663,1780667412346,261716,1780667410531,25,2026-06-05T13:50:13.2378305Z,,oasis/bottle
,,,0,,,local.mqtt.telegraf,57,41.48,,,08a6f769c348,08a6f769c348-39,39,08:A6:F7:69:C3:48,ON,197539,1780667415222,197543,1780667415226,312796,1780667413831,25,2026-06-05T13:50:16.1167675Z,,oasis/bottle
,,,0,,,local.mqtt.telegraf,57,42.12,,,08a6f76bd428,08a6f76bd428-39,39,08:A6:F7:6B:D4:28,ON,197869,1780667415552,197873,1780667415556,354416,1780667413830,24,2026-06-05T13:50:16.4488737Z,,oasis/bottle
,,,0,,,local.mqtt.telegraf,56,29.9,,,08a6f75abdf0,08a6f75abdf0-39,39,08:A6:F7:5A:BD:F0,ON,197959,1780667415642,197964,1780667415648,265016,1780667413831,25,2026-06-05T13:50:16.5362614Z,,oasis/bottle
,,,0,,,local.mqtt.telegraf,57,41.25,,,08a6f769c348,08a6f769c348-40,40,08:A6:F7:69:C3:48,ON,200839,1780667418522,200843,1780667418526,316096,1780667417131,25,2026-06-05T13:50:19.4200765Z,,oasis/bottle
,,,0,,,local.mqtt.telegraf,57,42.27,,,08a6f76bd428,08a6f76bd428-40,40,08:A6:F7:6B:D4:28,ON,201170,1780667418853,201175,1780667418858,357716,1780667417130,24,2026-06-05T13:50:19.7426688Z,,oasis/bottle
,,,0,,,local.mqtt.telegraf,56,29.88,,,08a6f75abdf0,08a6f75abdf0-40,40,08:A6:F7:5A:BD:F0,ON,201259,1780667418942,201263,1780667418946,268316,1780667417131,25,2026-06-05T13:50:19.8349199Z,,oasis/bottle
,,,0,,,local.mqtt.telegraf,57,41.5,,,08a6f769c348,08a6f769c348-41,41,08:A6:F7:69:C3:48,ON,204139,1780667421822,204145,1780667421828,319397,1780667420552,25,2026-06-05T13:50:22.7243144Z,,oasis/bottle
,,,0,,,local.mqtt.telegraf,57,41.99,,,08a6f76bd428,08a6f76bd428-41,41,08:A6:F7:6B:D4:28,ON,204469,1780667422152,204473,1780667422156,361017,1780667420551,24,2026-06-05T13:50:23.0464096Z,,oasis/bottle
,,,0,,,local.mqtt.telegraf,56,29.83,,,08a6f75abdf0,08a6f75abdf0-41,41,08:A6:F7:5A:BD:F0,ON,204559,1780667422242,204563,1780667422246,271616,1780667420551,25,2026-06-05T13:50:23.1359844Z,,oasis/bottle
,,,0,,,local.mqtt.telegraf,57,41.48,,,08a6f769c348,08a6f769c348-42,42,08:A6:F7:69:C3:48,ON,207459,1780667425142,207463,1780667425146,322716,1780667423871,25,2026-06-05T13:50:26.0364559Z,,oasis/bottle
,,,0,,,local.mqtt.telegraf,57,42.19,,,08a6f76bd428,08a6f76bd428-42,42,08:A6:F7:6B:D4:28,ON,207769,1780667425452,207773,1780667425456,364316,1780667423850,24,2026-06-05T13:50:26.3461141Z,,oasis/bottle
,,,0,,,local.mqtt.telegraf,56,29.96,,,08a6f75abdf0,08a6f75abdf0-42,42,08:A6:F7:5A:BD:F0,ON,207859,1780667425542,207864,1780667425547,274916,1780667423851,25,2026-06-05T13:50:26.4288597Z,,oasis/bottle
,,,0,,,local.mqtt.telegraf,57,41.61,,,08a6f769c348,08a6f769c348-43,43,08:A6:F7:69:C3:48,ON,210779,1780667428462,210783,1780667428466,326026,1780667427181,25,2026-06-05T13:50:29.3560091Z,,oasis/bottle
,,,0,,,local.mqtt.telegraf,57,42.33,,,08a6f76bd428,08a6f76bd428-43,43,08:A6:F7:6B:D4:28,ON,211069,1780667428752,211073,1780667428756,367616,1780667427150,24,2026-06-05T13:50:29.6543842Z,,oasis/bottle
,,,0,,,local.mqtt.telegraf,56,30.09,,,08a6f75abdf0,08a6f75abdf0-43,43,08:A6:F7:5A:BD:F0,ON,211159,1780667428842,211163,1780667428846,278216,1780667427151,25,2026-06-05T13:50:29.7340858Z,,oasis/bottle
,,,0,,,local.mqtt.telegraf,57,41.39,,,08a6f769c348,08a6f769c348-44,44,08:A6:F7:69:C3:48,ON,214079,1780667431762,214083,1780667431766,329337,1780667430562,25,2026-06-05T13:50:32.6530949Z,,oasis/bottle
,,,0,,,local.mqtt.telegraf,57,42.35,,,08a6f76bd428,08a6f76bd428-44,44,08:A6:F7:6B:D4:28,ON,214369,1780667432052,214373,1780667432056,370917,1780667430571,24,2026-06-05T13:50:32.9487184Z,,oasis/bottle
,,,0,,,local.mqtt.telegraf,56,29.99,,,08a6f75abdf0,08a6f75abdf0-44,44,08:A6:F7:5A:BD:F0,ON,214459,1780667432142,214463,1780667432146,281516,1780667430571,25,2026-06-05T13:50:33.0405214Z,,oasis/bottle
,,,0,,,local.mqtt.telegraf,57,41.52,,,08a6f769c348,08a6f769c348-45,45,08:A6:F7:69:C3:48,ON,217399,1780667435082,217403,1780667435086,332657,1780667433882,25,2026-06-05T13:50:35.9764599Z,,oasis/bottle
,,,0,,,local.mqtt.telegraf,57,42.36,,,08a6f76bd428,08a6f76bd428-45,45,08:A6:F7:6B:D4:28,ON,217669,1780667435352,217673,1780667435356,374216,1780667433870,25,2026-06-05T13:50:36.2624338Z,,oasis/bottle
,,,0,,,local.mqtt.telegraf,56,30.17,,,08a6f75abdf0,08a6f75abdf0-45,45,08:A6:F7:5A:BD:F0,ON,217759,1780667435442,217764,1780667435447,284816,1780667433871,25,2026-06-05T13:50:36.2982933Z,,oasis/bottle
,,,0,,,local.mqtt.telegraf,57,41.56,,,08a6f769c348,08a6f769c348-46,46,08:A6:F7:69:C3:48,ON,220699,1780667438382,220703,1780667438386,335957,1780667437182,25,2026-06-05T13:50:39.2769503Z,,oasis/bottle
,,,0,,,local.mqtt.telegraf,57,42.33,,,08a6f76bd428,08a6f76bd428-46,46,08:A6:F7:6B:D4:28,ON,220969,1780667438652,220973,1780667438656,377516,1780667437170,25,2026-06-05T13:50:39.5343306Z,,oasis/bottle
,,,0,,,local.mqtt.telegraf,56,30.23,,,08a6f75abdf0,08a6f75abdf0-46,46,08:A6:F7:5A:BD:F0,ON,221060,1780667438743,221064,1780667438747,288117,1780667437172,25,2026-06-05T13:50:39.6324109Z,,oasis/bottle
,,,0,,,local.mqtt.telegraf,57,41.64,,,08a6f769c348,08a6f769c348-47,47,08:A6:F7:69:C3:48,ON,223999,1780667441682,224004,1780667441687,339257,1780667440591,25,2026-06-05T13:50:42.5754533Z,,oasis/bottle
,,,0,,,local.mqtt.telegraf,57,42.51,,,08a6f76bd428,08a6f76bd428-47,47,08:A6:F7:6B:D4:28,ON,224269,1780667441952,224273,1780667441956,380816,1780667440590,25,2026-06-05T13:50:42.8368502Z,,oasis/bottle
,,,0,,,local.mqtt.telegraf,56,30.29,,,08a6f75abdf0,08a6f75abdf0-47,47,08:A6:F7:5A:BD:F0,ON,224359,1780667442042,224364,1780667442047,291417,1780667440592,25,2026-06-05T13:50:42.9283909Z,,oasis/bottle
,,,0,,,local.mqtt.telegraf,57,41.62,,,08a6f769c348,08a6f769c348-48,48,08:A6:F7:69:C3:48,ON,227299,1780667444982,227303,1780667444986,342557,1780667443891,25,2026-06-05T13:50:45.8803516Z,,oasis/bottle
,,,0,,,local.mqtt.telegraf,57,42.7,,,08a6f76bd428,08a6f76bd428-48,48,08:A6:F7:6B:D4:28,ON,227569,1780667445252,227573,1780667445256,384116,1780667443890,25,2026-06-05T13:50:46.1366476Z,,oasis/bottle
,,,0,,,local.mqtt.telegraf,56,30.29,,,08a6f75abdf0,08a6f75abdf0-48,48,08:A6:F7:5A:BD:F0,ON,227659,1780667445342,227663,1780667445346,294717,1780667443892,25,2026-06-05T13:50:46.2213454Z,,oasis/bottle
,,,0,,,local.mqtt.telegraf,57,41.65,,,08a6f769c348,08a6f769c348-49,49,08:A6:F7:69:C3:48,ON,230599,1780667448282,230603,1780667448286,345857,1780667447191,25,2026-06-05T13:50:49.1753868Z,,oasis/bottle
,,,0,,,local.mqtt.telegraf,57,42.54,,,08a6f76bd428,08a6f76bd428-49,49,08:A6:F7:6B:D4:28,ON,230869,1780667448552,230874,1780667448557,387416,1780667447190,25,2026-06-05T13:50:49.4390496Z,,oasis/bottle
,,,0,,,local.mqtt.telegraf,56,30.35,,,08a6f75abdf0,08a6f75abdf0-49,49,08:A6:F7:5A:BD:F0,ON,230959,1780667448642,230963,1780667448646,298017,1780667447192,25,2026-06-05T13:50:49.5313247Z,,oasis/bottle
,,,0,,,local.mqtt.telegraf,57,41.72,,,08a6f769c348,08a6f769c348-50,50,08:A6:F7:69:C3:48,ON,233899,1780667451582,233903,1780667451586,349156,1780667450611,25,2026-06-05T13:50:52.4833956Z,,oasis/bottle
,,,0,,,local.mqtt.telegraf,57,42.62,,,08a6f76bd428,08a6f76bd428-50,50,08:A6:F7:6B:D4:28,ON,234169,1780667451852,234173,1780667451856,390716,1780667450610,25,2026-06-05T13:50:52.737544Z,,oasis/bottle
,,,0,,,local.mqtt.telegraf,56,30.27,,,08a6f75abdf0,08a6f75abdf0-50,50,08:A6:F7:5A:BD:F0,ON,234259,1780667451942,234265,1780667451948,301317,1780667450612,25,2026-06-05T13:50:52.8266784Z,,oasis/bottle
,,,0,,,local.mqtt.telegraf,57,41.54,,,08a6f769c348,08a6f769c348-51,51,08:A6:F7:69:C3:48,ON,237249,1780667454932,237253,1780667454936,352506,1780667453961,25,2026-06-05T13:50:55.827726Z,,oasis/bottle
,,,0,,,local.mqtt.telegraf,57,42.52,,,08a6f76bd428,08a6f76bd428-51,51,08:A6:F7:6B:D4:28,ON,237469,1780667455152,237473,1780667455156,394016,1780667453910,25,2026-06-05T13:50:56.0353134Z,,oasis/bottle
,,,0,,,local.mqtt.telegraf,56,30.42,,,08a6f75abdf0,08a6f75abdf0-51,51,08:A6:F7:5A:BD:F0,ON,237559,1780667455242,237564,1780667455247,304617,1780667453912,25,2026-06-05T13:50:56.1284214Z,,oasis/bottle
,,,0,,,local.mqtt.telegraf,57,41.64,,,08a6f769c348,08a6f769c348-52,52,08:A6:F7:69:C3:48,ON,240549,1780667458233,240554,1780667458237,355806,1780667457261,25,2026-06-05T13:50:59.1219474Z,,oasis/bottle
,,,0,,,local.mqtt.telegraf,57,42.76,,,08a6f76bd428,08a6f76bd428-52,52,08:A6:F7:6B:D4:28,ON,240769,1780667458452,240773,1780667458456,397316,1780667457210,25,2026-06-05T13:50:59.3305234Z,,oasis/bottle
,,,0,,,local.mqtt.telegraf,56,30.38,,,08a6f75abdf0,08a6f75abdf0-52,52,08:A6:F7:5A:BD:F0,ON,240859,1780667458542,240863,1780667458546,307917,1780667457212,25,2026-06-05T13:50:59.426258Z,,oasis/bottle
,,,0,,,local.mqtt.telegraf,57,41.6,,,08a6f769c348,08a6f769c348-53,53,08:A6:F7:69:C3:48,ON,243859,1780667461542,243863,1780667461546,359116,1780667460631,25,2026-06-05T13:51:02.4278111Z,,oasis/bottle
,,,0,,,local.mqtt.telegraf,57,42.72,,,08a6f76bd428,08a6f76bd428-53,53,08:A6:F7:6B:D4:28,ON,244069,1780667461752,244074,1780667461757,400616,1780667460630,25,2026-06-05T13:51:02.6421798Z,,oasis/bottle
,,,0,,,local.mqtt.telegraf,56,30.37,,,08a6f75abdf0,08a6f75abdf0-53,53,08:A6:F7:5A:BD:F0,ON,244159,1780667461842,244163,1780667461846,311217,1780667460632,25,2026-06-05T13:51:02.6900431Z,,oasis/bottle
,,,0,,,local.mqtt.telegraf,57,41.91,,,08a6f769c348,08a6f769c348-54,54,08:A6:F7:69:C3:48,ON,247159,1780667464842,247163,1780667464846,362416,1780667463931,25,2026-06-05T13:51:05.7352836Z,,oasis/bottle
,,,0,,,local.mqtt.telegraf,57,42.76,,,08a6f76bd428,08a6f76bd428-54,54,08:A6:F7:6B:D4:28,ON,247369,1780667465052,247373,1780667465056,403916,1780667463930,25,2026-06-05T13:51:05.9250066Z,,oasis/bottle
,,,0,,,local.mqtt.telegraf,56,30.5,,,08a6f75abdf0,08a6f75abdf0-54,54,08:A6:F7:5A:BD:F0,ON,247459,1780667465142,247465,1780667465148,314516,1780667463931,25,2026-06-05T13:51:06.0233368Z,,oasis/bottle
,,,0,,,local.mqtt.telegraf,57,41.82,,,08a6f769c348,08a6f769c348-55,55,08:A6:F7:69:C3:48,ON,250458,1780667468142,250463,1780667468146,365716,1780667467231,25,2026-06-05T13:51:09.0265908Z,,oasis/bottle
,,,0,,,local.mqtt.telegraf,57,42.93,,,08a6f76bd428,08a6f76bd428-55,55,08:A6:F7:6B:D4:28,ON,250669,1780667468352,250673,1780667468356,407216,1780667467230,25,2026-06-05T13:51:09.2368818Z,,oasis/bottle
,,,0,,,local.mqtt.telegraf,56,30.69,,,08a6f75abdf0,08a6f75abdf0-55,55,08:A6:F7:5A:BD:F0,ON,250759,1780667468442,250763,1780667468446,317816,1780667467231,25,2026-06-05T13:51:09.3197241Z,,oasis/bottle
,,,0,,,local.mqtt.telegraf,56,41.99,,,08a6f769c348,08a6f769c348-56,56,08:A6:F7:69:C3:48,ON,253759,1780667471442,253763,1780667471446,369016,1780667470670,25,2026-06-05T13:51:12.3335775Z,,oasis/bottle
,,,0,,,local.mqtt.telegraf,57,42.86,,,08a6f76bd428,08a6f76bd428-56,56,08:A6:F7:6B:D4:28,ON,253969,1780667471652,253973,1780667471656,410516,1780667470669,25,2026-06-05T13:51:12.5435987Z,,oasis/bottle
,,,0,,,local.mqtt.telegraf,56,30.57,,,08a6f75abdf0,08a6f75abdf0-56,56,08:A6:F7:5A:BD:F0,ON,254059,1780667471742,254063,1780667471746,321116,1780667470670,25,2026-06-05T13:51:12.6227221Z,,oasis/bottle
,,,0,,,local.mqtt.telegraf,56,41.89,,,08a6f769c348,08a6f769c348-57,57,08:A6:F7:69:C3:48,ON,257059,1780667474742,257063,1780667474746,372317,1780667473971,25,2026-06-05T13:51:15.6620831Z,,oasis/bottle
,,,0,,,local.mqtt.telegraf,57,42.94,,,08a6f76bd428,08a6f76bd428-57,57,08:A6:F7:6B:D4:28,ON,257269,1780667474952,257273,1780667474956,413816,1780667473969,25,2026-06-05T13:51:15.8363587Z,,oasis/bottle
,,,0,,,local.mqtt.telegraf,56,30.85,,,08a6f75abdf0,08a6f75abdf0-57,57,08:A6:F7:5A:BD:F0,ON,257359,1780667475042,257363,1780667475046,324416,1780667473970,25,2026-06-05T13:51:15.9284602Z,,oasis/bottle
,,,0,,,local.mqtt.telegraf,56,41.93,,,08a6f769c348,08a6f769c348-58,58,08:A6:F7:69:C3:48,ON,260359,1780667478042,260364,1780667478047,375616,1780667477270,25,2026-06-05T13:51:18.9288409Z,,oasis/bottle
,,,0,,,local.mqtt.telegraf,57,42.76,,,08a6f76bd428,08a6f76bd428-58,58,08:A6:F7:6B:D4:28,ON,260569,1780667478252,260573,1780667478256,417116,1780667477269,25,2026-06-05T13:51:19.1349918Z,,oasis/bottle
,,,0,,,local.mqtt.telegraf,56,30.8,,,08a6f75abdf0,08a6f75abdf0-58,58,08:A6:F7:5A:BD:F0,ON,260659,1780667478342,260664,1780667478347,327716,1780667477270,25,2026-06-05T13:51:19.2262588Z,,oasis/bottle
,,,0,,,local.mqtt.telegraf,56,41.99,,,08a6f769c348,08a6f769c348-59,59,08:A6:F7:69:C3:48,ON,263669,1780667481352,263673,1780667481356,378926,1780667480681,25,2026-06-05T13:51:22.2475442Z,,oasis/bottle
,,,0,,,local.mqtt.telegraf,56,43.02,,,08a6f76bd428,08a6f76bd428-59,59,08:A6:F7:6B:D4:28,ON,263869,1780667481552,263873,1780667481556,420416,1780667480690,25,2026-06-05T13:51:22.4344307Z,,oasis/bottle
,,,0,,,local.mqtt.telegraf,56,30.82,,,08a6f75abdf0,08a6f75abdf0-59,59,08:A6:F7:5A:BD:F0,ON,263959,1780667481642,263963,1780667481646,331017,1780667480692,25,2026-06-05T13:51:22.5328398Z,,oasis/bottle
,,,0,,,local.mqtt.telegraf,56,41.91,,,08a6f769c348,08a6f769c348-60,60,08:A6:F7:69:C3:48,ON,266979,1780667484662,266983,1780667484666,382236,1780667483991,25,2026-06-05T13:51:25.5523151Z,,oasis/bottle
,,,0,,,local.mqtt.telegraf,56,42.76,,,08a6f76bd428,08a6f76bd428-60,60,08:A6:F7:6B:D4:28,ON,267169,1780667484852,267173,1780667484856,423716,1780667483990,25,2026-06-05T13:51:25.7288973Z,,oasis/bottle
,,,0,,,local.mqtt.telegraf,56,30.76,,,08a6f75abdf0,08a6f75abdf0-60,60,08:A6:F7:5A:BD:F0,ON,267260,1780667484943,267264,1780667484947,334317,1780667483992,25,2026-06-05T13:51:25.8198453Z,,oasis/bottle
,,,0,,,local.mqtt.telegraf,56,41.91,,,08a6f769c348,08a6f769c348-61,61,08:A6:F7:69:C3:48,ON,270279,1780667487962,270283,1780667487966,385536,1780667487291,25,2026-06-05T13:51:28.8480133Z,,oasis/bottle
,,,0,,,local.mqtt.telegraf,57,42.99,,,08a6f76bd428,08a6f76bd428-61,61,08:A6:F7:6B:D4:28,ON,270469,1780667488152,270473,1780667488156,427016,1780667487290,25,2026-06-05T13:51:29.0313934Z,,oasis/bottle
,,,0,,,local.mqtt.telegraf,56,30.82,,,08a6f75abdf0,08a6f75abdf0-61,61,08:A6:F7:5A:BD:F0,ON,270559,1780667488242,270564,1780667488247,337617,1780667487292,25,2026-06-05T13:51:29.1215231Z,,oasis/bottle
,,,0,,,local.mqtt.telegraf,56,41.93,,,08a6f769c348,08a6f769c348-62,62,08:A6:F7:69:C3:48,ON,273579,1780667491262,273583,1780667491266,388836,1780667490711,25,2026-06-05T13:51:32.1486328Z,,oasis/bottle
,,,0,,,local.mqtt.telegraf,56,42.91,,,08a6f76bd428,08a6f76bd428-62,62,08:A6:F7:6B:D4:28,ON,273769,1780667491452,273774,1780667491457,430316,1780667490710,25,2026-06-05T13:51:32.3283251Z,,oasis/bottle
,,,0,,,local.mqtt.telegraf,56,30.97,,,08a6f75abdf0,08a6f75abdf0-62,62,08:A6:F7:5A:BD:F0,ON,273859,1780667491542,273864,1780667491548,340917,1780667490712,25,2026-06-05T13:51:32.4267243Z,,oasis/bottle
,,,0,,,local.mqtt.telegraf,56,41.82,,,08a6f769c348,08a6f769c348-63,63,08:A6:F7:69:C3:48,ON,276879,1780667494562,276883,1780667494566,392137,1780667494012,25,2026-06-05T13:51:35.4647414Z,,oasis/bottle
,,,0,,,local.mqtt.telegraf,56,42.94,,,08a6f76bd428,08a6f76bd428-63,63,08:A6:F7:6B:D4:28,ON,277069,1780667494752,277073,1780667494756,433616,1780667494010,25,2026-06-05T13:51:35.6356607Z,,oasis/bottle
,,,0,,,local.mqtt.telegraf,56,30.76,,,08a6f75abdf0,08a6f75abdf0-63,63,08:A6:F7:5A:BD:F0,ON,277159,1780667494842,277163,1780667494846,344217,1780667494012,25,2026-06-05T13:51:35.7180474Z,,oasis/bottle
,,,0,,,local.mqtt.telegraf,56,41.91,,,08a6f769c348,08a6f769c348-64,64,08:A6:F7:69:C3:48,ON,280179,1780667497862,280183,1780667497866,395436,1780667497311,25,2026-06-05T13:51:38.7440516Z,,oasis/bottle
,,,0,,,local.mqtt.telegraf,56,42.86,,,08a6f76bd428,08a6f76bd428-64,64,08:A6:F7:6B:D4:28,ON,280369,1780667498052,280373,1780667498056,436916,1780667497310,25,2026-06-05T13:51:38.9390164Z,,oasis/bottle
,,,0,,,local.mqtt.telegraf,56,30.93,,,08a6f75abdf0,08a6f75abdf0-64,64,08:A6:F7:5A:BD:F0,ON,280459,1780667498142,280463,1780667498146,347517,1780667497312,25,2026-06-05T13:51:39.0212906Z,,oasis/bottle
,,,0,,,local.mqtt.telegraf,56,41.86,,,08a6f769c348,08a6f769c348-65,65,08:A6:F7:69:C3:48,ON,283479,1780667501162,283483,1780667501166,398737,1780667500731,25,2026-06-05T13:51:42.055544Z,,oasis/bottle
,,,0,,,local.mqtt.telegraf,56,43.07,,,08a6f76bd428,08a6f76bd428-65,65,08:A6:F7:6B:D4:28,ON,283669,1780667501352,283673,1780667501356,440216,1780667500730,25,2026-06-05T13:51:42.2313281Z,,oasis/bottle
,,,0,,,local.mqtt.telegraf,56,30.9,,,08a6f75abdf0,08a6f75abdf0-65,65,08:A6:F7:5A:BD:F0,ON,283759,1780667501442,283764,1780667501447,350817,1780667500732,25,2026-06-05T13:51:42.3175043Z,,oasis/bottle
,,,0,,,local.mqtt.telegraf,56,42.04,,,08a6f769c348,08a6f769c348-66,66,08:A6:F7:69:C3:48,ON,286779,1780667504462,286783,1780667504466,402036,1780667504030,25,2026-06-05T13:51:45.3458236Z,,oasis/bottle
,,,0,,,local.mqtt.telegraf,56,42.99,,,08a6f76bd428,08a6f76bd428-66,66,08:A6:F7:6B:D4:28,ON,286969,1780667504652,286974,1780667504657,443516,1780667504030,25,2026-06-05T13:51:45.527417Z,,oasis/bottle
,,,0,,,local.mqtt.telegraf,56,30.8,,,08a6f75abdf0,08a6f75abdf0-66,66,08:A6:F7:5A:BD:F0,ON,287059,1780667504742,287063,1780667504746,354117,1780667504032,25,2026-06-05T13:51:45.6286724Z,,oasis/bottle
,,,0,,,local.mqtt.telegraf,56,41.91,,,08a6f769c348,08a6f769c348-67,67,08:A6:F7:69:C3:48,ON,290079,1780667507762,290083,1780667507766,405337,1780667507331,25,2026-06-05T13:51:48.6466394Z,,oasis/bottle
,,,0,,,local.mqtt.telegraf,56,42.99,,,08a6f76bd428,08a6f76bd428-67,67,08:A6:F7:6B:D4:28,ON,290269,1780667507952,290273,1780667507956,446816,1780667507330,25,2026-06-05T13:51:48.8326756Z,,oasis/bottle
,,,0,,,local.mqtt.telegraf,56,30.82,,,08a6f75abdf0,08a6f75abdf0-67,67,08:A6:F7:5A:BD:F0,ON,290359,1780667508043,290364,1780667508047,357417,1780667507332,25,2026-06-05T13:51:48.9181595Z,,oasis/bottle
,,,0,,,local.mqtt.telegraf,56,41.96,,,08a6f769c348,08a6f769c348-68,68,08:A6:F7:69:C3:48,ON,293379,1780667511062,293383,1780667511066,408637,1780667510760,25,2026-06-05T13:51:51.94811Z,,oasis/bottle
,,,0,,,local.mqtt.telegraf,56,42.82,,,08a6f76bd428,08a6f76bd428-68,68,08:A6:F7:6B:D4:28,ON,293569,1780667511252,293573,1780667511256,450116,1780667510758,25,2026-06-05T13:51:52.1236754Z,,oasis/bottle
,,,0,,,local.mqtt.telegraf,56,30.76,,,08a6f75abdf0,08a6f75abdf0-68,68,08:A6:F7:5A:BD:F0,ON,293660,1780667511343,293664,1780667511347,360716,1780667510758,25,2026-06-05T13:51:52.2236535Z,,oasis/bottle
,,,0,,,local.mqtt.telegraf,56,41.93,,,08a6f769c348,08a6f769c348-69,69,08:A6:F7:69:C3:48,ON,296679,1780667514362,296683,1780667514366,411936,1780667514059,25,2026-06-05T13:51:55.2468764Z,,oasis/bottle
,,,0,,,local.mqtt.telegraf,56,42.62,,,08a6f76bd428,08a6f76bd428-69,69,08:A6:F7:6B:D4:28,ON,296869,1780667514552,296873,1780667514556,453416,1780667514058,25,2026-06-05T13:51:55.4278557Z,,oasis/bottle
,,,0,,,local.mqtt.telegraf,56,30.82,,,08a6f75abdf0,08a6f75abdf0-69,69,08:A6:F7:5A:BD:F0,ON,296959,1780667514642,296964,1780667514647,364016,1780667514058,25,2026-06-05T13:51:55.513589Z,,oasis/bottle
,,,0,,,local.mqtt.telegraf,56,41.88,,,08a6f769c348,08a6f769c348-70,70,08:A6:F7:69:C3:48,ON,299979,1780667517662,299983,1780667517666,415236,1780667517359,25,2026-06-05T13:51:58.5496383Z,,oasis/bottle
,,,0,,,local.mqtt.telegraf,56,43.02,,,08a6f76bd428,08a6f76bd428-70,70,08:A6:F7:6B:D4:28,ON,300169,1780667517852,300173,1780667517856,456716,1780667517358,25,2026-06-05T13:51:58.7297326Z,,oasis/bottle
,,,0,,,local.mqtt.telegraf,56,30.82,,,08a6f75abdf0,08a6f75abdf0-70,70,08:A6:F7:5A:BD:F0,ON,300259,1780667517942,300263,1780667517946,367317,1780667517359,25,2026-06-05T13:51:58.8203472Z,,oasis/bottle
,,,0,,,local.mqtt.telegraf,56,41.91,,,08a6f769c348,08a6f769c348-71,71,08:A6:F7:69:C3:48,ON,303279,1780667520962,303283,1780667520966,418537,1780667520791,25,2026-06-05T13:52:01.8409174Z,,oasis/bottle
,,,0,,,local.mqtt.telegraf,56,42.59,,,08a6f76bd428,08a6f76bd428-71,71,08:A6:F7:6B:D4:28,ON,303469,1780667521152,303474,1780667521157,460016,1780667520789,25,2026-06-05T13:52:02.0244131Z,,oasis/bottle
,,,0,,,local.mqtt.telegraf,56,30.82,,,08a6f75abdf0,08a6f75abdf0-71,71,08:A6:F7:5A:BD:F0,ON,303559,1780667521243,303565,1780667521248,370616,1780667520790,25,2026-06-05T13:52:02.1185896Z,,oasis/bottle
,,,0,,,local.mqtt.telegraf,56,41.91,,,08a6f769c348,08a6f769c348-72,72,08:A6:F7:69:C3:48,ON,306579,1780667524262,306583,1780667524266,421836,1780667524090,25,2026-06-05T13:52:05.149192Z,,oasis/bottle
,,,0,,,local.mqtt.telegraf,56,42.63,,,08a6f76bd428,08a6f76bd428-72,72,08:A6:F7:6B:D4:28,ON,306769,1780667524452,306773,1780667524456,463316,1780667524089,25,2026-06-05T13:52:05.3222834Z,,oasis/bottle
,,,0,,,local.mqtt.telegraf,56,30.74,,,08a6f75abdf0,08a6f75abdf0-72,72,08:A6:F7:5A:BD:F0,ON,306859,1780667524542,306863,1780667524546,373917,1780667524091,25,2026-06-05T13:52:05.4143059Z,,oasis/bottle
,,,0,,,local.mqtt.telegraf,56,42.05,,,08a6f769c348,08a6f769c348-73,73,08:A6:F7:69:C3:48,ON,309889,1780667527572,309896,1780667527579,425147,1780667527401,25,2026-06-05T13:52:08.4516966Z,,oasis/bottle
,,,0,,,local.mqtt.telegraf,56,42.76,,,08a6f76bd428,08a6f76bd428-73,73,08:A6:F7:6B:D4:28,ON,310069,1780667527752,310073,1780667527756,466616,1780667527389,25,2026-06-05T13:52:08.6304021Z,,oasis/bottle
,,,0,,,local.mqtt.telegraf,56,30.88,,,08a6f75abdf0,08a6f75abdf0-73,73,08:A6:F7:5A:BD:F0,ON,310159,1780667527842,310163,1780667527846,377216,1780667527390,25,2026-06-05T13:52:08.7296929Z,,oasis/bottle
,,,0,,,local.mqtt.telegraf,56,41.96,,,08a6f769c348,08a6f769c348-74,74,08:A6:F7:69:C3:48,ON,313209,1780667530892,313213,1780667530896,428467,1780667530790,25,2026-06-05T13:52:11.7719974Z,,oasis/bottle
,,,0,,,local.mqtt.telegraf,56,42.68,,,08a6f76bd428,08a6f76bd428-74,74,08:A6:F7:6B:D4:28,ON,313369,1780667531052,313373,1780667531056,469916,1780667530818,25,2026-06-05T13:52:11.9266943Z,,oasis/bottle
,,,0,,,local.mqtt.telegraf,56,30.74,,,08a6f75abdf0,08a6f75abdf0-74,74,08:A6:F7:5A:BD:F0,ON,313459,1780667531142,313464,1780667531147,380516,1780667530818,25,2026-06-05T13:52:12.023442Z,,oasis/bottle
,,,0,,,local.mqtt.telegraf,56,41.92,,,08a6f769c348,08a6f769c348-75,75,08:A6:F7:69:C3:48,ON,316509,1780667534192,316513,1780667534196,431766,1780667534089,25,2026-06-05T13:52:15.059552Z,,oasis/bottle
,,,0,,,local.mqtt.telegraf,56,42.58,,,08a6f76bd428,08a6f76bd428-75,75,08:A6:F7:6B:D4:28,ON,316669,1780667534352,316673,1780667534356,473216,1780667534118,25,2026-06-05T13:52:15.2224875Z,,oasis/bottle
,,,0,,,local.mqtt.telegraf,55,30.61,,,08a6f75abdf0,08a6f75abdf0-75,75,08:A6:F7:5A:BD:F0,ON,316759,1780667534442,316764,1780667534447,383817,1780667534119,25,2026-06-05T13:52:15.31495Z,,oasis/bottle
,,,0,,,local.mqtt.telegraf,56,41.85,,,08a6f769c348,08a6f769c348-76,76,08:A6:F7:69:C3:48,ON,319809,1780667537492,319813,1780667537496,435067,1780667537390,25,2026-06-05T13:52:18.3726745Z,,oasis/bottle
,,,0,,,local.mqtt.telegraf,56,42.56,,,08a6f76bd428,08a6f76bd428-76,76,08:A6:F7:6B:D4:28,ON,319969,1780667537652,319973,1780667537656,476516,1780667537418,25,2026-06-05T13:52:18.5248409Z,,oasis/bottle
,,,0,,,local.mqtt.telegraf,55,30.73,,,08a6f75abdf0,08a6f75abdf0-76,76,08:A6:F7:5A:BD:F0,ON,320059,1780667537742,320065,1780667537748,387117,1780667537419,25,2026-06-05T13:52:18.6139643Z,,oasis/bottle
,,,0,,,local.mqtt.telegraf,56,41.91,,,08a6f769c348,08a6f769c348-77,77,08:A6:F7:69:C3:48,ON,323109,1780667540792,323113,1780667540796,438367,1780667540711,25,2026-06-05T13:52:21.6685351Z,,oasis/bottle
,,,0,,,local.mqtt.telegraf,56,42.54,,,08a6f76bd428,08a6f76bd428-77,77,08:A6:F7:6B:D4:28,ON,323269,1780667540952,323273,1780667540956,479816,1780667540859,25,2026-06-05T13:52:21.8235376Z,,oasis/bottle
,,,0,,,local.mqtt.telegraf,55,30.73,,,08a6f75abdf0,08a6f75abdf0-77,77,08:A6:F7:5A:BD:F0,ON,323359,1780667541042,323365,1780667541048,390417,1780667540861,25,2026-06-05T13:52:21.9195771Z,,oasis/bottle
,,,0,,,local.mqtt.telegraf,56,41.76,,,08a6f769c348,08a6f769c348-78,78,08:A6:F7:69:C3:48,ON,326409,1780667544092,326414,1780667544097,441666,1780667544010,25,2026-06-05T13:52:24.9812577Z,,oasis/bottle
,,,0,,,local.mqtt.telegraf,56,42.76,,,08a6f76bd428,08a6f76bd428-78,78,08:A6:F7:6B:D4:28,ON,326569,1780667544252,326573,1780667544256,483116,1780667544159,25,2026-06-05T13:52:25.1329647Z,,oasis/bottle
,,,0,,,local.mqtt.telegraf,55,30.73,,,08a6f75abdf0,08a6f75abdf0-78,78,08:A6:F7:5A:BD:F0,ON,326659,1780667544342,326663,1780667544346,393717,1780667544161,25,2026-06-05T13:52:25.2094016Z,,oasis/bottle
,,,0,,,local.mqtt.telegraf,56,41.89,,,08a6f769c348,08a6f769c348-79,79,08:A6:F7:69:C3:48,ON,329709,1780667547392,329713,1780667547396,444966,1780667547310,25,2026-06-05T13:52:28.2792631Z,,oasis/bottle
,,,0,,,local.mqtt.telegraf,56,42.74,,,08a6f76bd428,08a6f76bd428-79,79,08:A6:F7:6B:D4:28,ON,329869,1780667547552,329873,1780667547556,486416,1780667547459,25,2026-06-05T13:52:28.4264607Z,,oasis/bottle
,,,0,,,local.mqtt.telegraf,55,30.7,,,08a6f75abdf0,08a6f75abdf0-79,79,08:A6:F7:5A:BD:F0,ON,329961,1780667547644,329972,1780667547655,397017,1780667547461,25,2026-06-05T13:52:28.5187658Z,,oasis/bottle
,,,0,,,local.mqtt.telegraf,56,41.82,,,08a6f769c348,08a6f769c348-80,80,08:A6:F7:69:C3:48,ON,333009,1780667550692,333013,1780667550696,448267,1780667550582,25,2026-06-05T13:52:31.5648486Z,,oasis/bottle
,,,0,,,local.mqtt.telegraf,56,42.72,,,08a6f76bd428,08a6f76bd428-80,80,08:A6:F7:6B:D4:28,ON,333169,1780667550852,333174,1780667550857,489716,1780667550770,25,2026-06-05T13:52:31.7157953Z,,oasis/bottle
,,,0,,,local.mqtt.telegraf,55,30.65,,,08a6f75abdf0,08a6f75abdf0-80,80,08:A6:F7:5A:BD:F0,ON,333260,1780667550943,333265,1780667550948,400317,1780667550832,25,2026-06-05T13:52:31.812781Z,,oasis/bottle
,,,0,,,local.mqtt.telegraf,56,41.86,,,08a6f769c348,08a6f769c348-81,81,08:A6:F7:69:C3:48,ON,336309,1780667553992,336313,1780667553996,451567,1780667553882,25,2026-06-05T13:52:34.8794535Z,,oasis/bottle
,,,0,,,local.mqtt.telegraf,56,42.42,,,08a6f76bd428,08a6f76bd428-81,81,08:A6:F7:6B:D4:28,ON,336479,1780667554162,336483,1780667554166,493026,1780667554080,25,2026-06-05T13:52:35.0287973Z,,oasis/bottle
,,,0,,,local.mqtt.telegraf,55,30.45,,,08a6f75abdf0,08a6f75abdf0-81,81,08:A6:F7:5A:BD:F0,ON,336559,1780667554242,336563,1780667554246,403617,1780667554132,25,2026-06-05T13:52:35.1143744Z,,oasis/bottle
,,,0,,,local.mqtt.telegraf,56,41.78,,,08a6f769c348,08a6f769c348-82,82,08:A6:F7:69:C3:48,ON,339609,1780667557292,339614,1780667557297,454867,1780667557182,25,2026-06-05T13:52:38.1688157Z,,oasis/bottle
,,,0,,,local.mqtt.telegraf,56,42.36,,,08a6f76bd428,08a6f76bd428-82,82,08:A6:F7:6B:D4:28,ON,339779,1780667557463,339784,1780667557467,496326,1780667557380,25,2026-06-05T13:52:38.3374202Z,,oasis/bottle
,,,0,,,local.mqtt.telegraf,55,30.39,,,08a6f75abdf0,08a6f75abdf0-82,82,08:A6:F7:5A:BD:F0,ON,339859,1780667557542,339863,1780667557546,406917,1780667557432,25,2026-06-05T13:52:38.3644117Z,,oasis/bottle
,,,0,,,local.mqtt.telegraf,56,41.65,,,08a6f769c348,08a6f769c348-83,83,08:A6:F7:69:C3:48,ON,342909,1780667560592,342913,1780667560596,458167,1780667560512,25,2026-06-05T13:52:41.4689415Z,,oasis/bottle
,,,0,,,local.mqtt.telegraf,56,42.27,,,08a6f76bd428,08a6f76bd428-83,83,08:A6:F7:6B:D4:28,ON,343079,1780667560762,343083,1780667560766,499626,1780667560690,25,2026-06-05T13:52:41.6417877Z,,oasis/bottle
,,,0,,,local.mqtt.telegraf,55,30.3,,,08a6f75abdf0,08a6f75abdf0-83,83,08:A6:F7:5A:BD:F0,ON,343159,1780667560842,343163,1780667560846,410217,1780667560762,25,2026-06-05T13:52:41.6765884Z,,oasis/bottle
,,,0,,,local.mqtt.telegraf,56,41.54,,,08a6f769c348,08a6f769c348-84,84,08:A6:F7:69:C3:48,ON,346209,1780667563892,346213,1780667563896,461466,1780667563811,25,2026-06-05T13:52:44.7744274Z,,oasis/bottle
,,,0,,,local.mqtt.telegraf,56,42.21,,,08a6f76bd428,08a6f76bd428-84,84,08:A6:F7:6B:D4:28,ON,346379,1780667564062,346384,1780667564067,502926,1780667563990,25,2026-06-05T13:52:44.9362Z,,oasis/bottle
,,,0,,,local.mqtt.telegraf,55,30.25,,,08a6f75abdf0,08a6f75abdf0-84,84,08:A6:F7:5A:BD:F0,ON,346459,1780667564142,346463,1780667564146,413517,1780667564062,25,2026-06-05T13:52:44.9729061Z,,oasis/bottle
,,,0,,,local.mqtt.telegraf,56,41.7,,,08a6f769c348,08a6f769c348-85,85,08:A6:F7:69:C3:48,ON,349519,1780667567202,349523,1780667567206,464776,1780667567121,25,2026-06-05T13:52:48.0703725Z,,oasis/bottle
,,,0,,,local.mqtt.telegraf,56,42.32,,,08a6f76bd428,08a6f76bd428-85,85,08:A6:F7:6B:D4:28,ON,349679,1780667567362,349683,1780667567366,506226,1780667567290,25,2026-06-05T13:52:48.2372843Z,,oasis/bottle
,,,0,,,local.mqtt.telegraf,55,30.09,,,08a6f75abdf0,08a6f75abdf0-85,85,08:A6:F7:5A:BD:F0,ON,349759,1780667567442,349763,1780667567446,416817,1780667567362,25,2026-06-05T13:52:48.2731368Z,,oasis/bottle
,,,0,,,local.mqtt.telegraf,56,41.66,,,08a6f769c348,08a6f769c348-86,86,08:A6:F7:69:C3:48,ON,352829,1780667570512,352833,1780667570516,468087,1780667570431,25,2026-06-05T13:52:51.378841Z,,oasis/bottle
,,,0,,,local.mqtt.telegraf,56,42.12,,,08a6f76bd428,08a6f76bd428-86,86,08:A6:F7:6B:D4:28,ON,352979,1780667570662,352984,1780667570667,509526,1780667570589,25,2026-06-05T13:52:51.5277943Z,,oasis/bottle
,,,0,,,local.mqtt.telegraf,55,30.09,,,08a6f75abdf0,08a6f75abdf0-86,86,08:A6:F7:5A:BD:F0,ON,353069,1780667570752,353074,1780667570758,420127,1780667570661,25,2026-06-05T13:52:51.61365Z,,oasis/bottle
,,,0,,,local.mqtt.telegraf,56,41.66,,,08a6f769c348,08a6f769c348-87,87,08:A6:F7:69:C3:48,ON,356129,1780667573812,356133,1780667573816,471386,1780667573730,25,2026-06-05T13:52:54.690389Z,,oasis/bottle
,,,0,,,local.mqtt.telegraf,56,42.09,,,08a6f76bd428,08a6f76bd428-87,87,08:A6:F7:6B:D4:28,ON,356279,1780667573962,356283,1780667573966,512826,1780667573889,25,2026-06-05T13:52:54.828312Z,,oasis/bottle
,,,0,,,local.mqtt.telegraf,55,30.17,,,08a6f75abdf0,08a6f75abdf0-87,87,08:A6:F7:5A:BD:F0,ON,356369,1780667574052,356374,1780667574058,423427,1780667573961,25,2026-06-05T13:52:54.9230492Z,,oasis/bottle
,,,0,,,local.mqtt.telegraf,56,41.66,,,08a6f769c348,08a6f769c348-88,88,08:A6:F7:69:C3:48,ON,359429,1780667577112,359433,1780667577116,474686,1780667577030,25,2026-06-05T13:52:57.9850594Z,,oasis/bottle
,,,0,,,local.mqtt.telegraf,56,41.82,,,08a6f76bd428,08a6f76bd428-88,88,08:A6:F7:6B:D4:28,ON,359579,1780667577262,359584,1780667577267,516126,1780667577189,25,2026-06-05T13:52:58.1354166Z,,oasis/bottle
,,,0,,,local.mqtt.telegraf,55,29.9,,,08a6f75abdf0,08a6f75abdf0-88,88,08:A6:F7:5A:BD:F0,ON,359669,1780667577352,359673,1780667577356,426727,1780667577261,25,2026-06-05T13:52:58.2195958Z,,oasis/bottle
,,,0,,,local.mqtt.telegraf,56,41.64,,,08a6f769c348,08a6f769c348-89,89,08:A6:F7:69:C3:48,ON,362729,1780667580412,362733,1780667580416,477987,1780667580332,25,2026-06-05T13:53:01.281632Z,,oasis/bottle
,,,0,,,local.mqtt.telegraf,56,41.92,,,08a6f76bd428,08a6f76bd428-89,89,08:A6:F7:6B:D4:28,ON,362879,1780667580562,362883,1780667580566,519426,1780667580490,25,2026-06-05T13:53:01.427999Z,,oasis/bottle
,,,0,,,local.mqtt.telegraf,55,29.78,,,08a6f75abdf0,08a6f75abdf0-89,89,08:A6:F7:5A:BD:F0,ON,362969,1780667580652,362975,1780667580658,430027,1780667580572,25,2026-06-05T13:53:01.5163423Z,,oasis/bottle
,,,0,,,local.mqtt.telegraf,56,41.53,,,08a6f769c348,08a6f769c348-90,90,08:A6:F7:69:C3:48,ON,366049,1780667583732,366053,1780667583736,481306,1780667583651,25,2026-06-05T13:53:04.617404Z,,oasis/bottle
,,,0,,,local.mqtt.telegraf,56,42.21,,,08a6f76bd428,08a6f76bd428-90,90,08:A6:F7:6B:D4:28,ON,366179,1780667583862,366184,1780667583867,522726,1780667583790,25,2026-06-05T13:53:04.7332071Z,,oasis/bottle
,,,0,,,local.mqtt.telegraf,55,29.87,,,08a6f75abdf0,08a6f75abdf0-90,90,08:A6:F7:5A:BD:F0,ON,366269,1780667583952,366273,1780667583956,433327,1780667583872,25,2026-06-05T13:53:04.8146501Z,,oasis/bottle
,,,0,,,local.mqtt.telegraf,56,41.52,,,08a6f769c348,08a6f769c348-91,91,08:A6:F7:69:C3:48,ON,369349,1780667587032,369353,1780667587036,484606,1780667586951,25,2026-06-05T13:53:07.9055171Z,,oasis/bottle
,,,0,,,local.mqtt.telegraf,56,42.04,,,08a6f76bd428,08a6f76bd428-91,91,08:A6:F7:6B:D4:28,ON,369479,1780667587162,369484,1780667587167,526026,1780667587090,25,2026-06-05T13:53:08.0251685Z,,oasis/bottle
,,,0,,,local.mqtt.telegraf,55,29.75,,,08a6f75abdf0,08a6f75abdf0-91,91,08:A6:F7:5A:BD:F0,ON,369569,1780667587252,369575,1780667587258,436627,1780667587172,25,2026-06-05T13:53:08.115576Z,,oasis/bottle
,,,0,,,local.mqtt.telegraf,56,41.5,,,08a6f769c348,08a6f769c348-92,92,08:A6:F7:69:C3:48,ON,372659,1780667590342,372663,1780667590346,487917,1780667590262,25,2026-06-05T13:53:11.2157789Z,,oasis/bottle
,,,0,,,local.mqtt.telegraf,56,42.12,,,08a6f76bd428,08a6f76bd428-92,92,08:A6:F7:6B:D4:28,ON,372779,1780667590462,372783,1780667590466,529326,1780667590390,25,2026-06-05T13:53:11.3261893Z,,oasis/bottle
,,,0,,,local.mqtt.telegraf,55,29.71,,,08a6f75abdf0,08a6f75abdf0-92,92,08:A6:F7:5A:BD:F0,ON,372869,1780667590552,372874,1780667590558,439927,1780667590462,25,2026-06-05T13:53:11.4172888Z,,oasis/bottle
,,,0,,,local.mqtt.telegraf,56,41.57,,,08a6f769c348,08a6f769c348-93,93,08:A6:F7:69:C3:48,ON,375959,1780667593642,375963,1780667593646,491216,1780667593561,25,2026-06-05T13:53:14.5443226Z,,oasis/bottle
,,,0,,,local.mqtt.telegraf,56,41.95,,,08a6f76bd428,08a6f76bd428-93,93,08:A6:F7:6B:D4:28,ON,376079,1780667593762,376083,1780667593766,532626,1780667593690,25,2026-06-05T13:53:14.646329Z,,oasis/bottle
,,,0,,,local.mqtt.telegraf,55,29.63,,,08a6f75abdf0,08a6f75abdf0-93,93,08:A6:F7:5A:BD:F0,ON,376169,1780667593852,376174,1780667593857,443227,1780667593762,25,2026-06-05T13:53:14.7160711Z,,oasis/bottle
,,,0,,,local.mqtt.telegraf,56,41.54,,,08a6f769c348,08a6f769c348-94,94,08:A6:F7:69:C3:48,ON,379259,1780667596942,379264,1780667596947,494516,1780667596861,25,2026-06-05T13:53:17.8122289Z,,oasis/bottle
,,,0,,,local.mqtt.telegraf,56,41.78,,,08a6f76bd428,08a6f76bd428-94,94,08:A6:F7:6B:D4:28,ON,379379,1780667597062,379383,1780667597066,535926,1780667596990,25,2026-06-05T13:53:17.9250402Z,,oasis/bottle
,,,0,,,local.mqtt.telegraf,56,29.44,,,08a6f75abdf0,08a6f75abdf0-94,94,08:A6:F7:5A:BD:F0,ON,379469,1780667597152,379475,1780667597158,446526,1780667597061,25,2026-06-05T13:53:18.014876Z,,oasis/bottle
,,,0,,,local.mqtt.telegraf,56,41.65,,,08a6f769c348,08a6f769c348-95,95,08:A6:F7:69:C3:48,ON,382569,1780667600252,382573,1780667600256,497827,1780667600160,25,2026-06-05T13:53:21.1216147Z,,oasis/bottle
,,,0,,,local.mqtt.telegraf,56,41.95,,,08a6f76bd428,08a6f76bd428-95,95,08:A6:F7:6B:D4:28,ON,382679,1780667600362,382683,1780667600366,539226,1780667600288,25,2026-06-05T13:53:21.234546Z,,oasis/bottle
,,,0,,,local.mqtt.telegraf,56,29.78,,,08a6f75abdf0,08a6f75abdf0-95,95,08:A6:F7:5A:BD:F0,ON,382769,1780667600452,382774,1780667600457,449826,1780667600359,25,2026-06-05T13:53:21.3247075Z,,oasis/bottle
,,,0,,,local.mqtt.telegraf,56,41.56,,,08a6f769c348,08a6f769c348-96,96,08:A6:F7:69:C3:48,ON,385869,1780667603552,385873,1780667603556,501126,1780667603459,25,2026-06-05T13:53:24.4204449Z,,oasis/bottle
,,,0,,,local.mqtt.telegraf,56,41.97,,,08a6f76bd428,08a6f76bd428-96,96,08:A6:F7:6B:D4:28,ON,385980,1780667603663,385984,1780667603667,542526,1780667603588,25,2026-06-05T13:53:24.5250375Z,,oasis/bottle
,,,0,,,local.mqtt.telegraf,55,29.53,,,08a6f75abdf0,08a6f75abdf0-96,96,08:A6:F7:5A:BD:F0,ON,386069,1780667603752,386075,1780667603758,453127,1780667603660,25,2026-06-05T13:53:24.6105673Z,,oasis/bottle
,,,0,,,local.mqtt.telegraf,56,41.49,,,08a6f769c348,08a6f769c348-97,97,08:A6:F7:69:C3:48,ON,389169,1780667606852,389173,1780667606857,504427,1780667606760,25,2026-06-05T13:53:27.7186854Z,,oasis/bottle
,,,0,,,local.mqtt.telegraf,56,42.25,,,08a6f76bd428,08a6f76bd428-97,97,08:A6:F7:6B:D4:28,ON,389280,1780667606963,389285,1780667606968,545826,1780667606888,25,2026-06-05T13:53:27.8293526Z,,oasis/bottle
,,,0,,,local.mqtt.telegraf,56,29.66,,,08a6f75abdf0,08a6f75abdf0-97,97,08:A6:F7:5A:BD:F0,ON,389369,1780667607052,389373,1780667607056,456426,1780667606959,25,2026-06-05T13:53:27.9159496Z,,oasis/bottle
,,,0,,,local.mqtt.telegraf,56,41.56,,,08a6f769c348,08a6f769c348-98,98,08:A6:F7:69:C3:48,ON,392489,1780667610172,392493,1780667610176,507749,1780667610094,25,2026-06-05T13:53:31.0442477Z,,oasis/bottle
,,,0,,,local.mqtt.telegraf,56,41.91,,,08a6f76bd428,08a6f76bd428-98,98,08:A6:F7:6B:D4:28,ON,392579,1780667610262,392583,1780667610266,549127,1780667610182,25,2026-06-05T13:53:31.1192093Z,,oasis/bottle
,,,0,,,local.mqtt.telegraf,56,29.86,,,08a6f75abdf0,08a6f75abdf0-98,98,08:A6:F7:5A:BD:F0,ON,392670,1780667610353,392674,1780667610357,459726,1780667610260,25,2026-06-05T13:53:31.2067836Z,,oasis/bottle
,,,0,,,local.mqtt.telegraf,56,41.44,,,08a6f769c348,08a6f769c348-99,99,08:A6:F7:69:C3:48,ON,395789,1780667613472,395793,1780667613476,511046,1780667613391,25,2026-06-05T13:53:34.3385391Z,,oasis/bottle
,,,0,,,local.mqtt.telegraf,56,42.05,,,08a6f76bd428,08a6f76bd428-99,99,08:A6:F7:6B:D4:28,ON,395879,1780667613562,395883,1780667613566,552426,1780667613481,25,2026-06-05T13:53:34.4258321Z,,oasis/bottle
,,,0,,,local.mqtt.telegraf,56,29.53,,,08a6f75abdf0,08a6f75abdf0-99,99,08:A6:F7:5A:BD:F0,ON,395969,1780667613652,395973,1780667613656,463026,1780667613560,25,2026-06-05T13:53:34.5095811Z,,oasis/bottle
,,,0,,,local.mqtt.telegraf,56,41.25,,,08a6f769c348,08a6f769c348-100,100,08:A6:F7:69:C3:48,ON,399089,1780667616772,399093,1780667616776,514346,1780667616691,25,2026-06-05T13:53:37.636721Z,,oasis/bottle
,,,0,,,local.mqtt.telegraf,56,42.24,,,08a6f76bd428,08a6f76bd428-100,100,08:A6:F7:6B:D4:28,ON,399179,1780667616862,399183,1780667616866,555726,1780667616781,25,2026-06-05T13:53:37.7244317Z,,oasis/bottle
,,,0,,,local.mqtt.telegraf,56,29.58,,,08a6f75abdf0,08a6f75abdf0-100,100,08:A6:F7:5A:BD:F0,ON,399269,1780667616952,399273,1780667616956,466326,1780667616860,25,2026-06-05T13:53:37.814934Z,,oasis/bottle
,,,0,,,local.mqtt.telegraf,56,41.25,,,08a6f769c348,08a6f769c348-101,101,08:A6:F7:69:C3:48,ON,402390,1780667620073,402394,1780667620077,517647,1780667619992,25,2026-06-05T13:53:40.9391417Z,,oasis/bottle
,,,0,,,local.mqtt.telegraf,56,41.97,,,08a6f76bd428,08a6f76bd428-101,101,08:A6:F7:6B:D4:28,ON,402479,1780667620163,402484,1780667620167,559027,1780667620082,25,2026-06-05T13:53:41.012646Z,,oasis/bottle
,,,0,,,local.mqtt.telegraf,56,29.43,,,08a6f75abdf0,08a6f75abdf0-101,101,08:A6:F7:5A:BD:F0,ON,402569,1780667620252,402574,1780667620257,469627,1780667620170,25,2026-06-05T13:53:41.1107248Z,,oasis/bottle
,,,0,,,local.mqtt.telegraf,56,41.48,,,08a6f769c348,08a6f769c348-102,102,08:A6:F7:69:C3:48,ON,405689,1780667623372,405693,1780667623376,520947,1780667621090,25,2026-06-05T13:53:44.2335919Z,,oasis/bottle
,,,0,,,local.mqtt.telegraf,56,41.89,,,08a6f76bd428,08a6f76bd428-102,102,08:A6:F7:6B:D4:28,ON,405779,1780667623462,405783,1780667623466,562326,1780667623381,25,2026-06-05T13:53:44.3201996Z,,oasis/bottle
,,,0,,,local.mqtt.telegraf,56,29.25,,,08a6f75abdf0,08a6f75abdf0-102,102,08:A6:F7:5A:BD:F0,ON,405869,1780667623553,405876,1780667623559,472927,1780667623470,25,2026-06-05T13:53:44.4031395Z,,oasis/bottle
,,,0,,,local.mqtt.telegraf,56,41.56,,,08a6f769c348,08a6f769c348-103,103,08:A6:F7:69:C3:48,ON,408989,1780667626672,408993,1780667626676,524246,1780667624389,25,2026-06-05T13:53:47.5452909Z,,oasis/bottle
,,,0,,,local.mqtt.telegraf,56,41.91,,,08a6f76bd428,08a6f76bd428-103,103,08:A6:F7:6B:D4:28,ON,409079,1780667626762,409083,1780667626766,565626,1780667626681,25,2026-06-05T13:53:47.5735017Z,,oasis/bottle
,,,0,,,local.mqtt.telegraf,56,29.23,,,08a6f75abdf0,08a6f75abdf0-103,103,08:A6:F7:5A:BD:F0,ON,409169,1780667626852,409173,1780667626856,476226,1780667626769,25,2026-06-05T13:53:47.7036071Z,,oasis/bottle
,,,0,,,local.mqtt.telegraf,56,41.44,,,08a6f769c348,08a6f769c348-104,104,08:A6:F7:69:C3:48,ON,412289,1780667629972,412293,1780667629976,527546,1780667627689,25,2026-06-05T13:53:50.8359141Z,,oasis/bottle
,,,0,,,local.mqtt.telegraf,56,41.72,,,08a6f76bd428,08a6f76bd428-104,104,08:A6:F7:6B:D4:28,ON,412379,1780667630062,412383,1780667630066,568926,1780667629981,25,2026-06-05T13:53:50.9192709Z,,oasis/bottle
,,,0,,,local.mqtt.telegraf,56,29.37,,,08a6f75abdf0,08a6f75abdf0-104,104,08:A6:F7:5A:BD:F0,ON,412469,1780667630152,412473,1780667630156,479526,1780667630069,25,2026-06-05T13:53:51.0212813Z,,oasis/bottle
,,,0,,,local.mqtt.telegraf,56,41.19,,,08a6f769c348,08a6f769c348-105,105,08:A6:F7:69:C3:48,ON,415589,1780667633272,415593,1780667633276,530846,1780667631111,25,2026-06-05T13:53:54.1390527Z,,oasis/bottle
,,,0,,,local.mqtt.telegraf,56,41.88,,,08a6f76bd428,08a6f76bd428-105,105,08:A6:F7:6B:D4:28,ON,415679,1780667633362,415683,1780667633366,572226,1780667631110,25,2026-06-05T13:53:54.2332087Z,,oasis/bottle
,,,0,,,local.mqtt.telegraf,56,29.24,,,08a6f75abdf0,08a6f75abdf0-105,105,08:A6:F7:5A:BD:F0,ON,415769,1780667633452,415773,1780667633456,482826,1780667631111,25,2026-06-05T13:53:54.3084159Z,,oasis/bottle
,,,0,,,local.mqtt.telegraf,56,41.25,,,08a6f769c348,08a6f769c348-106,106,08:A6:F7:69:C3:48,ON,418889,1780667636572,418893,1780667636576,534146,1780667634411,25,2026-06-05T13:53:57.4478437Z,,oasis/bottle
,,,0,,,local.mqtt.telegraf,56,41.97,,,08a6f76bd428,08a6f76bd428-106,106,08:A6:F7:6B:D4:28,ON,418979,1780667636662,418984,1780667636667,575526,1780667634410,25,2026-06-05T13:53:57.4888261Z,,oasis/bottle
,,,0,,,local.mqtt.telegraf,56,29.31,,,08a6f75abdf0,08a6f75abdf0-106,106,08:A6:F7:5A:BD:F0,ON,419069,1780667636752,419073,1780667636757,486126,1780667634411,25,2026-06-05T13:53:57.6101361Z,,oasis/bottle
,,,0,,,local.mqtt.telegraf,56,41.25,,,08a6f769c348,08a6f769c348-107,107,08:A6:F7:69:C3:48,ON,422189,1780667639872,422193,1780667639876,537446,1780667637711,25,2026-06-05T13:54:00.7415413Z,,oasis/bottle
,,,0,,,local.mqtt.telegraf,56,41.96,,,08a6f76bd428,08a6f76bd428-107,107,08:A6:F7:6B:D4:28,ON,422279,1780667639962,422283,1780667639966,578826,1780667637710,25,2026-06-05T13:54:00.8295721Z,,oasis/bottle
,,,0,,,local.mqtt.telegraf,55,29.29,,,08a6f75abdf0,08a6f75abdf0-107,107,08:A6:F7:5A:BD:F0,ON,422369,1780667640052,422373,1780667640056,489427,1780667637712,25,2026-06-05T13:54:00.9062836Z,,oasis/bottle
,,,0,,,local.mqtt.telegraf,56,41.48,,,08a6f769c348,08a6f769c348-108,108,08:A6:F7:69:C3:48,ON,425489,1780667643172,425493,1780667643176,540746,1780667641131,25,2026-06-05T13:54:04.0394939Z,,oasis/bottle
,,,0,,,local.mqtt.telegraf,56,42.12,,,08a6f76bd428,08a6f76bd428-108,108,08:A6:F7:6B:D4:28,ON,425579,1780667643262,425583,1780667643266,582126,1780667641130,25,2026-06-05T13:54:04.1224717Z,,oasis/bottle
,,,0,,,local.mqtt.telegraf,55,29.39,,,08a6f75abdf0,08a6f75abdf0-108,108,08:A6:F7:5A:BD:F0,ON,425669,1780667643352,425673,1780667643356,492727,1780667641132,25,2026-06-05T13:54:04.2111094Z,,oasis/bottle
,,,0,,,local.mqtt.telegraf,56,41.41,,,08a6f769c348,08a6f769c348-109,109,08:A6:F7:69:C3:48,ON,428789,1780667646472,428793,1780667646476,544046,1780667644431,25,2026-06-05T13:54:07.3409489Z,,oasis/bottle
,,,0,,,local.mqtt.telegraf,56,42.13,,,08a6f76bd428,08a6f76bd428-109,109,08:A6:F7:6B:D4:28,ON,428879,1780667646562,428883,1780667646566,585426,1780667644430,25,2026-06-05T13:54:07.4190811Z,,oasis/bottle
,,,0,,,local.mqtt.telegraf,56,29.47,,,08a6f75abdf0,08a6f75abdf0-109,109,08:A6:F7:5A:BD:F0,ON,428969,1780667646652,428975,1780667646658,496026,1780667644431,25,2026-06-05T13:54:07.5113952Z,,oasis/bottle
,,,0,,,local.mqtt.telegraf,56,41.49,,,08a6f769c348,08a6f769c348-110,110,08:A6:F7:69:C3:48,ON,432089,1780667649772,432093,1780667649776,547346,1780667647731,25,2026-06-05T13:54:10.6172415Z,,oasis/bottle
,,,0,,,local.mqtt.telegraf,56,41.95,,,08a6f76bd428,08a6f76bd428-110,110,08:A6:F7:6B:D4:28,ON,432179,1780667649862,432184,1780667649867,588726,1780667647730,25,2026-06-05T13:54:10.7236017Z,,oasis/bottle
,,,0,,,local.mqtt.telegraf,56,29.52,,,08a6f75abdf0,08a6f75abdf0-110,110,08:A6:F7:5A:BD:F0,ON,432269,1780667649952,432273,1780667649956,499326,1780667647731,25,2026-06-05T13:54:10.8426143Z,,oasis/bottle
,,,0,,,local.mqtt.telegraf,55,41.25,,,08a6f769c348,08a6f769c348-111,111,08:A6:F7:69:C3:48,ON,435389,1780667653072,435393,1780667653076,550647,1780667651159,25,2026-06-05T13:54:13.9587088Z,,oasis/bottle
,,,0,,,local.mqtt.telegraf,56,42.04,,,08a6f76bd428,08a6f76bd428-111,111,08:A6:F7:6B:D4:28,ON,435479,1780667653162,435483,1780667653166,592026,1780667651158,25,2026-06-05T13:54:14.0076559Z,,oasis/bottle
,,,0,,,local.mqtt.telegraf,55,29.84,,,08a6f75abdf0,08a6f75abdf0-111,111,08:A6:F7:5A:BD:F0,ON,435579,1780667653262,435583,1780667653267,502627,1780667651160,25,2026-06-05T13:54:14.1167802Z,,oasis/bottle
,,,0,,,local.mqtt.telegraf,55,41.48,,,08a6f769c348,08a6f769c348-112,112,08:A6:F7:69:C3:48,ON,438689,1780667656372,438693,1780667656376,553946,1780667654458,25,2026-06-05T13:54:17.2430349Z,,oasis/bottle
,,,0,,,local.mqtt.telegraf,56,41.91,,,08a6f76bd428,08a6f76bd428-112,112,08:A6:F7:6B:D4:28,ON,438779,1780667656462,438783,1780667656466,595326,1780667654458,25,2026-06-05T13:54:17.3225728Z,,oasis/bottle
,,,0,,,local.mqtt.telegraf,55,29.63,,,08a6f75abdf0,08a6f75abdf0-112,112,08:A6:F7:5A:BD:F0,ON,438880,1780667656563,438884,1780667656567,505937,1780667654470,25,2026-06-05T13:54:17.41359Z,,oasis/bottle
,,,0,,,local.mqtt.telegraf,55,41.91,,,08a6f769c348,08a6f769c348-113,113,08:A6:F7:69:C3:48,ON,441989,1780667659672,441993,1780667659676,557246,1780667657758,25,2026-06-05T13:54:20.5352772Z,,oasis/bottle
,,,0,,,local.mqtt.telegraf,56,41.84,,,08a6f76bd428,08a6f76bd428-113,113,08:A6:F7:6B:D4:28,ON,442079,1780667659762,442083,1780667659766,598626,1780667657758,25,2026-06-05T13:54:20.6184218Z,,oasis/bottle
,,,0,,,local.mqtt.telegraf,55,29.95,,,08a6f75abdf0,08a6f75abdf0-113,113,08:A6:F7:5A:BD:F0,ON,442179,1780667659862,442183,1780667659866,509237,1780667657770,25,2026-06-05T13:54:20.7188439Z,,oasis/bottle
,,,0,,,local.mqtt.telegraf,55,41.93,,,08a6f769c348,08a6f769c348-114,114,08:A6:F7:69:C3:48,ON,445289,1780667662972,445295,1780667662978,560547,1780667661182,25,2026-06-05T13:54:23.8335534Z,,oasis/bottle
,,,0,,,local.mqtt.telegraf,56,42.13,,,08a6f76bd428,08a6f76bd428-114,114,08:A6:F7:6B:D4:28,ON,445379,1780667663062,445383,1780667663066,601926,1780667661180,25,2026-06-05T13:54:23.9186947Z,,oasis/bottle
,,,0,,,local.mqtt.telegraf,55,30.07,,,08a6f75abdf0,08a6f75abdf0-114,114,08:A6:F7:5A:BD:F0,ON,445480,1780667663163,445484,1780667663167,512537,1780667661182,25,2026-06-05T13:54:24.0151033Z,,oasis/bottle
,,,0,,,local.mqtt.telegraf,55,42.04,,,08a6f769c348,08a6f769c348-115,115,08:A6:F7:69:C3:48,ON,448589,1780667666272,448593,1780667666276,563846,1780667664481,25,2026-06-05T13:54:27.1318316Z,,oasis/bottle
,,,0,,,local.mqtt.telegraf,56,42.19,,,08a6f76bd428,08a6f76bd428-115,115,08:A6:F7:6B:D4:28,ON,448679,1780667666362,448683,1780667666366,605226,1780667664480,25,2026-06-05T13:54:27.2246473Z,,oasis/bottle
,,,0,,,local.mqtt.telegraf,56,30,,,08a6f75abdf0,08a6f75abdf0-115,115,08:A6:F7:5A:BD:F0,ON,448779,1780667666462,448785,1780667666468,515836,1780667664481,25,2026-06-05T13:54:27.3161196Z,,oasis/bottle
,,,0,,,local.mqtt.telegraf,55,41.84,,,08a6f769c348,08a6f769c348-116,116,08:A6:F7:69:C3:48,ON,451889,1780667669572,451893,1780667669576,567146,1780667667781,25,2026-06-05T13:54:30.4274486Z,,oasis/bottle
,,,0,,,local.mqtt.telegraf,56,42.09,,,08a6f76bd428,08a6f76bd428-116,116,08:A6:F7:6B:D4:28,ON,451990,1780667669673,451995,1780667669678,608536,1780667667790,25,2026-06-05T13:54:30.5308139Z,,oasis/bottle
,,,0,,,local.mqtt.telegraf,55,29.94,,,08a6f75abdf0,08a6f75abdf0-116,116,08:A6:F7:5A:BD:F0,ON,452079,1780667669762,452083,1780667669766,519137,1780667667782,25,2026-06-05T13:54:30.6138239Z,,oasis/bottle
,,,0,,,local.mqtt.telegraf,55,41.74,,,08a6f769c348,08a6f769c348-117,117,08:A6:F7:69:C3:48,ON,455189,1780667672873,455194,1780667672877,570447,1780667671210,25,2026-06-05T13:54:33.730461Z,,oasis/bottle
,,,0,,,local.mqtt.telegraf,56,42.31,,,08a6f76bd428,08a6f76bd428-117,117,08:A6:F7:6B:D4:28,ON,455290,1780667672973,455294,1780667672977,611836,1780667671209,25,2026-06-05T13:54:33.83112Z,,oasis/bottle
,,,0,,,local.mqtt.telegraf,55,29.82,,,08a6f75abdf0,08a6f75abdf0-117,117,08:A6:F7:5A:BD:F0,ON,455379,1780667673062,455383,1780667673066,522437,1780667671211,25,2026-06-05T13:54:33.913193Z,,oasis/bottle
,,,0,,,local.mqtt.telegraf,55,41.48,,,08a6f769c348,08a6f769c348-118,118,08:A6:F7:69:C3:48,ON,458499,1780667676182,458504,1780667676187,573756,1780667674519,25,2026-06-05T13:54:37.0388087Z,,oasis/bottle
,,,0,,,local.mqtt.telegraf,56,41.93,,,08a6f76bd428,08a6f76bd428-118,118,08:A6:F7:6B:D4:28,ON,458589,1780667676272,458593,1780667676276,615136,1780667674509,25,2026-06-05T13:54:37.1304188Z,,oasis/bottle
,,,0,,,local.mqtt.telegraf,55,29.59,,,08a6f75abdf0,08a6f75abdf0-118,118,08:A6:F7:5A:BD:F0,ON,458679,1780667676362,458683,1780667676366,525737,1780667674511,25,2026-06-05T13:54:37.2128816Z,,oasis/bottle
,,,0,,,local.mqtt.telegraf,55,41.7,,,08a6f769c348,08a6f769c348-119,119,08:A6:F7:69:C3:48,ON,461799,1780667679482,461803,1780667679486,577056,1780667677819,25,2026-06-05T13:54:40.3256026Z,,oasis/bottle
,,,0,,,local.mqtt.telegraf,56,42.32,,,08a6f76bd428,08a6f76bd428-119,119,08:A6:F7:6B:D4:28,ON,461889,1780667679572,461893,1780667679576,618436,1780667677809,25,2026-06-05T13:54:40.4267955Z,,oasis/bottle
,,,0,,,local.mqtt.telegraf,55,29.72,,,08a6f75abdf0,08a6f75abdf0-119,119,08:A6:F7:5A:BD:F0,ON,461979,1780667679662,461984,1780667679667,529037,1780667677811,25,2026-06-05T13:54:40.5148626Z,,oasis/bottle
,,,0,,,local.mqtt.telegraf,55,41.49,,,08a6f769c348,08a6f769c348-120,120,08:A6:F7:69:C3:48,ON,465099,1780667682782,465103,1780667682786,580356,1780667681241,25,2026-06-05T13:54:43.6434243Z,,oasis/bottle
,,,0,,,local.mqtt.telegraf,56,42.32,,,08a6f76bd428,08a6f76bd428-120,120,08:A6:F7:6B:D4:28,ON,465189,1780667682873,465194,1780667682877,621737,1780667681241,25,2026-06-05T13:54:43.7240286Z,,oasis/bottle
,,,0,,,local.mqtt.telegraf,55,29.74,,,08a6f75abdf0,08a6f75abdf0-120,120,08:A6:F7:5A:BD:F0,ON,465279,1780667682962,465285,1780667682968,532337,1780667681242,25,2026-06-05T13:54:43.8096343Z,,oasis/bottle
,,,0,,,local.mqtt.telegraf,55,41.66,,,08a6f769c348,08a6f769c348-121,121,08:A6:F7:69:C3:48,ON,468399,1780667686082,468403,1780667686086,583656,1780667684541,25,2026-06-05T13:54:46.9401606Z,,oasis/bottle
,,,0,,,local.mqtt.telegraf,56,42.32,,,08a6f76bd428,08a6f76bd428-121,121,08:A6:F7:6B:D4:28,ON,468489,1780667686172,468493,1780667686176,625036,1780667684540,25,2026-06-05T13:54:47.019523Z,,oasis/bottle
,,,0,,,local.mqtt.telegraf,56,29.84,,,08a6f75abdf0,08a6f75abdf0-121,121,08:A6:F7:5A:BD:F0,ON,468580,1780667686263,468584,1780667686267,535636,1780667684541,25,2026-06-05T13:54:47.1131107Z,,oasis/bottle
,,,0,,,local.mqtt.telegraf,55,41.61,,,08a6f769c348,08a6f769c348-122,122,08:A6:F7:69:C3:48,ON,471709,1780667689392,471714,1780667689397,586957,1780667687842,25,2026-06-05T13:54:50.2447383Z,,oasis/bottle
,,,0,,,local.mqtt.telegraf,56,42.51,,,08a6f76bd428,08a6f76bd428-122,122,08:A6:F7:6B:D4:28,ON,471789,1780667689472,471793,1780667689476,628336,1780667687840,25,2026-06-05T13:54:50.2896236Z,,oasis/bottle
,,,0,,,local.mqtt.telegraf,55,30.26,,,08a6f75abdf0,08a6f75abdf0-122,122,08:A6:F7:5A:BD:F0,ON,471879,1780667689562,471883,1780667689566,538937,1780667687842,25,2026-06-05T13:54:50.4109733Z,,oasis/bottle
,,,0,,,local.mqtt.telegraf,55,41.88,,,08a6f769c348,08a6f769c348-123,123,08:A6:F7:69:C3:48,ON,475009,1780667692692,475013,1780667692696,590266,1780667691251,25,2026-06-05T13:54:53.5495821Z,,oasis/bottle
,,,0,,,local.mqtt.telegraf,56,42.51,,,08a6f76bd428,08a6f76bd428-123,123,08:A6:F7:6B:D4:28,ON,475089,1780667692772,475094,1780667692777,631636,1780667691260,25,2026-06-05T13:54:53.5797369Z,,oasis/bottle
,,,0,,,local.mqtt.telegraf,55,30.3,,,08a6f75abdf0,08a6f75abdf0-123,123,08:A6:F7:5A:BD:F0,ON,475179,1780667692862,475183,1780667692866,542237,1780667691262,25,2026-06-05T13:54:53.7062511Z,,oasis/bottle
,,,0,,,local.mqtt.telegraf,55,42.12,,,08a6f769c348,08a6f769c348-124,124,08:A6:F7:69:C3:48,ON,478309,1780667695992,478313,1780667695996,593567,1780667694552,25,2026-06-05T13:54:56.8497088Z,,oasis/bottle
,,,0,,,local.mqtt.telegraf,56,42.72,,,08a6f76bd428,08a6f76bd428-124,124,08:A6:F7:6B:D4:28,ON,478390,1780667696073,478394,1780667696077,634936,1780667694560,25,2026-06-05T13:54:56.8777101Z,,oasis/bottle
,,,0,,,local.mqtt.telegraf,55,30.72,,,08a6f75abdf0,08a6f75abdf0-124,124,08:A6:F7:5A:BD:F0,ON,478480,1780667696163,478484,1780667696167,545537,1780667694562,25,2026-06-05T13:54:57.0158086Z,,oasis/bottle
,,,0,,,local.mqtt.telegraf,55,42.29,,,08a6f769c348,08a6f769c348-125,125,08:A6:F7:69:C3:48,ON,481609,1780667699292,481613,1780667699296,596867,1780667697852,25,2026-06-05T13:55:00.1484778Z,,oasis/bottle
,,,0,,,local.mqtt.telegraf,56,42.83,,,08a6f76bd428,08a6f76bd428-125,125,08:A6:F7:6B:D4:28,ON,481689,1780667699372,481693,1780667699376,638236,1780667697860,25,2026-06-05T13:55:00.188108Z,,oasis/bottle
,,,0,,,local.mqtt.telegraf,55,30.9,,,08a6f75abdf0,08a6f75abdf0-125,125,08:A6:F7:5A:BD:F0,ON,481789,1780667699472,481793,1780667699476,548847,1780667697872,25,2026-06-05T13:55:00.3193413Z,,oasis/bottle
,,,0,,,local.mqtt.telegraf,55,42.15,,,08a6f769c348,08a6f769c348-126,126,08:A6:F7:69:C3:48,ON,484909,1780667702592,484913,1780667702596,600167,1780667701281,25,2026-06-05T13:55:03.4458414Z,,oasis/bottle
,,,0,,,local.mqtt.telegraf,56,42.85,,,08a6f76bd428,08a6f76bd428-126,126,08:A6:F7:6B:D4:28,ON,484989,1780667702672,484993,1780667702676,641536,1780667701280,25,2026-06-05T13:55:03.4846436Z,,oasis/bottle
,,,0,,,local.mqtt.telegraf,55,30.82,,,08a6f75abdf0,08a6f75abdf0-126,126,08:A6:F7:5A:BD:F0,ON,485089,1780667702772,485093,1780667702776,552147,1780667701282,25,2026-06-05T13:55:03.6191176Z,,oasis/bottle
,,,0,,,local.mqtt.telegraf,55,41.97,,,08a6f769c348,08a6f769c348-127,127,08:A6:F7:69:C3:48,ON,488209,1780667705892,488214,1780667705897,603467,1780667704581,25,2026-06-05T13:55:06.7449554Z,,oasis/bottle
,,,0,,,local.mqtt.telegraf,56,42.71,,,08a6f76bd428,08a6f76bd428-127,127,08:A6:F7:6B:D4:28,ON,488299,1780667705982,488304,1780667705987,644836,1780667704580,25,2026-06-05T13:55:06.8285958Z,,oasis/bottle
,,,0,,,local.mqtt.telegraf,55,30.73,,,08a6f75abdf0,08a6f75abdf0-127,127,08:A6:F7:5A:BD:F0,ON,488389,1780667706072,488393,1780667706076,555447,1780667704582,25,2026-06-05T13:55:06.9231461Z,,oasis/bottle
,,,0,,,local.mqtt.telegraf,55,42.15,,,08a6f769c348,08a6f769c348-128,128,08:A6:F7:69:C3:48,ON,491519,1780667709202,491523,1780667709206,606777,1780667707891,25,2026-06-05T13:55:10.0590237Z,,oasis/bottle
,,,0,,,local.mqtt.telegraf,56,42.98,,,08a6f76bd428,08a6f76bd428-128,128,08:A6:F7:6B:D4:28,ON,491590,1780667709273,491595,1780667709278,648136,1780667707880,25,2026-06-05T13:55:10.1037314Z,,oasis/bottle
,,,0,,,local.mqtt.telegraf,55,30.95,,,08a6f75abdf0,08a6f75abdf0-128,128,08:A6:F7:5A:BD:F0,ON,491689,1780667709372,491693,1780667709376,558747,1780667707882,25,2026-06-05T13:55:10.2191592Z,,oasis/bottle
,,,0,,,local.mqtt.telegraf,55,42.25,,,08a6f769c348,08a6f769c348-129,129,08:A6:F7:69:C3:48,ON,494839,1780667712522,494843,1780667712526,610097,1780667711292,25,2026-06-05T13:55:13.3765362Z,,oasis/bottle
,,,0,,,local.mqtt.telegraf,56,42.89,,,08a6f76bd428,08a6f76bd428-129,129,08:A6:F7:6B:D4:28,ON,494888,1780667712572,494893,1780667712576,651436,1780667711300,25,2026-06-05T13:55:13.4190412Z,,oasis/bottle
,,,0,,,local.mqtt.telegraf,55,30.9,,,08a6f75abdf0,08a6f75abdf0-129,129,08:A6:F7:5A:BD:F0,ON,494989,1780667712672,494993,1780667712676,562047,1780667711301,25,2026-06-05T13:55:13.5460321Z,,oasis/bottle
,,,0,,,local.mqtt.telegraf,55,42.13,,,08a6f769c348,08a6f769c348-130,130,08:A6:F7:69:C3:48,ON,498139,1780667715822,498144,1780667715827,613397,1780667714592,25,2026-06-05T13:55:16.6705466Z,,oasis/bottle
,,,0,,,local.mqtt.telegraf,56,42.86,,,08a6f76bd428,08a6f76bd428-130,130,08:A6:F7:6B:D4:28,ON,498189,1780667715872,498193,1780667715876,654736,1780667714600,25,2026-06-05T13:55:16.7182845Z,,oasis/bottle
,,,0,,,local.mqtt.telegraf,55,30.85,,,08a6f75abdf0,08a6f75abdf0-130,130,08:A6:F7:5A:BD:F0,ON,498289,1780667715972,498293,1780667715977,565347,1780667714601,25,2026-06-05T13:55:16.8131622Z,,oasis/bottle
,,,0,,,local.mqtt.telegraf,55,42.11,,,08a6f769c348,08a6f769c348-131,131,08:A6:F7:69:C3:48,ON,501439,1780667719122,501443,1780667719126,616697,1780667717892,25,2026-06-05T13:55:19.9739518Z,,oasis/bottle
,,,0,,,local.mqtt.telegraf,56,42.9,,,08a6f76bd428,08a6f76bd428-131,131,08:A6:F7:6B:D4:28,ON,501489,1780667719172,501493,1780667719176,658036,1780667717900,25,2026-06-05T13:55:20.0122781Z,,oasis/bottle
,,,0,,,local.mqtt.telegraf,55,30.7,,,08a6f75abdf0,08a6f75abdf0-131,131,08:A6:F7:5A:BD:F0,ON,501589,1780667719272,501593,1780667719276,568647,1780667717901,25,2026-06-05T13:55:20.1411674Z,,oasis/bottle
,,,0,,,local.mqtt.telegraf,55,41.93,,,08a6f769c348,08a6f769c348-132,132,08:A6:F7:69:C3:48,ON,504739,1780667722422,504751,1780667722434,619997,1780667721321,25,2026-06-05T13:55:23.2870769Z,,oasis/bottle
,,,0,,,local.mqtt.telegraf,56,42.76,,,08a6f76bd428,08a6f76bd428-132,132,08:A6:F7:6B:D4:28,ON,504789,1780667722472,504794,1780667722477,661336,1780667721320,25,2026-06-05T13:55:23.3248544Z,,oasis/bottle
,,,0,,,local.mqtt.telegraf,55,30.35,,,08a6f75abdf0,08a6f75abdf0-132,132,08:A6:F7:5A:BD:F0,ON,504889,1780667722572,504895,1780667722579,571947,1780667721322,25,2026-06-05T13:55:23.4174048Z,,oasis/bottle
,,,0,,,local.mqtt.telegraf,55,41.93,,,08a6f769c348,08a6f769c348-133,133,08:A6:F7:69:C3:48,ON,508039,1780667725722,508043,1780667725726,623297,1780667724621,25,2026-06-05T13:55:26.5777829Z,,oasis/bottle
,,,0,,,local.mqtt.telegraf,56,42.97,,,08a6f76bd428,08a6f76bd428-133,133,08:A6:F7:6B:D4:28,ON,508088,1780667725772,508093,1780667725776,664636,1780667724620,25,2026-06-05T13:55:26.6080121Z,,oasis/bottle
,,,0,,,local.mqtt.telegraf,55,30.37,,,08a6f75abdf0,08a6f75abdf0-133,133,08:A6:F7:5A:BD:F0,ON,508189,1780667725872,508193,1780667725876,575247,1780667724622,25,2026-06-05T13:55:26.7135014Z,,oasis/bottle
,,,0,,,local.mqtt.telegraf,55,41.91,,,08a6f769c348,08a6f769c348-134,134,08:A6:F7:69:C3:48,ON,511339,1780667729022,511343,1780667729026,626597,1780667727921,25,2026-06-05T13:55:29.872907Z,,oasis/bottle
,,,0,,,local.mqtt.telegraf,56,42.48,,,08a6f76bd428,08a6f76bd428-134,134,08:A6:F7:6B:D4:28,ON,511389,1780667729072,511393,1780667729076,667936,1780667727920,25,2026-06-05T13:55:29.9122412Z,,oasis/bottle
,,,0,,,local.mqtt.telegraf,55,30.14,,,08a6f75abdf0,08a6f75abdf0-134,134,08:A6:F7:5A:BD:F0,ON,511489,1780667729172,511493,1780667729176,578547,1780667727922,25,2026-06-05T13:55:30.0204094Z,,oasis/bottle
,,,0,,,local.mqtt.telegraf,55,41.81,,,08a6f769c348,08a6f769c348-135,135,08:A6:F7:69:C3:48,ON,514649,1780667732332,514653,1780667732336,629907,1780667731342,25,2026-06-05T13:55:33.1829294Z,,oasis/bottle
,,,0,,,local.mqtt.telegraf,56,42.58,,,08a6f76bd428,08a6f76bd428-135,135,08:A6:F7:6B:D4:28,ON,514689,1780667732372,514694,1780667732377,671236,1780667731340,25,2026-06-05T13:55:33.2228433Z,,oasis/bottle
,,,0,,,local.mqtt.telegraf,55,30.02,,,08a6f75abdf0,08a6f75abdf0-135,135,08:A6:F7:5A:BD:F0,ON,514790,1780667732473,514794,1780667732477,581847,1780667731342,25,2026-06-05T13:55:33.3161712Z,,oasis/bottle
,,,0,,,local.mqtt.telegraf,55,41.91,,,08a6f769c348,08a6f769c348-136,136,08:A6:F7:69:C3:48,ON,517949,1780667735632,517953,1780667735636,633207,1780667734642,25,2026-06-05T13:55:36.4851392Z,,oasis/bottle
,,,0,,,local.mqtt.telegraf,56,42.35,,,08a6f76bd428,08a6f76bd428-136,136,08:A6:F7:6B:D4:28,ON,517988,1780667735672,517993,1780667735676,674536,1780667734640,25,2026-06-05T13:55:36.525623Z,,oasis/bottle
,,,0,,,local.mqtt.telegraf,55,29.96,,,08a6f75abdf0,08a6f75abdf0-136,136,08:A6:F7:5A:BD:F0,ON,518089,1780667735772,518095,1780667735778,585147,1780667734642,25,2026-06-05T13:55:36.6164398Z,,oasis/bottle
,,,0,,,local.mqtt.telegraf,55,41.65,,,08a6f769c348,08a6f769c348-137,137,08:A6:F7:69:C3:48,ON,521249,1780667738932,521253,1780667738936,636507,1780667737942,25,2026-06-05T13:55:39.782789Z,,oasis/bottle
,,,0,,,local.mqtt.telegraf,56,42.56,,,08a6f76bd428,08a6f76bd428-137,137,08:A6:F7:6B:D4:28,ON,521288,1780667738972,521293,1780667738976,677836,1780667737940,25,2026-06-05T13:55:39.7838058Z,,oasis/bottle
,,,0,,,local.mqtt.telegraf,55,29.91,,,08a6f75abdf0,08a6f75abdf0-137,137,08:A6:F7:5A:BD:F0,ON,521389,1780667739072,521393,1780667739076,588447,1780667737942,25,2026-06-05T13:55:39.9173756Z,,oasis/bottle
,,,0,,,local.mqtt.telegraf,56,42.54,,,08a6f76bd428,08a6f76bd428-138,138,08:A6:F7:6B:D4:28,ON,524588,1780667742272,524593,1780667742276,681136,1780667741369,25,2026-06-05T13:55:43.0999939Z,,oasis/bottle
,,,0,,,local.mqtt.telegraf,55,29.78,,,08a6f75abdf0,08a6f75abdf0-138,138,08:A6:F7:5A:BD:F0,ON,524689,1780667742372,524693,1780667742376,591747,1780667741371,25,2026-06-05T13:55:43.2146395Z,,oasis/bottle
,,,0,,,local.mqtt.telegraf,56,42.36,,,08a6f76bd428,08a6f76bd428-139,139,08:A6:F7:6B:D4:28,ON,527888,1780667745571,527892,1780667745575,684438,1780667744671,25,2026-06-05T13:55:46.3719716Z,,oasis/bottle
,,,0,,,local.mqtt.telegraf,55,30.02,,,08a6f75abdf0,08a6f75abdf0-139,139,08:A6:F7:5A:BD:F0,ON,527989,1780667745672,527993,1780667745676,595047,1780667744671,25,2026-06-05T13:55:46.5241657Z,,oasis/bottle
,,,0,,,local.mqtt.telegraf,56,42.51,,,08a6f76bd428,08a6f76bd428-140,140,08:A6:F7:6B:D4:28,ON,531189,1780667748872,531193,1780667748876,687736,1780667747969,25,2026-06-05T13:55:49.6998942Z,,oasis/bottle
,,,0,,,local.mqtt.telegraf,55,29.91,,,08a6f75abdf0,08a6f75abdf0-140,140,08:A6:F7:5A:BD:F0,ON,531289,1780667748972,531293,1780667748976,598347,1780667747971,25,2026-06-05T13:55:49.8090796Z,,oasis/bottle
,,,0,,,local.mqtt.telegraf,55,41.81,,,08a6f769c348,08a6f769c348-141,141,08:A6:F7:69:C3:48,ON,534449,1780667752133,534454,1780667752137,649707,1780667751392,25,2026-06-05T13:55:52.9777212Z,,oasis/bottle
,,,0,,,local.mqtt.telegraf,56,42.32,,,08a6f76bd428,08a6f76bd428-141,141,08:A6:F7:6B:D4:28,ON,534490,1780667752173,534494,1780667752177,691036,1780667751390,25,2026-06-05T13:55:52.9885727Z,,oasis/bottle
,,,0,,,local.mqtt.telegraf,55,30.11,,,08a6f75abdf0,08a6f75abdf0-141,141,08:A6:F7:5A:BD:F0,ON,534590,1780667752273,534594,1780667752277,601647,1780667751392,25,2026-06-05T13:55:53.1184391Z,,oasis/bottle
,,,0,,,local.mqtt.telegraf,56,42.62,,,08a6f76bd428,08a6f76bd428-142,142,08:A6:F7:6B:D4:28,ON,537789,1780667755472,537793,1780667755476,694336,1780667754690,25,2026-06-05T13:55:56.2903333Z,,oasis/bottle
,,,0,,,local.mqtt.telegraf,55,30.05,,,08a6f75abdf0,08a6f75abdf0-142,142,08:A6:F7:5A:BD:F0,ON,537889,1780667755572,537894,1780667755577,604947,1780667754692,25,2026-06-05T13:55:56.418422Z,,oasis/bottle
,,,0,,,local.mqtt.telegraf,56,42.7,,,08a6f76bd428,08a6f76bd428-143,143,08:A6:F7:6B:D4:28,ON,541089,1780667758772,541093,1780667758776,697636,1780667757990,25,2026-06-05T13:55:59.5927145Z,,oasis/bottle
,,,0,,,local.mqtt.telegraf,55,30.05,,,08a6f75abdf0,08a6f75abdf0-143,143,08:A6:F7:5A:BD:F0,ON,541189,1780667758872,541194,1780667758877,608247,1780667757992,25,2026-06-05T13:55:59.7162038Z,,oasis/bottle
,,,0,,,local.mqtt.telegraf,56,42.63,,,08a6f76bd428,08a6f76bd428-144,144,08:A6:F7:6B:D4:28,ON,544397,1780667762080,544401,1780667762084,700936,1780667761410,25,2026-06-05T13:56:02.9015852Z,,oasis/bottle
,,,0,,,local.mqtt.telegraf,55,29.87,,,08a6f75abdf0,08a6f75abdf0-144,144,08:A6:F7:5A:BD:F0,ON,544489,1780667762172,544493,1780667762176,611547,1780667761412,25,2026-06-05T13:56:03.0213671Z,,oasis/bottle
,,,0,,,local.mqtt.telegraf,56,42.64,,,08a6f76bd428,08a6f76bd428-145,145,08:A6:F7:6B:D4:28,ON,547689,1780667765372,547694,1780667765377,704236,1780667764710,25,2026-06-05T13:56:06.194773Z,,oasis/bottle
,,,0,,,local.mqtt.telegraf,55,29.86,,,08a6f75abdf0,08a6f75abdf0-145,145,08:A6:F7:5A:BD:F0,ON,547789,1780667765472,547794,1780667765477,614847,1780667764712,25,2026-06-05T13:56:06.3166414Z,,oasis/bottle
,,,0,,,local.mqtt.telegraf,55,41.61,,,08a6f769c348,08a6f769c348-146,146,08:A6:F7:69:C3:48,ON,550959,1780667768642,550963,1780667768646,666217,1780667768011,25,2026-06-05T13:56:09.4889342Z,,oasis/bottle
,,,0,,,local.mqtt.telegraf,56,42.52,,,08a6f76bd428,08a6f76bd428-146,146,08:A6:F7:6B:D4:28,ON,550989,1780667768672,550993,1780667768676,707536,1780667768010,25,2026-06-05T13:56:09.4901791Z,,oasis/bottle
,,,0,,,local.mqtt.telegraf,55,29.83,,,08a6f75abdf0,08a6f75abdf0-146,146,08:A6:F7:5A:BD:F0,ON,551089,1780667768772,551094,1780667768777,618147,1780667768012,25,2026-06-05T13:56:09.611406Z,,oasis/bottle
,,,0,,,local.mqtt.telegraf,56,42.56,,,08a6f76bd428,08a6f76bd428-147,147,08:A6:F7:6B:D4:28,ON,554289,1780667771972,554293,1780667771976,710837,1780667771431,25,2026-06-05T13:56:12.7846631Z,,oasis/bottle
,,,0,,,local.mqtt.telegraf,55,29.64,,,08a6f75abdf0,08a6f75abdf0-147,147,08:A6:F7:5A:BD:F0,ON,554389,1780667772072,554394,1780667772077,621447,1780667771432,25,2026-06-05T13:56:12.9188708Z,,oasis/bottle
,,,0,,,local.mqtt.telegraf,55,41.5,,,08a6f769c348,08a6f769c348-148,148,08:A6:F7:69:C3:48,ON,557569,1780667775252,557573,1780667775256,672827,1780667774742,25,2026-06-05T13:56:16.102616Z,,oasis/bottle
,,,0,,,local.mqtt.telegraf,56,42.33,,,08a6f76bd428,08a6f76bd428-148,148,08:A6:F7:6B:D4:28,ON,557597,1780667775280,557601,1780667775284,714136,1780667774730,25,2026-06-05T13:56:16.104032Z,,oasis/bottle
,,,0,,,local.mqtt.telegraf,55,29.43,,,08a6f75abdf0,08a6f75abdf0-148,148,08:A6:F7:5A:BD:F0,ON,557689,1780667775372,557693,1780667775376,624747,1780667774732,25,2026-06-05T13:56:16.2144894Z,,oasis/bottle
,,,0,,,local.mqtt.telegraf,56,42.64,,,08a6f76bd428,08a6f76bd428-149,149,08:A6:F7:6B:D4:28,ON,560907,1780667778590,560912,1780667778595,717436,1780667778030,25,2026-06-05T13:56:19.4063535Z,,oasis/bottle
,,,0,,,local.mqtt.telegraf,55,29.37,,,08a6f75abdf0,08a6f75abdf0-149,149,08:A6:F7:5A:BD:F0,ON,560989,1780667778672,560993,1780667778676,628047,1780667778032,25,2026-06-05T13:56:19.5195189Z,,oasis/bottle
,,,0,,,local.mqtt.telegraf,56,42.71,,,08a6f76bd428,08a6f76bd428-150,150,08:A6:F7:6B:D4:28,ON,564198,1780667781881,564202,1780667781885,720737,1780667781451,25,2026-06-05T13:56:22.6983066Z,,oasis/bottle
,,,0,,,local.mqtt.telegraf,55,29.19,,,08a6f75abdf0,08a6f75abdf0-150,150,08:A6:F7:5A:BD:F0,ON,564289,1780667781973,564294,1780667781977,631347,1780667781451,25,2026-06-05T13:56:22.8171438Z,,oasis/bottle
,,,0,,,local.mqtt.telegraf,55,41.25,,,08a6f769c348,08a6f769c348-151,151,08:A6:F7:69:C3:48,ON,567469,1780667785152,567473,1780667785156,682727,1780667784751,25,2026-06-05T13:56:25.9983534Z,,oasis/bottle
,,,0,,,local.mqtt.telegraf,56,41.99,,,08a6f76bd428,08a6f76bd428-151,151,08:A6:F7:6B:D4:28,ON,567497,1780667785180,567501,1780667785184,724036,1780667784750,25,2026-06-05T13:56:25.9988567Z,,oasis/bottle
,,,0,,,local.mqtt.telegraf,55,28.93,,,08a6f75abdf0,08a6f75abdf0-151,151,08:A6:F7:5A:BD:F0,ON,567589,1780667785272,567593,1780667785276,634647,1780667784751,25,2026-06-05T13:56:26.1158971Z,,oasis/bottle
,,,0,,,local.mqtt.telegraf,56,42.21,,,08a6f76bd428,08a6f76bd428-152,152,08:A6:F7:6B:D4:28,ON,570797,1780667788480,570802,1780667788485,727336,1780667788050,25,2026-06-05T13:56:29.2970248Z,,oasis/bottle
,,,0,,,local.mqtt.telegraf,55,28.78,,,08a6f75abdf0,08a6f75abdf0-152,152,08:A6:F7:5A:BD:F0,ON,570889,1780667788572,570893,1780667788576,637947,1780667788051,25,2026-06-05T13:56:29.4086513Z,,oasis/bottle
,,,0,,,local.mqtt.telegraf,56,42.12,,,08a6f76bd428,08a6f76bd428-153,153,08:A6:F7:6B:D4:28,ON,574097,1780667791780,574101,1780667791784,730636,1780667791470,25,2026-06-05T13:56:32.5989852Z,,oasis/bottle
,,,0,,,local.mqtt.telegraf,55,28.89,,,08a6f75abdf0,08a6f75abdf0-153,153,08:A6:F7:5A:BD:F0,ON,574189,1780667791872,574193,1780667791876,641247,1780667791472,25,2026-06-05T13:56:32.7200084Z,,oasis/bottle
,,,0,,,local.mqtt.telegraf,56,42.28,,,08a6f76bd428,08a6f76bd428-154,154,08:A6:F7:6B:D4:28,ON,577398,1780667795081,577403,1780667795086,733936,1780667794770,25,2026-06-05T13:56:35.8985145Z,,oasis/bottle
,,,0,,,local.mqtt.telegraf,55,28.84,,,08a6f75abdf0,08a6f75abdf0-154,154,08:A6:F7:5A:BD:F0,ON,577489,1780667795172,577495,1780667795178,644547,1780667794772,25,2026-06-05T13:56:36.0073496Z,,oasis/bottle
,,,0,,,local.mqtt.telegraf,56,42.08,,,08a6f76bd428,08a6f76bd428-155,155,08:A6:F7:6B:D4:28,ON,580697,1780667798380,580702,1780667798385,737236,1780667798070,25,2026-06-05T13:56:39.1969908Z,,oasis/bottle
,,,0,,,local.mqtt.telegraf,55,28.82,,,08a6f75abdf0,08a6f75abdf0-155,155,08:A6:F7:5A:BD:F0,ON,580789,1780667798472,580793,1780667798476,647847,1780667798072,25,2026-06-05T13:56:39.3071196Z,,oasis/bottle
,,,0,,,local.mqtt.telegraf,55,41,,,08a6f769c348,08a6f769c348-156,156,08:A6:F7:69:C3:48,ON,583969,1780667801652,583973,1780667801656,699226,1780667801491,26,2026-06-05T13:56:42.4972097Z,,oasis/bottle
,,,0,,,local.mqtt.telegraf,56,41.84,,,08a6f76bd428,08a6f76bd428-156,156,08:A6:F7:6B:D4:28,ON,583997,1780667801680,584001,1780667801684,740537,1780667801491,25,2026-06-05T13:56:42.4982591Z,,oasis/bottle
,,,0,,,local.mqtt.telegraf,55,28.58,,,08a6f75abdf0,08a6f75abdf0-156,156,08:A6:F7:5A:BD:F0,ON,584089,1780667801772,584093,1780667801776,651147,1780667801492,25,2026-06-05T13:56:42.6009773Z,,oasis/bottle
,,,0,,,local.mqtt.telegraf,56,41.89,,,08a6f76bd428,08a6f76bd428-157,157,08:A6:F7:6B:D4:28,ON,587297,1780667804980,587301,1780667804984,743836,1780667804790,25,2026-06-05T13:56:45.7943885Z,,oasis/bottle
,,,0,,,local.mqtt.telegraf,55,28.73,,,08a6f75abdf0,08a6f75abdf0-157,157,08:A6:F7:5A:BD:F0,ON,587389,1780667805072,587393,1780667805076,654447,1780667804792,25,2026-06-05T13:56:45.9126009Z,,oasis/bottle
,,,0,,,local.mqtt.telegraf,56,42.04,,,08a6f76bd428,08a6f76bd428-158,158,08:A6:F7:6B:D4:28,ON,590601,1780667808284,590610,1780667808293,747136,1780667808090,25,2026-06-05T13:56:49.0976891Z,,oasis/bottle
,,,0,,,local.mqtt.telegraf,55,28.39,,,08a6f75abdf0,08a6f75abdf0-158,158,08:A6:F7:5A:BD:F0,ON,590689,1780667808372,590693,1780667808376,657747,1780667808092,25,2026-06-05T13:56:49.2079567Z,,oasis/bottle
,,,0,,,local.mqtt.telegraf,56,41.93,,,08a6f76bd428,08a6f76bd428-159,159,08:A6:F7:6B:D4:28,ON,593897,1780667811581,593902,1780667811585,750436,1780667811498,25,2026-06-05T13:56:52.3905085Z,,oasis/bottle
,,,0,,,local.mqtt.telegraf,55,28.37,,,08a6f75abdf0,08a6f75abdf0-159,159,08:A6:F7:5A:BD:F0,ON,593989,1780667811672,593993,1780667811676,661047,1780667811520,25,2026-06-05T13:56:52.5167225Z,,oasis/bottle
,,,0,,,local.mqtt.telegraf,56,41.73,,,08a6f76bd428,08a6f76bd428-160,160,08:A6:F7:6B:D4:28,ON,597197,1780667814880,597201,1780667814884,753736,1780667814798,25,2026-06-05T13:56:55.6919571Z,,oasis/bottle
,,,0,,,local.mqtt.telegraf,55,28.19,,,08a6f75abdf0,08a6f75abdf0-160,160,08:A6:F7:5A:BD:F0,ON,597289,1780667814972,597293,1780667814976,664347,1780667814820,25,2026-06-05T13:56:55.8087172Z,,oasis/bottle
,,,0,,,local.mqtt.telegraf,56,41.86,,,08a6f76bd428,08a6f76bd428-161,161,08:A6:F7:6B:D4:28,ON,600504,1780667818188,600509,1780667818192,757036,1780667818098,25,2026-06-05T13:56:59.0030536Z,,oasis/bottle
,,,0,,,local.mqtt.telegraf,55,28.12,,,08a6f75abdf0,08a6f75abdf0-161,161,08:A6:F7:5A:BD:F0,ON,600589,1780667818272,600593,1780667818277,667647,1780667818120,25,2026-06-05T13:56:59.1014655Z,,oasis/bottle
,,,0,,,local.mqtt.telegraf,56,41.61,,,08a6f76bd428,08a6f76bd428-162,162,08:A6:F7:6B:D4:28,ON,603807,1780667821490,603812,1780667821495,760336,1780667821399,25,2026-06-05T13:57:02.3039701Z,,oasis/bottle
,,,0,,,local.mqtt.telegraf,55,27.91,,,08a6f75abdf0,08a6f75abdf0-162,162,08:A6:F7:5A:BD:F0,ON,603889,1780667821572,603893,1780667821577,670947,1780667821491,25,2026-06-05T13:57:02.4150251Z,,oasis/bottle
,,,0,,,local.mqtt.telegraf,55,40.59,,,08a6f769c348,08a6f769c348-163,163,08:A6:F7:69:C3:48,ON,607089,1780667824772,607094,1780667824777,722346,1780667824700,26,2026-06-05T13:57:05.6263591Z,,oasis/bottle
,,,0,,,local.mqtt.telegraf,56,41.45,,,08a6f76bd428,08a6f76bd428-163,163,08:A6:F7:6B:D4:28,ON,607116,1780667824799,607121,1780667824804,763636,1780667824699,25,2026-06-05T13:57:05.6268628Z,,oasis/bottle
,,,0,,,local.mqtt.telegraf,55,27.79,,,08a6f75abdf0,08a6f75abdf0-163,163,08:A6:F7:5A:BD:F0,ON,607189,1780667824872,607194,1780667824877,674248,1780667824792,25,2026-06-05T13:57:05.7128757Z,,oasis/bottle
,,,0,,,local.mqtt.telegraf,55,40.62,,,08a6f769c348,08a6f769c348-164,164,08:A6:F7:69:C3:48,ON,610389,1780667828072,610393,1780667828076,725646,1780667828000,26,2026-06-05T13:57:08.9132885Z,,oasis/bottle
,,,0,,,local.mqtt.telegraf,56,41.5,,,08a6f76bd428,08a6f76bd428-164,164,08:A6:F7:6B:D4:28,ON,610417,1780667828100,610421,1780667828104,766946,1780667828009,25,2026-06-05T13:57:08.9143928Z,,oasis/bottle
,,,0,,,local.mqtt.telegraf,55,27.67,,,08a6f75abdf0,08a6f75abdf0-164,164,08:A6:F7:5A:BD:F0,ON,610489,1780667828172,610494,1780667828178,677547,1780667828091,25,2026-06-05T13:57:09.0059365Z,,oasis/bottle
,,,0,,,local.mqtt.telegraf,56,41.25,,,08a6f76bd428,08a6f76bd428-165,165,08:A6:F7:6B:D4:28,ON,613717,1780667831400,613721,1780667831404,770246,1780667831310,25,2026-06-05T13:57:12.2079777Z,,oasis/bottle
,,,0,,,local.mqtt.telegraf,55,27.48,,,08a6f75abdf0,08a6f75abdf0-165,165,08:A6:F7:5A:BD:F0,ON,613789,1780667831473,613794,1780667831477,680847,1780667831372,25,2026-06-05T13:57:12.3160373Z,,oasis/bottle
,,,0,,,local.mqtt.telegraf,55,40.4,,,08a6f769c348,08a6f769c348-166,166,08:A6:F7:69:C3:48,ON,616989,1780667834672,616993,1780667834676,732246,1780667834591,26,2026-06-05T13:57:15.5115689Z,,oasis/bottle
,,,0,,,local.mqtt.telegraf,56,41.14,,,08a6f76bd428,08a6f76bd428-166,166,08:A6:F7:6B:D4:28,ON,617017,1780667834700,617022,1780667834705,773546,1780667834610,25,2026-06-05T13:57:15.5121727Z,,oasis/bottle
,,,0,,,local.mqtt.telegraf,55,27.45,,,08a6f75abdf0,08a6f75abdf0-166,166,08:A6:F7:5A:BD:F0,ON,617089,1780667834772,617094,1780667834777,684147,1780667834672,25,2026-06-05T13:57:15.610468Z,,oasis/bottle
,,,0,,,local.mqtt.telegraf,56,41.25,,,08a6f76bd428,08a6f76bd428-167,167,08:A6:F7:6B:D4:28,ON,620317,1780667838001,620322,1780667838005,776846,1780667837910,25,2026-06-05T13:57:18.8145716Z,,oasis/bottle
,,,0,,,local.mqtt.telegraf,55,27.49,,,08a6f75abdf0,08a6f75abdf0-167,167,08:A6:F7:5A:BD:F0,ON,620389,1780667838072,620395,1780667838078,687447,1780667837972,25,2026-06-05T13:57:18.9091361Z,,oasis/bottle
,,,0,,,local.mqtt.telegraf,55,40.43,,,08a6f769c348,08a6f769c348-168,168,08:A6:F7:69:C3:48,ON,623589,1780667841272,623594,1780667841277,738846,1780667841190,26,2026-06-05T13:57:22.1230259Z,,oasis/bottle
,,,0,,,local.mqtt.telegraf,56,41.39,,,08a6f76bd428,08a6f76bd428-168,168,08:A6:F7:6B:D4:28,ON,623625,1780667841308,623630,1780667841313,780147,1780667841210,25,2026-06-05T13:57:22.1248815Z,,oasis/bottle
,,,0,,,local.mqtt.telegraf,55,27.64,,,08a6f75abdf0,08a6f75abdf0-168,168,08:A6:F7:5A:BD:F0,ON,623689,1780667841372,623693,1780667841376,690747,1780667841281,25,2026-06-05T13:57:22.2089262Z,,oasis/bottle
,,,0,,,local.mqtt.telegraf,56,41.13,,,08a6f76bd428,08a6f76bd428-169,169,08:A6:F7:6B:D4:28,ON,626917,1780667844600,626921,1780667844604,783446,1780667844509,25,2026-06-05T13:57:25.4175255Z,,oasis/bottle
,,,0,,,local.mqtt.telegraf,55,27.29,,,08a6f75abdf0,08a6f75abdf0-169,169,08:A6:F7:5A:BD:F0,ON,626989,1780667844672,626993,1780667844676,694047,1780667844581,25,2026-06-05T13:57:25.5021024Z,,oasis/bottle
,,,0,,,local.mqtt.telegraf,56,41.6,,,08a6f76bd428,08a6f76bd428-170,170,08:A6:F7:6B:D4:28,ON,630217,1780667847900,630222,1780667847905,786746,1780667847809,25,2026-06-05T13:57:28.7135847Z,,oasis/bottle
,,,0,,,local.mqtt.telegraf,55,27.72,,,08a6f75abdf0,08a6f75abdf0-170,170,08:A6:F7:5A:BD:F0,ON,630289,1780667847972,630295,1780667847978,697347,1780667847881,25,2026-06-05T13:57:28.8032494Z,,oasis/bottle
,,,0,,,local.mqtt.telegraf,56,41.48,,,08a6f76bd428,08a6f76bd428-171,171,08:A6:F7:6B:D4:28,ON,633517,1780667851200,633522,1780667851205,790047,1780667851111,25,2026-06-05T13:57:32.0138147Z,,oasis/bottle
,,,0,,,local.mqtt.telegraf,55,27.6,,,08a6f75abdf0,08a6f75abdf0-171,171,08:A6:F7:5A:BD:F0,ON,633589,1780667851272,633595,1780667851278,700647,1780667851192,25,2026-06-05T13:57:32.1085261Z,,oasis/bottle
,,,0,,,local.mqtt.telegraf,55,40.4,,,08a6f769c348,08a6f769c348-172,172,08:A6:F7:69:C3:48,ON,636789,1780667854473,636794,1780667854477,752046,1780667854391,26,2026-06-05T13:57:35.3129733Z,,oasis/bottle
,,,0,,,local.mqtt.telegraf,56,41.49,,,08a6f76bd428,08a6f76bd428-172,172,08:A6:F7:6B:D4:28,ON,636817,1780667854501,636822,1780667854505,793346,1780667854410,25,2026-06-05T13:57:35.3133928Z,,oasis/bottle
,,,0,,,local.mqtt.telegraf,55,27.48,,,08a6f75abdf0,08a6f75abdf0-172,172,08:A6:F7:5A:BD:F0,ON,636889,1780667854572,636895,1780667854578,703947,1780667854492,25,2026-06-05T13:57:35.4089707Z,,oasis/bottle
,,,0,,,local.mqtt.telegraf,56,41.41,,,08a6f76bd428,08a6f76bd428-173,173,08:A6:F7:6B:D4:28,ON,640117,1780667857800,640121,1780667857804,796646,1780667857710,25,2026-06-05T13:57:38.6128288Z,,oasis/bottle
,,,0,,,local.mqtt.telegraf,55,27.57,,,08a6f75abdf0,08a6f75abdf0-173,173,08:A6:F7:5A:BD:F0,ON,640189,1780667857872,640195,1780667857878,707247,1780667857792,25,2026-06-05T13:57:38.7054107Z,,oasis/bottle
,,,0,,,local.mqtt.telegraf,56,41.77,,,08a6f76bd428,08a6f76bd428-174,174,08:A6:F7:6B:D4:28,ON,643417,1780667861100,643421,1780667861104,799946,1780667861010,25,2026-06-05T13:57:41.9129677Z,,oasis/bottle
,,,0,,,local.mqtt.telegraf,55,27.6,,,08a6f75abdf0,08a6f75abdf0-174,174,08:A6:F7:5A:BD:F0,ON,643489,1780667861172,643495,1780667861178,710547,1780667861082,25,2026-06-05T13:57:42.0019921Z,,oasis/bottle
,,,0,,,local.mqtt.telegraf,56,41.81,,,08a6f76bd428,08a6f76bd428-175,175,08:A6:F7:6B:D4:28,ON,646718,1780667864401,646722,1780667864405,803246,1780667864310,25,2026-06-05T13:57:45.210095Z,,oasis/bottle
,,,0,,,local.mqtt.telegraf,55,27.47,,,08a6f75abdf0,08a6f75abdf0-175,175,08:A6:F7:5A:BD:F0,ON,646789,1780667864472,646794,1780667864478,713847,1780667864382,25,2026-06-05T13:57:45.3077293Z,,oasis/bottle
,,,0,,,local.mqtt.telegraf,56,41.65,,,08a6f76bd428,08a6f76bd428-176,176,08:A6:F7:6B:D4:28,ON,650018,1780667867701,650022,1780667867705,806546,1780667867610,25,2026-06-05T13:57:48.5117999Z,,oasis/bottle
,,,0,,,local.mqtt.telegraf,55,27.45,,,08a6f75abdf0,08a6f75abdf0-176,176,08:A6:F7:5A:BD:F0,ON,650089,1780667867772,650093,1780667867776,717147,1780667867682,25,2026-06-05T13:57:48.6100028Z,,oasis/bottle
,,,0,,,local.mqtt.telegraf,56,41.23,,,08a6f76bd428,08a6f76bd428-177,177,08:A6:F7:6B:D4:28,ON,653317,1780667871000,653321,1780667871004,809847,1780667870902,25,2026-06-05T13:57:51.8088445Z,,oasis/bottle
,,,0,,,local.mqtt.telegraf,55,27.41,,,08a6f75abdf0,08a6f75abdf0-177,177,08:A6:F7:5A:BD:F0,ON,653390,1780667871073,653394,1780667871077,720447,1780667870982,25,2026-06-05T13:57:51.9161122Z,,oasis/bottle
,,,0,,,local.mqtt.telegraf,56,41.49,,,08a6f76bd428,08a6f76bd428-178,178,08:A6:F7:6B:D4:28,ON,656625,1780667874309,656630,1780667874313,813146,1780667874201,25,2026-06-05T13:57:55.1099951Z,,oasis/bottle
,,,0,,,local.mqtt.telegraf,55,27.47,,,08a6f75abdf0,08a6f75abdf0-178,178,08:A6:F7:5A:BD:F0,ON,656689,1780667874372,656693,1780667874376,723747,1780667874282,25,2026-06-05T13:57:55.2013473Z,,oasis/bottle
,,,0,,,local.mqtt.telegraf,55,40.4,,,08a6f769c348,08a6f769c348-179,179,08:A6:F7:69:C3:48,ON,659899,1780667877583,659904,1780667877587,775156,1780667877501,26,2026-06-05T13:57:58.4180198Z,,oasis/bottle
,,,0,,,local.mqtt.telegraf,56,41.54,,,08a6f76bd428,08a6f76bd428-179,179,08:A6:F7:6B:D4:28,ON,659927,1780667877610,659931,1780667877615,816446,1780667877501,25,2026-06-05T13:57:58.4194047Z,,oasis/bottle
,,,0,,,local.mqtt.telegraf,55,27.63,,,08a6f75abdf0,08a6f75abdf0-179,179,08:A6:F7:5A:BD:F0,ON,659989,1780667877672,659993,1780667877676,727047,1780667877582,25,2026-06-05T13:57:58.5045991Z,,oasis/bottle
,,,0,,,local.mqtt.telegraf,56,41.54,,,08a6f76bd428,08a6f76bd428-180,180,08:A6:F7:6B:D4:28,ON,663227,1780667880910,663232,1780667880915,819747,1780667880809,25,2026-06-05T13:58:01.718296Z,,oasis/bottle
,,,0,,,local.mqtt.telegraf,55,27.6,,,08a6f75abdf0,08a6f75abdf0-180,180,08:A6:F7:5A:BD:F0,ON,663289,1780667880972,663293,1780667880976,730347,1780667880890,25,2026-06-05T13:58:01.8019332Z,,oasis/bottle
,,,0,,,local.mqtt.telegraf,55,40.62,,,08a6f769c348,08a6f769c348-181,181,08:A6:F7:69:C3:48,ON,666535,1780667884218,666539,1780667884222,781756,1780667884109,26,2026-06-05T13:58:05.0255858Z,,oasis/bottle
,,,0,,,local.mqtt.telegraf,55,27.72,,,08a6f75abdf0,08a6f75abdf0-181,181,08:A6:F7:5A:BD:F0,ON,666589,1780667884272,666593,1780667884276,733647,1780667884190,25,2026-06-05T13:58:05.0670937Z,,oasis/bottle
,,,0,,,local.mqtt.telegraf,55,40.58,,,08a6f769c348,08a6f769c348-182,182,08:A6:F7:69:C3:48,ON,669828,1780667887511,669832,1780667887515,785066,1780667887419,26,2026-06-05T13:58:08.311046Z,,oasis/bottle
,,,0,,,local.mqtt.telegraf,55,27.86,,,08a6f75abdf0,08a6f75abdf0-182,182,08:A6:F7:5A:BD:F0,ON,669889,1780667887572,669893,1780667887576,736947,1780667887490,25,2026-06-05T13:58:08.4183602Z,,oasis/bottle
,,,0,,,local.mqtt.telegraf,55,40.41,,,08a6f769c348,08a6f769c348-183,183,08:A6:F7:69:C3:48,ON,673136,1780667890819,673141,1780667890824,788366,1780667890719,26,2026-06-05T13:58:11.6240536Z,,oasis/bottle
,,,0,,,local.mqtt.telegraf,55,27.67,,,08a6f75abdf0,08a6f75abdf0-183,183,08:A6:F7:5A:BD:F0,ON,673189,1780667890872,673193,1780667890876,740247,1780667890792,25,2026-06-05T13:58:11.6659481Z,,oasis/bottle
,,,0,,,local.mqtt.telegraf,56,41.25,,,08a6f76bd428,08a6f76bd428-184,184,08:A6:F7:6B:D4:28,ON,676437,1780667894120,676441,1780667894124,832956,1780667891731,25,2026-06-05T13:58:14.9294758Z,,oasis/bottle
,,,0,,,local.mqtt.telegraf,55,27.94,,,08a6f75abdf0,08a6f75abdf0-184,184,08:A6:F7:5A:BD:F0,ON,676489,1780667894172,676493,1780667894176,743547,1780667894092,25,2026-06-05T13:58:14.977104Z,,oasis/bottle
,,,0,,,local.mqtt.telegraf,55,40.39,,,08a6f769c348,08a6f769c348-185,185,08:A6:F7:69:C3:48,ON,679736,1780667897420,679741,1780667897424,794966,1780667895031,26,2026-06-05T13:58:18.2359295Z,,oasis/bottle
,,,0,,,local.mqtt.telegraf,55,27.76,,,08a6f75abdf0,08a6f75abdf0-185,185,08:A6:F7:5A:BD:F0,ON,679789,1780667897472,679795,1780667897478,746847,1780667897392,25,2026-06-05T13:58:18.2775414Z,,oasis/bottle
,,,0,,,local.mqtt.telegraf,55,40.37,,,08a6f769c348,08a6f769c348-186,186,08:A6:F7:69:C3:48,ON,683019,1780667900702,683023,1780667900706,798266,1780667898331,26,2026-06-05T13:58:21.5404585Z,,oasis/bottle
,,,0,,,local.mqtt.telegraf,56,41.48,,,08a6f76bd428,08a6f76bd428-186,186,08:A6:F7:6B:D4:28,ON,683044,1780667900727,683049,1780667900732,839556,1780667898331,25,2026-06-05T13:58:21.5413946Z,,oasis/bottle
,,,0,,,local.mqtt.telegraf,55,27.8,,,08a6f75abdf0,08a6f75abdf0-186,186,08:A6:F7:5A:BD:F0,ON,683098,1780667900781,683102,1780667900785,750147,1780667900692,25,2026-06-05T13:58:21.5835651Z,,oasis/bottle
,,,0,,,local.mqtt.telegraf,56,41.39,,,08a6f76bd428,08a6f76bd428-187,187,08:A6:F7:6B:D4:28,ON,686319,1780667904003,686324,1780667904007,842866,1780667901750,25,2026-06-05T13:58:24.8396621Z,,oasis/bottle
,,,0,,,local.mqtt.telegraf,55,40.19,,,08a6f769c348,08a6f769c348-187,187,08:A6:F7:69:C3:48,ON,686349,1780667904032,686353,1780667904036,801587,1780667901742,26,2026-06-05T13:58:24.8404587Z,,oasis/bottle
,,,0,,,local.mqtt.telegraf,55,27.72,,,08a6f75abdf0,08a6f75abdf0-187,187,08:A6:F7:5A:BD:F0,ON,686390,1780667904073,686394,1780667904077,753447,1780667901742,25,2026-06-05T13:58:24.8819976Z,,oasis/bottle
,,,0,,,local.mqtt.telegraf,55,40.31,,,08a6f769c348,08a6f769c348-188,188,08:A6:F7:69:C3:48,ON,689650,1780667907333,689654,1780667907337,804906,1780667905061,26,2026-06-05T13:58:28.1385791Z,,oasis/bottle
,,,0,,,local.mqtt.telegraf,55,27.71,,,08a6f75abdf0,08a6f75abdf0-188,188,08:A6:F7:5A:BD:F0,ON,689689,1780667907372,689694,1780667907377,756747,1780667905042,25,2026-06-05T13:58:28.1851318Z,,oasis/bottle
,,,0,,,local.mqtt.telegraf,55,40.25,,,08a6f769c348,08a6f769c348-189,189,08:A6:F7:69:C3:48,ON,692957,1780667910640,692961,1780667910644,808206,1780667908361,26,2026-06-05T13:58:31.4472458Z,,oasis/bottle
,,,0,,,local.mqtt.telegraf,55,27.45,,,08a6f75abdf0,08a6f75abdf0-189,189,08:A6:F7:5A:BD:F0,ON,692998,1780667910681,693014,1780667910697,760047,1780667908342,25,2026-06-05T13:58:31.4864744Z,,oasis/bottle
,,,0,,,local.mqtt.telegraf,56,40.95,,,08a6f76bd428,08a6f76bd428-190,190,08:A6:F7:6B:D4:28,ON,696219,1780667913902,696224,1780667913907,852766,1780667911770,25,2026-06-05T13:58:34.7427655Z,,oasis/bottle
,,,0,,,local.mqtt.telegraf,55,40.41,,,08a6f769c348,08a6f769c348-190,190,08:A6:F7:69:C3:48,ON,696250,1780667913933,696254,1780667913937,811506,1780667911771,26,2026-06-05T13:58:34.74327Z,,oasis/bottle
,,,0,,,local.mqtt.telegraf,55,27.32,,,08a6f75abdf0,08a6f75abdf0-190,190,08:A6:F7:5A:BD:F0,ON,696292,1780667913975,696297,1780667913980,763347,1780667911772,25,2026-06-05T13:58:34.784796Z,,oasis/bottle
,,,0,,,local.mqtt.telegraf,55,40.39,,,08a6f769c348,08a6f769c348-191,191,08:A6:F7:69:C3:48,ON,699550,1780667917233,699554,1780667917237,814806,1780667915071,26,2026-06-05T13:58:38.0347894Z,,oasis/bottle
,,,0,,,local.mqtt.telegraf,55,27.28,,,08a6f75abdf0,08a6f75abdf0-191,191,08:A6:F7:5A:BD:F0,ON,699589,1780667917272,699594,1780667917277,766647,1780667915072,25,2026-06-05T13:58:38.0739216Z,,oasis/bottle
,,,0,,,local.mqtt.telegraf,55,40.32,,,08a6f769c348,08a6f769c348-192,192,08:A6:F7:69:C3:48,ON,702858,1780667920541,702862,1780667920545,818106,1780667918371,26,2026-06-05T13:58:41.3476025Z,,oasis/bottle
,,,0,,,local.mqtt.telegraf,55,27.29,,,08a6f75abdf0,08a6f75abdf0-192,192,08:A6:F7:5A:BD:F0,ON,702885,1780667920568,702889,1780667920572,769947,1780667918372,25,2026-06-05T13:58:41.3917509Z,,oasis/bottle
,,,0,,,local.mqtt.telegraf,55,40.16,,,08a6f769c348,08a6f769c348-193,193,08:A6:F7:69:C3:48,ON,706159,1780667923842,706164,1780667923847,821416,1780667921799,26,2026-06-05T13:58:44.6344235Z,,oasis/bottle
,,,0,,,local.mqtt.telegraf,55,27.22,,,08a6f75abdf0,08a6f75abdf0-193,193,08:A6:F7:5A:BD:F0,ON,706188,1780667923871,706192,1780667923875,773247,1780667921800,25,2026-06-05T13:58:44.6722363Z,,oasis/bottle
,,,0,,,local.mqtt.telegraf,56,40.4,,,08a6f76bd428,08a6f76bd428-194,194,08:A6:F7:6B:D4:28,ON,709419,1780667927102,709424,1780667927107,865966,1780667925098,25,2026-06-05T13:58:47.9320601Z,,oasis/bottle
,,,0,,,local.mqtt.telegraf,55,27.28,,,08a6f75abdf0,08a6f75abdf0-194,194,08:A6:F7:5A:BD:F0,ON,709489,1780667927172,709493,1780667927176,776547,1780667925100,25,2026-06-05T13:58:47.9739173Z,,oasis/bottle
,,,0,,,local.mqtt.telegraf,55,40.05,,,08a6f769c348,08a6f769c348-195,195,08:A6:F7:69:C3:48,ON,712769,1780667930452,712773,1780667930456,828016,1780667928399,26,2026-06-05T13:58:51.244888Z,,oasis/bottle
,,,0,,,local.mqtt.telegraf,55,27.25,,,08a6f75abdf0,08a6f75abdf0-195,195,08:A6:F7:5A:BD:F0,ON,712798,1780667930481,712802,1780667930485,779847,1780667928400,25,2026-06-05T13:58:51.3003087Z,,oasis/bottle
,,,0,,,local.mqtt.telegraf,56,40.52,,,08a6f76bd428,08a6f76bd428-196,196,08:A6:F7:6B:D4:28,ON,716020,1780667933703,716024,1780667933707,872566,1780667931828,25,2026-06-05T13:58:54.5354383Z,,oasis/bottle
,,,0,,,local.mqtt.telegraf,55,40.17,,,08a6f769c348,08a6f769c348-196,196,08:A6:F7:69:C3:48,ON,716059,1780667933742,716064,1780667933747,831316,1780667931819,26,2026-06-05T13:58:54.5777596Z,,oasis/bottle
,,,0,,,local.mqtt.telegraf,55,27.12,,,08a6f75abdf0,08a6f75abdf0-196,196,08:A6:F7:5A:BD:F0,ON,716135,1780667933818,716140,1780667933823,783147,1780667931830,25,2026-06-05T13:58:54.6141622Z,,oasis/bottle
,,,0,,,local.mqtt.telegraf,55,40.28,,,08a6f769c348,08a6f769c348-197,197,08:A6:F7:69:C3:48,ON,719359,1780667937042,719364,1780667937047,834616,1780667935119,26,2026-06-05T13:58:57.8355986Z,,oasis/bottle
,,,0,,,local.mqtt.telegraf,55,27.29,,,08a6f75abdf0,08a6f75abdf0-197,197,08:A6:F7:5A:BD:F0,ON,719388,1780667937071,719404,1780667937087,786447,1780667935130,25,2026-06-05T13:58:57.8747175Z,,oasis/bottle
,,,0,,,local.mqtt.telegraf,56,40.68,,,08a6f76bd428,08a6f76bd428-198,198,08:A6:F7:6B:D4:28,ON,722619,1780667940302,722624,1780667940307,879166,1780667938428,25,2026-06-05T13:59:01.1438231Z,,oasis/bottle
,,,0,,,local.mqtt.telegraf,55,27.1,,,08a6f75abdf0,08a6f75abdf0-198,198,08:A6:F7:5A:BD:F0,ON,722698,1780667940382,722703,1780667940386,789747,1780667938430,25,2026-06-05T13:59:01.1860721Z,,oasis/bottle
,,,0,,,local.mqtt.telegraf,56,40.68,,,08a6f76bd428,08a6f76bd428-199,199,08:A6:F7:6B:D4:28,ON,725920,1780667943603,725924,1780667943607,882466,1780667941850,25,2026-06-05T13:59:04.4328219Z,,oasis/bottle
,,,0,,,local.mqtt.telegraf,55,27.12,,,08a6f75abdf0,08a6f75abdf0-199,199,08:A6:F7:5A:BD:F0,ON,726000,1780667943683,726004,1780667943687,793047,1780667941852,25,2026-06-05T13:59:04.4747848Z,,oasis/bottle
,,,0,,,local.mqtt.telegraf,55,40.95,,,08a6f76bd428,08a6f76bd428-200,200,08:A6:F7:6B:D4:28,ON,729219,1780667946902,729224,1780667946907,885766,1780667945150,25,2026-06-05T13:59:07.7314838Z,,oasis/bottle
,,,0,,,local.mqtt.telegraf,54,40.13,,,08a6f769c348,08a6f769c348-200,200,08:A6:F7:69:C3:48,ON,729282,1780667946965,729287,1780667946970,844526,1780667945151,26,2026-06-05T13:59:07.7744354Z,,oasis/bottle
,,,0,,,local.mqtt.telegraf,55,27.16,,,08a6f75abdf0,08a6f75abdf0-200,200,08:A6:F7:5A:BD:F0,ON,729305,1780667946988,729310,1780667946993,796347,1780667945152,25,2026-06-05T13:59:07.813889Z,,oasis/bottle
,,,0,,,local.mqtt.telegraf,56,41.17,,,08a6f76bd428,08a6f76bd428-201,201,08:A6:F7:6B:D4:28,ON,732519,1780667950202,732524,1780667950207,889066,1780667948450,25,2026-06-05T13:59:11.0281154Z,,oasis/bottle
,,,0,,,local.mqtt.telegraf,55,40.19,,,08a6f769c348,08a6f769c348-201,201,08:A6:F7:69:C3:48,ON,732582,1780667950265,732586,1780667950269,847826,1780667948451,26,2026-06-05T13:59:11.0708847Z,,oasis/bottle
,,,0,,,local.mqtt.telegraf,55,27.21,,,08a6f75abdf0,08a6f75abdf0-201,201,08:A6:F7:5A:BD:F0,ON,732605,1780667950288,732610,1780667950293,799647,1780667948452,25,2026-06-05T13:59:11.1075541Z,,oasis/bottle
,,,0,,,local.mqtt.telegraf,56,41.34,,,08a6f76bd428,08a6f76bd428-202,202,08:A6:F7:6B:D4:28,ON,735819,1780667953503,735824,1780667953507,892366,1780667951870,25,2026-06-05T13:59:14.3424415Z,,oasis/bottle
,,,0,,,local.mqtt.telegraf,55,27.33,,,08a6f75abdf0,08a6f75abdf0-202,202,08:A6:F7:5A:BD:F0,ON,735905,1780667953588,735911,1780667953594,802947,1780667951872,25,2026-06-05T13:59:14.382238Z,,oasis/bottle
,,,0,,,local.mqtt.telegraf,55,40.23,,,08a6f769c348,08a6f769c348-202,202,08:A6:F7:69:C3:48,ON,735929,1780667953612,735937,1780667953620,851126,1780667951871,26,2026-06-05T13:59:14.4181376Z,,oasis/bottle
,,,0,,,local.mqtt.telegraf,55,40.86,,,08a6f76bd428,08a6f76bd428-203,203,08:A6:F7:6B:D4:28,ON,739119,1780667956803,739124,1780667956807,895666,1780667955170,25,2026-06-05T13:59:17.6296846Z,,oasis/bottle
,,,0,,,local.mqtt.telegraf,55,27.36,,,08a6f75abdf0,08a6f75abdf0-203,203,08:A6:F7:5A:BD:F0,ON,739190,1780667956873,739195,1780667956878,806247,1780667955172,25,2026-06-05T13:59:17.6691176Z,,oasis/bottle
,,,0,,,local.mqtt.telegraf,55,40.25,,,08a6f769c348,08a6f769c348-203,203,08:A6:F7:69:C3:48,ON,739213,1780667956896,739218,1780667956901,854446,1780667955191,26,2026-06-05T13:59:17.7081938Z,,oasis/bottle
,,,0,,,local.mqtt.telegraf,55,41.02,,,08a6f76bd428,08a6f76bd428-204,204,08:A6:F7:6B:D4:28,ON,742429,1780667960112,742433,1780667960116,898967,1780667958471,25,2026-06-05T13:59:20.9545576Z,,oasis/bottle
,,,0,,,local.mqtt.telegraf,55,40.23,,,08a6f769c348,08a6f769c348-204,204,08:A6:F7:69:C3:48,ON,742517,1780667960201,742522,1780667960205,857756,1780667958501,26,2026-06-05T13:59:20.9985026Z,,oasis/bottle
,,,0,,,local.mqtt.telegraf,55,40.8,,,08a6f76bd428,08a6f76bd428-205,205,08:A6:F7:6B:D4:28,ON,745720,1780667963403,745724,1780667963407,902267,1780667961891,25,2026-06-05T13:59:24.2341723Z,,oasis/bottle
,,,0,,,local.mqtt.telegraf,55,27.44,,,08a6f75abdf0,08a6f75abdf0-205,205,08:A6:F7:5A:BD:F0,ON,745789,1780667963472,745794,1780667963477,812847,1780667961892,25,2026-06-05T13:59:24.271249Z,,oasis/bottle
,,,0,,,local.mqtt.telegraf,55,40.32,,,08a6f769c348,08a6f769c348-205,205,08:A6:F7:69:C3:48,ON,745815,1780667963498,745819,1780667963502,861056,1780667961891,26,2026-06-05T13:59:24.3088539Z,,oasis/bottle
,,,0,,,local.mqtt.telegraf,56,40.79,,,08a6f76bd428,08a6f76bd428-206,206,08:A6:F7:6B:D4:28,ON,749029,1780667966712,749033,1780667966716,905566,1780667965190,25,2026-06-05T13:59:27.5502603Z,,oasis/bottle
,,,0,,,local.mqtt.telegraf,55,40.33,,,08a6f769c348,08a6f769c348-206,206,08:A6:F7:69:C3:48,ON,749117,1780667966800,749122,1780667966805,864356,1780667965191,26,2026-06-05T13:59:27.5916387Z,,oasis/bottle
,,,0,,,local.mqtt.telegraf,56,40.86,,,08a6f76bd428,08a6f76bd428-207,207,08:A6:F7:6B:D4:28,ON,752329,1780667970012,752333,1780667970016,908866,1780667968490,25,2026-06-05T13:59:30.832567Z,,oasis/bottle
,,,0,,,local.mqtt.telegraf,55,27.25,,,08a6f75abdf0,08a6f75abdf0-207,207,08:A6:F7:5A:BD:F0,ON,752392,1780667970075,752397,1780667970080,819447,1780667968492,25,2026-06-05T13:59:30.8724858Z,,oasis/bottle
,,,0,,,local.mqtt.telegraf,55,40.17,,,08a6f769c348,08a6f769c348-207,207,08:A6:F7:69:C3:48,ON,752419,1780667970102,752423,1780667970106,867656,1780667968491,26,2026-06-05T13:59:30.9099684Z,,oasis/bottle
,,,0,,,local.mqtt.telegraf,56,40.98,,,08a6f76bd428,08a6f76bd428-208,208,08:A6:F7:6B:D4:28,ON,755619,1780667973303,755624,1780667973307,912166,1780667971910,25,2026-06-05T13:59:34.1312507Z,,oasis/bottle
,,,0,,,local.mqtt.telegraf,55,27.26,,,08a6f75abdf0,08a6f75abdf0-208,208,08:A6:F7:5A:BD:F0,ON,755689,1780667973373,755694,1780667973377,822747,1780667971912,25,2026-06-05T13:59:34.1695857Z,,oasis/bottle
,,,0,,,local.mqtt.telegraf,55,40.37,,,08a6f769c348,08a6f769c348-208,208,08:A6:F7:69:C3:48,ON,755715,1780667973398,755719,1780667973402,870956,1780667971910,26,2026-06-05T13:59:34.2075975Z,,oasis/bottle
,,,0,,,local.mqtt.telegraf,56,41.05,,,08a6f76bd428,08a6f76bd428-209,209,08:A6:F7:6B:D4:28,ON,758919,1780667976603,758924,1780667976607,915466,1780667975210,25,2026-06-05T13:59:37.4258007Z,,oasis/bottle
,,,0,,,local.mqtt.telegraf,55,27.35,,,08a6f75abdf0,08a6f75abdf0-209,209,08:A6:F7:5A:BD:F0,ON,758989,1780667976672,758994,1780667976677,826047,1780667975212,25,2026-06-05T13:59:37.4691452Z,,oasis/bottle
,,,0,,,local.mqtt.telegraf,54,40.33,,,08a6f769c348,08a6f769c348-209,209,08:A6:F7:69:C3:48,ON,759015,1780667976698,759021,1780667976704,874256,1780667975210,26,2026-06-05T13:59:37.5103864Z,,oasis/bottle
,,,0,,,local.mqtt.telegraf,55,40.79,,,08a6f76bd428,08a6f76bd428-210,210,08:A6:F7:6B:D4:28,ON,762229,1780667979913,762234,1780667979917,918767,1780667978511,25,2026-06-05T13:59:40.7380028Z,,oasis/bottle
,,,0,,,local.mqtt.telegraf,55,27.25,,,08a6f75abdf0,08a6f75abdf0-210,210,08:A6:F7:5A:BD:F0,ON,762291,1780667979974,762296,1780667979979,829347,1780667978512,25,2026-06-05T13:59:40.7853832Z,,oasis/bottle
,,,0,,,local.mqtt.telegraf,54,40.25,,,08a6f769c348,08a6f769c348-210,210,08:A6:F7:69:C3:48,ON,762317,1780667980000,762321,1780667980004,877556,1780667978510,26,2026-06-05T13:59:40.8291498Z,,oasis/bottle
,,,0,,,local.mqtt.telegraf,55,40.91,,,08a6f76bd428,08a6f76bd428-211,211,08:A6:F7:6B:D4:28,ON,765536,1780667983219,765541,1780667983224,922067,1780667981939,25,2026-06-05T13:59:44.044039Z,,oasis/bottle
,,,0,,,local.mqtt.telegraf,54,40.28,,,08a6f769c348,08a6f769c348-211,211,08:A6:F7:69:C3:48,ON,765618,1780667983302,765623,1780667983306,880857,1780667981940,26,2026-06-05T13:59:44.0864998Z,,oasis/bottle
,,,0,,,local.mqtt.telegraf,55,40.9,,,08a6f76bd428,08a6f76bd428-212,212,08:A6:F7:6B:D4:28,ON,768820,1780667986503,768824,1780667986507,925368,1780667985240,25,2026-06-05T13:59:47.3258297Z,,oasis/bottle
,,,0,,,local.mqtt.telegraf,55,27.29,,,08a6f75abdf0,08a6f75abdf0-212,212,08:A6:F7:5A:BD:F0,ON,768889,1780667986572,768894,1780667986577,835947,1780667985240,25,2026-06-05T13:59:47.3661387Z,,oasis/bottle
,,,0,,,local.mqtt.telegraf,54,40.25,,,08a6f769c348,08a6f769c348-212,212,08:A6:F7:69:C3:48,ON,768915,1780667986598,768922,1780667986605,884157,1780667985240,26,2026-06-05T13:59:47.4050792Z,,oasis/bottle
,,,0,,,local.mqtt.telegraf,55,41.05,,,08a6f76bd428,08a6f76bd428-213,213,08:A6:F7:6B:D4:28,ON,772129,1780667989812,772133,1780667989816,928666,1780667988538,25,2026-06-05T13:59:50.6341266Z,,oasis/bottle
,,,0,,,local.mqtt.telegraf,55,27.29,,,08a6f75abdf0,08a6f75abdf0-213,213,08:A6:F7:5A:BD:F0,ON,772192,1780667989875,772197,1780667989880,839247,1780667988540,25,2026-06-05T13:59:50.6742139Z,,oasis/bottle
,,,0,,,local.mqtt.telegraf,54,40.56,,,08a6f769c348,08a6f769c348-213,213,08:A6:F7:69:C3:48,ON,772216,1780667989899,772220,1780667989903,887456,1780667988539,26,2026-06-05T13:59:50.7146018Z,,oasis/bottle
,,,0,,,local.mqtt.telegraf,55,41.22,,,08a6f76bd428,08a6f76bd428-214,214,08:A6:F7:6B:D4:28,ON,775429,1780667993112,775433,1780667993116,931967,1780667991961,25,2026-06-05T13:59:53.9364208Z,,oasis/bottle
,,,0,,,local.mqtt.telegraf,55,27.29,,,08a6f75abdf0,08a6f75abdf0-214,214,08:A6:F7:5A:BD:F0,ON,775489,1780667993172,775496,1780667993179,842547,1780667991962,25,2026-06-05T13:59:53.9822846Z,,oasis/bottle
,,,0,,,local.mqtt.telegraf,54,40.39,,,08a6f769c348,08a6f769c348-214,214,08:A6:F7:69:C3:48,ON,775517,1780667993200,775522,1780667993205,890756,1780667991961,26,2026-06-05T13:59:54.017656Z,,oasis/bottle
,,,0,,,local.mqtt.telegraf,55,40.87,,,08a6f76bd428,08a6f76bd428-215,215,08:A6:F7:6B:D4:28,ON,778719,1780667996403,778724,1780667996407,935267,1780667995261,25,2026-06-05T13:59:57.2221394Z,,oasis/bottle
,,,0,,,local.mqtt.telegraf,55,27.32,,,08a6f75abdf0,08a6f75abdf0-215,215,08:A6:F7:5A:BD:F0,ON,778789,1780667996472,778793,1780667996476,845847,1780667995262,25,2026-06-05T13:59:57.2636853Z,,oasis/bottle
,,,0,,,local.mqtt.telegraf,54,40.62,,,08a6f769c348,08a6f769c348-215,215,08:A6:F7:69:C3:48,ON,778815,1780667996498,778823,1780667996506,894056,1780667995261,26,2026-06-05T13:59:57.3012199Z,,oasis/bottle
,,,0,,,local.mqtt.telegraf,55,41.03,,,08a6f76bd428,08a6f76bd428-216,216,08:A6:F7:6B:D4:28,ON,782029,1780667999712,782033,1780667999716,938567,1780667998561,25,2026-06-05T14:00:00.5530573Z,,oasis/bottle
,,,0,,,local.mqtt.telegraf,54,40.52,,,08a6f769c348,08a6f769c348-216,216,08:A6:F7:69:C3:48,ON,782119,1780667999802,782123,1780667999806,897356,1780667998561,26,2026-06-05T14:00:00.5973132Z,,oasis/bottle
,,,0,,,local.mqtt.telegraf,55,40.96,,,08a6f76bd428,08a6f76bd428-217,217,08:A6:F7:6B:D4:28,ON,785319,1780668003002,785324,1780668003007,941867,1780668001990,25,2026-06-05T14:00:03.8244002Z,,oasis/bottle
,,,0,,,local.mqtt.telegraf,55,27.36,,,08a6f75abdf0,08a6f75abdf0-217,217,08:A6:F7:5A:BD:F0,ON,785389,1780668003072,785394,1780668003077,852447,1780668001991,25,2026-06-05T14:00:03.8626933Z,,oasis/bottle
,,,0,,,local.mqtt.telegraf,54,40.45,,,08a6f769c348,08a6f769c348-217,217,08:A6:F7:69:C3:48,ON,785415,1780668003098,785422,1780668003105,900657,1780668001991,26,2026-06-05T14:00:03.8992648Z,,oasis/bottle
,,,0,,,local.mqtt.telegraf,55,40.98,,,08a6f76bd428,08a6f76bd428-218,218,08:A6:F7:6B:D4:28,ON,788629,1780668006312,788633,1780668006316,945166,1780668005289,25,2026-06-05T14:00:07.1431643Z,,oasis/bottle
,,,0,,,local.mqtt.telegraf,54,40.44,,,08a6f769c348,08a6f769c348-218,218,08:A6:F7:69:C3:48,ON,788718,1780668006401,788722,1780668006405,903956,1780668005290,26,2026-06-05T14:00:07.1804422Z,,oasis/bottle
,,,0,,,local.mqtt.telegraf,55,41.06,,,08a6f76bd428,08a6f76bd428-219,219,08:A6:F7:6B:D4:28,ON,791929,1780668009612,791933,1780668009616,948467,1780668008590,25,2026-06-05T14:00:10.4360843Z,,oasis/bottle
,,,0,,,local.mqtt.telegraf,55,27.44,,,08a6f75abdf0,08a6f75abdf0-219,219,08:A6:F7:5A:BD:F0,ON,791991,1780668009674,791996,1780668009679,859047,1780668008591,25,2026-06-05T14:00:10.4775336Z,,oasis/bottle
,,,0,,,local.mqtt.telegraf,54,40.62,,,08a6f769c348,08a6f769c348-219,219,08:A6:F7:69:C3:48,ON,792018,1780668009701,792022,1780668009705,907256,1780668008590,26,2026-06-05T14:00:10.5019812Z,,oasis/bottle
,,,0,,,local.mqtt.telegraf,55,40.92,,,08a6f76bd428,08a6f76bd428-220,220,08:A6:F7:6B:D4:28,ON,795229,1780668012912,795233,1780668012916,951767,1780668012019,25,2026-06-05T14:00:13.7317748Z,,oasis/bottle
,,,0,,,local.mqtt.telegraf,55,27.49,,,08a6f75abdf0,08a6f75abdf0-220,220,08:A6:F7:5A:BD:F0,ON,795291,1780668012974,795296,1780668012980,862347,1780668012020,25,2026-06-05T14:00:13.7725456Z,,oasis/bottle
,,,0,,,local.mqtt.telegraf,54,40.62,,,08a6f769c348,08a6f769c348-220,220,08:A6:F7:69:C3:48,ON,795318,1780668013002,795323,1780668013006,910557,1780668012020,26,2026-06-05T14:00:13.7994676Z,,oasis/bottle
,,,0,,,local.mqtt.telegraf,55,41.35,,,08a6f76bd428,08a6f76bd428-221,221,08:A6:F7:6B:D4:28,ON,798519,1780668016203,798524,1780668016207,955067,1780668015319,25,2026-06-05T14:00:17.0346015Z,,oasis/bottle
,,,0,,,local.mqtt.telegraf,55,27.56,,,08a6f75abdf0,08a6f75abdf0-221,221,08:A6:F7:5A:BD:F0,ON,798592,1780668016275,798597,1780668016280,865647,1780668015320,25,2026-06-05T14:00:17.0763467Z,,oasis/bottle
,,,0,,,local.mqtt.telegraf,54,40.58,,,08a6f769c348,08a6f769c348-221,221,08:A6:F7:69:C3:48,ON,798617,1780668016300,798623,1780668016306,913857,1780668015320,26,2026-06-05T14:00:17.1137359Z,,oasis/bottle
,,,0,,,local.mqtt.telegraf,55,40.82,,,08a6f76bd428,08a6f76bd428-222,222,08:A6:F7:6B:D4:28,ON,801829,1780668019512,801833,1780668019516,958366,1780668018618,25,2026-06-05T14:00:20.3315978Z,,oasis/bottle
,,,0,,,local.mqtt.telegraf,55,27.63,,,08a6f75abdf0,08a6f75abdf0-222,222,08:A6:F7:5A:BD:F0,ON,801891,1780668019574,801896,1780668019579,868946,1780668018619,26,2026-06-05T14:00:20.3744308Z,,oasis/bottle
,,,0,,,local.mqtt.telegraf,54,40.56,,,08a6f769c348,08a6f769c348-222,222,08:A6:F7:69:C3:48,ON,801917,1780668019600,801922,1780668019605,917167,1780668018630,26,2026-06-05T14:00:20.4105474Z,,oasis/bottle
,,,0,,,local.mqtt.telegraf,55,41.06,,,08a6f76bd428,08a6f76bd428-223,223,08:A6:F7:6B:D4:28,ON,805129,1780668022812,805135,1780668022818,961667,1780668022041,25,2026-06-05T14:00:23.6371561Z,,oasis/bottle
,,,0,,,local.mqtt.telegraf,54,40.47,,,08a6f769c348,08a6f769c348-223,223,08:A6:F7:69:C3:48,ON,805218,1780668022901,805222,1780668022905,920467,1780668022041,26,2026-06-05T14:00:23.6808975Z,,oasis/bottle
,,,0,,,local.mqtt.telegraf,55,41.25,,,08a6f76bd428,08a6f76bd428-224,224,08:A6:F7:6B:D4:28,ON,808429,1780668026112,808433,1780668026116,964966,1780668025340,25,2026-06-05T14:00:26.9364534Z,,oasis/bottle
,,,0,,,local.mqtt.telegraf,55,27.82,,,08a6f75abdf0,08a6f75abdf0-224,224,08:A6:F7:5A:BD:F0,ON,808488,1780668026172,808496,1780668026179,875546,1780668025341,26,2026-06-05T14:00:26.9780638Z,,oasis/bottle
,,,0,,,local.mqtt.telegraf,54,40.59,,,08a6f769c348,08a6f769c348-224,224,08:A6:F7:69:C3:48,ON,808519,1780668026202,808523,1780668026206,923767,1780668025341,26,2026-06-05T14:00:27.0163259Z,,oasis/bottle
,,,0,,,local.mqtt.telegraf,55,41.05,,,08a6f76bd428,08a6f76bd428-225,225,08:A6:F7:6B:D4:28,ON,811729,1780668029412,811733,1780668029416,968266,1780668028640,25,2026-06-05T14:00:30.2341Z,,oasis/bottle
,,,0,,,local.mqtt.telegraf,55,27.98,,,08a6f75abdf0,08a6f75abdf0-225,225,08:A6:F7:5A:BD:F0,ON,811791,1780668029475,811797,1780668029480,878846,1780668028641,26,2026-06-05T14:00:30.274317Z,,oasis/bottle
,,,0,,,local.mqtt.telegraf,54,40.6,,,08a6f769c348,08a6f769c348-225,225,08:A6:F7:69:C3:48,ON,811826,1780668029509,811831,1780668029514,927067,1780668028641,26,2026-06-05T14:00:30.314034Z,,oasis/bottle
,,,0,,,local.mqtt.telegraf,55,41.07,,,08a6f76bd428,08a6f76bd428-226,226,08:A6:F7:6B:D4:28,ON,815029,1780668032712,815033,1780668032716,971567,1780668032061,25,2026-06-05T14:00:33.5343825Z,,oasis/bottle
,,,0,,,local.mqtt.telegraf,55,27.91,,,08a6f75abdf0,08a6f75abdf0-226,226,08:A6:F7:5A:BD:F0,ON,815091,1780668032774,815096,1780668032779,882146,1780668032061,26,2026-06-05T14:00:33.5739474Z,,oasis/bottle
,,,0,,,local.mqtt.telegraf,54,40.63,,,08a6f769c348,08a6f769c348-226,226,08:A6:F7:69:C3:48,ON,815118,1780668032801,815122,1780668032805,930367,1780668032062,26,2026-06-05T14:00:33.6087651Z,,oasis/bottle
,,,0,,,local.mqtt.telegraf,55,41.13,,,08a6f76bd428,08a6f76bd428-227,227,08:A6:F7:6B:D4:28,ON,818329,1780668036012,818333,1780668036016,974867,1780668035361,25,2026-06-05T14:00:36.8335556Z,,oasis/bottle
,,,0,,,local.mqtt.telegraf,55,28.15,,,08a6f75abdf0,08a6f75abdf0-227,227,08:A6:F7:5A:BD:F0,ON,818391,1780668036074,818396,1780668036079,885446,1780668035361,26,2026-06-05T14:00:36.8748422Z,,oasis/bottle
,,,0,,,local.mqtt.telegraf,54,40.66,,,08a6f769c348,08a6f769c348-227,227,08:A6:F7:69:C3:48,ON,818417,1780668036100,818421,1780668036104,933666,1780668035361,26,2026-06-05T14:00:36.9134343Z,,oasis/bottle
,,,0,,,local.mqtt.telegraf,55,41.48,,,08a6f76bd428,08a6f76bd428-228,228,08:A6:F7:6B:D4:28,ON,821629,1780668039312,821633,1780668039316,978166,1780668038660,25,2026-06-05T14:00:40.1318504Z,,oasis/bottle
,,,0,,,local.mqtt.telegraf,55,28.25,,,08a6f75abdf0,08a6f75abdf0-228,228,08:A6:F7:5A:BD:F0,ON,821691,1780668039374,821696,1780668039379,888746,1780668038661,26,2026-06-05T14:00:40.1754428Z,,oasis/bottle
,,,0,,,local.mqtt.telegraf,54,40.62,,,08a6f769c348,08a6f769c348-228,228,08:A6:F7:69:C3:48,ON,821717,1780668039400,821723,1780668039406,936966,1780668038661,26,2026-06-05T14:00:40.2115899Z,,oasis/bottle
,,,0,,,local.mqtt.telegraf,55,41.13,,,08a6f76bd428,08a6f76bd428-229,229,08:A6:F7:6B:D4:28,ON,824929,1780668042612,824933,1780668042616,981467,1780668042081,25,2026-06-05T14:00:43.4479613Z,,oasis/bottle
,,,0,,,local.mqtt.telegraf,54,40.62,,,08a6f769c348,08a6f769c348-229,229,08:A6:F7:69:C3:48,ON,825018,1780668042701,825023,1780668042706,940266,1780668042081,26,2026-06-05T14:00:43.4985348Z,,oasis/bottle
,,,0,,,local.mqtt.telegraf,55,41.48,,,08a6f76bd428,08a6f76bd428-230,230,08:A6:F7:6B:D4:28,ON,828229,1780668045912,828233,1780668045916,984767,1780668045381,25,2026-06-05T14:00:46.7290985Z,,oasis/bottle
,,,0,,,local.mqtt.telegraf,55,28.38,,,08a6f75abdf0,08a6f75abdf0-230,230,08:A6:F7:5A:BD:F0,ON,828291,1780668045974,828296,1780668045979,895347,1780668045382,25,2026-06-05T14:00:46.7676947Z,,oasis/bottle
,,,0,,,local.mqtt.telegraf,54,40.84,,,08a6f769c348,08a6f769c348-230,230,08:A6:F7:69:C3:48,ON,828317,1780668046000,828322,1780668046005,943566,1780668045381,26,2026-06-05T14:00:46.8024396Z,,oasis/bottle
,,,0,,,local.mqtt.telegraf,55,41.49,,,08a6f76bd428,08a6f76bd428-231,231,08:A6:F7:6B:D4:28,ON,831529,1780668049212,831533,1780668049216,988067,1780668048681,25,2026-06-05T14:00:50.0292077Z,,oasis/bottle
,,,0,,,local.mqtt.telegraf,55,28.12,,,08a6f75abdf0,08a6f75abdf0-231,231,08:A6:F7:5A:BD:F0,ON,831592,1780668049275,831596,1780668049279,898647,1780668048682,25,2026-06-05T14:00:50.0705257Z,,oasis/bottle
,,,0,,,local.mqtt.telegraf,54,40.79,,,08a6f769c348,08a6f769c348-231,231,08:A6:F7:69:C3:48,ON,831617,1780668049301,831622,1780668049305,946866,1780668048681,26,2026-06-05T14:00:50.106222Z,,oasis/bottle
,,,0,,,local.mqtt.telegraf,55,41.61,,,08a6f76bd428,08a6f76bd428-232,232,08:A6:F7:6B:D4:28,ON,834829,1780668052512,834834,1780668052517,991367,1780668052109,25,2026-06-05T14:00:53.3399295Z,,oasis/bottle
,,,0,,,local.mqtt.telegraf,54,40.84,,,08a6f769c348,08a6f769c348-232,232,08:A6:F7:69:C3:48,ON,834918,1780668052601,834930,1780668052614,950166,1780668052109,26,2026-06-05T14:00:53.3826849Z,,oasis/bottle
,,,0,,,local.mqtt.telegraf,55,41.14,,,08a6f76bd428,08a6f76bd428-233,233,08:A6:F7:6B:D4:28,ON,838129,1780668055812,838133,1780668055816,994666,1780668055408,25,2026-06-05T14:00:56.6300156Z,,oasis/bottle
,,,0,,,local.mqtt.telegraf,55,28.15,,,08a6f75abdf0,08a6f75abdf0-233,233,08:A6:F7:5A:BD:F0,ON,838210,1780668055893,838214,1780668055897,905267,1780668055430,25,2026-06-05T14:00:56.6696677Z,,oasis/bottle
,,,0,,,local.mqtt.telegraf,54,40.71,,,08a6f769c348,08a6f769c348-233,233,08:A6:F7:69:C3:48,ON,838236,1780668055919,838241,1780668055924,953467,1780668055410,26,2026-06-05T14:00:56.709137Z,,oasis/bottle
,,,0,,,local.mqtt.telegraf,55,41.56,,,08a6f76bd428,08a6f76bd428-234,234,08:A6:F7:6B:D4:28,ON,841429,1780668059112,841433,1780668059116,997967,1780668058709,25,2026-06-05T14:00:59.9311683Z,,oasis/bottle
,,,0,,,local.mqtt.telegraf,55,28.3,,,08a6f75abdf0,08a6f75abdf0-234,234,08:A6:F7:5A:BD:F0,ON,841509,1780668059192,841513,1780668059196,908567,1780668058730,25,2026-06-05T14:00:59.9693906Z,,oasis/bottle
,,,0,,,local.mqtt.telegraf,54,41.02,,,08a6f769c348,08a6f769c348-234,234,08:A6:F7:69:C3:48,ON,841537,1780668059220,841542,1780668059225,956777,1780668058720,26,2026-06-05T14:01:00.003096Z,,oasis/bottle
,,,0,,,local.mqtt.telegraf,55,41.88,,,08a6f76bd428,08a6f76bd428-235,235,08:A6:F7:6B:D4:28,ON,844729,1780668062412,844733,1780668062416,1001267,1780668062140,25,2026-06-05T14:01:03.2252858Z,,oasis/bottle
,,,0,,,local.mqtt.telegraf,55,28.27,,,08a6f75abdf0,08a6f75abdf0-235,235,08:A6:F7:5A:BD:F0,ON,844809,1780668062492,844813,1780668062496,911867,1780668062141,25,2026-06-05T14:01:03.2687291Z,,oasis/bottle
,,,0,,,local.mqtt.telegraf,54,40.82,,,08a6f769c348,08a6f769c348-235,235,08:A6:F7:69:C3:48,ON,844834,1780668062517,844842,1780668062525,960077,1780668062141,26,2026-06-05T14:01:03.3112142Z,,oasis/bottle
,,,0,,,local.mqtt.telegraf,55,41.69,,,08a6f76bd428,08a6f76bd428-236,236,08:A6:F7:6B:D4:28,ON,848029,1780668065712,848033,1780668065716,1004566,1780668065439,25,2026-06-05T14:01:06.5416731Z,,oasis/bottle
,,,0,,,local.mqtt.telegraf,55,28.23,,,08a6f75abdf0,08a6f75abdf0-236,236,08:A6:F7:5A:BD:F0,ON,848109,1780668065792,848114,1780668065797,915167,1780668065441,25,2026-06-05T14:01:06.5883097Z,,oasis/bottle
,,,0,,,local.mqtt.telegraf,54,40.95,,,08a6f769c348,08a6f769c348-236,236,08:A6:F7:69:C3:48,ON,848151,1780668065835,848157,1780668065840,963397,1780668065461,26,2026-06-05T14:01:06.6262996Z,,oasis/bottle
,,,0,,,local.mqtt.telegraf,55,41.7,,,08a6f76bd428,08a6f76bd428-237,237,08:A6:F7:6B:D4:28,ON,851329,1780668069012,851333,1780668069016,1007866,1780668068739,25,2026-06-05T14:01:09.8243936Z,,oasis/bottle
,,,0,,,local.mqtt.telegraf,55,28.43,,,08a6f75abdf0,08a6f75abdf0-237,237,08:A6:F7:5A:BD:F0,ON,851409,1780668069092,851413,1780668069096,918467,1780668068741,25,2026-06-05T14:01:09.8679925Z,,oasis/bottle
,,,0,,,local.mqtt.telegraf,54,40.92,,,08a6f769c348,08a6f769c348-237,237,08:A6:F7:69:C3:48,ON,851449,1780668069132,851453,1780668069136,966696,1780668068760,26,2026-06-05T14:01:09.9027684Z,,oasis/bottle
,,,0,,,local.mqtt.telegraf,55,41.86,,,08a6f76bd428,08a6f76bd428-238,238,08:A6:F7:6B:D4:28,ON,854629,1780668072312,854633,1780668072316,1011167,1780668072161,25,2026-06-05T14:01:13.1239172Z,,oasis/bottle
,,,0,,,local.mqtt.telegraf,55,28.61,,,08a6f75abdf0,08a6f75abdf0-238,238,08:A6:F7:5A:BD:F0,ON,854709,1780668072392,854713,1780668072396,921767,1780668072161,25,2026-06-05T14:01:13.1740848Z,,oasis/bottle
,,,0,,,local.mqtt.telegraf,54,40.8,,,08a6f769c348,08a6f769c348-238,238,08:A6:F7:69:C3:48,ON,854749,1780668072432,854753,1780668072436,969996,1780668072161,26,2026-06-05T14:01:13.2111061Z,,oasis/bottle
,,,0,,,local.mqtt.telegraf,55,41.74,,,08a6f76bd428,08a6f76bd428-239,239,08:A6:F7:6B:D4:28,ON,857929,1780668075612,857933,1780668075616,1014467,1780668075461,25,2026-06-05T14:01:16.4254798Z,,oasis/bottle
,,,0,,,local.mqtt.telegraf,55,28.5,,,08a6f75abdf0,08a6f75abdf0-239,239,08:A6:F7:5A:BD:F0,ON,858009,1780668075692,858013,1780668075696,925067,1780668075461,25,2026-06-05T14:01:16.4645903Z,,oasis/bottle
,,,0,,,local.mqtt.telegraf,54,40.98,,,08a6f769c348,08a6f769c348-239,239,08:A6:F7:69:C3:48,ON,858049,1780668075732,858053,1780668075736,973296,1780668075461,26,2026-06-05T14:01:16.547497Z,,oasis/bottle
,,,0,,,local.mqtt.telegraf,55,41.76,,,08a6f76bd428,08a6f76bd428-240,240,08:A6:F7:6B:D4:28,ON,861229,1780668078912,861233,1780668078916,1017766,1780668078760,25,2026-06-05T14:01:19.7321295Z,,oasis/bottle
,,,0,,,local.mqtt.telegraf,55,28.62,,,08a6f75abdf0,08a6f75abdf0-240,240,08:A6:F7:5A:BD:F0,ON,861309,1780668078992,861313,1780668078996,928367,1780668078761,25,2026-06-05T14:01:19.7739196Z,,oasis/bottle
,,,0,,,local.mqtt.telegraf,54,41,,,08a6f769c348,08a6f769c348-240,240,08:A6:F7:69:C3:48,ON,861349,1780668079033,861356,1780668079039,976596,1780668078761,26,2026-06-05T14:01:19.8095124Z,,oasis/bottle
,,,0,,,local.mqtt.telegraf,55,41.91,,,08a6f76bd428,08a6f76bd428-241,241,08:A6:F7:6B:D4:28,ON,864529,1780668082212,864534,1780668082217,1021067,1780668082131,25,2026-06-05T14:01:23.0558123Z,,oasis/bottle
,,,0,,,local.mqtt.telegraf,55,28.45,,,08a6f75abdf0,08a6f75abdf0-241,241,08:A6:F7:5A:BD:F0,ON,864609,1780668082292,864614,1780668082297,931667,1780668082182,25,2026-06-05T14:01:23.0976635Z,,oasis/bottle
,,,0,,,local.mqtt.telegraf,54,40.87,,,08a6f769c348,08a6f769c348-241,241,08:A6:F7:69:C3:48,ON,864648,1780668082332,864653,1780668082336,979896,1780668082181,26,2026-06-05T14:01:23.1310885Z,,oasis/bottle
,,,0,,,local.mqtt.telegraf,55,41.62,,,08a6f76bd428,08a6f76bd428-242,242,08:A6:F7:6B:D4:28,ON,867829,1780668085512,867833,1780668085516,1024366,1780668085430,25,2026-06-05T14:01:26.3247148Z,,oasis/bottle
,,,0,,,local.mqtt.telegraf,55,28.58,,,08a6f75abdf0,08a6f75abdf0-242,242,08:A6:F7:5A:BD:F0,ON,867909,1780668085592,867913,1780668085596,934967,1780668085482,25,2026-06-05T14:01:26.3681888Z,,oasis/bottle
,,,0,,,local.mqtt.telegraf,54,41,,,08a6f769c348,08a6f769c348-242,242,08:A6:F7:69:C3:48,ON,867949,1780668085632,867953,1780668085636,983197,1780668085482,26,2026-06-05T14:01:26.4070787Z,,oasis/bottle
,,,0,,,local.mqtt.telegraf,55,41.77,,,08a6f76bd428,08a6f76bd428-243,243,08:A6:F7:6B:D4:28,ON,871129,1780668088812,871133,1780668088816,1027667,1780668088731,25,2026-06-05T14:01:29.6275463Z,,oasis/bottle
,,,0,,,local.mqtt.telegraf,55,28.58,,,08a6f75abdf0,08a6f75abdf0-243,243,08:A6:F7:5A:BD:F0,ON,871209,1780668088892,871213,1780668088896,938267,1780668088782,25,2026-06-05T14:01:29.6643568Z,,oasis/bottle
,,,0,,,local.mqtt.telegraf,54,40.95,,,08a6f769c348,08a6f769c348-243,243,08:A6:F7:69:C3:48,ON,871249,1780668088932,871253,1780668088936,986497,1780668088782,26,2026-06-05T14:01:29.7000468Z,,oasis/bottle
,,,0,,,local.mqtt.telegraf,55,41.78,,,08a6f76bd428,08a6f76bd428-244,244,08:A6:F7:6B:D4:28,ON,874429,1780668092112,874433,1780668092116,1030967,1780668092030,25,2026-06-05T14:01:32.9237215Z,,oasis/bottle
,,,0,,,local.mqtt.telegraf,55,28.62,,,08a6f75abdf0,08a6f75abdf0-244,244,08:A6:F7:5A:BD:F0,ON,874509,1780668092192,874513,1780668092196,941567,1780668092091,25,2026-06-05T14:01:32.9624004Z,,oasis/bottle
,,,0,,,local.mqtt.telegraf,54,41.05,,,08a6f769c348,08a6f769c348-244,244,08:A6:F7:69:C3:48,ON,874549,1780668092232,874553,1780668092236,989797,1780668092141,26,2026-06-05T14:01:33.0381222Z,,oasis/bottle
,,,0,,,local.mqtt.telegraf,55,41.68,,,08a6f76bd428,08a6f76bd428-245,245,08:A6:F7:6B:D4:28,ON,877729,1780668095412,877733,1780668095417,1034267,1780668095330,25,2026-06-05T14:01:36.226095Z,,oasis/bottle
,,,0,,,local.mqtt.telegraf,55,28.65,,,08a6f75abdf0,08a6f75abdf0-245,245,08:A6:F7:5A:BD:F0,ON,877809,1780668095492,877813,1780668095496,944867,1780668095391,25,2026-06-05T14:01:36.2729379Z,,oasis/bottle
,,,0,,,local.mqtt.telegraf,54,41.03,,,08a6f769c348,08a6f769c348-245,245,08:A6:F7:69:C3:48,ON,877849,1780668095532,877854,1780668095537,993097,1780668095441,26,2026-06-05T14:01:36.3077104Z,,oasis/bottle
,,,0,,,local.mqtt.telegraf,55,41.91,,,08a6f76bd428,08a6f76bd428-246,246,08:A6:F7:6B:D4:28,ON,881029,1780668098712,881033,1780668098716,1037566,1780668098629,25,2026-06-05T14:01:39.5361406Z,,oasis/bottle
,,,0,,,local.mqtt.telegraf,55,28.59,,,08a6f75abdf0,08a6f75abdf0-246,246,08:A6:F7:5A:BD:F0,ON,881119,1780668098802,881123,1780668098806,948167,1780668098691,25,2026-06-05T14:01:39.5716346Z,,oasis/bottle
,,,0,,,local.mqtt.telegraf,54,40.9,,,08a6f769c348,08a6f769c348-246,246,08:A6:F7:69:C3:48,ON,881148,1780668098831,881152,1780668098835,996397,1780668098741,26,2026-06-05T14:01:39.61174Z,,oasis/bottle
,,,0,,,local.mqtt.telegraf,55,41.88,,,08a6f76bd428,08a6f76bd428-247,247,08:A6:F7:6B:D4:28,ON,884329,1780668102012,884341,1780668102024,1040867,1780668101931,25,2026-06-05T14:01:42.8323328Z,,oasis/bottle
,,,0,,,local.mqtt.telegraf,55,28.59,,,08a6f75abdf0,08a6f75abdf0-247,247,08:A6:F7:5A:BD:F0,ON,884419,1780668102102,884423,1780668102106,951477,1780668102012,25,2026-06-05T14:01:42.8799034Z,,oasis/bottle
,,,0,,,local.mqtt.telegraf,54,41.11,,,08a6f769c348,08a6f769c348-247,247,08:A6:F7:69:C3:48,ON,884447,1780668102130,884452,1780668102135,999697,1780668102042,26,2026-06-05T14:01:42.9088776Z,,oasis/bottle
,,,0,,,local.mqtt.telegraf,55,41.81,,,08a6f76bd428,08a6f76bd428-248,248,08:A6:F7:6B:D4:28,ON,887629,1780668105312,887633,1780668105316,1044166,1780668105230,25,2026-06-05T14:01:46.126093Z,,oasis/bottle
,,,0,,,local.mqtt.telegraf,54,41.05,,,08a6f769c348,08a6f769c348-248,248,08:A6:F7:69:C3:48,ON,887747,1780668105431,887752,1780668105435,1002997,1780668105342,26,2026-06-05T14:01:46.2069412Z,,oasis/bottle
,,,0,,,local.mqtt.telegraf,55,41.81,,,08a6f76bd428,08a6f76bd428-249,249,08:A6:F7:6B:D4:28,ON,890929,1780668108612,890933,1780668108616,1047466,1780668108530,25,2026-06-05T14:01:49.4249104Z,,oasis/bottle
,,,0,,,local.mqtt.telegraf,54,41.07,,,08a6f769c348,08a6f769c348-249,249,08:A6:F7:69:C3:48,ON,891048,1780668108731,891053,1780668108736,1006297,1780668108642,26,2026-06-05T14:01:49.5056095Z,,oasis/bottle
,,,0,,,local.mqtt.telegraf,55,42.12,,,08a6f76bd428,08a6f76bd428-250,250,08:A6:F7:6B:D4:28,ON,894229,1780668111912,894233,1780668111916,1050767,1780668111830,25,2026-06-05T14:01:52.7203387Z,,oasis/bottle
,,,0,,,local.mqtt.telegraf,54,41.06,,,08a6f769c348,08a6f769c348-250,250,08:A6:F7:69:C3:48,ON,894350,1780668112033,894354,1780668112037,1009596,1780668111950,26,2026-06-05T14:01:52.8202222Z,,oasis/bottle
,,,0,,,local.mqtt.telegraf,55,41.77,,,08a6f76bd428,08a6f76bd428-251,251,08:A6:F7:6B:D4:28,ON,897529,1780668115212,897533,1780668115216,1054067,1780668115130,25,2026-06-05T14:01:56.0219736Z,,oasis/bottle
,,,0,,,local.mqtt.telegraf,55,28.69,,,08a6f75abdf0,08a6f75abdf0-251,251,08:A6:F7:5A:BD:F0,ON,897619,1780668115302,897623,1780668115306,964677,1780668115211,25,2026-06-05T14:01:56.1023132Z,,oasis/bottle
,,,0,,,local.mqtt.telegraf,54,41.18,,,08a6f769c348,08a6f769c348-251,251,08:A6:F7:69:C3:48,ON,897659,1780668115342,897663,1780668115346,1012907,1780668115261,26,2026-06-05T14:01:56.1415763Z,,oasis/bottle
,,,0,,,local.mqtt.telegraf,55,41.78,,,08a6f76bd428,08a6f76bd428-252,252,08:A6:F7:6B:D4:28,ON,900829,1780668118512,900833,1780668118516,1057366,1780668118429,25,2026-06-05T14:01:59.3199112Z,,oasis/bottle
,,,0,,,local.mqtt.telegraf,55,28.68,,,08a6f75abdf0,08a6f75abdf0-252,252,08:A6:F7:5A:BD:F0,ON,900919,1780668118602,900923,1780668118606,967977,1780668118511,25,2026-06-05T14:01:59.4129439Z,,oasis/bottle
,,,0,,,local.mqtt.telegraf,54,41.39,,,08a6f769c348,08a6f769c348-252,252,08:A6:F7:69:C3:48,ON,900959,1780668118642,900963,1780668118646,1016207,1780668118561,26,2026-06-05T14:01:59.4468845Z,,oasis/bottle
,,,0,,,local.mqtt.telegraf,55,41.96,,,08a6f76bd428,08a6f76bd428-253,253,08:A6:F7:6B:D4:28,ON,904129,1780668121812,904133,1780668121816,1060667,1780668121730,25,2026-06-05T14:02:02.6161687Z,,oasis/bottle
,,,0,,,local.mqtt.telegraf,55,28.8,,,08a6f75abdf0,08a6f75abdf0-253,253,08:A6:F7:5A:BD:F0,ON,904219,1780668121902,904224,1780668121907,971277,1780668121821,25,2026-06-05T14:02:02.7069447Z,,oasis/bottle
,,,0,,,local.mqtt.telegraf,54,41.22,,,08a6f769c348,08a6f769c348-253,253,08:A6:F7:69:C3:48,ON,904260,1780668121943,904264,1780668121947,1019507,1780668121851,26,2026-06-05T14:02:02.7463837Z,,oasis/bottle
,,,0,,,local.mqtt.telegraf,55,41.95,,,08a6f76bd428,08a6f76bd428-254,254,08:A6:F7:6B:D4:28,ON,907429,1780668125112,907434,1780668125117,1063967,1780668125030,25,2026-06-05T14:02:05.9156366Z,,oasis/bottle
,,,0,,,local.mqtt.telegraf,54,41.23,,,08a6f769c348,08a6f769c348-254,254,08:A6:F7:69:C3:48,ON,907552,1780668125235,907556,1780668125239,1022807,1780668125151,26,2026-06-05T14:02:06.0042311Z,,oasis/bottle
,,,0,,,local.mqtt.telegraf,55,41.99,,,08a6f76bd428,08a6f76bd428-255,255,08:A6:F7:6B:D4:28,ON,910729,1780668128412,910733,1780668128416,1067267,1780668128330,25,2026-06-05T14:02:09.2281779Z,,oasis/bottle
,,,0,,,local.mqtt.telegraf,55,28.92,,,08a6f75abdf0,08a6f75abdf0-255,255,08:A6:F7:5A:BD:F0,ON,910819,1780668128502,910823,1780668128506,977877,1780668128421,25,2026-06-05T14:02:09.2697411Z,,oasis/bottle
,,,0,,,local.mqtt.telegraf,54,41.23,,,08a6f769c348,08a6f769c348-255,255,08:A6:F7:69:C3:48,ON,910859,1780668128542,910864,1780668128547,1026107,1780668128451,26,2026-06-05T14:02:09.3043347Z,,oasis/bottle
,,,0,,,local.mqtt.telegraf,55,41.86,,,08a6f76bd428,08a6f76bd428-256,256,08:A6:F7:6B:D4:28,ON,914029,1780668131712,914033,1780668131716,1070567,1780668131631,25,2026-06-05T14:02:12.52641Z,,oasis/bottle
,,,0,,,local.mqtt.telegraf,55,28.88,,,08a6f75abdf0,08a6f75abdf0-256,256,08:A6:F7:5A:BD:F0,ON,914119,1780668131802,914123,1780668131806,981177,1780668131712,25,2026-06-05T14:02:12.6040149Z,,oasis/bottle
,,,0,,,local.mqtt.telegraf,54,41.25,,,08a6f769c348,08a6f769c348-256,256,08:A6:F7:69:C3:48,ON,914168,1780668131852,914173,1780668131856,1029417,1780668131752,26,2026-06-05T14:02:12.6399711Z,,oasis/bottle
,,,0,,,local.mqtt.telegraf,55,41.78,,,08a6f76bd428,08a6f76bd428-257,257,08:A6:F7:6B:D4:28,ON,917329,1780668135012,917333,1780668135016,1073867,1780668134931,25,2026-06-05T14:02:15.8191146Z,,oasis/bottle
,,,0,,,local.mqtt.telegraf,55,28.86,,,08a6f75abdf0,08a6f75abdf0-257,257,08:A6:F7:5A:BD:F0,ON,917419,1780668135102,917423,1780668135106,984476,1780668135011,26,2026-06-05T14:02:15.9048718Z,,oasis/bottle
,,,0,,,local.mqtt.telegraf,54,41.25,,,08a6f769c348,08a6f769c348-257,257,08:A6:F7:69:C3:48,ON,917468,1780668135152,917473,1780668135156,1032717,1780668135052,26,2026-06-05T14:02:15.9607873Z,,oasis/bottle
,,,0,,,local.mqtt.telegraf,55,42.05,,,08a6f76bd428,08a6f76bd428-258,258,08:A6:F7:6B:D4:28,ON,920629,1780668138312,920633,1780668138316,1077167,1780668138231,25,2026-06-05T14:02:19.1211173Z,,oasis/bottle
,,,0,,,local.mqtt.telegraf,55,28.81,,,08a6f75abdf0,08a6f75abdf0-258,258,08:A6:F7:5A:BD:F0,ON,920719,1780668138402,920723,1780668138406,987776,1780668138311,26,2026-06-05T14:02:19.1997287Z,,oasis/bottle
,,,0,,,local.mqtt.telegraf,54,41.25,,,08a6f769c348,08a6f769c348-258,258,08:A6:F7:69:C3:48,ON,920780,1780668138463,920784,1780668138467,1036027,1780668138362,26,2026-06-05T14:02:19.2768833Z,,oasis/bottle
,,,0,,,local.mqtt.telegraf,55,41.92,,,08a6f76bd428,08a6f76bd428-259,259,08:A6:F7:6B:D4:28,ON,923929,1780668141612,923933,1780668141616,1080467,1780668141530,25,2026-06-05T14:02:22.4150682Z,,oasis/bottle
,,,0,,,local.mqtt.telegraf,55,28.97,,,08a6f75abdf0,08a6f75abdf0-259,259,08:A6:F7:5A:BD:F0,ON,924019,1780668141702,924024,1780668141707,991076,1780668141620,26,2026-06-05T14:02:22.510737Z,,oasis/bottle
,,,0,,,local.mqtt.telegraf,54,41.14,,,08a6f769c348,08a6f769c348-259,259,08:A6:F7:69:C3:48,ON,924078,1780668141762,924086,1780668141769,1039327,1780668141681,26,2026-06-05T14:02:22.553646Z,,oasis/bottle
,,,0,,,local.mqtt.telegraf,55,41.91,,,08a6f76bd428,08a6f76bd428-260,260,08:A6:F7:6B:D4:28,ON,927239,1780668144922,927243,1780668144926,1083777,1780668144840,25,2026-06-05T14:02:25.7326935Z,,oasis/bottle
,,,0,,,local.mqtt.telegraf,55,28.68,,,08a6f75abdf0,08a6f75abdf0-260,260,08:A6:F7:5A:BD:F0,ON,927319,1780668145002,927323,1780668145006,994376,1780668144920,26,2026-06-05T14:02:25.7743399Z,,oasis/bottle
,,,0,,,local.mqtt.telegraf,54,41.18,,,08a6f769c348,08a6f769c348-260,260,08:A6:F7:69:C3:48,ON,927390,1780668145073,927394,1780668145077,1042637,1780668144991,26,2026-06-05T14:02:25.8749535Z,,oasis/bottle
,,,0,,,local.mqtt.telegraf,55,41.92,,,08a6f76bd428,08a6f76bd428-261,261,08:A6:F7:6B:D4:28,ON,930539,1780668148222,930543,1780668148226,1087077,1780668148140,25,2026-06-05T14:02:29.0269671Z,,oasis/bottle
,,,0,,,local.mqtt.telegraf,55,28.89,,,08a6f75abdf0,08a6f75abdf0-261,261,08:A6:F7:5A:BD:F0,ON,930619,1780668148302,930623,1780668148306,997676,1780668148220,26,2026-06-05T14:02:29.1092705Z,,oasis/bottle
,,,0,,,local.mqtt.telegraf,54,41.14,,,08a6f769c348,08a6f769c348-261,261,08:A6:F7:69:C3:48,ON,930699,1780668148382,930703,1780668148386,1045947,1780668148301,26,2026-06-05T14:02:29.1498181Z,,oasis/bottle
,,,0,,,local.mqtt.telegraf,55,41.86,,,08a6f76bd428,08a6f76bd428-262,262,08:A6:F7:6B:D4:28,ON,933839,1780668151522,933843,1780668151526,1090377,1780668151441,25,2026-06-05T14:02:32.3276502Z,,oasis/bottle
,,,0,,,local.mqtt.telegraf,55,28.88,,,08a6f75abdf0,08a6f75abdf0-262,262,08:A6:F7:5A:BD:F0,ON,933919,1780668151602,933923,1780668151606,1000977,1780668151512,26,2026-06-05T14:02:32.3674135Z,,oasis/bottle
,,,0,,,local.mqtt.telegraf,54,41.38,,,08a6f769c348,08a6f769c348-262,262,08:A6:F7:69:C3:48,ON,933999,1780668151682,934003,1780668151686,1049247,1780668151592,26,2026-06-05T14:02:32.4791678Z,,oasis/bottle
,,,0,,,local.mqtt.telegraf,55,41.99,,,08a6f76bd428,08a6f76bd428-263,263,08:A6:F7:6B:D4:28,ON,937139,1780668154822,937143,1780668154826,1093677,1780668154741,25,2026-06-05T14:02:35.623938Z,,oasis/bottle
,,,0,,,local.mqtt.telegraf,55,28.97,,,08a6f75abdf0,08a6f75abdf0-263,263,08:A6:F7:5A:BD:F0,ON,937219,1780668154902,937223,1780668154906,1004276,1780668154811,26,2026-06-05T14:02:35.7004099Z,,oasis/bottle
,,,0,,,local.mqtt.telegraf,54,41.22,,,08a6f769c348,08a6f769c348-263,263,08:A6:F7:69:C3:48,ON,937309,1780668154992,937314,1780668154997,1052557,1780668154902,26,2026-06-05T14:02:35.7854783Z,,oasis/bottle
,,,0,,,local.mqtt.telegraf,55,41.97,,,08a6f76bd428,08a6f76bd428-264,264,08:A6:F7:6B:D4:28,ON,940449,1780668158132,940453,1780668158136,1096987,1780668158051,25,2026-06-05T14:02:38.9393075Z,,oasis/bottle
,,,0,,,local.mqtt.telegraf,55,29.01,,,08a6f75abdf0,08a6f75abdf0-264,264,08:A6:F7:5A:BD:F0,ON,940519,1780668158203,940524,1780668158207,1007576,1780668158111,26,2026-06-05T14:02:38.9837748Z,,oasis/bottle
,,,0,,,local.mqtt.telegraf,54,41.19,,,08a6f769c348,08a6f769c348-264,264,08:A6:F7:69:C3:48,ON,940609,1780668158292,940614,1780668158297,1055857,1780668158202,26,2026-06-05T14:02:39.0875268Z,,oasis/bottle
,,,0,,,local.mqtt.telegraf,55,42.17,,,08a6f76bd428,08a6f76bd428-265,265,08:A6:F7:6B:D4:28,ON,943749,1780668161432,943753,1780668161436,1100287,1780668161351,25,2026-06-05T14:02:42.2374389Z,,oasis/bottle
,,,0,,,local.mqtt.telegraf,55,29.13,,,08a6f75abdf0,08a6f75abdf0-265,265,08:A6:F7:5A:BD:F0,ON,943829,1780668161512,943833,1780668161516,1010888,1780668161432,26,2026-06-05T14:02:42.2850417Z,,oasis/bottle
,,,0,,,local.mqtt.telegraf,54,41.44,,,08a6f769c348,08a6f769c348-265,265,08:A6:F7:69:C3:48,ON,943909,1780668161592,943913,1780668161597,1059157,1780668161511,26,2026-06-05T14:02:42.3910689Z,,oasis/bottle
,,,0,,,local.mqtt.telegraf,55,42.13,,,08a6f76bd428,08a6f76bd428-266,266,08:A6:F7:6B:D4:28,ON,947049,1780668164732,947053,1780668164736,1103587,1780668162390,25,2026-06-05T14:02:45.5348282Z,,oasis/bottle
,,,0,,,local.mqtt.telegraf,55,29.2,,,08a6f75abdf0,08a6f75abdf0-266,266,08:A6:F7:5A:BD:F0,ON,947129,1780668164812,947133,1780668164816,1014186,1780668164730,26,2026-06-05T14:02:45.5656896Z,,oasis/bottle
,,,0,,,local.mqtt.telegraf,54,41.57,,,08a6f769c348,08a6f769c348-266,266,08:A6:F7:69:C3:48,ON,947209,1780668164892,947213,1780668164896,1062457,1780668164811,26,2026-06-05T14:02:45.69501Z,,oasis/bottle
,,,0,,,local.mqtt.telegraf,55,42,,,08a6f76bd428,08a6f76bd428-267,267,08:A6:F7:6B:D4:28,ON,950349,1780668168032,950354,1780668168037,1106887,1780668165690,25,2026-06-05T14:02:48.8344874Z,,oasis/bottle
,,,0,,,local.mqtt.telegraf,55,29.15,,,08a6f75abdf0,08a6f75abdf0-267,267,08:A6:F7:5A:BD:F0,ON,950429,1780668168112,950433,1780668168116,1017486,1780668168030,26,2026-06-05T14:02:48.8846217Z,,oasis/bottle
,,,0,,,local.mqtt.telegraf,54,41.48,,,08a6f769c348,08a6f769c348-267,267,08:A6:F7:69:C3:48,ON,950509,1780668168192,950513,1780668168196,1065757,1780668168111,26,2026-06-05T14:02:48.9848169Z,,oasis/bottle
,,,0,,,local.mqtt.telegraf,55,42.27,,,08a6f76bd428,08a6f76bd428-268,268,08:A6:F7:6B:D4:28,ON,953649,1780668171332,953653,1780668171336,1110187,1780668168990,25,2026-06-05T14:02:52.1318501Z,,oasis/bottle
,,,0,,,local.mqtt.telegraf,55,29.11,,,08a6f75abdf0,08a6f75abdf0-268,268,08:A6:F7:5A:BD:F0,ON,953729,1780668171412,953733,1780668171416,1020786,1780668171330,26,2026-06-05T14:02:52.1740125Z,,oasis/bottle
,,,0,,,local.mqtt.telegraf,54,41.52,,,08a6f769c348,08a6f769c348-268,268,08:A6:F7:69:C3:48,ON,953809,1780668171492,953822,1780668171505,1069057,1780668171411,26,2026-06-05T14:02:52.2988491Z,,oasis/bottle
,,,0,,,local.mqtt.telegraf,55,42.15,,,08a6f76bd428,08a6f76bd428-269,269,08:A6:F7:6B:D4:28,ON,956949,1780668174632,956953,1780668174636,1113487,1780668172411,25,2026-06-05T14:02:55.4381552Z,,oasis/bottle
,,,0,,,local.mqtt.telegraf,55,29.27,,,08a6f75abdf0,08a6f75abdf0-269,269,08:A6:F7:5A:BD:F0,ON,957029,1780668174712,957033,1780668174716,1024086,1780668172411,26,2026-06-05T14:02:55.4797542Z,,oasis/bottle
,,,0,,,local.mqtt.telegraf,54,41.48,,,08a6f769c348,08a6f769c348-269,269,08:A6:F7:69:C3:48,ON,957109,1780668174792,957114,1780668174797,1072356,1780668174710,26,2026-06-05T14:02:55.5895423Z,,oasis/bottle
,,,0,,,local.mqtt.telegraf,55,41.91,,,08a6f76bd428,08a6f76bd428-270,270,08:A6:F7:6B:D4:28,ON,960249,1780668177932,960253,1780668177936,1116787,1780668175711,25,2026-06-05T14:02:58.7332292Z,,oasis/bottle
,,,0,,,local.mqtt.telegraf,55,28.96,,,08a6f75abdf0,08a6f75abdf0-270,270,08:A6:F7:5A:BD:F0,ON,960329,1780668178012,960333,1780668178016,1027386,1780668175711,26,2026-06-05T14:02:58.7785689Z,,oasis/bottle
,,,0,,,local.mqtt.telegraf,54,41.39,,,08a6f769c348,08a6f769c348-270,270,08:A6:F7:69:C3:48,ON,960419,1780668178102,960423,1780668178106,1075667,1780668178021,26,2026-06-05T14:02:58.9052665Z,,oasis/bottle
,,,0,,,local.mqtt.telegraf,55,42.16,,,08a6f76bd428,08a6f76bd428-271,271,08:A6:F7:6B:D4:28,ON,963549,1780668181232,963554,1780668181237,1120087,1780668179011,25,2026-06-05T14:03:02.0339986Z,,oasis/bottle
,,,0,,,local.mqtt.telegraf,55,29.09,,,08a6f75abdf0,08a6f75abdf0-271,271,08:A6:F7:5A:BD:F0,ON,963629,1780668181312,963633,1780668181316,1030686,1780668179011,26,2026-06-05T14:03:02.0634098Z,,oasis/bottle
,,,0,,,local.mqtt.telegraf,54,41.46,,,08a6f769c348,08a6f769c348-271,271,08:A6:F7:69:C3:48,ON,963719,1780668181402,963723,1780668181406,1078967,1780668181321,26,2026-06-05T14:03:02.1911966Z,,oasis/bottle
,,,0,,,local.mqtt.telegraf,55,42.42,,,08a6f76bd428,08a6f76bd428-272,272,08:A6:F7:6B:D4:28,ON,966849,1780668184532,966853,1780668184536,1123387,1780668182431,25,2026-06-05T14:03:05.3324485Z,,oasis/bottle
,,,0,,,local.mqtt.telegraf,55,29.09,,,08a6f75abdf0,08a6f75abdf0-272,272,08:A6:F7:5A:BD:F0,ON,966929,1780668184613,966934,1780668184617,1033986,1780668182431,26,2026-06-05T14:03:05.3787039Z,,oasis/bottle
,,,0,,,local.mqtt.telegraf,54,41.25,,,08a6f769c348,08a6f769c348-272,272,08:A6:F7:69:C3:48,ON,967019,1780668184702,967023,1780668184706,1082267,1780668182432,26,2026-06-05T14:03:05.4981628Z,,oasis/bottle
,,,0,,,local.mqtt.telegraf,55,42.03,,,08a6f76bd428,08a6f76bd428-273,273,08:A6:F7:6B:D4:28,ON,970149,1780668187832,970153,1780668187836,1126687,1780668185731,25,2026-06-05T14:03:08.6258622Z,,oasis/bottle
,,,0,,,local.mqtt.telegraf,55,28.96,,,08a6f75abdf0,08a6f75abdf0-273,273,08:A6:F7:5A:BD:F0,ON,970229,1780668187912,970233,1780668187916,1037286,1780668185731,26,2026-06-05T14:03:08.6725004Z,,oasis/bottle
,,,0,,,local.mqtt.telegraf,54,41.57,,,08a6f769c348,08a6f769c348-273,273,08:A6:F7:69:C3:48,ON,970319,1780668188002,970323,1780668188006,1085567,1780668185732,26,2026-06-05T14:03:08.7932682Z,,oasis/bottle
,,,0,,,local.mqtt.telegraf,55,42.01,,,08a6f76bd428,08a6f76bd428-274,274,08:A6:F7:6B:D4:28,ON,973449,1780668191132,973453,1780668191136,1129987,1780668189031,25,2026-06-05T14:03:11.9221482Z,,oasis/bottle
,,,0,,,local.mqtt.telegraf,55,28.97,,,08a6f75abdf0,08a6f75abdf0-274,274,08:A6:F7:5A:BD:F0,ON,973529,1780668191212,973533,1780668191216,1040586,1780668189031,26,2026-06-05T14:03:11.9718695Z,,oasis/bottle
,,,0,,,local.mqtt.telegraf,54,41.39,,,08a6f769c348,08a6f769c348-274,274,08:A6:F7:69:C3:48,ON,973619,1780668191302,973623,1780668191306,1088867,1780668189032,26,2026-06-05T14:03:12.089893Z,,oasis/bottle
,,,0,,,local.mqtt.telegraf,55,42.12,,,08a6f76bd428,08a6f76bd428-275,275,08:A6:F7:6B:D4:28,ON,976749,1780668194432,976753,1780668194436,1133287,1780668192451,25,2026-06-05T14:03:15.2364009Z,,oasis/bottle
,,,0,,,local.mqtt.telegraf,55,29.01,,,08a6f75abdf0,08a6f75abdf0-275,275,08:A6:F7:5A:BD:F0,ON,976829,1780668194512,976833,1780668194516,1043886,1780668192451,26,2026-06-05T14:03:15.2848705Z,,oasis/bottle
,,,0,,,local.mqtt.telegraf,54,41.41,,,08a6f769c348,08a6f769c348-275,275,08:A6:F7:69:C3:48,ON,976919,1780668194602,976923,1780668194606,1092167,1780668192452,26,2026-06-05T14:03:15.4013098Z,,oasis/bottle
,,,0,,,local.mqtt.telegraf,55,42.08,,,08a6f76bd428,08a6f76bd428-276,276,08:A6:F7:6B:D4:28,ON,980049,1780668197732,980053,1780668197736,1136587,1780668195751,25,2026-06-05T14:03:18.5479598Z,,oasis/bottle
,,,0,,,local.mqtt.telegraf,55,29.13,,,08a6f75abdf0,08a6f75abdf0-276,276,08:A6:F7:5A:BD:F0,ON,980129,1780668197812,980134,1780668197817,1047186,1780668195751,26,2026-06-05T14:03:18.5829698Z,,oasis/bottle
,,,0,,,local.mqtt.telegraf,54,41.25,,,08a6f769c348,08a6f769c348-276,276,08:A6:F7:69:C3:48,ON,980219,1780668197902,980223,1780668197906,1095467,1780668195752,26,2026-06-05T14:03:18.6968364Z,,oasis/bottle
,,,0,,,local.mqtt.telegraf,55,42.21,,,08a6f76bd428,08a6f76bd428-277,277,08:A6:F7:6B:D4:28,ON,983349,1780668201032,983353,1780668201036,1139887,1780668199051,25,2026-06-05T14:03:21.8390636Z,,oasis/bottle
,,,0,,,local.mqtt.telegraf,55,29.23,,,08a6f75abdf0,08a6f75abdf0-277,277,08:A6:F7:5A:BD:F0,ON,983429,1780668201112,983433,1780668201116,1050486,1780668199051,26,2026-06-05T14:03:21.8766144Z,,oasis/bottle
,,,0,,,local.mqtt.telegraf,54,41.23,,,08a6f769c348,08a6f769c348-277,277,08:A6:F7:69:C3:48,ON,983529,1780668201212,983533,1780668201216,1098777,1780668199062,26,2026-06-05T14:03:22.0002604Z,,oasis/bottle
,,,0,,,local.mqtt.telegraf,55,42.09,,,08a6f76bd428,08a6f76bd428-278,278,08:A6:F7:6B:D4:28,ON,986649,1780668204332,986653,1780668204336,1143187,1780668202471,25,2026-06-05T14:03:25.135144Z,,oasis/bottle
,,,0,,,local.mqtt.telegraf,55,29.13,,,08a6f75abdf0,08a6f75abdf0-278,278,08:A6:F7:5A:BD:F0,ON,986729,1780668204412,986733,1780668204416,1053786,1780668202471,26,2026-06-05T14:03:25.1757099Z,,oasis/bottle
,,,0,,,local.mqtt.telegraf,54,41.48,,,08a6f769c348,08a6f769c348-278,278,08:A6:F7:69:C3:48,ON,986829,1780668204512,986833,1780668204516,1102077,1780668202472,26,2026-06-05T14:03:25.3044387Z,,oasis/bottle
,,,0,,,local.mqtt.telegraf,55,42.21,,,08a6f76bd428,08a6f76bd428-279,279,08:A6:F7:6B:D4:28,ON,989949,1780668207632,989953,1780668207636,1146487,1780668205771,25,2026-06-05T14:03:28.4300336Z,,oasis/bottle
,,,0,,,local.mqtt.telegraf,55,29.23,,,08a6f75abdf0,08a6f75abdf0-279,279,08:A6:F7:5A:BD:F0,ON,990029,1780668207712,990033,1780668207716,1057086,1780668205771,26,2026-06-05T14:03:28.4737017Z,,oasis/bottle
,,,0,,,local.mqtt.telegraf,54,41.52,,,08a6f769c348,08a6f769c348-279,279,08:A6:F7:69:C3:48,ON,990129,1780668207812,990133,1780668207816,1105377,1780668205772,26,2026-06-05T14:03:28.6131241Z,,oasis/bottle
,,,0,,,local.mqtt.telegraf,55,41.78,,,08a6f76bd428,08a6f76bd428-280,280,08:A6:F7:6B:D4:28,ON,993249,1780668210932,993254,1780668210937,1149787,1780668209071,25,2026-06-05T14:03:31.7318875Z,,oasis/bottle
,,,0,,,local.mqtt.telegraf,55,29.06,,,08a6f75abdf0,08a6f75abdf0-280,280,08:A6:F7:5A:BD:F0,ON,993329,1780668211012,993333,1780668211016,1060386,1780668209071,26,2026-06-05T14:03:31.7735169Z,,oasis/bottle
,,,0,,,local.mqtt.telegraf,54,41.54,,,08a6f769c348,08a6f769c348-280,280,08:A6:F7:69:C3:48,ON,993429,1780668211112,993433,1780668211116,1108677,1780668209072,26,2026-06-05T14:03:31.9036661Z,,oasis/bottle
,,,0,,,local.mqtt.telegraf,55,42.33,,,08a6f76bd428,08a6f76bd428-281,281,08:A6:F7:6B:D4:28,ON,996549,1780668214232,996553,1780668214236,1153087,1780668212491,25,2026-06-05T14:03:35.0337121Z,,oasis/bottle
,,,0,,,local.mqtt.telegraf,55,29.28,,,08a6f75abdf0,08a6f75abdf0-281,281,08:A6:F7:5A:BD:F0,ON,996629,1780668214312,996633,1780668214316,1063686,1780668212491,26,2026-06-05T14:03:35.0760373Z,,oasis/bottle
,,,0,,,local.mqtt.telegraf,54,41.61,,,08a6f769c348,08a6f769c348-281,281,08:A6:F7:69:C3:48,ON,996729,1780668214412,996734,1780668214417,1111977,1780668212492,26,2026-06-05T14:03:35.2071586Z,,oasis/bottle
,,,0,,,local.mqtt.telegraf,55,42.29,,,08a6f76bd428,08a6f76bd428-282,282,08:A6:F7:6B:D4:28,ON,999849,1780668217532,999853,1780668217536,1156387,1780668215791,25,2026-06-05T14:03:38.3263084Z,,oasis/bottle
,,,0,,,local.mqtt.telegraf,55,29.31,,,08a6f75abdf0,08a6f75abdf0-282,282,08:A6:F7:5A:BD:F0,ON,999929,1780668217612,999933,1780668217616,1066986,1780668215791,26,2026-06-05T14:03:38.3707601Z,,oasis/bottle
,,,0,,,local.mqtt.telegraf,54,41.56,,,08a6f769c348,08a6f769c348-282,282,08:A6:F7:69:C3:48,ON,1000029,1780668217712,1000033,1780668217716,1115277,1780668215792,26,2026-06-05T14:03:38.5078994Z,,oasis/bottle
,,,0,,,local.mqtt.telegraf,55,42.12,,,08a6f76bd428,08a6f76bd428-283,283,08:A6:F7:6B:D4:28,ON,1003149,1780668220832,1003153,1780668220836,1159687,1780668219091,25,2026-06-05T14:03:41.6559067Z,,oasis/bottle
,,,0,,,local.mqtt.telegraf,55,29.29,,,08a6f75abdf0,08a6f75abdf0-283,283,08:A6:F7:5A:BD:F0,ON,1003229,1780668220912,1003236,1780668220919,1070286,1780668219091,26,2026-06-05T14:03:41.7002144Z,,oasis/bottle
,,,0,,,local.mqtt.telegraf,54,41.65,,,08a6f769c348,08a6f769c348-283,283,08:A6:F7:69:C3:48,ON,1003329,1780668221012,1003333,1780668221017,1118577,1780668219092,26,2026-06-05T14:03:41.8037154Z,,oasis/bottle
,,,0,,,local.mqtt.telegraf,55,41.99,,,08a6f76bd428,08a6f76bd428-284,284,08:A6:F7:6B:D4:28,ON,1006449,1780668224132,1006454,1780668224137,1162987,1780668222511,25,2026-06-05T14:03:44.9330923Z,,oasis/bottle
,,,0,,,local.mqtt.telegraf,55,29.32,,,08a6f75abdf0,08a6f75abdf0-284,284,08:A6:F7:5A:BD:F0,ON,1006529,1780668224212,1006533,1780668224216,1073586,1780668222511,26,2026-06-05T14:03:44.9788335Z,,oasis/bottle
,,,0,,,local.mqtt.telegraf,54,41.65,,,08a6f769c348,08a6f769c348-284,284,08:A6:F7:69:C3:48,ON,1006629,1780668224312,1006633,1780668224316,1121877,1780668222512,26,2026-06-05T14:03:45.1049914Z,,oasis/bottle
,,,0,,,local.mqtt.telegraf,55,42.12,,,08a6f76bd428,08a6f76bd428-285,285,08:A6:F7:6B:D4:28,ON,1009749,1780668227432,1009753,1780668227436,1166287,1780668225811,25,2026-06-05T14:03:48.2296854Z,,oasis/bottle
,,,0,,,local.mqtt.telegraf,55,29.44,,,08a6f75abdf0,08a6f75abdf0-285,285,08:A6:F7:5A:BD:F0,ON,1009829,1780668227512,1009834,1780668227517,1076887,1780668225812,25,2026-06-05T14:03:48.2719365Z,,oasis/bottle
,,,0,,,local.mqtt.telegraf,54,41.76,,,08a6f769c348,08a6f769c348-285,285,08:A6:F7:69:C3:48,ON,1009929,1780668227612,1009934,1780668227617,1125177,1780668225812,26,2026-06-05T14:03:48.4026442Z,,oasis/bottle
,,,0,,,local.mqtt.telegraf,55,42.24,,,08a6f76bd428,08a6f76bd428-286,286,08:A6:F7:6B:D4:28,ON,1013049,1780668230732,1013053,1780668230736,1169587,1780668229111,25,2026-06-05T14:03:51.528942Z,,oasis/bottle
,,,0,,,local.mqtt.telegraf,55,29.45,,,08a6f75abdf0,08a6f75abdf0-286,286,08:A6:F7:5A:BD:F0,ON,1013129,1780668230812,1013133,1780668230816,1080186,1780668229111,26,2026-06-05T14:03:51.5770472Z,,oasis/bottle
,,,0,,,local.mqtt.telegraf,54,41.69,,,08a6f769c348,08a6f769c348-286,286,08:A6:F7:69:C3:48,ON,1013239,1780668230922,1013243,1780668230926,1128487,1780668229122,26,2026-06-05T14:03:51.7114893Z,,oasis/bottle
,,,0,,,local.mqtt.telegraf,55,42.52,,,08a6f76bd428,08a6f76bd428-287,287,08:A6:F7:6B:D4:28,ON,1016349,1780668234032,1016353,1780668234036,1172887,1780668232540,25,2026-06-05T14:03:54.8464874Z,,oasis/bottle
,,,0,,,local.mqtt.telegraf,55,29.7,,,08a6f75abdf0,08a6f75abdf0-287,287,08:A6:F7:5A:BD:F0,ON,1016429,1780668234112,1016433,1780668234116,1083487,1780668232541,25,2026-06-05T14:03:54.8745891Z,,oasis/bottle
,,,0,,,local.mqtt.telegraf,54,41.73,,,08a6f769c348,08a6f769c348-287,287,08:A6:F7:69:C3:48,ON,1016549,1780668234232,1016554,1780668234237,1131797,1780668232541,26,2026-06-05T14:03:55.0182222Z,,oasis/bottle
,,,0,,,local.mqtt.telegraf,55,42.32,,,08a6f76bd428,08a6f76bd428-288,288,08:A6:F7:6B:D4:28,ON,1019649,1780668237332,1019653,1780668237336,1176187,1780668235840,25,2026-06-05T14:03:58.1250469Z,,oasis/bottle
,,,0,,,local.mqtt.telegraf,55,29.32,,,08a6f75abdf0,08a6f75abdf0-288,288,08:A6:F7:5A:BD:F0,ON,1019729,1780668237412,1019733,1780668237416,1086787,1780668235841,25,2026-06-05T14:03:58.1651Z,,oasis/bottle
,,,0,,,local.mqtt.telegraf,54,41.82,,,08a6f769c348,08a6f769c348-288,288,08:A6:F7:69:C3:48,ON,1019859,1780668237542,1019864,1780668237547,1135107,1780668235851,26,2026-06-05T14:03:58.3309607Z,,oasis/bottle
,,,0,,,local.mqtt.telegraf,55,42.38,,,08a6f76bd428,08a6f76bd428-289,289,08:A6:F7:6B:D4:28,ON,1022948,1780668240632,1022953,1780668240636,1179487,1780668239140,25,2026-06-05T14:04:01.4236706Z,,oasis/bottle
,,,0,,,local.mqtt.telegraf,55,29.48,,,08a6f75abdf0,08a6f75abdf0-289,289,08:A6:F7:5A:BD:F0,ON,1023029,1780668240712,1023033,1780668240716,1090086,1780668239140,26,2026-06-05T14:04:01.5048083Z,,oasis/bottle
,,,0,,,local.mqtt.telegraf,54,41.76,,,08a6f769c348,08a6f769c348-289,289,08:A6:F7:69:C3:48,ON,1023159,1780668240842,1023164,1780668240847,1138407,1780668239151,26,2026-06-05T14:04:01.6333986Z,,oasis/bottle
,,,0,,,local.mqtt.telegraf,55,42.19,,,08a6f76bd428,08a6f76bd428-290,290,08:A6:F7:6B:D4:28,ON,1026249,1780668243932,1026253,1780668243936,1182787,1780668242561,25,2026-06-05T14:04:04.7284913Z,,oasis/bottle
,,,0,,,local.mqtt.telegraf,55,29.43,,,08a6f75abdf0,08a6f75abdf0-290,290,08:A6:F7:5A:BD:F0,ON,1026330,1780668244013,1026342,1780668244025,1093387,1780668242562,26,2026-06-05T14:04:04.816977Z,,oasis/bottle
,,,0,,,local.mqtt.telegraf,54,41.66,,,08a6f769c348,08a6f769c348-290,290,08:A6:F7:69:C3:48,ON,1026459,1780668244142,1026463,1780668244146,1141707,1780668242562,26,2026-06-05T14:04:04.952271Z,,oasis/bottle
,,,0,,,local.mqtt.telegraf,55,42.12,,,08a6f76bd428,08a6f76bd428-291,291,08:A6:F7:6B:D4:28,ON,1029549,1780668247232,1029553,1780668247236,1186087,1780668245861,25,2026-06-05T14:04:08.0274663Z,,oasis/bottle
,,,0,,,local.mqtt.telegraf,55,29.41,,,08a6f75abdf0,08a6f75abdf0-291,291,08:A6:F7:5A:BD:F0,ON,1029639,1780668247322,1029643,1780668247326,1096697,1780668245872,26,2026-06-05T14:04:08.1197085Z,,oasis/bottle
,,,0,,,local.mqtt.telegraf,54,41.76,,,08a6f769c348,08a6f769c348-291,291,08:A6:F7:69:C3:48,ON,1029759,1780668247442,1029763,1780668247446,1145007,1780668245862,26,2026-06-05T14:04:08.2281209Z,,oasis/bottle
,,,0,,,local.mqtt.telegraf,55,42,,,08a6f76bd428,08a6f76bd428-292,292,08:A6:F7:6B:D4:28,ON,1032848,1780668250532,1032853,1780668250536,1189387,1780668249161,25,2026-06-05T14:04:11.32943Z,,oasis/bottle
,,,0,,,local.mqtt.telegraf,55,29.25,,,08a6f75abdf0,08a6f75abdf0-292,292,08:A6:F7:5A:BD:F0,ON,1032939,1780668250622,1032943,1780668250626,1099997,1780668249172,26,2026-06-05T14:04:11.4137688Z,,oasis/bottle
,,,0,,,local.mqtt.telegraf,54,41.7,,,08a6f769c348,08a6f769c348-292,292,08:A6:F7:69:C3:48,ON,1033059,1780668250742,1033063,1780668250746,1148307,1780668249162,26,2026-06-05T14:04:11.5344777Z,,oasis/bottle
,,,0,,,local.mqtt.telegraf,55,42.47,,,08a6f76bd428,08a6f76bd428-293,293,08:A6:F7:6B:D4:28,ON,1036149,1780668253832,1036154,1780668253838,1192687,1780668252581,25,2026-06-05T14:04:14.6243615Z,,oasis/bottle
,,,0,,,local.mqtt.telegraf,55,29.64,,,08a6f75abdf0,08a6f75abdf0-293,293,08:A6:F7:5A:BD:F0,ON,1036239,1780668253922,1036243,1780668253926,1103297,1780668252582,26,2026-06-05T14:04:14.7140293Z,,oasis/bottle
,,,0,,,local.mqtt.telegraf,54,41.73,,,08a6f769c348,08a6f769c348-293,293,08:A6:F7:69:C3:48,ON,1036379,1780668254062,1036383,1780668254066,1151627,1780668252572,26,2026-06-05T14:04:14.8515091Z,,oasis/bottle
,,,0,,,local.mqtt.telegraf,55,42.2,,,08a6f76bd428,08a6f76bd428-294,294,08:A6:F7:6B:D4:28,ON,1039449,1780668257132,1039453,1780668257136,1195987,1780668255881,25,2026-06-05T14:04:17.9422999Z,,oasis/bottle
,,,0,,,local.mqtt.telegraf,55,29.43,,,08a6f75abdf0,08a6f75abdf0-294,294,08:A6:F7:5A:BD:F0,ON,1039539,1780668257222,1039543,1780668257226,1106597,1780668255882,25,2026-06-05T14:04:18.0140335Z,,oasis/bottle
,,,0,,,local.mqtt.telegraf,54,41.88,,,08a6f769c348,08a6f769c348-294,294,08:A6:F7:69:C3:48,ON,1039679,1780668257362,1039683,1780668257366,1154927,1780668255872,26,2026-06-05T14:04:18.149162Z,,oasis/bottle
,,,0,,,local.mqtt.telegraf,55,42.43,,,08a6f76bd428,08a6f76bd428-295,295,08:A6:F7:6B:D4:28,ON,1042749,1780668260432,1042753,1780668260436,1199287,1780668259181,25,2026-06-05T14:04:21.2300613Z,,oasis/bottle
,,,0,,,local.mqtt.telegraf,55,29.48,,,08a6f75abdf0,08a6f75abdf0-295,295,08:A6:F7:5A:BD:F0,ON,1042839,1780668260522,1042843,1780668260526,1109897,1780668259182,25,2026-06-05T14:04:21.314365Z,,oasis/bottle
,,,0,,,local.mqtt.telegraf,54,41.68,,,08a6f769c348,08a6f769c348-295,295,08:A6:F7:69:C3:48,ON,1042979,1780668260662,1042983,1780668260666,1158227,1780668259172,26,2026-06-05T14:04:21.4475261Z,,oasis/bottle
,,,0,,,local.mqtt.telegraf,55,42.08,,,08a6f76bd428,08a6f76bd428-296,296,08:A6:F7:6B:D4:28,ON,1046049,1780668263732,1046053,1780668263736,1202587,1780668262609,25,2026-06-05T14:04:24.528923Z,,oasis/bottle
,,,0,,,local.mqtt.telegraf,55,29.21,,,08a6f75abdf0,08a6f75abdf0-296,296,08:A6:F7:5A:BD:F0,ON,1046139,1780668263822,1046143,1780668263826,1113197,1780668262610,25,2026-06-05T14:04:24.6087543Z,,oasis/bottle
,,,0,,,local.mqtt.telegraf,54,41.61,,,08a6f769c348,08a6f769c348-296,296,08:A6:F7:69:C3:48,ON,1046279,1780668263962,1046283,1780668263966,1161526,1780668262599,26,2026-06-05T14:04:24.751544Z,,oasis/bottle
,,,0,,,local.mqtt.telegraf,55,41.61,,,08a6f76bd428,08a6f76bd428-297,297,08:A6:F7:6B:D4:28,ON,1049349,1780668267032,1049353,1780668267036,1205887,1780668265909,25,2026-06-05T14:04:27.8261079Z,,oasis/bottle
,,,0,,,local.mqtt.telegraf,55,29.06,,,08a6f75abdf0,08a6f75abdf0-297,297,08:A6:F7:5A:BD:F0,ON,1049439,1780668267122,1049443,1780668267126,1116497,1780668265910,25,2026-06-05T14:04:27.9181253Z,,oasis/bottle
,,,0,,,local.mqtt.telegraf,54,41.62,,,08a6f769c348,08a6f769c348-297,297,08:A6:F7:69:C3:48,ON,1049579,1780668267262,1049584,1780668267267,1164827,1780668265900,26,2026-06-05T14:04:28.0461894Z,,oasis/bottle
,,,0,,,local.mqtt.telegraf,55,42.07,,,08a6f76bd428,08a6f76bd428-298,298,08:A6:F7:6B:D4:28,ON,1052649,1780668270332,1052653,1780668270336,1209187,1780668269209,25,2026-06-05T14:04:31.1275378Z,,oasis/bottle
,,,0,,,local.mqtt.telegraf,55,29.11,,,08a6f75abdf0,08a6f75abdf0-298,298,08:A6:F7:5A:BD:F0,ON,1052739,1780668270422,1052744,1780668270427,1119797,1780668269210,26,2026-06-05T14:04:31.2112155Z,,oasis/bottle
,,,0,,,local.mqtt.telegraf,54,41.77,,,08a6f769c348,08a6f769c348-298,298,08:A6:F7:69:C3:48,ON,1052879,1780668270562,1052883,1780668270566,1168127,1780668269200,26,2026-06-05T14:04:31.3436923Z,,oasis/bottle
,,,0,,,local.mqtt.telegraf,55,42.47,,,08a6f76bd428,08a6f76bd428-299,299,08:A6:F7:6B:D4:28,ON,1055949,1780668273632,1055953,1780668273636,1212487,1780668272631,25,2026-06-05T14:04:34.4384185Z,,oasis/bottle
,,,0,,,local.mqtt.telegraf,55,29.21,,,08a6f75abdf0,08a6f75abdf0-299,299,08:A6:F7:5A:BD:F0,ON,1056039,1780668273722,1056043,1780668273726,1123097,1780668272631,25,2026-06-05T14:04:34.4785649Z,,oasis/bottle
,,,0,,,local.mqtt.telegraf,54,41.68,,,08a6f769c348,08a6f769c348-299,299,08:A6:F7:69:C3:48,ON,1056179,1780668273862,1056183,1780668273866,1171427,1780668272632,26,2026-06-05T14:04:34.643752Z,,oasis/bottle
,,,0,,,local.mqtt.telegraf,55,42.4,,,08a6f76bd428,08a6f76bd428-300,300,08:A6:F7:6B:D4:28,ON,1059249,1780668276932,1059253,1780668276936,1215787,1780668275931,25,2026-06-05T14:04:37.7264614Z,,oasis/bottle
,,,0,,,local.mqtt.telegraf,55,29.19,,,08a6f75abdf0,08a6f75abdf0-300,300,08:A6:F7:5A:BD:F0,ON,1059339,1780668277022,1059343,1780668277026,1126397,1780668275931,25,2026-06-05T14:04:37.8126907Z,,oasis/bottle
,,,0,,,local.mqtt.telegraf,54,41.76,,,08a6f769c348,08a6f769c348-300,300,08:A6:F7:69:C3:48,ON,1059479,1780668277162,1059483,1780668277166,1174727,1780668275932,26,2026-06-05T14:04:37.948077Z,,oasis/bottle
,,,0,,,local.mqtt.telegraf,55,41.85,,,08a6f76bd428,08a6f76bd428-301,301,08:A6:F7:6B:D4:28,ON,1062549,1780668280232,1062553,1780668280236,1219087,1780668279231,25,2026-06-05T14:04:41.0282331Z,,oasis/bottle
,,,0,,,local.mqtt.telegraf,55,29.02,,,08a6f75abdf0,08a6f75abdf0-301,301,08:A6:F7:5A:BD:F0,ON,1062639,1780668280322,1062643,1780668280326,1129697,1780668279231,25,2026-06-05T14:04:41.1159252Z,,oasis/bottle
,,,0,,,local.mqtt.telegraf,54,41.65,,,08a6f769c348,08a6f769c348-301,301,08:A6:F7:69:C3:48,ON,1062779,1780668280462,1062784,1780668280467,1178027,1780668279232,26,2026-06-05T14:04:41.2500809Z,,oasis/bottle
,,,0,,,local.mqtt.telegraf,55,42.28,,,08a6f76bd428,08a6f76bd428-302,302,08:A6:F7:6B:D4:28,ON,1065849,1780668283532,1065854,1780668283537,1222387,1780668282651,25,2026-06-05T14:04:44.3217588Z,,oasis/bottle
,,,0,,,local.mqtt.telegraf,55,29.41,,,08a6f75abdf0,08a6f75abdf0-302,302,08:A6:F7:5A:BD:F0,ON,1065939,1780668283622,1065943,1780668283626,1132997,1780668282652,25,2026-06-05T14:04:44.4045302Z,,oasis/bottle
,,,0,,,local.mqtt.telegraf,54,41.69,,,08a6f769c348,08a6f769c348-302,302,08:A6:F7:69:C3:48,ON,1066079,1780668283762,1066083,1780668283766,1181327,1780668282652,26,2026-06-05T14:04:44.548348Z,,oasis/bottle
,,,0,,,local.mqtt.telegraf,55,42.33,,,08a6f76bd428,08a6f76bd428-303,303,08:A6:F7:6B:D4:28,ON,1069149,1780668286832,1069153,1780668286836,1225687,1780668285951,25,2026-06-05T14:04:47.620608Z,,oasis/bottle
,,,0,,,local.mqtt.telegraf,55,29.25,,,08a6f75abdf0,08a6f75abdf0-303,303,08:A6:F7:5A:BD:F0,ON,1069239,1780668286922,1069243,1780668286926,1136297,1780668285952,25,2026-06-05T14:04:47.7134422Z,,oasis/bottle
,,,0,,,local.mqtt.telegraf,54,41.72,,,08a6f769c348,08a6f769c348-303,303,08:A6:F7:69:C3:48,ON,1069379,1780668287062,1069383,1780668287066,1184627,1780668285952,26,2026-06-05T14:04:47.846075Z,,oasis/bottle
,,,0,,,local.mqtt.telegraf,55,42.33,,,08a6f76bd428,08a6f76bd428-304,304,08:A6:F7:6B:D4:28,ON,1072448,1780668290132,1072453,1780668290136,1228987,1780668289251,25,2026-06-05T14:04:50.9131826Z,,oasis/bottle
,,,0,,,local.mqtt.telegraf,55,29.25,,,08a6f75abdf0,08a6f75abdf0-304,304,08:A6:F7:5A:BD:F0,ON,1072539,1780668290222,1072543,1780668290226,1139597,1780668289252,25,2026-06-05T14:04:51.0059594Z,,oasis/bottle
,,,0,,,local.mqtt.telegraf,54,41.6,,,08a6f769c348,08a6f769c348-304,304,08:A6:F7:69:C3:48,ON,1072679,1780668290362,1072691,1780668290374,1187927,1780668289252,26,2026-06-05T14:04:51.1630907Z,,oasis/bottle
,,,0,,,local.mqtt.telegraf,55,42.21,,,08a6f76bd428,08a6f76bd428-305,305,08:A6:F7:6B:D4:28,ON,1075749,1780668293432,1075753,1780668293436,1232287,1780668292671,25,2026-06-05T14:04:54.231563Z,,oasis/bottle
,,,0,,,local.mqtt.telegraf,55,29.11,,,08a6f75abdf0,08a6f75abdf0-305,305,08:A6:F7:5A:BD:F0,ON,1075839,1780668293522,1075843,1780668293526,1142897,1780668292672,25,2026-06-05T14:04:54.275353Z,,oasis/bottle
,,,0,,,local.mqtt.telegraf,54,41.5,,,08a6f769c348,08a6f769c348-305,305,08:A6:F7:69:C3:48,ON,1075979,1780668293662,1075984,1780668293667,1191227,1780668292672,26,2026-06-05T14:04:54.4526425Z,,oasis/bottle
,,,0,,,local.mqtt.telegraf,55,42.52,,,08a6f76bd428,08a6f76bd428-306,306,08:A6:F7:6B:D4:28,ON,1079049,1780668296732,1079053,1780668296736,1235587,1780668295971,25,2026-06-05T14:04:57.52002Z,,oasis/bottle
,,,0,,,local.mqtt.telegraf,55,29.23,,,08a6f75abdf0,08a6f75abdf0-306,306,08:A6:F7:5A:BD:F0,ON,1079139,1780668296822,1079143,1780668296826,1146197,1780668295972,25,2026-06-05T14:04:57.6067968Z,,oasis/bottle
,,,0,,,local.mqtt.telegraf,54,41.68,,,08a6f769c348,08a6f769c348-306,306,08:A6:F7:69:C3:48,ON,1079289,1780668296972,1079293,1780668296976,1194537,1780668295982,26,2026-06-05T14:04:57.7589439Z,,oasis/bottle
,,,0,,,local.mqtt.telegraf,55,42.47,,,08a6f76bd428,08a6f76bd428-307,307,08:A6:F7:6B:D4:28,ON,1082349,1780668300032,1082353,1780668300036,1238886,1780668299270,25,2026-06-05T14:05:00.8199558Z,,oasis/bottle
,,,0,,,local.mqtt.telegraf,55,29.23,,,08a6f75abdf0,08a6f75abdf0-307,307,08:A6:F7:5A:BD:F0,ON,1082439,1780668300122,1082444,1780668300127,1149497,1780668299272,25,2026-06-05T14:05:00.9106223Z,,oasis/bottle
,,,0,,,local.mqtt.telegraf,54,41.72,,,08a6f769c348,08a6f769c348-307,307,08:A6:F7:69:C3:48,ON,1082589,1780668300272,1082594,1780668300277,1197837,1780668299282,26,2026-06-05T14:05:01.0506548Z,,oasis/bottle
,,,0,,,local.mqtt.telegraf,55,42.16,,,08a6f76bd428,08a6f76bd428-308,308,08:A6:F7:6B:D4:28,ON,1085649,1780668303332,1085653,1780668303336,1242187,1780668302691,25,2026-06-05T14:05:04.1244391Z,,oasis/bottle
,,,0,,,local.mqtt.telegraf,55,29.16,,,08a6f75abdf0,08a6f75abdf0-308,308,08:A6:F7:5A:BD:F0,ON,1085759,1780668303442,1085763,1780668303446,1152797,1780668302692,25,2026-06-05T14:05:04.2280961Z,,oasis/bottle
,,,0,,,local.mqtt.telegraf,54,41.64,,,08a6f769c348,08a6f769c348-308,308,08:A6:F7:69:C3:48,ON,1085889,1780668303572,1085894,1780668303577,1201137,1780668302682,26,2026-06-05T14:05:04.3565542Z,,oasis/bottle
,,,0,,,local.mqtt.telegraf,55,42.42,,,08a6f76bd428,08a6f76bd428-309,309,08:A6:F7:6B:D4:28,ON,1088949,1780668306632,1088953,1780668306636,1245487,1780668305991,25,2026-06-05T14:05:07.422156Z,,oasis/bottle
,,,0,,,local.mqtt.telegraf,55,29.23,,,08a6f75abdf0,08a6f75abdf0-309,309,08:A6:F7:5A:BD:F0,ON,1089059,1780668306742,1089063,1780668306746,1156117,1780668306012,25,2026-06-05T14:05:07.5212294Z,,oasis/bottle
,,,0,,,local.mqtt.telegraf,54,41.69,,,08a6f769c348,08a6f769c348-309,309,08:A6:F7:69:C3:48,ON,1089189,1780668306872,1089194,1780668306877,1204437,1780668305982,26,2026-06-05T14:05:07.6559387Z,,oasis/bottle
,,,0,,,local.mqtt.telegraf,55,42.32,,,08a6f76bd428,08a6f76bd428-310,310,08:A6:F7:6B:D4:28,ON,1092249,1780668309932,1092253,1780668309936,1248787,1780668309291,25,2026-06-05T14:05:10.7197056Z,,oasis/bottle
,,,0,,,local.mqtt.telegraf,55,29.15,,,08a6f75abdf0,08a6f75abdf0-310,310,08:A6:F7:5A:BD:F0,ON,1092359,1780668310042,1092364,1780668310047,1159417,1780668309312,25,2026-06-05T14:05:10.8274606Z,,oasis/bottle
,,,0,,,local.mqtt.telegraf,54,41.52,,,08a6f769c348,08a6f769c348-310,310,08:A6:F7:69:C3:48,ON,1092499,1780668310182,1092503,1780668310186,1207746,1780668309291,26,2026-06-05T14:05:10.9678327Z,,oasis/bottle
,,,0,,,local.mqtt.telegraf,55,42.33,,,08a6f76bd428,08a6f76bd428-311,311,08:A6:F7:6B:D4:28,ON,1095549,1780668313232,1095553,1780668313236,1252087,1780668312711,25,2026-06-05T14:05:14.0246114Z,,oasis/bottle
,,,0,,,local.mqtt.telegraf,55,29.31,,,08a6f75abdf0,08a6f75abdf0-311,311,08:A6:F7:5A:BD:F0,ON,1095659,1780668313342,1095663,1780668313347,1162717,1780668312712,25,2026-06-05T14:05:14.121242Z,,oasis/bottle
,,,0,,,local.mqtt.telegraf,54,41.57,,,08a6f769c348,08a6f769c348-311,311,08:A6:F7:69:C3:48,ON,1095799,1780668313482,1095803,1780668313486,1211047,1780668312712,26,2026-06-05T14:05:14.2670485Z,,oasis/bottle
,,,0,,,local.mqtt.telegraf,55,42.4,,,08a6f76bd428,08a6f76bd428-312,312,08:A6:F7:6B:D4:28,ON,1098849,1780668316532,1098853,1780668316536,1255386,1780668316010,25,2026-06-05T14:05:17.3203615Z,,oasis/bottle
,,,0,,,local.mqtt.telegraf,55,29.17,,,08a6f75abdf0,08a6f75abdf0-312,312,08:A6:F7:5A:BD:F0,ON,1098959,1780668316642,1098963,1780668316646,1166017,1780668316012,25,2026-06-05T14:05:17.4209459Z,,oasis/bottle
,,,0,,,local.mqtt.telegraf,54,41.57,,,08a6f769c348,08a6f769c348-312,312,08:A6:F7:69:C3:48,ON,1099109,1780668316792,1099113,1780668316796,1214357,1780668316022,26,2026-06-05T14:05:17.5740019Z,,oasis/bottle
,,,0,,,local.mqtt.telegraf,55,42,,,08a6f76bd428,08a6f76bd428-313,313,08:A6:F7:6B:D4:28,ON,1102149,1780668319832,1102153,1780668319836,1258687,1780668319311,25,2026-06-05T14:05:20.6218352Z,,oasis/bottle
,,,0,,,local.mqtt.telegraf,55,29.09,,,08a6f75abdf0,08a6f75abdf0-313,313,08:A6:F7:5A:BD:F0,ON,1102259,1780668319942,1102263,1780668319947,1169317,1780668319312,25,2026-06-05T14:05:20.7228139Z,,oasis/bottle
,,,0,,,local.mqtt.telegraf,54,41.39,,,08a6f769c348,08a6f769c348-313,313,08:A6:F7:69:C3:48,ON,1102409,1780668320093,1102414,1780668320097,1217657,1780668319322,26,2026-06-05T14:05:20.8709273Z,,oasis/bottle
,,,0,,,local.mqtt.telegraf,55,41.91,,,08a6f76bd428,08a6f76bd428-314,314,08:A6:F7:6B:D4:28,ON,1105449,1780668323132,1105453,1780668323136,1261987,1780668322739,25,2026-06-05T14:05:23.9276976Z,,oasis/bottle
,,,0,,,local.mqtt.telegraf,55,29.08,,,08a6f75abdf0,08a6f75abdf0-314,314,08:A6:F7:5A:BD:F0,ON,1105560,1780668323243,1105564,1780668323247,1172617,1780668322740,25,2026-06-05T14:05:24.0276417Z,,oasis/bottle
,,,0,,,local.mqtt.telegraf,54,41.58,,,08a6f769c348,08a6f769c348-314,314,08:A6:F7:69:C3:48,ON,1105709,1780668323392,1105713,1780668323396,1220957,1780668322740,26,2026-06-05T14:05:24.190676Z,,oasis/bottle
,,,0,,,local.mqtt.telegraf,55,41.97,,,08a6f76bd428,08a6f76bd428-315,315,08:A6:F7:6B:D4:28,ON,1108749,1780668326432,1108754,1780668326437,1265287,1780668326039,25,2026-06-05T14:05:27.2203173Z,,oasis/bottle
,,,0,,,local.mqtt.telegraf,55,29.01,,,08a6f75abdf0,08a6f75abdf0-315,315,08:A6:F7:5A:BD:F0,ON,1108860,1780668326543,1108864,1780668326547,1175917,1780668326040,25,2026-06-05T14:05:27.3257644Z,,oasis/bottle
,,,0,,,local.mqtt.telegraf,54,41.57,,,08a6f769c348,08a6f769c348-315,315,08:A6:F7:69:C3:48,ON,1109009,1780668326693,1109014,1780668326697,1224257,1780668326040,26,2026-06-05T14:05:27.4673496Z,,oasis/bottle
,,,0,,,local.mqtt.telegraf,55,42.29,,,08a6f76bd428,08a6f76bd428-316,316,08:A6:F7:6B:D4:28,ON,1112049,1780668329732,1112053,1780668329736,1268587,1780668329339,25,2026-06-05T14:05:30.5211021Z,,oasis/bottle
,,,0,,,local.mqtt.telegraf,55,29.09,,,08a6f75abdf0,08a6f75abdf0-316,316,08:A6:F7:5A:BD:F0,ON,1112159,1780668329842,1112164,1780668329847,1179217,1780668329340,26,2026-06-05T14:05:30.6244387Z,,oasis/bottle
,,,0,,,local.mqtt.telegraf,54,41.52,,,08a6f769c348,08a6f769c348-316,316,08:A6:F7:69:C3:48,ON,1112309,1780668329992,1112313,1780668329996,1227557,1780668329340,26,2026-06-05T14:05:30.7670366Z,,oasis/bottle
,,,0,,,local.mqtt.telegraf,55,41.56,,,08a6f76bd428,08a6f76bd428-317,317,08:A6:F7:6B:D4:28,ON,1115349,1780668333032,1115353,1780668333036,1271887,1780668332761,25,2026-06-05T14:05:33.8261395Z,,oasis/bottle
,,,0,,,local.mqtt.telegraf,55,28.65,,,08a6f75abdf0,08a6f75abdf0-317,317,08:A6:F7:5A:BD:F0,ON,1115460,1780668333143,1115464,1780668333147,1182517,1780668332762,25,2026-06-05T14:05:33.9226335Z,,oasis/bottle
,,,0,,,local.mqtt.telegraf,54,41.6,,,08a6f769c348,08a6f769c348-317,317,08:A6:F7:69:C3:48,ON,1115609,1780668333292,1115614,1780668333297,1230857,1780668332762,26,2026-06-05T14:05:34.0676442Z,,oasis/bottle
,,,0,,,local.mqtt.telegraf,55,41.91,,,08a6f76bd428,08a6f76bd428-318,318,08:A6:F7:6B:D4:28,ON,1118649,1780668336332,1118653,1780668336336,1275187,1780668336061,25,2026-06-05T14:05:37.1231415Z,,oasis/bottle
,,,0,,,local.mqtt.telegraf,55,28.81,,,08a6f75abdf0,08a6f75abdf0-318,318,08:A6:F7:5A:BD:F0,ON,1118760,1780668336443,1118764,1780668336447,1185817,1780668336062,25,2026-06-05T14:05:37.2236442Z,,oasis/bottle
,,,0,,,local.mqtt.telegraf,54,41.52,,,08a6f769c348,08a6f769c348-318,318,08:A6:F7:69:C3:48,ON,1118909,1780668336592,1118913,1780668336596,1234157,1780668336062,26,2026-06-05T14:05:37.3673413Z,,oasis/bottle
,,,0,,,local.mqtt.telegraf,55,42.13,,,08a6f76bd428,08a6f76bd428-319,319,08:A6:F7:6B:D4:28,ON,1121949,1780668339632,1121953,1780668339636,1278487,1780668339361,25,2026-06-05T14:05:40.4187713Z,,oasis/bottle
,,,0,,,local.mqtt.telegraf,55,29.13,,,08a6f75abdf0,08a6f75abdf0-319,319,08:A6:F7:5A:BD:F0,ON,1122059,1780668339742,1122064,1780668339747,1189117,1780668339362,25,2026-06-05T14:05:40.5359393Z,,oasis/bottle
,,,0,,,local.mqtt.telegraf,54,41.48,,,08a6f769c348,08a6f769c348-319,319,08:A6:F7:69:C3:48,ON,1122219,1780668339902,1122223,1780668339906,1237467,1780668339372,26,2026-06-05T14:05:40.682447Z,,oasis/bottle
,,,0,,,local.mqtt.telegraf,55,42.25,,,08a6f76bd428,08a6f76bd428-320,320,08:A6:F7:6B:D4:28,ON,1125249,1780668342932,1125253,1780668342936,1281787,1780668342781,25,2026-06-05T14:05:43.7164711Z,,oasis/bottle
,,,0,,,local.mqtt.telegraf,55,29.11,,,08a6f75abdf0,08a6f75abdf0-320,320,08:A6:F7:5A:BD:F0,ON,1125359,1780668343042,1125363,1780668343046,1192416,1780668342781,26,2026-06-05T14:05:43.8243335Z,,oasis/bottle
,,,0,,,local.mqtt.telegraf,54,41.48,,,08a6f769c348,08a6f769c348-320,320,08:A6:F7:69:C3:48,ON,1125519,1780668343202,1125523,1780668343206,1240767,1780668342782,26,2026-06-05T14:05:43.978173Z,,oasis/bottle
,,,0,,,local.mqtt.telegraf,55,42.25,,,08a6f76bd428,08a6f76bd428-321,321,08:A6:F7:6B:D4:28,ON,1128549,1780668346232,1128553,1780668346236,1285087,1780668346081,25,2026-06-05T14:05:47.0199901Z,,oasis/bottle
,,,0,,,local.mqtt.telegraf,55,29.06,,,08a6f75abdf0,08a6f75abdf0-321,321,08:A6:F7:5A:BD:F0,ON,1128659,1780668346342,1128664,1780668346347,1195717,1780668346082,26,2026-06-05T14:05:47.1284799Z,,oasis/bottle
,,,0,,,local.mqtt.telegraf,54,41.48,,,08a6f769c348,08a6f769c348-321,321,08:A6:F7:69:C3:48,ON,1128819,1780668346502,1128824,1780668346507,1244067,1780668346082,26,2026-06-05T14:05:47.2740565Z,,oasis/bottle
,,,0,,,local.mqtt.telegraf,55,41.92,,,08a6f76bd428,08a6f76bd428-322,322,08:A6:F7:6B:D4:28,ON,1131849,1780668349532,1131853,1780668349536,1288387,1780668349381,25,2026-06-05T14:05:50.3182865Z,,oasis/bottle
,,,0,,,local.mqtt.telegraf,55,29.21,,,08a6f75abdf0,08a6f75abdf0-322,322,08:A6:F7:5A:BD:F0,ON,1131959,1780668349642,1131963,1780668349646,1199017,1780668349382,26,2026-06-05T14:05:50.4225224Z,,oasis/bottle
,,,0,,,local.mqtt.telegraf,54,41.45,,,08a6f769c348,08a6f769c348-322,322,08:A6:F7:69:C3:48,ON,1132119,1780668349802,1132123,1780668349806,1247367,1780668349382,26,2026-06-05T14:05:50.5848039Z,,oasis/bottle
,,,0,,,local.mqtt.telegraf,55,42.42,,,08a6f76bd428,08a6f76bd428-323,323,08:A6:F7:6B:D4:28,ON,1135149,1780668352832,1135153,1780668352836,1291687,1780668352751,25,2026-06-05T14:05:53.6181227Z,,oasis/bottle
,,,0,,,local.mqtt.telegraf,55,29.21,,,08a6f75abdf0,08a6f75abdf0-323,323,08:A6:F7:5A:BD:F0,ON,1135260,1780668352943,1135264,1780668352947,1202317,1780668352812,26,2026-06-05T14:05:53.7220603Z,,oasis/bottle
,,,0,,,local.mqtt.telegraf,54,41.66,,,08a6f769c348,08a6f769c348-323,323,08:A6:F7:69:C3:48,ON,1135429,1780668353112,1135433,1780668353116,1250677,1780668352802,26,2026-06-05T14:05:53.8927765Z,,oasis/bottle
,,,0,,,local.mqtt.telegraf,55,42.31,,,08a6f76bd428,08a6f76bd428-324,324,08:A6:F7:6B:D4:28,ON,1138449,1780668356132,1138454,1780668356137,1294986,1780668356050,25,2026-06-05T14:05:56.9151507Z,,oasis/bottle
,,,0,,,local.mqtt.telegraf,55,29.13,,,08a6f75abdf0,08a6f75abdf0-324,324,08:A6:F7:5A:BD:F0,ON,1138560,1780668356244,1138565,1780668356248,1205616,1780668356111,26,2026-06-05T14:05:57.0314596Z,,oasis/bottle
,,,0,,,local.mqtt.telegraf,54,41.68,,,08a6f769c348,08a6f769c348-324,324,08:A6:F7:69:C3:48,ON,1138729,1780668356412,1138733,1780668356416,1253977,1780668356102,26,2026-06-05T14:05:57.1891981Z,,oasis/bottle
,,,0,,,local.mqtt.telegraf,55,42.21,,,08a6f76bd428,08a6f76bd428-325,325,08:A6:F7:6B:D4:28,ON,1141749,1780668359432,1141753,1780668359436,1298287,1780668359351,25,2026-06-05T14:06:00.2149156Z,,oasis/bottle
,,,0,,,local.mqtt.telegraf,55,29.2,,,08a6f75abdf0,08a6f75abdf0-325,325,08:A6:F7:5A:BD:F0,ON,1141859,1780668359542,1141863,1780668359546,1208916,1780668359411,26,2026-06-05T14:06:00.3200011Z,,oasis/bottle
,,,0,,,local.mqtt.telegraf,54,41.48,,,08a6f769c348,08a6f769c348-325,325,08:A6:F7:69:C3:48,ON,1142029,1780668359712,1142034,1780668359717,1257277,1780668359402,26,2026-06-05T14:06:00.4883833Z,,oasis/bottle
,,,0,,,local.mqtt.telegraf,55,42.11,,,08a6f76bd428,08a6f76bd428-326,326,08:A6:F7:6B:D4:28,ON,1145049,1780668362732,1145053,1780668362736,1301587,1780668362653,25,2026-06-05T14:06:03.5170247Z,,oasis/bottle
,,,0,,,local.mqtt.telegraf,55,29.24,,,08a6f75abdf0,08a6f75abdf0-326,326,08:A6:F7:5A:BD:F0,ON,1145159,1780668362842,1145171,1780668362854,1212216,1780668362753,26,2026-06-05T14:06:03.6267Z,,oasis/bottle
,,,0,,,local.mqtt.telegraf,54,41.62,,,08a6f769c348,08a6f769c348-326,326,08:A6:F7:69:C3:48,ON,1145329,1780668363012,1145333,1780668363016,1260577,1780668362844,26,2026-06-05T14:06:03.7826959Z,,oasis/bottle
,,,0,,,local.mqtt.telegraf,55,42.42,,,08a6f76bd428,08a6f76bd428-327,327,08:A6:F7:6B:D4:28,ON,1148349,1780668366032,1148353,1780668366036,1304887,1780668365953,25,2026-06-05T14:06:06.8164231Z,,oasis/bottle
,,,0,,,local.mqtt.telegraf,55,29.24,,,08a6f75abdf0,08a6f75abdf0-327,327,08:A6:F7:5A:BD:F0,ON,1148459,1780668366142,1148464,1780668366147,1215516,1780668366053,26,2026-06-05T14:06:06.9204097Z,,oasis/bottle
,,,0,,,local.mqtt.telegraf,54,41.6,,,08a6f769c348,08a6f769c348-327,327,08:A6:F7:69:C3:48,ON,1148629,1780668366312,1148633,1780668366316,1263877,1780668366144,26,2026-06-05T14:06:07.0822648Z,,oasis/bottle
,,,0,,,local.mqtt.telegraf,55,42.32,,,08a6f76bd428,08a6f76bd428-328,328,08:A6:F7:6B:D4:28,ON,1151649,1780668369332,1151653,1780668369336,1308186,1780668369252,25,2026-06-05T14:06:10.1120646Z,,oasis/bottle
,,,0,,,local.mqtt.telegraf,55,29.23,,,08a6f75abdf0,08a6f75abdf0-328,328,08:A6:F7:5A:BD:F0,ON,1151759,1780668369442,1151764,1780668369447,1218816,1780668369353,26,2026-06-05T14:06:10.2187757Z,,oasis/bottle
,,,0,,,local.mqtt.telegraf,54,41.6,,,08a6f769c348,08a6f769c348-328,328,08:A6:F7:69:C3:48,ON,1151929,1780668369612,1151933,1780668369616,1267177,1780668369444,26,2026-06-05T14:06:10.3909523Z,,oasis/bottle
,,,0,,,local.mqtt.telegraf,55,42.29,,,08a6f76bd428,08a6f76bd428-329,329,08:A6:F7:6B:D4:28,ON,1154949,1780668372632,1154953,1780668372636,1311487,1780668372549,25,2026-06-05T14:06:13.4131162Z,,oasis/bottle
,,,0,,,local.mqtt.telegraf,55,29.23,,,08a6f75abdf0,08a6f75abdf0-329,329,08:A6:F7:5A:BD:F0,ON,1155059,1780668372742,1155063,1780668372746,1222117,1780668372649,26,2026-06-05T14:06:13.5139062Z,,oasis/bottle
,,,0,,,local.mqtt.telegraf,54,41.56,,,08a6f769c348,08a6f769c348-329,329,08:A6:F7:69:C3:48,ON,1155229,1780668372912,1155233,1780668372916,1270477,1780668372829,26,2026-06-05T14:06:13.7232023Z,,oasis/bottle
,,,0,,,local.mqtt.telegraf,55,42.19,,,08a6f76bd428,08a6f76bd428-330,330,08:A6:F7:6B:D4:28,ON,1158249,1780668375932,1158253,1780668375936,1314786,1780668375848,25,2026-06-05T14:06:16.7135015Z,,oasis/bottle
,,,0,,,local.mqtt.telegraf,55,29.13,,,08a6f75abdf0,08a6f75abdf0-330,330,08:A6:F7:5A:BD:F0,ON,1158359,1780668376042,1158363,1780668376046,1225417,1780668375949,26,2026-06-05T14:06:16.8249911Z,,oasis/bottle
,,,0,,,local.mqtt.telegraf,54,41.62,,,08a6f769c348,08a6f769c348-330,330,08:A6:F7:69:C3:48,ON,1158529,1780668376212,1158534,1780668376217,1273776,1780668376128,26,2026-06-05T14:06:16.9916008Z,,oasis/bottle
,,,0,,,local.mqtt.telegraf,55,42.03,,,08a6f76bd428,08a6f76bd428-331,331,08:A6:F7:6B:D4:28,ON,1161549,1780668379232,1161553,1780668379236,1318086,1780668379148,25,2026-06-05T14:06:20.0144855Z,,oasis/bottle
,,,0,,,local.mqtt.telegraf,55,29.11,,,08a6f75abdf0,08a6f75abdf0-331,331,08:A6:F7:5A:BD:F0,ON,1161659,1780668379342,1161663,1780668379346,1228717,1780668379249,26,2026-06-05T14:06:20.1153441Z,,oasis/bottle
,,,0,,,local.mqtt.telegraf,54,41.48,,,08a6f769c348,08a6f769c348-331,331,08:A6:F7:69:C3:48,ON,1161829,1780668379512,1161833,1780668379516,1277076,1780668379428,26,2026-06-05T14:06:20.282547Z,,oasis/bottle
,,,0,,,local.mqtt.telegraf,55,42.12,,,08a6f76bd428,08a6f76bd428-332,332,08:A6:F7:6B:D4:28,ON,1164849,1780668382532,1164853,1780668382536,1321387,1780668382451,25,2026-06-05T14:06:23.3170457Z,,oasis/bottle
,,,0,,,local.mqtt.telegraf,55,29.11,,,08a6f75abdf0,08a6f75abdf0-332,332,08:A6:F7:5A:BD:F0,ON,1164959,1780668382642,1164964,1780668382647,1232017,1780668382552,26,2026-06-05T14:06:23.4144295Z,,oasis/bottle
,,,0,,,local.mqtt.telegraf,54,41.56,,,08a6f769c348,08a6f769c348-332,332,08:A6:F7:69:C3:48,ON,1165129,1780668382812,1165133,1780668382816,1280377,1780668382732,26,2026-06-05T14:06:23.59889Z,,oasis/bottle
,,,0,,,local.mqtt.telegraf,55,41.91,,,08a6f76bd428,08a6f76bd428-333,333,08:A6:F7:6B:D4:28,ON,1168150,1780668385833,1168155,1780668385838,1324686,1780668385750,25,2026-06-05T14:06:26.6063219Z,,oasis/bottle
,,,0,,,local.mqtt.telegraf,55,28.98,,,08a6f75abdf0,08a6f75abdf0-333,333,08:A6:F7:5A:BD:F0,ON,1168259,1780668385942,1168265,1780668385948,1235317,1780668385852,26,2026-06-05T14:06:26.7277049Z,,oasis/bottle
,,,0,,,local.mqtt.telegraf,54,41.52,,,08a6f769c348,08a6f769c348-333,333,08:A6:F7:69:C3:48,ON,1168436,1780668386119,1168441,1780668386124,1283676,1780668386031,26,2026-06-05T14:06:26.8955638Z,,oasis/bottle
,,,0,,,local.mqtt.telegraf,55,42.08,,,08a6f76bd428,08a6f76bd428-334,334,08:A6:F7:6B:D4:28,ON,1171449,1780668389132,1171453,1780668389136,1327986,1780668389050,25,2026-06-05T14:06:29.9164923Z,,oasis/bottle
,,,0,,,local.mqtt.telegraf,55,29,,,08a6f75abdf0,08a6f75abdf0-334,334,08:A6:F7:5A:BD:F0,ON,1171559,1780668389242,1171563,1780668389246,1238616,1780668389151,26,2026-06-05T14:06:30.0151189Z,,oasis/bottle
,,,0,,,local.mqtt.telegraf,54,41.68,,,08a6f769c348,08a6f769c348-334,334,08:A6:F7:69:C3:48,ON,1171729,1780668389412,1171734,1780668389417,1286976,1780668389331,26,2026-06-05T14:06:30.1816485Z,,oasis/bottle
,,,0,,,local.mqtt.telegraf,55,42.03,,,08a6f76bd428,08a6f76bd428-335,335,08:A6:F7:6B:D4:28,ON,1174749,1780668392432,1174753,1780668392436,1331286,1780668392358,25,2026-06-05T14:06:33.2167503Z,,oasis/bottle
,,,0,,,local.mqtt.telegraf,55,29.01,,,08a6f75abdf0,08a6f75abdf0-335,335,08:A6:F7:5A:BD:F0,ON,1174859,1780668392542,1174863,1780668392547,1241917,1780668392450,26,2026-06-05T14:06:33.3168366Z,,oasis/bottle
,,,0,,,local.mqtt.telegraf,54,41.61,,,08a6f769c348,08a6f769c348-335,335,08:A6:F7:69:C3:48,ON,1175029,1780668392712,1175033,1780668392716,1290277,1780668392630,26,2026-06-05T14:06:33.4855168Z,,oasis/bottle
,,,0,,,local.mqtt.telegraf,55,42.03,,,08a6f76bd428,08a6f76bd428-336,336,08:A6:F7:6B:D4:28,ON,1178049,1780668395732,1178053,1780668395736,1334586,1780668395658,25,2026-06-05T14:06:36.5094244Z,,oasis/bottle
,,,0,,,local.mqtt.telegraf,55,29.02,,,08a6f75abdf0,08a6f75abdf0-336,336,08:A6:F7:5A:BD:F0,ON,1178159,1780668395842,1178163,1780668395846,1245216,1780668395749,26,2026-06-05T14:06:36.6088863Z,,oasis/bottle
,,,0,,,local.mqtt.telegraf,54,41.48,,,08a6f769c348,08a6f769c348-336,336,08:A6:F7:69:C3:48,ON,1178329,1780668396012,1178333,1780668396016,1293576,1780668395929,26,2026-06-05T14:06:36.7851073Z,,oasis/bottle
,,,0,,,local.mqtt.telegraf,55,41.78,,,08a6f76bd428,08a6f76bd428-337,337,08:A6:F7:6B:D4:28,ON,1181349,1780668399032,1181353,1780668399036,1337886,1780668398958,25,2026-06-05T14:06:39.8141654Z,,oasis/bottle
,,,0,,,local.mqtt.telegraf,55,29.01,,,08a6f75abdf0,08a6f75abdf0-337,337,08:A6:F7:5A:BD:F0,ON,1181460,1780668399143,1181465,1780668399148,1248516,1780668399049,26,2026-06-05T14:06:39.9172504Z,,oasis/bottle
,,,0,,,local.mqtt.telegraf,54,41.6,,,08a6f769c348,08a6f769c348-337,337,08:A6:F7:69:C3:48,ON,1181629,1780668399312,1181633,1780668399316,1296877,1780668399230,26,2026-06-05T14:06:40.104386Z,,oasis/bottle
,,,0,,,local.mqtt.telegraf,55,42.11,,,08a6f76bd428,08a6f76bd428-338,338,08:A6:F7:6B:D4:28,ON,1184649,1780668402332,1184653,1780668402336,1341186,1780668402258,25,2026-06-05T14:06:43.1147104Z,,oasis/bottle
,,,0,,,local.mqtt.telegraf,55,28.82,,,08a6f75abdf0,08a6f75abdf0-338,338,08:A6:F7:5A:BD:F0,ON,1184759,1780668402442,1184764,1780668402447,1251817,1780668402360,26,2026-06-05T14:06:43.2166904Z,,oasis/bottle
,,,0,,,local.mqtt.telegraf,54,41.46,,,08a6f769c348,08a6f769c348-338,338,08:A6:F7:69:C3:48,ON,1184929,1780668402612,1184933,1780668402616,1300176,1780668402519,26,2026-06-05T14:06:43.3826048Z,,oasis/bottle
,,,0,,,local.mqtt.telegraf,55,41.92,,,08a6f76bd428,08a6f76bd428-339,339,08:A6:F7:6B:D4:28,ON,1187959,1780668405642,1187963,1780668405646,1344486,1780668405558,25,2026-06-05T14:06:46.4267966Z,,oasis/bottle
,,,0,,,local.mqtt.telegraf,55,28.81,,,08a6f75abdf0,08a6f75abdf0-339,339,08:A6:F7:5A:BD:F0,ON,1188059,1780668405742,1188063,1780668405746,1255116,1780668405659,26,2026-06-05T14:06:46.5201851Z,,oasis/bottle
,,,0,,,local.mqtt.telegraf,54,41.46,,,08a6f769c348,08a6f769c348-339,339,08:A6:F7:69:C3:48,ON,1188249,1780668405932,1188253,1780668405936,1303477,1780668405820,26,2026-06-05T14:06:46.7041635Z,,oasis/bottle
,,,0,,,local.mqtt.telegraf,55,41.86,,,08a6f76bd428,08a6f76bd428-340,340,08:A6:F7:6B:D4:28,ON,1191259,1780668408942,1191263,1780668408946,1347796,1780668408868,25,2026-06-05T14:06:49.7314293Z,,oasis/bottle
,,,0,,,local.mqtt.telegraf,55,28.94,,,08a6f75abdf0,08a6f75abdf0-340,340,08:A6:F7:5A:BD:F0,ON,1191359,1780668409042,1191363,1780668409046,1258416,1780668408959,26,2026-06-05T14:06:49.81158Z,,oasis/bottle
,,,0,,,local.mqtt.telegraf,54,41.48,,,08a6f769c348,08a6f769c348-340,340,08:A6:F7:69:C3:48,ON,1191549,1780668409232,1191553,1780668409236,1306796,1780668409139,26,2026-06-05T14:06:50.0063107Z,,oasis/bottle
,,,0,,,local.mqtt.telegraf,55,41.76,,,08a6f76bd428,08a6f76bd428-341,341,08:A6:F7:6B:D4:28,ON,1194559,1780668412242,1194563,1780668412246,1351096,1780668412170,25,2026-06-05T14:06:53.0179369Z,,oasis/bottle
,,,0,,,local.mqtt.telegraf,55,28.81,,,08a6f75abdf0,08a6f75abdf0-341,341,08:A6:F7:5A:BD:F0,ON,1194660,1780668412343,1194665,1780668412348,1261717,1780668412262,26,2026-06-05T14:06:53.1107057Z,,oasis/bottle
,,,0,,,local.mqtt.telegraf,54,41.48,,,08a6f769c348,08a6f769c348-341,341,08:A6:F7:69:C3:48,ON,1194849,1780668412532,1194853,1780668412536,1310097,1780668412452,26,2026-06-05T14:06:53.3055803Z,,oasis/bottle
,,,0,,,local.mqtt.telegraf,55,41.93,,,08a6f76bd428,08a6f76bd428-342,342,08:A6:F7:6B:D4:28,ON,1197859,1780668415542,1197863,1780668415546,1354397,1780668415471,25,2026-06-05T14:06:56.3291318Z,,oasis/bottle
,,,0,,,local.mqtt.telegraf,55,28.8,,,08a6f75abdf0,08a6f75abdf0-342,342,08:A6:F7:5A:BD:F0,ON,1197969,1780668415652,1197975,1780668415658,1265016,1780668415561,26,2026-06-05T14:06:56.4241527Z,,oasis/bottle
,,,0,,,local.mqtt.telegraf,54,41.42,,,08a6f769c348,08a6f769c348-342,342,08:A6:F7:69:C3:48,ON,1198149,1780668415832,1198155,1780668415838,1313397,1780668415752,26,2026-06-05T14:06:56.5991087Z,,oasis/bottle
,,,0,,,local.mqtt.telegraf,55,41.91,,,08a6f76bd428,08a6f76bd428-343,343,08:A6:F7:6B:D4:28,ON,1201159,1780668418842,1201163,1780668418846,1357697,1780668418771,25,2026-06-05T14:06:59.6168472Z,,oasis/bottle
,,,0,,,local.mqtt.telegraf,55,28.86,,,08a6f75abdf0,08a6f75abdf0-343,343,08:A6:F7:5A:BD:F0,ON,1201269,1780668418952,1201273,1780668418957,1268326,1780668418871,26,2026-06-05T14:06:59.7133179Z,,oasis/bottle
,,,0,,,local.mqtt.telegraf,54,41.44,,,08a6f769c348,08a6f769c348-343,343,08:A6:F7:69:C3:48,ON,1201449,1780668419132,1201453,1780668419136,1316697,1780668419052,26,2026-06-05T14:06:59.8986612Z,,oasis/bottle
,,,0,,,local.mqtt.telegraf,55,42.19,,,08a6f76bd428,08a6f76bd428-344,344,08:A6:F7:6B:D4:28,ON,1204459,1780668422142,1204463,1780668422146,1360997,1780668422071,25,2026-06-05T14:07:02.9208494Z,,oasis/bottle
,,,0,,,local.mqtt.telegraf,55,28.81,,,08a6f75abdf0,08a6f75abdf0-344,344,08:A6:F7:5A:BD:F0,ON,1204569,1780668422252,1204573,1780668422257,1271627,1780668422172,26,2026-06-05T14:07:03.0157182Z,,oasis/bottle
,,,0,,,local.mqtt.telegraf,54,41.42,,,08a6f769c348,08a6f769c348-344,344,08:A6:F7:69:C3:48,ON,1204759,1780668422442,1204763,1780668422446,1320007,1780668422362,26,2026-06-05T14:07:03.2115138Z,,oasis/bottle
,,,0,,,local.mqtt.telegraf,55,41.91,,,08a6f76bd428,08a6f76bd428-345,345,08:A6:F7:6B:D4:28,ON,1207759,1780668425442,1207763,1780668425446,1364297,1780668425371,25,2026-06-05T14:07:06.2178158Z,,oasis/bottle
,,,0,,,local.mqtt.telegraf,55,28.86,,,08a6f75abdf0,08a6f75abdf0-345,345,08:A6:F7:5A:BD:F0,ON,1207869,1780668425552,1207874,1780668425557,1274926,1780668425471,26,2026-06-05T14:07:06.3239685Z,,oasis/bottle
,,,0,,,local.mqtt.telegraf,54,41.44,,,08a6f769c348,08a6f769c348-345,345,08:A6:F7:69:C3:48,ON,1208059,1780668425742,1208063,1780668425746,1323307,1780668425662,26,2026-06-05T14:07:06.5075108Z,,oasis/bottle
,,,0,,,local.mqtt.telegraf,55,41.78,,,08a6f76bd428,08a6f76bd428-346,346,08:A6:F7:6B:D4:28,ON,1211069,1780668428752,1211073,1780668428756,1367597,1780668428671,25,2026-06-05T14:07:09.5308519Z,,oasis/bottle
,,,0,,,local.mqtt.telegraf,55,28.66,,,08a6f75abdf0,08a6f75abdf0-346,346,08:A6:F7:5A:BD:F0,ON,1211169,1780668428852,1211175,1780668428858,1278226,1780668428771,26,2026-06-05T14:07:09.620195Z,,oasis/bottle
,,,0,,,local.mqtt.telegraf,54,41.44,,,08a6f769c348,08a6f769c348-346,346,08:A6:F7:69:C3:48,ON,1211368,1780668429051,1211373,1780668429056,1326607,1780668428962,26,2026-06-05T14:07:09.8163826Z,,oasis/bottle
,,,0,,,local.mqtt.telegraf,55,41.78,,,08a6f76bd428,08a6f76bd428-347,347,08:A6:F7:6B:D4:28,ON,1214379,1780668432062,1214383,1780668432066,1370907,1780668431981,25,2026-06-05T14:07:12.8378251Z,,oasis/bottle
,,,0,,,local.mqtt.telegraf,55,28.92,,,08a6f75abdf0,08a6f75abdf0-347,347,08:A6:F7:5A:BD:F0,ON,1214469,1780668432152,1214473,1780668432156,1281527,1780668432072,26,2026-06-05T14:07:12.9216475Z,,oasis/bottle
,,,0,,,local.mqtt.telegraf,54,41.57,,,08a6f769c348,08a6f769c348-347,347,08:A6:F7:69:C3:48,ON,1214669,1780668432352,1214673,1780668432356,1329917,1780668432272,26,2026-06-05T14:07:13.1266288Z,,oasis/bottle
,,,0,,,local.mqtt.telegraf,55,41.68,,,08a6f76bd428,08a6f76bd428-348,348,08:A6:F7:6B:D4:28,ON,1217679,1780668435362,1217683,1780668435366,1374217,1780668433012,25,2026-06-05T14:07:16.1515504Z,,oasis/bottle
,,,0,,,local.mqtt.telegraf,55,28.72,,,08a6f75abdf0,08a6f75abdf0-348,348,08:A6:F7:5A:BD:F0,ON,1217769,1780668435452,1217773,1780668435456,1284826,1780668435371,26,2026-06-05T14:07:16.1805402Z,,oasis/bottle
,,,0,,,local.mqtt.telegraf,54,41.5,,,08a6f769c348,08a6f769c348-348,348,08:A6:F7:69:C3:48,ON,1217969,1780668435652,1217973,1780668435656,1333217,1780668435572,26,2026-06-05T14:07:16.4149783Z,,oasis/bottle
,,,0,,,local.mqtt.telegraf,55,41.76,,,08a6f76bd428,08a6f76bd428-349,349,08:A6:F7:6B:D4:28,ON,1220979,1780668438662,1220983,1780668438666,1377517,1780668436312,25,2026-06-05T14:07:19.4313089Z,,oasis/bottle
,,,0,,,local.mqtt.telegraf,55,28.81,,,08a6f75abdf0,08a6f75abdf0-349,349,08:A6:F7:5A:BD:F0,ON,1221069,1780668438752,1221074,1780668438757,1288127,1780668438672,26,2026-06-05T14:07:19.5204927Z,,oasis/bottle
,,,0,,,local.mqtt.telegraf,54,41.54,,,08a6f769c348,08a6f769c348-349,349,08:A6:F7:69:C3:48,ON,1221279,1780668438962,1221283,1780668438966,1336527,1780668438882,26,2026-06-05T14:07:19.7290909Z,,oasis/bottle
,,,0,,,local.mqtt.telegraf,55,41.48,,,08a6f76bd428,08a6f76bd428-350,350,08:A6:F7:6B:D4:28,ON,1224279,1780668441962,1224283,1780668441966,1380817,1780668439612,25,2026-06-05T14:07:22.7492593Z,,oasis/bottle
,,,0,,,local.mqtt.telegraf,55,28.51,,,08a6f75abdf0,08a6f75abdf0-350,350,08:A6:F7:5A:BD:F0,ON,1224370,1780668442053,1224374,1780668442057,1291426,1780668441971,26,2026-06-05T14:07:22.8107902Z,,oasis/bottle
,,,0,,,local.mqtt.telegraf,54,41.61,,,08a6f769c348,08a6f769c348-350,350,08:A6:F7:69:C3:48,ON,1224579,1780668442262,1224583,1780668442266,1339827,1780668442182,26,2026-06-05T14:07:23.0218384Z,,oasis/bottle
,,,0,,,local.mqtt.telegraf,55,41.57,,,08a6f76bd428,08a6f76bd428-351,351,08:A6:F7:6B:D4:28,ON,1227579,1780668445262,1227583,1780668445266,1384117,1780668443041,25,2026-06-05T14:07:26.0468338Z,,oasis/bottle
,,,0,,,local.mqtt.telegraf,55,28.68,,,08a6f75abdf0,08a6f75abdf0-351,351,08:A6:F7:5A:BD:F0,ON,1227669,1780668445352,1227673,1780668445356,1294727,1780668443041,26,2026-06-05T14:07:26.0877678Z,,oasis/bottle
,,,0,,,local.mqtt.telegraf,54,41.61,,,08a6f769c348,08a6f769c348-351,351,08:A6:F7:69:C3:48,ON,1227879,1780668445562,1227883,1780668445566,1343127,1780668445482,26,2026-06-05T14:07:26.3255235Z,,oasis/bottle
,,,0,,,local.mqtt.telegraf,55,41.72,,,08a6f76bd428,08a6f76bd428-352,352,08:A6:F7:6B:D4:28,ON,1230879,1780668448562,1230883,1780668448566,1387417,1780668446341,25,2026-06-05T14:07:29.3371087Z,,oasis/bottle
,,,0,,,local.mqtt.telegraf,55,28.94,,,08a6f75abdf0,08a6f75abdf0-352,352,08:A6:F7:5A:BD:F0,ON,1230969,1780668448652,1230973,1780668448656,1298026,1780668446340,26,2026-06-05T14:07:29.4201284Z,,oasis/bottle
,,,0,,,local.mqtt.telegraf,54,41.23,,,08a6f769c348,08a6f769c348-352,352,08:A6:F7:69:C3:48,ON,1231179,1780668448862,1231183,1780668448866,1346427,1780668448782,26,2026-06-05T14:07:29.6279671Z,,oasis/bottle
,,,0,,,local.mqtt.telegraf,55,41.57,,,08a6f76bd428,08a6f76bd428-353,353,08:A6:F7:6B:D4:28,ON,1234179,1780668451862,1234183,1780668451866,1390717,1780668449641,25,2026-06-05T14:07:32.6620775Z,,oasis/bottle
,,,0,,,local.mqtt.telegraf,55,28.84,,,08a6f75abdf0,08a6f75abdf0-353,353,08:A6:F7:5A:BD:F0,ON,1234269,1780668451952,1234273,1780668451956,1301327,1780668449641,26,2026-06-05T14:07:32.7272411Z,,oasis/bottle
,,,0,,,local.mqtt.telegraf,54,41.46,,,08a6f769c348,08a6f769c348-353,353,08:A6:F7:69:C3:48,ON,1234499,1780668452182,1234504,1780668452187,1349749,1780668452094,26,2026-06-05T14:07:32.9457216Z,,oasis/bottle
,,,0,,,local.mqtt.telegraf,55,41.7,,,08a6f76bd428,08a6f76bd428-354,354,08:A6:F7:6B:D4:28,ON,1237489,1780668455172,1237493,1780668455176,1394017,1780668453061,25,2026-06-05T14:07:35.9491523Z,,oasis/bottle
,,,0,,,local.mqtt.telegraf,55,28.94,,,08a6f75abdf0,08a6f75abdf0-354,354,08:A6:F7:5A:BD:F0,ON,1237569,1780668455252,1237574,1780668455258,1304627,1780668453062,25,2026-06-05T14:07:35.9893069Z,,oasis/bottle
,,,0,,,local.mqtt.telegraf,54,41.57,,,08a6f769c348,08a6f769c348-354,354,08:A6:F7:69:C3:48,ON,1237799,1780668455482,1237803,1780668455486,1353046,1780668455391,26,2026-06-05T14:07:36.2489289Z,,oasis/bottle
,,,0,,,local.mqtt.telegraf,55,41.78,,,08a6f76bd428,08a6f76bd428-355,355,08:A6:F7:6B:D4:28,ON,1240789,1780668458472,1240793,1780668458476,1397327,1780668456371,25,2026-06-05T14:07:39.243233Z,,oasis/bottle
,,,0,,,local.mqtt.telegraf,55,28.89,,,08a6f75abdf0,08a6f75abdf0-355,355,08:A6:F7:5A:BD:F0,ON,1240869,1780668458552,1240881,1780668458564,1307927,1780668456362,25,2026-06-05T14:07:39.3299373Z,,oasis/bottle
,,,0,,,local.mqtt.telegraf,54,41.38,,,08a6f769c348,08a6f769c348-355,355,08:A6:F7:69:C3:48,ON,1241099,1780668458782,1241103,1780668458786,1356347,1780668458692,26,2026-06-05T14:07:39.5449054Z,,oasis/bottle
,,,0,,,local.mqtt.telegraf,55,41.48,,,08a6f76bd428,08a6f76bd428-356,356,08:A6:F7:6B:D4:28,ON,1244089,1780668461772,1244093,1780668461776,1400627,1780668459671,25,2026-06-05T14:07:42.5430967Z,,oasis/bottle
,,,0,,,local.mqtt.telegraf,55,28.54,,,08a6f75abdf0,08a6f75abdf0-356,356,08:A6:F7:5A:BD:F0,ON,1244169,1780668461852,1244173,1780668461856,1311227,1780668459662,25,2026-06-05T14:07:42.5676251Z,,oasis/bottle
,,,0,,,local.mqtt.telegraf,54,41.48,,,08a6f769c348,08a6f769c348-356,356,08:A6:F7:69:C3:48,ON,1244399,1780668462082,1244403,1780668462086,1359647,1780668461992,26,2026-06-05T14:07:42.8482497Z,,oasis/bottle
,,,0,,,local.mqtt.telegraf,55,41.76,,,08a6f76bd428,08a6f76bd428-357,357,08:A6:F7:6B:D4:28,ON,1247389,1780668465072,1247393,1780668465076,1403927,1780668463091,25,2026-06-05T14:07:45.8324619Z,,oasis/bottle
,,,0,,,local.mqtt.telegraf,55,28.92,,,08a6f75abdf0,08a6f75abdf0-357,357,08:A6:F7:5A:BD:F0,ON,1247469,1780668465152,1247473,1780668465156,1314527,1780668463092,25,2026-06-05T14:07:45.8825773Z,,oasis/bottle
,,,0,,,local.mqtt.telegraf,54,41.44,,,08a6f769c348,08a6f769c348-357,357,08:A6:F7:69:C3:48,ON,1247699,1780668465382,1247703,1780668465386,1362947,1780668463092,26,2026-06-05T14:07:46.1435849Z,,oasis/bottle
,,,0,,,local.mqtt.telegraf,55,41.66,,,08a6f76bd428,08a6f76bd428-358,358,08:A6:F7:6B:D4:28,ON,1250690,1780668468373,1250694,1780668468377,1407227,1780668466391,25,2026-06-05T14:07:49.1494572Z,,oasis/bottle
,,,0,,,local.mqtt.telegraf,55,28.7,,,08a6f75abdf0,08a6f75abdf0-358,358,08:A6:F7:5A:BD:F0,ON,1250769,1780668468452,1250773,1780668468456,1317827,1780668466392,25,2026-06-05T14:07:49.193989Z,,oasis/bottle
,,,0,,,local.mqtt.telegraf,54,41.41,,,08a6f769c348,08a6f769c348-358,358,08:A6:F7:69:C3:48,ON,1250999,1780668468682,1251003,1780668468686,1366247,1780668466392,26,2026-06-05T14:07:49.4503834Z,,oasis/bottle
,,,0,,,local.mqtt.telegraf,55,41.25,,,08a6f76bd428,08a6f76bd428-359,359,08:A6:F7:6B:D4:28,ON,1253999,1780668471682,1254003,1780668471686,1410537,1780668469701,25,2026-06-05T14:07:52.4529158Z,,oasis/bottle
,,,0,,,local.mqtt.telegraf,55,28.51,,,08a6f75abdf0,08a6f75abdf0-359,359,08:A6:F7:5A:BD:F0,ON,1254079,1780668471762,1254083,1780668471766,1321127,1780668469692,25,2026-06-05T14:07:52.5054002Z,,oasis/bottle
,,,0,,,local.mqtt.telegraf,54,41.42,,,08a6f769c348,08a6f769c348-359,359,08:A6:F7:69:C3:48,ON,1254299,1780668471982,1254303,1780668471986,1369547,1780668469692,26,2026-06-05T14:07:52.7463413Z,,oasis/bottle
,,,0,,,local.mqtt.telegraf,55,41.69,,,08a6f76bd428,08a6f76bd428-360,360,08:A6:F7:6B:D4:28,ON,1257299,1780668474982,1257303,1780668474986,1413837,1780668473119,25,2026-06-05T14:07:55.754318Z,,oasis/bottle
,,,0,,,local.mqtt.telegraf,55,28.58,,,08a6f75abdf0,08a6f75abdf0-360,360,08:A6:F7:5A:BD:F0,ON,1257379,1780668475062,1257383,1780668475066,1324437,1780668473120,25,2026-06-05T14:07:55.7995162Z,,oasis/bottle
,,,0,,,local.mqtt.telegraf,54,41.54,,,08a6f769c348,08a6f769c348-360,360,08:A6:F7:69:C3:48,ON,1257599,1780668475282,1257603,1780668475286,1372847,1780668473120,26,2026-06-05T14:07:56.0436314Z,,oasis/bottle
,,,0,,,local.mqtt.telegraf,55,41.48,,,08a6f76bd428,08a6f76bd428-361,361,08:A6:F7:6B:D4:28,ON,1260599,1780668478282,1260603,1780668478286,1417137,1780668476419,25,2026-06-05T14:07:59.0525872Z,,oasis/bottle
,,,0,,,local.mqtt.telegraf,55,28.59,,,08a6f75abdf0,08a6f75abdf0-361,361,08:A6:F7:5A:BD:F0,ON,1260679,1780668478362,1260683,1780668478366,1327737,1780668476420,25,2026-06-05T14:07:59.0931865Z,,oasis/bottle
,,,0,,,local.mqtt.telegraf,54,41.19,,,08a6f769c348,08a6f769c348-361,361,08:A6:F7:69:C3:48,ON,1260899,1780668478582,1260903,1780668478586,1376147,1780668476420,26,2026-06-05T14:07:59.3435409Z,,oasis/bottle
,,,0,,,local.mqtt.telegraf,55,41.84,,,08a6f76bd428,08a6f76bd428-362,362,08:A6:F7:6B:D4:28,ON,1263899,1780668481582,1263903,1780668481586,1420437,1780668479719,25,2026-06-05T14:08:02.3472486Z,,oasis/bottle
,,,0,,,local.mqtt.telegraf,55,28.62,,,08a6f75abdf0,08a6f75abdf0-362,362,08:A6:F7:5A:BD:F0,ON,1263979,1780668481662,1263983,1780668481666,1331037,1780668479720,25,2026-06-05T14:08:02.4303481Z,,oasis/bottle
,,,0,,,local.mqtt.telegraf,54,41.18,,,08a6f769c348,08a6f769c348-362,362,08:A6:F7:69:C3:48,ON,1264199,1780668481882,1264205,1780668481888,1379447,1780668479720,26,2026-06-05T14:08:02.6434493Z,,oasis/bottle
,,,0,,,local.mqtt.telegraf,55,41.76,,,08a6f76bd428,08a6f76bd428-363,363,08:A6:F7:6B:D4:28,ON,1267199,1780668484882,1267203,1780668484886,1423737,1780668483141,25,2026-06-05T14:08:05.6499513Z,,oasis/bottle
,,,0,,,local.mqtt.telegraf,55,28.76,,,08a6f75abdf0,08a6f75abdf0-363,363,08:A6:F7:5A:BD:F0,ON,1267279,1780668484962,1267283,1780668484966,1334337,1780668483142,25,2026-06-05T14:08:05.6939278Z,,oasis/bottle
,,,0,,,local.mqtt.telegraf,54,41.44,,,08a6f769c348,08a6f769c348-363,363,08:A6:F7:69:C3:48,ON,1267509,1780668485192,1267513,1780668485196,1382757,1780668483132,26,2026-06-05T14:08:05.9509159Z,,oasis/bottle
,,,0,,,local.mqtt.telegraf,55,41.93,,,08a6f76bd428,08a6f76bd428-364,364,08:A6:F7:6B:D4:28,ON,1270499,1780668488182,1270503,1780668488186,1427037,1780668486441,25,2026-06-05T14:08:08.949533Z,,oasis/bottle
,,,0,,,local.mqtt.telegraf,55,28.81,,,08a6f75abdf0,08a6f75abdf0-364,364,08:A6:F7:5A:BD:F0,ON,1270579,1780668488262,1270583,1780668488266,1337637,1780668486442,25,2026-06-05T14:08:08.9867419Z,,oasis/bottle
,,,0,,,local.mqtt.telegraf,54,41.35,,,08a6f769c348,08a6f769c348-364,364,08:A6:F7:69:C3:48,ON,1270819,1780668488502,1270823,1780668488506,1386067,1780668486442,26,2026-06-05T14:08:09.2661075Z,,oasis/bottle
,,,0,,,local.mqtt.telegraf,55,41.84,,,08a6f76bd428,08a6f76bd428-365,365,08:A6:F7:6B:D4:28,ON,1273799,1780668491482,1273803,1780668491486,1430337,1780668489741,25,2026-06-05T14:08:12.2584219Z,,oasis/bottle
,,,0,,,local.mqtt.telegraf,55,28.7,,,08a6f75abdf0,08a6f75abdf0-365,365,08:A6:F7:5A:BD:F0,ON,1273880,1780668491563,1273884,1780668491567,1340937,1780668489742,25,2026-06-05T14:08:12.3005594Z,,oasis/bottle
,,,0,,,local.mqtt.telegraf,54,41.46,,,08a6f769c348,08a6f769c348-365,365,08:A6:F7:69:C3:48,ON,1274119,1780668491802,1274123,1780668491806,1389367,1780668489742,26,2026-06-05T14:08:12.5622423Z,,oasis/bottle
,,,0,,,local.mqtt.telegraf,55,41.95,,,08a6f76bd428,08a6f76bd428-366,366,08:A6:F7:6B:D4:28,ON,1277099,1780668494782,1277103,1780668494786,1433637,1780668493169,25,2026-06-05T14:08:15.5968525Z,,oasis/bottle
,,,0,,,local.mqtt.telegraf,55,41.85,,,08a6f76bd428,08a6f76bd428-377,377,08:A6:F7:6B:D4:28,ON,1313429,1780668531112,1313441,1780668531124,1469967,1780668529841,25,2026-06-05T14:08:51.9224371Z,,oasis/bottle
,,,0,,,local.mqtt.telegraf,55,28.85,,,08a6f75abdf0,08a6f75abdf0-377,377,08:A6:F7:5A:BD:F0,ON,1313508,1780668531191,1313512,1780668531195,1380536,1780668529841,25,2026-06-05T14:08:51.9242928Z,,oasis/bottle
,,,0,,,local.mqtt.telegraf,54,41.61,,,08a6f769c348,08a6f769c348-377,377,08:A6:F7:69:C3:48,ON,1313739,1780668531422,1313743,1780668531426,1428987,1780668529841,26,2026-06-05T14:08:52.1858618Z,,oasis/bottle
,,,0,,,local.mqtt.telegraf,55,41.99,,,08a6f76bd428,08a6f76bd428-378,378,08:A6:F7:6B:D4:28,ON,1316729,1780668534412,1316734,1780668534417,1473267,1780668533261,25,2026-06-05T14:08:55.1761525Z,,oasis/bottle
,,,0,,,local.mqtt.telegraf,55,29.01,,,08a6f75abdf0,08a6f75abdf0-378,378,08:A6:F7:5A:BD:F0,ON,1316778,1780668534462,1316783,1780668534466,1383837,1780668533252,25,2026-06-05T14:08:55.2194371Z,,oasis/bottle
,,,0,,,local.mqtt.telegraf,54,41.54,,,08a6f769c348,08a6f769c348-378,378,08:A6:F7:69:C3:48,ON,1317049,1780668534732,1317053,1780668534736,1432297,1780668533252,26,2026-06-05T14:08:55.4892747Z,,oasis/bottle
,,,0,,,local.mqtt.telegraf,55,41.86,,,08a6f76bd428,08a6f76bd428-379,379,08:A6:F7:6B:D4:28,ON,1320029,1780668537712,1320033,1780668537716,1476567,1780668536561,25,2026-06-05T14:08:58.4819879Z,,oasis/bottle
,,,0,,,local.mqtt.telegraf,55,28.84,,,08a6f75abdf0,08a6f75abdf0-379,379,08:A6:F7:5A:BD:F0,ON,1320079,1780668537762,1320083,1780668537766,1387137,1780668536552,25,2026-06-05T14:08:58.5138075Z,,oasis/bottle
,,,0,,,local.mqtt.telegraf,54,41.56,,,08a6f769c348,08a6f769c348-379,379,08:A6:F7:69:C3:48,ON,1320349,1780668538032,1320353,1780668538036,1435597,1780668536552,26,2026-06-05T14:08:58.7913449Z,,oasis/bottle
,,,0,,,local.mqtt.telegraf,55,41.76,,,08a6f76bd428,08a6f76bd428-380,380,08:A6:F7:6B:D4:28,ON,1323329,1780668541012,1323333,1780668541016,1479867,1780668539861,25,2026-06-05T14:09:01.7769658Z,,oasis/bottle
,,,0,,,local.mqtt.telegraf,55,28.78,,,08a6f75abdf0,08a6f75abdf0-380,380,08:A6:F7:5A:BD:F0,ON,1323378,1780668541061,1323383,1780668541066,1390437,1780668539852,25,2026-06-05T14:09:01.81516Z,,oasis/bottle
,,,0,,,local.mqtt.telegraf,54,41.57,,,08a6f769c348,08a6f769c348-380,380,08:A6:F7:69:C3:48,ON,1323649,1780668541333,1323654,1780668541337,1438897,1780668539852,26,2026-06-05T14:09:02.0943143Z,,oasis/bottle
,,,0,,,local.mqtt.telegraf,55,41.5,,,08a6f76bd428,08a6f76bd428-381,381,08:A6:F7:6B:D4:28,ON,1326629,1780668544312,1326633,1780668544316,1483167,1780668543281,25,2026-06-05T14:09:05.0762298Z,,oasis/bottle
,,,0,,,local.mqtt.telegraf,55,28.8,,,08a6f75abdf0,08a6f75abdf0-381,381,08:A6:F7:5A:BD:F0,ON,1326678,1780668544361,1326683,1780668544366,1393737,1780668543282,25,2026-06-05T14:09:05.1178541Z,,oasis/bottle
,,,0,,,local.mqtt.telegraf,54,41.62,,,08a6f769c348,08a6f769c348-381,381,08:A6:F7:69:C3:48,ON,1326949,1780668544632,1326953,1780668544636,1442197,1780668543282,26,2026-06-05T14:09:05.3869145Z,,oasis/bottle
,,,0,,,local.mqtt.telegraf,55,41.78,,,08a6f76bd428,08a6f76bd428-382,382,08:A6:F7:6B:D4:28,ON,1329929,1780668547612,1329933,1780668547616,1486467,1780668546581,25,2026-06-05T14:09:08.3771494Z,,oasis/bottle
,,,0,,,local.mqtt.telegraf,55,28.89,,,08a6f75abdf0,08a6f75abdf0-382,382,08:A6:F7:5A:BD:F0,ON,1329978,1780668547662,1329983,1780668547666,1397037,1780668546582,25,2026-06-05T14:09:08.4204195Z,,oasis/bottle
,,,0,,,local.mqtt.telegraf,55,41.49,,,08a6f769c348,08a6f769c348-382,382,08:A6:F7:69:C3:48,ON,1330249,1780668547932,1330255,1780668547938,1445496,1780668546581,26,2026-06-05T14:09:08.6848545Z,,oasis/bottle
,,,0,,,local.mqtt.telegraf,55,41.48,,,08a6f76bd428,08a6f76bd428-383,383,08:A6:F7:6B:D4:28,ON,1333229,1780668550912,1333234,1780668550917,1489767,1780668549881,25,2026-06-05T14:09:11.6776217Z,,oasis/bottle
,,,0,,,local.mqtt.telegraf,55,28.82,,,08a6f75abdf0,08a6f75abdf0-383,383,08:A6:F7:5A:BD:F0,ON,1333278,1780668550962,1333283,1780668550966,1400337,1780668549882,25,2026-06-05T14:09:11.7191801Z,,oasis/bottle
,,,0,,,local.mqtt.telegraf,55,41.52,,,08a6f769c348,08a6f769c348-383,383,08:A6:F7:69:C3:48,ON,1333549,1780668551233,1333554,1780668551237,1448796,1780668549881,26,2026-06-05T14:09:11.9873287Z,,oasis/bottle
,,,0,,,local.mqtt.telegraf,55,41.39,,,08a6f76bd428,08a6f76bd428-384,384,08:A6:F7:6B:D4:28,ON,1336529,1780668554212,1336533,1780668554216,1493067,1780668553301,25,2026-06-05T14:09:14.9697874Z,,oasis/bottle
,,,0,,,local.mqtt.telegraf,56,28.41,,,08a6f75abdf0,08a6f75abdf0-384,384,08:A6:F7:5A:BD:F0,ON,1336579,1780668554262,1336583,1780668554266,1403636,1780668553310,25,2026-06-05T14:09:15.0105436Z,,oasis/bottle
,,,0,,,local.mqtt.telegraf,55,41.5,,,08a6f769c348,08a6f769c348-384,384,08:A6:F7:69:C3:48,ON,1336849,1780668554532,1336853,1780668554536,1452096,1780668553310,26,2026-06-05T14:09:15.2880859Z,,oasis/bottle
,,,0,,,local.mqtt.telegraf,55,41.6,,,08a6f76bd428,08a6f76bd428-385,385,08:A6:F7:6B:D4:28,ON,1339829,1780668557512,1339833,1780668557516,1496366,1780668556600,25,2026-06-05T14:09:18.2767388Z,,oasis/bottle
,,,0,,,local.mqtt.telegraf,55,28.66,,,08a6f75abdf0,08a6f75abdf0-385,385,08:A6:F7:5A:BD:F0,ON,1339879,1780668557562,1339883,1780668557566,1406937,1780668556611,25,2026-06-05T14:09:18.3189339Z,,oasis/bottle
,,,0,,,local.mqtt.telegraf,55,41.42,,,08a6f769c348,08a6f769c348-385,385,08:A6:F7:69:C3:48,ON,1340149,1780668557832,1340153,1780668557836,1455396,1780668556610,26,2026-06-05T14:09:18.581743Z,,oasis/bottle
,,,0,,,local.mqtt.telegraf,55,41.46,,,08a6f76bd428,08a6f76bd428-386,386,08:A6:F7:6B:D4:28,ON,1343129,1780668560812,1343133,1780668560816,1499666,1780668559900,25,2026-06-05T14:09:21.5783798Z,,oasis/bottle
,,,0,,,local.mqtt.telegraf,55,28.64,,,08a6f75abdf0,08a6f75abdf0-386,386,08:A6:F7:5A:BD:F0,ON,1343178,1780668560861,1343183,1780668560866,1410237,1780668559911,25,2026-06-05T14:09:21.6187515Z,,oasis/bottle
,,,0,,,local.mqtt.telegraf,55,41.48,,,08a6f769c348,08a6f769c348-386,386,08:A6:F7:69:C3:48,ON,1343470,1780668561153,1343474,1780668561157,1458716,1780668559930,26,2026-06-05T14:09:21.9053683Z,,oasis/bottle
,,,0,,,local.mqtt.telegraf,55,41.56,,,08a6f76bd428,08a6f76bd428-387,387,08:A6:F7:6B:D4:28,ON,1346429,1780668564112,1346434,1780668564117,1502967,1780668563351,25,2026-06-05T14:09:24.8780117Z,,oasis/bottle
,,,0,,,local.mqtt.telegraf,55,28.64,,,08a6f75abdf0,08a6f75abdf0-387,387,08:A6:F7:5A:BD:F0,ON,1346478,1780668564162,1346483,1780668564166,1413537,1780668563352,25,2026-06-05T14:09:24.9186731Z,,oasis/bottle
,,,0,,,local.mqtt.telegraf,55,41.48,,,08a6f769c348,08a6f769c348-387,387,08:A6:F7:69:C3:48,ON,1346769,1780668564452,1346773,1780668564456,1462016,1780668563350,26,2026-06-05T14:09:25.2022313Z,,oasis/bottle
,,,0,,,local.mqtt.telegraf,55,41.5,,,08a6f76bd428,08a6f76bd428-388,388,08:A6:F7:6B:D4:28,ON,1349729,1780668567412,1349733,1780668567416,1506266,1780668566650,25,2026-06-05T14:09:28.1721365Z,,oasis/bottle
,,,0,,,local.mqtt.telegraf,55,28.51,,,08a6f75abdf0,08a6f75abdf0-388,388,08:A6:F7:5A:BD:F0,ON,1349778,1780668567461,1349783,1780668567466,1416837,1780668566652,25,2026-06-05T14:09:28.214022Z,,oasis/bottle
,,,0,,,local.mqtt.telegraf,54,41.39,,,08a6f769c348,08a6f769c348-388,388,08:A6:F7:69:C3:48,ON,1350069,1780668567752,1350073,1780668567756,1465317,1780668566651,26,2026-06-05T14:09:28.5037104Z,,oasis/bottle
,,,0,,,local.mqtt.telegraf,55,41.25,,,08a6f76bd428,08a6f76bd428-389,389,08:A6:F7:6B:D4:28,ON,1353029,1780668570712,1353033,1780668570716,1509567,1780668569951,25,2026-06-05T14:09:31.4738267Z,,oasis/bottle
,,,0,,,local.mqtt.telegraf,55,28.42,,,08a6f75abdf0,08a6f75abdf0-389,389,08:A6:F7:5A:BD:F0,ON,1353079,1780668570762,1353084,1780668570767,1420137,1780668569952,25,2026-06-05T14:09:31.5111324Z,,oasis/bottle
,,,0,,,local.mqtt.telegraf,55,41.46,,,08a6f769c348,08a6f769c348-389,389,08:A6:F7:69:C3:48,ON,1353379,1780668571062,1353383,1780668571066,1468616,1780668569950,26,2026-06-05T14:09:31.8155188Z,,oasis/bottle
,,,0,,,local.mqtt.telegraf,56,41.1,,,08a6f76bd428,08a6f76bd428-390,390,08:A6:F7:6B:D4:28,ON,1356329,1780668574012,1356333,1780668574016,1512866,1780668573379,25,2026-06-05T14:09:34.772428Z,,oasis/bottle
,,,0,,,local.mqtt.telegraf,55,28.38,,,08a6f75abdf0,08a6f75abdf0-390,390,08:A6:F7:5A:BD:F0,ON,1356378,1780668574062,1356383,1780668574066,1423437,1780668573381,25,2026-06-05T14:09:34.8094785Z,,oasis/bottle
,,,0,,,local.mqtt.telegraf,55,41.41,,,08a6f769c348,08a6f769c348-390,390,08:A6:F7:69:C3:48,ON,1356679,1780668574362,1356683,1780668574366,1471926,1780668573380,26,2026-06-05T14:09:35.1108108Z,,oasis/bottle
,,,0,,,local.mqtt.telegraf,56,41.25,,,08a6f76bd428,08a6f76bd428-391,391,08:A6:F7:6B:D4:28,ON,1359629,1780668577312,1359633,1780668577316,1516166,1780668576679,25,2026-06-05T14:09:38.0705658Z,,oasis/bottle
,,,0,,,local.mqtt.telegraf,55,28.37,,,08a6f75abdf0,08a6f75abdf0-391,391,08:A6:F7:5A:BD:F0,ON,1359678,1780668577362,1359683,1780668577366,1426737,1780668576681,25,2026-06-05T14:09:38.1083243Z,,oasis/bottle
,,,0,,,local.mqtt.telegraf,55,41.42,,,08a6f769c348,08a6f769c348-391,391,08:A6:F7:69:C3:48,ON,1359979,1780668577662,1359984,1780668577667,1475227,1780668576681,26,2026-06-05T14:09:38.4135464Z,,oasis/bottle
,,,0,,,local.mqtt.telegraf,56,41.39,,,08a6f76bd428,08a6f76bd428-392,392,08:A6:F7:6B:D4:28,ON,1362929,1780668580612,1362933,1780668580616,1519466,1780668579979,25,2026-06-05T14:09:41.3788591Z,,oasis/bottle
,,,0,,,local.mqtt.telegraf,55,28.54,,,08a6f75abdf0,08a6f75abdf0-392,392,08:A6:F7:5A:BD:F0,ON,1362978,1780668580662,1362983,1780668580666,1430037,1780668579981,25,2026-06-05T14:09:41.4238933Z,,oasis/bottle
,,,0,,,local.mqtt.telegraf,55,41.38,,,08a6f769c348,08a6f769c348-392,392,08:A6:F7:69:C3:48,ON,1363279,1780668580962,1363284,1780668580967,1478526,1780668579980,26,2026-06-05T14:09:41.7188985Z,,oasis/bottle
,,,0,,,local.mqtt.telegraf,55,28.11,,,08a6f75abdf0,08a6f75abdf0-393,393,08:A6:F7:5A:BD:F0,ON,1366278,1780668583962,1366283,1780668583966,1433337,1780668583412,25,2026-06-05T14:09:44.6840242Z,,oasis/bottle
,,,0,,,local.mqtt.telegraf,55,41.25,,,08a6f769c348,08a6f769c348-393,393,08:A6:F7:69:C3:48,ON,1366589,1780668584272,1366593,1780668584276,1481826,1780668583411,26,2026-06-05T14:09:45.0215258Z,,oasis/bottle
,,,0,,,local.mqtt.telegraf,55,41.05,,,08a6f76bd428,08a6f76bd428-394,394,08:A6:F7:6B:D4:28,ON,1369529,1780668587212,1369533,1780668587216,1526067,1780668586711,25,2026-06-05T14:09:47.973292Z,,oasis/bottle
,,,0,,,local.mqtt.telegraf,55,28.17,,,08a6f75abdf0,08a6f75abdf0-394,394,08:A6:F7:5A:BD:F0,ON,1369578,1780668587261,1369583,1780668587266,1436637,1780668586712,25,2026-06-05T14:09:48.0102373Z,,oasis/bottle
,,,0,,,local.mqtt.telegraf,55,41.42,,,08a6f769c348,08a6f769c348-394,394,08:A6:F7:69:C3:48,ON,1369880,1780668587563,1369884,1780668587567,1485126,1780668586711,26,2026-06-05T14:09:48.3156304Z,,oasis/bottle
,,,0,,,local.mqtt.telegraf,56,41.23,,,08a6f76bd428,08a6f76bd428-395,395,08:A6:F7:6B:D4:28,ON,1372829,1780668590512,1372833,1780668590516,1529366,1780668590010,25,2026-06-05T14:09:51.2708387Z,,oasis/bottle
,,,0,,,local.mqtt.telegraf,55,28.3,,,08a6f75abdf0,08a6f75abdf0-395,395,08:A6:F7:5A:BD:F0,ON,1372878,1780668590561,1372883,1780668590566,1439937,1780668590012,25,2026-06-05T14:09:51.308049Z,,oasis/bottle
,,,0,,,local.mqtt.telegraf,55,41.23,,,08a6f769c348,08a6f769c348-395,395,08:A6:F7:69:C3:48,ON,1373179,1780668590862,1373184,1780668590867,1488426,1780668590011,26,2026-06-05T14:09:51.6121305Z,,oasis/bottle
,,,0,,,local.mqtt.telegraf,55,28.15,,,08a6f75abdf0,08a6f75abdf0-396,396,08:A6:F7:5A:BD:F0,ON,1376178,1780668593862,1376183,1780668593866,1443237,1780668593441,25,2026-06-05T14:09:54.5786121Z,,oasis/bottle
,,,0,,,local.mqtt.telegraf,55,41.05,,,08a6f769c348,08a6f769c348-396,396,08:A6:F7:69:C3:48,ON,1376479,1780668594162,1376484,1780668594167,1491726,1780668593440,26,2026-06-05T14:09:54.9145615Z,,oasis/bottle
,,,0,,,local.mqtt.telegraf,56,28.03,,,08a6f75abdf0,08a6f75abdf0-397,397,08:A6:F7:5A:BD:F0,ON,1379478,1780668597162,1379483,1780668597166,1446536,1780668596740,25,2026-06-05T14:09:57.8823416Z,,oasis/bottle
,,,0,,,local.mqtt.telegraf,55,41.22,,,08a6f769c348,08a6f769c348-397,397,08:A6:F7:69:C3:48,ON,1379779,1780668597463,1379784,1780668597467,1495026,1780668596740,26,2026-06-05T14:09:58.2106744Z,,oasis/bottle
,,,0,,,local.mqtt.telegraf,56,41.05,,,08a6f76bd428,08a6f76bd428-398,398,08:A6:F7:6B:D4:28,ON,1382738,1780668600422,1382743,1780668600426,1539276,1780668600040,25,2026-06-05T14:10:01.1770725Z,,oasis/bottle
,,,0,,,local.mqtt.telegraf,56,28.15,,,08a6f75abdf0,08a6f75abdf0-398,398,08:A6:F7:5A:BD:F0,ON,1382778,1780668600462,1382784,1780668600467,1449836,1780668600040,25,2026-06-05T14:10:01.2161129Z,,oasis/bottle
,,,0,,,local.mqtt.telegraf,55,41.05,,,08a6f769c348,08a6f769c348-398,398,08:A6:F7:69:C3:48,ON,1383080,1780668600763,1383084,1780668600767,1498326,1780668600040,26,2026-06-05T14:10:01.5275469Z,,oasis/bottle
,,,0,,,local.mqtt.telegraf,56,27.95,,,08a6f75abdf0,08a6f75abdf0-399,399,08:A6:F7:5A:BD:F0,ON,1386078,1780668603761,1386083,1780668603766,1453136,1780668603461,25,2026-06-05T14:10:04.4837389Z,,oasis/bottle
,,,0,,,local.mqtt.telegraf,55,41.07,,,08a6f769c348,08a6f769c348-399,399,08:A6:F7:69:C3:48,ON,1386379,1780668604063,1386384,1780668604067,1501626,1780668603460,26,2026-06-05T14:10:04.8180042Z,,oasis/bottle
,,,0,,,local.mqtt.telegraf,56,28.07,,,08a6f75abdf0,08a6f75abdf0-400,400,08:A6:F7:5A:BD:F0,ON,1389378,1780668607062,1389383,1780668607066,1456436,1780668606761,25,2026-06-05T14:10:07.7772915Z,,oasis/bottle
,,,0,,,local.mqtt.telegraf,55,41.09,,,08a6f769c348,08a6f769c348-400,400,08:A6:F7:69:C3:48,ON,1389679,1780668607362,1389684,1780668607367,1504926,1780668606760,26,2026-06-05T14:10:08.1151892Z,,oasis/bottle
,,,0,,,local.mqtt.telegraf,56,27.92,,,08a6f75abdf0,08a6f75abdf0-401,401,08:A6:F7:5A:BD:F0,ON,1392678,1780668610362,1392683,1780668610366,1459736,1780668610061,25,2026-06-05T14:10:11.0820007Z,,oasis/bottle
,,,0,,,local.mqtt.telegraf,55,40.92,,,08a6f769c348,08a6f769c348-401,401,08:A6:F7:69:C3:48,ON,1392979,1780668610663,1392984,1780668610667,1508226,1780668610060,26,2026-06-05T14:10:11.4153879Z,,oasis/bottle
,,,0,,,local.mqtt.telegraf,56,41.03,,,08a6f76bd428,08a6f76bd428-402,402,08:A6:F7:6B:D4:28,ON,1395939,1780668613622,1395943,1780668613626,1552476,1780668613480,25,2026-06-05T14:10:14.3766469Z,,oasis/bottle
,,,0,,,local.mqtt.telegraf,56,27.74,,,08a6f75abdf0,08a6f75abdf0-402,402,08:A6:F7:5A:BD:F0,ON,1395978,1780668613661,1395983,1780668613666,1463036,1780668613481,25,2026-06-05T14:10:14.4155213Z,,oasis/bottle
,,,0,,,local.mqtt.telegraf,55,41.06,,,08a6f769c348,08a6f769c348-402,402,08:A6:F7:69:C3:48,ON,1396279,1780668613962,1396284,1780668613967,1511526,1780668613481,26,2026-06-05T14:10:14.7126963Z,,oasis/bottle
,,,0,,,local.mqtt.telegraf,56,27.75,,,08a6f75abdf0,08a6f75abdf0-403,403,08:A6:F7:5A:BD:F0,ON,1399278,1780668616962,1399283,1780668616966,1466336,1780668616781,25,2026-06-05T14:10:17.6788137Z,,oasis/bottle
,,,0,,,local.mqtt.telegraf,55,40.9,,,08a6f769c348,08a6f769c348-403,403,08:A6:F7:69:C3:48,ON,1399589,1780668617272,1399594,1780668617277,1514836,1780668616791,26,2026-06-05T14:10:18.0304776Z,,oasis/bottle
,,,0,,,local.mqtt.telegraf,55,40.92,,,08a6f76bd428,08a6f76bd428-404,404,08:A6:F7:6B:D4:28,ON,1402539,1780668620222,1402544,1780668620227,1559076,1780668620080,25,2026-06-05T14:10:20.9847894Z,,oasis/bottle
,,,0,,,local.mqtt.telegraf,56,27.64,,,08a6f75abdf0,08a6f75abdf0-404,404,08:A6:F7:5A:BD:F0,ON,1402578,1780668620262,1402585,1780668620268,1469636,1780668620081,25,2026-06-05T14:10:21.0254144Z,,oasis/bottle
,,,0,,,local.mqtt.telegraf,55,40.9,,,08a6f769c348,08a6f769c348-404,404,08:A6:F7:69:C3:48,ON,1402909,1780668620592,1402913,1780668620596,1518146,1780668620101,26,2026-06-05T14:10:21.3555767Z,,oasis/bottle
,,,0,,,local.mqtt.telegraf,55,41.1,,,08a6f76bd428,08a6f76bd428-405,405,08:A6:F7:6B:D4:28,ON,1405839,1780668623522,1405843,1780668623526,1562377,1780668623428,25,2026-06-05T14:10:24.270404Z,,oasis/bottle
,,,0,,,local.mqtt.telegraf,55,27.74,,,08a6f75abdf0,08a6f75abdf0-405,405,08:A6:F7:5A:BD:F0,ON,1405879,1780668623562,1405883,1780668623566,1472937,1780668623459,25,2026-06-05T14:10:24.2793072Z,,oasis/bottle
,,,0,,,local.mqtt.telegraf,55,40.79,,,08a6f769c348,08a6f769c348-405,405,08:A6:F7:69:C3:48,ON,1406199,1780668623882,1406204,1780668623887,1521446,1780668623508,26,2026-06-05T14:10:24.6276254Z,,oasis/bottle
,,,0,,,local.mqtt.telegraf,55,27.82,,,08a6f75abdf0,08a6f75abdf0-406,406,08:A6:F7:5A:BD:F0,ON,1409176,1780668626859,1409184,1780668626867,1476237,1780668626759,25,2026-06-05T14:10:27.5867104Z,,oasis/bottle
,,,0,,,local.mqtt.telegraf,54,41.05,,,08a6f769c348,08a6f769c348-406,406,08:A6:F7:69:C3:48,ON,1409500,1780668627183,1409504,1780668627187,1524747,1780668626809,26,2026-06-05T14:10:27.933836Z,,oasis/bottle
,,,0,,,local.mqtt.telegraf,56,27.71,,,08a6f75abdf0,08a6f75abdf0-407,407,08:A6:F7:5A:BD:F0,ON,1412479,1780668630162,1412484,1780668630167,1479536,1780668630058,25,2026-06-05T14:10:30.8795334Z,,oasis/bottle
,,,0,,,local.mqtt.telegraf,54,40.82,,,08a6f769c348,08a6f769c348-407,407,08:A6:F7:69:C3:48,ON,1412808,1780668630492,1412813,1780668630496,1528047,1780668630109,26,2026-06-05T14:10:31.2411754Z,,oasis/bottle
,,,0,,,local.mqtt.telegraf,55,27.7,,,08a6f75abdf0,08a6f75abdf0-408,408,08:A6:F7:5A:BD:F0,ON,1415778,1780668633462,1415783,1780668633466,1482837,1780668633382,25,2026-06-05T14:10:34.1752236Z,,oasis/bottle
,,,0,,,local.mqtt.telegraf,54,40.76,,,08a6f769c348,08a6f769c348-408,408,08:A6:F7:69:C3:48,ON,1416099,1780668633783,1416104,1780668633787,1531347,1780668633551,26,2026-06-05T14:10:34.5282483Z,,oasis/bottle
,,,0,,,local.mqtt.telegraf,55,27.71,,,08a6f75abdf0,08a6f75abdf0-409,409,08:A6:F7:5A:BD:F0,ON,1419078,1780668636761,1419083,1780668636766,1486137,1780668636682,25,2026-06-05T14:10:37.4786815Z,,oasis/bottle
,,,0,,,local.mqtt.telegraf,54,40.87,,,08a6f769c348,08a6f769c348-409,409,08:A6:F7:69:C3:48,ON,1419399,1780668637083,1419404,1780668637087,1534647,1780668636851,26,2026-06-05T14:10:37.8307666Z,,oasis/bottle
,,,0,,,local.mqtt.telegraf,55,27.63,,,08a6f75abdf0,08a6f75abdf0-410,410,08:A6:F7:5A:BD:F0,ON,1422378,1780668640062,1422383,1780668640066,1489437,1780668639982,25,2026-06-05T14:10:40.7773924Z,,oasis/bottle
,,,0,,,local.mqtt.telegraf,54,40.76,,,08a6f769c348,08a6f769c348-410,410,08:A6:F7:69:C3:48,ON,1422709,1780668640392,1422713,1780668640396,1537947,1780668640151,26,2026-06-05T14:10:41.1387576Z,,oasis/bottle
,,,0,,,local.mqtt.telegraf,55,27.49,,,08a6f75abdf0,08a6f75abdf0-411,411,08:A6:F7:5A:BD:F0,ON,1425679,1780668643362,1425683,1780668643366,1492737,1780668643272,25,2026-06-05T14:10:44.0745477Z,,oasis/bottle
,,,0,,,local.mqtt.telegraf,54,40.76,,,08a6f769c348,08a6f769c348-411,411,08:A6:F7:69:C3:48,ON,1426009,1780668643692,1426013,1780668643696,1541247,1780668643572,26,2026-06-05T14:10:44.4347009Z,,oasis/bottle
,,,0,,,local.mqtt.telegraf,55,40.79,,,08a6f76bd428,08a6f76bd428-412,412,08:A6:F7:6B:D4:28,ON,1428939,1780668646622,1428943,1780668646626,1585477,1780668646542,25,2026-06-05T14:10:47.4041286Z,,oasis/bottle
,,,0,,,local.mqtt.telegraf,55,27.68,,,08a6f75abdf0,08a6f75abdf0-412,412,08:A6:F7:5A:BD:F0,ON,1428978,1780668646662,1428983,1780668646666,1496037,1780668646572,25,2026-06-05T14:10:47.4054912Z,,oasis/bottle
,,,0,,,local.mqtt.telegraf,54,40.86,,,08a6f769c348,08a6f769c348-412,412,08:A6:F7:69:C3:48,ON,1429299,1780668646982,1429304,1780668646987,1544547,1780668646872,26,2026-06-05T14:10:47.7276544Z,,oasis/bottle
,,,0,,,local.mqtt.telegraf,55,41.09,,,08a6f76bd428,08a6f76bd428-413,413,08:A6:F7:6B:D4:28,ON,1432239,1780668649922,1432244,1780668649928,1588776,1780668649841,25,2026-06-05T14:10:50.6708713Z,,oasis/bottle
,,,0,,,local.mqtt.telegraf,55,27.72,,,08a6f75abdf0,08a6f75abdf0-413,413,08:A6:F7:5A:BD:F0,ON,1432286,1780668649969,1432291,1780668649974,1499337,1780668649872,25,2026-06-05T14:10:50.7212114Z,,oasis/bottle
,,,0,,,local.mqtt.telegraf,54,40.83,,,08a6f769c348,08a6f769c348-413,413,08:A6:F7:69:C3:48,ON,1432599,1780668650283,1432604,1780668650287,1547847,1780668650172,26,2026-06-05T14:10:51.0294725Z,,oasis/bottle
,,,0,,,local.mqtt.telegraf,55,27.43,,,08a6f75abdf0,08a6f75abdf0-414,414,08:A6:F7:5A:BD:F0,ON,1435579,1780668653262,1435584,1780668653267,1502637,1780668653181,25,2026-06-05T14:10:54.0026051Z,,oasis/bottle
,,,0,,,local.mqtt.telegraf,54,40.74,,,08a6f769c348,08a6f769c348-414,414,08:A6:F7:69:C3:48,ON,1435899,1780668653583,1435904,1780668653587,1551147,1780668653491,26,2026-06-05T14:10:54.3141548Z,,oasis/bottle
,,,0,,,local.mqtt.telegraf,55,40.66,,,08a6f76bd428,08a6f76bd428-415,415,08:A6:F7:6B:D4:28,ON,1438839,1780668656522,1438843,1780668656526,1595377,1780668656450,25,2026-06-05T14:10:57.2834504Z,,oasis/bottle
,,,0,,,local.mqtt.telegraf,55,27.59,,,08a6f75abdf0,08a6f75abdf0-415,415,08:A6:F7:5A:BD:F0,ON,1438889,1780668656572,1438893,1780668656576,1505937,1780668656481,25,2026-06-05T14:10:57.3188765Z,,oasis/bottle
,,,0,,,local.mqtt.telegraf,54,40.88,,,08a6f769c348,08a6f769c348-415,415,08:A6:F7:69:C3:48,ON,1439200,1780668656883,1439206,1780668656889,1554447,1780668656791,26,2026-06-05T14:10:57.6240642Z,,oasis/bottle
,,,0,,,local.mqtt.telegraf,55,40.8,,,08a6f76bd428,08a6f76bd428-416,416,08:A6:F7:6B:D4:28,ON,1442139,1780668659822,1442143,1780668659826,1598677,1780668659750,25,2026-06-05T14:11:00.5725586Z,,oasis/bottle
,,,0,,,local.mqtt.telegraf,55,27.47,,,08a6f75abdf0,08a6f75abdf0-416,416,08:A6:F7:5A:BD:F0,ON,1442188,1780668659872,1442193,1780668659876,1509247,1780668659791,25,2026-06-05T14:11:00.609476Z,,oasis/bottle
,,,0,,,local.mqtt.telegraf,54,40.9,,,08a6f769c348,08a6f769c348-416,416,08:A6:F7:69:C3:48,ON,1442499,1780668660183,1442504,1780668660187,1557747,1780668660091,26,2026-06-05T14:11:00.9263421Z,,oasis/bottle
,,,0,,,local.mqtt.telegraf,55,27.48,,,08a6f75abdf0,08a6f75abdf0-417,417,08:A6:F7:5A:BD:F0,ON,1445488,1780668663171,1445493,1780668663176,1512547,1780668663092,25,2026-06-05T14:11:03.8868353Z,,oasis/bottle
,,,0,,,local.mqtt.telegraf,54,40.86,,,08a6f769c348,08a6f769c348-417,417,08:A6:F7:69:C3:48,ON,1445809,1780668663492,1445813,1780668663496,1561047,1780668663402,26,2026-06-05T14:11:04.2260621Z,,oasis/bottle
,,,0,,,local.mqtt.telegraf,55,40.7,,,08a6f76bd428,08a6f76bd428-418,418,08:A6:F7:6B:D4:28,ON,1448739,1780668666422,1448743,1780668666426,1605276,1780668666350,25,2026-06-05T14:11:07.1740282Z,,oasis/bottle
,,,0,,,local.mqtt.telegraf,55,27.44,,,08a6f75abdf0,08a6f75abdf0-418,418,08:A6:F7:5A:BD:F0,ON,1448788,1780668666472,1448796,1780668666479,1515847,1780668666392,25,2026-06-05T14:11:07.2160757Z,,oasis/bottle
,,,0,,,local.mqtt.telegraf,54,40.94,,,08a6f769c348,08a6f769c348-418,418,08:A6:F7:69:C3:48,ON,1449109,1780668666792,1449113,1780668666796,1564347,1780668666702,26,2026-06-05T14:11:07.5412232Z,,oasis/bottle
,,,0,,,local.mqtt.telegraf,55,40.7,,,08a6f76bd428,08a6f76bd428-419,419,08:A6:F7:6B:D4:28,ON,1452039,1780668669722,1452043,1780668669726,1608577,1780668669651,25,2026-06-05T14:11:10.4737731Z,,oasis/bottle
,,,0,,,local.mqtt.telegraf,55,27.68,,,08a6f75abdf0,08a6f75abdf0-419,419,08:A6:F7:5A:BD:F0,ON,1452088,1780668669771,1452093,1780668669776,1519147,1780668669692,25,2026-06-05T14:11:10.5174586Z,,oasis/bottle
,,,0,,,local.mqtt.telegraf,54,40.8,,,08a6f769c348,08a6f769c348-419,419,08:A6:F7:69:C3:48,ON,1452410,1780668670093,1452415,1780668670098,1567657,1780668670012,26,2026-06-05T14:11:10.8347141Z,,oasis/bottle
,,,0,,,local.mqtt.telegraf,55,40.87,,,08a6f76bd428,08a6f76bd428-420,420,08:A6:F7:6B:D4:28,ON,1455339,1780668673022,1455343,1780668673026,1611877,1780668672951,25,2026-06-05T14:11:13.7696683Z,,oasis/bottle
,,,0,,,local.mqtt.telegraf,55,27.6,,,08a6f75abdf0,08a6f75abdf0-420,420,08:A6:F7:5A:BD:F0,ON,1455389,1780668673072,1455394,1780668673077,1522447,1780668672982,25,2026-06-05T14:11:13.7975127Z,,oasis/bottle
,,,0,,,local.mqtt.telegraf,54,40.82,,,08a6f769c348,08a6f769c348-420,420,08:A6:F7:69:C3:48,ON,1455719,1780668673402,1455723,1780668673406,1570957,1780668673312,26,2026-06-05T14:11:14.1459841Z,,oasis/bottle
,,,0,,,local.mqtt.telegraf,55,40.71,,,08a6f76bd428,08a6f76bd428-421,421,08:A6:F7:6B:D4:28,ON,1458639,1780668676322,1458643,1780668676326,1615176,1780668676250,25,2026-06-05T14:11:17.0791406Z,,oasis/bottle
,,,0,,,local.mqtt.telegraf,55,27.72,,,08a6f75abdf0,08a6f75abdf0-421,421,08:A6:F7:5A:BD:F0,ON,1458688,1780668676372,1458693,1780668676376,1525747,1780668676282,25,2026-06-05T14:11:17.1100475Z,,oasis/bottle
,,,0,,,local.mqtt.telegraf,54,40.68,,,08a6f769c348,08a6f769c348-421,421,08:A6:F7:69:C3:48,ON,1459019,1780668676702,1459023,1780668676706,1574257,1780668676612,26,2026-06-05T14:11:17.4448763Z,,oasis/bottle
,,,0,,,local.mqtt.telegraf,55,40.63,,,08a6f76bd428,08a6f76bd428-422,422,08:A6:F7:6B:D4:28,ON,1461939,1780668679622,1461944,1780668679627,1618477,1780668679551,25,2026-06-05T14:11:20.369278Z,,oasis/bottle
,,,0,,,local.mqtt.telegraf,55,27.48,,,08a6f75abdf0,08a6f75abdf0-422,422,08:A6:F7:5A:BD:F0,ON,1461988,1780668679672,1461993,1780668679676,1529047,1780668679582,25,2026-06-05T14:11:20.4128327Z,,oasis/bottle
,,,0,,,local.mqtt.telegraf,54,40.76,,,08a6f769c348,08a6f769c348-422,422,08:A6:F7:69:C3:48,ON,1462319,1780668680002,1462323,1780668680006,1577557,1780668679912,26,2026-06-05T14:11:20.7301517Z,,oasis/bottle
,,,0,,,local.mqtt.telegraf,55,40.96,,,08a6f76bd428,08a6f76bd428-423,423,08:A6:F7:6B:D4:28,ON,1465239,1780668682922,1465243,1780668682926,1621777,1780668682851,25,2026-06-05T14:11:23.6746094Z,,oasis/bottle
,,,0,,,local.mqtt.telegraf,55,27.49,,,08a6f75abdf0,08a6f75abdf0-423,423,08:A6:F7:5A:BD:F0,ON,1465288,1780668682971,1465293,1780668682976,1532347,1780668682882,25,2026-06-05T14:11:23.7147984Z,,oasis/bottle
,,,0,,,local.mqtt.telegraf,54,40.79,,,08a6f769c348,08a6f769c348-423,423,08:A6:F7:69:C3:48,ON,1465619,1780668683302,1465624,1780668683307,1580857,1780668683212,26,2026-06-05T14:11:24.0455851Z,,oasis/bottle
,,,0,,,local.mqtt.telegraf,55,40.79,,,08a6f76bd428,08a6f76bd428-424,424,08:A6:F7:6B:D4:28,ON,1468539,1780668686222,1468543,1780668686226,1625077,1780668686151,25,2026-06-05T14:11:26.9700251Z,,oasis/bottle
,,,0,,,local.mqtt.telegraf,55,27.49,,,08a6f75abdf0,08a6f75abdf0-424,424,08:A6:F7:5A:BD:F0,ON,1468589,1780668686272,1468593,1780668686276,1535647,1780668686182,25,2026-06-05T14:11:27.0077214Z,,oasis/bottle
,,,0,,,local.mqtt.telegraf,54,40.91,,,08a6f769c348,08a6f769c348-424,424,08:A6:F7:69:C3:48,ON,1468919,1780668686602,1468923,1780668686606,1584157,1780668686512,26,2026-06-05T14:11:27.3418032Z,,oasis/bottle
,,,0,,,local.mqtt.telegraf,55,40.98,,,08a6f76bd428,08a6f76bd428-425,425,08:A6:F7:6B:D4:28,ON,1471839,1780668689522,1471843,1780668689526,1628377,1780668689451,25,2026-06-05T14:11:30.2718953Z,,oasis/bottle
,,,0,,,local.mqtt.telegraf,55,27.33,,,08a6f75abdf0,08a6f75abdf0-425,425,08:A6:F7:5A:BD:F0,ON,1471888,1780668689571,1471893,1780668689576,1538947,1780668689482,25,2026-06-05T14:11:30.3108033Z,,oasis/bottle
,,,0,,,local.mqtt.telegraf,54,40.87,,,08a6f769c348,08a6f769c348-425,425,08:A6:F7:69:C3:48,ON,1472219,1780668689902,1472223,1780668689906,1587457,1780668689812,26,2026-06-05T14:11:30.6476226Z,,oasis/bottle
,,,0,,,local.mqtt.telegraf,55,40.75,,,08a6f76bd428,08a6f76bd428-426,426,08:A6:F7:6B:D4:28,ON,1475139,1780668692822,1475143,1780668692826,1631677,1780668692751,25,2026-06-05T14:11:33.5667157Z,,oasis/bottle
,,,0,,,local.mqtt.telegraf,55,27.33,,,08a6f75abdf0,08a6f75abdf0-426,426,08:A6:F7:5A:BD:F0,ON,1475188,1780668692872,1475193,1780668692876,1542247,1780668692782,25,2026-06-05T14:11:33.607169Z,,oasis/bottle
,,,0,,,local.mqtt.telegraf,54,40.82,,,08a6f769c348,08a6f769c348-426,426,08:A6:F7:69:C3:48,ON,1475519,1780668693202,1475523,1780668693206,1590757,1780668693112,26,2026-06-05T14:11:33.942881Z,,oasis/bottle
,,,0,,,local.mqtt.telegraf,55,40.8,,,08a6f76bd428,08a6f76bd428-427,427,08:A6:F7:6B:D4:28,ON,1478439,1780668696122,1478443,1780668696126,1634977,1780668696051,25,2026-06-05T14:11:36.872797Z,,oasis/bottle
,,,0,,,local.mqtt.telegraf,55,27.37,,,08a6f75abdf0,08a6f75abdf0-427,427,08:A6:F7:5A:BD:F0,ON,1478488,1780668696172,1478493,1780668696176,1545547,1780668696082,25,2026-06-05T14:11:36.9158495Z,,oasis/bottle
,,,0,,,local.mqtt.telegraf,54,40.52,,,08a6f769c348,08a6f769c348-427,427,08:A6:F7:69:C3:48,ON,1478819,1780668696502,1478823,1780668696506,1594057,1780668696412,26,2026-06-05T14:11:37.249193Z,,oasis/bottle
,,,0,,,local.mqtt.telegraf,55,40.8,,,08a6f76bd428,08a6f76bd428-428,428,08:A6:F7:6B:D4:28,ON,1481739,1780668699422,1481743,1780668699426,1638277,1780668699351,25,2026-06-05T14:11:40.1780973Z,,oasis/bottle
,,,0,,,local.mqtt.telegraf,55,27.29,,,08a6f75abdf0,08a6f75abdf0-428,428,08:A6:F7:5A:BD:F0,ON,1481788,1780668699472,1481793,1780668699476,1548847,1780668699382,25,2026-06-05T14:11:40.2199272Z,,oasis/bottle
,,,0,,,local.mqtt.telegraf,54,40.74,,,08a6f769c348,08a6f769c348-428,428,08:A6:F7:69:C3:48,ON,1482119,1780668699802,1482123,1780668699806,1597357,1780668699712,26,2026-06-05T14:11:40.5386447Z,,oasis/bottle
,,,0,,,local.mqtt.telegraf,55,40.66,,,08a6f76bd428,08a6f76bd428-429,429,08:A6:F7:6B:D4:28,ON,1485039,1780668702722,1485043,1780668702726,1641577,1780668702651,25,2026-06-05T14:11:43.5003988Z,,oasis/bottle
,,,0,,,local.mqtt.telegraf,55,27.17,,,08a6f75abdf0,08a6f75abdf0-429,429,08:A6:F7:5A:BD:F0,ON,1485088,1780668702771,1485093,1780668702776,1552147,1780668702682,25,2026-06-05T14:11:43.5007989Z,,oasis/bottle
,,,0,,,local.mqtt.telegraf,54,40.59,,,08a6f769c348,08a6f769c348-429,429,08:A6:F7:69:C3:48,ON,1485419,1780668703102,1485423,1780668703106,1600657,1780668703021,26,2026-06-05T14:11:43.845935Z,,oasis/bottle
,,,0,,,local.mqtt.telegraf,55,40.62,,,08a6f76bd428,08a6f76bd428-430,430,08:A6:F7:6B:D4:28,ON,1488339,1780668706022,1488343,1780668706026,1644876,1780668703709,25,2026-06-05T14:11:46.7878038Z,,oasis/bottle
,,,0,,,local.mqtt.telegraf,55,27.22,,,08a6f75abdf0,08a6f75abdf0-430,430,08:A6:F7:5A:BD:F0,ON,1488388,1780668706072,1488393,1780668706076,1555447,1780668703711,25,2026-06-05T14:11:46.89627Z,,oasis/bottle
,,,0,,,local.mqtt.telegraf,55,40.62,,,08a6f769c348,08a6f769c348-430,430,08:A6:F7:69:C3:48,ON,1488719,1780668706402,1488723,1780668706406,1603956,1780668706320,26,2026-06-05T14:11:47.1948332Z,,oasis/bottle
,,,0,,,local.mqtt.telegraf,55,40.41,,,08a6f76bd428,08a6f76bd428-431,431,08:A6:F7:6B:D4:28,ON,1491639,1780668709322,1491643,1780668709327,1648176,1780668707009,25,2026-06-05T14:11:50.0712334Z,,oasis/bottle
,,,0,,,local.mqtt.telegraf,56,27.01,,,08a6f75abdf0,08a6f75abdf0-431,431,08:A6:F7:5A:BD:F0,ON,1491688,1780668709371,1491693,1780668709376,1558746,1780668707010,25,2026-06-05T14:11:50.1093772Z,,oasis/bottle
,,,0,,,local.mqtt.telegraf,55,40.47,,,08a6f769c348,08a6f769c348-431,431,08:A6:F7:69:C3:48,ON,1492019,1780668709702,1492023,1780668709706,1607256,1780668709620,26,2026-06-05T14:11:50.4385572Z,,oasis/bottle
,,,0,,,local.mqtt.telegraf,55,40.6,,,08a6f76bd428,08a6f76bd428-432,432,08:A6:F7:6B:D4:28,ON,1494939,1780668712622,1494944,1780668712627,1651476,1780668710309,25,2026-06-05T14:11:53.3646414Z,,oasis/bottle
,,,0,,,local.mqtt.telegraf,56,27.09,,,08a6f75abdf0,08a6f75abdf0-432,432,08:A6:F7:5A:BD:F0,ON,1494988,1780668712672,1494993,1780668712676,1562046,1780668710310,25,2026-06-05T14:11:53.4115305Z,,oasis/bottle
,,,0,,,local.mqtt.telegraf,55,40.76,,,08a6f769c348,08a6f769c348-432,432,08:A6:F7:69:C3:48,ON,1495319,1780668713002,1495324,1780668713008,1610556,1780668712921,26,2026-06-05T14:11:53.7391278Z,,oasis/bottle
,,,0,,,local.mqtt.telegraf,55,40.45,,,08a6f76bd428,08a6f76bd428-433,433,08:A6:F7:6B:D4:28,ON,1498239,1780668715922,1498243,1780668715926,1654776,1780668713730,25,2026-06-05T14:11:56.6648171Z,,oasis/bottle
,,,0,,,local.mqtt.telegraf,56,27.06,,,08a6f75abdf0,08a6f75abdf0-433,433,08:A6:F7:5A:BD:F0,ON,1498289,1780668715972,1498294,1780668715977,1565347,1780668713732,25,2026-06-05T14:11:56.7100628Z,,oasis/bottle
,,,0,,,local.mqtt.telegraf,55,40.58,,,08a6f769c348,08a6f769c348-433,433,08:A6:F7:69:C3:48,ON,1498619,1780668716302,1498623,1780668716306,1613856,1780668716221,26,2026-06-05T14:11:57.0405584Z,,oasis/bottle
,,,0,,,local.mqtt.telegraf,55,40.86,,,08a6f76bd428,08a6f76bd428-434,434,08:A6:F7:6B:D4:28,ON,1501539,1780668719222,1501543,1780668719226,1658077,1780668717031,25,2026-06-05T14:11:59.9649781Z,,oasis/bottle
,,,0,,,local.mqtt.telegraf,56,27.12,,,08a6f75abdf0,08a6f75abdf0-434,434,08:A6:F7:5A:BD:F0,ON,1501588,1780668719272,1501593,1780668719276,1568646,1780668717031,25,2026-06-05T14:12:00.0068305Z,,oasis/bottle
,,,0,,,local.mqtt.telegraf,54,40.62,,,08a6f769c348,08a6f769c348-434,434,08:A6:F7:69:C3:48,ON,1501929,1780668719612,1501933,1780668719616,1617167,1780668719532,26,2026-06-05T14:12:00.3445495Z,,oasis/bottle
,,,0,,,local.mqtt.telegraf,55,40.66,,,08a6f76bd428,08a6f76bd428-435,435,08:A6:F7:6B:D4:28,ON,1504846,1780668722529,1504851,1780668722534,1661377,1780668720331,25,2026-06-05T14:12:03.2751009Z,,oasis/bottle
,,,0,,,local.mqtt.telegraf,56,27.06,,,08a6f75abdf0,08a6f75abdf0-435,435,08:A6:F7:5A:BD:F0,ON,1504888,1780668722571,1504893,1780668722576,1571946,1780668720331,25,2026-06-05T14:12:03.3137359Z,,oasis/bottle
,,,0,,,local.mqtt.telegraf,54,40.52,,,08a6f769c348,08a6f769c348-435,435,08:A6:F7:69:C3:48,ON,1505229,1780668722912,1505233,1780668722916,1620467,1780668722832,26,2026-06-05T14:12:03.6688621Z,,oasis/bottle
,,,0,,,local.mqtt.telegraf,55,40.55,,,08a6f76bd428,08a6f76bd428-436,436,08:A6:F7:6B:D4:28,ON,1508139,1780668725822,1508143,1780668725826,1664677,1780668723751,25,2026-06-05T14:12:06.5599702Z,,oasis/bottle
,,,0,,,local.mqtt.telegraf,56,27.08,,,08a6f75abdf0,08a6f75abdf0-436,436,08:A6:F7:5A:BD:F0,ON,1508188,1780668725872,1508196,1780668725879,1575246,1780668723751,25,2026-06-05T14:12:06.5945103Z,,oasis/bottle
,,,0,,,local.mqtt.telegraf,54,40.62,,,08a6f769c348,08a6f769c348-436,436,08:A6:F7:69:C3:48,ON,1508549,1780668726232,1508553,1780668726236,1623787,1780668726152,26,2026-06-05T14:12:06.9682735Z,,oasis/bottle
,,,0,,,local.mqtt.telegraf,55,40.55,,,08a6f76bd428,08a6f76bd428-437,437,08:A6:F7:6B:D4:28,ON,1511439,1780668729122,1511443,1780668729126,1667977,1780668727051,25,2026-06-05T14:12:09.8742374Z,,oasis/bottle
,,,0,,,local.mqtt.telegraf,55,26.89,,,08a6f75abdf0,08a6f75abdf0-437,437,08:A6:F7:5A:BD:F0,ON,1511489,1780668729172,1511493,1780668729176,1578547,1780668727052,25,2026-06-05T14:12:09.9117399Z,,oasis/bottle
,,,0,,,local.mqtt.telegraf,54,40.62,,,08a6f769c348,08a6f769c348-437,437,08:A6:F7:69:C3:48,ON,1511879,1780668729562,1511883,1780668729566,1627117,1780668729482,26,2026-06-05T14:12:10.2908925Z,,oasis/bottle
,,,0,,,local.mqtt.telegraf,55,40.19,,,08a6f76bd428,08a6f76bd428-438,438,08:A6:F7:6B:D4:28,ON,1514739,1780668732422,1514743,1780668732426,1671277,1780668730351,25,2026-06-05T14:12:13.1682069Z,,oasis/bottle
,,,0,,,local.mqtt.telegraf,56,26.7,,,08a6f75abdf0,08a6f75abdf0-438,438,08:A6:F7:5A:BD:F0,ON,1514788,1780668732472,1514793,1780668732476,1581846,1780668730351,25,2026-06-05T14:12:13.2140405Z,,oasis/bottle
,,,0,,,local.mqtt.telegraf,54,40.62,,,08a6f769c348,08a6f769c348-438,438,08:A6:F7:69:C3:48,ON,1515209,1780668732892,1515213,1780668732896,1630448,1780668732813,26,2026-06-05T14:12:13.6743595Z,,oasis/bottle
,,,0,,,local.mqtt.telegraf,55,40.53,,,08a6f76bd428,08a6f76bd428-439,439,08:A6:F7:6B:D4:28,ON,1518039,1780668735722,1518043,1780668735726,1674577,1780668733771,25,2026-06-05T14:12:16.4671513Z,,oasis/bottle
,,,0,,,local.mqtt.telegraf,56,27.1,,,08a6f75abdf0,08a6f75abdf0-439,439,08:A6:F7:5A:BD:F0,ON,1518088,1780668735771,1518093,1780668735776,1585146,1780668733771,25,2026-06-05T14:12:16.5081631Z,,oasis/bottle
,,,0,,,local.mqtt.telegraf,54,40.52,,,08a6f769c348,08a6f769c348-439,439,08:A6:F7:69:C3:48,ON,1518509,1780668736192,1518513,1780668736196,1633747,1780668736112,26,2026-06-05T14:12:16.9309702Z,,oasis/bottle
,,,0,,,local.mqtt.telegraf,55,40.62,,,08a6f76bd428,08a6f76bd428-440,440,08:A6:F7:6B:D4:28,ON,1521339,1780668739022,1521343,1780668739026,1677877,1780668737071,25,2026-06-05T14:12:19.7659585Z,,oasis/bottle
,,,0,,,local.mqtt.telegraf,55,26.9,,,08a6f75abdf0,08a6f75abdf0-440,440,08:A6:F7:5A:BD:F0,ON,1521388,1780668739072,1521393,1780668739076,1588447,1780668737072,25,2026-06-05T14:12:19.7903228Z,,oasis/bottle
,,,0,,,local.mqtt.telegraf,54,40.62,,,08a6f769c348,08a6f769c348-440,440,08:A6:F7:69:C3:48,ON,1521809,1780668739492,1521813,1780668739496,1637047,1780668739412,26,2026-06-05T14:12:20.2296301Z,,oasis/bottle
,,,0,,,local.mqtt.telegraf,55,40.49,,,08a6f76bd428,08a6f76bd428-441,441,08:A6:F7:6B:D4:28,ON,1524639,1780668742322,1524643,1780668742326,1681177,1780668740371,25,2026-06-05T14:12:23.0611042Z,,oasis/bottle
,,,0,,,local.mqtt.telegraf,56,26.94,,,08a6f75abdf0,08a6f75abdf0-441,441,08:A6:F7:5A:BD:F0,ON,1524688,1780668742371,1524693,1780668742376,1591746,1780668740371,25,2026-06-05T14:12:23.1003892Z,,oasis/bottle
,,,0,,,local.mqtt.telegraf,54,40.51,,,08a6f769c348,08a6f769c348-441,441,08:A6:F7:69:C3:48,ON,1525119,1780668742802,1525124,1780668742807,1640357,1780668742722,26,2026-06-05T14:12:23.5304858Z,,oasis/bottle
,,,0,,,local.mqtt.telegraf,55,40.59,,,08a6f76bd428,08a6f76bd428-442,442,08:A6:F7:6B:D4:28,ON,1527949,1780668745632,1527953,1780668745636,1684477,1780668743791,25,2026-06-05T14:12:26.3850856Z,,oasis/bottle
,,,0,,,local.mqtt.telegraf,56,26.96,,,08a6f75abdf0,08a6f75abdf0-442,442,08:A6:F7:5A:BD:F0,ON,1527999,1780668745682,1528003,1780668745686,1595056,1780668743791,25,2026-06-05T14:12:26.4281815Z,,oasis/bottle
,,,0,,,local.mqtt.telegraf,54,40.53,,,08a6f769c348,08a6f769c348-442,442,08:A6:F7:69:C3:48,ON,1528419,1780668746102,1528423,1780668746106,1643657,1780668743792,26,2026-06-05T14:12:26.837164Z,,oasis/bottle
,,,0,,,local.mqtt.telegraf,55,40.29,,,08a6f76bd428,08a6f76bd428-443,443,08:A6:F7:6B:D4:28,ON,1531239,1780668748922,1531243,1780668748926,1687777,1780668747091,25,2026-06-05T14:12:29.6751213Z,,oasis/bottle
,,,0,,,local.mqtt.telegraf,56,26.93,,,08a6f75abdf0,08a6f75abdf0-443,443,08:A6:F7:5A:BD:F0,ON,1531298,1780668748982,1531306,1780668748989,1598356,1780668747091,25,2026-06-05T14:12:29.7536653Z,,oasis/bottle
,,,0,,,local.mqtt.telegraf,54,40.62,,,08a6f769c348,08a6f769c348-443,443,08:A6:F7:69:C3:48,ON,1531719,1780668749402,1531723,1780668749406,1646957,1780668747092,26,2026-06-05T14:12:30.1418983Z,,oasis/bottle
,,,0,,,local.mqtt.telegraf,55,40.47,,,08a6f76bd428,08a6f76bd428-444,444,08:A6:F7:6B:D4:28,ON,1534539,1780668752222,1534544,1780668752227,1691077,1780668750391,25,2026-06-05T14:12:32.961173Z,,oasis/bottle
,,,0,,,local.mqtt.telegraf,56,26.86,,,08a6f75abdf0,08a6f75abdf0-444,444,08:A6:F7:5A:BD:F0,ON,1534602,1780668752285,1534606,1780668752289,1601656,1780668750391,25,2026-06-05T14:12:33.0087249Z,,oasis/bottle
,,,0,,,local.mqtt.telegraf,54,40.37,,,08a6f769c348,08a6f769c348-444,444,08:A6:F7:69:C3:48,ON,1535019,1780668752702,1535023,1780668752706,1650257,1780668750392,26,2026-06-05T14:12:33.4376483Z,,oasis/bottle
,,,0,,,local.mqtt.telegraf,55,40.52,,,08a6f76bd428,08a6f76bd428-445,445,08:A6:F7:6B:D4:28,ON,1537839,1780668755522,1537843,1780668755526,1694377,1780668753811,25,2026-06-05T14:12:36.2750671Z,,oasis/bottle
,,,0,,,local.mqtt.telegraf,56,26.81,,,08a6f75abdf0,08a6f75abdf0-445,445,08:A6:F7:5A:BD:F0,ON,1537898,1780668755581,1537906,1780668755589,1604956,1780668753811,25,2026-06-05T14:12:36.3136939Z,,oasis/bottle
,,,0,,,local.mqtt.telegraf,54,40.45,,,08a6f769c348,08a6f769c348-445,445,08:A6:F7:69:C3:48,ON,1538330,1780668756013,1538334,1780668756017,1653567,1780668753812,26,2026-06-05T14:12:36.7475213Z,,oasis/bottle
,,,0,,,local.mqtt.telegraf,55,40.37,,,08a6f76bd428,08a6f76bd428-446,446,08:A6:F7:6B:D4:28,ON,1541139,1780668758822,1541143,1780668758826,1697676,1780668757110,25,2026-06-05T14:12:39.5676069Z,,oasis/bottle
,,,0,,,local.mqtt.telegraf,56,26.79,,,08a6f75abdf0,08a6f75abdf0-446,446,08:A6:F7:5A:BD:F0,ON,1541202,1780668758885,1541207,1780668758890,1608256,1780668757111,25,2026-06-05T14:12:39.6057711Z,,oasis/bottle
,,,0,,,local.mqtt.telegraf,54,40.4,,,08a6f769c348,08a6f769c348-446,446,08:A6:F7:69:C3:48,ON,1541629,1780668759312,1541633,1780668759316,1656867,1780668757112,26,2026-06-05T14:12:40.045866Z,,oasis/bottle
,,,0,,,local.mqtt.telegraf,55,40.28,,,08a6f76bd428,08a6f76bd428-447,447,08:A6:F7:6B:D4:28,ON,1544439,1780668762122,1544443,1780668762126,1700976,1780668760410,25,2026-06-05T14:12:42.8615155Z,,oasis/bottle
,,,0,,,local.mqtt.telegraf,56,26.74,,,08a6f75abdf0,08a6f75abdf0-447,447,08:A6:F7:5A:BD:F0,ON,1544502,1780668762185,1544506,1780668762189,1611556,1780668760411,25,2026-06-05T14:12:42.8988944Z,,oasis/bottle
,,,0,,,local.mqtt.telegraf,54,40.47,,,08a6f769c348,08a6f769c348-447,447,08:A6:F7:69:C3:48,ON,1544929,1780668762612,1544933,1780668762616,1660167,1780668760412,26,2026-06-05T14:12:43.3476963Z,,oasis/bottle
,,,0,,,local.mqtt.telegraf,55,40.41,,,08a6f76bd428,08a6f76bd428-448,448,08:A6:F7:6B:D4:28,ON,1547749,1780668765432,1547754,1780668765437,1704277,1780668763839,25,2026-06-05T14:12:46.1774112Z,,oasis/bottle
,,,0,,,local.mqtt.telegraf,56,26.66,,,08a6f75abdf0,08a6f75abdf0-448,448,08:A6:F7:5A:BD:F0,ON,1547798,1780668765481,1547803,1780668765486,1614856,1780668763839,25,2026-06-05T14:12:46.2155613Z,,oasis/bottle
,,,0,,,local.mqtt.telegraf,54,40.6,,,08a6f769c348,08a6f769c348-448,448,08:A6:F7:69:C3:48,ON,1548229,1780668765912,1548233,1780668765916,1663467,1780668763840,26,2026-06-05T14:12:46.6664211Z,,oasis/bottle
,,,0,,,local.mqtt.telegraf,55,40.17,,,08a6f76bd428,08a6f76bd428-449,449,08:A6:F7:6B:D4:28,ON,1551039,1780668768722,1551043,1780668768726,1707576,1780668767138,25,2026-06-05T14:12:49.4736716Z,,oasis/bottle
,,,0,,,local.mqtt.telegraf,56,26.82,,,08a6f75abdf0,08a6f75abdf0-449,449,08:A6:F7:5A:BD:F0,ON,1551101,1780668768784,1551106,1780668768789,1618157,1780668767140,25,2026-06-05T14:12:49.5090146Z,,oasis/bottle
,,,0,,,local.mqtt.telegraf,54,40.45,,,08a6f769c348,08a6f769c348-449,449,08:A6:F7:69:C3:48,ON,1551529,1780668769212,1551534,1780668769217,1666767,1780668767140,26,2026-06-05T14:12:49.9578979Z,,oasis/bottle
,,,0,,,local.mqtt.telegraf,55,39.96,,,08a6f76bd428,08a6f76bd428-450,450,08:A6:F7:6B:D4:28,ON,1554339,1780668772022,1554343,1780668772026,1710876,1780668770438,25,2026-06-05T14:12:52.7582869Z,,oasis/bottle
,,,0,,,local.mqtt.telegraf,56,26.71,,,08a6f75abdf0,08a6f75abdf0-450,450,08:A6:F7:5A:BD:F0,ON,1554402,1780668772085,1554407,1780668772090,1621457,1780668770440,25,2026-06-05T14:12:52.7980206Z,,oasis/bottle
,,,0,,,local.mqtt.telegraf,55,40.43,,,08a6f769c348,08a6f769c348-450,450,08:A6:F7:69:C3:48,ON,1554829,1780668772512,1554833,1780668772516,1670066,1780668770439,26,2026-06-05T14:12:53.2417154Z,,oasis/bottle
,,,0,,,local.mqtt.telegraf,55,40.27,,,08a6f76bd428,08a6f76bd428-451,451,08:A6:F7:6B:D4:28,ON,1557639,1780668775322,1557643,1780668775326,1714177,1780668773861,25,2026-06-05T14:12:56.058799Z,,oasis/bottle
,,,0,,,local.mqtt.telegraf,56,26.63,,,08a6f75abdf0,08a6f75abdf0-451,451,08:A6:F7:5A:BD:F0,ON,1557702,1780668775385,1557706,1780668775389,1624757,1780668773862,25,2026-06-05T14:12:56.1277512Z,,oasis/bottle
,,,0,,,local.mqtt.telegraf,54,40.39,,,08a6f769c348,08a6f769c348-451,451,08:A6:F7:69:C3:48,ON,1558129,1780668775812,1558133,1780668775816,1673367,1780668773861,26,2026-06-05T14:12:56.5599399Z,,oasis/bottle
,,,0,,,local.mqtt.telegraf,55,40.24,,,08a6f76bd428,08a6f76bd428-452,452,08:A6:F7:6B:D4:28,ON,1560939,1780668778622,1560943,1780668778626,1717476,1780668777160,25,2026-06-05T14:12:59.3629473Z,,oasis/bottle
,,,0,,,local.mqtt.telegraf,56,26.74,,,08a6f75abdf0,08a6f75abdf0-452,452,08:A6:F7:5A:BD:F0,ON,1560999,1780668778684,1561006,1780668778689,1628056,1780668777161,25,2026-06-05T14:12:59.4041868Z,,oasis/bottle
,,,0,,,local.mqtt.telegraf,54,40.52,,,08a6f769c348,08a6f769c348-452,452,08:A6:F7:69:C3:48,ON,1561429,1780668779112,1561433,1780668779116,1676667,1780668777161,26,2026-06-05T14:12:59.8426293Z,,oasis/bottle
,,,0,,,local.mqtt.telegraf,55,40.19,,,08a6f76bd428,08a6f76bd428-453,453,08:A6:F7:6B:D4:28,ON,1564241,1780668781924,1564245,1780668781928,1720777,1780668780461,25,2026-06-05T14:13:02.6611738Z,,oasis/bottle
,,,0,,,local.mqtt.telegraf,56,26.65,,,08a6f75abdf0,08a6f75abdf0-453,453,08:A6:F7:5A:BD:F0,ON,1564301,1780668781984,1564306,1780668781989,1631357,1780668780462,25,2026-06-05T14:13:02.7047569Z,,oasis/bottle
,,,0,,,local.mqtt.telegraf,54,40.48,,,08a6f769c348,08a6f769c348-453,453,08:A6:F7:69:C3:48,ON,1564729,1780668782412,1564733,1780668782416,1679967,1780668780461,26,2026-06-05T14:13:03.1422702Z,,oasis/bottle
,,,0,,,local.mqtt.telegraf,55,40.25,,,08a6f76bd428,08a6f76bd428-454,454,08:A6:F7:6B:D4:28,ON,1567539,1780668785222,1567543,1780668785226,1724077,1780668783881,25,2026-06-05T14:13:05.9598829Z,,oasis/bottle
,,,0,,,local.mqtt.telegraf,56,26.63,,,08a6f75abdf0,08a6f75abdf0-454,454,08:A6:F7:5A:BD:F0,ON,1567601,1780668785284,1567606,1780668785289,1634656,1780668783880,25,2026-06-05T14:13:05.9923389Z,,oasis/bottle
,,,0,,,local.mqtt.telegraf,54,40.51,,,08a6f769c348,08a6f769c348-454,454,08:A6:F7:69:C3:48,ON,1568029,1780668785712,1568034,1780668785717,1683267,1780668783882,26,2026-06-05T14:13:06.4442442Z,,oasis/bottle
,,,0,,,local.mqtt.telegraf,55,40.19,,,08a6f76bd428,08a6f76bd428-455,455,08:A6:F7:6B:D4:28,ON,1570839,1780668788522,1570843,1780668788526,1727377,1780668787181,25,2026-06-05T14:13:09.2653773Z,,oasis/bottle
,,,0,,,local.mqtt.telegraf,56,26.71,,,08a6f75abdf0,08a6f75abdf0-455,455,08:A6:F7:5A:BD:F0,ON,1570899,1780668788582,1570906,1780668788589,1637956,1780668787180,25,2026-06-05T14:13:09.3050489Z,,oasis/bottle
,,,0,,,local.mqtt.telegraf,54,40.21,,,08a6f769c348,08a6f769c348-455,455,08:A6:F7:69:C3:48,ON,1571329,1780668789012,1571333,1780668789016,1686567,1780668787182,26,2026-06-05T14:13:09.741799Z,,oasis/bottle
,,,0,,,local.mqtt.telegraf,55,40.28,,,08a6f76bd428,08a6f76bd428-456,456,08:A6:F7:6B:D4:28,ON,1574139,1780668791822,1574144,1780668791827,1730676,1780668790480,25,2026-06-05T14:13:12.5654996Z,,oasis/bottle
,,,0,,,local.mqtt.telegraf,56,26.63,,,08a6f75abdf0,08a6f75abdf0-456,456,08:A6:F7:5A:BD:F0,ON,1574198,1780668791882,1574206,1780668791889,1641256,1780668790480,25,2026-06-05T14:13:12.6086716Z,,oasis/bottle
,,,0,,,local.mqtt.telegraf,54,40.47,,,08a6f769c348,08a6f769c348-456,456,08:A6:F7:69:C3:48,ON,1574636,1780668792319,1574641,1780668792324,1689867,1780668790482,26,2026-06-05T14:13:13.0527971Z,,oasis/bottle
,,,0,,,local.mqtt.telegraf,55,40.19,,,08a6f76bd428,08a6f76bd428-457,457,08:A6:F7:6B:D4:28,ON,1577439,1780668795122,1577443,1780668795126,1733977,1780668793901,25,2026-06-05T14:13:15.8573261Z,,oasis/bottle
,,,0,,,local.mqtt.telegraf,56,26.53,,,08a6f75abdf0,08a6f75abdf0-457,457,08:A6:F7:5A:BD:F0,ON,1577501,1780668795184,1577506,1780668795189,1644556,1780668793901,25,2026-06-05T14:13:15.9035368Z,,oasis/bottle
,,,0,,,local.mqtt.telegraf,54,40.37,,,08a6f769c348,08a6f769c348-457,457,08:A6:F7:69:C3:48,ON,1577929,1780668795612,1577933,1780668795616,1693167,1780668793902,26,2026-06-05T14:13:16.3396477Z,,oasis/bottle
,,,0,,,local.mqtt.telegraf,55,40.28,,,08a6f76bd428,08a6f76bd428-458,458,08:A6:F7:6B:D4:28,ON,1580739,1780668798422,1580743,1780668798426,1737278,1780668797202,25,2026-06-05T14:13:19.1851075Z,,oasis/bottle
,,,0,,,local.mqtt.telegraf,56,26.63,,,08a6f75abdf0,08a6f75abdf0-458,458,08:A6:F7:5A:BD:F0,ON,1580798,1780668798482,1580803,1780668798486,1647856,1780668797201,25,2026-06-05T14:13:19.2569426Z,,oasis/bottle
,,,0,,,local.mqtt.telegraf,54,40.31,,,08a6f769c348,08a6f769c348-458,458,08:A6:F7:69:C3:48,ON,1581229,1780668798912,1581234,1780668798917,1696467,1780668797202,26,2026-06-05T14:13:19.7057109Z,,oasis/bottle
,,,0,,,local.mqtt.telegraf,55,40.27,,,08a6f76bd428,08a6f76bd428-459,459,08:A6:F7:6B:D4:28,ON,1584039,1780668801722,1584043,1780668801726,1740576,1780668800500,25,2026-06-05T14:13:22.466468Z,,oasis/bottle
,,,0,,,local.mqtt.telegraf,56,26.59,,,08a6f75abdf0,08a6f75abdf0-459,459,08:A6:F7:5A:BD:F0,ON,1584129,1780668801812,1584133,1780668801816,1651187,1780668800532,25,2026-06-05T14:13:22.5088392Z,,oasis/bottle
,,,0,,,local.mqtt.telegraf,54,40.19,,,08a6f769c348,08a6f769c348-459,459,08:A6:F7:69:C3:48,ON,1584529,1780668802212,1584533,1780668802216,1699767,1780668800502,26,2026-06-05T14:13:22.937895Z,,oasis/bottle
,,,0,,,local.mqtt.telegraf,55,40.33,,,08a6f76bd428,08a6f76bd428-460,460,08:A6:F7:6B:D4:28,ON,1587339,1780668805022,1587343,1780668805026,1743877,1780668803929,25,2026-06-05T14:13:25.7585736Z,,oasis/bottle
,,,0,,,local.mqtt.telegraf,56,26.61,,,08a6f75abdf0,08a6f75abdf0-460,460,08:A6:F7:5A:BD:F0,ON,1587429,1780668805112,1587433,1780668805116,1654486,1780668803929,25,2026-06-05T14:13:25.8412438Z,,oasis/bottle
,,,0,,,local.mqtt.telegraf,54,40.39,,,08a6f769c348,08a6f769c348-460,460,08:A6:F7:69:C3:48,ON,1587829,1780668805512,1587833,1780668805516,1703067,1780668803930,26,2026-06-05T14:13:26.2496615Z,,oasis/bottle
,,,0,,,local.mqtt.telegraf,55,39.96,,,08a6f76bd428,08a6f76bd428-461,461,08:A6:F7:6B:D4:28,ON,1590639,1780668808322,1590643,1780668808326,1747177,1780668807229,25,2026-06-05T14:13:29.0639016Z,,oasis/bottle
,,,0,,,local.mqtt.telegraf,56,26.42,,,08a6f75abdf0,08a6f75abdf0-461,461,08:A6:F7:5A:BD:F0,ON,1590729,1780668808412,1590733,1780668808416,1657786,1780668807229,25,2026-06-05T14:13:29.1458645Z,,oasis/bottle
,,,0,,,local.mqtt.telegraf,54,40.25,,,08a6f769c348,08a6f769c348-461,461,08:A6:F7:69:C3:48,ON,1591129,1780668808812,1591133,1780668808816,1706367,1780668807230,26,2026-06-05T14:13:29.5437214Z,,oasis/bottle
,,,0,,,local.mqtt.telegraf,55,40.4,,,08a6f76bd428,08a6f76bd428-462,462,08:A6:F7:6B:D4:28,ON,1593939,1780668811622,1593944,1780668811627,1750477,1780668810529,25,2026-06-05T14:13:32.3575714Z,,oasis/bottle
,,,0,,,local.mqtt.telegraf,56,26.58,,,08a6f75abdf0,08a6f75abdf0-462,462,08:A6:F7:5A:BD:F0,ON,1594029,1780668811712,1594034,1780668811717,1661086,1780668810529,25,2026-06-05T14:13:32.4413814Z,,oasis/bottle
,,,0,,,local.mqtt.telegraf,54,40.23,,,08a6f769c348,08a6f769c348-462,462,08:A6:F7:69:C3:48,ON,1594429,1780668812112,1594433,1780668812116,1709667,1780668810530,26,2026-06-05T14:13:32.8403971Z,,oasis/bottle
,,,0,,,local.mqtt.telegraf,55,40.24,,,08a6f76bd428,08a6f76bd428-463,463,08:A6:F7:6B:D4:28,ON,1597249,1780668814932,1597253,1780668814936,1753787,1780668813952,25,2026-06-05T14:13:35.6748516Z,,oasis/bottle
,,,0,,,local.mqtt.telegraf,56,26.43,,,08a6f75abdf0,08a6f75abdf0-463,463,08:A6:F7:5A:BD:F0,ON,1597329,1780668815012,1597333,1780668815016,1664386,1780668813951,25,2026-06-05T14:13:35.7074962Z,,oasis/bottle
,,,0,,,local.mqtt.telegraf,54,40.2,,,08a6f769c348,08a6f769c348-463,463,08:A6:F7:69:C3:48,ON,1597729,1780668815412,1597733,1780668815416,1712967,1780668813951,26,2026-06-05T14:13:36.1518361Z,,oasis/bottle
,,,0,,,local.mqtt.telegraf,55,40.06,,,08a6f76bd428,08a6f76bd428-464,464,08:A6:F7:6B:D4:28,ON,1600549,1780668818232,1600553,1780668818236,1757087,1780668817252,25,2026-06-05T14:13:38.9813164Z,,oasis/bottle
,,,0,,,local.mqtt.telegraf,56,26.5,,,08a6f75abdf0,08a6f75abdf0-464,464,08:A6:F7:5A:BD:F0,ON,1600629,1780668818312,1600633,1780668818316,1667687,1780668817252,25,2026-06-05T14:13:39.0189756Z,,oasis/bottle
,,,0,,,local.mqtt.telegraf,54,40.15,,,08a6f769c348,08a6f769c348-464,464,08:A6:F7:69:C3:48,ON,1601049,1780668818732,1601053,1780668818736,1716287,1780668817271,26,2026-06-05T14:13:39.4571138Z,,oasis/bottle
,,,0,,,local.mqtt.telegraf,55,40.27,,,08a6f76bd428,08a6f76bd428-465,465,08:A6:F7:6B:D4:28,ON,1603849,1780668821532,1603853,1780668821536,1760387,1780668820552,25,2026-06-05T14:13:42.2783979Z,,oasis/bottle
,,,0,,,local.mqtt.telegraf,56,26.42,,,08a6f75abdf0,08a6f75abdf0-465,465,08:A6:F7:5A:BD:F0,ON,1603929,1780668821612,1603933,1780668821616,1670986,1780668820551,25,2026-06-05T14:13:42.3359708Z,,oasis/bottle
,,,0,,,local.mqtt.telegraf,54,40.36,,,08a6f769c348,08a6f769c348-465,465,08:A6:F7:69:C3:48,ON,1604369,1780668822052,1604373,1780668822056,1719607,1780668820591,26,2026-06-05T14:13:42.7822802Z,,oasis/bottle
,,,0,,,local.mqtt.telegraf,55,40.06,,,08a6f76bd428,08a6f76bd428-466,466,08:A6:F7:6B:D4:28,ON,1607159,1780668824842,1607163,1780668824846,1763687,1780668823971,25,2026-06-05T14:13:45.5962484Z,,oasis/bottle
,,,0,,,local.mqtt.telegraf,56,26.5,,,08a6f75abdf0,08a6f75abdf0-466,466,08:A6:F7:5A:BD:F0,ON,1607230,1780668824913,1607234,1780668824917,1674286,1780668823971,25,2026-06-05T14:13:45.6372837Z,,oasis/bottle
,,,0,,,local.mqtt.telegraf,54,40.21,,,08a6f769c348,08a6f769c348-466,466,08:A6:F7:69:C3:48,ON,1607689,1780668825372,1607693,1780668825376,1722927,1780668823962,26,2026-06-05T14:13:46.1053765Z,,oasis/bottle
,,,0,,,local.mqtt.telegraf,55,40.17,,,08a6f76bd428,08a6f76bd428-467,467,08:A6:F7:6B:D4:28,ON,1610449,1780668828132,1610453,1780668828136,1766986,1780668827270,25,2026-06-05T14:13:48.8669941Z,,oasis/bottle
,,,0,,,local.mqtt.telegraf,55,26.26,,,08a6f75abdf0,08a6f75abdf0-467,467,08:A6:F7:5A:BD:F0,ON,1610529,1780668828212,1610533,1780668828216,1677587,1780668827272,25,2026-06-05T14:13:48.9081949Z,,oasis/bottle
,,,0,,,local.mqtt.telegraf,54,40.24,,,08a6f769c348,08a6f769c348-467,467,08:A6:F7:69:C3:48,ON,1610989,1780668828672,1610993,1780668828676,1726226,1780668827261,26,2026-06-05T14:13:49.3980685Z,,oasis/bottle
,,,0,,,local.mqtt.telegraf,55,40.17,,,08a6f76bd428,08a6f76bd428-468,468,08:A6:F7:6B:D4:28,ON,1613749,1780668831432,1613753,1780668831436,1770286,1780668830570,25,2026-06-05T14:13:52.1766471Z,,oasis/bottle
,,,0,,,local.mqtt.telegraf,56,26.22,,,08a6f75abdf0,08a6f75abdf0-468,468,08:A6:F7:5A:BD:F0,ON,1613829,1780668831512,1613834,1780668831517,1680886,1780668830571,25,2026-06-05T14:13:52.2193645Z,,oasis/bottle
,,,0,,,local.mqtt.telegraf,54,40.19,,,08a6f769c348,08a6f769c348-468,468,08:A6:F7:69:C3:48,ON,1614289,1780668831972,1614293,1780668831976,1729526,1780668830561,26,2026-06-05T14:13:52.706526Z,,oasis/bottle
,,,0,,,local.mqtt.telegraf,55,40.2,,,08a6f76bd428,08a6f76bd428-469,469,08:A6:F7:6B:D4:28,ON,1617049,1780668834732,1617053,1780668834736,1773587,1780668833991,25,2026-06-05T14:13:55.4672712Z,,oasis/bottle
,,,0,,,local.mqtt.telegraf,56,26.38,,,08a6f75abdf0,08a6f75abdf0-469,469,08:A6:F7:5A:BD:F0,ON,1617129,1780668834812,1617133,1780668834816,1684186,1780668833991,25,2026-06-05T14:13:55.5119961Z,,oasis/bottle
,,,0,,,local.mqtt.telegraf,54,40.09,,,08a6f769c348,08a6f769c348-469,469,08:A6:F7:69:C3:48,ON,1617599,1780668835282,1617603,1780668835286,1732837,1780668833992,26,2026-06-05T14:13:56.0162754Z,,oasis/bottle
,,,0,,,local.mqtt.telegraf,55,40.04,,,08a6f76bd428,08a6f76bd428-470,470,08:A6:F7:6B:D4:28,ON,1620349,1780668838032,1620355,1780668838038,1776886,1780668837290,25,2026-06-05T14:13:58.7642302Z,,oasis/bottle
,,,0,,,local.mqtt.telegraf,55,26.36,,,08a6f75abdf0,08a6f75abdf0-470,470,08:A6:F7:5A:BD:F0,ON,1620429,1780668838112,1620433,1780668838116,1687487,1780668837292,25,2026-06-05T14:13:58.8093226Z,,oasis/bottle
,,,0,,,local.mqtt.telegraf,54,40.2,,,08a6f769c348,08a6f769c348-470,470,08:A6:F7:69:C3:48,ON,1620899,1780668838582,1620903,1780668838586,1736136,1780668837291,26,2026-06-05T14:13:59.3035601Z,,oasis/bottle
,,,0,,,local.mqtt.telegraf,56,39.85,,,08a6f76bd428,08a6f76bd428-471,471,08:A6:F7:6B:D4:28,ON,1623649,1780668841332,1623653,1780668841336,1780186,1780668840590,25,2026-06-05T14:14:02.0794728Z,,oasis/bottle
,,,0,,,local.mqtt.telegraf,55,26.15,,,08a6f75abdf0,08a6f75abdf0-471,471,08:A6:F7:5A:BD:F0,ON,1623729,1780668841412,1623734,1780668841417,1690787,1780668840592,25,2026-06-05T14:14:02.1223538Z,,oasis/bottle
,,,0,,,local.mqtt.telegraf,54,40.28,,,08a6f769c348,08a6f769c348-471,471,08:A6:F7:69:C3:48,ON,1624199,1780668841882,1624203,1780668841886,1739436,1780668840591,26,2026-06-05T14:14:02.6071718Z,,oasis/bottle
,,,0,,,local.mqtt.telegraf,55,39.84,,,08a6f76bd428,08a6f76bd428-472,472,08:A6:F7:6B:D4:28,ON,1626949,1780668844632,1626953,1780668844636,1783487,1780668844021,25,2026-06-05T14:14:05.368506Z,,oasis/bottle
,,,0,,,local.mqtt.telegraf,56,26.12,,,08a6f75abdf0,08a6f75abdf0-472,472,08:A6:F7:5A:BD:F0,ON,1627029,1780668844712,1627033,1780668844716,1694086,1780668844021,25,2026-06-05T14:14:05.4092746Z,,oasis/bottle
,,,0,,,local.mqtt.telegraf,54,40.06,,,08a6f769c348,08a6f769c348-472,472,08:A6:F7:69:C3:48,ON,1627499,1780668845182,1627503,1780668845186,1742736,1780668844021,26,2026-06-05T14:14:05.9116328Z,,oasis/bottle
,,,0,,,local.mqtt.telegraf,55,39.93,,,08a6f76bd428,08a6f76bd428-473,473,08:A6:F7:6B:D4:28,ON,1630249,1780668847932,1630253,1780668847936,1786786,1780668847320,25,2026-06-05T14:14:08.6625483Z,,oasis/bottle
,,,0,,,local.mqtt.telegraf,56,26.42,,,08a6f75abdf0,08a6f75abdf0-473,473,08:A6:F7:5A:BD:F0,ON,1630329,1780668848012,1630333,1780668848016,1697386,1780668847321,25,2026-06-05T14:14:08.7027933Z,,oasis/bottle
,,,0,,,local.mqtt.telegraf,54,40.06,,,08a6f769c348,08a6f769c348-473,473,08:A6:F7:69:C3:48,ON,1630799,1780668848482,1630804,1780668848487,1746036,1780668847321,26,2026-06-05T14:14:09.2068626Z,,oasis/bottle
,,,0,,,local.mqtt.telegraf,55,39.96,,,08a6f76bd428,08a6f76bd428-474,474,08:A6:F7:6B:D4:28,ON,1633549,1780668851232,1633554,1780668851237,1790086,1780668850620,25,2026-06-05T14:14:11.9731415Z,,oasis/bottle
,,,0,,,local.mqtt.telegraf,56,26.16,,,08a6f75abdf0,08a6f75abdf0-474,474,08:A6:F7:5A:BD:F0,ON,1633629,1780668851312,1633633,1780668851316,1700686,1780668850621,25,2026-06-05T14:14:12.0147402Z,,oasis/bottle
,,,0,,,local.mqtt.telegraf,54,40.05,,,08a6f769c348,08a6f769c348-474,474,08:A6:F7:69:C3:48,ON,1634099,1780668851782,1634103,1780668851786,1749337,1780668850622,26,2026-06-05T14:14:12.510883Z,,oasis/bottle
,,,0,,,local.mqtt.telegraf,55,40.09,,,08a6f76bd428,08a6f76bd428-475,475,08:A6:F7:6B:D4:28,ON,1636859,1780668854542,1636863,1780668854546,1793387,1780668854050,25,2026-06-05T14:14:15.2874918Z,,oasis/bottle
,,,0,,,local.mqtt.telegraf,56,26.14,,,08a6f75abdf0,08a6f75abdf0-475,475,08:A6:F7:5A:BD:F0,ON,1636930,1780668854613,1636935,1780668854618,1703986,1780668854050,25,2026-06-05T14:14:15.3370939Z,,oasis/bottle
,,,0,,,local.mqtt.telegraf,54,40.19,,,08a6f769c348,08a6f769c348-475,475,08:A6:F7:69:C3:48,ON,1637399,1780668855082,1637403,1780668855086,1752636,1780668854050,26,2026-06-05T14:14:15.8139812Z,,oasis/bottle
,,,0,,,local.mqtt.telegraf,55,39.98,,,08a6f76bd428,08a6f76bd428-476,476,08:A6:F7:6B:D4:28,ON,1640149,1780668857832,1640153,1780668857836,1796687,1780668857350,25,2026-06-05T14:14:18.5635633Z,,oasis/bottle
,,,0,,,local.mqtt.telegraf,56,26.18,,,08a6f75abdf0,08a6f75abdf0-476,476,08:A6:F7:5A:BD:F0,ON,1640229,1780668857912,1640234,1780668857917,1707286,1780668857350,25,2026-06-05T14:14:18.6065114Z,,oasis/bottle
,,,0,,,local.mqtt.telegraf,54,40.12,,,08a6f769c348,08a6f769c348-476,476,08:A6:F7:69:C3:48,ON,1640699,1780668858382,1640703,1780668858386,1755937,1780668857351,26,2026-06-05T14:14:19.1075124Z,,oasis/bottle
,,,0,,,local.mqtt.telegraf,55,39.89,,,08a6f76bd428,08a6f76bd428-477,477,08:A6:F7:6B:D4:28,ON,1643449,1780668861132,1643453,1780668861136,1799987,1780668860650,25,2026-06-05T14:14:21.8651419Z,,oasis/bottle
,,,0,,,local.mqtt.telegraf,56,26.19,,,08a6f75abdf0,08a6f75abdf0-477,477,08:A6:F7:5A:BD:F0,ON,1643529,1780668861212,1643533,1780668861216,1710587,1780668860651,25,2026-06-05T14:14:21.9063607Z,,oasis/bottle
,,,0,,,local.mqtt.telegraf,54,39.85,,,08a6f769c348,08a6f769c348-477,477,08:A6:F7:69:C3:48,ON,1643999,1780668861682,1644003,1780668861686,1759237,1780668860651,26,2026-06-05T14:14:22.4078085Z,,oasis/bottle
,,,0,,,local.mqtt.telegraf,55,39.88,,,08a6f76bd428,08a6f76bd428-478,478,08:A6:F7:6B:D4:28,ON,1646749,1780668864432,1646753,1780668864436,1803287,1780668864071,25,2026-06-05T14:14:25.1760358Z,,oasis/bottle
,,,0,,,local.mqtt.telegraf,56,26,,,08a6f75abdf0,08a6f75abdf0-478,478,08:A6:F7:5A:BD:F0,ON,1646829,1780668864512,1646833,1780668864516,1713886,1780668864071,25,2026-06-05T14:14:25.2154685Z,,oasis/bottle
,,,0,,,local.mqtt.telegraf,54,40.2,,,08a6f769c348,08a6f769c348-478,478,08:A6:F7:69:C3:48,ON,1647319,1780668865002,1647323,1780668865006,1762557,1780668864062,26,2026-06-05T14:14:25.7367369Z,,oasis/bottle
,,,0,,,local.mqtt.telegraf,55,39.78,,,08a6f76bd428,08a6f76bd428-479,479,08:A6:F7:6B:D4:28,ON,1650049,1780668867732,1650054,1780668867737,1806587,1780668867371,25,2026-06-05T14:14:28.4643026Z,,oasis/bottle
,,,0,,,local.mqtt.telegraf,56,25.91,,,08a6f75abdf0,08a6f75abdf0-479,479,08:A6:F7:5A:BD:F0,ON,1650129,1780668867812,1650133,1780668867816,1717186,1780668867371,25,2026-06-05T14:14:28.5010674Z,,oasis/bottle
,,,0,,,local.mqtt.telegraf,54,39.93,,,08a6f769c348,08a6f769c348-479,479,08:A6:F7:69:C3:48,ON,1650619,1780668868302,1650623,1780668868306,1765857,1780668867362,26,2026-06-05T14:14:29.0187676Z,,oasis/bottle
,,,0,,,local.mqtt.telegraf,55,39.84,,,08a6f76bd428,08a6f76bd428-480,480,08:A6:F7:6B:D4:28,ON,1653349,1780668871032,1653353,1780668871036,1809887,1780668870671,25,2026-06-05T14:14:31.7619783Z,,oasis/bottle
,,,0,,,local.mqtt.telegraf,56,25.99,,,08a6f75abdf0,08a6f75abdf0-480,480,08:A6:F7:5A:BD:F0,ON,1653429,1780668871112,1653434,1780668871117,1720486,1780668870671,25,2026-06-05T14:14:31.8029365Z,,oasis/bottle
,,,0,,,local.mqtt.telegraf,54,40.12,,,08a6f769c348,08a6f769c348-480,480,08:A6:F7:69:C3:48,ON,1653919,1780668871602,1653923,1780668871606,1769157,1780668870662,26,2026-06-05T14:14:32.3318663Z,,oasis/bottle
,,,0,,,local.mqtt.telegraf,55,39.74,,,08a6f76bd428,08a6f76bd428-481,481,08:A6:F7:6B:D4:28,ON,1656649,1780668874333,1656654,1780668874337,1813187,1780668874091,25,2026-06-05T14:14:35.0669623Z,,oasis/bottle
,,,0,,,local.mqtt.telegraf,56,25.88,,,08a6f75abdf0,08a6f75abdf0-481,481,08:A6:F7:5A:BD:F0,ON,1656729,1780668874412,1656733,1780668874416,1723786,1780668874091,25,2026-06-05T14:14:35.1118944Z,,oasis/bottle
,,,0,,,local.mqtt.telegraf,54,40.02,,,08a6f769c348,08a6f769c348-481,481,08:A6:F7:69:C3:48,ON,1657219,1780668874902,1657225,1780668874908,1772456,1780668874091,26,2026-06-05T14:14:35.6264967Z,,oasis/bottle
,,,0,,,local.mqtt.telegraf,55,39.85,,,08a6f76bd428,08a6f76bd428-482,482,08:A6:F7:6B:D4:28,ON,1659959,1780668877642,1659963,1780668877646,1816487,1780668877391,25,2026-06-05T14:14:38.3823351Z,,oasis/bottle
,,,0,,,local.mqtt.telegraf,56,25.92,,,08a6f75abdf0,08a6f75abdf0-482,482,08:A6:F7:5A:BD:F0,ON,1660030,1780668877713,1660034,1780668877717,1727086,1780668877391,25,2026-06-05T14:14:38.4219695Z,,oasis/bottle
,,,0,,,local.mqtt.telegraf,54,39.82,,,08a6f769c348,08a6f769c348-482,482,08:A6:F7:69:C3:48,ON,1660519,1780668878202,1660523,1780668878206,1775757,1780668877392,26,2026-06-05T14:14:38.9222375Z,,oasis/bottle
,,,0,,,local.mqtt.telegraf,55,39.76,,,08a6f76bd428,08a6f76bd428-483,483,08:A6:F7:6B:D4:28,ON,1663249,1780668880932,1663253,1780668880936,1819787,1780668880691,25,2026-06-05T14:14:41.6637385Z,,oasis/bottle
,,,0,,,local.mqtt.telegraf,56,25.77,,,08a6f75abdf0,08a6f75abdf0-483,483,08:A6:F7:5A:BD:F0,ON,1663329,1780668881012,1663333,1780668881016,1730386,1780668880691,25,2026-06-05T14:14:41.7078611Z,,oasis/bottle
,,,0,,,local.mqtt.telegraf,54,39.82,,,08a6f769c348,08a6f769c348-483,483,08:A6:F7:69:C3:48,ON,1663819,1780668881502,1663823,1780668881506,1779057,1780668880692,26,2026-06-05T14:14:42.2266927Z,,oasis/bottle
,,,0,,,local.mqtt.telegraf,55,39.47,,,08a6f76bd428,08a6f76bd428-484,484,08:A6:F7:6B:D4:28,ON,1666549,1780668884232,1666553,1780668884236,1823087,1780668884119,25,2026-06-05T14:14:44.962384Z,,oasis/bottle
,,,0,,,local.mqtt.telegraf,55,25.6,,,08a6f75abdf0,08a6f75abdf0-484,484,08:A6:F7:5A:BD:F0,ON,1666629,1780668884312,1666633,1780668884316,1733687,1780668884120,25,2026-06-05T14:14:45.0019593Z,,oasis/bottle
,,,0,,,local.mqtt.telegraf,54,39.93,,,08a6f769c348,08a6f769c348-484,484,08:A6:F7:69:C3:48,ON,1667119,1780668884802,1667123,1780668884806,1782357,1780668884120,26,2026-06-05T14:14:45.5316122Z,,oasis/bottle
,,,0,,,local.mqtt.telegraf,55,39.62,,,08a6f76bd428,08a6f76bd428-485,485,08:A6:F7:6B:D4:28,ON,1669849,1780668887532,1669853,1780668887536,1826387,1780668887419,25,2026-06-05T14:14:48.2489909Z,,oasis/bottle
,,,0,,,local.mqtt.telegraf,56,25.63,,,08a6f75abdf0,08a6f75abdf0-485,485,08:A6:F7:5A:BD:F0,ON,1669929,1780668887612,1669933,1780668887616,1736986,1780668887419,25,2026-06-05T14:14:48.3474961Z,,oasis/bottle
,,,0,,,local.mqtt.telegraf,54,39.76,,,08a6f769c348,08a6f769c348-485,485,08:A6:F7:69:C3:48,ON,1670419,1780668888102,1670424,1780668888107,1785657,1780668887420,26,2026-06-05T14:14:48.8256443Z,,oasis/bottle
,,,0,,,local.mqtt.telegraf,55,39.85,,,08a6f76bd428,08a6f76bd428-486,486,08:A6:F7:6B:D4:28,ON,1673149,1780668890832,1673153,1780668890836,1829687,1780668890719,25,2026-06-05T14:14:51.5651167Z,,oasis/bottle
,,,0,,,local.mqtt.telegraf,56,25.76,,,08a6f75abdf0,08a6f75abdf0-486,486,08:A6:F7:5A:BD:F0,ON,1673228,1780668890911,1673237,1780668890920,1740286,1780668890719,25,2026-06-05T14:14:51.6067363Z,,oasis/bottle
,,,0,,,local.mqtt.telegraf,54,39.74,,,08a6f769c348,08a6f769c348-486,486,08:A6:F7:69:C3:48,ON,1673739,1780668891422,1673743,1780668891426,1788977,1780668890740,26,2026-06-05T14:14:52.1464089Z,,oasis/bottle
,,,0,,,local.mqtt.telegraf,55,39.72,,,08a6f76bd428,08a6f76bd428-487,487,08:A6:F7:6B:D4:28,ON,1676459,1780668894142,1676463,1780668894146,1832987,1780668894061,25,2026-06-05T14:14:54.8747744Z,,oasis/bottle
,,,0,,,local.mqtt.telegraf,56,25.55,,,08a6f75abdf0,08a6f75abdf0-487,487,08:A6:F7:5A:BD:F0,ON,1676529,1780668894212,1676534,1780668894217,1743586,1780668894101,25,2026-06-05T14:14:54.9415389Z,,oasis/bottle
,,,0,,,local.mqtt.telegraf,54,39.8,,,08a6f769c348,08a6f769c348-487,487,08:A6:F7:69:C3:48,ON,1677039,1780668894722,1677043,1780668894726,1792276,1780668894141,26,2026-06-05T14:14:55.4427469Z,,oasis/bottle
,,,0,,,local.mqtt.telegraf,55,39.59,,,08a6f76bd428,08a6f76bd428-488,488,08:A6:F7:6B:D4:28,ON,1679759,1780668897442,1679763,1780668897446,1836297,1780668897371,25,2026-06-05T14:14:58.1743149Z,,oasis/bottle
,,,0,,,local.mqtt.telegraf,56,25.38,,,08a6f75abdf0,08a6f75abdf0-488,488,08:A6:F7:5A:BD:F0,ON,1679829,1780668897512,1679833,1780668897517,1746886,1780668897401,25,2026-06-05T14:14:58.2157929Z,,oasis/bottle
,,,0,,,local.mqtt.telegraf,54,39.76,,,08a6f769c348,08a6f769c348-488,488,08:A6:F7:69:C3:48,ON,1680339,1780668898022,1680343,1780668898026,1795576,1780668897441,26,2026-06-05T14:14:58.7450862Z,,oasis/bottle
,,,0,,,local.mqtt.telegraf,55,39.66,,,08a6f76bd428,08a6f76bd428-489,489,08:A6:F7:6B:D4:28,ON,1683059,1780668900742,1683063,1780668900746,1839597,1780668900671,25,2026-06-05T14:15:01.48622Z,,oasis/bottle
,,,0,,,local.mqtt.telegraf,56,25.45,,,08a6f75abdf0,08a6f75abdf0-489,489,08:A6:F7:5A:BD:F0,ON,1683133,1780668900816,1683137,1780668900820,1750186,1780668900701,25,2026-06-05T14:15:01.5262519Z,,oasis/bottle
,,,0,,,local.mqtt.telegraf,54,39.85,,,08a6f769c348,08a6f769c348-489,489,08:A6:F7:69:C3:48,ON,1683639,1780668901322,1683644,1780668901327,1798876,1780668900741,26,2026-06-05T14:15:02.0404396Z,,oasis/bottle
,,,0,,,local.mqtt.telegraf,55,39.55,,,08a6f76bd428,08a6f76bd428-490,490,08:A6:F7:6B:D4:28,ON,1686359,1780668904042,1686363,1780668904046,1842897,1780668903970,25,2026-06-05T14:15:04.7712619Z,,oasis/bottle
,,,0,,,local.mqtt.telegraf,56,25.64,,,08a6f75abdf0,08a6f75abdf0-490,490,08:A6:F7:5A:BD:F0,ON,1686429,1780668904112,1686434,1780668904117,1753486,1780668904030,25,2026-06-05T14:15:04.8124009Z,,oasis/bottle
,,,0,,,local.mqtt.telegraf,54,39.62,,,08a6f769c348,08a6f769c348-490,490,08:A6:F7:69:C3:48,ON,1686939,1780668904622,1686943,1780668904626,1802177,1780668904190,26,2026-06-05T14:15:05.3449082Z,,oasis/bottle
,,,0,,,local.mqtt.telegraf,55,39.61,,,08a6f76bd428,08a6f76bd428-491,491,08:A6:F7:6B:D4:28,ON,1689659,1780668907342,1689663,1780668907346,1846196,1780668907269,25,2026-06-05T14:15:08.0721856Z,,oasis/bottle
,,,0,,,local.mqtt.telegraf,56,25.59,,,08a6f75abdf0,08a6f75abdf0-491,491,08:A6:F7:5A:BD:F0,ON,1689729,1780668907412,1689734,1780668907417,1756786,1780668907330,25,2026-06-05T14:15:08.1105644Z,,oasis/bottle
,,,0,,,local.mqtt.telegraf,54,39.61,,,08a6f769c348,08a6f769c348-491,491,08:A6:F7:69:C3:48,ON,1690239,1780668907922,1690243,1780668907926,1805477,1780668907490,26,2026-06-05T14:15:08.6443132Z,,oasis/bottle
,,,0,,,local.mqtt.telegraf,55,39.5,,,08a6f76bd428,08a6f76bd428-492,492,08:A6:F7:6B:D4:28,ON,1692969,1780668910652,1692973,1780668910656,1849496,1780668910569,25,2026-06-05T14:15:11.3869297Z,,oasis/bottle
,,,0,,,local.mqtt.telegraf,55,25.49,,,08a6f75abdf0,08a6f75abdf0-492,492,08:A6:F7:5A:BD:F0,ON,1693028,1780668910712,1693036,1780668910719,1760087,1780668910631,25,2026-06-05T14:15:11.4242548Z,,oasis/bottle
,,,0,,,local.mqtt.telegraf,54,39.66,,,08a6f769c348,08a6f769c348-492,492,08:A6:F7:69:C3:48,ON,1693539,1780668911222,1693551,1780668911234,1808776,1780668910789,26,2026-06-05T14:15:11.9502016Z,,oasis/bottle
,,,0,,,local.mqtt.telegraf,55,39.58,,,08a6f76bd428,08a6f76bd428-493,493,08:A6:F7:6B:D4:28,ON,1696259,1780668913942,1696263,1780668913946,1852797,1780668913871,25,2026-06-05T14:15:14.6881294Z,,oasis/bottle
,,,0,,,local.mqtt.telegraf,55,25.52,,,08a6f75abdf0,08a6f75abdf0-493,493,08:A6:F7:5A:BD:F0,ON,1696330,1780668914013,1696335,1780668914019,1763387,1780668913932,25,2026-06-05T14:15:14.728671Z,,oasis/bottle
,,,0,,,local.mqtt.telegraf,54,39.55,,,08a6f769c348,08a6f769c348-493,493,08:A6:F7:69:C3:48,ON,1696839,1780668914522,1696843,1780668914526,1812077,1780668914212,26,2026-06-05T14:15:15.2658083Z,,oasis/bottle
,,,0,,,local.mqtt.telegraf,55,39.37,,,08a6f76bd428,08a6f76bd428-494,494,08:A6:F7:6B:D4:28,ON,1699559,1780668917242,1699563,1780668917246,1856096,1780668917170,25,2026-06-05T14:15:17.9709491Z,,oasis/bottle
,,,0,,,local.mqtt.telegraf,56,25.48,,,08a6f75abdf0,08a6f75abdf0-494,494,08:A6:F7:5A:BD:F0,ON,1699639,1780668917322,1699643,1780668917326,1766696,1780668917241,25,2026-06-05T14:15:18.0098468Z,,oasis/bottle
,,,0,,,local.mqtt.telegraf,54,39.41,,,08a6f769c348,08a6f769c348-494,494,08:A6:F7:69:C3:48,ON,1700139,1780668917822,1700143,1780668917826,1815377,1780668917512,26,2026-06-05T14:15:18.5416155Z,,oasis/bottle
,,,0,,,local.mqtt.telegraf,55,39.53,,,08a6f76bd428,08a6f76bd428-495,495,08:A6:F7:6B:D4:28,ON,1702859,1780668920542,1702863,1780668920546,1859396,1780668920470,25,2026-06-05T14:15:21.2694045Z,,oasis/bottle
,,,0,,,local.mqtt.telegraf,55,25.49,,,08a6f75abdf0,08a6f75abdf0-495,495,08:A6:F7:5A:BD:F0,ON,1702939,1780668920622,1702943,1780668920626,1769997,1780668920542,25,2026-06-05T14:15:21.3095579Z,,oasis/bottle
,,,0,,,local.mqtt.telegraf,54,39.51,,,08a6f769c348,08a6f769c348-495,495,08:A6:F7:69:C3:48,ON,1703449,1780668921132,1703453,1780668921136,1818686,1780668920821,26,2026-06-05T14:15:21.8549206Z,,oasis/bottle
,,,0,,,local.mqtt.telegraf,55,39.39,,,08a6f76bd428,08a6f76bd428-496,496,08:A6:F7:6B:D4:28,ON,1706159,1780668923842,1706164,1780668923847,1862697,1780668923771,25,2026-06-05T14:15:24.5713078Z,,oasis/bottle
,,,0,,,local.mqtt.telegraf,55,25.2,,,08a6f75abdf0,08a6f75abdf0-496,496,08:A6:F7:5A:BD:F0,ON,1706239,1780668923922,1706243,1780668923926,1773297,1780668923842,25,2026-06-05T14:15:24.6133083Z,,oasis/bottle
,,,0,,,local.mqtt.telegraf,54,39.41,,,08a6f769c348,08a6f769c348-496,496,08:A6:F7:69:C3:48,ON,1706749,1780668924432,1706753,1780668924436,1821986,1780668924231,26,2026-06-05T14:15:25.1551133Z,,oasis/bottle
,,,0,,,local.mqtt.telegraf,55,39.42,,,08a6f76bd428,08a6f76bd428-497,497,08:A6:F7:6B:D4:28,ON,1709459,1780668927142,1709463,1780668927146,1865996,1780668927070,25,2026-06-05T14:15:27.8714919Z,,oasis/bottle
,,,0,,,local.mqtt.telegraf,56,25.14,,,08a6f75abdf0,08a6f75abdf0-497,497,08:A6:F7:5A:BD:F0,ON,1709539,1780668927222,1709544,1780668927227,1776596,1780668927141,25,2026-06-05T14:15:27.9050017Z,,oasis/bottle
,,,0,,,local.mqtt.telegraf,54,39.51,,,08a6f769c348,08a6f769c348-497,497,08:A6:F7:69:C3:48,ON,1710049,1780668927732,1710053,1780668927736,1825286,1780668927531,26,2026-06-05T14:15:28.4558038Z,,oasis/bottle
,,,0,,,local.mqtt.telegraf,55,39.39,,,08a6f76bd428,08a6f76bd428-498,498,08:A6:F7:6B:D4:28,ON,1712759,1780668930442,1712763,1780668930446,1869296,1780668930370,25,2026-06-05T14:15:31.1735318Z,,oasis/bottle
,,,0,,,local.mqtt.telegraf,55,25.2,,,08a6f75abdf0,08a6f75abdf0-498,498,08:A6:F7:5A:BD:F0,ON,1712839,1780668930522,1712843,1780668930526,1779897,1780668930442,25,2026-06-05T14:15:31.2126603Z,,oasis/bottle
,,,0,,,local.mqtt.telegraf,54,39.46,,,08a6f769c348,08a6f769c348-498,498,08:A6:F7:69:C3:48,ON,1713359,1780668931042,1713368,1780668931051,1828586,1780668930831,26,2026-06-05T14:15:31.7660787Z,,oasis/bottle
,,,0,,,local.mqtt.telegraf,55,39.54,,,08a6f76bd428,08a6f76bd428-499,499,08:A6:F7:6B:D4:28,ON,1716059,1780668933742,1716063,1780668933746,1872597,1780668933671,25,2026-06-05T14:15:34.4635826Z,,oasis/bottle
,,,0,,,local.mqtt.telegraf,55,25.18,,,08a6f75abdf0,08a6f75abdf0-499,499,08:A6:F7:5A:BD:F0,ON,1716139,1780668933822,1716143,1780668933826,1783197,1780668933702,25,2026-06-05T14:15:34.5090294Z,,oasis/bottle
,,,0,,,local.mqtt.telegraf,54,39.39,,,08a6f769c348,08a6f769c348-499,499,08:A6:F7:69:C3:48,ON,1716649,1780668934332,1716653,1780668934336,1831887,1780668934242,26,2026-06-05T14:15:35.0621715Z,,oasis/bottle
,,,0,,,local.mqtt.telegraf,55,39.41,,,08a6f76bd428,08a6f76bd428-500,500,08:A6:F7:6B:D4:28,ON,1719359,1780668937042,1719363,1780668937046,1875896,1780668936970,25,2026-06-05T14:15:37.7801763Z,,oasis/bottle
,,,0,,,local.mqtt.telegraf,55,25.12,,,08a6f75abdf0,08a6f75abdf0-500,500,08:A6:F7:5A:BD:F0,ON,1719439,1780668937122,1719443,1780668937126,1786497,1780668937002,25,2026-06-05T14:15:37.8276719Z,,oasis/bottle
,,,0,,,local.mqtt.telegraf,54,39.51,,,08a6f769c348,08a6f769c348-500,500,08:A6:F7:69:C3:48,ON,1719949,1780668937632,1719953,1780668937636,1835187,1780668937542,26,2026-06-05T14:15:38.3489133Z,,oasis/bottle
,,,0,,,local.mqtt.telegraf,55,39.33,,,08a6f76bd428,08a6f76bd428-501,501,08:A6:F7:6B:D4:28,ON,1722659,1780668940342,1722663,1780668940346,1879196,1780668940270,25,2026-06-05T14:15:41.0661039Z,,oasis/bottle
,,,0,,,local.mqtt.telegraf,55,25.13,,,08a6f75abdf0,08a6f75abdf0-501,501,08:A6:F7:5A:BD:F0,ON,1722739,1780668940422,1722743,1780668940426,1789797,1780668940302,25,2026-06-05T14:15:41.1046884Z,,oasis/bottle
,,,0,,,local.mqtt.telegraf,54,39.41,,,08a6f769c348,08a6f769c348-501,501,08:A6:F7:69:C3:48,ON,1723249,1780668940932,1723253,1780668940936,1838487,1780668940842,26,2026-06-05T14:15:41.6481478Z,,oasis/bottle
,,,0,,,local.mqtt.telegraf,55,39.53,,,08a6f76bd428,08a6f76bd428-502,502,08:A6:F7:6B:D4:28,ON,1725959,1780668943642,1725963,1780668943646,1882497,1780668943570,25,2026-06-05T14:15:44.3638436Z,,oasis/bottle
,,,0,,,local.mqtt.telegraf,55,25.14,,,08a6f75abdf0,08a6f75abdf0-502,502,08:A6:F7:5A:BD:F0,ON,1726039,1780668943722,1726043,1780668943726,1793097,1780668943631,25,2026-06-05T14:15:44.4400898Z,,oasis/bottle
,,,0,,,local.mqtt.telegraf,54,39.46,,,08a6f769c348,08a6f769c348-502,502,08:A6:F7:69:C3:48,ON,1726549,1780668944232,1726554,1780668944237,1841787,1780668944151,26,2026-06-05T14:15:44.9644352Z,,oasis/bottle
,,,0,,,local.mqtt.telegraf,55,39.31,,,08a6f76bd428,08a6f76bd428-503,503,08:A6:F7:6B:D4:28,ON,1729259,1780668946943,1729264,1780668946947,1885796,1780668946869,25,2026-06-05T14:15:47.6731671Z,,oasis/bottle
,,,0,,,local.mqtt.telegraf,55,25.26,,,08a6f75abdf0,08a6f75abdf0-503,503,08:A6:F7:5A:BD:F0,ON,1729339,1780668947022,1729343,1780668947026,1796397,1780668946931,25,2026-06-05T14:15:47.7121136Z,,oasis/bottle
,,,0,,,local.mqtt.telegraf,54,39.54,,,08a6f769c348,08a6f769c348-503,503,08:A6:F7:69:C3:48,ON,1729849,1780668947532,1729853,1780668947536,1845087,1780668947451,26,2026-06-05T14:15:48.2496044Z,,oasis/bottle
,,,0,,,local.mqtt.telegraf,55,39.39,,,08a6f76bd428,08a6f76bd428-504,504,08:A6:F7:6B:D4:28,ON,1732559,1780668950242,1732563,1780668950246,1889096,1780668950169,25,2026-06-05T14:15:50.9654683Z,,oasis/bottle
,,,0,,,local.mqtt.telegraf,55,25.14,,,08a6f75abdf0,08a6f75abdf0-504,504,08:A6:F7:5A:BD:F0,ON,1732639,1780668950322,1732643,1780668950326,1799697,1780668950231,25,2026-06-05T14:15:51.0479109Z,,oasis/bottle
,,,0,,,local.mqtt.telegraf,54,39.33,,,08a6f769c348,08a6f769c348-504,504,08:A6:F7:69:C3:48,ON,1733159,1780668950842,1733163,1780668950846,1848397,1780668950761,26,2026-06-05T14:15:51.5617251Z,,oasis/bottle
,,,0,,,local.mqtt.telegraf,55,39.47,,,08a6f76bd428,08a6f76bd428-505,505,08:A6:F7:6B:D4:28,ON,1735859,1780668953542,1735864,1780668953547,1892397,1780668953471,25,2026-06-05T14:15:54.2657137Z,,oasis/bottle
,,,0,,,local.mqtt.telegraf,55,25.17,,,08a6f75abdf0,08a6f75abdf0-505,505,08:A6:F7:5A:BD:F0,ON,1735939,1780668953622,1735943,1780668953626,1802997,1780668953532,25,2026-06-05T14:15:54.3128458Z,,oasis/bottle
,,,0,,,local.mqtt.telegraf,54,39.54,,,08a6f769c348,08a6f769c348-505,505,08:A6:F7:69:C3:48,ON,1736459,1780668954142,1736463,1780668954146,1851697,1780668954052,26,2026-06-05T14:15:54.8969444Z,,oasis/bottle
,,,0,,,local.mqtt.telegraf,55,39.45,,,08a6f76bd428,08a6f76bd428-506,506,08:A6:F7:6B:D4:28,ON,1739159,1780668956842,1739163,1780668956846,1895696,1780668956770,25,2026-06-05T14:15:57.5677273Z,,oasis/bottle
,,,0,,,local.mqtt.telegraf,55,25.05,,,08a6f75abdf0,08a6f75abdf0-506,506,08:A6:F7:5A:BD:F0,ON,1739239,1780668956922,1739243,1780668956926,1806297,1780668956832,25,2026-06-05T14:15:57.6068113Z,,oasis/bottle
,,,0,,,local.mqtt.telegraf,54,39.3,,,08a6f769c348,08a6f769c348-506,506,08:A6:F7:69:C3:48,ON,1739769,1780668957452,1739773,1780668957456,1854996,1780668957351,26,2026-06-05T14:15:58.1652889Z,,oasis/bottle
,,,0,,,local.mqtt.telegraf,55,39.41,,,08a6f76bd428,08a6f76bd428-507,507,08:A6:F7:6B:D4:28,ON,1742459,1780668960142,1742463,1780668960146,1898996,1780668960070,25,2026-06-05T14:16:00.9062855Z,,oasis/bottle
,,,0,,,local.mqtt.telegraf,55,25.14,,,08a6f75abdf0,08a6f75abdf0-507,507,08:A6:F7:5A:BD:F0,ON,1742539,1780668960222,1742543,1780668960226,1809597,1780668960132,25,2026-06-05T14:16:00.9449278Z,,oasis/bottle
,,,0,,,local.mqtt.telegraf,54,39.49,,,08a6f769c348,08a6f769c348-507,507,08:A6:F7:69:C3:48,ON,1743069,1780668960752,1743073,1780668960756,1858307,1780668960662,26,2026-06-05T14:16:01.4725228Z,,oasis/bottle
,,,0,,,local.mqtt.telegraf,55,39.34,,,08a6f76bd428,08a6f76bd428-508,508,08:A6:F7:6B:D4:28,ON,1745779,1780668963462,1745783,1780668963466,1902319,1780668963384,25,2026-06-05T14:16:04.187204Z,,oasis/bottle
,,,0,,,local.mqtt.telegraf,55,24.93,,,08a6f75abdf0,08a6f75abdf0-508,508,08:A6:F7:5A:BD:F0,ON,1745841,1780668963524,1745846,1780668963529,1812897,1780668963432,25,2026-06-05T14:16:04.2279187Z,,oasis/bottle
,,,0,,,local.mqtt.telegraf,54,39.35,,,08a6f769c348,08a6f769c348-508,508,08:A6:F7:69:C3:48,ON,1746379,1780668964062,1746383,1780668964066,1861617,1780668963982,26,2026-06-05T14:16:04.7788956Z,,oasis/bottle
,,,0,,,local.mqtt.telegraf,55,39.33,,,08a6f76bd428,08a6f76bd428-509,509,08:A6:F7:6B:D4:28,ON,1749079,1780668966762,1749083,1780668966766,1905616,1780668966681,25,2026-06-05T14:16:07.486921Z,,oasis/bottle
,,,0,,,local.mqtt.telegraf,55,25.02,,,08a6f75abdf0,08a6f75abdf0-509,509,08:A6:F7:5A:BD:F0,ON,1749142,1780668966825,1749146,1780668966829,1816197,1780668966732,25,2026-06-05T14:16:07.5263713Z,,oasis/bottle
,,,0,,,local.mqtt.telegraf,54,39.46,,,08a6f769c348,08a6f769c348-509,509,08:A6:F7:69:C3:48,ON,1749679,1780668967362,1749684,1780668967367,1864916,1780668967281,26,2026-06-05T14:16:08.0763374Z,,oasis/bottle
,,,0,,,local.mqtt.telegraf,55,39.31,,,08a6f76bd428,08a6f76bd428-510,510,08:A6:F7:6B:D4:28,ON,1752379,1780668970062,1752383,1780668970066,1908916,1780668969981,25,2026-06-05T14:16:10.7870238Z,,oasis/bottle
,,,0,,,local.mqtt.telegraf,56,24.93,,,08a6f75abdf0,08a6f75abdf0-510,510,08:A6:F7:5A:BD:F0,ON,1752441,1780668970124,1752446,1780668970129,1819496,1780668970031,25,2026-06-05T14:16:10.8281641Z,,oasis/bottle
,,,0,,,local.mqtt.telegraf,54,39.42,,,08a6f769c348,08a6f769c348-510,510,08:A6:F7:69:C3:48,ON,1752979,1780668970662,1752983,1780668970666,1868216,1780668970581,26,2026-06-05T14:16:11.3849063Z,,oasis/bottle
,,,0,,,local.mqtt.telegraf,55,39.45,,,08a6f76bd428,08a6f76bd428-511,511,08:A6:F7:6B:D4:28,ON,1755679,1780668973362,1755683,1780668973366,1912216,1780668973281,25,2026-06-05T14:16:14.0859755Z,,oasis/bottle
,,,0,,,local.mqtt.telegraf,55,25,,,08a6f75abdf0,08a6f75abdf0-511,511,08:A6:F7:5A:BD:F0,ON,1755742,1780668973425,1755746,1780668973429,1822797,1780668973332,25,2026-06-05T14:16:14.1245017Z,,oasis/bottle
,,,0,,,local.mqtt.telegraf,54,39.47,,,08a6f769c348,08a6f769c348-511,511,08:A6:F7:69:C3:48,ON,1756279,1780668973962,1756283,1780668973966,1871517,1780668973881,26,2026-06-05T14:16:14.6737191Z,,oasis/bottle
,,,0,,,local.mqtt.telegraf,55,39.5,,,08a6f76bd428,08a6f76bd428-512,512,08:A6:F7:6B:D4:28,ON,1758979,1780668976662,1758983,1780668976666,1915517,1780668974380,25,2026-06-05T14:16:17.3885438Z,,oasis/bottle
,,,0,,,local.mqtt.telegraf,55,25,,,08a6f75abdf0,08a6f75abdf0-512,512,08:A6:F7:5A:BD:F0,ON,1759038,1780668976721,1759046,1780668976729,1826097,1780668974381,25,2026-06-05T14:16:17.4653345Z,,oasis/bottle
,,,0,,,local.mqtt.telegraf,54,39.37,,,08a6f769c348,08a6f769c348-512,512,08:A6:F7:69:C3:48,ON,1759579,1780668977262,1759583,1780668977266,1874816,1780668977180,26,2026-06-05T14:16:17.9939933Z,,oasis/bottle
,,,0,,,local.mqtt.telegraf,55,39.47,,,08a6f76bd428,08a6f76bd428-513,513,08:A6:F7:6B:D4:28,ON,1762279,1780668979962,1762284,1780668979968,1918816,1780668977679,25,2026-06-05T14:16:20.6893393Z,,oasis/bottle
,,,0,,,local.mqtt.telegraf,55,25.13,,,08a6f75abdf0,08a6f75abdf0-513,513,08:A6:F7:5A:BD:F0,ON,1762342,1780668980025,1762346,1780668980029,1829397,1780668977681,25,2026-06-05T14:16:20.730399Z,,oasis/bottle
,,,0,,,local.mqtt.telegraf,54,39.39,,,08a6f769c348,08a6f769c348-513,513,08:A6:F7:69:C3:48,ON,1762879,1780668980562,1762883,1780668980566,1878117,1780668980481,26,2026-06-05T14:16:21.2879147Z,,oasis/bottle
,,,0,,,local.mqtt.telegraf,55,39.53,,,08a6f76bd428,08a6f76bd428-514,514,08:A6:F7:6B:D4:28,ON,1765579,1780668983262,1765584,1780668983267,1922117,1780668980980,25,2026-06-05T14:16:23.9848504Z,,oasis/bottle
,,,0,,,local.mqtt.telegraf,56,25.12,,,08a6f75abdf0,08a6f75abdf0-514,514,08:A6:F7:5A:BD:F0,ON,1765641,1780668983324,1765654,1780668983337,1832696,1780668980980,25,2026-06-05T14:16:24.0230671Z,,oasis/bottle
,,,0,,,local.mqtt.telegraf,54,39.39,,,08a6f769c348,08a6f769c348-514,514,08:A6:F7:69:C3:48,ON,1766179,1780668983862,1766184,1780668983867,1881417,1780668983781,26,2026-06-05T14:16:24.5825366Z,,oasis/bottle
,,,0,,,local.mqtt.telegraf,55,39.45,,,08a6f76bd428,08a6f76bd428-515,515,08:A6:F7:6B:D4:28,ON,1768879,1780668986562,1768883,1780668986566,1925417,1780668984410,25,2026-06-05T14:16:27.2868371Z,,oasis/bottle
,,,0,,,local.mqtt.telegraf,55,24.94,,,08a6f75abdf0,08a6f75abdf0-515,515,08:A6:F7:5A:BD:F0,ON,1768942,1780668986625,1768947,1780668986630,1835997,1780668984411,25,2026-06-05T14:16:27.3255551Z,,oasis/bottle
,,,0,,,local.mqtt.telegraf,54,39.47,,,08a6f769c348,08a6f769c348-515,515,08:A6:F7:69:C3:48,ON,1769479,1780668987162,1769483,1780668987166,1884716,1780668987080,26,2026-06-05T14:16:27.8789003Z,,oasis/bottle
,,,0,,,local.mqtt.telegraf,55,39.41,,,08a6f76bd428,08a6f76bd428-516,516,08:A6:F7:6B:D4:28,ON,1772179,1780668989862,1772183,1780668989866,1928717,1780668987710,25,2026-06-05T14:16:30.5861825Z,,oasis/bottle
,,,0,,,local.mqtt.telegraf,55,25.14,,,08a6f75abdf0,08a6f75abdf0-516,516,08:A6:F7:5A:BD:F0,ON,1772238,1780668989922,1772246,1780668989929,1839297,1780668987711,25,2026-06-05T14:16:30.6160884Z,,oasis/bottle
,,,0,,,local.mqtt.telegraf,54,39.31,,,08a6f769c348,08a6f769c348-516,516,08:A6:F7:69:C3:48,ON,1772779,1780668990462,1772783,1780668990466,1888016,1780668990380,26,2026-06-05T14:16:31.1789051Z,,oasis/bottle
,,,0,,,local.mqtt.telegraf,55,39.33,,,08a6f76bd428,08a6f76bd428-517,517,08:A6:F7:6B:D4:28,ON,1775479,1780668993162,1775483,1780668993166,1932017,1780668991010,25,2026-06-05T14:16:33.8803921Z,,oasis/bottle
,,,0,,,local.mqtt.telegraf,56,25.02,,,08a6f75abdf0,08a6f75abdf0-517,517,08:A6:F7:5A:BD:F0,ON,1775542,1780668993225,1775546,1780668993229,1842596,1780668991010,25,2026-06-05T14:16:33.9196529Z,,oasis/bottle
,,,0,,,local.mqtt.telegraf,54,39.5,,,08a6f769c348,08a6f769c348-517,517,08:A6:F7:69:C3:48,ON,1776079,1780668993762,1776083,1780668993766,1891317,1780668993672,26,2026-06-05T14:16:34.478545Z,,oasis/bottle
,,,0,,,local.mqtt.telegraf,55,39.5,,,08a6f76bd428,08a6f76bd428-518,518,08:A6:F7:6B:D4:28,ON,1778779,1780668996462,1778783,1780668996466,1935317,1780668994441,25,2026-06-05T14:16:37.1859973Z,,oasis/bottle
,,,0,,,local.mqtt.telegraf,56,25.09,,,08a6f75abdf0,08a6f75abdf0-518,518,08:A6:F7:5A:BD:F0,ON,1778841,1780668996524,1778846,1780668996529,1845896,1780668994441,25,2026-06-05T14:16:37.226632Z,,oasis/bottle
,,,0,,,local.mqtt.telegraf,54,39.38,,,08a6f769c348,08a6f769c348-518,518,08:A6:F7:69:C3:48,ON,1779379,1780668997062,1779384,1780668997067,1894616,1780668996971,26,2026-06-05T14:16:37.7748463Z,,oasis/bottle
,,,0,,,local.mqtt.telegraf,55,39.37,,,08a6f76bd428,08a6f76bd428-519,519,08:A6:F7:6B:D4:28,ON,1782079,1780668999762,1782083,1780668999766,1938617,1780668997741,25,2026-06-05T14:16:40.4799219Z,,oasis/bottle
,,,0,,,local.mqtt.telegraf,56,25.05,,,08a6f75abdf0,08a6f75abdf0-519,519,08:A6:F7:5A:BD:F0,ON,1782142,1780668999825,1782147,1780668999830,1849196,1780668997741,25,2026-06-05T14:16:40.5214256Z,,oasis/bottle
,,,0,,,local.mqtt.telegraf,54,39.21,,,08a6f769c348,08a6f769c348-519,519,08:A6:F7:69:C3:48,ON,1782679,1780669000362,1782683,1780669000366,1897916,1780669000271,26,2026-06-05T14:16:41.0804107Z,,oasis/bottle
,,,0,,,local.mqtt.telegraf,55,39.38,,,08a6f76bd428,08a6f76bd428-520,520,08:A6:F7:6B:D4:28,ON,1785379,1780669003062,1785384,1780669003067,1941917,1780669001041,25,2026-06-05T14:16:43.7897446Z,,oasis/bottle
,,,0,,,local.mqtt.telegraf,56,25.14,,,08a6f75abdf0,08a6f75abdf0-520,520,08:A6:F7:5A:BD:F0,ON,1785438,1780669003122,1785443,1780669003126,1852496,1780669001041,25,2026-06-05T14:16:43.8294561Z,,oasis/bottle
,,,0,,,local.mqtt.telegraf,54,39.31,,,08a6f769c348,08a6f769c348-520,520,08:A6:F7:69:C3:48,ON,1785979,1780669003662,1785983,1780669003666,1901217,1780669003582,26,2026-06-05T14:16:44.3770861Z,,oasis/bottle
,,,0,,,local.mqtt.telegraf,55,39.54,,,08a6f76bd428,08a6f76bd428-521,521,08:A6:F7:6B:D4:28,ON,1788679,1780669006362,1788683,1780669006366,1945217,1780669004461,25,2026-06-05T14:16:47.0841072Z,,oasis/bottle
,,,0,,,local.mqtt.telegraf,56,24.97,,,08a6f75abdf0,08a6f75abdf0-521,521,08:A6:F7:5A:BD:F0,ON,1788741,1780669006424,1788746,1780669006429,1855796,1780669004461,25,2026-06-05T14:16:47.1257939Z,,oasis/bottle
,,,0,,,local.mqtt.telegraf,54,39.33,,,08a6f769c348,08a6f769c348-521,521,08:A6:F7:69:C3:48,ON,1789279,1780669006962,1789283,1780669006966,1904517,1780669006882,26,2026-06-05T14:16:47.6752598Z,,oasis/bottle
,,,0,,,local.mqtt.telegraf,55,39.46,,,08a6f76bd428,08a6f76bd428-522,522,08:A6:F7:6B:D4:28,ON,1791989,1780669009672,1791993,1780669009676,1948516,1780669007760,25,2026-06-05T14:16:50.3871117Z,,oasis/bottle
,,,0,,,local.mqtt.telegraf,56,24.91,,,08a6f75abdf0,08a6f75abdf0-522,522,08:A6:F7:5A:BD:F0,ON,1792038,1780669009722,1792045,1780669009728,1859096,1780669007761,25,2026-06-05T14:16:50.4253057Z,,oasis/bottle
,,,0,,,local.mqtt.telegraf,54,39.3,,,08a6f769c348,08a6f769c348-522,522,08:A6:F7:69:C3:48,ON,1792579,1780669010262,1792583,1780669010266,1907817,1780669010182,26,2026-06-05T14:16:50.9752801Z,,oasis/bottle
,,,0,,,local.mqtt.telegraf,55,39.51,,,08a6f76bd428,08a6f76bd428-523,523,08:A6:F7:6B:D4:28,ON,1795289,1780669012972,1795294,1780669012977,1951826,1780669011070,25,2026-06-05T14:16:53.6999362Z,,oasis/bottle
,,,0,,,local.mqtt.telegraf,56,24.95,,,08a6f75abdf0,08a6f75abdf0-523,523,08:A6:F7:5A:BD:F0,ON,1795338,1780669013021,1795343,1780669013026,1862396,1780669011061,25,2026-06-05T14:16:53.7400942Z,,oasis/bottle
,,,0,,,local.mqtt.telegraf,54,39.29,,,08a6f769c348,08a6f769c348-523,523,08:A6:F7:69:C3:48,ON,1795879,1780669013562,1795883,1780669013566,1911117,1780669013482,26,2026-06-05T14:16:54.2697016Z,,oasis/bottle
,,,0,,,local.mqtt.telegraf,55,39.51,,,08a6f76bd428,08a6f76bd428-524,524,08:A6:F7:6B:D4:28,ON,1798589,1780669016272,1798593,1780669016276,1955127,1780669014490,25,2026-06-05T14:16:56.989723Z,,oasis/bottle
,,,0,,,local.mqtt.telegraf,56,24.85,,,08a6f75abdf0,08a6f75abdf0-524,524,08:A6:F7:5A:BD:F0,ON,1798638,1780669016322,1798643,1780669016326,1865697,1780669014491,25,2026-06-05T14:16:57.0420996Z,,oasis/bottle
,,,0,,,local.mqtt.telegraf,54,39.19,,,08a6f769c348,08a6f769c348-524,524,08:A6:F7:69:C3:48,ON,1799179,1780669016862,1799183,1780669016866,1914416,1780669014489,26,2026-06-05T14:16:57.5689074Z,,oasis/bottle
,,,0,,,local.mqtt.telegraf,56,24.89,,,08a6f75abdf0,08a6f75abdf0-525,525,08:A6:F7:5A:BD:F0,ON,1801938,1780669019621,1801943,1780669019626,1868996,1780669017790,25,2026-06-05T14:17:00.301583Z,,oasis/bottle
,,,0,,,local.mqtt.telegraf,54,39.19,,,08a6f769c348,08a6f769c348-525,525,08:A6:F7:69:C3:48,ON,1802479,1780669020162,1802483,1780669020166,1917716,1780669017789,26,2026-06-05T14:17:00.8723217Z,,oasis/bottle
,,,0,,,local.mqtt.telegraf,56,39.5,,,08a6f76bd428,08a6f76bd428-526,526,08:A6:F7:6B:D4:28,ON,1805199,1780669022882,1805203,1780669022886,1961726,1780669021089,25,2026-06-05T14:17:03.602519Z,,oasis/bottle
,,,0,,,local.mqtt.telegraf,56,24.91,,,08a6f75abdf0,08a6f75abdf0-526,526,08:A6:F7:5A:BD:F0,ON,1805238,1780669022922,1805243,1780669022926,1872296,1780669021090,25,2026-06-05T14:17:03.6418246Z,,oasis/bottle
,,,0,,,local.mqtt.telegraf,54,39.19,,,08a6f769c348,08a6f769c348-526,526,08:A6:F7:69:C3:48,ON,1805779,1780669023462,1805783,1780669023466,1921016,1780669021089,26,2026-06-05T14:17:04.1764471Z,,oasis/bottle
,,,0,,,local.mqtt.telegraf,56,39.41,,,08a6f76bd428,08a6f76bd428-527,527,08:A6:F7:6B:D4:28,ON,1808489,1780669026172,1808494,1780669026177,1965026,1780669024519,25,2026-06-05T14:17:06.8924504Z,,oasis/bottle
,,,0,,,local.mqtt.telegraf,56,24.71,,,08a6f75abdf0,08a6f75abdf0-527,527,08:A6:F7:5A:BD:F0,ON,1808538,1780669026221,1808543,1780669026226,1875597,1780669024520,25,2026-06-05T14:17:06.9338309Z,,oasis/bottle
,,,0,,,local.mqtt.telegraf,54,39.11,,,08a6f769c348,08a6f769c348-527,527,08:A6:F7:69:C3:48,ON,1809079,1780669026762,1809083,1780669026766,1924316,1780669024520,26,2026-06-05T14:17:07.4738145Z,,oasis/bottle
,,,0,,,local.mqtt.telegraf,56,39.07,,,08a6f76bd428,08a6f76bd428-528,528,08:A6:F7:6B:D4:28,ON,1811789,1780669029472,1811793,1780669029476,1968326,1780669027819,25,2026-06-05T14:17:10.1877959Z,,oasis/bottle
,,,0,,,local.mqtt.telegraf,56,24.71,,,08a6f75abdf0,08a6f75abdf0-528,528,08:A6:F7:5A:BD:F0,ON,1811839,1780669029522,1811843,1780669029526,1878896,1780669027819,25,2026-06-05T14:17:10.2273487Z,,oasis/bottle
,,,0,,,local.mqtt.telegraf,54,39.21,,,08a6f769c348,08a6f769c348-528,528,08:A6:F7:69:C3:48,ON,1812379,1780669030062,1812383,1780669030066,1927616,1780669027820,26,2026-06-05T14:17:10.7809645Z,,oasis/bottle
,,,0,,,local.mqtt.telegraf,56,39.18,,,08a6f76bd428,08a6f76bd428-529,529,08:A6:F7:6B:D4:28,ON,1815089,1780669032772,1815094,1780669032777,1971626,1780669031119,25,2026-06-05T14:17:13.4995885Z,,oasis/bottle
,,,0,,,local.mqtt.telegraf,56,24.69,,,08a6f75abdf0,08a6f75abdf0-529,529,08:A6:F7:5A:BD:F0,ON,1815138,1780669032821,1815143,1780669032826,1882197,1780669031120,25,2026-06-05T14:17:13.5392633Z,,oasis/bottle
,,,0,,,local.mqtt.telegraf,54,39.11,,,08a6f769c348,08a6f769c348-529,529,08:A6:F7:69:C3:48,ON,1815679,1780669033362,1815683,1780669033366,1930916,1780669031120,26,2026-06-05T14:17:14.0775523Z,,oasis/bottle
,,,0,,,local.mqtt.telegraf,56,24.67,,,08a6f75abdf0,08a6f75abdf0-530,530,08:A6:F7:5A:BD:F0,ON,1818438,1780669036122,1818443,1780669036126,1885497,1780669034542,25,2026-06-05T14:17:16.8013584Z,,oasis/bottle
,,,0,,,local.mqtt.telegraf,54,39.04,,,08a6f769c348,08a6f769c348-530,530,08:A6:F7:69:C3:48,ON,1818979,1780669036662,1818983,1780669036666,1934217,1780669034541,26,2026-06-05T14:17:17.3771657Z,,oasis/bottle
,,,0,,,local.mqtt.telegraf,56,39.12,,,08a6f76bd428,08a6f76bd428-531,531,08:A6:F7:6B:D4:28,ON,1821689,1780669039372,1821693,1780669039377,1978226,1780669037840,25,2026-06-05T14:17:20.0925354Z,,oasis/bottle
,,,0,,,local.mqtt.telegraf,56,24.59,,,08a6f75abdf0,08a6f75abdf0-531,531,08:A6:F7:5A:BD:F0,ON,1821738,1780669039421,1821743,1780669039426,1888797,1780669037842,25,2026-06-05T14:17:20.1325703Z,,oasis/bottle
,,,0,,,local.mqtt.telegraf,54,39.08,,,08a6f769c348,08a6f769c348-531,531,08:A6:F7:69:C3:48,ON,1822279,1780669039962,1822283,1780669039966,1937516,1780669037840,26,2026-06-05T14:17:20.6744855Z,,oasis/bottle
,,,0,,,local.mqtt.telegraf,55,39.18,,,08a6f76bd428,08a6f76bd428-532,532,08:A6:F7:6B:D4:28,ON,1824989,1780669042672,1824994,1780669042677,1981526,1780669041140,25,2026-06-05T14:17:23.403001Z,,oasis/bottle
,,,0,,,local.mqtt.telegraf,56,24.65,,,08a6f75abdf0,08a6f75abdf0-532,532,08:A6:F7:5A:BD:F0,ON,1825038,1780669042722,1825043,1780669042726,1892096,1780669041141,25,2026-06-05T14:17:23.4495843Z,,oasis/bottle
,,,0,,,local.mqtt.telegraf,54,38.98,,,08a6f769c348,08a6f769c348-532,532,08:A6:F7:69:C3:48,ON,1825579,1780669043262,1825583,1780669043266,1940816,1780669041140,26,2026-06-05T14:17:23.9767255Z,,oasis/bottle
,,,0,,,local.mqtt.telegraf,55,39.03,,,08a6f76bd428,08a6f76bd428-533,533,08:A6:F7:6B:D4:28,ON,1828289,1780669045972,1828293,1780669045976,1984827,1780669044561,25,2026-06-05T14:17:26.689836Z,,oasis/bottle
,,,0,,,local.mqtt.telegraf,56,24.43,,,08a6f75abdf0,08a6f75abdf0-533,533,08:A6:F7:5A:BD:F0,ON,1828338,1780669046021,1828343,1780669046026,1895397,1780669044562,25,2026-06-05T14:17:26.7280698Z,,oasis/bottle
,,,0,,,local.mqtt.telegraf,54,38.95,,,08a6f769c348,08a6f769c348-533,533,08:A6:F7:69:C3:48,ON,1828879,1780669046562,1828883,1780669046566,1944117,1780669044561,26,2026-06-05T14:17:27.2680505Z,,oasis/bottle
,,,0,,,local.mqtt.telegraf,56,38.9,,,08a6f76bd428,08a6f76bd428-534,534,08:A6:F7:6B:D4:28,ON,1831589,1780669049272,1831593,1780669049276,1988126,1780669047860,25,2026-06-05T14:17:29.9972339Z,,oasis/bottle
,,,0,,,local.mqtt.telegraf,56,24.4,,,08a6f75abdf0,08a6f75abdf0-534,534,08:A6:F7:5A:BD:F0,ON,1831638,1780669049322,1831643,1780669049326,1898697,1780669047862,25,2026-06-05T14:17:30.0352822Z,,oasis/bottle
,,,0,,,local.mqtt.telegraf,54,38.9,,,08a6f769c348,08a6f769c348-534,534,08:A6:F7:69:C3:48,ON,1832179,1780669049862,1832183,1780669049866,1947417,1780669047861,26,2026-06-05T14:17:30.5817563Z,,oasis/bottle
,,,0,,,local.mqtt.telegraf,56,38.82,,,08a6f76bd428,08a6f76bd428-535,535,08:A6:F7:6B:D4:28,ON,1834889,1780669052572,1834894,1780669052577,1991426,1780669051160,25,2026-06-05T14:17:33.2883982Z,,oasis/bottle
,,,0,,,local.mqtt.telegraf,56,24.42,,,08a6f75abdf0,08a6f75abdf0-535,535,08:A6:F7:5A:BD:F0,ON,1834938,1780669052621,1834943,1780669052626,1901997,1780669051162,25,2026-06-05T14:17:33.3288667Z,,oasis/bottle
,,,0,,,local.mqtt.telegraf,54,38.92,,,08a6f769c348,08a6f769c348-535,535,08:A6:F7:69:C3:48,ON,1835479,1780669053162,1835483,1780669053166,1950717,1780669051161,26,2026-06-05T14:17:33.865819Z,,oasis/bottle
,,,0,,,local.mqtt.telegraf,55,38.35,,,08a6f76bd428,08a6f76bd428-536,536,08:A6:F7:6B:D4:28,ON,1838189,1780669055872,1838201,1780669055884,1994727,1780669054590,25,2026-06-05T14:17:36.5942574Z,,oasis/bottle
,,,0,,,local.mqtt.telegraf,56,24.04,,,08a6f75abdf0,08a6f75abdf0-536,536,08:A6:F7:5A:BD:F0,ON,1838248,1780669055932,1838256,1780669055939,1905297,1780669054591,25,2026-06-05T14:17:36.6333942Z,,oasis/bottle
,,,0,,,local.mqtt.telegraf,54,38.8,,,08a6f769c348,08a6f769c348-536,536,08:A6:F7:69:C3:48,ON,1838779,1780669056462,1838784,1780669056467,1954017,1780669054591,26,2026-06-05T14:17:37.1714424Z,,oasis/bottle
,,,0,,,local.mqtt.telegraf,55,38.76,,,08a6f76bd428,08a6f76bd428-537,537,08:A6:F7:6B:D4:28,ON,1841490,1780669059173,1841494,1780669059177,1998027,1780669057890,25,2026-06-05T14:17:39.9045409Z,,oasis/bottle
,,,0,,,local.mqtt.telegraf,56,24.12,,,08a6f75abdf0,08a6f75abdf0-537,537,08:A6:F7:5A:BD:F0,ON,1841548,1780669059232,1841553,1780669059236,1908607,1780669057901,25,2026-06-05T14:17:39.9475726Z,,oasis/bottle
,,,0,,,local.mqtt.telegraf,54,38.8,,,08a6f769c348,08a6f769c348-537,537,08:A6:F7:69:C3:48,ON,1842079,1780669059762,1842083,1780669059766,1957317,1780669057891,26,2026-06-05T14:17:40.4711317Z,,oasis/bottle
,,,0,,,local.mqtt.telegraf,55,38.71,,,08a6f76bd428,08a6f76bd428-538,538,08:A6:F7:6B:D4:28,ON,1844799,1780669062482,1844803,1780669062486,2001326,1780669061189,25,2026-06-05T14:17:43.1986479Z,,oasis/bottle
,,,0,,,local.mqtt.telegraf,56,23.92,,,08a6f75abdf0,08a6f75abdf0-538,538,08:A6:F7:5A:BD:F0,ON,1844849,1780669062532,1844853,1780669062536,1911907,1780669061201,25,2026-06-05T14:17:43.2388898Z,,oasis/bottle
,,,0,,,local.mqtt.telegraf,54,38.64,,,08a6f769c348,08a6f769c348-538,538,08:A6:F7:69:C3:48,ON,1845379,1780669063062,1845383,1780669063066,1960616,1780669061190,26,2026-06-05T14:17:43.7708377Z,,oasis/bottle
,,,0,,,local.mqtt.telegraf,55,38.64,,,08a6f76bd428,08a6f76bd428-539,539,08:A6:F7:6B:D4:28,ON,1848099,1780669065783,1848104,1780669065787,2004637,1780669064612,25,2026-06-05T14:17:46.4985947Z,,oasis/bottle
,,,0,,,local.mqtt.telegraf,56,24.08,,,08a6f75abdf0,08a6f75abdf0-539,539,08:A6:F7:5A:BD:F0,ON,1848148,1780669065831,1848153,1780669065836,1915206,1780669064601,25,2026-06-05T14:17:46.5363074Z,,oasis/bottle
,,,0,,,local.mqtt.telegraf,54,38.8,,,08a6f769c348,08a6f769c348-539,539,08:A6:F7:69:C3:48,ON,1848680,1780669066363,1848684,1780669066367,1963917,1780669064611,26,2026-06-05T14:17:47.0684463Z,,oasis/bottle
,,,0,,,local.mqtt.telegraf,55,38.68,,,08a6f76bd428,08a6f76bd428-540,540,08:A6:F7:6B:D4:28,ON,1851400,1780669068881,1851404,1780669068885,2007936,1780669067911,25,2026-06-05T14:17:49.8133047Z,,oasis/bottle
,,,0,,,local.mqtt.telegraf,56,23.85,,,08a6f75abdf0,08a6f75abdf0-540,540,08:A6:F7:5A:BD:F0,ON,1851448,1780669068930,1851453,1780669068934,1918506,1780669067901,25,2026-06-05T14:17:49.9001971Z,,oasis/bottle
,,,0,,,local.mqtt.telegraf,54,38.51,,,08a6f769c348,08a6f769c348-540,540,08:A6:F7:69:C3:48,ON,1851979,1780669069460,1851984,1780669069465,1967216,1780669067910,26,2026-06-05T14:17:50.3737041Z,,oasis/bottle
,,,0,,,local.mqtt.telegraf,55,38.65,,,08a6f76bd428,08a6f76bd428-541,541,08:A6:F7:6B:D4:28,ON,1854699,1780669072180,1854704,1780669072185,2011236,1780669071211,25,2026-06-05T14:17:53.0981404Z,,oasis/bottle
,,,0,,,local.mqtt.telegraf,56,23.79,,,08a6f75abdf0,08a6f75abdf0-541,541,08:A6:F7:5A:BD:F0,ON,1854761,1780669072242,1854766,1780669072247,1921816,1780669071211,25,2026-06-05T14:17:53.1798494Z,,oasis/bottle
,,,0,,,local.mqtt.telegraf,54,38.52,,,08a6f769c348,08a6f769c348-541,541,08:A6:F7:69:C3:48,ON,1855279,1780669072760,1855283,1780669072764,1970516,1780669071210,26,2026-06-05T14:17:53.682115Z,,oasis/bottle
,,,0,,,local.mqtt.telegraf,55,38.64,,,08a6f76bd428,08a6f76bd428-542,542,08:A6:F7:6B:D4:28,ON,1858009,1780669075490,1858013,1780669075494,2014537,1780669074420,25,2026-06-05T14:17:56.4134729Z,,oasis/bottle
,,,0,,,local.mqtt.telegraf,56,23.67,,,08a6f75abdf0,08a6f75abdf0-542,542,08:A6:F7:5A:BD:F0,ON,1858058,1780669075540,1858063,1780669075544,1925116,1780669074429,25,2026-06-05T14:17:56.4893371Z,,oasis/bottle
,,,0,,,local.mqtt.telegraf,54,38.61,,,08a6f769c348,08a6f769c348-542,542,08:A6:F7:69:C3:48,ON,1858589,1780669076070,1858593,1780669076074,1973827,1780669074430,26,2026-06-05T14:17:56.9776554Z,,oasis/bottle
,,,0,,,local.mqtt.telegraf,56,23.79,,,08a6f75abdf0,08a6f75abdf0-543,543,08:A6:F7:5A:BD:F0,ON,1861359,1780669078840,1861363,1780669078844,1928416,1780669077729,25,2026-06-05T14:17:59.7251017Z,,oasis/bottle
,,,0,,,local.mqtt.telegraf,54,38.6,,,08a6f769c348,08a6f769c348-543,543,08:A6:F7:69:C3:48,ON,1861889,1780669079370,1861893,1780669079374,1977126,1780669077729,26,2026-06-05T14:18:00.2794703Z,,oasis/bottle
,,,0,,,local.mqtt.telegraf,55,38.7,,,08a6f76bd428,08a6f76bd428-544,544,08:A6:F7:6B:D4:28,ON,1864599,1780669082080,1864604,1780669082085,2021136,1780669081019,25,2026-06-05T14:18:03.0011962Z,,oasis/bottle
,,,0,,,local.mqtt.telegraf,56,23.62,,,08a6f75abdf0,08a6f75abdf0-544,544,08:A6:F7:5A:BD:F0,ON,1864658,1780669082139,1864666,1780669082147,1931716,1780669081029,25,2026-06-05T14:18:03.0823354Z,,oasis/bottle
,,,0,,,local.mqtt.telegraf,54,38.39,,,08a6f769c348,08a6f769c348-544,544,08:A6:F7:69:C3:48,ON,1865189,1780669082670,1865193,1780669082674,1980426,1780669081029,26,2026-06-05T14:18:03.57574Z,,oasis/bottle
,,,0,,,local.mqtt.telegraf,55,38.35,,,08a6f76bd428,08a6f76bd428-545,545,08:A6:F7:6B:D4:28,ON,1867899,1780669085381,1867904,1780669085385,2024437,1780669084449,25,2026-06-05T14:18:06.3035349Z,,oasis/bottle
,,,0,,,local.mqtt.telegraf,56,23.46,,,08a6f75abdf0,08a6f75abdf0-545,545,08:A6:F7:5A:BD:F0,ON,1867959,1780669085440,1867967,1780669085448,1935016,1780669084449,25,2026-06-05T14:18:06.3816509Z,,oasis/bottle
,,,0,,,local.mqtt.telegraf,54,38.55,,,08a6f769c348,08a6f769c348-545,545,08:A6:F7:69:C3:48,ON,1868489,1780669085970,1868493,1780669085974,1983726,1780669084448,26,2026-06-05T14:18:06.8850049Z,,oasis/bottle
,,,0,,,local.mqtt.telegraf,55,38.43,,,08a6f76bd428,08a6f76bd428-546,546,08:A6:F7:6B:D4:28,ON,1871199,1780669088680,1871204,1780669088685,2027737,1780669087749,25,2026-06-05T14:18:09.5974799Z,,oasis/bottle
,,,0,,,local.mqtt.telegraf,56,23.52,,,08a6f75abdf0,08a6f75abdf0-546,546,08:A6:F7:5A:BD:F0,ON,1871261,1780669088742,1871266,1780669088747,1938316,1780669087749,25,2026-06-05T14:18:09.6768007Z,,oasis/bottle
,,,0,,,local.mqtt.telegraf,54,38.47,,,08a6f769c348,08a6f769c348-546,546,08:A6:F7:69:C3:48,ON,1871799,1780669089280,1871803,1780669089284,1987036,1780669087758,26,2026-06-05T14:18:10.1852175Z,,oasis/bottle
,,,0,,,local.mqtt.telegraf,55,38.47,,,08a6f76bd428,08a6f76bd428-547,547,08:A6:F7:6B:D4:28,ON,1874499,1780669091980,1874504,1780669091985,2031037,1780669091049,25,2026-06-05T14:18:12.8961347Z,,oasis/bottle
,,,0,,,local.mqtt.telegraf,56,23.44,,,08a6f75abdf0,08a6f75abdf0-547,547,08:A6:F7:5A:BD:F0,ON,1874561,1780669092042,1874566,1780669092047,1941616,1780669091049,25,2026-06-05T14:18:12.9841128Z,,oasis/bottle
,,,0,,,local.mqtt.telegraf,54,38.4,,,08a6f769c348,08a6f769c348-547,547,08:A6:F7:69:C3:48,ON,1875099,1780669092581,1875104,1780669092585,1990336,1780669091058,26,2026-06-05T14:18:13.4922705Z,,oasis/bottle
,,,0,,,local.mqtt.telegraf,55,38.47,,,08a6f76bd428,08a6f76bd428-548,548,08:A6:F7:6B:D4:28,ON,1877799,1780669095281,1877804,1780669095285,2034337,1780669094469,25,2026-06-05T14:18:16.1977524Z,,oasis/bottle
,,,0,,,local.mqtt.telegraf,56,23.71,,,08a6f75abdf0,08a6f75abdf0-548,548,08:A6:F7:5A:BD:F0,ON,1877861,1780669095342,1877866,1780669095347,1944916,1780669094469,25,2026-06-05T14:18:16.2783899Z,,oasis/bottle
,,,0,,,local.mqtt.telegraf,54,38.45,,,08a6f769c348,08a6f769c348-548,548,08:A6:F7:69:C3:48,ON,1878399,1780669095880,1878405,1780669095886,1993636,1780669094468,26,2026-06-05T14:18:16.7910105Z,,oasis/bottle
,,,0,,,local.mqtt.telegraf,55,38.45,,,08a6f76bd428,08a6f76bd428-549,549,08:A6:F7:6B:D4:28,ON,1881099,1780669098581,1881104,1780669098585,2037637,1780669097769,25,2026-06-05T14:18:19.4995208Z,,oasis/bottle
,,,0,,,local.mqtt.telegraf,56,23.69,,,08a6f75abdf0,08a6f75abdf0-549,549,08:A6:F7:5A:BD:F0,ON,1881159,1780669098642,1881166,1780669098647,1948216,1780669097769,25,2026-06-05T14:18:19.5823263Z,,oasis/bottle
,,,0,,,local.mqtt.telegraf,54,38.32,,,08a6f769c348,08a6f769c348-549,549,08:A6:F7:69:C3:48,ON,1881699,1780669099180,1881703,1780669099184,1996936,1780669097768,26,2026-06-05T14:18:20.090671Z,,oasis/bottle
,,,0,,,local.mqtt.telegraf,55,38.25,,,08a6f76bd428,08a6f76bd428-550,550,08:A6:F7:6B:D4:28,ON,1884399,1780669101881,1884404,1780669101885,2040937,1780669101069,25,2026-06-05T14:18:22.7979071Z,,oasis/bottle
,,,0,,,local.mqtt.telegraf,56,23.42,,,08a6f75abdf0,08a6f75abdf0-550,550,08:A6:F7:5A:BD:F0,ON,1884462,1780669101943,1884466,1780669101947,1951516,1780669101069,25,2026-06-05T14:18:22.8754249Z,,oasis/bottle
,,,0,,,local.mqtt.telegraf,54,38.28,,,08a6f769c348,08a6f769c348-550,550,08:A6:F7:69:C3:48,ON,1884999,1780669102480,1885003,1780669102484,2000236,1780669101068,26,2026-06-05T14:18:23.382668Z,,oasis/bottle
,,,0,,,local.mqtt.telegraf,55,38.25,,,08a6f76bd428,08a6f76bd428-551,551,08:A6:F7:6B:D4:28,ON,1887700,1780669105181,1887704,1780669105185,2044237,1780669104489,25,2026-06-05T14:18:26.1000526Z,,oasis/bottle
,,,0,,,local.mqtt.telegraf,56,23.45,,,08a6f75abdf0,08a6f75abdf0-551,551,08:A6:F7:5A:BD:F0,ON,1887758,1780669105240,1887766,1780669105247,1954816,1780669104489,25,2026-06-05T14:18:26.1826095Z,,oasis/bottle
,,,0,,,local.mqtt.telegraf,54,38.4,,,08a6f769c348,08a6f769c348-551,551,08:A6:F7:69:C3:48,ON,1888309,1780669105790,1888313,1780669105794,2003546,1780669104479,26,2026-06-05T14:18:26.6878224Z,,oasis/bottle
,,,0,,,local.mqtt.telegraf,55,38.32,,,08a6f76bd428,08a6f76bd428-552,552,08:A6:F7:6B:D4:28,ON,1891009,1780669108490,1891013,1780669108494,2047537,1780669107789,25,2026-06-05T14:18:29.4081415Z,,oasis/bottle
,,,0,,,local.mqtt.telegraf,56,23.54,,,08a6f75abdf0,08a6f75abdf0-552,552,08:A6:F7:5A:BD:F0,ON,1891058,1780669108540,1891063,1780669108544,1958116,1780669107789,25,2026-06-05T14:18:29.4934824Z,,oasis/bottle
,,,0,,,local.mqtt.telegraf,54,38.32,,,08a6f769c348,08a6f769c348-552,552,08:A6:F7:69:C3:48,ON,1891609,1780669109090,1891614,1780669109095,2006846,1780669107779,26,2026-06-05T14:18:30.0014035Z,,oasis/bottle
,,,0,,,local.mqtt.telegraf,55,38.45,,,08a6f76bd428,08a6f76bd428-553,553,08:A6:F7:6B:D4:28,ON,1894299,1780669111780,1894304,1780669111785,2050837,1780669111089,25,2026-06-05T14:18:32.6878943Z,,oasis/bottle
,,,0,,,local.mqtt.telegraf,56,23.6,,,08a6f75abdf0,08a6f75abdf0-553,553,08:A6:F7:5A:BD:F0,ON,1894361,1780669111842,1894366,1780669111847,1961416,1780669111089,25,2026-06-05T14:18:32.7644548Z,,oasis/bottle
,,,0,,,local.mqtt.telegraf,54,38.32,,,08a6f769c348,08a6f769c348-553,553,08:A6:F7:69:C3:48,ON,1894909,1780669112390,1894913,1780669112394,2010146,1780669111079,26,2026-06-05T14:18:33.3003059Z,,oasis/bottle
,,,0,,,local.mqtt.telegraf,55,38.43,,,08a6f76bd428,08a6f76bd428-554,554,08:A6:F7:6B:D4:28,ON,1897609,1780669115090,1897613,1780669115094,2054137,1780669114518,25,2026-06-05T14:18:36.003103Z,,oasis/bottle
,,,0,,,local.mqtt.telegraf,56,23.57,,,08a6f75abdf0,08a6f75abdf0-554,554,08:A6:F7:5A:BD:F0,ON,1897659,1780669115140,1897664,1780669115145,1964716,1780669114518,25,2026-06-05T14:18:36.0805589Z,,oasis/bottle
,,,0,,,local.mqtt.telegraf,54,38.45,,,08a6f769c348,08a6f769c348-554,554,08:A6:F7:69:C3:48,ON,1898209,1780669115690,1898213,1780669115694,2013446,1780669114517,26,2026-06-05T14:18:36.5973327Z,,oasis/bottle
,,,0,,,local.mqtt.telegraf,55,38.18,,,08a6f76bd428,08a6f76bd428-555,555,08:A6:F7:6B:D4:28,ON,1900899,1780669118380,1900904,1780669118385,2057437,1780669117818,25,2026-06-05T14:18:39.3020031Z,,oasis/bottle
,,,0,,,local.mqtt.telegraf,56,23.54,,,08a6f75abdf0,08a6f75abdf0-555,555,08:A6:F7:5A:BD:F0,ON,1900958,1780669118440,1900966,1780669118447,1968016,1780669117818,25,2026-06-05T14:18:39.3928637Z,,oasis/bottle
,,,0,,,local.mqtt.telegraf,54,38.44,,,08a6f769c348,08a6f769c348-555,555,08:A6:F7:69:C3:48,ON,1901509,1780669118990,1901513,1780669118994,2016746,1780669117817,26,2026-06-05T14:18:39.9051694Z,,oasis/bottle
,,,0,,,local.mqtt.telegraf,55,38.29,,,08a6f76bd428,08a6f76bd428-556,556,08:A6:F7:6B:D4:28,ON,1904199,1780669121680,1904204,1780669121685,2060736,1780669121117,25,2026-06-05T14:18:42.5935652Z,,oasis/bottle
,,,0,,,local.mqtt.telegraf,56,23.41,,,08a6f75abdf0,08a6f75abdf0-556,556,08:A6:F7:5A:BD:F0,ON,1904261,1780669121742,1904266,1780669121747,1971316,1780669121118,25,2026-06-05T14:18:42.6704807Z,,oasis/bottle
,,,0,,,local.mqtt.telegraf,54,38.39,,,08a6f769c348,08a6f769c348-556,556,08:A6:F7:69:C3:48,ON,1904809,1780669122290,1904813,1780669122294,2020046,1780669121117,26,2026-06-05T14:18:43.19692Z,,oasis/bottle
,,,0,,,local.mqtt.telegraf,55,38.33,,,08a6f76bd428,08a6f76bd428-557,557,08:A6:F7:6B:D4:28,ON,1907500,1780669124981,1907504,1780669124985,2064037,1780669124539,25,2026-06-05T14:18:45.9204503Z,,oasis/bottle
,,,0,,,local.mqtt.telegraf,56,23.28,,,08a6f75abdf0,08a6f75abdf0-557,557,08:A6:F7:5A:BD:F0,ON,1907558,1780669125040,1907566,1780669125047,1974616,1780669124539,25,2026-06-05T14:18:46.0039918Z,,oasis/bottle
,,,0,,,local.mqtt.telegraf,54,38.25,,,08a6f769c348,08a6f769c348-557,557,08:A6:F7:69:C3:48,ON,1908116,1780669125597,1908121,1780669125602,2023347,1780669124539,26,2026-06-05T14:18:46.4974805Z,,oasis/bottle
,,,0,,,local.mqtt.telegraf,55,38.02,,,08a6f76bd428,08a6f76bd428-558,558,08:A6:F7:6B:D4:28,ON,1910799,1780669128281,1910804,1780669128285,2067336,1780669127838,25,2026-06-05T14:18:49.2003011Z,,oasis/bottle
,,,0,,,local.mqtt.telegraf,56,23.07,,,08a6f75abdf0,08a6f75abdf0-558,558,08:A6:F7:5A:BD:F0,ON,1910859,1780669128340,1910867,1780669128348,1977916,1780669127839,25,2026-06-05T14:18:49.2845348Z,,oasis/bottle
,,,0,,,local.mqtt.telegraf,54,38.23,,,08a6f769c348,08a6f769c348-558,558,08:A6:F7:69:C3:48,ON,1911409,1780669128890,1911413,1780669128894,2026646,1780669127838,26,2026-06-05T14:18:49.8002722Z,,oasis/bottle
,,,0,,,local.mqtt.telegraf,55,38.25,,,08a6f76bd428,08a6f76bd428-559,559,08:A6:F7:6B:D4:28,ON,1914109,1780669131590,1914113,1780669131594,2070637,1780669131139,25,2026-06-05T14:18:52.5003562Z,,oasis/bottle
,,,0,,,local.mqtt.telegraf,56,23.29,,,08a6f75abdf0,08a6f75abdf0-559,559,08:A6:F7:5A:BD:F0,ON,1914158,1780669131639,1914163,1780669131644,1981217,1780669131140,25,2026-06-05T14:18:52.5814654Z,,oasis/bottle
,,,0,,,local.mqtt.telegraf,54,38.43,,,08a6f769c348,08a6f769c348-559,559,08:A6:F7:69:C3:48,ON,1914709,1780669132190,1914713,1780669132194,2029946,1780669131138,26,2026-06-05T14:18:53.1097284Z,,oasis/bottle
,,,0,,,local.mqtt.telegraf,55,38.23,,,08a6f76bd428,08a6f76bd428-560,560,08:A6:F7:6B:D4:28,ON,1917400,1780669134881,1917404,1780669134885,2073937,1780669134559,25,2026-06-05T14:18:55.7920312Z,,oasis/bottle
,,,0,,,local.mqtt.telegraf,56,23.14,,,08a6f75abdf0,08a6f75abdf0-560,560,08:A6:F7:5A:BD:F0,ON,1917461,1780669134942,1917466,1780669134947,1984517,1780669134560,25,2026-06-05T14:18:55.877805Z,,oasis/bottle
,,,0,,,local.mqtt.telegraf,54,38.31,,,08a6f769c348,08a6f769c348-560,560,08:A6:F7:69:C3:48,ON,1918009,1780669135490,1918013,1780669135494,2033246,1780669134559,26,2026-06-05T14:18:56.4135816Z,,oasis/bottle
,,,0,,,local.mqtt.telegraf,55,38.27,,,08a6f76bd428,08a6f76bd428-561,561,08:A6:F7:6B:D4:28,ON,1920709,1780669138190,1920713,1780669138194,2077237,1780669137859,25,2026-06-05T14:18:59.1106347Z,,oasis/bottle
,,,0,,,local.mqtt.telegraf,56,22.99,,,08a6f75abdf0,08a6f75abdf0-561,561,08:A6:F7:5A:BD:F0,ON,1920758,1780669138240,1920763,1780669138244,1987816,1780669137859,25,2026-06-05T14:18:59.1875041Z,,oasis/bottle
,,,0,,,local.mqtt.telegraf,54,38.18,,,08a6f769c348,08a6f769c348-561,561,08:A6:F7:69:C3:48,ON,1921309,1780669138791,1921315,1780669138796,2036547,1780669137860,26,2026-06-05T14:18:59.6931534Z,,oasis/bottle
,,,0,,,local.mqtt.telegraf,55,38,,,08a6f76bd428,08a6f76bd428-562,562,08:A6:F7:6B:D4:28,ON,1924008,1780669141490,1924013,1780669141494,2080537,1780669141159,25,2026-06-05T14:19:02.4020921Z,,oasis/bottle
,,,0,,,local.mqtt.telegraf,56,23.2,,,08a6f75abdf0,08a6f75abdf0-562,562,08:A6:F7:5A:BD:F0,ON,1924058,1780669141539,1924063,1780669141544,1991117,1780669141160,25,2026-06-05T14:19:02.4826527Z,,oasis/bottle
,,,0,,,local.mqtt.telegraf,54,38.13,,,08a6f769c348,08a6f769c348-562,562,08:A6:F7:69:C3:48,ON,1924609,1780669142090,1924613,1780669142094,2039846,1780669141159,26,2026-06-05T14:19:02.9953825Z,,oasis/bottle
,,,0,,,local.mqtt.telegraf,55,38.02,,,08a6f76bd428,08a6f76bd428-563,563,08:A6:F7:6B:D4:28,ON,1927299,1780669144781,1927304,1780669144785,2083837,1780669144579,25,2026-06-05T14:19:05.692275Z,,oasis/bottle
,,,0,,,local.mqtt.telegraf,56,22.99,,,08a6f75abdf0,08a6f75abdf0-563,563,08:A6:F7:5A:BD:F0,ON,1927362,1780669144843,1927366,1780669144847,1994416,1780669144579,25,2026-06-05T14:19:05.7676004Z,,oasis/bottle
,,,0,,,local.mqtt.telegraf,54,38.18,,,08a6f769c348,08a6f769c348-563,563,08:A6:F7:69:C3:48,ON,1927909,1780669145390,1927913,1780669145394,2043146,1780669144578,26,2026-06-05T14:19:06.3008716Z,,oasis/bottle
,,,0,,,local.mqtt.telegraf,55,38.23,,,08a6f76bd428,08a6f76bd428-564,564,08:A6:F7:6B:D4:28,ON,1930600,1780669148081,1930604,1780669148085,2087137,1780669147879,25,2026-06-05T14:19:08.991281Z,,oasis/bottle
,,,0,,,local.mqtt.telegraf,56,23.01,,,08a6f75abdf0,08a6f75abdf0-564,564,08:A6:F7:5A:BD:F0,ON,1930662,1780669148143,1930666,1780669148147,1997716,1780669147879,25,2026-06-05T14:19:09.066561Z,,oasis/bottle
,,,0,,,local.mqtt.telegraf,54,38.08,,,08a6f769c348,08a6f769c348-564,564,08:A6:F7:69:C3:48,ON,1931219,1780669148700,1931223,1780669148704,2046446,1780669147878,26,2026-06-05T14:19:09.6503099Z,,oasis/bottle
,,,0,,,local.mqtt.telegraf,55,38,,,08a6f76bd428,08a6f76bd428-565,565,08:A6:F7:6B:D4:28,ON,1933906,1780669151387,1933915,1780669151396,2090437,1780669151179,25,2026-06-05T14:19:12.30207Z,,oasis/bottle
,,,0,,,local.mqtt.telegraf,56,22.85,,,08a6f75abdf0,08a6f75abdf0-565,565,08:A6:F7:5A:BD:F0,ON,1933958,1780669151440,1933963,1780669151444,2001017,1780669151180,25,2026-06-05T14:19:12.3783578Z,,oasis/bottle
,,,0,,,local.mqtt.telegraf,54,38.05,,,08a6f769c348,08a6f769c348-565,565,08:A6:F7:69:C3:48,ON,1934519,1780669152000,1934523,1780669152005,2049756,1780669151188,26,2026-06-05T14:19:12.9174935Z,,oasis/bottle
,,,0,,,local.mqtt.telegraf,56,37.92,,,08a6f76bd428,08a6f76bd428-566,566,08:A6:F7:6B:D4:28,ON,1937200,1780669154681,1937204,1780669154685,2093736,1780669154606,25,2026-06-05T14:19:15.5926248Z,,oasis/bottle
,,,0,,,local.mqtt.telegraf,55,22.95,,,08a6f75abdf0,08a6f75abdf0-566,566,08:A6:F7:5A:BD:F0,ON,1937261,1780669154742,1937266,1780669154747,2004317,1780669154608,25,2026-06-05T14:19:15.67017Z,,oasis/bottle
,,,0,,,local.mqtt.telegraf,54,37.97,,,08a6f769c348,08a6f769c348-566,566,08:A6:F7:69:C3:48,ON,1937819,1780669155300,1937823,1780669155304,2053057,1780669154608,26,2026-06-05T14:19:16.2045404Z,,oasis/bottle
,,,0,,,local.mqtt.telegraf,56,37.92,,,08a6f76bd428,08a6f76bd428-567,567,08:A6:F7:6B:D4:28,ON,1940499,1780669157981,1940504,1780669157985,2097036,1780669157906,25,2026-06-05T14:19:18.8897885Z,,oasis/bottle
,,,0,,,local.mqtt.telegraf,55,22.94,,,08a6f75abdf0,08a6f75abdf0-567,567,08:A6:F7:5A:BD:F0,ON,1940562,1780669158043,1940567,1780669158048,2007617,1780669157908,25,2026-06-05T14:19:18.9694452Z,,oasis/bottle
,,,0,,,local.mqtt.telegraf,54,38.09,,,08a6f769c348,08a6f769c348-567,567,08:A6:F7:69:C3:48,ON,1941119,1780669158600,1941123,1780669158604,2056357,1780669157908,26,2026-06-05T14:19:19.4957549Z,,oasis/bottle
,,,0,,,local.mqtt.telegraf,56,37.74,,,08a6f76bd428,08a6f76bd428-568,568,08:A6:F7:6B:D4:28,ON,1943800,1780669161281,1943804,1780669161285,2100336,1780669161206,25,2026-06-05T14:19:22.1937643Z,,oasis/bottle
,,,0,,,local.mqtt.telegraf,56,22.66,,,08a6f75abdf0,08a6f75abdf0-568,568,08:A6:F7:5A:BD:F0,ON,1943861,1780669161343,1943866,1780669161347,2010916,1780669161207,25,2026-06-05T14:19:22.2730896Z,,oasis/bottle
,,,0,,,local.mqtt.telegraf,54,37.92,,,08a6f769c348,08a6f769c348-568,568,08:A6:F7:69:C3:48,ON,1944419,1780669161900,1944423,1780669161904,2059657,1780669161208,26,2026-06-05T14:19:22.8091626Z,,oasis/bottle
,,,0,,,local.mqtt.telegraf,55,37.78,,,08a6f76bd428,08a6f76bd428-569,569,08:A6:F7:6B:D4:28,ON,1947100,1780669164581,1947104,1780669164585,2103637,1780669164508,25,2026-06-05T14:19:25.4952041Z,,oasis/bottle
,,,0,,,local.mqtt.telegraf,56,22.64,,,08a6f75abdf0,08a6f75abdf0-569,569,08:A6:F7:5A:BD:F0,ON,1947160,1780669164642,1947166,1780669164647,2014217,1780669164559,25,2026-06-05T14:19:25.5750345Z,,oasis/bottle
,,,0,,,local.mqtt.telegraf,54,38.04,,,08a6f769c348,08a6f769c348-569,569,08:A6:F7:69:C3:48,ON,1947719,1780669165200,1947723,1780669165204,2062957,1780669164638,26,2026-06-05T14:19:26.1033416Z,,oasis/bottle
,,,0,,,local.mqtt.telegraf,55,37.79,,,08a6f76bd428,08a6f76bd428-570,570,08:A6:F7:6B:D4:28,ON,1950409,1780669167890,1950413,1780669167894,2106936,1780669167807,25,2026-06-05T14:19:28.8026376Z,,oasis/bottle
,,,0,,,local.mqtt.telegraf,56,22.47,,,08a6f75abdf0,08a6f75abdf0-570,570,08:A6:F7:5A:BD:F0,ON,1950458,1780669167940,1950463,1780669167944,2017516,1780669167858,25,2026-06-05T14:19:28.8789113Z,,oasis/bottle
,,,0,,,local.mqtt.telegraf,54,37.82,,,08a6f769c348,08a6f769c348-570,570,08:A6:F7:69:C3:48,ON,1951019,1780669168500,1951023,1780669168504,2066257,1780669167938,26,2026-06-05T14:19:29.3969604Z,,oasis/bottle
,,,0,,,local.mqtt.telegraf,55,37.59,,,08a6f76bd428,08a6f76bd428-571,571,08:A6:F7:6B:D4:28,ON,1953699,1780669171181,1953704,1780669171185,2110236,1780669171107,25,2026-06-05T14:19:32.0943684Z,,oasis/bottle
,,,0,,,local.mqtt.telegraf,55,22.31,,,08a6f75abdf0,08a6f75abdf0-571,571,08:A6:F7:5A:BD:F0,ON,1953758,1780669171240,1953766,1780669171247,2020817,1780669171159,25,2026-06-05T14:19:32.1742535Z,,oasis/bottle
,,,0,,,local.mqtt.telegraf,54,37.75,,,08a6f769c348,08a6f769c348-571,571,08:A6:F7:69:C3:48,ON,1954319,1780669171800,1954323,1780669171804,2069557,1780669171238,26,2026-06-05T14:19:32.7016475Z,,oasis/bottle
,,,0,,,local.mqtt.telegraf,55,37.61,,,08a6f76bd428,08a6f76bd428-572,572,08:A6:F7:6B:D4:28,ON,1956999,1780669174481,1957004,1780669174485,2113537,1780669174409,25,2026-06-05T14:19:35.4022231Z,,oasis/bottle
,,,0,,,local.mqtt.telegraf,55,22.09,,,08a6f75abdf0,08a6f75abdf0-572,572,08:A6:F7:5A:BD:F0,ON,1957059,1780669174540,1957063,1780669174544,2024117,1780669174440,25,2026-06-05T14:19:35.4808548Z,,oasis/bottle
,,,0,,,local.mqtt.telegraf,54,37.79,,,08a6f769c348,08a6f769c348-572,572,08:A6:F7:69:C3:48,ON,1957629,1780669175110,1957633,1780669175114,2072867,1780669174650,26,2026-06-05T14:19:36.0108281Z,,oasis/bottle
,,,0,,,local.mqtt.telegraf,55,37.35,,,08a6f76bd428,08a6f76bd428-573,573,08:A6:F7:6B:D4:28,ON,1960309,1780669177790,1960313,1780669177794,2116837,1780669177709,25,2026-06-05T14:19:38.6945382Z,,oasis/bottle
,,,0,,,local.mqtt.telegraf,55,21.99,,,08a6f75abdf0,08a6f75abdf0-573,573,08:A6:F7:5A:BD:F0,ON,1960358,1780669177840,1960363,1780669177844,2027417,1780669177740,25,2026-06-05T14:19:38.7354431Z,,oasis/bottle
,,,0,,,local.mqtt.telegraf,54,37.46,,,08a6f769c348,08a6f769c348-573,573,08:A6:F7:69:C3:48,ON,1960929,1780669178410,1960933,1780669178414,2076167,1780669177950,26,2026-06-05T14:19:39.3088236Z,,oasis/bottle
,,,0,,,local.mqtt.telegraf,55,37.49,,,08a6f76bd428,08a6f76bd428-574,574,08:A6:F7:6B:D4:28,ON,1963609,1780669181090,1963613,1780669181094,2120137,1780669181009,25,2026-06-05T14:19:42.0039629Z,,oasis/bottle
,,,0,,,local.mqtt.telegraf,55,16.98,,,08a6f75abdf0,08a6f75abdf0-574,574,08:A6:F7:5A:BD:F0,ON,1963658,1780669181140,1963663,1780669181144,2030717,1780669181040,25,2026-06-05T14:19:42.04839Z,,oasis/bottle
,,,0,,,local.mqtt.telegraf,54,36.67,,,08a6f769c348,08a6f769c348-574,574,08:A6:F7:69:C3:48,ON,1964239,1780669181720,1964243,1780669181724,2079476,1780669181259,26,2026-06-05T14:19:42.6381246Z,,oasis/bottle
,,,0,,,local.mqtt.telegraf,55,37.18,,,08a6f76bd428,08a6f76bd428-575,575,08:A6:F7:6B:D4:28,ON,1966899,1780669184381,1966904,1780669184385,2123437,1780669184307,25,2026-06-05T14:19:45.2940978Z,,oasis/bottle
,,,0,,,local.mqtt.telegraf,55,16.76,,,08a6f75abdf0,08a6f75abdf0-575,575,08:A6:F7:5A:BD:F0,ON,1966959,1780669184440,1966966,1780669184447,2034017,1780669184358,25,2026-06-05T14:19:45.3301026Z,,oasis/bottle
,,,0,,,local.mqtt.telegraf,54,36.32,,,08a6f769c348,08a6f769c348-575,575,08:A6:F7:69:C3:48,ON,1967539,1780669185020,1967543,1780669185024,2082776,1780669184686,26,2026-06-05T14:19:45.9261602Z,,oasis/bottle
,,,0,,,local.mqtt.telegraf,55,37.11,,,08a6f76bd428,08a6f76bd428-576,576,08:A6:F7:6B:D4:28,ON,1970209,1780669187690,1970213,1780669187694,2126737,1780669187607,25,2026-06-05T14:19:48.5957878Z,,oasis/bottle
,,,0,,,local.mqtt.telegraf,56,21.85,,,08a6f75abdf0,08a6f75abdf0-576,576,08:A6:F7:5A:BD:F0,ON,1970259,1780669187740,1970264,1780669187745,2037317,1780669187658,25,2026-06-05T14:19:48.6262184Z,,oasis/bottle
,,,0,,,local.mqtt.telegraf,54,37.59,,,08a6f769c348,08a6f769c348-576,576,08:A6:F7:69:C3:48,ON,1970839,1780669188320,1970843,1780669188324,2086077,1780669187987,26,2026-06-05T14:19:49.2198398Z,,oasis/bottle
,,,0,,,local.mqtt.telegraf,55,36.76,,,08a6f76bd428,08a6f76bd428-577,577,08:A6:F7:6B:D4:28,ON,1973499,1780669190980,1973504,1780669190985,2130037,1780669190907,25,2026-06-05T14:19:51.8953446Z,,oasis/bottle
,,,0,,,local.mqtt.telegraf,56,21.53,,,08a6f75abdf0,08a6f75abdf0-577,577,08:A6:F7:5A:BD:F0,ON,1973558,1780669191039,1973565,1780669191046,2040616,1780669190957,25,2026-06-05T14:19:51.9349761Z,,oasis/bottle
,,,0,,,local.mqtt.telegraf,54,37.22,,,08a6f769c348,08a6f769c348-577,577,08:A6:F7:69:C3:48,ON,1974139,1780669191620,1974143,1780669191624,2089376,1780669191286,26,2026-06-05T14:19:52.5180026Z,,oasis/bottle
,,,0,,,local.mqtt.telegraf,55,36.28,,,08a6f76bd428,08a6f76bd428-578,578,08:A6:F7:6B:D4:28,ON,1976809,1780669194290,1976814,1780669194295,2133337,1780669194209,25,2026-06-05T14:19:55.1974076Z,,oasis/bottle
,,,0,,,local.mqtt.telegraf,56,20.11,,,08a6f75abdf0,08a6f75abdf0-578,578,08:A6:F7:5A:BD:F0,ON,1976858,1780669194340,1976863,1780669194344,2043917,1780669194260,25,2026-06-05T14:19:55.2396475Z,,oasis/bottle
,,,0,,,local.mqtt.telegraf,54,36.63,,,08a6f769c348,08a6f769c348-578,578,08:A6:F7:69:C3:48,ON,1977439,1780669194920,1977443,1780669194924,2092677,1780669194710,26,2026-06-05T14:19:55.8138426Z,,oasis/bottle
,,,0,,,local.mqtt.telegraf,55,36.3,,,08a6f76bd428,08a6f76bd428-579,579,08:A6:F7:6B:D4:28,ON,1980109,1780669197591,1980114,1780669197595,2136646,1780669197518,25,2026-06-05T14:19:58.5054807Z,,oasis/bottle
,,,0,,,local.mqtt.telegraf,56,20.11,,,08a6f75abdf0,08a6f75abdf0-579,579,08:A6:F7:5A:BD:F0,ON,1980159,1780669197640,1980163,1780669197644,2047216,1780669197559,25,2026-06-05T14:19:58.5457343Z,,oasis/bottle
,,,0,,,local.mqtt.telegraf,54,36.61,,,08a6f769c348,08a6f769c348-579,579,08:A6:F7:69:C3:48,ON,1980739,1780669198220,1980743,1780669198224,2095977,1780669198010,26,2026-06-05T14:19:59.1250405Z,,oasis/bottle
,,,0,,,local.mqtt.telegraf,55,36.14,,,08a6f76bd428,08a6f76bd428-580,580,08:A6:F7:6B:D4:28,ON,1983409,1780669200891,1983414,1780669200895,2139946,1780669200818,25,2026-06-05T14:20:01.7983338Z,,oasis/bottle
,,,0,,,local.mqtt.telegraf,56,20.09,,,08a6f75abdf0,08a6f75abdf0-580,580,08:A6:F7:5A:BD:F0,ON,1983458,1780669200940,1983463,1780669200944,2050516,1780669200859,25,2026-06-05T14:20:01.8392943Z,,oasis/bottle
,,,0,,,local.mqtt.telegraf,54,36.6,,,08a6f769c348,08a6f769c348-580,580,08:A6:F7:69:C3:48,ON,1984039,1780669201520,1984043,1780669201524,2099277,1780669201310,26,2026-06-05T14:20:02.4147971Z,,oasis/bottle
,,,0,,,local.mqtt.telegraf,56,19.77,,,08a6f75abdf0,08a6f75abdf0-581,581,08:A6:F7:5A:BD:F0,ON,1986758,1780669204240,1986763,1780669204244,2053817,1780669204160,25,2026-06-05T14:20:05.1101729Z,,oasis/bottle
,,,0,,,local.mqtt.telegraf,54,36.33,,,08a6f769c348,08a6f769c348-581,581,08:A6:F7:69:C3:48,ON,1987349,1780669204830,1987353,1780669204834,2102577,1780669204730,26,2026-06-05T14:20:05.7260791Z,,oasis/bottle
,,,0,,,local.mqtt.telegraf,56,19.58,,,08a6f75abdf0,08a6f75abdf0-582,582,08:A6:F7:5A:BD:F0,ON,1990058,1780669207540,1990063,1780669207544,2057116,1780669207459,26,2026-06-05T14:20:08.4195496Z,,oasis/bottle
,,,0,,,local.mqtt.telegraf,54,36.13,,,08a6f769c348,08a6f769c348-582,582,08:A6:F7:69:C3:48,ON,1990639,1780669208120,1990644,1780669208125,2105877,1780669208030,26,2026-06-05T14:20:09.023835Z,,oasis/bottle
