#group,false,false,false,false,false,false,false,false,false,false,false,false,false,false,false,false,false,false,false,false,false,false,false,false,false,false,false,false,false,false,false,false,false,false,false,false,false,false,false,false,false,false,false,false,false
#datatype,string,double,double,double,string,double,string,double,double,double,string,double,double,double,double,double,double,double,double,string,string,double,double,double,string,string,double,double,double,double,double,double,double,double,double,double,double,double,double,double,dateTime:RFC3339,double,string,string,double
#default,,,,,,,,,,,,,,,,,,,,,,,,,,,,,,,,,,,,,,,,,,,,,
,ID,amplitude,bottle_no,bottle_np,device_id,g2m_latency_ms,host,humidity,light [%],light_percent,mode,msg,n2g_latency_ms,n2g_minus_sync_age_ms,n2g_minus_sync_delay_ms,n2g_minus_sync_rtt_ms,node_after_sensor_to_send_ms,node_build_to_send_ms,node_count,node_id,packet_id,publish_queue_len_at_tx,sensor_read_ms,seq,sink_mac,status,sync_age_ms,sync_delay_ms,sync_method,sync_offset_ms,sync_rtt_ms,t_after_sensor_ms,t_before_send_ms,t_gw_rx_ms,t_gw_rx_unix_ms,t_gw_tx_ms,t_gw_tx_unix_ms,t_node_ms,t_node_unix_ms,temp,time,time_sync_seq,timestamp,topic,tx_batch_index
,,,,,,6,local.mqtt.telegraf,46,47.69,,periodic,,68,-2083,47,45,,,1,08a6f7bb3c68,,0,273,45,08:A6:F7:BB:3C:68,,2151,21,2,,23,,,114106,1782291980357,114112,1782291980363,,1782291980289,28,2026-06-24T09:06:20.9763774Z,4,,oasis/bottle,0
,,,,,,6,local.mqtt.telegraf,46,47.64,,periodic,,68,-3583,47,45,,,1,08a6f7bb3c68,,0,273,46,08:A6:F7:BB:3C:68,,3651,21,2,,23,,,115606,1782291981857,115612,1782291981863,,1782291981789,28,2026-06-24T09:06:22.476919Z,4,,oasis/bottle,0
,,,,,,6,local.mqtt.telegraf,46,47.55,,periodic,,68,-4793,47,45,,,1,08a6f7bb3c68,,0,273,47,08:A6:F7:BB:3C:68,,4861,21,2,,23,,,116816,1782291983067,116822,1782291983073,,1782291982999,28,2026-06-24T09:06:23.6846531Z,4,,oasis/bottle,0
,,,,,,6,local.mqtt.telegraf,46,47.48,,periodic,,68,-6003,47,45,,,1,08a6f7bb3c68,,0,273,48,08:A6:F7:BB:3C:68,,6071,21,2,,23,,,118026,1782291984277,118032,1782291984283,,1782291984209,28,2026-06-24T09:06:24.8918861Z,4,,oasis/bottle,0
,,,,,,6,local.mqtt.telegraf,46,47.29,,periodic,,68,-7223,47,45,,,1,08a6f7bb3c68,,0,273,49,08:A6:F7:BB:3C:68,,7291,21,2,,23,,,119246,1782291985497,119252,1782291985503,,1782291985429,28,2026-06-24T09:06:26.1207868Z,4,,oasis/bottle,0
,,,,,,6,local.mqtt.telegraf,46,47.57,,periodic,,69,-8461,48,46,,,1,08a6f7bb3c68,,0,273,50,08:A6:F7:BB:3C:68,,8530,21,2,,23,,,120486,1782291986737,120492,1782291986743,,1782291986668,28,2026-06-24T09:06:27.3596452Z,4,,oasis/bottle,0
,,,,,,6,local.mqtt.telegraf,46,47.51,,periodic,,69,-9741,48,46,,,1,08a6f7bb3c68,,0,273,51,08:A6:F7:BB:3C:68,,9810,21,2,,23,,,121766,1782291988017,121772,1782291988023,,1782291987948,28,2026-06-24T09:06:28.6271345Z,4,,oasis/bottle,0
,,,,,,6,local.mqtt.telegraf,45,47.06,,periodic,,68,-11103,47,45,,,1,08a6f7bb3c68,,0,274,52,08:A6:F7:BB:3C:68,,11171,21,2,,23,,,123126,1782291989377,123132,1782291989383,,1782291989309,28,2026-06-24T09:06:29.9927253Z,4,,oasis/bottle,0
,,,,,,7,local.mqtt.telegraf,45,47.48,,periodic,,68,-12623,47,45,,,1,08a6f7bb3c68,,0,273,53,08:A6:F7:BB:3C:68,,12691,21,2,,23,,,124646,1782291990897,124653,1782291990904,,1782291990829,28,2026-06-24T09:06:31.5072688Z,4,,oasis/bottle,0
,,,,,,6,local.mqtt.telegraf,45,47.42,,periodic,,68,-13853,47,45,,,1,08a6f7bb3c68,,0,274,54,08:A6:F7:BB:3C:68,,13921,21,2,,23,,,125876,1782291992127,125882,1782291992133,,1782291992059,28,2026-06-24T09:06:32.7408621Z,4,,oasis/bottle,0
,,,,,,6,local.mqtt.telegraf,45,47.59,,periodic,,69,-15121,48,46,,,1,08a6f7bb3c68,,0,273,55,08:A6:F7:BB:3C:68,,15190,21,2,,23,,,127146,1782291993397,127152,1782291993403,,1782291993328,28,2026-06-24T09:06:34.0266032Z,4,,oasis/bottle,0
,,,,,,6,local.mqtt.telegraf,45,47.09,,periodic,,69,-16441,48,46,,,1,08a6f7bb3c68,,0,273,56,08:A6:F7:BB:3C:68,,16510,21,2,,23,,,128466,1782291994717,128472,1782291994723,,1782291994648,28,2026-06-24T09:06:35.3236082Z,4,,oasis/bottle,0
,,,,,,6,local.mqtt.telegraf,45,47.24,,periodic,,65,-17879,44,42,,,1,08a6f7bb3c68,,0,273,57,08:A6:F7:BB:3C:68,,17944,21,2,,23,,,129896,1782291996147,129902,1782291996153,,1782291996082,28,2026-06-24T09:06:36.7608367Z,4,,oasis/bottle,0
,,,,,,14,local.mqtt.telegraf,45,46.95,,periodic,,69,-18941,48,46,,,1,08a6f7bb3c68,,0,273,58,08:A6:F7:BB:3C:68,,19010,21,2,,23,,,130966,1782291997217,130980,1782291997231,,1782291997148,28,2026-06-24T09:06:37.8361771Z,4,,oasis/bottle,0
,,,,,,6,local.mqtt.telegraf,45,47.68,,periodic,,66,-275,45,43,,,1,08a6f7bb3c68,,0,274,59,08:A6:F7:BB:3C:68,,341,21,2,,23,,,132505,1782291998756,132511,1782291998762,,1782291998690,28,2026-06-24T09:06:39.3729511Z,5,,oasis/bottle,0
,,,,,,6,local.mqtt.telegraf,45,47.59,,periodic,,67,-1544,46,44,,,1,08a6f7bb3c68,,0,274,60,08:A6:F7:BB:3C:68,,1611,21,2,,23,,,133776,1782292000027,133782,1782292000033,,1782291999960,28,2026-06-24T09:06:40.6407587Z,5,,oasis/bottle,0
,,,,,,6,local.mqtt.telegraf,45,47.4,,periodic,,67,-2884,46,44,,,1,08a6f7bb3c68,,0,274,61,08:A6:F7:BB:3C:68,,2951,21,2,,23,,,135116,1782292001367,135122,1782292001373,,1782292001300,28,2026-06-24T09:06:41.9698714Z,5,,oasis/bottle,0
,,,,,,6,local.mqtt.telegraf,45,47.36,,periodic,,67,-4364,46,44,,,1,08a6f7bb3c68,,0,274,62,08:A6:F7:BB:3C:68,,4431,21,2,,23,,,136596,1782292002847,136602,1782292002853,,1782292002780,28,2026-06-24T09:06:43.4721031Z,5,,oasis/bottle,0
,,,,,,6,local.mqtt.telegraf,45,47.26,,periodic,,67,-5534,46,44,,,1,08a6f7bb3c68,,0,274,63,08:A6:F7:BB:3C:68,,5601,21,2,,23,,,137766,1782292004017,137772,1782292004023,,1782292003950,28,2026-06-24T09:06:44.6449809Z,5,,oasis/bottle,0
,,,,,,6,local.mqtt.telegraf,45,47.06,,periodic,,67,-6664,46,44,,,1,08a6f7bb3c68,,0,273,64,08:A6:F7:BB:3C:68,,6731,21,2,,23,,,138896,1782292005147,138902,1782292005153,,1782292005080,28,2026-06-24T09:06:45.7651912Z,5,,oasis/bottle,0
,,,,,,6,local.mqtt.telegraf,45,47.45,,periodic,,67,-7724,46,44,,,1,08a6f7bb3c68,,0,274,65,08:A6:F7:BB:3C:68,,7791,21,2,,23,,,139956,1782292006207,139962,1782292006213,,1782292006140,28,2026-06-24T09:06:46.8259313Z,5,,oasis/bottle,0
,,,,,,6,local.mqtt.telegraf,45,47.41,,periodic,,67,-9244,46,44,,,1,08a6f7bb3c68,,0,273,66,08:A6:F7:BB:3C:68,,9311,21,2,,23,,,141476,1782292007727,141482,1782292007733,,1782292007660,28,2026-06-24T09:06:48.3395578Z,5,,oasis/bottle,0
,,,,,,6,local.mqtt.telegraf,45,47.36,,periodic,,67,-10474,46,44,,,1,08a6f7bb3c68,,0,273,67,08:A6:F7:BB:3C:68,,10541,21,2,,23,,,142706,1782292008957,142712,1782292008963,,1782292008890,28,2026-06-24T09:06:49.5756588Z,5,,oasis/bottle,0
,,,,,,6,local.mqtt.telegraf,45,47.48,,periodic,,67,-11734,46,44,,,1,08a6f7bb3c68,,0,273,68,08:A6:F7:BB:3C:68,,11801,21,2,,23,,,143966,1782292010217,143972,1782292010223,,1782292010150,28,2026-06-24T09:06:50.8350645Z,5,,oasis/bottle,0
,,,,,,6,local.mqtt.telegraf,45,47.16,,periodic,,67,-13054,46,44,,,1,08a6f7bb3c68,,0,273,69,08:A6:F7:BB:3C:68,,13121,21,2,,23,,,145286,1782292011537,145292,1782292011543,,1782292011470,28,2026-06-24T09:06:52.1565689Z,5,,oasis/bottle,0
,,,,,,6,local.mqtt.telegraf,45,47.1,,periodic,,67,-14484,46,44,,,1,08a6f7bb3c68,,0,273,70,08:A6:F7:BB:3C:68,,14551,21,2,,23,,,146716,1782292012967,146722,1782292012973,,1782292012900,28,2026-06-24T09:06:53.5827231Z,5,,oasis/bottle,0
,,,,,,6,local.mqtt.telegraf,45,47.28,,periodic,,67,-15544,46,44,,,1,08a6f7bb3c68,,0,273,71,08:A6:F7:BB:3C:68,,15611,21,2,,23,,,147776,1782292014027,147782,1782292014033,,1782292013960,28,2026-06-24T09:06:54.6405579Z,5,,oasis/bottle,0
,,,,,,6,local.mqtt.telegraf,45,47.06,,periodic,,67,-17074,46,44,,,1,08a6f7bb3c68,,0,273,72,08:A6:F7:BB:3C:68,,17141,21,2,,23,,,149306,1782292015557,149312,1782292015563,,1782292015490,28,2026-06-24T09:06:56.1610028Z,5,,oasis/bottle,0
,,,,,,6,local.mqtt.telegraf,45,47.06,,periodic,,68,-18312,47,45,,,1,08a6f7bb3c68,,0,273,73,08:A6:F7:BB:3C:68,,18380,21,2,,23,,,150546,1782292016797,150552,1782292016803,,1782292016729,28,2026-06-24T09:06:57.4147423Z,5,,oasis/bottle,0
,,,,,,6,local.mqtt.telegraf,45,47.42,,periodic,,67,-19594,46,44,,,1,08a6f7bb3c68,,0,273,74,08:A6:F7:BB:3C:68,,19661,21,2,,23,,,151826,1782292018077,151832,1782292018083,,1782292018010,28,2026-06-24T09:06:58.6920354Z,5,,oasis/bottle,0
,,,,,,6,local.mqtt.telegraf,45,47.42,,periodic,,66,-545,45,43,,,1,08a6f7bb3c68,,0,273,75,08:A6:F7:BB:3C:68,,611,21,2,,23,,,153195,1782292019446,153201,1782292019452,,1782292019380,28,2026-06-24T09:07:00.068722Z,6,,oasis/bottle,0
,,,,,,6,local.mqtt.telegraf,45,47.48,,periodic,,68,-2072,47,45,,,1,08a6f7bb3c68,,0,273,76,08:A6:F7:BB:3C:68,,2140,21,2,,23,,,154726,1782292020977,154732,1782292020983,,1782292020909,28,2026-06-24T09:07:01.6050607Z,6,,oasis/bottle,0
,,,,,,6,local.mqtt.telegraf,45,47.42,,periodic,,68,-3332,47,45,,,1,08a6f7bb3c68,,0,273,77,08:A6:F7:BB:3C:68,,3400,21,2,,23,,,155986,1782292022237,155992,1782292022243,,1782292022169,28,2026-06-24T09:07:02.8585744Z,6,,oasis/bottle,0
,,,,,,6,local.mqtt.telegraf,45,47.49,,periodic,,68,-4652,47,45,,,1,08a6f7bb3c68,,0,273,78,08:A6:F7:BB:3C:68,,4720,21,2,,23,,,157306,1782292023557,157312,1782292023563,,1782292023489,28,2026-06-24T09:07:04.1723066Z,6,,oasis/bottle,0
,,,,,,6,local.mqtt.telegraf,45,47.28,,periodic,,67,-6084,46,44,,,1,08a6f7bb3c68,,0,273,79,08:A6:F7:BB:3C:68,,6151,21,2,,23,,,158736,1782292024987,158742,1782292024993,,1782292024920,28,2026-06-24T09:07:05.6038819Z,6,,oasis/bottle,0
,,,,,,6,local.mqtt.telegraf,45,47.13,,periodic,,68,-7152,47,45,,,1,08a6f7bb3c68,,0,273,80,08:A6:F7:BB:3C:68,,7220,21,2,,23,,,159806,1782292026057,159812,1782292026063,,1782292025989,28,2026-06-24T09:07:06.679229Z,6,,oasis/bottle,0
,,,,,,6,local.mqtt.telegraf,45,47.26,,periodic,,68,-8682,47,45,,,1,08a6f7bb3c68,,0,273,81,08:A6:F7:BB:3C:68,,8750,21,2,,23,,,161336,1782292027587,161342,1782292027593,,1782292027519,28,2026-06-24T09:07:08.2050386Z,6,,oasis/bottle,0
,,,,,,6,local.mqtt.telegraf,45,47.34,,periodic,,68,-9942,47,45,,,1,08a6f7bb3c68,,0,273,82,08:A6:F7:BB:3C:68,,10010,21,2,,23,,,162596,1782292028847,162602,1782292028853,,1782292028779,28,2026-06-24T09:07:09.4571593Z,6,,oasis/bottle,0
,,,,,,6,local.mqtt.telegraf,45,47.26,,periodic,,67,-11264,46,44,,,1,08a6f7bb3c68,,0,273,83,08:A6:F7:BB:3C:68,,11331,21,2,,23,,,163916,1782292030167,163922,1782292030173,,1782292030100,28,2026-06-24T09:07:10.773397Z,6,,oasis/bottle,0
,,,,,,6,local.mqtt.telegraf,45,47.16,,periodic,,67,-12694,46,44,,,1,08a6f7bb3c68,,0,273,84,08:A6:F7:BB:3C:68,,12761,21,2,,23,,,165346,1782292031597,165352,1782292031603,,1782292031530,28,2026-06-24T09:07:12.2107481Z,6,,oasis/bottle,0
,,,,,,6,local.mqtt.telegraf,45,47.29,,periodic,,68,-13762,47,45,,,1,08a6f7bb3c68,,0,273,85,08:A6:F7:BB:3C:68,,13830,21,2,,23,,,166416,1782292032667,166422,1782292032673,,1782292032599,28,2026-06-24T09:07:13.2783112Z,6,,oasis/bottle,0
,,,,,,6,local.mqtt.telegraf,45,47.25,,periodic,,68,-15292,47,45,,,1,08a6f7bb3c68,,0,273,86,08:A6:F7:BB:3C:68,,15360,21,2,,23,,,167946,1782292034197,167952,1782292034203,,1782292034129,28,2026-06-24T09:07:14.8171544Z,6,,oasis/bottle,0
,,,,,,6,local.mqtt.telegraf,45,47.21,,periodic,,68,-16542,47,45,,,1,08a6f7bb3c68,,0,273,87,08:A6:F7:BB:3C:68,,16610,21,2,,23,,,169196,1782292035447,169202,1782292035453,,1782292035379,28,2026-06-24T09:07:16.0581111Z,6,,oasis/bottle,0
,,,,,,6,local.mqtt.telegraf,45,47.49,,periodic,,68,-17852,47,45,,,1,08a6f7bb3c68,,0,273,88,08:A6:F7:BB:3C:68,,17920,21,2,,23,,,170506,1782292036757,170512,1782292036763,,1782292036689,28,2026-06-24T09:07:17.3820067Z,6,,oasis/bottle,0
,,,,,,6,local.mqtt.telegraf,45,47.02,,periodic,,68,-19262,47,45,,,1,08a6f7bb3c68,,0,273,89,08:A6:F7:BB:3C:68,,19330,21,2,,23,,,171916,1782292038167,171922,1782292038173,,1782292038099,28,2026-06-24T09:07:18.7890562Z,6,,oasis/bottle,0
,,,,,,6,local.mqtt.telegraf,45,47.04,,periodic,,67,-663,36,34,,,1,08a6f7bb3c68,,0,273,90,08:A6:F7:BB:3C:68,,730,31,2,,33,,,173535,1782292039786,173541,1782292039792,,1782292039719,28,2026-06-24T09:07:20.4340533Z,7,,oasis/bottle,0
,,,,,,6,local.mqtt.telegraf,45,47.25,,periodic,,64,-2100,33,31,,,1,08a6f7bb3c68,,0,273,91,08:A6:F7:BB:3C:68,,2164,31,2,,33,,,174966,1782292041217,174972,1782292041223,,1782292041153,28,2026-06-24T09:07:21.8377921Z,7,,oasis/bottle,0
,,,,,,7,local.mqtt.telegraf,45,47.24,,periodic,,68,-3162,37,35,,,1,08a6f7bb3c68,,0,273,92,08:A6:F7:BB:3C:68,,3230,31,2,,33,,,176036,1782292042287,176043,1782292042294,,1782292042219,28,2026-06-24T09:07:22.9100654Z,7,,oasis/bottle,0
,,,,,,6,local.mqtt.telegraf,45,47.32,,periodic,,67,-4704,36,34,,,1,08a6f7bb3c68,,0,273,93,08:A6:F7:BB:3C:68,,4771,31,2,,33,,,177576,1782292043827,177582,1782292043833,,1782292043760,28,2026-06-24T09:07:24.4336148Z,7,,oasis/bottle,0
,,,,,,6,local.mqtt.telegraf,44,47.37,,periodic,,67,-5974,36,34,,,1,08a6f7bb3c68,,0,273,94,08:A6:F7:BB:3C:68,,6041,31,2,,33,,,178846,1782292045097,178852,1782292045103,,1782292045030,28,2026-06-24T09:07:25.7076724Z,7,,oasis/bottle,0
,,,,,,6,local.mqtt.telegraf,45,47.2,,periodic,,68,-7312,37,35,,,1,08a6f7bb3c68,,0,273,95,08:A6:F7:BB:3C:68,,7380,31,2,,33,,,180186,1782292046437,180192,1782292046443,,1782292046369,28,2026-06-24T09:07:27.0446562Z,7,,oasis/bottle,0
,,,,,,14,local.mqtt.telegraf,45,47.42,,periodic,,68,-8792,37,35,,,1,08a6f7bb3c68,,0,273,96,08:A6:F7:BB:3C:68,,8860,31,2,,33,,,181666,1782292047917,181680,1782292047931,,1782292047849,28,2026-06-24T09:07:28.5413955Z,7,,oasis/bottle,0
,,,,,,6,local.mqtt.telegraf,45,46.89,,periodic,,78,-9932,47,45,,,1,08a6f7bb3c68,,0,273,97,08:A6:F7:BB:3C:68,,10010,31,2,,33,,,182826,1782292049077,182832,1782292049083,,1782292048999,28,2026-06-24T09:07:29.6947407Z,7,,oasis/bottle,0
,,,,,,6,local.mqtt.telegraf,45,47.2,,periodic,,66,-11056,35,33,,,1,08a6f7bb3c68,,0,273,98,08:A6:F7:BB:3C:68,,11122,31,2,,33,,,183926,1782292050177,183932,1782292050183,,1782292050111,28,2026-06-24T09:07:30.7919362Z,7,,oasis/bottle,0
,,,,,,6,local.mqtt.telegraf,45,47.18,,periodic,,68,-12662,37,35,,,1,08a6f7bb3c68,,0,273,99,08:A6:F7:BB:3C:68,,12730,31,2,,33,,,185536,1782292051787,185542,1782292051793,,1782292051719,28,2026-06-24T09:07:32.4038284Z,7,,oasis/bottle,0
,,,,,,10,local.mqtt.telegraf,45,47.45,,periodic,,68,-14082,37,35,,,1,08a6f7bb3c68,,0,273,100,08:A6:F7:BB:3C:68,,14150,31,2,,33,,,186956,1782292053207,186966,1782292053217,,1782292053139,28,2026-06-24T09:07:33.8329172Z,7,,oasis/bottle,0
,,,,,,6,local.mqtt.telegraf,45,47.45,,periodic,,68,-15712,37,35,,,1,08a6f7bb3c68,,0,273,101,08:A6:F7:BB:3C:68,,15780,31,2,,33,,,188586,1782292054837,188592,1782292054843,,1782292054769,28,2026-06-24T09:07:35.4552145Z,7,,oasis/bottle,0
,,,,,,6,local.mqtt.telegraf,45,47.56,,periodic,,68,-17182,37,35,,,1,08a6f7bb3c68,,0,273,102,08:A6:F7:BB:3C:68,,17250,31,2,,33,,,190056,1782292056307,190062,1782292056313,,1782292056239,28,2026-06-24T09:07:36.9219159Z,7,,oasis/bottle,0
,,,,,,6,local.mqtt.telegraf,44,47.05,,periodic,,68,-18312,37,35,,,1,08a6f7bb3c68,,0,273,103,08:A6:F7:BB:3C:68,,18380,31,2,,33,,,191186,1782292057437,191192,1782292057443,,1782292057369,28,2026-06-24T09:07:38.0562725Z,7,,oasis/bottle,0
,,,,,,6,local.mqtt.telegraf,44,47.47,,periodic,,68,-19382,37,35,,,1,08a6f7bb3c68,,0,273,104,08:A6:F7:BB:3C:68,,19450,31,2,,33,,,192256,1782292058507,192262,1782292058513,,1782292058439,28,2026-06-24T09:07:39.1118948Z,7,,oasis/bottle,0
,,,,,,6,local.mqtt.telegraf,44,47.05,,periodic,,67,-704,46,44,,,1,08a6f7bb3c68,,0,273,105,08:A6:F7:BB:3C:68,,771,21,2,,23,,,193776,1782292060027,193782,1782292060033,,1782292059960,28,2026-06-24T09:07:40.6351701Z,8,,oasis/bottle,0
,,,,,,6,local.mqtt.telegraf,44,47.06,,periodic,,68,-1952,47,45,,,1,08a6f7bb3c68,,0,273,106,08:A6:F7:BB:3C:68,,2020,21,2,,23,,,195026,1782292061277,195032,1782292061283,,1782292061209,28,2026-06-24T09:07:41.8913588Z,8,,oasis/bottle,0
,,,,,,6,local.mqtt.telegraf,44,47.24,,periodic,,68,-3242,47,45,,,1,08a6f7bb3c68,,0,273,107,08:A6:F7:BB:3C:68,,3310,21,2,,23,,,196316,1782292062567,196322,1782292062573,,1782292062499,28,2026-06-24T09:07:43.176397Z,8,,oasis/bottle,0
,,,,,,6,local.mqtt.telegraf,44,47.14,,periodic,,68,-4622,47,45,,,1,08a6f7bb3c68,,0,273,108,08:A6:F7:BB:3C:68,,4690,21,2,,23,,,197696,1782292063947,197702,1782292063953,,1782292063879,28,2026-06-24T09:07:44.5572615Z,8,,oasis/bottle,0
,,,,,,6,local.mqtt.telegraf,44,47.49,,periodic,,68,-6192,47,45,,,1,08a6f7bb3c68,,0,273,109,08:A6:F7:BB:3C:68,,6260,21,2,,23,,,199266,1782292065517,199272,1782292065523,,1782292065449,28,2026-06-24T09:07:46.1229732Z,8,,oasis/bottle,0
,,,,,,6,local.mqtt.telegraf,44,47.04,,periodic,,67,-7514,46,44,,,1,08a6f7bb3c68,,0,273,110,08:A6:F7:BB:3C:68,,7581,21,2,,23,,,200586,1782292066837,200592,1782292066843,,1782292066770,28,2026-06-24T09:07:47.4456906Z,8,,oasis/bottle,0
,,,,,,6,local.mqtt.telegraf,44,47.41,,periodic,,68,-8962,47,45,,,1,08a6f7bb3c68,,0,273,111,08:A6:F7:BB:3C:68,,9030,21,2,,23,,,202036,1782292068287,202042,1782292068293,,1782292068219,28,2026-06-24T09:07:48.9056847Z,8,,oasis/bottle,0
,,,,,,6,local.mqtt.telegraf,44,47.24,,periodic,,68,-10042,47,45,,,1,08a6f7bb3c68,,0,273,112,08:A6:F7:BB:3C:68,,10110,21,2,,23,,,203116,1782292069367,203122,1782292069373,,1782292069299,28,2026-06-24T09:07:49.971131Z,8,,oasis/bottle,0
,,,,,,6,local.mqtt.telegraf,44,46.98,,periodic,,68,-11612,47,45,,,1,08a6f7bb3c68,,0,273,113,08:A6:F7:BB:3C:68,,11680,21,2,,23,,,204686,1782292070937,204692,1782292070943,,1782292070869,28,2026-06-24T09:07:51.5401153Z,8,,oasis/bottle,0
,,,,,,6,local.mqtt.telegraf,44,47.41,,periodic,,68,-12952,47,45,,,1,08a6f7bb3c68,,0,273,114,08:A6:F7:BB:3C:68,,13020,21,2,,23,,,206026,1782292072277,206032,1782292072283,,1782292072209,28,2026-06-24T09:07:52.8945336Z,8,,oasis/bottle,0
,,,,,,6,local.mqtt.telegraf,44,47.34,,periodic,,68,-14422,47,45,,,1,08a6f7bb3c68,,0,273,115,08:A6:F7:BB:3C:68,,14490,21,2,,23,,,207496,1782292073747,207502,1782292073753,,1782292073679,28,2026-06-24T09:07:54.3593955Z,8,,oasis/bottle,0
,,,,,,6,local.mqtt.telegraf,44,47.33,,periodic,,77,-15554,56,54,,,1,08a6f7bb3c68,,0,273,116,08:A6:F7:BB:3C:68,,15631,21,2,,23,,,208646,1782292074897,208652,1782292074903,,1782292074820,28,2026-06-24T09:07:55.5062219Z,8,,oasis/bottle,0
,,,,,,6,local.mqtt.telegraf,44,47.37,,periodic,,68,-16652,47,45,,,1,08a6f7bb3c68,,0,273,117,08:A6:F7:BB:3C:68,,16720,21,2,,23,,,209726,1782292075977,209732,1782292075983,,1782292075909,28,2026-06-24T09:07:56.5873665Z,8,,oasis/bottle,0
,,,,,,6,local.mqtt.telegraf,44,47.34,,periodic,,68,-18212,47,45,,,1,08a6f7bb3c68,,0,273,118,08:A6:F7:BB:3C:68,,18280,21,2,,23,,,211286,1782292077537,211292,1782292077543,,1782292077469,28,2026-06-24T09:07:58.1385146Z,8,,oasis/bottle,0
,,,,,,6,local.mqtt.telegraf,44,47.26,,periodic,,77,-19524,56,54,,,1,08a6f7bb3c68,,0,273,119,08:A6:F7:BB:3C:68,,19601,21,2,,23,,,212616,1782292078867,212622,1782292078873,,1782292078790,28,2026-06-24T09:07:59.4786077Z,8,,oasis/bottle,0
,,,,,,6,local.mqtt.telegraf,44,47.3,,periodic,,66,-766,44,34,,,1,08a6f7bb3c68,,0,274,120,08:A6:F7:BB:3C:68,,832,22,2,,32,,,214055,1782292080306,214061,1782292080312,,1782292080240,28,2026-06-24T09:08:00.9251578Z,9,,oasis/bottle,0
,,,,,,6,local.mqtt.telegraf,44,47.05,,periodic,,67,-1855,45,35,,,1,08a6f7bb3c68,,0,273,121,08:A6:F7:BB:3C:68,,1922,22,2,,32,,,215146,1782292081397,215152,1782292081403,,1782292081330,28,2026-06-24T09:08:02.0137661Z,9,,oasis/bottle,0
,,,,,,6,local.mqtt.telegraf,44,47.04,,periodic,,68,-3433,46,36,,,1,08a6f7bb3c68,,0,273,122,08:A6:F7:BB:3C:68,,3501,22,2,,32,,,216726,1782292082977,216732,1782292082983,,1782292082909,28,2026-06-24T09:08:03.5909042Z,9,,oasis/bottle,0
,,,,,,6,local.mqtt.telegraf,44,47.24,,periodic,,68,-4783,46,36,,,1,08a6f7bb3c68,,0,273,123,08:A6:F7:BB:3C:68,,4851,22,2,,32,,,218076,1782292084327,218082,1782292084333,,1782292084259,28,2026-06-24T09:08:04.940803Z,9,,oasis/bottle,0
,,,,,,7,local.mqtt.telegraf,44,47.26,,periodic,,68,-6283,46,36,,,1,08a6f7bb3c68,,0,273,124,08:A6:F7:BB:3C:68,,6351,22,2,,32,,,219576,1782292085827,219583,1782292085834,,1782292085759,28,2026-06-24T09:08:06.4527566Z,9,,oasis/bottle,0
,,,,,,6,local.mqtt.telegraf,44,47.06,,periodic,,67,-7495,45,35,,,1,08a6f7bb3c68,,0,273,125,08:A6:F7:BB:3C:68,,7562,22,2,,32,,,220786,1782292087037,220792,1782292087043,,1782292086970,28,2026-06-24T09:08:07.6578608Z,9,,oasis/bottle,0
,,,,,,7,local.mqtt.telegraf,44,47.28,,periodic,,68,-8693,46,36,,,1,08a6f7bb3c68,,0,273,126,08:A6:F7:BB:3C:68,,8761,22,2,,32,,,221986,1782292088237,221993,1782292088244,,1782292088169,28,2026-06-24T09:08:08.8574138Z,9,,oasis/bottle,0
,,,,,,6,local.mqtt.telegraf,44,47,,periodic,,68,-9893,46,36,,,1,08a6f7bb3c68,,0,273,127,08:A6:F7:BB:3C:68,,9961,22,2,,32,,,223186,1782292089437,223192,1782292089443,,1782292089369,28,2026-06-24T09:08:10.0585832Z,9,,oasis/bottle,0
,,,,,,6,local.mqtt.telegraf,44,47.14,,periodic,,68,-11104,46,36,,,1,08a6f7bb3c68,,0,273,128,08:A6:F7:BB:3C:68,,11172,22,2,,32,,,224396,1782292090648,224403,1782292090654,,1782292090580,28,2026-06-24T09:08:11.2621291Z,9,,oasis/bottle,0
,,,,,,6,local.mqtt.telegraf,44,47.25,,periodic,,67,-12325,45,35,,,1,08a6f7bb3c68,,0,273,129,08:A6:F7:BB:3C:68,,12392,22,2,,32,,,225616,1782292091867,225622,1782292091873,,1782292091800,28,2026-06-24T09:08:12.4760224Z,9,,oasis/bottle,0
,,,,,,6,local.mqtt.telegraf,44,46.93,,periodic,,67,-13555,45,35,,,1,08a6f7bb3c68,,0,273,130,08:A6:F7:BB:3C:68,,13622,22,2,,32,,,226846,1782292093097,226852,1782292093103,,1782292093030,28,2026-06-24T09:08:13.7070519Z,9,,oasis/bottle,0
,,,,,,6,local.mqtt.telegraf,44,46.98,,periodic,,77,-14805,55,45,,,1,08a6f7bb3c68,,0,273,131,08:A6:F7:BB:3C:68,,14882,22,2,,32,,,228116,1782292094367,228122,1782292094373,,1782292094290,28,2026-06-24T09:08:14.9810668Z,9,,oasis/bottle,0
,,,,,,6,local.mqtt.telegraf,44,46.87,,periodic,,67,-16145,45,35,,,1,08a6f7bb3c68,,0,273,132,08:A6:F7:BB:3C:68,,16212,22,2,,32,,,229436,1782292095687,229442,1782292095693,,1782292095620,28,2026-06-24T09:08:16.3146846Z,9,,oasis/bottle,0
,,,,,,6,local.mqtt.telegraf,44,47.26,,periodic,,77,-17575,55,45,,,1,08a6f7bb3c68,,0,273,133,08:A6:F7:BB:3C:68,,17652,22,2,,32,,,230886,1782292097137,230892,1782292097143,,1782292097060,28,2026-06-24T09:08:17.7550535Z,9,,oasis/bottle,0
,,,,,,6,local.mqtt.telegraf,44,47.06,,periodic,,67,-18675,45,35,,,1,08a6f7bb3c68,,0,273,134,08:A6:F7:BB:3C:68,,18742,22,2,,32,,,231966,1782292098217,231972,1782292098223,,1782292098150,28,2026-06-24T09:08:18.8279599Z,9,,oasis/bottle,0
,,,,,,6,local.mqtt.telegraf,44,47.25,,periodic,,78,-20233,56,46,,,1,08a6f7bb3c68,,0,273,135,08:A6:F7:BB:3C:68,,20311,22,2,,32,,,233546,1782292099797,233552,1782292099803,,1782292099719,28,2026-06-24T09:08:20.4158599Z,9,,oasis/bottle,0
,,,,,,6,local.mqtt.telegraf,44,46.93,,periodic,,67,-1165,9,7,,,1,08a6f7bb3c68,,0,273,136,08:A6:F7:BB:3C:68,,1232,58,2,,60,,,234886,1782292101137,234892,1782292101143,,1782292101070,28,2026-06-24T09:08:21.7582383Z,10,,oasis/bottle,0
,,,,,,7,local.mqtt.telegraf,44,47.37,,periodic,,69,-2642,11,9,,,1,08a6f7bb3c68,,0,273,137,08:A6:F7:BB:3C:68,,2711,58,2,,60,,,236367,1782292102618,236374,1782292102625,,1782292102549,29,2026-06-24T09:08:23.2409157Z,10,,oasis/bottle,0
,,,,,,6,local.mqtt.telegraf,44,47.05,,periodic,,68,-3813,10,8,,,1,08a6f7bb3c68,,0,273,138,08:A6:F7:BB:3C:68,,3881,58,2,,60,,,237536,1782292103787,237542,1782292103793,,1782292103719,29,2026-06-24T09:08:24.4163768Z,10,,oasis/bottle,0
,,,,,,6,local.mqtt.telegraf,44,47.49,,periodic,,67,-4945,9,7,,,1,08a6f7bb3c68,,0,273,139,08:A6:F7:BB:3C:68,,5012,58,2,,60,,,238666,1782292104917,238672,1782292104923,,1782292104850,29,2026-06-24T09:08:25.5242529Z,10,,oasis/bottle,0
,,,,,,6,local.mqtt.telegraf,44,47.1,,periodic,,69,-6002,11,9,,,1,08a6f7bb3c68,,0,273,140,08:A6:F7:BB:3C:68,,6071,58,2,,60,,,239726,1782292105978,239733,1782292105984,,1782292105909,29,2026-06-24T09:08:26.6048113Z,10,,oasis/bottle,0
,,,,,,6,local.mqtt.telegraf,44,46.93,,periodic,,68,-7533,10,8,,,1,08a6f7bb3c68,,0,273,141,08:A6:F7:BB:3C:68,,7601,58,2,,60,,,241256,1782292107507,241262,1782292107513,,1782292107439,28,2026-06-24T09:08:28.1054345Z,10,,oasis/bottle,0
,,,,,,6,local.mqtt.telegraf,44,47.45,,periodic,,67,-8775,9,7,,,1,08a6f7bb3c68,,0,273,142,08:A6:F7:BB:3C:68,,8842,58,2,,60,,,242496,1782292108747,242502,1782292108753,,1782292108680,29,2026-06-24T09:08:29.3573344Z,10,,oasis/bottle,0
,,,,,,6,local.mqtt.telegraf,44,47.49,,periodic,,68,-10063,10,8,,,1,08a6f7bb3c68,,0,273,143,08:A6:F7:BB:3C:68,,10131,58,2,,60,,,243786,1782292110037,243792,1782292110043,,1782292109969,29,2026-06-24T09:08:30.6611365Z,10,,oasis/bottle,0
,,,,,,6,local.mqtt.telegraf,44,47.4,,periodic,,69,-11442,11,9,,,1,08a6f7bb3c68,,0,273,144,08:A6:F7:BB:3C:68,,11511,58,2,,60,,,245166,1782292111418,245173,1782292111424,,1782292111349,29,2026-06-24T09:08:32.024066Z,10,,oasis/bottle,0
,,,,,,6,local.mqtt.telegraf,44,46.89,,periodic,,68,-13023,10,8,,,1,08a6f7bb3c68,,0,273,145,08:A6:F7:BB:3C:68,,13091,58,2,,60,,,246746,1782292112997,246752,1782292113003,,1782292112929,29,2026-06-24T09:08:33.6208571Z,10,,oasis/bottle,0
,,,,,,6,local.mqtt.telegraf,44,47.18,,periodic,,68,-14353,10,8,,,1,08a6f7bb3c68,,0,273,146,08:A6:F7:BB:3C:68,,14421,58,2,,60,,,248076,1782292114327,248082,1782292114333,,1782292114259,29,2026-06-24T09:08:34.9436722Z,10,,oasis/bottle,0
,,,,,,6,local.mqtt.telegraf,44,47.44,,periodic,,68,-15803,10,8,,,1,08a6f7bb3c68,,0,273,147,08:A6:F7:BB:3C:68,,15871,58,2,,60,,,249526,1782292115777,249532,1782292115783,,1782292115709,28,2026-06-24T09:08:36.4016924Z,10,,oasis/bottle,0
,,,,,,6,local.mqtt.telegraf,44,47.32,,periodic,,67,-16905,9,7,,,1,08a6f7bb3c68,,0,273,148,08:A6:F7:BB:3C:68,,16972,58,2,,60,,,250626,1782292116877,250632,1782292116883,,1782292116810,29,2026-06-24T09:08:37.492968Z,10,,oasis/bottle,0
,,,,,,6,local.mqtt.telegraf,44,47.28,,periodic,,68,-18503,10,8,,,1,08a6f7bb3c68,,0,273,149,08:A6:F7:BB:3C:68,,18571,58,2,,60,,,252226,1782292118477,252232,1782292118483,,1782292118409,29,2026-06-24T09:08:39.0970676Z,10,,oasis/bottle,0
,,,,,,6,local.mqtt.telegraf,44,47.37,,periodic,,69,-19892,11,9,,,1,08a6f7bb3c68,,0,273,150,08:A6:F7:BB:3C:68,,19961,58,2,,60,,,253616,1782292119868,253623,1782292119874,,1782292119799,29,2026-06-24T09:08:40.4730637Z,10,,oasis/bottle,0
,,,,,,6,local.mqtt.telegraf,44,47.24,,periodic,,66,-1295,35,33,,,1,08a6f7bb3c68,,0,273,151,08:A6:F7:BB:3C:68,,1361,31,2,,33,,,255215,1782292121466,255221,1782292121472,,1782292121400,29,2026-06-24T09:08:42.0824196Z,11,,oasis/bottle,0
,,,,,,6,local.mqtt.telegraf,44,47.24,,periodic,,68,-2672,37,35,,,1,08a6f7bb3c68,,0,273,152,08:A6:F7:BB:3C:68,,2740,31,2,,33,,,256596,1782292122847,256602,1782292122853,,1782292122779,29,2026-06-24T09:08:43.4628711Z,11,,oasis/bottle,0
,,,,,,6,local.mqtt.telegraf,44,46.91,,periodic,,68,-4232,37,35,,,1,08a6f7bb3c68,,0,273,153,08:A6:F7:BB:3C:68,,4300,31,2,,33,,,258156,1782292124407,258162,1782292124413,,1782292124339,29,2026-06-24T09:08:45.0225117Z,11,,oasis/bottle,0
,,,,,,6,local.mqtt.telegraf,44,47.26,,periodic,,68,-5542,37,35,,,1,08a6f7bb3c68,,0,273,154,08:A6:F7:BB:3C:68,,5610,31,2,,33,,,259466,1782292125717,259472,1782292125723,,1782292125649,29,2026-06-24T09:08:46.3439962Z,11,,oasis/bottle,0
,,,,,,6,local.mqtt.telegraf,44,47.26,,periodic,,67,-6974,36,34,,,1,08a6f7bb3c68,,0,273,155,08:A6:F7:BB:3C:68,,7041,31,2,,33,,,260896,1782292127147,260902,1782292127153,,1782292127080,29,2026-06-24T09:08:47.758184Z,11,,oasis/bottle,0
,,,,,,7,local.mqtt.telegraf,44,47.2,,periodic,,68,-8022,37,35,,,1,08a6f7bb3c68,,0,273,156,08:A6:F7:BB:3C:68,,8090,31,2,,33,,,261946,1782292128197,261953,1782292128204,,1782292128129,29,2026-06-24T09:08:48.8075504Z,11,,oasis/bottle,0
,,,,,,6,local.mqtt.telegraf,44,47.32,,periodic,,68,-9522,37,35,,,1,08a6f7bb3c68,,0,273,157,08:A6:F7:BB:3C:68,,9590,31,2,,33,,,263446,1782292129697,263452,1782292129703,,1782292129629,29,2026-06-24T09:08:50.3065359Z,11,,oasis/bottle,0
,,,,,,14,local.mqtt.telegraf,44,47.47,,periodic,,68,-10712,37,35,,,1,08a6f7bb3c68,,0,273,158,08:A6:F7:BB:3C:68,,10780,31,2,,33,,,264636,1782292130887,264650,1782292130901,,1782292130819,29,2026-06-24T09:08:51.5091102Z,11,,oasis/bottle,0
,,,,,,6,local.mqtt.telegraf,44,47.38,,periodic,,68,-11892,37,35,,,1,08a6f7bb3c68,,0,273,159,08:A6:F7:BB:3C:68,,11960,31,2,,33,,,265816,1782292132067,265822,1782292132073,,1782292131999,29,2026-06-24T09:08:52.6762397Z,11,,oasis/bottle,0
,,,,,,6,local.mqtt.telegraf,44,47.08,,periodic,,68,-13052,37,35,,,1,08a6f7bb3c68,,0,273,160,08:A6:F7:BB:3C:68,,13120,31,2,,33,,,266976,1782292133227,266982,1782292133233,,1782292133159,29,2026-06-24T09:08:53.8398386Z,11,,oasis/bottle,0
,,,,,,6,local.mqtt.telegraf,44,47.06,,periodic,,68,-14172,37,35,,,1,08a6f7bb3c68,,0,273,161,08:A6:F7:BB:3C:68,,14240,31,2,,33,,,268096,1782292134347,268102,1782292134353,,1782292134279,29,2026-06-24T09:08:54.9561723Z,11,,oasis/bottle,0
,,,,,,6,local.mqtt.telegraf,44,47.3,,periodic,,68,-15222,37,35,,,1,08a6f7bb3c68,,0,273,162,08:A6:F7:BB:3C:68,,15290,31,2,,33,,,269146,1782292135397,269152,1782292135403,,1782292135329,29,2026-06-24T09:08:56.0089256Z,11,,oasis/bottle,0
,,,,,,6,local.mqtt.telegraf,44,47.28,,periodic,,69,-16711,38,36,,,1,08a6f7bb3c68,,0,273,163,08:A6:F7:BB:3C:68,,16780,31,2,,33,,,270636,1782292136888,270643,1782292136894,,1782292136819,29,2026-06-24T09:08:57.4883496Z,11,,oasis/bottle,0
,,,,,,6,local.mqtt.telegraf,44,47.49,,periodic,,68,-17892,37,35,,,1,08a6f7bb3c68,,0,273,164,08:A6:F7:BB:3C:68,,17960,31,2,,33,,,271816,1782292138067,271822,1782292138073,,1782292137999,29,2026-06-24T09:08:58.6854126Z,11,,oasis/bottle,0
,,,,,,6,local.mqtt.telegraf,44,47.32,,periodic,,68,-19042,37,35,,,1,08a6f7bb3c68,,0,273,165,08:A6:F7:BB:3C:68,,19110,31,2,,33,,,272966,1782292139217,272972,1782292139223,,1782292139149,29,2026-06-24T09:08:59.8423276Z,11,,oasis/bottle,0
,,,,,,6,local.mqtt.telegraf,44,47.21,,periodic,,77,-20134,46,44,,,1,08a6f7bb3c68,,0,273,166,08:A6:F7:BB:3C:68,,20211,31,2,,33,,,274076,1782292140327,274082,1782292140333,,1782292140250,29,2026-06-24T09:09:00.942182Z,11,,oasis/bottle,0
,,,,,,6,local.mqtt.telegraf,44,47.2,,periodic,,68,-1423,11,9,,,1,08a6f7bb3c68,,0,273,167,08:A6:F7:BB:3C:68,,1491,57,2,,59,,,275676,1782292141927,275682,1782292141933,,1782292141859,29,2026-06-24T09:09:02.5397638Z,12,,oasis/bottle,0
,,,,,,6,local.mqtt.telegraf,44,47.49,,periodic,,68,-2823,11,9,,,1,08a6f7bb3c68,,0,273,168,08:A6:F7:BB:3C:68,,2891,57,2,,59,,,277076,1782292143327,277082,1782292143333,,1782292143259,29,2026-06-24T09:09:03.9408674Z,12,,oasis/bottle,0
,,,,,,6,local.mqtt.telegraf,44,47.26,,periodic,,68,-4433,11,9,,,1,08a6f7bb3c68,,0,273,169,08:A6:F7:BB:3C:68,,4501,57,2,,59,,,278686,1782292144937,278692,1782292144943,,1782292144869,29,2026-06-24T09:09:05.556774Z,12,,oasis/bottle,0
,,,,,,7,local.mqtt.telegraf,44,47.25,,periodic,,68,-5843,11,9,,,1,08a6f7bb3c68,,0,273,170,08:A6:F7:BB:3C:68,,5911,57,2,,59,,,280096,1782292146347,280102,1782292146354,,1782292146279,29,2026-06-24T09:09:06.9555789Z,12,,oasis/bottle,0
,,,,,,6,local.mqtt.telegraf,44,46.91,,periodic,,68,-7473,11,9,,,1,08a6f7bb3c68,,0,273,171,08:A6:F7:BB:3C:68,,7541,57,2,,59,,,281726,1782292147977,281732,1782292147983,,1782292147909,29,2026-06-24T09:09:08.5971351Z,12,,oasis/bottle,0
,,,,,,6,local.mqtt.telegraf,44,47.47,,periodic,,68,-8933,11,9,,,1,08a6f7bb3c68,,0,273,172,08:A6:F7:BB:3C:68,,9001,57,2,,59,,,283186,1782292149437,283192,1782292149443,,1782292149369,29,2026-06-24T09:09:10.0549659Z,12,,oasis/bottle,0
,,,,,,6,local.mqtt.telegraf,44,47.42,,periodic,,67,-10035,10,8,,,1,08a6f7bb3c68,,0,273,173,08:A6:F7:BB:3C:68,,10102,57,2,,59,,,284286,1782292150537,284292,1782292150543,,1782292150470,29,2026-06-24T09:09:11.1707271Z,12,,oasis/bottle,0
,,,,,,6,local.mqtt.telegraf,44,47.06,,periodic,,68,-11633,11,9,,,1,08a6f7bb3c68,,0,273,174,08:A6:F7:BB:3C:68,,11701,57,2,,59,,,285886,1782292152137,285892,1782292152143,,1782292152069,29,2026-06-24T09:09:12.7521404Z,12,,oasis/bottle,0
,,,,,,6,local.mqtt.telegraf,44,47.25,,periodic,,68,-13043,11,9,,,1,08a6f7bb3c68,,0,273,175,08:A6:F7:BB:3C:68,,13111,57,2,,59,,,287296,1782292153547,287302,1782292153553,,1782292153479,29,2026-06-24T09:09:14.1611022Z,12,,oasis/bottle,0
,,,,,,6,local.mqtt.telegraf,44,47.09,,periodic,,78,-14633,21,19,,,1,08a6f7bb3c68,,0,273,176,08:A6:F7:BB:3C:68,,14711,57,2,,59,,,288906,1782292155157,288912,1782292155163,,1782292155079,29,2026-06-24T09:09:15.7730676Z,12,,oasis/bottle,0
,,,,,,14,local.mqtt.telegraf,44,47.4,,periodic,,68,-16063,11,9,,,1,08a6f7bb3c68,,0,273,177,08:A6:F7:BB:3C:68,,16131,57,2,,59,,,290316,1782292156567,290330,1782292156581,,1782292156499,29,2026-06-24T09:09:17.1883435Z,12,,oasis/bottle,0
,,,,,,6,local.mqtt.telegraf,44,47.04,,periodic,,68,-17693,11,9,,,1,08a6f7bb3c68,,0,273,178,08:A6:F7:BB:3C:68,,17761,57,2,,59,,,291946,1782292158197,291952,1782292158203,,1782292158129,29,2026-06-24T09:09:18.8147989Z,12,,oasis/bottle,0
,,,,,,6,local.mqtt.telegraf,44,47.13,,periodic,,68,-19143,11,9,,,1,08a6f7bb3c68,,0,273,179,08:A6:F7:BB:3C:68,,19211,57,2,,59,,,293396,1782292159647,293402,1782292159653,,1782292159579,29,2026-06-24T09:09:20.2391808Z,12,,oasis/bottle,0
,,,,,,7,local.mqtt.telegraf,44,47.2,,periodic,,67,-20245,10,8,,,1,08a6f7bb3c68,,0,273,180,08:A6:F7:BB:3C:68,,20312,57,2,,59,,,294496,1782292160747,294503,1782292160754,,1782292160680,29,2026-06-24T09:09:21.3739816Z,12,,oasis/bottle,0
,,,,,,6,local.mqtt.telegraf,44,47.36,,periodic,,67,-1435,14,12,,,1,08a6f7bb3c68,,0,273,181,08:A6:F7:BB:3C:68,,1502,53,2,,55,,,296106,1782292162357,296112,1782292162363,,1782292162290,29,2026-06-24T09:09:22.9662139Z,13,,oasis/bottle,0
,,,,,,6,local.mqtt.telegraf,44,47.32,,periodic,,68,-2843,15,13,,,1,08a6f7bb3c68,,0,273,182,08:A6:F7:BB:3C:68,,2911,53,2,,55,,,297516,1782292163767,297522,1782292163773,,1782292163699,29,2026-06-24T09:09:24.3890366Z,13,,oasis/bottle,0
,,,,,,6,local.mqtt.telegraf,44,47.25,,periodic,,68,-4453,15,13,,,1,08a6f7bb3c68,,0,273,183,08:A6:F7:BB:3C:68,,4521,53,2,,55,,,299126,1782292165377,299132,1782292165383,,1782292165309,29,2026-06-24T09:09:25.9992401Z,13,,oasis/bottle,0
,,,,,,6,local.mqtt.telegraf,44,47.29,,periodic,,68,-5873,15,13,,,1,08a6f7bb3c68,,0,273,184,08:A6:F7:BB:3C:68,,5941,53,2,,55,,,300546,1782292166797,300552,1782292166803,,1782292166729,29,2026-06-24T09:09:27.4051188Z,13,,oasis/bottle,0
,,,,,,6,local.mqtt.telegraf,44,46.95,,periodic,,68,-7503,15,13,,,1,08a6f7bb3c68,,0,273,185,08:A6:F7:BB:3C:68,,7571,53,2,,55,,,302176,1782292168427,302182,1782292168433,,1782292168359,29,2026-06-24T09:09:29.0482282Z,13,,oasis/bottle,0
,,,,,,6,local.mqtt.telegraf,44,47.28,,periodic,,78,-8953,25,23,,,1,08a6f7bb3c68,,0,273,186,08:A6:F7:BB:3C:68,,9031,53,2,,55,,,303646,1782292169897,303652,1782292169903,,1782292169819,29,2026-06-24T09:09:30.52129Z,13,,oasis/bottle,0
,,,,,,6,local.mqtt.telegraf,44,47.24,,periodic,,68,-10103,15,13,,,1,08a6f7bb3c68,,0,273,187,08:A6:F7:BB:3C:68,,10171,53,2,,55,,,304776,1782292171027,304782,1782292171033,,1782292170959,29,2026-06-24T09:09:31.6426659Z,13,,oasis/bottle,0
,,,,,,6,local.mqtt.telegraf,44,47.28,,periodic,,68,-11163,15,13,,,1,08a6f7bb3c68,,0,273,188,08:A6:F7:BB:3C:68,,11231,53,2,,55,,,305836,1782292172087,305842,1782292172093,,1782292172019,29,2026-06-24T09:09:32.7073378Z,13,,oasis/bottle,0
,,,,,,6,local.mqtt.telegraf,44,47.13,,periodic,,68,-12673,15,13,,,1,08a6f7bb3c68,,0,273,189,08:A6:F7:BB:3C:68,,12741,53,2,,55,,,307346,1782292173597,307352,1782292173603,,1782292173529,29,2026-06-24T09:09:34.2215567Z,13,,oasis/bottle,0
,,,,,,6,local.mqtt.telegraf,44,47.16,,periodic,,68,-13903,15,13,,,1,08a6f7bb3c68,,0,273,190,08:A6:F7:BB:3C:68,,13971,53,2,,55,,,308576,1782292174827,308582,1782292174833,,1782292174759,29,2026-06-24T09:09:35.4408201Z,13,,oasis/bottle,0
,,,,,,6,local.mqtt.telegraf,44,47.22,,periodic,,68,-15153,15,13,,,1,08a6f7bb3c68,,0,273,191,08:A6:F7:BB:3C:68,,15221,53,2,,55,,,309826,1782292176077,309832,1782292176083,,1782292176009,29,2026-06-24T09:09:36.6872852Z,13,,oasis/bottle,0
,,,,,,6,local.mqtt.telegraf,44,47.22,,periodic,,78,-16443,25,23,,,1,08a6f7bb3c68,,0,273,192,08:A6:F7:BB:3C:68,,16521,53,2,,55,,,311136,1782292177387,311142,1782292177393,,1782292177309,29,2026-06-24T09:09:38.0236535Z,13,,oasis/bottle,0
,,,,,,6,local.mqtt.telegraf,44,47.41,,periodic,,68,-17863,15,13,,,1,08a6f7bb3c68,,0,273,193,08:A6:F7:BB:3C:68,,17931,53,2,,55,,,312536,1782292178787,312542,1782292178793,,1782292178719,29,2026-06-24T09:09:39.4120557Z,13,,oasis/bottle,0
,,,,,,6,local.mqtt.telegraf,44,47.48,,periodic,,68,-19463,15,13,,,1,08a6f7bb3c68,,0,273,194,08:A6:F7:BB:3C:68,,19531,53,2,,55,,,314136,1782292180387,314142,1782292180393,,1782292180319,29,2026-06-24T09:09:41.0209007Z,13,,oasis/bottle,0
,,,,,,6,local.mqtt.telegraf,44,47.24,,periodic,,66,-675,45,43,,,1,08a6f7bb3c68,,0,273,195,08:A6:F7:BB:3C:68,,741,21,2,,23,,,315535,1782292181786,315541,1782292181792,,1782292181720,29,2026-06-24T09:09:42.40461Z,14,,oasis/bottle,0
,,,,,,6,local.mqtt.telegraf,44,47.06,,periodic,,68,-2272,47,45,,,1,08a6f7bb3c68,,0,273,196,08:A6:F7:BB:3C:68,,2340,21,2,,23,,,317136,1782292183387,317142,1782292183393,,1782292183319,29,2026-06-24T09:09:43.9968734Z,14,,oasis/bottle,0
,,,,,,6,local.mqtt.telegraf,44,47.21,,periodic,,78,-3662,57,55,,,1,08a6f7bb3c68,,0,273,197,08:A6:F7:BB:3C:68,,3740,21,2,,23,,,318546,1782292184797,318552,1782292184803,,1782292184719,29,2026-06-24T09:09:45.4089222Z,14,,oasis/bottle,0
,,,,,,6,local.mqtt.telegraf,44,47.18,,periodic,,68,-5282,47,45,,,1,08a6f7bb3c68,,0,273,198,08:A6:F7:BB:3C:68,,5350,21,2,,23,,,320146,1782292186397,320152,1782292186403,,1782292186329,29,2026-06-24T09:09:47.0163617Z,14,,oasis/bottle,0
,,,,,,6,local.mqtt.telegraf,44,47.1,,periodic,,68,-6682,47,45,,,1,08a6f7bb3c68,,0,273,199,08:A6:F7:BB:3C:68,,6750,21,2,,23,,,321546,1782292187797,321552,1782292187803,,1782292187729,29,2026-06-24T09:09:48.4095706Z,14,,oasis/bottle,0
,,,,,,10,local.mqtt.telegraf,44,47.36,,periodic,,68,-8282,47,45,,,1,08a6f7bb3c68,,0,273,200,08:A6:F7:BB:3C:68,,8350,21,2,,23,,,323146,1782292189397,323156,1782292189407,,1782292189329,29,2026-06-24T09:09:50.012729Z,14,,oasis/bottle,0
,,,,,,6,local.mqtt.telegraf,44,47.37,,periodic,,68,-9682,47,45,,,1,08a6f7bb3c68,,0,273,201,08:A6:F7:BB:3C:68,,9750,21,2,,23,,,324546,1782292190797,324552,1782292190803,,1782292190729,29,2026-06-24T09:09:51.4192939Z,14,,oasis/bottle,0
,,,,,,6,local.mqtt.telegraf,44,47.21,,periodic,,69,-11281,48,46,,,1,08a6f7bb3c68,,0,273,202,08:A6:F7:BB:3C:68,,11350,21,2,,23,,,326146,1782292192398,326153,1782292192404,,1782292192329,29,2026-06-24T09:09:53.0066058Z,14,,oasis/bottle,0
,,,,,,6,local.mqtt.telegraf,44,47.25,,periodic,,68,-12682,47,45,,,1,08a6f7bb3c68,,0,273,203,08:A6:F7:BB:3C:68,,12750,21,2,,23,,,327546,1782292193797,327552,1782292193803,,1782292193729,29,2026-06-24T09:09:54.414359Z,14,,oasis/bottle,0
,,,,,,6,local.mqtt.telegraf,44,47.14,,periodic,,78,-14262,57,55,,,1,08a6f7bb3c68,,0,273,204,08:A6:F7:BB:3C:68,,14340,21,2,,23,,,329146,1782292195397,329152,1782292195403,,1782292195319,29,2026-06-24T09:09:56.0158346Z,14,,oasis/bottle,0
,,,,,,6,local.mqtt.telegraf,44,47.09,,periodic,,68,-15672,47,45,,,1,08a6f7bb3c68,,0,273,205,08:A6:F7:BB:3C:68,,15740,21,2,,23,,,330536,1782292196787,330542,1782292196793,,1782292196719,29,2026-06-24T09:09:57.3894524Z,14,,oasis/bottle,0
,,,,,,8,local.mqtt.telegraf,44,47.24,,periodic,,78,-17232,57,55,,,1,08a6f7bb3c68,,0,273,206,08:A6:F7:BB:3C:68,,17310,21,2,,23,,,332116,1782292198367,332124,1782292198375,,1782292198289,29,2026-06-24T09:09:58.9899361Z,14,,oasis/bottle,0
,,,,,,6,local.mqtt.telegraf,44,46.97,,periodic,,68,-18592,47,45,,,1,08a6f7bb3c68,,0,273,207,08:A6:F7:BB:3C:68,,18660,21,2,,23,,,333456,1782292199707,333462,1782292199713,,1782292199639,29,2026-06-24T09:10:00.3249032Z,14,,oasis/bottle,0
,,,,,,7,local.mqtt.telegraf,44,47.32,,periodic,,68,-20082,47,45,,,1,08a6f7bb3c68,,0,273,208,08:A6:F7:BB:3C:68,,20150,21,2,,23,,,334946,1782292201197,334952,1782292201204,,1782292201129,29,2026-06-24T09:10:01.8205061Z,14,,oasis/bottle,0
,,,,,,6,local.mqtt.telegraf,44,47.12,,periodic,,74,-1001,22,20,,,1,08a6f7bb3c68,,0,277,209,08:A6:F7:BB:3C:68,,1075,52,2,,54,,,336136,1782292202387,336142,1782292202393,,1782292202313,29,2026-06-24T09:10:03.0193381Z,15,,oasis/bottle,0
,,,,,,6,local.mqtt.telegraf,44,47.24,,periodic,,68,-2163,16,14,,,1,08a6f7bb3c68,,0,273,210,08:A6:F7:BB:3C:68,,2231,52,2,,54,,,337286,1782292203537,337292,1782292203543,,1782292203469,29,2026-06-24T09:10:04.1577665Z,15,,oasis/bottle,0
,,,,,,6,local.mqtt.telegraf,44,47.28,,periodic,,67,-3275,15,13,,,1,08a6f7bb3c68,,0,273,211,08:A6:F7:BB:3C:68,,3342,52,2,,54,,,338396,1782292204647,338402,1782292204653,,1782292204580,29,2026-06-24T09:10:05.2599446Z,15,,oasis/bottle,0
,,,,,,6,local.mqtt.telegraf,44,46.94,,periodic,,69,-4892,17,15,,,1,08a6f7bb3c68,,0,273,212,08:A6:F7:BB:3C:68,,4961,52,2,,54,,,340017,1782292206268,340023,1782292206274,,1782292206199,29,2026-06-24T09:10:06.8926527Z,15,,oasis/bottle,0
,,,,,,6,local.mqtt.telegraf,44,47.16,,periodic,,68,-6343,16,14,,,1,08a6f7bb3c68,,0,273,213,08:A6:F7:BB:3C:68,,6411,52,2,,54,,,341466,1782292207717,341472,1782292207723,,1782292207649,29,2026-06-24T09:10:08.3400759Z,15,,oasis/bottle,0
,,,,,,6,local.mqtt.telegraf,44,47.04,,periodic,,68,-7423,16,14,,,1,08a6f7bb3c68,,0,273,214,08:A6:F7:BB:3C:68,,7491,52,2,,54,,,342546,1782292208797,342552,1782292208803,,1782292208729,29,2026-06-24T09:10:09.4044087Z,15,,oasis/bottle,0
,,,,,,6,local.mqtt.telegraf,44,47.14,,periodic,,78,-8973,26,24,,,1,08a6f7bb3c68,,0,273,215,08:A6:F7:BB:3C:68,,9051,52,2,,54,,,344116,1782292210367,344122,1782292210373,,1782292210289,29,2026-06-24T09:10:10.9758275Z,15,,oasis/bottle,0
,,,,,,6,local.mqtt.telegraf,44,47.42,,periodic,,68,-10313,16,14,,,1,08a6f7bb3c68,,0,273,216,08:A6:F7:BB:3C:68,,10381,52,2,,54,,,345436,1782292211687,345442,1782292211693,,1782292211619,29,2026-06-24T09:10:12.3056967Z,15,,oasis/bottle,0
,,,,,,6,local.mqtt.telegraf,44,47.1,,periodic,,68,-11763,16,14,,,1,08a6f7bb3c68,,0,273,217,08:A6:F7:BB:3C:68,,11831,52,2,,54,,,346886,1782292213137,346892,1782292213143,,1782292213069,29,2026-06-24T09:10:13.7620854Z,15,,oasis/bottle,0
,,,,,,6,local.mqtt.telegraf,44,47.45,,periodic,,77,-12855,25,23,,,1,08a6f7bb3c68,,0,273,218,08:A6:F7:BB:3C:68,,12932,52,2,,54,,,347996,1782292214247,348002,1782292214253,,1782292214170,29,2026-06-24T09:10:14.8582997Z,15,,oasis/bottle,0
,,,,,,6,local.mqtt.telegraf,44,47.26,,periodic,,67,-14465,15,13,,,1,08a6f7bb3c68,,0,273,219,08:A6:F7:BB:3C:68,,14532,52,2,,54,,,349586,1782292215837,349592,1782292215843,,1782292215770,29,2026-06-24T09:10:16.4517338Z,15,,oasis/bottle,0
,,,,,,6,local.mqtt.telegraf,44,47.2,,periodic,,75,-15847,23,21,,,1,08a6f7bb3c68,,0,273,220,08:A6:F7:BB:3C:68,,15922,52,2,,54,,,350984,1782292217235,350990,1782292217241,,1782292217160,29,2026-06-24T09:10:17.8583735Z,15,,oasis/bottle,0
,,,,,,6,local.mqtt.telegraf,44,47.2,,periodic,,67,-17435,15,13,,,1,08a6f7bb3c68,,0,273,221,08:A6:F7:BB:3C:68,,17502,52,2,,54,,,352556,1782292218807,352562,1782292218813,,1782292218740,29,2026-06-24T09:10:19.4043375Z,15,,oasis/bottle,0
,,,,,,6,local.mqtt.telegraf,44,47.42,,periodic,,68,-18793,16,14,,,1,08a6f7bb3c68,,0,273,222,08:A6:F7:BB:3C:68,,18861,52,2,,54,,,353916,1782292220167,353922,1782292220173,,1782292220099,29,2026-06-24T09:10:20.7728173Z,15,,oasis/bottle,0
,,,,,,6,local.mqtt.telegraf,44,47.26,,periodic,,68,-20303,16,14,,,1,08a6f7bb3c68,,0,273,223,08:A6:F7:BB:3C:68,,20371,52,2,,54,,,355426,1782292221677,355432,1782292221683,,1782292221609,29,2026-06-24T09:10:22.2909548Z,15,,oasis/bottle,0
,,,,,,6,local.mqtt.telegraf,44,47,,periodic,,62,-1060,10,8,,,1,08a6f7bb3c68,,0,274,224,08:A6:F7:BB:3C:68,,1122,52,2,,54,,,356656,1782292222907,356662,1782292222913,,1782292222845,29,2026-06-24T09:10:23.5221387Z,16,,oasis/bottle,0
,,,,,,7,local.mqtt.telegraf,44,47.1,,periodic,,63,-2318,11,9,,,1,08a6f7bb3c68,,0,273,225,08:A6:F7:BB:3C:68,,2381,52,2,,54,,,357916,1782292224167,357923,1782292224174,,1782292224104,29,2026-06-24T09:10:24.7782004Z,16,,oasis/bottle,0
,,,,,,6,local.mqtt.telegraf,44,47.25,,periodic,,63,-3628,11,9,,,1,08a6f7bb3c68,,0,273,226,08:A6:F7:BB:3C:68,,3691,52,2,,54,,,359226,1782292225477,359232,1782292225483,,1782292225414,29,2026-06-24T09:10:26.0996016Z,16,,oasis/bottle,0
,,,,,,6,local.mqtt.telegraf,44,47.3,,periodic,,64,-5047,12,10,,,1,08a6f7bb3c68,,0,273,227,08:A6:F7:BB:3C:68,,5111,52,2,,54,,,360647,1782292226898,360653,1782292226904,,1782292226834,29,2026-06-24T09:10:27.5231509Z,16,,oasis/bottle,0
,,,,,,6,local.mqtt.telegraf,44,47.26,,periodic,,63,-6088,11,9,,,1,08a6f7bb3c68,,0,273,228,08:A6:F7:BB:3C:68,,6151,52,2,,54,,,361686,1782292227937,361692,1782292227943,,1782292227874,29,2026-06-24T09:10:28.5552647Z,16,,oasis/bottle,0
,,,,,,6,local.mqtt.telegraf,44,47.13,,periodic,,63,-7558,11,9,,,1,08a6f7bb3c68,,0,273,229,08:A6:F7:BB:3C:68,,7621,52,2,,54,,,363156,1782292229407,363162,1782292229413,,1782292229344,29,2026-06-24T09:10:30.0243331Z,16,,oasis/bottle,0
,,,,,,6,local.mqtt.telegraf,44,47.47,,periodic,,73,-8688,21,19,,,1,08a6f7bb3c68,,0,273,230,08:A6:F7:BB:3C:68,,8761,52,2,,54,,,364306,1782292230557,364312,1782292230563,,1782292230484,29,2026-06-24T09:10:31.184278Z,16,,oasis/bottle,0
,,,,,,6,local.mqtt.telegraf,44,47.06,,periodic,,63,-9788,11,9,,,1,08a6f7bb3c68,,0,273,231,08:A6:F7:BB:3C:68,,9851,52,2,,54,,,365386,1782292231637,365392,1782292231643,,1782292231574,29,2026-06-24T09:10:32.2544618Z,16,,oasis/bottle,0
,,,,,,7,local.mqtt.telegraf,44,47.33,,periodic,,63,-11368,11,9,,,1,08a6f7bb3c68,,0,273,232,08:A6:F7:BB:3C:68,,11431,52,2,,54,,,366966,1782292233217,366973,1782292233224,,1782292233154,29,2026-06-24T09:10:33.8347012Z,16,,oasis/bottle,0
,,,,,,6,local.mqtt.telegraf,44,47.45,,periodic,,63,-12718,11,9,,,1,08a6f7bb3c68,,0,273,233,08:A6:F7:BB:3C:68,,12781,52,2,,54,,,368316,1782292234567,368322,1782292234573,,1782292234504,29,2026-06-24T09:10:35.1895906Z,16,,oasis/bottle,0
,,,,,,7,local.mqtt.telegraf,44,46.93,,periodic,,63,-14208,11,9,,,1,08a6f7bb3c68,,0,273,234,08:A6:F7:BB:3C:68,,14271,52,2,,54,,,369806,1782292236057,369812,1782292236064,,1782292235994,29,2026-06-24T09:10:36.6663122Z,16,,oasis/bottle,0
,,,,,,6,local.mqtt.telegraf,44,47.2,,periodic,,63,-15398,11,9,,,1,08a6f7bb3c68,,0,273,235,08:A6:F7:BB:3C:68,,15461,52,2,,54,,,370996,1782292237247,371002,1782292237253,,1782292237184,29,2026-06-24T09:10:37.8649142Z,16,,oasis/bottle,0
,,,,,,6,local.mqtt.telegraf,44,47.36,,periodic,,63,-16558,11,9,,,1,08a6f7bb3c68,,0,273,236,08:A6:F7:BB:3C:68,,16621,52,2,,54,,,372156,1782292238407,372162,1782292238413,,1782292238344,29,2026-06-24T09:10:39.0238333Z,16,,oasis/bottle,0
,,,,,,6,local.mqtt.telegraf,44,47.02,,periodic,,63,-17678,11,9,,,1,08a6f7bb3c68,,0,273,237,08:A6:F7:BB:3C:68,,17741,52,2,,54,,,373276,1782292239527,373282,1782292239533,,1782292239464,29,2026-06-24T09:10:40.1436546Z,16,,oasis/bottle,0
,,,,,,6,local.mqtt.telegraf,44,47.21,,periodic,,73,-18718,21,19,,,1,08a6f7bb3c68,,0,273,238,08:A6:F7:BB:3C:68,,18791,52,2,,54,,,374336,1782292240587,374342,1782292240593,,1782292240514,29,2026-06-24T09:10:41.2099954Z,16,,oasis/bottle,0
,,,,,,7,local.mqtt.telegraf,44,47.25,,periodic,,63,-20238,11,9,,,1,08a6f7bb3c68,,0,273,239,08:A6:F7:BB:3C:68,,20301,52,2,,54,,,375836,1782292242087,375843,1782292242094,,1782292242024,29,2026-06-24T09:10:42.698019Z,16,,oasis/bottle,0
,,,,,,6,local.mqtt.telegraf,44,47.49,,periodic,,72,-1020,18,16,,,1,08a6f7bb3c68,,0,273,240,08:A6:F7:BB:3C:68,,1092,54,2,,56,,,377046,1782292243297,377052,1782292243303,,1782292243225,29,2026-06-24T09:10:43.9089758Z,17,,oasis/bottle,0
,,,,,,6,local.mqtt.telegraf,44,47.26,,periodic,,62,-2240,8,6,,,1,08a6f7bb3c68,,0,273,241,08:A6:F7:BB:3C:68,,2302,54,2,,56,,,378246,1782292244497,378252,1782292244503,,1782292244435,29,2026-06-24T09:10:45.1145069Z,17,,oasis/bottle,0
,,,,,,6,local.mqtt.telegraf,44,47.24,,periodic,,64,-3437,10,8,,,1,08a6f7bb3c68,,0,273,242,08:A6:F7:BB:3C:68,,3501,54,2,,56,,,379447,1782292245698,379453,1782292245704,,1782292245634,29,2026-06-24T09:10:46.314555Z,17,,oasis/bottle,0
,,,,,,6,local.mqtt.telegraf,44,47.18,,periodic,,62,-4650,8,6,,,1,08a6f7bb3c68,,0,273,243,08:A6:F7:BB:3C:68,,4712,54,2,,56,,,380656,1782292246907,380662,1782292246913,,1782292246845,29,2026-06-24T09:10:47.5268299Z,17,,oasis/bottle,0
,,,,,,6,local.mqtt.telegraf,44,47.28,,periodic,,63,-5858,9,7,,,1,08a6f7bb3c68,,0,273,244,08:A6:F7:BB:3C:68,,5921,54,2,,56,,,381866,1782292248117,381872,1782292248123,,1782292248054,29,2026-06-24T09:10:48.7428657Z,17,,oasis/bottle,0
,,,,,,6,local.mqtt.telegraf,44,47.44,,periodic,,64,-7077,10,8,,,1,08a6f7bb3c68,,0,273,245,08:A6:F7:BB:3C:68,,7141,54,2,,56,,,383086,1782292249338,383093,1782292249344,,1782292249274,29,2026-06-24T09:10:49.9719919Z,17,,oasis/bottle,0
,,,,,,7,local.mqtt.telegraf,44,47.29,,periodic,,63,-8328,9,7,,,1,08a6f7bb3c68,,0,273,246,08:A6:F7:BB:3C:68,,8391,54,2,,56,,,384336,1782292250587,384343,1782292250594,,1782292250524,29,2026-06-24T09:10:51.2135214Z,17,,oasis/bottle,0
,,,,,,6,local.mqtt.telegraf,44,46.94,,periodic,,63,-9618,9,7,,,1,08a6f7bb3c68,,0,273,247,08:A6:F7:BB:3C:68,,9681,54,2,,56,,,385626,1782292251877,385632,1782292251883,,1782292251814,29,2026-06-24T09:10:52.4951883Z,17,,oasis/bottle,0
,,,,,,6,local.mqtt.telegraf,44,47.13,,periodic,,73,-10978,19,17,,,1,08a6f7bb3c68,,0,273,248,08:A6:F7:BB:3C:68,,11051,54,2,,56,,,387006,1782292253257,387012,1782292253263,,1782292253184,29,2026-06-24T09:10:53.8762642Z,17,,oasis/bottle,0
,,,,,,6,local.mqtt.telegraf,44,47.24,,periodic,,63,-12538,9,7,,,1,08a6f7bb3c68,,0,273,249,08:A6:F7:BB:3C:68,,12601,54,2,,56,,,388546,1782292254797,388552,1782292254803,,1782292254734,29,2026-06-24T09:10:55.4418255Z,17,,oasis/bottle,0
,,,,,,6,local.mqtt.telegraf,44,47.21,,periodic,,72,-13820,18,16,,,1,08a6f7bb3c68,,0,273,250,08:A6:F7:BB:3C:68,,13892,54,2,,56,,,389846,1782292256097,389852,1782292256103,,1782292256025,29,2026-06-24T09:10:56.7122414Z,17,,oasis/bottle,0
,,,,,,6,local.mqtt.telegraf,44,47.06,,periodic,,63,-15218,9,7,,,1,08a6f7bb3c68,,0,273,251,08:A6:F7:BB:3C:68,,15281,54,2,,56,,,391226,1782292257477,391232,1782292257483,,1782292257414,29,2026-06-24T09:10:58.1008311Z,17,,oasis/bottle,0
,,,,,,7,local.mqtt.telegraf,44,46.97,,periodic,,72,-16770,18,16,,,1,08a6f7bb3c68,,0,273,252,08:A6:F7:BB:3C:68,,16842,54,2,,56,,,392796,1782292259047,392803,1782292259054,,1782292258975,29,2026-06-24T09:10:59.666088Z,17,,oasis/bottle,0
,,,,,,6,local.mqtt.telegraf,44,46.91,,periodic,,63,-18138,9,7,,,1,08a6f7bb3c68,,0,273,253,08:A6:F7:BB:3C:68,,18201,54,2,,56,,,394146,1782292260397,394152,1782292260403,,1782292260334,29,2026-06-24T09:11:01.007322Z,17,,oasis/bottle,0
,,,,,,6,local.mqtt.telegraf,44,47.05,,periodic,,72,-19610,18,16,,,1,08a6f7bb3c68,,0,273,254,08:A6:F7:BB:3C:68,,19682,54,2,,56,,,395636,1782292261887,395642,1782292261893,,1782292261815,29,2026-06-24T09:11:02.5174462Z,17,,oasis/bottle,0
,,,,,,6,local.mqtt.telegraf,44,47.16,,periodic,,60,-582,30,28,,,1,08a6f7bb3c68,,0,274,255,08:A6:F7:BB:3C:68,,642,30,2,,32,,,396785,1782292263036,396791,1782292263042,,1782292262976,29,2026-06-24T09:11:03.6490899Z,18,,oasis/bottle,0
,,,,,,6,local.mqtt.telegraf,44,47.49,,periodic,,61,-1691,31,29,,,1,08a6f7bb3c68,,0,273,256,08:A6:F7:BB:3C:68,,1752,30,2,,32,,,397896,1782292264147,397902,1782292264153,,1782292264086,29,2026-06-24T09:11:04.7667488Z,18,,oasis/bottle,0
,,,,,,6,local.mqtt.telegraf,44,47.26,,periodic,,72,-3299,42,40,,,1,08a6f7bb3c68,,0,273,257,08:A6:F7:BB:3C:68,,3371,30,2,,32,,,399526,1782292265777,399532,1782292265783,,1782292265705,29,2026-06-24T09:11:06.4055918Z,18,,oasis/bottle,0
,,,,,,6,local.mqtt.telegraf,44,47.22,,periodic,,61,-4761,31,29,,,1,08a6f7bb3c68,,0,273,258,08:A6:F7:BB:3C:68,,4822,30,2,,32,,,400966,1782292267217,400972,1782292267223,,1782292267156,29,2026-06-24T09:11:07.8409259Z,18,,oasis/bottle,0
,,,,,,6,local.mqtt.telegraf,44,47.47,,periodic,,61,-5841,31,29,,,1,08a6f7bb3c68,,0,273,259,08:A6:F7:BB:3C:68,,5902,30,2,,32,,,402046,1782292268297,402052,1782292268303,,1782292268236,29,2026-06-24T09:11:08.9208452Z,18,,oasis/bottle,0
,,,,,,6,local.mqtt.telegraf,44,47.36,,periodic,,61,-7421,31,29,,,1,08a6f7bb3c68,,0,273,260,08:A6:F7:BB:3C:68,,7482,30,2,,32,,,403626,1782292269877,403632,1782292269883,,1782292269816,29,2026-06-24T09:11:10.4955452Z,18,,oasis/bottle,0
,,,,,,6,local.mqtt.telegraf,44,47.06,,periodic,,61,-8761,31,29,,,1,08a6f7bb3c68,,0,273,261,08:A6:F7:BB:3C:68,,8822,30,2,,32,,,404966,1782292271217,404972,1782292271223,,1782292271156,29,2026-06-24T09:11:11.8238351Z,18,,oasis/bottle,0
,,,,,,6,local.mqtt.telegraf,44,47.49,,periodic,,63,-10238,33,31,,,1,08a6f7bb3c68,,0,273,262,08:A6:F7:BB:3C:68,,10301,30,2,,32,,,406446,1782292272698,406453,1782292272704,,1782292272635,29,2026-06-24T09:11:13.3218263Z,18,,oasis/bottle,0
,,,,,,6,local.mqtt.telegraf,44,47.34,,periodic,,62,-11399,32,30,,,1,08a6f7bb3c68,,0,273,263,08:A6:F7:BB:3C:68,,11461,30,2,,32,,,407606,1782292273857,407612,1782292273863,,1782292273795,29,2026-06-24T09:11:14.4783178Z,18,,oasis/bottle,0
,,,,,,6,local.mqtt.telegraf,44,47.24,,periodic,,62,-12509,32,30,,,1,08a6f7bb3c68,,0,273,264,08:A6:F7:BB:3C:68,,12571,30,2,,32,,,408716,1782292274967,408722,1782292274973,,1782292274905,29,2026-06-24T09:11:15.5874149Z,18,,oasis/bottle,0
,,,,,,6,local.mqtt.telegraf,44,47.26,,periodic,,72,-14119,42,40,,,1,08a6f7bb3c68,,0,273,265,08:A6:F7:BB:3C:68,,14191,30,2,,32,,,410346,1782292276597,410352,1782292276603,,1782292276525,29,2026-06-24T09:11:17.2265313Z,18,,oasis/bottle,0
,,,,,,6,local.mqtt.telegraf,44,47.26,,periodic,,62,-15609,32,30,,,1,08a6f7bb3c68,,0,273,266,08:A6:F7:BB:3C:68,,15671,30,2,,32,,,411816,1782292278067,411822,1782292278073,,1782292278005,29,2026-06-24T09:11:18.6896926Z,18,,oasis/bottle,0
,,,,,,6,local.mqtt.telegraf,44,47.21,,periodic,,62,-16729,32,30,,,1,08a6f7bb3c68,,0,273,267,08:A6:F7:BB:3C:68,,16791,30,2,,32,,,412936,1782292279187,412942,1782292279193,,1782292279125,29,2026-06-24T09:11:19.8061647Z,18,,oasis/bottle,0
,,,,,,6,local.mqtt.telegraf,44,47.4,,periodic,,72,-17759,42,40,,,1,08a6f7bb3c68,,0,273,268,08:A6:F7:BB:3C:68,,17831,30,2,,32,,,413986,1782292280237,413992,1782292280243,,1782292280165,29,2026-06-24T09:11:20.8549067Z,18,,oasis/bottle,0
,,,,,,7,local.mqtt.telegraf,44,47.24,,periodic,,62,-19259,32,30,,,1,08a6f7bb3c68,,0,273,269,08:A6:F7:BB:3C:68,,19321,30,2,,32,,,415466,1782292281717,415473,1782292281724,,1782292281655,29,2026-06-24T09:11:22.3443325Z,18,,oasis/bottle,0
,,,,,,6,local.mqtt.telegraf,44,47.16,,periodic,,70,-256,49,47,,,1,08a6f7bb3c68,,0,274,270,08:A6:F7:BB:3C:68,,326,21,2,,23,,,416675,1782292282926,416681,1782292282932,,1782292282856,29,2026-06-24T09:11:23.5439517Z,19,,oasis/bottle,0
,,,,,,6,local.mqtt.telegraf,44,47.18,,periodic,,66,-1445,45,43,,,1,08a6f7bb3c68,,0,273,271,08:A6:F7:BB:3C:68,,1511,21,2,,23,,,417856,1782292284107,417862,1782292284113,,1782292284041,29,2026-06-24T09:11:24.7225475Z,19,,oasis/bottle,0
,,,,,,6,local.mqtt.telegraf,44,47.48,,periodic,,67,-2593,46,44,,,1,08a6f7bb3c68,,0,273,272,08:A6:F7:BB:3C:68,,2660,21,2,,23,,,419006,1782292285257,419012,1782292285263,,1782292285190,29,2026-06-24T09:11:25.8884598Z,19,,oasis/bottle,0
,,,,,,6,local.mqtt.telegraf,44,47.3,,periodic,,77,-3683,56,54,,,1,08a6f7bb3c68,,0,273,273,08:A6:F7:BB:3C:68,,3760,21,2,,23,,,420116,1782292286367,420122,1782292286373,,1782292286290,29,2026-06-24T09:11:26.9789733Z,19,,oasis/bottle,0
,,,,,,6,local.mqtt.telegraf,44,47.22,,periodic,,67,-5293,46,44,,,1,08a6f7bb3c68,,0,273,274,08:A6:F7:BB:3C:68,,5360,21,2,,23,,,421706,1782292287957,421712,1782292287963,,1782292287890,29,2026-06-24T09:11:28.5799703Z,19,,oasis/bottle,0
,,,,,,7,local.mqtt.telegraf,44,47.37,,periodic,,67,-6683,46,44,,,1,08a6f7bb3c68,,0,273,275,08:A6:F7:BB:3C:68,,6750,21,2,,23,,,423096,1782292289347,423103,1782292289354,,1782292289280,29,2026-06-24T09:11:29.9667251Z,19,,oasis/bottle,0
,,,,,,6,local.mqtt.telegraf,44,47.42,,periodic,,77,-8263,56,54,,,1,08a6f7bb3c68,,0,273,276,08:A6:F7:BB:3C:68,,8340,21,2,,23,,,424696,1782292290947,424702,1782292290953,,1782292290870,29,2026-06-24T09:11:31.5741165Z,19,,oasis/bottle,0
,,,,,,6,local.mqtt.telegraf,44,47.09,,periodic,,67,-9653,46,44,,,1,08a6f7bb3c68,,0,273,277,08:A6:F7:BB:3C:68,,9720,21,2,,23,,,426066,1782292292317,426072,1782292292323,,1782292292250,29,2026-06-24T09:11:32.9353811Z,19,,oasis/bottle,0
,,,,,,6,local.mqtt.telegraf,44,47.37,,periodic,,67,-11203,46,44,,,1,08a6f7bb3c68,,0,273,278,08:A6:F7:BB:3C:68,,11270,21,2,,23,,,427616,1782292293867,427622,1782292293873,,1782292293800,29,2026-06-24T09:11:34.4800578Z,19,,oasis/bottle,0
,,,,,,6,local.mqtt.telegraf,44,47.36,,periodic,,68,-12492,47,45,,,1,08a6f7bb3c68,,0,273,279,08:A6:F7:BB:3C:68,,12560,21,2,,23,,,428906,1782292295158,428913,1782292295164,,1782292295090,29,2026-06-24T09:11:35.7808768Z,19,,oasis/bottle,0
,,,,,,8,local.mqtt.telegraf,44,47.21,,periodic,,67,-13883,46,44,,,1,08a6f7bb3c68,,0,273,280,08:A6:F7:BB:3C:68,,13950,21,2,,23,,,430296,1782292296547,430304,1782292296555,,1782292296480,29,2026-06-24T09:11:37.1669616Z,19,,oasis/bottle,0
,,,,,,6,local.mqtt.telegraf,44,47.28,,periodic,,68,-15452,47,45,,,1,08a6f7bb3c68,,0,273,281,08:A6:F7:BB:3C:68,,15520,21,2,,23,,,431866,1782292298118,431873,1782292298124,,1782292298050,29,2026-06-24T09:11:38.7407261Z,19,,oasis/bottle,0
,,,,,,6,local.mqtt.telegraf,44,47.48,,periodic,,67,-16793,46,44,,,1,08a6f7bb3c68,,0,273,282,08:A6:F7:BB:3C:68,,16860,21,2,,23,,,433206,1782292299457,433212,1782292299463,,1782292299390,29,2026-06-24T09:11:40.0842557Z,19,,oasis/bottle,0
,,,,,,6,local.mqtt.telegraf,44,47.21,,periodic,,77,-18253,56,54,,,1,08a6f7bb3c68,,0,273,283,08:A6:F7:BB:3C:68,,18330,21,2,,23,,,434686,1782292300937,434692,1782292300943,,1782292300860,29,2026-06-24T09:11:41.5536027Z,19,,oasis/bottle,0
,,,,,,6,local.mqtt.telegraf,44,47.1,,periodic,,67,-19413,46,44,,,1,08a6f7bb3c68,,0,273,284,08:A6:F7:BB:3C:68,,19480,21,2,,23,,,435826,1782292302077,435832,1782292302083,,1782292302010,29,2026-06-24T09:11:42.7050707Z,19,,oasis/bottle,0
,,,,,,6,local.mqtt.telegraf,44,46.94,,periodic,,77,-20493,56,54,,,1,08a6f7bb3c68,,0,273,285,08:A6:F7:BB:3C:68,,20570,21,2,,23,,,436926,1782292303177,436932,1782292303183,,1782292303100,29,2026-06-24T09:11:43.7885824Z,19,,oasis/bottle,0
,,,,,,6,local.mqtt.telegraf,44,47.47,,periodic,,67,-1404,8,6,,,1,08a6f7bb3c68,,0,273,286,08:A6:F7:BB:3C:68,,1471,59,2,,61,,,438506,1782292304757,438512,1782292304763,,1782292304690,29,2026-06-24T09:11:45.3811755Z,20,,oasis/bottle,0
,,,,,,6,local.mqtt.telegraf,44,47.44,,periodic,,77,-2774,18,16,,,1,08a6f7bb3c68,,0,273,287,08:A6:F7:BB:3C:68,,2851,59,2,,61,,,439896,1782292306147,439902,1782292306153,,1782292306070,29,2026-06-24T09:11:46.7605325Z,20,,oasis/bottle,0
,,,,,,6,local.mqtt.telegraf,44,47.1,,periodic,,67,-4334,8,6,,,1,08a6f7bb3c68,,0,273,288,08:A6:F7:BB:3C:68,,4401,59,2,,61,,,441436,1782292307687,441442,1782292307693,,1782292307620,29,2026-06-24T09:11:48.3005857Z,20,,oasis/bottle,0
,,,,,,6,local.mqtt.telegraf,44,47.25,,periodic,,77,-5614,18,16,,,1,08a6f7bb3c68,,0,273,289,08:A6:F7:BB:3C:68,,5691,59,2,,61,,,442736,1782292308987,442742,1782292308993,,1782292308910,29,2026-06-24T09:11:49.6162248Z,20,,oasis/bottle,0
,,,,,,6,local.mqtt.telegraf,44,47.37,,periodic,,67,-7014,8,6,,,1,08a6f7bb3c68,,0,273,290,08:A6:F7:BB:3C:68,,7081,59,2,,61,,,444116,1782292310367,444122,1782292310373,,1782292310300,29,2026-06-24T09:11:50.9730109Z,20,,oasis/bottle,0
,,,,,,6,local.mqtt.telegraf,44,47.32,,periodic,,77,-8574,18,16,,,1,08a6f7bb3c68,,0,273,291,08:A6:F7:BB:3C:68,,8651,59,2,,61,,,445696,1782292311947,445702,1782292311953,,1782292311870,29,2026-06-24T09:11:52.5693939Z,20,,oasis/bottle,0
,,,,,,6,local.mqtt.telegraf,44,47.24,,periodic,,67,-9924,8,6,,,1,08a6f7bb3c68,,0,273,292,08:A6:F7:BB:3C:68,,9991,59,2,,61,,,447026,1782292313277,447032,1782292313283,,1782292313210,29,2026-06-24T09:11:53.8899935Z,20,,oasis/bottle,0
,,,,,,6,local.mqtt.telegraf,44,47.22,,periodic,,67,-11394,8,6,,,1,08a6f7bb3c68,,0,273,293,08:A6:F7:BB:3C:68,,11461,59,2,,61,,,448496,1782292314747,448502,1782292314753,,1782292314680,29,2026-06-24T09:11:55.3675897Z,20,,oasis/bottle,0
,,,,,,6,local.mqtt.telegraf,44,47.26,,periodic,,77,-12514,18,16,,,1,08a6f7bb3c68,,0,273,294,08:A6:F7:BB:3C:68,,12591,59,2,,61,,,449636,1782292315887,449642,1782292315893,,1782292315810,29,2026-06-24T09:11:56.5033829Z,20,,oasis/bottle,0
,,,,,,6,local.mqtt.telegraf,44,47.3,,periodic,,67,-13594,8,6,,,1,08a6f7bb3c68,,0,273,295,08:A6:F7:BB:3C:68,,13661,59,2,,61,,,450696,1782292316947,450702,1782292316953,,1782292316880,29,2026-06-24T09:11:57.5691719Z,20,,oasis/bottle,0
,,,,,,14,local.mqtt.telegraf,44,47.49,,periodic,,77,-15114,18,16,,,1,08a6f7bb3c68,,0,273,296,08:A6:F7:BB:3C:68,,15191,59,2,,61,,,452236,1782292318487,452250,1782292318501,,1782292318410,29,2026-06-24T09:11:59.1239424Z,20,,oasis/bottle,0
,,,,,,6,local.mqtt.telegraf,44,47.08,,periodic,,68,-16393,9,7,,,1,08a6f7bb3c68,,0,273,297,08:A6:F7:BB:3C:68,,16461,59,2,,61,,,453497,1782292319748,453503,1782292319754,,1782292319680,29,2026-06-24T09:12:00.3601033Z,20,,oasis/bottle,0
,,,,,,6,local.mqtt.telegraf,44,47.26,,periodic,,67,-17734,8,6,,,1,08a6f7bb3c68,,0,273,298,08:A6:F7:BB:3C:68,,17801,59,2,,61,,,454836,1782292321087,454842,1782292321093,,1782292321020,29,2026-06-24T09:12:01.6984524Z,20,,oasis/bottle,0
,,,,,,6,local.mqtt.telegraf,44,47.37,,periodic,,67,-19194,8,6,,,1,08a6f7bb3c68,,0,273,299,08:A6:F7:BB:3C:68,,19261,59,2,,61,,,456296,1782292322547,456302,1782292322553,,1782292322480,29,2026-06-24T09:12:03.1704457Z,20,,oasis/bottle,0
,,,,,,10,local.mqtt.telegraf,44,47.37,,periodic,,77,-20304,18,16,,,1,08a6f7bb3c68,,0,273,300,08:A6:F7:BB:3C:68,,20381,59,2,,61,,,457426,1782292323677,457436,1782292323687,,1782292323600,29,2026-06-24T09:12:04.2965312Z,20,,oasis/bottle,0
,,,,,,6,local.mqtt.telegraf,44,47.18,,periodic,,62,-869,-7,-9,,,1,08a6f7bb3c68,,0,273,301,08:A6:F7:BB:3C:68,,931,69,2,,71,,,458476,1782292324727,458482,1782292324733,,1782292324665,29,2026-06-24T09:12:05.3411486Z,21,,oasis/bottle,0
,,,,,,6,local.mqtt.telegraf,44,47.26,,periodic,,62,-2369,-7,-9,,,1,08a6f7bb3c68,,0,273,302,08:A6:F7:BB:3C:68,,2431,69,2,,71,,,459976,1782292326227,459982,1782292326233,,1782292326165,29,2026-06-24T09:12:06.8665789Z,21,,oasis/bottle,0
,,,,,,6,local.mqtt.telegraf,44,47.14,,periodic,,62,-3569,-7,-9,,,1,08a6f7bb3c68,,0,273,303,08:A6:F7:BB:3C:68,,3631,69,2,,71,,,461176,1782292327427,461182,1782292327433,,1782292327365,29,2026-06-24T09:12:08.0446526Z,21,,oasis/bottle,0
,,,,,,6,local.mqtt.telegraf,44,47.42,,periodic,,72,-4759,3,1,,,1,08a6f7bb3c68,,0,273,304,08:A6:F7:BB:3C:68,,4831,69,2,,71,,,462386,1782292328637,462392,1782292328643,,1782292328565,29,2026-06-24T09:12:09.2577907Z,21,,oasis/bottle,0
,,,,,,6,local.mqtt.telegraf,44,47.16,,periodic,,62,-5969,-7,-9,,,1,08a6f7bb3c68,,0,273,305,08:A6:F7:BB:3C:68,,6031,69,2,,71,,,463576,1782292329827,463582,1782292329833,,1782292329765,29,2026-06-24T09:12:10.4501024Z,21,,oasis/bottle,0
,,,,,,6,local.mqtt.telegraf,44,47.28,,periodic,,72,-7149,3,1,,,1,08a6f7bb3c68,,0,273,306,08:A6:F7:BB:3C:68,,7221,69,2,,71,,,464776,1782292331027,464782,1782292331033,,1782292330955,29,2026-06-24T09:12:11.6491661Z,21,,oasis/bottle,0
,,,,,,6,local.mqtt.telegraf,44,47.49,,periodic,,62,-8349,-7,-9,,,1,08a6f7bb3c68,,0,273,307,08:A6:F7:BB:3C:68,,8411,69,2,,71,,,465956,1782292332207,465962,1782292332213,,1782292332145,29,2026-06-24T09:12:12.828583Z,21,,oasis/bottle,0
,,,,,,6,local.mqtt.telegraf,44,47,,periodic,,62,-9509,-7,-9,,,1,08a6f7bb3c68,,0,273,308,08:A6:F7:BB:3C:68,,9571,69,2,,71,,,467116,1782292333367,467122,1782292333373,,1782292333305,29,2026-06-24T09:12:13.9870552Z,21,,oasis/bottle,0
,,,,,,6,local.mqtt.telegraf,44,47.24,,periodic,,62,-10629,-7,-9,,,1,08a6f7bb3c68,,0,273,309,08:A6:F7:BB:3C:68,,10691,69,2,,71,,,468236,1782292334487,468242,1782292334493,,1782292334425,29,2026-06-24T09:12:15.0928457Z,21,,oasis/bottle,0
,,,,,,6,local.mqtt.telegraf,44,47.41,,periodic,,72,-11659,3,1,,,1,08a6f7bb3c68,,0,273,310,08:A6:F7:BB:3C:68,,11731,69,2,,71,,,469286,1782292335537,469292,1782292335543,,1782292335465,29,2026-06-24T09:12:16.1520237Z,21,,oasis/bottle,0
,,,,,,6,local.mqtt.telegraf,44,47.29,,periodic,,62,-13159,-7,-9,,,1,08a6f7bb3c68,,0,273,311,08:A6:F7:BB:3C:68,,13221,69,2,,71,,,470766,1782292337017,470772,1782292337023,,1782292336955,29,2026-06-24T09:12:17.6248276Z,21,,oasis/bottle,0
,,,,,,6,local.mqtt.telegraf,44,47.26,,periodic,,62,-14329,-7,-9,,,1,08a6f7bb3c68,,0,273,312,08:A6:F7:BB:3C:68,,14391,69,2,,71,,,471936,1782292338187,471942,1782292338193,,1782292338125,29,2026-06-24T09:12:18.8069483Z,21,,oasis/bottle,0
,,,,,,6,local.mqtt.telegraf,44,47.22,,periodic,,62,-15469,-7,-9,,,1,08a6f7bb3c68,,0,273,313,08:A6:F7:BB:3C:68,,15531,69,2,,71,,,473076,1782292339327,473082,1782292339333,,1782292339265,29,2026-06-24T09:12:19.9452615Z,21,,oasis/bottle,0
,,,,,,6,local.mqtt.telegraf,44,47.21,,periodic,,72,-16529,3,1,,,1,08a6f7bb3c68,,0,273,314,08:A6:F7:BB:3C:68,,16601,69,2,,71,,,474156,1782292340407,474162,1782292340413,,1782292340335,29,2026-06-24T09:12:21.0300097Z,21,,oasis/bottle,0
,,,,,,6,local.mqtt.telegraf,44,47.36,,periodic,,62,-18089,-7,-9,,,1,08a6f7bb3c68,,0,273,315,08:A6:F7:BB:3C:68,,18151,69,2,,71,,,475696,1782292341947,475702,1782292341953,,1782292341885,29,2026-06-24T09:12:22.5569512Z,21,,oasis/bottle,0
,,,,,,6,local.mqtt.telegraf,44,47.32,,periodic,,62,-19379,-7,-9,,,1,08a6f7bb3c68,,0,273,316,08:A6:F7:BB:3C:68,,19441,69,2,,71,,,476986,1782292343237,476992,1782292343243,,1782292343175,29,2026-06-24T09:12:23.8557258Z,21,,oasis/bottle,0
,,,,,,5,local.mqtt.telegraf,44,47.25,,periodic,,61,-571,31,29,,,1,08a6f7bb3c68,,0,273,317,08:A6:F7:BB:3C:68,,632,30,2,,32,,,478366,1782292344617,478371,1782292344622,,1782292344556,29,2026-06-24T09:12:25.2384913Z,22,,oasis/bottle,0
,,,,,,6,local.mqtt.telegraf,44,47.21,,periodic,,62,-2139,32,30,,,1,08a6f7bb3c68,,0,273,318,08:A6:F7:BB:3C:68,,2201,30,2,,32,,,479936,1782292346187,479942,1782292346193,,1782292346125,29,2026-06-24T09:12:26.8115124Z,22,,oasis/bottle,0
,,,,,,6,local.mqtt.telegraf,44,47.28,,periodic,,71,-3451,41,39,,,1,08a6f7bb3c68,,0,273,319,08:A6:F7:BB:3C:68,,3522,30,2,,32,,,481266,1782292347517,481272,1782292347523,,1782292347446,29,2026-06-24T09:12:28.140568Z,22,,oasis/bottle,0
,,,,,,6,local.mqtt.telegraf,44,47.29,,periodic,,62,-4909,32,30,,,1,08a6f7bb3c68,,0,273,320,08:A6:F7:BB:3C:68,,4971,30,2,,32,,,482706,1782292348957,482712,1782292348963,,1782292348895,29,2026-06-24T09:12:29.5708857Z,22,,oasis/bottle,0
,,,,,,6,local.mqtt.telegraf,44,47.12,,periodic,,72,-5989,42,40,,,1,08a6f7bb3c68,,0,273,321,08:A6:F7:BB:3C:68,,6061,30,2,,32,,,483806,1782292350057,483812,1782292350063,,1782292349985,29,2026-06-24T09:12:30.6688034Z,22,,oasis/bottle,0
,,,,,,6,local.mqtt.telegraf,44,47.32,,periodic,,62,-7589,32,30,,,1,08a6f7bb3c68,,0,273,322,08:A6:F7:BB:3C:68,,7651,30,2,,32,,,485386,1782292351637,485392,1782292351643,,1782292351575,29,2026-06-24T09:12:32.2460302Z,22,,oasis/bottle,0
,,,,,,6,local.mqtt.telegraf,44,47.06,,periodic,,72,-8949,42,40,,,1,08a6f7bb3c68,,0,273,323,08:A6:F7:BB:3C:68,,9021,30,2,,32,,,486766,1782292353017,486772,1782292353023,,1782292352945,29,2026-06-24T09:12:33.6393137Z,22,,oasis/bottle,0
,,,,,,7,local.mqtt.telegraf,44,47.26,,periodic,,61,-10501,31,29,,,1,08a6f7bb3c68,,0,273,324,08:A6:F7:BB:3C:68,,10562,30,2,,32,,,488296,1782292354547,488303,1782292354554,,1782292354486,29,2026-06-24T09:12:35.1551044Z,22,,oasis/bottle,0
,,,,,,6,local.mqtt.telegraf,44,46.93,,periodic,,72,-11759,42,40,,,1,08a6f7bb3c68,,0,273,325,08:A6:F7:BB:3C:68,,11831,30,2,,32,,,489576,1782292355827,489582,1782292355833,,1782292355755,29,2026-06-24T09:12:36.4433843Z,22,,oasis/bottle,0
,,,,,,6,local.mqtt.telegraf,44,47.36,,periodic,,62,-13119,32,30,,,1,08a6f7bb3c68,,0,273,326,08:A6:F7:BB:3C:68,,13181,30,2,,32,,,490916,1782292357167,490922,1782292357173,,1782292357105,29,2026-06-24T09:12:37.7841878Z,22,,oasis/bottle,0
,,,,,,6,local.mqtt.telegraf,44,47.33,,periodic,,72,-14589,42,40,,,1,08a6f7bb3c68,,0,273,327,08:A6:F7:BB:3C:68,,14661,30,2,,32,,,492406,1782292358657,492412,1782292358663,,1782292358585,29,2026-06-24T09:12:39.2747777Z,22,,oasis/bottle,0
,,,,,,6,local.mqtt.telegraf,44,46.98,,periodic,,62,-15769,32,30,,,1,08a6f7bb3c68,,0,273,328,08:A6:F7:BB:3C:68,,15831,30,2,,32,,,493566,1782292359817,493572,1782292359823,,1782292359755,29,2026-06-24T09:12:40.4384626Z,22,,oasis/bottle,0
,,,,,,6,local.mqtt.telegraf,44,47.21,,periodic,,61,-16901,31,29,,,1,08a6f7bb3c68,,0,273,329,08:A6:F7:BB:3C:68,,16962,30,2,,32,,,494696,1782292360947,494702,1782292360953,,1782292360886,29,2026-06-24T09:12:41.5675133Z,22,,oasis/bottle,0
,,,,,,6,local.mqtt.telegraf,44,47.28,,periodic,,72,-17949,42,40,,,1,08a6f7bb3c68,,0,273,330,08:A6:F7:BB:3C:68,,18021,30,2,,32,,,495766,1782292362017,495772,1782292362023,,1782292361945,29,2026-06-24T09:12:42.636665Z,22,,oasis/bottle,0
,,,,,,6,local.mqtt.telegraf,44,47.13,,periodic,,62,-19489,32,30,,,1,08a6f7bb3c68,,0,273,331,08:A6:F7:BB:3C:68,,19551,30,2,,32,,,497286,1782292363537,497292,1782292363543,,1782292363475,29,2026-06-24T09:12:44.1541129Z,22,,oasis/bottle,0
,,,,,,8,local.mqtt.telegraf,44,47.49,,periodic,,70,-511,39,37,,,1,08a6f7bb3c68,,0,274,332,08:A6:F7:BB:3C:68,,581,31,2,,33,,,498535,1782292364786,498543,1782292364794,,1782292364716,29,2026-06-24T09:12:45.3979272Z,23,,oasis/bottle,0
,,,,,,6,local.mqtt.telegraf,44,47.48,,periodic,,62,-1808,31,29,,,1,08a6f7bb3c68,,0,273,333,08:A6:F7:BB:3C:68,,1870,31,2,,33,,,499816,1782292366067,499822,1782292366073,,1782292366005,29,2026-06-24T09:12:46.6761578Z,23,,oasis/bottle,0
,,,,,,6,local.mqtt.telegraf,44,47.24,,periodic,,62,-3178,31,29,,,1,08a6f7bb3c68,,0,273,334,08:A6:F7:BB:3C:68,,3240,31,2,,33,,,501186,1782292367437,501192,1782292367443,,1782292367375,29,2026-06-24T09:12:48.0551178Z,23,,oasis/bottle,0
,,,,,,6,local.mqtt.telegraf,44,47.34,,periodic,,71,-4710,40,38,,,1,08a6f7bb3c68,,0,273,335,08:A6:F7:BB:3C:68,,4781,31,2,,33,,,502736,1782292368987,502742,1782292368993,,1782292368916,29,2026-06-24T09:12:49.609877Z,23,,oasis/bottle,0
,,,,,,6,local.mqtt.telegraf,44,47.02,,periodic,,62,-6008,31,29,,,1,08a6f7bb3c68,,0,273,336,08:A6:F7:BB:3C:68,,6070,31,2,,33,,,504016,1782292370267,504022,1782292370273,,1782292370205,29,2026-06-24T09:12:50.8773033Z,23,,oasis/bottle,0
,,,,,,6,local.mqtt.telegraf,44,47.49,,periodic,,62,-7368,31,29,,,1,08a6f7bb3c68,,0,273,337,08:A6:F7:BB:3C:68,,7430,31,2,,33,,,505376,1782292371627,505382,1782292371633,,1782292371565,29,2026-06-24T09:12:52.2374624Z,23,,oasis/bottle,0
,,,,,,6,local.mqtt.telegraf,44,47.08,,periodic,,72,-8878,41,39,,,1,08a6f7bb3c68,,0,273,338,08:A6:F7:BB:3C:68,,8950,31,2,,33,,,506906,1782292373157,506912,1782292373163,,1782292373085,29,2026-06-24T09:12:53.7822376Z,23,,oasis/bottle,0
,,,,,,6,local.mqtt.telegraf,44,47.02,,periodic,,62,-10138,31,29,,,1,08a6f7bb3c68,,0,273,339,08:A6:F7:BB:3C:68,,10200,31,2,,33,,,508146,1782292374397,508152,1782292374403,,1782292374335,29,2026-06-24T09:12:55.0157397Z,23,,oasis/bottle,0
,,,,,,6,local.mqtt.telegraf,44,47.34,,periodic,,62,-11418,31,29,,,1,08a6f7bb3c68,,0,273,340,08:A6:F7:BB:3C:68,,11480,31,2,,33,,,509426,1782292375677,509432,1782292375683,,1782292375615,29,2026-06-24T09:12:56.2887408Z,23,,oasis/bottle,0
,,,,,,6,local.mqtt.telegraf,44,47.45,,periodic,,72,-12778,41,39,,,1,08a6f7bb3c68,,0,273,341,08:A6:F7:BB:3C:68,,12850,31,2,,33,,,510806,1782292377057,510812,1782292377063,,1782292376985,29,2026-06-24T09:12:57.6727922Z,23,,oasis/bottle,0
,,,,,,6,local.mqtt.telegraf,44,47.21,,periodic,,61,-14330,30,28,,,1,08a6f7bb3c68,,0,273,342,08:A6:F7:BB:3C:68,,14391,31,2,,33,,,512336,1782292378587,512342,1782292378593,,1782292378526,29,2026-06-24T09:12:59.2065423Z,23,,oasis/bottle,0
,,,,,,6,local.mqtt.telegraf,44,47.06,,periodic,,72,-15588,41,39,,,1,08a6f7bb3c68,,0,273,343,08:A6:F7:BB:3C:68,,15660,31,2,,33,,,513616,1782292379867,513622,1782292379873,,1782292379795,29,2026-06-24T09:13:00.4867065Z,23,,oasis/bottle,0
,,,,,,6,local.mqtt.telegraf,44,47.42,,periodic,,62,-16948,31,29,,,1,08a6f7bb3c68,,0,273,344,08:A6:F7:BB:3C:68,,17010,31,2,,33,,,514956,1782292381207,514962,1782292381213,,1782292381145,29,2026-06-24T09:13:01.8215596Z,23,,oasis/bottle,0
,,,,,,6,local.mqtt.telegraf,44,47.52,,periodic,,72,-18428,41,39,,,1,08a6f7bb3c68,,0,273,345,08:A6:F7:BB:3C:68,,18500,31,2,,33,,,516456,1782292382707,516462,1782292382713,,1782292382635,29,2026-06-24T09:13:03.3227284Z,23,,oasis/bottle,0
,,,,,,6,local.mqtt.telegraf,44,47.34,,periodic,,62,-19618,31,29,,,1,08a6f7bb3c68,,0,273,346,08:A6:F7:BB:3C:68,,19680,31,2,,33,,,517626,1782292383877,517632,1782292383883,,1782292383815,29,2026-06-24T09:13:04.4938997Z,23,,oasis/bottle,0
,,,,,,5,local.mqtt.telegraf,44,47.18,,periodic,,73,-548,44,42,,,1,08a6f7bb3c68,,0,273,347,08:A6:F7:BB:3C:68,,621,29,2,,31,,,518785,1782292385037,518791,1782292385042,,1782292384964,29,2026-06-24T09:13:05.6461708Z,24,,oasis/bottle,0
,,,,,,6,local.mqtt.telegraf,44,47.06,,periodic,,63,-1698,34,32,,,1,08a6f7bb3c68,,0,273,348,08:A6:F7:BB:3C:68,,1761,29,2,,31,,,519916,1782292386167,519922,1782292386173,,1782292386104,29,2026-06-24T09:13:06.7789495Z,24,,oasis/bottle,0
,,,,,,6,local.mqtt.telegraf,44,47.24,,periodic,,63,-2738,34,32,,,1,08a6f7bb3c68,,0,273,349,08:A6:F7:BB:3C:68,,2801,29,2,,31,,,520956,1782292387207,520962,1782292387213,,1782292387144,29,2026-06-24T09:13:07.8089361Z,24,,oasis/bottle,0
,,,,,,6,local.mqtt.telegraf,44,47.26,,periodic,,73,-4208,44,42,,,1,08a6f7bb3c68,,0,273,350,08:A6:F7:BB:3C:68,,4281,29,2,,31,,,522446,1782292388697,522452,1782292388703,,1782292388624,29,2026-06-24T09:13:09.3155765Z,24,,oasis/bottle,0
,,,,,,6,local.mqtt.telegraf,44,47.34,,periodic,,63,-5378,34,32,,,1,08a6f7bb3c68,,0,273,351,08:A6:F7:BB:3C:68,,5441,29,2,,31,,,523596,1782292389847,523602,1782292389853,,1782292389784,29,2026-06-24T09:13:10.4649879Z,24,,oasis/bottle,0
,,,,,,6,local.mqtt.telegraf,44,47.36,,periodic,,63,-6498,34,32,,,1,08a6f7bb3c68,,0,273,352,08:A6:F7:BB:3C:68,,6561,29,2,,31,,,524716,1782292390967,524722,1782292390973,,1782292390904,29,2026-06-24T09:13:11.5827235Z,24,,oasis/bottle,0
,,,,,,6,local.mqtt.telegraf,44,47.32,,periodic,,63,-8128,34,32,,,1,08a6f7bb3c68,,0,273,353,08:A6:F7:BB:3C:68,,8191,29,2,,31,,,526346,1782292392597,526352,1782292392603,,1782292392534,29,2026-06-24T09:13:13.2248303Z,24,,oasis/bottle,0
,,,,,,6,local.mqtt.telegraf,44,47.06,,periodic,,63,-9588,34,32,,,1,08a6f7bb3c68,,0,273,354,08:A6:F7:BB:3C:68,,9651,29,2,,31,,,527806,1782292394057,527812,1782292394063,,1782292393994,29,2026-06-24T09:13:14.6675899Z,24,,oasis/bottle,0
,,,,,,6,local.mqtt.telegraf,44,47.48,,periodic,,73,-10688,44,42,,,1,08a6f7bb3c68,,0,273,355,08:A6:F7:BB:3C:68,,10761,29,2,,31,,,528926,1782292395177,528932,1782292395183,,1782292395104,29,2026-06-24T09:13:15.7955767Z,24,,oasis/bottle,0
,,,,,,6,local.mqtt.telegraf,44,47.45,,periodic,,63,-12338,34,32,,,1,08a6f7bb3c68,,0,273,356,08:A6:F7:BB:3C:68,,12401,29,2,,31,,,530556,1782292396807,530562,1782292396813,,1782292396744,29,2026-06-24T09:13:17.4219356Z,24,,oasis/bottle,0
,,,,,,6,local.mqtt.telegraf,44,47.51,,periodic,,73,-13788,44,42,,,1,08a6f7bb3c68,,0,273,357,08:A6:F7:BB:3C:68,,13861,29,2,,31,,,532026,1782292398277,532032,1782292398283,,1782292398204,29,2026-06-24T09:13:18.9011963Z,24,,oasis/bottle,0
,,,,,,14,local.mqtt.telegraf,44,47.53,,periodic,,63,-14928,34,32,,,1,08a6f7bb3c68,,0,273,358,08:A6:F7:BB:3C:68,,14991,29,2,,31,,,533146,1782292399397,533160,1782292399411,,1782292399334,29,2026-06-24T09:13:20.0139274Z,24,,oasis/bottle,0
,,,,,,6,local.mqtt.telegraf,44,47.28,,periodic,,63,-15978,34,32,,,1,08a6f7bb3c68,,0,273,359,08:A6:F7:BB:3C:68,,16041,29,2,,31,,,534196,1782292400447,534202,1782292400453,,1782292400384,29,2026-06-24T09:13:21.0632945Z,24,,oasis/bottle,0
,,,,,,6,local.mqtt.telegraf,44,47.42,,periodic,,63,-17478,34,32,,,1,08a6f7bb3c68,,0,273,360,08:A6:F7:BB:3C:68,,17541,29,2,,31,,,535696,1782292401947,535702,1782292401953,,1782292401884,29,2026-06-24T09:13:22.5680858Z,24,,oasis/bottle,0
,,,,,,6,local.mqtt.telegraf,44,47.17,,periodic,,63,-18678,34,32,,,1,08a6f7bb3c68,,0,273,361,08:A6:F7:BB:3C:68,,18741,29,2,,31,,,536896,1782292403147,536902,1782292403153,,1782292403084,29,2026-06-24T09:13:23.7682852Z,24,,oasis/bottle,0
,,,,,,6,local.mqtt.telegraf,44,47.26,,periodic,,63,-19868,34,32,,,1,08a6f7bb3c68,,0,273,362,08:A6:F7:BB:3C:68,,19931,29,2,,31,,,538086,1782292404337,538092,1782292404343,,1782292404274,29,2026-06-24T09:13:24.9525432Z,24,,oasis/bottle,0
,,,,,,6,local.mqtt.telegraf,44,47.13,,periodic,,72,-826,38,36,,,1,08a6f7bb3c68,,0,273,363,08:A6:F7:BB:3C:68,,898,34,2,,36,,,539276,1782292405527,539282,1782292405533,,1782292405455,29,2026-06-24T09:13:26.1495725Z,25,,oasis/bottle,0
,,,,,,6,local.mqtt.telegraf,44,47.32,,periodic,,63,-2004,29,27,,,1,08a6f7bb3c68,,0,273,364,08:A6:F7:BB:3C:68,,2067,34,2,,36,,,540436,1782292406687,540442,1782292406693,,1782292406624,29,2026-06-24T09:13:27.2888102Z,25,,oasis/bottle,0
,,,,,,6,local.mqtt.telegraf,44,47.28,,periodic,,63,-3124,29,27,,,1,08a6f7bb3c68,,0,273,365,08:A6:F7:BB:3C:68,,3187,34,2,,36,,,541556,1782292407807,541562,1782292407813,,1782292407744,29,2026-06-24T09:13:28.4226477Z,25,,oasis/bottle,0
,,,,,,6,local.mqtt.telegraf,44,47.41,,periodic,,73,-4154,39,37,,,1,08a6f7bb3c68,,0,273,366,08:A6:F7:BB:3C:68,,4227,34,2,,36,,,542606,1782292408857,542612,1782292408863,,1782292408784,29,2026-06-24T09:13:29.4703423Z,25,,oasis/bottle,0
,,,,,,7,local.mqtt.telegraf,44,46.63,,periodic,,63,-5654,29,27,,,1,08a6f7bb3c68,,0,273,367,08:A6:F7:BB:3C:68,,5717,34,2,,36,,,544086,1782292410337,544093,1782292410344,,1782292410274,29,2026-06-24T09:13:30.9519881Z,25,,oasis/bottle,0
,,,,,,6,local.mqtt.telegraf,44,47.34,,periodic,,64,-6813,30,28,,,1,08a6f7bb3c68,,0,273,368,08:A6:F7:BB:3C:68,,6877,34,2,,36,,,545247,1782292411498,545253,1782292411504,,1782292411434,29,2026-06-24T09:13:32.1178185Z,25,,oasis/bottle,0
,,,,,,6,local.mqtt.telegraf,44,47.28,,periodic,,73,-7934,39,37,,,1,08a6f7bb3c68,,0,273,369,08:A6:F7:BB:3C:68,,8007,34,2,,36,,,546386,1782292412637,546392,1782292412643,,1782292412564,29,2026-06-24T09:13:33.2529614Z,25,,oasis/bottle,0
,,,,,,6,local.mqtt.telegraf,44,47.52,,periodic,,63,-9004,29,27,,,1,08a6f7bb3c68,,0,273,370,08:A6:F7:BB:3C:68,,9067,34,2,,36,,,547436,1782292413687,547442,1782292413693,,1782292413624,29,2026-06-24T09:13:34.3021899Z,25,,oasis/bottle,0
,,,,,,6,local.mqtt.telegraf,44,47.51,,periodic,,73,-10504,39,37,,,1,08a6f7bb3c68,,0,273,371,08:A6:F7:BB:3C:68,,10577,34,2,,36,,,548956,1782292415207,548962,1782292415213,,1782292415134,29,2026-06-24T09:13:35.8145598Z,25,,oasis/bottle,0
,,,,,,6,local.mqtt.telegraf,44,47.06,,periodic,,63,-11744,29,27,,,1,08a6f7bb3c68,,0,273,372,08:A6:F7:BB:3C:68,,11807,34,2,,36,,,550176,1782292416427,550182,1782292416433,,1782292416364,29,2026-06-24T09:13:37.0422248Z,25,,oasis/bottle,0
,,,,,,6,local.mqtt.telegraf,44,47.56,,periodic,,63,-12984,29,27,,,1,08a6f7bb3c68,,0,273,373,08:A6:F7:BB:3C:68,,13047,34,2,,36,,,551416,1782292417667,551422,1782292417673,,1782292417604,29,2026-06-24T09:13:38.2793302Z,25,,oasis/bottle,0
,,,,,,6,local.mqtt.telegraf,44,47.51,,periodic,,73,-14254,39,37,,,1,08a6f7bb3c68,,0,273,374,08:A6:F7:BB:3C:68,,14327,34,2,,36,,,552706,1782292418957,552712,1782292418963,,1782292418884,29,2026-06-24T09:13:39.5741798Z,25,,oasis/bottle,0
,,,,,,6,local.mqtt.telegraf,44,47.29,,periodic,,63,-15644,29,27,,,1,08a6f7bb3c68,,0,273,375,08:A6:F7:BB:3C:68,,15707,34,2,,36,,,554076,1782292420327,554082,1782292420333,,1782292420264,29,2026-06-24T09:13:40.9388207Z,25,,oasis/bottle,0
,,,,,,6,local.mqtt.telegraf,44,47.37,,periodic,,72,-17176,38,36,,,1,08a6f7bb3c68,,0,273,376,08:A6:F7:BB:3C:68,,17248,34,2,,36,,,555626,1782292421877,555632,1782292421883,,1782292421805,29,2026-06-24T09:13:42.4940473Z,25,,oasis/bottle,0
,,,,,,6,local.mqtt.telegraf,44,47.06,,periodic,,63,-18474,29,27,,,1,08a6f7bb3c68,,0,273,377,08:A6:F7:BB:3C:68,,18537,34,2,,36,,,556906,1782292423157,556912,1782292423163,,1782292423094,29,2026-06-24T09:13:43.7698956Z,25,,oasis/bottle,0
,,,,,,6,local.mqtt.telegraf,44,47.45,,periodic,,63,-19834,29,27,,,1,08a6f7bb3c68,,0,273,378,08:A6:F7:BB:3C:68,,19897,34,2,,36,,,558266,1782292424517,558272,1782292424523,,1782292424454,29,2026-06-24T09:13:45.125847Z,25,,oasis/bottle,0
,,,,,,6,local.mqtt.telegraf,44,47.71,,periodic,,61,-1151,32,30,,,1,08a6f7bb3c68,,0,273,379,08:A6:F7:BB:3C:68,,1212,29,2,,31,,,559785,1782292426036,559791,1782292426042,,1782292425975,29,2026-06-24T09:13:46.6524809Z,26,,oasis/bottle,0
,,,,,,6,local.mqtt.telegraf,44,47.51,,periodic,,63,-2388,34,32,,,1,08a6f7bb3c68,,0,273,380,08:A6:F7:BB:3C:68,,2451,29,2,,31,,,561026,1782292427277,561032,1782292427283,,1782292427214,29,2026-06-24T09:13:47.8903707Z,26,,oasis/bottle,0
,,,,,,6,local.mqtt.telegraf,44,47.34,,periodic,,73,-3658,44,42,,,1,08a6f7bb3c68,,0,273,381,08:A6:F7:BB:3C:68,,3731,29,2,,31,,,562316,1782292428567,562322,1782292428573,,1782292428494,29,2026-06-24T09:13:49.1902091Z,26,,oasis/bottle,0
,,,,,,6,local.mqtt.telegraf,44,47.32,,periodic,,73,-5018,44,42,,,1,08a6f7bb3c68,,0,273,382,08:A6:F7:BB:3C:68,,5091,29,2,,31,,,563676,1782292429927,563682,1782292429933,,1782292429854,29,2026-06-24T09:13:50.5469904Z,26,,oasis/bottle,0
,,,,,,6,local.mqtt.telegraf,44,47.42,,periodic,,63,-6558,34,32,,,1,08a6f7bb3c68,,0,273,383,08:A6:F7:BB:3C:68,,6621,29,2,,31,,,565196,1782292431447,565202,1782292431453,,1782292431384,29,2026-06-24T09:13:52.063532Z,26,,oasis/bottle,0
,,,,,,6,local.mqtt.telegraf,44,47.25,,periodic,,73,-7798,44,42,,,1,08a6f7bb3c68,,0,273,384,08:A6:F7:BB:3C:68,,7871,29,2,,31,,,566456,1782292432707,566462,1782292432713,,1782292432634,29,2026-06-24T09:13:53.320208Z,26,,oasis/bottle,0
,,,,,,6,local.mqtt.telegraf,44,47.06,,periodic,,63,-9108,34,32,,,1,08a6f7bb3c68,,0,273,385,08:A6:F7:BB:3C:68,,9171,29,2,,31,,,567746,1782292433997,567752,1782292434003,,1782292433934,29,2026-06-24T09:13:54.6055974Z,26,,oasis/bottle,0
,,,,,,6,local.mqtt.telegraf,44,47.49,,periodic,,63,-10498,34,32,,,1,08a6f7bb3c68,,0,273,386,08:A6:F7:BB:3C:68,,10561,29,2,,31,,,569136,1782292435387,569142,1782292435393,,1782292435324,29,2026-06-24T09:13:56.0026268Z,26,,oasis/bottle,0
,,,,,,6,local.mqtt.telegraf,44,47.32,,periodic,,73,-12068,44,42,,,1,08a6f7bb3c68,,0,273,387,08:A6:F7:BB:3C:68,,12141,29,2,,31,,,570726,1782292436977,570732,1782292436983,,1782292436904,29,2026-06-24T09:13:57.5936705Z,26,,oasis/bottle,0
,,,,,,6,local.mqtt.telegraf,44,47.02,,periodic,,63,-13438,34,32,,,1,08a6f7bb3c68,,0,273,388,08:A6:F7:BB:3C:68,,13501,29,2,,31,,,572076,1782292438327,572082,1782292438333,,1782292438264,29,2026-06-24T09:13:58.9454342Z,26,,oasis/bottle,0
,,,,,,6,local.mqtt.telegraf,44,47.14,,periodic,,63,-14948,34,32,,,1,08a6f7bb3c68,,0,273,389,08:A6:F7:BB:3C:68,,15011,29,2,,31,,,573586,1782292439837,573592,1782292439843,,1782292439774,29,2026-06-24T09:14:00.4514555Z,26,,oasis/bottle,0
,,,,,,6,local.mqtt.telegraf,44,47.02,,periodic,,63,-16168,34,32,,,1,08a6f7bb3c68,,0,273,390,08:A6:F7:BB:3C:68,,16231,29,2,,31,,,574806,1782292441057,574812,1782292441063,,1782292440994,29,2026-06-24T09:14:01.680635Z,26,,oasis/bottle,0
,,,,,,6,local.mqtt.telegraf,44,47.3,,periodic,,73,-17398,44,42,,,1,08a6f7bb3c68,,0,273,391,08:A6:F7:BB:3C:68,,17471,29,2,,31,,,576056,1782292442307,576062,1782292442313,,1782292442234,29,2026-06-24T09:14:02.9245114Z,26,,oasis/bottle,0
,,,,,,6,local.mqtt.telegraf,44,47.21,,periodic,,63,-18698,34,32,,,1,08a6f7bb3c68,,0,273,392,08:A6:F7:BB:3C:68,,18761,29,2,,31,,,577336,1782292443587,577342,1782292443593,,1782292443524,29,2026-06-24T09:14:04.1940596Z,26,,oasis/bottle,0
,,,,,,6,local.mqtt.telegraf,44,47.28,,periodic,,73,-20048,44,42,,,1,08a6f7bb3c68,,0,273,393,08:A6:F7:BB:3C:68,,20121,29,2,,31,,,578706,1782292444957,578712,1782292444963,,1782292444884,29,2026-06-24T09:14:05.5584019Z,26,,oasis/bottle,0
,,,,,,6,local.mqtt.telegraf,44,47.28,,periodic,,72,-1350,28,26,,,1,08a6f7bb3c68,,0,273,394,08:A6:F7:BB:3C:68,,1422,44,2,,46,,,580236,1782292446487,580242,1782292446493,,1782292446415,29,2026-06-24T09:14:07.0975915Z,27,,oasis/bottle,0
,,,,,,6,local.mqtt.telegraf,44,47.49,,periodic,,73,-2598,29,27,,,1,08a6f7bb3c68,,0,273,395,08:A6:F7:BB:3C:68,,2671,44,2,,46,,,581486,1782292447737,581492,1782292447743,,1782292447664,29,2026-06-24T09:14:08.3730251Z,27,,oasis/bottle,0
,,,,,,6,local.mqtt.telegraf,44,47.09,,periodic,,63,-3908,19,17,,,1,08a6f7bb3c68,,0,273,396,08:A6:F7:BB:3C:68,,3971,44,2,,46,,,582776,1782292449027,582782,1782292449033,,1782292448964,29,2026-06-24T09:14:09.6421339Z,27,,oasis/bottle,0
,,,,,,6,local.mqtt.telegraf,44,47.13,,periodic,,73,-5298,29,27,,,1,08a6f7bb3c68,,0,273,397,08:A6:F7:BB:3C:68,,5371,44,2,,46,,,584186,1782292450437,584192,1782292450443,,1782292450364,29,2026-06-24T09:14:11.0753585Z,27,,oasis/bottle,0
,,,,,,6,local.mqtt.telegraf,44,47.21,,periodic,,63,-6908,19,17,,,1,08a6f7bb3c68,,0,273,398,08:A6:F7:BB:3C:68,,6971,44,2,,46,,,585776,1782292452027,585782,1782292452033,,1782292451964,29,2026-06-24T09:14:12.6457759Z,27,,oasis/bottle,0
,,,,,,6,local.mqtt.telegraf,44,47.2,,periodic,,73,-8288,29,27,,,1,08a6f7bb3c68,,0,273,399,08:A6:F7:BB:3C:68,,8361,44,2,,46,,,587176,1782292453427,587182,1782292453433,,1782292453354,29,2026-06-24T09:14:14.0462092Z,27,,oasis/bottle,0
,,,,,,10,local.mqtt.telegraf,44,47.4,,periodic,,63,-9878,19,17,,,1,08a6f7bb3c68,,0,273,400,08:A6:F7:BB:3C:68,,9941,44,2,,46,,,588746,1782292454997,588756,1782292455007,,1782292454934,29,2026-06-24T09:14:15.6121221Z,27,,oasis/bottle,0
,,,,,,6,local.mqtt.telegraf,44,47.25,,periodic,,73,-11218,29,27,,,1,08a6f7bb3c68,,0,273,401,08:A6:F7:BB:3C:68,,11291,44,2,,46,,,590106,1782292456357,590112,1782292456363,,1782292456284,29,2026-06-24T09:14:16.9711423Z,27,,oasis/bottle,0
,,,,,,6,local.mqtt.telegraf,44,47.16,,periodic,,63,-12738,19,17,,,1,08a6f7bb3c68,,0,273,402,08:A6:F7:BB:3C:68,,12801,44,2,,46,,,591606,1782292457857,591612,1782292457863,,1782292457794,29,2026-06-24T09:14:18.4792985Z,27,,oasis/bottle,0
,,,,,,7,local.mqtt.telegraf,44,47.16,,periodic,,72,-13940,28,26,,,1,08a6f7bb3c68,,0,273,403,08:A6:F7:BB:3C:68,,14012,44,2,,46,,,592826,1782292459077,592833,1782292459084,,1782292459005,29,2026-06-24T09:14:19.6963193Z,27,,oasis/bottle,0
,,,,,,6,local.mqtt.telegraf,44,46.93,,periodic,,63,-15178,19,17,,,1,08a6f7bb3c68,,0,273,404,08:A6:F7:BB:3C:68,,15241,44,2,,46,,,594046,1782292460297,594052,1782292460303,,1782292460234,29,2026-06-24T09:14:20.9208352Z,27,,oasis/bottle,0
,,,,,,6,local.mqtt.telegraf,44,47.47,,periodic,,73,-16408,29,27,,,1,08a6f7bb3c68,,0,273,405,08:A6:F7:BB:3C:68,,16481,44,2,,46,,,595296,1782292461547,595302,1782292461553,,1782292461474,29,2026-06-24T09:14:22.1567613Z,27,,oasis/bottle,0
,,,,,,6,local.mqtt.telegraf,44,47.49,,periodic,,63,-17708,19,17,,,1,08a6f7bb3c68,,0,273,406,08:A6:F7:BB:3C:68,,17771,44,2,,46,,,596576,1782292462827,596582,1782292462833,,1782292462764,29,2026-06-24T09:14:23.4463513Z,27,,oasis/bottle,0
,,,,,,6,local.mqtt.telegraf,44,47.3,,periodic,,63,-19078,19,17,,,1,08a6f7bb3c68,,0,273,407,08:A6:F7:BB:3C:68,,19141,44,2,,46,,,597946,1782292464197,597952,1782292464203,,1782292464134,29,2026-06-24T09:14:24.8140852Z,27,,oasis/bottle,0
,,,,,,6,local.mqtt.telegraf,44,46.94,,periodic,,72,-409,42,40,,,1,08a6f7bb3c68,,0,273,408,08:A6:F7:BB:3C:68,,481,30,2,,32,,,599495,1782292465746,599501,1782292465752,,1782292465674,29,2026-06-24T09:14:26.3600589Z,28,,oasis/bottle,0
,,,,,,6,local.mqtt.telegraf,44,47.28,,periodic,,63,-1708,33,31,,,1,08a6f7bb3c68,,0,273,409,08:A6:F7:BB:3C:68,,1771,30,2,,32,,,600776,1782292467027,600782,1782292467033,,1782292466964,29,2026-06-24T09:14:27.6388283Z,28,,oasis/bottle,0
,,,,,,6,local.mqtt.telegraf,44,47.09,,periodic,,73,-3058,43,41,,,1,08a6f7bb3c68,,0,273,410,08:A6:F7:BB:3C:68,,3131,30,2,,32,,,602146,1782292468397,602152,1782292468403,,1782292468324,29,2026-06-24T09:14:29.005569Z,28,,oasis/bottle,0
,,,,,,6,local.mqtt.telegraf,44,47.36,,periodic,,73,-4588,43,41,,,1,08a6f7bb3c68,,0,273,411,08:A6:F7:BB:3C:68,,4661,30,2,,32,,,603676,1782292469927,603682,1782292469933,,1782292469854,29,2026-06-24T09:14:30.5498754Z,28,,oasis/bottle,0
,,,,,,6,local.mqtt.telegraf,44,47.28,,periodic,,63,-5848,33,31,,,1,08a6f7bb3c68,,0,273,412,08:A6:F7:BB:3C:68,,5911,30,2,,32,,,604916,1782292471167,604922,1782292471173,,1782292471104,29,2026-06-24T09:14:31.7805758Z,28,,oasis/bottle,0
,,,,,,6,local.mqtt.telegraf,44,47.25,,periodic,,63,-7138,33,31,,,1,08a6f7bb3c68,,0,273,413,08:A6:F7:BB:3C:68,,7201,30,2,,32,,,606206,1782292472457,606212,1782292472463,,1782292472394,29,2026-06-24T09:14:33.0726395Z,28,,oasis/bottle,0
,,,,,,6,local.mqtt.telegraf,44,47.44,,periodic,,73,-8508,43,41,,,1,08a6f7bb3c68,,0,273,414,08:A6:F7:BB:3C:68,,8581,30,2,,32,,,607596,1782292473847,607602,1782292473853,,1782292473774,29,2026-06-24T09:14:34.4536886Z,28,,oasis/bottle,0
,,,,,,6,local.mqtt.telegraf,44,47.48,,periodic,,73,-10078,43,41,,,1,08a6f7bb3c68,,0,273,415,08:A6:F7:BB:3C:68,,10151,30,2,,32,,,609166,1782292475417,609172,1782292475423,,1782292475344,29,2026-06-24T09:14:36.0295929Z,28,,oasis/bottle,0
,,,,,,6,local.mqtt.telegraf,44,47.49,,periodic,,63,-11428,33,31,,,1,08a6f7bb3c68,,0,273,416,08:A6:F7:BB:3C:68,,11491,30,2,,32,,,610496,1782292476747,610502,1782292476753,,1782292476684,29,2026-06-24T09:14:37.3627838Z,28,,oasis/bottle,0
,,,,,,6,local.mqtt.telegraf,44,47.21,,periodic,,73,-12888,43,41,,,1,08a6f7bb3c68,,0,273,417,08:A6:F7:BB:3C:68,,12961,30,2,,32,,,611976,1782292478227,611982,1782292478233,,1782292478154,29,2026-06-24T09:14:38.8526505Z,28,,oasis/bottle,0
,,,,,,6,local.mqtt.telegraf,44,47.2,,periodic,,73,-14038,43,41,,,1,08a6f7bb3c68,,0,273,418,08:A6:F7:BB:3C:68,,14111,30,2,,32,,,613126,1782292479377,613132,1782292479383,,1782292479304,29,2026-06-24T09:14:40.0070798Z,28,,oasis/bottle,0
,,,,,,6,local.mqtt.telegraf,44,47.32,,periodic,,72,-15160,42,40,,,1,08a6f7bb3c68,,0,273,419,08:A6:F7:BB:3C:68,,15232,30,2,,32,,,614246,1782292480497,614252,1782292480503,,1782292480425,29,2026-06-24T09:14:41.123393Z,28,,oasis/bottle,0
,,,,,,6,local.mqtt.telegraf,44,47.06,,periodic,,71,-16770,41,39,,,1,08a6f7bb3c68,,0,273,420,08:A6:F7:BB:3C:68,,16841,30,2,,32,,,615854,1782292482105,615860,1782292482111,,1782292482034,29,2026-06-24T09:14:42.7254099Z,28,,oasis/bottle,0
,,,,,,6,local.mqtt.telegraf,44,47.48,,periodic,,73,-18178,43,41,,,1,08a6f7bb3c68,,0,273,421,08:A6:F7:BB:3C:68,,18251,30,2,,32,,,617266,1782292483517,617272,1782292483523,,1782292483444,29,2026-06-24T09:14:44.1340658Z,28,,oasis/bottle,0
,,,,,,6,local.mqtt.telegraf,44,47.06,,periodic,,73,-19808,43,41,,,1,08a6f7bb3c68,,0,273,422,08:A6:F7:BB:3C:68,,19881,30,2,,32,,,618896,1782292485147,618902,1782292485153,,1782292485074,29,2026-06-24T09:14:45.7570523Z,28,,oasis/bottle,0
,,,,,,6,local.mqtt.telegraf,44,47.29,,periodic,,63,-1057,32,30,,,1,08a6f7bb3c68,,0,273,423,08:A6:F7:BB:3C:68,,1120,31,2,,33,,,620336,1782292486587,620342,1782292486593,,1782292486524,29,2026-06-24T09:14:47.2000686Z,29,,oasis/bottle,0
,,,,,,6,local.mqtt.telegraf,44,47.33,,periodic,,73,-2137,42,40,,,1,08a6f7bb3c68,,0,273,424,08:A6:F7:BB:3C:68,,2210,31,2,,33,,,621436,1782292487687,621442,1782292487693,,1782292487614,29,2026-06-24T09:14:48.3083026Z,29,,oasis/bottle,0
,,,,,,6,local.mqtt.telegraf,44,47.37,,periodic,,63,-3747,32,30,,,1,08a6f7bb3c68,,0,273,425,08:A6:F7:BB:3C:68,,3810,31,2,,33,,,623026,1782292489277,623032,1782292489283,,1782292489214,29,2026-06-24T09:14:49.895621Z,29,,oasis/bottle,0
,,,,,,6,local.mqtt.telegraf,44,47.34,,periodic,,73,-5137,42,40,,,1,08a6f7bb3c68,,0,273,426,08:A6:F7:BB:3C:68,,5210,31,2,,33,,,624436,1782292490687,624442,1782292490693,,1782292490614,29,2026-06-24T09:14:51.3067731Z,29,,oasis/bottle,0
,,,,,,6,local.mqtt.telegraf,44,47.37,,periodic,,63,-6727,32,30,,,1,08a6f7bb3c68,,0,273,427,08:A6:F7:BB:3C:68,,6790,31,2,,33,,,626006,1782292492257,626012,1782292492263,,1782292492194,29,2026-06-24T09:14:52.8744444Z,29,,oasis/bottle,0
,,,,,,6,local.mqtt.telegraf,44,47.3,,periodic,,73,-8067,42,40,,,1,08a6f7bb3c68,,0,273,428,08:A6:F7:BB:3C:68,,8140,31,2,,33,,,627366,1782292493617,627372,1782292493623,,1782292493544,29,2026-06-24T09:14:54.241864Z,29,,oasis/bottle,0
,,,,,,6,local.mqtt.telegraf,44,47.33,,periodic,,73,-9577,42,40,,,1,08a6f7bb3c68,,0,273,429,08:A6:F7:BB:3C:68,,9650,31,2,,33,,,628876,1782292495127,628882,1782292495133,,1782292495054,29,2026-06-24T09:14:55.7399623Z,29,,oasis/bottle,0
,,,,,,6,local.mqtt.telegraf,44,47.34,,periodic,,72,-10789,41,39,,,1,08a6f7bb3c68,,0,273,430,08:A6:F7:BB:3C:68,,10861,31,2,,33,,,630086,1782292496337,630092,1782292496343,,1782292496265,29,2026-06-24T09:14:56.951469Z,29,,oasis/bottle,0
,,,,,,6,local.mqtt.telegraf,44,47.42,,periodic,,63,-12027,32,30,,,1,08a6f7bb3c68,,0,273,431,08:A6:F7:BB:3C:68,,12090,31,2,,33,,,631306,1782292497557,631312,1782292497563,,1782292497494,29,2026-06-24T09:14:58.1795285Z,29,,oasis/bottle,0
,,,,,,6,local.mqtt.telegraf,44,47.47,,periodic,,73,-13267,42,40,,,1,08a6f7bb3c68,,0,273,432,08:A6:F7:BB:3C:68,,13340,31,2,,33,,,632566,1782292498817,632572,1782292498823,,1782292498744,29,2026-06-24T09:14:59.4261867Z,29,,oasis/bottle,0
,,,,,,6,local.mqtt.telegraf,44,47.28,,periodic,,73,-14567,42,40,,,1,08a6f7bb3c68,,0,273,433,08:A6:F7:BB:3C:68,,14640,31,2,,33,,,633866,1782292500117,633872,1782292500123,,1782292500044,29,2026-06-24T09:15:00.7368393Z,29,,oasis/bottle,0
,,,,,,6,local.mqtt.telegraf,44,47.38,,periodic,,64,-15966,33,31,,,1,08a6f7bb3c68,,0,273,434,08:A6:F7:BB:3C:68,,16030,31,2,,33,,,635246,1782292501498,635253,1782292501504,,1782292501434,29,2026-06-24T09:15:02.1122132Z,29,,oasis/bottle,0
,,,,,,6,local.mqtt.telegraf,44,47.22,,periodic,,63,-17547,32,30,,,1,08a6f7bb3c68,,0,273,435,08:A6:F7:BB:3C:68,,17610,31,2,,33,,,636826,1782292503077,636832,1782292503083,,1782292503014,29,2026-06-24T09:15:03.6995926Z,29,,oasis/bottle,0
,,,,,,6,local.mqtt.telegraf,44,47.49,,periodic,,63,-18897,32,30,,,1,08a6f7bb3c68,,0,273,436,08:A6:F7:BB:3C:68,,18960,31,2,,33,,,638176,1782292504427,638182,1782292504433,,1782292504364,29,2026-06-24T09:15:05.0392649Z,29,,oasis/bottle,0
,,,,,,5,local.mqtt.telegraf,44,47.01,,periodic,,67,-20389,36,34,,,1,08a6f7bb3c68,,0,273,437,08:A6:F7:BB:3C:68,,20456,31,2,,33,,,639675,1782292505927,639681,1782292505932,,1782292505860,29,2026-06-24T09:15:06.5433251Z,29,,oasis/bottle,0
,,,,,,6,local.mqtt.telegraf,44,47.18,,periodic,,63,-1073,-282,-284,,,1,08a6f7bb3c68,,0,273,438,08:A6:F7:BB:3C:68,,1136,345,2,,347,,,640876,1782292507127,640882,1782292507133,,1782292507064,29,2026-06-24T09:15:07.7598293Z,30,,oasis/bottle,0
,,,,,,7,local.mqtt.telegraf,44,47.05,,periodic,,73,-2263,-272,-274,,,1,08a6f7bb3c68,,0,273,439,08:A6:F7:BB:3C:68,,2336,345,2,,347,,,642086,1782292508337,642093,1782292508344,,1782292508264,29,2026-06-24T09:15:08.947641Z,30,,oasis/bottle,0
,,,,,,6,local.mqtt.telegraf,44,47.06,,periodic,,63,-3473,-282,-284,,,1,08a6f7bb3c68,,0,273,440,08:A6:F7:BB:3C:68,,3536,345,2,,347,,,643276,1782292509527,643282,1782292509533,,1782292509464,29,2026-06-24T09:15:10.1423628Z,30,,oasis/bottle,0
,,,,,,6,local.mqtt.telegraf,44,47.36,,periodic,,73,-4653,-272,-274,,,1,08a6f7bb3c68,,0,273,441,08:A6:F7:BB:3C:68,,4726,345,2,,347,,,644476,1782292510727,644482,1782292510733,,1782292510654,29,2026-06-24T09:15:11.3385381Z,30,,oasis/bottle,0
,,,,,,6,local.mqtt.telegraf,44,47.49,,periodic,,63,-5853,-282,-284,,,1,08a6f7bb3c68,,0,273,442,08:A6:F7:BB:3C:68,,5916,345,2,,347,,,645656,1782292511907,645662,1782292511913,,1782292511844,29,2026-06-24T09:15:12.5343381Z,30,,oasis/bottle,0
,,,,,,6,local.mqtt.telegraf,44,47.3,,periodic,,73,-7033,-272,-274,,,1,08a6f7bb3c68,,0,273,443,08:A6:F7:BB:3C:68,,7106,345,2,,347,,,646856,1782292513107,646862,1782292513113,,1782292513034,29,2026-06-24T09:15:13.7180392Z,30,,oasis/bottle,0
,,,,,,6,local.mqtt.telegraf,44,47.36,,periodic,,73,-8203,-272,-274,,,1,08a6f7bb3c68,,0,273,444,08:A6:F7:BB:3C:68,,8276,345,2,,347,,,648026,1782292514277,648032,1782292514283,,1782292514204,29,2026-06-24T09:15:14.8950016Z,30,,oasis/bottle,0
,,,,,,6,local.mqtt.telegraf,44,47.26,,periodic,,63,-9343,-282,-284,,,1,08a6f7bb3c68,,0,273,445,08:A6:F7:BB:3C:68,,9406,345,2,,347,,,649146,1782292515397,649152,1782292515403,,1782292515334,29,2026-06-24T09:15:16.0228079Z,30,,oasis/bottle,0
,,,,,,6,local.mqtt.telegraf,44,47.28,,periodic,,73,-10383,-272,-274,,,1,08a6f7bb3c68,,0,273,446,08:A6:F7:BB:3C:68,,10456,345,2,,347,,,650206,1782292516457,650212,1782292516463,,1782292516384,29,2026-06-24T09:15:17.0874228Z,30,,oasis/bottle,0
,,,,,,6,local.mqtt.telegraf,44,47.18,,periodic,,63,-11903,-282,-284,,,1,08a6f7bb3c68,,0,273,447,08:A6:F7:BB:3C:68,,11966,345,2,,347,,,651706,1782292517957,651712,1782292517963,,1782292517894,29,2026-06-24T09:15:18.5781468Z,30,,oasis/bottle,0
,,,,,,6,local.mqtt.telegraf,44,47.34,,periodic,,73,-13103,-272,-274,,,1,08a6f7bb3c68,,0,273,448,08:A6:F7:BB:3C:68,,13176,345,2,,347,,,652926,1782292519177,652932,1782292519183,,1782292519104,29,2026-06-24T09:15:19.7910602Z,30,,oasis/bottle,0
,,,,,,6,local.mqtt.telegraf,44,46.91,,periodic,,63,-14343,-282,-284,,,1,08a6f7bb3c68,,0,273,449,08:A6:F7:BB:3C:68,,14406,345,2,,347,,,654146,1782292520397,654152,1782292520403,,1782292520334,29,2026-06-24T09:15:21.0124743Z,30,,oasis/bottle,0
,,,,,,6,local.mqtt.telegraf,44,46.82,,periodic,,73,-15573,-272,-274,,,1,08a6f7bb3c68,,0,273,450,08:A6:F7:BB:3C:68,,15646,345,2,,347,,,655396,1782292521647,655402,1782292521653,,1782292521574,29,2026-06-24T09:15:22.2603204Z,30,,oasis/bottle,0
,,,,,,6,local.mqtt.telegraf,44,47.16,,periodic,,73,-16863,-272,-274,,,1,08a6f7bb3c68,,0,273,451,08:A6:F7:BB:3C:68,,16936,345,2,,347,,,656686,1782292522937,656692,1782292522943,,1782292522864,29,2026-06-24T09:15:23.5429275Z,30,,oasis/bottle,0
,,,,,,6,local.mqtt.telegraf,44,47.2,,periodic,,63,-18253,-282,-284,,,1,08a6f7bb3c68,,0,273,452,08:A6:F7:BB:3C:68,,18316,345,2,,347,,,658056,1782292524307,658062,1782292524313,,1782292524244,29,2026-06-24T09:15:24.9225228Z,30,,oasis/bottle,0
,,,,,,6,local.mqtt.telegraf,44,47.06,,periodic,,69,-19791,-276,-278,,,1,08a6f7bb3c68,,0,273,453,08:A6:F7:BB:3C:68,,19860,345,2,,347,,,659606,1782292525857,659612,1782292525863,,1782292525788,29,2026-06-24T09:15:26.4736266Z,30,,oasis/bottle,0
,,,,,,5,local.mqtt.telegraf,44,47.32,,periodic,,73,-1044,31,27,,,1,08a6f7bb3c68,,0,273,454,08:A6:F7:BB:3C:68,,1117,42,2,,46,,,660906,1782292527157,660911,1782292527162,,1782292527084,29,2026-06-24T09:15:27.7704509Z,31,,oasis/bottle,0
,,,,,,6,local.mqtt.telegraf,44,47.14,,periodic,,63,-2444,21,17,,,1,08a6f7bb3c68,,0,273,455,08:A6:F7:BB:3C:68,,2507,42,2,,46,,,662286,1782292528537,662292,1782292528543,,1782292528474,29,2026-06-24T09:15:29.1574584Z,31,,oasis/bottle,0
,,,,,,6,local.mqtt.telegraf,44,47.25,,periodic,,63,-4014,21,17,,,1,08a6f7bb3c68,,0,273,456,08:A6:F7:BB:3C:68,,4077,42,2,,46,,,663856,1782292530107,663862,1782292530113,,1782292530044,29,2026-06-24T09:15:30.7236426Z,31,,oasis/bottle,0
,,,,,,6,local.mqtt.telegraf,44,47.2,,periodic,,73,-5344,31,27,,,1,08a6f7bb3c68,,0,273,457,08:A6:F7:BB:3C:68,,5417,42,2,,46,,,665206,1782292531457,665212,1782292531463,,1782292531384,29,2026-06-24T09:15:32.0757703Z,31,,oasis/bottle,0
,,,,,,6,local.mqtt.telegraf,44,47.06,,periodic,,63,-6834,21,17,,,1,08a6f7bb3c68,,0,273,458,08:A6:F7:BB:3C:68,,6897,42,2,,46,,,666676,1782292532927,666682,1782292532933,,1782292532864,29,2026-06-24T09:15:33.5369155Z,31,,oasis/bottle,0
,,,,,,6,local.mqtt.telegraf,44,47.24,,periodic,,73,-7974,31,27,,,1,08a6f7bb3c68,,0,273,459,08:A6:F7:BB:3C:68,,8047,42,2,,46,,,667836,1782292534087,667842,1782292534093,,1782292534014,29,2026-06-24T09:15:34.6872265Z,31,,oasis/bottle,0
,,,,,,6,local.mqtt.telegraf,44,47.26,,periodic,,64,-9093,22,18,,,1,08a6f7bb3c68,,0,273,460,08:A6:F7:BB:3C:68,,9157,42,2,,46,,,668937,1782292535188,668943,1782292535194,,1782292535124,29,2026-06-24T09:15:35.8030679Z,31,,oasis/bottle,0
,,,,,,6,local.mqtt.telegraf,44,47.56,,periodic,,73,-10694,31,27,,,1,08a6f7bb3c68,,0,273,461,08:A6:F7:BB:3C:68,,10767,42,2,,46,,,670556,1782292536807,670562,1782292536813,,1782292536734,29,2026-06-24T09:15:37.420058Z,31,,oasis/bottle,0
,,,,,,6,local.mqtt.telegraf,44,47.13,,periodic,,73,-12124,31,27,,,1,08a6f7bb3c68,,0,273,462,08:A6:F7:BB:3C:68,,12197,42,2,,46,,,671986,1782292538237,671992,1782292538243,,1782292538164,29,2026-06-24T09:15:38.8467052Z,31,,oasis/bottle,0
,,,,,,6,local.mqtt.telegraf,44,47.28,,periodic,,73,-13184,31,27,,,1,08a6f7bb3c68,,0,273,463,08:A6:F7:BB:3C:68,,13257,42,2,,46,,,673046,1782292539297,673052,1782292539303,,1782292539224,29,2026-06-24T09:15:39.9158635Z,31,,oasis/bottle,0
,,,,,,7,local.mqtt.telegraf,44,47.04,,periodic,,63,-14734,21,17,,,1,08a6f7bb3c68,,0,273,464,08:A6:F7:BB:3C:68,,14797,42,2,,46,,,674576,1782292540827,674583,1782292540834,,1782292540764,29,2026-06-24T09:15:41.4469638Z,31,,oasis/bottle,0
,,,,,,6,local.mqtt.telegraf,44,47.08,,periodic,,63,-15974,21,17,,,1,08a6f7bb3c68,,0,273,465,08:A6:F7:BB:3C:68,,16037,42,2,,46,,,675816,1782292542067,675822,1782292542073,,1782292542004,29,2026-06-24T09:15:42.6895278Z,31,,oasis/bottle,0
,,,,,,6,local.mqtt.telegraf,44,47.28,,periodic,,73,-17244,31,27,,,1,08a6f7bb3c68,,0,273,466,08:A6:F7:BB:3C:68,,17317,42,2,,46,,,677106,1782292543357,677112,1782292543363,,1782292543284,29,2026-06-24T09:15:43.9727625Z,31,,oasis/bottle,0
,,,,,,6,local.mqtt.telegraf,44,47.49,,periodic,,63,-18624,21,17,,,1,08a6f7bb3c68,,0,273,467,08:A6:F7:BB:3C:68,,18687,42,2,,46,,,678466,1782292544717,678472,1782292544723,,1782292544654,29,2026-06-24T09:15:45.3347845Z,31,,oasis/bottle,0
,,,,,,7,local.mqtt.telegraf,44,47.24,,periodic,,73,-20134,31,27,,,1,08a6f7bb3c68,,0,273,468,08:A6:F7:BB:3C:68,,20207,42,2,,46,,,679996,1782292546247,680002,1782292546254,,1782292546174,29,2026-06-24T09:15:46.861505Z,31,,oasis/bottle,0
,,,,,,6,local.mqtt.telegraf,44,47.57,,periodic,,62,-1080,13,11,,,1,08a6f7bb3c68,,0,273,469,08:A6:F7:BB:3C:68,,1142,49,2,,51,,,681236,1782292547487,681242,1782292547493,,1782292547425,29,2026-06-24T09:15:48.0873273Z,32,,oasis/bottle,0
,,,,,,7,local.mqtt.telegraf,44,47.34,,periodic,,63,-2368,14,12,,,1,08a6f7bb3c68,,0,273,470,08:A6:F7:BB:3C:68,,2431,49,2,,51,,,682526,1782292548777,682533,1782292548784,,1782292548714,29,2026-06-24T09:15:49.3866136Z,32,,oasis/bottle,0
,,,,,,6,local.mqtt.telegraf,44,47.26,,periodic,,73,-3738,24,22,,,1,08a6f7bb3c68,,0,273,471,08:A6:F7:BB:3C:68,,3811,49,2,,51,,,683916,1782292550167,683922,1782292550173,,1782292550094,29,2026-06-24T09:15:50.7693184Z,32,,oasis/bottle,0
,,,,,,6,local.mqtt.telegraf,44,47.34,,periodic,,63,-5308,14,12,,,1,08a6f7bb3c68,,0,273,472,08:A6:F7:BB:3C:68,,5371,49,2,,51,,,685466,1782292551717,685472,1782292551723,,1782292551654,29,2026-06-24T09:15:52.3335902Z,32,,oasis/bottle,0
,,,,,,6,local.mqtt.telegraf,44,47.21,,periodic,,73,-6608,24,22,,,1,08a6f7bb3c68,,0,273,473,08:A6:F7:BB:3C:68,,6681,49,2,,51,,,686786,1782292553037,686792,1782292553043,,1782292552964,29,2026-06-24T09:15:53.6559874Z,32,,oasis/bottle,0
,,,,,,6,local.mqtt.telegraf,44,47.34,,periodic,,62,-8050,13,11,,,1,08a6f7bb3c68,,0,273,474,08:A6:F7:BB:3C:68,,8112,49,2,,51,,,688206,1782292554457,688212,1782292554463,,1782292554395,29,2026-06-24T09:15:55.0648334Z,32,,oasis/bottle,0
,,,,,,6,local.mqtt.telegraf,44,47.49,,periodic,,63,-9088,14,12,,,1,08a6f7bb3c68,,0,273,475,08:A6:F7:BB:3C:68,,9151,49,2,,51,,,689246,1782292555497,689252,1782292555503,,1782292555434,29,2026-06-24T09:15:56.1209074Z,32,,oasis/bottle,0
,,,,,,6,local.mqtt.telegraf,44,47.56,,periodic,,73,-10568,24,22,,,1,08a6f7bb3c68,,0,273,476,08:A6:F7:BB:3C:68,,10641,49,2,,51,,,690746,1782292556997,690752,1782292557003,,1782292556924,29,2026-06-24T09:15:57.6204935Z,32,,oasis/bottle,0
,,,,,,6,local.mqtt.telegraf,44,47.14,,periodic,,63,-11758,14,12,,,1,08a6f7bb3c68,,0,273,477,08:A6:F7:BB:3C:68,,11821,49,2,,51,,,691916,1782292558167,691922,1782292558173,,1782292558104,29,2026-06-24T09:15:58.7757414Z,32,,oasis/bottle,0
,,,,,,6,local.mqtt.telegraf,44,47.12,,periodic,,73,-12898,24,22,,,1,08a6f7bb3c68,,0,273,478,08:A6:F7:BB:3C:68,,12971,49,2,,51,,,693076,1782292559327,693082,1782292559333,,1782292559254,29,2026-06-24T09:15:59.9434849Z,32,,oasis/bottle,0
,,,,,,6,local.mqtt.telegraf,44,46.7,,periodic,,72,-14010,23,21,,,1,08a6f7bb3c68,,0,273,479,08:A6:F7:BB:3C:68,,14082,49,2,,51,,,694186,1782292560437,694192,1782292560443,,1782292560365,29,2026-06-24T09:16:01.0706513Z,32,,oasis/bottle,0
,,,,,,6,local.mqtt.telegraf,44,46.98,,periodic,,63,-15638,14,12,,,1,08a6f7bb3c68,,0,273,480,08:A6:F7:BB:3C:68,,15701,49,2,,51,,,695796,1782292562047,695802,1782292562053,,1782292561984,29,2026-06-24T09:16:02.6637211Z,32,,oasis/bottle,0
,,,,,,6,local.mqtt.telegraf,44,47.48,,periodic,,73,-17058,24,22,,,1,08a6f7bb3c68,,0,273,481,08:A6:F7:BB:3C:68,,17131,49,2,,51,,,697236,1782292563487,697242,1782292563493,,1782292563414,29,2026-06-24T09:16:04.0998885Z,32,,oasis/bottle,0
,,,,,,6,local.mqtt.telegraf,44,47.06,,periodic,,63,-18128,14,12,,,1,08a6f7bb3c68,,0,273,482,08:A6:F7:BB:3C:68,,18191,49,2,,51,,,698286,1782292564537,698292,1782292564543,,1782292564474,29,2026-06-24T09:16:05.1616409Z,32,,oasis/bottle,0
,,,,,,6,local.mqtt.telegraf,44,47.36,,periodic,,63,-19638,14,12,,,1,08a6f7bb3c68,,0,273,483,08:A6:F7:BB:3C:68,,19701,49,2,,51,,,699796,1782292566047,699802,1782292566053,,1782292565984,29,2026-06-24T09:16:06.6647667Z,32,,oasis/bottle,0
,,,,,,6,local.mqtt.telegraf,44,47.47,,periodic,,72,-645,38,36,,,1,08a6f7bb3c68,,0,273,484,08:A6:F7:BB:3C:68,,717,34,2,,36,,,701025,1782292567276,701031,1782292567282,,1782292567204,29,2026-06-24T09:16:07.8969326Z,33,,oasis/bottle,0
,,,,,,6,local.mqtt.telegraf,44,47.28,,periodic,,73,-1894,39,37,,,1,08a6f7bb3c68,,0,273,485,08:A6:F7:BB:3C:68,,1967,34,2,,36,,,702276,1782292568527,702282,1782292568533,,1782292568454,29,2026-06-24T09:16:09.1382682Z,33,,oasis/bottle,0
,,,,,,6,local.mqtt.telegraf,44,47.47,,periodic,,73,-3184,39,37,,,1,08a6f7bb3c68,,0,273,486,08:A6:F7:BB:3C:68,,3257,34,2,,36,,,703566,1782292569817,703572,1782292569823,,1782292569744,29,2026-06-24T09:16:10.4267812Z,33,,oasis/bottle,0
,,,,,,6,local.mqtt.telegraf,44,47.51,,periodic,,63,-4574,29,27,,,1,08a6f7bb3c68,,0,273,487,08:A6:F7:BB:3C:68,,4637,34,2,,36,,,704936,1782292571187,704942,1782292571193,,1782292571124,29,2026-06-24T09:16:11.8037637Z,33,,oasis/bottle,0
,,,,,,6,local.mqtt.telegraf,44,47.48,,periodic,,69,-6112,35,33,,,1,08a6f7bb3c68,,0,273,488,08:A6:F7:BB:3C:68,,6181,34,2,,36,,,706486,1782292572737,706492,1782292572743,,1782292572668,29,2026-06-24T09:16:13.3436601Z,33,,oasis/bottle,0
,,,,,,6,local.mqtt.telegraf,44,47.56,,periodic,,73,-7434,39,37,,,1,08a6f7bb3c68,,0,273,489,08:A6:F7:BB:3C:68,,7507,34,2,,36,,,707816,1782292574067,707822,1782292574073,,1782292573994,29,2026-06-24T09:16:14.6915002Z,33,,oasis/bottle,0
,,,,,,6,local.mqtt.telegraf,44,47.53,,periodic,,63,-8864,29,27,,,1,08a6f7bb3c68,,0,273,490,08:A6:F7:BB:3C:68,,8927,34,2,,36,,,709226,1782292575477,709232,1782292575483,,1782292575414,29,2026-06-24T09:16:16.0971109Z,33,,oasis/bottle,0
,,,,,,6,local.mqtt.telegraf,44,47.42,,periodic,,73,-9944,39,37,,,1,08a6f7bb3c68,,0,273,491,08:A6:F7:BB:3C:68,,10017,34,2,,36,,,710326,1782292576577,710332,1782292576583,,1782292576504,29,2026-06-24T09:16:17.1817585Z,33,,oasis/bottle,0
,,,,,,6,local.mqtt.telegraf,44,47.49,,periodic,,63,-11484,29,27,,,1,08a6f7bb3c68,,0,273,492,08:A6:F7:BB:3C:68,,11547,34,2,,36,,,711846,1782292578097,711852,1782292578103,,1782292578034,29,2026-06-24T09:16:18.7157861Z,33,,oasis/bottle,0
,,,,,,6,local.mqtt.telegraf,44,47.29,,periodic,,63,-12734,29,27,,,1,08a6f7bb3c68,,0,273,493,08:A6:F7:BB:3C:68,,12797,34,2,,36,,,713096,1782292579347,713102,1782292579353,,1782292579284,29,2026-06-24T09:16:19.9641426Z,33,,oasis/bottle,0
,,,,,,6,local.mqtt.telegraf,44,47.42,,periodic,,74,-14023,40,38,,,1,08a6f7bb3c68,,0,273,494,08:A6:F7:BB:3C:68,,14097,34,2,,36,,,714406,1782292580658,714413,1782292580664,,1782292580584,29,2026-06-24T09:16:21.2691161Z,33,,oasis/bottle,0
,,,,,,6,local.mqtt.telegraf,44,47.49,,periodic,,63,-15454,29,27,,,1,08a6f7bb3c68,,0,273,495,08:A6:F7:BB:3C:68,,15517,34,2,,36,,,715816,1782292582067,715822,1782292582073,,1782292582004,29,2026-06-24T09:16:22.6929831Z,33,,oasis/bottle,0
,,,,,,6,local.mqtt.telegraf,44,47.47,,periodic,,63,-17064,29,27,,,1,08a6f7bb3c68,,0,273,496,08:A6:F7:BB:3C:68,,17127,34,2,,36,,,717426,1782292583677,717432,1782292583683,,1782292583614,29,2026-06-24T09:16:24.2915115Z,33,,oasis/bottle,0
,,,,,,6,local.mqtt.telegraf,44,47.49,,periodic,,73,-18474,39,37,,,1,08a6f7bb3c68,,0,273,497,08:A6:F7:BB:3C:68,,18547,34,2,,36,,,718856,1782292585107,718862,1782292585113,,1782292585034,29,2026-06-24T09:16:25.7175486Z,33,,oasis/bottle,0
,,,,,,6,local.mqtt.telegraf,44,47.24,,periodic,,63,-19534,29,27,,,1,08a6f7bb3c68,,0,273,498,08:A6:F7:BB:3C:68,,19597,34,2,,36,,,719896,1782292586147,719902,1782292586153,,1782292586084,29,2026-06-24T09:16:26.7629176Z,33,,oasis/bottle,0
,,,,,,5,local.mqtt.telegraf,44,47.28,,periodic,,72,-819,41,39,,,1,08a6f7bb3c68,,0,273,499,08:A6:F7:BB:3C:68,,891,31,2,,33,,,721405,1782292587657,721411,1782292587662,,1782292587585,29,2026-06-24T09:16:28.268385Z,34,,oasis/bottle,0
,,,,,,11,local.mqtt.telegraf,44,47.04,,periodic,,63,-2017,32,30,,,1,08a6f7bb3c68,,0,273,500,08:A6:F7:BB:3C:68,,2080,31,2,,33,,,722586,1782292588837,722597,1782292588848,,1782292588774,29,2026-06-24T09:16:29.4645452Z,34,,oasis/bottle,0
,,,,,,6,local.mqtt.telegraf,44,47.37,,periodic,,63,-3187,32,30,,,1,08a6f7bb3c68,,0,273,501,08:A6:F7:BB:3C:68,,3250,31,2,,33,,,723756,1782292590007,723762,1782292590013,,1782292589944,29,2026-06-24T09:16:30.6127261Z,34,,oasis/bottle,0
,,,,,,6,local.mqtt.telegraf,44,47.2,,periodic,,64,-4326,33,31,,,1,08a6f7bb3c68,,0,273,502,08:A6:F7:BB:3C:68,,4390,31,2,,33,,,724896,1782292591148,724903,1782292591154,,1782292591084,29,2026-06-24T09:16:31.7621813Z,34,,oasis/bottle,0
,,,,,,6,local.mqtt.telegraf,44,47.48,,periodic,,73,-5397,42,40,,,1,08a6f7bb3c68,,0,273,503,08:A6:F7:BB:3C:68,,5470,31,2,,33,,,725986,1782292592237,725992,1782292592243,,1782292592164,29,2026-06-24T09:16:32.8512465Z,34,,oasis/bottle,0
,,,,,,6,local.mqtt.telegraf,44,47.49,,periodic,,63,-6977,32,30,,,1,08a6f7bb3c68,,0,273,504,08:A6:F7:BB:3C:68,,7040,31,2,,33,,,727546,1782292593797,727552,1782292593803,,1782292593734,29,2026-06-24T09:16:34.4207352Z,34,,oasis/bottle,0
,,,,,,7,local.mqtt.telegraf,44,47.13,,periodic,,62,-8299,31,29,,,1,08a6f7bb3c68,,0,273,505,08:A6:F7:BB:3C:68,,8361,31,2,,33,,,728866,1782292595117,728873,1782292595124,,1782292595055,29,2026-06-24T09:16:35.73648Z,34,,oasis/bottle,0
,,,,,,6,local.mqtt.telegraf,44,47.42,,periodic,,73,-9727,42,40,,,1,08a6f7bb3c68,,0,273,506,08:A6:F7:BB:3C:68,,9800,31,2,,33,,,730316,1782292596567,730322,1782292596573,,1782292596494,29,2026-06-24T09:16:37.1843721Z,34,,oasis/bottle,0
,,,,,,6,local.mqtt.telegraf,44,47.29,,periodic,,63,-10827,32,30,,,1,08a6f7bb3c68,,0,273,507,08:A6:F7:BB:3C:68,,10890,31,2,,33,,,731396,1782292597647,731402,1782292597653,,1782292597584,29,2026-06-24T09:16:38.2732964Z,34,,oasis/bottle,0
,,,,,,7,local.mqtt.telegraf,44,47.36,,periodic,,63,-12387,32,30,,,1,08a6f7bb3c68,,0,273,508,08:A6:F7:BB:3C:68,,12450,31,2,,33,,,732956,1782292599207,732962,1782292599214,,1782292599144,29,2026-06-24T09:16:39.8278634Z,34,,oasis/bottle,0
,,,,,,6,local.mqtt.telegraf,44,47.04,,periodic,,73,-13717,42,40,,,1,08a6f7bb3c68,,0,273,509,08:A6:F7:BB:3C:68,,13790,31,2,,33,,,734306,1782292600557,734312,1782292600563,,1782292600484,29,2026-06-24T09:16:41.1705352Z,34,,oasis/bottle,0
,,,,,,6,local.mqtt.telegraf,44,47.3,,periodic,,64,-15196,33,31,,,1,08a6f7bb3c68,,0,273,510,08:A6:F7:BB:3C:68,,15260,31,2,,33,,,735766,1782292602018,735773,1782292602024,,1782292601954,29,2026-06-24T09:16:42.632926Z,34,,oasis/bottle,0
,,,,,,6,local.mqtt.telegraf,44,47.06,,periodic,,63,-16347,32,30,,,1,08a6f7bb3c68,,0,273,511,08:A6:F7:BB:3C:68,,16410,31,2,,33,,,736916,1782292603167,736922,1782292603173,,1782292603104,29,2026-06-24T09:16:43.7778845Z,34,,oasis/bottle,0
,,,,,,6,local.mqtt.telegraf,44,47.28,,periodic,,73,-17417,42,40,,,1,08a6f7bb3c68,,0,273,512,08:A6:F7:BB:3C:68,,17490,31,2,,33,,,738006,1782292604257,738012,1782292604263,,1782292604184,29,2026-06-24T09:16:44.8697282Z,34,,oasis/bottle,0
,,,,,,6,local.mqtt.telegraf,44,47.01,,periodic,,64,-18986,33,31,,,1,08a6f7bb3c68,,0,273,513,08:A6:F7:BB:3C:68,,19050,31,2,,33,,,739557,1782292605808,739563,1782292605814,,1782292605744,29,2026-06-24T09:16:46.4329445Z,34,,oasis/bottle,0
,,,,,,6,local.mqtt.telegraf,44,47.25,,periodic,,72,-20309,41,39,,,1,08a6f7bb3c68,,0,273,514,08:A6:F7:BB:3C:68,,20381,31,2,,33,,,740896,1782292607147,740902,1782292607153,,1782292607075,29,2026-06-24T09:16:47.7760609Z,34,,oasis/bottle,0
,,,,,,6,local.mqtt.telegraf,44,47.04,,periodic,,72,-1300,19,17,,,1,08a6f7bb3c68,,0,273,515,08:A6:F7:BB:3C:68,,1372,53,2,,55,,,742376,1782292608627,742382,1782292608633,,1782292608555,29,2026-06-24T09:16:49.2483951Z,35,,oasis/bottle,0
,,,,,,7,local.mqtt.telegraf,44,47.44,,periodic,,63,-2438,10,8,,,1,08a6f7bb3c68,,0,273,516,08:A6:F7:BB:3C:68,,2501,53,2,,55,,,743496,1782292609747,743502,1782292609754,,1782292609684,29,2026-06-24T09:16:50.3559507Z,35,,oasis/bottle,0
,,,,,,6,local.mqtt.telegraf,44,47.24,,periodic,,64,-3487,11,9,,,1,08a6f7bb3c68,,0,273,517,08:A6:F7:BB:3C:68,,3551,53,2,,55,,,744546,1782292610798,744553,1782292610804,,1782292610734,29,2026-06-24T09:16:51.4118016Z,35,,oasis/bottle,0
,,,,,,6,local.mqtt.telegraf,44,47.28,,periodic,,63,-4978,10,8,,,1,08a6f7bb3c68,,0,273,518,08:A6:F7:BB:3C:68,,5041,53,2,,55,,,746036,1782292612287,746042,1782292612293,,1782292612224,29,2026-06-24T09:16:52.9036628Z,35,,oasis/bottle,0
,,,,,,6,local.mqtt.telegraf,44,47.25,,periodic,,63,-6158,10,8,,,1,08a6f7bb3c68,,0,273,519,08:A6:F7:BB:3C:68,,6221,53,2,,55,,,747216,1782292613467,747222,1782292613473,,1782292613404,29,2026-06-24T09:16:54.0826749Z,35,,oasis/bottle,0
,,,,,,7,local.mqtt.telegraf,44,47.04,,periodic,,71,-7310,18,16,,,1,08a6f7bb3c68,,0,273,520,08:A6:F7:BB:3C:68,,7381,53,2,,55,,,748384,1782292614635,748391,1782292614642,,1782292614564,29,2026-06-24T09:16:55.2445816Z,35,,oasis/bottle,0
,,,,,,6,local.mqtt.telegraf,44,47.24,,periodic,,73,-8428,20,18,,,1,08a6f7bb3c68,,0,273,521,08:A6:F7:BB:3C:68,,8501,53,2,,55,,,749506,1782292615757,749512,1782292615763,,1782292615684,29,2026-06-24T09:16:56.3684251Z,35,,oasis/bottle,0
,,,,,,6,local.mqtt.telegraf,44,47.32,,periodic,,63,-9488,10,8,,,1,08a6f7bb3c68,,0,273,522,08:A6:F7:BB:3C:68,,9551,53,2,,55,,,750546,1782292616797,750552,1782292616803,,1782292616734,29,2026-06-24T09:16:57.40596Z,35,,oasis/bottle,0
,,,,,,7,local.mqtt.telegraf,44,47.21,,periodic,,63,-10968,10,8,,,1,08a6f7bb3c68,,0,273,523,08:A6:F7:BB:3C:68,,11031,53,2,,55,,,752026,1782292618277,752033,1782292618284,,1782292618214,29,2026-06-24T09:16:58.9052616Z,35,,oasis/bottle,0
,,,,,,6,local.mqtt.telegraf,44,47.32,,periodic,,73,-12118,20,18,,,1,08a6f7bb3c68,,0,273,524,08:A6:F7:BB:3C:68,,12191,53,2,,55,,,753196,1782292619447,753202,1782292619453,,1782292619374,29,2026-06-24T09:17:00.07464Z,35,,oasis/bottle,0
,,,,,,7,local.mqtt.telegraf,44,47.12,,periodic,,64,-13257,11,9,,,1,08a6f7bb3c68,,0,273,525,08:A6:F7:BB:3C:68,,13321,53,2,,55,,,754317,1782292620568,754324,1782292620575,,1782292620504,29,2026-06-24T09:17:01.1825815Z,35,,oasis/bottle,0
,,,,,,6,local.mqtt.telegraf,44,47.3,,periodic,,64,-14307,11,9,,,1,08a6f7bb3c68,,0,273,526,08:A6:F7:BB:3C:68,,14371,53,2,,55,,,755366,1782292621618,755373,1782292621624,,1782292621554,29,2026-06-24T09:17:02.2572069Z,35,,oasis/bottle,0
,,,,,,6,local.mqtt.telegraf,44,47.37,,periodic,,73,-15798,20,18,,,1,08a6f7bb3c68,,0,273,527,08:A6:F7:BB:3C:68,,15871,53,2,,55,,,756876,1782292623127,756882,1782292623133,,1782292623054,29,2026-06-24T09:17:03.7341794Z,35,,oasis/bottle,0
,,,,,,6,local.mqtt.telegraf,44,47.05,,periodic,,63,-17008,10,8,,,1,08a6f7bb3c68,,0,273,528,08:A6:F7:BB:3C:68,,17071,53,2,,55,,,758066,1782292624317,758072,1782292624323,,1782292624254,29,2026-06-24T09:17:04.9286736Z,35,,oasis/bottle,0
,,,,,,6,local.mqtt.telegraf,44,47.34,,periodic,,73,-18188,20,18,,,1,08a6f7bb3c68,,0,273,529,08:A6:F7:BB:3C:68,,18261,53,2,,55,,,759266,1782292625517,759272,1782292625523,,1782292625444,29,2026-06-24T09:17:06.1305658Z,35,,oasis/bottle,0
,,,,,,6,local.mqtt.telegraf,44,47.42,,periodic,,73,-19368,20,18,,,1,08a6f7bb3c68,,0,273,530,08:A6:F7:BB:3C:68,,19441,53,2,,55,,,760446,1782292626697,760452,1782292626703,,1782292626624,29,2026-06-24T09:17:07.3115423Z,35,,oasis/bottle,0
,,,,,,6,local.mqtt.telegraf,44,47.48,,periodic,,72,-328,41,39,,,1,08a6f7bb3c68,,0,273,531,08:A6:F7:BB:3C:68,,400,31,2,,33,,,761615,1782292627866,761621,1782292627872,,1782292627794,29,2026-06-24T09:17:08.4751033Z,36,,oasis/bottle,0
,,,,,,6,local.mqtt.telegraf,44,46.94,,periodic,,73,-1457,42,40,,,1,08a6f7bb3c68,,0,273,532,08:A6:F7:BB:3C:68,,1530,31,2,,33,,,762746,1782292628997,762752,1782292629003,,1782292628924,29,2026-06-24T09:17:09.6243171Z,36,,oasis/bottle,0
,,,,,,7,local.mqtt.telegraf,44,47.16,,periodic,,63,-2527,32,30,,,1,08a6f7bb3c68,,0,273,533,08:A6:F7:BB:3C:68,,2590,31,2,,33,,,763796,1782292630047,763803,1782292630054,,1782292629984,29,2026-06-24T09:17:10.6546571Z,36,,oasis/bottle,0
,,,,,,6,local.mqtt.telegraf,44,47.14,,periodic,,63,-4037,32,30,,,1,08a6f7bb3c68,,0,273,534,08:A6:F7:BB:3C:68,,4100,31,2,,33,,,765306,1782292631557,765312,1782292631563,,1782292631494,29,2026-06-24T09:17:12.1777502Z,36,,oasis/bottle,0
,,,,,,6,local.mqtt.telegraf,44,47.18,,periodic,,73,-5247,42,40,,,1,08a6f7bb3c68,,0,273,535,08:A6:F7:BB:3C:68,,5320,31,2,,33,,,766536,1782292632787,766542,1782292632793,,1782292632714,29,2026-06-24T09:17:13.4103446Z,36,,oasis/bottle,0
,,,,,,6,local.mqtt.telegraf,44,47.01,,periodic,,63,-6507,32,30,,,1,08a6f7bb3c68,,0,273,536,08:A6:F7:BB:3C:68,,6570,31,2,,33,,,767776,1782292634027,767782,1782292634033,,1782292633964,29,2026-06-24T09:17:14.6536433Z,36,,oasis/bottle,0
,,,,,,6,local.mqtt.telegraf,44,46.86,,periodic,,64,-7786,33,31,,,1,08a6f7bb3c68,,0,273,537,08:A6:F7:BB:3C:68,,7850,31,2,,33,,,769057,1782292635308,769063,1782292635314,,1782292635244,29,2026-06-24T09:17:15.9241277Z,36,,oasis/bottle,0
,,,,,,6,local.mqtt.telegraf,44,47.26,,periodic,,73,-9137,42,40,,,1,08a6f7bb3c68,,0,273,538,08:A6:F7:BB:3C:68,,9210,31,2,,33,,,770426,1782292636677,770432,1782292636683,,1782292636604,29,2026-06-24T09:17:17.2876856Z,36,,oasis/bottle,0
,,,,,,6,local.mqtt.telegraf,44,47.1,,periodic,,73,-10667,42,40,,,1,08a6f7bb3c68,,0,273,539,08:A6:F7:BB:3C:68,,10740,31,2,,33,,,771956,1782292638207,771962,1782292638213,,1782292638134,29,2026-06-24T09:17:18.8032321Z,36,,oasis/bottle,0
,,,,,,6,local.mqtt.telegraf,44,47.34,,periodic,,73,-11917,42,40,,,1,08a6f7bb3c68,,0,273,540,08:A6:F7:BB:3C:68,,11990,31,2,,33,,,773206,1782292639457,773212,1782292639463,,1782292639384,29,2026-06-24T09:17:20.0800331Z,36,,oasis/bottle,0
,,,,,,6,local.mqtt.telegraf,44,47.06,,periodic,,63,-13237,32,30,,,1,08a6f7bb3c68,,0,273,541,08:A6:F7:BB:3C:68,,13300,31,2,,33,,,774506,1782292640757,774512,1782292640763,,1782292640694,29,2026-06-24T09:17:21.3853385Z,36,,oasis/bottle,0
,,,,,,6,local.mqtt.telegraf,44,47.34,,periodic,,83,-14617,52,50,,,1,08a6f7bb3c68,,0,273,542,08:A6:F7:BB:3C:68,,14700,31,2,,33,,,775926,1782292642177,775932,1782292642183,,1782292642094,29,2026-06-24T09:17:22.7887799Z,36,,oasis/bottle,0
,,,,,,6,local.mqtt.telegraf,44,47.32,,periodic,,73,-16267,42,40,,,1,08a6f7bb3c68,,0,273,543,08:A6:F7:BB:3C:68,,16340,31,2,,33,,,777556,1782292643807,777562,1782292643813,,1782292643734,29,2026-06-24T09:17:24.4203613Z,36,,oasis/bottle,0
,,,,,,6,local.mqtt.telegraf,44,47.29,,periodic,,73,-17727,42,40,,,1,08a6f7bb3c68,,0,273,544,08:A6:F7:BB:3C:68,,17800,31,2,,33,,,779016,1782292645267,779022,1782292645273,,1782292645194,29,2026-06-24T09:17:25.8937257Z,36,,oasis/bottle,0
,,,,,,6,local.mqtt.telegraf,44,47.44,,periodic,,72,-18829,41,39,,,1,08a6f7bb3c68,,0,273,545,08:A6:F7:BB:3C:68,,18901,31,2,,33,,,780116,1782292646367,780122,1782292646373,,1782292646295,29,2026-06-24T09:17:26.9846428Z,36,,oasis/bottle,0
,,,,,,6,local.mqtt.telegraf,44,47.04,,periodic,,73,-20437,42,40,,,1,08a6f7bb3c68,,0,273,546,08:A6:F7:BB:3C:68,,20510,31,2,,33,,,781726,1782292647977,781732,1782292647983,,1782292647904,29,2026-06-24T09:17:28.5951429Z,36,,oasis/bottle,0
,,,,,,6,local.mqtt.telegraf,44,47.42,,periodic,,73,-1218,10,8,,,1,08a6f7bb3c68,,0,273,547,08:A6:F7:BB:3C:68,,1291,63,2,,65,,,783136,1782292649387,783141,1782292649393,,1782292649314,29,2026-06-24T09:17:29.997867Z,37,,oasis/bottle,0
,,,,,,6,local.mqtt.telegraf,44,47.26,,periodic,,73,-2868,10,8,,,1,08a6f7bb3c68,,0,273,548,08:A6:F7:BB:3C:68,,2941,63,2,,65,,,784786,1782292651037,784792,1782292651043,,1782292650964,29,2026-06-24T09:17:31.6521307Z,37,,oasis/bottle,0
,,,,,,7,local.mqtt.telegraf,44,47.32,,periodic,,63,-4348,0,-2,,,1,08a6f7bb3c68,,0,273,549,08:A6:F7:BB:3C:68,,4411,63,2,,65,,,786246,1782292652497,786253,1782292652504,,1782292652434,29,2026-06-24T09:17:33.115431Z,37,,oasis/bottle,0
,,,,,,6,local.mqtt.telegraf,44,47.18,,periodic,,73,-5458,10,8,,,1,08a6f7bb3c68,,0,273,550,08:A6:F7:BB:3C:68,,5531,63,2,,65,,,787376,1782292653627,787382,1782292653633,,1782292653554,29,2026-06-24T09:17:34.2476259Z,37,,oasis/bottle,0
,,,,,,6,local.mqtt.telegraf,44,47.42,,periodic,,64,-6517,1,-1,,,1,08a6f7bb3c68,,0,273,551,08:A6:F7:BB:3C:68,,6581,63,2,,65,,,788417,1782292654668,788423,1782292654674,,1782292654604,29,2026-06-24T09:17:35.2846071Z,37,,oasis/bottle,0
,,,,,,6,local.mqtt.telegraf,43,47.13,,periodic,,73,-7998,10,8,,,1,08a6f7bb3c68,,0,273,552,08:A6:F7:BB:3C:68,,8071,63,2,,65,,,789916,1782292656167,789922,1782292656173,,1782292656094,29,2026-06-24T09:17:36.7818273Z,37,,oasis/bottle,0
,,,,,,6,local.mqtt.telegraf,44,47.37,,periodic,,64,-9197,1,-1,,,1,08a6f7bb3c68,,0,273,553,08:A6:F7:BB:3C:68,,9261,63,2,,65,,,791096,1782292657348,791102,1782292657354,,1782292657284,29,2026-06-24T09:17:37.9583429Z,37,,oasis/bottle,0
,,,,,,6,local.mqtt.telegraf,44,47.4,,periodic,,63,-10358,0,-2,,,1,08a6f7bb3c68,,0,273,554,08:A6:F7:BB:3C:68,,10421,63,2,,65,,,792256,1782292658507,792262,1782292658513,,1782292658444,29,2026-06-24T09:17:39.1253823Z,37,,oasis/bottle,0
,,,,,,6,local.mqtt.telegraf,44,47.13,,periodic,,73,-11468,10,8,,,1,08a6f7bb3c68,,0,273,555,08:A6:F7:BB:3C:68,,11541,63,2,,65,,,793386,1782292659637,793392,1782292659643,,1782292659564,29,2026-06-24T09:17:40.2443165Z,37,,oasis/bottle,0
,,,,,,6,local.mqtt.telegraf,44,47.34,,periodic,,63,-12528,0,-2,,,1,08a6f7bb3c68,,0,273,556,08:A6:F7:BB:3C:68,,12591,63,2,,65,,,794426,1782292660677,794432,1782292660683,,1782292660614,29,2026-06-24T09:17:41.2942861Z,37,,oasis/bottle,0
,,,,,,6,local.mqtt.telegraf,44,47.16,,periodic,,73,-14018,10,8,,,1,08a6f7bb3c68,,0,273,557,08:A6:F7:BB:3C:68,,14091,63,2,,65,,,795936,1782292662187,795942,1782292662193,,1782292662114,29,2026-06-24T09:17:42.8083911Z,37,,oasis/bottle,0
,,,,,,14,local.mqtt.telegraf,44,47.29,,periodic,,73,-15218,10,8,,,1,08a6f7bb3c68,,0,273,558,08:A6:F7:BB:3C:68,,15291,63,2,,65,,,797136,1782292663387,797150,1782292663401,,1782292663314,29,2026-06-24T09:17:44.0123107Z,37,,oasis/bottle,0
,,,,,,6,local.mqtt.telegraf,44,46.94,,periodic,,73,-16408,10,8,,,1,08a6f7bb3c68,,0,273,559,08:A6:F7:BB:3C:68,,16481,63,2,,65,,,798326,1782292664577,798332,1782292664583,,1782292664504,29,2026-06-24T09:17:45.1875333Z,37,,oasis/bottle,0
,,,,,,6,local.mqtt.telegraf,44,47.25,,periodic,,73,-17588,10,8,,,1,08a6f7bb3c68,,0,273,560,08:A6:F7:BB:3C:68,,17661,63,2,,65,,,799506,1782292665757,799512,1782292665763,,1782292665684,29,2026-06-24T09:17:46.3847177Z,37,,oasis/bottle,0
,,,,,,6,local.mqtt.telegraf,44,47.16,,periodic,,73,-18748,10,8,,,1,08a6f7bb3c68,,0,273,561,08:A6:F7:BB:3C:68,,18821,63,2,,65,,,800666,1782292666917,800672,1782292666923,,1782292666844,29,2026-06-24T09:17:47.5282095Z,37,,oasis/bottle,0
,,,,,,6,local.mqtt.telegraf,44,47.1,,periodic,,73,-19858,10,8,,,1,08a6f7bb3c68,,0,273,562,08:A6:F7:BB:3C:68,,19931,63,2,,65,,,801776,1782292668027,801782,1782292668033,,1782292667954,29,2026-06-24T09:17:48.6480723Z,37,,oasis/bottle,0
,,,,,,6,local.mqtt.telegraf,44,47.34,,periodic,,63,-1307,32,30,,,1,08a6f7bb3c68,,0,273,563,08:A6:F7:BB:3C:68,,1370,31,2,,33,,,803396,1782292669647,803402,1782292669653,,1782292669584,29,2026-06-24T09:17:50.2630377Z,38,,oasis/bottle,0
,,,,,,6,local.mqtt.telegraf,44,47.29,,periodic,,73,-2747,42,40,,,1,08a6f7bb3c68,,0,273,564,08:A6:F7:BB:3C:68,,2820,31,2,,33,,,804856,1782292671107,804862,1782292671113,,1782292671034,29,2026-06-24T09:17:51.7188311Z,38,,oasis/bottle,0
,,,,,,6,local.mqtt.telegraf,44,47.26,,periodic,,63,-3858,32,30,,,1,08a6f7bb3c68,,0,273,565,08:A6:F7:BB:3C:68,,3921,31,2,,33,,,805947,1782292672198,805953,1782292672204,,1782292672135,29,2026-06-24T09:17:52.8232892Z,38,,oasis/bottle,0
,,,,,,6,local.mqtt.telegraf,44,47.08,,periodic,,73,-5437,42,40,,,1,08a6f7bb3c68,,0,273,566,08:A6:F7:BB:3C:68,,5510,31,2,,33,,,807546,1782292673797,807552,1782292673803,,1782292673724,29,2026-06-24T09:17:54.4176403Z,38,,oasis/bottle,0
,,,,,,7,local.mqtt.telegraf,44,47.42,,periodic,,63,-6837,32,30,,,1,08a6f7bb3c68,,0,273,567,08:A6:F7:BB:3C:68,,6900,31,2,,33,,,808926,1782292675177,808933,1782292675184,,1782292675114,29,2026-06-24T09:17:55.7894061Z,38,,oasis/bottle,0
,,,,,,6,local.mqtt.telegraf,44,47.42,,periodic,,73,-8397,42,40,,,1,08a6f7bb3c68,,0,273,568,08:A6:F7:BB:3C:68,,8470,31,2,,33,,,810506,1782292676757,810512,1782292676763,,1782292676684,29,2026-06-24T09:17:57.3751813Z,38,,oasis/bottle,0
,,,,,,6,local.mqtt.telegraf,44,47.42,,periodic,,73,-9727,42,40,,,1,08a6f7bb3c68,,0,273,569,08:A6:F7:BB:3C:68,,9800,31,2,,33,,,811836,1782292678087,811842,1782292678093,,1782292678014,29,2026-06-24T09:17:58.6989224Z,38,,oasis/bottle,0
,,,,,,6,local.mqtt.telegraf,44,47.34,,periodic,,64,-11206,33,31,,,1,08a6f7bb3c68,,0,273,570,08:A6:F7:BB:3C:68,,11270,31,2,,33,,,813297,1782292679548,813303,1782292679554,,1782292679484,29,2026-06-24T09:18:00.1610928Z,38,,oasis/bottle,0
,,,,,,6,local.mqtt.telegraf,44,47.21,,periodic,,73,-12327,42,40,,,1,08a6f7bb3c68,,0,273,571,08:A6:F7:BB:3C:68,,12400,31,2,,33,,,814436,1782292680687,814442,1782292680693,,1782292680614,29,2026-06-24T09:18:01.3061577Z,38,,oasis/bottle,0
,,,,,,6,local.mqtt.telegraf,44,47.18,,periodic,,73,-13387,42,40,,,1,08a6f7bb3c68,,0,273,572,08:A6:F7:BB:3C:68,,13460,31,2,,33,,,815496,1782292681747,815502,1782292681753,,1782292681674,29,2026-06-24T09:18:02.3590912Z,38,,oasis/bottle,0
,,,,,,6,local.mqtt.telegraf,44,47.29,,periodic,,63,-14927,32,30,,,1,08a6f7bb3c68,,0,273,573,08:A6:F7:BB:3C:68,,14990,31,2,,33,,,817016,1782292683267,817022,1782292683273,,1782292683204,29,2026-06-24T09:18:03.8821819Z,38,,oasis/bottle,0
,,,,,,6,local.mqtt.telegraf,44,46.85,,periodic,,63,-16167,32,30,,,1,08a6f7bb3c68,,0,273,574,08:A6:F7:BB:3C:68,,16230,31,2,,33,,,818256,1782292684507,818262,1782292684513,,1782292684444,29,2026-06-24T09:18:05.1020633Z,38,,oasis/bottle,0
,,,,,,6,local.mqtt.telegraf,44,47.05,,periodic,,73,-17437,42,40,,,1,08a6f7bb3c68,,0,273,575,08:A6:F7:BB:3C:68,,17510,31,2,,33,,,819546,1782292685797,819552,1782292685803,,1782292685724,29,2026-06-24T09:18:06.4038255Z,38,,oasis/bottle,0
,,,,,,7,local.mqtt.telegraf,44,47.25,,periodic,,63,-18817,32,30,,,1,08a6f7bb3c68,,0,273,576,08:A6:F7:BB:3C:68,,18880,31,2,,33,,,820906,1782292687157,820912,1782292687164,,1782292687094,29,2026-06-24T09:18:07.7717602Z,38,,oasis/bottle,0
,,,,,,6,local.mqtt.telegraf,44,47.36,,periodic,,81,-20329,50,48,,,1,08a6f7bb3c68,,0,273,577,08:A6:F7:BB:3C:68,,20410,31,2,,33,,,822454,1782292688705,822460,1782292688711,,1782292688624,29,2026-06-24T09:18:09.3120434Z,38,,oasis/bottle,0
,,,,,,5,local.mqtt.telegraf,44,47.06,,periodic,,73,-1078,15,13,,,1,08a6f7bb3c68,,0,273,578,08:A6:F7:BB:3C:68,,1151,58,2,,60,,,823716,1782292689967,823721,1782292689972,,1782292689894,29,2026-06-24T09:18:10.5728501Z,39,,oasis/bottle,0
,,,,,,6,local.mqtt.telegraf,44,47.06,,periodic,,72,-2400,14,12,,,1,08a6f7bb3c68,,0,273,579,08:A6:F7:BB:3C:68,,2472,58,2,,60,,,825036,1782292691287,825042,1782292691293,,1782292691215,29,2026-06-24T09:18:11.9070497Z,39,,oasis/bottle,0
,,,,,,6,local.mqtt.telegraf,44,46.94,,periodic,,64,-3857,6,4,,,1,08a6f7bb3c68,,0,273,580,08:A6:F7:BB:3C:68,,3921,58,2,,60,,,826477,1782292692728,826483,1782292692734,,1782292692664,29,2026-06-24T09:18:13.3313348Z,39,,oasis/bottle,0
,,,,,,6,local.mqtt.telegraf,44,47.52,,periodic,,73,-4948,15,13,,,1,08a6f7bb3c68,,0,273,581,08:A6:F7:BB:3C:68,,5021,58,2,,60,,,827586,1782292693837,827592,1782292693843,,1782292693764,29,2026-06-24T09:18:14.4461249Z,39,,oasis/bottle,0
,,,,,,6,local.mqtt.telegraf,44,46.75,,periodic,,63,-6548,5,3,,,1,08a6f7bb3c68,,0,273,582,08:A6:F7:BB:3C:68,,6611,58,2,,60,,,829166,1782292695417,829172,1782292695423,,1782292695354,29,2026-06-24T09:18:16.0359979Z,39,,oasis/bottle,0
,,,,,,6,local.mqtt.telegraf,44,46.79,,periodic,,73,-7908,15,13,,,1,08a6f7bb3c68,,0,273,583,08:A6:F7:BB:3C:68,,7981,58,2,,60,,,830546,1782292696797,830552,1782292696803,,1782292696724,29,2026-06-24T09:18:17.4179956Z,39,,oasis/bottle,0
,,,,,,6,local.mqtt.telegraf,44,47.06,,periodic,,72,-9450,14,12,,,1,08a6f7bb3c68,,0,273,584,08:A6:F7:BB:3C:68,,9522,58,2,,60,,,832086,1782292698337,832092,1782292698343,,1782292698265,29,2026-06-24T09:18:18.9382833Z,39,,oasis/bottle,0
,,,,,,6,local.mqtt.telegraf,44,47,,periodic,,64,-10747,6,4,,,1,08a6f7bb3c68,,0,273,585,08:A6:F7:BB:3C:68,,10811,58,2,,60,,,833367,1782292699618,833373,1782292699624,,1782292699554,29,2026-06-24T09:18:20.2301045Z,39,,oasis/bottle,0
,,,,,,6,local.mqtt.telegraf,44,47.1,,periodic,,73,-12098,15,13,,,1,08a6f7bb3c68,,0,273,586,08:A6:F7:BB:3C:68,,12171,58,2,,60,,,834736,1782292700987,834742,1782292700993,,1782292700914,29,2026-06-24T09:18:21.6552706Z,39,,oasis/bottle,0
,,,,,,6,local.mqtt.telegraf,44,47.18,,periodic,,73,-13618,15,13,,,1,08a6f7bb3c68,,0,273,587,08:A6:F7:BB:3C:68,,13691,58,2,,60,,,836256,1782292702507,836262,1782292702513,,1782292702434,29,2026-06-24T09:18:23.2374575Z,39,,oasis/bottle,0
,,,,,,7,local.mqtt.telegraf,44,47.26,,periodic,,63,-14878,5,3,,,1,08a6f7bb3c68,,0,273,588,08:A6:F7:BB:3C:68,,14941,58,2,,60,,,837496,1782292703747,837502,1782292703754,,1782292703684,29,2026-06-24T09:18:24.3525976Z,39,,oasis/bottle,0
,,,,,,6,local.mqtt.telegraf,44,47.41,,periodic,,73,-16158,15,13,,,1,08a6f7bb3c68,,0,273,589,08:A6:F7:BB:3C:68,,16231,58,2,,60,,,838796,1782292705047,838802,1782292705053,,1782292704974,29,2026-06-24T09:18:25.6690425Z,39,,oasis/bottle,0
,,,,,,6,local.mqtt.telegraf,44,47.61,,periodic,,73,-17538,15,13,,,1,08a6f7bb3c68,,0,273,590,08:A6:F7:BB:3C:68,,17611,58,2,,60,,,840176,1782292706427,840182,1782292706433,,1782292706354,29,2026-06-24T09:18:27.03985Z,39,,oasis/bottle,0
,,,,,,6,local.mqtt.telegraf,44,47.68,,periodic,,73,-19098,15,13,,,1,08a6f7bb3c68,,0,273,591,08:A6:F7:BB:3C:68,,19171,58,2,,60,,,841736,1782292707987,841742,1782292707993,,1782292707914,29,2026-06-24T09:18:28.6065583Z,39,,oasis/bottle,0
,,,,,,7,local.mqtt.telegraf,44,47.2,,periodic,,73,-256,42,40,,,1,08a6f7bb3c68,,0,273,592,08:A6:F7:BB:3C:68,,329,31,2,,33,,,843095,1782292709346,843102,1782292709353,,1782292709273,29,2026-06-24T09:18:29.9592277Z,40,,oasis/bottle,0
,,,,,,6,local.mqtt.telegraf,44,47.63,,periodic,,64,-1746,33,31,,,1,08a6f7bb3c68,,0,273,593,08:A6:F7:BB:3C:68,,1810,31,2,,33,,,844566,1782292710818,844573,1782292710824,,1782292710754,29,2026-06-24T09:18:31.4279136Z,40,,oasis/bottle,0
,,,,,,6,local.mqtt.telegraf,44,47.48,,periodic,,73,-2887,42,40,,,1,08a6f7bb3c68,,0,273,594,08:A6:F7:BB:3C:68,,2960,31,2,,33,,,845726,1782292711977,845732,1782292711983,,1782292711904,29,2026-06-24T09:18:32.5929214Z,40,,oasis/bottle,0
,,,,,,6,local.mqtt.telegraf,44,47.22,,periodic,,72,-3989,41,39,,,1,08a6f7bb3c68,,0,273,595,08:A6:F7:BB:3C:68,,4061,31,2,,33,,,846826,1782292713077,846832,1782292713083,,1782292713005,29,2026-06-24T09:18:33.6951134Z,40,,oasis/bottle,0
,,,,,,6,local.mqtt.telegraf,45,47.45,,periodic,,74,-5576,43,41,,,1,08a6f7bb3c68,,0,273,596,08:A6:F7:BB:3C:68,,5650,31,2,,33,,,848417,1782292714668,848423,1782292714674,,1782292714594,29,2026-06-24T09:18:35.2851298Z,40,,oasis/bottle,0
,,,,,,6,local.mqtt.telegraf,45,47.52,,periodic,,72,-6979,41,39,,,1,08a6f7bb3c68,,0,273,597,08:A6:F7:BB:3C:68,,7051,31,2,,33,,,849816,1782292716067,849822,1782292716073,,1782292715995,29,2026-06-24T09:18:36.6787073Z,40,,oasis/bottle,0
,,,,,,6,local.mqtt.telegraf,45,47.67,,periodic,,73,-8557,42,40,,,1,08a6f7bb3c68,,0,273,598,08:A6:F7:BB:3C:68,,8630,31,2,,33,,,851396,1782292717647,851402,1782292717653,,1782292717574,29,2026-06-24T09:18:38.2740474Z,40,,oasis/bottle,0
,,,,,,6,local.mqtt.telegraf,45,47.56,,periodic,,64,-9926,33,31,,,1,08a6f7bb3c68,,0,273,599,08:A6:F7:BB:3C:68,,9990,31,2,,33,,,852746,1782292718998,852753,1782292719004,,1782292718934,29,2026-06-24T09:18:39.6157936Z,40,,oasis/bottle,0
,,,,,,10,local.mqtt.telegraf,46,47.41,,periodic,,73,-11427,42,40,,,1,08a6f7bb3c68,,0,273,600,08:A6:F7:BB:3C:68,,11500,31,2,,33,,,854266,1782292720517,854276,1782292720527,,1782292720444,29,2026-06-24T09:18:41.1359368Z,40,,oasis/bottle,0
,,,,,,6,local.mqtt.telegraf,46,47.48,,periodic,,73,-12677,42,40,,,1,08a6f7bb3c68,,0,273,601,08:A6:F7:BB:3C:68,,12750,31,2,,33,,,855516,1782292721767,855522,1782292721773,,1782292721694,29,2026-06-24T09:18:42.3879699Z,40,,oasis/bottle,0
,,,,,,6,local.mqtt.telegraf,46,47.32,,periodic,,73,-13957,42,40,,,1,08a6f7bb3c68,,0,273,602,08:A6:F7:BB:3C:68,,14030,31,2,,33,,,856796,1782292723047,856802,1782292723053,,1782292722974,29,2026-06-24T09:18:43.6587817Z,40,,oasis/bottle,0
,,,,,,6,local.mqtt.telegraf,46,47.64,,periodic,,73,-15317,42,40,,,1,08a6f7bb3c68,,0,273,603,08:A6:F7:BB:3C:68,,15390,31,2,,33,,,858156,1782292724407,858162,1782292724413,,1782292724334,29,2026-06-24T09:18:45.0334004Z,40,,oasis/bottle,0
,,,,,,6,local.mqtt.telegraf,46,47.71,,periodic,,73,-16837,42,40,,,1,08a6f7bb3c68,,0,273,604,08:A6:F7:BB:3C:68,,16910,31,2,,33,,,859676,1782292725927,859682,1782292725933,,1782292725854,29,2026-06-24T09:18:46.5375918Z,40,,oasis/bottle,0
,,,,,,6,local.mqtt.telegraf,46,47.36,,periodic,,73,-18097,42,40,,,1,08a6f7bb3c68,,0,273,605,08:A6:F7:BB:3C:68,,18170,31,2,,33,,,860936,1782292727187,860942,1782292727193,,1782292727114,29,2026-06-24T09:18:47.8124053Z,40,,oasis/bottle,0
,,,,,,6,local.mqtt.telegraf,46,47.48,,periodic,,73,-19377,42,40,,,1,08a6f7bb3c68,,0,273,606,08:A6:F7:BB:3C:68,,19450,31,2,,33,,,862216,1782292728467,862222,1782292728473,,1782292728394,29,2026-06-24T09:18:49.0859563Z,40,,oasis/bottle,0
,,,,,,6,local.mqtt.telegraf,46,47.53,,periodic,,72,-330,43,41,,,1,08a6f7bb3c68,,0,274,607,08:A6:F7:BB:3C:68,,402,29,2,,31,,,863586,1782292729837,863592,1782292729843,,1782292729765,29,2026-06-24T09:18:50.4498618Z,41,,oasis/bottle,0
,,,,,,6,local.mqtt.telegraf,46,45.64,,periodic,,73,-1868,44,42,,,1,08a6f7bb3c68,,0,273,608,08:A6:F7:BB:3C:68,,1941,29,2,,31,,,865126,1782292731377,865132,1782292731383,,1782292731304,29,2026-06-24T09:18:51.9889072Z,41,,oasis/bottle,0
,,,,,,6,local.mqtt.telegraf,46,44.98,,periodic,,73,-3138,44,42,,,1,08a6f7bb3c68,,0,273,609,08:A6:F7:BB:3C:68,,3211,29,2,,31,,,866396,1782292732647,866402,1782292732653,,1782292732574,29,2026-06-24T09:18:53.2565496Z,41,,oasis/bottle,0
,,,,,,6,local.mqtt.telegraf,46,44.19,,periodic,,64,-4487,35,33,,,1,08a6f7bb3c68,,0,273,610,08:A6:F7:BB:3C:68,,4551,29,2,,31,,,867727,1782292733978,867733,1782292733984,,1782292733914,29,2026-06-24T09:18:54.6017849Z,41,,oasis/bottle,0
,,,,,,6,local.mqtt.telegraf,46,44.62,,periodic,,73,-5948,44,42,,,1,08a6f7bb3c68,,0,273,611,08:A6:F7:BB:3C:68,,6021,29,2,,31,,,869206,1782292735457,869212,1782292735463,,1782292735384,29,2026-06-24T09:18:56.0819808Z,41,,oasis/bottle,0
,,,,,,7,local.mqtt.telegraf,46,43.18,,periodic,,73,-7098,44,42,,,1,08a6f7bb3c68,,0,273,612,08:A6:F7:BB:3C:68,,7171,29,2,,31,,,870356,1782292736607,870363,1782292736614,,1782292736534,29,2026-06-24T09:18:57.2220985Z,41,,oasis/bottle,0
,,,,,,6,local.mqtt.telegraf,47,44.35,,periodic,,73,-8178,44,42,,,1,08a6f7bb3c68,,0,273,613,08:A6:F7:BB:3C:68,,8251,29,2,,31,,,871436,1782292737687,871442,1782292737693,,1782292737614,29,2026-06-24T09:18:58.3045884Z,41,,oasis/bottle,0
,,,,,,6,local.mqtt.telegraf,47,45.09,,periodic,,72,-9760,43,41,,,1,08a6f7bb3c68,,0,273,614,08:A6:F7:BB:3C:68,,9832,29,2,,31,,,873016,1782292739267,873022,1782292739273,,1782292739195,29,2026-06-24T09:19:00.2196483Z,41,,oasis/bottle,0
,,,,,,6,local.mqtt.telegraf,47,44.68,,periodic,,73,-11138,44,42,,,1,08a6f7bb3c68,,0,273,615,08:A6:F7:BB:3C:68,,11211,29,2,,31,,,874396,1782292740647,874402,1782292740653,,1782292740574,29,2026-06-24T09:19:01.2551158Z,41,,oasis/bottle,0
,,,,,,6,local.mqtt.telegraf,47,44.91,,periodic,,73,-12668,44,42,,,1,08a6f7bb3c68,,0,273,616,08:A6:F7:BB:3C:68,,12741,29,2,,31,,,875926,1782292742177,875932,1782292742183,,1782292742104,29,2026-06-24T09:19:02.7848326Z,41,,oasis/bottle,0
,,,,,,6,local.mqtt.telegraf,47,45.52,,periodic,,73,-13908,44,42,,,1,08a6f7bb3c68,,0,273,617,08:A6:F7:BB:3C:68,,13981,29,2,,31,,,877166,1782292743417,877172,1782292743423,,1782292743344,29,2026-06-24T09:19:04.0223291Z,41,,oasis/bottle,0
,,,,,,6,local.mqtt.telegraf,47,47.73,,periodic,,73,-15198,44,42,,,1,08a6f7bb3c68,,0,273,618,08:A6:F7:BB:3C:68,,15271,29,2,,31,,,878456,1782292744707,878462,1782292744713,,1782292744634,29,2026-06-24T09:19:05.3337348Z,41,,oasis/bottle,0
,,,,,,6,local.mqtt.telegraf,46,47.52,,periodic,,73,-16578,44,42,,,1,08a6f7bb3c68,,0,273,619,08:A6:F7:BB:3C:68,,16651,29,2,,31,,,879836,1782292746087,879842,1782292746093,,1782292746014,29,2026-06-24T09:19:06.7037319Z,41,,oasis/bottle,0
,,,,,,14,local.mqtt.telegraf,46,47.34,,periodic,,73,-18128,44,42,,,1,08a6f7bb3c68,,0,273,620,08:A6:F7:BB:3C:68,,18201,29,2,,31,,,881386,1782292747637,881400,1782292747651,,1782292747564,29,2026-06-24T09:19:08.2555253Z,41,,oasis/bottle,0
,,,,,,6,local.mqtt.telegraf,46,47.4,,periodic,,73,-19468,44,42,,,1,08a6f7bb3c68,,0,273,621,08:A6:F7:BB:3C:68,,19541,29,2,,31,,,882726,1782292748977,882732,1782292748983,,1782292748904,29,2026-06-24T09:19:09.5857828Z,41,,oasis/bottle,0
,,,,,,5,local.mqtt.telegraf,46,47,,periodic,,72,-406,38,36,,,1,08a6f7bb3c68,,0,273,622,08:A6:F7:BB:3C:68,,478,34,2,,36,,,884165,1782292750417,884171,1782292750422,,1782292750345,29,2026-06-24T09:19:11.0269933Z,42,,oasis/bottle,0
,,,,,,7,local.mqtt.telegraf,46,47.61,,periodic,,63,-1484,29,27,,,1,08a6f7bb3c68,,0,273,623,08:A6:F7:BB:3C:68,,1547,34,2,,36,,,885226,1782292751477,885232,1782292751484,,1782292751414,29,2026-06-24T09:19:12.0932887Z,42,,oasis/bottle,0
,,,,,,6,local.mqtt.telegraf,45,47.36,,periodic,,73,-3014,39,37,,,1,08a6f7bb3c68,,0,273,624,08:A6:F7:BB:3C:68,,3087,34,2,,36,,,886776,1782292753027,886782,1782292753033,,1782292752954,29,2026-06-24T09:19:13.6334688Z,42,,oasis/bottle,0
,,,,,,6,local.mqtt.telegraf,45,47.32,,periodic,,73,-4304,39,37,,,1,08a6f7bb3c68,,0,273,625,08:A6:F7:BB:3C:68,,4377,34,2,,36,,,888066,1782292754317,888072,1782292754323,,1782292754244,29,2026-06-24T09:19:14.9203397Z,42,,oasis/bottle,0
,,,,,,6,local.mqtt.telegraf,45,47.06,,periodic,,73,-5674,39,37,,,1,08a6f7bb3c68,,0,273,626,08:A6:F7:BB:3C:68,,5747,34,2,,36,,,889436,1782292755687,889442,1782292755693,,1782292755614,29,2026-06-24T09:19:16.3089885Z,42,,oasis/bottle,0
,,,,,,6,local.mqtt.telegraf,45,47.57,,periodic,,72,-7216,38,36,,,1,08a6f7bb3c68,,0,273,627,08:A6:F7:BB:3C:68,,7288,34,2,,36,,,890976,1782292757227,890982,1782292757233,,1782292757155,29,2026-06-24T09:19:17.8418909Z,42,,oasis/bottle,0
,,,,,,6,local.mqtt.telegraf,45,47.47,,periodic,,72,-8486,38,36,,,1,08a6f7bb3c68,,0,273,628,08:A6:F7:BB:3C:68,,8558,34,2,,36,,,892246,1782292758497,892252,1782292758503,,1782292758425,29,2026-06-24T09:19:19.1237805Z,42,,oasis/bottle,0
,,,,,,6,local.mqtt.telegraf,45,47.67,,periodic,,73,-9834,39,37,,,1,08a6f7bb3c68,,0,273,629,08:A6:F7:BB:3C:68,,9907,34,2,,36,,,893596,1782292759847,893602,1782292759853,,1782292759774,29,2026-06-24T09:19:20.4638422Z,42,,oasis/bottle,0
,,,,,,6,local.mqtt.telegraf,45,47.72,,periodic,,64,-11343,30,28,,,1,08a6f7bb3c68,,0,273,630,08:A6:F7:BB:3C:68,,11407,34,2,,36,,,895086,1782292761338,895093,1782292761344,,1782292761274,29,2026-06-24T09:19:21.9557106Z,42,,oasis/bottle,0
,,,,,,6,local.mqtt.telegraf,45,47.45,,periodic,,73,-12524,39,37,,,1,08a6f7bb3c68,,0,273,631,08:A6:F7:BB:3C:68,,12597,34,2,,36,,,896286,1782292762537,896292,1782292762543,,1782292762464,29,2026-06-24T09:19:23.146583Z,42,,oasis/bottle,0
,,,,,,6,local.mqtt.telegraf,44,47.26,,periodic,,73,-13704,39,37,,,1,08a6f7bb3c68,,0,273,632,08:A6:F7:BB:3C:68,,13777,34,2,,36,,,897466,1782292763717,897472,1782292763723,,1782292763644,29,2026-06-24T09:19:24.3374409Z,42,,oasis/bottle,0
,,,,,,6,local.mqtt.telegraf,44,47.52,,periodic,,73,-14854,39,37,,,1,08a6f7bb3c68,,0,273,633,08:A6:F7:BB:3C:68,,14927,34,2,,36,,,898616,1782292764867,898622,1782292764873,,1782292764794,29,2026-06-24T09:19:25.4882274Z,42,,oasis/bottle,0
,,,,,,6,local.mqtt.telegraf,44,47.41,,periodic,,73,-15954,39,37,,,1,08a6f7bb3c68,,0,273,634,08:A6:F7:BB:3C:68,,16027,34,2,,36,,,899716,1782292765967,899722,1782292765973,,1782292765894,29,2026-06-24T09:19:26.5820931Z,42,,oasis/bottle,0
,,,,,,6,local.mqtt.telegraf,44,47.32,,periodic,,64,-17603,30,28,,,1,08a6f7bb3c68,,0,273,635,08:A6:F7:BB:3C:68,,17667,34,2,,36,,,901346,1782292767598,901353,1782292767604,,1782292767534,29,2026-06-24T09:19:28.2058387Z,42,,oasis/bottle,0
,,,,,,6,local.mqtt.telegraf,44,47.49,,periodic,,72,-19026,38,36,,,1,08a6f7bb3c68,,0,273,636,08:A6:F7:BB:3C:68,,19098,34,2,,36,,,902786,1782292769037,902792,1782292769043,,1782292768965,29,2026-06-24T09:19:29.6533701Z,42,,oasis/bottle,0
,,,,,,6,local.mqtt.telegraf,44,47.48,,periodic,,73,-20124,39,37,,,1,08a6f7bb3c68,,0,273,637,08:A6:F7:BB:3C:68,,20197,34,2,,36,,,903886,1782292770137,903892,1782292770143,,1782292770064,29,2026-06-24T09:19:30.7787144Z,42,,oasis/bottle,0
,,,,,,6,local.mqtt.telegraf,44,47.64,,periodic,,72,-1380,18,16,,,1,08a6f7bb3c68,,0,273,638,08:A6:F7:BB:3C:68,,1452,54,2,,56,,,905446,1782292771697,905452,1782292771703,,1782292771625,29,2026-06-24T09:19:32.3404041Z,43,,oasis/bottle,0
,,,,,,6,local.mqtt.telegraf,44,47.45,,periodic,,73,-2698,19,17,,,1,08a6f7bb3c68,,0,273,639,08:A6:F7:BB:3C:68,,2771,54,2,,56,,,906766,1782292773017,906772,1782292773023,,1782292772944,29,2026-06-24T09:19:33.6298496Z,43,,oasis/bottle,0
,,,,,,6,local.mqtt.telegraf,44,47.47,,periodic,,64,-4157,10,8,,,1,08a6f7bb3c68,,0,273,640,08:A6:F7:BB:3C:68,,4221,54,2,,56,,,908207,1782292774458,908213,1782292774464,,1782292774394,29,2026-06-24T09:19:35.0665309Z,43,,oasis/bottle,0
,,,,,,7,local.mqtt.telegraf,44,47.3,,periodic,,73,-5228,19,17,,,1,08a6f7bb3c68,,0,273,641,08:A6:F7:BB:3C:68,,5301,54,2,,56,,,909296,1782292775547,909303,1782292775554,,1782292775474,29,2026-06-24T09:19:36.1769246Z,43,,oasis/bottle,0
,,,,,,6,local.mqtt.telegraf,44,47.57,,periodic,,73,-6788,19,17,,,1,08a6f7bb3c68,,0,273,642,08:A6:F7:BB:3C:68,,6861,54,2,,56,,,910856,1782292777107,910862,1782292777113,,1782292777034,29,2026-06-24T09:19:37.8057536Z,43,,oasis/bottle,0
,,,,,,6,local.mqtt.telegraf,44,47.41,,periodic,,64,-8117,10,8,,,1,08a6f7bb3c68,,0,273,643,08:A6:F7:BB:3C:68,,8181,54,2,,56,,,912166,1782292778418,912173,1782292778424,,1782292778354,29,2026-06-24T09:19:39.7941174Z,43,,oasis/bottle,0
,,,,,,6,local.mqtt.telegraf,44,47.45,,periodic,,72,-9540,18,16,,,1,08a6f7bb3c68,,0,273,644,08:A6:F7:BB:3C:68,,9612,54,2,,56,,,913606,1782292779857,913612,1782292779863,,1782292779785,29,2026-06-24T09:19:40.5065108Z,43,,oasis/bottle,0
,,,,,,7,local.mqtt.telegraf,44,47.47,,periodic,,73,-10598,19,17,,,1,08a6f7bb3c68,,0,273,645,08:A6:F7:BB:3C:68,,10671,54,2,,56,,,914666,1782292780917,914672,1782292780924,,1782292780844,29,2026-06-24T09:19:41.5837547Z,43,,oasis/bottle,0
,,,,,,6,local.mqtt.telegraf,44,47.21,,periodic,,72,-12160,18,16,,,1,08a6f7bb3c68,,0,273,646,08:A6:F7:BB:3C:68,,12232,54,2,,56,,,916226,1782292782477,916232,1782292782483,,1782292782405,29,2026-06-24T09:19:43.2214078Z,43,,oasis/bottle,0
,,,,,,6,local.mqtt.telegraf,44,47.26,,periodic,,73,-13438,19,17,,,1,08a6f7bb3c68,,0,273,647,08:A6:F7:BB:3C:68,,13511,54,2,,56,,,917506,1782292783757,917512,1782292783763,,1782292783684,29,2026-06-24T09:19:44.545113Z,43,,oasis/bottle,0
,,,,,,7,local.mqtt.telegraf,44,47.41,,periodic,,73,-14808,19,17,,,1,08a6f7bb3c68,,0,273,648,08:A6:F7:BB:3C:68,,14881,54,2,,56,,,918876,1782292785127,918883,1782292785134,,1782292785054,29,2026-06-24T09:19:45.9210384Z,43,,oasis/bottle,0
,,,,,,6,local.mqtt.telegraf,44,47.29,,periodic,,73,-16338,19,17,,,1,08a6f7bb3c68,,0,273,649,08:A6:F7:BB:3C:68,,16411,54,2,,56,,,920406,1782292786657,920412,1782292786663,,1782292786584,29,2026-06-24T09:19:47.2718275Z,43,,oasis/bottle,0
,,,,,,6,local.mqtt.telegraf,44,47.16,,periodic,,64,-17607,10,8,,,1,08a6f7bb3c68,,0,273,650,08:A6:F7:BB:3C:68,,17671,54,2,,56,,,921657,1782292787908,921663,1782292787914,,1782292787844,29,2026-06-24T09:19:48.5194601Z,43,,oasis/bottle,0
,,,,,,7,local.mqtt.telegraf,44,47.28,,periodic,,73,-18908,19,17,,,1,08a6f7bb3c68,,0,273,651,08:A6:F7:BB:3C:68,,18981,54,2,,56,,,922976,1782292789227,922982,1782292789234,,1782292789154,29,2026-06-24T09:19:49.8316059Z,43,,oasis/bottle,0
,,,,,,6,local.mqtt.telegraf,44,47.05,,periodic,,83,-20318,29,27,,,1,08a6f7bb3c68,,0,273,652,08:A6:F7:BB:3C:68,,20401,54,2,,56,,,924406,1782292790657,924412,1782292790663,,1782292790574,29,2026-06-24T09:19:51.271162Z,43,,oasis/bottle,0
,,,,,,6,local.mqtt.telegraf,44,47.34,,periodic,,72,-860,13,11,,,1,08a6f7bb3c68,,0,273,653,08:A6:F7:BB:3C:68,,932,59,2,,61,,,925446,1782292791697,925451,1782292791703,,1782292791625,29,2026-06-24T09:19:52.3117091Z,44,,oasis/bottle,0
,,,,,,6,local.mqtt.telegraf,44,47.37,,periodic,,73,-2338,14,12,,,1,08a6f7bb3c68,,0,273,654,08:A6:F7:BB:3C:68,,2411,59,2,,61,,,926926,1782292793177,926932,1782292793183,,1782292793104,29,2026-06-24T09:19:53.7912093Z,44,,oasis/bottle,0
,,,,,,6,local.mqtt.telegraf,44,47.42,,periodic,,73,-3508,14,12,,,1,08a6f7bb3c68,,0,273,655,08:A6:F7:BB:3C:68,,3581,59,2,,61,,,928096,1782292794347,928102,1782292794353,,1782292794274,29,2026-06-24T09:19:54.9584708Z,44,,oasis/bottle,0
,,,,,,6,local.mqtt.telegraf,44,47.3,,periodic,,73,-4638,14,12,,,1,08a6f7bb3c68,,0,273,656,08:A6:F7:BB:3C:68,,4711,59,2,,61,,,929226,1782292795477,929232,1782292795483,,1782292795404,29,2026-06-24T09:19:56.110363Z,44,,oasis/bottle,0
,,,,,,6,local.mqtt.telegraf,44,47.49,,periodic,,73,-5698,14,12,,,1,08a6f7bb3c68,,0,273,657,08:A6:F7:BB:3C:68,,5771,59,2,,61,,,930286,1782292796537,930292,1782292796543,,1782292796464,29,2026-06-24T09:19:57.1543479Z,44,,oasis/bottle,0
,,,,,,14,local.mqtt.telegraf,44,47.49,,periodic,,73,-7228,14,12,,,1,08a6f7bb3c68,,0,273,658,08:A6:F7:BB:3C:68,,7301,59,2,,61,,,931816,1782292798067,931830,1782292798081,,1782292797994,29,2026-06-24T09:19:58.6905673Z,44,,oasis/bottle,0
,,,,,,6,local.mqtt.telegraf,44,47.22,,periodic,,73,-8468,14,12,,,1,08a6f7bb3c68,,0,273,659,08:A6:F7:BB:3C:68,,8541,59,2,,61,,,933056,1782292799307,933062,1782292799313,,1782292799234,29,2026-06-24T09:19:59.9283959Z,44,,oasis/bottle,0
,,,,,,6,local.mqtt.telegraf,44,47.53,,periodic,,73,-9758,14,12,,,1,08a6f7bb3c68,,0,273,660,08:A6:F7:BB:3C:68,,9831,59,2,,61,,,934346,1782292800597,934352,1782292800603,,1782292800524,29,2026-06-24T09:20:01.2012947Z,44,,oasis/bottle,0
,,,,,,6,local.mqtt.telegraf,44,47.49,,periodic,,73,-11128,14,12,,,1,08a6f7bb3c68,,0,273,661,08:A6:F7:BB:3C:68,,11201,59,2,,61,,,935716,1782292801967,935722,1782292801973,,1782292801894,29,2026-06-24T09:20:02.5863728Z,44,,oasis/bottle,0
,,,,,,6,local.mqtt.telegraf,44,47.2,,periodic,,72,-12670,13,11,,,1,08a6f7bb3c68,,0,273,662,08:A6:F7:BB:3C:68,,12742,59,2,,61,,,937256,1782292803507,937262,1782292803513,,1782292803435,29,2026-06-24T09:20:04.1261892Z,44,,oasis/bottle,0
,,,,,,6,local.mqtt.telegraf,44,47.38,,periodic,,73,-13938,14,12,,,1,08a6f7bb3c68,,0,273,663,08:A6:F7:BB:3C:68,,14011,59,2,,61,,,938526,1782292804777,938532,1782292804783,,1782292804704,29,2026-06-24T09:20:05.3882631Z,44,,oasis/bottle,0
,,,,,,6,local.mqtt.telegraf,44,47.24,,periodic,,73,-15308,14,12,,,1,08a6f7bb3c68,,0,273,664,08:A6:F7:BB:3C:68,,15381,59,2,,61,,,939896,1782292806147,939902,1782292806153,,1782292806074,29,2026-06-24T09:20:06.7679688Z,44,,oasis/bottle,0
,,,,,,6,local.mqtt.telegraf,44,47.45,,periodic,,73,-16818,14,12,,,1,08a6f7bb3c68,,0,273,665,08:A6:F7:BB:3C:68,,16891,59,2,,61,,,941406,1782292807657,941412,1782292807663,,1782292807584,29,2026-06-24T09:20:08.589213Z,44,,oasis/bottle,0
,,,,,,6,local.mqtt.telegraf,44,47.25,,periodic,,73,-18048,14,12,,,1,08a6f7bb3c68,,0,273,666,08:A6:F7:BB:3C:68,,18121,59,2,,61,,,942636,1782292808887,942642,1782292808893,,1782292808814,29,2026-06-24T09:20:09.7990586Z,44,,oasis/bottle,0
,,,,,,6,local.mqtt.telegraf,44,47.1,,periodic,,73,-19288,14,12,,,1,08a6f7bb3c68,,0,273,667,08:A6:F7:BB:3C:68,,19361,59,2,,61,,,943876,1782292810127,943882,1782292810133,,1782292810054,29,2026-06-24T09:20:10.7267043Z,44,,oasis/bottle,0
,,,,,,6,local.mqtt.telegraf,44,47.48,,periodic,,71,-387,47,45,,,1,08a6f7bb3c68,,0,273,668,08:A6:F7:BB:3C:68,,458,24,2,,26,,,945165,1782292811416,945171,1782292811422,,1782292811345,29,2026-06-24T09:20:12.7538334Z,45,,oasis/bottle,0
,,,,,,6,local.mqtt.telegraf,44,47.41,,periodic,,73,-1774,49,47,,,1,08a6f7bb3c68,,0,273,669,08:A6:F7:BB:3C:68,,1847,24,2,,26,,,946556,1782292812807,946562,1782292812813,,1782292812734,29,2026-06-24T09:20:13.7047789Z,45,,oasis/bottle,0
,,,,,,6,local.mqtt.telegraf,44,47.49,,periodic,,73,-3334,49,47,,,1,08a6f7bb3c68,,0,273,670,08:A6:F7:BB:3C:68,,3407,24,2,,26,,,948116,1782292814367,948122,1782292814373,,1782292814294,29,2026-06-24T09:20:15.4633635Z,45,,oasis/bottle,0
,,,,,,6,local.mqtt.telegraf,44,47.67,,periodic,,72,-4656,48,46,,,1,08a6f7bb3c68,,0,273,671,08:A6:F7:BB:3C:68,,4728,24,2,,26,,,949436,1782292815687,949442,1782292815693,,1782292815615,29,2026-06-24T09:20:16.5985606Z,45,,oasis/bottle,0
,,,,,,6,local.mqtt.telegraf,44,47.56,,periodic,,72,-6086,48,46,,,1,08a6f7bb3c68,,0,273,672,08:A6:F7:BB:3C:68,,6158,24,2,,26,,,950866,1782292817117,950872,1782292817123,,1782292817045,29,2026-06-24T09:20:18.2912072Z,45,,oasis/bottle,0
,,,,,,6,local.mqtt.telegraf,44,47.47,,periodic,,73,-7154,49,47,,,1,08a6f7bb3c68,,0,273,673,08:A6:F7:BB:3C:68,,7227,24,2,,26,,,951936,1782292818187,951942,1782292818193,,1782292818114,29,2026-06-24T09:20:18.794497Z,45,,oasis/bottle,0
,,,,,,14,local.mqtt.telegraf,44,47.48,,periodic,,72,-12736,48,46,,,1,08a6f7bb3c68,,0,273,677,08:A6:F7:BB:3C:68,,12808,24,2,,26,,,957516,1782292823767,957530,1782292823781,,1782292823695,29,2026-06-24T09:20:30.0417853Z,45,,oasis/bottle,0
,,,,,,6,local.mqtt.telegraf,44,47.41,,periodic,,73,-15444,49,47,,,1,08a6f7bb3c68,,0,273,679,08:A6:F7:BB:3C:68,,15517,24,2,,26,,,960226,1782292826477,960232,1782292826483,,1782292826404,29,2026-06-24T09:20:30.0425066Z,45,,oasis/bottle,0
,,,,,,6,local.mqtt.telegraf,44,47.49,,periodic,,73,-18474,49,47,,,1,08a6f7bb3c68,,0,273,681,08:A6:F7:BB:3C:68,,18547,24,2,,26,,,963256,1782292829507,963262,1782292829513,,1782292829434,29,2026-06-24T09:20:30.1710879Z,45,,oasis/bottle,0
,,,,,,6,local.mqtt.telegraf,44,47.64,,periodic,,73,-19905,49,47,,,1,08a6f7bb3c68,,0,273,682,08:A6:F7:BB:3C:68,,19978,24,2,,26,,,964686,1782292830938,964693,1782292830944,,1782292830865,29,2026-06-24T09:20:31.7041566Z,45,,oasis/bottle,0
,,,,,,5,local.mqtt.telegraf,44,47.37,,periodic,,71,-760,40,38,,,1,08a6f7bb3c68,,0,273,683,08:A6:F7:BB:3C:68,,831,31,2,,33,,,965756,1782292832007,965761,1782292832012,,1782292831936,29,2026-06-24T09:20:32.6733938Z,46,,oasis/bottle,0
,,,,,,6,local.mqtt.telegraf,44,47.37,,periodic,,72,-2288,41,39,,,1,08a6f7bb3c68,,0,273,684,08:A6:F7:BB:3C:68,,2360,31,2,,33,,,967286,1782292833537,967292,1782292833543,,1782292833465,29,2026-06-24T09:20:34.168082Z,46,,oasis/bottle,0
,,,,,,6,local.mqtt.telegraf,44,47.57,,periodic,,72,-3538,41,39,,,1,08a6f7bb3c68,,0,273,685,08:A6:F7:BB:3C:68,,3610,31,2,,33,,,968536,1782292834787,968542,1782292834793,,1782292834715,29,2026-06-24T09:20:35.4733887Z,46,,oasis/bottle,0
,,,,,,6,local.mqtt.telegraf,44,47.53,,periodic,,72,-4848,41,39,,,1,08a6f7bb3c68,,0,273,686,08:A6:F7:BB:3C:68,,4920,31,2,,33,,,969846,1782292836097,969852,1782292836103,,1782292836025,29,2026-06-24T09:20:36.7192328Z,46,,oasis/bottle,0
,,,,,,6,local.mqtt.telegraf,44,47.49,,periodic,,72,-6258,41,39,,,1,08a6f7bb3c68,,0,273,687,08:A6:F7:BB:3C:68,,6330,31,2,,33,,,971256,1782292837507,971262,1782292837513,,1782292837435,29,2026-06-24T09:20:38.4368823Z,46,,oasis/bottle,0
,,,,,,6,local.mqtt.telegraf,44,47.08,,periodic,,72,-7888,41,39,,,1,08a6f7bb3c68,,0,273,688,08:A6:F7:BB:3C:68,,7960,31,2,,33,,,972886,1782292839137,972892,1782292839143,,1782292839065,29,2026-06-24T09:20:39.7617706Z,46,,oasis/bottle,0
,,,,,,6,local.mqtt.telegraf,44,47.49,,periodic,,72,-9328,41,39,,,1,08a6f7bb3c68,,0,273,689,08:A6:F7:BB:3C:68,,9400,31,2,,33,,,974326,1782292840577,974332,1782292840583,,1782292840505,29,2026-06-24T09:20:41.3124349Z,46,,oasis/bottle,0
,,,,,,6,local.mqtt.telegraf,44,47.08,,periodic,,72,-10418,41,39,,,1,08a6f7bb3c68,,0,273,690,08:A6:F7:BB:3C:68,,10490,31,2,,33,,,975416,1782292841667,975422,1782292841673,,1782292841595,29,2026-06-24T09:20:42.6378991Z,46,,oasis/bottle,0
,,,,,,6,local.mqtt.telegraf,44,47.2,,periodic,,72,-11988,41,39,,,1,08a6f7bb3c68,,0,273,691,08:A6:F7:BB:3C:68,,12060,31,2,,33,,,976986,1782292843237,976992,1782292843243,,1782292843165,29,2026-06-24T09:20:44.3880144Z,46,,oasis/bottle,0
,,,,,,6,local.mqtt.telegraf,44,47.3,,periodic,,72,-13338,41,39,,,1,08a6f7bb3c68,,0,273,692,08:A6:F7:BB:3C:68,,13410,31,2,,33,,,978336,1782292844587,978342,1782292844593,,1782292844515,29,2026-06-24T09:20:45.6637717Z,46,,oasis/bottle,0
,,,,,,6,local.mqtt.telegraf,44,47.4,,periodic,,72,-14828,41,39,,,1,08a6f7bb3c68,,0,273,693,08:A6:F7:BB:3C:68,,14900,31,2,,33,,,979826,1782292846077,979832,1782292846083,,1782292846005,29,2026-06-24T09:20:46.707257Z,46,,oasis/bottle,0
,,,,,,6,local.mqtt.telegraf,44,47.52,,periodic,,72,-16008,41,39,,,1,08a6f7bb3c68,,0,273,694,08:A6:F7:BB:3C:68,,16080,31,2,,33,,,981006,1782292847257,981012,1782292847263,,1782292847185,29,2026-06-24T09:20:47.8827636Z,46,,oasis/bottle,0
,,,,,,7,local.mqtt.telegraf,44,47.53,,periodic,,72,-17158,41,39,,,1,08a6f7bb3c68,,0,273,695,08:A6:F7:BB:3C:68,,17230,31,2,,33,,,982156,1782292848407,982163,1782292848414,,1782292848335,29,2026-06-24T09:20:49.0376605Z,46,,oasis/bottle,0
,,,,,,6,local.mqtt.telegraf,44,47.42,,periodic,,72,-18268,41,39,,,1,08a6f7bb3c68,,0,273,696,08:A6:F7:BB:3C:68,,18340,31,2,,33,,,983266,1782292849517,983272,1782292849523,,1782292849445,29,2026-06-24T09:20:50.1381244Z,46,,oasis/bottle,0
,,,,,,6,local.mqtt.telegraf,44,47.45,,periodic,,72,-19878,41,39,,,1,08a6f7bb3c68,,0,273,697,08:A6:F7:BB:3C:68,,19950,31,2,,33,,,984876,1782292851127,984882,1782292851133,,1782292851055,29,2026-06-24T09:20:51.751402Z,46,,oasis/bottle,0
,,,,,,5,local.mqtt.telegraf,44,47.48,,periodic,,68,-1103,47,45,,,1,08a6f7bb3c68,,0,273,698,08:A6:F7:BB:3C:68,,1171,21,2,,23,,,986295,1782292852547,986301,1782292852552,,1782292852479,29,2026-06-24T09:20:53.177346Z,47,,oasis/bottle,0
,,,,,,6,local.mqtt.telegraf,44,47.52,,periodic,,69,-2731,48,46,,,1,08a6f7bb3c68,,0,273,699,08:A6:F7:BB:3C:68,,2800,21,2,,23,,,987926,1782292854177,987932,1782292854183,,1782292854108,29,2026-06-24T09:20:54.802959Z,47,,oasis/bottle,0
,,,,,,10,local.mqtt.telegraf,44,47.32,,periodic,,69,-4201,48,46,,,1,08a6f7bb3c68,,0,273,700,08:A6:F7:BB:3C:68,,4270,21,2,,23,,,989396,1782292855647,989406,1782292855657,,1782292855578,29,2026-06-24T09:20:56.2915106Z,47,,oasis/bottle,0
,,,,,,6,local.mqtt.telegraf,44,47.61,,periodic,,69,-5331,48,46,,,1,08a6f7bb3c68,,0,273,701,08:A6:F7:BB:3C:68,,5400,21,2,,23,,,990526,1782292856777,990532,1782292856783,,1782292856708,29,2026-06-24T09:20:57.404078Z,47,,oasis/bottle,0
,,,,,,6,local.mqtt.telegraf,44,47.57,,periodic,,68,-6393,47,45,,,1,08a6f7bb3c68,,0,273,702,08:A6:F7:BB:3C:68,,6461,21,2,,23,,,991586,1782292857837,991592,1782292857843,,1782292857769,29,2026-06-24T09:20:58.4605893Z,47,,oasis/bottle,0
,,,,,,6,local.mqtt.telegraf,44,47.48,,periodic,,68,-7903,47,45,,,1,08a6f7bb3c68,,0,273,703,08:A6:F7:BB:3C:68,,7971,21,2,,23,,,993096,1782292859347,993102,1782292859353,,1782292859279,29,2026-06-24T09:20:59.9960977Z,47,,oasis/bottle,0
,,,,,,6,local.mqtt.telegraf,44,47.3,,periodic,,68,-9123,47,45,,,1,08a6f7bb3c68,,0,273,704,08:A6:F7:BB:3C:68,,9191,21,2,,23,,,994316,1782292860567,994322,1782292860573,,1782292860499,29,2026-06-24T09:21:01.2162279Z,47,,oasis/bottle,0
,,,,,,6,local.mqtt.telegraf,44,47.49,,periodic,,68,-10383,47,45,,,1,08a6f7bb3c68,,0,273,705,08:A6:F7:BB:3C:68,,10451,21,2,,23,,,995576,1782292861827,995582,1782292861833,,1782292861759,29,2026-06-24T09:21:02.4600654Z,47,,oasis/bottle,0
,,,,,,6,local.mqtt.telegraf,44,47.48,,periodic,,69,-11681,48,46,,,1,08a6f7bb3c68,,0,273,706,08:A6:F7:BB:3C:68,,11750,21,2,,23,,,996876,1782292863127,996882,1782292863133,,1782292863058,29,2026-06-24T09:21:03.7545127Z,47,,oasis/bottle,0
,,,,,,6,local.mqtt.telegraf,44,47.65,,periodic,,69,-13081,48,46,,,1,08a6f7bb3c68,,0,273,707,08:A6:F7:BB:3C:68,,13150,21,2,,23,,,998276,1782292864527,998282,1782292864533,,1782292864458,29,2026-06-24T09:21:05.1475903Z,47,,oasis/bottle,0
,,,,,,6,local.mqtt.telegraf,44,47.49,,periodic,,69,-14681,48,46,,,1,08a6f7bb3c68,,0,273,708,08:A6:F7:BB:3C:68,,14750,21,2,,23,,,999876,1782292866127,999882,1782292866133,,1782292866058,29,2026-06-24T09:21:06.7549623Z,47,,oasis/bottle,0
,,,,,,6,local.mqtt.telegraf,44,47.49,,periodic,,69,-16071,48,46,,,1,08a6f7bb3c68,,0,273,709,08:A6:F7:BB:3C:68,,16140,21,2,,23,,,1001266,1782292867517,1001272,1782292867523,,1782292867448,29,2026-06-24T09:21:08.1355193Z,47,,oasis/bottle,0
,,,,,,6,local.mqtt.telegraf,44,47.65,,periodic,,69,-17651,48,46,,,1,08a6f7bb3c68,,0,273,710,08:A6:F7:BB:3C:68,,17720,21,2,,23,,,1002846,1782292869097,1002852,1782292869103,,1782292869028,29,2026-06-24T09:21:09.7298124Z,47,,oasis/bottle,0
,,,,,,6,local.mqtt.telegraf,44,47.16,,periodic,,69,-19011,48,46,,,1,08a6f7bb3c68,,0,273,711,08:A6:F7:BB:3C:68,,19080,21,2,,23,,,1004206,1782292870457,1004212,1782292870463,,1782292870388,29,2026-06-24T09:21:11.1170907Z,47,,oasis/bottle,0
,,,,,,5,local.mqtt.telegraf,44,47.44,,periodic,,67,-314,46,44,,,1,08a6f7bb3c68,,0,274,712,08:A6:F7:BB:3C:68,,381,21,2,,23,,,1005715,1782292871967,1005721,1782292871972,,1782292871900,29,2026-06-24T09:21:12.5725504Z,48,,oasis/bottle,0
,,,,,,6,local.mqtt.telegraf,44,47.41,,periodic,,68,-1542,47,45,,,1,08a6f7bb3c68,,0,273,713,08:A6:F7:BB:3C:68,,1610,21,2,,23,,,1006946,1782292873197,1006952,1782292873203,,1782292873129,29,2026-06-24T09:21:13.8177736Z,48,,oasis/bottle,0
,,,,,,6,local.mqtt.telegraf,44,47.65,,periodic,,67,-2794,46,44,,,1,08a6f7bb3c68,,0,273,714,08:A6:F7:BB:3C:68,,2861,21,2,,23,,,1008196,1782292874447,1008202,1782292874453,,1782292874380,29,2026-06-24T09:21:15.2506288Z,48,,oasis/bottle,0
,,,,,,6,local.mqtt.telegraf,44,47.51,,periodic,,77,-4084,56,54,,,1,08a6f7bb3c68,,0,273,715,08:A6:F7:BB:3C:68,,4161,21,2,,23,,,1009506,1782292875757,1009512,1782292875763,,1782292875680,29,2026-06-24T09:21:16.3807144Z,48,,oasis/bottle,0
,,,,,,6,local.mqtt.telegraf,44,47.16,,periodic,,67,-5504,46,44,,,1,08a6f7bb3c68,,0,273,716,08:A6:F7:BB:3C:68,,5571,21,2,,23,,,1010906,1782292877157,1010912,1782292877163,,1782292877090,29,2026-06-24T09:21:17.780719Z,48,,oasis/bottle,0
,,,,,,6,local.mqtt.telegraf,44,47.59,,periodic,,67,-7124,46,44,,,1,08a6f7bb3c68,,0,273,717,08:A6:F7:BB:3C:68,,7191,21,2,,23,,,1012526,1782292878777,1012532,1782292878783,,1782292878710,29,2026-06-24T09:21:19.401467Z,48,,oasis/bottle,0
,,,,,,6,local.mqtt.telegraf,44,47.45,,periodic,,68,-8542,47,45,,,1,08a6f7bb3c68,,0,273,718,08:A6:F7:BB:3C:68,,8610,21,2,,23,,,1013946,1782292880197,1013952,1782292880203,,1782292880129,29,2026-06-24T09:21:20.8082992Z,48,,oasis/bottle,0
,,,,,,6,local.mqtt.telegraf,44,47.49,,periodic,,68,-9632,47,45,,,1,08a6f7bb3c68,,0,273,719,08:A6:F7:BB:3C:68,,9700,21,2,,23,,,1015036,1782292881287,1015042,1782292881293,,1782292881219,29,2026-06-24T09:21:21.8976694Z,48,,oasis/bottle,0
,,,,,,6,local.mqtt.telegraf,44,47.47,,periodic,,75,-11146,54,52,,,1,08a6f7bb3c68,,0,273,720,08:A6:F7:BB:3C:68,,11221,21,2,,23,,,1016564,1782292882815,1016570,1782292882821,,1782292882740,29,2026-06-24T09:21:23.4369616Z,48,,oasis/bottle,0
,,,,,,6,local.mqtt.telegraf,44,47.06,,periodic,,67,-12424,46,44,,,1,08a6f7bb3c68,,0,273,721,08:A6:F7:BB:3C:68,,12491,21,2,,23,,,1017826,1782292884077,1017832,1782292884083,,1782292884010,29,2026-06-24T09:21:24.6920255Z,48,,oasis/bottle,0
,,,,,,6,local.mqtt.telegraf,44,47.37,,periodic,,67,-13734,46,44,,,1,08a6f7bb3c68,,0,273,722,08:A6:F7:BB:3C:68,,13801,21,2,,23,,,1019136,1782292885387,1019142,1782292885393,,1782292885320,29,2026-06-24T09:21:25.9967746Z,48,,oasis/bottle,0
,,,,,,6,local.mqtt.telegraf,44,47.52,,periodic,,77,-15154,56,54,,,1,08a6f7bb3c68,,0,273,723,08:A6:F7:BB:3C:68,,15231,21,2,,23,,,1020576,1782292886827,1020582,1782292886833,,1782292886750,29,2026-06-24T09:21:27.4330882Z,48,,oasis/bottle,0
,,,,,,6,local.mqtt.telegraf,44,47.12,,periodic,,68,-16222,47,45,,,1,08a6f7bb3c68,,0,273,724,08:A6:F7:BB:3C:68,,16290,21,2,,23,,,1021626,1782292887877,1021632,1782292887883,,1782292887809,29,2026-06-24T09:21:28.4867608Z,48,,oasis/bottle,0
,,,,,,6,local.mqtt.telegraf,44,47.36,,periodic,,67,-17724,46,44,,,1,08a6f7bb3c68,,0,273,725,08:A6:F7:BB:3C:68,,17791,21,2,,23,,,1023126,1782292889377,1023132,1782292889383,,1782292889310,29,2026-06-24T09:21:29.9854405Z,48,,oasis/bottle,0
,,,,,,6,local.mqtt.telegraf,44,47.16,,periodic,,67,-18934,46,44,,,1,08a6f7bb3c68,,0,273,726,08:A6:F7:BB:3C:68,,19001,21,2,,23,,,1024336,1782292890587,1024342,1782292890593,,1782292890520,29,2026-06-24T09:21:31.2155582Z,48,,oasis/bottle,0
,,,,,,6,local.mqtt.telegraf,44,47.06,,periodic,,67,-20144,46,44,,,1,08a6f7bb3c68,,0,273,727,08:A6:F7:BB:3C:68,,20211,21,2,,23,,,1025546,1782292891797,1025552,1782292891803,,1782292891730,29,2026-06-24T09:21:32.4069312Z,48,,oasis/bottle,0
,,,,,,6,local.mqtt.telegraf,44,47.45,,periodic,,66,-895,36,33,,,1,08a6f7bb3c68,,0,274,728,08:A6:F7:BB:3C:68,,961,30,2,,33,,,1026775,1782292893026,1026781,1782292893032,,1782292892960,29,2026-06-24T09:21:33.6491347Z,49,,oasis/bottle,0
,,,,,,6,local.mqtt.telegraf,44,47.34,,periodic,,68,-2132,38,35,,,1,08a6f7bb3c68,,0,273,729,08:A6:F7:BB:3C:68,,2200,30,2,,33,,,1028016,1782292894267,1028022,1782292894273,,1782292894199,29,2026-06-24T09:21:34.8949374Z,49,,oasis/bottle,0
,,,,,,7,local.mqtt.telegraf,44,47.1,,periodic,,67,-3424,37,34,,,1,08a6f7bb3c68,,0,273,730,08:A6:F7:BB:3C:68,,3491,30,2,,33,,,1029306,1782292895557,1029313,1782292895564,,1782292895490,29,2026-06-24T09:21:36.1829384Z,49,,oasis/bottle,0
,,,,,,6,local.mqtt.telegraf,44,47.36,,periodic,,68,-4792,38,35,,,1,08a6f7bb3c68,,0,273,731,08:A6:F7:BB:3C:68,,4860,30,2,,33,,,1030676,1782292896927,1030682,1782292896933,,1782292896859,29,2026-06-24T09:21:37.5465244Z,49,,oasis/bottle,0
,,,,,,6,local.mqtt.telegraf,44,47.72,,periodic,,65,-6338,35,32,,,1,08a6f7bb3c68,,0,273,732,08:A6:F7:BB:3C:68,,6403,30,2,,33,,,1032216,1782292898467,1032222,1782292898473,,1782292898402,29,2026-06-24T09:21:39.0897383Z,49,,oasis/bottle,0
,,,,,,6,local.mqtt.telegraf,44,47.26,,periodic,,68,-7612,38,35,,,1,08a6f7bb3c68,,0,273,733,08:A6:F7:BB:3C:68,,7680,30,2,,33,,,1033496,1782292899747,1033502,1782292899753,,1782292899679,29,2026-06-24T09:21:40.3554269Z,49,,oasis/bottle,0
,,,,,,6,local.mqtt.telegraf,44,47.49,,periodic,,68,-8972,38,35,,,1,08a6f7bb3c68,,0,273,734,08:A6:F7:BB:3C:68,,9040,30,2,,33,,,1034856,1782292901107,1034862,1782292901113,,1782292901039,29,2026-06-24T09:21:41.7239215Z,49,,oasis/bottle,0
,,,,,,6,local.mqtt.telegraf,44,47.56,,periodic,,67,-10484,37,34,,,1,08a6f7bb3c68,,0,273,735,08:A6:F7:BB:3C:68,,10551,30,2,,33,,,1036366,1782292902617,1036372,1782292902623,,1782292902550,29,2026-06-24T09:21:43.2290241Z,49,,oasis/bottle,0
,,,,,,6,local.mqtt.telegraf,44,47.49,,periodic,,68,-11712,38,35,,,1,08a6f7bb3c68,,0,273,736,08:A6:F7:BB:3C:68,,11780,30,2,,33,,,1037596,1782292903847,1037602,1782292903853,,1782292903779,29,2026-06-24T09:21:44.5455794Z,49,,oasis/bottle,0
,,,,,,6,local.mqtt.telegraf,44,47.49,,periodic,,68,-12952,38,35,,,1,08a6f7bb3c68,,0,273,737,08:A6:F7:BB:3C:68,,13020,30,2,,33,,,1038836,1782292905087,1038842,1782292905093,,1782292905019,29,2026-06-24T09:21:45.7059673Z,49,,oasis/bottle,0
,,,,,,6,local.mqtt.telegraf,44,47.69,,periodic,,68,-14242,38,35,,,1,08a6f7bb3c68,,0,273,738,08:A6:F7:BB:3C:68,,14310,30,2,,33,,,1040126,1782292906377,1040132,1782292906383,,1782292906309,29,2026-06-24T09:21:47.4143781Z,49,,oasis/bottle,0
,,,,,,6,local.mqtt.telegraf,44,47.4,,periodic,,68,-15612,38,35,,,1,08a6f7bb3c68,,0,273,739,08:A6:F7:BB:3C:68,,15680,30,2,,33,,,1041496,1782292907747,1041502,1782292907753,,1782292907679,29,2026-06-24T09:21:48.3563955Z,49,,oasis/bottle,0
,,,,,,6,local.mqtt.telegraf,44,47.56,,periodic,,64,-17160,34,31,,,1,08a6f7bb3c68,,0,273,740,08:A6:F7:BB:3C:68,,17224,30,2,,33,,,1043036,1782292909287,1043042,1782292909293,,1782292909223,29,2026-06-24T09:21:49.9044467Z,49,,oasis/bottle,0
,,,,,,6,local.mqtt.telegraf,44,47.29,,periodic,,68,-18432,38,35,,,1,08a6f7bb3c68,,0,273,741,08:A6:F7:BB:3C:68,,18500,30,2,,33,,,1044316,1782292910567,1044322,1782292910573,,1782292910499,29,2026-06-24T09:21:51.1993802Z,49,,oasis/bottle,0
,,,,,,6,local.mqtt.telegraf,44,47.42,,periodic,,68,-19792,38,35,,,1,08a6f7bb3c68,,0,273,742,08:A6:F7:BB:3C:68,,19860,30,2,,33,,,1045676,1782292911927,1045682,1782292911933,,1782292911859,29,2026-06-24T09:21:52.545276Z,49,,oasis/bottle,0
,,,,,,6,local.mqtt.telegraf,44,47.49,,periodic,,67,-1094,36,34,,,1,08a6f7bb3c68,,0,273,743,08:A6:F7:BB:3C:68,,1161,31,2,,33,,,1047186,1782292913437,1047192,1782292913443,,1782292913370,29,2026-06-24T09:21:54.0554988Z,50,,oasis/bottle,0
,,,,,,6,local.mqtt.telegraf,44,47.42,,periodic,,68,-2322,37,35,,,1,08a6f7bb3c68,,0,273,744,08:A6:F7:BB:3C:68,,2390,31,2,,33,,,1048416,1782292914667,1048422,1782292914673,,1782292914599,29,2026-06-24T09:21:55.2785189Z,50,,oasis/bottle,0
,,,,,,6,local.mqtt.telegraf,44,47.68,,periodic,,68,-3572,37,35,,,1,08a6f7bb3c68,,0,273,745,08:A6:F7:BB:3C:68,,3640,31,2,,33,,,1049666,1782292915917,1049672,1782292915923,,1782292915849,29,2026-06-24T09:21:56.5289979Z,50,,oasis/bottle,0
,,,,,,6,local.mqtt.telegraf,44,47.37,,periodic,,68,-4872,37,35,,,1,08a6f7bb3c68,,0,273,746,08:A6:F7:BB:3C:68,,4940,31,2,,33,,,1050966,1782292917217,1050972,1782292917223,,1782292917149,29,2026-06-24T09:21:57.8367031Z,50,,oasis/bottle,0
,,,,,,6,local.mqtt.telegraf,44,47.2,,periodic,,68,-6282,37,35,,,1,08a6f7bb3c68,,0,273,747,08:A6:F7:BB:3C:68,,6350,31,2,,33,,,1052376,1782292918627,1052382,1782292918633,,1782292918559,29,2026-06-24T09:21:59.2377654Z,50,,oasis/bottle,0
,,,,,,6,local.mqtt.telegraf,44,47.32,,periodic,,68,-7922,37,35,,,1,08a6f7bb3c68,,0,273,748,08:A6:F7:BB:3C:68,,7990,31,2,,33,,,1054016,1782292920267,1054022,1782292920273,,1782292920199,29,2026-06-24T09:22:00.891568Z,50,,oasis/bottle,0
,,,,,,6,local.mqtt.telegraf,44,47.67,,periodic,,74,-9350,43,41,,,1,08a6f7bb3c68,,0,273,749,08:A6:F7:BB:3C:68,,9424,31,2,,33,,,1055456,1782292921707,1055462,1782292921713,,1782292921633,29,2026-06-24T09:22:02.3263818Z,50,,oasis/bottle,0
,,,,,,6,local.mqtt.telegraf,44,47.36,,periodic,,68,-10442,37,35,,,1,08a6f7bb3c68,,0,273,750,08:A6:F7:BB:3C:68,,10510,31,2,,33,,,1056536,1782292922787,1056542,1782292922793,,1782292922719,29,2026-06-24T09:22:03.3934821Z,50,,oasis/bottle,0
,,,,,,6,local.mqtt.telegraf,44,47.61,,periodic,,68,-12002,37,35,,,1,08a6f7bb3c68,,0,273,751,08:A6:F7:BB:3C:68,,12070,31,2,,33,,,1058096,1782292924347,1058102,1782292924353,,1782292924279,29,2026-06-24T09:22:04.9629955Z,50,,oasis/bottle,0
,,,,,,6,local.mqtt.telegraf,44,47.48,,periodic,,67,-13324,36,34,,,1,08a6f7bb3c68,,0,273,752,08:A6:F7:BB:3C:68,,13391,31,2,,33,,,1059416,1782292925667,1059422,1782292925673,,1782292925600,29,2026-06-24T09:22:06.2863552Z,50,,oasis/bottle,0
,,,,,,6,local.mqtt.telegraf,44,47.34,,periodic,,67,-14754,36,34,,,1,08a6f7bb3c68,,0,273,753,08:A6:F7:BB:3C:68,,14821,31,2,,33,,,1060846,1782292927097,1060852,1782292927103,,1782292927030,29,2026-06-24T09:22:07.7073549Z,50,,oasis/bottle,0
,,,,,,6,local.mqtt.telegraf,44,47.24,,periodic,,68,-15822,37,35,,,1,08a6f7bb3c68,,0,273,754,08:A6:F7:BB:3C:68,,15890,31,2,,33,,,1061916,1782292928167,1061922,1782292928173,,1782292928099,29,2026-06-24T09:22:08.7819668Z,50,,oasis/bottle,0
,,,,,,6,local.mqtt.telegraf,44,47.21,,periodic,,68,-17352,37,35,,,1,08a6f7bb3c68,,0,273,755,08:A6:F7:BB:3C:68,,17420,31,2,,33,,,1063446,1782292929697,1063452,1782292929703,,1782292929629,29,2026-06-24T09:22:10.3187822Z,50,,oasis/bottle,0
,,,,,,7,local.mqtt.telegraf,44,47.25,,periodic,,68,-18602,37,35,,,1,08a6f7bb3c68,,0,273,756,08:A6:F7:BB:3C:68,,18670,31,2,,33,,,1064696,1782292930947,1064703,1782292930954,,1782292930879,29,2026-06-24T09:22:11.5688044Z,50,,oasis/bottle,0
,,,,,,6,local.mqtt.telegraf,44,47.28,,periodic,,68,-19912,37,35,,,1,08a6f7bb3c68,,0,273,757,08:A6:F7:BB:3C:68,,19980,31,2,,33,,,1066006,1782292932257,1066012,1782292932263,,1782292932189,29,2026-06-24T09:22:12.8745286Z,50,,oasis/bottle,0
,,,,,,6,local.mqtt.telegraf,44,47.59,,periodic,,67,-1114,44,34,,,1,08a6f7bb3c68,,0,274,758,08:A6:F7:BB:3C:68,,1181,23,2,,33,,,1067416,1782292933667,1067422,1782292933673,,1782292933600,29,2026-06-24T09:22:14.2889831Z,51,,oasis/bottle,0
,,,,,,6,local.mqtt.telegraf,44,47.36,,periodic,,68,-2742,45,35,,,1,08a6f7bb3c68,,0,273,759,08:A6:F7:BB:3C:68,,2810,23,2,,33,,,1069046,1782292935297,1069052,1782292935303,,1782292935229,29,2026-06-24T09:22:15.9309841Z,51,,oasis/bottle,0
,,,,,,6,local.mqtt.telegraf,44,47.51,,periodic,,68,-4182,45,35,,,1,08a6f7bb3c68,,0,273,760,08:A6:F7:BB:3C:68,,4250,23,2,,33,,,1070486,1782292936737,1070492,1782292936743,,1782292936669,29,2026-06-24T09:22:17.3450947Z,51,,oasis/bottle,0
,,,,,,6,local.mqtt.telegraf,44,47.52,,periodic,,68,-5272,45,35,,,1,08a6f7bb3c68,,0,273,761,08:A6:F7:BB:3C:68,,5340,23,2,,33,,,1071576,1782292937827,1071582,1782292937833,,1782292937759,29,2026-06-24T09:22:18.4510893Z,51,,oasis/bottle,0
,,,,,,6,local.mqtt.telegraf,44,47.59,,periodic,,68,-6842,45,35,,,1,08a6f7bb3c68,,0,273,762,08:A6:F7:BB:3C:68,,6910,23,2,,33,,,1073146,1782292939397,1073152,1782292939403,,1782292939329,29,2026-06-24T09:22:20.0051514Z,51,,oasis/bottle,0
,,,,,,6,local.mqtt.telegraf,44,47.28,,periodic,,68,-8182,45,35,,,1,08a6f7bb3c68,,0,273,763,08:A6:F7:BB:3C:68,,8250,23,2,,33,,,1074486,1782292940737,1074492,1782292940743,,1782292940669,29,2026-06-24T09:22:21.3545615Z,51,,oasis/bottle,0
,,,,,,6,local.mqtt.telegraf,44,47.26,,periodic,,68,-9672,45,35,,,1,08a6f7bb3c68,,0,273,764,08:A6:F7:BB:3C:68,,9740,23,2,,33,,,1075976,1782292942227,1075982,1782292942233,,1782292942159,29,2026-06-24T09:22:22.842306Z,51,,oasis/bottle,0
,,,,,,6,local.mqtt.telegraf,44,47.06,,periodic,,68,-10832,45,35,,,1,08a6f7bb3c68,,0,273,765,08:A6:F7:BB:3C:68,,10900,23,2,,33,,,1077136,1782292943387,1077142,1782292943393,,1782292943319,29,2026-06-24T09:22:24.0020798Z,51,,oasis/bottle,0
,,,,,,6,local.mqtt.telegraf,44,47.21,,periodic,,68,-11962,45,35,,,1,08a6f7bb3c68,,0,273,766,08:A6:F7:BB:3C:68,,12030,23,2,,33,,,1078266,1782292944517,1078272,1782292944523,,1782292944449,29,2026-06-24T09:22:25.2832108Z,51,,oasis/bottle,0
,,,,,,6,local.mqtt.telegraf,44,47.45,,periodic,,68,-13012,45,35,,,1,08a6f7bb3c68,,0,273,767,08:A6:F7:BB:3C:68,,13080,23,2,,33,,,1079316,1782292945567,1079322,1782292945573,,1782292945499,29,2026-06-24T09:22:26.2872585Z,51,,oasis/bottle,0
,,,,,,6,local.mqtt.telegraf,44,47.2,,periodic,,68,-14512,45,35,,,1,08a6f7bb3c68,,0,273,768,08:A6:F7:BB:3C:68,,14580,23,2,,33,,,1080816,1782292947067,1080822,1782292947073,,1782292946999,29,2026-06-24T09:22:27.8669624Z,51,,oasis/bottle,0
,,,,,,6,local.mqtt.telegraf,44,46.86,,periodic,,68,-15702,45,35,,,1,08a6f7bb3c68,,0,273,769,08:A6:F7:BB:3C:68,,15770,23,2,,33,,,1082006,1782292948257,1082012,1782292948263,,1782292948189,29,2026-06-24T09:22:28.8625684Z,51,,oasis/bottle,0
,,,,,,6,local.mqtt.telegraf,44,46.91,,periodic,,68,-16882,45,35,,,1,08a6f7bb3c68,,0,273,770,08:A6:F7:BB:3C:68,,16950,23,2,,33,,,1083186,1782292949437,1083192,1782292949443,,1782292949369,29,2026-06-24T09:22:30.0465938Z,51,,oasis/bottle,0
,,,,,,7,local.mqtt.telegraf,44,47.2,,periodic,,68,-18042,45,35,,,1,08a6f7bb3c68,,0,273,771,08:A6:F7:BB:3C:68,,18110,23,2,,33,,,1084346,1782292950597,1084352,1782292950604,,1782292950529,29,2026-06-24T09:22:31.2106783Z,51,,oasis/bottle,0
,,,,,,6,local.mqtt.telegraf,44,47.06,,periodic,,68,-19202,45,35,,,1,08a6f7bb3c68,,0,273,772,08:A6:F7:BB:3C:68,,19270,23,2,,33,,,1085506,1782292951757,1085512,1782292951763,,1782292951689,29,2026-06-24T09:22:32.3686167Z,51,,oasis/bottle,0
,,,,,,6,local.mqtt.telegraf,44,47.1,,periodic,,68,-20272,45,35,,,1,08a6f7bb3c68,,0,273,773,08:A6:F7:BB:3C:68,,20340,23,2,,33,,,1086576,1782292952827,1086582,1782292952833,,1782292952759,29,2026-06-24T09:22:33.4366372Z,51,,oasis/bottle,0
,,,,,,5,local.mqtt.telegraf,44,47.1,,periodic,,67,-1375,15,13,,,1,08a6f7bb3c68,,0,273,774,08:A6:F7:BB:3C:68,,1442,52,2,,54,,,1088126,1782292954377,1088131,1782292954382,,1782292954310,29,2026-06-24T09:22:34.9973761Z,52,,oasis/bottle,0
,,,,,,6,local.mqtt.telegraf,44,46.85,,periodic,,68,-2663,16,14,,,1,08a6f7bb3c68,,0,273,775,08:A6:F7:BB:3C:68,,2731,52,2,,54,,,1089416,1782292955667,1089422,1782292955673,,1782292955599,29,2026-06-24T09:22:36.2834824Z,52,,oasis/bottle,0
,,,,,,6,local.mqtt.telegraf,44,47.01,,periodic,,68,-4043,16,14,,,1,08a6f7bb3c68,,0,273,776,08:A6:F7:BB:3C:68,,4111,52,2,,54,,,1090796,1782292957047,1090802,1782292957053,,1782292956979,29,2026-06-24T09:22:37.6774484Z,52,,oasis/bottle,0
,,,,,,6,local.mqtt.telegraf,44,47.06,,periodic,,68,-5623,16,14,,,1,08a6f7bb3c68,,0,273,777,08:A6:F7:BB:3C:68,,5691,52,2,,54,,,1092376,1782292958627,1092382,1782292958633,,1782292958559,29,2026-06-24T09:22:39.2467374Z,52,,oasis/bottle,0
,,,,,,6,local.mqtt.telegraf,44,47.06,,periodic,,68,-6953,16,14,,,1,08a6f7bb3c68,,0,273,778,08:A6:F7:BB:3C:68,,7021,52,2,,54,,,1093706,1782292959957,1093712,1782292959963,,1782292959889,29,2026-06-24T09:22:40.5727892Z,52,,oasis/bottle,0
,,,,,,6,local.mqtt.telegraf,44,47.13,,periodic,,68,-8423,16,14,,,1,08a6f7bb3c68,,0,273,779,08:A6:F7:BB:3C:68,,8491,52,2,,54,,,1095176,1782292961427,1095182,1782292961433,,1782292961359,29,2026-06-24T09:22:42.0352508Z,52,,oasis/bottle,0
,,,,,,6,local.mqtt.telegraf,44,47.08,,periodic,,68,-9563,16,14,,,1,08a6f7bb3c68,,0,273,780,08:A6:F7:BB:3C:68,,9631,52,2,,54,,,1096316,1782292962567,1096322,1782292962573,,1782292962499,29,2026-06-24T09:22:43.1862832Z,52,,oasis/bottle,0
,,,,,,6,local.mqtt.telegraf,44,47.09,,periodic,,68,-10633,16,14,,,1,08a6f7bb3c68,,0,273,781,08:A6:F7:BB:3C:68,,10701,52,2,,54,,,1097386,1782292963637,1097392,1782292963643,,1782292963569,29,2026-06-24T09:22:44.2571292Z,52,,oasis/bottle,0
,,,,,,6,local.mqtt.telegraf,44,46.86,,periodic,,68,-12173,16,14,,,1,08a6f7bb3c68,,0,273,782,08:A6:F7:BB:3C:68,,12241,52,2,,54,,,1098926,1782292965177,1098932,1782292965183,,1782292965109,29,2026-06-24T09:22:45.788486Z,52,,oasis/bottle,0
,,,,,,6,local.mqtt.telegraf,44,47.25,,periodic,,68,-13453,16,14,,,1,08a6f7bb3c68,,0,273,783,08:A6:F7:BB:3C:68,,13521,52,2,,54,,,1100206,1782292966457,1100212,1782292966463,,1782292966389,29,2026-06-24T09:22:47.0781535Z,52,,oasis/bottle,0
,,,,,,6,local.mqtt.telegraf,44,47.28,,periodic,,68,-14813,16,14,,,1,08a6f7bb3c68,,0,273,784,08:A6:F7:BB:3C:68,,14881,52,2,,54,,,1101566,1782292967817,1101572,1782292967823,,1782292967749,29,2026-06-24T09:22:48.4227216Z,52,,oasis/bottle,0
,,,,,,6,local.mqtt.telegraf,44,47.26,,periodic,,68,-16323,16,14,,,1,08a6f7bb3c68,,0,273,785,08:A6:F7:BB:3C:68,,16391,52,2,,54,,,1103076,1782292969327,1103082,1782292969333,,1782292969259,29,2026-06-24T09:22:49.9433115Z,52,,oasis/bottle,0
,,,,,,6,local.mqtt.telegraf,44,47.16,,periodic,,64,-17541,12,10,,,1,08a6f7bb3c68,,0,273,786,08:A6:F7:BB:3C:68,,17605,52,2,,54,,,1104286,1782292970537,1104292,1782292970543,,1782292970473,29,2026-06-24T09:22:51.1485457Z,52,,oasis/bottle,0
,,,,,,6,local.mqtt.telegraf,44,47.3,,periodic,,68,-18763,16,14,,,1,08a6f7bb3c68,,0,273,787,08:A6:F7:BB:3C:68,,18831,52,2,,54,,,1105516,1782292971767,1105522,1782292971773,,1782292971699,29,2026-06-24T09:22:52.3807038Z,52,,oasis/bottle,0
,,,,,,6,local.mqtt.telegraf,44,47.49,,periodic,,69,-20022,17,15,,,1,08a6f7bb3c68,,0,273,788,08:A6:F7:BB:3C:68,,20091,52,2,,54,,,1106776,1782292973028,1106783,1782292973034,,1782292972959,29,2026-06-24T09:22:53.6344589Z,52,,oasis/bottle,0
,,,,,,6,local.mqtt.telegraf,44,47.49,,periodic,,67,-1144,28,25,,,1,08a6f7bb3c68,,0,273,789,08:A6:F7:BB:3C:68,,1211,39,2,,42,,,1108096,1782292974347,1108102,1782292974353,,1782292974280,29,2026-06-24T09:22:54.963334Z,53,,oasis/bottle,0
,,,,,,6,local.mqtt.telegraf,44,47.47,,periodic,,68,-2572,29,26,,,1,08a6f7bb3c68,,0,273,790,08:A6:F7:BB:3C:68,,2640,39,2,,42,,,1109526,1782292975777,1109532,1782292975783,,1782292975709,29,2026-06-24T09:22:56.3938638Z,53,,oasis/bottle,0
,,,,,,6,local.mqtt.telegraf,44,47.21,,periodic,,68,-3632,29,26,,,1,08a6f7bb3c68,,0,273,791,08:A6:F7:BB:3C:68,,3700,39,2,,42,,,1110586,1782292976837,1110592,1782292976843,,1782292976769,29,2026-06-24T09:22:57.4540714Z,53,,oasis/bottle,0
,,,,,,6,local.mqtt.telegraf,44,47.14,,periodic,,68,-5162,29,26,,,1,08a6f7bb3c68,,0,273,792,08:A6:F7:BB:3C:68,,5230,39,2,,42,,,1112116,1782292978367,1112122,1782292978373,,1782292978299,29,2026-06-24T09:22:58.9725363Z,53,,oasis/bottle,0
,,,,,,6,local.mqtt.telegraf,45,47.33,,periodic,,68,-6402,29,26,,,1,08a6f7bb3c68,,0,273,793,08:A6:F7:BB:3C:68,,6470,39,2,,42,,,1113356,1782292979607,1113362,1782292979613,,1782292979539,29,2026-06-24T09:23:00.2251709Z,53,,oasis/bottle,0
,,,,,,6,local.mqtt.telegraf,44,47.34,,periodic,,68,-7682,29,26,,,1,08a6f7bb3c68,,0,273,794,08:A6:F7:BB:3C:68,,7750,39,2,,42,,,1114636,1782292980887,1114642,1782292980893,,1782292980819,29,2026-06-24T09:23:01.5014114Z,53,,oasis/bottle,0
,,,,,,6,local.mqtt.telegraf,44,47.72,,periodic,,68,-9052,29,26,,,1,08a6f7bb3c68,,0,273,795,08:A6:F7:BB:3C:68,,9120,39,2,,42,,,1116006,1782292982257,1116012,1782292982263,,1782292982189,29,2026-06-24T09:23:03.2753096Z,53,,oasis/bottle,0
,,,,,,14,local.mqtt.telegraf,44,47.51,,periodic,,68,-10572,29,26,,,1,08a6f7bb3c68,,0,273,796,08:A6:F7:BB:3C:68,,10640,39,2,,42,,,1117526,1782292983777,1117540,1782292983791,,1782292983709,29,2026-06-24T09:23:04.3927572Z,53,,oasis/bottle,0
,,,,,,6,local.mqtt.telegraf,44,47.71,,periodic,,68,-11832,29,26,,,1,08a6f7bb3c68,,0,273,797,08:A6:F7:BB:3C:68,,11900,39,2,,42,,,1118786,1782292985037,1118792,1782292985043,,1782292984969,29,2026-06-24T09:23:05.653402Z,53,,oasis/bottle,0
,,,,,,6,local.mqtt.telegraf,44,47.21,,periodic,,68,-13142,29,26,,,1,08a6f7bb3c68,,0,273,798,08:A6:F7:BB:3C:68,,13210,39,2,,42,,,1120096,1782292986347,1120102,1782292986353,,1782292986279,29,2026-06-24T09:23:06.9711109Z,53,,oasis/bottle,0
,,,,,,7,local.mqtt.telegraf,44,47.47,,periodic,,68,-14552,29,26,,,1,08a6f7bb3c68,,0,273,799,08:A6:F7:BB:3C:68,,14620,39,2,,42,,,1121506,1782292987757,1121513,1782292987764,,1782292987689,29,2026-06-24T09:23:08.3670084Z,53,,oasis/bottle,0
,,,,,,10,local.mqtt.telegraf,44,47.51,,periodic,,68,-16182,29,26,,,1,08a6f7bb3c68,,0,273,800,08:A6:F7:BB:3C:68,,16250,39,2,,42,,,1123136,1782292989387,1123145,1782292989397,,1782292989319,29,2026-06-24T09:23:09.9925997Z,53,,oasis/bottle,0
,,,,,,6,local.mqtt.telegraf,45,47.16,,periodic,,69,-17621,30,27,,,1,08a6f7bb3c68,,0,273,801,08:A6:F7:BB:3C:68,,17690,39,2,,42,,,1124577,1782292990828,1124583,1782292990834,,1782292990759,29,2026-06-24T09:23:11.4521687Z,53,,oasis/bottle,0
,,,,,,6,local.mqtt.telegraf,45,47.67,,periodic,,68,-18712,29,26,,,1,08a6f7bb3c68,,0,273,802,08:A6:F7:BB:3C:68,,18780,39,2,,42,,,1125666,1782292991917,1125672,1782292991923,,1782292991849,29,2026-06-24T09:23:12.5356936Z,53,,oasis/bottle,0
,,,,,,6,local.mqtt.telegraf,45,47.61,,periodic,,68,-20283,29,26,,,1,08a6f7bb3c68,,0,273,803,08:A6:F7:BB:3C:68,,20351,39,2,,42,,,1127237,1782292993488,1127243,1782292993494,,1782292993420,29,2026-06-24T09:23:14.0968384Z,53,,oasis/bottle,0
,,,,,,6,local.mqtt.telegraf,45,47.48,,periodic,,67,-1175,19,16,,,1,08a6f7bb3c68,,0,273,804,08:A6:F7:BB:3C:68,,1242,48,2,,51,,,1128586,1782292994837,1128592,1782292994843,,1782292994770,29,2026-06-24T09:23:15.4480438Z,54,,oasis/bottle,0
,,,,,,6,local.mqtt.telegraf,45,47.61,,periodic,,68,-2673,20,17,,,1,08a6f7bb3c68,,0,273,805,08:A6:F7:BB:3C:68,,2741,48,2,,51,,,1130086,1782292996337,1130092,1782292996343,,1782292996269,29,2026-06-24T09:23:16.9479584Z,54,,oasis/bottle,0
,,,,,,6,local.mqtt.telegraf,45,47.67,,periodic,,67,-3865,19,16,,,1,08a6f7bb3c68,,0,274,806,08:A6:F7:BB:3C:68,,3932,48,2,,51,,,1131276,1782292997527,1131282,1782292997533,,1782292997460,29,2026-06-24T09:23:18.1541984Z,54,,oasis/bottle,0
,,,,,,6,local.mqtt.telegraf,45,47.29,,periodic,,67,-5035,19,16,,,1,08a6f7bb3c68,,0,274,807,08:A6:F7:BB:3C:68,,5102,48,2,,51,,,1132446,1782292998697,1132452,1782292998703,,1782292998630,29,2026-06-24T09:23:19.4051723Z,54,,oasis/bottle,0
,,,,,,6,local.mqtt.telegraf,45,47.33,,periodic,,68,-6173,20,17,,,1,08a6f7bb3c68,,0,273,808,08:A6:F7:BB:3C:68,,6241,48,2,,51,,,1133586,1782292999837,1133592,1782292999843,,1782292999769,29,2026-06-24T09:23:20.4459118Z,54,,oasis/bottle,0
,,,,,,6,local.mqtt.telegraf,45,47.56,,periodic,,68,-7263,20,17,,,1,08a6f7bb3c68,,0,273,809,08:A6:F7:BB:3C:68,,7331,48,2,,51,,,1134676,1782293000927,1134682,1782293000933,,1782293000859,29,2026-06-24T09:23:21.5383102Z,54,,oasis/bottle,0
,,,,,,7,local.mqtt.telegraf,45,47.49,,periodic,,68,-8823,20,17,,,1,08a6f7bb3c68,,0,273,810,08:A6:F7:BB:3C:68,,8891,48,2,,51,,,1136236,1782293002487,1136242,1782293002494,,1782293002419,29,2026-06-24T09:23:23.0925103Z,54,,oasis/bottle,0
,,,,,,6,local.mqtt.telegraf,45,47.96,,periodic,,67,-10155,19,16,,,1,08a6f7bb3c68,,0,273,811,08:A6:F7:BB:3C:68,,10222,48,2,,51,,,1137566,1782293003817,1137572,1782293003823,,1782293003750,29,2026-06-24T09:23:24.4328607Z,54,,oasis/bottle,0
,,,,,,6,local.mqtt.telegraf,45,47.92,,periodic,,68,-11603,20,17,,,1,08a6f7bb3c68,,0,273,812,08:A6:F7:BB:3C:68,,11671,48,2,,51,,,1139016,1782293005267,1139022,1782293005273,,1782293005199,29,2026-06-24T09:23:25.9287226Z,54,,oasis/bottle,0
,,,,,,6,local.mqtt.telegraf,45,47.55,,periodic,,77,-12695,29,26,,,1,08a6f7bb3c68,,0,273,813,08:A6:F7:BB:3C:68,,12772,48,2,,51,,,1140126,1782293006377,1140132,1782293006383,,1782293006300,29,2026-06-24T09:23:26.9887403Z,54,,oasis/bottle,0
,,,,,,6,local.mqtt.telegraf,45,48.07,,periodic,,68,-14313,20,17,,,1,08a6f7bb3c68,,0,273,814,08:A6:F7:BB:3C:68,,14381,48,2,,51,,,1141726,1782293007977,1141732,1782293007983,,1782293007909,29,2026-06-24T09:23:28.5977106Z,54,,oasis/bottle,0
,,,,,,6,local.mqtt.telegraf,45,48.12,,periodic,,78,-15703,30,27,,,1,08a6f7bb3c68,,0,273,815,08:A6:F7:BB:3C:68,,15781,48,2,,51,,,1143136,1782293009387,1143142,1782293009393,,1782293009309,29,2026-06-24T09:23:30.1036317Z,54,,oasis/bottle,0
,,,,,,6,local.mqtt.telegraf,45,47.83,,periodic,,68,-17333,20,17,,,1,08a6f7bb3c68,,0,273,816,08:A6:F7:BB:3C:68,,17401,48,2,,51,,,1144746,1782293010997,1144752,1782293011003,,1782293010929,29,2026-06-24T09:23:31.6102384Z,54,,oasis/bottle,0
,,,,,,7,local.mqtt.telegraf,45,48.07,,periodic,,68,-18753,20,17,,,1,08a6f7bb3c68,,0,273,817,08:A6:F7:BB:3C:68,,18821,48,2,,51,,,1146166,1782293012417,1146173,1782293012424,,1782293012349,29,2026-06-24T09:23:33.0330324Z,54,,oasis/bottle,0
,,,,,,6,local.mqtt.telegraf,45,47.57,,periodic,,68,-19803,20,17,,,1,08a6f7bb3c68,,0,273,818,08:A6:F7:BB:3C:68,,19871,48,2,,51,,,1147216,1782293013467,1147222,1782293013473,,1782293013399,29,2026-06-24T09:23:34.0738076Z,54,,oasis/bottle,0
,,,,,,6,local.mqtt.telegraf,45,48.12,,periodic,,66,-1095,45,43,,,1,08a6f7bb3c68,,0,274,819,08:A6:F7:BB:3C:68,,1161,21,2,,23,,,1148695,1782293014946,1148701,1782293014952,,1782293014880,29,2026-06-24T09:23:35.5666047Z,55,,oasis/bottle,0
,,,,,,6,local.mqtt.telegraf,45,48.12,,periodic,,68,-2252,47,45,,,1,08a6f7bb3c68,,0,273,820,08:A6:F7:BB:3C:68,,2320,21,2,,23,,,1149856,1782293016107,1149862,1782293016113,,1782293016039,29,2026-06-24T09:23:36.7209457Z,55,,oasis/bottle,0
,,,,,,6,local.mqtt.telegraf,45,47.59,,periodic,,67,-3374,46,44,,,1,08a6f7bb3c68,,0,273,821,08:A6:F7:BB:3C:68,,3441,21,2,,23,,,1150976,1782293017227,1150982,1782293017233,,1782293017160,29,2026-06-24T09:23:37.8373564Z,55,,oasis/bottle,0
,,,,,,6,local.mqtt.telegraf,45,47.87,,periodic,,78,-4402,57,55,,,1,08a6f7bb3c68,,0,273,822,08:A6:F7:BB:3C:68,,4480,21,2,,23,,,1152026,1782293018277,1152032,1782293018283,,1782293018199,29,2026-06-24T09:23:38.898422Z,55,,oasis/bottle,0
,,,,,,6,local.mqtt.telegraf,45,47.76,,periodic,,68,-5902,47,45,,,1,08a6f7bb3c68,,0,273,823,08:A6:F7:BB:3C:68,,5970,21,2,,23,,,1153506,1782293019757,1153512,1782293019763,,1782293019689,29,2026-06-24T09:23:40.3843383Z,55,,oasis/bottle,0
,,,,,,6,local.mqtt.telegraf,45,47.91,,periodic,,68,-7062,47,45,,,1,08a6f7bb3c68,,0,273,824,08:A6:F7:BB:3C:68,,7130,21,2,,23,,,1154666,1782293020917,1154672,1782293020923,,1782293020849,29,2026-06-24T09:23:41.5378073Z,55,,oasis/bottle,0
,,,,,,6,local.mqtt.telegraf,45,47.99,,periodic,,68,-8192,47,45,,,1,08a6f7bb3c68,,0,273,825,08:A6:F7:BB:3C:68,,8260,21,2,,23,,,1155796,1782293022047,1155802,1782293022053,,1782293021979,29,2026-06-24T09:23:42.6674265Z,55,,oasis/bottle,0
,,,,,,6,local.mqtt.telegraf,45,47.92,,periodic,,68,-9242,47,45,,,1,08a6f7bb3c68,,0,273,826,08:A6:F7:BB:3C:68,,9310,21,2,,23,,,1156846,1782293023097,1156852,1782293023103,,1782293023029,29,2026-06-24T09:23:43.7149016Z,55,,oasis/bottle,0
,,,,,,7,local.mqtt.telegraf,45,47.92,,periodic,,67,-10784,46,44,,,1,08a6f7bb3c68,,0,273,827,08:A6:F7:BB:3C:68,,10851,21,2,,23,,,1158386,1782293024637,1158393,1782293024644,,1782293024570,29,2026-06-24T09:23:45.2516379Z,55,,oasis/bottle,0
,,,,,,6,local.mqtt.telegraf,45,47.96,,periodic,,67,-12034,46,44,,,1,08a6f7bb3c68,,0,273,828,08:A6:F7:BB:3C:68,,12101,21,2,,23,,,1159636,1782293025887,1159642,1782293025893,,1782293025820,29,2026-06-24T09:23:46.4927387Z,55,,oasis/bottle,0
,,,,,,6,local.mqtt.telegraf,45,47.94,,periodic,,68,-13323,47,45,,,1,08a6f7bb3c68,,0,273,829,08:A6:F7:BB:3C:68,,13391,21,2,,23,,,1160926,1782293027178,1160933,1782293027184,,1782293027110,29,2026-06-24T09:23:47.8019675Z,55,,oasis/bottle,0
,,,,,,7,local.mqtt.telegraf,45,47.91,,periodic,,68,-14703,47,45,,,1,08a6f7bb3c68,,0,273,830,08:A6:F7:BB:3C:68,,14771,21,2,,23,,,1162307,1782293028558,1162314,1782293028565,,1782293028490,29,2026-06-24T09:23:49.1682887Z,55,,oasis/bottle,0
,,,,,,6,local.mqtt.telegraf,45,47.92,,periodic,,64,-16250,43,41,,,1,08a6f7bb3c68,,0,273,831,08:A6:F7:BB:3C:68,,16314,21,2,,23,,,1163846,1782293030097,1163852,1782293030103,,1782293030033,29,2026-06-24T09:23:50.7015667Z,55,,oasis/bottle,0
,,,,,,6,local.mqtt.telegraf,45,47.91,,periodic,,77,-17524,56,54,,,1,08a6f7bb3c68,,0,273,832,08:A6:F7:BB:3C:68,,17601,21,2,,23,,,1165146,1782293031397,1165152,1782293031403,,1782293031320,29,2026-06-24T09:23:52.0151869Z,55,,oasis/bottle,0
,,,,,,6,local.mqtt.telegraf,45,47.85,,periodic,,67,-18924,46,44,,,1,08a6f7bb3c68,,0,273,833,08:A6:F7:BB:3C:68,,18991,21,2,,23,,,1166526,1782293032777,1166532,1782293032783,,1782293032710,29,2026-06-24T09:23:53.3924897Z,55,,oasis/bottle,0
,,,,,,6,local.mqtt.telegraf,45,47.92,,periodic,,66,-275,45,43,,,1,08a6f7bb3c68,,0,274,834,08:A6:F7:BB:3C:68,,341,21,2,,23,,,1168085,1782293034336,1168091,1782293034342,,1782293034270,29,2026-06-24T09:23:54.9566989Z,56,,oasis/bottle,0
,,,,,,6,local.mqtt.telegraf,45,47.98,,periodic,,67,-1594,46,44,,,1,08a6f7bb3c68,,0,273,835,08:A6:F7:BB:3C:68,,1661,21,2,,23,,,1169406,1782293035657,1169412,1782293035663,,1782293035590,29,2026-06-24T09:23:56.317036Z,56,,oasis/bottle,0
,,,,,,6,local.mqtt.telegraf,45,47.69,,periodic,,74,-3020,53,51,,,1,08a6f7bb3c68,,0,273,836,08:A6:F7:BB:3C:68,,3094,21,2,,23,,,1170846,1782293037097,1170852,1782293037103,,1782293037023,29,2026-06-24T09:23:58.0165614Z,56,,oasis/bottle,0
,,,,,,6,local.mqtt.telegraf,45,47.8,,periodic,,67,-4104,46,44,,,1,08a6f7bb3c68,,0,273,837,08:A6:F7:BB:3C:68,,4171,21,2,,23,,,1171916,1782293038167,1171922,1782293038173,,1782293038100,29,2026-06-24T09:23:58.7686108Z,56,,oasis/bottle,0
,,,,,,7,local.mqtt.telegraf,45,47.99,,periodic,,67,-5644,46,44,,,1,08a6f7bb3c68,,0,273,838,08:A6:F7:BB:3C:68,,5711,21,2,,23,,,1173456,1782293039707,1173462,1782293039714,,1782293039640,29,2026-06-24T09:24:00.6412077Z,56,,oasis/bottle,0
,,,,,,6,local.mqtt.telegraf,45,47.89,,periodic,,68,-6932,47,45,,,1,08a6f7bb3c68,,0,273,839,08:A6:F7:BB:3C:68,,7000,21,2,,23,,,1174746,1782293040997,1174752,1782293041003,,1782293040929,29,2026-06-24T09:24:01.8925232Z,56,,oasis/bottle,0
,,,,,,7,local.mqtt.telegraf,45,47.69,,periodic,,67,-8304,46,44,,,1,08a6f7bb3c68,,0,273,840,08:A6:F7:BB:3C:68,,8371,21,2,,23,,,1176116,1782293042367,1176123,1782293042374,,1782293042300,29,2026-06-24T09:24:03.7240948Z,56,,oasis/bottle,0
,,,,,,6,local.mqtt.telegraf,45,47.65,,periodic,,67,-9854,46,44,,,1,08a6f7bb3c68,,0,273,841,08:A6:F7:BB:3C:68,,9921,21,2,,23,,,1177666,1782293043917,1177672,1782293043923,,1782293043850,29,2026-06-24T09:24:04.8040536Z,56,,oasis/bottle,0
,,,,,,7,local.mqtt.telegraf,45,48.07,,periodic,,67,-11144,46,44,,,1,08a6f7bb3c68,,0,273,842,08:A6:F7:BB:3C:68,,11211,21,2,,23,,,1178956,1782293045207,1178963,1782293045214,,1782293045140,29,2026-06-24T09:24:05.8342939Z,56,,oasis/bottle,0
,,,,,,6,local.mqtt.telegraf,45,47.84,,periodic,,67,-12524,46,44,,,1,08a6f7bb3c68,,0,273,843,08:A6:F7:BB:3C:68,,12591,21,2,,23,,,1180336,1782293046587,1180342,1782293046593,,1782293046520,29,2026-06-24T09:24:08.6372318Z,56,,oasis/bottle,0
,,,,,,6,local.mqtt.telegraf,45,47.71,,periodic,,74,-14060,53,51,,,1,08a6f7bb3c68,,0,273,844,08:A6:F7:BB:3C:68,,14134,21,2,,23,,,1181886,1782293048137,1181892,1782293048143,,1782293048063,29,2026-06-24T09:24:09.0333353Z,56,,oasis/bottle,0
,,,,,,6,local.mqtt.telegraf,45,47.69,,periodic,,68,-15372,47,45,,,1,08a6f7bb3c68,,0,273,845,08:A6:F7:BB:3C:68,,15440,21,2,,23,,,1183186,1782293049437,1183192,1782293049443,,1782293049369,29,2026-06-24T09:24:10.2703738Z,56,,oasis/bottle,0
,,,,,,7,local.mqtt.telegraf,45,47.98,,periodic,,68,-16772,47,45,,,1,08a6f7bb3c68,,0,273,846,08:A6:F7:BB:3C:68,,16840,21,2,,23,,,1184586,1782293050837,1184593,1782293050844,,1782293050769,29,2026-06-24T09:24:13.2876197Z,56,,oasis/bottle,0
,,,,,,7,local.mqtt.telegraf,45,47.72,,periodic,,78,-19752,57,55,,,1,08a6f7bb3c68,,0,273,848,08:A6:F7:BB:3C:68,,19830,21,2,,23,,,1187586,1782293053837,1187593,1782293053844,,1782293053759,29,2026-06-24T09:24:16.4684918Z,56,,oasis/bottle,0
,,,,,,6,local.mqtt.telegraf,45,47.61,,periodic,,68,-2362,47,45,,,1,08a6f7bb3c68,,0,273,850,08:A6:F7:BB:3C:68,,2430,21,2,,23,,,1190596,1782293056847,1190602,1782293056853,,1782293056779,29,2026-06-24T09:24:19.3349712Z,57,,oasis/bottle,0
,,,,,,7,local.mqtt.telegraf,45,47.49,,periodic,,69,-3951,48,46,,,1,08a6f7bb3c68,,0,273,851,08:A6:F7:BB:3C:68,,4020,21,2,,23,,,1192187,1782293058438,1192193,1782293058445,,1782293058369,29,2026-06-24T09:24:19.3945807Z,57,,oasis/bottle,0
,,,,,,6,local.mqtt.telegraf,45,47.92,,periodic,,68,-5372,47,45,,,1,08a6f7bb3c68,,0,273,852,08:A6:F7:BB:3C:68,,5440,21,2,,23,,,1193606,1782293059857,1193612,1782293059863,,1782293059789,29,2026-06-24T09:24:20.4618927Z,57,,oasis/bottle,0
,,,,,,6,local.mqtt.telegraf,45,47.73,,periodic,,68,-6972,47,45,,,1,08a6f7bb3c68,,0,273,853,08:A6:F7:BB:3C:68,,7040,21,2,,23,,,1195206,1782293061457,1195212,1782293061463,,1782293061389,29,2026-06-24T09:24:23.3715782Z,57,,oasis/bottle,0
,,,,,,6,local.mqtt.telegraf,45,48.07,,periodic,,68,-8372,47,45,,,1,08a6f7bb3c68,,0,273,854,08:A6:F7:BB:3C:68,,8440,21,2,,23,,,1196606,1782293062857,1196612,1782293062863,,1782293062789,29,2026-06-24T09:24:34.1043707Z,57,,oasis/bottle,0
,,,,,,6,local.mqtt.telegraf,45,47.63,,periodic,,68,-15732,47,45,,,1,08a6f7bb3c68,,0,273,859,08:A6:F7:BB:3C:68,,15800,21,2,,23,,,1203966,1782293070217,1203972,1782293070223,,1782293070149,29,2026-06-24T09:24:34.2402359Z,57,,oasis/bottle,0
,,,,,,6,local.mqtt.telegraf,45,47.68,,periodic,,68,-16872,47,45,,,1,08a6f7bb3c68,,0,273,860,08:A6:F7:BB:3C:68,,16940,21,2,,23,,,1205106,1782293071357,1205112,1782293071363,,1782293071289,29,2026-06-24T09:24:34.2407473Z,57,,oasis/bottle,0
,,,,,,6,local.mqtt.telegraf,45,47.95,,periodic,,68,-17962,47,45,,,1,08a6f7bb3c68,,0,273,861,08:A6:F7:BB:3C:68,,18030,21,2,,23,,,1206196,1782293072447,1206202,1782293072453,,1782293072379,29,2026-06-24T09:24:34.2755839Z,57,,oasis/bottle,0
,,,,,,6,local.mqtt.telegraf,45,47.65,,periodic,,78,-19512,57,55,,,1,08a6f7bb3c68,,0,273,862,08:A6:F7:BB:3C:68,,19590,21,2,,23,,,1207766,1782293074017,1207772,1782293074023,,1782293073939,29,2026-06-24T09:24:34.626534Z,57,,oasis/bottle,0
,,,,,,6,local.mqtt.telegraf,45,47.72,,periodic,,66,-656,46,44,,,1,08a6f7bb3c68,,0,273,863,08:A6:F7:BB:3C:68,,722,20,2,,22,,,1209095,1782293075346,1209101,1782293075352,,1782293075280,29,2026-06-24T09:24:35.9995519Z,58,,oasis/bottle,0
,,,,,,6,local.mqtt.telegraf,45,47.89,,periodic,,68,-2113,48,46,,,1,08a6f7bb3c68,,0,273,864,08:A6:F7:BB:3C:68,,2181,20,2,,22,,,1210556,1782293076807,1210562,1782293076813,,1782293076739,29,2026-06-24T09:24:37.4502549Z,58,,oasis/bottle,0
,,,,,,6,local.mqtt.telegraf,45,47.76,,periodic,,68,-3243,48,46,,,1,08a6f7bb3c68,,0,273,865,08:A6:F7:BB:3C:68,,3311,20,2,,22,,,1211686,1782293077937,1211692,1782293077943,,1782293077869,29,2026-06-24T09:24:38.5601334Z,58,,oasis/bottle,0
,,,,,,6,local.mqtt.telegraf,45,47.52,,periodic,,67,-4295,47,45,,,1,08a6f7bb3c68,,0,273,866,08:A6:F7:BB:3C:68,,4362,20,2,,22,,,1212736,1782293078987,1212742,1782293078993,,1782293078920,29,2026-06-24T09:24:39.6103688Z,58,,oasis/bottle,0
,,,,,,7,local.mqtt.telegraf,45,47.84,,periodic,,68,-5793,48,46,,,1,08a6f7bb3c68,,0,273,867,08:A6:F7:BB:3C:68,,5861,20,2,,22,,,1214236,1782293080487,1214243,1782293080494,,1782293080419,29,2026-06-24T09:24:41.2461796Z,58,,oasis/bottle,0
,,,,,,6,local.mqtt.telegraf,45,47.73,,periodic,,68,-6993,48,46,,,1,08a6f7bb3c68,,0,273,868,08:A6:F7:BB:3C:68,,7061,20,2,,22,,,1215436,1782293081687,1215442,1782293081693,,1782293081619,29,2026-06-24T09:24:42.3423263Z,58,,oasis/bottle,0
,,,,,,6,local.mqtt.telegraf,45,47.94,,periodic,,69,-8182,49,47,,,1,08a6f7bb3c68,,0,273,869,08:A6:F7:BB:3C:68,,8251,20,2,,22,,,1216626,1782293082878,1216633,1782293082884,,1782293082809,29,2026-06-24T09:24:43.5305877Z,58,,oasis/bottle,0
,,,,,,6,local.mqtt.telegraf,45,47.92,,periodic,,68,-9373,48,46,,,1,08a6f7bb3c68,,0,273,870,08:A6:F7:BB:3C:68,,9441,20,2,,22,,,1217816,1782293084067,1217822,1782293084073,,1782293083999,29,2026-06-24T09:24:44.8370357Z,58,,oasis/bottle,0
,,,,,,6,local.mqtt.telegraf,45,47.94,,periodic,,77,-10535,57,55,,,1,08a6f7bb3c68,,0,273,871,08:A6:F7:BB:3C:68,,10612,20,2,,22,,,1218996,1782293085247,1219002,1782293085253,,1782293085170,29,2026-06-24T09:24:45.8926665Z,58,,oasis/bottle,0
,,,,,,6,local.mqtt.telegraf,45,47.41,,periodic,,68,-11693,48,46,,,1,08a6f7bb3c68,,0,273,872,08:A6:F7:BB:3C:68,,11761,20,2,,22,,,1220136,1782293086387,1220142,1782293086393,,1782293086319,29,2026-06-24T09:24:47.0427845Z,58,,oasis/bottle,0
,,,,,,6,local.mqtt.telegraf,45,47.48,,periodic,,67,-12775,47,45,,,1,08a6f7bb3c68,,0,273,873,08:A6:F7:BB:3C:68,,12842,20,2,,22,,,1221216,1782293087467,1221222,1782293087473,,1782293087400,29,2026-06-24T09:24:48.1709912Z,58,,oasis/bottle,0
,,,,,,6,local.mqtt.telegraf,45,47.65,,periodic,,78,-14323,58,56,,,1,08a6f7bb3c68,,0,273,874,08:A6:F7:BB:3C:68,,14401,20,2,,22,,,1222786,1782293089037,1222792,1782293089043,,1782293088959,29,2026-06-24T09:24:49.7281926Z,58,,oasis/bottle,0
,,,,,,6,local.mqtt.telegraf,45,47.79,,periodic,,67,-15665,47,45,,,1,08a6f7bb3c68,,0,273,875,08:A6:F7:BB:3C:68,,15732,20,2,,22,,,1224106,1782293090357,1224112,1782293090363,,1782293090290,29,2026-06-24T09:24:51.1722133Z,58,,oasis/bottle,0
,,,,,,6,local.mqtt.telegraf,45,47.88,,periodic,,68,-17103,48,46,,,1,08a6f7bb3c68,,0,273,876,08:A6:F7:BB:3C:68,,17171,20,2,,22,,,1225546,1782293091797,1225552,1782293091803,,1782293091729,29,2026-06-24T09:24:52.6361274Z,58,,oasis/bottle,0
,,,,,,6,local.mqtt.telegraf,45,47.69,,periodic,,86,-18175,66,64,,,1,08a6f7bb3c68,,0,273,877,08:A6:F7:BB:3C:68,,18261,20,2,,22,,,1226654,1782293092905,1226660,1782293092911,,1782293092819,29,2026-06-24T09:24:53.5379408Z,58,,oasis/bottle,0
,,,,,,6,local.mqtt.telegraf,45,47.57,,periodic,,68,-19773,48,46,,,1,08a6f7bb3c68,,0,273,878,08:A6:F7:BB:3C:68,,19841,20,2,,22,,,1228216,1782293094467,1228222,1782293094473,,1782293094399,29,2026-06-24T09:24:55.0830309Z,58,,oasis/bottle,0
,,,,,,5,local.mqtt.telegraf,45,47.14,,periodic,,76,-905,56,53,,,1,08a6f7bb3c68,,0,273,879,08:A6:F7:BB:3C:68,,981,20,2,,23,,,1229576,1782293095827,1229581,1782293095832,,1782293095751,29,2026-06-24T09:24:56.4463535Z,59,,oasis/bottle,0
,,,,,,6,local.mqtt.telegraf,45,47.3,,periodic,,67,-2423,47,44,,,1,08a6f7bb3c68,,0,273,880,08:A6:F7:BB:3C:68,,2490,20,2,,23,,,1231076,1782293097327,1231082,1782293097333,,1782293097260,29,2026-06-24T09:24:57.9582145Z,59,,oasis/bottle,0
,,,,,,6,local.mqtt.telegraf,45,47.26,,periodic,,68,-3622,48,45,,,1,08a6f7bb3c68,,0,273,881,08:A6:F7:BB:3C:68,,3690,20,2,,23,,,1232277,1782293098528,1232283,1782293098534,,1782293098460,29,2026-06-24T09:24:59.1701481Z,59,,oasis/bottle,0
,,,,,,6,local.mqtt.telegraf,45,47.61,,periodic,,66,-4835,46,43,,,1,08a6f7bb3c68,,0,273,882,08:A6:F7:BB:3C:68,,4901,20,2,,23,,,1233486,1782293099737,1233492,1782293099743,,1782293099671,29,2026-06-24T09:25:00.3703308Z,59,,oasis/bottle,0
,,,,,,6,local.mqtt.telegraf,45,47.8,,periodic,,66,-6045,46,43,,,1,08a6f7bb3c68,,0,273,883,08:A6:F7:BB:3C:68,,6111,20,2,,23,,,1234696,1782293100947,1234702,1782293100953,,1782293100881,29,2026-06-24T09:25:01.571791Z,59,,oasis/bottle,0
,,,,,,6,local.mqtt.telegraf,45,47.45,,periodic,,77,-7253,57,54,,,1,08a6f7bb3c68,,0,273,884,08:A6:F7:BB:3C:68,,7330,20,2,,23,,,1235926,1782293102177,1235932,1782293102183,,1782293102100,29,2026-06-24T09:25:02.8083629Z,59,,oasis/bottle,0
,,,,,,6,local.mqtt.telegraf,45,47.51,,periodic,,67,-8513,47,44,,,1,08a6f7bb3c68,,0,273,885,08:A6:F7:BB:3C:68,,8580,20,2,,23,,,1237166,1782293103417,1237172,1782293103423,,1782293103350,29,2026-06-24T09:25:04.0348967Z,59,,oasis/bottle,0
,,,,,,6,local.mqtt.telegraf,45,47.49,,periodic,,66,-9795,46,43,,,1,08a6f7bb3c68,,0,273,886,08:A6:F7:BB:3C:68,,9861,20,2,,23,,,1238446,1782293104697,1238452,1782293104703,,1782293104631,29,2026-06-24T09:25:05.3200079Z,59,,oasis/bottle,0
,,,,,,6,local.mqtt.telegraf,45,47.61,,periodic,,68,-11162,48,45,,,1,08a6f7bb3c68,,0,273,887,08:A6:F7:BB:3C:68,,11230,20,2,,23,,,1239817,1782293106068,1239823,1782293106074,,1782293106000,29,2026-06-24T09:25:06.7123158Z,59,,oasis/bottle,0
,,,,,,6,local.mqtt.telegraf,45,47.48,,periodic,,66,-12705,46,43,,,1,08a6f7bb3c68,,0,273,888,08:A6:F7:BB:3C:68,,12771,20,2,,23,,,1241356,1782293107607,1241362,1782293107613,,1782293107541,29,2026-06-24T09:25:08.2078582Z,59,,oasis/bottle,0
,,,,,,6,local.mqtt.telegraf,45,47.68,,periodic,,77,-13963,57,54,,,1,08a6f7bb3c68,,0,273,889,08:A6:F7:BB:3C:68,,14040,20,2,,23,,,1242636,1782293108887,1242642,1782293108893,,1782293108810,29,2026-06-24T09:25:09.5038235Z,59,,oasis/bottle,0
,,,,,,6,local.mqtt.telegraf,45,47.28,,periodic,,67,-15323,47,44,,,1,08a6f7bb3c68,,0,273,890,08:A6:F7:BB:3C:68,,15390,20,2,,23,,,1243976,1782293110227,1243982,1782293110233,,1782293110160,29,2026-06-24T09:25:10.8549056Z,59,,oasis/bottle,0
,,,,,,6,local.mqtt.telegraf,45,47.32,,periodic,,67,-16813,47,44,,,1,08a6f7bb3c68,,0,273,891,08:A6:F7:BB:3C:68,,16880,20,2,,23,,,1245466,1782293111717,1245472,1782293111723,,1782293111650,29,2026-06-24T09:25:12.3291711Z,59,,oasis/bottle,0
,,,,,,6,local.mqtt.telegraf,45,47.28,,periodic,,77,-17973,57,54,,,1,08a6f7bb3c68,,0,273,892,08:A6:F7:BB:3C:68,,18050,20,2,,23,,,1246646,1782293112897,1246652,1782293112903,,1782293112820,29,2026-06-24T09:25:13.5026337Z,59,,oasis/bottle,0
,,,,,,7,local.mqtt.telegraf,45,47.37,,periodic,,67,-19133,47,44,,,1,08a6f7bb3c68,,0,273,893,08:A6:F7:BB:3C:68,,19200,20,2,,23,,,1247786,1782293114037,1247793,1782293114044,,1782293113970,29,2026-06-24T09:25:14.6534841Z,59,,oasis/bottle,0
,,,,,,6,local.mqtt.telegraf,45,47.64,,periodic,,67,-20213,47,44,,,1,08a6f7bb3c68,,0,273,894,08:A6:F7:BB:3C:68,,20280,20,2,,23,,,1248866,1782293115117,1248872,1782293115123,,1782293115050,29,2026-06-24T09:25:15.740358Z,59,,oasis/bottle,0
,,,,,,5,local.mqtt.telegraf,45,47.34,,periodic,,66,-1396,14,12,,,1,08a6f7bb3c68,,0,273,895,08:A6:F7:BB:3C:68,,1462,52,2,,54,,,1250436,1782293116687,1250441,1782293116692,,1782293116621,29,2026-06-24T09:25:17.3115587Z,60,,oasis/bottle,0
,,,,,,6,local.mqtt.telegraf,45,47.34,,periodic,,67,-2724,15,13,,,1,08a6f7bb3c68,,0,273,896,08:A6:F7:BB:3C:68,,2791,52,2,,54,,,1251766,1782293118017,1251772,1782293118023,,1782293117950,29,2026-06-24T09:25:18.626707Z,60,,oasis/bottle,0
,,,,,,6,local.mqtt.telegraf,45,47.68,,periodic,,67,-4184,15,13,,,1,08a6f7bb3c68,,0,273,897,08:A6:F7:BB:3C:68,,4251,52,2,,54,,,1253226,1782293119477,1253232,1782293119483,,1782293119410,29,2026-06-24T09:25:20.0855099Z,60,,oasis/bottle,0
,,,,,,6,local.mqtt.telegraf,45,47.53,,periodic,,77,-5294,25,23,,,1,08a6f7bb3c68,,0,273,898,08:A6:F7:BB:3C:68,,5371,52,2,,54,,,1254356,1782293120607,1254362,1782293120613,,1782293120530,29,2026-06-24T09:25:21.2179512Z,60,,oasis/bottle,0
,,,,,,6,local.mqtt.telegraf,45,47.36,,periodic,,67,-6354,15,13,,,1,08a6f7bb3c68,,0,273,899,08:A6:F7:BB:3C:68,,6421,52,2,,54,,,1255396,1782293121647,1255402,1782293121653,,1782293121580,29,2026-06-24T09:25:22.2657286Z,60,,oasis/bottle,0
,,,,,,10,local.mqtt.telegraf,45,47.48,,periodic,,77,-7824,25,23,,,1,08a6f7bb3c68,,0,273,900,08:A6:F7:BB:3C:68,,7901,52,2,,54,,,1256886,1782293123137,1256896,1782293123147,,1782293123060,29,2026-06-24T09:25:23.7489393Z,60,,oasis/bottle,0
,,,,,,6,local.mqtt.telegraf,45,47.75,,periodic,,67,-9014,15,13,,,1,08a6f7bb3c68,,0,273,901,08:A6:F7:BB:3C:68,,9081,52,2,,54,,,1258056,1782293124307,1258062,1782293124313,,1782293124240,29,2026-06-24T09:25:24.9238192Z,60,,oasis/bottle,0
,,,,,,6,local.mqtt.telegraf,45,47.49,,periodic,,67,-10154,15,13,,,1,08a6f7bb3c68,,0,273,902,08:A6:F7:BB:3C:68,,10221,52,2,,54,,,1259196,1782293125447,1259202,1782293125453,,1782293125380,29,2026-06-24T09:25:26.0590527Z,60,,oasis/bottle,0
,,,,,,6,local.mqtt.telegraf,45,47.69,,periodic,,77,-11224,25,23,,,1,08a6f7bb3c68,,0,273,903,08:A6:F7:BB:3C:68,,11301,52,2,,54,,,1260286,1782293126537,1260292,1782293126543,,1782293126460,29,2026-06-24T09:25:27.1512484Z,60,,oasis/bottle,0
,,,,,,6,local.mqtt.telegraf,45,47.64,,periodic,,67,-12804,15,13,,,1,08a6f7bb3c68,,0,273,904,08:A6:F7:BB:3C:68,,12871,52,2,,54,,,1261846,1782293128097,1261852,1782293128103,,1782293128030,29,2026-06-24T09:25:28.7357149Z,60,,oasis/bottle,0
,,,,,,6,local.mqtt.telegraf,45,47.36,,periodic,,67,-14125,15,13,,,1,08a6f7bb3c68,,0,273,905,08:A6:F7:BB:3C:68,,14192,52,2,,54,,,1263167,1782293129418,1263173,1782293129424,,1782293129351,29,2026-06-24T09:25:30.0241654Z,60,,oasis/bottle,0
,,,,,,6,local.mqtt.telegraf,45,47.32,,periodic,,67,-15574,15,13,,,1,08a6f7bb3c68,,0,273,906,08:A6:F7:BB:3C:68,,15641,52,2,,54,,,1264616,1782293130867,1264622,1782293130873,,1782293130800,29,2026-06-24T09:25:31.4766024Z,60,,oasis/bottle,0
,,,,,,6,local.mqtt.telegraf,45,47.49,,periodic,,68,-16663,16,14,,,1,08a6f7bb3c68,,0,273,907,08:A6:F7:BB:3C:68,,16731,52,2,,54,,,1265707,1782293131958,1265713,1782293131964,,1782293131890,29,2026-06-24T09:25:32.5797952Z,60,,oasis/bottle,0
,,,,,,6,local.mqtt.telegraf,45,47.79,,periodic,,67,-18254,15,13,,,1,08a6f7bb3c68,,0,273,908,08:A6:F7:BB:3C:68,,18321,52,2,,54,,,1267296,1782293133547,1267302,1782293133553,,1782293133480,29,2026-06-24T09:25:34.1592846Z,60,,oasis/bottle,0
,,,,,,6,local.mqtt.telegraf,45,47.53,,periodic,,68,-19613,16,14,,,1,08a6f7bb3c68,,0,273,909,08:A6:F7:BB:3C:68,,19681,52,2,,54,,,1268657,1782293134908,1268663,1782293134914,,1782293134840,29,2026-06-24T09:25:35.5228856Z,60,,oasis/bottle,0
,,,,,,6,local.mqtt.telegraf,45,47.34,,periodic,,66,-955,46,44,,,1,08a6f7bb3c68,,0,273,910,08:A6:F7:BB:3C:68,,1021,20,2,,22,,,1270185,1782293136436,1270191,1782293136442,,1782293136370,29,2026-06-24T09:25:37.0561151Z,61,,oasis/bottle,0
,,,,,,6,local.mqtt.telegraf,45,47.37,,periodic,,68,-2203,48,46,,,1,08a6f7bb3c68,,0,273,911,08:A6:F7:BB:3C:68,,2271,20,2,,22,,,1271437,1782293137688,1271443,1782293137694,,1782293137620,29,2026-06-24T09:25:38.4452787Z,61,,oasis/bottle,0
,,,,,,6,local.mqtt.telegraf,45,47.14,,periodic,,67,-3514,47,45,,,1,08a6f7bb3c68,,0,273,912,08:A6:F7:BB:3C:68,,3581,20,2,,22,,,1272746,1782293138997,1272752,1782293139003,,1782293138930,29,2026-06-24T09:25:39.6083741Z,61,,oasis/bottle,0
,,,,,,6,local.mqtt.telegraf,45,47.47,,periodic,,67,-4914,47,45,,,1,08a6f7bb3c68,,0,273,913,08:A6:F7:BB:3C:68,,4981,20,2,,22,,,1274146,1782293140397,1274152,1782293140403,,1782293140330,29,2026-06-24T09:25:41.008227Z,61,,oasis/bottle,0
,,,,,,6,local.mqtt.telegraf,45,47.28,,periodic,,67,-6524,47,45,,,1,08a6f7bb3c68,,0,273,914,08:A6:F7:BB:3C:68,,6591,20,2,,22,,,1275756,1782293142007,1275762,1782293142013,,1782293141940,29,2026-06-24T09:25:42.6274428Z,61,,oasis/bottle,0
,,,,,,7,local.mqtt.telegraf,45,47.67,,periodic,,77,-7924,57,55,,,1,08a6f7bb3c68,,0,273,915,08:A6:F7:BB:3C:68,,8001,20,2,,22,,,1277176,1782293143427,1277183,1782293143434,,1782293143350,29,2026-06-24T09:25:44.0475665Z,61,,oasis/bottle,0
,,,,,,6,local.mqtt.telegraf,45,47.2,,periodic,,67,-9564,47,45,,,1,08a6f7bb3c68,,0,273,916,08:A6:F7:BB:3C:68,,9631,20,2,,22,,,1278796,1782293145047,1278802,1782293145053,,1782293144980,29,2026-06-24T09:25:45.6908762Z,61,,oasis/bottle,0
,,,,,,6,local.mqtt.telegraf,45,47.59,,periodic,,77,-10994,57,55,,,1,08a6f7bb3c68,,0,273,917,08:A6:F7:BB:3C:68,,11071,20,2,,22,,,1280246,1782293146497,1280252,1782293146503,,1782293146420,29,2026-06-24T09:25:47.1034621Z,61,,oasis/bottle,0
,,,,,,6,local.mqtt.telegraf,45,47.53,,periodic,,67,-12104,47,45,,,1,08a6f7bb3c68,,0,273,918,08:A6:F7:BB:3C:68,,12171,20,2,,22,,,1281336,1782293147587,1281342,1782293147593,,1782293147520,29,2026-06-24T09:25:48.1956337Z,61,,oasis/bottle,0
,,,,,,6,local.mqtt.telegraf,45,47.47,,periodic,,77,-13674,57,55,,,1,08a6f7bb3c68,,0,273,919,08:A6:F7:BB:3C:68,,13751,20,2,,22,,,1282926,1782293149177,1282932,1782293149183,,1782293149100,29,2026-06-24T09:25:49.7885351Z,61,,oasis/bottle,0
,,,,,,6,local.mqtt.telegraf,45,47.53,,periodic,,75,-15056,55,53,,,1,08a6f7bb3c68,,0,273,920,08:A6:F7:BB:3C:68,,15131,20,2,,22,,,1284304,1782293150555,1284310,1782293150561,,1782293150480,29,2026-06-24T09:25:51.1768359Z,61,,oasis/bottle,0
,,,,,,6,local.mqtt.telegraf,45,47.29,,periodic,,77,-16594,57,55,,,1,08a6f7bb3c68,,0,273,921,08:A6:F7:BB:3C:68,,16671,20,2,,22,,,1285846,1782293152097,1285852,1782293152103,,1782293152020,29,2026-06-24T09:25:52.7153041Z,61,,oasis/bottle,0
,,,,,,6,local.mqtt.telegraf,45,47.47,,periodic,,67,-17894,47,45,,,1,08a6f7bb3c68,,0,273,922,08:A6:F7:BB:3C:68,,17961,20,2,,22,,,1287126,1782293153377,1287132,1782293153383,,1782293153310,29,2026-06-24T09:25:53.9890712Z,61,,oasis/bottle,0
,,,,,,7,local.mqtt.telegraf,45,47.49,,periodic,,67,-19254,47,45,,,1,08a6f7bb3c68,,0,273,923,08:A6:F7:BB:3C:68,,19321,20,2,,22,,,1288486,1782293154737,1288493,1782293154744,,1782293154670,29,2026-06-24T09:25:55.3407207Z,61,,oasis/bottle,0
,,,,,,6,local.mqtt.telegraf,45,47.41,,periodic,,65,-576,45,42,,,1,08a6f7bb3c68,,0,273,924,08:A6:F7:BB:3C:68,,641,20,2,,23,,,1290015,1782293156266,1290021,1782293156272,,1782293156201,29,2026-06-24T09:25:56.877624Z,62,,oasis/bottle,0
,,,,,,6,local.mqtt.telegraf,45,47.53,,periodic,,77,-1813,57,54,,,1,08a6f7bb3c68,,0,273,925,08:A6:F7:BB:3C:68,,1890,20,2,,23,,,1291276,1782293157527,1291282,1782293157533,,1782293157450,29,2026-06-24T09:25:58.1428338Z,62,,oasis/bottle,0
,,,,,,6,local.mqtt.telegraf,45,47.48,,periodic,,67,-3123,47,44,,,1,08a6f7bb3c68,,0,273,926,08:A6:F7:BB:3C:68,,3190,20,2,,23,,,1292566,1782293158817,1292572,1782293158823,,1782293158750,29,2026-06-24T09:25:59.4256398Z,62,,oasis/bottle,0
,,,,,,6,local.mqtt.telegraf,45,47.59,,periodic,,67,-4513,47,44,,,1,08a6f7bb3c68,,0,273,927,08:A6:F7:BB:3C:68,,4580,20,2,,23,,,1293956,1782293160207,1293962,1782293160213,,1782293160140,29,2026-06-24T09:26:00.8197433Z,62,,oasis/bottle,0
,,,,,,6,local.mqtt.telegraf,45,47.34,,periodic,,67,-6103,47,44,,,1,08a6f7bb3c68,,0,273,928,08:A6:F7:BB:3C:68,,6170,20,2,,23,,,1295546,1782293161797,1295552,1782293161803,,1782293161730,29,2026-06-24T09:26:02.4153357Z,62,,oasis/bottle,0
,,,,,,6,local.mqtt.telegraf,45,47.26,,periodic,,77,-7463,57,54,,,1,08a6f7bb3c68,,0,273,929,08:A6:F7:BB:3C:68,,7540,20,2,,23,,,1296926,1782293163177,1296932,1782293163183,,1782293163100,29,2026-06-24T09:26:03.7945368Z,62,,oasis/bottle,0
,,,,,,6,local.mqtt.telegraf,45,47.25,,periodic,,66,-9015,46,43,,,1,08a6f7bb3c68,,0,273,930,08:A6:F7:BB:3C:68,,9081,20,2,,23,,,1298456,1782293164707,1298462,1782293164713,,1782293164641,29,2026-06-24T09:26:05.3265632Z,62,,oasis/bottle,0
,,,,,,6,local.mqtt.telegraf,45,47.44,,periodic,,77,-10283,57,54,,,1,08a6f7bb3c68,,0,273,931,08:A6:F7:BB:3C:68,,10360,20,2,,23,,,1299746,1782293165997,1299752,1782293166003,,1782293165920,29,2026-06-24T09:26:06.6190649Z,62,,oasis/bottle,0
,,,,,,6,local.mqtt.telegraf,45,47.4,,periodic,,66,-11655,46,43,,,1,08a6f7bb3c68,,0,273,932,08:A6:F7:BB:3C:68,,11721,20,2,,23,,,1301096,1782293167347,1301102,1782293167353,,1782293167281,29,2026-06-24T09:26:07.9652091Z,62,,oasis/bottle,0
,,,,,,6,local.mqtt.telegraf,45,47.57,,periodic,,67,-13163,47,44,,,1,08a6f7bb3c68,,0,273,933,08:A6:F7:BB:3C:68,,13230,20,2,,23,,,1302606,1782293168857,1302612,1782293168863,,1782293168790,29,2026-06-24T09:26:09.473876Z,62,,oasis/bottle,0
,,,,,,6,local.mqtt.telegraf,45,47.3,,periodic,,67,-14383,47,44,,,1,08a6f7bb3c68,,0,273,934,08:A6:F7:BB:3C:68,,14450,20,2,,23,,,1303826,1782293170077,1303832,1782293170083,,1782293170010,29,2026-06-24T09:26:10.7051754Z,62,,oasis/bottle,0
,,,,,,6,local.mqtt.telegraf,45,47.61,,periodic,,66,-15615,46,43,,,1,08a6f7bb3c68,,0,273,935,08:A6:F7:BB:3C:68,,15681,20,2,,23,,,1305056,1782293171307,1305062,1782293171313,,1782293171241,29,2026-06-24T09:26:11.9285764Z,62,,oasis/bottle,0
,,,,,,6,local.mqtt.telegraf,45,47.67,,periodic,,66,-16885,46,43,,,1,08a6f7bb3c68,,0,273,936,08:A6:F7:BB:3C:68,,16951,20,2,,23,,,1306326,1782293172577,1306332,1782293172583,,1782293172511,29,2026-06-24T09:26:13.1846644Z,62,,oasis/bottle,0
,,,,,,6,local.mqtt.telegraf,45,47.69,,periodic,,76,-18205,56,53,,,1,08a6f7bb3c68,,0,273,937,08:A6:F7:BB:3C:68,,18281,20,2,,23,,,1307666,1782293173917,1307672,1782293173923,,1782293173841,29,2026-06-24T09:26:14.5218886Z,62,,oasis/bottle,0
,,,,,,7,local.mqtt.telegraf,45,47.53,,periodic,,66,-19685,46,43,,,1,08a6f7bb3c68,,0,273,938,08:A6:F7:BB:3C:68,,19751,20,2,,23,,,1309126,1782293175377,1309133,1782293175384,,1782293175311,29,2026-06-24T09:26:16.0040125Z,62,,oasis/bottle,0
,,,,,,7,local.mqtt.telegraf,45,47.53,,periodic,,75,-576,44,42,,,1,08a6f7bb3c68,,0,273,939,08:A6:F7:BB:3C:68,,651,31,2,,33,,,1310255,1782293176506,1310262,1782293176513,,1782293176431,29,2026-06-24T09:26:17.1048762Z,63,,oasis/bottle,0
,,,,,,6,local.mqtt.telegraf,45,47.47,,periodic,,67,-1633,36,34,,,1,08a6f7bb3c68,,0,273,940,08:A6:F7:BB:3C:68,,1700,31,2,,33,,,1311296,1782293177547,1311302,1782293177553,,1782293177480,29,2026-06-24T09:26:18.1571348Z,63,,oasis/bottle,0
,,,,,,6,local.mqtt.telegraf,45,47.37,,periodic,,77,-3113,46,44,,,1,08a6f7bb3c68,,0,273,941,08:A6:F7:BB:3C:68,,3190,31,2,,33,,,1312796,1782293179047,1312802,1782293179053,,1782293178970,29,2026-06-24T09:26:19.6585801Z,63,,oasis/bottle,0
,,,,,,6,local.mqtt.telegraf,45,47.38,,periodic,,77,-4303,46,44,,,1,08a6f7bb3c68,,0,273,942,08:A6:F7:BB:3C:68,,4380,31,2,,33,,,1313986,1782293180237,1313992,1782293180243,,1782293180160,29,2026-06-24T09:26:20.842976Z,63,,oasis/bottle,0
,,,,,,6,local.mqtt.telegraf,45,47.33,,periodic,,66,-5495,35,33,,,1,08a6f7bb3c68,,0,273,943,08:A6:F7:BB:3C:68,,5561,31,2,,33,,,1315156,1782293181407,1315162,1782293181413,,1782293181341,29,2026-06-24T09:26:22.0164981Z,63,,oasis/bottle,0
,,,,,,6,local.mqtt.telegraf,45,47.14,,periodic,,77,-6643,46,44,,,1,08a6f7bb3c68,,0,273,944,08:A6:F7:BB:3C:68,,6720,31,2,,33,,,1316326,1782293182577,1316332,1782293182583,,1782293182500,29,2026-06-24T09:26:23.2034088Z,63,,oasis/bottle,0
,,,,,,6,local.mqtt.telegraf,45,47.44,,periodic,,67,-7763,36,34,,,1,08a6f7bb3c68,,0,273,945,08:A6:F7:BB:3C:68,,7830,31,2,,33,,,1317426,1782293183677,1317432,1782293183683,,1782293183610,29,2026-06-24T09:26:24.2858315Z,63,,oasis/bottle,0
,,,,,,7,local.mqtt.telegraf,45,47.47,,periodic,,67,-9373,36,34,,,1,08a6f7bb3c68,,0,273,946,08:A6:F7:BB:3C:68,,9440,31,2,,33,,,1319036,1782293185287,1319042,1782293185294,,1782293185220,29,2026-06-24T09:26:25.8967881Z,63,,oasis/bottle,0
,,,,,,6,local.mqtt.telegraf,45,47.41,,periodic,,66,-10805,35,33,,,1,08a6f7bb3c68,,0,273,947,08:A6:F7:BB:3C:68,,10871,31,2,,33,,,1320466,1782293186717,1320472,1782293186723,,1782293186651,29,2026-06-24T09:26:27.3297627Z,63,,oasis/bottle,0
,,,,,,6,local.mqtt.telegraf,45,47.64,,periodic,,77,-11843,46,44,,,1,08a6f7bb3c68,,0,273,948,08:A6:F7:BB:3C:68,,11920,31,2,,33,,,1321526,1782293187777,1321532,1782293187783,,1782293187700,29,2026-06-24T09:26:28.3968006Z,63,,oasis/bottle,0
,,,,,,6,local.mqtt.telegraf,45,47.49,,periodic,,67,-13353,36,34,,,1,08a6f7bb3c68,,0,273,949,08:A6:F7:BB:3C:68,,13420,31,2,,33,,,1323016,1782293189267,1323022,1782293189273,,1782293189200,29,2026-06-24T09:26:29.8759971Z,63,,oasis/bottle,0
,,,,,,6,local.mqtt.telegraf,45,47.26,,periodic,,67,-14543,36,34,,,1,08a6f7bb3c68,,0,273,950,08:A6:F7:BB:3C:68,,14610,31,2,,33,,,1324206,1782293190457,1324212,1782293190463,,1782293190390,29,2026-06-24T09:26:31.0751054Z,63,,oasis/bottle,0
,,,,,,6,local.mqtt.telegraf,45,47.55,,periodic,,67,-15723,36,34,,,1,08a6f7bb3c68,,0,273,951,08:A6:F7:BB:3C:68,,15790,31,2,,33,,,1325386,1782293191637,1325392,1782293191643,,1782293191570,29,2026-06-24T09:26:32.2561014Z,63,,oasis/bottle,0
,,,,,,6,local.mqtt.telegraf,45,47.68,,periodic,,77,-16873,46,44,,,1,08a6f7bb3c68,,0,273,952,08:A6:F7:BB:3C:68,,16950,31,2,,33,,,1326556,1782293192807,1326562,1782293192813,,1782293192730,29,2026-06-24T09:26:33.4084636Z,63,,oasis/bottle,0
,,,,,,6,local.mqtt.telegraf,45,47.49,,periodic,,67,-18003,36,34,,,1,08a6f7bb3c68,,0,273,953,08:A6:F7:BB:3C:68,,18070,31,2,,33,,,1327666,1782293193917,1327672,1782293193923,,1782293193850,29,2026-06-24T09:26:34.5313724Z,63,,oasis/bottle,0
,,,,,,6,local.mqtt.telegraf,45,47.37,,periodic,,67,-19633,36,34,,,1,08a6f7bb3c68,,0,273,954,08:A6:F7:BB:3C:68,,19700,31,2,,33,,,1329296,1782293195547,1329302,1782293195553,,1782293195480,29,2026-06-24T09:26:36.1653412Z,63,,oasis/bottle,0
,,,,,,5,local.mqtt.telegraf,45,47.67,,periodic,,66,-892,43,40,,,1,08a6f7bb3c68,,0,274,955,08:A6:F7:BB:3C:68,,958,23,2,,26,,,1330756,1782293197007,1330761,1782293197012,,1782293196941,29,2026-06-24T09:26:37.6213178Z,64,,oasis/bottle,0
,,,,,,6,local.mqtt.telegraf,45,47.37,,periodic,,67,-2010,44,41,,,1,08a6f7bb3c68,,0,273,956,08:A6:F7:BB:3C:68,,2077,23,2,,26,,,1331876,1782293198127,1331882,1782293198133,,1782293198060,29,2026-06-24T09:26:38.7657381Z,64,,oasis/bottle,0
,,,,,,6,local.mqtt.telegraf,45,47.56,,periodic,,66,-3052,43,40,,,1,08a6f7bb3c68,,0,273,957,08:A6:F7:BB:3C:68,,3118,23,2,,26,,,1332916,1782293199167,1332922,1782293199173,,1782293199101,29,2026-06-24T09:26:39.815556Z,64,,oasis/bottle,0
,,,,,,6,local.mqtt.telegraf,45,47.26,,periodic,,77,-4510,54,51,,,1,08a6f7bb3c68,,0,273,958,08:A6:F7:BB:3C:68,,4587,23,2,,26,,,1334396,1782293200647,1334402,1782293200653,,1782293200570,29,2026-06-24T09:26:41.2695268Z,64,,oasis/bottle,0
,,,,,,6,local.mqtt.telegraf,45,47.61,,periodic,,66,-5702,43,40,,,1,08a6f7bb3c68,,0,273,959,08:A6:F7:BB:3C:68,,5768,23,2,,26,,,1335566,1782293201817,1335572,1782293201823,,1782293201751,29,2026-06-24T09:26:42.4233483Z,64,,oasis/bottle,0
,,,,,,6,local.mqtt.telegraf,45,47.51,,periodic,,67,-6820,44,41,,,1,08a6f7bb3c68,,0,273,960,08:A6:F7:BB:3C:68,,6887,23,2,,26,,,1336686,1782293202937,1336692,1782293202943,,1782293202870,29,2026-06-24T09:26:43.5462229Z,64,,oasis/bottle,0
,,,,,,6,local.mqtt.telegraf,45,47.57,,periodic,,76,-7852,53,50,,,1,08a6f7bb3c68,,0,273,961,08:A6:F7:BB:3C:68,,7928,23,2,,26,,,1337736,1782293203987,1337742,1782293203993,,1782293203911,29,2026-06-24T09:26:44.6061911Z,64,,oasis/bottle,0
,,,,,,6,local.mqtt.telegraf,45,47.48,,periodic,,67,-9350,44,41,,,1,08a6f7bb3c68,,0,273,962,08:A6:F7:BB:3C:68,,9417,23,2,,26,,,1339216,1782293205467,1339222,1782293205473,,1782293205400,29,2026-06-24T09:26:46.0933311Z,64,,oasis/bottle,0
,,,,,,6,local.mqtt.telegraf,45,47.42,,periodic,,77,-10500,54,51,,,1,08a6f7bb3c68,,0,273,963,08:A6:F7:BB:3C:68,,10577,23,2,,26,,,1340386,1782293206637,1340392,1782293206643,,1782293206560,29,2026-06-24T09:26:47.2547459Z,64,,oasis/bottle,0
,,,,,,6,local.mqtt.telegraf,45,47.13,,periodic,,67,-11640,44,41,,,1,08a6f7bb3c68,,0,273,964,08:A6:F7:BB:3C:68,,11707,23,2,,26,,,1341506,1782293207757,1341512,1782293207763,,1782293207690,29,2026-06-24T09:26:48.371518Z,64,,oasis/bottle,0
,,,,,,6,local.mqtt.telegraf,45,47.51,,periodic,,66,-12692,43,40,,,1,08a6f7bb3c68,,0,273,965,08:A6:F7:BB:3C:68,,12758,23,2,,26,,,1342556,1782293208807,1342562,1782293208813,,1782293208741,29,2026-06-24T09:26:49.4201133Z,64,,oasis/bottle,0
,,,,,,6,local.mqtt.telegraf,45,47.21,,periodic,,77,-14180,54,51,,,1,08a6f7bb3c68,,0,273,966,08:A6:F7:BB:3C:68,,14257,23,2,,26,,,1344066,1782293210317,1344072,1782293210323,,1782293210240,29,2026-06-24T09:26:50.928752Z,64,,oasis/bottle,0
,,,,,,6,local.mqtt.telegraf,45,47.59,,periodic,,68,-15399,45,42,,,1,08a6f7bb3c68,,0,273,967,08:A6:F7:BB:3C:68,,15467,23,2,,26,,,1345267,1782293211518,1345273,1782293211524,,1782293211450,29,2026-06-24T09:26:52.1274265Z,64,,oasis/bottle,0
,,,,,,6,local.mqtt.telegraf,45,47.37,,periodic,,66,-16622,43,40,,,1,08a6f7bb3c68,,0,273,968,08:A6:F7:BB:3C:68,,16688,23,2,,26,,,1346486,1782293212737,1346492,1782293212743,,1782293212671,29,2026-06-24T09:26:53.3549913Z,64,,oasis/bottle,0
,,,,,,6,local.mqtt.telegraf,45,47.63,,periodic,,76,-17832,53,50,,,1,08a6f7bb3c68,,0,273,969,08:A6:F7:BB:3C:68,,17908,23,2,,26,,,1347716,1782293213967,1347722,1782293213973,,1782293213891,29,2026-06-24T09:26:54.605491Z,64,,oasis/bottle,0
,,,,,,6,local.mqtt.telegraf,45,47.25,,periodic,,67,-19090,44,41,,,1,08a6f7bb3c68,,0,273,970,08:A6:F7:BB:3C:68,,19157,23,2,,26,,,1348956,1782293215207,1348962,1782293215213,,1782293215140,29,2026-06-24T09:26:55.8336068Z,64,,oasis/bottle,0
,,,,,,6,local.mqtt.telegraf,45,47.53,,periodic,,76,-20372,53,50,,,1,08a6f7bb3c68,,0,273,971,08:A6:F7:BB:3C:68,,20448,23,2,,26,,,1350256,1782293216507,1350262,1782293216513,,1782293216431,29,2026-06-24T09:26:57.1120416Z,64,,oasis/bottle,0
,,,,,,6,local.mqtt.telegraf,45,47.24,,periodic,,66,-1206,7,5,,,1,08a6f7bb3c68,,0,273,972,08:A6:F7:BB:3C:68,,1272,59,2,,61,,,1351636,1782293217887,1351641,1782293217893,,1782293217821,29,2026-06-24T09:26:58.5000166Z,65,,oasis/bottle,0
,,,,,,6,local.mqtt.telegraf,45,47.49,,periodic,,77,-2764,18,16,,,1,08a6f7bb3c68,,0,273,973,08:A6:F7:BB:3C:68,,2841,59,2,,61,,,1353216,1782293219467,1353222,1782293219473,,1782293219390,29,2026-06-24T09:27:00.0757037Z,65,,oasis/bottle,0
,,,,,,6,local.mqtt.telegraf,45,47.69,,periodic,,67,-4114,8,6,,,1,08a6f7bb3c68,,0,273,974,08:A6:F7:BB:3C:68,,4181,59,2,,61,,,1354546,1782293220797,1354552,1782293220803,,1782293220730,29,2026-06-24T09:27:01.4180013Z,65,,oasis/bottle,0
,,,,,,7,local.mqtt.telegraf,45,47.53,,periodic,,77,-5574,18,16,,,1,08a6f7bb3c68,,0,273,975,08:A6:F7:BB:3C:68,,5651,59,2,,61,,,1356026,1782293222277,1356033,1782293222284,,1782293222200,29,2026-06-24T09:27:02.8928481Z,65,,oasis/bottle,0
,,,,,,6,local.mqtt.telegraf,45,47.24,,periodic,,77,-6724,18,16,,,1,08a6f7bb3c68,,0,273,976,08:A6:F7:BB:3C:68,,6801,59,2,,61,,,1357176,1782293223427,1357182,1782293223433,,1782293223350,29,2026-06-24T09:27:04.0554256Z,65,,oasis/bottle,0
,,,,,,6,local.mqtt.telegraf,45,47.48,,periodic,,76,-7846,17,15,,,1,08a6f7bb3c68,,0,273,977,08:A6:F7:BB:3C:68,,7922,59,2,,61,,,1358296,1782293224547,1358302,1782293224553,,1782293224471,29,2026-06-24T09:27:05.160805Z,65,,oasis/bottle,0
,,,,,,6,local.mqtt.telegraf,45,47.41,,periodic,,77,-9454,18,16,,,1,08a6f7bb3c68,,0,273,978,08:A6:F7:BB:3C:68,,9531,59,2,,61,,,1359906,1782293226157,1359912,1782293226163,,1782293226080,29,2026-06-24T09:27:06.7855272Z,65,,oasis/bottle,0
,,,,,,6,local.mqtt.telegraf,45,47.67,,periodic,,67,-10884,8,6,,,1,08a6f7bb3c68,,0,273,979,08:A6:F7:BB:3C:68,,10951,59,2,,61,,,1361316,1782293227567,1361322,1782293227573,,1782293227500,29,2026-06-24T09:27:08.196826Z,65,,oasis/bottle,0
,,,,,,6,local.mqtt.telegraf,45,47.71,,periodic,,77,-12504,18,16,,,1,08a6f7bb3c68,,0,273,980,08:A6:F7:BB:3C:68,,12581,59,2,,61,,,1362956,1782293229207,1362962,1782293229213,,1782293229130,29,2026-06-24T09:27:09.8284342Z,65,,oasis/bottle,0
,,,,,,7,local.mqtt.telegraf,45,47.59,,periodic,,67,-13984,8,6,,,1,08a6f7bb3c68,,0,273,981,08:A6:F7:BB:3C:68,,14051,59,2,,61,,,1364416,1782293230667,1364423,1782293230674,,1782293230600,29,2026-06-24T09:27:11.2955371Z,65,,oasis/bottle,0
,,,,,,6,local.mqtt.telegraf,45,47.36,,periodic,,77,-15094,18,16,,,1,08a6f7bb3c68,,0,273,982,08:A6:F7:BB:3C:68,,15171,59,2,,61,,,1365546,1782293231797,1365552,1782293231803,,1782293231720,29,2026-06-24T09:27:12.4042236Z,65,,oasis/bottle,0
,,,,,,6,local.mqtt.telegraf,45,47.45,,periodic,,67,-16164,8,6,,,1,08a6f7bb3c68,,0,273,983,08:A6:F7:BB:3C:68,,16231,59,2,,61,,,1366596,1782293232847,1366602,1782293232853,,1782293232780,29,2026-06-24T09:27:13.468972Z,65,,oasis/bottle,0
,,,,,,6,local.mqtt.telegraf,45,47.26,,periodic,,67,-17664,8,6,,,1,08a6f7bb3c68,,0,273,984,08:A6:F7:BB:3C:68,,17731,59,2,,61,,,1368096,1782293234347,1368102,1782293234353,,1782293234280,29,2026-06-24T09:27:14.9553796Z,65,,oasis/bottle,0
,,,,,,6,local.mqtt.telegraf,45,47.77,,periodic,,67,-18854,8,6,,,1,08a6f7bb3c68,,0,273,985,08:A6:F7:BB:3C:68,,18921,59,2,,61,,,1369286,1782293235537,1369292,1782293235543,,1782293235470,29,2026-06-24T09:27:16.157322Z,65,,oasis/bottle,0
,,,,,,7,local.mqtt.telegraf,45,47.72,,periodic,,77,-20024,18,16,,,1,08a6f7bb3c68,,0,273,986,08:A6:F7:BB:3C:68,,20101,59,2,,61,,,1370476,1782293236727,1370482,1782293236734,,1782293236650,29,2026-06-24T09:27:17.3343215Z,65,,oasis/bottle,0
,,,,,,5,local.mqtt.telegraf,45,47.75,,periodic,,66,-986,12,10,,,1,08a6f7bb3c68,,0,273,987,08:A6:F7:BB:3C:68,,1052,54,2,,56,,,1371636,1782293237887,1371641,1782293237892,,1782293237821,29,2026-06-24T09:27:18.4949473Z,66,,oasis/bottle,0
,,,,,,6,local.mqtt.telegraf,45,47.73,,periodic,,77,-2104,23,21,,,1,08a6f7bb3c68,,0,273,988,08:A6:F7:BB:3C:68,,2181,54,2,,56,,,1372776,1782293239027,1372782,1782293239033,,1782293238950,29,2026-06-24T09:27:19.6373507Z,66,,oasis/bottle,0
,,,,,,6,local.mqtt.telegraf,45,47.49,,periodic,,67,-3184,13,11,,,1,08a6f7bb3c68,,0,273,989,08:A6:F7:BB:3C:68,,3251,54,2,,56,,,1373836,1782293240087,1373842,1782293240093,,1782293240020,29,2026-06-24T09:27:20.7039045Z,66,,oasis/bottle,0
,,,,,,6,local.mqtt.telegraf,45,47.57,,periodic,,67,-4724,13,11,,,1,08a6f7bb3c68,,0,273,990,08:A6:F7:BB:3C:68,,4791,54,2,,56,,,1375376,1782293241627,1375382,1782293241633,,1782293241560,29,2026-06-24T09:27:22.2544722Z,66,,oasis/bottle,0
,,,,,,6,local.mqtt.telegraf,45,47.51,,periodic,,77,-5984,23,21,,,1,08a6f7bb3c68,,0,273,991,08:A6:F7:BB:3C:68,,6061,54,2,,56,,,1376656,1782293242907,1376662,1782293242913,,1782293242830,29,2026-06-24T09:27:23.5265665Z,66,,oasis/bottle,0
,,,,,,6,local.mqtt.telegraf,45,47.56,,periodic,,67,-7334,13,11,,,1,08a6f7bb3c68,,0,273,992,08:A6:F7:BB:3C:68,,7401,54,2,,56,,,1377986,1782293244237,1377992,1782293244243,,1782293244170,29,2026-06-24T09:27:24.8379044Z,66,,oasis/bottle,0
,,,,,,7,local.mqtt.telegraf,45,47.29,,periodic,,67,-8804,13,11,,,1,08a6f7bb3c68,,0,273,993,08:A6:F7:BB:3C:68,,8871,54,2,,56,,,1379456,1782293245707,1379462,1782293245714,,1782293245640,29,2026-06-24T09:27:26.3275848Z,66,,oasis/bottle,0
,,,,,,6,local.mqtt.telegraf,45,47.42,,periodic,,77,-9934,23,21,,,1,08a6f7bb3c68,,0,273,994,08:A6:F7:BB:3C:68,,10011,54,2,,56,,,1380606,1782293246857,1380612,1782293246863,,1782293246780,29,2026-06-24T09:27:27.4788253Z,66,,oasis/bottle,0
,,,,,,6,local.mqtt.telegraf,45,47.64,,periodic,,67,-11034,13,11,,,1,08a6f7bb3c68,,0,273,995,08:A6:F7:BB:3C:68,,11101,54,2,,56,,,1381686,1782293247937,1381692,1782293247943,,1782293247870,29,2026-06-24T09:27:28.5334479Z,66,,oasis/bottle,0
,,,,,,14,local.mqtt.telegraf,45,47.53,,periodic,,77,-12584,23,21,,,1,08a6f7bb3c68,,0,273,996,08:A6:F7:BB:3C:68,,12661,54,2,,56,,,1383256,1782293249507,1383270,1782293249521,,1782293249430,29,2026-06-24T09:27:30.1286859Z,66,,oasis/bottle,0
,,,,,,6,local.mqtt.telegraf,45,47.21,,periodic,,67,-13924,13,11,,,1,08a6f7bb3c68,,0,273,997,08:A6:F7:BB:3C:68,,13991,54,2,,56,,,1384576,1782293250827,1384582,1782293250833,,1782293250760,29,2026-06-24T09:27:31.433693Z,66,,oasis/bottle,0
,,,,,,6,local.mqtt.telegraf,45,47.52,,periodic,,77,-15364,23,21,,,1,08a6f7bb3c68,,0,273,998,08:A6:F7:BB:3C:68,,15441,54,2,,56,,,1386036,1782293252287,1386042,1782293252293,,1782293252210,29,2026-06-24T09:27:32.8933754Z,66,,oasis/bottle,0
,,,,,,6,local.mqtt.telegraf,45,47.32,,periodic,,66,-16476,12,10,,,1,08a6f7bb3c68,,0,273,999,08:A6:F7:BB:3C:68,,16542,54,2,,56,,,1387126,1782293253377,1387132,1782293253383,,1782293253311,29,2026-06-24T09:27:33.9959392Z,66,,oasis/bottle,0
,,,,,,10,local.mqtt.telegraf,45,47.2,,periodic,,77,-18064,23,21,,,1,08a6f7bb3c68,,0,273,1000,08:A6:F7:BB:3C:68,,18141,54,2,,56,,,1388736,1782293254987,1388746,1782293254997,,1782293254910,29,2026-06-24T09:27:35.6154803Z,66,,oasis/bottle,0
,,,,,,6,local.mqtt.telegraf,45,47.21,,periodic,,67,-19474,13,11,,,1,08a6f7bb3c68,,0,273,1001,08:A6:F7:BB:3C:68,,19541,54,2,,56,,,1390126,1782293256377,1390132,1782293256383,,1782293256310,29,2026-06-24T09:27:37.0014066Z,66,,oasis/bottle,0
,,,,,,6,local.mqtt.telegraf,45,47.73,,periodic,,75,-856,44,42,,,1,08a6f7bb3c68,,0,274,1002,08:A6:F7:BB:3C:68,,931,31,2,,33,,,1391725,1782293257976,1391731,1782293257982,,1782293257901,29,2026-06-24T09:27:38.6266596Z,67,,oasis/bottle,0
,,,,,,6,local.mqtt.telegraf,45,47.36,,periodic,,67,-2253,36,34,,,1,08a6f7bb3c68,,0,273,1003,08:A6:F7:BB:3C:68,,2320,31,2,,33,,,1393106,1782293259357,1393112,1782293259363,,1782293259290,29,2026-06-24T09:27:39.9793161Z,67,,oasis/bottle,0
,,,,,,6,local.mqtt.telegraf,45,47.53,,periodic,,77,-3813,46,44,,,1,08a6f7bb3c68,,0,273,1004,08:A6:F7:BB:3C:68,,3890,31,2,,33,,,1394686,1782293260937,1394692,1782293260943,,1782293260860,29,2026-06-24T09:27:41.5533666Z,67,,oasis/bottle,0
,,,,,,6,local.mqtt.telegraf,45,47.72,,periodic,,67,-5163,36,34,,,1,08a6f7bb3c68,,0,273,1005,08:A6:F7:BB:3C:68,,5230,31,2,,33,,,1396016,1782293262267,1396022,1782293262273,,1782293262200,29,2026-06-24T09:27:42.8767086Z,67,,oasis/bottle,0
,,,,,,6,local.mqtt.telegraf,45,47.29,,periodic,,77,-6623,46,44,,,1,08a6f7bb3c68,,0,273,1006,08:A6:F7:BB:3C:68,,6700,31,2,,33,,,1397496,1782293263747,1397502,1782293263753,,1782293263670,29,2026-06-24T09:27:44.356163Z,67,,oasis/bottle,0
,,,,,,6,local.mqtt.telegraf,45,47.8,,periodic,,67,-7783,36,34,,,1,08a6f7bb3c68,,0,273,1007,08:A6:F7:BB:3C:68,,7850,31,2,,33,,,1398636,1782293264887,1398642,1782293264893,,1782293264820,29,2026-06-24T09:27:45.4886656Z,67,,oasis/bottle,0
,,,,,,6,local.mqtt.telegraf,45,47.69,,periodic,,77,-8863,46,44,,,1,08a6f7bb3c68,,0,273,1008,08:A6:F7:BB:3C:68,,8940,31,2,,33,,,1399736,1782293265987,1399742,1782293265993,,1782293265910,29,2026-06-24T09:27:46.5950377Z,67,,oasis/bottle,0
,,,,,,7,local.mqtt.telegraf,45,47.57,,periodic,,67,-10463,36,34,,,1,08a6f7bb3c68,,0,273,1009,08:A6:F7:BB:3C:68,,10530,31,2,,33,,,1401316,1782293267567,1401323,1782293267574,,1782293267500,29,2026-06-24T09:27:48.1853451Z,67,,oasis/bottle,0
,,,,,,6,local.mqtt.telegraf,45,47.77,,periodic,,66,-11825,35,33,,,1,08a6f7bb3c68,,0,273,1010,08:A6:F7:BB:3C:68,,11891,31,2,,33,,,1402676,1782293268927,1402682,1782293268933,,1782293268861,29,2026-06-24T09:27:49.5363438Z,67,,oasis/bottle,0
,,,,,,6,local.mqtt.telegraf,45,47.45,,periodic,,77,-13333,46,44,,,1,08a6f7bb3c68,,0,273,1011,08:A6:F7:BB:3C:68,,13410,31,2,,33,,,1404206,1782293270457,1404212,1782293270463,,1782293270380,29,2026-06-24T09:27:51.081245Z,67,,oasis/bottle,0
,,,,,,6,local.mqtt.telegraf,45,47.79,,periodic,,67,-14593,36,34,,,1,08a6f7bb3c68,,0,273,1012,08:A6:F7:BB:3C:68,,14660,31,2,,33,,,1405446,1782293271697,1405452,1782293271703,,1782293271630,29,2026-06-24T09:27:52.304884Z,67,,oasis/bottle,0
,,,,,,6,local.mqtt.telegraf,45,47.48,,periodic,,77,-15873,46,44,,,1,08a6f7bb3c68,,0,273,1013,08:A6:F7:BB:3C:68,,15950,31,2,,33,,,1406746,1782293272997,1406752,1782293273003,,1782293272920,29,2026-06-24T09:27:53.609561Z,67,,oasis/bottle,0
,,,,,,6,local.mqtt.telegraf,45,47.72,,periodic,,67,-17263,36,34,,,1,08a6f7bb3c68,,0,273,1014,08:A6:F7:BB:3C:68,,17330,31,2,,33,,,1408116,1782293274367,1408122,1782293274373,,1782293274300,29,2026-06-24T09:27:54.9808862Z,67,,oasis/bottle,0
,,,,,,6,local.mqtt.telegraf,45,47.68,,periodic,,73,-18801,42,40,,,1,08a6f7bb3c68,,0,273,1015,08:A6:F7:BB:3C:68,,18874,31,2,,33,,,1409666,1782293275917,1409672,1782293275923,,1782293275844,29,2026-06-24T09:27:56.5347504Z,67,,oasis/bottle,0
,,,,,,6,local.mqtt.telegraf,45,47.49,,periodic,,76,-20095,45,43,,,1,08a6f7bb3c68,,0,273,1016,08:A6:F7:BB:3C:68,,20171,31,2,,33,,,1410966,1782293277217,1410972,1782293277223,,1782293277141,29,2026-06-24T09:27:57.8258701Z,67,,oasis/bottle,0
,,,,,,6,local.mqtt.telegraf,45,47.45,,periodic,,66,-1226,18,16,,,1,08a6f7bb3c68,,0,273,1017,08:A6:F7:BB:3C:68,,1292,48,2,,50,,,1412356,1782293278607,1412362,1782293278613,,1782293278541,29,2026-06-24T09:27:59.232394Z,68,,oasis/bottle,0
,,,,,,6,local.mqtt.telegraf,45,47.84,,periodic,,66,-2816,18,16,,,1,08a6f7bb3c68,,0,273,1018,08:A6:F7:BB:3C:68,,2882,48,2,,50,,,1413946,1782293280197,1413952,1782293280203,,1782293280131,29,2026-06-24T09:28:00.8094695Z,68,,oasis/bottle,0
,,,,,,7,local.mqtt.telegraf,45,47.55,,periodic,,67,-4184,19,17,,,1,08a6f7bb3c68,,0,273,1019,08:A6:F7:BB:3C:68,,4251,48,2,,50,,,1415316,1782293281567,1415323,1782293281574,,1782293281500,29,2026-06-24T09:28:02.1839561Z,68,,oasis/bottle,0
,,,,,,6,local.mqtt.telegraf,45,47.57,,periodic,,66,-5726,18,16,,,1,08a6f7bb3c68,,0,273,1020,08:A6:F7:BB:3C:68,,5792,48,2,,50,,,1416856,1782293283107,1416862,1782293283113,,1782293283041,29,2026-06-24T09:28:03.7127531Z,68,,oasis/bottle,0
,,,,,,6,local.mqtt.telegraf,45,47.76,,periodic,,77,-6994,29,27,,,1,08a6f7bb3c68,,0,273,1021,08:A6:F7:BB:3C:68,,7071,48,2,,50,,,1418146,1782293284397,1418152,1782293284403,,1782293284320,29,2026-06-24T09:28:05.0044313Z,68,,oasis/bottle,0
,,,,,,6,local.mqtt.telegraf,45,47.63,,periodic,,67,-8374,19,17,,,1,08a6f7bb3c68,,0,273,1022,08:A6:F7:BB:3C:68,,8441,48,2,,50,,,1419506,1782293285757,1419512,1782293285763,,1782293285690,29,2026-06-24T09:28:06.3769735Z,68,,oasis/bottle,0
,,,,,,6,local.mqtt.telegraf,45,47.28,,periodic,,77,-9884,29,27,,,1,08a6f7bb3c68,,0,273,1023,08:A6:F7:BB:3C:68,,9961,48,2,,50,,,1421036,1782293287287,1421042,1782293287293,,1782293287210,29,2026-06-24T09:28:07.9038478Z,68,,oasis/bottle,0
,,,,,,6,local.mqtt.telegraf,45,47.73,,periodic,,67,-11144,19,17,,,1,08a6f7bb3c68,,0,273,1024,08:A6:F7:BB:3C:68,,11211,48,2,,50,,,1422276,1782293288527,1422282,1782293288533,,1782293288460,29,2026-06-24T09:28:09.1344573Z,68,,oasis/bottle,0
,,,,,,6,local.mqtt.telegraf,45,47.32,,periodic,,67,-12434,19,17,,,1,08a6f7bb3c68,,0,273,1025,08:A6:F7:BB:3C:68,,12501,48,2,,50,,,1423566,1782293289817,1423572,1782293289823,,1782293289750,29,2026-06-24T09:28:10.4330089Z,68,,oasis/bottle,0
,,,,,,6,local.mqtt.telegraf,45,47.57,,periodic,,77,-13794,29,27,,,1,08a6f7bb3c68,,0,273,1026,08:A6:F7:BB:3C:68,,13871,48,2,,50,,,1424946,1782293291197,1424952,1782293291203,,1782293291120,29,2026-06-24T09:28:11.8088249Z,68,,oasis/bottle,0
,,,,,,6,local.mqtt.telegraf,45,47.64,,periodic,,68,-15353,20,18,,,1,08a6f7bb3c68,,0,273,1027,08:A6:F7:BB:3C:68,,15421,48,2,,50,,,1426486,1782293292738,1426493,1782293292744,,1782293292670,29,2026-06-24T09:28:13.3547018Z,68,,oasis/bottle,0
,,,,,,6,local.mqtt.telegraf,45,47.53,,periodic,,76,-16646,28,26,,,1,08a6f7bb3c68,,0,273,1028,08:A6:F7:BB:3C:68,,16722,48,2,,50,,,1427796,1782293294047,1427802,1782293294053,,1782293293971,29,2026-06-24T09:28:14.7144824Z,68,,oasis/bottle,0
,,,,,,6,local.mqtt.telegraf,45,47.48,,periodic,,67,-18064,19,17,,,1,08a6f7bb3c68,,0,273,1029,08:A6:F7:BB:3C:68,,18131,48,2,,50,,,1429196,1782293295447,1429202,1782293295453,,1782293295380,29,2026-06-24T09:28:16.1372397Z,68,,oasis/bottle,0
,,,,,,6,local.mqtt.telegraf,45,47.63,,periodic,,77,-19654,29,27,,,1,08a6f7bb3c68,,0,273,1030,08:A6:F7:BB:3C:68,,19731,48,2,,50,,,1430806,1782293297057,1430812,1782293297063,,1782293296980,29,2026-06-24T09:28:17.6648332Z,68,,oasis/bottle,0
,,,,,,5,local.mqtt.telegraf,45,47.61,,periodic,,62,-869,31,29,,,1,08a6f7bb3c68,,0,273,1031,08:A6:F7:BB:3C:68,,931,31,2,,33,,,1432195,1782293298447,1432201,1782293298452,,1782293298385,29,2026-06-24T09:28:19.0607734Z,69,,oasis/bottle,0
,,,,,,6,local.mqtt.telegraf,45,47.68,,periodic,,62,-2459,31,29,,,1,08a6f7bb3c68,,0,273,1032,08:A6:F7:BB:3C:68,,2521,31,2,,33,,,1433786,1782293300037,1433792,1782293300043,,1782293299975,29,2026-06-24T09:28:20.651544Z,69,,oasis/bottle,0
,,,,,,6,local.mqtt.telegraf,45,47.79,,periodic,,63,-3837,32,30,,,1,08a6f7bb3c68,,0,273,1033,08:A6:F7:BB:3C:68,,3900,31,2,,33,,,1435166,1782293301417,1435172,1782293301423,,1782293301354,29,2026-06-24T09:28:22.0240128Z,69,,oasis/bottle,0
,,,,,,6,local.mqtt.telegraf,45,47.67,,periodic,,72,-5379,41,39,,,1,08a6f7bb3c68,,0,273,1034,08:A6:F7:BB:3C:68,,5451,31,2,,33,,,1436726,1782293302977,1436732,1782293302983,,1782293302905,29,2026-06-24T09:28:23.5794383Z,69,,oasis/bottle,0
,,,,,,6,local.mqtt.telegraf,45,47.65,,periodic,,63,-6697,32,30,,,1,08a6f7bb3c68,,0,273,1035,08:A6:F7:BB:3C:68,,6760,31,2,,33,,,1438026,1782293304277,1438032,1782293304283,,1782293304214,29,2026-06-24T09:28:24.8820556Z,69,,oasis/bottle,0
,,,,,,6,local.mqtt.telegraf,45,47.8,,periodic,,73,-8107,42,40,,,1,08a6f7bb3c68,,0,273,1036,08:A6:F7:BB:3C:68,,8180,31,2,,33,,,1439456,1782293305707,1439462,1782293305713,,1782293305634,29,2026-06-24T09:28:26.3266353Z,69,,oasis/bottle,0
,,,,,,6,local.mqtt.telegraf,45,47.64,,periodic,,63,-9757,32,30,,,1,08a6f7bb3c68,,0,273,1037,08:A6:F7:BB:3C:68,,9820,31,2,,33,,,1441086,1782293307337,1441092,1782293307343,,1782293307274,29,2026-06-24T09:28:27.9440662Z,69,,oasis/bottle,0
,,,,,,6,local.mqtt.telegraf,45,47.51,,periodic,,73,-11207,42,40,,,1,08a6f7bb3c68,,0,273,1038,08:A6:F7:BB:3C:68,,11280,31,2,,33,,,1442556,1782293308807,1442562,1782293308813,,1782293308734,29,2026-06-24T09:28:29.4315722Z,69,,oasis/bottle,0
,,,,,,6,local.mqtt.telegraf,45,47.59,,periodic,,72,-12339,41,39,,,1,08a6f7bb3c68,,0,273,1039,08:A6:F7:BB:3C:68,,12411,31,2,,33,,,1443686,1782293309937,1443692,1782293309943,,1782293309865,29,2026-06-24T09:28:30.5339376Z,69,,oasis/bottle,0
,,,,,,6,local.mqtt.telegraf,45,47.49,,periodic,,63,-13407,32,30,,,1,08a6f7bb3c68,,0,273,1040,08:A6:F7:BB:3C:68,,13470,31,2,,33,,,1444736,1782293310987,1444742,1782293310993,,1782293310924,29,2026-06-24T09:28:31.6022148Z,69,,oasis/bottle,0
,,,,,,6,local.mqtt.telegraf,45,47.55,,periodic,,62,-14919,31,29,,,1,08a6f7bb3c68,,0,273,1041,08:A6:F7:BB:3C:68,,14981,31,2,,33,,,1446246,1782293312497,1446252,1782293312503,,1782293312435,29,2026-06-24T09:28:33.1043599Z,69,,oasis/bottle,0
,,,,,,6,local.mqtt.telegraf,45,47.59,,periodic,,69,-16125,38,36,,,1,08a6f7bb3c68,,0,273,1042,08:A6:F7:BB:3C:68,,16194,31,2,,33,,,1447466,1782293313717,1447472,1782293313723,,1782293313648,29,2026-06-24T09:28:34.3346237Z,69,,oasis/bottle,0
,,,,,,6,local.mqtt.telegraf,45,47.4,,periodic,,62,-17369,31,29,,,1,08a6f7bb3c68,,0,273,1043,08:A6:F7:BB:3C:68,,17431,31,2,,33,,,1448696,1782293314947,1448702,1782293314953,,1782293314885,29,2026-06-24T09:28:35.5627411Z,69,,oasis/bottle,0
,,,,,,6,local.mqtt.telegraf,45,47.3,,periodic,,63,-18627,32,30,,,1,08a6f7bb3c68,,0,273,1044,08:A6:F7:BB:3C:68,,18690,31,2,,33,,,1449956,1782293316207,1449962,1782293316213,,1782293316144,29,2026-06-24T09:28:36.8304628Z,69,,oasis/bottle,0
,,,,,,6,local.mqtt.telegraf,45,47.26,,periodic,,72,-19939,41,39,,,1,08a6f7bb3c68,,0,273,1045,08:A6:F7:BB:3C:68,,20011,31,2,,33,,,1451286,1782293317537,1451292,1782293317543,,1782293317465,29,2026-06-24T09:28:38.1561664Z,69,,oasis/bottle,0
,,,,,,6,local.mqtt.telegraf,45,47.77,,periodic,,62,-1190,33,31,,,1,08a6f7bb3c68,,0,273,1046,08:A6:F7:BB:3C:68,,1252,29,2,,31,,,1452726,1782293318977,1452732,1782293318983,,1782293318915,29,2026-06-24T09:28:39.5915237Z,70,,oasis/bottle,0
,,,,,,6,local.mqtt.telegraf,45,47.68,,periodic,,62,-2280,33,31,,,1,08a6f7bb3c68,,0,273,1047,08:A6:F7:BB:3C:68,,2342,29,2,,31,,,1453816,1782293320067,1453822,1782293320073,,1782293320005,29,2026-06-24T09:28:40.6869065Z,70,,oasis/bottle,0
,,,,,,6,local.mqtt.telegraf,45,47.49,,periodic,,62,-3860,33,31,,,1,08a6f7bb3c68,,0,273,1048,08:A6:F7:BB:3C:68,,3922,29,2,,31,,,1455396,1782293321647,1455402,1782293321653,,1782293321585,29,2026-06-24T09:28:42.253392Z,70,,oasis/bottle,0
,,,,,,6,local.mqtt.telegraf,45,47.8,,periodic,,63,-5208,34,32,,,1,08a6f7bb3c68,,0,273,1049,08:A6:F7:BB:3C:68,,5271,29,2,,31,,,1456746,1782293322997,1456752,1782293323003,,1782293322934,29,2026-06-24T09:28:43.6089265Z,70,,oasis/bottle,0
,,,,,,7,local.mqtt.telegraf,45,47.61,,periodic,,63,-6708,34,32,,,1,08a6f7bb3c68,,0,273,1050,08:A6:F7:BB:3C:68,,6771,29,2,,31,,,1458246,1782293324497,1458252,1782293324504,,1782293324434,29,2026-06-24T09:28:45.1217031Z,70,,oasis/bottle,0
,,,,,,6,local.mqtt.telegraf,45,47.53,,periodic,,72,-7900,43,41,,,1,08a6f7bb3c68,,0,273,1051,08:A6:F7:BB:3C:68,,7972,29,2,,31,,,1459456,1782293325707,1459462,1782293325713,,1782293325635,29,2026-06-24T09:28:46.3365032Z,70,,oasis/bottle,0
,,,,,,6,local.mqtt.telegraf,45,47.3,,periodic,,63,-9108,34,32,,,1,08a6f7bb3c68,,0,273,1052,08:A6:F7:BB:3C:68,,9171,29,2,,31,,,1460646,1782293326897,1460652,1782293326903,,1782293326834,29,2026-06-24T09:28:47.5153871Z,70,,oasis/bottle,0
,,,,,,6,local.mqtt.telegraf,45,47.1,,periodic,,73,-10288,44,42,,,1,08a6f7bb3c68,,0,273,1053,08:A6:F7:BB:3C:68,,10361,29,2,,31,,,1461846,1782293328097,1461852,1782293328103,,1782293328024,29,2026-06-24T09:28:48.7064578Z,70,,oasis/bottle,0
,,,,,,6,local.mqtt.telegraf,45,47.29,,periodic,,63,-11488,34,32,,,1,08a6f7bb3c68,,0,273,1054,08:A6:F7:BB:3C:68,,11551,29,2,,31,,,1463026,1782293329277,1463032,1782293329283,,1782293329214,29,2026-06-24T09:28:49.8834342Z,70,,oasis/bottle,0
,,,,,,6,local.mqtt.telegraf,45,47.67,,periodic,,62,-12660,33,31,,,1,08a6f7bb3c68,,0,273,1055,08:A6:F7:BB:3C:68,,12722,29,2,,31,,,1464196,1782293330447,1464202,1782293330453,,1782293330385,29,2026-06-24T09:28:51.0627522Z,70,,oasis/bottle,0
,,,,,,6,local.mqtt.telegraf,45,47.37,,periodic,,72,-13790,43,41,,,1,08a6f7bb3c68,,0,273,1056,08:A6:F7:BB:3C:68,,13862,29,2,,31,,,1465346,1782293331597,1465352,1782293331603,,1782293331525,29,2026-06-24T09:28:52.2144117Z,70,,oasis/bottle,0
,,,,,,6,local.mqtt.telegraf,45,47.67,,periodic,,62,-14880,33,31,,,1,08a6f7bb3c68,,0,273,1057,08:A6:F7:BB:3C:68,,14942,29,2,,31,,,1466416,1782293332667,1466422,1782293332673,,1782293332605,29,2026-06-24T09:28:53.2824268Z,70,,oasis/bottle,0
,,,,,,6,local.mqtt.telegraf,45,47.14,,periodic,,73,-16418,44,42,,,1,08a6f7bb3c68,,0,273,1058,08:A6:F7:BB:3C:68,,16491,29,2,,31,,,1467976,1782293334227,1467982,1782293334233,,1782293334154,29,2026-06-24T09:28:54.8353078Z,70,,oasis/bottle,0
,,,,,,6,local.mqtt.telegraf,45,47.06,,periodic,,63,-17738,34,32,,,1,08a6f7bb3c68,,0,273,1059,08:A6:F7:BB:3C:68,,17801,29,2,,31,,,1469276,1782293335527,1469282,1782293335533,,1782293335464,29,2026-06-24T09:28:56.1381796Z,70,,oasis/bottle,0
,,,,,,6,local.mqtt.telegraf,45,47.25,,periodic,,73,-19138,44,42,,,1,08a6f7bb3c68,,0,273,1060,08:A6:F7:BB:3C:68,,19211,29,2,,31,,,1470696,1782293336947,1470702,1782293336953,,1782293336874,29,2026-06-24T09:28:57.5725778Z,70,,oasis/bottle,0
,,,,,,6,local.mqtt.telegraf,45,47.18,,periodic,,61,-570,30,28,,,1,08a6f7bb3c68,,0,273,1061,08:A6:F7:BB:3C:68,,631,31,2,,33,,,1472315,1782293338566,1472321,1782293338572,,1782293338505,29,2026-06-24T09:28:59.1690695Z,71,,oasis/bottle,0
,,,,,,6,local.mqtt.telegraf,46,47.29,,periodic,,73,-1997,42,40,,,1,08a6f7bb3c68,,0,273,1062,08:A6:F7:BB:3C:68,,2070,31,2,,33,,,1473766,1782293340017,1473772,1782293340023,,1782293339944,29,2026-06-24T09:29:00.639614Z,71,,oasis/bottle,0
,,,,,,6,local.mqtt.telegraf,46,47.24,,periodic,,63,-3097,32,30,,,1,08a6f7bb3c68,,0,273,1063,08:A6:F7:BB:3C:68,,3160,31,2,,33,,,1474846,1782293341097,1474852,1782293341103,,1782293341034,29,2026-06-24T09:29:01.7063495Z,71,,oasis/bottle,0
,,,,,,6,local.mqtt.telegraf,46,47.4,,periodic,,73,-4657,42,40,,,1,08a6f7bb3c68,,0,273,1064,08:A6:F7:BB:3C:68,,4730,31,2,,33,,,1476426,1782293342677,1476432,1782293342683,,1782293342604,29,2026-06-24T09:29:03.2798249Z,71,,oasis/bottle,0
,,,,,,6,local.mqtt.telegraf,46,47.37,,periodic,,63,-6007,32,30,,,1,08a6f7bb3c68,,0,273,1065,08:A6:F7:BB:3C:68,,6070,31,2,,33,,,1477756,1782293344007,1477762,1782293344013,,1782293343944,29,2026-06-24T09:29:04.6246933Z,71,,oasis/bottle,0
,,,,,,6,local.mqtt.telegraf,46,47.41,,periodic,,73,-7477,42,40,,,1,08a6f7bb3c68,,0,273,1066,08:A6:F7:BB:3C:68,,7550,31,2,,33,,,1479246,1782293345497,1479252,1782293345503,,1782293345424,29,2026-06-24T09:29:06.1354083Z,71,,oasis/bottle,0
,,,,,,6,local.mqtt.telegraf,46,47.69,,periodic,,63,-8647,32,30,,,1,08a6f7bb3c68,,0,273,1067,08:A6:F7:BB:3C:68,,8710,31,2,,33,,,1480396,1782293346647,1480402,1782293346653,,1782293346584,29,2026-06-24T09:29:07.2598732Z,71,,oasis/bottle,0
,,,,,,6,local.mqtt.telegraf,46,47.37,,periodic,,63,-9757,32,30,,,1,08a6f7bb3c68,,0,273,1068,08:A6:F7:BB:3C:68,,9820,31,2,,33,,,1481506,1782293347757,1481512,1782293347763,,1782293347694,29,2026-06-24T09:29:08.3825805Z,71,,oasis/bottle,0
,,,,,,6,local.mqtt.telegraf,46,46.93,,periodic,,62,-11379,31,29,,,1,08a6f7bb3c68,,0,273,1069,08:A6:F7:BB:3C:68,,11441,31,2,,33,,,1483126,1782293349377,1483132,1782293349383,,1782293349315,29,2026-06-24T09:29:10.0060996Z,71,,oasis/bottle,0
,,,,,,6,local.mqtt.telegraf,46,47.52,,periodic,,62,-12809,31,29,,,1,08a6f7bb3c68,,0,273,1070,08:A6:F7:BB:3C:68,,12871,31,2,,33,,,1484556,1782293350807,1484562,1782293350813,,1782293350745,29,2026-06-24T09:29:11.443479Z,71,,oasis/bottle,0
,,,,,,6,local.mqtt.telegraf,46,47.65,,periodic,,62,-13869,31,29,,,1,08a6f7bb3c68,,0,273,1071,08:A6:F7:BB:3C:68,,13931,31,2,,33,,,1485616,1782293351867,1485622,1782293351873,,1782293351805,29,2026-06-24T09:29:12.4738776Z,71,,oasis/bottle,0
,,,,,,6,local.mqtt.telegraf,46,47.25,,periodic,,63,-15387,32,30,,,1,08a6f7bb3c68,,0,273,1072,08:A6:F7:BB:3C:68,,15450,31,2,,33,,,1487136,1782293353387,1487142,1782293353393,,1782293353324,29,2026-06-24T09:29:13.9956096Z,71,,oasis/bottle,0
,,,,,,6,local.mqtt.telegraf,46,47.47,,periodic,,63,-16627,32,30,,,1,08a6f7bb3c68,,0,273,1073,08:A6:F7:BB:3C:68,,16690,31,2,,33,,,1488376,1782293354627,1488382,1782293354633,,1782293354564,29,2026-06-24T09:29:15.2426538Z,71,,oasis/bottle,0
,,,,,,6,local.mqtt.telegraf,46,47.87,,periodic,,63,-17897,32,30,,,1,08a6f7bb3c68,,0,273,1074,08:A6:F7:BB:3C:68,,17960,31,2,,33,,,1489646,1782293355897,1489652,1782293355903,,1782293355834,29,2026-06-24T09:29:16.5166237Z,71,,oasis/bottle,0
,,,,,,6,local.mqtt.telegraf,46,47.24,,periodic,,73,-19227,42,40,,,1,08a6f7bb3c68,,0,273,1075,08:A6:F7:BB:3C:68,,19300,31,2,,33,,,1490996,1782293357247,1491002,1782293357253,,1782293357174,29,2026-06-24T09:29:17.8570271Z,71,,oasis/bottle,0
,,,,,,6,local.mqtt.telegraf,46,47.37,,periodic,,61,-520,30,28,,,1,08a6f7bb3c68,,0,273,1076,08:A6:F7:BB:3C:68,,581,31,2,,33,,,1492475,1782293358726,1492481,1782293358732,,1782293358665,29,2026-06-24T09:29:19.3407516Z,72,,oasis/bottle,0
,,,,,,6,local.mqtt.telegraf,46,47.53,,periodic,,73,-1677,42,40,,,1,08a6f7bb3c68,,0,273,1077,08:A6:F7:BB:3C:68,,1750,31,2,,33,,,1493656,1782293359907,1493662,1782293359913,,1782293359834,29,2026-06-24T09:29:20.5141094Z,72,,oasis/bottle,0
,,,,,,6,local.mqtt.telegraf,46,47.59,,periodic,,62,-2839,31,29,,,1,08a6f7bb3c68,,0,273,1078,08:A6:F7:BB:3C:68,,2901,31,2,,33,,,1494796,1782293361047,1494802,1782293361053,,1782293360985,29,2026-06-24T09:29:21.6527056Z,72,,oasis/bottle,0
,,,,,,6,local.mqtt.telegraf,46,47.85,,periodic,,63,-3917,32,30,,,1,08a6f7bb3c68,,0,273,1079,08:A6:F7:BB:3C:68,,3980,31,2,,33,,,1495876,1782293362127,1495882,1782293362133,,1782293362064,29,2026-06-24T09:29:22.7342731Z,72,,oasis/bottle,0
,,,,,,6,local.mqtt.telegraf,46,47.8,,periodic,,64,-5486,33,31,,,1,08a6f7bb3c68,,0,273,1080,08:A6:F7:BB:3C:68,,5550,31,2,,33,,,1497447,1782293363698,1497453,1782293363704,,1782293363634,29,2026-06-24T09:29:24.3086013Z,72,,oasis/bottle,0
,,,,,,6,local.mqtt.telegraf,45,47.42,,periodic,,63,-6827,32,30,,,1,08a6f7bb3c68,,0,273,1081,08:A6:F7:BB:3C:68,,6890,31,2,,33,,,1498786,1782293365037,1498792,1782293365043,,1782293364974,29,2026-06-24T09:29:25.6442759Z,72,,oasis/bottle,0
,,,,,,6,local.mqtt.telegraf,45,47.69,,periodic,,73,-8287,42,40,,,1,08a6f7bb3c68,,0,273,1082,08:A6:F7:BB:3C:68,,8360,31,2,,33,,,1500266,1782293366517,1500272,1782293366523,,1782293366444,29,2026-06-24T09:29:27.1519379Z,72,,oasis/bottle,0
,,,,,,6,local.mqtt.telegraf,45,47.3,,periodic,,63,-9447,32,30,,,1,08a6f7bb3c68,,0,273,1083,08:A6:F7:BB:3C:68,,9510,31,2,,33,,,1501406,1782293367657,1501412,1782293367663,,1782293367594,29,2026-06-24T09:29:28.289506Z,72,,oasis/bottle,0
,,,,,,6,local.mqtt.telegraf,45,47.36,,periodic,,63,-10527,32,30,,,1,08a6f7bb3c68,,0,273,1084,08:A6:F7:BB:3C:68,,10590,31,2,,33,,,1502486,1782293368737,1502492,1782293368743,,1782293368674,29,2026-06-24T09:29:29.3407686Z,72,,oasis/bottle,0
,,,,,,6,local.mqtt.telegraf,45,47.48,,periodic,,72,-12079,41,39,,,1,08a6f7bb3c68,,0,273,1085,08:A6:F7:BB:3C:68,,12151,31,2,,33,,,1504056,1782293370307,1504062,1782293370313,,1782293370235,29,2026-06-24T09:29:30.9356724Z,72,,oasis/bottle,0
,,,,,,6,local.mqtt.telegraf,45,47.42,,periodic,,62,-13419,31,29,,,1,08a6f7bb3c68,,0,273,1086,08:A6:F7:BB:3C:68,,13481,31,2,,33,,,1505376,1782293371627,1505382,1782293371633,,1782293371565,29,2026-06-24T09:29:32.2461193Z,72,,oasis/bottle,0
,,,,,,6,local.mqtt.telegraf,45,47.73,,periodic,,62,-14869,31,29,,,1,08a6f7bb3c68,,0,273,1087,08:A6:F7:BB:3C:68,,14931,31,2,,33,,,1506826,1782293373077,1506832,1782293373083,,1782293373015,29,2026-06-24T09:29:33.6929585Z,72,,oasis/bottle,0
,,,,,,6,local.mqtt.telegraf,45,47.64,,periodic,,73,-15957,42,40,,,1,08a6f7bb3c68,,0,273,1088,08:A6:F7:BB:3C:68,,16030,31,2,,33,,,1507936,1782293374187,1507942,1782293374193,,1782293374114,29,2026-06-24T09:29:34.7939991Z,72,,oasis/bottle,0
,,,,,,6,local.mqtt.telegraf,45,47.68,,periodic,,63,-17577,32,30,,,1,08a6f7bb3c68,,0,273,1089,08:A6:F7:BB:3C:68,,17640,31,2,,33,,,1509536,1782293375787,1509542,1782293375793,,1782293375724,29,2026-06-24T09:29:36.3922551Z,72,,oasis/bottle,0
,,,,,,6,local.mqtt.telegraf,45,47.59,,periodic,,72,-18969,41,39,,,1,08a6f7bb3c68,,0,273,1090,08:A6:F7:BB:3C:68,,19041,31,2,,33,,,1510946,1782293377197,1510952,1782293377203,,1782293377125,29,2026-06-24T09:29:37.8137429Z,72,,oasis/bottle,0
,,,,,,5,local.mqtt.telegraf,45,47.73,,periodic,,70,-364,40,38,,,1,08a6f7bb3c68,,0,273,1091,08:A6:F7:BB:3C:68,,434,30,2,,32,,,1512546,1782293378797,1512551,1782293378802,,1782293378727,29,2026-06-24T09:29:39.4142618Z,73,,oasis/bottle,0
,,,,,,6,local.mqtt.telegraf,45,47.48,,periodic,,73,-1768,43,41,,,1,08a6f7bb3c68,,0,273,1092,08:A6:F7:BB:3C:68,,1841,30,2,,32,,,1513956,1782293380207,1513962,1782293380213,,1782293380134,29,2026-06-24T09:29:40.814654Z,73,,oasis/bottle,0
,,,,,,6,local.mqtt.telegraf,45,47.68,,periodic,,72,-3380,42,40,,,1,08a6f7bb3c68,,0,273,1093,08:A6:F7:BB:3C:68,,3452,30,2,,32,,,1515566,1782293381817,1515572,1782293381823,,1782293381745,29,2026-06-24T09:29:42.4293359Z,73,,oasis/bottle,0
,,,,,,6,local.mqtt.telegraf,45,47.47,,periodic,,73,-4798,43,41,,,1,08a6f7bb3c68,,0,273,1094,08:A6:F7:BB:3C:68,,4871,30,2,,32,,,1516986,1782293383237,1516992,1782293383243,,1782293383164,29,2026-06-24T09:29:43.8511527Z,73,,oasis/bottle,0
,,,,,,6,local.mqtt.telegraf,45,47.56,,periodic,,63,-6448,33,31,,,1,08a6f7bb3c68,,0,273,1095,08:A6:F7:BB:3C:68,,6511,30,2,,32,,,1518616,1782293384867,1518622,1782293384873,,1782293384804,29,2026-06-24T09:29:45.4930304Z,73,,oasis/bottle,0
,,,,,,6,local.mqtt.telegraf,45,47.59,,periodic,,73,-7908,43,41,,,1,08a6f7bb3c68,,0,273,1096,08:A6:F7:BB:3C:68,,7981,30,2,,32,,,1520096,1782293386347,1520102,1782293386353,,1782293386274,29,2026-06-24T09:29:46.9581085Z,73,,oasis/bottle,0
,,,,,,6,local.mqtt.telegraf,45,47.88,,periodic,,63,-9058,33,31,,,1,08a6f7bb3c68,,0,273,1097,08:A6:F7:BB:3C:68,,9121,30,2,,32,,,1521226,1782293387477,1521232,1782293387483,,1782293387414,29,2026-06-24T09:29:48.0943568Z,73,,oasis/bottle,0
,,,,,,6,local.mqtt.telegraf,45,47.83,,periodic,,63,-10128,33,31,,,1,08a6f7bb3c68,,0,273,1098,08:A6:F7:BB:3C:68,,10191,30,2,,32,,,1522296,1782293388547,1522302,1782293388553,,1782293388484,29,2026-06-24T09:29:49.1508253Z,73,,oasis/bottle,0
,,,,,,6,local.mqtt.telegraf,45,47.28,,periodic,,72,-11660,42,40,,,1,08a6f7bb3c68,,0,273,1099,08:A6:F7:BB:3C:68,,11732,30,2,,32,,,1523846,1782293390097,1523852,1782293390103,,1782293390025,29,2026-06-24T09:29:50.7050172Z,73,,oasis/bottle,0
,,,,,,10,local.mqtt.telegraf,45,47.75,,periodic,,62,-12960,32,30,,,1,08a6f7bb3c68,,0,274,1100,08:A6:F7:BB:3C:68,,13022,30,2,,32,,,1525126,1782293391377,1525136,1782293391387,,1782293391315,29,2026-06-24T09:29:51.9914227Z,73,,oasis/bottle,0
,,,,,,6,local.mqtt.telegraf,45,47.61,,periodic,,72,-14310,42,40,,,1,08a6f7bb3c68,,0,273,1101,08:A6:F7:BB:3C:68,,14382,30,2,,32,,,1526496,1782293392747,1526502,1782293392753,,1782293392675,29,2026-06-24T09:29:53.3604124Z,73,,oasis/bottle,0
,,,,,,6,local.mqtt.telegraf,45,47.8,,periodic,,73,-15838,43,41,,,1,08a6f7bb3c68,,0,273,1102,08:A6:F7:BB:3C:68,,15911,30,2,,32,,,1528026,1782293394277,1528032,1782293394283,,1782293394204,29,2026-06-24T09:29:54.8881716Z,73,,oasis/bottle,0
,,,,,,6,local.mqtt.telegraf,45,47.75,,periodic,,72,-17100,42,40,,,1,08a6f7bb3c68,,0,273,1103,08:A6:F7:BB:3C:68,,17172,30,2,,32,,,1529286,1782293395537,1529292,1782293395543,,1782293395465,29,2026-06-24T09:29:56.160444Z,73,,oasis/bottle,0
,,,,,,6,local.mqtt.telegraf,45,47.8,,periodic,,62,-18430,32,30,,,1,08a6f7bb3c68,,0,273,1104,08:A6:F7:BB:3C:68,,18492,30,2,,32,,,1530596,1782293396847,1530602,1782293396853,,1782293396785,29,2026-06-24T09:29:57.4656804Z,73,,oasis/bottle,0
,,,,,,6,local.mqtt.telegraf,45,47.85,,periodic,,63,-19859,33,31,,,1,08a6f7bb3c68,,0,273,1105,08:A6:F7:BB:3C:68,,19922,30,2,,32,,,1532026,1782293398278,1532033,1782293398284,,1782293398215,29,2026-06-24T09:29:58.8814318Z,73,,oasis/bottle,0
,,,,,,6,local.mqtt.telegraf,45,47.24,,periodic,,61,-400,30,28,,,1,08a6f7bb3c68,,0,274,1106,08:A6:F7:BB:3C:68,,461,31,2,,33,,,1533095,1782293399346,1533101,1782293399352,,1782293399285,29,2026-06-24T09:29:59.9532391Z,74,,oasis/bottle,0
,,,,,,7,local.mqtt.telegraf,45,47.29,,periodic,,62,-1919,31,29,,,1,08a6f7bb3c68,,0,273,1107,08:A6:F7:BB:3C:68,,1981,31,2,,33,,,1534616,1782293400867,1534623,1782293400874,,1782293400805,29,2026-06-24T09:30:01.4754191Z,74,,oasis/bottle,0
,,,,,,6,local.mqtt.telegraf,45,47.56,,periodic,,62,-3159,31,29,,,1,08a6f7bb3c68,,0,274,1108,08:A6:F7:BB:3C:68,,3221,31,2,,33,,,1535856,1782293402107,1535862,1782293402113,,1782293402045,29,2026-06-24T09:30:02.7168834Z,74,,oasis/bottle,0
,,,,,,6,local.mqtt.telegraf,45,47.85,,periodic,,73,-4427,42,40,,,1,08a6f7bb3c68,,0,273,1109,08:A6:F7:BB:3C:68,,4500,31,2,,33,,,1537146,1782293403397,1537152,1782293403403,,1782293403324,29,2026-06-24T09:30:04.0102425Z,74,,oasis/bottle,0
,,,,,,6,local.mqtt.telegraf,45,47.48,,periodic,,62,-5809,31,29,,,1,08a6f7bb3c68,,0,273,1110,08:A6:F7:BB:3C:68,,5871,31,2,,33,,,1538506,1782293404757,1538512,1782293404763,,1782293404695,29,2026-06-24T09:30:05.3810539Z,74,,oasis/bottle,0
,,,,,,6,local.mqtt.telegraf,45,47.52,,periodic,,63,-7337,32,30,,,1,08a6f7bb3c68,,0,273,1111,08:A6:F7:BB:3C:68,,7400,31,2,,33,,,1540036,1782293406287,1540042,1782293406293,,1782293406224,29,2026-06-24T09:30:06.8938391Z,74,,oasis/bottle,0
,,,,,,6,local.mqtt.telegraf,45,47.51,,periodic,,72,-8579,41,39,,,1,08a6f7bb3c68,,0,274,1112,08:A6:F7:BB:3C:68,,8651,31,2,,33,,,1541296,1782293407547,1541302,1782293407553,,1782293407475,29,2026-06-24T09:30:08.1531989Z,74,,oasis/bottle,0
,,,,,,6,local.mqtt.telegraf,45,47.71,,periodic,,63,-9898,32,30,,,1,08a6f7bb3c68,,0,273,1113,08:A6:F7:BB:3C:68,,9961,31,2,,33,,,1542597,1782293408848,1542603,1782293408854,,1782293408785,29,2026-06-24T09:30:09.4596692Z,74,,oasis/bottle,0
,,,,,,6,local.mqtt.telegraf,45,47.64,,periodic,,72,-11299,41,39,,,1,08a6f7bb3c68,,0,274,1114,08:A6:F7:BB:3C:68,,11371,31,2,,33,,,1544016,1782293410267,1544022,1782293410273,,1782293410195,29,2026-06-24T09:30:10.8790567Z,74,,oasis/bottle,0
,,,,,,6,local.mqtt.telegraf,45,47.41,,periodic,,62,-12939,31,29,,,1,08a6f7bb3c68,,0,273,1115,08:A6:F7:BB:3C:68,,13001,31,2,,33,,,1545636,1782293411887,1545642,1782293411893,,1782293411825,29,2026-06-24T09:30:12.4973711Z,74,,oasis/bottle,0
,,,,,,6,local.mqtt.telegraf,45,47.91,,periodic,,72,-14369,41,39,,,1,08a6f7bb3c68,,0,273,1116,08:A6:F7:BB:3C:68,,14441,31,2,,33,,,1547086,1782293413337,1547092,1782293413343,,1782293413265,29,2026-06-24T09:30:13.9422196Z,74,,oasis/bottle,0
,,,,,,6,local.mqtt.telegraf,45,47.67,,periodic,,63,-15477,32,30,,,1,08a6f7bb3c68,,0,273,1117,08:A6:F7:BB:3C:68,,15540,31,2,,33,,,1548176,1782293414427,1548182,1782293414433,,1782293414364,29,2026-06-24T09:30:15.0436358Z,74,,oasis/bottle,0
,,,,,,6,local.mqtt.telegraf,45,47.48,,periodic,,73,-17047,42,40,,,1,08a6f7bb3c68,,0,273,1118,08:A6:F7:BB:3C:68,,17120,31,2,,33,,,1549766,1782293416017,1549772,1782293416023,,1782293415944,29,2026-06-24T09:30:16.6257149Z,74,,oasis/bottle,0
,,,,,,6,local.mqtt.telegraf,45,47.52,,periodic,,62,-18429,31,29,,,1,08a6f7bb3c68,,0,273,1119,08:A6:F7:BB:3C:68,,18491,31,2,,33,,,1551126,1782293417377,1551132,1782293417383,,1782293417315,29,2026-06-24T09:30:18.0000667Z,74,,oasis/bottle,0
,,,,,,6,local.mqtt.telegraf,45,47.49,,periodic,,73,-19937,42,40,,,1,08a6f7bb3c68,,0,273,1120,08:A6:F7:BB:3C:68,,20010,31,2,,33,,,1552656,1782293418907,1552662,1782293418913,,1782293418834,29,2026-06-24T09:30:19.5229138Z,74,,oasis/bottle,0
,,,,,,6,local.mqtt.telegraf,45,47.63,,periodic,,62,-990,33,31,,,1,08a6f7bb3c68,,0,274,1121,08:A6:F7:BB:3C:68,,1052,29,2,,31,,,1553896,1782293420147,1553902,1782293420153,,1782293420085,29,2026-06-24T09:30:20.7640004Z,75,,oasis/bottle,0
,,,,,,7,local.mqtt.telegraf,45,47.8,,periodic,,73,-2268,44,42,,,1,08a6f7bb3c68,,0,273,1122,08:A6:F7:BB:3C:68,,2341,29,2,,31,,,1555196,1782293421447,1555203,1782293421454,,1782293421374,29,2026-06-24T09:30:22.0510121Z,75,,oasis/bottle,0
,,,,,,6,local.mqtt.telegraf,45,47.81,,periodic,,69,-3656,40,38,,,1,08a6f7bb3c68,,0,277,1123,08:A6:F7:BB:3C:68,,3725,29,2,,31,,,1556576,1782293422827,1556582,1782293422833,,1782293422758,29,2026-06-24T09:30:23.4421551Z,75,,oasis/bottle,0
,,,,,,6,local.mqtt.telegraf,45,47.44,,periodic,,63,-5218,34,32,,,1,08a6f7bb3c68,,0,273,1124,08:A6:F7:BB:3C:68,,5281,29,2,,31,,,1558126,1782293424377,1558132,1782293424383,,1782293424314,29,2026-06-24T09:30:25.0046476Z,75,,oasis/bottle,0
,,,,,,6,local.mqtt.telegraf,45,47.79,,periodic,,62,-6530,33,31,,,1,08a6f7bb3c68,,0,273,1125,08:A6:F7:BB:3C:68,,6592,29,2,,31,,,1559436,1782293425687,1559442,1782293425693,,1782293425625,29,2026-06-24T09:30:26.2980583Z,75,,oasis/bottle,0
,,,,,,6,local.mqtt.telegraf,45,47.67,,periodic,,73,-7938,44,42,,,1,08a6f7bb3c68,,0,273,1126,08:A6:F7:BB:3C:68,,8011,29,2,,31,,,1560866,1782293427117,1560872,1782293427123,,1782293427044,29,2026-06-24T09:30:27.7331094Z,75,,oasis/bottle,0
,,,,,,6,local.mqtt.telegraf,45,47.56,,periodic,,63,-8998,34,32,,,1,08a6f7bb3c68,,0,273,1127,08:A6:F7:BB:3C:68,,9061,29,2,,31,,,1561906,1782293428157,1561912,1782293428163,,1782293428094,29,2026-06-24T09:30:28.7841629Z,75,,oasis/bottle,0
,,,,,,6,local.mqtt.telegraf,45,47.51,,periodic,,73,-10468,44,42,,,1,08a6f7bb3c68,,0,273,1128,08:A6:F7:BB:3C:68,,10541,29,2,,31,,,1563396,1782293429647,1563402,1782293429653,,1782293429574,29,2026-06-24T09:30:30.2540966Z,75,,oasis/bottle,0
,,,,,,6,local.mqtt.telegraf,45,47.72,,periodic,,73,-11638,44,42,,,1,08a6f7bb3c68,,0,273,1129,08:A6:F7:BB:3C:68,,11711,29,2,,31,,,1564566,1782293430817,1564572,1782293430823,,1782293430744,29,2026-06-24T09:30:31.4276477Z,75,,oasis/bottle,0
,,,,,,6,local.mqtt.telegraf,45,47.83,,periodic,,63,-12788,34,32,,,1,08a6f7bb3c68,,0,273,1130,08:A6:F7:BB:3C:68,,12851,29,2,,31,,,1565696,1782293431947,1565702,1782293431953,,1782293431884,29,2026-06-24T09:30:32.5541663Z,75,,oasis/bottle,0
,,,,,,6,local.mqtt.telegraf,45,47.49,,periodic,,73,-13848,44,42,,,1,08a6f7bb3c68,,0,273,1131,08:A6:F7:BB:3C:68,,13921,29,2,,31,,,1566776,1782293433027,1566782,1782293433033,,1782293432954,29,2026-06-24T09:30:33.6385192Z,75,,oasis/bottle,0
,,,,,,6,local.mqtt.telegraf,45,47.64,,periodic,,63,-15399,34,32,,,1,08a6f7bb3c68,,0,273,1132,08:A6:F7:BB:3C:68,,15462,29,2,,31,,,1568307,1782293434558,1568313,1782293434564,,1782293434495,29,2026-06-24T09:30:35.1641451Z,75,,oasis/bottle,0
,,,,,,6,local.mqtt.telegraf,45,47.71,,periodic,,62,-16670,33,31,,,1,08a6f7bb3c68,,0,273,1133,08:A6:F7:BB:3C:68,,16732,29,2,,31,,,1569576,1782293435827,1569582,1782293435833,,1782293435765,29,2026-06-24T09:30:36.4494561Z,75,,oasis/bottle,0
,,,,,,6,local.mqtt.telegraf,45,47.73,,periodic,,73,-17998,44,42,,,1,08a6f7bb3c68,,0,273,1134,08:A6:F7:BB:3C:68,,18071,29,2,,31,,,1570926,1782293437177,1570932,1782293437183,,1782293437104,29,2026-06-24T09:30:37.7943373Z,75,,oasis/bottle,0
,,,,,,7,local.mqtt.telegraf,45,47.53,,periodic,,73,-19478,44,42,,,1,08a6f7bb3c68,,0,273,1135,08:A6:F7:BB:3C:68,,19551,29,2,,31,,,1572406,1782293438657,1572413,1782293438664,,1782293438584,29,2026-06-24T09:30:39.300225Z,75,,oasis/bottle,0
,,,,,,6,local.mqtt.telegraf,45,47.69,,periodic,,61,-450,30,28,,,1,08a6f7bb3c68,,0,273,1136,08:A6:F7:BB:3C:68,,511,31,2,,33,,,1573565,1782293439816,1573571,1782293439822,,1782293439755,29,2026-06-24T09:30:40.4256706Z,76,,oasis/bottle,0
,,,,,,7,local.mqtt.telegraf,45,47.68,,periodic,,63,-1577,32,30,,,1,08a6f7bb3c68,,0,273,1137,08:A6:F7:BB:3C:68,,1640,31,2,,33,,,1574696,1782293440947,1574703,1782293440954,,1782293440884,29,2026-06-24T09:30:41.5623797Z,76,,oasis/bottle,0
,,,,,,6,local.mqtt.telegraf,45,47.92,,periodic,,73,-2617,42,40,,,1,08a6f7bb3c68,,0,273,1138,08:A6:F7:BB:3C:68,,2690,31,2,,33,,,1575756,1782293442007,1575762,1782293442013,,1782293441934,29,2026-06-24T09:30:42.6212926Z,76,,oasis/bottle,0
,,,,,,6,local.mqtt.telegraf,45,47.69,,periodic,,63,-4137,32,30,,,1,08a6f7bb3c68,,0,273,1139,08:A6:F7:BB:3C:68,,4200,31,2,,33,,,1577256,1782293443507,1577262,1782293443513,,1782293443444,29,2026-06-24T09:30:44.1224871Z,76,,oasis/bottle,0
,,,,,,6,local.mqtt.telegraf,45,47.49,,periodic,,73,-5337,42,40,,,1,08a6f7bb3c68,,0,273,1140,08:A6:F7:BB:3C:68,,5410,31,2,,33,,,1578476,1782293444727,1578482,1782293444733,,1782293444654,29,2026-06-24T09:30:45.3421289Z,76,,oasis/bottle,0
,,,,,,6,local.mqtt.telegraf,45,47.8,,periodic,,72,-6579,41,39,,,1,08a6f7bb3c68,,0,273,1141,08:A6:F7:BB:3C:68,,6651,31,2,,33,,,1579716,1782293445967,1579722,1782293445973,,1782293445895,29,2026-06-24T09:30:46.5764086Z,76,,oasis/bottle,0
,,,,,,6,local.mqtt.telegraf,45,47.57,,periodic,,63,-7847,32,30,,,1,08a6f7bb3c68,,0,273,1142,08:A6:F7:BB:3C:68,,7910,31,2,,33,,,1580966,1782293447217,1580972,1782293447223,,1782293447154,29,2026-06-24T09:30:47.8285863Z,76,,oasis/bottle,0
,,,,,,6,local.mqtt.telegraf,45,47.61,,periodic,,63,-9157,32,30,,,1,08a6f7bb3c68,,0,273,1143,08:A6:F7:BB:3C:68,,9220,31,2,,33,,,1582276,1782293448527,1582282,1782293448533,,1782293448464,29,2026-06-24T09:30:49.1367884Z,76,,oasis/bottle,0
,,,,,,6,local.mqtt.telegraf,45,47.26,,periodic,,72,-10569,41,39,,,1,08a6f7bb3c68,,0,273,1144,08:A6:F7:BB:3C:68,,10641,31,2,,33,,,1583706,1782293449957,1583712,1782293449963,,1782293449885,29,2026-06-24T09:30:50.5735952Z,76,,oasis/bottle,0
,,,,,,6,local.mqtt.telegraf,45,47.79,,periodic,,63,-11627,32,30,,,1,08a6f7bb3c68,,0,273,1145,08:A6:F7:BB:3C:68,,11690,31,2,,33,,,1584746,1782293450997,1584752,1782293451003,,1782293450934,29,2026-06-24T09:30:51.6083907Z,76,,oasis/bottle,0
,,,,,,6,local.mqtt.telegraf,45,47.84,,periodic,,73,-13097,42,40,,,1,08a6f7bb3c68,,0,273,1146,08:A6:F7:BB:3C:68,,13170,31,2,,33,,,1586236,1782293452487,1586242,1782293452493,,1782293452414,29,2026-06-24T09:30:53.098643Z,76,,oasis/bottle,0
,,,,,,6,local.mqtt.telegraf,45,47.37,,periodic,,63,-14287,32,30,,,1,08a6f7bb3c68,,0,273,1147,08:A6:F7:BB:3C:68,,14350,31,2,,33,,,1587406,1782293453657,1587412,1782293453663,,1782293453594,29,2026-06-24T09:30:54.273491Z,76,,oasis/bottle,0
,,,,,,6,local.mqtt.telegraf,45,47.75,,periodic,,63,-15427,32,30,,,1,08a6f7bb3c68,,0,273,1148,08:A6:F7:BB:3C:68,,15490,31,2,,33,,,1588546,1782293454797,1588552,1782293454803,,1782293454734,29,2026-06-24T09:30:55.4052265Z,76,,oasis/bottle,0
,,,,,,6,local.mqtt.telegraf,45,47.49,,periodic,,73,-16497,42,40,,,1,08a6f7bb3c68,,0,273,1149,08:A6:F7:BB:3C:68,,16570,31,2,,33,,,1589636,1782293455887,1589642,1782293455893,,1782293455814,29,2026-06-24T09:30:56.5026848Z,76,,oasis/bottle,0
,,,,,,6,local.mqtt.telegraf,45,47.64,,periodic,,63,-18077,32,30,,,1,08a6f7bb3c68,,0,273,1150,08:A6:F7:BB:3C:68,,18140,31,2,,33,,,1591196,1782293457447,1591202,1782293457453,,1782293457384,29,2026-06-24T09:30:58.0531835Z,76,,oasis/bottle,0
,,,,,,7,local.mqtt.telegraf,45,47.63,,periodic,,62,-19399,31,29,,,1,08a6f7bb3c68,,0,273,1151,08:A6:F7:BB:3C:68,,19461,31,2,,33,,,1592516,1782293458767,1592523,1782293458774,,1782293458705,29,2026-06-24T09:30:59.378418Z,76,,oasis/bottle,0
,,,,,,6,local.mqtt.telegraf,45,47.77,,periodic,,71,-621,42,40,,,1,08a6f7bb3c68,,0,274,1152,08:A6:F7:BB:3C:68,,692,29,2,,31,,,1593965,1782293460216,1593971,1782293460222,,1782293460145,29,2026-06-24T09:31:00.8268672Z,77,,oasis/bottle,0
,,,,,,6,local.mqtt.telegraf,45,47.63,,periodic,,64,-1717,35,33,,,1,08a6f7bb3c68,,0,273,1153,08:A6:F7:BB:3C:68,,1781,29,2,,31,,,1595046,1782293461298,1595053,1782293461304,,1782293461234,29,2026-06-24T09:31:01.9061062Z,77,,oasis/bottle,0
,,,,,,6,local.mqtt.telegraf,45,47.91,,periodic,,73,-3278,44,42,,,1,08a6f7bb3c68,,0,273,1154,08:A6:F7:BB:3C:68,,3351,29,2,,31,,,1596626,1782293462877,1596632,1782293462883,,1782293462804,29,2026-06-24T09:31:03.4909695Z,77,,oasis/bottle,0
,,,,,,6,local.mqtt.telegraf,45,47.55,,periodic,,63,-4638,34,32,,,1,08a6f7bb3c68,,0,273,1155,08:A6:F7:BB:3C:68,,4701,29,2,,31,,,1597966,1782293464217,1597972,1782293464223,,1782293464154,29,2026-06-24T09:31:04.8248208Z,77,,oasis/bottle,0
,,,,,,6,local.mqtt.telegraf,45,47.88,,periodic,,73,-6108,44,42,,,1,08a6f7bb3c68,,0,273,1156,08:A6:F7:BB:3C:68,,6181,29,2,,31,,,1599456,1782293465707,1599462,1782293465713,,1782293465634,29,2026-06-24T09:31:06.3095509Z,77,,oasis/bottle,0
,,,,,,6,local.mqtt.telegraf,45,47.49,,periodic,,63,-7288,34,32,,,1,08a6f7bb3c68,,0,273,1157,08:A6:F7:BB:3C:68,,7351,29,2,,31,,,1600616,1782293466867,1600622,1782293466873,,1782293466804,29,2026-06-24T09:31:07.4785732Z,77,,oasis/bottle,0
,,,,,,14,local.mqtt.telegraf,45,47.71,,periodic,,72,-8410,43,41,,,1,08a6f7bb3c68,,0,273,1158,08:A6:F7:BB:3C:68,,8482,29,2,,31,,,1601756,1782293468007,1601770,1782293468021,,1782293467935,29,2026-06-24T09:31:08.628004Z,77,,oasis/bottle,0
,,,,,,6,local.mqtt.telegraf,45,47.59,,periodic,,72,-9480,43,41,,,1,08a6f7bb3c68,,0,273,1159,08:A6:F7:BB:3C:68,,9552,29,2,,31,,,1602826,1782293469077,1602832,1782293469083,,1782293469005,29,2026-06-24T09:31:09.6934114Z,77,,oasis/bottle,0
,,,,,,6,local.mqtt.telegraf,45,47.69,,periodic,,72,-11020,43,41,,,1,08a6f7bb3c68,,0,273,1160,08:A6:F7:BB:3C:68,,11092,29,2,,31,,,1604366,1782293470617,1604372,1782293470623,,1782293470545,29,2026-06-24T09:31:11.2356315Z,77,,oasis/bottle,0
,,,,,,6,local.mqtt.telegraf,45,47.47,,periodic,,63,-12298,34,32,,,1,08a6f7bb3c68,,0,273,1161,08:A6:F7:BB:3C:68,,12361,29,2,,31,,,1605626,1782293471877,1605632,1782293471883,,1782293471814,29,2026-06-24T09:31:12.4939214Z,77,,oasis/bottle,0
,,,,,,6,local.mqtt.telegraf,45,47.94,,periodic,,72,-13620,43,41,,,1,08a6f7bb3c68,,0,273,1162,08:A6:F7:BB:3C:68,,13692,29,2,,31,,,1606966,1782293473217,1606972,1782293473223,,1782293473145,29,2026-06-24T09:31:13.8239381Z,77,,oasis/bottle,0
,,,,,,6,local.mqtt.telegraf,45,47.53,,periodic,,62,-15130,33,31,,,1,08a6f7bb3c68,,0,273,1163,08:A6:F7:BB:3C:68,,15192,29,2,,31,,,1608456,1782293474707,1608462,1782293474713,,1782293474645,29,2026-06-24T09:31:15.3131229Z,77,,oasis/bottle,0
,,,,,,6,local.mqtt.telegraf,45,47.64,,periodic,,72,-16280,43,41,,,1,08a6f7bb3c68,,0,273,1164,08:A6:F7:BB:3C:68,,16352,29,2,,31,,,1609626,1782293475877,1609632,1782293475883,,1782293475805,29,2026-06-24T09:31:16.493998Z,77,,oasis/bottle,0
,,,,,,7,local.mqtt.telegraf,45,47.37,,periodic,,62,-17410,33,31,,,1,08a6f7bb3c68,,0,273,1165,08:A6:F7:BB:3C:68,,17472,29,2,,31,,,1610736,1782293476987,1610743,1782293476994,,1782293476925,29,2026-06-24T09:31:17.5912666Z,77,,oasis/bottle,0
,,,,,,6,local.mqtt.telegraf,45,47.71,,periodic,,72,-19030,43,41,,,1,08a6f7bb3c68,,0,273,1166,08:A6:F7:BB:3C:68,,19102,29,2,,31,,,1612376,1782293478627,1612382,1782293478633,,1782293478555,29,2026-06-24T09:31:19.2484561Z,77,,oasis/bottle,0
,,,,,,6,local.mqtt.telegraf,45,47.68,,periodic,,71,-290,40,38,,,1,08a6f7bb3c68,,0,274,1167,08:A6:F7:BB:3C:68,,361,31,2,,33,,,1613845,1782293480096,1613851,1782293480102,,1782293480025,29,2026-06-24T09:31:20.7113037Z,78,,oasis/bottle,0
,,,,,,6,local.mqtt.telegraf,45,47.76,,periodic,,72,-1419,41,39,,,1,08a6f7bb3c68,,0,273,1168,08:A6:F7:BB:3C:68,,1491,31,2,,33,,,1614976,1782293481227,1614982,1782293481233,,1782293481155,29,2026-06-24T09:31:21.8452457Z,78,,oasis/bottle,0
,,,,,,7,local.mqtt.telegraf,45,47.89,,periodic,,62,-2499,31,29,,,1,08a6f7bb3c68,,0,273,1169,08:A6:F7:BB:3C:68,,2561,31,2,,33,,,1616036,1782293482287,1616043,1782293482294,,1782293482225,29,2026-06-24T09:31:22.8950688Z,78,,oasis/bottle,0
,,,,,,6,local.mqtt.telegraf,45,47.92,,periodic,,72,-4009,41,39,,,1,08a6f7bb3c68,,0,273,1170,08:A6:F7:BB:3C:68,,4081,31,2,,33,,,1617566,1782293483817,1617572,1782293483823,,1782293483745,29,2026-06-24T09:31:24.4218357Z,78,,oasis/bottle,0
,,,,,,6,local.mqtt.telegraf,45,47.64,,periodic,,62,-5269,31,29,,,1,08a6f7bb3c68,,0,273,1171,08:A6:F7:BB:3C:68,,5331,31,2,,33,,,1618806,1782293485057,1618812,1782293485063,,1782293484995,29,2026-06-24T09:31:25.6634089Z,78,,oasis/bottle,0
,,,,,,6,local.mqtt.telegraf,45,47.63,,periodic,,72,-6549,41,39,,,1,08a6f7bb3c68,,0,273,1172,08:A6:F7:BB:3C:68,,6621,31,2,,33,,,1620106,1782293486357,1620112,1782293486363,,1782293486285,29,2026-06-24T09:31:26.9651454Z,78,,oasis/bottle,0
,,,,,,6,local.mqtt.telegraf,45,47.67,,periodic,,72,-7929,41,39,,,1,08a6f7bb3c68,,0,273,1173,08:A6:F7:BB:3C:68,,8001,31,2,,33,,,1621486,1782293487737,1621492,1782293487743,,1782293487665,29,2026-06-24T09:31:28.3575647Z,78,,oasis/bottle,0
,,,,,,6,local.mqtt.telegraf,45,47.96,,periodic,,62,-9509,31,29,,,1,08a6f7bb3c68,,0,273,1174,08:A6:F7:BB:3C:68,,9571,31,2,,33,,,1623046,1782293489297,1623052,1782293489303,,1782293489235,29,2026-06-24T09:31:29.9106935Z,78,,oasis/bottle,0
,,,,,,6,local.mqtt.telegraf,45,47.94,,periodic,,72,-10819,41,39,,,1,08a6f7bb3c68,,0,273,1175,08:A6:F7:BB:3C:68,,10891,31,2,,33,,,1624376,1782293490627,1624382,1782293490633,,1782293490555,29,2026-06-24T09:31:31.2507414Z,78,,oasis/bottle,0
,,,,,,6,local.mqtt.telegraf,45,47.92,,periodic,,72,-12269,41,39,,,1,08a6f7bb3c68,,0,273,1176,08:A6:F7:BB:3C:68,,12341,31,2,,33,,,1625826,1782293492077,1625832,1782293492083,,1782293492005,29,2026-06-24T09:31:32.6964476Z,78,,oasis/bottle,0
,,,,,,6,local.mqtt.telegraf,45,47.64,,periodic,,80,-13351,49,47,,,1,08a6f7bb3c68,,0,273,1177,08:A6:F7:BB:3C:68,,13431,31,2,,33,,,1626924,1782293493175,1626930,1782293493181,,1782293493095,29,2026-06-24T09:31:33.7873681Z,78,,oasis/bottle,0
,,,,,,6,local.mqtt.telegraf,45,47.99,,periodic,,63,-14958,32,30,,,1,08a6f7bb3c68,,0,273,1178,08:A6:F7:BB:3C:68,,15021,31,2,,33,,,1628496,1782293494748,1628503,1782293494754,,1782293494685,29,2026-06-24T09:31:35.3516718Z,78,,oasis/bottle,0
,,,,,,6,local.mqtt.telegraf,45,47.85,,periodic,,72,-16309,41,39,,,1,08a6f7bb3c68,,0,274,1179,08:A6:F7:BB:3C:68,,16381,31,2,,33,,,1629866,1782293496117,1629872,1782293496123,,1782293496045,29,2026-06-24T09:31:36.7236072Z,78,,oasis/bottle,0
,,,,,,6,local.mqtt.telegraf,45,47.68,,periodic,,63,-17858,32,30,,,1,08a6f7bb3c68,,0,273,1180,08:A6:F7:BB:3C:68,,17921,31,2,,33,,,1631397,1782293497648,1631403,1782293497654,,1782293497585,29,2026-06-24T09:31:38.2557845Z,78,,oasis/bottle,0
,,,,,,6,local.mqtt.telegraf,45,47.79,,periodic,,72,-19109,41,39,,,1,08a6f7bb3c68,,0,273,1181,08:A6:F7:BB:3C:68,,19181,31,2,,33,,,1632666,1782293498917,1632672,1782293498923,,1782293498845,29,2026-06-24T09:31:39.5236776Z,78,,oasis/bottle,0
,,,,,,6,local.mqtt.telegraf,45,47.4,,periodic,,71,-20431,40,38,,,1,08a6f7bb3c68,,0,273,1182,08:A6:F7:BB:3C:68,,20502,31,2,,33,,,1633986,1782293500237,1633992,1782293500243,,1782293500166,29,2026-06-24T09:31:40.8434012Z,78,,oasis/bottle,0
,,,,,,6,local.mqtt.telegraf,45,47.91,,periodic,,72,-1259,20,18,,,1,08a6f7bb3c68,,0,274,1183,08:A6:F7:BB:3C:68,,1331,52,2,,54,,,1635426,1782293501677,1635432,1782293501683,,1782293501605,29,2026-06-24T09:31:42.2927934Z,79,,oasis/bottle,0
,,,,,,7,local.mqtt.telegraf,45,47.71,,periodic,,62,-2349,10,8,,,1,08a6f7bb3c68,,0,273,1184,08:A6:F7:BB:3C:68,,2411,52,2,,54,,,1636496,1782293502747,1636503,1782293502754,,1782293502685,29,2026-06-24T09:31:43.3636693Z,79,,oasis/bottle,0
,,,,,,6,local.mqtt.telegraf,45,47.63,,periodic,,72,-3889,20,18,,,1,08a6f7bb3c68,,0,273,1185,08:A6:F7:BB:3C:68,,3961,52,2,,54,,,1638056,1782293504307,1638062,1782293504313,,1782293504235,29,2026-06-24T09:31:44.9102954Z,79,,oasis/bottle,0
,,,,,,6,local.mqtt.telegraf,45,47.41,,periodic,,72,-5199,20,18,,,1,08a6f7bb3c68,,0,273,1186,08:A6:F7:BB:3C:68,,5271,52,2,,54,,,1639366,1782293505617,1639372,1782293505623,,1782293505545,29,2026-06-24T09:31:46.256429Z,79,,oasis/bottle,0
,,,,,,6,local.mqtt.telegraf,45,47.71,,periodic,,72,-6609,20,18,,,1,08a6f7bb3c68,,0,273,1187,08:A6:F7:BB:3C:68,,6681,52,2,,54,,,1640776,1782293507027,1640782,1782293507033,,1782293506955,29,2026-06-24T09:31:47.6864831Z,79,,oasis/bottle,0
,,,,,,6,local.mqtt.telegraf,45,47.49,,periodic,,72,-8229,20,18,,,1,08a6f7bb3c68,,0,273,1188,08:A6:F7:BB:3C:68,,8301,52,2,,54,,,1642396,1782293508647,1642402,1782293508653,,1782293508575,29,2026-06-24T09:31:49.9184361Z,79,,oasis/bottle,0
,,,,,,6,local.mqtt.telegraf,45,47.49,,periodic,,72,-9669,20,18,,,1,08a6f7bb3c68,,0,273,1189,08:A6:F7:BB:3C:68,,9741,52,2,,54,,,1643836,1782293510087,1643842,1782293510093,,1782293510015,29,2026-06-24T09:31:51.2159672Z,79,,oasis/bottle,0
,,,,,,6,local.mqtt.telegraf,45,47.76,,periodic,,63,-10758,11,9,,,1,08a6f7bb3c68,,0,273,1190,08:A6:F7:BB:3C:68,,10821,52,2,,54,,,1644906,1782293511158,1644913,1782293511164,,1782293511095,29,2026-06-24T09:31:51.866541Z,79,,oasis/bottle,0
,,,,,,6,local.mqtt.telegraf,45,47.61,,periodic,,80,-12283,28,26,,,1,08a6f7bb3c68,,0,273,1191,08:A6:F7:BB:3C:68,,12363,52,2,,54,,,1646466,1782293512717,1646472,1782293512723,,1782293512637,29,2026-06-24T09:31:53.7745525Z,79,,oasis/bottle,0
,,,,,,6,local.mqtt.telegraf,45,47.72,,periodic,,72,-13599,20,18,,,1,08a6f7bb3c68,,0,273,1192,08:A6:F7:BB:3C:68,,13671,52,2,,54,,,1647766,1782293514017,1647772,1782293514023,,1782293513945,29,2026-06-24T09:31:55.0464439Z,79,,oasis/bottle,0
,,,,,,6,local.mqtt.telegraf,45,47.64,,periodic,,72,-15009,20,18,,,1,08a6f7bb3c68,,0,273,1193,08:A6:F7:BB:3C:68,,15081,52,2,,54,,,1649176,1782293515427,1649182,1782293515433,,1782293515355,29,2026-06-24T09:31:56.0994993Z,79,,oasis/bottle,0
,,,,,,6,local.mqtt.telegraf,45,47.61,,periodic,,72,-16619,20,18,,,1,08a6f7bb3c68,,0,273,1194,08:A6:F7:BB:3C:68,,16691,52,2,,54,,,1650786,1782293517037,1650792,1782293517043,,1782293516965,29,2026-06-24T09:31:58.138887Z,79,,oasis/bottle,0
,,,,,,6,local.mqtt.telegraf,45,47.95,,periodic,,72,-18029,20,18,,,1,08a6f7bb3c68,,0,273,1195,08:A6:F7:BB:3C:68,,18101,52,2,,54,,,1652196,1782293518447,1652202,1782293518453,,1782293518375,29,2026-06-24T09:31:59.4507156Z,79,,oasis/bottle,0
,,,,,,14,local.mqtt.telegraf,45,47.94,,periodic,,72,-19659,20,18,,,1,08a6f7bb3c68,,0,273,1196,08:A6:F7:BB:3C:68,,19731,52,2,,54,,,1653826,1782293520077,1653840,1782293520091,,1782293520005,29,2026-06-24T09:32:01.0406908Z,79,,oasis/bottle,0
,,,,,,6,local.mqtt.telegraf,45,47.75,,periodic,,72,-899,31,29,,,1,08a6f7bb3c68,,0,274,1197,08:A6:F7:BB:3C:68,,971,41,2,,43,,,1655276,1782293521527,1655282,1782293521533,,1782293521455,29,2026-06-24T09:32:03.2426506Z,80,,oasis/bottle,0
,,,,,,6,local.mqtt.telegraf,45,47.75,,periodic,,72,-1999,31,29,,,1,08a6f7bb3c68,,0,273,1198,08:A6:F7:BB:3C:68,,2071,41,2,,43,,,1656376,1782293522627,1656382,1782293522633,,1782293522555,29,2026-06-24T09:32:03.4141217Z,80,,oasis/bottle,0
,,,,,,6,local.mqtt.telegraf,45,47.44,,periodic,,72,-3589,31,29,,,1,08a6f7bb3c68,,0,274,1199,08:A6:F7:BB:3C:68,,3661,41,2,,43,,,1657966,1782293524217,1657972,1782293524223,,1782293524145,29,2026-06-24T09:32:05.0695367Z,80,,oasis/bottle,0
,,,,,,10,local.mqtt.telegraf,45,47.56,,periodic,,72,-4969,31,29,,,1,08a6f7bb3c68,,0,273,1200,08:A6:F7:BB:3C:68,,5041,41,2,,43,,,1659346,1782293525597,1659356,1782293525607,,1782293525525,29,2026-06-24T09:32:06.3084166Z,80,,oasis/bottle,0
,,,,,,7,local.mqtt.telegraf,45,47.92,,periodic,,63,-6548,22,20,,,1,08a6f7bb3c68,,0,273,1201,08:A6:F7:BB:3C:68,,6611,41,2,,43,,,1660907,1782293527158,1660914,1782293527165,,1782293527095,29,2026-06-24T09:32:08.0675838Z,80,,oasis/bottle,0
,,,,,,6,local.mqtt.telegraf,45,47.61,,periodic,,72,-7859,31,29,,,1,08a6f7bb3c68,,0,273,1202,08:A6:F7:BB:3C:68,,7931,41,2,,43,,,1662236,1782293528487,1662242,1782293528493,,1782293528415,29,2026-06-24T09:32:09.1052732Z,80,,oasis/bottle,0
,,,,,,6,local.mqtt.telegraf,45,47.69,,periodic,,72,-9309,31,29,,,1,08a6f7bb3c68,,0,273,1203,08:A6:F7:BB:3C:68,,9381,41,2,,43,,,1663686,1782293529937,1663692,1782293529943,,1782293529865,29,2026-06-24T09:32:10.8888908Z,80,,oasis/bottle,0
,,,,,,6,local.mqtt.telegraf,45,47.67,,periodic,,72,-10399,31,29,,,1,08a6f7bb3c68,,0,273,1204,08:A6:F7:BB:3C:68,,10471,41,2,,43,,,1664776,1782293531027,1664782,1782293531033,,1782293530955,29,2026-06-24T09:32:12.2471851Z,80,,oasis/bottle,0
,,,,,,6,local.mqtt.telegraf,45,47.67,,periodic,,72,-11989,31,29,,,1,08a6f7bb3c68,,0,274,1205,08:A6:F7:BB:3C:68,,12061,41,2,,43,,,1666366,1782293532617,1666372,1782293532623,,1782293532545,29,2026-06-24T09:32:13.2312225Z,80,,oasis/bottle,0
,,,,,,6,local.mqtt.telegraf,45,47.49,,periodic,,73,-13347,32,30,,,1,08a6f7bb3c68,,0,273,1206,08:A6:F7:BB:3C:68,,13420,41,2,,43,,,1667726,1782293533977,1667732,1782293533983,,1782293533904,29,2026-06-24T09:32:14.6041734Z,80,,oasis/bottle,0
,,,,,,6,local.mqtt.telegraf,45,47.79,,periodic,,72,-14909,31,29,,,1,08a6f7bb3c68,,0,273,1207,08:A6:F7:BB:3C:68,,14981,41,2,,43,,,1669286,1782293535537,1669292,1782293535543,,1782293535465,29,2026-06-24T09:32:16.3103857Z,80,,oasis/bottle,0
,,,,,,6,local.mqtt.telegraf,45,47.92,,periodic,,72,-16199,31,29,,,1,08a6f7bb3c68,,0,273,1208,08:A6:F7:BB:3C:68,,16271,41,2,,43,,,1670576,1782293536827,1670582,1782293536833,,1782293536755,29,2026-06-24T09:32:17.6501428Z,80,,oasis/bottle,0
,,,,,,6,local.mqtt.telegraf,45,47.48,,periodic,,72,-17569,31,29,,,1,08a6f7bb3c68,,0,273,1209,08:A6:F7:BB:3C:68,,17641,41,2,,43,,,1671946,1782293538197,1671952,1782293538203,,1782293538125,29,2026-06-24T09:32:19.1096704Z,80,,oasis/bottle,0
,,,,,,6,local.mqtt.telegraf,45,47.91,,periodic,,73,-19108,32,30,,,1,08a6f7bb3c68,,0,273,1210,08:A6:F7:BB:3C:68,,19181,41,2,,43,,,1673486,1782293539738,1673493,1782293539744,,1782293539665,29,2026-06-24T09:32:21.5546687Z,80,,oasis/bottle,0
,,,,,,6,local.mqtt.telegraf,45,47.68,,periodic,,72,-20399,31,29,,,1,08a6f7bb3c68,,0,274,1211,08:A6:F7:BB:3C:68,,20471,41,2,,43,,,1674776,1782293541027,1674782,1782293541033,,1782293540955,29,2026-06-24T09:32:21.6145379Z,80,,oasis/bottle,0
,,,,,,6,local.mqtt.telegraf,45,47.56,,periodic,,82,-1214,-274,-276,,,1,08a6f7bb3c68,,0,274,1212,08:A6:F7:BB:3C:68,,1296,356,2,,358,,,1676146,1782293542397,1676152,1782293542403,,1782293542315,29,2026-06-24T09:32:23.1011601Z,81,,oasis/bottle,0
,,,,,,6,local.mqtt.telegraf,45,47.55,,periodic,,72,-2794,-284,-286,,,1,08a6f7bb3c68,,0,273,1213,08:A6:F7:BB:3C:68,,2866,356,2,,358,,,1677706,1782293543957,1677712,1782293543963,,1782293543885,29,2026-06-24T09:32:24.9412905Z,81,,oasis/bottle,0
,,,,,,6,local.mqtt.telegraf,45,47.65,,periodic,,93,-4052,-263,-265,,,1,08a6f7bb3c68,,0,273,1214,08:A6:F7:BB:3C:68,,4145,356,2,,358,,,1679006,1782293545257,1679012,1782293545263,,1782293545164,29,2026-06-24T09:32:26.571431Z,81,,oasis/bottle,0
,,,,,,6,local.mqtt.telegraf,45,47.56,,periodic,,73,-5492,-283,-285,,,1,08a6f7bb3c68,,0,273,1215,08:A6:F7:BB:3C:68,,5565,356,2,,358,,,1680406,1782293546657,1680412,1782293546663,,1782293546584,29,2026-06-24T09:32:27.6233104Z,81,,oasis/bottle,0
,,,,,,6,local.mqtt.telegraf,45,47.92,,periodic,,73,-7082,-283,-285,,,1,08a6f7bb3c68,,0,273,1216,08:A6:F7:BB:3C:68,,7155,356,2,,358,,,1681996,1782293548247,1682002,1782293548253,,1782293548174,29,2026-06-24T09:32:28.9100268Z,81,,oasis/bottle,0
,,,,,,6,local.mqtt.telegraf,45,47.67,,periodic,,72,-8464,-284,-286,,,1,08a6f7bb3c68,,0,273,1217,08:A6:F7:BB:3C:68,,8536,356,2,,358,,,1683376,1782293549627,1683382,1782293549633,,1782293549555,29,2026-06-24T09:32:30.4529633Z,81,,oasis/bottle,0
,,,,,,6,local.mqtt.telegraf,45,47.77,,periodic,,72,-10004,-284,-286,,,1,08a6f7bb3c68,,0,273,1218,08:A6:F7:BB:3C:68,,10076,356,2,,358,,,1684916,1782293551167,1684922,1782293551173,,1782293551095,29,2026-06-24T09:32:31.9926524Z,81,,oasis/bottle,0
,,,,,,6,local.mqtt.telegraf,45,47.91,,periodic,,72,-11324,-284,-286,,,1,08a6f7bb3c68,,0,273,1219,08:A6:F7:BB:3C:68,,11396,356,2,,358,,,1686236,1782293552487,1686242,1782293552493,,1782293552415,29,2026-06-24T09:32:33.348501Z,81,,oasis/bottle,0
,,,,,,6,local.mqtt.telegraf,45,47.87,,periodic,,72,-12724,-284,-286,,,1,08a6f7bb3c68,,0,273,1220,08:A6:F7:BB:3C:68,,12796,356,2,,358,,,1687636,1782293553887,1687642,1782293553893,,1782293553815,29,2026-06-24T09:32:34.8408064Z,81,,oasis/bottle,0
,,,,,,6,local.mqtt.telegraf,45,47.51,,periodic,,72,-14334,-284,-286,,,1,08a6f7bb3c68,,0,273,1221,08:A6:F7:BB:3C:68,,14406,356,2,,358,,,1689246,1782293555497,1689252,1782293555503,,1782293555425,29,2026-06-24T09:32:36.4485044Z,81,,oasis/bottle,0
,,,,,,6,local.mqtt.telegraf,45,47.71,,periodic,,72,-15744,-284,-286,,,1,08a6f7bb3c68,,0,273,1222,08:A6:F7:BB:3C:68,,15816,356,2,,358,,,1690656,1782293556907,1690662,1782293556913,,1782293556835,29,2026-06-24T09:32:37.5324317Z,81,,oasis/bottle,0
,,,,,,6,local.mqtt.telegraf,45,47.3,,periodic,,72,-17364,-284,-286,,,1,08a6f7bb3c68,,0,273,1223,08:A6:F7:BB:3C:68,,17436,356,2,,358,,,1692276,1782293558527,1692282,1782293558533,,1782293558455,29,2026-06-24T09:32:39.1353187Z,81,,oasis/bottle,0
,,,,,,6,local.mqtt.telegraf,45,47.57,,periodic,,72,-18794,-284,-286,,,1,08a6f7bb3c68,,0,273,1224,08:A6:F7:BB:3C:68,,18866,356,2,,358,,,1693706,1782293559957,1693712,1782293559963,,1782293559885,29,2026-06-24T09:32:40.5842027Z,81,,oasis/bottle,0
,,,,,,6,local.mqtt.telegraf,45,47.85,,periodic,,82,-19854,-274,-276,,,1,08a6f7bb3c68,,0,273,1225,08:A6:F7:BB:3C:68,,19936,356,2,,358,,,1694786,1782293561037,1694792,1782293561043,,1782293560955,29,2026-06-24T09:32:41.6707859Z,81,,oasis/bottle,0
,,,,,,6,local.mqtt.telegraf,45,47.64,,periodic,,72,-1370,10,8,,,1,08a6f7bb3c68,,0,274,1226,08:A6:F7:BB:3C:68,,1442,62,2,,64,,,1696336,1782293562587,1696342,1782293562593,,1782293562515,29,2026-06-24T09:32:43.2016492Z,82,,oasis/bottle,0
,,,,,,6,local.mqtt.telegraf,45,47.94,,periodic,,73,-2658,11,9,,,1,08a6f7bb3c68,,0,273,1227,08:A6:F7:BB:3C:68,,2731,62,2,,64,,,1697626,1782293563877,1697632,1782293563883,,1782293563804,29,2026-06-24T09:32:44.4897924Z,82,,oasis/bottle,0
,,,,,,6,local.mqtt.telegraf,45,47.65,,periodic,,72,-4030,10,8,,,1,08a6f7bb3c68,,0,273,1228,08:A6:F7:BB:3C:68,,4102,62,2,,64,,,1698996,1782293565247,1699002,1782293565253,,1782293565175,29,2026-06-24T09:32:45.8655627Z,82,,oasis/bottle,0
,,,,,,6,local.mqtt.telegraf,45,47.42,,periodic,,72,-5570,10,8,,,1,08a6f7bb3c68,,0,273,1229,08:A6:F7:BB:3C:68,,5642,62,2,,64,,,1700536,1782293566787,1700542,1782293566793,,1782293566715,29,2026-06-24T09:32:47.3998229Z,82,,oasis/bottle,0
,,,,,,6,local.mqtt.telegraf,45,47.92,,periodic,,72,-6850,10,8,,,1,08a6f7bb3c68,,0,273,1230,08:A6:F7:BB:3C:68,,6922,62,2,,64,,,1701816,1782293568067,1701822,1782293568073,,1782293567995,29,2026-06-24T09:32:48.6796893Z,82,,oasis/bottle,0
,,,,,,6,local.mqtt.telegraf,45,47.77,,periodic,,72,-8220,10,8,,,1,08a6f7bb3c68,,0,273,1231,08:A6:F7:BB:3C:68,,8292,62,2,,64,,,1703186,1782293569437,1703192,1782293569443,,1782293569365,29,2026-06-24T09:32:50.047877Z,82,,oasis/bottle,0
,,,,,,6,local.mqtt.telegraf,45,47.67,,periodic,,82,-9730,20,18,,,1,08a6f7bb3c68,,0,273,1232,08:A6:F7:BB:3C:68,,9812,62,2,,64,,,1704716,1782293570967,1704722,1782293570973,,1782293570885,29,2026-06-24T09:32:51.5878932Z,82,,oasis/bottle,0
,,,,,,6,local.mqtt.telegraf,45,47.36,,periodic,,62,-11010,0,-2,,,1,08a6f7bb3c68,,0,273,1233,08:A6:F7:BB:3C:68,,11072,62,2,,64,,,1705956,1782293572207,1705962,1782293572213,,1782293572145,29,2026-06-24T09:32:52.8081269Z,82,,oasis/bottle,0
,,,,,,6,local.mqtt.telegraf,45,47.77,,periodic,,72,-12290,10,8,,,1,08a6f7bb3c68,,0,273,1234,08:A6:F7:BB:3C:68,,12362,62,2,,64,,,1707256,1782293573507,1707262,1782293573513,,1782293573435,29,2026-06-24T09:32:54.1090628Z,82,,oasis/bottle,0
,,,,,,6,local.mqtt.telegraf,45,47.8,,periodic,,72,-13670,10,8,,,1,08a6f7bb3c68,,0,273,1235,08:A6:F7:BB:3C:68,,13742,62,2,,64,,,1708636,1782293574887,1708642,1782293574893,,1782293574815,29,2026-06-24T09:32:55.4983773Z,82,,oasis/bottle,0
,,,,,,6,local.mqtt.telegraf,45,47.72,,periodic,,72,-15240,10,8,,,1,08a6f7bb3c68,,0,273,1236,08:A6:F7:BB:3C:68,,15312,62,2,,64,,,1710206,1782293576457,1710212,1782293576463,,1782293576385,29,2026-06-24T09:32:57.088186Z,82,,oasis/bottle,0
,,,,,,7,local.mqtt.telegraf,45,47.57,,periodic,,65,-16574,3,1,,,1,08a6f7bb3c68,,0,273,1237,08:A6:F7:BB:3C:68,,16639,62,2,,64,,,1711526,1782293577777,1711533,1782293577784,,1782293577712,29,2026-06-24T09:32:58.4142409Z,82,,oasis/bottle,0
,,,,,,6,local.mqtt.telegraf,45,47.96,,periodic,,63,-18029,1,-1,,,1,08a6f7bb3c68,,0,273,1238,08:A6:F7:BB:3C:68,,18092,62,2,,64,,,1712976,1782293579228,1712983,1782293579234,,1782293579165,29,2026-06-24T09:32:59.8493333Z,82,,oasis/bottle,0
,,,,,,6,local.mqtt.telegraf,45,47.59,,periodic,,72,-19120,10,8,,,1,08a6f7bb3c68,,0,273,1239,08:A6:F7:BB:3C:68,,19192,62,2,,64,,,1714086,1782293580337,1714092,1782293580343,,1782293580265,29,2026-06-24T09:33:00.9504705Z,82,,oasis/bottle,0
,,,,,,6,local.mqtt.telegraf,45,47.68,,periodic,,71,-530,41,38,,,1,08a6f7bb3c68,,0,274,1240,08:A6:F7:BB:3C:68,,601,30,2,,33,,,1715695,1782293581946,1715701,1782293581952,,1782293581875,29,2026-06-24T09:33:02.5536994Z,83,,oasis/bottle,0
,,,,,,6,local.mqtt.telegraf,45,47.52,,periodic,,72,-1939,42,39,,,1,08a6f7bb3c68,,0,273,1241,08:A6:F7:BB:3C:68,,2011,30,2,,33,,,1717106,1782293583357,1717112,1782293583363,,1782293583285,29,2026-06-24T09:33:03.9819701Z,83,,oasis/bottle,0
,,,,,,6,local.mqtt.telegraf,45,47.65,,periodic,,63,-3568,33,30,,,1,08a6f7bb3c68,,0,273,1242,08:A6:F7:BB:3C:68,,3631,30,2,,33,,,1718716,1782293584968,1718723,1782293584974,,1782293584905,29,2026-06-24T09:33:05.5832286Z,83,,oasis/bottle,0
,,,,,,6,local.mqtt.telegraf,45,47.37,,periodic,,72,-5009,42,39,,,1,08a6f7bb3c68,,0,273,1243,08:A6:F7:BB:3C:68,,5081,30,2,,33,,,1720176,1782293586427,1720182,1782293586433,,1782293586355,29,2026-06-24T09:33:07.0434506Z,83,,oasis/bottle,0
,,,,,,6,local.mqtt.telegraf,45,47.59,,periodic,,72,-6099,42,39,,,1,08a6f7bb3c68,,0,273,1244,08:A6:F7:BB:3C:68,,6171,30,2,,33,,,1721266,1782293587517,1721272,1782293587523,,1782293587445,29,2026-06-24T09:33:08.1290476Z,83,,oasis/bottle,0
,,,,,,7,local.mqtt.telegraf,45,47.49,,periodic,,72,-7669,42,39,,,1,08a6f7bb3c68,,0,273,1245,08:A6:F7:BB:3C:68,,7741,30,2,,33,,,1722836,1782293589087,1722842,1782293589094,,1782293589015,29,2026-06-24T09:33:09.696158Z,83,,oasis/bottle,0
,,,,,,6,local.mqtt.telegraf,45,47.41,,periodic,,72,-9019,42,39,,,1,08a6f7bb3c68,,0,273,1246,08:A6:F7:BB:3C:68,,9091,30,2,,33,,,1724186,1782293590437,1724192,1782293590443,,1782293590365,29,2026-06-24T09:33:11.0549522Z,83,,oasis/bottle,0
,,,,,,6,local.mqtt.telegraf,45,47.4,,periodic,,72,-10499,42,39,,,1,08a6f7bb3c68,,0,273,1247,08:A6:F7:BB:3C:68,,10571,30,2,,33,,,1725666,1782293591917,1725672,1782293591923,,1782293591845,29,2026-06-24T09:33:12.5245529Z,83,,oasis/bottle,0
,,,,,,6,local.mqtt.telegraf,45,47.49,,periodic,,72,-11669,42,39,,,1,08a6f7bb3c68,,0,273,1248,08:A6:F7:BB:3C:68,,11741,30,2,,33,,,1726836,1782293593087,1726842,1782293593093,,1782293593015,29,2026-06-24T09:33:13.6965525Z,83,,oasis/bottle,0
,,,,,,6,local.mqtt.telegraf,45,47.4,,periodic,,72,-12799,42,39,,,1,08a6f7bb3c68,,0,273,1249,08:A6:F7:BB:3C:68,,12871,30,2,,33,,,1727966,1782293594217,1727972,1782293594223,,1782293594145,29,2026-06-24T09:33:14.8245783Z,83,,oasis/bottle,0
,,,,,,6,local.mqtt.telegraf,45,47.26,,periodic,,72,-13869,42,39,,,1,08a6f7bb3c68,,0,273,1250,08:A6:F7:BB:3C:68,,13941,30,2,,33,,,1729036,1782293595287,1729042,1782293595293,,1782293595215,29,2026-06-24T09:33:15.8904023Z,83,,oasis/bottle,0
,,,,,,6,local.mqtt.telegraf,45,47.77,,periodic,,72,-15399,42,39,,,1,08a6f7bb3c68,,0,273,1251,08:A6:F7:BB:3C:68,,15471,30,2,,33,,,1730566,1782293596817,1730572,1782293596823,,1782293596745,29,2026-06-24T09:33:17.4259272Z,83,,oasis/bottle,0
,,,,,,6,local.mqtt.telegraf,45,47.67,,periodic,,72,-16659,42,39,,,1,08a6f7bb3c68,,0,273,1252,08:A6:F7:BB:3C:68,,16731,30,2,,33,,,1731826,1782293598077,1731832,1782293598083,,1782293598005,29,2026-06-24T09:33:18.6797255Z,83,,oasis/bottle,0
,,,,,,6,local.mqtt.telegraf,45,47.53,,periodic,,72,-18009,42,39,,,1,08a6f7bb3c68,,0,273,1253,08:A6:F7:BB:3C:68,,18081,30,2,,33,,,1733176,1782293599427,1733182,1782293599433,,1782293599355,29,2026-06-24T09:33:20.0360712Z,83,,oasis/bottle,0
,,,,,,6,local.mqtt.telegraf,45,47.49,,periodic,,72,-19479,42,39,,,1,08a6f7bb3c68,,0,273,1254,08:A6:F7:BB:3C:68,,19551,30,2,,33,,,1734646,1782293600897,1734652,1782293600903,,1782293600825,29,2026-06-24T09:33:21.5300289Z,83,,oasis/bottle,0
,,,,,,6,local.mqtt.telegraf,45,47.64,,periodic,,71,-400,40,38,,,1,08a6f7bb3c68,,0,274,1255,08:A6:F7:BB:3C:68,,471,31,2,,33,,,1735775,1782293602026,1735781,1782293602032,,1782293601955,29,2026-06-24T09:33:22.6413027Z,84,,oasis/bottle,0
,,,,,,6,local.mqtt.telegraf,45,47.55,,periodic,,72,-1469,41,39,,,1,08a6f7bb3c68,,0,273,1256,08:A6:F7:BB:3C:68,,1541,31,2,,33,,,1736846,1782293603097,1736852,1782293603103,,1782293603025,29,2026-06-24T09:33:23.7065583Z,84,,oasis/bottle,0
,,,,,,6,local.mqtt.telegraf,45,47.56,,periodic,,72,-2989,41,39,,,1,08a6f7bb3c68,,0,273,1257,08:A6:F7:BB:3C:68,,3061,31,2,,33,,,1738366,1782293604617,1738372,1782293604623,,1782293604545,29,2026-06-24T09:33:25.2408792Z,84,,oasis/bottle,0
,,,,,,6,local.mqtt.telegraf,45,47.56,,periodic,,72,-4239,41,39,,,1,08a6f7bb3c68,,0,273,1258,08:A6:F7:BB:3C:68,,4311,31,2,,33,,,1739616,1782293605867,1739622,1782293605873,,1782293605795,29,2026-06-24T09:33:26.4793075Z,84,,oasis/bottle,0
,,,,,,6,local.mqtt.telegraf,45,47.47,,periodic,,72,-5549,41,39,,,1,08a6f7bb3c68,,0,273,1259,08:A6:F7:BB:3C:68,,5621,31,2,,33,,,1740926,1782293607177,1740932,1782293607183,,1782293607105,29,2026-06-24T09:33:27.776675Z,84,,oasis/bottle,0
,,,,,,7,local.mqtt.telegraf,45,47.34,,periodic,,62,-6959,31,29,,,1,08a6f7bb3c68,,0,273,1260,08:A6:F7:BB:3C:68,,7021,31,2,,33,,,1742316,1782293608567,1742322,1782293608574,,1782293608505,29,2026-06-24T09:33:29.1811834Z,84,,oasis/bottle,0
,,,,,,6,local.mqtt.telegraf,45,47.56,,periodic,,72,-8549,41,39,,,1,08a6f7bb3c68,,0,273,1261,08:A6:F7:BB:3C:68,,8621,31,2,,33,,,1743926,1782293610177,1743932,1782293610183,,1782293610105,29,2026-06-24T09:33:30.7950624Z,84,,oasis/bottle,0
,,,,,,6,local.mqtt.telegraf,45,47.47,,periodic,,63,-9958,32,30,,,1,08a6f7bb3c68,,0,273,1262,08:A6:F7:BB:3C:68,,10021,31,2,,33,,,1745317,1782293611568,1745323,1782293611574,,1782293611505,29,2026-06-24T09:33:32.1811092Z,84,,oasis/bottle,0
,,,,,,6,local.mqtt.telegraf,45,47.53,,periodic,,72,-11539,41,39,,,1,08a6f7bb3c68,,0,273,1263,08:A6:F7:BB:3C:68,,11611,31,2,,33,,,1746916,1782293613167,1746922,1782293613173,,1782293613095,29,2026-06-24T09:33:33.7716469Z,84,,oasis/bottle,0
,,,,,,6,local.mqtt.telegraf,45,47.45,,periodic,,72,-12919,41,39,,,1,08a6f7bb3c68,,0,273,1264,08:A6:F7:BB:3C:68,,12991,31,2,,33,,,1748296,1782293614547,1748302,1782293614553,,1782293614475,29,2026-06-24T09:33:35.1606944Z,84,,oasis/bottle,0
,,,,,,6,local.mqtt.telegraf,45,47.49,,periodic,,72,-14479,41,39,,,1,08a6f7bb3c68,,0,273,1265,08:A6:F7:BB:3C:68,,14551,31,2,,33,,,1749856,1782293616107,1749862,1782293616113,,1782293616035,29,2026-06-24T09:33:36.711384Z,84,,oasis/bottle,0
,,,,,,7,local.mqtt.telegraf,45,47.52,,periodic,,72,-15809,41,39,,,1,08a6f7bb3c68,,0,273,1266,08:A6:F7:BB:3C:68,,15881,31,2,,33,,,1751186,1782293617437,1751193,1782293617444,,1782293617365,29,2026-06-24T09:33:38.0537013Z,84,,oasis/bottle,0
,,,,,,6,local.mqtt.telegraf,45,47.37,,periodic,,72,-17269,41,39,,,1,08a6f7bb3c68,,0,273,1267,08:A6:F7:BB:3C:68,,17341,31,2,,33,,,1752646,1782293618897,1752652,1782293618903,,1782293618825,29,2026-06-24T09:33:39.5118702Z,84,,oasis/bottle,0
,,,,,,6,local.mqtt.telegraf,45,47.49,,periodic,,73,-18368,42,40,,,1,08a6f7bb3c68,,0,273,1268,08:A6:F7:BB:3C:68,,18441,31,2,,33,,,1753746,1782293619998,1753753,1782293620004,,1782293619925,29,2026-06-24T09:33:40.614893Z,84,,oasis/bottle,0
,,,,,,6,local.mqtt.telegraf,45,47.8,,periodic,,72,-19979,41,39,,,1,08a6f7bb3c68,,0,273,1269,08:A6:F7:BB:3C:68,,20051,31,2,,33,,,1755356,1782293621607,1755362,1782293621613,,1782293621535,29,2026-06-24T09:33:42.2143316Z,84,,oasis/bottle,0
,,,,,,5,local.mqtt.telegraf,45,47.73,,periodic,,71,-1170,40,38,,,1,08a6f7bb3c68,,0,274,1270,08:A6:F7:BB:3C:68,,1241,31,2,,33,,,1756755,1782293623007,1756761,1782293623012,,1782293622936,29,2026-06-24T09:33:43.6180437Z,85,,oasis/bottle,0
,,,,,,7,local.mqtt.telegraf,45,47.49,,periodic,,71,-2780,40,38,,,1,08a6f7bb3c68,,0,273,1271,08:A6:F7:BB:3C:68,,2851,31,2,,33,,,1758366,1782293624617,1758373,1782293624624,,1782293624546,29,2026-06-24T09:33:45.2103634Z,85,,oasis/bottle,0
,,,,,,6,local.mqtt.telegraf,45,47.34,,periodic,,71,-4190,40,38,,,1,08a6f7bb3c68,,0,273,1272,08:A6:F7:BB:3C:68,,4261,31,2,,33,,,1759776,1782293626027,1759782,1782293626033,,1782293625956,29,2026-06-24T09:33:46.6441419Z,85,,oasis/bottle,0
,,,,,,6,local.mqtt.telegraf,45,47.49,,periodic,,62,-5829,31,29,,,1,08a6f7bb3c68,,0,273,1273,08:A6:F7:BB:3C:68,,5891,31,2,,33,,,1761397,1782293627648,1761403,1782293627654,,1782293627586,29,2026-06-24T09:33:48.2596973Z,85,,oasis/bottle,0
,,,,,,6,local.mqtt.telegraf,45,47.51,,periodic,,71,-7260,40,38,,,1,08a6f7bb3c68,,0,273,1274,08:A6:F7:BB:3C:68,,7331,31,2,,33,,,1762846,1782293629097,1762852,1782293629103,,1782293629026,29,2026-06-24T09:33:49.7105043Z,85,,oasis/bottle,0
,,,,,,6,local.mqtt.telegraf,45,47.34,,periodic,,71,-8340,40,38,,,1,08a6f7bb3c68,,0,273,1275,08:A6:F7:BB:3C:68,,8411,31,2,,33,,,1763926,1782293630177,1763932,1782293630183,,1782293630106,29,2026-06-24T09:33:50.7826711Z,85,,oasis/bottle,0
,,,,,,7,local.mqtt.telegraf,45,47.34,,periodic,,61,-9930,30,28,,,1,08a6f7bb3c68,,0,273,1276,08:A6:F7:BB:3C:68,,9991,31,2,,33,,,1765496,1782293631747,1765502,1782293631754,,1782293631686,29,2026-06-24T09:33:52.3807964Z,85,,oasis/bottle,0
,,,,,,6,local.mqtt.telegraf,45,47.37,,periodic,,71,-11250,40,38,,,1,08a6f7bb3c68,,0,273,1277,08:A6:F7:BB:3C:68,,11321,31,2,,33,,,1766836,1782293633087,1766842,1782293633093,,1782293633016,29,2026-06-24T09:33:53.6980917Z,85,,oasis/bottle,0
,,,,,,6,local.mqtt.telegraf,45,47.28,,periodic,,71,-12720,40,38,,,1,08a6f7bb3c68,,0,273,1278,08:A6:F7:BB:3C:68,,12791,31,2,,33,,,1768306,1782293634557,1768312,1782293634563,,1782293634486,29,2026-06-24T09:33:55.1789387Z,85,,oasis/bottle,0
,,,,,,6,local.mqtt.telegraf,45,47.14,,periodic,,71,-13850,40,38,,,1,08a6f7bb3c68,,0,273,1279,08:A6:F7:BB:3C:68,,13921,31,2,,33,,,1769436,1782293635687,1769442,1782293635693,,1782293635616,29,2026-06-24T09:33:56.3006059Z,85,,oasis/bottle,0
,,,,,,6,local.mqtt.telegraf,45,47.29,,periodic,,71,-14910,40,38,,,1,08a6f7bb3c68,,0,273,1280,08:A6:F7:BB:3C:68,,14981,31,2,,33,,,1770496,1782293636747,1770502,1782293636753,,1782293636676,29,2026-06-24T09:33:57.3603313Z,85,,oasis/bottle,0
,,,,,,6,local.mqtt.telegraf,45,47.67,,periodic,,71,-16430,40,38,,,1,08a6f7bb3c68,,0,273,1281,08:A6:F7:BB:3C:68,,16501,31,2,,33,,,1772016,1782293638267,1772022,1782293638273,,1782293638196,29,2026-06-24T09:33:58.8801329Z,85,,oasis/bottle,0
,,,,,,6,local.mqtt.telegraf,45,47.47,,periodic,,71,-17680,40,38,,,1,08a6f7bb3c68,,0,273,1282,08:A6:F7:BB:3C:68,,17751,31,2,,33,,,1773266,1782293639517,1773272,1782293639523,,1782293639446,29,2026-06-24T09:34:00.1260899Z,85,,oasis/bottle,0
,,,,,,6,local.mqtt.telegraf,45,47.48,,periodic,,71,-18960,40,38,,,1,08a6f7bb3c68,,0,273,1283,08:A6:F7:BB:3C:68,,19031,31,2,,33,,,1774546,1782293640797,1774552,1782293640803,,1782293640726,29,2026-06-24T09:34:01.4129325Z,85,,oasis/bottle,0
,,,,,,7,local.mqtt.telegraf,45,47.69,,periodic,,71,-20320,40,38,,,1,08a6f7bb3c68,,0,273,1284,08:A6:F7:BB:3C:68,,20391,31,2,,33,,,1775906,1782293642157,1775912,1782293642164,,1782293642086,29,2026-06-24T09:34:02.782919Z,85,,oasis/bottle,0
,,,,,,6,local.mqtt.telegraf,45,47.55,,periodic,,71,-1351,23,21,,,1,08a6f7bb3c68,,0,273,1285,08:A6:F7:BB:3C:68,,1422,48,2,,50,,,1777436,1782293643687,1777442,1782293643693,,1782293643616,29,2026-06-24T09:34:04.3055928Z,86,,oasis/bottle,0
,,,,,,6,local.mqtt.telegraf,45,47.57,,periodic,,71,-2611,23,21,,,1,08a6f7bb3c68,,0,273,1286,08:A6:F7:BB:3C:68,,2682,48,2,,50,,,1778696,1782293644947,1778702,1782293644953,,1782293644876,29,2026-06-24T09:34:05.5526628Z,86,,oasis/bottle,0
,,,,,,6,local.mqtt.telegraf,45,47.37,,periodic,,71,-3931,23,21,,,1,08a6f7bb3c68,,0,273,1287,08:A6:F7:BB:3C:68,,4002,48,2,,50,,,1780016,1782293646267,1780022,1782293646273,,1782293646196,29,2026-06-24T09:34:06.877493Z,86,,oasis/bottle,0
,,,,,,6,local.mqtt.telegraf,45,47.53,,periodic,,71,-5351,23,21,,,1,08a6f7bb3c68,,0,273,1288,08:A6:F7:BB:3C:68,,5422,48,2,,50,,,1781436,1782293647687,1781442,1782293647693,,1782293647616,29,2026-06-24T09:34:08.2931555Z,86,,oasis/bottle,0
,,,,,,6,local.mqtt.telegraf,45,47.85,,periodic,,71,-6391,23,21,,,1,08a6f7bb3c68,,0,273,1289,08:A6:F7:BB:3C:68,,6462,48,2,,50,,,1782476,1782293648727,1782482,1782293648733,,1782293648656,29,2026-06-24T09:34:09.3314476Z,86,,oasis/bottle,0
,,,,,,6,local.mqtt.telegraf,45,47.63,,periodic,,71,-7881,23,21,,,1,08a6f7bb3c68,,0,273,1290,08:A6:F7:BB:3C:68,,7952,48,2,,50,,,1783966,1782293650217,1783972,1782293650223,,1782293650146,29,2026-06-24T09:34:10.8234584Z,86,,oasis/bottle,0
,,,,,,6,local.mqtt.telegraf,45,47.34,,periodic,,71,-9051,23,21,,,1,08a6f7bb3c68,,0,273,1291,08:A6:F7:BB:3C:68,,9122,48,2,,50,,,1785136,1782293651387,1785142,1782293651393,,1782293651316,29,2026-06-24T09:34:11.9981551Z,86,,oasis/bottle,0
,,,,,,6,local.mqtt.telegraf,45,47.77,,periodic,,71,-10181,23,21,,,1,08a6f7bb3c68,,0,273,1292,08:A6:F7:BB:3C:68,,10252,48,2,,50,,,1786266,1782293652517,1786272,1782293652523,,1782293652446,29,2026-06-24T09:34:13.1281029Z,86,,oasis/bottle,0
,,,,,,6,local.mqtt.telegraf,45,47.63,,periodic,,71,-11241,23,21,,,1,08a6f7bb3c68,,0,273,1293,08:A6:F7:BB:3C:68,,11312,48,2,,50,,,1787326,1782293653577,1787332,1782293653583,,1782293653506,29,2026-06-24T09:34:14.1792593Z,86,,oasis/bottle,0
,,,,,,6,local.mqtt.telegraf,45,47.59,,periodic,,71,-12771,23,21,,,1,08a6f7bb3c68,,0,273,1294,08:A6:F7:BB:3C:68,,12842,48,2,,50,,,1788856,1782293655107,1788862,1782293655113,,1782293655036,29,2026-06-24T09:34:15.725553Z,86,,oasis/bottle,0
,,,,,,6,local.mqtt.telegraf,45,47.79,,periodic,,71,-14011,23,21,,,1,08a6f7bb3c68,,0,273,1295,08:A6:F7:BB:3C:68,,14082,48,2,,50,,,1790096,1782293656347,1790102,1782293656353,,1782293656276,29,2026-06-24T09:34:16.9723647Z,86,,oasis/bottle,0
,,,,,,6,local.mqtt.telegraf,45,47.26,,periodic,,71,-15301,23,21,,,1,08a6f7bb3c68,,0,273,1296,08:A6:F7:BB:3C:68,,15372,48,2,,50,,,1791386,1782293657637,1791392,1782293657643,,1782293657566,29,2026-06-24T09:34:18.2487402Z,86,,oasis/bottle,0
,,,,,,6,local.mqtt.telegraf,45,47.4,,periodic,,72,-16679,24,22,,,1,08a6f7bb3c68,,0,273,1297,08:A6:F7:BB:3C:68,,16751,48,2,,50,,,1792766,1782293659017,1792772,1782293659023,,1782293658945,29,2026-06-24T09:34:19.6251862Z,86,,oasis/bottle,0
,,,,,,6,local.mqtt.telegraf,45,47.83,,periodic,,71,-18231,23,21,,,1,08a6f7bb3c68,,0,273,1298,08:A6:F7:BB:3C:68,,18302,48,2,,50,,,1794316,1782293660567,1794322,1782293660573,,1782293660496,29,2026-06-24T09:34:21.1851269Z,86,,oasis/bottle,0
,,,,,,6,local.mqtt.telegraf,45,47.67,,periodic,,72,-19539,24,22,,,1,08a6f7bb3c68,,0,273,1299,08:A6:F7:BB:3C:68,,19611,48,2,,50,,,1795626,1782293661877,1795632,1782293661883,,1782293661805,29,2026-06-24T09:34:22.4955445Z,86,,oasis/bottle,0
,,,,,,9,local.mqtt.telegraf,45,47.63,,periodic,,71,-750,40,38,,,1,08a6f7bb3c68,,0,274,1300,08:A6:F7:BB:3C:68,,821,31,2,,33,,,1797035,1782293663287,1797045,1782293663296,,1782293663216,29,2026-06-24T09:34:23.8905075Z,87,,oasis/bottle,0
,,,,,,6,local.mqtt.telegraf,45,47.68,,periodic,,71,-2370,40,38,,,1,08a6f7bb3c68,,0,273,1301,08:A6:F7:BB:3C:68,,2441,31,2,,33,,,1798656,1782293664907,1798662,1782293664913,,1782293664836,29,2026-06-24T09:34:25.5291037Z,87,,oasis/bottle,0
,,,,,,6,local.mqtt.telegraf,46,47.16,,periodic,,71,-3800,40,38,,,1,08a6f7bb3c68,,0,273,1302,08:A6:F7:BB:3C:68,,3871,31,2,,33,,,1800086,1782293666337,1800092,1782293666343,,1782293666266,29,2026-06-24T09:34:26.9840828Z,87,,oasis/bottle,0
,,,,,,6,local.mqtt.telegraf,46,47.34,,periodic,,72,-4858,41,39,,,1,08a6f7bb3c68,,0,273,1303,08:A6:F7:BB:3C:68,,4930,31,2,,33,,,1801146,1782293667397,1801152,1782293667403,,1782293667325,29,2026-06-24T09:34:28.0550561Z,87,,oasis/bottle,0
,,,,,,6,local.mqtt.telegraf,46,47.08,,periodic,,71,-6380,40,38,,,1,08a6f7bb3c68,,0,274,1304,08:A6:F7:BB:3C:68,,6451,31,2,,33,,,1802666,1782293668917,1802672,1782293668923,,1782293668846,29,2026-06-24T09:34:29.5469901Z,87,,oasis/bottle,0
,,,,,,6,local.mqtt.telegraf,46,47.53,,periodic,,71,-7620,40,38,,,1,08a6f7bb3c68,,0,273,1305,08:A6:F7:BB:3C:68,,7691,31,2,,33,,,1803906,1782293670157,1803912,1782293670163,,1782293670086,29,2026-06-24T09:34:30.7620598Z,87,,oasis/bottle,0
,,,,,,6,local.mqtt.telegraf,46,47.2,,periodic,,72,-8888,41,39,,,1,08a6f7bb3c68,,0,273,1306,08:A6:F7:BB:3C:68,,8960,31,2,,33,,,1805176,1782293671427,1805182,1782293671433,,1782293671355,29,2026-06-24T09:34:32.0361514Z,87,,oasis/bottle,0
,,,,,,6,local.mqtt.telegraf,46,47.08,,periodic,,72,-10228,41,39,,,1,08a6f7bb3c68,,0,273,1307,08:A6:F7:BB:3C:68,,10300,31,2,,33,,,1806516,1782293672767,1806522,1782293672773,,1782293672695,29,2026-06-24T09:34:33.3730206Z,87,,oasis/bottle,0
,,,,,,6,local.mqtt.telegraf,46,47.48,,periodic,,72,-11718,41,39,,,1,08a6f7bb3c68,,0,273,1308,08:A6:F7:BB:3C:68,,11790,31,2,,33,,,1808006,1782293674257,1808012,1782293674263,,1782293674185,29,2026-06-24T09:34:34.8596286Z,87,,oasis/bottle,0
,,,,,,6,local.mqtt.telegraf,46,47.72,,periodic,,72,-12878,41,39,,,1,08a6f7bb3c68,,0,273,1309,08:A6:F7:BB:3C:68,,12950,31,2,,33,,,1809166,1782293675417,1809172,1782293675423,,1782293675345,29,2026-06-24T09:34:36.0330935Z,87,,oasis/bottle,0
,,,,,,6,local.mqtt.telegraf,46,47.18,,periodic,,71,-14010,40,38,,,1,08a6f7bb3c68,,0,273,1310,08:A6:F7:BB:3C:68,,14081,31,2,,33,,,1810296,1782293676547,1810302,1782293676553,,1782293676476,29,2026-06-24T09:34:37.1578341Z,87,,oasis/bottle,0
,,,,,,6,local.mqtt.telegraf,46,46.86,,periodic,,71,-15060,40,38,,,1,08a6f7bb3c68,,0,273,1311,08:A6:F7:BB:3C:68,,15131,31,2,,33,,,1811346,1782293677597,1811352,1782293677603,,1782293677526,29,2026-06-24T09:34:38.2091464Z,87,,oasis/bottle,0
,,,,,,7,local.mqtt.telegraf,46,47.02,,periodic,,71,-16560,40,38,,,1,08a6f7bb3c68,,0,273,1312,08:A6:F7:BB:3C:68,,16631,31,2,,33,,,1812846,1782293679097,1812853,1782293679104,,1782293679026,29,2026-06-24T09:34:39.716618Z,87,,oasis/bottle,0
,,,,,,6,local.mqtt.telegraf,46,47.09,,periodic,,72,-17778,41,39,,,1,08a6f7bb3c68,,0,273,1313,08:A6:F7:BB:3C:68,,17850,31,2,,33,,,1814066,1782293680317,1814072,1782293680323,,1782293680245,29,2026-06-24T09:34:40.9336272Z,87,,oasis/bottle,0
,,,,,,6,local.mqtt.telegraf,46,47.06,,periodic,,71,-19000,40,38,,,1,08a6f7bb3c68,,0,274,1314,08:A6:F7:BB:3C:68,,19071,31,2,,33,,,1815286,1782293681537,1815292,1782293681543,,1782293681466,29,2026-06-24T09:34:42.1420498Z,87,,oasis/bottle,0
,,,,,,6,local.mqtt.telegraf,46,47.21,,periodic,,81,-20220,50,48,,,1,08a6f7bb3c68,,0,273,1315,08:A6:F7:BB:3C:68,,20301,31,2,,33,,,1816526,1782293682777,1816532,1782293682783,,1782293682696,29,2026-06-24T09:34:43.3804312Z,87,,oasis/bottle,0
,,,,,,6,local.mqtt.telegraf,46,47.45,,periodic,,71,-1091,15,12,,,1,08a6f7bb3c68,,0,273,1316,08:A6:F7:BB:3C:68,,1162,56,2,,59,,,1817796,1782293684047,1817802,1782293684053,,1782293683976,29,2026-06-24T09:34:44.6633852Z,88,,oasis/bottle,0
,,,,,,6,local.mqtt.telegraf,46,47.28,,periodic,,72,-2429,16,13,,,1,08a6f7bb3c68,,0,273,1317,08:A6:F7:BB:3C:68,,2501,56,2,,59,,,1819136,1782293685387,1819142,1782293685393,,1782293685315,29,2026-06-24T09:34:46.0481995Z,88,,oasis/bottle,0
,,,,,,6,local.mqtt.telegraf,46,47,,periodic,,72,-3929,16,13,,,1,08a6f7bb3c68,,0,273,1318,08:A6:F7:BB:3C:68,,4001,56,2,,59,,,1820636,1782293686887,1820642,1782293686893,,1782293686815,29,2026-06-24T09:34:47.5931798Z,88,,oasis/bottle,0
,,,,,,6,local.mqtt.telegraf,46,47.28,,periodic,,72,-5109,16,13,,,1,08a6f7bb3c68,,0,273,1319,08:A6:F7:BB:3C:68,,5181,56,2,,59,,,1821816,1782293688067,1821822,1782293688073,,1782293687995,29,2026-06-24T09:34:48.8136154Z,88,,oasis/bottle,0
,,,,,,7,local.mqtt.telegraf,46,47.49,,periodic,,82,-6249,26,23,,,1,08a6f7bb3c68,,0,273,1320,08:A6:F7:BB:3C:68,,6331,56,2,,59,,,1822976,1782293689227,1822983,1782293689234,,1782293689145,29,2026-06-24T09:34:49.829537Z,88,,oasis/bottle,0
,,,,,,7,local.mqtt.telegraf,45,47.57,,periodic,,72,-7389,16,13,,,1,08a6f7bb3c68,,0,273,1321,08:A6:F7:BB:3C:68,,7461,56,2,,59,,,1824096,1782293690347,1824102,1782293690354,,1782293690275,29,2026-06-24T09:34:50.9748448Z,88,,oasis/bottle,0
,,,,,,6,local.mqtt.telegraf,45,47.55,,periodic,,72,-8439,16,13,,,1,08a6f7bb3c68,,0,273,1322,08:A6:F7:BB:3C:68,,8511,56,2,,59,,,1825146,1782293691397,1825152,1782293691403,,1782293691325,29,2026-06-24T09:34:52.0009606Z,88,,oasis/bottle,0
,,,,,,6,local.mqtt.telegraf,45,47.41,,periodic,,72,-9919,16,13,,,1,08a6f7bb3c68,,0,273,1323,08:A6:F7:BB:3C:68,,9991,56,2,,59,,,1826626,1782293692877,1826632,1782293692883,,1782293692805,29,2026-06-24T09:34:53.4837395Z,88,,oasis/bottle,0
,,,,,,6,local.mqtt.telegraf,45,47.24,,periodic,,72,-11079,16,13,,,1,08a6f7bb3c68,,0,273,1324,08:A6:F7:BB:3C:68,,11151,56,2,,59,,,1827786,1782293694037,1827792,1782293694043,,1782293693965,29,2026-06-24T09:34:54.6455764Z,88,,oasis/bottle,0
,,,,,,6,local.mqtt.telegraf,45,47.24,,periodic,,71,-12201,15,12,,,1,08a6f7bb3c68,,0,273,1325,08:A6:F7:BB:3C:68,,12272,56,2,,59,,,1828906,1782293695157,1828912,1782293695163,,1782293695086,29,2026-06-24T09:34:55.7600373Z,88,,oasis/bottle,0
,,,,,,6,local.mqtt.telegraf,45,47.34,,periodic,,72,-13829,16,13,,,1,08a6f7bb3c68,,0,273,1326,08:A6:F7:BB:3C:68,,13901,56,2,,59,,,1830536,1782293696787,1830542,1782293696793,,1782293696715,29,2026-06-24T09:34:57.3953266Z,88,,oasis/bottle,0
,,,,,,6,local.mqtt.telegraf,45,47.33,,periodic,,72,-15299,16,13,,,1,08a6f7bb3c68,,0,273,1327,08:A6:F7:BB:3C:68,,15371,56,2,,59,,,1832006,1782293698257,1832012,1782293698263,,1782293698185,29,2026-06-24T09:34:58.8686956Z,88,,oasis/bottle,0
,,,,,,6,local.mqtt.telegraf,45,47.16,,periodic,,72,-16419,16,13,,,1,08a6f7bb3c68,,0,273,1328,08:A6:F7:BB:3C:68,,16491,56,2,,59,,,1833126,1782293699377,1833132,1782293699383,,1782293699305,29,2026-06-24T09:34:59.9927322Z,88,,oasis/bottle,0
,,,,,,6,local.mqtt.telegraf,45,47.28,,periodic,,72,-17459,16,13,,,1,08a6f7bb3c68,,0,273,1329,08:A6:F7:BB:3C:68,,17531,56,2,,59,,,1834166,1782293700417,1834172,1782293700423,,1782293700345,29,2026-06-24T09:35:01.0308269Z,88,,oasis/bottle,0
,,,,,,6,local.mqtt.telegraf,45,47.28,,periodic,,71,-18951,15,12,,,1,08a6f7bb3c68,,0,273,1330,08:A6:F7:BB:3C:68,,19022,56,2,,59,,,1835656,1782293701907,1835662,1782293701913,,1782293701836,29,2026-06-24T09:35:02.5182954Z,88,,oasis/bottle,0
,,,,,,6,local.mqtt.telegraf,45,47.53,,periodic,,72,-20119,16,13,,,1,08a6f7bb3c68,,0,273,1331,08:A6:F7:BB:3C:68,,20191,56,2,,59,,,1836826,1782293703077,1836832,1782293703083,,1782293703005,29,2026-06-24T09:35:03.6921487Z,88,,oasis/bottle,0
,,,,,,6,local.mqtt.telegraf,45,47.08,,periodic,,71,-971,23,21,,,1,08a6f7bb3c68,,0,274,1332,08:A6:F7:BB:3C:68,,1042,48,2,,50,,,1837976,1782293704227,1837982,1782293704233,,1782293704156,29,2026-06-24T09:35:04.8278823Z,89,,oasis/bottle,0
,,,,,,6,local.mqtt.telegraf,45,47.41,,periodic,,71,-2071,23,21,,,1,08a6f7bb3c68,,0,273,1333,08:A6:F7:BB:3C:68,,2142,48,2,,50,,,1839076,1782293705327,1839082,1782293705333,,1782293705256,29,2026-06-24T09:35:05.9445728Z,89,,oasis/bottle,0
,,,,,,6,local.mqtt.telegraf,45,47.28,,periodic,,71,-3661,23,21,,,1,08a6f7bb3c68,,0,273,1334,08:A6:F7:BB:3C:68,,3732,48,2,,50,,,1840666,1782293706917,1840672,1782293706923,,1782293706846,29,2026-06-24T09:35:07.5332367Z,89,,oasis/bottle,0
,,,,,,6,local.mqtt.telegraf,45,47.49,,periodic,,62,-5040,14,12,,,1,08a6f7bb3c68,,0,273,1335,08:A6:F7:BB:3C:68,,5102,48,2,,50,,,1842026,1782293708278,1842033,1782293708284,,1782293708216,29,2026-06-24T09:35:08.8834135Z,89,,oasis/bottle,0
,,,,,,6,local.mqtt.telegraf,45,47.42,,periodic,,71,-6561,23,21,,,1,08a6f7bb3c68,,0,273,1336,08:A6:F7:BB:3C:68,,6632,48,2,,50,,,1843566,1782293709817,1843572,1782293709823,,1782293709746,29,2026-06-24T09:35:10.4190365Z,89,,oasis/bottle,0
,,,,,,6,local.mqtt.telegraf,45,47.48,,periodic,,71,-7821,23,21,,,1,08a6f7bb3c68,,0,273,1337,08:A6:F7:BB:3C:68,,7892,48,2,,50,,,1844826,1782293711077,1844832,1782293711083,,1782293711006,29,2026-06-24T09:35:11.6901955Z,89,,oasis/bottle,0
,,,,,,6,local.mqtt.telegraf,45,47.67,,periodic,,72,-9149,24,22,,,1,08a6f7bb3c68,,0,273,1338,08:A6:F7:BB:3C:68,,9221,48,2,,50,,,1846156,1782293712407,1846162,1782293712413,,1782293712335,29,2026-06-24T09:35:13.0310062Z,89,,oasis/bottle,0
,,,,,,6,local.mqtt.telegraf,45,47.59,,periodic,,72,-10599,24,22,,,1,08a6f7bb3c68,,0,273,1339,08:A6:F7:BB:3C:68,,10671,48,2,,50,,,1847606,1782293713857,1847612,1782293713863,,1782293713785,29,2026-06-24T09:35:14.4666557Z,89,,oasis/bottle,0
,,,,,,6,local.mqtt.telegraf,45,47.25,,periodic,,68,-11707,20,18,,,1,08a6f7bb3c68,,0,273,1340,08:A6:F7:BB:3C:68,,11775,48,2,,50,,,1848706,1782293714957,1848712,1782293714963,,1782293714889,29,2026-06-24T09:35:15.5634287Z,89,,oasis/bottle,0
,,,,,,6,local.mqtt.telegraf,45,47.36,,periodic,,81,-13291,33,31,,,1,08a6f7bb3c68,,0,273,1341,08:A6:F7:BB:3C:68,,13372,48,2,,50,,,1850316,1782293716567,1850322,1782293716573,,1782293716486,29,2026-06-24T09:35:17.188738Z,89,,oasis/bottle,0
,,,,,,6,local.mqtt.telegraf,45,47.32,,periodic,,72,-14719,24,22,,,1,08a6f7bb3c68,,0,273,1342,08:A6:F7:BB:3C:68,,14791,48,2,,50,,,1851726,1782293717977,1851732,1782293717983,,1782293717905,29,2026-06-24T09:35:18.5835812Z,89,,oasis/bottle,0
,,,,,,6,local.mqtt.telegraf,45,47.25,,periodic,,72,-16329,24,22,,,1,08a6f7bb3c68,,0,273,1343,08:A6:F7:BB:3C:68,,16401,48,2,,50,,,1853336,1782293719587,1853342,1782293719593,,1782293719515,29,2026-06-24T09:35:20.1933641Z,89,,oasis/bottle,0
,,,,,,6,local.mqtt.telegraf,45,47.42,,periodic,,72,-17759,24,22,,,1,08a6f7bb3c68,,0,273,1344,08:A6:F7:BB:3C:68,,17831,48,2,,50,,,1854766,1782293721017,1854772,1782293721023,,1782293720945,29,2026-06-24T09:35:21.6218203Z,89,,oasis/bottle,0
,,,,,,6,local.mqtt.telegraf,45,47.28,,periodic,,72,-18799,24,22,,,1,08a6f7bb3c68,,0,273,1345,08:A6:F7:BB:3C:68,,18871,48,2,,50,,,1855806,1782293722057,1855812,1782293722063,,1782293721985,29,2026-06-24T09:35:22.6613858Z,89,,oasis/bottle,0
,,,,,,6,local.mqtt.telegraf,45,47.67,,periodic,,71,-20291,23,21,,,1,08a6f7bb3c68,,0,273,1346,08:A6:F7:BB:3C:68,,20362,48,2,,50,,,1857296,1782293723547,1857302,1782293723553,,1782293723476,29,2026-06-24T09:35:24.1602943Z,89,,oasis/bottle,0
,,,,,,6,local.mqtt.telegraf,45,47.29,,periodic,,72,-1000,21,18,,,1,08a6f7bb3c68,,0,274,1347,08:A6:F7:BB:3C:68,,1072,51,2,,54,,,1858476,1782293724727,1858482,1782293724733,,1782293724655,29,2026-06-24T09:35:25.335963Z,90,,oasis/bottle,0
,,,,,,6,local.mqtt.telegraf,45,47.2,,periodic,,72,-2150,21,18,,,1,08a6f7bb3c68,,0,273,1348,08:A6:F7:BB:3C:68,,2222,51,2,,54,,,1859626,1782293725877,1859632,1782293725883,,1782293725805,29,2026-06-24T09:35:26.4981436Z,90,,oasis/bottle,0
,,,,,,6,local.mqtt.telegraf,45,47.42,,periodic,,72,-3250,21,18,,,1,08a6f7bb3c68,,0,273,1349,08:A6:F7:BB:3C:68,,3322,51,2,,54,,,1860726,1782293726977,1860732,1782293726983,,1782293726905,29,2026-06-24T09:35:27.590874Z,90,,oasis/bottle,0
,,,,,,6,local.mqtt.telegraf,45,47.06,,periodic,,73,-4858,22,19,,,1,08a6f7bb3c68,,0,273,1350,08:A6:F7:BB:3C:68,,4931,51,2,,54,,,1862336,1782293728587,1862342,1782293728593,,1782293728514,29,2026-06-24T09:35:29.1992271Z,90,,oasis/bottle,0
,,,,,,6,local.mqtt.telegraf,45,46.89,,periodic,,72,-6270,21,18,,,1,08a6f7bb3c68,,0,273,1351,08:A6:F7:BB:3C:68,,6342,51,2,,54,,,1863746,1782293729997,1863752,1782293730003,,1782293729925,29,2026-06-24T09:35:30.5945755Z,90,,oasis/bottle,0
,,,,,,6,local.mqtt.telegraf,45,47.32,,periodic,,72,-7890,21,18,,,1,08a6f7bb3c68,,0,273,1352,08:A6:F7:BB:3C:68,,7962,51,2,,54,,,1865366,1782293731617,1865372,1782293731623,,1782293731545,29,2026-06-24T09:35:32.229714Z,90,,oasis/bottle,0
,,,,,,6,local.mqtt.telegraf,45,47.26,,periodic,,72,-9330,21,18,,,1,08a6f7bb3c68,,0,273,1353,08:A6:F7:BB:3C:68,,9402,51,2,,54,,,1866806,1782293733057,1866812,1782293733063,,1782293732985,29,2026-06-24T09:35:33.6632677Z,90,,oasis/bottle,0
,,,,,,6,local.mqtt.telegraf,45,47.14,,periodic,,72,-10410,21,18,,,1,08a6f7bb3c68,,0,273,1354,08:A6:F7:BB:3C:68,,10482,51,2,,54,,,1867886,1782293734137,1867892,1782293734143,,1782293734065,29,2026-06-24T09:35:34.7501412Z,90,,oasis/bottle,0
,,,,,,6,local.mqtt.telegraf,45,47.42,,periodic,,72,-11950,21,18,,,1,08a6f7bb3c68,,0,273,1355,08:A6:F7:BB:3C:68,,12022,51,2,,54,,,1869426,1782293735677,1869432,1782293735683,,1782293735605,29,2026-06-24T09:35:36.282827Z,90,,oasis/bottle,0
,,,,,,6,local.mqtt.telegraf,45,47.32,,periodic,,72,-13230,21,18,,,1,08a6f7bb3c68,,0,273,1356,08:A6:F7:BB:3C:68,,13302,51,2,,54,,,1870706,1782293736957,1870712,1782293736963,,1782293736885,29,2026-06-24T09:35:37.5586732Z,90,,oasis/bottle,0
,,,,,,6,local.mqtt.telegraf,45,47.44,,periodic,,72,-14600,21,18,,,1,08a6f7bb3c68,,0,273,1357,08:A6:F7:BB:3C:68,,14672,51,2,,54,,,1872076,1782293738327,1872082,1782293738333,,1782293738255,29,2026-06-24T09:35:38.9287118Z,90,,oasis/bottle,0
,,,,,,6,local.mqtt.telegraf,45,47.76,,periodic,,72,-16130,21,18,,,1,08a6f7bb3c68,,0,273,1358,08:A6:F7:BB:3C:68,,16202,51,2,,54,,,1873606,1782293739857,1873612,1782293739863,,1782293739785,29,2026-06-24T09:35:40.4786274Z,90,,oasis/bottle,0
,,,,,,6,local.mqtt.telegraf,45,47.13,,periodic,,72,-17390,21,18,,,1,08a6f7bb3c68,,0,273,1359,08:A6:F7:BB:3C:68,,17462,51,2,,54,,,1874866,1782293741117,1874872,1782293741123,,1782293741045,29,2026-06-24T09:35:41.7283334Z,90,,oasis/bottle,0
,,,,,,6,local.mqtt.telegraf,45,47.4,,periodic,,72,-18710,21,18,,,1,08a6f7bb3c68,,0,273,1360,08:A6:F7:BB:3C:68,,18782,51,2,,54,,,1876186,1782293742437,1876192,1782293742443,,1782293742365,29,2026-06-24T09:35:43.0448543Z,90,,oasis/bottle,0
,,,,,,7,local.mqtt.telegraf,45,47.37,,periodic,,72,-20140,21,18,,,1,08a6f7bb3c68,,0,273,1361,08:A6:F7:BB:3C:68,,20212,51,2,,54,,,1877616,1782293743867,1877623,1782293743874,,1782293743795,29,2026-06-24T09:35:44.4790723Z,90,,oasis/bottle,0
,,,,,,6,local.mqtt.telegraf,45,47.51,,periodic,,69,-893,21,19,,,1,08a6f7bb3c68,,0,274,1362,08:A6:F7:BB:3C:68,,962,48,2,,50,,,1878686,1782293744937,1878692,1782293744943,,1782293744868,29,2026-06-24T09:35:45.5405308Z,91,,oasis/bottle,0
,,,,,,6,local.mqtt.telegraf,45,47.42,,periodic,,69,-2423,21,19,,,1,08a6f7bb3c68,,0,273,1363,08:A6:F7:BB:3C:68,,2492,48,2,,50,,,1880216,1782293746467,1880222,1782293746473,,1782293746398,29,2026-06-24T09:35:47.0746046Z,91,,oasis/bottle,0
,,,,,,6,local.mqtt.telegraf,45,47.67,,periodic,,69,-3683,21,19,,,1,08a6f7bb3c68,,0,273,1364,08:A6:F7:BB:3C:68,,3752,48,2,,50,,,1881476,1782293747727,1881482,1782293747733,,1782293747658,29,2026-06-24T09:35:48.3291703Z,91,,oasis/bottle,0
,,,,,,6,local.mqtt.telegraf,45,47.51,,periodic,,69,-5003,21,19,,,1,08a6f7bb3c68,,0,273,1365,08:A6:F7:BB:3C:68,,5072,48,2,,50,,,1882796,1782293749047,1882802,1782293749053,,1782293748978,29,2026-06-24T09:35:49.654413Z,91,,oasis/bottle,0
,,,,,,6,local.mqtt.telegraf,45,47.59,,periodic,,69,-6433,21,19,,,1,08a6f7bb3c68,,0,273,1366,08:A6:F7:BB:3C:68,,6502,48,2,,50,,,1884226,1782293750477,1884232,1782293750483,,1782293750408,29,2026-06-24T09:35:51.1532507Z,91,,oasis/bottle,0
,,,,,,6,local.mqtt.telegraf,45,47.75,,periodic,,69,-7493,21,19,,,1,08a6f7bb3c68,,0,273,1367,08:A6:F7:BB:3C:68,,7562,48,2,,50,,,1885286,1782293751537,1885292,1782293751543,,1782293751468,29,2026-06-24T09:35:52.15406Z,91,,oasis/bottle,0
,,,,,,6,local.mqtt.telegraf,45,47.56,,periodic,,69,-9023,21,19,,,1,08a6f7bb3c68,,0,273,1368,08:A6:F7:BB:3C:68,,9092,48,2,,50,,,1886816,1782293753067,1886822,1782293753073,,1782293752998,29,2026-06-24T09:35:53.6848006Z,91,,oasis/bottle,0
,,,,,,6,local.mqtt.telegraf,45,47.26,,periodic,,69,-10263,21,19,,,1,08a6f7bb3c68,,0,273,1369,08:A6:F7:BB:3C:68,,10332,48,2,,50,,,1888056,1782293754307,1888062,1782293754313,,1782293754238,29,2026-06-24T09:35:54.9236188Z,91,,oasis/bottle,0
,,,,,,6,local.mqtt.telegraf,45,47.67,,periodic,,69,-11543,21,19,,,1,08a6f7bb3c68,,0,273,1370,08:A6:F7:BB:3C:68,,11612,48,2,,50,,,1889336,1782293755587,1889342,1782293755593,,1782293755518,29,2026-06-24T09:35:56.1931093Z,91,,oasis/bottle,0
,,,,,,6,local.mqtt.telegraf,45,47.32,,periodic,,70,-12911,22,20,,,1,08a6f7bb3c68,,0,273,1371,08:A6:F7:BB:3C:68,,12981,48,2,,50,,,1890706,1782293756957,1890712,1782293756963,,1782293756887,29,2026-06-24T09:35:57.563386Z,91,,oasis/bottle,0
,,,,,,6,local.mqtt.telegraf,45,47.49,,periodic,,69,-14453,21,19,,,1,08a6f7bb3c68,,0,273,1372,08:A6:F7:BB:3C:68,,14522,48,2,,50,,,1892246,1782293758497,1892252,1782293758503,,1782293758428,29,2026-06-24T09:35:59.1084714Z,91,,oasis/bottle,0
,,,,,,6,local.mqtt.telegraf,45,47.51,,periodic,,69,-15713,21,19,,,1,08a6f7bb3c68,,0,273,1373,08:A6:F7:BB:3C:68,,15782,48,2,,50,,,1893506,1782293759757,1893512,1782293759763,,1782293759688,29,2026-06-24T09:36:00.3632585Z,91,,oasis/bottle,0
,,,,,,6,local.mqtt.telegraf,45,47.1,,periodic,,69,-17043,21,19,,,1,08a6f7bb3c68,,0,273,1374,08:A6:F7:BB:3C:68,,17112,48,2,,50,,,1894836,1782293761087,1894842,1782293761093,,1782293761018,29,2026-06-24T09:36:01.6918574Z,91,,oasis/bottle,0
,,,,,,6,local.mqtt.telegraf,45,47.37,,periodic,,69,-18493,21,19,,,1,08a6f7bb3c68,,0,273,1375,08:A6:F7:BB:3C:68,,18562,48,2,,50,,,1896286,1782293762537,1896292,1782293762543,,1782293762468,29,2026-06-24T09:36:03.141091Z,91,,oasis/bottle,0
,,,,,,6,local.mqtt.telegraf,45,47.28,,periodic,,69,-19593,21,19,,,1,08a6f7bb3c68,,0,273,1376,08:A6:F7:BB:3C:68,,19662,48,2,,50,,,1897386,1782293763637,1897392,1782293763643,,1782293763568,29,2026-06-24T09:36:04.2477155Z,91,,oasis/bottle,0
,,,,,,6,local.mqtt.telegraf,45,47.56,,periodic,,67,-994,31,28,,,1,08a6f7bb3c68,,0,274,1377,08:A6:F7:BB:3C:68,,1061,36,2,,39,,,1898985,1782293765236,1898991,1782293765242,,1782293765169,29,2026-06-24T09:36:05.8358391Z,92,,oasis/bottle,0
,,,,,,6,local.mqtt.telegraf,45,47.21,,periodic,,68,-2383,32,29,,,1,08a6f7bb3c68,,0,273,1378,08:A6:F7:BB:3C:68,,2451,36,2,,39,,,1900376,1782293766627,1900382,1782293766633,,1782293766559,29,2026-06-24T09:36:07.2308405Z,92,,oasis/bottle,0
,,,,,,6,local.mqtt.telegraf,45,47.49,,periodic,,68,-3963,32,29,,,1,08a6f7bb3c68,,0,273,1379,08:A6:F7:BB:3C:68,,4031,36,2,,39,,,1901956,1782293768207,1901962,1782293768213,,1782293768139,29,2026-06-24T09:36:08.8108413Z,92,,oasis/bottle,0
,,,,,,6,local.mqtt.telegraf,45,47.69,,periodic,,69,-5331,33,30,,,1,08a6f7bb3c68,,0,273,1380,08:A6:F7:BB:3C:68,,5400,36,2,,39,,,1903326,1782293769577,1903332,1782293769583,,1782293769508,29,2026-06-24T09:36:10.1906353Z,92,,oasis/bottle,0
,,,,,,6,local.mqtt.telegraf,45,47.2,,periodic,,68,-6863,32,29,,,1,08a6f7bb3c68,,0,273,1381,08:A6:F7:BB:3C:68,,6931,36,2,,39,,,1904856,1782293771107,1904862,1782293771113,,1782293771039,29,2026-06-24T09:36:11.7170139Z,92,,oasis/bottle,0
,,,,,,6,local.mqtt.telegraf,45,47.49,,periodic,,68,-8123,32,29,,,1,08a6f7bb3c68,,0,273,1382,08:A6:F7:BB:3C:68,,8191,36,2,,39,,,1906116,1782293772367,1906122,1782293772373,,1782293772299,29,2026-06-24T09:36:12.9886634Z,92,,oasis/bottle,0
,,,,,,6,local.mqtt.telegraf,45,47.53,,periodic,,68,-9433,32,29,,,1,08a6f7bb3c68,,0,273,1383,08:A6:F7:BB:3C:68,,9501,36,2,,39,,,1907426,1782293773677,1907432,1782293773683,,1782293773609,29,2026-06-24T09:36:14.2915546Z,92,,oasis/bottle,0
,,,,,,6,local.mqtt.telegraf,45,47.47,,periodic,,68,-10853,32,29,,,1,08a6f7bb3c68,,0,273,1384,08:A6:F7:BB:3C:68,,10921,36,2,,39,,,1908846,1782293775097,1908852,1782293775103,,1782293775029,29,2026-06-24T09:36:15.7021451Z,92,,oasis/bottle,0
,,,,,,6,local.mqtt.telegraf,45,47.92,,periodic,,68,-11893,32,29,,,1,08a6f7bb3c68,,0,273,1385,08:A6:F7:BB:3C:68,,11961,36,2,,39,,,1909886,1782293776137,1909892,1782293776143,,1782293776069,29,2026-06-24T09:36:16.7513599Z,92,,oasis/bottle,0
,,,,,,6,local.mqtt.telegraf,45,47.68,,periodic,,69,-13361,33,30,,,1,08a6f7bb3c68,,0,273,1386,08:A6:F7:BB:3C:68,,13430,36,2,,39,,,1911356,1782293777607,1911362,1782293777613,,1782293777538,29,2026-06-24T09:36:18.2249651Z,92,,oasis/bottle,0
,,,,,,6,local.mqtt.telegraf,45,47.92,,periodic,,68,-14503,32,29,,,1,08a6f7bb3c68,,0,273,1387,08:A6:F7:BB:3C:68,,14571,36,2,,39,,,1912496,1782293778747,1912502,1782293778753,,1782293778679,29,2026-06-24T09:36:19.3609827Z,92,,oasis/bottle,0
