#group,false,false,false,false,false,false,false,false,false,false,false,false,false,false,false,false,false,false,false,false,false,false,false,false,false,false,false,false,false,false,false,false,false,false,false,false,false,false,false,false,false,false,false,false,false
#datatype,string,double,double,double,string,double,string,double,double,double,string,double,double,double,double,double,double,double,double,string,string,double,double,double,string,string,double,double,double,double,double,double,double,double,double,double,double,double,double,double,dateTime:RFC3339,double,string,string,double
#default,,,,,,,,,,,,,,,,,,,,,,,,,,,,,,,,,,,,,,,,,,,,,
,ID,amplitude,bottle_no,bottle_np,device_id,g2m_latency_ms,host,humidity,light [%],light_percent,mode,msg,n2g_latency_ms,n2g_minus_sync_age_ms,n2g_minus_sync_delay_ms,n2g_minus_sync_rtt_ms,node_after_sensor_to_send_ms,node_build_to_send_ms,node_count,node_id,packet_id,publish_queue_len_at_tx,sensor_read_ms,seq,sink_mac,status,sync_age_ms,sync_delay_ms,sync_method,sync_offset_ms,sync_rtt_ms,t_after_sensor_ms,t_before_send_ms,t_gw_rx_ms,t_gw_rx_unix_ms,t_gw_tx_ms,t_gw_tx_unix_ms,t_node_ms,t_node_unix_ms,temp,time,time_sync_seq,timestamp,topic,tx_batch_index
,,,,,,6,local.mqtt.telegraf,60,43.41,,periodic,,71,-15491,17,15,,,5,08a6f7bb3c68,,0,273,135,08:A6:F7:BB:3C:68,,15562,54,2,,56,,,248316,1782137563632,248322,1782137563638,,1782137563561,27,2026-06-22T14:12:44.000711Z,25,,oasis/bottle,0
,,,,,,6,local.mqtt.telegraf,59,21.68,,periodic,,71,-2171,27,25,,,5,08a6f75abdf0,,0,273,127,08:A6:F7:5A:BD:F0,,2242,44,2,,46,,,248486,1782137563802,248492,1782137563808,,1782137563731,28,2026-06-22T14:12:44.2095048Z,27,,oasis/bottle,0
,,,,,,6,local.mqtt.telegraf,62,39.25,,periodic,,67,-9314,46,44,,,5,08a6f769c348,,0,273,129,08:A6:F7:69:C3:48,,9381,21,2,,23,,,249106,1782137564422,249112,1782137564428,,1782137564355,27,2026-06-22T14:12:44.7974116Z,26,,oasis/bottle,0
,,,,,,6,local.mqtt.telegraf,60,43.7,,periodic,,72,-16749,18,16,,,5,08a6f7bb3c68,,0,273,136,08:A6:F7:BB:3C:68,,16821,54,2,,56,,,249576,1782137564892,249582,1782137564898,,1782137564820,27,2026-06-22T14:12:45.2490067Z,25,,oasis/bottle,0
,,,,,,6,local.mqtt.telegraf,59,21.72,,periodic,,61,-3321,17,15,,,5,08a6f75abdf0,,0,273,128,08:A6:F7:5A:BD:F0,,3382,44,2,,46,,,249616,1782137564932,249622,1782137564938,,1782137564871,28,2026-06-22T14:12:45.2860372Z,27,,oasis/bottle,0
,,,,,,6,local.mqtt.telegraf,62,39.34,,periodic,,68,-10762,47,45,,,5,08a6f769c348,,0,273,130,08:A6:F7:69:C3:48,,10830,21,2,,23,,,250556,1782137565872,250562,1782137565878,,1782137565804,27,2026-06-22T14:12:46.2615504Z,26,,oasis/bottle,0
,,,,,,6,local.mqtt.telegraf,59,21.7,,periodic,,71,-4361,27,25,,,5,08a6f75abdf0,,0,273,129,08:A6:F7:5A:BD:F0,,4432,44,2,,46,,,250676,1782137565992,250682,1782137565998,,1782137565921,28,2026-06-22T14:12:46.317934Z,27,,oasis/bottle,0
,,,,,,6,local.mqtt.telegraf,60,43.5,,periodic,,61,-18061,7,5,,,5,08a6f7bb3c68,,0,274,137,08:A6:F7:BB:3C:68,,18122,54,2,,56,,,250866,1782137566182,250872,1782137566188,,1782137566121,27,2026-06-22T14:12:46.5673015Z,25,,oasis/bottle,0
,,,,,,6,local.mqtt.telegraf,62,39.45,,periodic,,67,-11844,46,44,,,5,08a6f769c348,,0,273,131,08:A6:F7:69:C3:48,,11911,21,2,,23,,,251636,1782137566952,251642,1782137566958,,1782137566885,27,2026-06-22T14:12:47.3309142Z,26,,oasis/bottle,0
,,,,,,6,local.mqtt.telegraf,59,21.58,,periodic,,61,-5891,17,15,,,5,08a6f75abdf0,,0,273,130,08:A6:F7:5A:BD:F0,,5952,44,2,,46,,,252186,1782137567502,252192,1782137567508,,1782137567441,28,2026-06-22T14:12:47.8859953Z,27,,oasis/bottle,0
,,,,,,6,local.mqtt.telegraf,60,43.62,,periodic,,71,-19451,17,15,,,5,08a6f7bb3c68,,0,273,138,08:A6:F7:BB:3C:68,,19522,54,2,,56,,,252276,1782137567592,252282,1782137567598,,1782137567521,27,2026-06-22T14:12:47.9287266Z,25,,oasis/bottle,0
,,,,,,10,local.mqtt.telegraf,62,39.26,,periodic,,66,-13415,45,43,,,5,08a6f769c348,,0,274,132,08:A6:F7:69:C3:48,,13481,21,2,,23,,,253205,1782137568521,253215,1782137568531,,1782137568455,27,2026-06-22T14:12:48.9027788Z,26,,oasis/bottle,0
,,,,,,6,local.mqtt.telegraf,59,21.69,,periodic,,71,-7101,27,25,,,5,08a6f75abdf0,,0,273,131,08:A6:F7:5A:BD:F0,,7172,44,2,,46,,,253416,1782137568732,253422,1782137568738,,1782137568661,28,2026-06-22T14:12:49.1106209Z,27,,oasis/bottle,0
,,,,,,6,local.mqtt.telegraf,60,43.45,,periodic,,72,-849,41,39,,,5,08a6f7bb3c68,,0,274,139,08:A6:F7:BB:3C:68,,921,31,2,,33,,,253876,1782137569192,253882,1782137569198,,1782137569120,27,2026-06-22T14:12:49.5728267Z,28,,oasis/bottle,0
,,,,,,6,local.mqtt.telegraf,62,39.27,,periodic,,67,-14754,46,44,,,5,08a6f769c348,,0,274,133,08:A6:F7:69:C3:48,,14821,21,2,,23,,,254546,1782137569862,254552,1782137569868,,1782137569795,27,2026-06-22T14:12:50.2342057Z,26,,oasis/bottle,0
,,,,,,6,local.mqtt.telegraf,59,21.7,,periodic,,61,-8361,17,15,,,5,08a6f75abdf0,,0,273,132,08:A6:F7:5A:BD:F0,,8422,44,2,,46,,,254656,1782137569972,254662,1782137569978,,1782137569911,28,2026-06-22T14:12:50.3513462Z,27,,oasis/bottle,0
,,,,,,6,local.mqtt.telegraf,60,43.61,,periodic,,72,-2259,41,39,,,5,08a6f7bb3c68,,0,273,140,08:A6:F7:BB:3C:68,,2331,31,2,,33,,,255286,1782137570602,255292,1782137570608,,1782137570530,27,2026-06-22T14:12:50.9848027Z,28,,oasis/bottle,0
,,,,,,6,local.mqtt.telegraf,59,21.62,,periodic,,71,-9631,27,25,,,5,08a6f75abdf0,,0,273,133,08:A6:F7:5A:BD:F0,,9702,44,2,,46,,,255946,1782137571262,255952,1782137571268,,1782137571191,28,2026-06-22T14:12:51.6480323Z,27,,oasis/bottle,0
,,,,,,10,local.mqtt.telegraf,62,39.34,,periodic,,67,-16234,46,44,,,5,08a6f769c348,,0,274,134,08:A6:F7:69:C3:48,,16301,21,2,,23,,,256026,1782137571342,256036,1782137571352,,1782137571275,27,2026-06-22T14:12:51.7079749Z,26,,oasis/bottle,0
,,,,,,6,local.mqtt.telegraf,60,43.62,,periodic,,72,-3869,41,39,,,5,08a6f7bb3c68,,0,273,141,08:A6:F7:BB:3C:68,,3941,31,2,,33,,,256896,1782137572212,256902,1782137572218,,1782137572140,27,2026-06-22T14:12:52.5752071Z,28,,oasis/bottle,0
,,,,,,6,local.mqtt.telegraf,62,39.25,,periodic,,67,-17374,46,44,,,5,08a6f769c348,,0,274,135,08:A6:F7:69:C3:48,,17441,21,2,,23,,,257166,1782137572482,257172,1782137572488,,1782137572415,27,2026-06-22T14:12:52.8497535Z,26,,oasis/bottle,0
,,,,,,6,local.mqtt.telegraf,59,21.72,,periodic,,61,-11011,17,15,,,5,08a6f75abdf0,,0,273,134,08:A6:F7:5A:BD:F0,,11072,44,2,,46,,,257306,1782137572622,257312,1782137572628,,1782137572561,28,2026-06-22T14:12:53.0037576Z,27,,oasis/bottle,0
,,,,,,6,local.mqtt.telegraf,62,39.25,,periodic,,67,-18464,46,44,,,5,08a6f769c348,,0,274,136,08:A6:F7:69:C3:48,,18531,21,2,,23,,,258256,1782137573572,258262,1782137573578,,1782137573505,27,2026-06-22T14:12:53.9447574Z,26,,oasis/bottle,0
,,,,,,6,local.mqtt.telegraf,60,43.62,,periodic,,72,-5289,41,39,,,5,08a6f7bb3c68,,0,273,142,08:A6:F7:BB:3C:68,,5361,31,2,,33,,,258316,1782137573632,258322,1782137573638,,1782137573560,27,2026-06-22T14:12:54.0101271Z,28,,oasis/bottle,0
,,,,,,6,local.mqtt.telegraf,59,21.8,,periodic,,62,-12539,18,16,,,5,08a6f75abdf0,,0,273,135,08:A6:F7:5A:BD:F0,,12601,44,2,,46,,,258836,1782137574152,258842,1782137574158,,1782137574090,28,2026-06-22T14:12:54.5378992Z,27,,oasis/bottle,0
,,,,,,6,local.mqtt.telegraf,60,43.79,,periodic,,72,-6339,41,39,,,5,08a6f7bb3c68,,0,273,143,08:A6:F7:BB:3C:68,,6411,31,2,,33,,,259366,1782137574682,259372,1782137574688,,1782137574610,27,2026-06-22T14:12:55.0697343Z,28,,oasis/bottle,0
,,,,,,6,local.mqtt.telegraf,62,39.31,,periodic,,67,-20034,46,44,,,5,08a6f769c348,,0,273,137,08:A6:F7:69:C3:48,,20101,21,2,,23,,,259826,1782137575142,259832,1782137575148,,1782137575075,27,2026-06-22T14:12:55.5182689Z,26,,oasis/bottle,0
,,,,,,6,local.mqtt.telegraf,59,21.88,,periodic,,71,-13790,27,25,,,5,08a6f75abdf0,,0,273,136,08:A6:F7:5A:BD:F0,,13861,44,2,,46,,,260105,1782137575421,260111,1782137575427,,1782137575350,28,2026-06-22T14:12:55.7991907Z,27,,oasis/bottle,0
,,,,,,6,local.mqtt.telegraf,60,43.42,,periodic,,72,-7819,41,39,,,5,08a6f7bb3c68,,0,274,144,08:A6:F7:BB:3C:68,,7891,31,2,,33,,,260846,1782137576162,260852,1782137576168,,1782137576090,27,2026-06-22T14:12:56.545607Z,28,,oasis/bottle,0
,,,,,,6,local.mqtt.telegraf,62,39.29,,periodic,,67,-975,48,46,,,5,08a6f769c348,,0,274,138,08:A6:F7:69:C3:48,,1042,19,2,,21,,,261176,1782137576492,261182,1782137576498,,1782137576425,27,2026-06-22T14:12:56.8607406Z,29,,oasis/bottle,0
,,,,,,6,local.mqtt.telegraf,59,21.7,,periodic,,69,-15115,25,23,,,5,08a6f75abdf0,,0,273,137,08:A6:F7:5A:BD:F0,,15184,44,2,,46,,,261426,1782137576742,261432,1782137576748,,1782137576673,28,2026-06-22T14:12:57.110586Z,27,,oasis/bottle,0
,,,,,,14,local.mqtt.telegraf,60,43.65,,periodic,,63,-8998,32,30,,,5,08a6f7bb3c68,,0,274,145,08:A6:F7:BB:3C:68,,9061,31,2,,33,,,262006,1782137577323,262021,1782137577337,,1782137577260,27,2026-06-22T14:12:57.7066123Z,28,,oasis/bottle,0
,,,,,,6,local.mqtt.telegraf,62,39.47,,periodic,,67,-2465,48,46,,,5,08a6f769c348,,0,273,139,08:A6:F7:69:C3:48,,2532,19,2,,21,,,262666,1782137577982,262672,1782137577988,,1782137577915,27,2026-06-22T14:12:58.3602315Z,29,,oasis/bottle,0
,,,,,,6,local.mqtt.telegraf,58,21.7,,periodic,,72,-16559,28,26,,,5,08a6f75abdf0,,0,273,138,08:A6:F7:5A:BD:F0,,16631,44,2,,46,,,262876,1782137578192,262882,1782137578198,,1782137578120,28,2026-06-22T14:12:58.5692643Z,27,,oasis/bottle,0
,,,,,,6,local.mqtt.telegraf,60,43.68,,periodic,,72,-10109,41,39,,,5,08a6f7bb3c68,,0,274,146,08:A6:F7:BB:3C:68,,10181,31,2,,33,,,263136,1782137578452,263142,1782137578458,,1782137578380,27,2026-06-22T14:12:58.8283729Z,28,,oasis/bottle,0
,,,,,,6,local.mqtt.telegraf,62,39.33,,periodic,,67,-3645,48,46,,,5,08a6f769c348,,0,273,140,08:A6:F7:69:C3:48,,3712,19,2,,21,,,263846,1782137579162,263852,1782137579168,,1782137579095,27,2026-06-22T14:12:59.5364498Z,29,,oasis/bottle,0
,,,,,,6,local.mqtt.telegraf,58,21.7,,periodic,,72,-17649,28,26,,,5,08a6f75abdf0,,0,273,139,08:A6:F7:5A:BD:F0,,17721,44,2,,46,,,263966,1782137579282,263972,1782137579288,,1782137579210,28,2026-06-22T14:12:59.6659602Z,27,,oasis/bottle,0
,,,,,,6,local.mqtt.telegraf,60,43.7,,periodic,,72,-11149,41,39,,,5,08a6f7bb3c68,,0,274,147,08:A6:F7:BB:3C:68,,11221,31,2,,33,,,264176,1782137579492,264182,1782137579498,,1782137579420,27,2026-06-22T14:12:59.8652981Z,28,,oasis/bottle,0
,,,,,,6,local.mqtt.telegraf,62,39.35,,periodic,,67,-4795,48,46,,,5,08a6f769c348,,0,274,141,08:A6:F7:69:C3:48,,4862,19,2,,21,,,264996,1782137580312,265002,1782137580318,,1782137580245,27,2026-06-22T14:13:00.6817199Z,29,,oasis/bottle,0
,,,,,,6,local.mqtt.telegraf,58,21.7,,periodic,,72,-19229,28,26,,,5,08a6f75abdf0,,0,273,140,08:A6:F7:5A:BD:F0,,19301,44,2,,46,,,265546,1782137580862,265552,1782137580868,,1782137580790,28,2026-06-22T14:13:01.2358551Z,27,,oasis/bottle,0
,,,,,,7,local.mqtt.telegraf,60,43.81,,periodic,,72,-12629,41,39,,,5,08a6f7bb3c68,,0,274,148,08:A6:F7:BB:3C:68,,12701,31,2,,33,,,265656,1782137580972,265663,1782137580979,,1782137580900,27,2026-06-22T14:13:01.2974367Z,28,,oasis/bottle,0
,,,,,,6,local.mqtt.telegraf,62,39.29,,periodic,,77,-5885,58,56,,,5,08a6f769c348,,0,273,142,08:A6:F7:69:C3:48,,5962,19,2,,21,,,266106,1782137581422,266112,1782137581428,,1782137581345,27,2026-06-22T14:13:01.8052393Z,29,,oasis/bottle,0
,,,,,,6,local.mqtt.telegraf,60,43.7,,periodic,,62,-13799,31,29,,,5,08a6f7bb3c68,,0,274,149,08:A6:F7:BB:3C:68,,13861,31,2,,33,,,266806,1782137582122,266812,1782137582128,,1782137582060,27,2026-06-22T14:13:02.4877842Z,28,,oasis/bottle,0
,,,,,,6,local.mqtt.telegraf,58,21.74,,periodic,,61,-401,31,29,,,5,08a6f75abdf0,,0,273,141,08:A6:F7:5A:BD:F0,,462,30,2,,32,,,266896,1782137582212,266902,1782137582218,,1782137582151,28,2026-06-22T14:13:02.5536172Z,30,,oasis/bottle,0
,,,,,,6,local.mqtt.telegraf,62,39.34,,periodic,,67,-7505,48,46,,,5,08a6f769c348,,0,274,143,08:A6:F7:69:C3:48,,7572,19,2,,21,,,267706,1782137583022,267712,1782137583028,,1782137582955,27,2026-06-22T14:13:03.3999894Z,29,,oasis/bottle,0
,,,,,,8,local.mqtt.telegraf,60,43.42,,periodic,,72,-14899,41,39,,,5,08a6f7bb3c68,,0,273,150,08:A6:F7:BB:3C:68,,14971,31,2,,33,,,267926,1782137583242,267934,1782137583250,,1782137583170,27,2026-06-22T14:13:03.6047885Z,28,,oasis/bottle,0
,,,,,,6,local.mqtt.telegraf,58,21.69,,periodic,,72,-1899,42,40,,,5,08a6f75abdf0,,0,273,142,08:A6:F7:5A:BD:F0,,1971,30,2,,32,,,268416,1782137583732,268422,1782137583738,,1782137583660,28,2026-06-22T14:13:04.1087983Z,30,,oasis/bottle,0
,,,,,,6,local.mqtt.telegraf,62,39.33,,periodic,,67,-8915,48,46,,,5,08a6f769c348,,0,274,144,08:A6:F7:69:C3:48,,8982,19,2,,21,,,269116,1782137584432,269122,1782137584438,,1782137584365,27,2026-06-22T14:13:04.8127991Z,29,,oasis/bottle,0
,,,,,,6,local.mqtt.telegraf,60,43.69,,periodic,,72,-16529,41,39,,,5,08a6f7bb3c68,,0,273,151,08:A6:F7:BB:3C:68,,16601,31,2,,33,,,269556,1782137584872,269562,1782137584878,,1782137584800,27,2026-06-22T14:13:05.2418907Z,28,,oasis/bottle,0
,,,,,,7,local.mqtt.telegraf,58,21.81,,periodic,,63,-3129,33,31,,,5,08a6f75abdf0,,0,273,143,08:A6:F7:5A:BD:F0,,3192,30,2,,32,,,269628,1782137584944,269635,1782137584951,,1782137584881,28,2026-06-22T14:13:05.3057604Z,30,,oasis/bottle,0
,,,,,,6,local.mqtt.telegraf,62,39.33,,periodic,,67,-10535,48,46,,,5,08a6f769c348,,0,274,145,08:A6:F7:69:C3:48,,10602,19,2,,21,,,270736,1782137586052,270742,1782137586058,,1782137585985,27,2026-06-22T14:13:06.4276063Z,29,,oasis/bottle,0
,,,,,,7,local.mqtt.telegraf,58,21.7,,periodic,,72,-4349,42,40,,,5,08a6f75abdf0,,0,273,144,08:A6:F7:5A:BD:F0,,4421,30,2,,32,,,270866,1782137586182,270873,1782137586189,,1782137586110,28,2026-06-22T14:13:06.5557266Z,30,,oasis/bottle,0
,,,,,,6,local.mqtt.telegraf,60,43.65,,periodic,,72,-17999,41,39,,,5,08a6f7bb3c68,,0,273,152,08:A6:F7:BB:3C:68,,18071,31,2,,33,,,271026,1782137586342,271032,1782137586348,,1782137586270,27,2026-06-22T14:13:06.7235754Z,28,,oasis/bottle,0
,,,,,,6,local.mqtt.telegraf,58,21.74,,periodic,,62,-5619,32,30,,,5,08a6f75abdf0,,0,273,145,08:A6:F7:5A:BD:F0,,5681,30,2,,32,,,272116,1782137587432,272122,1782137587438,,1782137587370,28,2026-06-22T14:13:07.7831808Z,30,,oasis/bottle,0
,,,,,,11,local.mqtt.telegraf,60,43.79,,periodic,,69,-19122,38,36,,,5,08a6f7bb3c68,,0,273,153,08:A6:F7:BB:3C:68,,19191,31,2,,33,,,272143,1782137587459,272154,1782137587470,,1782137587390,27,2026-06-22T14:13:07.8243164Z,28,,oasis/bottle,0
,,,,,,20,local.mqtt.telegraf,62,39.34,,periodic,,75,-11957,56,54,,,5,08a6f769c348,,0,273,146,08:A6:F7:69:C3:48,,12032,19,2,,21,,,272174,1782137587490,272194,1782137587510,,1782137587415,27,2026-06-22T14:13:07.8677771Z,29,,oasis/bottle,0
,,,,,,6,local.mqtt.telegraf,60,43.65,,periodic,,73,-20167,42,40,,,5,08a6f7bb3c68,,0,273,154,08:A6:F7:BB:3C:68,,20240,31,2,,33,,,273196,1782137588512,273202,1782137588518,,1782137588439,27,2026-06-22T14:13:08.8789222Z,28,,oasis/bottle,0
,,,,,,6,local.mqtt.telegraf,62,39.47,,periodic,,66,-13046,47,45,,,5,08a6f769c348,,0,274,147,08:A6:F7:69:C3:48,,13112,19,2,,21,,,273245,1782137588561,273251,1782137588567,,1782137588495,27,2026-06-22T14:13:08.9131462Z,29,,oasis/bottle,0
,,,,,,6,local.mqtt.telegraf,58,21.72,,periodic,,62,-6939,32,30,,,5,08a6f75abdf0,,0,273,146,08:A6:F7:5A:BD:F0,,7001,30,2,,32,,,273436,1782137588752,273442,1782137588758,,1782137588690,28,2026-06-22T14:13:09.1272194Z,30,,oasis/bottle,0
,,,,,,6,local.mqtt.telegraf,60,43.76,,periodic,,72,-1310,19,17,,,5,08a6f7bb3c68,,0,274,155,08:A6:F7:BB:3C:68,,1382,53,2,,55,,,274686,1782137590002,274692,1782137590008,,1782137589930,27,2026-06-22T14:13:10.3952799Z,31,,oasis/bottle,0
,,,,,,6,local.mqtt.telegraf,62,39.21,,periodic,,67,-14585,48,46,,,5,08a6f769c348,,0,273,148,08:A6:F7:69:C3:48,,14652,19,2,,21,,,274786,1782137590102,274792,1782137590108,,1782137590035,27,2026-06-22T14:13:10.4607365Z,29,,oasis/bottle,0
,,,,,,7,local.mqtt.telegraf,58,21.88,,periodic,,71,-8361,41,39,,,5,08a6f75abdf0,,0,273,147,08:A6:F7:5A:BD:F0,,8432,30,2,,32,,,274876,1782137590192,274883,1782137590199,,1782137590121,28,2026-06-22T14:13:10.5763022Z,30,,oasis/bottle,0
,,,,,,6,local.mqtt.telegraf,60,43.76,,periodic,,63,-2499,10,8,,,5,08a6f7bb3c68,,0,273,156,08:A6:F7:BB:3C:68,,2562,53,2,,55,,,275857,1782137591173,275863,1782137591179,,1782137591110,27,2026-06-22T14:13:11.5746105Z,31,,oasis/bottle,0
,,,,,,6,local.mqtt.telegraf,58,21.77,,periodic,,62,-9439,32,30,,,5,08a6f75abdf0,,0,273,148,08:A6:F7:5A:BD:F0,,9501,30,2,,32,,,275936,1782137591252,275942,1782137591258,,1782137591190,28,2026-06-22T14:13:11.642311Z,30,,oasis/bottle,0
,,,,,,6,local.mqtt.telegraf,61,39.53,,periodic,,67,-15865,48,46,,,5,08a6f769c348,,0,274,149,08:A6:F7:69:C3:48,,15932,19,2,,21,,,276066,1782137591382,276072,1782137591388,,1782137591315,27,2026-06-22T14:13:11.7539049Z,29,,oasis/bottle,0
,,,,,,6,local.mqtt.telegraf,60,43.66,,periodic,,72,-3640,19,17,,,5,08a6f7bb3c68,,0,274,157,08:A6:F7:BB:3C:68,,3712,53,2,,55,,,277016,1782137592332,277022,1782137592338,,1782137592260,27,2026-06-22T14:13:12.7121409Z,31,,oasis/bottle,0
,,,,,,6,local.mqtt.telegraf,61,39.39,,periodic,,67,-17215,48,46,,,5,08a6f769c348,,0,274,150,08:A6:F7:69:C3:48,,17282,19,2,,21,,,277416,1782137592732,277422,1782137592738,,1782137592665,27,2026-06-22T14:13:13.1072998Z,29,,oasis/bottle,0
,,,,,,6,local.mqtt.telegraf,58,21.79,,periodic,,72,-11019,42,40,,,5,08a6f75abdf0,,0,273,149,08:A6:F7:5A:BD:F0,,11091,30,2,,32,,,277536,1782137592852,277542,1782137592858,,1782137592780,28,2026-06-22T14:13:13.2283985Z,30,,oasis/bottle,0
,,,,,,6,local.mqtt.telegraf,60,43.72,,periodic,,70,-4745,17,15,,,5,08a6f7bb3c68,,0,273,158,08:A6:F7:BB:3C:68,,4815,53,2,,55,,,278116,1782137593433,278123,1782137593439,,1782137593363,27,2026-06-22T14:13:13.8009441Z,31,,oasis/bottle,0
,,,,,,14,local.mqtt.telegraf,58,21.72,,periodic,,68,-12347,38,36,,,5,08a6f75abdf0,,0,273,150,08:A6:F7:5A:BD:F0,,12415,30,2,,32,,,278856,1782137594172,278870,1782137594186,,1782137594104,28,2026-06-22T14:13:14.5569242Z,30,,oasis/bottle,0
,,,,,,6,local.mqtt.telegraf,61,39.37,,periodic,,67,-18725,48,46,,,5,08a6f769c348,,0,274,151,08:A6:F7:69:C3:48,,18792,19,2,,21,,,278926,1782137594242,278932,1782137594248,,1782137594175,27,2026-06-22T14:13:14.6098663Z,29,,oasis/bottle,0
,,,,,,6,local.mqtt.telegraf,60,43.5,,periodic,,72,-6360,19,17,,,5,08a6f7bb3c68,,0,274,159,08:A6:F7:BB:3C:68,,6432,53,2,,55,,,279736,1782137595052,279742,1782137595058,,1782137594980,27,2026-06-22T14:13:15.4206119Z,31,,oasis/bottle,0
,,,,,,6,local.mqtt.telegraf,61,39.21,,periodic,,77,-19925,58,56,,,5,08a6f769c348,,0,274,152,08:A6:F7:69:C3:48,,20002,19,2,,21,,,280146,1782137595462,280152,1782137595468,,1782137595385,27,2026-06-22T14:13:15.8412897Z,29,,oasis/bottle,0
,,,,,,6,local.mqtt.telegraf,58,21.66,,periodic,,62,-13799,32,30,,,5,08a6f75abdf0,,0,273,151,08:A6:F7:5A:BD:F0,,13861,30,2,,32,,,280296,1782137595612,280302,1782137595618,,1782137595550,28,2026-06-22T14:13:15.9919907Z,30,,oasis/bottle,0
,,,,,,6,local.mqtt.telegraf,60,38,,periodic,,63,-7789,10,8,,,5,08a6f7bb3c68,,0,273,160,08:A6:F7:BB:3C:68,,7852,53,2,,55,,,281147,1782137596463,281153,1782137596469,,1782137596400,27,2026-06-22T14:13:16.8435421Z,31,,oasis/bottle,0
,,,,,,6,local.mqtt.telegraf,61,39.26,,periodic,,67,-964,46,44,,,5,08a6f769c348,,0,274,153,08:A6:F7:69:C3:48,,1031,21,2,,23,,,281376,1782137596692,281382,1782137596698,,1782137596625,27,2026-06-22T14:13:17.0388957Z,32,,oasis/bottle,0
,,,,,,6,local.mqtt.telegraf,58,21.56,,periodic,,86,-14855,56,54,,,5,08a6f75abdf0,,0,273,152,08:A6:F7:5A:BD:F0,,14941,30,2,,32,,,281400,1782137596716,281406,1782137596722,,1782137596630,28,2026-06-22T14:13:17.0760569Z,30,,oasis/bottle,1
,,,,,,6,local.mqtt.telegraf,61,39.22,,periodic,,67,-2214,46,44,,,5,08a6f769c348,,0,274,154,08:A6:F7:69:C3:48,,2281,21,2,,23,,,282626,1782137597942,282632,1782137597948,,1782137597875,27,2026-06-22T14:13:18.3193648Z,32,,oasis/bottle,0
,,,,,,6,local.mqtt.telegraf,60,37.55,,periodic,,72,-9420,19,17,,,5,08a6f7bb3c68,,0,274,161,08:A6:F7:BB:3C:68,,9492,53,2,,55,,,282796,1782137598112,282802,1782137598118,,1782137598040,27,2026-06-22T14:13:18.4866393Z,31,,oasis/bottle,0
,,,,,,6,local.mqtt.telegraf,58,21.8,,periodic,,61,-16451,31,29,,,5,08a6f75abdf0,,0,273,153,08:A6:F7:5A:BD:F0,,16512,30,2,,32,,,282946,1782137598262,282952,1782137598268,,1782137598201,28,2026-06-22T14:13:18.6322851Z,30,,oasis/bottle,0
,,,,,,6,local.mqtt.telegraf,61,39.31,,periodic,,67,-3524,46,44,,,5,08a6f769c348,,0,274,155,08:A6:F7:69:C3:48,,3591,21,2,,23,,,283936,1782137599252,283942,1782137599258,,1782137599185,27,2026-06-22T14:13:19.6272779Z,32,,oasis/bottle,0
,,,,,,6,local.mqtt.telegraf,60,37.14,,periodic,,72,-10890,19,17,,,5,08a6f7bb3c68,,0,273,162,08:A6:F7:BB:3C:68,,10962,53,2,,55,,,284266,1782137599582,284272,1782137599588,,1782137599510,27,2026-06-22T14:13:19.9360928Z,31,,oasis/bottle,0
,,,,,,6,local.mqtt.telegraf,58,21.66,,periodic,,84,-17749,54,52,,,5,08a6f75abdf0,,0,273,154,08:A6:F7:5A:BD:F0,,17833,30,2,,32,,,284290,1782137599606,284296,1782137599612,,1782137599522,28,2026-06-22T14:13:19.9856894Z,30,,oasis/bottle,1
,,,,,,6,local.mqtt.telegraf,61,39.26,,periodic,,68,-4932,47,45,,,5,08a6f769c348,,0,273,156,08:A6:F7:69:C3:48,,5000,21,2,,23,,,285346,1782137600662,285352,1782137600668,,1782137600594,27,2026-06-22T14:13:21.042993Z,32,,oasis/bottle,0
,,,,,,6,local.mqtt.telegraf,60,37.15,,periodic,,63,-12049,10,8,,,5,08a6f7bb3c68,,0,274,163,08:A6:F7:BB:3C:68,,12112,53,2,,55,,,285407,1782137600723,285413,1782137600729,,1782137600660,27,2026-06-22T14:13:21.1110692Z,31,,oasis/bottle,0
,,,,,,6,local.mqtt.telegraf,58,21.76,,periodic,,68,-19217,38,36,,,5,08a6f75abdf0,,0,273,155,08:A6:F7:5A:BD:F0,,19285,30,2,,32,,,285726,1782137601042,285732,1782137601048,,1782137600974,28,2026-06-22T14:13:21.4279506Z,30,,oasis/bottle,0
,,,,,,6,local.mqtt.telegraf,60,36.95,,periodic,,73,-13118,20,18,,,5,08a6f7bb3c68,,0,273,164,08:A6:F7:BB:3C:68,,13191,53,2,,55,,,286496,1782137601812,286502,1782137601818,,1782137601739,27,2026-06-22T14:13:22.1770705Z,31,,oasis/bottle,0
,,,,,,6,local.mqtt.telegraf,58,21.79,,periodic,,62,-20320,32,30,,,5,08a6f75abdf0,,0,273,156,08:A6:F7:5A:BD:F0,,20382,30,2,,32,,,286816,1782137602133,286823,1782137602139,,1782137602071,28,2026-06-22T14:13:22.5022146Z,30,,oasis/bottle,0
,,,,,,14,local.mqtt.telegraf,61,39.21,,periodic,,67,-6564,46,44,,,5,08a6f769c348,,0,274,157,08:A6:F7:69:C3:48,,6631,21,2,,23,,,286976,1782137602292,286990,1782137602306,,1782137602225,27,2026-06-22T14:13:22.6737517Z,32,,oasis/bottle,0
,,,,,,6,local.mqtt.telegraf,60,37.14,,periodic,,72,-14680,19,17,,,5,08a6f7bb3c68,,0,273,165,08:A6:F7:BB:3C:68,,14752,53,2,,55,,,288056,1782137603372,288062,1782137603378,,1782137603300,27,2026-06-22T14:13:23.7438976Z,31,,oasis/bottle,0
,,,,,,6,local.mqtt.telegraf,61,39.38,,periodic,,67,-8004,46,44,,,5,08a6f769c348,,0,273,158,08:A6:F7:69:C3:48,,8071,21,2,,23,,,288416,1782137603732,288422,1782137603738,,1782137603665,27,2026-06-22T14:13:24.0756137Z,32,,oasis/bottle,0
,,,,,,6,local.mqtt.telegraf,58,21.73,,periodic,,85,-1417,42,40,,,5,08a6f75abdf0,,0,273,157,08:A6:F7:5A:BD:F0,,1502,43,2,,45,,,288440,1782137603756,288446,1782137603762,,1782137603671,28,2026-06-22T14:13:24.1879692Z,33,,oasis/bottle,1
,,,,,,6,local.mqtt.telegraf,60,37.18,,periodic,,63,-16019,10,8,,,5,08a6f7bb3c68,,0,274,166,08:A6:F7:BB:3C:68,,16082,53,2,,55,,,289376,1782137604693,289383,1782137604699,,1782137604630,27,2026-06-22T14:13:25.0560902Z,31,,oasis/bottle,0
,,,,,,6,local.mqtt.telegraf,61,39.34,,periodic,,68,-9093,47,45,,,5,08a6f769c348,,0,274,159,08:A6:F7:69:C3:48,,9161,21,2,,23,,,289507,1782137604823,289513,1782137604829,,1782137604755,27,2026-06-22T14:13:25.2020823Z,32,,oasis/bottle,0
,,,,,,7,local.mqtt.telegraf,58,21.7,,periodic,,61,-2841,18,16,,,5,08a6f75abdf0,,0,273,158,08:A6:F7:5A:BD:F0,,2902,43,2,,45,,,289816,1782137605132,289823,1782137605139,,1782137605071,28,2026-06-22T14:13:25.520559Z,33,,oasis/bottle,0
,,,,,,6,local.mqtt.telegraf,60,37.34,,periodic,,72,-17460,19,17,,,5,08a6f7bb3c68,,0,274,167,08:A6:F7:BB:3C:68,,17532,53,2,,55,,,290836,1782137606152,290842,1782137606158,,1782137606080,27,2026-06-22T14:13:26.5168821Z,31,,oasis/bottle,0
,,,,,,6,local.mqtt.telegraf,61,39.37,,periodic,,67,-10664,46,44,,,5,08a6f769c348,,0,274,160,08:A6:F7:69:C3:48,,10731,21,2,,23,,,291076,1782137606392,291082,1782137606398,,1782137606325,27,2026-06-22T14:13:26.7835481Z,32,,oasis/bottle,0
,,,,,,6,local.mqtt.telegraf,58,21.79,,periodic,,62,-4419,19,17,,,5,08a6f75abdf0,,0,273,159,08:A6:F7:5A:BD:F0,,4481,43,2,,45,,,291396,1782137606712,291402,1782137606718,,1782137606650,28,2026-06-22T14:13:27.0841932Z,33,,oasis/bottle,0
,,,,,,6,local.mqtt.telegraf,60,37.39,,periodic,,72,-18560,19,17,,,5,08a6f7bb3c68,,0,273,168,08:A6:F7:BB:3C:68,,18632,53,2,,55,,,291936,1782137607252,291942,1782137607258,,1782137607180,27,2026-06-22T14:13:27.6287141Z,31,,oasis/bottle,0
,,,,,,6,local.mqtt.telegraf,61,39.29,,periodic,,64,-12010,43,41,,,5,08a6f769c348,,0,274,161,08:A6:F7:69:C3:48,,12074,21,2,,23,,,292416,1782137607732,292422,1782137607738,,1782137607668,27,2026-06-22T14:13:28.1016747Z,32,,oasis/bottle,0
,,,,,,6,local.mqtt.telegraf,58,21.7,,periodic,,62,-5779,19,17,,,5,08a6f75abdf0,,0,273,160,08:A6:F7:5A:BD:F0,,5841,43,2,,45,,,292756,1782137608072,292762,1782137608078,,1782137608010,28,2026-06-22T14:13:28.4498759Z,33,,oasis/bottle,0
,,,,,,6,local.mqtt.telegraf,60,37.39,,periodic,,72,-20170,19,17,,,5,08a6f7bb3c68,,0,274,169,08:A6:F7:BB:3C:68,,20242,53,2,,55,,,293546,1782137608862,293552,1782137608868,,1782137608790,27,2026-06-22T14:13:29.2409221Z,31,,oasis/bottle,0
,,,,,,6,local.mqtt.telegraf,61,39.31,,periodic,,68,-13482,47,45,,,5,08a6f769c348,,0,273,162,08:A6:F7:69:C3:48,,13550,21,2,,23,,,293896,1782137609212,293902,1782137609218,,1782137609144,27,2026-06-22T14:13:29.585559Z,32,,oasis/bottle,0
,,,,,,6,local.mqtt.telegraf,58,21.7,,periodic,,62,-7299,19,17,,,5,08a6f75abdf0,,0,273,161,08:A6:F7:5A:BD:F0,,7361,43,2,,45,,,294276,1782137609592,294282,1782137609598,,1782137609530,28,2026-06-22T14:13:29.9604176Z,33,,oasis/bottle,0
,,,,,,6,local.mqtt.telegraf,60,43.6,,periodic,,72,-1230,18,16,,,5,08a6f7bb3c68,,0,274,170,08:A6:F7:BB:3C:68,,1302,54,2,,56,,,294956,1782137610272,294962,1782137610278,,1782137610200,27,2026-06-22T14:13:30.6477787Z,34,,oasis/bottle,0
,,,,,,7,local.mqtt.telegraf,61,39.55,,periodic,,67,-14634,46,44,,,5,08a6f769c348,,0,274,163,08:A6:F7:69:C3:48,,14701,21,2,,23,,,295046,1782137610362,295053,1782137610369,,1782137610295,27,2026-06-22T14:13:30.7032473Z,32,,oasis/bottle,0
,,,,,,6,local.mqtt.telegraf,58,21.89,,periodic,,62,-8539,19,17,,,5,08a6f75abdf0,,0,273,162,08:A6:F7:5A:BD:F0,,8601,43,2,,45,,,295516,1782137610832,295522,1782137610838,,1782137610770,28,2026-06-22T14:13:31.2034524Z,33,,oasis/bottle,0
,,,,,,6,local.mqtt.telegraf,61,39.33,,periodic,,67,-15744,46,44,,,5,08a6f769c348,,0,273,164,08:A6:F7:69:C3:48,,15811,21,2,,23,,,296156,1782137611472,296162,1782137611478,,1782137611405,27,2026-06-22T14:13:31.8611439Z,32,,oasis/bottle,0
,,,,,,6,local.mqtt.telegraf,60,42.33,,periodic,,72,-2840,18,16,,,5,08a6f7bb3c68,,0,273,171,08:A6:F7:BB:3C:68,,2912,54,2,,56,,,296566,1782137611882,296572,1782137611888,,1782137611810,27,2026-06-22T14:13:32.2646427Z,34,,oasis/bottle,0
,,,,,,6,local.mqtt.telegraf,58,21.64,,periodic,,62,-9819,19,17,,,5,08a6f75abdf0,,0,273,163,08:A6:F7:5A:BD:F0,,9881,43,2,,45,,,296796,1782137612112,296802,1782137612118,,1782137612050,28,2026-06-22T14:13:32.4795442Z,33,,oasis/bottle,0
,,,,,,6,local.mqtt.telegraf,61,39.03,,periodic,,67,-17354,46,44,,,5,08a6f769c348,,0,273,165,08:A6:F7:69:C3:48,,17421,21,2,,23,,,297766,1782137613082,297772,1782137613088,,1782137613015,27,2026-06-22T14:13:33.4596422Z,32,,oasis/bottle,0
,,,,,,10,local.mqtt.telegraf,60,41.81,,periodic,,63,-4269,9,7,,,5,08a6f7bb3c68,,0,273,172,08:A6:F7:BB:3C:68,,4332,54,2,,56,,,297977,1782137613293,297987,1782137613303,,1782137613230,27,2026-06-22T14:13:33.6758771Z,34,,oasis/bottle,0
,,,,,,6,local.mqtt.telegraf,58,21.53,,periodic,,72,-11159,29,27,,,5,08a6f75abdf0,,0,273,164,08:A6:F7:5A:BD:F0,,11231,43,2,,45,,,298156,1782137613472,298162,1782137613478,,1782137613400,28,2026-06-22T14:13:33.8559527Z,33,,oasis/bottle,0
,,,,,,6,local.mqtt.telegraf,61,39.39,,periodic,,67,-18774,46,44,,,5,08a6f769c348,,0,273,166,08:A6:F7:69:C3:48,,18841,21,2,,23,,,299186,1782137614502,299192,1782137614508,,1782137614435,27,2026-06-22T14:13:34.88074Z,32,,oasis/bottle,0
,,,,,,6,local.mqtt.telegraf,60,42.15,,periodic,,72,-5890,18,16,,,5,08a6f7bb3c68,,0,273,173,08:A6:F7:BB:3C:68,,5962,54,2,,56,,,299616,1782137614932,299622,1782137614938,,1782137614860,27,2026-06-22T14:13:35.3009934Z,34,,oasis/bottle,0
,,,,,,7,local.mqtt.telegraf,58,21.72,,periodic,,63,-12688,20,18,,,5,08a6f75abdf0,,0,273,165,08:A6:F7:5A:BD:F0,,12751,43,2,,45,,,299667,1782137614983,299674,1782137614990,,1782137614920,28,2026-06-22T14:13:35.3520349Z,33,,oasis/bottle,0
,,,,,,6,local.mqtt.telegraf,61,39.46,,periodic,,67,-20404,46,44,,,5,08a6f769c348,,0,274,167,08:A6:F7:69:C3:48,,20471,21,2,,23,,,300816,1782137616132,300822,1782137616138,,1782137616065,27,2026-06-22T14:13:36.5246309Z,32,,oasis/bottle,0
,,,,,,7,local.mqtt.telegraf,58,21.7,,periodic,,68,-13897,25,23,,,5,08a6f75abdf0,,0,273,166,08:A6:F7:5A:BD:F0,,13965,43,2,,45,,,300886,1782137616202,300893,1782137616209,,1782137616134,28,2026-06-22T14:13:36.5878822Z,33,,oasis/bottle,0
,,,,,,6,local.mqtt.telegraf,60,42.11,,periodic,,72,-7350,18,16,,,5,08a6f7bb3c68,,0,273,174,08:A6:F7:BB:3C:68,,7422,54,2,,56,,,301076,1782137616392,301082,1782137616398,,1782137616320,27,2026-06-22T14:13:36.7723432Z,34,,oasis/bottle,0
,,,,,,6,local.mqtt.telegraf,58,21.92,,periodic,,71,-15121,28,26,,,5,08a6f75abdf0,,0,273,167,08:A6:F7:5A:BD:F0,,15192,43,2,,45,,,302116,1782137617432,302122,1782137617438,,1782137617361,28,2026-06-22T14:13:37.8110918Z,33,,oasis/bottle,0
,,,,,,7,local.mqtt.telegraf,60,42.13,,periodic,,72,-8480,18,16,,,5,08a6f7bb3c68,,0,273,175,08:A6:F7:BB:3C:68,,8552,54,2,,56,,,302206,1782137617522,302213,1782137617529,,1782137617450,27,2026-06-22T14:13:37.8769751Z,34,,oasis/bottle,0
,,,,,,6,local.mqtt.telegraf,61,39.5,,periodic,,67,-1335,-282,-285,,,5,08a6f769c348,,0,274,168,08:A6:F7:69:C3:48,,1402,349,2,,352,,,302286,1782137617602,302292,1782137617608,,1782137617535,27,2026-06-22T14:13:37.9302134Z,35,,oasis/bottle,0
,,,,,,6,local.mqtt.telegraf,60,42.16,,periodic,,72,-9520,18,16,,,5,08a6f7bb3c68,,0,273,176,08:A6:F7:BB:3C:68,,9592,54,2,,56,,,303246,1782137618562,303252,1782137618568,,1782137618490,27,2026-06-22T14:13:38.9449848Z,34,,oasis/bottle,0
,,,,,,6,local.mqtt.telegraf,58,21.7,,periodic,,72,-16379,29,27,,,5,08a6f75abdf0,,0,273,168,08:A6:F7:5A:BD:F0,,16451,43,2,,45,,,303376,1782137618692,303382,1782137618698,,1782137618620,28,2026-06-22T14:13:39.0606214Z,33,,oasis/bottle,0
,,,,,,6,local.mqtt.telegraf,61,39.54,,periodic,,67,-2475,-282,-285,,,5,08a6f769c348,,0,274,169,08:A6:F7:69:C3:48,,2542,349,2,,352,,,303426,1782137618742,303432,1782137618748,,1782137618675,27,2026-06-22T14:13:39.1198401Z,35,,oasis/bottle,0
,,,,,,6,local.mqtt.telegraf,61,39.37,,periodic,,67,-3555,-282,-285,,,5,08a6f769c348,,0,274,170,08:A6:F7:69:C3:48,,3622,349,2,,352,,,304506,1782137619822,304512,1782137619828,,1782137619755,27,2026-06-22T14:13:40.1937909Z,35,,oasis/bottle,0
,,,,,,6,local.mqtt.telegraf,58,21.85,,periodic,,71,-17711,28,26,,,5,08a6f75abdf0,,0,273,169,08:A6:F7:5A:BD:F0,,17782,43,2,,45,,,304706,1782137620022,304712,1782137620028,,1782137619951,28,2026-06-22T14:13:40.3712514Z,33,,oasis/bottle,0
,,,,,,6,local.mqtt.telegraf,60,42.12,,periodic,,70,-11012,16,14,,,5,08a6f7bb3c68,,0,273,177,08:A6:F7:BB:3C:68,,11082,54,2,,56,,,304734,1782137620050,304740,1782137620056,,1782137619980,27,2026-06-22T14:13:40.4082099Z,34,,oasis/bottle,0
,,,,,,6,local.mqtt.telegraf,60,41.91,,periodic,,72,-12200,18,16,,,5,08a6f7bb3c68,,0,273,178,08:A6:F7:BB:3C:68,,12272,54,2,,56,,,305926,1782137621242,305932,1782137621248,,1782137621170,27,2026-06-22T14:13:41.6166507Z,34,,oasis/bottle,0
,,,,,,6,local.mqtt.telegraf,61,39.47,,periodic,,67,-5095,-282,-285,,,5,08a6f769c348,,0,273,171,08:A6:F7:69:C3:48,,5162,349,2,,352,,,306046,1782137621362,306052,1782137621368,,1782137621295,27,2026-06-22T14:13:41.7339063Z,35,,oasis/bottle,0
,,,,,,6,local.mqtt.telegraf,58,21.58,,periodic,,72,-19189,29,27,,,5,08a6f75abdf0,,0,273,170,08:A6:F7:5A:BD:F0,,19261,43,2,,45,,,306186,1782137621502,306192,1782137621508,,1782137621430,28,2026-06-22T14:13:41.872903Z,33,,oasis/bottle,0
,,,,,,6,local.mqtt.telegraf,60,42.2,,periodic,,72,-13360,18,16,,,5,08a6f7bb3c68,,0,273,179,08:A6:F7:BB:3C:68,,13432,54,2,,56,,,307086,1782137622402,307092,1782137622408,,1782137622330,27,2026-06-22T14:13:42.7799636Z,34,,oasis/bottle,0
,,,,,,6,local.mqtt.telegraf,58,21.85,,periodic,,62,-20330,19,17,,,5,08a6f75abdf0,,0,273,171,08:A6:F7:5A:BD:F0,,20392,43,2,,45,,,307306,1782137622623,307313,1782137622629,,1782137622561,28,2026-06-22T14:13:43.0033647Z,33,,oasis/bottle,0
,,,,,,6,local.mqtt.telegraf,61,39.51,,periodic,,67,-6415,-282,-285,,,5,08a6f769c348,,0,274,172,08:A6:F7:69:C3:48,,6482,349,2,,352,,,307366,1782137622682,307372,1782137622688,,1782137622615,27,2026-06-22T14:13:43.0507447Z,35,,oasis/bottle,0
,,,,,,6,local.mqtt.telegraf,60,42.15,,periodic,,72,-14480,18,16,,,5,08a6f7bb3c68,,0,274,180,08:A6:F7:BB:3C:68,,14552,54,2,,56,,,308206,1782137623522,308212,1782137623528,,1782137623450,27,2026-06-22T14:13:43.8909867Z,34,,oasis/bottle,0
,,,,,,7,local.mqtt.telegraf,58,21.72,,periodic,,61,-881,7,5,,,5,08a6f75abdf0,,0,274,172,08:A6:F7:5A:BD:F0,,942,54,2,,56,,,308356,1782137623672,308363,1782137623679,,1782137623611,28,2026-06-22T14:13:44.0491276Z,36,,oasis/bottle,0
,,,,,,6,local.mqtt.telegraf,61,39.46,,periodic,,67,-7825,-282,-285,,,5,08a6f769c348,,0,274,173,08:A6:F7:69:C3:48,,7892,349,2,,352,,,308776,1782137624092,308782,1782137624098,,1782137624025,27,2026-06-22T14:13:44.4625785Z,35,,oasis/bottle,0
,,,,,,6,local.mqtt.telegraf,60,42.33,,periodic,,72,-15530,18,16,,,5,08a6f7bb3c68,,0,274,181,08:A6:F7:BB:3C:68,,15602,54,2,,56,,,309256,1782137624572,309262,1782137624578,,1782137624500,27,2026-06-22T14:13:44.9575211Z,34,,oasis/bottle,0
,,,,,,6,local.mqtt.telegraf,58,21.7,,periodic,,61,-2381,7,5,,,5,08a6f75abdf0,,0,273,173,08:A6:F7:5A:BD:F0,,2442,54,2,,56,,,309856,1782137625172,309862,1782137625178,,1782137625111,28,2026-06-22T14:13:45.5503167Z,36,,oasis/bottle,0
,,,,,,6,local.mqtt.telegraf,61,39.5,,periodic,,67,-9435,-282,-285,,,5,08a6f769c348,,0,273,174,08:A6:F7:69:C3:48,,9502,349,2,,352,,,310386,1782137625702,310392,1782137625708,,1782137625635,27,2026-06-22T14:13:46.0750104Z,35,,oasis/bottle,0
,,,,,,6,local.mqtt.telegraf,60,42.12,,periodic,,72,-17020,18,16,,,5,08a6f7bb3c68,,0,274,182,08:A6:F7:BB:3C:68,,17092,54,2,,56,,,310746,1782137626062,310752,1782137626068,,1782137625990,27,2026-06-22T14:13:46.4402774Z,34,,oasis/bottle,0
,,,,,,6,local.mqtt.telegraf,58,21.91,,periodic,,71,-3561,17,15,,,5,08a6f75abdf0,,0,273,174,08:A6:F7:5A:BD:F0,,3632,54,2,,56,,,311056,1782137626372,311062,1782137626378,,1782137626301,28,2026-06-22T14:13:46.7485023Z,36,,oasis/bottle,0
,,,,,,6,local.mqtt.telegraf,61,39.62,,periodic,,67,-10855,-282,-285,,,5,08a6f769c348,,0,273,175,08:A6:F7:69:C3:48,,10922,349,2,,352,,,311806,1782137627122,311812,1782137627128,,1782137627055,27,2026-06-22T14:13:47.4917116Z,35,,oasis/bottle,0
,,,,,,6,local.mqtt.telegraf,60,42.24,,periodic,,72,-18200,18,16,,,5,08a6f7bb3c68,,0,273,183,08:A6:F7:BB:3C:68,,18272,54,2,,56,,,311926,1782137627242,311932,1782137627248,,1782137627170,27,2026-06-22T14:13:47.5627054Z,34,,oasis/bottle,0
,,,,,,6,local.mqtt.telegraf,58,21.72,,periodic,,61,-4771,7,5,,,5,08a6f75abdf0,,0,273,175,08:A6:F7:5A:BD:F0,,4832,54,2,,56,,,312246,1782137627562,312252,1782137627568,,1782137627501,28,2026-06-22T14:13:47.9453137Z,36,,oasis/bottle,0
,,,,,,6,local.mqtt.telegraf,60,42.19,,periodic,,72,-19350,18,16,,,5,08a6f7bb3c68,,0,274,184,08:A6:F7:BB:3C:68,,19422,54,2,,56,,,313076,1782137628392,313082,1782137628398,,1782137628320,27,2026-06-22T14:13:48.7734663Z,34,,oasis/bottle,0
,,,,,,6,local.mqtt.telegraf,58,21.7,,periodic,,71,-5941,17,15,,,5,08a6f75abdf0,,0,273,176,08:A6:F7:5A:BD:F0,,6012,54,2,,56,,,313436,1782137628752,313442,1782137628758,,1782137628681,28,2026-06-22T14:13:49.0958517Z,36,,oasis/bottle,0
,,,,,,6,local.mqtt.telegraf,61,39.39,,periodic,,91,-12461,-258,-261,,,5,08a6f769c348,,0,273,176,08:A6:F7:69:C3:48,,12552,349,2,,352,,,313460,1782137628776,313465,1782137628782,,1782137628685,27,2026-06-22T14:13:49.1319626Z,35,,oasis/bottle,1
,,,,,,6,local.mqtt.telegraf,60,42.15,,periodic,,73,-256,42,40,,,5,08a6f7bb3c68,,0,274,185,08:A6:F7:BB:3C:68,,329,31,2,,33,,,314185,1782137629501,314191,1782137629507,,1782137629428,27,2026-06-22T14:13:49.8761292Z,37,,oasis/bottle,0
,,,,,,7,local.mqtt.telegraf,58,21.81,,periodic,,61,-7121,7,5,,,5,08a6f75abdf0,,0,273,177,08:A6:F7:5A:BD:F0,,7182,54,2,,56,,,314596,1782137629912,314602,1782137629919,,1782137629851,28,2026-06-22T14:13:50.2827667Z,36,,oasis/bottle,0
,,,,,,6,local.mqtt.telegraf,61,39.55,,periodic,,67,-13955,-282,-285,,,5,08a6f769c348,,0,273,177,08:A6:F7:69:C3:48,,14022,349,2,,352,,,314906,1782137630222,314912,1782137630228,,1782137630155,27,2026-06-22T14:13:50.5978824Z,35,,oasis/bottle,0
,,,,,,6,local.mqtt.telegraf,58,21.69,,periodic,,61,-8251,7,5,,,5,08a6f75abdf0,,0,273,178,08:A6:F7:5A:BD:F0,,8312,54,2,,56,,,315726,1782137631042,315732,1782137631048,,1782137630981,28,2026-06-22T14:13:51.407199Z,36,,oasis/bottle,0
,,,,,,6,local.mqtt.telegraf,60,42.16,,periodic,,73,-1868,42,40,,,5,08a6f7bb3c68,,0,274,186,08:A6:F7:BB:3C:68,,1941,31,2,,33,,,315797,1782137631113,315803,1782137631119,,1782137631040,27,2026-06-22T14:13:51.4687423Z,37,,oasis/bottle,0
,,,,,,6,local.mqtt.telegraf,61,39.57,,periodic,,77,-15075,-272,-275,,,5,08a6f769c348,,0,274,178,08:A6:F7:69:C3:48,,15152,349,2,,352,,,316046,1782137631362,316052,1782137631368,,1782137631285,27,2026-06-22T14:13:51.7623382Z,35,,oasis/bottle,0
,,,,,,6,local.mqtt.telegraf,58,21.62,,periodic,,71,-9301,17,15,,,5,08a6f75abdf0,,0,273,179,08:A6:F7:5A:BD:F0,,9372,54,2,,56,,,316796,1782137632112,316802,1782137632118,,1782137632041,28,2026-06-22T14:13:52.4900167Z,36,,oasis/bottle,0
,,,,,,6,local.mqtt.telegraf,61,39.57,,periodic,,67,-16155,-282,-285,,,5,08a6f769c348,,0,274,179,08:A6:F7:69:C3:48,,16222,349,2,,352,,,317106,1782137632422,317112,1782137632428,,1782137632355,27,2026-06-22T14:13:52.7976226Z,35,,oasis/bottle,0
,,,,,,6,local.mqtt.telegraf,60,42.28,,periodic,,72,-3289,41,39,,,5,08a6f7bb3c68,,0,273,187,08:A6:F7:BB:3C:68,,3361,31,2,,33,,,317216,1782137632532,317222,1782137632538,,1782137632460,27,2026-06-22T14:13:52.8585503Z,37,,oasis/bottle,0
,,,,,,6,local.mqtt.telegraf,60,42.08,,periodic,,73,-4327,42,40,,,5,08a6f7bb3c68,,0,273,188,08:A6:F7:BB:3C:68,,4400,31,2,,33,,,318256,1782137633572,318262,1782137633578,,1782137633499,27,2026-06-22T14:13:53.9412302Z,37,,oasis/bottle,0
,,,,,,6,local.mqtt.telegraf,58,21.7,,periodic,,62,-10830,8,6,,,5,08a6f75abdf0,,0,273,180,08:A6:F7:5A:BD:F0,,10892,54,2,,56,,,318307,1782137633623,318313,1782137633629,,1782137633561,28,2026-06-22T14:13:53.9830407Z,36,,oasis/bottle,0
,,,,,,6,local.mqtt.telegraf,61,39.54,,periodic,,67,-17675,-282,-285,,,5,08a6f769c348,,0,274,180,08:A6:F7:69:C3:48,,17742,349,2,,352,,,318626,1782137633942,318632,1782137633948,,1782137633875,27,2026-06-22T14:13:54.3283876Z,35,,oasis/bottle,0
,,,,,,6,local.mqtt.telegraf,58,21.8,,periodic,,71,-12061,17,15,,,5,08a6f75abdf0,,0,273,181,08:A6:F7:5A:BD:F0,,12132,54,2,,56,,,319556,1782137634872,319562,1782137634878,,1782137634801,28,2026-06-22T14:13:55.2509753Z,36,,oasis/bottle,0
,,,,,,7,local.mqtt.telegraf,59,42.25,,periodic,,72,-5799,41,39,,,5,08a6f7bb3c68,,0,274,189,08:A6:F7:BB:3C:68,,5871,31,2,,33,,,319726,1782137635042,319733,1782137635049,,1782137634970,27,2026-06-22T14:13:55.4166435Z,37,,oasis/bottle,0
,,,,,,6,local.mqtt.telegraf,61,39.69,,periodic,,67,-18925,-282,-285,,,5,08a6f769c348,,0,274,181,08:A6:F7:69:C3:48,,18992,349,2,,352,,,319876,1782137635192,319882,1782137635198,,1782137635125,27,2026-06-22T14:13:55.5695761Z,35,,oasis/bottle,0
,,,,,,7,local.mqtt.telegraf,58,21.7,,periodic,,61,-13351,7,5,,,5,08a6f75abdf0,,0,273,182,08:A6:F7:5A:BD:F0,,13412,54,2,,56,,,320826,1782137636142,320832,1782137636149,,1782137636081,28,2026-06-22T14:13:56.5090384Z,36,,oasis/bottle,0
,,,,,,6,local.mqtt.telegraf,60,42.29,,periodic,,71,-6950,40,38,,,5,08a6f7bb3c68,,0,274,190,08:A6:F7:BB:3C:68,,7021,31,2,,33,,,320875,1782137636191,320881,1782137636197,,1782137636120,27,2026-06-22T14:13:56.5741046Z,37,,oasis/bottle,0
,,,,,,6,local.mqtt.telegraf,61,39.42,,periodic,,72,-20205,-277,-280,,,5,08a6f769c348,,0,273,182,08:A6:F7:69:C3:48,,20277,349,2,,352,,,321166,1782137636482,321172,1782137636488,,1782137636410,27,2026-06-22T14:13:56.8612397Z,35,,oasis/bottle,0
,,,,,,6,local.mqtt.telegraf,60,42.2,,periodic,,72,-8039,41,39,,,5,08a6f7bb3c68,,0,274,191,08:A6:F7:BB:3C:68,,8111,31,2,,33,,,321966,1782137637282,321972,1782137637288,,1782137637210,27,2026-06-22T14:13:57.6569555Z,37,,oasis/bottle,0
,,,,,,6,local.mqtt.telegraf,58,21.72,,periodic,,61,-14691,7,5,,,5,08a6f75abdf0,,0,273,183,08:A6:F7:5A:BD:F0,,14752,54,2,,56,,,322166,1782137637482,322172,1782137637488,,1782137637421,28,2026-06-22T14:13:57.8604295Z,36,,oasis/bottle,0
,,,,,,6,local.mqtt.telegraf,61,39.64,,periodic,,67,-1246,-282,-284,,,5,08a6f769c348,,0,273,183,08:A6:F7:69:C3:48,,1313,349,2,,351,,,322546,1782137637862,322552,1782137637868,,1782137637795,27,2026-06-22T14:13:58.2626024Z,38,,oasis/bottle,0
,,,,,,14,local.mqtt.telegraf,59,42.27,,periodic,,69,-9625,38,36,,,5,08a6f7bb3c68,,0,277,192,08:A6:F7:BB:3C:68,,9694,31,2,,33,,,323546,1782137638862,323560,1782137638876,,1782137638793,27,2026-06-22T14:13:59.23815Z,37,,oasis/bottle,0
,,,,,,6,local.mqtt.telegraf,58,21.7,,periodic,,68,-16167,14,12,,,5,08a6f75abdf0,,0,277,184,08:A6:F7:5A:BD:F0,,16235,54,2,,56,,,323656,1782137638972,323662,1782137638978,,1782137638904,28,2026-06-22T14:13:59.2994305Z,36,,oasis/bottle,0
,,,,,,6,local.mqtt.telegraf,60,39.53,,periodic,,77,-2796,-272,-274,,,5,08a6f769c348,,0,274,184,08:A6:F7:69:C3:48,,2873,349,2,,351,,,324116,1782137639432,324122,1782137639438,,1782137639355,27,2026-06-22T14:13:59.8010087Z,38,,oasis/bottle,0
,,,,,,6,local.mqtt.telegraf,58,21.83,,periodic,,61,-17341,7,5,,,5,08a6f75abdf0,,0,273,185,08:A6:F7:5A:BD:F0,,17402,54,2,,56,,,324816,1782137640132,324822,1782137640138,,1782137640071,28,2026-06-22T14:14:00.497673Z,36,,oasis/bottle,0
,,,,,,6,local.mqtt.telegraf,59,42.33,,periodic,,72,-10989,41,39,,,5,08a6f7bb3c68,,0,274,193,08:A6:F7:BB:3C:68,,11061,31,2,,33,,,324916,1782137640232,324922,1782137640238,,1782137640160,27,2026-06-22T14:14:00.5615453Z,37,,oasis/bottle,0
,,,,,,6,local.mqtt.telegraf,60,39.51,,periodic,,67,-4136,-282,-284,,,5,08a6f769c348,,0,274,185,08:A6:F7:69:C3:48,,4203,349,2,,351,,,325436,1782137640752,325442,1782137640758,,1782137640685,27,2026-06-22T14:14:01.123988Z,38,,oasis/bottle,0
,,,,,,6,local.mqtt.telegraf,58,21.7,,periodic,,62,-18469,8,6,,,5,08a6f75abdf0,,0,273,186,08:A6:F7:5A:BD:F0,,18531,54,2,,56,,,325946,1782137641262,325952,1782137641268,,1782137641200,28,2026-06-22T14:14:01.6439267Z,36,,oasis/bottle,0
,,,,,,6,local.mqtt.telegraf,59,42.11,,periodic,,72,-12509,41,39,,,5,08a6f7bb3c68,,0,274,194,08:A6:F7:BB:3C:68,,12581,31,2,,33,,,326436,1782137641752,326442,1782137641758,,1782137641680,27,2026-06-22T14:14:02.1261112Z,37,,oasis/bottle,0
,,,,,,6,local.mqtt.telegraf,60,39.31,,periodic,,68,-5575,-281,-283,,,5,08a6f769c348,,0,273,186,08:A6:F7:69:C3:48,,5643,349,2,,351,,,326877,1782137642193,326883,1782137642199,,1782137642125,27,2026-06-22T14:14:02.5841878Z,38,,oasis/bottle,0
,,,,,,6,local.mqtt.telegraf,58,21.5,,periodic,,61,-19531,7,5,,,5,08a6f75abdf0,,0,273,187,08:A6:F7:5A:BD:F0,,19592,54,2,,56,,,327006,1782137642322,327012,1782137642328,,1782137642261,28,2026-06-22T14:14:02.6925161Z,36,,oasis/bottle,0
,,,,,,6,local.mqtt.telegraf,60,42.12,,periodic,,71,-13760,40,38,,,5,08a6f7bb3c68,,0,274,195,08:A6:F7:BB:3C:68,,13831,31,2,,33,,,327685,1782137643001,327691,1782137643007,,1782137642930,27,2026-06-22T14:14:03.3930628Z,37,,oasis/bottle,0
,,,,,,6,local.mqtt.telegraf,60,39.23,,periodic,,67,-6666,-282,-284,,,5,08a6f769c348,,0,273,187,08:A6:F7:69:C3:48,,6733,349,2,,351,,,327966,1782137643282,327972,1782137643288,,1782137643215,27,2026-06-22T14:14:03.6585937Z,38,,oasis/bottle,0
,,,,,,6,local.mqtt.telegraf,58,21.69,,periodic,,71,-837,37,35,,,5,08a6f75abdf0,,0,274,188,08:A6:F7:5A:BD:F0,,908,34,2,,36,,,328536,1782137643852,328542,1782137643858,,1782137643781,28,2026-06-22T14:14:04.2236561Z,39,,oasis/bottle,0
,,,,,,6,local.mqtt.telegraf,60,42.12,,periodic,,72,-15049,41,39,,,5,08a6f7bb3c68,,0,273,196,08:A6:F7:BB:3C:68,,15121,31,2,,33,,,328976,1782137644292,328982,1782137644298,,1782137644220,27,2026-06-22T14:14:04.6607013Z,37,,oasis/bottle,0
,,,,,,7,local.mqtt.telegraf,60,39.17,,periodic,,67,-8226,-282,-284,,,5,08a6f769c348,,0,273,188,08:A6:F7:69:C3:48,,8293,349,2,,351,,,329526,1782137644842,329533,1782137644849,,1782137644775,27,2026-06-22T14:14:05.2096919Z,38,,oasis/bottle,0
,,,,,,8,local.mqtt.telegraf,58,21.62,,periodic,,62,-2085,28,26,,,5,08a6f75abdf0,,0,273,189,08:A6:F7:5A:BD:F0,,2147,34,2,,36,,,329766,1782137645082,329774,1782137645090,,1782137645020,28,2026-06-22T14:14:05.4620954Z,39,,oasis/bottle,0
,,,,,,6,local.mqtt.telegraf,59,42.15,,periodic,,72,-16439,41,39,,,5,08a6f7bb3c68,,0,274,197,08:A6:F7:BB:3C:68,,16511,31,2,,33,,,330366,1782137645682,330372,1782137645688,,1782137645610,27,2026-06-22T14:14:06.0538023Z,37,,oasis/bottle,0
,,,,,,6,local.mqtt.telegraf,60,39.07,,periodic,,67,-9556,-282,-284,,,5,08a6f769c348,,0,273,189,08:A6:F7:69:C3:48,,9623,349,2,,351,,,330856,1782137646172,330862,1782137646178,,1782137646105,27,2026-06-22T14:14:06.5439259Z,38,,oasis/bottle,0
,,,,,,6,local.mqtt.telegraf,58,21.58,,periodic,,62,-3355,28,26,,,5,08a6f75abdf0,,0,273,190,08:A6:F7:5A:BD:F0,,3417,34,2,,36,,,331036,1782137646352,331042,1782137646358,,1782137646290,28,2026-06-22T14:14:06.7295926Z,39,,oasis/bottle,0
,,,,,,14,local.mqtt.telegraf,59,42.07,,periodic,,72,-17999,41,39,,,5,08a6f7bb3c68,,0,274,198,08:A6:F7:BB:3C:68,,18071,31,2,,33,,,331926,1782137647242,331940,1782137647256,,1782137647170,27,2026-06-22T14:14:07.6281849Z,37,,oasis/bottle,0
,,,,,,6,local.mqtt.telegraf,60,39.18,,periodic,,68,-11015,-281,-283,,,5,08a6f769c348,,0,273,190,08:A6:F7:69:C3:48,,11083,349,2,,351,,,332317,1782137647633,332323,1782137647639,,1782137647565,27,2026-06-22T14:14:08.0137261Z,38,,oasis/bottle,0
,,,,,,9,local.mqtt.telegraf,58,21.61,,periodic,,72,-4685,38,36,,,5,08a6f75abdf0,,0,273,191,08:A6:F7:5A:BD:F0,,4757,34,2,,36,,,332386,1782137647702,332395,1782137647711,,1782137647630,28,2026-06-22T14:14:08.0692389Z,39,,oasis/bottle,0
,,,,,,6,local.mqtt.telegraf,60,42.11,,periodic,,69,-19325,38,36,,,5,08a6f7bb3c68,,0,273,199,08:A6:F7:BB:3C:68,,19394,31,2,,33,,,333246,1782137648562,333252,1782137648568,,1782137648493,27,2026-06-22T14:14:08.9475727Z,37,,oasis/bottle,0
,,,,,,6,local.mqtt.telegraf,60,39.31,,periodic,,67,-12136,-282,-284,,,5,08a6f769c348,,0,274,191,08:A6:F7:69:C3:48,,12203,349,2,,351,,,333436,1782137648752,333442,1782137648758,,1782137648685,27,2026-06-22T14:14:09.1267828Z,38,,oasis/bottle,0
,,,,,,7,local.mqtt.telegraf,58,21.62,,periodic,,62,-6175,28,26,,,5,08a6f75abdf0,,0,273,192,08:A6:F7:5A:BD:F0,,6237,34,2,,36,,,333856,1782137649172,333863,1782137649179,,1782137649110,28,2026-06-22T14:14:09.5475273Z,39,,oasis/bottle,0
,,,,,,6,local.mqtt.telegraf,60,42.27,,periodic,,71,-340,40,38,,,5,08a6f7bb3c68,,0,274,200,08:A6:F7:BB:3C:68,,411,31,2,,33,,,334685,1782137650001,334691,1782137650007,,1782137649930,27,2026-06-22T14:14:10.3873063Z,40,,oasis/bottle,0
,,,,,,6,local.mqtt.telegraf,58,21.66,,periodic,,71,-7317,37,35,,,5,08a6f75abdf0,,0,274,193,08:A6:F7:5A:BD:F0,,7388,34,2,,36,,,335016,1782137650332,335022,1782137650338,,1782137650261,28,2026-06-22T14:14:10.688446Z,39,,oasis/bottle,0
,,,,,,7,local.mqtt.telegraf,60,39.53,,periodic,,67,-13756,-282,-284,,,5,08a6f769c348,,0,274,192,08:A6:F7:69:C3:48,,13823,349,2,,351,,,335056,1782137650372,335063,1782137650379,,1782137650305,27,2026-06-22T14:14:10.7233465Z,38,,oasis/bottle,0
,,,,,,6,local.mqtt.telegraf,59,42.39,,periodic,,72,-1419,41,39,,,5,08a6f7bb3c68,,0,273,201,08:A6:F7:BB:3C:68,,1491,31,2,,33,,,335766,1782137651082,335772,1782137651088,,1782137651010,27,2026-06-22T14:14:11.4638823Z,40,,oasis/bottle,0
,,,,,,6,local.mqtt.telegraf,58,21.91,,periodic,,61,-8447,27,25,,,5,08a6f75abdf0,,0,274,194,08:A6:F7:5A:BD:F0,,8508,34,2,,36,,,336126,1782137651442,336132,1782137651448,,1782137651381,28,2026-06-22T14:14:11.8111493Z,39,,oasis/bottle,0
,,,,,,6,local.mqtt.telegraf,60,39.64,,periodic,,67,-15206,-282,-284,,,5,08a6f769c348,,0,274,193,08:A6:F7:69:C3:48,,15273,349,2,,351,,,336506,1782137651822,336512,1782137651828,,1782137651755,27,2026-06-22T14:14:12.1831112Z,38,,oasis/bottle,0
,,,,,,6,local.mqtt.telegraf,59,42.56,,periodic,,69,-3015,38,36,,,5,08a6f7bb3c68,,0,274,202,08:A6:F7:BB:3C:68,,3084,31,2,,33,,,337356,1782137652672,337362,1782137652678,,1782137652603,27,2026-06-22T14:14:13.0408743Z,40,,oasis/bottle,0
,,,,,,7,local.mqtt.telegraf,60,39.46,,periodic,,67,-16296,-282,-284,,,5,08a6f769c348,,0,274,194,08:A6:F7:69:C3:48,,16363,349,2,,351,,,337596,1782137652912,337603,1782137652919,,1782137652845,27,2026-06-22T14:14:13.2830141Z,38,,oasis/bottle,0
,,,,,,7,local.mqtt.telegraf,58,21.72,,periodic,,61,-10067,27,25,,,5,08a6f75abdf0,,0,274,195,08:A6:F7:5A:BD:F0,,10128,34,2,,36,,,337746,1782137653062,337753,1782137653069,,1782137653001,28,2026-06-22T14:14:13.4290596Z,39,,oasis/bottle,0
,,,,,,6,local.mqtt.telegraf,59,42.4,,periodic,,72,-4359,41,39,,,5,08a6f7bb3c68,,0,273,203,08:A6:F7:BB:3C:68,,4431,31,2,,33,,,338706,1782137654022,338712,1782137654028,,1782137653950,27,2026-06-22T14:14:14.3941985Z,40,,oasis/bottle,0
,,,,,,6,local.mqtt.telegraf,60,39.68,,periodic,,67,-17886,-282,-284,,,5,08a6f769c348,,0,274,195,08:A6:F7:69:C3:48,,17953,349,2,,351,,,339186,1782137654502,339192,1782137654508,,1782137654435,27,2026-06-22T14:14:14.8375411Z,38,,oasis/bottle,0
,,,,,,6,local.mqtt.telegraf,58,21.87,,periodic,,85,-11483,51,49,,,5,08a6f75abdf0,,0,274,196,08:A6:F7:5A:BD:F0,,11568,34,2,,36,,,339210,1782137654526,339216,1782137654532,,1782137654441,28,2026-06-22T14:14:14.8749702Z,39,,oasis/bottle,1
,,,,,,6,local.mqtt.telegraf,59,42.33,,periodic,,72,-5849,41,39,,,5,08a6f7bb3c68,,0,274,204,08:A6:F7:BB:3C:68,,5921,31,2,,33,,,340196,1782137655512,340202,1782137655518,,1782137655440,27,2026-06-22T14:14:15.88236Z,40,,oasis/bottle,0
,,,,,,7,local.mqtt.telegraf,58,21.8,,periodic,,71,-12577,37,35,,,5,08a6f75abdf0,,0,273,197,08:A6:F7:5A:BD:F0,,12648,34,2,,36,,,340276,1782137655592,340283,1782137655599,,1782137655521,28,2026-06-22T14:14:15.9453297Z,39,,oasis/bottle,0
,,,,,,7,local.mqtt.telegraf,60,39.7,,periodic,,67,-19246,-282,-284,,,5,08a6f769c348,,0,273,196,08:A6:F7:69:C3:48,,19313,349,2,,351,,,340546,1782137655862,340553,1782137655869,,1782137655795,27,2026-06-22T14:14:16.2555604Z,38,,oasis/bottle,0
,,,,,,6,local.mqtt.telegraf,59,42.47,,periodic,,71,-7030,40,38,,,5,08a6f7bb3c68,,0,274,205,08:A6:F7:BB:3C:68,,7101,31,2,,33,,,341375,1782137656691,341381,1782137656697,,1782137656620,27,2026-06-22T14:14:17.070048Z,40,,oasis/bottle,0
,,,,,,6,local.mqtt.telegraf,58,21.8,,periodic,,71,-14127,37,35,,,5,08a6f75abdf0,,0,273,198,08:A6:F7:5A:BD:F0,,14198,34,2,,36,,,341826,1782137657142,341832,1782137657148,,1782137657071,28,2026-06-22T14:14:17.5075749Z,39,,oasis/bottle,0
,,,,,,10,local.mqtt.telegraf,60,39.66,,periodic,,67,-765,47,45,,,5,08a6f769c348,,0,274,197,08:A6:F7:69:C3:48,,832,20,2,,22,,,342076,1782137657392,342086,1782137657402,,1782137657325,27,2026-06-22T14:14:17.7730151Z,41,,oasis/bottle,0
,,,,,,6,local.mqtt.telegraf,59,42.28,,periodic,,72,-8179,41,39,,,5,08a6f7bb3c68,,0,274,206,08:A6:F7:BB:3C:68,,8251,31,2,,33,,,342526,1782137657842,342532,1782137657848,,1782137657770,27,2026-06-22T14:14:18.213932Z,40,,oasis/bottle,0
,,,,,,6,local.mqtt.telegraf,58,21.95,,periodic,,61,-15447,27,25,,,5,08a6f75abdf0,,0,273,199,08:A6:F7:5A:BD:F0,,15508,34,2,,36,,,343126,1782137658442,343132,1782137658448,,1782137658381,28,2026-06-22T14:14:18.812607Z,39,,oasis/bottle,0
,,,,,,7,local.mqtt.telegraf,60,39.64,,periodic,,67,-2015,47,45,,,5,08a6f769c348,,0,273,198,08:A6:F7:69:C3:48,,2082,20,2,,22,,,343326,1782137658642,343332,1782137658649,,1782137658575,27,2026-06-22T14:14:19.0092553Z,41,,oasis/bottle,0
,,,,,,6,local.mqtt.telegraf,59,42.54,,periodic,,69,-9295,38,36,,,5,08a6f7bb3c68,,0,273,207,08:A6:F7:BB:3C:68,,9364,31,2,,33,,,343636,1782137658952,343642,1782137658958,,1782137658883,27,2026-06-22T14:14:19.3228055Z,40,,oasis/bottle,0
,,,,,,6,local.mqtt.telegraf,58,21.8,,periodic,,71,-16847,37,35,,,5,08a6f75abdf0,,0,273,200,08:A6:F7:5A:BD:F0,,16918,34,2,,36,,,344546,1782137659862,344552,1782137659868,,1782137659791,28,2026-06-22T14:14:20.2457548Z,39,,oasis/bottle,0
,,,,,,6,local.mqtt.telegraf,60,39.57,,periodic,,69,-3322,49,47,,,5,08a6f769c348,,0,273,199,08:A6:F7:69:C3:48,,3391,20,2,,22,,,344637,1782137659953,344643,1782137659959,,1782137659884,27,2026-06-22T14:14:20.3094258Z,41,,oasis/bottle,0
,,,,,,6,local.mqtt.telegraf,59,42.47,,periodic,,72,-10909,41,39,,,5,08a6f7bb3c68,,0,273,208,08:A6:F7:BB:3C:68,,10981,31,2,,33,,,345256,1782137660572,345262,1782137660578,,1782137660500,27,2026-06-22T14:14:20.9498153Z,40,,oasis/bottle,0
,,,,,,6,local.mqtt.telegraf,58,21.8,,periodic,,61,-17927,27,25,,,5,08a6f75abdf0,,0,273,201,08:A6:F7:5A:BD:F0,,17988,34,2,,36,,,345606,1782137660922,345612,1782137660928,,1782137660861,28,2026-06-22T14:14:21.2934665Z,39,,oasis/bottle,0
,,,,,,6,local.mqtt.telegraf,60,39.76,,periodic,,68,-4734,48,46,,,5,08a6f769c348,,0,273,200,08:A6:F7:69:C3:48,,4802,20,2,,22,,,346046,1782137661363,346053,1782137661369,,1782137661295,27,2026-06-22T14:14:21.7476453Z,41,,oasis/bottle,0
,,,,,,6,local.mqtt.telegraf,59,42.36,,periodic,,72,-12339,41,39,,,5,08a6f7bb3c68,,0,273,209,08:A6:F7:BB:3C:68,,12411,31,2,,33,,,346686,1782137662002,346692,1782137662008,,1782137661930,27,2026-06-22T14:14:22.3821899Z,40,,oasis/bottle,0
,,,,,,6,local.mqtt.telegraf,58,21.73,,periodic,,61,-19407,27,25,,,5,08a6f75abdf0,,0,273,202,08:A6:F7:5A:BD:F0,,19468,34,2,,36,,,347086,1782137662402,347092,1782137662408,,1782137662341,28,2026-06-22T14:14:22.7779526Z,39,,oasis/bottle,0
,,,,,,6,local.mqtt.telegraf,60,39.62,,periodic,,68,-6353,48,46,,,5,08a6f769c348,,0,273,201,08:A6:F7:69:C3:48,,6421,20,2,,22,,,347666,1782137662982,347672,1782137662988,,1782137662914,27,2026-06-22T14:14:23.3578302Z,41,,oasis/bottle,0
,,,,,,9,local.mqtt.telegraf,59,42.76,,periodic,,72,-13389,41,39,,,5,08a6f7bb3c68,,0,274,210,08:A6:F7:BB:3C:68,,13461,31,2,,33,,,347736,1782137663052,347745,1782137663061,,1782137662980,27,2026-06-22T14:14:23.421266Z,40,,oasis/bottle,0
,,,,,,6,local.mqtt.telegraf,58,21.7,,periodic,,62,-340,13,10,,,5,08a6f75abdf0,,0,274,203,08:A6:F7:5A:BD:F0,,402,49,2,,52,,,348246,1782137663562,348252,1782137663568,,1782137663500,28,2026-06-22T14:14:23.9393311Z,42,,oasis/bottle,0
,,,,,,7,local.mqtt.telegraf,60,39.54,,periodic,,67,-7785,47,45,,,5,08a6f769c348,,0,273,202,08:A6:F7:69:C3:48,,7852,20,2,,22,,,349096,1782137664412,349102,1782137664419,,1782137664345,27,2026-06-22T14:14:24.792793Z,41,,oasis/bottle,0
,,,,,,6,local.mqtt.telegraf,59,42.58,,periodic,,72,-14909,41,39,,,5,08a6f7bb3c68,,0,274,211,08:A6:F7:BB:3C:68,,14981,31,2,,33,,,349256,1782137664572,349262,1782137664578,,1782137664500,27,2026-06-22T14:14:24.9387851Z,40,,oasis/bottle,0
,,,,,,6,local.mqtt.telegraf,58,21.85,,periodic,,62,-1460,13,10,,,5,08a6f75abdf0,,0,273,204,08:A6:F7:5A:BD:F0,,1522,49,2,,52,,,349366,1782137664682,349372,1782137664688,,1782137664620,28,2026-06-22T14:14:25.0042188Z,42,,oasis/bottle,0
,,,,,,6,local.mqtt.telegraf,60,39.88,,periodic,,67,-8855,47,45,,,5,08a6f769c348,,0,273,203,08:A6:F7:69:C3:48,,8922,20,2,,22,,,350166,1782137665482,350172,1782137665488,,1782137665415,27,2026-06-22T14:14:25.848326Z,41,,oasis/bottle,0
,,,,,,6,local.mqtt.telegraf,58,21.65,,periodic,,72,-2490,23,20,,,5,08a6f75abdf0,,0,273,205,08:A6:F7:5A:BD:F0,,2562,49,2,,52,,,350416,1782137665732,350422,1782137665738,,1782137665660,28,2026-06-22T14:14:26.1179703Z,42,,oasis/bottle,0
,,,,,,15,local.mqtt.telegraf,59,42.56,,periodic,,72,-16129,41,39,,,5,08a6f7bb3c68,,0,273,212,08:A6:F7:BB:3C:68,,16201,31,2,,33,,,350476,1782137665792,350490,1782137665807,,1782137665720,27,2026-06-22T14:14:26.1738903Z,40,,oasis/bottle,0
,,,,,,6,local.mqtt.telegraf,60,39.25,,periodic,,67,-10385,47,45,,,5,08a6f769c348,,0,273,204,08:A6:F7:69:C3:48,,10452,20,2,,22,,,351696,1782137667012,351702,1782137667018,,1782137666945,27,2026-06-22T14:14:27.3586096Z,41,,oasis/bottle,0
,,,,,,5,local.mqtt.telegraf,59,42.33,,periodic,,68,-17383,37,35,,,5,08a6f7bb3c68,,0,274,213,08:A6:F7:BB:3C:68,,17451,31,2,,33,,,351722,1782137667038,351727,1782137667043,,1782137666970,27,2026-06-22T14:14:27.3989841Z,40,,oasis/bottle,0
,,,,,,6,local.mqtt.telegraf,58,21.58,,periodic,,62,-3990,13,10,,,5,08a6f75abdf0,,0,273,206,08:A6:F7:5A:BD:F0,,4052,49,2,,52,,,351896,1782137667212,351902,1782137667218,,1782137667150,28,2026-06-22T14:14:27.5826973Z,42,,oasis/bottle,0
,,,,,,7,local.mqtt.telegraf,60,39.47,,periodic,,67,-11645,47,45,,,5,08a6f769c348,,0,274,205,08:A6:F7:69:C3:48,,11712,20,2,,22,,,352956,1782137668272,352963,1782137668279,,1782137668205,27,2026-06-22T14:14:28.6490712Z,41,,oasis/bottle,0
,,,,,,7,local.mqtt.telegraf,59,43.62,,periodic,,72,-18659,41,39,,,5,08a6f7bb3c68,,0,274,214,08:A6:F7:BB:3C:68,,18731,31,2,,33,,,353006,1782137668322,353013,1782137668329,,1782137668250,27,2026-06-22T14:14:28.7069912Z,40,,oasis/bottle,0
,,,,,,6,local.mqtt.telegraf,58,21.7,,periodic,,62,-5160,13,10,,,5,08a6f75abdf0,,0,274,207,08:A6:F7:5A:BD:F0,,5222,49,2,,52,,,353066,1782137668382,353072,1782137668388,,1782137668320,28,2026-06-22T14:14:28.7571468Z,42,,oasis/bottle,0
,,,,,,6,local.mqtt.telegraf,58,21.7,,periodic,,72,-6280,23,20,,,5,08a6f75abdf0,,0,273,208,08:A6:F7:5A:BD:F0,,6352,49,2,,52,,,354206,1782137669522,354212,1782137669528,,1782137669450,28,2026-06-22T14:14:29.8950858Z,42,,oasis/bottle,0
,,,,,,9,local.mqtt.telegraf,60,39.47,,periodic,,67,-12965,47,45,,,5,08a6f769c348,,0,273,206,08:A6:F7:69:C3:48,,13032,20,2,,22,,,354276,1782137669592,354285,1782137669601,,1782137669525,27,2026-06-22T14:14:29.9581878Z,41,,oasis/bottle,0
,,,,,,6,local.mqtt.telegraf,59,44.26,,periodic,,72,-20029,41,39,,,5,08a6f7bb3c68,,0,274,215,08:A6:F7:BB:3C:68,,20101,31,2,,33,,,354376,1782137669692,354382,1782137669698,,1782137669620,27,2026-06-22T14:14:30.0162729Z,40,,oasis/bottle,0
,,,,,,6,local.mqtt.telegraf,58,21.72,,periodic,,61,-7361,12,9,,,5,08a6f75abdf0,,0,274,209,08:A6:F7:5A:BD:F0,,7422,49,2,,52,,,355265,1782137670581,355271,1782137670587,,1782137670520,28,2026-06-22T14:14:30.9467142Z,42,,oasis/bottle,0
,,,,,,6,local.mqtt.telegraf,60,39.37,,periodic,,77,-14385,57,55,,,5,08a6f769c348,,0,273,207,08:A6:F7:69:C3:48,,14462,20,2,,22,,,355716,1782137671032,355722,1782137671038,,1782137670955,27,2026-06-22T14:14:31.4095053Z,41,,oasis/bottle,0
,,,,,,6,local.mqtt.telegraf,59,44.04,,periodic,,72,-1060,42,40,,,5,08a6f7bb3c68,,0,274,216,08:A6:F7:BB:3C:68,,1132,30,2,,32,,,355916,1782137671232,355922,1782137671238,,1782137671160,27,2026-06-22T14:14:31.6021873Z,43,,oasis/bottle,0
,,,,,,6,local.mqtt.telegraf,60,39.54,,periodic,,67,-15465,47,45,,,5,08a6f769c348,,0,274,208,08:A6:F7:69:C3:48,,15532,20,2,,22,,,356776,1782137672092,356782,1782137672098,,1782137672025,27,2026-06-22T14:14:32.4452888Z,41,,oasis/bottle,0
,,,,,,6,local.mqtt.telegraf,58,21.84,,periodic,,69,-8883,20,17,,,5,08a6f75abdf0,,0,273,210,08:A6:F7:5A:BD:F0,,8952,49,2,,52,,,356803,1782137672119,356809,1782137672125,,1782137672050,28,2026-06-22T14:14:32.4754183Z,42,,oasis/bottle,0
,,,,,,6,local.mqtt.telegraf,59,44.4,,periodic,,72,-2340,42,40,,,5,08a6f7bb3c68,,0,274,217,08:A6:F7:BB:3C:68,,2412,30,2,,32,,,357196,1782137672512,357202,1782137672518,,1782137672440,27,2026-06-22T14:14:32.8793018Z,43,,oasis/bottle,0
,,,,,,6,local.mqtt.telegraf,58,21.85,,periodic,,73,-10139,24,21,,,5,08a6f75abdf0,,0,274,211,08:A6:F7:5A:BD:F0,,10212,49,2,,52,,,358067,1782137673383,358073,1782137673389,,1782137673310,28,2026-06-22T14:14:33.7544411Z,42,,oasis/bottle,0
,,,,,,7,local.mqtt.telegraf,60,39.53,,periodic,,67,-16995,47,45,,,5,08a6f769c348,,0,273,209,08:A6:F7:69:C3:48,,17062,20,2,,22,,,358306,1782137673622,358312,1782137673629,,1782137673555,27,2026-06-22T14:14:34.0373494Z,41,,oasis/bottle,0
,,,,,,7,local.mqtt.telegraf,59,44.28,,periodic,,72,-3680,42,40,,,5,08a6f7bb3c68,,0,274,218,08:A6:F7:BB:3C:68,,3752,30,2,,32,,,358536,1782137673852,358543,1782137673859,,1782137673780,27,2026-06-22T14:14:34.2359431Z,43,,oasis/bottle,0
,,,,,,6,local.mqtt.telegraf,58,21.88,,periodic,,72,-11450,23,20,,,5,08a6f75abdf0,,0,274,212,08:A6:F7:5A:BD:F0,,11522,49,2,,52,,,359376,1782137674692,359382,1782137674698,,1782137674620,28,2026-06-22T14:14:35.0659377Z,42,,oasis/bottle,0
,,,,,,6,local.mqtt.telegraf,60,39.46,,periodic,,67,-18255,47,45,,,5,08a6f769c348,,0,274,210,08:A6:F7:69:C3:48,,18322,20,2,,22,,,359566,1782137674882,359572,1782137674888,,1782137674815,27,2026-06-22T14:14:35.2472622Z,41,,oasis/bottle,0
,,,,,,6,local.mqtt.telegraf,60,44.3,,periodic,,72,-5170,42,40,,,5,08a6f7bb3c68,,0,273,219,08:A6:F7:BB:3C:68,,5242,30,2,,32,,,360026,1782137675342,360032,1782137675348,,1782137675270,27,2026-06-22T14:14:35.7115943Z,43,,oasis/bottle,0
,,,,,,6,local.mqtt.telegraf,58,21.79,,periodic,,62,-12890,13,10,,,5,08a6f75abdf0,,0,273,213,08:A6:F7:5A:BD:F0,,12952,49,2,,52,,,360796,1782137676112,360802,1782137676118,,1782137676050,28,2026-06-22T14:14:36.4778848Z,42,,oasis/bottle,0
,,,,,,6,local.mqtt.telegraf,60,39.65,,periodic,,67,-19565,47,45,,,5,08a6f769c348,,0,274,211,08:A6:F7:69:C3:48,,19632,20,2,,22,,,360876,1782137676192,360882,1782137676198,,1782137676125,27,2026-06-22T14:14:36.5409266Z,41,,oasis/bottle,0
,,,,,,6,local.mqtt.telegraf,59,44.09,,periodic,,72,-6350,42,40,,,5,08a6f7bb3c68,,0,274,220,08:A6:F7:BB:3C:68,,6422,30,2,,32,,,361206,1782137676522,361212,1782137676528,,1782137676450,27,2026-06-22T14:14:36.8969408Z,43,,oasis/bottle,0
,,,,,,5,local.mqtt.telegraf,58,21.74,,periodic,,72,-13930,23,20,,,5,08a6f75abdf0,,0,274,214,08:A6:F7:5A:BD:F0,,14002,49,2,,52,,,361855,1782137677172,361861,1782137677177,,1782137677100,28,2026-06-22T14:14:37.5379827Z,42,,oasis/bottle,0
,,,,,,6,local.mqtt.telegraf,60,39.61,,periodic,,77,-764,56,54,,,5,08a6f769c348,,0,274,212,08:A6:F7:69:C3:48,,841,21,2,,23,,,362306,1782137677622,362312,1782137677628,,1782137677545,27,2026-06-22T14:14:37.9822423Z,44,,oasis/bottle,0
,,,,,,6,local.mqtt.telegraf,59,44.27,,periodic,,72,-7500,42,40,,,5,08a6f7bb3c68,,0,274,221,08:A6:F7:BB:3C:68,,7572,30,2,,32,,,362356,1782137677672,362362,1782137677678,,1782137677600,27,2026-06-22T14:14:38.023241Z,43,,oasis/bottle,0
,,,,,,6,local.mqtt.telegraf,60,39.55,,periodic,,67,-1824,46,44,,,5,08a6f769c348,,0,274,213,08:A6:F7:69:C3:48,,1891,21,2,,23,,,363346,1782137678662,363352,1782137678668,,1782137678595,27,2026-06-22T14:14:39.0477788Z,44,,oasis/bottle,0
,,,,,,6,local.mqtt.telegraf,58,21.92,,periodic,,62,-15500,13,10,,,5,08a6f75abdf0,,0,273,215,08:A6:F7:5A:BD:F0,,15562,49,2,,52,,,363406,1782137678722,363412,1782137678728,,1782137678660,28,2026-06-22T14:14:39.0873569Z,42,,oasis/bottle,0
,,,,,,6,local.mqtt.telegraf,59,44.48,,periodic,,72,-8600,42,40,,,5,08a6f7bb3c68,,0,274,222,08:A6:F7:BB:3C:68,,8672,30,2,,32,,,363456,1782137678772,363462,1782137678778,,1782137678700,27,2026-06-22T14:14:39.1479941Z,43,,oasis/bottle,0
,,,,,,6,local.mqtt.telegraf,58,21.88,,periodic,,62,-16750,13,10,,,5,08a6f75abdf0,,0,273,216,08:A6:F7:5A:BD:F0,,16812,49,2,,52,,,364656,1782137679972,364662,1782137679978,,1782137679910,28,2026-06-22T14:14:40.3594404Z,42,,oasis/bottle,0
,,,,,,7,local.mqtt.telegraf,60,39.74,,periodic,,67,-3314,46,44,,,5,08a6f769c348,,0,274,214,08:A6:F7:69:C3:48,,3381,21,2,,23,,,364836,1782137680152,364843,1782137680159,,1782137680085,27,2026-06-22T14:14:40.5435641Z,44,,oasis/bottle,0
,,,,,,6,local.mqtt.telegraf,60,44.12,,periodic,,72,-10210,42,40,,,5,08a6f7bb3c68,,0,274,223,08:A6:F7:BB:3C:68,,10282,30,2,,32,,,365066,1782137680382,365072,1782137680388,,1782137680310,27,2026-06-22T14:14:40.7594322Z,43,,oasis/bottle,0
,,,,,,6,local.mqtt.telegraf,58,21.76,,periodic,,72,-18040,23,20,,,5,08a6f75abdf0,,0,274,217,08:A6:F7:5A:BD:F0,,18112,49,2,,52,,,365966,1782137681282,365972,1782137681288,,1782137681210,28,2026-06-22T14:14:41.64857Z,42,,oasis/bottle,0
,,,,,,6,local.mqtt.telegraf,60,39.76,,periodic,,67,-4494,46,44,,,5,08a6f769c348,,0,274,215,08:A6:F7:69:C3:48,,4561,21,2,,23,,,366016,1782137681332,366022,1782137681338,,1782137681265,27,2026-06-22T14:14:41.7135744Z,44,,oasis/bottle,0
,,,,,,6,local.mqtt.telegraf,60,44.13,,periodic,,72,-11610,42,40,,,5,08a6f7bb3c68,,0,274,224,08:A6:F7:BB:3C:68,,11682,30,2,,32,,,366466,1782137681782,366472,1782137681788,,1782137681710,27,2026-06-22T14:14:42.1546541Z,43,,oasis/bottle,0
,,,,,,6,local.mqtt.telegraf,60,39.76,,periodic,,67,-5644,46,44,,,5,08a6f769c348,,0,274,216,08:A6:F7:69:C3:48,,5711,21,2,,23,,,367166,1782137682482,367172,1782137682488,,1782137682415,27,2026-06-22T14:14:42.8455355Z,44,,oasis/bottle,0
,,,,,,6,local.mqtt.telegraf,58,21.74,,periodic,,72,-19450,23,20,,,5,08a6f75abdf0,,0,273,218,08:A6:F7:5A:BD:F0,,19522,49,2,,52,,,367376,1782137682692,367382,1782137682698,,1782137682620,28,2026-06-22T14:14:43.0803802Z,42,,oasis/bottle,0
,,,,,,6,local.mqtt.telegraf,59,44.4,,periodic,,72,-13220,42,40,,,5,08a6f7bb3c68,,0,274,225,08:A6:F7:BB:3C:68,,13292,30,2,,32,,,368076,1782137683392,368082,1782137683398,,1782137683320,27,2026-06-22T14:14:43.7680857Z,43,,oasis/bottle,0
,,,,,,6,local.mqtt.telegraf,60,39.55,,periodic,,75,-6736,54,52,,,5,08a6f769c348,,0,273,217,08:A6:F7:69:C3:48,,6811,21,2,,23,,,368274,1782137683590,368280,1782137683596,,1782137683515,27,2026-06-22T14:14:43.9631273Z,44,,oasis/bottle,0
,,,,,,6,local.mqtt.telegraf,58,21.85,,periodic,,63,-589,34,32,,,5,08a6f75abdf0,,0,274,219,08:A6:F7:5A:BD:F0,,652,29,2,,31,,,368986,1782137684303,368993,1782137684309,,1782137684240,28,2026-06-22T14:14:44.6719756Z,45,,oasis/bottle,0
,,,,,,6,local.mqtt.telegraf,59,44.23,,periodic,,72,-14650,42,40,,,5,08a6f7bb3c68,,0,274,226,08:A6:F7:BB:3C:68,,14722,30,2,,32,,,369506,1782137684822,369512,1782137684828,,1782137684750,27,2026-06-22T14:14:45.2003402Z,43,,oasis/bottle,0
,,,,,,6,local.mqtt.telegraf,60,39.58,,periodic,,67,-8354,46,44,,,5,08a6f769c348,,0,274,218,08:A6:F7:69:C3:48,,8421,21,2,,23,,,369876,1782137685192,369882,1782137685198,,1782137685125,27,2026-06-22T14:14:45.5682667Z,44,,oasis/bottle,0
,,,,,,6,local.mqtt.telegraf,58,21.85,,periodic,,62,-2020,33,31,,,5,08a6f75abdf0,,0,273,220,08:A6:F7:5A:BD:F0,,2082,29,2,,31,,,370416,1782137685732,370422,1782137685738,,1782137685670,28,2026-06-22T14:14:46.1245177Z,45,,oasis/bottle,0
,,,,,,6,local.mqtt.telegraf,59,44.48,,periodic,,72,-16290,42,40,,,5,08a6f7bb3c68,,0,274,227,08:A6:F7:BB:3C:68,,16362,30,2,,32,,,371146,1782137686462,371152,1782137686468,,1782137686390,27,2026-06-22T14:14:46.8500586Z,43,,oasis/bottle,0
,,,,,,6,local.mqtt.telegraf,60,39.61,,periodic,,77,-9754,56,54,,,5,08a6f769c348,,0,274,219,08:A6:F7:69:C3:48,,9831,21,2,,23,,,371296,1782137686612,371302,1782137686618,,1782137686535,27,2026-06-22T14:14:46.9758466Z,44,,oasis/bottle,0
,,,,,,6,local.mqtt.telegraf,58,21.73,,periodic,,72,-3060,43,41,,,5,08a6f75abdf0,,0,273,221,08:A6:F7:5A:BD:F0,,3132,29,2,,31,,,371476,1782137686792,371482,1782137686798,,1782137686720,28,2026-06-22T14:14:47.1623304Z,45,,oasis/bottle,0
,,,,,,6,local.mqtt.telegraf,59,44.46,,periodic,,72,-17770,42,40,,,5,08a6f7bb3c68,,0,274,228,08:A6:F7:BB:3C:68,,17842,30,2,,32,,,372626,1782137687942,372632,1782137687948,,1782137687870,27,2026-06-22T14:14:48.3234806Z,43,,oasis/bottle,0
,,,,,,6,local.mqtt.telegraf,60,39.64,,periodic,,67,-11384,46,44,,,5,08a6f769c348,,0,274,220,08:A6:F7:69:C3:48,,11451,21,2,,23,,,372906,1782137688222,372912,1782137688228,,1782137688155,27,2026-06-22T14:14:48.6019488Z,44,,oasis/bottle,0
,,,,,,10,local.mqtt.telegraf,58,21.7,,periodic,,62,-4580,33,31,,,5,08a6f75abdf0,,0,274,222,08:A6:F7:5A:BD:F0,,4642,29,2,,31,,,372976,1782137688292,372986,1782137688302,,1782137688230,28,2026-06-22T14:14:48.6640846Z,45,,oasis/bottle,0
,,,,,,6,local.mqtt.telegraf,59,44.13,,periodic,,72,-18920,42,40,,,5,08a6f7bb3c68,,0,274,229,08:A6:F7:BB:3C:68,,18992,30,2,,32,,,373776,1782137689092,373782,1782137689098,,1782137689020,27,2026-06-22T14:14:49.4633138Z,43,,oasis/bottle,0
,,,,,,6,local.mqtt.telegraf,58,21.72,,periodic,,62,-5780,33,31,,,5,08a6f75abdf0,,0,274,223,08:A6:F7:5A:BD:F0,,5842,29,2,,31,,,374176,1782137689492,374182,1782137689498,,1782137689430,28,2026-06-22T14:14:49.8647256Z,45,,oasis/bottle,0
,,,,,,7,local.mqtt.telegraf,60,39.72,,periodic,,67,-12814,46,44,,,5,08a6f769c348,,0,273,221,08:A6:F7:69:C3:48,,12881,21,2,,23,,,374336,1782137689652,374343,1782137689659,,1782137689585,27,2026-06-22T14:14:50.019445Z,44,,oasis/bottle,0
,,,,,,6,local.mqtt.telegraf,59,44.31,,periodic,,72,-20020,42,40,,,5,08a6f7bb3c68,,0,273,230,08:A6:F7:BB:3C:68,,20092,30,2,,32,,,374876,1782137690192,374882,1782137690198,,1782137690120,27,2026-06-22T14:14:50.5900626Z,43,,oasis/bottle,0
,,,,,,6,local.mqtt.telegraf,58,21.7,,periodic,,72,-6980,43,41,,,5,08a6f75abdf0,,0,274,224,08:A6:F7:5A:BD:F0,,7052,29,2,,31,,,375396,1782137690712,375402,1782137690718,,1782137690640,28,2026-06-22T14:14:51.0534677Z,45,,oasis/bottle,0
,,,,,,5,local.mqtt.telegraf,60,39.61,,periodic,,81,-13870,60,58,,,5,08a6f769c348,,0,274,222,08:A6:F7:69:C3:48,,13951,21,2,,23,,,375419,1782137690736,375425,1782137690741,,1782137690655,27,2026-06-22T14:14:51.0891949Z,44,,oasis/bottle,1
,,,,,,6,local.mqtt.telegraf,60,44.4,,periodic,,71,-1430,50,48,,,5,08a6f7bb3c68,,0,274,231,08:A6:F7:BB:3C:68,,1501,21,2,,23,,,376486,1782137691802,376492,1782137691808,,1782137691731,27,2026-06-22T14:14:52.1794285Z,46,,oasis/bottle,0
,,,,,,6,local.mqtt.telegraf,58,21.7,,periodic,,62,-8210,33,31,,,5,08a6f75abdf0,,0,274,225,08:A6:F7:5A:BD:F0,,8272,29,2,,31,,,376606,1782137691922,376612,1782137691928,,1782137691860,28,2026-06-22T14:14:52.2585933Z,45,,oasis/bottle,0
,,,,,,6,local.mqtt.telegraf,60,39.66,,periodic,,68,-15413,47,45,,,5,08a6f769c348,,0,274,223,08:A6:F7:69:C3:48,,15481,21,2,,23,,,376937,1782137692253,376943,1782137692259,,1782137692185,27,2026-06-22T14:14:52.6340916Z,44,,oasis/bottle,0
,,,,,,6,local.mqtt.telegraf,58,21.91,,periodic,,72,-9430,43,41,,,5,08a6f75abdf0,,0,274,226,08:A6:F7:5A:BD:F0,,9502,29,2,,31,,,377846,1782137693162,377852,1782137693168,,1782137693090,28,2026-06-22T14:14:53.5394292Z,45,,oasis/bottle,0
,,,,,,6,local.mqtt.telegraf,59,44.44,,periodic,,71,-2850,50,48,,,5,08a6f7bb3c68,,0,274,232,08:A6:F7:BB:3C:68,,2921,21,2,,23,,,377906,1782137693222,377912,1782137693228,,1782137693151,27,2026-06-22T14:14:53.5828518Z,46,,oasis/bottle,0
,,,,,,6,local.mqtt.telegraf,60,39.61,,periodic,,67,-16674,46,44,,,5,08a6f769c348,,0,274,224,08:A6:F7:69:C3:48,,16741,21,2,,23,,,378196,1782137693512,378202,1782137693518,,1782137693445,27,2026-06-22T14:14:53.8774809Z,44,,oasis/bottle,0
,,,,,,6,local.mqtt.telegraf,59,44.43,,periodic,,71,-3930,50,48,,,5,08a6f7bb3c68,,0,274,233,08:A6:F7:BB:3C:68,,4001,21,2,,23,,,378986,1782137694302,378992,1782137694308,,1782137694231,27,2026-06-22T14:14:54.6688504Z,46,,oasis/bottle,0
,,,,,,6,local.mqtt.telegraf,58,21.8,,periodic,,62,-10710,33,31,,,5,08a6f75abdf0,,0,274,227,08:A6:F7:5A:BD:F0,,10772,29,2,,31,,,379106,1782137694422,379112,1782137694428,,1782137694360,28,2026-06-22T14:14:54.800262Z,45,,oasis/bottle,0
,,,,,,7,local.mqtt.telegraf,60,39.61,,periodic,,67,-17984,46,44,,,5,08a6f769c348,,0,274,225,08:A6:F7:69:C3:48,,18051,21,2,,23,,,379506,1782137694822,379512,1782137694829,,1782137694755,27,2026-06-22T14:14:55.1907865Z,44,,oasis/bottle,0
,,,,,,6,local.mqtt.telegraf,58,21.79,,periodic,,69,-12026,40,38,,,5,08a6f75abdf0,,0,273,228,08:A6:F7:5A:BD:F0,,12095,29,2,,31,,,380436,1782137695752,380442,1782137695758,,1782137695683,28,2026-06-22T14:14:56.1279587Z,45,,oasis/bottle,0
,,,,,,6,local.mqtt.telegraf,59,44.42,,periodic,,71,-5440,50,48,,,5,08a6f7bb3c68,,0,274,234,08:A6:F7:BB:3C:68,,5511,21,2,,23,,,380496,1782137695812,380502,1782137695818,,1782137695741,27,2026-06-22T14:14:56.1879529Z,46,,oasis/bottle,0
,,,,,,6,local.mqtt.telegraf,60,39.74,,periodic,,67,-19414,46,44,,,5,08a6f769c348,,0,273,226,08:A6:F7:69:C3:48,,19481,21,2,,23,,,380936,1782137696252,380942,1782137696258,,1782137696185,27,2026-06-22T14:14:56.6196194Z,44,,oasis/bottle,0
,,,,,,6,local.mqtt.telegraf,59,44.19,,periodic,,70,-6651,49,47,,,5,08a6f7bb3c68,,0,273,235,08:A6:F7:BB:3C:68,,6721,21,2,,23,,,381705,1782137697021,381711,1782137697027,,1782137696951,27,2026-06-22T14:14:57.3901333Z,46,,oasis/bottle,0
,,,,,,6,local.mqtt.telegraf,58,21.8,,periodic,,72,-13480,43,41,,,5,08a6f75abdf0,,0,274,229,08:A6:F7:5A:BD:F0,,13552,29,2,,31,,,381896,1782137697212,381902,1782137697218,,1782137697140,28,2026-06-22T14:14:57.5800008Z,45,,oasis/bottle,0
,,,,,,6,local.mqtt.telegraf,60,39.57,,periodic,,71,-256,52,49,,,5,08a6f769c348,,0,273,227,08:A6:F7:69:C3:48,,327,19,2,,22,,,381996,1782137697312,382002,1782137697318,,1782137697241,27,2026-06-22T14:14:57.6438056Z,47,,oasis/bottle,0
,,,,,,6,local.mqtt.telegraf,59,44.26,,periodic,,71,-7890,50,48,,,5,08a6f7bb3c68,,0,274,236,08:A6:F7:BB:3C:68,,7961,21,2,,23,,,382946,1782137698262,382952,1782137698268,,1782137698191,27,2026-06-22T14:14:58.6320102Z,46,,oasis/bottle,0
,,,,,,6,local.mqtt.telegraf,58,21.7,,periodic,,62,-14600,33,31,,,5,08a6f75abdf0,,0,274,230,08:A6:F7:5A:BD:F0,,14662,29,2,,31,,,382996,1782137698312,383002,1782137698318,,1782137698250,28,2026-06-22T14:14:58.6786497Z,45,,oasis/bottle,0
,,,,,,6,local.mqtt.telegraf,60,39.7,,periodic,,66,-1776,47,44,,,5,08a6f769c348,,0,274,228,08:A6:F7:69:C3:48,,1842,19,2,,22,,,383506,1782137698822,383512,1782137698828,,1782137698756,27,2026-06-22T14:14:59.2008765Z,47,,oasis/bottle,0
,,,,,,6,local.mqtt.telegraf,59,44.58,,periodic,,71,-9140,50,48,,,5,08a6f7bb3c68,,0,273,237,08:A6:F7:BB:3C:68,,9211,21,2,,23,,,384196,1782137699512,384202,1782137699518,,1782137699441,27,2026-06-22T14:14:59.8787011Z,46,,oasis/bottle,0
,,,,,,6,local.mqtt.telegraf,58,21.8,,periodic,,72,-16200,43,41,,,5,08a6f75abdf0,,0,274,231,08:A6:F7:5A:BD:F0,,16272,29,2,,31,,,384616,1782137699932,384622,1782137699938,,1782137699860,28,2026-06-22T14:15:00.3110409Z,45,,oasis/bottle,0
,,,,,,6,local.mqtt.telegraf,60,39.69,,periodic,,76,-2976,57,54,,,5,08a6f769c348,,0,273,229,08:A6:F7:69:C3:48,,3052,19,2,,22,,,384726,1782137700042,384732,1782137700048,,1782137699966,27,2026-06-22T14:15:00.3683558Z,47,,oasis/bottle,0
,,,,,,6,local.mqtt.telegraf,59,44.6,,periodic,,71,-10450,50,48,,,5,08a6f7bb3c68,,0,274,238,08:A6:F7:BB:3C:68,,10521,21,2,,23,,,385506,1782137700822,385512,1782137700828,,1782137700751,27,2026-06-22T14:15:01.1943589Z,46,,oasis/bottle,0
,,,,,,6,local.mqtt.telegraf,60,39.77,,periodic,,66,-4216,47,44,,,5,08a6f769c348,,0,274,230,08:A6:F7:69:C3:48,,4282,19,2,,22,,,385946,1782137701262,385952,1782137701268,,1782137701196,27,2026-06-22T14:15:01.6517639Z,47,,oasis/bottle,0
,,,,,,10,local.mqtt.telegraf,58,21.79,,periodic,,65,-17637,36,34,,,5,08a6f75abdf0,,0,273,232,08:A6:F7:5A:BD:F0,,17702,29,2,,31,,,386039,1782137701355,386049,1782137701365,,1782137701290,28,2026-06-22T14:15:01.7100362Z,45,,oasis/bottle,0
,,,,,,6,local.mqtt.telegraf,59,44.67,,periodic,,71,-11860,50,48,,,5,08a6f7bb3c68,,0,274,239,08:A6:F7:BB:3C:68,,11931,21,2,,23,,,386916,1782137702232,386922,1782137702238,,1782137702161,27,2026-06-22T14:15:02.6185932Z,46,,oasis/bottle,0
,,,,,,6,local.mqtt.telegraf,58,21.74,,periodic,,72,-18680,43,41,,,5,08a6f75abdf0,,0,273,233,08:A6:F7:5A:BD:F0,,18752,29,2,,31,,,387096,1782137702412,387102,1782137702418,,1782137702340,28,2026-06-22T14:15:02.7805047Z,45,,oasis/bottle,0
,,,,,,7,local.mqtt.telegraf,60,39.64,,periodic,,67,-5475,48,45,,,5,08a6f769c348,,0,274,231,08:A6:F7:69:C3:48,,5542,19,2,,22,,,387207,1782137702523,387214,1782137702530,,1782137702456,27,2026-06-22T14:15:02.8970968Z,47,,oasis/bottle,0
,,,,,,6,local.mqtt.telegraf,60,39.89,,periodic,,66,-6796,47,44,,,5,08a6f769c348,,0,274,232,08:A6:F7:69:C3:48,,6862,19,2,,22,,,388526,1782137703842,388532,1782137703848,,1782137703776,27,2026-06-22T14:15:04.191577Z,47,,oasis/bottle,0
,,,,,,5,local.mqtt.telegraf,59,44.64,,periodic,,86,-13465,65,63,,,5,08a6f7bb3c68,,0,273,240,08:A6:F7:BB:3C:68,,13551,21,2,,23,,,388551,1782137703867,388556,1782137703872,,1782137703781,27,2026-06-22T14:15:04.2294516Z,46,,oasis/bottle,1
,,,,,,6,local.mqtt.telegraf,58,21.83,,periodic,,63,-20189,34,32,,,5,08a6f75abdf0,,0,273,234,08:A6:F7:5A:BD:F0,,20252,29,2,,31,,,388587,1782137703903,388593,1782137703909,,1782137703840,28,2026-06-22T14:15:04.2639717Z,45,,oasis/bottle,0
,,,,,,6,local.mqtt.telegraf,58,21.74,,periodic,,72,-1020,29,27,,,5,08a6f75abdf0,,0,273,235,08:A6:F7:5A:BD:F0,,1092,43,2,,45,,,389786,1782137705102,389792,1782137705108,,1782137705030,28,2026-06-22T14:15:05.4756788Z,48,,oasis/bottle,0
,,,,,,6,local.mqtt.telegraf,60,39.66,,periodic,,76,-8206,57,54,,,5,08a6f769c348,,0,274,233,08:A6:F7:69:C3:48,,8282,19,2,,22,,,389956,1782137705272,389962,1782137705278,,1782137705196,27,2026-06-22T14:15:05.6182202Z,47,,oasis/bottle,0
,,,,,,6,local.mqtt.telegraf,59,44.79,,periodic,,77,-14914,56,54,,,5,08a6f7bb3c68,,0,273,241,08:A6:F7:BB:3C:68,,14991,21,2,,23,,,389982,1782137705298,389988,1782137705304,,1782137705221,27,2026-06-22T14:15:05.6573739Z,46,,oasis/bottle,0
,,,,,,6,local.mqtt.telegraf,58,21.77,,periodic,,62,-2220,19,17,,,5,08a6f75abdf0,,0,273,236,08:A6:F7:5A:BD:F0,,2282,43,2,,45,,,390966,1782137706282,390972,1782137706288,,1782137706220,28,2026-06-22T14:15:06.6274226Z,48,,oasis/bottle,0
,,,,,,6,local.mqtt.telegraf,60,39.69,,periodic,,65,-9267,46,43,,,5,08a6f769c348,,0,274,234,08:A6:F7:69:C3:48,,9332,19,2,,22,,,390995,1782137706311,391001,1782137706317,,1782137706246,27,2026-06-22T14:15:06.6658684Z,47,,oasis/bottle,0
,,,,,,6,local.mqtt.telegraf,59,44.68,,periodic,,71,-15990,50,48,,,5,08a6f7bb3c68,,0,274,242,08:A6:F7:BB:3C:68,,16061,21,2,,23,,,391046,1782137706362,391052,1782137706368,,1782137706291,27,2026-06-22T14:15:06.7040494Z,46,,oasis/bottle,0
,,,,,,6,local.mqtt.telegraf,58,21.8,,periodic,,62,-3390,19,17,,,5,08a6f75abdf0,,0,273,237,08:A6:F7:5A:BD:F0,,3452,43,2,,45,,,392136,1782137707452,392142,1782137707458,,1782137707390,28,2026-06-22T14:15:07.8180979Z,48,,oasis/bottle,0
,,,,,,6,local.mqtt.telegraf,60,39.78,,periodic,,76,-10756,57,54,,,5,08a6f769c348,,0,274,235,08:A6:F7:69:C3:48,,10832,19,2,,22,,,392506,1782137707822,392512,1782137707828,,1782137707746,27,2026-06-22T14:15:08.2026205Z,47,,oasis/bottle,0
,,,,,,6,local.mqtt.telegraf,59,44.35,,periodic,,71,-17530,50,48,,,5,08a6f7bb3c68,,0,273,243,08:A6:F7:BB:3C:68,,17601,21,2,,23,,,392586,1782137707902,392592,1782137707908,,1782137707831,27,2026-06-22T14:15:08.2562377Z,46,,oasis/bottle,0
,,,,,,6,local.mqtt.telegraf,58,21.96,,periodic,,72,-4520,29,27,,,5,08a6f75abdf0,,0,273,238,08:A6:F7:5A:BD:F0,,4592,43,2,,45,,,393286,1782137708602,393292,1782137708608,,1782137708530,28,2026-06-22T14:15:08.982201Z,48,,oasis/bottle,0
,,,,,,6,local.mqtt.telegraf,60,39.69,,periodic,,66,-11976,47,44,,,5,08a6f769c348,,0,274,236,08:A6:F7:69:C3:48,,12042,19,2,,22,,,393706,1782137709022,393712,1782137709028,,1782137708956,27,2026-06-22T14:15:09.3940288Z,47,,oasis/bottle,0
,,,,,,7,local.mqtt.telegraf,59,44.58,,periodic,,71,-18810,50,48,,,5,08a6f7bb3c68,,0,273,244,08:A6:F7:BB:3C:68,,18881,21,2,,23,,,393866,1782137709182,393873,1782137709189,,1782137709111,27,2026-06-22T14:15:09.5464552Z,46,,oasis/bottle,0
,,,,,,6,local.mqtt.telegraf,58,21.8,,periodic,,62,-5610,19,17,,,5,08a6f75abdf0,,0,273,239,08:A6:F7:5A:BD:F0,,5672,43,2,,45,,,394356,1782137709672,394362,1782137709678,,1782137709610,28,2026-06-22T14:15:10.0456536Z,48,,oasis/bottle,0
,,,,,,14,local.mqtt.telegraf,60,39.62,,periodic,,76,-13166,57,54,,,5,08a6f769c348,,0,274,237,08:A6:F7:69:C3:48,,13242,19,2,,22,,,394916,1782137710232,394930,1782137710246,,1782137710156,27,2026-06-22T14:15:10.6157726Z,47,,oasis/bottle,0
,,,,,,6,local.mqtt.telegraf,59,44.73,,periodic,,71,-20160,50,48,,,5,08a6f7bb3c68,,0,273,245,08:A6:F7:BB:3C:68,,20231,21,2,,23,,,395216,1782137710532,395222,1782137710538,,1782137710461,27,2026-06-22T14:15:10.89347Z,46,,oasis/bottle,0
,,,,,,6,local.mqtt.telegraf,58,21.8,,periodic,,73,-7148,30,28,,,5,08a6f75abdf0,,0,273,240,08:A6:F7:5A:BD:F0,,7221,43,2,,45,,,395916,1782137711232,395922,1782137711238,,1782137711159,28,2026-06-22T14:15:11.6138882Z,48,,oasis/bottle,0
,,,,,,6,local.mqtt.telegraf,60,39.81,,periodic,,67,-14374,48,45,,,5,08a6f769c348,,0,273,238,08:A6:F7:69:C3:48,,14441,19,2,,22,,,396106,1782137711422,396112,1782137711428,,1782137711355,27,2026-06-22T14:15:11.7998125Z,47,,oasis/bottle,0
,,,,,,6,local.mqtt.telegraf,59,44.47,,periodic,,71,-1331,18,16,,,5,08a6f7bb3c68,,0,274,246,08:A6:F7:BB:3C:68,,1402,53,2,,55,,,396726,1782137712042,396732,1782137712048,,1782137711971,27,2026-06-22T14:15:12.4120228Z,49,,oasis/bottle,0
,,,,,,6,local.mqtt.telegraf,58,21.7,,periodic,,62,-8470,19,17,,,5,08a6f75abdf0,,0,274,241,08:A6:F7:5A:BD:F0,,8532,43,2,,45,,,397216,1782137712532,397222,1782137712538,,1782137712470,28,2026-06-22T14:15:12.9115318Z,48,,oasis/bottle,0
,,,,,,14,local.mqtt.telegraf,60,39.8,,periodic,,70,-15562,51,48,,,5,08a6f769c348,,0,273,239,08:A6:F7:69:C3:48,,15632,19,2,,22,,,397300,1782137712616,397314,1782137712630,,1782137712546,27,2026-06-22T14:15:12.9661528Z,47,,oasis/bottle,0
,,,,,,6,local.mqtt.telegraf,59,44.7,,periodic,,71,-2551,18,16,,,5,08a6f7bb3c68,,0,273,247,08:A6:F7:BB:3C:68,,2622,53,2,,55,,,397946,1782137713262,397952,1782137713268,,1782137713191,27,2026-06-22T14:15:13.6288416Z,49,,oasis/bottle,0
,,,,,,6,local.mqtt.telegraf,60,39.69,,periodic,,67,-16754,48,45,,,5,08a6f769c348,,0,273,240,08:A6:F7:69:C3:48,,16821,19,2,,22,,,398486,1782137713802,398492,1782137713808,,1782137713735,27,2026-06-22T14:15:14.1753037Z,47,,oasis/bottle,0
,,,,,,6,local.mqtt.telegraf,58,21.7,,periodic,,72,-9870,29,27,,,5,08a6f75abdf0,,0,273,242,08:A6:F7:5A:BD:F0,,9942,43,2,,45,,,398636,1782137713952,398642,1782137713958,,1782137713880,28,2026-06-22T14:15:14.3174124Z,48,,oasis/bottle,0
,,,,,,6,local.mqtt.telegraf,59,44.6,,periodic,,71,-3771,18,16,,,5,08a6f7bb3c68,,0,273,248,08:A6:F7:BB:3C:68,,3842,53,2,,55,,,399166,1782137714482,399172,1782137714488,,1782137714411,27,2026-06-22T14:15:14.850465Z,49,,oasis/bottle,0
,,,,,,6,local.mqtt.telegraf,60,39.73,,periodic,,66,-17926,47,44,,,5,08a6f769c348,,0,274,241,08:A6:F7:69:C3:48,,17992,19,2,,22,,,399656,1782137714972,399662,1782137714978,,1782137714906,27,2026-06-22T14:15:15.3436797Z,47,,oasis/bottle,0
,,,,,,6,local.mqtt.telegraf,58,21.92,,periodic,,62,-11520,19,17,,,5,08a6f75abdf0,,0,273,243,08:A6:F7:5A:BD:F0,,11582,43,2,,45,,,400266,1782137715582,400272,1782137715588,,1782137715520,28,2026-06-22T14:15:15.9556068Z,48,,oasis/bottle,0
,,,,,,7,local.mqtt.telegraf,59,44.58,,periodic,,71,-5021,18,16,,,5,08a6f7bb3c68,,0,273,249,08:A6:F7:BB:3C:68,,5092,53,2,,55,,,400416,1782137715732,400423,1782137715739,,1782137715661,27,2026-06-22T14:15:16.1010869Z,49,,oasis/bottle,0
,,,,,,6,local.mqtt.telegraf,60,39.66,,periodic,,77,-19054,58,55,,,5,08a6f769c348,,0,273,242,08:A6:F7:69:C3:48,,19131,19,2,,22,,,400806,1782137716122,400812,1782137716128,,1782137716045,27,2026-06-22T14:15:16.4909413Z,47,,oasis/bottle,0
,,,,,,6,local.mqtt.telegraf,59,44.83,,periodic,,72,-6319,19,17,,,5,08a6f7bb3c68,,0,273,250,08:A6:F7:BB:3C:68,,6391,53,2,,55,,,401716,1782137717032,401722,1782137717038,,1782137716960,27,2026-06-22T14:15:17.3787325Z,49,,oasis/bottle,0
,,,,,,5,local.mqtt.telegraf,58,21.79,,periodic,,86,-12946,43,41,,,5,08a6f75abdf0,,0,273,244,08:A6:F7:5A:BD:F0,,13032,43,2,,45,,,401740,1782137717056,401745,1782137717061,,1782137716970,28,2026-06-22T14:15:17.4158857Z,48,,oasis/bottle,1
,,,,,,6,local.mqtt.telegraf,60,39.74,,periodic,,67,-20144,48,45,,,5,08a6f769c348,,0,273,243,08:A6:F7:69:C3:48,,20211,19,2,,22,,,401876,1782137717192,401882,1782137717198,,1782137717125,27,2026-06-22T14:15:17.5696934Z,47,,oasis/bottle,0
,,,,,,5,local.mqtt.telegraf,58,21.91,,periodic,,62,-14080,19,17,,,5,08a6f75abdf0,,0,273,245,08:A6:F7:5A:BD:F0,,14142,43,2,,45,,,402826,1782137718142,402831,1782137718147,,1782137718080,28,2026-06-22T14:15:18.5235878Z,48,,oasis/bottle,0
,,,,,,6,local.mqtt.telegraf,59,45.06,,periodic,,71,-7711,18,16,,,5,08a6f7bb3c68,,0,274,251,08:A6:F7:BB:3C:68,,7782,53,2,,55,,,403106,1782137718422,403112,1782137718428,,1782137718351,27,2026-06-22T14:15:18.7999451Z,49,,oasis/bottle,0
,,,,,,6,local.mqtt.telegraf,60,39.96,,periodic,,77,-1273,57,54,,,5,08a6f769c348,,0,273,244,08:A6:F7:69:C3:48,,1350,20,2,,23,,,403436,1782137718752,403442,1782137718758,,1782137718675,27,2026-06-22T14:15:19.1294719Z,50,,oasis/bottle,0
,,,,,,6,local.mqtt.telegraf,58,22.09,,periodic,,73,-15678,30,28,,,5,08a6f75abdf0,,0,273,246,08:A6:F7:5A:BD:F0,,15751,43,2,,45,,,404446,1782137719762,404452,1782137719768,,1782137719689,28,2026-06-22T14:15:20.1293476Z,48,,oasis/bottle,0
,,,,,,6,local.mqtt.telegraf,59,45.12,,periodic,,71,-9301,18,16,,,5,08a6f7bb3c68,,0,273,252,08:A6:F7:BB:3C:68,,9372,53,2,,55,,,404696,1782137720012,404702,1782137720018,,1782137719941,27,2026-06-22T14:15:20.3676394Z,49,,oasis/bottle,0
,,,,,,6,local.mqtt.telegraf,60,40.04,,periodic,,68,-2592,48,45,,,5,08a6f769c348,,0,273,245,08:A6:F7:69:C3:48,,2660,20,2,,23,,,404737,1782137720053,404743,1782137720059,,1782137719985,27,2026-06-22T14:15:20.4021286Z,50,,oasis/bottle,0
,,,,,,6,local.mqtt.telegraf,57,21.88,,periodic,,62,-17120,19,17,,,5,08a6f75abdf0,,0,273,247,08:A6:F7:5A:BD:F0,,17182,43,2,,45,,,405866,1782137721182,405872,1782137721188,,1782137721120,28,2026-06-22T14:15:21.5541575Z,48,,oasis/bottle,0
,,,,,,6,local.mqtt.telegraf,59,45.26,,periodic,,71,-10671,18,16,,,5,08a6f7bb3c68,,0,274,253,08:A6:F7:BB:3C:68,,10742,53,2,,55,,,406066,1782137721382,406072,1782137721388,,1782137721311,27,2026-06-22T14:15:21.7586481Z,49,,oasis/bottle,0
,,,,,,6,local.mqtt.telegraf,60,40.02,,periodic,,77,-4003,57,54,,,5,08a6f769c348,,0,273,246,08:A6:F7:69:C3:48,,4080,20,2,,23,,,406166,1782137721482,406172,1782137721488,,1782137721405,27,2026-06-22T14:15:21.8157688Z,50,,oasis/bottle,0
,,,,,,6,local.mqtt.telegraf,57,21.96,,periodic,,63,-18198,20,18,,,5,08a6f75abdf0,,0,273,248,08:A6:F7:5A:BD:F0,,18261,43,2,,45,,,406946,1782137722262,406952,1782137722268,,1782137722199,28,2026-06-22T14:15:22.6314838Z,48,,oasis/bottle,0
,,,,,,6,local.mqtt.telegraf,59,44.91,,periodic,,71,-12211,18,16,,,5,08a6f7bb3c68,,0,274,254,08:A6:F7:BB:3C:68,,12282,53,2,,55,,,407606,1782137722922,407612,1782137722928,,1782137722851,27,2026-06-22T14:15:23.2920203Z,49,,oasis/bottle,0
,,,,,,6,local.mqtt.telegraf,60,40.02,,periodic,,67,-5653,47,44,,,5,08a6f769c348,,0,273,247,08:A6:F7:69:C3:48,,5720,20,2,,23,,,407796,1782137723112,407802,1782137723118,,1782137723045,27,2026-06-22T14:15:23.4940813Z,50,,oasis/bottle,0
,,,,,,6,local.mqtt.telegraf,57,21.99,,periodic,,62,-19720,19,17,,,5,08a6f75abdf0,,0,273,249,08:A6:F7:5A:BD:F0,,19782,43,2,,45,,,408466,1782137723782,408472,1782137723788,,1782137723720,28,2026-06-22T14:15:24.1461787Z,48,,oasis/bottle,0
,,,,,,7,local.mqtt.telegraf,59,44.89,,periodic,,70,-13522,17,15,,,5,08a6f7bb3c68,,0,273,255,08:A6:F7:BB:3C:68,,13592,53,2,,55,,,408915,1782137724231,408922,1782137724238,,1782137724161,27,2026-06-22T14:15:24.5986729Z,49,,oasis/bottle,0
,,,,,,6,local.mqtt.telegraf,60,39.96,,periodic,,77,-7103,57,54,,,5,08a6f769c348,,0,273,248,08:A6:F7:69:C3:48,,7180,20,2,,23,,,409266,1782137724582,409272,1782137724588,,1782137724505,27,2026-06-22T14:15:24.9648287Z,50,,oasis/bottle,0
,,,,,,6,local.mqtt.telegraf,57,21.99,,periodic,,62,-760,33,31,,,5,08a6f75abdf0,,0,274,250,08:A6:F7:5A:BD:F0,,822,29,2,,31,,,409706,1782137725022,409712,1782137725028,,1782137724960,28,2026-06-22T14:15:25.4078417Z,51,,oasis/bottle,0
,,,,,,6,local.mqtt.telegraf,59,45.12,,periodic,,71,-14911,18,16,,,5,08a6f7bb3c68,,0,274,256,08:A6:F7:BB:3C:68,,14982,53,2,,55,,,410306,1782137725622,410312,1782137725628,,1782137725551,27,2026-06-22T14:15:25.9893458Z,49,,oasis/bottle,0
,,,,,,6,local.mqtt.telegraf,60,40.04,,periodic,,66,-8245,46,43,,,5,08a6f769c348,,0,273,249,08:A6:F7:69:C3:48,,8311,20,2,,23,,,410386,1782137725702,410392,1782137725708,,1782137725636,27,2026-06-22T14:15:26.0600274Z,50,,oasis/bottle,0
,,,,,,6,local.mqtt.telegraf,57,21.99,,periodic,,72,-2030,43,41,,,5,08a6f75abdf0,,0,273,251,08:A6:F7:5A:BD:F0,,2102,29,2,,31,,,410996,1782137726312,411002,1782137726318,,1782137726240,28,2026-06-22T14:15:26.6867052Z,51,,oasis/bottle,0
,,,,,,6,local.mqtt.telegraf,60,40,,periodic,,66,-9285,46,43,,,5,08a6f769c348,,0,273,250,08:A6:F7:69:C3:48,,9351,20,2,,23,,,411426,1782137726742,411432,1782137726748,,1782137726676,27,2026-06-22T14:15:27.1396765Z,50,,oasis/bottle,0
,,,,,,14,local.mqtt.telegraf,59,45.25,,periodic,,71,-16481,18,16,,,5,08a6f7bb3c68,,0,274,257,08:A6:F7:BB:3C:68,,16552,53,2,,55,,,411876,1782137727192,411890,1782137727206,,1782137727121,27,2026-06-22T14:15:27.5638301Z,49,,oasis/bottle,0
,,,,,,7,local.mqtt.telegraf,57,21.97,,periodic,,62,-3420,33,31,,,5,08a6f75abdf0,,0,273,252,08:A6:F7:5A:BD:F0,,3482,29,2,,31,,,412366,1782137727682,412373,1782137727689,,1782137727620,28,2026-06-22T14:15:28.0521723Z,51,,oasis/bottle,0
,,,,,,6,local.mqtt.telegraf,60,40,,periodic,,76,-10765,56,53,,,5,08a6f769c348,,0,273,251,08:A6:F7:69:C3:48,,10841,20,2,,23,,,412926,1782137728242,412932,1782137728248,,1782137728166,27,2026-06-22T14:15:28.618505Z,50,,oasis/bottle,0
,,,,,,6,local.mqtt.telegraf,59,44.86,,periodic,,71,-17821,18,16,,,5,08a6f7bb3c68,,0,274,258,08:A6:F7:BB:3C:68,,17892,53,2,,55,,,413216,1782137728532,413222,1782137728538,,1782137728461,27,2026-06-22T14:15:28.9039751Z,49,,oasis/bottle,0
,,,,,,6,local.mqtt.telegraf,57,21.99,,periodic,,72,-4950,43,41,,,5,08a6f75abdf0,,0,273,253,08:A6:F7:5A:BD:F0,,5022,29,2,,31,,,413916,1782137729232,413922,1782137729238,,1782137729160,28,2026-06-22T14:15:29.6184696Z,51,,oasis/bottle,0
,,,,,,6,local.mqtt.telegraf,59,39.9,,periodic,,66,-11965,46,43,,,5,08a6f769c348,,0,274,252,08:A6:F7:69:C3:48,,12031,20,2,,23,,,414106,1782137729422,414112,1782137729428,,1782137729356,27,2026-06-22T14:15:29.799236Z,50,,oasis/bottle,0
,,,,,,6,local.mqtt.telegraf,59,44.99,,periodic,,71,-19301,18,16,,,5,08a6f7bb3c68,,0,273,259,08:A6:F7:BB:3C:68,,19372,53,2,,55,,,414696,1782137730012,414702,1782137730018,,1782137729941,27,2026-06-22T14:15:30.3796737Z,49,,oasis/bottle,0
,,,,,,6,local.mqtt.telegraf,57,22.04,,periodic,,62,-6240,33,31,,,5,08a6f75abdf0,,0,273,254,08:A6:F7:5A:BD:F0,,6302,29,2,,31,,,415186,1782137730502,415192,1782137730508,,1782137730440,28,2026-06-22T14:15:30.8802901Z,51,,oasis/bottle,0
,,,,,,7,local.mqtt.telegraf,60,40.17,,periodic,,68,-13123,48,45,,,5,08a6f769c348,,0,273,253,08:A6:F7:69:C3:48,,13191,20,2,,23,,,415268,1782137730584,415275,1782137730591,,1782137730516,27,2026-06-22T14:15:30.9460774Z,50,,oasis/bottle,0
,,,,,,5,local.mqtt.telegraf,59,45.17,,periodic,,69,-272,48,46,,,5,08a6f7bb3c68,,0,274,260,08:A6:F7:BB:3C:68,,341,21,2,,23,,,415855,1782137731172,415861,1782137731177,,1782137731103,27,2026-06-22T14:15:31.5455876Z,52,,oasis/bottle,0
,,,,,,6,local.mqtt.telegraf,59,39.94,,periodic,,76,-14245,56,53,,,5,08a6f769c348,,0,274,254,08:A6:F7:69:C3:48,,14321,20,2,,23,,,416406,1782137731722,416412,1782137731728,,1782137731646,27,2026-06-22T14:15:32.0937794Z,50,,oasis/bottle,0
,,,,,,6,local.mqtt.telegraf,57,21.95,,periodic,,72,-7600,43,41,,,5,08a6f75abdf0,,0,273,255,08:A6:F7:5A:BD:F0,,7672,29,2,,31,,,416566,1782137731882,416572,1782137731888,,1782137731810,28,2026-06-22T14:15:32.2537187Z,51,,oasis/bottle,0
,,,,,,6,local.mqtt.telegraf,59,44.95,,periodic,,66,-1378,45,43,,,5,08a6f7bb3c68,,0,273,261,08:A6:F7:BB:3C:68,,1444,21,2,,23,,,416956,1782137732272,416962,1782137732278,,1782137732206,27,2026-06-22T14:15:32.6503915Z,52,,oasis/bottle,0
,,,,,,6,local.mqtt.telegraf,59,40.01,,periodic,,66,-15315,46,43,,,5,08a6f769c348,,0,274,255,08:A6:F7:69:C3:48,,15381,20,2,,23,,,417456,1782137732772,417462,1782137732778,,1782137732706,27,2026-06-22T14:15:33.1499062Z,50,,oasis/bottle,0
,,,,,,6,local.mqtt.telegraf,57,22.08,,periodic,,63,-9139,34,32,,,5,08a6f75abdf0,,0,273,256,08:A6:F7:5A:BD:F0,,9202,29,2,,31,,,418087,1782137733403,418093,1782137733409,,1782137733340,28,2026-06-22T14:15:33.7834897Z,51,,oasis/bottle,0
,,,,,,6,local.mqtt.telegraf,59,45.21,,periodic,,69,-2992,48,46,,,5,08a6f7bb3c68,,0,273,262,08:A6:F7:BB:3C:68,,3061,21,2,,23,,,418576,1782137733892,418582,1782137733898,,1782137733823,27,2026-06-22T14:15:34.2637842Z,52,,oasis/bottle,0
,,,,,,6,local.mqtt.telegraf,59,40.01,,periodic,,66,-16825,46,43,,,5,08a6f769c348,,0,274,256,08:A6:F7:69:C3:48,,16891,20,2,,23,,,418966,1782137734282,418972,1782137734288,,1782137734216,27,2026-06-22T14:15:34.6569032Z,50,,oasis/bottle,0
,,,,,,6,local.mqtt.telegraf,57,21.93,,periodic,,72,-10370,43,41,,,5,08a6f75abdf0,,0,273,257,08:A6:F7:5A:BD:F0,,10442,29,2,,31,,,419336,1782137734652,419342,1782137734658,,1782137734580,28,2026-06-22T14:15:35.0186761Z,51,,oasis/bottle,0
,,,,,,6,local.mqtt.telegraf,59,45.09,,periodic,,69,-4422,48,46,,,5,08a6f7bb3c68,,0,273,263,08:A6:F7:BB:3C:68,,4491,21,2,,23,,,420006,1782137735322,420012,1782137735328,,1782137735253,27,2026-06-22T14:15:35.7026091Z,52,,oasis/bottle,0
,,,,,,6,local.mqtt.telegraf,59,40.19,,periodic,,63,-18041,43,40,,,5,08a6f769c348,,0,273,257,08:A6:F7:69:C3:48,,18104,20,2,,23,,,420176,1782137735492,420182,1782137735498,,1782137735429,27,2026-06-22T14:15:35.8720226Z,50,,oasis/bottle,0
,,,,,,6,local.mqtt.telegraf,57,21.88,,periodic,,72,-11660,43,41,,,5,08a6f75abdf0,,0,273,258,08:A6:F7:5A:BD:F0,,11732,29,2,,31,,,420626,1782137735942,420632,1782137735948,,1782137735870,28,2026-06-22T14:15:36.310417Z,51,,oasis/bottle,0
,,,,,,6,local.mqtt.telegraf,59,45.08,,periodic,,69,-5482,48,46,,,5,08a6f7bb3c68,,0,274,264,08:A6:F7:BB:3C:68,,5551,21,2,,23,,,421066,1782137736382,421072,1782137736388,,1782137736313,27,2026-06-22T14:15:36.7585126Z,52,,oasis/bottle,0
,,,,,,6,local.mqtt.telegraf,59,40.05,,periodic,,66,-19265,46,43,,,5,08a6f769c348,,0,274,258,08:A6:F7:69:C3:48,,19331,20,2,,23,,,421406,1782137736722,421412,1782137736728,,1782137736656,27,2026-06-22T14:15:37.1055413Z,50,,oasis/bottle,0
,,,,,,6,local.mqtt.telegraf,57,22,,periodic,,73,-13038,44,42,,,5,08a6f75abdf0,,0,273,259,08:A6:F7:5A:BD:F0,,13111,29,2,,31,,,422006,1782137737322,422012,1782137737328,,1782137737249,28,2026-06-22T14:15:37.6890609Z,51,,oasis/bottle,0
,,,,,,6,local.mqtt.telegraf,59,45.14,,periodic,,68,-6993,47,45,,,5,08a6f7bb3c68,,0,274,265,08:A6:F7:BB:3C:68,,7061,21,2,,23,,,422575,1782137737891,422581,1782137737897,,1782137737823,27,2026-06-22T14:15:38.2620455Z,52,,oasis/bottle,0
,,,,,,6,local.mqtt.telegraf,59,40.15,,periodic,,76,-295,56,53,,,5,08a6f769c348,,0,274,259,08:A6:F7:69:C3:48,,371,20,2,,23,,,422666,1782137737982,422672,1782137737988,,1782137737906,27,2026-06-22T14:15:38.3203567Z,53,,oasis/bottle,0
,,,,,,6,local.mqtt.telegraf,57,21.99,,periodic,,63,-14608,34,32,,,5,08a6f75abdf0,,0,273,260,08:A6:F7:5A:BD:F0,,14671,29,2,,31,,,423556,1782137738872,423562,1782137738878,,1782137738809,28,2026-06-22T14:15:39.2465277Z,51,,oasis/bottle,0
,,,,,,6,local.mqtt.telegraf,59,45.3,,periodic,,69,-8222,48,46,,,5,08a6f7bb3c68,,0,273,266,08:A6:F7:BB:3C:68,,8291,21,2,,23,,,423806,1782137739122,423812,1782137739128,,1782137739053,27,2026-06-22T14:15:39.5056353Z,52,,oasis/bottle,0
,,,,,,7,local.mqtt.telegraf,59,39.93,,periodic,,66,-1615,46,43,,,5,08a6f769c348,,0,274,260,08:A6:F7:69:C3:48,,1681,20,2,,23,,,423966,1782137739282,423973,1782137739289,,1782137739216,27,2026-06-22T14:15:39.6562415Z,53,,oasis/bottle,0
,,,,,,6,local.mqtt.telegraf,57,21.93,,periodic,,72,-15900,43,41,,,5,08a6f75abdf0,,0,273,261,08:A6:F7:5A:BD:F0,,15972,29,2,,31,,,424866,1782137740182,424872,1782137740188,,1782137740110,28,2026-06-22T14:15:40.5514554Z,51,,oasis/bottle,0
,,,,,,6,local.mqtt.telegraf,59,45.37,,periodic,,69,-9462,48,46,,,5,08a6f7bb3c68,,0,273,267,08:A6:F7:BB:3C:68,,9531,21,2,,23,,,425046,1782137740362,425052,1782137740368,,1782137740293,27,2026-06-22T14:15:40.7386627Z,52,,oasis/bottle,0
,,,,,,6,local.mqtt.telegraf,59,40.23,,periodic,,76,-3005,56,53,,,5,08a6f769c348,,0,274,261,08:A6:F7:69:C3:48,,3081,20,2,,23,,,425376,1782137740692,425382,1782137740698,,1782137740616,27,2026-06-22T14:15:41.0733363Z,53,,oasis/bottle,0
,,,,,,6,local.mqtt.telegraf,57,21.93,,periodic,,62,-17320,33,31,,,5,08a6f75abdf0,,0,273,262,08:A6:F7:5A:BD:F0,,17382,29,2,,31,,,426266,1782137741582,426272,1782137741588,,1782137741520,28,2026-06-22T14:15:41.9573847Z,51,,oasis/bottle,0
,,,,,,6,local.mqtt.telegraf,59,45.21,,periodic,,69,-10742,48,46,,,5,08a6f7bb3c68,,0,274,268,08:A6:F7:BB:3C:68,,10811,21,2,,23,,,426325,1782137741642,426332,1782137741648,,1782137741573,27,2026-06-22T14:15:41.9972873Z,52,,oasis/bottle,0
,,,,,,6,local.mqtt.telegraf,59,40.16,,periodic,,66,-4635,46,43,,,5,08a6f769c348,,0,274,262,08:A6:F7:69:C3:48,,4701,20,2,,23,,,426986,1782137742302,426992,1782137742308,,1782137742236,27,2026-06-22T14:15:42.6711099Z,53,,oasis/bottle,0
,,,,,,6,local.mqtt.telegraf,59,45.26,,periodic,,69,-12112,48,46,,,5,08a6f7bb3c68,,0,274,269,08:A6:F7:BB:3C:68,,12181,21,2,,23,,,427696,1782137743012,427702,1782137743018,,1782137742943,27,2026-06-22T14:15:43.3835964Z,52,,oasis/bottle,0
,,,,,,6,local.mqtt.telegraf,57,22.01,,periodic,,72,-18920,43,41,,,5,08a6f75abdf0,,0,273,263,08:A6:F7:5A:BD:F0,,18992,29,2,,31,,,427886,1782137743202,427892,1782137743208,,1782137743130,28,2026-06-22T14:15:43.5736342Z,51,,oasis/bottle,0
,,,,,,6,local.mqtt.telegraf,59,39.9,,periodic,,76,-6055,56,53,,,5,08a6f769c348,,0,273,263,08:A6:F7:69:C3:48,,6131,20,2,,23,,,428426,1782137743742,428432,1782137743748,,1782137743666,27,2026-06-22T14:15:44.113539Z,53,,oasis/bottle,0
,,,,,,14,local.mqtt.telegraf,59,44.62,,periodic,,69,-13642,48,46,,,5,08a6f7bb3c68,,0,273,270,08:A6:F7:BB:3C:68,,13711,21,2,,23,,,429226,1782137744542,429240,1782137744556,,1782137744473,27,2026-06-22T14:15:44.9294774Z,52,,oasis/bottle,0
,,,,,,6,local.mqtt.telegraf,57,21.85,,periodic,,71,-20372,42,40,,,5,08a6f75abdf0,,0,273,264,08:A6:F7:5A:BD:F0,,20443,29,2,,31,,,429336,1782137744652,429342,1782137744658,,1782137744581,28,2026-06-22T14:15:44.9777374Z,51,,oasis/bottle,0
,,,,,,6,local.mqtt.telegraf,59,39.88,,periodic,,66,-7125,46,43,,,5,08a6f769c348,,0,273,264,08:A6:F7:69:C3:48,,7191,20,2,,23,,,429475,1782137744792,429481,1782137744798,,1782137744726,27,2026-06-22T14:15:45.1627413Z,53,,oasis/bottle,0
,,,,,,6,local.mqtt.telegraf,57,21.91,,periodic,,62,-899,9,7,,,5,08a6f75abdf0,,0,274,265,08:A6:F7:5A:BD:F0,,961,53,2,,55,,,430396,1782137745712,430402,1782137745718,,1782137745650,28,2026-06-22T14:15:46.0807756Z,54,,oasis/bottle,0
,,,,,,10,local.mqtt.telegraf,59,44.56,,periodic,,69,-14902,48,46,,,5,08a6f7bb3c68,,0,273,271,08:A6:F7:BB:3C:68,,14971,21,2,,23,,,430486,1782137745802,430496,1782137745812,,1782137745733,27,2026-06-22T14:15:46.1422795Z,52,,oasis/bottle,0
,,,,,,6,local.mqtt.telegraf,59,39.96,,periodic,,76,-8625,56,53,,,5,08a6f769c348,,0,273,265,08:A6:F7:69:C3:48,,8701,20,2,,23,,,430996,1782137746312,431002,1782137746318,,1782137746236,27,2026-06-22T14:15:46.6798975Z,53,,oasis/bottle,0
,,,,,,6,local.mqtt.telegraf,59,44.44,,periodic,,79,-16212,58,56,,,5,08a6f7bb3c68,,0,273,272,08:A6:F7:BB:3C:68,,16291,21,2,,23,,,431816,1782137747132,431822,1782137747138,,1782137747053,27,2026-06-22T14:15:47.5094336Z,52,,oasis/bottle,0
,,,,,,6,local.mqtt.telegraf,57,21.77,,periodic,,73,-2417,20,18,,,5,08a6f75abdf0,,0,273,266,08:A6:F7:5A:BD:F0,,2490,53,2,,55,,,431936,1782137747252,431942,1782137747258,,1782137747179,28,2026-06-22T14:15:47.6275199Z,54,,oasis/bottle,0
,,,,,,6,local.mqtt.telegraf,59,39.76,,periodic,,66,-9855,46,43,,,5,08a6f769c348,,0,274,266,08:A6:F7:69:C3:48,,9921,20,2,,23,,,432206,1782137747522,432212,1782137747528,,1782137747456,27,2026-06-22T14:15:47.8926428Z,53,,oasis/bottle,0
,,,,,,6,local.mqtt.telegraf,57,22.04,,periodic,,62,-3699,9,7,,,5,08a6f75abdf0,,0,273,267,08:A6:F7:5A:BD:F0,,3761,53,2,,55,,,433196,1782137748512,433202,1782137748518,,1782137748450,28,2026-06-22T14:15:48.8824923Z,54,,oasis/bottle,0
,,,,,,6,local.mqtt.telegraf,59,43.19,,periodic,,69,-17672,48,46,,,5,08a6f7bb3c68,,0,273,273,08:A6:F7:BB:3C:68,,17741,21,2,,23,,,433256,1782137748572,433262,1782137748578,,1782137748503,27,2026-06-22T14:15:48.9361623Z,52,,oasis/bottle,0
,,,,,,6,local.mqtt.telegraf,59,39.8,,periodic,,76,-11075,56,53,,,5,08a6f769c348,,0,274,267,08:A6:F7:69:C3:48,,11151,20,2,,23,,,433446,1782137748762,433452,1782137748768,,1782137748686,27,2026-06-22T14:15:49.1281536Z,53,,oasis/bottle,0
,,,,,,6,local.mqtt.telegraf,59,43.15,,periodic,,79,-18742,58,56,,,5,08a6f7bb3c68,,0,274,274,08:A6:F7:BB:3C:68,,18821,21,2,,23,,,434346,1782137749662,434352,1782137749668,,1782137749583,27,2026-06-22T14:15:50.0521792Z,52,,oasis/bottle,0
,,,,,,6,local.mqtt.telegraf,57,22.09,,periodic,,71,-5011,18,16,,,5,08a6f75abdf0,,0,273,268,08:A6:F7:5A:BD:F0,,5082,53,2,,55,,,434526,1782137749842,434532,1782137749848,,1782137749771,28,2026-06-22T14:15:50.2283687Z,54,,oasis/bottle,0
,,,,,,6,local.mqtt.telegraf,59,39.84,,periodic,,76,-12345,56,53,,,5,08a6f769c348,,0,274,268,08:A6:F7:69:C3:48,,12421,20,2,,23,,,434716,1782137750032,434722,1782137750038,,1782137749956,27,2026-06-22T14:15:50.3984738Z,53,,oasis/bottle,0
,,,,,,6,local.mqtt.telegraf,58,43.09,,periodic,,69,-20332,48,46,,,5,08a6f7bb3c68,,0,274,275,08:A6:F7:BB:3C:68,,20401,21,2,,23,,,435916,1782137751232,435922,1782137751238,,1782137751163,27,2026-06-22T14:15:51.6133433Z,52,,oasis/bottle,0
,,,,,,6,local.mqtt.telegraf,57,21.8,,periodic,,71,-6470,18,16,,,5,08a6f75abdf0,,0,273,269,08:A6:F7:5A:BD:F0,,6541,53,2,,55,,,435985,1782137751301,435991,1782137751307,,1782137751230,28,2026-06-22T14:15:51.6747083Z,54,,oasis/bottle,0
,,,,,,7,local.mqtt.telegraf,59,39.81,,periodic,,66,-13745,46,43,,,5,08a6f769c348,,0,274,269,08:A6:F7:69:C3:48,,13811,20,2,,23,,,436096,1782137751412,436103,1782137751419,,1782137751346,27,2026-06-22T14:15:51.7965205Z,53,,oasis/bottle,0
,,,,,,6,local.mqtt.telegraf,57,21.88,,periodic,,73,-7587,20,18,,,5,08a6f75abdf0,,0,273,270,08:A6:F7:5A:BD:F0,,7660,53,2,,55,,,437106,1782137752422,437112,1782137752428,,1782137752349,28,2026-06-22T14:15:52.7992941Z,54,,oasis/bottle,0
,,,,,,6,local.mqtt.telegraf,58,44.13,,periodic,,69,-1163,16,14,,,5,08a6f7bb3c68,,0,274,276,08:A6:F7:BB:3C:68,,1232,53,2,,55,,,437256,1782137752572,437262,1782137752578,,1782137752503,27,2026-06-22T14:15:52.9465578Z,55,,oasis/bottle,0
,,,,,,6,local.mqtt.telegraf,59,39.85,,periodic,,66,-15275,46,43,,,5,08a6f769c348,,0,274,270,08:A6:F7:69:C3:48,,15341,20,2,,23,,,437626,1782137752942,437632,1782137752948,,1782137752876,27,2026-06-22T14:15:53.3260024Z,53,,oasis/bottle,0
,,,,,,6,local.mqtt.telegraf,58,45.22,,periodic,,69,-2643,16,14,,,5,08a6f7bb3c68,,0,274,277,08:A6:F7:BB:3C:68,,2712,53,2,,55,,,438736,1782137754052,438742,1782137754058,,1782137753983,27,2026-06-22T14:15:54.393866Z,55,,oasis/bottle,0
,,,,,,6,local.mqtt.telegraf,57,22.09,,periodic,,87,-9213,34,32,,,5,08a6f75abdf0,,0,273,271,08:A6:F7:5A:BD:F0,,9300,53,2,,55,,,438760,1782137754076,438766,1782137754082,,1782137753989,28,2026-06-22T14:15:54.4337698Z,54,,oasis/bottle,1
,,,,,,6,local.mqtt.telegraf,59,40,,periodic,,76,-16515,56,53,,,5,08a6f769c348,,0,274,271,08:A6:F7:69:C3:48,,16591,20,2,,23,,,438886,1782137754202,438892,1782137754208,,1782137754126,27,2026-06-22T14:15:54.5747875Z,53,,oasis/bottle,0
,,,,,,14,local.mqtt.telegraf,59,45.32,,periodic,,69,-3793,16,14,,,5,08a6f7bb3c68,,0,273,278,08:A6:F7:BB:3C:68,,3862,53,2,,55,,,439886,1782137755202,439900,1782137755216,,1782137755133,27,2026-06-22T14:15:55.5930366Z,55,,oasis/bottle,0
,,,,,,6,local.mqtt.telegraf,59,40.12,,periodic,,66,-17835,46,43,,,5,08a6f769c348,,0,274,272,08:A6:F7:69:C3:48,,17901,20,2,,23,,,440186,1782137755502,440192,1782137755508,,1782137755436,27,2026-06-22T14:15:55.8564319Z,53,,oasis/bottle,0
,,,,,,6,local.mqtt.telegraf,57,21.95,,periodic,,73,-10707,20,18,,,5,08a6f75abdf0,,0,273,272,08:A6:F7:5A:BD:F0,,10780,53,2,,55,,,440226,1782137755542,440232,1782137755548,,1782137755469,28,2026-06-22T14:15:55.892437Z,54,,oasis/bottle,0
,,,,,,6,local.mqtt.telegraf,58,45.33,,periodic,,67,-4897,14,12,,,5,08a6f7bb3c68,,0,273,279,08:A6:F7:BB:3C:68,,4964,53,2,,55,,,440986,1782137756302,440992,1782137756308,,1782137756235,27,2026-06-22T14:15:56.6783842Z,55,,oasis/bottle,0
,,,,,,6,local.mqtt.telegraf,57,21.93,,periodic,,62,-11869,9,7,,,5,08a6f75abdf0,,0,273,273,08:A6:F7:5A:BD:F0,,11931,53,2,,55,,,441366,1782137756682,441372,1782137756688,,1782137756620,28,2026-06-22T14:15:57.0741686Z,54,,oasis/bottle,0
,,,,,,6,local.mqtt.telegraf,59,40.19,,periodic,,76,-19225,56,53,,,5,08a6f769c348,,0,274,273,08:A6:F7:69:C3:48,,19301,20,2,,23,,,441596,1782137756912,441602,1782137756918,,1782137756836,27,2026-06-22T14:15:57.2831788Z,53,,oasis/bottle,0
,,,,,,7,local.mqtt.telegraf,57,22.13,,periodic,,63,-12947,10,8,,,5,08a6f75abdf0,,0,273,274,08:A6:F7:5A:BD:F0,,13010,53,2,,55,,,442446,1782137757762,442453,1782137757769,,1782137757699,28,2026-06-22T14:15:58.1508463Z,54,,oasis/bottle,0
,,,,,,7,local.mqtt.telegraf,59,45.33,,periodic,,69,-6493,16,14,,,5,08a6f7bb3c68,,0,273,280,08:A6:F7:BB:3C:68,,6562,53,2,,55,,,442586,1782137757902,442593,1782137757909,,1782137757833,27,2026-06-22T14:15:58.2816264Z,55,,oasis/bottle,0
,,,,,,6,local.mqtt.telegraf,59,40.02,,periodic,,85,-357,55,53,,,5,08a6f769c348,,0,274,274,08:A6:F7:69:C3:48,,442,30,2,,32,,,443215,1782137758531,443221,1782137758537,,1782137758446,27,2026-06-22T14:15:58.9303759Z,56,,oasis/bottle,0
,,,,,,6,local.mqtt.telegraf,59,45.46,,periodic,,70,-7891,17,15,,,5,08a6f7bb3c68,,0,273,281,08:A6:F7:BB:3C:68,,7961,53,2,,55,,,443986,1782137759302,443992,1782137759308,,1782137759232,27,2026-06-22T14:15:59.6807338Z,55,,oasis/bottle,0
,,,,,,6,local.mqtt.telegraf,57,22.09,,periodic,,63,-14548,10,8,,,5,08a6f75abdf0,,0,273,275,08:A6:F7:5A:BD:F0,,14611,53,2,,55,,,444047,1782137759363,444053,1782137759369,,1782137759300,28,2026-06-22T14:15:59.7496789Z,54,,oasis/bottle,0
,,,,,,6,local.mqtt.telegraf,59,40.25,,periodic,,66,-1816,36,34,,,5,08a6f769c348,,0,274,275,08:A6:F7:69:C3:48,,1882,30,2,,32,,,444636,1782137759952,444642,1782137759958,,1782137759886,27,2026-06-22T14:16:00.3296115Z,56,,oasis/bottle,0
,,,,,,6,local.mqtt.telegraf,57,22.09,,periodic,,62,-15909,9,7,,,5,08a6f75abdf0,,0,273,276,08:A6:F7:5A:BD:F0,,15971,53,2,,55,,,445406,1782137760722,445412,1782137760728,,1782137760660,28,2026-06-22T14:16:01.096929Z,54,,oasis/bottle,0
,,,,,,7,local.mqtt.telegraf,59,45.55,,periodic,,70,-9481,17,15,,,5,08a6f7bb3c68,,0,273,282,08:A6:F7:BB:3C:68,,9551,53,2,,55,,,445576,1782137760892,445583,1782137760899,,1782137760822,28,2026-06-22T14:16:01.2590644Z,55,,oasis/bottle,0
,,,,,,7,local.mqtt.telegraf,59,40.12,,periodic,,66,-2856,36,34,,,5,08a6f769c348,,0,274,276,08:A6:F7:69:C3:48,,2922,30,2,,32,,,445676,1782137760992,445683,1782137760999,,1782137760926,27,2026-06-22T14:16:01.3233028Z,56,,oasis/bottle,0
,,,,,,6,local.mqtt.telegraf,57,22.01,,periodic,,72,-17419,19,17,,,5,08a6f75abdf0,,0,273,277,08:A6:F7:5A:BD:F0,,17491,53,2,,55,,,446936,1782137762252,446942,1782137762258,,1782137762180,28,2026-06-22T14:16:02.5883874Z,54,,oasis/bottle,0
,,,,,,5,local.mqtt.telegraf,59,45.4,,periodic,,65,-10877,12,10,,,5,08a6f7bb3c68,,0,273,283,08:A6:F7:BB:3C:68,,10942,53,2,,55,,,446962,1782137762278,446967,1782137762283,,1782137762213,27,2026-06-22T14:16:02.6388101Z,55,,oasis/bottle,0
,,,,,,6,local.mqtt.telegraf,59,40.04,,periodic,,76,-4326,46,44,,,5,08a6f769c348,,0,274,277,08:A6:F7:69:C3:48,,4402,30,2,,32,,,447166,1782137762482,447172,1782137762488,,1782137762406,27,2026-06-22T14:16:02.8690663Z,56,,oasis/bottle,0
,,,,,,6,local.mqtt.telegraf,57,22.11,,periodic,,63,-18677,10,8,,,5,08a6f75abdf0,,0,273,278,08:A6:F7:5A:BD:F0,,18740,53,2,,55,,,448176,1782137763492,448182,1782137763498,,1782137763429,28,2026-06-22T14:16:03.8970863Z,54,,oasis/bottle,0
,,,,,,6,local.mqtt.telegraf,59,40.19,,periodic,,66,-5506,36,34,,,5,08a6f769c348,,0,274,278,08:A6:F7:69:C3:48,,5572,30,2,,32,,,448326,1782137763642,448332,1782137763648,,1782137763576,27,2026-06-22T14:16:04.0555355Z,56,,oasis/bottle,0
,,,,,,6,local.mqtt.telegraf,59,45.33,,periodic,,70,-12441,17,15,,,5,08a6f7bb3c68,,0,273,284,08:A6:F7:BB:3C:68,,12511,53,2,,55,,,448536,1782137763852,448542,1782137763858,,1782137763782,28,2026-06-22T14:16:04.2527501Z,55,,oasis/bottle,0
,,,,,,6,local.mqtt.telegraf,59,40.15,,periodic,,76,-6616,46,44,,,5,08a6f769c348,,0,274,279,08:A6:F7:69:C3:48,,6692,30,2,,32,,,449456,1782137764772,449462,1782137764778,,1782137764696,27,2026-06-22T14:16:05.1437958Z,56,,oasis/bottle,0
,,,,,,5,local.mqtt.telegraf,57,22.05,,periodic,,87,-19934,34,32,,,5,08a6f75abdf0,,0,273,279,08:A6:F7:5A:BD:F0,,20021,53,2,,55,,,449481,1782137764797,449486,1782137764802,,1782137764710,28,2026-06-22T14:16:05.170057Z,54,,oasis/bottle,1
,,,,,,7,local.mqtt.telegraf,58,45.32,,periodic,,70,-13781,17,15,,,5,08a6f7bb3c68,,0,273,285,08:A6:F7:BB:3C:68,,13851,53,2,,55,,,449876,1782137765192,449883,1782137765199,,1782137765122,28,2026-06-22T14:16:05.5842783Z,55,,oasis/bottle,0
,,,,,,6,local.mqtt.telegraf,59,40.12,,periodic,,66,-7676,36,34,,,5,08a6f769c348,,0,274,280,08:A6:F7:69:C3:48,,7742,30,2,,32,,,450496,1782137765812,450502,1782137765818,,1782137765746,27,2026-06-22T14:16:06.2030566Z,56,,oasis/bottle,0
,,,,,,6,local.mqtt.telegraf,57,21.97,,periodic,,62,-1116,28,26,,,5,08a6f75abdf0,,0,274,280,08:A6:F7:5A:BD:F0,,1178,34,2,,36,,,450816,1782137766132,450822,1782137766138,,1782137766070,28,2026-06-22T14:16:06.5174755Z,57,,oasis/bottle,0
,,,,,,6,local.mqtt.telegraf,58,45.21,,periodic,,80,-15241,27,25,,,5,08a6f7bb3c68,,0,273,286,08:A6:F7:BB:3C:68,,15321,53,2,,55,,,451356,1782137766672,451362,1782137766678,,1782137766592,28,2026-06-22T14:16:07.0515342Z,55,,oasis/bottle,0
,,,,,,6,local.mqtt.telegraf,59,40.19,,periodic,,66,-9166,36,34,,,5,08a6f769c348,,0,274,281,08:A6:F7:69:C3:48,,9232,30,2,,32,,,451986,1782137767302,451992,1782137767308,,1782137767236,27,2026-06-22T14:16:07.6682334Z,56,,oasis/bottle,0
,,,,,,6,local.mqtt.telegraf,57,22.08,,periodic,,62,-2636,28,26,,,5,08a6f75abdf0,,0,273,281,08:A6:F7:5A:BD:F0,,2698,34,2,,36,,,452336,1782137767652,452342,1782137767658,,1782137767590,28,2026-06-22T14:16:08.0327211Z,57,,oasis/bottle,0
,,,,,,6,local.mqtt.telegraf,59,45.37,,periodic,,70,-16411,17,15,,,5,08a6f7bb3c68,,0,273,287,08:A6:F7:BB:3C:68,,16481,53,2,,55,,,452506,1782137767822,452512,1782137767828,,1782137767752,28,2026-06-22T14:16:08.2023794Z,55,,oasis/bottle,0
,,,,,,6,local.mqtt.telegraf,59,40.05,,periodic,,76,-10336,46,44,,,5,08a6f769c348,,0,274,282,08:A6:F7:69:C3:48,,10412,30,2,,32,,,453176,1782137768492,453182,1782137768498,,1782137768416,27,2026-06-22T14:16:08.864528Z,56,,oasis/bottle,0
,,,,,,7,local.mqtt.telegraf,57,22.13,,periodic,,73,-3854,39,37,,,5,08a6f75abdf0,,0,273,282,08:A6:F7:5A:BD:F0,,3927,34,2,,36,,,453576,1782137768892,453582,1782137768899,,1782137768819,28,2026-06-22T14:16:09.2327213Z,57,,oasis/bottle,0
,,,,,,6,local.mqtt.telegraf,58,45.48,,periodic,,68,-17514,15,13,,,5,08a6f7bb3c68,,0,273,288,08:A6:F7:BB:3C:68,,17582,53,2,,55,,,453605,1782137768921,453611,1782137768927,,1782137768853,28,2026-06-22T14:16:09.2714591Z,55,,oasis/bottle,0
,,,,,,6,local.mqtt.telegraf,59,40.13,,periodic,,66,-11516,36,34,,,5,08a6f769c348,,0,273,283,08:A6:F7:69:C3:48,,11582,30,2,,32,,,454336,1782137769652,454342,1782137769658,,1782137769586,27,2026-06-22T14:16:10.0277255Z,56,,oasis/bottle,0
,,,,,,6,local.mqtt.telegraf,57,22.04,,periodic,,63,-5144,29,27,,,5,08a6f75abdf0,,0,273,283,08:A6:F7:5A:BD:F0,,5207,34,2,,36,,,454846,1782137770162,454852,1782137770168,,1782137770099,28,2026-06-22T14:16:10.549838Z,57,,oasis/bottle,0
,,,,,,6,local.mqtt.telegraf,59,45.57,,periodic,,70,-19111,17,15,,,5,08a6f7bb3c68,,0,273,289,08:A6:F7:BB:3C:68,,19181,53,2,,55,,,455206,1782137770522,455212,1782137770528,,1782137770452,28,2026-06-22T14:16:10.8931214Z,55,,oasis/bottle,0
,,,,,,6,local.mqtt.telegraf,59,40.19,,periodic,,76,-12626,46,44,,,5,08a6f769c348,,0,274,284,08:A6:F7:69:C3:48,,12702,30,2,,32,,,455466,1782137770782,455472,1782137770788,,1782137770706,27,2026-06-22T14:16:11.1543775Z,56,,oasis/bottle,0
,,,,,,6,local.mqtt.telegraf,57,21.99,,periodic,,62,-6485,28,26,,,5,08a6f75abdf0,,0,273,284,08:A6:F7:5A:BD:F0,,6547,34,2,,36,,,456185,1782137771501,456191,1782137771507,,1782137771439,28,2026-06-22T14:16:11.8985259Z,57,,oasis/bottle,0
,,,,,,6,local.mqtt.telegraf,59,40.13,,periodic,,66,-13686,36,34,,,5,08a6f769c348,,0,273,285,08:A6:F7:69:C3:48,,13752,30,2,,32,,,456506,1782137771822,456512,1782137771828,,1782137771756,27,2026-06-22T14:16:12.1922662Z,56,,oasis/bottle,0
,,,,,,6,local.mqtt.telegraf,58,45.61,,periodic,,67,-314,46,44,,,5,08a6f7bb3c68,,0,274,290,08:A6:F7:BB:3C:68,,381,21,2,,23,,,456596,1782137771912,456602,1782137771918,,1782137771845,28,2026-06-22T14:16:12.2558962Z,58,,oasis/bottle,0
,,,,,,6,local.mqtt.telegraf,57,22.07,,periodic,,73,-7954,39,37,,,5,08a6f75abdf0,,0,273,285,08:A6:F7:5A:BD:F0,,8027,34,2,,36,,,457676,1782137772992,457682,1782137772998,,1782137772919,28,2026-06-22T14:16:13.3794208Z,57,,oasis/bottle,0
,,,,,,6,local.mqtt.telegraf,59,40.19,,periodic,,76,-15166,46,44,,,5,08a6f769c348,,0,274,286,08:A6:F7:69:C3:48,,15242,30,2,,32,,,458006,1782137773322,458012,1782137773328,,1782137773246,27,2026-06-22T14:16:13.6966158Z,56,,oasis/bottle,0
,,,,,,6,local.mqtt.telegraf,58,45.55,,periodic,,68,-1902,47,45,,,5,08a6f7bb3c68,,0,273,291,08:A6:F7:BB:3C:68,,1970,21,2,,23,,,458186,1782137773502,458192,1782137773508,,1782137773434,28,2026-06-22T14:16:13.8762223Z,58,,oasis/bottle,0
,,,,,,6,local.mqtt.telegraf,57,22.13,,periodic,,63,-9134,29,27,,,5,08a6f75abdf0,,0,273,286,08:A6:F7:5A:BD:F0,,9197,34,2,,36,,,458836,1782137774152,458842,1782137774158,,1782137774089,28,2026-06-22T14:16:14.5233421Z,57,,oasis/bottle,0
,,,,,,7,local.mqtt.telegraf,59,40.15,,periodic,,66,-16366,36,34,,,5,08a6f769c348,,0,273,287,08:A6:F7:69:C3:48,,16432,30,2,,32,,,459186,1782137774502,459192,1782137774509,,1782137774436,27,2026-06-22T14:16:14.8775112Z,56,,oasis/bottle,0
,,,,,,6,local.mqtt.telegraf,58,45.53,,periodic,,67,-3274,46,44,,,5,08a6f7bb3c68,,0,273,292,08:A6:F7:BB:3C:68,,3341,21,2,,23,,,459556,1782137774872,459562,1782137774878,,1782137774805,28,2026-06-22T14:16:15.2487125Z,58,,oasis/bottle,0
,,,,,,6,local.mqtt.telegraf,57,21.93,,periodic,,63,-10254,29,27,,,5,08a6f75abdf0,,0,273,287,08:A6:F7:5A:BD:F0,,10317,34,2,,36,,,459956,1782137775272,459962,1782137775278,,1782137775209,28,2026-06-22T14:16:15.6450297Z,57,,oasis/bottle,0
,,,,,,6,local.mqtt.telegraf,59,40,,periodic,,76,-17526,46,44,,,5,08a6f769c348,,0,274,288,08:A6:F7:69:C3:48,,17602,30,2,,32,,,460366,1782137775682,460372,1782137775688,,1782137775606,27,2026-06-22T14:16:16.0700949Z,56,,oasis/bottle,0
,,,,,,6,local.mqtt.telegraf,57,21.91,,periodic,,73,-11284,39,37,,,5,08a6f75abdf0,,0,273,288,08:A6:F7:5A:BD:F0,,11357,34,2,,36,,,461006,1782137776322,461012,1782137776328,,1782137776249,28,2026-06-22T14:16:16.6902514Z,57,,oasis/bottle,0
,,,,,,6,local.mqtt.telegraf,58,44.05,,periodic,,67,-4814,46,44,,,5,08a6f7bb3c68,,0,273,293,08:A6:F7:BB:3C:68,,4881,21,2,,23,,,461096,1782137776412,461102,1782137776418,,1782137776345,28,2026-06-22T14:16:16.7592741Z,58,,oasis/bottle,0
,,,,,,6,local.mqtt.telegraf,59,39.88,,periodic,,66,-18686,36,34,,,5,08a6f769c348,,0,274,289,08:A6:F7:69:C3:48,,18752,30,2,,32,,,461506,1782137776822,461512,1782137776828,,1782137776756,27,2026-06-22T14:16:17.1918901Z,56,,oasis/bottle,0
,,,,,,6,local.mqtt.telegraf,58,43.45,,periodic,,68,-6082,47,45,,,5,08a6f7bb3c68,,0,273,294,08:A6:F7:BB:3C:68,,6150,21,2,,23,,,462366,1782137777682,462372,1782137777688,,1782137777614,28,2026-06-22T14:16:18.0478138Z,58,,oasis/bottle,0
,,,,,,7,local.mqtt.telegraf,57,21.83,,periodic,,63,-12784,29,27,,,5,08a6f75abdf0,,0,273,289,08:A6:F7:5A:BD:F0,,12847,34,2,,36,,,462486,1782137777802,462493,1782137777809,,1782137777739,28,2026-06-22T14:16:18.1687609Z,57,,oasis/bottle,0
,,,,,,6,local.mqtt.telegraf,59,39.97,,periodic,,66,-19766,36,34,,,5,08a6f769c348,,0,274,290,08:A6:F7:69:C3:48,,19832,30,2,,32,,,462586,1782137777902,462592,1782137777908,,1782137777836,27,2026-06-22T14:16:18.2329566Z,56,,oasis/bottle,0
,,,,,,6,local.mqtt.telegraf,57,22.01,,periodic,,71,-13947,37,35,,,5,08a6f75abdf0,,0,273,290,08:A6:F7:5A:BD:F0,,14018,34,2,,36,,,463665,1782137778981,463671,1782137778987,,1782137778910,28,2026-06-22T14:16:19.3579271Z,57,,oasis/bottle,0
,,,,,,6,local.mqtt.telegraf,58,43.19,,periodic,,67,-7434,46,44,,,5,08a6f7bb3c68,,0,273,295,08:A6:F7:BB:3C:68,,7501,21,2,,23,,,463716,1782137779032,463722,1782137779038,,1782137778965,28,2026-06-22T14:16:19.4129617Z,58,,oasis/bottle,0
,,,,,,6,local.mqtt.telegraf,59,40.15,,periodic,,76,-795,56,53,,,5,08a6f769c348,,0,273,291,08:A6:F7:69:C3:48,,871,20,2,,23,,,464156,1782137779472,464162,1782137779478,,1782137779396,27,2026-06-22T14:16:19.8461962Z,59,,oasis/bottle,0
,,,,,,14,local.mqtt.telegraf,57,22.07,,periodic,,62,-15106,28,26,,,5,08a6f75abdf0,,0,273,291,08:A6:F7:5A:BD:F0,,15168,34,2,,36,,,464806,1782137780122,464820,1782137780136,,1782137780060,28,2026-06-22T14:16:20.4959885Z,57,,oasis/bottle,0
,,,,,,6,local.mqtt.telegraf,58,41.62,,periodic,,68,-8922,47,45,,,5,08a6f7bb3c68,,0,273,296,08:A6:F7:BB:3C:68,,8990,21,2,,23,,,465206,1782137780522,465212,1782137780528,,1782137780454,28,2026-06-22T14:16:20.8947741Z,58,,oasis/bottle,0
,,,,,,6,local.mqtt.telegraf,59,40.11,,periodic,,66,-2225,46,43,,,5,08a6f769c348,,0,274,292,08:A6:F7:69:C3:48,,2291,20,2,,23,,,465566,1782137780882,465572,1782137780888,,1782137780816,27,2026-06-22T14:16:21.2494113Z,59,,oasis/bottle,0
,,,,,,6,local.mqtt.telegraf,57,21.97,,periodic,,62,-16186,28,26,,,5,08a6f75abdf0,,0,273,292,08:A6:F7:5A:BD:F0,,16248,34,2,,36,,,465886,1782137781202,465892,1782137781208,,1782137781140,28,2026-06-22T14:16:21.5758361Z,57,,oasis/bottle,0
,,,,,,6,local.mqtt.telegraf,58,41.25,,periodic,,67,-10114,46,44,,,5,08a6f7bb3c68,,0,273,297,08:A6:F7:BB:3C:68,,10181,21,2,,23,,,466396,1782137781712,466402,1782137781718,,1782137781645,28,2026-06-22T14:16:22.0834952Z,58,,oasis/bottle,0
,,,,,,6,local.mqtt.telegraf,59,40.06,,periodic,,67,-3764,47,44,,,5,08a6f769c348,,0,274,293,08:A6:F7:69:C3:48,,3831,20,2,,23,,,467106,1782137782423,467113,1782137782429,,1782137782356,27,2026-06-22T14:16:22.7905414Z,59,,oasis/bottle,0
,,,,,,6,local.mqtt.telegraf,57,22.01,,periodic,,72,-17746,38,36,,,5,08a6f75abdf0,,0,273,293,08:A6:F7:5A:BD:F0,,17818,34,2,,36,,,467466,1782137782782,467472,1782137782788,,1782137782710,28,2026-06-22T14:16:23.1629487Z,57,,oasis/bottle,0
,,,,,,6,local.mqtt.telegraf,58,41.34,,periodic,,67,-11284,46,44,,,5,08a6f7bb3c68,,0,273,298,08:A6:F7:BB:3C:68,,11351,21,2,,23,,,467566,1782137782882,467572,1782137782888,,1782137782815,28,2026-06-22T14:16:23.2279518Z,58,,oasis/bottle,0
,,,,,,6,local.mqtt.telegraf,59,39.98,,periodic,,66,-5045,46,43,,,5,08a6f769c348,,0,273,294,08:A6:F7:69:C3:48,,5111,20,2,,23,,,468386,1782137783702,468392,1782137783708,,1782137783636,27,2026-06-22T14:16:24.0676448Z,59,,oasis/bottle,0
,,,,,,6,local.mqtt.telegraf,58,41.5,,periodic,,68,-12422,47,45,,,5,08a6f7bb3c68,,0,273,299,08:A6:F7:BB:3C:68,,12490,21,2,,23,,,468706,1782137784022,468712,1782137784028,,1782137783954,28,2026-06-22T14:16:24.4011949Z,58,,oasis/bottle,0
,,,,,,7,local.mqtt.telegraf,57,22.07,,periodic,,62,-19096,28,26,,,5,08a6f75abdf0,,0,273,294,08:A6:F7:5A:BD:F0,,19158,34,2,,36,,,468796,1782137784112,468803,1782137784119,,1782137784050,28,2026-06-22T14:16:24.459062Z,57,,oasis/bottle,0
,,,,,,6,local.mqtt.telegraf,59,40.06,,periodic,,67,-6394,47,44,,,5,08a6f769c348,,0,273,295,08:A6:F7:69:C3:48,,6461,20,2,,23,,,469736,1782137785053,469743,1782137785059,,1782137784986,28,2026-06-22T14:16:25.4167121Z,59,,oasis/bottle,0
,,,,,,6,local.mqtt.telegraf,58,41.46,,periodic,,76,-13485,55,53,,,5,08a6f7bb3c68,,0,273,300,08:A6:F7:BB:3C:68,,13561,21,2,,23,,,469785,1782137785101,469791,1782137785107,,1782137785025,28,2026-06-22T14:16:25.4520002Z,58,,oasis/bottle,0
,,,,,,6,local.mqtt.telegraf,57,21.99,,periodic,,73,-355,39,37,,,5,08a6f75abdf0,,0,274,295,08:A6:F7:5A:BD:F0,,428,34,2,,36,,,470287,1782137785603,470293,1782137785609,,1782137785530,29,2026-06-22T14:16:25.9805497Z,60,,oasis/bottle,0
,,,,,,6,local.mqtt.telegraf,59,40.11,,periodic,,67,-7903,47,44,,,5,08a6f769c348,,0,273,296,08:A6:F7:69:C3:48,,7970,20,2,,23,,,471246,1782137786562,471252,1782137786568,,1782137786495,28,2026-06-22T14:16:26.9440185Z,59,,oasis/bottle,0
,,,,,,6,local.mqtt.telegraf,58,41.5,,periodic,,61,-15060,40,38,,,5,08a6f7bb3c68,,0,273,301,08:A6:F7:BB:3C:68,,15121,21,2,,23,,,471330,1782137786646,471336,1782137786652,,1782137786585,28,2026-06-22T14:16:27.0102275Z,58,,oasis/bottle,0
,,,,,,7,local.mqtt.telegraf,57,21.93,,periodic,,63,-1534,29,27,,,5,08a6f75abdf0,,0,273,296,08:A6:F7:5A:BD:F0,,1597,34,2,,36,,,471446,1782137786762,471453,1782137786769,,1782137786699,28,2026-06-22T14:16:27.1517818Z,60,,oasis/bottle,0
,,,,,,6,local.mqtt.telegraf,59,40.11,,periodic,,74,-9109,54,51,,,5,08a6f769c348,,0,273,297,08:A6:F7:69:C3:48,,9183,20,2,,23,,,472466,1782137787782,472472,1782137787788,,1782137787708,28,2026-06-22T14:16:28.1501816Z,59,,oasis/bottle,0
,,,,,,6,local.mqtt.telegraf,57,22.04,,periodic,,73,-2634,39,37,,,5,08a6f75abdf0,,0,273,297,08:A6:F7:5A:BD:F0,,2707,34,2,,36,,,472566,1782137787882,472572,1782137787888,,1782137787809,29,2026-06-22T14:16:28.2195611Z,60,,oasis/bottle,0
,,,,,,6,local.mqtt.telegraf,58,45.68,,periodic,,67,-16344,46,44,,,5,08a6f7bb3c68,,0,273,302,08:A6:F7:BB:3C:68,,16411,21,2,,23,,,472626,1782137787942,472632,1782137787948,,1782137787875,28,2026-06-22T14:16:28.2656944Z,58,,oasis/bottle,0
,,,,,,6,local.mqtt.telegraf,59,40.19,,periodic,,76,-10325,56,53,,,5,08a6f769c348,,0,273,298,08:A6:F7:69:C3:48,,10401,20,2,,23,,,473686,1782137789002,473692,1782137789008,,1782137788926,28,2026-06-22T14:16:29.386582Z,59,,oasis/bottle,0
,,,,,,6,local.mqtt.telegraf,58,45.84,,periodic,,68,-17732,47,45,,,5,08a6f7bb3c68,,0,273,303,08:A6:F7:BB:3C:68,,17800,21,2,,23,,,474016,1782137789332,474022,1782137789338,,1782137789264,28,2026-06-22T14:16:29.7168694Z,58,,oasis/bottle,0
,,,,,,6,local.mqtt.telegraf,57,22.11,,periodic,,73,-4264,39,37,,,5,08a6f75abdf0,,0,273,298,08:A6:F7:5A:BD:F0,,4337,34,2,,36,,,474196,1782137789512,474202,1782137789518,,1782137789439,29,2026-06-22T14:16:29.8839348Z,60,,oasis/bottle,0
,,,,,,10,local.mqtt.telegraf,59,40.19,,periodic,,67,-11583,47,44,,,5,08a6f769c348,,0,273,299,08:A6:F7:69:C3:48,,11650,20,2,,23,,,474926,1782137790242,474936,1782137790252,,1782137790175,28,2026-06-22T14:16:30.6207775Z,59,,oasis/bottle,0
,,,,,,6,local.mqtt.telegraf,58,45.87,,periodic,,68,-19303,47,45,,,5,08a6f7bb3c68,,0,273,304,08:A6:F7:BB:3C:68,,19371,21,2,,23,,,475587,1782137790903,475593,1782137790909,,1782137790835,28,2026-06-22T14:16:31.2825303Z,58,,oasis/bottle,0
,,,,,,6,local.mqtt.telegraf,57,22.17,,periodic,,63,-5734,29,27,,,5,08a6f75abdf0,,0,273,299,08:A6:F7:5A:BD:F0,,5797,34,2,,36,,,475646,1782137790962,475652,1782137790968,,1782137790899,29,2026-06-22T14:16:31.3382253Z,60,,oasis/bottle,0
,,,,,,6,local.mqtt.telegraf,59,40.12,,periodic,,66,-12875,46,43,,,5,08a6f769c348,,0,273,300,08:A6:F7:69:C3:48,,12941,20,2,,23,,,476216,1782137791532,476222,1782137791538,,1782137791466,28,2026-06-22T14:16:31.9153679Z,59,,oasis/bottle,0
,,,,,,6,local.mqtt.telegraf,57,22.07,,periodic,,72,-6826,38,36,,,5,08a6f75abdf0,,0,273,300,08:A6:F7:5A:BD:F0,,6898,34,2,,36,,,476756,1782137792072,476762,1782137792078,,1782137792000,29,2026-06-22T14:16:32.4488569Z,60,,oasis/bottle,0
,,,,,,6,local.mqtt.telegraf,58,45.53,,periodic,,79,-20644,58,56,,,5,08a6f7bb3c68,,0,273,305,08:A6:F7:BB:3C:68,,20723,21,2,,23,,,476950,1782137792266,476956,1782137792272,,1782137792187,28,2026-06-22T14:16:32.6296365Z,58,,oasis/bottle,0
,,,,,,6,local.mqtt.telegraf,59,40.13,,periodic,,76,-14235,56,53,,,5,08a6f769c348,,0,273,301,08:A6:F7:69:C3:48,,14311,20,2,,23,,,477596,1782137792912,477602,1782137792918,,1782137792836,28,2026-06-22T14:16:33.2788913Z,59,,oasis/bottle,0
,,,,,,6,local.mqtt.telegraf,57,22.13,,periodic,,72,-8446,38,36,,,5,08a6f75abdf0,,0,273,301,08:A6:F7:5A:BD:F0,,8518,34,2,,36,,,478376,1782137793692,478382,1782137793698,,1782137793620,29,2026-06-22T14:16:34.0681224Z,60,,oasis/bottle,0
,,,,,,10,local.mqtt.telegraf,58,45.75,,periodic,,67,-1365,-283,-285,,,5,08a6f7bb3c68,,0,273,306,08:A6:F7:BB:3C:68,,1432,350,2,,352,,,478446,1782137793762,478456,1782137793772,,1782137793695,28,2026-06-22T14:16:34.1245869Z,61,,oasis/bottle,0
,,,,,,6,local.mqtt.telegraf,59,40.2,,periodic,,65,-15787,45,42,,,5,08a6f769c348,,0,273,302,08:A6:F7:69:C3:48,,15852,20,2,,23,,,479126,1782137794442,479132,1782137794448,,1782137794377,28,2026-06-22T14:16:34.8119166Z,59,,oasis/bottle,0
,,,,,,6,local.mqtt.telegraf,58,45.89,,periodic,,68,-2563,-282,-284,,,5,08a6f7bb3c68,,0,273,307,08:A6:F7:BB:3C:68,,2631,350,2,,352,,,479646,1782137794962,479652,1782137794968,,1782137794894,28,2026-06-22T14:16:35.3525665Z,61,,oasis/bottle,0
,,,,,,6,local.mqtt.telegraf,57,22.12,,periodic,,82,-9866,48,46,,,5,08a6f75abdf0,,0,273,302,08:A6:F7:5A:BD:F0,,9948,34,2,,36,,,479816,1782137795132,479822,1782137795138,,1782137795050,29,2026-06-22T14:16:35.5010203Z,60,,oasis/bottle,0
,,,,,,6,local.mqtt.telegraf,59,40.25,,periodic,,76,-17055,56,53,,,5,08a6f769c348,,0,273,303,08:A6:F7:69:C3:48,,17131,20,2,,23,,,480416,1782137795732,480422,1782137795738,,1782137795656,28,2026-06-22T14:16:36.1101213Z,59,,oasis/bottle,0
,,,,,,6,local.mqtt.telegraf,58,45.63,,periodic,,68,-3753,-282,-284,,,5,08a6f7bb3c68,,0,273,308,08:A6:F7:BB:3C:68,,3821,350,2,,352,,,480836,1782137796152,480842,1782137796158,,1782137796084,28,2026-06-22T14:16:36.5293215Z,61,,oasis/bottle,0
,,,,,,7,local.mqtt.telegraf,57,22.05,,periodic,,62,-10996,28,26,,,5,08a6f75abdf0,,0,274,303,08:A6:F7:5A:BD:F0,,11058,34,2,,36,,,480906,1782137796222,480913,1782137796229,,1782137796160,28,2026-06-22T14:16:36.5820222Z,60,,oasis/bottle,0
,,,,,,6,local.mqtt.telegraf,59,40.2,,periodic,,67,-18423,47,44,,,5,08a6f769c348,,0,273,304,08:A6:F7:69:C3:48,,18490,20,2,,23,,,481766,1782137797082,481772,1782137797088,,1782137797015,28,2026-06-22T14:16:37.4518393Z,59,,oasis/bottle,0
,,,,,,7,local.mqtt.telegraf,58,45.53,,periodic,,67,-4935,-283,-285,,,5,08a6f7bb3c68,,0,273,309,08:A6:F7:BB:3C:68,,5002,350,2,,352,,,482016,1782137797332,482023,1782137797339,,1782137797265,28,2026-06-22T14:16:37.7014544Z,61,,oasis/bottle,0
,,,,,,6,local.mqtt.telegraf,57,22.03,,periodic,,72,-12546,38,36,,,5,08a6f75abdf0,,0,273,304,08:A6:F7:5A:BD:F0,,12618,34,2,,36,,,482476,1782137797792,482482,1782137797798,,1782137797720,29,2026-06-22T14:16:38.1627388Z,60,,oasis/bottle,0
,,,,,,6,local.mqtt.telegraf,58,45.93,,periodic,,68,-6103,-282,-284,,,5,08a6f7bb3c68,,0,273,310,08:A6:F7:BB:3C:68,,6171,350,2,,352,,,483186,1782137798502,483192,1782137798508,,1782137798434,28,2026-06-22T14:16:38.8801561Z,61,,oasis/bottle,0
,,,,,,6,local.mqtt.telegraf,59,40.2,,periodic,,77,-19933,57,54,,,5,08a6f769c348,,0,273,305,08:A6:F7:69:C3:48,,20010,20,2,,23,,,483296,1782137798612,483302,1782137798618,,1782137798535,28,2026-06-22T14:16:38.9386576Z,59,,oasis/bottle,0
,,,,,,6,local.mqtt.telegraf,57,22.13,,periodic,,72,-13875,38,36,,,5,08a6f75abdf0,,0,273,305,08:A6:F7:5A:BD:F0,,13947,34,2,,36,,,483805,1782137799121,483811,1782137799127,,1782137799049,29,2026-06-22T14:16:39.4970877Z,60,,oasis/bottle,0
,,,,,,6,local.mqtt.telegraf,58,45.79,,periodic,,68,-7223,-282,-284,,,5,08a6f7bb3c68,,0,273,311,08:A6:F7:BB:3C:68,,7291,350,2,,352,,,484306,1782137799622,484312,1782137799628,,1782137799554,28,2026-06-22T14:16:39.9976378Z,61,,oasis/bottle,0
,,,,,,6,local.mqtt.telegraf,59,40.19,,periodic,,66,-955,35,33,,,5,08a6f769c348,,0,273,306,08:A6:F7:69:C3:48,,1021,31,2,,33,,,484516,1782137799832,484522,1782137799838,,1782137799766,28,2026-06-22T14:16:40.1983377Z,62,,oasis/bottle,0
,,,,,,6,local.mqtt.telegraf,57,22.04,,periodic,,73,-15324,39,37,,,5,08a6f75abdf0,,0,273,306,08:A6:F7:5A:BD:F0,,15397,34,2,,36,,,485256,1782137800572,485262,1782137800578,,1782137800499,29,2026-06-22T14:16:40.9512587Z,60,,oasis/bottle,0
,,,,,,6,local.mqtt.telegraf,58,45.95,,periodic,,67,-8265,-283,-285,,,5,08a6f7bb3c68,,0,273,312,08:A6:F7:BB:3C:68,,8332,350,2,,352,,,485346,1782137800662,485352,1782137800668,,1782137800595,28,2026-06-22T14:16:41.0150464Z,61,,oasis/bottle,0
,,,,,,9,local.mqtt.telegraf,59,40.19,,periodic,,67,-2203,36,34,,,5,08a6f769c348,,0,273,307,08:A6:F7:69:C3:48,,2270,31,2,,33,,,485766,1782137801082,485774,1782137801091,,1782137801015,28,2026-06-22T14:16:41.4518357Z,62,,oasis/bottle,0
,,,,,,6,local.mqtt.telegraf,57,22.13,,periodic,,72,-16426,38,36,,,5,08a6f75abdf0,,0,273,307,08:A6:F7:5A:BD:F0,,16498,34,2,,36,,,486356,1782137801672,486362,1782137801678,,1782137801600,29,2026-06-22T14:16:42.0451957Z,60,,oasis/bottle,0
,,,,,,7,local.mqtt.telegraf,58,45.95,,periodic,,67,-9755,-283,-285,,,5,08a6f7bb3c68,,0,273,313,08:A6:F7:BB:3C:68,,9822,350,2,,352,,,486836,1782137802152,486843,1782137802159,,1782137802085,28,2026-06-22T14:16:42.5221372Z,61,,oasis/bottle,0
,,,,,,6,local.mqtt.telegraf,59,40.4,,periodic,,77,-3493,46,44,,,5,08a6f769c348,,0,273,308,08:A6:F7:69:C3:48,,3570,31,2,,33,,,487076,1782137802392,487082,1782137802398,,1782137802315,28,2026-06-22T14:16:42.7671972Z,62,,oasis/bottle,0
,,,,,,6,local.mqtt.telegraf,57,22.08,,periodic,,72,-18056,38,36,,,5,08a6f75abdf0,,0,273,308,08:A6:F7:5A:BD:F0,,18128,34,2,,36,,,487986,1782137803302,487992,1782137803308,,1782137803230,29,2026-06-22T14:16:43.6497818Z,60,,oasis/bottle,0
,,,,,,12,local.mqtt.telegraf,58,45.84,,periodic,,74,-10917,-276,-278,,,5,08a6f7bb3c68,,0,273,314,08:A6:F7:BB:3C:68,,10991,350,2,,352,,,488012,1782137803328,488024,1782137803340,,1782137803254,28,2026-06-22T14:16:43.6862266Z,61,,oasis/bottle,0
,,,,,,6,local.mqtt.telegraf,59,40.2,,periodic,,67,-4913,36,34,,,5,08a6f769c348,,0,273,309,08:A6:F7:69:C3:48,,4980,31,2,,33,,,488476,1782137803792,488482,1782137803798,,1782137803725,28,2026-06-22T14:16:44.1682542Z,62,,oasis/bottle,0
,,,,,,7,local.mqtt.telegraf,58,45.89,,periodic,,67,-12065,-283,-285,,,5,08a6f7bb3c68,,0,273,315,08:A6:F7:BB:3C:68,,12132,350,2,,352,,,489146,1782137804462,489153,1782137804469,,1782137804395,28,2026-06-22T14:16:44.8501026Z,61,,oasis/bottle,0
,,,,,,6,local.mqtt.telegraf,57,22.13,,periodic,,72,-19486,38,36,,,5,08a6f75abdf0,,0,273,309,08:A6:F7:5A:BD:F0,,19558,34,2,,36,,,489416,1782137804732,489422,1782137804738,,1782137804660,29,2026-06-22T14:16:45.1150687Z,60,,oasis/bottle,0
,,,,,,6,local.mqtt.telegraf,59,40.36,,periodic,,67,-6523,36,34,,,5,08a6f769c348,,0,273,310,08:A6:F7:69:C3:48,,6590,31,2,,33,,,490086,1782137805402,490092,1782137805408,,1782137805335,28,2026-06-22T14:16:45.7824169Z,62,,oasis/bottle,0
,,,,,,6,local.mqtt.telegraf,58,45.56,,periodic,,68,-13153,-282,-284,,,5,08a6f7bb3c68,,0,273,316,08:A6:F7:BB:3C:68,,13221,350,2,,352,,,490236,1782137805552,490242,1782137805558,,1782137805484,28,2026-06-22T14:16:45.9119641Z,61,,oasis/bottle,0
,,,,,,6,local.mqtt.telegraf,57,22.07,,periodic,,73,-20604,39,37,,,5,08a6f75abdf0,,0,273,310,08:A6:F7:5A:BD:F0,,20677,34,2,,36,,,490536,1782137805852,490542,1782137805858,,1782137805779,29,2026-06-22T14:16:46.2234061Z,60,,oasis/bottle,0
,,,,,,6,local.mqtt.telegraf,59,40.12,,periodic,,77,-7933,46,44,,,5,08a6f769c348,,0,273,311,08:A6:F7:69:C3:48,,8010,31,2,,33,,,491516,1782137806832,491521,1782137806838,,1782137806755,28,2026-06-22T14:16:47.2085245Z,62,,oasis/bottle,0
,,,,,,6,local.mqtt.telegraf,58,45.79,,periodic,,67,-14715,-283,-285,,,5,08a6f7bb3c68,,0,273,317,08:A6:F7:BB:3C:68,,14782,350,2,,352,,,491796,1782137807112,491802,1782137807118,,1782137807045,28,2026-06-22T14:16:47.5021678Z,61,,oasis/bottle,0
,,,,,,6,local.mqtt.telegraf,57,22.11,,periodic,,62,-1400,10,8,,,5,08a6f75abdf0,,0,274,311,08:A6:F7:5A:BD:F0,,1462,52,2,,54,,,492096,1782137807412,492102,1782137807418,,1782137807350,29,2026-06-22T14:16:47.7868337Z,63,,oasis/bottle,0
,,,,,,6,local.mqtt.telegraf,59,40.19,,periodic,,67,-8983,36,34,,,5,08a6f769c348,,0,273,312,08:A6:F7:69:C3:48,,9050,31,2,,33,,,492546,1782137807862,492552,1782137807868,,1782137807795,28,2026-06-22T14:16:48.2489708Z,62,,oasis/bottle,0
,,,,,,6,local.mqtt.telegraf,58,45.87,,periodic,,77,-16025,-273,-275,,,5,08a6f7bb3c68,,0,273,318,08:A6:F7:BB:3C:68,,16102,350,2,,352,,,493126,1782137808442,493132,1782137808448,,1782137808365,28,2026-06-22T14:16:48.8148647Z,61,,oasis/bottle,0
,,,,,,6,local.mqtt.telegraf,57,22.12,,periodic,,63,-2738,11,9,,,5,08a6f75abdf0,,0,273,312,08:A6:F7:5A:BD:F0,,2801,52,2,,54,,,493436,1782137808752,493442,1782137808758,,1782137808689,29,2026-06-22T14:16:49.1196454Z,63,,oasis/bottle,0
,,,,,,6,local.mqtt.telegraf,59,40.21,,periodic,,77,-10453,46,44,,,5,08a6f769c348,,0,273,313,08:A6:F7:69:C3:48,,10530,31,2,,33,,,494036,1782137809352,494042,1782137809358,,1782137809275,28,2026-06-22T14:16:49.7329817Z,62,,oasis/bottle,0
,,,,,,6,local.mqtt.telegraf,58,46,,periodic,,67,-17495,-283,-285,,,5,08a6f7bb3c68,,0,273,319,08:A6:F7:BB:3C:68,,17562,350,2,,352,,,494576,1782137809892,494582,1782137809898,,1782137809825,28,2026-06-22T14:16:50.2643699Z,61,,oasis/bottle,0
,,,,,,6,local.mqtt.telegraf,57,22.07,,periodic,,72,-4200,20,18,,,5,08a6f75abdf0,,0,273,313,08:A6:F7:5A:BD:F0,,4272,52,2,,54,,,494916,1782137810232,494922,1782137810238,,1782137810160,29,2026-06-22T14:16:50.6055954Z,63,,oasis/bottle,0
,,,,,,6,local.mqtt.telegraf,59,40.27,,periodic,,67,-11623,36,34,,,5,08a6f769c348,,0,273,314,08:A6:F7:69:C3:48,,11690,31,2,,33,,,495186,1782137810502,495192,1782137810508,,1782137810435,28,2026-06-22T14:16:50.8754477Z,62,,oasis/bottle,0
,,,,,,6,local.mqtt.telegraf,58,46.08,,periodic,,77,-18585,-273,-275,,,5,08a6f7bb3c68,,0,273,320,08:A6:F7:BB:3C:68,,18662,350,2,,352,,,495686,1782137811002,495692,1782137811008,,1782137810925,28,2026-06-22T14:16:51.3751076Z,61,,oasis/bottle,0
,,,,,,6,local.mqtt.telegraf,57,22.04,,periodic,,63,-5348,11,9,,,5,08a6f75abdf0,,0,273,314,08:A6:F7:5A:BD:F0,,5411,52,2,,54,,,496046,1782137811362,496052,1782137811368,,1782137811299,29,2026-06-22T14:16:51.7517234Z,63,,oasis/bottle,0
,,,,,,6,local.mqtt.telegraf,59,40.27,,periodic,,67,-12733,36,34,,,5,08a6f769c348,,0,273,315,08:A6:F7:69:C3:48,,12800,31,2,,33,,,496296,1782137811612,496302,1782137811618,,1782137811545,28,2026-06-22T14:16:51.9750087Z,62,,oasis/bottle,0
,,,,,,7,local.mqtt.telegraf,57,22.03,,periodic,,62,-6420,10,8,,,5,08a6f75abdf0,,0,273,315,08:A6:F7:5A:BD:F0,,6482,52,2,,54,,,497116,1782137812432,497123,1782137812439,,1782137812370,29,2026-06-22T14:16:52.8115472Z,63,,oasis/bottle,0
,,,,,,7,local.mqtt.telegraf,58,45.97,,periodic,,67,-20205,-283,-285,,,5,08a6f7bb3c68,,0,273,321,08:A6:F7:BB:3C:68,,20272,350,2,,352,,,497286,1782137812602,497293,1782137812609,,1782137812535,28,2026-06-22T14:16:52.9695556Z,61,,oasis/bottle,0
,,,,,,6,local.mqtt.telegraf,59,40.15,,periodic,,77,-14343,46,44,,,5,08a6f769c348,,0,273,316,08:A6:F7:69:C3:48,,14420,31,2,,33,,,497926,1782137813242,497932,1782137813248,,1782137813165,28,2026-06-22T14:16:53.6161678Z,62,,oasis/bottle,0
,,,,,,6,local.mqtt.telegraf,57,22.26,,periodic,,72,-7950,20,18,,,5,08a6f75abdf0,,0,273,316,08:A6:F7:5A:BD:F0,,8022,52,2,,54,,,498666,1782137813982,498672,1782137813988,,1782137813910,29,2026-06-22T14:16:54.3234117Z,63,,oasis/bottle,0
,,,,,,6,local.mqtt.telegraf,58,45.79,,periodic,,63,-1239,9,7,,,5,08a6f7bb3c68,,0,274,322,08:A6:F7:BB:3C:68,,1302,54,2,,56,,,498692,1782137814008,498698,1782137814014,,1782137813945,28,2026-06-22T14:16:54.3635147Z,64,,oasis/bottle,0
,,,,,,6,local.mqtt.telegraf,59,40.19,,periodic,,67,-15793,36,34,,,5,08a6f769c348,,0,273,317,08:A6:F7:69:C3:48,,15860,31,2,,33,,,499356,1782137814672,499362,1782137814678,,1782137814605,28,2026-06-22T14:16:55.0458235Z,62,,oasis/bottle,0
,,,,,,6,local.mqtt.telegraf,57,22.21,,periodic,,62,-9250,10,8,,,5,08a6f75abdf0,,0,273,317,08:A6:F7:5A:BD:F0,,9312,52,2,,54,,,499946,1782137815262,499952,1782137815268,,1782137815200,29,2026-06-22T14:16:55.6324217Z,63,,oasis/bottle,0
,,,,,,6,local.mqtt.telegraf,58,45.64,,periodic,,67,-2845,13,11,,,5,08a6f7bb3c68,,0,274,323,08:A6:F7:BB:3C:68,,2912,54,2,,56,,,500306,1782137815622,500312,1782137815628,,1782137815555,28,2026-06-22T14:16:55.9984817Z,64,,oasis/bottle,0
,,,,,,14,local.mqtt.telegraf,59,40.2,,periodic,,67,-16863,36,34,,,5,08a6f769c348,,0,273,318,08:A6:F7:69:C3:48,,16930,31,2,,33,,,500426,1782137815742,500440,1782137815756,,1782137815675,28,2026-06-22T14:16:56.1461357Z,62,,oasis/bottle,0
,,,,,,6,local.mqtt.telegraf,57,22.13,,periodic,,63,-10618,11,9,,,5,08a6f75abdf0,,0,273,318,08:A6:F7:5A:BD:F0,,10681,52,2,,54,,,501316,1782137816632,501322,1782137816638,,1782137816569,29,2026-06-22T14:16:57.0050928Z,63,,oasis/bottle,0
,,,,,,6,local.mqtt.telegraf,58,45.79,,periodic,,68,-4263,14,12,,,5,08a6f7bb3c68,,0,273,324,08:A6:F7:BB:3C:68,,4331,54,2,,56,,,501726,1782137817042,501732,1782137817048,,1782137816974,28,2026-06-22T14:16:57.4132432Z,64,,oasis/bottle,0
,,,,,,6,local.mqtt.telegraf,59,40.08,,periodic,,66,-18405,35,33,,,5,08a6f769c348,,0,273,319,08:A6:F7:69:C3:48,,18471,31,2,,33,,,501966,1782137817282,501972,1782137817288,,1782137817216,28,2026-06-22T14:16:57.649151Z,62,,oasis/bottle,0
,,,,,,6,local.mqtt.telegraf,57,22.15,,periodic,,72,-12150,20,18,,,5,08a6f75abdf0,,0,273,319,08:A6:F7:5A:BD:F0,,12222,52,2,,54,,,502866,1782137818182,502872,1782137818188,,1782137818110,29,2026-06-22T14:16:58.5552708Z,63,,oasis/bottle,0
,,,,,,6,local.mqtt.telegraf,59,40.23,,periodic,,66,-19685,35,33,,,5,08a6f769c348,,0,273,320,08:A6:F7:69:C3:48,,19751,31,2,,33,,,503246,1782137818562,503252,1782137818568,,1782137818496,28,2026-06-22T14:16:58.9541751Z,62,,oasis/bottle,0
,,,,,,6,local.mqtt.telegraf,58,45.92,,periodic,,78,-5883,24,22,,,5,08a6f7bb3c68,,0,273,325,08:A6:F7:BB:3C:68,,5961,54,2,,56,,,503366,1782137818682,503372,1782137818688,,1782137818604,28,2026-06-22T14:16:59.0230405Z,64,,oasis/bottle,0
,,,,,,6,local.mqtt.telegraf,57,22.23,,periodic,,62,-13439,10,8,,,5,08a6f75abdf0,,0,273,320,08:A6:F7:5A:BD:F0,,13501,52,2,,54,,,504135,1782137819451,504141,1782137819457,,1782137819389,29,2026-06-22T14:16:59.8398164Z,63,,oasis/bottle,0
,,,,,,6,local.mqtt.telegraf,59,40.19,,periodic,,76,-815,45,43,,,5,08a6f769c348,,0,274,321,08:A6:F7:69:C3:48,,891,31,2,,33,,,504606,1782137819922,504612,1782137819928,,1782137819846,28,2026-06-22T14:17:00.2926585Z,65,,oasis/bottle,0
,,,,,,6,local.mqtt.telegraf,58,45.77,,periodic,,67,-7375,13,11,,,5,08a6f7bb3c68,,0,273,326,08:A6:F7:BB:3C:68,,7442,54,2,,56,,,504836,1782137820152,504842,1782137820158,,1782137820085,28,2026-06-22T14:17:00.5306334Z,64,,oasis/bottle,0
,,,,,,6,local.mqtt.telegraf,57,22.01,,periodic,,72,-14780,20,18,,,5,08a6f75abdf0,,0,273,321,08:A6:F7:5A:BD:F0,,14852,52,2,,54,,,505496,1782137820812,505502,1782137820818,,1782137820740,29,2026-06-22T14:17:01.1819308Z,63,,oasis/bottle,0
,,,,,,7,local.mqtt.telegraf,58,45.55,,periodic,,67,-8525,13,11,,,5,08a6f7bb3c68,,0,273,327,08:A6:F7:BB:3C:68,,8592,54,2,,56,,,505986,1782137821302,505992,1782137821309,,1782137821235,28,2026-06-22T14:17:01.6780982Z,64,,oasis/bottle,0
,,,,,,6,local.mqtt.telegraf,59,40.21,,periodic,,67,-2333,36,34,,,5,08a6f769c348,,0,273,322,08:A6:F7:69:C3:48,,2400,31,2,,33,,,506106,1782137821422,506112,1782137821428,,1782137821355,28,2026-06-22T14:17:01.7472762Z,65,,oasis/bottle,0
,,,,,,6,local.mqtt.telegraf,57,21.99,,periodic,,63,-16298,11,9,,,5,08a6f75abdf0,,0,273,322,08:A6:F7:5A:BD:F0,,16361,52,2,,54,,,506996,1782137822312,507002,1782137822318,,1782137822249,29,2026-06-22T14:17:02.6842008Z,63,,oasis/bottle,0
,,,,,,6,local.mqtt.telegraf,58,45.55,,periodic,,67,-9615,13,11,,,5,08a6f7bb3c68,,0,273,328,08:A6:F7:BB:3C:68,,9682,54,2,,56,,,507076,1782137822392,507082,1782137822398,,1782137822325,28,2026-06-22T14:17:02.9497217Z,64,,oasis/bottle,0
,,,,,,6,local.mqtt.telegraf,59,40.06,,periodic,,67,-3543,36,34,,,5,08a6f769c348,,0,273,323,08:A6:F7:69:C3:48,,3610,31,2,,33,,,507316,1782137822632,507322,1782137822638,,1782137822565,28,2026-06-22T14:17:03.0503446Z,65,,oasis/bottle,0
,,,,,,7,local.mqtt.telegraf,57,22.08,,periodic,,62,-17510,10,8,,,5,08a6f75abdf0,,0,273,323,08:A6:F7:5A:BD:F0,,17572,52,2,,54,,,508206,1782137823522,508212,1782137823529,,1782137823460,29,2026-06-22T14:17:03.8996412Z,63,,oasis/bottle,0
,,,,,,6,local.mqtt.telegraf,59,40.12,,periodic,,73,-4751,42,40,,,5,08a6f769c348,,0,273,324,08:A6:F7:69:C3:48,,4824,31,2,,33,,,508536,1782137823852,508542,1782137823858,,1782137823779,28,2026-06-22T14:17:04.2324902Z,65,,oasis/bottle,0
,,,,,,6,local.mqtt.telegraf,58,45.34,,periodic,,77,-11195,23,21,,,5,08a6f7bb3c68,,0,273,329,08:A6:F7:BB:3C:68,,11272,54,2,,56,,,508676,1782137823992,508682,1782137823998,,1782137823915,28,2026-06-22T14:17:04.3630182Z,64,,oasis/bottle,0
,,,,,,14,local.mqtt.telegraf,57,22.01,,periodic,,70,-18714,18,16,,,5,08a6f75abdf0,,0,273,324,08:A6:F7:5A:BD:F0,,18784,52,2,,54,,,509426,1782137824742,509440,1782137824756,,1782137824672,29,2026-06-22T14:17:05.1288164Z,63,,oasis/bottle,0
,,,,,,6,local.mqtt.telegraf,59,40.19,,periodic,,67,-5993,36,34,,,5,08a6f769c348,,0,273,325,08:A6:F7:69:C3:48,,6060,31,2,,33,,,509766,1782137825082,509772,1782137825088,,1782137825015,28,2026-06-22T14:17:05.4505106Z,65,,oasis/bottle,0
,,,,,,6,local.mqtt.telegraf,58,45.34,,periodic,,68,-12583,14,12,,,5,08a6f7bb3c68,,0,273,330,08:A6:F7:BB:3C:68,,12651,54,2,,56,,,510046,1782137825362,510052,1782137825368,,1782137825294,28,2026-06-22T14:17:05.7495558Z,64,,oasis/bottle,0
,,,,,,6,local.mqtt.telegraf,57,21.88,,periodic,,63,-19958,11,9,,,5,08a6f75abdf0,,0,273,325,08:A6:F7:5A:BD:F0,,20021,52,2,,54,,,510656,1782137825972,510662,1782137825978,,1782137825909,29,2026-06-22T14:17:06.3581505Z,63,,oasis/bottle,0
,,,,,,5,local.mqtt.telegraf,59,40.01,,periodic,,67,-7253,36,34,,,5,08a6f769c348,,0,273,326,08:A6:F7:69:C3:48,,7320,31,2,,33,,,511026,1782137826342,511031,1782137826347,,1782137826275,28,2026-06-22T14:17:06.7157063Z,65,,oasis/bottle,0
,,,,,,7,local.mqtt.telegraf,58,45.2,,periodic,,67,-14125,13,11,,,5,08a6f7bb3c68,,0,273,331,08:A6:F7:BB:3C:68,,14192,54,2,,56,,,511586,1782137826902,511592,1782137826909,,1782137826835,28,2026-06-22T14:17:07.2804156Z,64,,oasis/bottle,0
,,,,,,6,local.mqtt.telegraf,57,21.83,,periodic,,73,-1014,49,47,,,5,08a6f75abdf0,,0,273,326,08:A6:F7:5A:BD:F0,,1087,24,2,,26,,,511926,1782137827242,511932,1782137827248,,1782137827169,29,2026-06-22T14:17:07.611107Z,66,,oasis/bottle,0
,,,,,,6,local.mqtt.telegraf,59,40.16,,periodic,,76,-8565,45,43,,,5,08a6f769c348,,0,273,327,08:A6:F7:69:C3:48,,8641,31,2,,33,,,512356,1782137827672,512362,1782137827678,,1782137827596,28,2026-06-22T14:17:08.0447369Z,65,,oasis/bottle,0
,,,,,,6,local.mqtt.telegraf,58,45.42,,periodic,,68,-15413,14,12,,,5,08a6f7bb3c68,,0,273,332,08:A6:F7:BB:3C:68,,15481,54,2,,56,,,512876,1782137828192,512882,1782137828198,,1782137828124,28,2026-06-22T14:17:08.56159Z,64,,oasis/bottle,0
,,,,,,6,local.mqtt.telegraf,57,22.04,,periodic,,62,-2346,38,36,,,5,08a6f75abdf0,,0,273,327,08:A6:F7:5A:BD:F0,,2408,24,2,,26,,,513236,1782137828552,513242,1782137828558,,1782137828490,29,2026-06-22T14:17:08.9459199Z,66,,oasis/bottle,0
,,,,,,6,local.mqtt.telegraf,59,40.19,,periodic,,67,-10023,36,34,,,5,08a6f769c348,,0,273,328,08:A6:F7:69:C3:48,,10090,31,2,,33,,,513796,1782137829112,513802,1782137829118,,1782137829045,28,2026-06-22T14:17:09.4787056Z,65,,oasis/bottle,0
,,,,,,6,local.mqtt.telegraf,58,45.49,,periodic,,68,-16783,14,12,,,5,08a6f7bb3c68,,0,273,333,08:A6:F7:BB:3C:68,,16851,54,2,,56,,,514246,1782137829562,514252,1782137829568,,1782137829494,28,2026-06-22T14:17:09.9304654Z,64,,oasis/bottle,0
,,,,,,6,local.mqtt.telegraf,57,22.13,,periodic,,62,-3776,38,36,,,5,08a6f75abdf0,,0,273,328,08:A6:F7:5A:BD:F0,,3838,24,2,,26,,,514666,1782137829982,514672,1782137829988,,1782137829920,29,2026-06-22T14:17:10.3618037Z,66,,oasis/bottle,0
,,,,,,6,local.mqtt.telegraf,59,40.19,,periodic,,67,-11113,36,34,,,5,08a6f769c348,,0,273,329,08:A6:F7:69:C3:48,,11180,31,2,,33,,,514886,1782137830202,514892,1782137830208,,1782137830135,28,2026-06-22T14:17:10.5765275Z,65,,oasis/bottle,0
,,,,,,6,local.mqtt.telegraf,57,22.09,,periodic,,63,-4834,39,37,,,5,08a6f75abdf0,,0,273,329,08:A6:F7:5A:BD:F0,,4897,24,2,,26,,,515726,1782137831042,515732,1782137831048,,1782137830979,29,2026-06-22T14:17:11.4121697Z,66,,oasis/bottle,0
,,,,,,6,local.mqtt.telegraf,58,46.08,,periodic,,68,-18323,14,12,,,5,08a6f7bb3c68,,0,273,334,08:A6:F7:BB:3C:68,,18391,54,2,,56,,,515786,1782137831102,515792,1782137831108,,1782137831034,28,2026-06-22T14:17:11.460954Z,64,,oasis/bottle,0
,,,,,,6,local.mqtt.telegraf,59,40.28,,periodic,,67,-12693,36,34,,,5,08a6f769c348,,0,273,330,08:A6:F7:69:C3:48,,12760,31,2,,33,,,516466,1782137831782,516472,1782137831788,,1782137831715,28,2026-06-22T14:17:12.1483396Z,65,,oasis/bottle,0
,,,,,,6,local.mqtt.telegraf,58,45.91,,periodic,,68,-19603,14,12,,,5,08a6f7bb3c68,,0,273,335,08:A6:F7:BB:3C:68,,19671,54,2,,56,,,517066,1782137832382,517072,1782137832388,,1782137832314,28,2026-06-22T14:17:12.754468Z,64,,oasis/bottle,0
,,,,,,6,local.mqtt.telegraf,57,22.09,,periodic,,73,-6344,49,47,,,5,08a6f75abdf0,,0,273,330,08:A6:F7:5A:BD:F0,,6417,24,2,,26,,,517256,1782137832572,517262,1782137832578,,1782137832499,29,2026-06-22T14:17:12.9415309Z,66,,oasis/bottle,0
,,,,,,14,local.mqtt.telegraf,59,40.28,,periodic,,66,-14054,35,33,,,5,08a6f769c348,,0,273,331,08:A6:F7:69:C3:48,,14120,31,2,,33,,,517825,1782137833141,517839,1782137833155,,1782137833075,28,2026-06-22T14:17:13.5288413Z,65,,oasis/bottle,0
,,,,,,6,local.mqtt.telegraf,58,46.14,,periodic,,70,-761,50,48,,,5,08a6f7bb3c68,,0,273,336,08:A6:F7:BB:3C:68,,831,20,2,,22,,,518417,1782137833734,518424,1782137833740,,1782137833664,28,2026-06-22T14:17:14.1151165Z,67,,oasis/bottle,0
,,,,,,7,local.mqtt.telegraf,56,22.07,,periodic,,64,-7604,40,38,,,5,08a6f75abdf0,,0,273,331,08:A6:F7:5A:BD:F0,,7668,24,2,,26,,,518498,1782137833814,518505,1782137833821,,1782137833750,29,2026-06-22T14:17:14.1654551Z,66,,oasis/bottle,0
,,,,,,6,local.mqtt.telegraf,59,40.2,,periodic,,77,-15553,46,44,,,5,08a6f769c348,,0,273,332,08:A6:F7:69:C3:48,,15630,31,2,,33,,,519346,1782137834662,519352,1782137834668,,1782137834585,28,2026-06-22T14:17:15.0344894Z,65,,oasis/bottle,0
,,,,,,10,local.mqtt.telegraf,56,22.15,,periodic,,62,-8896,38,36,,,5,08a6f75abdf0,,0,273,332,08:A6:F7:5A:BD:F0,,8958,24,2,,26,,,519786,1782137835102,519796,1782137835112,,1782137835040,29,2026-06-22T14:17:15.4761589Z,66,,oasis/bottle,0
,,,,,,6,local.mqtt.telegraf,58,45.77,,periodic,,68,-2273,48,46,,,5,08a6f7bb3c68,,0,273,337,08:A6:F7:BB:3C:68,,2341,20,2,,22,,,519926,1782137835242,519932,1782137835248,,1782137835174,28,2026-06-22T14:17:15.6162132Z,67,,oasis/bottle,0
,,,,,,6,local.mqtt.telegraf,59,40.19,,periodic,,67,-16793,36,34,,,5,08a6f769c348,,0,273,333,08:A6:F7:69:C3:48,,16860,31,2,,33,,,520566,1782137835882,520572,1782137835888,,1782137835815,28,2026-06-22T14:17:16.25052Z,65,,oasis/bottle,0
,,,,,,6,local.mqtt.telegraf,58,46.07,,periodic,,68,-3473,48,46,,,5,08a6f7bb3c68,,0,273,338,08:A6:F7:BB:3C:68,,3541,20,2,,22,,,521126,1782137836442,521132,1782137836448,,1782137836374,28,2026-06-22T14:17:16.8009507Z,67,,oasis/bottle,0
,,,,,,6,local.mqtt.telegraf,56,22.15,,periodic,,72,-10256,48,46,,,5,08a6f75abdf0,,0,273,333,08:A6:F7:5A:BD:F0,,10328,24,2,,26,,,521166,1782137836482,521172,1782137836488,,1782137836410,29,2026-06-22T14:17:16.8438557Z,66,,oasis/bottle,0
,,,,,,6,local.mqtt.telegraf,59,40.19,,periodic,,67,-18033,36,34,,,5,08a6f769c348,,0,273,334,08:A6:F7:69:C3:48,,18100,31,2,,33,,,521806,1782137837122,521812,1782137837128,,1782137837055,28,2026-06-22T14:17:17.5060822Z,65,,oasis/bottle,0
,,,,,,6,local.mqtt.telegraf,58,45.79,,periodic,,67,-4685,47,45,,,5,08a6f7bb3c68,,0,273,339,08:A6:F7:BB:3C:68,,4752,20,2,,22,,,522336,1782137837652,522342,1782137837658,,1782137837585,28,2026-06-22T14:17:18.0249267Z,67,,oasis/bottle,0
,,,,,,6,local.mqtt.telegraf,56,22.11,,periodic,,62,-11816,38,36,,,5,08a6f75abdf0,,0,273,334,08:A6:F7:5A:BD:F0,,11878,24,2,,26,,,522706,1782137838022,522712,1782137838028,,1782137837960,29,2026-06-22T14:17:18.3861716Z,66,,oasis/bottle,0
,,,,,,6,local.mqtt.telegraf,59,40.25,,periodic,,77,-19303,46,44,,,5,08a6f769c348,,0,273,335,08:A6:F7:69:C3:48,,19380,31,2,,33,,,523096,1782137838412,523102,1782137838418,,1782137838335,28,2026-06-22T14:17:18.7795535Z,65,,oasis/bottle,0
,,,,,,6,local.mqtt.telegraf,58,46.04,,periodic,,67,-5895,47,45,,,5,08a6f7bb3c68,,0,273,340,08:A6:F7:BB:3C:68,,5962,20,2,,22,,,523546,1782137838862,523552,1782137838868,,1782137838795,28,2026-06-22T14:17:19.2693662Z,67,,oasis/bottle,0
,,,,,,6,local.mqtt.telegraf,56,22.13,,periodic,,61,-13117,37,35,,,5,08a6f75abdf0,,0,273,335,08:A6:F7:5A:BD:F0,,13178,24,2,,26,,,524005,1782137839321,524011,1782137839327,,1782137839260,29,2026-06-22T14:17:19.6925174Z,66,,oasis/bottle,0
,,,,,,7,local.mqtt.telegraf,59,40.28,,periodic,,66,-472,32,30,,,5,08a6f769c348,,0,273,336,08:A6:F7:69:C3:48,,538,34,2,,36,,,524456,1782137839772,524462,1782137839779,,1782137839706,28,2026-06-22T14:17:20.1478185Z,68,,oasis/bottle,0
,,,,,,6,local.mqtt.telegraf,58,46.14,,periodic,,68,-7113,48,46,,,5,08a6f7bb3c68,,0,273,341,08:A6:F7:BB:3C:68,,7181,20,2,,22,,,524766,1782137840082,524772,1782137840088,,1782137840014,28,2026-06-22T14:17:20.4611331Z,67,,oasis/bottle,0
,,,,,,6,local.mqtt.telegraf,56,21.93,,periodic,,82,-14486,58,56,,,5,08a6f75abdf0,,0,274,336,08:A6:F7:5A:BD:F0,,14568,24,2,,26,,,525416,1782137840732,525422,1782137840738,,1782137840650,29,2026-06-22T14:17:21.0997404Z,66,,oasis/bottle,0
,,,,,,6,local.mqtt.telegraf,59,40.19,,periodic,,67,-2000,33,31,,,5,08a6f769c348,,0,273,337,08:A6:F7:69:C3:48,,2067,34,2,,36,,,525986,1782137841302,525992,1782137841308,,1782137841235,28,2026-06-22T14:17:21.6462673Z,68,,oasis/bottle,0
,,,,,,6,local.mqtt.telegraf,58,45.93,,periodic,,64,-8367,44,42,,,5,08a6f7bb3c68,,0,273,342,08:A6:F7:BB:3C:68,,8431,20,2,,22,,,526012,1782137841328,526018,1782137841334,,1782137841264,28,2026-06-22T14:17:21.6994315Z,67,,oasis/bottle,0
,,,,,,6,local.mqtt.telegraf,56,22,,periodic,,62,-16116,38,36,,,5,08a6f75abdf0,,0,274,337,08:A6:F7:5A:BD:F0,,16178,24,2,,26,,,527006,1782137842322,527012,1782137842328,,1782137842260,29,2026-06-22T14:17:22.6978874Z,66,,oasis/bottle,0
,,,,,,6,local.mqtt.telegraf,58,40.19,,periodic,,77,-3250,43,41,,,5,08a6f769c348,,0,273,338,08:A6:F7:69:C3:48,,3327,34,2,,36,,,527256,1782137842572,527262,1782137842578,,1782137842495,28,2026-06-22T14:17:22.9275495Z,68,,oasis/bottle,0
,,,,,,6,local.mqtt.telegraf,58,46.18,,periodic,,68,-9643,48,46,,,5,08a6f7bb3c68,,0,273,343,08:A6:F7:BB:3C:68,,9711,20,2,,22,,,527296,1782137842612,527302,1782137842618,,1782137842544,28,2026-06-22T14:17:22.9628495Z,67,,oasis/bottle,0
,,,,,,6,local.mqtt.telegraf,56,22.17,,periodic,,62,-17516,38,36,,,5,08a6f75abdf0,,0,274,338,08:A6:F7:5A:BD:F0,,17578,24,2,,26,,,528406,1782137843722,528412,1782137843728,,1782137843660,29,2026-06-22T14:17:24.1010669Z,66,,oasis/bottle,0
,,,,,,14,local.mqtt.telegraf,58,40.21,,periodic,,67,-4590,33,31,,,5,08a6f769c348,,0,273,339,08:A6:F7:69:C3:48,,4657,34,2,,36,,,528576,1782137843892,528590,1782137843906,,1782137843825,28,2026-06-22T14:17:24.280757Z,68,,oasis/bottle,0
,,,,,,7,local.mqtt.telegraf,58,46.07,,periodic,,70,-11001,50,48,,,5,08a6f7bb3c68,,0,273,344,08:A6:F7:BB:3C:68,,11071,20,2,,22,,,528658,1782137843974,528665,1782137843981,,1782137843904,28,2026-06-22T14:17:24.3331545Z,67,,oasis/bottle,0
,,,,,,6,local.mqtt.telegraf,56,22,,periodic,,72,-19086,48,46,,,5,08a6f75abdf0,,0,274,339,08:A6:F7:5A:BD:F0,,19158,24,2,,26,,,529996,1782137845312,530002,1782137845318,,1782137845240,29,2026-06-22T14:17:25.6960977Z,66,,oasis/bottle,0
,,,,,,6,local.mqtt.telegraf,58,40.12,,periodic,,77,-6030,43,41,,,5,08a6f769c348,,0,273,340,08:A6:F7:69:C3:48,,6107,34,2,,36,,,530036,1782137845352,530042,1782137845358,,1782137845275,28,2026-06-22T14:17:25.739516Z,68,,oasis/bottle,0
,,,,,,6,local.mqtt.telegraf,58,45.75,,periodic,,68,-12533,48,46,,,5,08a6f7bb3c68,,0,273,345,08:A6:F7:BB:3C:68,,12601,20,2,,22,,,530186,1782137845502,530192,1782137845508,,1782137845434,28,2026-06-22T14:17:25.8736991Z,67,,oasis/bottle,0
,,,,,,6,local.mqtt.telegraf,58,40.04,,periodic,,66,-7191,32,30,,,5,08a6f769c348,,0,273,341,08:A6:F7:69:C3:48,,7257,34,2,,36,,,531175,1782137846491,531181,1782137846497,,1782137846425,28,2026-06-22T14:17:26.8615919Z,68,,oasis/bottle,0
,,,,,,7,local.mqtt.telegraf,56,22.01,,periodic,,71,-258,37,35,,,5,08a6f75abdf0,,0,273,340,08:A6:F7:5A:BD:F0,,329,34,2,,36,,,531386,1782137846702,531392,1782137846709,,1782137846631,29,2026-06-22T14:17:27.0667581Z,69,,oasis/bottle,0
,,,,,,6,local.mqtt.telegraf,57,45.71,,periodic,,68,-13784,48,46,,,5,08a6f7bb3c68,,0,273,346,08:A6:F7:BB:3C:68,,13852,20,2,,22,,,531437,1782137846753,531443,1782137846759,,1782137846685,28,2026-06-22T14:17:27.1325014Z,67,,oasis/bottle,0
,,,,,,6,local.mqtt.telegraf,58,40.25,,periodic,,67,-8230,33,31,,,5,08a6f769c348,,0,273,342,08:A6:F7:69:C3:48,,8297,34,2,,36,,,532216,1782137847532,532222,1782137847538,,1782137847465,28,2026-06-22T14:17:27.8999665Z,68,,oasis/bottle,0
,,,,,,6,local.mqtt.telegraf,58,45.71,,periodic,,68,-15093,48,46,,,5,08a6f7bb3c68,,0,273,347,08:A6:F7:BB:3C:68,,15161,20,2,,22,,,532746,1782137848062,532752,1782137848068,,1782137847994,28,2026-06-22T14:17:28.4462719Z,67,,oasis/bottle,0
,,,,,,6,local.mqtt.telegraf,56,22.04,,periodic,,72,-1806,38,36,,,5,08a6f75abdf0,,0,274,341,08:A6:F7:5A:BD:F0,,1878,34,2,,36,,,532936,1782137848252,532942,1782137848258,,1782137848180,29,2026-06-22T14:17:28.6376143Z,69,,oasis/bottle,0
,,,,,,6,local.mqtt.telegraf,58,39.96,,periodic,,77,-9700,43,41,,,5,08a6f769c348,,0,273,343,08:A6:F7:69:C3:48,,9777,34,2,,36,,,533706,1782137849022,533712,1782137849028,,1782137848945,28,2026-06-22T14:17:29.3971613Z,68,,oasis/bottle,0
,,,,,,7,local.mqtt.telegraf,58,45.65,,periodic,,68,-16493,48,46,,,5,08a6f7bb3c68,,0,273,348,08:A6:F7:BB:3C:68,,16561,20,2,,22,,,534146,1782137849462,534152,1782137849469,,1782137849394,28,2026-06-22T14:17:29.8279834Z,67,,oasis/bottle,0
,,,,,,6,local.mqtt.telegraf,56,22.07,,periodic,,62,-3126,28,26,,,5,08a6f75abdf0,,0,274,342,08:A6:F7:5A:BD:F0,,3188,34,2,,36,,,534236,1782137849552,534242,1782137849558,,1782137849490,29,2026-06-22T14:17:29.8864659Z,69,,oasis/bottle,0
,,,,,,6,local.mqtt.telegraf,58,40.19,,periodic,,66,-10872,32,30,,,5,08a6f769c348,,0,273,344,08:A6:F7:69:C3:48,,10938,34,2,,36,,,534856,1782137850172,534862,1782137850178,,1782137850106,28,2026-06-22T14:17:30.5445461Z,68,,oasis/bottle,0
,,,,,,6,local.mqtt.telegraf,56,21.99,,periodic,,72,-4516,38,36,,,5,08a6f75abdf0,,0,274,343,08:A6:F7:5A:BD:F0,,4588,34,2,,36,,,535646,1782137850962,535652,1782137850968,,1782137850890,29,2026-06-22T14:17:31.3434107Z,69,,oasis/bottle,0
,,,,,,6,local.mqtt.telegraf,58,45.99,,periodic,,64,-18101,44,42,,,5,08a6f7bb3c68,,0,273,349,08:A6:F7:BB:3C:68,,18165,20,2,,22,,,535746,1782137851062,535752,1782137851068,,1782137850998,28,2026-06-22T14:17:31.4039151Z,67,,oasis/bottle,0
,,,,,,6,local.mqtt.telegraf,58,40.15,,periodic,,76,-11972,42,40,,,5,08a6f769c348,,0,273,345,08:A6:F7:69:C3:48,,12048,34,2,,36,,,535976,1782137851292,535982,1782137851298,,1782137851216,28,2026-06-22T14:17:31.6651457Z,68,,oasis/bottle,0
,,,,,,6,local.mqtt.telegraf,57,46.02,,periodic,,67,-19505,47,45,,,5,08a6f7bb3c68,,0,273,350,08:A6:F7:BB:3C:68,,19572,20,2,,22,,,537156,1782137852472,537162,1782137852478,,1782137852405,28,2026-06-22T14:17:32.8583888Z,67,,oasis/bottle,0
,,,,,,19,local.mqtt.telegraf,56,22.07,,periodic,,61,-6137,27,25,,,5,08a6f75abdf0,,0,273,344,08:A6:F7:5A:BD:F0,,6198,34,2,,36,,,537245,1782137852561,537264,1782137852580,,1782137852500,29,2026-06-22T14:17:32.907598Z,69,,oasis/bottle,0
,,,,,,6,local.mqtt.telegraf,58,39.9,,periodic,,67,-13610,33,31,,,5,08a6f769c348,,0,273,346,08:A6:F7:69:C3:48,,13677,34,2,,36,,,537596,1782137852912,537602,1782137852918,,1782137852845,28,2026-06-22T14:17:33.2894812Z,68,,oasis/bottle,0
,,,,,,6,local.mqtt.telegraf,56,22.07,,periodic,,62,-7556,28,26,,,5,08a6f75abdf0,,0,273,345,08:A6:F7:5A:BD:F0,,7618,34,2,,36,,,538666,1782137853982,538672,1782137853988,,1782137853920,29,2026-06-22T14:17:34.3556766Z,69,,oasis/bottle,0
,,,,,,7,local.mqtt.telegraf,58,46.55,,periodic,,67,-904,46,44,,,5,08a6f7bb3c68,,0,273,351,08:A6:F7:BB:3C:68,,971,21,2,,23,,,538766,1782137854082,538773,1782137854089,,1782137854015,28,2026-06-22T14:17:34.430271Z,70,,oasis/bottle,0
,,,,,,6,local.mqtt.telegraf,58,40.2,,periodic,,76,-15042,42,40,,,5,08a6f769c348,,0,273,347,08:A6:F7:69:C3:48,,15118,34,2,,36,,,539046,1782137854362,539052,1782137854368,,1782137854286,28,2026-06-22T14:17:34.7564414Z,68,,oasis/bottle,0
,,,,,,6,local.mqtt.telegraf,58,40.39,,periodic,,76,-16132,42,40,,,5,08a6f769c348,,0,273,348,08:A6:F7:69:C3:48,,16208,34,2,,36,,,540136,1782137855452,540142,1782137855458,,1782137855376,28,2026-06-22T14:17:35.8218235Z,68,,oasis/bottle,0
,,,,,,6,local.mqtt.telegraf,58,46.63,,periodic,,68,-2322,47,45,,,5,08a6f7bb3c68,,0,273,352,08:A6:F7:BB:3C:68,,2390,21,2,,23,,,540186,1782137855502,540192,1782137855508,,1782137855434,28,2026-06-22T14:17:35.8889946Z,70,,oasis/bottle,0
,,,,,,6,local.mqtt.telegraf,56,22.15,,periodic,,72,-9176,38,36,,,5,08a6f75abdf0,,0,273,346,08:A6:F7:5A:BD:F0,,9248,34,2,,36,,,540306,1782137855622,540312,1782137855628,,1782137855550,29,2026-06-22T14:17:36.0073622Z,69,,oasis/bottle,0
,,,,,,6,local.mqtt.telegraf,58,40.39,,periodic,,66,-17732,32,30,,,5,08a6f769c348,,0,273,349,08:A6:F7:69:C3:48,,17798,34,2,,36,,,541716,1782137857032,541722,1782137857038,,1782137856966,28,2026-06-22T14:17:37.3926848Z,68,,oasis/bottle,0
,,,,,,6,local.mqtt.telegraf,56,22.13,,periodic,,63,-10645,29,27,,,5,08a6f75abdf0,,0,273,347,08:A6:F7:5A:BD:F0,,10708,34,2,,36,,,541757,1782137857073,541763,1782137857079,,1782137857010,29,2026-06-22T14:17:37.434747Z,69,,oasis/bottle,0
,,,,,,6,local.mqtt.telegraf,58,46.4,,periodic,,68,-3952,47,45,,,5,08a6f7bb3c68,,0,273,353,08:A6:F7:BB:3C:68,,4020,21,2,,23,,,541816,1782137857132,541822,1782137857138,,1782137857064,28,2026-06-22T14:17:37.474208Z,70,,oasis/bottle,0
,,,,,,6,local.mqtt.telegraf,56,22.13,,periodic,,72,-11746,38,36,,,5,08a6f75abdf0,,0,274,348,08:A6:F7:5A:BD:F0,,11818,34,2,,36,,,542876,1782137858192,542882,1782137858198,,1782137858120,29,2026-06-22T14:17:38.5740375Z,69,,oasis/bottle,0
,,,,,,6,local.mqtt.telegraf,58,40.25,,periodic,,77,-19080,43,41,,,5,08a6f769c348,,0,273,350,08:A6:F7:69:C3:48,,19157,34,2,,36,,,543086,1782137858402,543092,1782137858408,,1782137858325,28,2026-06-22T14:17:38.7738196Z,68,,oasis/bottle,0
,,,,,,6,local.mqtt.telegraf,57,46.57,,periodic,,68,-5422,47,45,,,5,08a6f7bb3c68,,0,273,354,08:A6:F7:BB:3C:68,,5490,21,2,,23,,,543286,1782137858602,543292,1782137858608,,1782137858534,28,2026-06-22T14:17:38.9730098Z,70,,oasis/bottle,0
,,,,,,6,local.mqtt.telegraf,57,46.43,,periodic,,77,-6543,56,54,,,5,08a6f7bb3c68,,0,273,355,08:A6:F7:BB:3C:68,,6620,21,2,,23,,,544425,1782137859741,544431,1782137859747,,1782137859664,28,2026-06-22T14:17:40.1163635Z,70,,oasis/bottle,0
,,,,,,7,local.mqtt.telegraf,56,22.2,,periodic,,64,-13384,30,28,,,5,08a6f75abdf0,,0,274,349,08:A6:F7:5A:BD:F0,,13448,34,2,,36,,,544498,1782137859814,544505,1782137859821,,1782137859750,29,2026-06-22T14:17:40.1703569Z,69,,oasis/bottle,0
,,,,,,7,local.mqtt.telegraf,58,40.19,,periodic,,65,-413,31,29,,,5,08a6f769c348,,0,274,351,08:A6:F7:69:C3:48,,478,34,2,,36,,,544606,1782137859922,544612,1782137859929,,1782137859857,28,2026-06-22T14:17:40.2926785Z,71,,oasis/bottle,0
,,,,,,6,local.mqtt.telegraf,57,46.65,,periodic,,68,-7622,47,45,,,5,08a6f7bb3c68,,0,273,356,08:A6:F7:BB:3C:68,,7690,21,2,,23,,,545486,1782137860802,545492,1782137860808,,1782137860734,28,2026-06-22T14:17:41.1826258Z,70,,oasis/bottle,0
,,,,,,6,local.mqtt.telegraf,58,40.39,,periodic,,75,-1653,41,39,,,5,08a6f769c348,,0,273,352,08:A6:F7:69:C3:48,,1728,34,2,,36,,,545866,1782137861182,545872,1782137861188,,1782137861107,28,2026-06-22T14:17:41.5627599Z,71,,oasis/bottle,0
,,,,,,6,local.mqtt.telegraf,56,22.2,,periodic,,63,-14825,29,27,,,5,08a6f75abdf0,,0,274,350,08:A6:F7:5A:BD:F0,,14888,34,2,,36,,,545936,1782137861253,545943,1782137861259,,1782137861190,29,2026-06-22T14:17:41.6138367Z,69,,oasis/bottle,0
,,,,,,6,local.mqtt.telegraf,57,46.43,,periodic,,68,-9142,47,45,,,5,08a6f7bb3c68,,0,273,357,08:A6:F7:BB:3C:68,,9210,21,2,,23,,,547006,1782137862322,547012,1782137862328,,1782137862254,28,2026-06-22T14:17:42.6623873Z,70,,oasis/bottle,0
,,,,,,5,local.mqtt.telegraf,56,22.13,,periodic,,78,-15890,44,42,,,5,08a6f75abdf0,,0,274,351,08:A6:F7:5A:BD:F0,,15968,34,2,,36,,,547032,1782137862348,547037,1782137862353,,1782137862270,29,2026-06-22T14:17:42.7143938Z,69,,oasis/bottle,0
,,,,,,6,local.mqtt.telegraf,58,40.25,,periodic,,65,-2973,31,29,,,5,08a6f769c348,,0,274,353,08:A6:F7:69:C3:48,,3038,34,2,,36,,,547166,1782137862482,547172,1782137862488,,1782137862417,28,2026-06-22T14:17:42.86531Z,71,,oasis/bottle,0
,,,,,,6,local.mqtt.telegraf,57,46.4,,periodic,,68,-10382,47,45,,,5,08a6f7bb3c68,,0,273,358,08:A6:F7:BB:3C:68,,10450,21,2,,23,,,548246,1782137863562,548252,1782137863568,,1782137863494,28,2026-06-22T14:17:43.9425819Z,70,,oasis/bottle,0
,,,,,,6,local.mqtt.telegraf,58,40.33,,periodic,,75,-4363,41,39,,,5,08a6f769c348,,0,273,354,08:A6:F7:69:C3:48,,4438,34,2,,36,,,548576,1782137863892,548582,1782137863898,,1782137863817,28,2026-06-22T14:17:44.2364636Z,71,,oasis/bottle,0
,,,,,,6,local.mqtt.telegraf,56,22.15,,periodic,,68,-17480,34,32,,,5,08a6f75abdf0,,0,274,352,08:A6:F7:5A:BD:F0,,17548,34,2,,36,,,548602,1782137863918,548608,1782137863924,,1782137863850,29,2026-06-22T14:17:44.2825856Z,69,,oasis/bottle,0
,,,,,,6,local.mqtt.telegraf,57,46.51,,periodic,,68,-11672,47,45,,,5,08a6f7bb3c68,,0,273,359,08:A6:F7:BB:3C:68,,11740,21,2,,23,,,549536,1782137864852,549542,1782137864858,,1782137864784,28,2026-06-22T14:17:45.2241997Z,70,,oasis/bottle,0
,,,,,,6,local.mqtt.telegraf,56,22.28,,periodic,,62,-18826,28,26,,,5,08a6f75abdf0,,0,274,353,08:A6:F7:5A:BD:F0,,18888,34,2,,36,,,549936,1782137865252,549942,1782137865258,,1782137865190,29,2026-06-22T14:17:45.6234527Z,69,,oasis/bottle,0
,,,,,,6,local.mqtt.telegraf,58,40.33,,periodic,,65,-5983,31,29,,,5,08a6f769c348,,0,273,355,08:A6:F7:69:C3:48,,6048,34,2,,36,,,550176,1782137865492,550182,1782137865498,,1782137865427,28,2026-06-22T14:17:45.8643336Z,71,,oasis/bottle,0
,,,,,,6,local.mqtt.telegraf,58,46.63,,periodic,,68,-13072,47,45,,,5,08a6f7bb3c68,,0,273,360,08:A6:F7:BB:3C:68,,13140,21,2,,23,,,550936,1782137866252,550942,1782137866258,,1782137866184,28,2026-06-22T14:17:46.6155494Z,70,,oasis/bottle,0
,,,,,,7,local.mqtt.telegraf,56,22.12,,periodic,,72,-20286,38,36,,,5,08a6f75abdf0,,0,274,354,08:A6:F7:5A:BD:F0,,20358,34,2,,36,,,551416,1782137866732,551422,1782137866739,,1782137866660,29,2026-06-22T14:17:47.1051825Z,69,,oasis/bottle,0
,,,,,,6,local.mqtt.telegraf,58,40.37,,periodic,,75,-7383,41,39,,,5,08a6f769c348,,0,273,356,08:A6:F7:69:C3:48,,7458,34,2,,36,,,551596,1782137866912,551601,1782137866918,,1782137866837,28,2026-06-22T14:17:47.2850637Z,71,,oasis/bottle,0
,,,,,,6,local.mqtt.telegraf,58,46.51,,periodic,,68,-14652,47,45,,,5,08a6f7bb3c68,,0,273,361,08:A6:F7:BB:3C:68,,14720,21,2,,23,,,552516,1782137867832,552522,1782137867838,,1782137867764,28,2026-06-22T14:17:48.1776548Z,70,,oasis/bottle,0
,,,,,,6,local.mqtt.telegraf,56,22.23,,periodic,,62,-970,9,7,,,5,08a6f75abdf0,,0,274,355,08:A6:F7:5A:BD:F0,,1032,53,2,,55,,,552545,1782137867861,552551,1782137867867,,1782137867799,29,2026-06-22T14:17:48.2154043Z,72,,oasis/bottle,0
,,,,,,6,local.mqtt.telegraf,58,40.33,,periodic,,65,-9023,31,29,,,5,08a6f769c348,,0,274,357,08:A6:F7:69:C3:48,,9088,34,2,,36,,,553216,1782137868532,553222,1782137868538,,1782137868467,28,2026-06-22T14:17:48.9016498Z,71,,oasis/bottle,0
,,,,,,6,local.mqtt.telegraf,56,22.13,,periodic,,63,-2049,10,8,,,5,08a6f75abdf0,,0,273,356,08:A6:F7:5A:BD:F0,,2112,53,2,,55,,,553626,1782137868942,553632,1782137868948,,1782137868879,29,2026-06-22T14:17:49.3248408Z,72,,oasis/bottle,0
,,,,,,6,local.mqtt.telegraf,58,46.43,,periodic,,67,-15994,46,44,,,5,08a6f7bb3c68,,0,273,362,08:A6:F7:BB:3C:68,,16061,21,2,,23,,,553856,1782137869172,553862,1782137869178,,1782137869105,28,2026-06-22T14:17:49.5432368Z,70,,oasis/bottle,0
,,,,,,6,local.mqtt.telegraf,58,40.33,,periodic,,75,-10453,41,39,,,5,08a6f769c348,,0,274,358,08:A6:F7:69:C3:48,,10528,34,2,,36,,,554666,1782137869982,554672,1782137869988,,1782137869907,28,2026-06-22T14:17:50.3524759Z,71,,oasis/bottle,0
,,,,,,6,local.mqtt.telegraf,56,22.13,,periodic,,63,-3609,10,8,,,5,08a6f75abdf0,,0,273,357,08:A6:F7:5A:BD:F0,,3672,53,2,,55,,,555186,1782137870502,555192,1782137870508,,1782137870439,29,2026-06-22T14:17:50.891491Z,72,,oasis/bottle,0
,,,,,,7,local.mqtt.telegraf,58,46.65,,periodic,,67,-17484,46,44,,,5,08a6f7bb3c68,,0,273,363,08:A6:F7:BB:3C:68,,17551,21,2,,23,,,555346,1782137870662,555353,1782137870669,,1782137870595,28,2026-06-22T14:17:51.0347157Z,70,,oasis/bottle,0
,,,,,,6,local.mqtt.telegraf,58,40.2,,periodic,,66,-11561,32,30,,,5,08a6f769c348,,0,273,359,08:A6:F7:69:C3:48,,11627,34,2,,36,,,555756,1782137871072,555762,1782137871078,,1782137871006,28,2026-06-22T14:17:51.4516963Z,71,,oasis/bottle,0
,,,,,,6,local.mqtt.telegraf,56,22.17,,periodic,,63,-4929,10,8,,,5,08a6f75abdf0,,0,274,358,08:A6:F7:5A:BD:F0,,4992,53,2,,55,,,556506,1782137871822,556512,1782137871828,,1782137871759,29,2026-06-22T14:17:52.164222Z,72,,oasis/bottle,0
,,,,,,6,local.mqtt.telegraf,59,46.65,,periodic,,73,-18658,52,50,,,5,08a6f7bb3c68,,0,273,364,08:A6:F7:BB:3C:68,,18731,21,2,,23,,,556532,1782137871848,556538,1782137871854,,1782137871775,28,2026-06-22T14:17:52.2023815Z,70,,oasis/bottle,0
,,,,,,6,local.mqtt.telegraf,58,40.47,,periodic,,76,-13131,42,40,,,5,08a6f769c348,,0,273,360,08:A6:F7:69:C3:48,,13207,34,2,,36,,,557346,1782137872662,557352,1782137872668,,1782137872586,28,2026-06-22T14:17:53.0362198Z,71,,oasis/bottle,0
,,,,,,7,local.mqtt.telegraf,58,46.78,,periodic,,68,-19802,47,45,,,5,08a6f7bb3c68,,0,273,365,08:A6:F7:BB:3C:68,,19870,21,2,,23,,,557666,1782137872982,557673,1782137872989,,1782137872914,28,2026-06-22T14:17:53.3552354Z,70,,oasis/bottle,0
,,,,,,6,local.mqtt.telegraf,56,22.23,,periodic,,67,-6355,14,12,,,5,08a6f75abdf0,,0,273,359,08:A6:F7:5A:BD:F0,,6422,53,2,,55,,,557940,1782137873256,557946,1782137873262,,1782137873189,29,2026-06-22T14:17:53.6313561Z,72,,oasis/bottle,0
,,,,,,6,local.mqtt.telegraf,58,40.48,,periodic,,65,-14513,31,29,,,5,08a6f769c348,,0,273,361,08:A6:F7:69:C3:48,,14578,34,2,,36,,,558706,1782137874022,558712,1782137874028,,1782137873957,28,2026-06-22T14:17:54.4221231Z,71,,oasis/bottle,0
,,,,,,6,local.mqtt.telegraf,59,46.82,,periodic,,67,-684,46,44,,,5,08a6f7bb3c68,,0,274,366,08:A6:F7:BB:3C:68,,751,21,2,,23,,,558756,1782137874072,558762,1782137874078,,1782137874005,28,2026-06-22T14:17:54.4612929Z,73,,oasis/bottle,0
,,,,,,6,local.mqtt.telegraf,56,22.34,,periodic,,73,-7419,20,18,,,5,08a6f75abdf0,,0,273,360,08:A6:F7:5A:BD:F0,,7492,53,2,,55,,,559016,1782137874332,559022,1782137874338,,1782137874259,29,2026-06-22T14:17:54.7068849Z,72,,oasis/bottle,0
,,,,,,6,local.mqtt.telegraf,58,40.37,,periodic,,76,-16021,42,40,,,5,08a6f769c348,,0,273,362,08:A6:F7:69:C3:48,,16097,34,2,,36,,,560236,1782137875552,560242,1782137875558,,1782137875476,28,2026-06-22T14:17:55.939623Z,71,,oasis/bottle,0
,,,,,,6,local.mqtt.telegraf,59,46.44,,periodic,,68,-2263,47,45,,,5,08a6f7bb3c68,,0,273,367,08:A6:F7:BB:3C:68,,2331,21,2,,23,,,560336,1782137875653,560343,1782137875659,,1782137875585,28,2026-06-22T14:17:55.9944697Z,73,,oasis/bottle,0
,,,,,,6,local.mqtt.telegraf,56,22.12,,periodic,,63,-8969,10,8,,,5,08a6f75abdf0,,0,273,361,08:A6:F7:5A:BD:F0,,9032,53,2,,55,,,560546,1782137875862,560552,1782137875868,,1782137875799,29,2026-06-22T14:17:56.2427291Z,72,,oasis/bottle,0
,,,,,,6,local.mqtt.telegraf,58,39.58,,periodic,,66,-17281,32,30,,,5,08a6f769c348,,0,273,363,08:A6:F7:69:C3:48,,17347,34,2,,36,,,561476,1782137876792,561482,1782137876798,,1782137876726,28,2026-06-22T14:17:57.161178Z,71,,oasis/bottle,0
,,,,,,7,local.mqtt.telegraf,58,45.76,,periodic,,68,-3622,47,45,,,5,08a6f7bb3c68,,0,273,368,08:A6:F7:BB:3C:68,,3690,21,2,,23,,,561696,1782137877012,561703,1782137877019,,1782137876944,28,2026-06-22T14:17:57.3829622Z,73,,oasis/bottle,0
,,,,,,6,local.mqtt.telegraf,56,21.85,,periodic,,73,-10229,20,18,,,5,08a6f75abdf0,,0,274,362,08:A6:F7:5A:BD:F0,,10302,53,2,,55,,,561826,1782137877142,561832,1782137877148,,1782137877069,29,2026-06-22T14:17:57.5263826Z,72,,oasis/bottle,0
,,,,,,6,local.mqtt.telegraf,58,39.38,,periodic,,75,-18563,41,39,,,5,08a6f769c348,,0,273,364,08:A6:F7:69:C3:48,,18638,34,2,,36,,,562776,1782137878092,562782,1782137878098,,1782137878017,28,2026-06-22T14:17:58.4651404Z,71,,oasis/bottle,0
,,,,,,6,local.mqtt.telegraf,56,21.7,,periodic,,73,-11569,20,18,,,5,08a6f75abdf0,,0,273,363,08:A6:F7:5A:BD:F0,,11642,53,2,,55,,,563166,1782137878482,563172,1782137878488,,1782137878409,29,2026-06-22T14:17:58.8387974Z,72,,oasis/bottle,0
,,,,,,6,local.mqtt.telegraf,58,46.15,,periodic,,68,-5132,47,45,,,5,08a6f7bb3c68,,0,273,369,08:A6:F7:BB:3C:68,,5200,21,2,,23,,,563206,1782137878522,563212,1782137878528,,1782137878454,28,2026-06-22T14:17:58.8763865Z,73,,oasis/bottle,0
,,,,,,14,local.mqtt.telegraf,59,39.26,,periodic,,66,-19961,32,30,,,5,08a6f769c348,,0,273,365,08:A6:F7:69:C3:48,,20027,34,2,,36,,,564156,1782137879472,564170,1782137879486,,1782137879406,28,2026-06-22T14:17:59.8542025Z,71,,oasis/bottle,0
,,,,,,5,local.mqtt.telegraf,58,46.87,,periodic,,68,-6352,47,45,,,5,08a6f7bb3c68,,0,273,370,08:A6:F7:BB:3C:68,,6420,21,2,,23,,,564425,1782137879742,564431,1782137879747,,1782137879674,28,2026-06-22T14:18:00.117529Z,73,,oasis/bottle,0
,,,,,,6,local.mqtt.telegraf,56,21.92,,periodic,,74,-13047,21,19,,,5,08a6f75abdf0,,0,273,364,08:A6:F7:5A:BD:F0,,13121,53,2,,55,,,564646,1782137879962,564652,1782137879968,,1782137879888,29,2026-06-22T14:18:00.3365235Z,72,,oasis/bottle,0
,,,,,,10,local.mqtt.telegraf,59,46.67,,periodic,,67,-7584,46,44,,,5,08a6f7bb3c68,,0,273,371,08:A6:F7:BB:3C:68,,7651,21,2,,23,,,565656,1782137880972,565666,1782137880982,,1782137880905,28,2026-06-22T14:18:01.3579092Z,73,,oasis/bottle,0
,,,,,,6,local.mqtt.telegraf,59,40.32,,periodic,,71,-1311,41,39,,,5,08a6f769c348,,0,273,366,08:A6:F7:69:C3:48,,1382,30,2,,32,,,565726,1782137881042,565732,1782137881048,,1782137880971,28,2026-06-22T14:18:01.4104795Z,74,,oasis/bottle,0
,,,,,,8,local.mqtt.telegraf,57,21.93,,periodic,,66,-14215,13,11,,,5,08a6f75abdf0,,0,273,365,08:A6:F7:5A:BD:F0,,14281,53,2,,55,,,565798,1782137881114,565806,1782137881122,,1782137881048,29,2026-06-22T14:18:01.4906117Z,72,,oasis/bottle,0
,,,,,,6,local.mqtt.telegraf,57,21.88,,periodic,,63,-15319,10,8,,,5,08a6f75abdf0,,0,273,366,08:A6:F7:5A:BD:F0,,15382,53,2,,55,,,566896,1782137882212,566902,1782137882218,,1782137882149,29,2026-06-22T14:18:02.5782792Z,72,,oasis/bottle,0
,,,,,,11,local.mqtt.telegraf,59,46.66,,periodic,,74,-8837,53,51,,,5,08a6f7bb3c68,,0,273,372,08:A6:F7:BB:3C:68,,8911,21,2,,23,,,566922,1782137882239,566934,1782137882250,,1782137882165,28,2026-06-22T14:18:02.6090103Z,73,,oasis/bottle,0
,,,,,,6,local.mqtt.telegraf,59,40.31,,periodic,,62,-2649,32,30,,,5,08a6f769c348,,0,273,367,08:A6:F7:69:C3:48,,2711,30,2,,32,,,567046,1782137882362,567052,1782137882368,,1782137882300,28,2026-06-22T14:18:02.7379867Z,74,,oasis/bottle,0
,,,,,,6,local.mqtt.telegraf,59,46.73,,periodic,,66,-10166,45,43,,,5,08a6f7bb3c68,,0,273,373,08:A6:F7:BB:3C:68,,10232,21,2,,23,,,568236,1782137883552,568242,1782137883558,,1782137883486,28,2026-06-22T14:18:03.9302851Z,73,,oasis/bottle,0
,,,,,,6,local.mqtt.telegraf,59,40.28,,periodic,,71,-4091,41,39,,,5,08a6f769c348,,0,273,368,08:A6:F7:69:C3:48,,4162,30,2,,32,,,568506,1782137883822,568512,1782137883828,,1782137883751,28,2026-06-22T14:18:04.16738Z,74,,oasis/bottle,0
,,,,,,5,local.mqtt.telegraf,57,21.93,,periodic,,88,-16904,35,33,,,5,08a6f75abdf0,,0,273,367,08:A6:F7:5A:BD:F0,,16992,53,2,,55,,,568531,1782137883847,568536,1782137883852,,1782137883759,29,2026-06-22T14:18:04.2058564Z,72,,oasis/bottle,1
,,,,,,6,local.mqtt.telegraf,59,40.37,,periodic,,59,-5205,29,27,,,5,08a6f769c348,,0,273,369,08:A6:F7:69:C3:48,,5264,30,2,,32,,,569596,1782137884912,569602,1782137884918,,1782137884853,28,2026-06-22T14:18:05.2969077Z,74,,oasis/bottle,0
,,,,,,7,local.mqtt.telegraf,58,46.77,,periodic,,71,-11599,50,48,,,5,08a6f7bb3c68,,0,273,374,08:A6:F7:BB:3C:68,,11670,21,2,,23,,,569679,1782137884995,569686,1782137885002,,1782137884924,28,2026-06-22T14:18:05.359811Z,73,,oasis/bottle,0
,,,,,,6,local.mqtt.telegraf,57,21.99,,periodic,,63,-18349,10,8,,,5,08a6f75abdf0,,0,273,368,08:A6:F7:5A:BD:F0,,18412,53,2,,55,,,569926,1782137885242,569932,1782137885248,,1782137885179,29,2026-06-22T14:18:05.6230443Z,72,,oasis/bottle,0
,,,,,,6,local.mqtt.telegraf,58,46.63,,periodic,,68,-12682,47,45,,,5,08a6f7bb3c68,,0,273,375,08:A6:F7:BB:3C:68,,12750,21,2,,23,,,570756,1782137886072,570762,1782137886078,,1782137886004,28,2026-06-22T14:18:06.4455808Z,73,,oasis/bottle,0
,,,,,,6,local.mqtt.telegraf,59,40.27,,periodic,,61,-6801,31,29,,,5,08a6f769c348,,0,273,370,08:A6:F7:69:C3:48,,6862,30,2,,32,,,571196,1782137886512,571202,1782137886518,,1782137886451,28,2026-06-22T14:18:06.8720886Z,74,,oasis/bottle,0
,,,,,,6,local.mqtt.telegraf,57,21.91,,periodic,,73,-19969,20,18,,,5,08a6f75abdf0,,0,273,369,08:A6:F7:5A:BD:F0,,20042,53,2,,55,,,571566,1782137886882,571572,1782137886888,,1782137886809,29,2026-06-22T14:18:07.2564969Z,72,,oasis/bottle,0
,,,,,,6,local.mqtt.telegraf,59,46.22,,periodic,,67,-14234,46,44,,,5,08a6f7bb3c68,,0,273,376,08:A6:F7:BB:3C:68,,14301,21,2,,23,,,572306,1782137887622,572312,1782137887628,,1782137887555,28,2026-06-22T14:18:07.9919637Z,73,,oasis/bottle,0
,,,,,,6,local.mqtt.telegraf,59,40.11,,periodic,,71,-8181,41,39,,,5,08a6f769c348,,0,273,371,08:A6:F7:69:C3:48,,8252,30,2,,32,,,572596,1782137887912,572602,1782137887918,,1782137887841,28,2026-06-22T14:18:08.2915797Z,74,,oasis/bottle,0
,,,,,,6,local.mqtt.telegraf,57,22.04,,periodic,,61,-1250,31,28,,,5,08a6f75abdf0,,0,273,370,08:A6:F7:5A:BD:F0,,1311,30,2,,33,,,573026,1782137888342,573032,1782137888348,,1782137888281,29,2026-06-22T14:18:08.7083346Z,75,,oasis/bottle,0
,,,,,,6,local.mqtt.telegraf,58,46.22,,periodic,,67,-15544,46,44,,,5,08a6f7bb3c68,,0,274,377,08:A6:F7:BB:3C:68,,15611,21,2,,23,,,573616,1782137888932,573622,1782137888938,,1782137888865,28,2026-06-22T14:18:09.3055489Z,73,,oasis/bottle,0
,,,,,,7,local.mqtt.telegraf,57,21.89,,periodic,,71,-2370,41,38,,,5,08a6f75abdf0,,0,273,371,08:A6:F7:5A:BD:F0,,2441,30,2,,33,,,574166,1782137889482,574173,1782137889489,,1782137889411,29,2026-06-22T14:18:09.8338507Z,75,,oasis/bottle,0
,,,,,,15,local.mqtt.telegraf,59,40.19,,periodic,,76,-9766,46,44,,,5,08a6f769c348,,0,273,372,08:A6:F7:69:C3:48,,9842,30,2,,32,,,574191,1782137889507,574206,1782137889522,,1782137889431,28,2026-06-22T14:18:09.8702901Z,74,,oasis/bottle,0
,,,,,,6,local.mqtt.telegraf,59,46.2,,periodic,,68,-16942,47,45,,,5,08a6f7bb3c68,,0,273,378,08:A6:F7:BB:3C:68,,17010,21,2,,23,,,575016,1782137890332,575022,1782137890338,,1782137890264,28,2026-06-22T14:18:10.7270539Z,73,,oasis/bottle,0
,,,,,,6,local.mqtt.telegraf,57,22.05,,periodic,,61,-3440,31,28,,,5,08a6f75abdf0,,0,273,372,08:A6:F7:5A:BD:F0,,3501,30,2,,33,,,575216,1782137890532,575222,1782137890538,,1782137890471,29,2026-06-22T14:18:10.8943242Z,75,,oasis/bottle,0
,,,,,,6,local.mqtt.telegraf,59,40.17,,periodic,,61,-11141,31,29,,,5,08a6f769c348,,0,273,373,08:A6:F7:69:C3:48,,11202,30,2,,32,,,575536,1782137890852,575542,1782137890858,,1782137890791,28,2026-06-22T14:18:11.2225213Z,74,,oasis/bottle,0
,,,,,,6,local.mqtt.telegraf,58,46.32,,periodic,,68,-18542,47,45,,,5,08a6f7bb3c68,,0,273,379,08:A6:F7:BB:3C:68,,18610,21,2,,23,,,576616,1782137891932,576622,1782137891938,,1782137891864,28,2026-06-22T14:18:12.304591Z,73,,oasis/bottle,0
,,,,,,7,local.mqtt.telegraf,57,22.13,,periodic,,71,-4940,41,38,,,5,08a6f75abdf0,,0,273,373,08:A6:F7:5A:BD:F0,,5011,30,2,,33,,,576736,1782137892052,576743,1782137892059,,1782137891981,29,2026-06-22T14:18:12.4381344Z,75,,oasis/bottle,0
,,,,,,6,local.mqtt.telegraf,59,40.06,,periodic,,71,-12651,41,39,,,5,08a6f769c348,,0,273,374,08:A6:F7:69:C3:48,,12722,30,2,,32,,,577066,1782137892382,577072,1782137892388,,1782137892311,28,2026-06-22T14:18:12.766034Z,74,,oasis/bottle,0
,,,,,,6,local.mqtt.telegraf,57,21.97,,periodic,,61,-6180,31,28,,,5,08a6f75abdf0,,0,273,374,08:A6:F7:5A:BD:F0,,6241,30,2,,33,,,577956,1782137893272,577962,1782137893278,,1782137893211,29,2026-06-22T14:18:13.6446678Z,75,,oasis/bottle,0
,,,,,,6,local.mqtt.telegraf,58,45.99,,periodic,,67,-19944,46,44,,,5,08a6f7bb3c68,,0,273,380,08:A6:F7:BB:3C:68,,20011,21,2,,23,,,578016,1782137893332,578022,1782137893338,,1782137893265,28,2026-06-22T14:18:13.6929342Z,73,,oasis/bottle,0
,,,,,,6,local.mqtt.telegraf,59,40.16,,periodic,,60,-13912,30,28,,,5,08a6f769c348,,0,273,375,08:A6:F7:69:C3:48,,13972,30,2,,32,,,578305,1782137893621,578311,1782137893627,,1782137893561,28,2026-06-22T14:18:13.9942345Z,74,,oasis/bottle,0
,,,,,,6,local.mqtt.telegraf,57,22.13,,periodic,,61,-7430,31,28,,,5,08a6f75abdf0,,0,273,375,08:A6:F7:5A:BD:F0,,7491,30,2,,33,,,579206,1782137894522,579212,1782137894528,,1782137894461,29,2026-06-22T14:18:14.8922446Z,75,,oasis/bottle,0
,,,,,,6,local.mqtt.telegraf,59,40.43,,periodic,,61,-15201,31,29,,,5,08a6f769c348,,0,273,376,08:A6:F7:69:C3:48,,15262,30,2,,32,,,579596,1782137894912,579602,1782137894918,,1782137894851,28,2026-06-22T14:18:15.2413237Z,74,,oasis/bottle,0
,,,,,,6,local.mqtt.telegraf,58,46.93,,periodic,,72,-1329,53,49,,,5,08a6f7bb3c68,,0,274,381,08:A6:F7:BB:3C:68,,1401,19,2,,23,,,579622,1782137894938,579628,1782137894944,,1782137894866,28,2026-06-22T14:18:15.2881781Z,76,,oasis/bottle,0
,,,,,,6,local.mqtt.telegraf,57,22.21,,periodic,,71,-8720,41,38,,,5,08a6f75abdf0,,0,273,376,08:A6:F7:5A:BD:F0,,8791,30,2,,33,,,580516,1782137895832,580522,1782137895838,,1782137895761,29,2026-06-22T14:18:16.2124117Z,75,,oasis/bottle,0
,,,,,,6,local.mqtt.telegraf,59,40.36,,periodic,,61,-16581,31,29,,,5,08a6f769c348,,0,273,377,08:A6:F7:69:C3:48,,16642,30,2,,32,,,580976,1782137896292,580982,1782137896298,,1782137896231,28,2026-06-22T14:18:16.6601064Z,74,,oasis/bottle,0
,,,,,,6,local.mqtt.telegraf,58,46.93,,periodic,,66,-2745,47,43,,,5,08a6f7bb3c68,,0,273,382,08:A6:F7:BB:3C:68,,2811,19,2,,23,,,581026,1782137896342,581032,1782137896348,,1782137896276,28,2026-06-22T14:18:16.6966279Z,76,,oasis/bottle,0
,,,,,,6,local.mqtt.telegraf,57,22.05,,periodic,,61,-10130,31,28,,,5,08a6f75abdf0,,0,273,377,08:A6:F7:5A:BD:F0,,10191,30,2,,33,,,581906,1782137897222,581912,1782137897228,,1782137897161,29,2026-06-22T14:18:17.5945144Z,75,,oasis/bottle,0
,,,,,,6,local.mqtt.telegraf,59,40.48,,periodic,,61,-18131,31,29,,,5,08a6f769c348,,0,273,378,08:A6:F7:69:C3:48,,18192,30,2,,32,,,582526,1782137897842,582532,1782137897848,,1782137897781,28,2026-06-22T14:18:18.2224521Z,74,,oasis/bottle,0
,,,,,,6,local.mqtt.telegraf,58,46.67,,periodic,,67,-4343,48,44,,,5,08a6f7bb3c68,,0,273,383,08:A6:F7:BB:3C:68,,4410,19,2,,23,,,582626,1782137897942,582632,1782137897948,,1782137897875,28,2026-06-22T14:18:18.2857366Z,76,,oasis/bottle,0
,,,,,,6,local.mqtt.telegraf,57,22.13,,periodic,,71,-11710,41,38,,,5,08a6f75abdf0,,0,273,378,08:A6:F7:5A:BD:F0,,11781,30,2,,33,,,583506,1782137898822,583512,1782137898828,,1782137898751,29,2026-06-22T14:18:19.2069388Z,75,,oasis/bottle,0
,,,,,,6,local.mqtt.telegraf,59,40.37,,periodic,,72,-19419,42,40,,,5,08a6f769c348,,0,273,379,08:A6:F7:69:C3:48,,19491,30,2,,32,,,583836,1782137899152,583842,1782137899158,,1782137899080,28,2026-06-22T14:18:19.521402Z,74,,oasis/bottle,0
,,,,,,6,local.mqtt.telegraf,58,46.78,,periodic,,67,-5753,48,44,,,5,08a6f7bb3c68,,0,273,384,08:A6:F7:BB:3C:68,,5820,19,2,,23,,,584036,1782137899352,584042,1782137899358,,1782137899285,28,2026-06-22T14:18:19.7087083Z,76,,oasis/bottle,0
,,,,,,6,local.mqtt.telegraf,57,22.17,,periodic,,60,-13111,30,27,,,5,08a6f75abdf0,,0,273,379,08:A6:F7:5A:BD:F0,,13171,30,2,,33,,,584885,1782137900201,584891,1782137900207,,1782137900141,29,2026-06-22T14:18:20.5562584Z,75,,oasis/bottle,0
,,,,,,6,local.mqtt.telegraf,59,40.32,,periodic,,61,-641,31,29,,,5,08a6f769c348,,0,273,380,08:A6:F7:69:C3:48,,702,30,2,,32,,,585246,1782137900562,585252,1782137900568,,1782137900501,28,2026-06-22T14:18:20.9252914Z,77,,oasis/bottle,0
,,,,,,6,local.mqtt.telegraf,58,46.89,,periodic,,66,-7365,47,43,,,5,08a6f7bb3c68,,0,273,385,08:A6:F7:BB:3C:68,,7431,19,2,,23,,,585646,1782137900962,585652,1782137900968,,1782137900896,28,2026-06-22T14:18:21.3190408Z,76,,oasis/bottle,0
,,,,,,6,local.mqtt.telegraf,57,22.13,,periodic,,72,-14658,42,39,,,5,08a6f75abdf0,,0,273,380,08:A6:F7:5A:BD:F0,,14730,30,2,,33,,,586456,1782137901772,586462,1782137901778,,1782137901700,29,2026-06-22T14:18:22.1462918Z,75,,oasis/bottle,0
,,,,,,6,local.mqtt.telegraf,58,40.35,,periodic,,72,-2249,42,40,,,5,08a6f769c348,,0,273,381,08:A6:F7:69:C3:48,,2321,30,2,,32,,,586876,1782137902192,586882,1782137902198,,1782137902120,28,2026-06-22T14:18:22.5572426Z,77,,oasis/bottle,0
,,,,,,6,local.mqtt.telegraf,58,46.82,,periodic,,67,-8783,48,44,,,5,08a6f7bb3c68,,0,273,386,08:A6:F7:BB:3C:68,,8850,19,2,,23,,,587066,1782137902382,587072,1782137902388,,1782137902315,28,2026-06-22T14:18:22.7497079Z,76,,oasis/bottle,0
,,,,,,6,local.mqtt.telegraf,57,22.26,,periodic,,61,-16000,31,28,,,5,08a6f75abdf0,,0,273,381,08:A6:F7:5A:BD:F0,,16061,30,2,,33,,,587776,1782137903092,587782,1782137903098,,1782137903031,29,2026-06-22T14:18:23.4601762Z,75,,oasis/bottle,0
,,,,,,6,local.mqtt.telegraf,58,40.33,,periodic,,62,-3699,32,30,,,5,08a6f769c348,,0,273,382,08:A6:F7:69:C3:48,,3761,30,2,,32,,,588306,1782137903622,588312,1782137903628,,1782137903560,28,2026-06-22T14:18:24.0020966Z,77,,oasis/bottle,0
,,,,,,6,local.mqtt.telegraf,58,46.94,,periodic,,67,-10423,48,44,,,5,08a6f7bb3c68,,0,273,387,08:A6:F7:BB:3C:68,,10490,19,2,,23,,,588706,1782137904022,588712,1782137904028,,1782137903955,28,2026-06-22T14:18:24.394997Z,76,,oasis/bottle,0
,,,,,,6,local.mqtt.telegraf,56,22.13,,periodic,,72,-17438,42,39,,,5,08a6f75abdf0,,0,273,382,08:A6:F7:5A:BD:F0,,17510,30,2,,33,,,589236,1782137904552,589242,1782137904558,,1782137904480,29,2026-06-22T14:18:24.9297229Z,75,,oasis/bottle,0
,,,,,,6,local.mqtt.telegraf,58,40.39,,periodic,,62,-4789,32,30,,,5,08a6f769c348,,0,273,383,08:A6:F7:69:C3:48,,4851,30,2,,32,,,589396,1782137904712,589402,1782137904718,,1782137904650,28,2026-06-22T14:18:25.0882988Z,77,,oasis/bottle,0
,,,,,,6,local.mqtt.telegraf,58,47,,periodic,,66,-11895,47,43,,,5,08a6f7bb3c68,,0,273,388,08:A6:F7:BB:3C:68,,11961,19,2,,23,,,590176,1782137905492,590182,1782137905498,,1782137905426,28,2026-06-22T14:18:25.873249Z,76,,oasis/bottle,0
,,,,,,6,local.mqtt.telegraf,56,22.11,,periodic,,68,-18546,38,35,,,5,08a6f75abdf0,,0,273,383,08:A6:F7:5A:BD:F0,,18614,30,2,,33,,,590336,1782137905652,590342,1782137905658,,1782137905584,29,2026-06-22T14:18:26.0308953Z,75,,oasis/bottle,0
,,,,,,6,local.mqtt.telegraf,58,40.33,,periodic,,62,-6349,32,30,,,5,08a6f769c348,,0,273,384,08:A6:F7:69:C3:48,,6411,30,2,,32,,,590956,1782137906272,590962,1782137906278,,1782137906210,28,2026-06-22T14:18:26.647574Z,77,,oasis/bottle,0
,,,,,,6,local.mqtt.telegraf,58,46.98,,periodic,,67,-13043,48,44,,,5,08a6f7bb3c68,,0,273,389,08:A6:F7:BB:3C:68,,13110,19,2,,23,,,591326,1782137906642,591332,1782137906648,,1782137906575,28,2026-06-22T14:18:27.0091295Z,76,,oasis/bottle,0
,,,,,,6,local.mqtt.telegraf,56,22.23,,periodic,,72,-20138,42,39,,,5,08a6f75abdf0,,0,273,384,08:A6:F7:5A:BD:F0,,20210,30,2,,33,,,591936,1782137907252,591942,1782137907258,,1782137907180,29,2026-06-22T14:18:27.6322094Z,75,,oasis/bottle,0
,,,,,,5,local.mqtt.telegraf,58,40.44,,periodic,,61,-7671,31,29,,,5,08a6f769c348,,0,273,385,08:A6:F7:69:C3:48,,7732,30,2,,32,,,592276,1782137907592,592281,1782137907597,,1782137907531,28,2026-06-22T14:18:27.9805316Z,77,,oasis/bottle,0
,,,,,,6,local.mqtt.telegraf,58,46.89,,periodic,,67,-14123,48,44,,,5,08a6f7bb3c68,,0,273,390,08:A6:F7:BB:3C:68,,14190,19,2,,23,,,592406,1782137907722,592412,1782137907728,,1782137907655,28,2026-06-22T14:18:28.0416603Z,76,,oasis/bottle,0
,,,,,,6,local.mqtt.telegraf,56,22.15,,periodic,,61,-1241,13,11,,,5,08a6f75abdf0,,0,274,385,08:A6:F7:5A:BD:F0,,1302,48,2,,50,,,593336,1782137908652,593342,1782137908658,,1782137908591,29,2026-06-22T14:18:29.0229311Z,78,,oasis/bottle,0
,,,,,,6,local.mqtt.telegraf,58,40.4,,periodic,,71,-9111,41,39,,,5,08a6f769c348,,0,274,386,08:A6:F7:69:C3:48,,9182,30,2,,32,,,593736,1782137909052,593742,1782137909058,,1782137908981,28,2026-06-22T14:18:29.4414226Z,77,,oasis/bottle,0
,,,,,,6,local.mqtt.telegraf,58,46.91,,periodic,,68,-15692,49,45,,,5,08a6f7bb3c68,,0,273,391,08:A6:F7:BB:3C:68,,15760,19,2,,23,,,593976,1782137909293,593983,1782137909299,,1782137909225,28,2026-06-22T14:18:29.6451057Z,76,,oasis/bottle,0
,,,,,,6,local.mqtt.telegraf,58,40.36,,periodic,,62,-10209,32,30,,,5,08a6f769c348,,0,273,387,08:A6:F7:69:C3:48,,10271,30,2,,32,,,594816,1782137910132,594822,1782137910138,,1782137910070,28,2026-06-22T14:18:30.5080728Z,77,,oasis/bottle,0
,,,,,,6,local.mqtt.telegraf,56,22.07,,periodic,,73,-2828,25,23,,,5,08a6f75abdf0,,0,273,386,08:A6:F7:5A:BD:F0,,2901,48,2,,50,,,594947,1782137910263,594953,1782137910269,,1782137910190,29,2026-06-22T14:18:30.6395993Z,78,,oasis/bottle,0
,,,,,,6,local.mqtt.telegraf,58,46.75,,periodic,,66,-17035,47,43,,,5,08a6f7bb3c68,,0,273,392,08:A6:F7:BB:3C:68,,17101,19,2,,23,,,595316,1782137910632,595322,1782137910638,,1782137910566,28,2026-06-22T14:18:31.0110347Z,76,,oasis/bottle,0
,,,,,,6,local.mqtt.telegraf,56,22.12,,periodic,,61,-4251,13,11,,,5,08a6f75abdf0,,0,274,387,08:A6:F7:5A:BD:F0,,4312,48,2,,50,,,596346,1782137911662,596352,1782137911668,,1782137911601,29,2026-06-22T14:18:32.0240434Z,78,,oasis/bottle,0
,,,,,,6,local.mqtt.telegraf,58,40.33,,periodic,,71,-11771,41,39,,,5,08a6f769c348,,0,274,388,08:A6:F7:69:C3:48,,11842,30,2,,32,,,596396,1782137911712,596402,1782137911718,,1782137911641,28,2026-06-22T14:18:32.0893804Z,77,,oasis/bottle,0
,,,,,,6,local.mqtt.telegraf,58,46.65,,periodic,,67,-18503,48,44,,,5,08a6f7bb3c68,,0,273,393,08:A6:F7:BB:3C:68,,18570,19,2,,23,,,596786,1782137912102,596792,1782137912108,,1782137912035,28,2026-06-22T14:18:32.4712775Z,76,,oasis/bottle,0
,,,,,,6,local.mqtt.telegraf,58,40.44,,periodic,,61,-13131,31,29,,,5,08a6f769c348,,0,273,389,08:A6:F7:69:C3:48,,13192,30,2,,32,,,597736,1782137913052,597742,1782137913058,,1782137912991,28,2026-06-22T14:18:33.4295356Z,77,,oasis/bottle,0
,,,,,,7,local.mqtt.telegraf,57,47.09,,periodic,,67,-19643,48,44,,,5,08a6f7bb3c68,,0,273,394,08:A6:F7:BB:3C:68,,19710,19,2,,23,,,597926,1782137913242,597932,1782137913249,,1782137913175,28,2026-06-22T14:18:33.5967978Z,76,,oasis/bottle,0
,,,,,,6,local.mqtt.telegraf,56,22.12,,periodic,,71,-5851,23,21,,,5,08a6f75abdf0,,0,274,388,08:A6:F7:5A:BD:F0,,5922,48,2,,50,,,597966,1782137913282,597972,1782137913288,,1782137913211,29,2026-06-22T14:18:33.6319727Z,78,,oasis/bottle,0
,,,,,,6,local.mqtt.telegraf,58,46.51,,periodic,,65,-513,42,39,,,5,08a6f7bb3c68,,0,274,395,08:A6:F7:BB:3C:68,,578,23,2,,26,,,599005,1782137914321,599011,1782137914327,,1782137914256,28,2026-06-22T14:18:34.7095529Z,79,,oasis/bottle,0
,,,,,,6,local.mqtt.telegraf,58,40.44,,periodic,,71,-14611,41,39,,,5,08a6f769c348,,0,274,390,08:A6:F7:69:C3:48,,14682,30,2,,32,,,599236,1782137914552,599242,1782137914558,,1782137914481,28,2026-06-22T14:18:34.9481146Z,77,,oasis/bottle,0
,,,,,,6,local.mqtt.telegraf,56,22.15,,periodic,,61,-7281,13,11,,,5,08a6f75abdf0,,0,274,389,08:A6:F7:5A:BD:F0,,7342,48,2,,50,,,599376,1782137914692,599382,1782137914698,,1782137914631,29,2026-06-22T14:18:35.0669187Z,78,,oasis/bottle,0
,,,,,,6,local.mqtt.telegraf,58,40.53,,periodic,,61,-15811,31,29,,,5,08a6f769c348,,0,273,391,08:A6:F7:69:C3:48,,15872,30,2,,32,,,600416,1782137915732,600422,1782137915738,,1782137915671,28,2026-06-22T14:18:36.1138898Z,77,,oasis/bottle,0
,,,,,,6,local.mqtt.telegraf,57,46.77,,periodic,,77,-2060,54,51,,,5,08a6f7bb3c68,,0,273,396,08:A6:F7:BB:3C:68,,2137,23,2,,26,,,600576,1782137915892,600582,1782137915898,,1782137915815,28,2026-06-22T14:18:36.2765328Z,79,,oasis/bottle,0
,,,,,,6,local.mqtt.telegraf,56,22.13,,periodic,,61,-8911,13,11,,,5,08a6f75abdf0,,0,274,390,08:A6:F7:5A:BD:F0,,8972,48,2,,50,,,601006,1782137916322,601012,1782137916328,,1782137916261,29,2026-06-22T14:18:36.7208686Z,78,,oasis/bottle,0
,,,,,,6,local.mqtt.telegraf,58,40.43,,periodic,,71,-16961,41,39,,,5,08a6f769c348,,0,273,392,08:A6:F7:69:C3:48,,17032,30,2,,32,,,601586,1782137916902,601592,1782137916908,,1782137916831,28,2026-06-22T14:18:37.2753072Z,77,,oasis/bottle,0
,,,,,,6,local.mqtt.telegraf,57,46.79,,periodic,,66,-3392,43,40,,,5,08a6f7bb3c68,,0,273,397,08:A6:F7:BB:3C:68,,3458,23,2,,26,,,601886,1782137917202,601892,1782137917208,,1782137917136,28,2026-06-22T14:18:37.5673042Z,79,,oasis/bottle,0
,,,,,,7,local.mqtt.telegraf,56,22.19,,periodic,,61,-10371,13,11,,,5,08a6f75abdf0,,0,274,391,08:A6:F7:5A:BD:F0,,10432,48,2,,50,,,602466,1782137917782,602473,1782137917789,,1782137917721,29,2026-06-22T14:18:38.1561984Z,78,,oasis/bottle,0
,,,,,,6,local.mqtt.telegraf,58,40.53,,periodic,,61,-18101,31,29,,,5,08a6f769c348,,0,274,393,08:A6:F7:69:C3:48,,18162,30,2,,32,,,602706,1782137918022,602712,1782137918028,,1782137917961,28,2026-06-22T14:18:38.4150033Z,77,,oasis/bottle,0
,,,,,,6,local.mqtt.telegraf,58,47.06,,periodic,,66,-4822,43,40,,,5,08a6f7bb3c68,,0,273,398,08:A6:F7:BB:3C:68,,4888,23,2,,26,,,603316,1782137918632,603322,1782137918638,,1782137918566,28,2026-06-22T14:18:39.0048591Z,79,,oasis/bottle,0
,,,,,,7,local.mqtt.telegraf,56,22.2,,periodic,,61,-11491,13,11,,,5,08a6f75abdf0,,0,274,392,08:A6:F7:5A:BD:F0,,11552,48,2,,50,,,603586,1782137918902,603593,1782137918909,,1782137918841,29,2026-06-22T14:18:39.2874715Z,78,,oasis/bottle,0
,,,,,,7,local.mqtt.telegraf,58,40.59,,periodic,,71,-19141,41,39,,,5,08a6f769c348,,0,273,394,08:A6:F7:69:C3:48,,19212,30,2,,32,,,603766,1782137919082,603773,1782137919089,,1782137919011,28,2026-06-22T14:18:39.4548352Z,77,,oasis/bottle,0
,,,,,,6,local.mqtt.telegraf,57,47.06,,periodic,,66,-5872,43,40,,,5,08a6f7bb3c68,,0,274,399,08:A6:F7:BB:3C:68,,5938,23,2,,26,,,604366,1782137919682,604372,1782137919688,,1782137919616,28,2026-06-22T14:18:40.0540551Z,79,,oasis/bottle,0
,,,,,,6,local.mqtt.telegraf,56,22.15,,periodic,,71,-12521,23,21,,,5,08a6f75abdf0,,0,274,393,08:A6:F7:5A:BD:F0,,12592,48,2,,50,,,604636,1782137919952,604642,1782137919958,,1782137919881,29,2026-06-22T14:18:40.3239669Z,78,,oasis/bottle,0
,,,,,,5,local.mqtt.telegraf,58,40.55,,periodic,,61,-441,31,29,,,5,08a6f769c348,,0,274,395,08:A6:F7:69:C3:48,,502,30,2,,32,,,605256,1782137920572,605261,1782137920577,,1782137920511,28,2026-06-22T14:18:40.9548849Z,80,,oasis/bottle,0
,,,,,,6,local.mqtt.telegraf,58,46.77,,periodic,,67,-7380,44,41,,,5,08a6f7bb3c68,,0,273,400,08:A6:F7:BB:3C:68,,7447,23,2,,26,,,605876,1782137921192,605882,1782137921198,,1782137921125,28,2026-06-22T14:18:41.5707861Z,79,,oasis/bottle,0
,,,,,,6,local.mqtt.telegraf,56,22.21,,periodic,,62,-14039,14,12,,,5,08a6f75abdf0,,0,273,394,08:A6:F7:5A:BD:F0,,14101,48,2,,50,,,606136,1782137921452,606142,1782137921458,,1782137921390,29,2026-06-22T14:18:41.830108Z,78,,oasis/bottle,0
,,,,,,6,local.mqtt.telegraf,58,40.39,,periodic,,62,-1630,32,30,,,5,08a6f769c348,,0,274,396,08:A6:F7:69:C3:48,,1692,30,2,,32,,,606447,1782137921763,606453,1782137921769,,1782137921701,28,2026-06-22T14:18:42.127982Z,80,,oasis/bottle,0
,,,,,,6,local.mqtt.telegraf,57,47.01,,periodic,,66,-8592,43,40,,,5,08a6f7bb3c68,,0,273,401,08:A6:F7:BB:3C:68,,8658,23,2,,26,,,607086,1782137922402,607092,1782137922408,,1782137922336,28,2026-06-22T14:18:42.7666946Z,79,,oasis/bottle,0
,,,,,,6,local.mqtt.telegraf,56,22.19,,periodic,,71,-15211,23,21,,,5,08a6f75abdf0,,0,273,395,08:A6:F7:5A:BD:F0,,15282,48,2,,50,,,607326,1782137922642,607332,1782137922648,,1782137922571,29,2026-06-22T14:18:43.0064104Z,78,,oasis/bottle,0
,,,,,,6,local.mqtt.telegraf,58,40.33,,periodic,,71,-2801,41,39,,,5,08a6f769c348,,0,274,397,08:A6:F7:69:C3:48,,2872,30,2,,32,,,607636,1782137922952,607642,1782137922958,,1782137922881,28,2026-06-22T14:18:43.3331491Z,80,,oasis/bottle,0
,,,,,,6,local.mqtt.telegraf,57,46.75,,periodic,,63,-9808,40,37,,,5,08a6f7bb3c68,,0,273,402,08:A6:F7:BB:3C:68,,9871,23,2,,26,,,608296,1782137923612,608302,1782137923618,,1782137923549,28,2026-06-22T14:18:43.9868161Z,79,,oasis/bottle,0
,,,,,,6,local.mqtt.telegraf,56,22.13,,periodic,,61,-16391,13,11,,,5,08a6f75abdf0,,0,273,396,08:A6:F7:5A:BD:F0,,16452,48,2,,50,,,608486,1782137923802,608492,1782137923808,,1782137923741,29,2026-06-22T14:18:44.1708165Z,78,,oasis/bottle,0
,,,,,,6,local.mqtt.telegraf,58,40.49,,periodic,,61,-3981,31,29,,,5,08a6f769c348,,0,273,398,08:A6:F7:69:C3:48,,4042,30,2,,32,,,608796,1782137924112,608802,1782137924118,,1782137924051,28,2026-06-22T14:18:44.4709919Z,80,,oasis/bottle,0
,,,,,,14,local.mqtt.telegraf,57,47.2,,periodic,,66,-11032,43,40,,,5,08a6f7bb3c68,,0,274,403,08:A6:F7:BB:3C:68,,11098,23,2,,26,,,609526,1782137924842,609540,1782137924856,,1782137924776,28,2026-06-22T14:18:45.2175371Z,79,,oasis/bottle,0
,,,,,,7,local.mqtt.telegraf,56,22.21,,periodic,,63,-17509,15,13,,,5,08a6f75abdf0,,0,273,397,08:A6:F7:5A:BD:F0,,17572,48,2,,50,,,609608,1782137924924,609615,1782137924931,,1782137924861,29,2026-06-22T14:18:45.2760612Z,78,,oasis/bottle,0
,,,,,,6,local.mqtt.telegraf,58,40.53,,periodic,,61,-5101,31,29,,,5,08a6f769c348,,0,274,399,08:A6:F7:69:C3:48,,5162,30,2,,32,,,609916,1782137925232,609922,1782137925238,,1782137925171,28,2026-06-22T14:18:45.6061845Z,80,,oasis/bottle,0
,,,,,,10,local.mqtt.telegraf,56,22.15,,periodic,,61,-18551,13,11,,,5,08a6f75abdf0,,0,274,398,08:A6:F7:5A:BD:F0,,18612,48,2,,50,,,610646,1782137925962,610656,1782137925972,,1782137925901,29,2026-06-22T14:18:46.3387301Z,78,,oasis/bottle,0
,,,,,,6,local.mqtt.telegraf,57,46.9,,periodic,,68,-12289,45,42,,,5,08a6f7bb3c68,,0,273,404,08:A6:F7:BB:3C:68,,12357,23,2,,26,,,610787,1782137926103,610793,1782137926109,,1782137926035,28,2026-06-22T14:18:46.5903232Z,79,,oasis/bottle,0
,,,,,,6,local.mqtt.telegraf,58,40.66,,periodic,,71,-6141,41,39,,,5,08a6f769c348,,0,273,400,08:A6:F7:69:C3:48,,6212,30,2,,32,,,610976,1782137926292,610982,1782137926298,,1782137926221,28,2026-06-22T14:18:46.6941877Z,80,,oasis/bottle,0
,,,,,,6,local.mqtt.telegraf,57,46.89,,periodic,,66,-13612,43,40,,,5,08a6f7bb3c68,,0,273,405,08:A6:F7:BB:3C:68,,13678,23,2,,26,,,612106,1782137927422,612112,1782137927428,,1782137927356,28,2026-06-22T14:18:47.7622816Z,79,,oasis/bottle,0
,,,,,,6,local.mqtt.telegraf,56,22.31,,periodic,,68,-20024,20,18,,,5,08a6f75abdf0,,0,274,399,08:A6:F7:5A:BD:F0,,20092,48,2,,50,,,612133,1782137927449,612139,1782137927455,,1782137927381,29,2026-06-22T14:18:47.8102194Z,78,,oasis/bottle,0
,,,,,,5,local.mqtt.telegraf,58,40.43,,periodic,,61,-7651,31,29,,,5,08a6f769c348,,0,273,401,08:A6:F7:69:C3:48,,7712,30,2,,32,,,612466,1782137927782,612471,1782137927787,,1782137927721,28,2026-06-22T14:18:48.1545445Z,80,,oasis/bottle,0
,,,,,,7,local.mqtt.telegraf,56,22.23,,periodic,,58,-1003,28,25,,,5,08a6f75abdf0,,0,274,400,08:A6:F7:5A:BD:F0,,1061,30,2,,33,,,613296,1782137928612,613303,1782137928619,,1782137928554,29,2026-06-22T14:18:48.9787585Z,81,,oasis/bottle,0
,,,,,,6,local.mqtt.telegraf,57,47.26,,periodic,,76,-15032,53,50,,,5,08a6f7bb3c68,,0,273,406,08:A6:F7:BB:3C:68,,15108,23,2,,26,,,613546,1782137928862,613552,1782137928868,,1782137928786,28,2026-06-22T14:18:49.240933Z,79,,oasis/bottle,0
,,,,,,6,local.mqtt.telegraf,58,40.63,,periodic,,71,-8831,41,39,,,5,08a6f769c348,,0,273,402,08:A6:F7:69:C3:48,,8902,30,2,,32,,,613666,1782137928982,613672,1782137928988,,1782137928911,28,2026-06-22T14:18:49.3071021Z,80,,oasis/bottle,0
,,,,,,6,local.mqtt.telegraf,56,22.19,,periodic,,68,-2123,38,35,,,5,08a6f75abdf0,,0,274,401,08:A6:F7:5A:BD:F0,,2191,30,2,,33,,,614436,1782137929752,614442,1782137929758,,1782137929684,29,2026-06-22T14:18:50.1676215Z,81,,oasis/bottle,0
,,,,,,6,local.mqtt.telegraf,57,47.06,,periodic,,67,-16110,44,41,,,5,08a6f7bb3c68,,0,273,407,08:A6:F7:BB:3C:68,,16177,23,2,,26,,,614606,1782137929922,614612,1782137929928,,1782137929855,28,2026-06-22T14:18:50.2909234Z,79,,oasis/bottle,0
,,,,,,6,local.mqtt.telegraf,58,40.4,,periodic,,61,-10031,31,29,,,5,08a6f769c348,,0,273,403,08:A6:F7:69:C3:48,,10092,30,2,,32,,,614846,1782137930162,614852,1782137930168,,1782137930101,28,2026-06-22T14:18:50.5380341Z,80,,oasis/bottle,0
,,,,,,6,local.mqtt.telegraf,56,22.23,,periodic,,58,-3203,28,25,,,5,08a6f75abdf0,,0,274,402,08:A6:F7:5A:BD:F0,,3261,30,2,,33,,,615496,1782137930812,615502,1782137930818,,1782137930754,29,2026-06-22T14:18:51.1765613Z,81,,oasis/bottle,0
,,,,,,6,local.mqtt.telegraf,58,40.68,,periodic,,61,-11201,31,29,,,5,08a6f769c348,,0,273,404,08:A6:F7:69:C3:48,,11262,30,2,,32,,,616016,1782137931332,616022,1782137931338,,1782137931271,28,2026-06-22T14:18:51.6995694Z,80,,oasis/bottle,0
,,,,,,6,local.mqtt.telegraf,57,46.89,,periodic,,66,-17632,43,40,,,5,08a6f7bb3c68,,0,273,408,08:A6:F7:BB:3C:68,,17698,23,2,,26,,,616126,1782137931442,616132,1782137931448,,1782137931376,28,2026-06-22T14:18:51.7630044Z,79,,oasis/bottle,0
,,,,,,6,local.mqtt.telegraf,56,22.13,,periodic,,58,-4723,28,25,,,5,08a6f75abdf0,,0,273,403,08:A6:F7:5A:BD:F0,,4781,30,2,,33,,,617016,1782137932332,617022,1782137932338,,1782137932274,29,2026-06-22T14:18:52.6923267Z,81,,oasis/bottle,0
,,,,,,6,local.mqtt.telegraf,58,40.6,,periodic,,71,-12331,41,39,,,5,08a6f769c348,,0,274,405,08:A6:F7:69:C3:48,,12402,30,2,,32,,,617166,1782137932482,617172,1782137932488,,1782137932411,28,2026-06-22T14:18:52.8542778Z,80,,oasis/bottle,0
,,,,,,6,local.mqtt.telegraf,58,47,,periodic,,67,-18870,44,41,,,5,08a6f7bb3c68,,0,273,409,08:A6:F7:BB:3C:68,,18937,23,2,,26,,,617366,1782137932682,617372,1782137932688,,1782137932615,28,2026-06-22T14:18:53.0491543Z,79,,oasis/bottle,0
,,,,,,6,local.mqtt.telegraf,58,40.63,,periodic,,61,-13431,31,29,,,5,08a6f769c348,,0,273,406,08:A6:F7:69:C3:48,,13492,30,2,,32,,,618246,1782137933562,618252,1782137933568,,1782137933501,28,2026-06-22T14:18:53.9401402Z,80,,oasis/bottle,0
,,,,,,6,local.mqtt.telegraf,56,22.16,,periodic,,58,-6003,28,25,,,5,08a6f75abdf0,,0,273,404,08:A6:F7:5A:BD:F0,,6061,30,2,,33,,,618296,1782137933612,618302,1782137933618,,1782137933554,29,2026-06-22T14:18:54.0104706Z,81,,oasis/bottle,0
,,,,,,14,local.mqtt.telegraf,57,47.09,,periodic,,76,-20142,53,50,,,5,08a6f7bb3c68,,0,274,410,08:A6:F7:BB:3C:68,,20218,23,2,,26,,,618656,1782137933972,618670,1782137933986,,1782137933896,28,2026-06-22T14:18:54.3551324Z,79,,oasis/bottle,0
,,,,,,6,local.mqtt.telegraf,56,22.2,,periodic,,68,-7313,38,35,,,5,08a6f75abdf0,,0,273,405,08:A6:F7:5A:BD:F0,,7381,30,2,,33,,,619626,1782137934942,619632,1782137934948,,1782137934874,29,2026-06-22T14:18:55.3224711Z,81,,oasis/bottle,0
,,,,,,6,local.mqtt.telegraf,58,40.62,,periodic,,71,-14981,41,39,,,5,08a6f769c348,,0,274,407,08:A6:F7:69:C3:48,,15052,30,2,,32,,,619816,1782137935132,619822,1782137935138,,1782137935061,28,2026-06-22T14:18:55.5006176Z,80,,oasis/bottle,0
,,,,,,6,local.mqtt.telegraf,57,47.1,,periodic,,66,-1196,9,7,,,5,08a6f7bb3c68,,0,274,411,08:A6:F7:BB:3C:68,,1262,57,2,,59,,,620026,1782137935342,620032,1782137935348,,1782137935276,28,2026-06-22T14:18:55.7201487Z,82,,oasis/bottle,0
,,,,,,6,local.mqtt.telegraf,56,22.13,,periodic,,59,-8772,29,26,,,5,08a6f75abdf0,,0,273,406,08:A6:F7:5A:BD:F0,,8831,30,2,,33,,,621067,1782137936383,621073,1782137936389,,1782137936324,29,2026-06-22T14:18:56.7566928Z,81,,oasis/bottle,0
,,,,,,9,local.mqtt.telegraf,58,40.4,,periodic,,68,-16307,38,36,,,5,08a6f769c348,,0,273,408,08:A6:F7:69:C3:48,,16375,30,2,,32,,,621136,1782137936452,621145,1782137936461,,1782137936384,28,2026-06-22T14:18:56.8271744Z,80,,oasis/bottle,0
,,,,,,6,local.mqtt.telegraf,57,47.04,,periodic,,66,-2736,9,7,,,5,08a6f7bb3c68,,0,273,412,08:A6:F7:BB:3C:68,,2802,57,2,,59,,,621566,1782137936882,621572,1782137936888,,1782137936816,28,2026-06-22T14:18:57.266925Z,82,,oasis/bottle,0
,,,,,,7,local.mqtt.telegraf,56,22.15,,periodic,,58,-9863,28,25,,,5,08a6f75abdf0,,0,273,407,08:A6:F7:5A:BD:F0,,9921,30,2,,33,,,622156,1782137937472,622163,1782137937479,,1782137937414,29,2026-06-22T14:18:57.8495231Z,81,,oasis/bottle,0
,,,,,,6,local.mqtt.telegraf,58,40.44,,periodic,,71,-17741,41,39,,,5,08a6f769c348,,0,274,409,08:A6:F7:69:C3:48,,17812,30,2,,32,,,622576,1782137937892,622582,1782137937898,,1782137937821,28,2026-06-22T14:18:58.2751254Z,80,,oasis/bottle,0
,,,,,,6,local.mqtt.telegraf,58,47.2,,periodic,,67,-4014,10,8,,,5,08a6f7bb3c68,,0,273,413,08:A6:F7:BB:3C:68,,4081,57,2,,59,,,622846,1782137938162,622852,1782137938168,,1782137938095,28,2026-06-22T14:18:58.5366641Z,82,,oasis/bottle,0
,,,,,,6,local.mqtt.telegraf,58,40.49,,periodic,,61,-18831,31,29,,,5,08a6f769c348,,0,273,410,08:A6:F7:69:C3:48,,18892,30,2,,32,,,623646,1782137938962,623652,1782137938968,,1782137938901,28,2026-06-22T14:18:59.339764Z,80,,oasis/bottle,0
,,,,,,6,local.mqtt.telegraf,56,22.17,,periodic,,58,-11443,28,25,,,5,08a6f75abdf0,,0,273,408,08:A6:F7:5A:BD:F0,,11501,30,2,,33,,,623736,1782137939052,623742,1782137939058,,1782137938994,29,2026-06-22T14:18:59.3820726Z,81,,oasis/bottle,0
,,,,,,6,local.mqtt.telegraf,57,46.91,,periodic,,66,-5366,9,7,,,5,08a6f7bb3c68,,0,274,414,08:A6:F7:BB:3C:68,,5432,57,2,,59,,,624196,1782137939512,624202,1782137939518,,1782137939446,28,2026-06-22T14:18:59.8925659Z,82,,oasis/bottle,0
,,,,,,6,local.mqtt.telegraf,56,22.27,,periodic,,58,-12793,28,25,,,5,08a6f75abdf0,,0,273,409,08:A6:F7:5A:BD:F0,,12851,30,2,,33,,,625086,1782137940402,625092,1782137940408,,1782137940344,29,2026-06-22T14:19:00.7717596Z,81,,oasis/bottle,0
,,,,,,6,local.mqtt.telegraf,58,40.44,,periodic,,71,-20371,41,39,,,5,08a6f769c348,,0,274,411,08:A6:F7:69:C3:48,,20442,30,2,,32,,,625206,1782137940522,625212,1782137940528,,1782137940451,28,2026-06-22T14:19:00.8855487Z,80,,oasis/bottle,0
,,,,,,6,local.mqtt.telegraf,57,47.26,,periodic,,66,-6866,9,7,,,5,08a6f7bb3c68,,0,274,415,08:A6:F7:BB:3C:68,,6932,57,2,,59,,,625696,1782137941012,625702,1782137941018,,1782137940946,28,2026-06-22T14:19:01.3927201Z,82,,oasis/bottle,0
,,,,,,7,local.mqtt.telegraf,58,40.55,,periodic,,61,-1141,13,11,,,5,08a6f769c348,,0,273,412,08:A6:F7:69:C3:48,,1202,48,2,,50,,,626506,1782137941822,626512,1782137941829,,1782137941761,28,2026-06-22T14:19:02.1940621Z,83,,oasis/bottle,0
,,,,,,6,local.mqtt.telegraf,56,22.13,,periodic,,59,-14292,29,26,,,5,08a6f75abdf0,,0,273,410,08:A6:F7:5A:BD:F0,,14351,30,2,,33,,,626587,1782137941903,626593,1782137941909,,1782137941844,29,2026-06-22T14:19:02.252897Z,81,,oasis/bottle,0
,,,,,,6,local.mqtt.telegraf,57,47.16,,periodic,,66,-8066,9,7,,,5,08a6f7bb3c68,,0,273,416,08:A6:F7:BB:3C:68,,8132,57,2,,59,,,626896,1782137942212,626902,1782137942218,,1782137942146,28,2026-06-22T14:19:02.5981411Z,82,,oasis/bottle,0
,,,,,,6,local.mqtt.telegraf,56,22.16,,periodic,,68,-15483,38,35,,,5,08a6f75abdf0,,0,274,411,08:A6:F7:5A:BD:F0,,15551,30,2,,33,,,627796,1782137943112,627802,1782137943118,,1782137943044,29,2026-06-22T14:19:03.4928638Z,81,,oasis/bottle,0
,,,,,,6,local.mqtt.telegraf,58,40.55,,periodic,,71,-2541,23,21,,,5,08a6f769c348,,0,273,413,08:A6:F7:69:C3:48,,2612,48,2,,50,,,627926,1782137943242,627932,1782137943248,,1782137943171,28,2026-06-22T14:19:03.5653763Z,83,,oasis/bottle,0
,,,,,,6,local.mqtt.telegraf,57,46.79,,periodic,,67,-9265,10,8,,,5,08a6f7bb3c68,,0,274,417,08:A6:F7:BB:3C:68,,9332,57,2,,59,,,628097,1782137943413,628103,1782137943419,,1782137943346,28,2026-06-22T14:19:03.8108535Z,82,,oasis/bottle,0
,,,,,,6,local.mqtt.telegraf,56,22.2,,periodic,,58,-16703,28,25,,,5,08a6f75abdf0,,0,274,412,08:A6:F7:5A:BD:F0,,16761,30,2,,33,,,628996,1782137944312,629002,1782137944318,,1782137944254,29,2026-06-22T14:19:04.6872692Z,81,,oasis/bottle,0
,,,,,,6,local.mqtt.telegraf,57,47.09,,periodic,,67,-10464,10,8,,,5,08a6f7bb3c68,,0,273,418,08:A6:F7:BB:3C:68,,10531,57,2,,59,,,629296,1782137944612,629302,1782137944618,,1782137944545,28,2026-06-22T14:19:04.9895519Z,82,,oasis/bottle,0
,,,,,,6,local.mqtt.telegraf,58,40.55,,periodic,,61,-4181,13,11,,,5,08a6f769c348,,0,273,414,08:A6:F7:69:C3:48,,4242,48,2,,50,,,629546,1782137944862,629552,1782137944868,,1782137944801,28,2026-06-22T14:19:05.2429761Z,83,,oasis/bottle,0
,,,,,,6,local.mqtt.telegraf,56,22.17,,periodic,,58,-17903,28,25,,,5,08a6f75abdf0,,0,273,413,08:A6:F7:5A:BD:F0,,17961,30,2,,33,,,630196,1782137945512,630202,1782137945518,,1782137945454,29,2026-06-22T14:19:05.8828033Z,81,,oasis/bottle,0
,,,,,,6,local.mqtt.telegraf,57,47.18,,periodic,,67,-11654,10,8,,,5,08a6f7bb3c68,,0,273,419,08:A6:F7:BB:3C:68,,11721,57,2,,59,,,630486,1782137945802,630492,1782137945808,,1782137945735,28,2026-06-22T14:19:06.1669619Z,82,,oasis/bottle,0
,,,,,,6,local.mqtt.telegraf,58,40.43,,periodic,,71,-5611,23,21,,,5,08a6f769c348,,0,273,415,08:A6:F7:69:C3:48,,5682,48,2,,50,,,630996,1782137946312,631002,1782137946318,,1782137946241,28,2026-06-22T14:19:06.6876458Z,83,,oasis/bottle,0
,,,,,,6,local.mqtt.telegraf,56,22.13,,periodic,,59,-19102,29,26,,,5,08a6f75abdf0,,0,274,414,08:A6:F7:5A:BD:F0,,19161,30,2,,33,,,631397,1782137946713,631403,1782137946719,,1782137946654,29,2026-06-22T14:19:07.0870911Z,81,,oasis/bottle,0
,,,,,,6,local.mqtt.telegraf,57,46.3,,periodic,,67,-12834,10,8,,,5,08a6f7bb3c68,,0,273,420,08:A6:F7:BB:3C:68,,12901,57,2,,59,,,631666,1782137946982,631672,1782137946988,,1782137946915,28,2026-06-22T14:19:07.360392Z,82,,oasis/bottle,0
,,,,,,6,local.mqtt.telegraf,58,40.53,,periodic,,61,-6721,13,11,,,5,08a6f769c348,,0,273,416,08:A6:F7:69:C3:48,,6782,48,2,,50,,,632086,1782137947402,632092,1782137947408,,1782137947341,28,2026-06-22T14:19:07.784423Z,83,,oasis/bottle,0
,,,,,,6,local.mqtt.telegraf,56,22.15,,periodic,,65,-20299,35,32,,,5,08a6f75abdf0,,0,273,415,08:A6:F7:5A:BD:F0,,20364,30,2,,33,,,632606,1782137947922,632612,1782137947928,,1782137947857,29,2026-06-22T14:19:08.2918432Z,81,,oasis/bottle,0
,,,,,,6,local.mqtt.telegraf,57,41.54,,periodic,,77,-14004,20,18,,,5,08a6f7bb3c68,,0,273,421,08:A6:F7:BB:3C:68,,14081,57,2,,59,,,632856,1782137948172,632861,1782137948178,,1782137948095,28,2026-06-22T14:19:08.5568063Z,82,,oasis/bottle,0
,,,,,,6,local.mqtt.telegraf,58,40.58,,periodic,,71,-8291,23,21,,,5,08a6f769c348,,0,273,417,08:A6:F7:69:C3:48,,8362,48,2,,50,,,633676,1782137948992,633682,1782137948998,,1782137948921,28,2026-06-22T14:19:09.3640328Z,83,,oasis/bottle,0
,,,,,,6,local.mqtt.telegraf,56,22.13,,periodic,,58,-1044,11,9,,,5,08a6f75abdf0,,0,274,416,08:A6:F7:5A:BD:F0,,1102,47,2,,49,,,633806,1782137949122,633812,1782137949128,,1782137949064,29,2026-06-22T14:19:09.5010764Z,84,,oasis/bottle,0
,,,,,,6,local.mqtt.telegraf,57,47.02,,periodic,,66,-15166,9,7,,,5,08a6f7bb3c68,,0,274,422,08:A6:F7:BB:3C:68,,15232,57,2,,59,,,633996,1782137949312,634002,1782137949318,,1782137949246,28,2026-06-22T14:19:09.6825199Z,82,,oasis/bottle,0
,,,,,,6,local.mqtt.telegraf,56,22.23,,periodic,,58,-2244,11,9,,,5,08a6f75abdf0,,0,273,417,08:A6:F7:5A:BD:F0,,2302,47,2,,49,,,635006,1782137950322,635012,1782137950328,,1782137950264,29,2026-06-22T14:19:10.6624378Z,84,,oasis/bottle,0
,,,,,,5,local.mqtt.telegraf,58,40.41,,periodic,,68,-9654,20,18,,,5,08a6f769c348,,0,273,418,08:A6:F7:69:C3:48,,9722,48,2,,50,,,635033,1782137950349,635038,1782137950354,,1782137950281,28,2026-06-22T14:19:10.6983643Z,83,,oasis/bottle,0
,,,,,,14,local.mqtt.telegraf,57,47.24,,periodic,,67,-16255,10,8,,,5,08a6f7bb3c68,,0,273,423,08:A6:F7:BB:3C:68,,16322,57,2,,59,,,635087,1782137950403,635101,1782137950417,,1782137950336,28,2026-06-22T14:19:10.7895475Z,82,,oasis/bottle,0
,,,,,,6,local.mqtt.telegraf,56,22.21,,periodic,,68,-3434,21,19,,,5,08a6f75abdf0,,0,273,418,08:A6:F7:5A:BD:F0,,3502,47,2,,49,,,636216,1782137951532,636222,1782137951538,,1782137951464,29,2026-06-22T14:19:11.9019195Z,84,,oasis/bottle,0
,,,,,,6,local.mqtt.telegraf,58,40.55,,periodic,,71,-11171,23,21,,,5,08a6f769c348,,0,273,419,08:A6:F7:69:C3:48,,11242,48,2,,50,,,636556,1782137951872,636562,1782137951878,,1782137951801,28,2026-06-22T14:19:12.2431914Z,83,,oasis/bottle,0
,,,,,,6,local.mqtt.telegraf,57,46.93,,periodic,,67,-17834,10,8,,,5,08a6f7bb3c68,,0,273,424,08:A6:F7:BB:3C:68,,17901,57,2,,59,,,636666,1782137951982,636672,1782137951988,,1782137951915,28,2026-06-22T14:19:12.2996679Z,82,,oasis/bottle,0
,,,,,,6,local.mqtt.telegraf,56,22.19,,periodic,,58,-4654,11,9,,,5,08a6f75abdf0,,0,273,419,08:A6:F7:5A:BD:F0,,4712,47,2,,49,,,637416,1782137952732,637422,1782137952738,,1782137952674,29,2026-06-22T14:19:13.1010878Z,84,,oasis/bottle,0
,,,,,,7,local.mqtt.telegraf,58,40.53,,periodic,,61,-12421,13,11,,,5,08a6f769c348,,0,273,420,08:A6:F7:69:C3:48,,12482,48,2,,50,,,637786,1782137953102,637793,1782137953109,,1782137953041,28,2026-06-22T14:19:13.4706702Z,83,,oasis/bottle,0
,,,,,,6,local.mqtt.telegraf,58,45.44,,periodic,,77,-19174,20,18,,,5,08a6f7bb3c68,,0,273,425,08:A6:F7:BB:3C:68,,19251,57,2,,59,,,638026,1782137953342,638032,1782137953348,,1782137953265,28,2026-06-22T14:19:13.7075174Z,82,,oasis/bottle,0
,,,,,,6,local.mqtt.telegraf,56,22.09,,periodic,,68,-5854,21,19,,,5,08a6f75abdf0,,0,273,420,08:A6:F7:5A:BD:F0,,5922,47,2,,49,,,638636,1782137953952,638642,1782137953958,,1782137953884,29,2026-06-22T14:19:14.3305405Z,84,,oasis/bottle,0
,,,,,,6,local.mqtt.telegraf,58,40.31,,periodic,,70,-13682,22,20,,,5,08a6f769c348,,0,273,421,08:A6:F7:69:C3:48,,13752,48,2,,50,,,639065,1782137954381,639071,1782137954387,,1782137954311,28,2026-06-22T14:19:14.7448384Z,83,,oasis/bottle,0
,,,,,,6,local.mqtt.telegraf,58,47.08,,periodic,,67,-503,47,44,,,5,08a6f7bb3c68,,0,273,426,08:A6:F7:BB:3C:68,,570,20,2,,23,,,639526,1782137954842,639532,1782137954848,,1782137954775,28,2026-06-22T14:19:15.2111611Z,85,,oasis/bottle,0
,,,,,,6,local.mqtt.telegraf,56,22.13,,periodic,,59,-7093,12,10,,,5,08a6f75abdf0,,0,273,421,08:A6:F7:5A:BD:F0,,7152,47,2,,49,,,639857,1782137955173,639863,1782137955179,,1782137955114,29,2026-06-22T14:19:15.5552057Z,84,,oasis/bottle,0
,,,,,,6,local.mqtt.telegraf,58,40.4,,periodic,,61,-15041,13,11,,,5,08a6f769c348,,0,273,422,08:A6:F7:69:C3:48,,15102,48,2,,50,,,640406,1782137955722,640412,1782137955728,,1782137955661,28,2026-06-22T14:19:16.1026415Z,83,,oasis/bottle,0
,,,,,,6,local.mqtt.telegraf,58,46.63,,periodic,,68,-1712,48,45,,,5,08a6f7bb3c68,,0,273,427,08:A6:F7:BB:3C:68,,1780,20,2,,23,,,640736,1782137956053,640743,1782137956059,,1782137955985,28,2026-06-22T14:19:16.430929Z,85,,oasis/bottle,0
,,,,,,6,local.mqtt.telegraf,56,22.13,,periodic,,68,-8334,21,19,,,5,08a6f75abdf0,,0,273,422,08:A6:F7:5A:BD:F0,,8402,47,2,,49,,,641116,1782137956432,641122,1782137956438,,1782137956364,29,2026-06-22T14:19:16.8046451Z,84,,oasis/bottle,0
,,,,,,6,local.mqtt.telegraf,58,40.6,,periodic,,71,-16521,23,21,,,5,08a6f769c348,,0,273,423,08:A6:F7:69:C3:48,,16592,48,2,,50,,,641906,1782137957222,641912,1782137957228,,1782137957151,28,2026-06-22T14:19:17.585753Z,83,,oasis/bottle,0
,,,,,,6,local.mqtt.telegraf,58,46.73,,periodic,,66,-2935,46,43,,,5,08a6f7bb3c68,,0,273,428,08:A6:F7:BB:3C:68,,3001,20,2,,23,,,641956,1782137957272,641962,1782137957278,,1782137957206,28,2026-06-22T14:19:17.6507556Z,85,,oasis/bottle,0
,,,,,,7,local.mqtt.telegraf,56,22.07,,periodic,,58,-9644,11,9,,,5,08a6f75abdf0,,0,273,423,08:A6:F7:5A:BD:F0,,9702,47,2,,49,,,642406,1782137957722,642412,1782137957729,,1782137957664,29,2026-06-22T14:19:18.0939129Z,84,,oasis/bottle,0
,,,,,,6,local.mqtt.telegraf,58,40.6,,periodic,,61,-17711,13,11,,,5,08a6f769c348,,0,274,424,08:A6:F7:69:C3:48,,17772,48,2,,50,,,643076,1782137958392,643082,1782137958398,,1782137958331,28,2026-06-22T14:19:18.766254Z,83,,oasis/bottle,0
,,,,,,6,local.mqtt.telegraf,58,47,,periodic,,66,-4165,46,43,,,5,08a6f7bb3c68,,0,273,429,08:A6:F7:BB:3C:68,,4231,20,2,,23,,,643186,1782137958502,643192,1782137958508,,1782137958436,28,2026-06-22T14:19:18.8175597Z,85,,oasis/bottle,0
,,,,,,6,local.mqtt.telegraf,56,22.13,,periodic,,68,-11024,21,19,,,5,08a6f75abdf0,,0,273,424,08:A6:F7:5A:BD:F0,,11092,47,2,,49,,,643806,1782137959122,643812,1782137959128,,1782137959054,29,2026-06-22T14:19:19.5014989Z,84,,oasis/bottle,0
,,,,,,6,local.mqtt.telegraf,58,40.49,,periodic,,61,-18871,13,11,,,5,08a6f769c348,,0,273,425,08:A6:F7:69:C3:48,,18932,48,2,,50,,,644236,1782137959552,644242,1782137959558,,1782137959491,28,2026-06-22T14:19:19.9282564Z,83,,oasis/bottle,0
,,,,,,6,local.mqtt.telegraf,57,41.42,,periodic,,64,-5430,44,41,,,5,08a6f7bb3c68,,0,277,430,08:A6:F7:BB:3C:68,,5494,20,2,,23,,,644447,1782137959763,644453,1782137959769,,1782137959699,28,2026-06-22T14:19:20.133041Z,85,,oasis/bottle,0
,,,,,,6,local.mqtt.telegraf,58,40.51,,periodic,,68,-19967,20,18,,,5,08a6f769c348,,0,273,426,08:A6:F7:69:C3:48,,20035,48,2,,50,,,645346,1782137960662,645352,1782137960668,,1782137960594,28,2026-06-22T14:19:21.0312167Z,83,,oasis/bottle,0
,,,,,,6,local.mqtt.telegraf,56,22.38,,periodic,,68,-12614,21,19,,,5,08a6f75abdf0,,0,273,425,08:A6:F7:5A:BD:F0,,12682,47,2,,49,,,645396,1782137960712,645402,1782137960718,,1782137960644,29,2026-06-22T14:19:21.086297Z,84,,oasis/bottle,0
,,,,,,6,local.mqtt.telegraf,58,47.14,,periodic,,63,-6751,43,40,,,5,08a6f7bb3c68,,0,273,431,08:A6:F7:BB:3C:68,,6814,20,2,,23,,,645766,1782137961082,645772,1782137961088,,1782137961019,28,2026-06-22T14:19:21.4547607Z,85,,oasis/bottle,0
,,,,,,6,local.mqtt.telegraf,56,22.31,,periodic,,59,-14023,12,10,,,5,08a6f75abdf0,,0,273,426,08:A6:F7:5A:BD:F0,,14082,47,2,,49,,,646786,1782137962103,646793,1782137962109,,1782137962044,29,2026-06-22T14:19:22.4686598Z,84,,oasis/bottle,0
,,,,,,6,local.mqtt.telegraf,58,40.4,,periodic,,61,-1400,30,28,,,5,08a6f769c348,,0,274,427,08:A6:F7:69:C3:48,,1461,31,2,,33,,,646966,1782137962282,646972,1782137962288,,1782137962221,28,2026-06-22T14:19:22.6495545Z,86,,oasis/bottle,0
,,,,,,7,local.mqtt.telegraf,58,47.21,,periodic,,67,-8183,47,44,,,5,08a6f7bb3c68,,0,273,432,08:A6:F7:BB:3C:68,,8250,20,2,,23,,,647206,1782137962522,647213,1782137962529,,1782137962455,28,2026-06-22T14:19:22.8970565Z,85,,oasis/bottle,0
,,,,,,6,local.mqtt.telegraf,57,46.98,,periodic,,67,-9263,47,44,,,5,08a6f7bb3c68,,0,273,433,08:A6:F7:BB:3C:68,,9330,20,2,,23,,,648286,1782137963602,648292,1782137963608,,1782137963535,28,2026-06-22T14:19:23.9765282Z,85,,oasis/bottle,0
,,,,,,10,local.mqtt.telegraf,56,22.32,,periodic,,58,-15594,11,9,,,5,08a6f75abdf0,,0,273,427,08:A6:F7:5A:BD:F0,,15652,47,2,,49,,,648356,1782137963672,648366,1782137963682,,1782137963614,29,2026-06-22T14:19:24.0864075Z,84,,oasis/bottle,0
,,,,,,6,local.mqtt.telegraf,58,40.45,,periodic,,71,-2820,40,38,,,5,08a6f769c348,,0,273,428,08:A6:F7:69:C3:48,,2891,31,2,,33,,,648406,1782137963722,648412,1782137963728,,1782137963651,28,2026-06-22T14:19:24.0949095Z,86,,oasis/bottle,0
,,,,,,7,local.mqtt.telegraf,58,40.58,,periodic,,61,-3910,30,28,,,5,08a6f769c348,,0,274,429,08:A6:F7:69:C3:48,,3971,31,2,,33,,,649476,1782137964792,649483,1782137964799,,1782137964731,28,2026-06-22T14:19:25.1897342Z,86,,oasis/bottle,0
,,,,,,6,local.mqtt.telegraf,56,22.43,,periodic,,68,-16914,21,19,,,5,08a6f75abdf0,,0,273,428,08:A6:F7:5A:BD:F0,,16982,47,2,,49,,,649696,1782137965012,649702,1782137965018,,1782137964944,29,2026-06-22T14:19:25.3874631Z,84,,oasis/bottle,0
,,,,,,6,local.mqtt.telegraf,58,47.2,,periodic,,66,-10815,46,43,,,5,08a6f7bb3c68,,0,273,434,08:A6:F7:BB:3C:68,,10881,20,2,,23,,,649836,1782137965152,649842,1782137965158,,1782137965086,28,2026-06-22T14:19:25.5253525Z,85,,oasis/bottle,0
,,,,,,6,local.mqtt.telegraf,58,40.49,,periodic,,71,-5440,40,38,,,5,08a6f769c348,,0,273,430,08:A6:F7:69:C3:48,,5511,31,2,,33,,,651026,1782137966342,651032,1782137966348,,1782137966271,28,2026-06-22T14:19:26.7105988Z,86,,oasis/bottle,0
,,,,,,6,local.mqtt.telegraf,58,47.02,,periodic,,68,-12112,48,45,,,5,08a6f7bb3c68,,0,273,435,08:A6:F7:BB:3C:68,,12180,20,2,,23,,,651136,1782137966453,651143,1782137966459,,1782137966385,28,2026-06-22T14:19:26.8042261Z,85,,oasis/bottle,0
,,,,,,11,local.mqtt.telegraf,56,22.26,,periodic,,75,-18367,28,26,,,5,08a6f75abdf0,,0,273,429,08:A6:F7:5A:BD:F0,,18442,47,2,,49,,,651163,1782137966479,651174,1782137966490,,1782137966404,29,2026-06-22T14:19:26.8397017Z,84,,oasis/bottle,0
,,,,,,6,local.mqtt.telegraf,56,22.2,,periodic,,68,-19494,21,19,,,5,08a6f75abdf0,,0,273,430,08:A6:F7:5A:BD:F0,,19562,47,2,,49,,,652276,1782137967592,652282,1782137967598,,1782137967524,29,2026-06-22T14:19:27.9517502Z,84,,oasis/bottle,0
,,,,,,6,local.mqtt.telegraf,58,40.63,,periodic,,60,-6740,29,27,,,5,08a6f769c348,,0,273,431,08:A6:F7:69:C3:48,,6800,31,2,,33,,,652304,1782137967620,652310,1782137967626,,1782137967560,28,2026-06-22T14:19:27.9930792Z,86,,oasis/bottle,0
,,,,,,6,local.mqtt.telegraf,57,47.1,,periodic,,67,-13523,47,44,,,5,08a6f7bb3c68,,0,273,436,08:A6:F7:BB:3C:68,,13590,20,2,,23,,,652546,1782137967862,652552,1782137967868,,1782137967795,28,2026-06-22T14:19:28.2260275Z,85,,oasis/bottle,0
,,,,,,5,local.mqtt.telegraf,56,22.2,,periodic,,61,-341,32,30,,,5,08a6f75abdf0,,0,274,431,08:A6:F7:5A:BD:F0,,402,29,2,,31,,,653306,1782137968622,653311,1782137968627,,1782137968561,29,2026-06-22T14:19:28.9969698Z,87,,oasis/bottle,0
,,,,,,6,local.mqtt.telegraf,58,40.6,,periodic,,61,-8100,30,28,,,5,08a6f769c348,,0,274,432,08:A6:F7:69:C3:48,,8161,31,2,,33,,,653666,1782137968982,653672,1782137968988,,1782137968921,28,2026-06-22T14:19:29.363911Z,86,,oasis/bottle,0
,,,,,,10,local.mqtt.telegraf,57,47.29,,periodic,,77,-15113,57,54,,,5,08a6f7bb3c68,,0,273,437,08:A6:F7:BB:3C:68,,15190,20,2,,23,,,654156,1782137969472,654166,1782137969482,,1782137969395,28,2026-06-22T14:19:29.8568115Z,85,,oasis/bottle,0
,,,,,,7,local.mqtt.telegraf,56,22.19,,periodic,,72,-1799,43,41,,,5,08a6f75abdf0,,0,273,432,08:A6:F7:5A:BD:F0,,1871,29,2,,31,,,654786,1782137970102,654793,1782137970109,,1782137970030,29,2026-06-22T14:19:30.472183Z,87,,oasis/bottle,0
,,,,,,6,local.mqtt.telegraf,58,40.55,,periodic,,71,-9650,40,38,,,5,08a6f769c348,,0,273,433,08:A6:F7:69:C3:48,,9721,31,2,,33,,,655236,1782137970552,655242,1782137970558,,1782137970481,28,2026-06-22T14:19:30.9192095Z,86,,oasis/bottle,0
,,,,,,6,local.mqtt.telegraf,57,47.02,,periodic,,67,-16533,47,44,,,5,08a6f7bb3c68,,0,273,438,08:A6:F7:BB:3C:68,,16600,20,2,,23,,,655556,1782137970872,655562,1782137970878,,1782137970805,28,2026-06-22T14:19:31.2475825Z,85,,oasis/bottle,0
,,,,,,6,local.mqtt.telegraf,56,22.19,,periodic,,61,-2961,32,30,,,5,08a6f75abdf0,,0,273,433,08:A6:F7:5A:BD:F0,,3022,29,2,,31,,,655926,1782137971242,655932,1782137971248,,1782137971181,29,2026-06-22T14:19:31.6105743Z,87,,oasis/bottle,0
,,,,,,7,local.mqtt.telegraf,58,40.44,,periodic,,61,-10950,30,28,,,5,08a6f769c348,,0,274,434,08:A6:F7:69:C3:48,,11011,31,2,,33,,,656516,1782137971832,656523,1782137971839,,1782137971771,28,2026-06-22T14:19:32.2035319Z,86,,oasis/bottle,0
,,,,,,6,local.mqtt.telegraf,56,22.2,,periodic,,61,-4051,32,30,,,5,08a6f75abdf0,,0,273,434,08:A6:F7:5A:BD:F0,,4112,29,2,,31,,,657016,1782137972332,657022,1782137972338,,1782137972271,29,2026-06-22T14:19:32.7180756Z,87,,oasis/bottle,0
,,,,,,6,local.mqtt.telegraf,57,47.28,,periodic,,77,-18133,57,54,,,5,08a6f7bb3c68,,0,273,439,08:A6:F7:BB:3C:68,,18210,20,2,,23,,,657176,1782137972492,657182,1782137972498,,1782137972415,28,2026-06-22T14:19:32.8607566Z,85,,oasis/bottle,0
,,,,,,6,local.mqtt.telegraf,58,40.56,,periodic,,72,-12308,41,39,,,5,08a6f769c348,,0,273,435,08:A6:F7:69:C3:48,,12380,31,2,,33,,,657896,1782137973212,657902,1782137973218,,1782137973140,28,2026-06-22T14:19:33.5811967Z,86,,oasis/bottle,0
,,,,,,6,local.mqtt.telegraf,57,47.36,,periodic,,77,-19563,57,54,,,5,08a6f7bb3c68,,0,273,440,08:A6:F7:BB:3C:68,,19640,20,2,,23,,,658606,1782137973922,658612,1782137973928,,1782137973845,28,2026-06-22T14:19:34.2591527Z,85,,oasis/bottle,0
,,,,,,6,local.mqtt.telegraf,56,22.27,,periodic,,95,-5597,66,64,,,5,08a6f75abdf0,,0,273,435,08:A6:F7:5A:BD:F0,,5692,29,2,,31,,,658630,1782137973946,658636,1782137973952,,1782137973851,29,2026-06-22T14:19:34.2979588Z,87,,oasis/bottle,1
,,,,,,9,local.mqtt.telegraf,57,47.36,,periodic,,124,-19516,104,101,,,5,08a6f7bb3c68,,0,273,440,08:A6:F7:BB:3C:68,,19640,20,2,,23,,,658653,1782137973969,658662,1782137973978,,1782137973845,28,2026-06-22T14:19:34.3396668Z,85,,oasis/bottle,2
,,,,,,6,local.mqtt.telegraf,58,40.6,,periodic,,70,-13851,39,37,,,5,08a6f769c348,,0,273,436,08:A6:F7:69:C3:48,,13921,31,2,,33,,,659435,1782137974751,659441,1782137974757,,1782137974681,28,2026-06-22T14:19:35.1097699Z,86,,oasis/bottle,0
,,,,,,6,local.mqtt.telegraf,57,47.21,,periodic,,67,-434,36,34,,,5,08a6f7bb3c68,,0,273,441,08:A6:F7:BB:3C:68,,501,31,2,,33,,,659677,1782137974993,659683,1782137974999,,1782137974926,28,2026-06-22T14:19:35.3581402Z,88,,oasis/bottle,0
,,,,,,6,local.mqtt.telegraf,56,22.13,,periodic,,63,-6998,34,32,,,5,08a6f75abdf0,,0,273,436,08:A6:F7:5A:BD:F0,,7061,29,2,,31,,,659966,1782137975283,659973,1782137975289,,1782137975220,29,2026-06-22T14:19:35.6459724Z,87,,oasis/bottle,0
,,,,,,6,local.mqtt.telegraf,58,40.41,,periodic,,71,-15130,40,38,,,5,08a6f769c348,,0,274,437,08:A6:F7:69:C3:48,,15201,31,2,,33,,,660716,1782137976032,660722,1782137976038,,1782137975961,28,2026-06-22T14:19:36.4094665Z,86,,oasis/bottle,0
,,,,,,6,local.mqtt.telegraf,57,46.98,,periodic,,67,-1963,36,34,,,5,08a6f7bb3c68,,0,273,442,08:A6:F7:BB:3C:68,,2030,31,2,,33,,,661206,1782137976522,661212,1782137976528,,1782137976455,28,2026-06-22T14:19:36.8939131Z,88,,oasis/bottle,0
,,,,,,6,local.mqtt.telegraf,56,22.32,,periodic,,61,-8521,32,30,,,5,08a6f75abdf0,,0,273,437,08:A6:F7:5A:BD:F0,,8582,29,2,,31,,,661486,1782137976802,661492,1782137976808,,1782137976741,29,2026-06-22T14:19:37.170993Z,87,,oasis/bottle,0
,,,,,,6,local.mqtt.telegraf,58,40.52,,periodic,,61,-16500,30,28,,,5,08a6f769c348,,0,273,438,08:A6:F7:69:C3:48,,16561,31,2,,33,,,662066,1782137977382,662072,1782137977388,,1782137977321,28,2026-06-22T14:19:37.752396Z,86,,oasis/bottle,0
,,,,,,6,local.mqtt.telegraf,57,47.24,,periodic,,77,-3203,46,44,,,5,08a6f7bb3c68,,0,273,443,08:A6:F7:BB:3C:68,,3280,31,2,,33,,,662466,1782137977782,662472,1782137977788,,1782137977705,28,2026-06-22T14:19:38.1609831Z,88,,oasis/bottle,0
,,,,,,6,local.mqtt.telegraf,56,22.38,,periodic,,80,-9741,51,49,,,5,08a6f75abdf0,,0,273,438,08:A6:F7:5A:BD:F0,,9821,29,2,,31,,,662744,1782137978060,662750,1782137978066,,1782137977980,29,2026-06-22T14:19:38.4437783Z,87,,oasis/bottle,0
,,,,,,6,local.mqtt.telegraf,58,40.67,,periodic,,71,-18000,40,38,,,5,08a6f769c348,,0,274,439,08:A6:F7:69:C3:48,,18071,31,2,,33,,,663586,1782137978902,663592,1782137978908,,1782137978831,28,2026-06-22T14:19:39.2830745Z,86,,oasis/bottle,0
,,,,,,7,local.mqtt.telegraf,57,47.34,,periodic,,66,-4525,35,33,,,5,08a6f7bb3c68,,0,274,444,08:A6:F7:BB:3C:68,,4591,31,2,,33,,,663766,1782137979082,663773,1782137979089,,1782137979016,28,2026-06-22T14:19:39.4651814Z,88,,oasis/bottle,0
,,,,,,6,local.mqtt.telegraf,56,22.34,,periodic,,61,-11051,32,30,,,5,08a6f75abdf0,,0,273,439,08:A6:F7:5A:BD:F0,,11112,29,2,,31,,,664016,1782137979332,664022,1782137979338,,1782137979271,29,2026-06-22T14:19:39.6989649Z,87,,oasis/bottle,0
,,,,,,7,local.mqtt.telegraf,58,40.49,,periodic,,72,-19228,41,39,,,5,08a6f769c348,,0,273,440,08:A6:F7:69:C3:48,,19300,31,2,,33,,,664816,1782137980132,664823,1782137980139,,1782137980060,28,2026-06-22T14:19:40.5008196Z,86,,oasis/bottle,0
,,,,,,6,local.mqtt.telegraf,57,47.21,,periodic,,67,-5923,36,34,,,5,08a6f7bb3c68,,0,273,445,08:A6:F7:BB:3C:68,,5990,31,2,,33,,,665166,1782137980482,665172,1782137980488,,1782137980415,28,2026-06-22T14:19:40.8489044Z,88,,oasis/bottle,0
,,,,,,6,local.mqtt.telegraf,56,22.28,,periodic,,71,-12401,42,40,,,5,08a6f75abdf0,,0,273,440,08:A6:F7:5A:BD:F0,,12472,29,2,,31,,,665386,1782137980702,665392,1782137980708,,1782137980631,29,2026-06-22T14:19:41.0723875Z,87,,oasis/bottle,0
,,,,,,5,local.mqtt.telegraf,58,40.56,,periodic,,71,-270,40,38,,,5,08a6f769c348,,0,274,441,08:A6:F7:69:C3:48,,341,31,2,,33,,,666066,1782137981382,666071,1782137981387,,1782137981311,28,2026-06-22T14:19:41.7501771Z,89,,oasis/bottle,0
,,,,,,7,local.mqtt.telegraf,57,47.21,,periodic,,76,-7515,45,43,,,5,08a6f7bb3c68,,0,273,446,08:A6:F7:BB:3C:68,,7591,31,2,,33,,,666776,1782137982092,666783,1782137982099,,1782137982016,28,2026-06-22T14:19:42.4578378Z,88,,oasis/bottle,0
,,,,,,6,local.mqtt.telegraf,56,22.2,,periodic,,62,-13940,33,31,,,5,08a6f75abdf0,,0,273,441,08:A6:F7:5A:BD:F0,,14002,29,2,,31,,,666907,1782137982223,666913,1782137982229,,1782137982161,29,2026-06-22T14:19:42.6045963Z,87,,oasis/bottle,0
,,,,,,6,local.mqtt.telegraf,58,40.43,,periodic,,71,-1560,40,38,,,5,08a6f769c348,,0,273,442,08:A6:F7:69:C3:48,,1631,31,2,,33,,,667356,1782137982672,667362,1782137982678,,1782137982601,28,2026-06-22T14:19:43.0513535Z,89,,oasis/bottle,0
,,,,,,6,local.mqtt.telegraf,56,22.32,,periodic,,61,-15191,32,30,,,5,08a6f75abdf0,,0,273,442,08:A6:F7:5A:BD:F0,,15252,29,2,,31,,,668156,1782137983472,668162,1782137983478,,1782137983411,29,2026-06-22T14:19:43.8171406Z,87,,oasis/bottle,0
,,,,,,12,local.mqtt.telegraf,57,47.41,,periodic,,64,-8946,33,31,,,5,08a6f7bb3c68,,0,273,447,08:A6:F7:BB:3C:68,,9010,31,2,,33,,,668183,1782137983499,668195,1782137983511,,1782137983435,28,2026-06-22T14:19:43.8548174Z,88,,oasis/bottle,0
,,,,,,6,local.mqtt.telegraf,58,40.64,,periodic,,71,-2940,40,38,,,5,08a6f769c348,,0,273,443,08:A6:F7:69:C3:48,,3011,31,2,,33,,,668736,1782137984052,668742,1782137984058,,1782137983981,28,2026-06-22T14:19:44.4410527Z,89,,oasis/bottle,0
,,,,,,6,local.mqtt.telegraf,56,22.13,,periodic,,71,-16481,42,40,,,5,08a6f75abdf0,,0,273,443,08:A6:F7:5A:BD:F0,,16552,29,2,,31,,,669466,1782137984782,669472,1782137984788,,1782137984711,29,2026-06-22T14:19:45.1488169Z,87,,oasis/bottle,0
,,,,,,6,local.mqtt.telegraf,57,47.36,,periodic,,66,-10565,35,33,,,5,08a6f7bb3c68,,0,273,448,08:A6:F7:BB:3C:68,,10631,31,2,,33,,,669806,1782137985122,669812,1782137985128,,1782137985056,28,2026-06-22T14:19:45.5056436Z,88,,oasis/bottle,0
,,,,,,6,local.mqtt.telegraf,58,40.6,,periodic,,71,-4510,40,38,,,5,08a6f769c348,,0,273,444,08:A6:F7:69:C3:48,,4581,31,2,,33,,,670306,1782137985622,670312,1782137985628,,1782137985551,28,2026-06-22T14:19:45.9878961Z,89,,oasis/bottle,0
,,,,,,7,local.mqtt.telegraf,56,22.4,,periodic,,62,-17899,33,31,,,5,08a6f75abdf0,,0,273,444,08:A6:F7:5A:BD:F0,,17961,29,2,,31,,,670866,1782137986182,670873,1782137986189,,1782137986120,29,2026-06-22T14:19:46.5494075Z,87,,oasis/bottle,0
,,,,,,6,local.mqtt.telegraf,57,47.29,,periodic,,75,-11987,44,42,,,5,08a6f7bb3c68,,0,273,449,08:A6:F7:BB:3C:68,,12062,31,2,,33,,,671246,1782137986562,671252,1782137986568,,1782137986487,28,2026-06-22T14:19:46.9310161Z,88,,oasis/bottle,0
,,,,,,6,local.mqtt.telegraf,58,40.58,,periodic,,68,-5836,37,35,,,5,08a6f769c348,,0,273,445,08:A6:F7:69:C3:48,,5904,31,2,,33,,,671626,1782137986942,671632,1782137986948,,1782137986874,28,2026-06-22T14:19:47.3143621Z,89,,oasis/bottle,0
,,,,,,6,local.mqtt.telegraf,57,47.28,,periodic,,66,-13075,35,33,,,5,08a6f7bb3c68,,0,273,450,08:A6:F7:BB:3C:68,,13141,31,2,,33,,,672316,1782137987632,672322,1782137987638,,1782137987566,28,2026-06-22T14:19:48.0141411Z,88,,oasis/bottle,0
,,,,,,6,local.mqtt.telegraf,56,22.24,,periodic,,71,-19501,42,40,,,5,08a6f75abdf0,,0,273,445,08:A6:F7:5A:BD:F0,,19572,29,2,,31,,,672486,1782137987802,672492,1782137987808,,1782137987731,29,2026-06-22T14:19:48.1824749Z,87,,oasis/bottle,0
,,,,,,7,local.mqtt.telegraf,58,40.56,,periodic,,62,-7298,31,29,,,5,08a6f769c348,,0,273,446,08:A6:F7:69:C3:48,,7360,31,2,,33,,,673076,1782137988392,673083,1782137988399,,1782137988330,28,2026-06-22T14:19:48.7546815Z,89,,oasis/bottle,0
,,,,,,6,local.mqtt.telegraf,56,22.2,,periodic,,60,-441,29,27,,,5,08a6f75abdf0,,0,274,446,08:A6:F7:5A:BD:F0,,501,31,2,,33,,,673895,1782137989211,673901,1782137989217,,1782137989151,29,2026-06-22T14:19:49.5511756Z,90,,oasis/bottle,0
,,,,,,5,local.mqtt.telegraf,57,47.41,,periodic,,90,-14631,59,57,,,5,08a6f7bb3c68,,0,273,451,08:A6:F7:BB:3C:68,,14721,31,2,,33,,,673920,1782137989236,673925,1782137989241,,1782137989146,28,2026-06-22T14:19:49.5884202Z,88,,oasis/bottle,1
,,,,,,6,local.mqtt.telegraf,58,40.74,,periodic,,71,-8390,40,38,,,5,08a6f769c348,,0,273,447,08:A6:F7:69:C3:48,,8461,31,2,,33,,,674186,1782137989502,674192,1782137989508,,1782137989431,28,2026-06-22T14:19:49.8540727Z,89,,oasis/bottle,0
,,,,,,6,local.mqtt.telegraf,57,47.18,,periodic,,63,-15981,32,30,,,5,08a6f7bb3c68,,0,273,452,08:A6:F7:BB:3C:68,,16044,31,2,,33,,,675216,1782137990532,675222,1782137990538,,1782137990469,28,2026-06-22T14:19:50.899519Z,88,,oasis/bottle,0
,,,,,,6,local.mqtt.telegraf,56,22.2,,periodic,,71,-2060,40,38,,,5,08a6f75abdf0,,0,273,447,08:A6:F7:5A:BD:F0,,2131,31,2,,33,,,675536,1782137990852,675542,1782137990858,,1782137990781,29,2026-06-22T14:19:51.2181929Z,90,,oasis/bottle,0
,,,,,,7,local.mqtt.telegraf,58,40.55,,periodic,,61,-10010,30,28,,,5,08a6f769c348,,0,274,448,08:A6:F7:69:C3:48,,10071,31,2,,33,,,675786,1782137991102,675792,1782137991109,,1782137991041,28,2026-06-22T14:19:51.4652191Z,89,,oasis/bottle,0
,,,,,,6,local.mqtt.telegraf,57,47.2,,periodic,,76,-17405,45,43,,,5,08a6f7bb3c68,,0,273,453,08:A6:F7:BB:3C:68,,17481,31,2,,33,,,676666,1782137991982,676672,1782137991988,,1782137991906,28,2026-06-22T14:19:52.3609344Z,88,,oasis/bottle,0
,,,,,,6,local.mqtt.telegraf,56,22.2,,periodic,,62,-3528,31,29,,,5,08a6f75abdf0,,0,273,448,08:A6:F7:5A:BD:F0,,3590,31,2,,33,,,676986,1782137992302,676992,1782137992308,,1782137992240,29,2026-06-22T14:19:52.6738578Z,90,,oasis/bottle,0
,,,,,,6,local.mqtt.telegraf,58,40.63,,periodic,,71,-11410,40,38,,,5,08a6f769c348,,0,274,449,08:A6:F7:69:C3:48,,11481,31,2,,33,,,677206,1782137992522,677212,1782137992528,,1782137992451,28,2026-06-22T14:19:52.8849049Z,89,,oasis/bottle,0
,,,,,,6,local.mqtt.telegraf,57,47.14,,periodic,,67,-18493,36,34,,,5,08a6f7bb3c68,,0,273,454,08:A6:F7:BB:3C:68,,18560,31,2,,33,,,677736,1782137993052,677742,1782137993058,,1782137992985,28,2026-06-22T14:19:53.4207765Z,88,,oasis/bottle,0
,,,,,,6,local.mqtt.telegraf,56,22.3,,periodic,,61,-4640,30,28,,,5,08a6f75abdf0,,0,273,449,08:A6:F7:5A:BD:F0,,4701,31,2,,33,,,678096,1782137993412,678102,1782137993418,,1782137993351,29,2026-06-22T14:19:53.7800026Z,90,,oasis/bottle,0
,,,,,,6,local.mqtt.telegraf,58,40.6,,periodic,,72,-13028,41,39,,,5,08a6f769c348,,0,273,450,08:A6:F7:69:C3:48,,13100,31,2,,33,,,678826,1782137994142,678832,1782137994148,,1782137994070,28,2026-06-22T14:19:54.5089147Z,89,,oasis/bottle,0
,,,,,,6,local.mqtt.telegraf,57,47.3,,periodic,,66,-20045,35,33,,,5,08a6f7bb3c68,,0,273,455,08:A6:F7:BB:3C:68,,20111,31,2,,33,,,679286,1782137994602,679292,1782137994608,,1782137994536,28,2026-06-22T14:19:54.9748408Z,88,,oasis/bottle,0
,,,,,,6,local.mqtt.telegraf,56,22.38,,periodic,,71,-6260,40,38,,,5,08a6f75abdf0,,0,273,450,08:A6:F7:5A:BD:F0,,6331,31,2,,33,,,679736,1782137995052,679742,1782137995058,,1782137994981,29,2026-06-22T14:19:55.4292912Z,90,,oasis/bottle,0
,,,,,,7,local.mqtt.telegraf,58,40.53,,periodic,,61,-14480,30,28,,,5,08a6f769c348,,0,274,451,08:A6:F7:69:C3:48,,14541,31,2,,33,,,680256,1782137995572,680263,1782137995579,,1782137995511,28,2026-06-22T14:19:55.9388605Z,89,,oasis/bottle,0
,,,,,,6,local.mqtt.telegraf,57,47.17,,periodic,,76,-1115,36,33,,,5,08a6f7bb3c68,,0,274,456,08:A6:F7:BB:3C:68,,1191,40,2,,43,,,680596,1782137995912,680602,1782137995918,,1782137995836,28,2026-06-22T14:19:56.2889143Z,91,,oasis/bottle,0
,,,,,,6,local.mqtt.telegraf,56,22.2,,periodic,,61,-7730,30,28,,,5,08a6f75abdf0,,0,273,451,08:A6:F7:5A:BD:F0,,7791,31,2,,33,,,681186,1782137996502,681192,1782137996508,,1782137996441,29,2026-06-22T14:19:56.8562929Z,90,,oasis/bottle,0
,,,,,,6,local.mqtt.telegraf,58,40.62,,periodic,,71,-15540,40,38,,,5,08a6f769c348,,0,274,452,08:A6:F7:69:C3:48,,15611,31,2,,33,,,681336,1782137996652,681342,1782137996658,,1782137996581,28,2026-06-22T14:19:57.0134772Z,89,,oasis/bottle,0
,,,,,,6,local.mqtt.telegraf,57,47.44,,periodic,,67,-2533,27,24,,,5,08a6f7bb3c68,,0,273,457,08:A6:F7:BB:3C:68,,2600,40,2,,43,,,681996,1782137997312,682002,1782137997318,,1782137997245,28,2026-06-22T14:19:57.676597Z,91,,oasis/bottle,0
,,,,,,7,local.mqtt.telegraf,56,22.36,,periodic,,61,-8830,30,28,,,5,08a6f75abdf0,,0,273,452,08:A6:F7:5A:BD:F0,,8891,31,2,,33,,,682286,1782137997602,682293,1782137997609,,1782137997541,29,2026-06-22T14:19:57.9792809Z,90,,oasis/bottle,0
,,,,,,6,local.mqtt.telegraf,58,40.63,,periodic,,68,-17086,37,35,,,5,08a6f769c348,,0,273,453,08:A6:F7:69:C3:48,,17154,31,2,,33,,,682876,1782137998192,682882,1782137998198,,1782137998124,28,2026-06-22T14:19:58.5632613Z,89,,oasis/bottle,0
,,,,,,6,local.mqtt.telegraf,57,47.37,,periodic,,67,-4133,27,24,,,5,08a6f7bb3c68,,0,273,458,08:A6:F7:BB:3C:68,,4200,40,2,,43,,,683596,1782137998912,683602,1782137998918,,1782137998845,28,2026-06-22T14:19:59.274468Z,91,,oasis/bottle,0
,,,,,,6,local.mqtt.telegraf,56,22.26,,periodic,,71,-10430,40,38,,,5,08a6f75abdf0,,0,273,453,08:A6:F7:5A:BD:F0,,10501,31,2,,33,,,683906,1782137999222,683912,1782137999228,,1782137999151,29,2026-06-22T14:19:59.5866002Z,90,,oasis/bottle,0
,,,,,,7,local.mqtt.telegraf,58,40.59,,periodic,,62,-18378,31,29,,,5,08a6f769c348,,0,273,454,08:A6:F7:69:C3:48,,18440,31,2,,33,,,684156,1782137999472,684163,1782137999479,,1782137999410,28,2026-06-22T14:19:59.8450275Z,89,,oasis/bottle,0
,,,,,,6,local.mqtt.telegraf,57,47.36,,periodic,,68,-5572,28,25,,,5,08a6f7bb3c68,,0,273,459,08:A6:F7:BB:3C:68,,5640,40,2,,43,,,685036,1782138000353,685043,1782138000359,,1782138000285,28,2026-06-22T14:20:00.7221698Z,91,,oasis/bottle,0
,,,,,,6,local.mqtt.telegraf,56,22.39,,periodic,,61,-11860,30,28,,,5,08a6f75abdf0,,0,273,454,08:A6:F7:5A:BD:F0,,11921,31,2,,33,,,685316,1782138000632,685322,1782138000638,,1782138000571,29,2026-06-22T14:20:01.0010635Z,90,,oasis/bottle,0
,,,,,,6,local.mqtt.telegraf,58,40.59,,periodic,,71,-19730,40,38,,,5,08a6f769c348,,0,273,455,08:A6:F7:69:C3:48,,19801,31,2,,33,,,685526,1782138000842,685532,1782138000848,,1782138000771,28,2026-06-22T14:20:01.2155754Z,89,,oasis/bottle,0
,,,,,,6,local.mqtt.telegraf,57,47.41,,periodic,,66,-6624,26,23,,,5,08a6f7bb3c68,,0,273,460,08:A6:F7:BB:3C:68,,6690,40,2,,43,,,686085,1782138001401,686091,1782138001407,,1782138001335,28,2026-06-22T14:20:01.7736594Z,91,,oasis/bottle,0
,,,,,,6,local.mqtt.telegraf,56,22.35,,periodic,,61,-13490,30,28,,,5,08a6f75abdf0,,0,273,455,08:A6:F7:5A:BD:F0,,13551,31,2,,33,,,686946,1782138002262,686952,1782138002268,,1782138002201,29,2026-06-22T14:20:02.6296071Z,90,,oasis/bottle,0
,,,,,,6,local.mqtt.telegraf,58,40.6,,periodic,,71,-831,41,39,,,5,08a6f769c348,,0,274,456,08:A6:F7:69:C3:48,,902,30,2,,32,,,687056,1782138002372,687062,1782138002378,,1782138002301,28,2026-06-22T14:20:02.7462477Z,92,,oasis/bottle,0
,,,,,,6,local.mqtt.telegraf,57,47.12,,periodic,,67,-8113,27,24,,,5,08a6f7bb3c68,,0,273,461,08:A6:F7:BB:3C:68,,8180,40,2,,43,,,687576,1782138002892,687582,1782138002898,,1782138002825,28,2026-06-22T14:20:03.2538065Z,91,,oasis/bottle,0
,,,,,,6,local.mqtt.telegraf,58,40.58,,periodic,,61,-2101,31,29,,,5,08a6f769c348,,0,273,457,08:A6:F7:69:C3:48,,2162,30,2,,32,,,688306,1782138003622,688312,1782138003628,,1782138003561,28,2026-06-22T14:20:03.9918406Z,92,,oasis/bottle,0
,,,,,,7,local.mqtt.telegraf,56,22.34,,periodic,,61,-14950,30,28,,,5,08a6f75abdf0,,0,273,456,08:A6:F7:5A:BD:F0,,15011,31,2,,33,,,688406,1782138003722,688413,1782138003729,,1782138003661,29,2026-06-22T14:20:04.049645Z,90,,oasis/bottle,0
,,,,,,6,local.mqtt.telegraf,57,47.45,,periodic,,76,-9285,36,33,,,5,08a6f7bb3c68,,0,273,462,08:A6:F7:BB:3C:68,,9361,40,2,,43,,,688766,1782138004082,688772,1782138004088,,1782138004006,28,2026-06-22T14:20:04.463965Z,91,,oasis/bottle,0
,,,,,,7,local.mqtt.telegraf,56,22.3,,periodic,,62,-16068,31,29,,,5,08a6f75abdf0,,0,273,457,08:A6:F7:5A:BD:F0,,16130,31,2,,33,,,689526,1782138004842,689533,1782138004849,,1782138004780,29,2026-06-22T14:20:05.2238295Z,90,,oasis/bottle,0
,,,,,,10,local.mqtt.telegraf,58,40.55,,periodic,,61,-3401,31,29,,,5,08a6f769c348,,0,273,458,08:A6:F7:69:C3:48,,3462,30,2,,32,,,689606,1782138004922,689616,1782138004932,,1782138004861,28,2026-06-22T14:20:05.2728802Z,92,,oasis/bottle,0
,,,,,,6,local.mqtt.telegraf,57,47.16,,periodic,,67,-10453,27,24,,,5,08a6f7bb3c68,,0,273,463,08:A6:F7:BB:3C:68,,10520,40,2,,43,,,689916,1782138005232,689922,1782138005238,,1782138005165,28,2026-06-22T14:20:05.5993789Z,91,,oasis/bottle,0
,,,,,,6,local.mqtt.telegraf,56,22.27,,periodic,,62,-17108,31,29,,,5,08a6f75abdf0,,0,273,458,08:A6:F7:5A:BD:F0,,17170,31,2,,33,,,690566,1782138005882,690572,1782138005888,,1782138005820,29,2026-06-22T14:20:06.2699515Z,90,,oasis/bottle,0
,,,,,,6,local.mqtt.telegraf,58,40.62,,periodic,,71,-4791,41,39,,,5,08a6f769c348,,0,273,459,08:A6:F7:69:C3:48,,4862,30,2,,32,,,691016,1782138006332,691022,1782138006338,,1782138006261,28,2026-06-22T14:20:06.6713685Z,92,,oasis/bottle,0
,,,,,,6,local.mqtt.telegraf,57,47.1,,periodic,,72,-11569,32,29,,,5,08a6f7bb3c68,,0,273,464,08:A6:F7:BB:3C:68,,11641,40,2,,43,,,691042,1782138006358,691048,1782138006364,,1782138006286,28,2026-06-22T14:20:06.7154592Z,91,,oasis/bottle,0
,,,,,,6,local.mqtt.telegraf,56,22.35,,periodic,,72,-18568,41,39,,,5,08a6f75abdf0,,0,273,459,08:A6:F7:5A:BD:F0,,18640,31,2,,33,,,692046,1782138007362,692052,1782138007368,,1782138007290,29,2026-06-22T14:20:07.7244027Z,90,,oasis/bottle,0
,,,,,,6,local.mqtt.telegraf,58,40.58,,periodic,,62,-6409,32,30,,,5,08a6f769c348,,0,273,460,08:A6:F7:69:C3:48,,6471,30,2,,32,,,692616,1782138007932,692622,1782138007938,,1782138007870,28,2026-06-22T14:20:08.2941971Z,92,,oasis/bottle,0
,,,,,,6,local.mqtt.telegraf,57,47.36,,periodic,,67,-13203,27,24,,,5,08a6f7bb3c68,,0,273,465,08:A6:F7:BB:3C:68,,13270,40,2,,43,,,692666,1782138007982,692672,1782138007988,,1782138007915,28,2026-06-22T14:20:08.3370368Z,91,,oasis/bottle,0
,,,,,,6,local.mqtt.telegraf,56,22.28,,periodic,,61,-19730,30,28,,,5,08a6f75abdf0,,0,273,460,08:A6:F7:5A:BD:F0,,19791,31,2,,33,,,693186,1782138008502,693192,1782138008508,,1782138008441,29,2026-06-22T14:20:08.8840274Z,90,,oasis/bottle,0
,,,,,,6,local.mqtt.telegraf,58,40.59,,periodic,,71,-7810,41,39,,,5,08a6f769c348,,0,273,461,08:A6:F7:69:C3:48,,7881,30,2,,32,,,694035,1782138009351,694041,1782138009357,,1782138009280,28,2026-06-22T14:20:09.7227277Z,92,,oasis/bottle,0
,,,,,,6,local.mqtt.telegraf,57,46.85,,periodic,,67,-14663,27,24,,,5,08a6f7bb3c68,,0,273,466,08:A6:F7:BB:3C:68,,14730,40,2,,43,,,694126,1782138009442,694132,1782138009448,,1782138009375,28,2026-06-22T14:20:09.7842054Z,91,,oasis/bottle,0
,,,,,,6,local.mqtt.telegraf,56,22.2,,periodic,,72,-590,43,41,,,5,08a6f75abdf0,,0,274,461,08:A6:F7:5A:BD:F0,,662,29,2,,31,,,694276,1782138009592,694282,1782138009598,,1782138009520,29,2026-06-22T14:20:09.9708902Z,93,,oasis/bottle,0
,,,,,,6,local.mqtt.telegraf,57,47.3,,periodic,,66,-15775,26,23,,,5,08a6f7bb3c68,,0,273,467,08:A6:F7:BB:3C:68,,15841,40,2,,43,,,695236,1782138010552,695242,1782138010558,,1782138010486,28,2026-06-22T14:20:10.9288657Z,91,,oasis/bottle,0
,,,,,,6,local.mqtt.telegraf,58,40.59,,periodic,,62,-9449,32,30,,,5,08a6f769c348,,0,273,462,08:A6:F7:69:C3:48,,9511,30,2,,32,,,695656,1782138010972,695662,1782138010978,,1782138010910,28,2026-06-22T14:20:11.3344453Z,92,,oasis/bottle,0
,,,,,,6,local.mqtt.telegraf,56,22.23,,periodic,,63,-2178,34,32,,,5,08a6f75abdf0,,0,273,462,08:A6:F7:5A:BD:F0,,2241,29,2,,31,,,695846,1782138011162,695852,1782138011168,,1782138011099,29,2026-06-22T14:20:11.5383355Z,93,,oasis/bottle,0
,,,,,,6,local.mqtt.telegraf,57,47.18,,periodic,,77,-17403,37,34,,,5,08a6f7bb3c68,,0,273,468,08:A6:F7:BB:3C:68,,17480,40,2,,43,,,696886,1782138012202,696892,1782138012208,,1782138012125,28,2026-06-22T14:20:12.5647668Z,91,,oasis/bottle,0
,,,,,,6,local.mqtt.telegraf,58,40.68,,periodic,,72,-10879,42,40,,,5,08a6f769c348,,0,273,463,08:A6:F7:69:C3:48,,10951,30,2,,32,,,697106,1782138012422,697112,1782138012428,,1782138012350,28,2026-06-22T14:20:12.7864969Z,92,,oasis/bottle,0
,,,,,,6,local.mqtt.telegraf,56,22.17,,periodic,,63,-3518,34,32,,,5,08a6f75abdf0,,0,273,463,08:A6:F7:5A:BD:F0,,3581,29,2,,31,,,697186,1782138012502,697192,1782138012508,,1782138012439,29,2026-06-22T14:20:12.8471546Z,93,,oasis/bottle,0
,,,,,,6,local.mqtt.telegraf,58,40.55,,periodic,,61,-11981,31,29,,,5,08a6f769c348,,0,273,464,08:A6:F7:69:C3:48,,12042,30,2,,32,,,698186,1782138013502,698192,1782138013508,,1782138013441,28,2026-06-22T14:20:13.8841123Z,92,,oasis/bottle,0
,,,,,,6,local.mqtt.telegraf,57,47.34,,periodic,,67,-18883,27,24,,,5,08a6f7bb3c68,,0,273,469,08:A6:F7:BB:3C:68,,18950,40,2,,43,,,698346,1782138013662,698352,1782138013668,,1782138013595,28,2026-06-22T14:20:14.0408849Z,91,,oasis/bottle,0
,,,,,,6,local.mqtt.telegraf,56,22.2,,periodic,,73,-4998,44,42,,,5,08a6f75abdf0,,0,273,464,08:A6:F7:5A:BD:F0,,5071,29,2,,31,,,698686,1782138014002,698692,1782138014008,,1782138013929,29,2026-06-22T14:20:14.3710314Z,93,,oasis/bottle,0
,,,,,,6,local.mqtt.telegraf,57,46.94,,periodic,,67,-20013,27,24,,,5,08a6f7bb3c68,,0,273,470,08:A6:F7:BB:3C:68,,20080,40,2,,43,,,699476,1782138014792,699482,1782138014798,,1782138014725,28,2026-06-22T14:20:15.1830499Z,91,,oasis/bottle,0
,,,,,,10,local.mqtt.telegraf,58,40.58,,periodic,,72,-13539,42,40,,,5,08a6f769c348,,0,273,465,08:A6:F7:69:C3:48,,13611,30,2,,32,,,699766,1782138015082,699776,1782138015092,,1782138015010,28,2026-06-22T14:20:15.4556542Z,92,,oasis/bottle,0
,,,,,,7,local.mqtt.telegraf,56,22.2,,periodic,,64,-6177,35,33,,,5,08a6f75abdf0,,0,273,465,08:A6:F7:5A:BD:F0,,6241,29,2,,31,,,699847,1782138015163,699854,1782138015170,,1782138015099,29,2026-06-22T14:20:15.5077958Z,93,,oasis/bottle,0
,,,,,,6,local.mqtt.telegraf,57,47.02,,periodic,,66,-865,35,33,,,5,08a6f7bb3c68,,0,273,471,08:A6:F7:BB:3C:68,,931,31,2,,33,,,700536,1782138015852,700542,1782138015858,,1782138015786,28,2026-06-22T14:20:16.2169398Z,94,,oasis/bottle,0
,,,,,,6,local.mqtt.telegraf,56,22.28,,periodic,,72,-7310,43,41,,,5,08a6f75abdf0,,0,273,466,08:A6:F7:5A:BD:F0,,7382,29,2,,31,,,700996,1782138016312,701002,1782138016318,,1782138016240,29,2026-06-22T14:20:16.6896327Z,93,,oasis/bottle,0
,,,,,,6,local.mqtt.telegraf,58,40.49,,periodic,,72,-14889,42,40,,,5,08a6f769c348,,0,273,466,08:A6:F7:69:C3:48,,14961,30,2,,32,,,701116,1782138016432,701122,1782138016438,,1782138016360,28,2026-06-22T14:20:16.8156568Z,92,,oasis/bottle,0
,,,,,,6,local.mqtt.telegraf,57,47.1,,periodic,,66,-2385,35,33,,,5,08a6f7bb3c68,,0,273,472,08:A6:F7:BB:3C:68,,2451,31,2,,33,,,702056,1782138017372,702062,1782138017378,,1782138017306,28,2026-06-22T14:20:17.7211535Z,94,,oasis/bottle,0
,,,,,,7,local.mqtt.telegraf,56,22.13,,periodic,,62,-8430,33,31,,,5,08a6f75abdf0,,0,273,467,08:A6:F7:5A:BD:F0,,8492,29,2,,31,,,702096,1782138017412,702103,1782138017419,,1782138017350,29,2026-06-22T14:20:17.770717Z,93,,oasis/bottle,0
,,,,,,6,local.mqtt.telegraf,58,40.58,,periodic,,63,-16388,33,31,,,5,08a6f769c348,,0,273,467,08:A6:F7:69:C3:48,,16451,30,2,,32,,,702596,1782138017913,702603,1782138017919,,1782138017850,28,2026-06-22T14:20:18.2756809Z,92,,oasis/bottle,0
,,,,,,6,local.mqtt.telegraf,57,47.34,,periodic,,67,-3623,36,34,,,5,08a6f7bb3c68,,0,273,473,08:A6:F7:BB:3C:68,,3690,31,2,,33,,,703296,1782138018612,703302,1782138018618,,1782138018545,28,2026-06-22T14:20:18.9962885Z,94,,oasis/bottle,0
,,,,,,6,local.mqtt.telegraf,56,22.27,,periodic,,63,-10008,34,32,,,5,08a6f75abdf0,,0,273,468,08:A6:F7:5A:BD:F0,,10071,29,2,,31,,,703676,1782138018992,703682,1782138018998,,1782138018929,29,2026-06-22T14:20:19.3673957Z,93,,oasis/bottle,0
,,,,,,6,local.mqtt.telegraf,58,40.68,,periodic,,61,-17561,31,29,,,5,08a6f769c348,,0,273,468,08:A6:F7:69:C3:48,,17622,30,2,,32,,,703766,1782138019082,703772,1782138019088,,1782138019021,28,2026-06-22T14:20:19.4189882Z,92,,oasis/bottle,0
,,,,,,6,local.mqtt.telegraf,57,47.06,,periodic,,67,-4893,36,34,,,5,08a6f7bb3c68,,0,273,474,08:A6:F7:BB:3C:68,,4960,31,2,,33,,,704566,1782138019882,704572,1782138019888,,1782138019815,28,2026-06-22T14:20:20.2481141Z,94,,oasis/bottle,0
,,,,,,6,local.mqtt.telegraf,58,40.55,,periodic,,72,-18689,42,40,,,5,08a6f769c348,,0,273,469,08:A6:F7:69:C3:48,,18761,30,2,,32,,,704916,1782138020232,704922,1782138020238,,1782138020160,28,2026-06-22T14:20:20.5982602Z,92,,oasis/bottle,0
,,,,,,6,local.mqtt.telegraf,56,22.26,,periodic,,62,-11370,33,31,,,5,08a6f75abdf0,,0,273,469,08:A6:F7:5A:BD:F0,,11432,29,2,,31,,,705036,1782138020352,705042,1782138020358,,1782138020290,29,2026-06-22T14:20:20.718257Z,93,,oasis/bottle,0
,,,,,,6,local.mqtt.telegraf,57,47.3,,periodic,,67,-6233,36,34,,,5,08a6f7bb3c68,,0,273,475,08:A6:F7:BB:3C:68,,6300,31,2,,33,,,705906,1782138021222,705912,1782138021228,,1782138021155,28,2026-06-22T14:20:21.6037535Z,94,,oasis/bottle,0
,,,,,,6,local.mqtt.telegraf,58,40.58,,periodic,,72,-19769,42,40,,,5,08a6f769c348,,0,273,470,08:A6:F7:69:C3:48,,19841,30,2,,32,,,705996,1782138021312,706002,1782138021318,,1782138021240,28,2026-06-22T14:20:21.6648022Z,92,,oasis/bottle,0
,,,,,,6,local.mqtt.telegraf,56,22.26,,periodic,,71,-12871,42,40,,,5,08a6f75abdf0,,0,273,470,08:A6:F7:5A:BD:F0,,12942,29,2,,31,,,706555,1782138021871,706561,1782138021877,,1782138021800,29,2026-06-22T14:20:22.2319253Z,93,,oasis/bottle,0
,,,,,,6,local.mqtt.telegraf,57,47.34,,periodic,,66,-7715,35,33,,,5,08a6f7bb3c68,,0,273,476,08:A6:F7:BB:3C:68,,7781,31,2,,33,,,707386,1782138022702,707392,1782138022708,,1782138022636,28,2026-06-22T14:20:23.0760581Z,94,,oasis/bottle,0
,,,,,,6,local.mqtt.telegraf,58,40.64,,periodic,,71,-1130,40,38,,,5,08a6f769c348,,0,273,471,08:A6:F7:69:C3:48,,1201,31,2,,33,,,707566,1782138022882,707572,1782138022888,,1782138022811,28,2026-06-22T14:20:23.2484651Z,95,,oasis/bottle,0
,,,,,,6,local.mqtt.telegraf,56,22.23,,periodic,,72,-14100,43,41,,,5,08a6f75abdf0,,0,273,471,08:A6:F7:5A:BD:F0,,14172,29,2,,31,,,707786,1782138023102,707792,1782138023108,,1782138023030,29,2026-06-22T14:20:23.4817212Z,93,,oasis/bottle,0
,,,,,,14,local.mqtt.telegraf,57,47.45,,periodic,,66,-8865,35,33,,,5,08a6f7bb3c68,,0,273,477,08:A6:F7:BB:3C:68,,8931,31,2,,33,,,708536,1782138023852,708550,1782138023866,,1782138023786,28,2026-06-22T14:20:24.2268295Z,94,,oasis/bottle,0
,,,,,,6,local.mqtt.telegraf,58,40.76,,periodic,,63,-2467,32,30,,,5,08a6f769c348,,0,273,472,08:A6:F7:69:C3:48,,2530,31,2,,33,,,708887,1782138024203,708893,1782138024209,,1782138024140,28,2026-06-22T14:20:24.6000978Z,95,,oasis/bottle,0
,,,,,,6,local.mqtt.telegraf,56,22.27,,periodic,,62,-15370,33,31,,,5,08a6f75abdf0,,0,273,472,08:A6:F7:5A:BD:F0,,15432,29,2,,31,,,709036,1782138024352,709042,1782138024358,,1782138024290,29,2026-06-22T14:20:24.7328583Z,93,,oasis/bottle,0
,,,,,,6,local.mqtt.telegraf,57,47.29,,periodic,,66,-9965,35,33,,,5,08a6f7bb3c68,,0,273,478,08:A6:F7:BB:3C:68,,10031,31,2,,33,,,709636,1782138024952,709642,1782138024958,,1782138024886,28,2026-06-22T14:20:25.326956Z,94,,oasis/bottle,0
,,,,,,6,local.mqtt.telegraf,58,40.55,,periodic,,71,-3910,40,38,,,5,08a6f769c348,,0,273,473,08:A6:F7:69:C3:48,,3981,31,2,,33,,,710346,1782138025662,710352,1782138025668,,1782138025591,28,2026-06-22T14:20:26.0010671Z,95,,oasis/bottle,0
,,,,,,6,local.mqtt.telegraf,56,22.17,,periodic,,86,-16656,57,55,,,5,08a6f75abdf0,,0,273,473,08:A6:F7:5A:BD:F0,,16742,29,2,,31,,,710370,1782138025686,710376,1782138025692,,1782138025600,29,2026-06-22T14:20:26.0372433Z,93,,oasis/bottle,1
,,,,,,6,local.mqtt.telegraf,57,46.94,,periodic,,76,-11555,45,43,,,5,08a6f7bb3c68,,0,273,479,08:A6:F7:BB:3C:68,,11631,31,2,,33,,,711246,1782138026562,711252,1782138026568,,1782138026486,28,2026-06-22T14:20:26.9435272Z,94,,oasis/bottle,0
,,,,,,6,local.mqtt.telegraf,58,40.52,,periodic,,68,-5016,37,35,,,5,08a6f769c348,,0,273,474,08:A6:F7:69:C3:48,,5084,31,2,,33,,,711446,1782138026762,711452,1782138026768,,1782138026694,28,2026-06-22T14:20:27.1376978Z,95,,oasis/bottle,0
,,,,,,6,local.mqtt.telegraf,56,22.27,,periodic,,72,-18090,43,41,,,5,08a6f75abdf0,,0,273,474,08:A6:F7:5A:BD:F0,,18162,29,2,,31,,,711776,1782138027092,711782,1782138027098,,1782138027020,29,2026-06-22T14:20:27.47786Z,93,,oasis/bottle,0
,,,,,,6,local.mqtt.telegraf,57,47.06,,periodic,,66,-12975,35,33,,,5,08a6f7bb3c68,,0,273,480,08:A6:F7:BB:3C:68,,13041,31,2,,33,,,712646,1782138027962,712652,1782138027968,,1782138027896,28,2026-06-22T14:20:28.3306448Z,94,,oasis/bottle,0
,,,,,,7,local.mqtt.telegraf,56,22.15,,periodic,,62,-19170,33,31,,,5,08a6f75abdf0,,0,273,475,08:A6:F7:5A:BD:F0,,19232,29,2,,31,,,712836,1782138028152,712843,1782138028159,,1782138028090,29,2026-06-22T14:20:28.5166096Z,93,,oasis/bottle,0
,,,,,,6,local.mqtt.telegraf,58,40.71,,periodic,,72,-6618,41,39,,,5,08a6f769c348,,0,273,475,08:A6:F7:69:C3:48,,6690,31,2,,33,,,713056,1782138028372,713062,1782138028378,,1782138028300,28,2026-06-22T14:20:28.7528529Z,95,,oasis/bottle,0
,,,,,,5,local.mqtt.telegraf,57,47.47,,periodic,,66,-14585,35,33,,,5,08a6f7bb3c68,,0,273,481,08:A6:F7:BB:3C:68,,14651,31,2,,33,,,714255,1782138029572,714261,1782138029577,,1782138029506,28,2026-06-22T14:20:29.9511607Z,94,,oasis/bottle,0
,,,,,,6,local.mqtt.telegraf,56,22.28,,periodic,,72,-450,42,40,,,5,08a6f75abdf0,,0,274,476,08:A6:F7:5A:BD:F0,,522,30,2,,32,,,714346,1782138029662,714352,1782138029668,,1782138029590,29,2026-06-22T14:20:30.0058738Z,96,,oasis/bottle,0
,,,,,,6,local.mqtt.telegraf,58,40.62,,periodic,,63,-8037,32,30,,,5,08a6f769c348,,0,273,476,08:A6:F7:69:C3:48,,8100,31,2,,33,,,714456,1782138029773,714463,1782138029779,,1782138029710,28,2026-06-22T14:20:30.1625066Z,95,,oasis/bottle,0
,,,,,,6,local.mqtt.telegraf,56,22.28,,periodic,,62,-1670,32,30,,,5,08a6f75abdf0,,0,273,477,08:A6:F7:5A:BD:F0,,1732,30,2,,32,,,715546,1782138030862,715552,1782138030868,,1782138030800,29,2026-06-22T14:20:31.2390041Z,96,,oasis/bottle,0
,,,,,,7,local.mqtt.telegraf,57,47.12,,periodic,,76,-15985,45,43,,,5,08a6f7bb3c68,,0,273,482,08:A6:F7:BB:3C:68,,16061,31,2,,33,,,715676,1782138030992,715683,1782138030999,,1782138030916,28,2026-06-22T14:20:31.3723331Z,94,,oasis/bottle,0
,,,,,,6,local.mqtt.telegraf,58,40.62,,periodic,,72,-9638,41,39,,,5,08a6f769c348,,0,273,477,08:A6:F7:69:C3:48,,9710,31,2,,33,,,716076,1782138031392,716082,1782138031398,,1782138031320,28,2026-06-22T14:20:31.7627439Z,95,,oasis/bottle,0
,,,,,,6,local.mqtt.telegraf,56,22.31,,periodic,,72,-2870,42,40,,,5,08a6f75abdf0,,0,273,478,08:A6:F7:5A:BD:F0,,2942,30,2,,32,,,716766,1782138032082,716772,1782138032088,,1782138032010,29,2026-06-22T14:20:32.4575234Z,96,,oasis/bottle,0
,,,,,,6,local.mqtt.telegraf,57,47.44,,periodic,,67,-17623,36,34,,,5,08a6f7bb3c68,,0,273,483,08:A6:F7:BB:3C:68,,17690,31,2,,33,,,717296,1782138032612,717302,1782138032618,,1782138032545,28,2026-06-22T14:20:32.9903848Z,94,,oasis/bottle,0
,,,,,,6,local.mqtt.telegraf,58,40.48,,periodic,,72,-11078,41,39,,,5,08a6f769c348,,0,273,478,08:A6:F7:69:C3:48,,11150,31,2,,33,,,717516,1782138032832,717522,1782138032838,,1782138032760,28,2026-06-22T14:20:33.1978047Z,95,,oasis/bottle,0
,,,,,,7,local.mqtt.telegraf,56,22.28,,periodic,,72,-4100,42,40,,,5,08a6f75abdf0,,0,273,479,08:A6:F7:5A:BD:F0,,4172,30,2,,32,,,717996,1782138033312,718003,1782138033319,,1782138033240,29,2026-06-22T14:20:33.6842163Z,96,,oasis/bottle,0
,,,,,,7,local.mqtt.telegraf,58,40.66,,periodic,,72,-12138,41,39,,,5,08a6f769c348,,0,273,479,08:A6:F7:69:C3:48,,12210,31,2,,33,,,718576,1782138033892,718583,1782138033899,,1782138033820,28,2026-06-22T14:20:34.2711032Z,95,,oasis/bottle,0
,,,,,,6,local.mqtt.telegraf,57,47.02,,periodic,,77,-19063,46,44,,,5,08a6f7bb3c68,,0,273,484,08:A6:F7:BB:3C:68,,19140,31,2,,33,,,718756,1782138034072,718762,1782138034078,,1782138033995,28,2026-06-22T14:20:34.4387728Z,94,,oasis/bottle,0
,,,,,,7,local.mqtt.telegraf,56,22.21,,periodic,,62,-5360,32,30,,,5,08a6f75abdf0,,0,273,480,08:A6:F7:5A:BD:F0,,5422,30,2,,32,,,719236,1782138034552,719243,1782138034559,,1782138034490,29,2026-06-22T14:20:34.923301Z,96,,oasis/bottle,0
,,,,,,6,local.mqtt.telegraf,57,47.13,,periodic,,66,-20175,35,33,,,5,08a6f7bb3c68,,0,273,485,08:A6:F7:BB:3C:68,,20241,31,2,,33,,,719846,1782138035162,719852,1782138035168,,1782138035096,28,2026-06-22T14:20:35.5431397Z,94,,oasis/bottle,0
,,,,,,6,local.mqtt.telegraf,58,40.62,,periodic,,61,-13680,30,28,,,5,08a6f769c348,,0,273,480,08:A6:F7:69:C3:48,,13741,31,2,,33,,,720096,1782138035412,720102,1782138035418,,1782138035351,28,2026-06-22T14:20:35.7890262Z,95,,oasis/bottle,0
,,,,,,6,local.mqtt.telegraf,56,22.19,,periodic,,63,-6659,33,31,,,5,08a6f75abdf0,,0,273,481,08:A6:F7:5A:BD:F0,,6722,30,2,,32,,,720536,1782138035853,720543,1782138035859,,1782138035790,29,2026-06-22T14:20:36.2337281Z,96,,oasis/bottle,0
,,,,,,6,local.mqtt.telegraf,58,40.49,,periodic,,71,-14920,40,38,,,5,08a6f769c348,,0,274,481,08:A6:F7:69:C3:48,,14991,31,2,,33,,,721356,1782138036672,721362,1782138036678,,1782138036601,28,2026-06-22T14:20:37.0594649Z,95,,oasis/bottle,0
,,,,,,7,local.mqtt.telegraf,57,47.13,,periodic,,69,-1433,26,24,,,5,08a6f7bb3c68,,0,273,486,08:A6:F7:BB:3C:68,,1502,43,2,,45,,,721448,1782138036765,721456,1782138036772,,1782138036696,28,2026-06-22T14:20:37.1171827Z,97,,oasis/bottle,0
,,,,,,6,local.mqtt.telegraf,56,22.13,,periodic,,72,-8040,42,40,,,5,08a6f75abdf0,,0,273,482,08:A6:F7:5A:BD:F0,,8112,30,2,,32,,,721936,1782138037252,721942,1782138037258,,1782138037180,29,2026-06-22T14:20:37.6231756Z,96,,oasis/bottle,0
,,,,,,6,local.mqtt.telegraf,58,40.62,,periodic,,62,-16229,31,29,,,5,08a6f769c348,,0,273,482,08:A6:F7:69:C3:48,,16291,31,2,,33,,,722647,1782138037963,722653,1782138037969,,1782138037901,28,2026-06-22T14:20:38.3297291Z,95,,oasis/bottle,0
,,,,,,6,local.mqtt.telegraf,57,47.3,,periodic,,67,-2824,24,22,,,5,08a6f7bb3c68,,0,273,487,08:A6:F7:BB:3C:68,,2891,43,2,,45,,,722836,1782138038152,722842,1782138038158,,1782138038085,28,2026-06-22T14:20:38.5167136Z,97,,oasis/bottle,0
,,,,,,6,local.mqtt.telegraf,56,22.27,,periodic,,72,-9630,42,40,,,5,08a6f75abdf0,,0,273,483,08:A6:F7:5A:BD:F0,,9702,30,2,,32,,,723526,1782138038842,723532,1782138038848,,1782138038770,29,2026-06-22T14:20:39.2174848Z,96,,oasis/bottle,0
,,,,,,6,local.mqtt.telegraf,58,40.4,,periodic,,71,-17610,40,38,,,5,08a6f769c348,,0,274,483,08:A6:F7:69:C3:48,,17681,31,2,,33,,,724046,1782138039362,724052,1782138039368,,1782138039291,28,2026-06-22T14:20:39.7265393Z,95,,oasis/bottle,0
,,,,,,6,local.mqtt.telegraf,57,47.28,,periodic,,67,-4404,24,22,,,5,08a6f7bb3c68,,0,273,488,08:A6:F7:BB:3C:68,,4471,43,2,,45,,,724416,1782138039732,724422,1782138039738,,1782138039665,28,2026-06-22T14:20:40.0908406Z,97,,oasis/bottle,0
,,,,,,6,local.mqtt.telegraf,56,22.15,,periodic,,72,-11000,42,40,,,5,08a6f75abdf0,,0,273,484,08:A6:F7:5A:BD:F0,,11072,30,2,,32,,,724896,1782138040212,724902,1782138040218,,1782138040140,29,2026-06-22T14:20:40.5917857Z,96,,oasis/bottle,0
,,,,,,6,local.mqtt.telegraf,58,40.62,,periodic,,62,-19279,31,29,,,5,08a6f769c348,,0,273,484,08:A6:F7:69:C3:48,,19341,31,2,,33,,,725696,1782138041013,725703,1782138041019,,1782138040951,28,2026-06-22T14:20:41.3859576Z,95,,oasis/bottle,0
,,,,,,11,local.mqtt.telegraf,57,47.09,,periodic,,67,-5754,24,22,,,5,08a6f7bb3c68,,0,273,489,08:A6:F7:BB:3C:68,,5821,43,2,,45,,,725766,1782138041082,725777,1782138041093,,1782138041015,28,2026-06-22T14:20:41.4516758Z,97,,oasis/bottle,0
,,,,,,6,local.mqtt.telegraf,56,22.27,,periodic,,62,-12550,32,30,,,5,08a6f75abdf0,,0,273,485,08:A6:F7:5A:BD:F0,,12612,30,2,,32,,,726426,1782138041742,726432,1782138041748,,1782138041680,29,2026-06-22T14:20:42.1203242Z,96,,oasis/bottle,0
,,,,,,5,local.mqtt.telegraf,58,40.55,,periodic,,71,-490,40,38,,,5,08a6f769c348,,0,274,485,08:A6:F7:69:C3:48,,561,31,2,,33,,,727136,1782138042452,727141,1782138042457,,1782138042381,28,2026-06-22T14:20:42.8179669Z,98,,oasis/bottle,0
,,,,,,6,local.mqtt.telegraf,57,47,,periodic,,77,-7244,34,32,,,5,08a6f7bb3c68,,0,273,490,08:A6:F7:BB:3C:68,,7321,43,2,,45,,,727276,1782138042592,727282,1782138042598,,1782138042515,28,2026-06-22T14:20:42.9784687Z,97,,oasis/bottle,0
,,,,,,6,local.mqtt.telegraf,56,22.23,,periodic,,72,-13810,42,40,,,5,08a6f75abdf0,,0,273,486,08:A6:F7:5A:BD:F0,,13882,30,2,,32,,,727706,1782138043022,727712,1782138043028,,1782138042950,29,2026-06-22T14:20:43.3976978Z,96,,oasis/bottle,0
,,,,,,6,local.mqtt.telegraf,58,40.6,,periodic,,71,-1560,40,38,,,5,08a6f769c348,,0,273,486,08:A6:F7:69:C3:48,,1631,31,2,,33,,,728206,1782138043522,728212,1782138043528,,1782138043451,28,2026-06-22T14:20:43.8871102Z,98,,oasis/bottle,0
,,,,,,6,local.mqtt.telegraf,57,47.06,,periodic,,66,-8466,23,21,,,5,08a6f7bb3c68,,0,273,491,08:A6:F7:BB:3C:68,,8532,43,2,,45,,,728476,1782138043792,728482,1782138043798,,1782138043726,28,2026-06-22T14:20:44.1613578Z,97,,oasis/bottle,0
,,,,,,6,local.mqtt.telegraf,56,22.17,,periodic,,72,-15160,42,40,,,5,08a6f75abdf0,,0,273,487,08:A6:F7:5A:BD:F0,,15232,30,2,,32,,,729056,1782138044372,729062,1782138044378,,1782138044300,29,2026-06-22T14:20:44.7434205Z,96,,oasis/bottle,0
,,,,,,6,local.mqtt.telegraf,57,47.05,,periodic,,67,-9674,24,22,,,5,08a6f7bb3c68,,0,273,492,08:A6:F7:BB:3C:68,,9741,43,2,,45,,,729686,1782138045002,729692,1782138045008,,1782138044935,28,2026-06-22T14:20:45.3702715Z,97,,oasis/bottle,0
,,,,,,6,local.mqtt.telegraf,58,40.47,,periodic,,71,-3090,40,38,,,5,08a6f769c348,,0,273,487,08:A6:F7:69:C3:48,,3161,31,2,,33,,,729736,1782138045052,729742,1782138045058,,1782138044981,28,2026-06-22T14:20:45.436987Z,98,,oasis/bottle,0
,,,,,,6,local.mqtt.telegraf,56,22.13,,periodic,,72,-16650,42,40,,,5,08a6f75abdf0,,0,273,488,08:A6:F7:5A:BD:F0,,16722,30,2,,32,,,730546,1782138045862,730552,1782138045868,,1782138045790,29,2026-06-22T14:20:46.2493269Z,96,,oasis/bottle,0
,,,,,,6,local.mqtt.telegraf,57,46.82,,periodic,,75,-10878,32,30,,,5,08a6f7bb3c68,,0,273,493,08:A6:F7:BB:3C:68,,10953,43,2,,45,,,730906,1782138046222,730912,1782138046228,,1782138046147,28,2026-06-22T14:20:46.5895838Z,97,,oasis/bottle,0
,,,,,,6,local.mqtt.telegraf,58,40.53,,periodic,,71,-4360,40,38,,,5,08a6f769c348,,0,273,488,08:A6:F7:69:C3:48,,4431,31,2,,33,,,731006,1782138046322,731012,1782138046328,,1782138046251,28,2026-06-22T14:20:46.653498Z,98,,oasis/bottle,0
,,,,,,6,local.mqtt.telegraf,56,22.23,,periodic,,62,-17850,32,30,,,5,08a6f75abdf0,,0,273,489,08:A6:F7:5A:BD:F0,,17912,30,2,,32,,,731726,1782138047042,731732,1782138047048,,1782138046980,29,2026-06-22T14:20:47.4173315Z,96,,oasis/bottle,0
,,,,,,6,local.mqtt.telegraf,57,47.05,,periodic,,67,-12124,24,22,,,5,08a6f7bb3c68,,0,273,494,08:A6:F7:BB:3C:68,,12191,43,2,,45,,,732136,1782138047452,732142,1782138047458,,1782138047385,28,2026-06-22T14:20:47.8236693Z,97,,oasis/bottle,0
,,,,,,6,local.mqtt.telegraf,58,40.36,,periodic,,68,-5686,37,35,,,5,08a6f769c348,,0,273,489,08:A6:F7:69:C3:48,,5754,31,2,,33,,,732326,1782138047642,732332,1782138047648,,1782138047574,28,2026-06-22T14:20:48.0073204Z,98,,oasis/bottle,0
,,,,,,7,local.mqtt.telegraf,56,22.31,,periodic,,62,-19020,32,30,,,5,08a6f75abdf0,,0,273,490,08:A6:F7:5A:BD:F0,,19082,30,2,,32,,,732896,1782138048212,732903,1782138048219,,1782138048150,29,2026-06-22T14:20:48.5729854Z,96,,oasis/bottle,0
,,,,,,6,local.mqtt.telegraf,57,47.14,,periodic,,67,-13384,24,22,,,5,08a6f7bb3c68,,0,273,495,08:A6:F7:BB:3C:68,,13451,43,2,,45,,,733396,1782138048712,733402,1782138048718,,1782138048645,28,2026-06-22T14:20:49.0884154Z,97,,oasis/bottle,0
,,,,,,8,local.mqtt.telegraf,58,40.4,,periodic,,62,-7148,31,29,,,5,08a6f769c348,,0,273,490,08:A6:F7:69:C3:48,,7210,31,2,,33,,,733776,1782138049092,733784,1782138049100,,1782138049030,28,2026-06-22T14:20:49.4619527Z,98,,oasis/bottle,0
,,,,,,6,local.mqtt.telegraf,56,22.32,,periodic,,72,-20140,42,40,,,5,08a6f75abdf0,,0,273,491,08:A6:F7:5A:BD:F0,,20212,30,2,,32,,,734036,1782138049352,734042,1782138049358,,1782138049280,29,2026-06-22T14:20:49.7566722Z,96,,oasis/bottle,0
,,,,,,6,local.mqtt.telegraf,57,47.09,,periodic,,76,-14696,33,31,,,5,08a6f7bb3c68,,0,273,496,08:A6:F7:BB:3C:68,,14772,43,2,,45,,,734726,1782138050042,734732,1782138050048,,1782138049966,28,2026-06-22T14:20:50.4152377Z,97,,oasis/bottle,0
,,,,,,6,local.mqtt.telegraf,58,40.6,,periodic,,72,-8238,41,39,,,5,08a6f769c348,,0,273,491,08:A6:F7:69:C3:48,,8310,31,2,,33,,,734886,1782138050202,734892,1782138050208,,1782138050130,28,2026-06-22T14:20:50.5687223Z,98,,oasis/bottle,0
,,,,,,6,local.mqtt.telegraf,56,22.13,,periodic,,62,-940,4,2,,,5,08a6f75abdf0,,0,274,492,08:A6:F7:5A:BD:F0,,1002,58,2,,60,,,735146,1782138050462,735152,1782138050468,,1782138050400,29,2026-06-22T14:20:50.8393646Z,99,,oasis/bottle,0
,,,,,,6,local.mqtt.telegraf,57,47.04,,periodic,,67,-16154,24,22,,,5,08a6f7bb3c68,,0,273,497,08:A6:F7:BB:3C:68,,16221,43,2,,45,,,736166,1782138051482,736172,1782138051488,,1782138051415,28,2026-06-22T14:20:51.8388104Z,97,,oasis/bottle,0
,,,,,,7,local.mqtt.telegraf,58,40.55,,periodic,,62,-9858,31,29,,,5,08a6f769c348,,0,273,492,08:A6:F7:69:C3:48,,9920,31,2,,33,,,736486,1782138051802,736493,1782138051809,,1782138051740,28,2026-06-22T14:20:52.1601656Z,98,,oasis/bottle,0
,,,,,,6,local.mqtt.telegraf,56,22.34,,periodic,,72,-2510,14,12,,,5,08a6f75abdf0,,0,273,493,08:A6:F7:5A:BD:F0,,2582,58,2,,60,,,736736,1782138052052,736742,1782138052058,,1782138051980,29,2026-06-22T14:20:52.4308209Z,99,,oasis/bottle,0
,,,,,,6,local.mqtt.telegraf,57,47.08,,periodic,,67,-17234,24,22,,,5,08a6f7bb3c68,,0,273,498,08:A6:F7:BB:3C:68,,17301,43,2,,45,,,737246,1782138052562,737252,1782138052568,,1782138052495,28,2026-06-22T14:20:52.9291956Z,97,,oasis/bottle,0
,,,,,,6,local.mqtt.telegraf,58,40.55,,periodic,,71,-11250,40,38,,,5,08a6f769c348,,0,273,493,08:A6:F7:69:C3:48,,11321,31,2,,33,,,737896,1782138053212,737902,1782138053218,,1782138053141,28,2026-06-22T14:20:53.5830471Z,98,,oasis/bottle,0
,,,,,,6,local.mqtt.telegraf,56,22.15,,periodic,,63,-3878,5,3,,,5,08a6f75abdf0,,0,273,494,08:A6:F7:5A:BD:F0,,3941,58,2,,60,,,738086,1782138053402,738092,1782138053408,,1782138053339,29,2026-06-22T14:20:53.7580756Z,99,,oasis/bottle,0
,,,,,,6,local.mqtt.telegraf,57,47.18,,periodic,,77,-18784,34,32,,,5,08a6f7bb3c68,,0,273,499,08:A6:F7:BB:3C:68,,18861,43,2,,45,,,738816,1782138054132,738822,1782138054138,,1782138054055,28,2026-06-22T14:20:54.5094042Z,97,,oasis/bottle,0
,,,,,,6,local.mqtt.telegraf,58,40.44,,periodic,,71,-12870,40,38,,,5,08a6f769c348,,0,273,494,08:A6:F7:69:C3:48,,12941,31,2,,33,,,739516,1782138054832,739522,1782138054838,,1782138054761,28,2026-06-22T14:20:55.1992624Z,98,,oasis/bottle,0
,,,,,,6,local.mqtt.telegraf,56,22.15,,periodic,,73,-5378,15,13,,,5,08a6f75abdf0,,0,273,495,08:A6:F7:5A:BD:F0,,5451,58,2,,60,,,739606,1782138054922,739612,1782138054928,,1782138054849,29,2026-06-22T14:20:55.2511179Z,99,,oasis/bottle,0
,,,,,,6,local.mqtt.telegraf,57,47.14,,periodic,,67,-20124,24,22,,,5,08a6f7bb3c68,,0,273,500,08:A6:F7:BB:3C:68,,20191,43,2,,45,,,740136,1782138055452,740142,1782138055458,,1782138055385,28,2026-06-22T14:20:55.8234289Z,97,,oasis/bottle,0
,,,,,,6,local.mqtt.telegraf,56,22.34,,periodic,,63,-6618,5,3,,,5,08a6f75abdf0,,0,273,496,08:A6:F7:5A:BD:F0,,6681,58,2,,60,,,740826,1782138056142,740832,1782138056148,,1782138056079,29,2026-06-22T14:20:56.5056248Z,99,,oasis/bottle,0
,,,,,,6,local.mqtt.telegraf,58,40.63,,periodic,,71,-14300,40,38,,,5,08a6f769c348,,0,273,495,08:A6:F7:69:C3:48,,14371,31,2,,33,,,740946,1782138056262,740952,1782138056268,,1782138056191,28,2026-06-22T14:20:56.6330166Z,98,,oasis/bottle,0
,,,,,,6,local.mqtt.telegraf,57,47.13,,periodic,,72,-1270,18,16,,,5,08a6f7bb3c68,,0,274,501,08:A6:F7:BB:3C:68,,1342,54,2,,56,,,741596,1782138056912,741602,1782138056918,,1782138056840,28,2026-06-22T14:20:57.2894409Z,100,,oasis/bottle,0
,,,,,,6,local.mqtt.telegraf,58,40.44,,periodic,,63,-15367,32,30,,,5,08a6f769c348,,0,273,496,08:A6:F7:69:C3:48,,15430,31,2,,33,,,741997,1782138057313,742003,1782138057319,,1782138057250,28,2026-06-22T14:20:57.6804872Z,98,,oasis/bottle,0
,,,,,,6,local.mqtt.telegraf,55,22.15,,periodic,,62,-7870,4,2,,,5,08a6f75abdf0,,0,273,497,08:A6:F7:5A:BD:F0,,7932,58,2,,60,,,742076,1782138057392,742082,1782138057398,,1782138057330,29,2026-06-22T14:20:57.7413841Z,99,,oasis/bottle,0
,,,,,,6,local.mqtt.telegraf,57,47.06,,periodic,,61,-2382,7,5,,,5,08a6f7bb3c68,,0,273,502,08:A6:F7:BB:3C:68,,2443,54,2,,56,,,742686,1782138058002,742692,1782138058008,,1782138057941,28,2026-06-22T14:20:58.3793583Z,100,,oasis/bottle,0
,,,,,,6,local.mqtt.telegraf,55,22.17,,periodic,,72,-9150,14,12,,,5,08a6f75abdf0,,0,273,498,08:A6:F7:5A:BD:F0,,9222,58,2,,60,,,743376,1782138058692,743382,1782138058698,,1782138058620,29,2026-06-22T14:20:59.0874398Z,99,,oasis/bottle,0
,,,,,,6,local.mqtt.telegraf,58,40.53,,periodic,,71,-16870,40,38,,,5,08a6f769c348,,0,273,497,08:A6:F7:69:C3:48,,16941,31,2,,33,,,743516,1782138058832,743522,1782138058838,,1782138058761,28,2026-06-22T14:20:59.1495312Z,98,,oasis/bottle,0
,,,,,,6,local.mqtt.telegraf,57,47.16,,periodic,,62,-3980,8,6,,,5,08a6f7bb3c68,,0,273,503,08:A6:F7:BB:3C:68,,4042,54,2,,56,,,744286,1782138059602,744292,1782138059608,,1782138059540,28,2026-06-22T14:20:59.9747088Z,100,,oasis/bottle,0
,,,,,,10,local.mqtt.telegraf,58,40.55,,periodic,,72,-18088,41,39,,,5,08a6f769c348,,0,273,498,08:A6:F7:69:C3:48,,18160,31,2,,33,,,744736,1782138060052,744746,1782138060062,,1782138059980,28,2026-06-22T14:21:00.4109345Z,98,,oasis/bottle,0
,,,,,,6,local.mqtt.telegraf,55,22.23,,periodic,,87,-10525,29,27,,,5,08a6f75abdf0,,0,273,499,08:A6:F7:5A:BD:F0,,10612,58,2,,60,,,744781,1782138060097,744786,1782138060103,,1782138060010,29,2026-06-22T14:21:00.4485084Z,99,,oasis/bottle,0
,,,,,,6,local.mqtt.telegraf,57,47.36,,periodic,,73,-5358,19,17,,,5,08a6f7bb3c68,,0,273,504,08:A6:F7:BB:3C:68,,5431,54,2,,56,,,745686,1782138061002,745692,1782138061008,,1782138060929,28,2026-06-22T14:21:01.3652652Z,100,,oasis/bottle,0
,,,,,,6,local.mqtt.telegraf,58,40.6,,periodic,,72,-19318,41,39,,,5,08a6f769c348,,0,273,499,08:A6:F7:69:C3:48,,19390,31,2,,33,,,745966,1782138061282,745972,1782138061288,,1782138061210,28,2026-06-22T14:21:01.6470013Z,98,,oasis/bottle,0
,,,,,,6,local.mqtt.telegraf,55,22.23,,periodic,,62,-12140,4,2,,,5,08a6f75abdf0,,0,273,500,08:A6:F7:5A:BD:F0,,12202,58,2,,60,,,746346,1782138061662,746352,1782138061668,,1782138061600,29,2026-06-22T14:21:02.0415775Z,99,,oasis/bottle,0
,,,,,,6,local.mqtt.telegraf,58,40.49,,periodic,,71,-380,40,38,,,5,08a6f769c348,,0,273,500,08:A6:F7:69:C3:48,,451,31,2,,33,,,747235,1782138062551,747241,1782138062557,,1782138062480,28,2026-06-22T14:21:02.8947702Z,101,,oasis/bottle,0
,,,,,,6,local.mqtt.telegraf,57,47.21,,periodic,,59,-6963,5,3,,,5,08a6f7bb3c68,,0,273,505,08:A6:F7:BB:3C:68,,7022,54,2,,56,,,747263,1782138062579,747269,1782138062585,,1782138062520,28,2026-06-22T14:21:02.9267407Z,100,,oasis/bottle,0
,,,,,,6,local.mqtt.telegraf,55,22.21,,periodic,,72,-13490,14,12,,,5,08a6f75abdf0,,0,273,501,08:A6:F7:5A:BD:F0,,13562,58,2,,60,,,747716,1782138063032,747722,1782138063038,,1782138062960,29,2026-06-22T14:21:03.3891726Z,99,,oasis/bottle,0
,,,,,,6,local.mqtt.telegraf,58,40.55,,periodic,,69,-1705,38,36,,,5,08a6f769c348,,0,273,501,08:A6:F7:69:C3:48,,1774,31,2,,33,,,748556,1782138063872,748562,1782138063878,,1782138063803,28,2026-06-22T14:21:04.2413177Z,101,,oasis/bottle,0
,,,,,,6,local.mqtt.telegraf,57,47.28,,periodic,,63,-8328,9,7,,,5,08a6f7bb3c68,,0,273,506,08:A6:F7:BB:3C:68,,8391,54,2,,56,,,748636,1782138063952,748642,1782138063958,,1782138063889,28,2026-06-22T14:21:04.3071348Z,100,,oasis/bottle,0
,,,,,,6,local.mqtt.telegraf,55,22.13,,periodic,,63,-15028,5,3,,,5,08a6f75abdf0,,0,273,502,08:A6:F7:5A:BD:F0,,15091,58,2,,60,,,749236,1782138064552,749242,1782138064558,,1782138064489,29,2026-06-22T14:21:04.9233025Z,99,,oasis/bottle,0
,,,,,,6,local.mqtt.telegraf,58,40.59,,periodic,,73,-3157,42,40,,,5,08a6f769c348,,0,273,502,08:A6:F7:69:C3:48,,3230,31,2,,33,,,750016,1782138065332,750022,1782138065338,,1782138065259,28,2026-06-22T14:21:05.7086299Z,101,,oasis/bottle,0
,,,,,,6,local.mqtt.telegraf,57,46.98,,periodic,,72,-9860,18,16,,,5,08a6f7bb3c68,,0,273,507,08:A6:F7:BB:3C:68,,9932,54,2,,56,,,750186,1782138065502,750192,1782138065508,,1782138065430,28,2026-06-22T14:21:05.8644733Z,100,,oasis/bottle,0
,,,,,,6,local.mqtt.telegraf,55,22.21,,periodic,,63,-16268,5,3,,,5,08a6f75abdf0,,0,273,503,08:A6:F7:5A:BD:F0,,16331,58,2,,60,,,750476,1782138065792,750482,1782138065798,,1782138065729,29,2026-06-22T14:21:06.1649117Z,99,,oasis/bottle,0
,,,,,,6,local.mqtt.telegraf,57,40.58,,periodic,,72,-4259,41,39,,,5,08a6f769c348,,0,273,503,08:A6:F7:69:C3:48,,4331,31,2,,33,,,751116,1782138066432,751122,1782138066438,,1782138066360,28,2026-06-22T14:21:06.8041732Z,101,,oasis/bottle,0
,,,,,,6,local.mqtt.telegraf,57,47.14,,periodic,,63,-11148,9,7,,,5,08a6f7bb3c68,,0,273,508,08:A6:F7:BB:3C:68,,11211,54,2,,56,,,751456,1782138066772,751462,1782138066778,,1782138066709,28,2026-06-22T14:21:07.1399962Z,100,,oasis/bottle,0
,,,,,,6,local.mqtt.telegraf,55,22.08,,periodic,,73,-17538,15,13,,,5,08a6f75abdf0,,0,273,504,08:A6:F7:5A:BD:F0,,17611,58,2,,60,,,751766,1782138067082,751772,1782138067088,,1782138067009,29,2026-06-22T14:21:07.4378209Z,99,,oasis/bottle,0
,,,,,,6,local.mqtt.telegraf,57,40.52,,periodic,,63,-5877,32,30,,,5,08a6f769c348,,0,273,504,08:A6:F7:69:C3:48,,5940,31,2,,33,,,752716,1782138068032,752722,1782138068038,,1782138067969,28,2026-06-22T14:21:08.3970754Z,101,,oasis/bottle,0
,,,,,,7,local.mqtt.telegraf,57,47.25,,periodic,,62,-12500,8,6,,,5,08a6f7bb3c68,,0,273,509,08:A6:F7:BB:3C:68,,12562,54,2,,56,,,752806,1782138068122,752813,1782138068129,,1782138068060,28,2026-06-22T14:21:08.4726904Z,100,,oasis/bottle,0
,,,,,,6,local.mqtt.telegraf,55,22.16,,periodic,,73,-18918,15,13,,,5,08a6f75abdf0,,0,273,505,08:A6:F7:5A:BD:F0,,18991,58,2,,60,,,753146,1782138068462,753152,1782138068468,,1782138068389,29,2026-06-22T14:21:08.8411339Z,99,,oasis/bottle,0
,,,,,,14,local.mqtt.telegraf,57,40.59,,periodic,,73,-7277,42,40,,,5,08a6f769c348,,0,273,505,08:A6:F7:69:C3:48,,7350,31,2,,33,,,754136,1782138069452,754150,1782138069466,,1782138069379,28,2026-06-22T14:21:09.8429077Z,101,,oasis/bottle,0
,,,,,,7,local.mqtt.telegraf,57,46.75,,periodic,,73,-13988,19,17,,,5,08a6f7bb3c68,,0,273,510,08:A6:F7:BB:3C:68,,14061,54,2,,56,,,754316,1782138069632,754323,1782138069639,,1782138069559,28,2026-06-22T14:21:09.9972327Z,100,,oasis/bottle,0
,,,,,,6,local.mqtt.telegraf,55,22.2,,periodic,,72,-259,41,39,,,5,08a6f75abdf0,,0,274,506,08:A6:F7:5A:BD:F0,,331,31,2,,33,,,754696,1782138070012,754702,1782138070018,,1782138069940,29,2026-06-22T14:21:10.3934895Z,102,,oasis/bottle,0
,,,,,,6,local.mqtt.telegraf,57,47.14,,periodic,,62,-15210,8,6,,,5,08a6f7bb3c68,,0,273,511,08:A6:F7:BB:3C:68,,15272,54,2,,56,,,755516,1782138070832,755522,1782138070838,,1782138070770,28,2026-06-22T14:21:11.2010052Z,100,,oasis/bottle,0
,,,,,,6,local.mqtt.telegraf,57,40.56,,periodic,,73,-8897,42,40,,,5,08a6f769c348,,0,273,506,08:A6:F7:69:C3:48,,8970,31,2,,33,,,755756,1782138071072,755762,1782138071078,,1782138070999,28,2026-06-22T14:21:11.4554713Z,101,,oasis/bottle,0
,,,,,,6,local.mqtt.telegraf,55,22.2,,periodic,,72,-1559,41,39,,,5,08a6f75abdf0,,0,273,507,08:A6:F7:5A:BD:F0,,1631,31,2,,33,,,755996,1782138071312,756002,1782138071318,,1782138071240,29,2026-06-22T14:21:11.6903755Z,102,,oasis/bottle,0
,,,,,,6,local.mqtt.telegraf,57,47.16,,periodic,,63,-16408,9,7,,,5,08a6f7bb3c68,,0,273,512,08:A6:F7:BB:3C:68,,16471,54,2,,56,,,756716,1782138072032,756722,1782138072038,,1782138071969,28,2026-06-22T14:21:12.396489Z,100,,oasis/bottle,0
,,,,,,6,local.mqtt.telegraf,57,40.53,,periodic,,73,-10337,42,40,,,5,08a6f769c348,,0,273,507,08:A6:F7:69:C3:48,,10410,31,2,,33,,,757196,1782138072512,757202,1782138072518,,1782138072439,28,2026-06-22T14:21:12.8850705Z,101,,oasis/bottle,0
,,,,,,6,local.mqtt.telegraf,55,22.3,,periodic,,73,-2947,42,40,,,5,08a6f75abdf0,,0,273,508,08:A6:F7:5A:BD:F0,,3020,31,2,,33,,,757386,1782138072702,757392,1782138072708,,1782138072629,29,2026-06-22T14:21:13.0632967Z,102,,oasis/bottle,0
,,,,,,7,local.mqtt.telegraf,57,47.09,,periodic,,73,-17598,19,17,,,5,08a6f7bb3c68,,0,273,513,08:A6:F7:BB:3C:68,,17671,54,2,,56,,,757926,1782138073242,757932,1782138073249,,1782138073169,28,2026-06-22T14:21:13.6198602Z,100,,oasis/bottle,0
,,,,,,6,local.mqtt.telegraf,57,40.64,,periodic,,73,-11427,42,40,,,5,08a6f769c348,,0,273,508,08:A6:F7:69:C3:48,,11500,31,2,,33,,,758286,1782138073602,758292,1782138073608,,1782138073529,28,2026-06-22T14:21:13.9768282Z,101,,oasis/bottle,0
,,,,,,6,local.mqtt.telegraf,55,22.26,,periodic,,63,-4537,32,30,,,5,08a6f75abdf0,,0,273,509,08:A6:F7:5A:BD:F0,,4600,31,2,,33,,,758956,1782138074272,758962,1782138074278,,1782138074209,29,2026-06-22T14:21:14.6497574Z,102,,oasis/bottle,0
,,,,,,6,local.mqtt.telegraf,57,47.02,,periodic,,72,-18820,18,16,,,5,08a6f7bb3c68,,0,273,514,08:A6:F7:BB:3C:68,,18892,54,2,,56,,,759146,1782138074462,759152,1782138074468,,1782138074390,28,2026-06-22T14:21:14.8366268Z,100,,oasis/bottle,0
,,,,,,6,local.mqtt.telegraf,57,40.59,,periodic,,73,-12997,42,40,,,5,08a6f769c348,,0,273,509,08:A6:F7:69:C3:48,,13070,31,2,,33,,,759856,1782138075172,759862,1782138075178,,1782138075099,28,2026-06-22T14:21:15.5388588Z,101,,oasis/bottle,0
,,,,,,6,local.mqtt.telegraf,55,22.28,,periodic,,73,-5867,42,40,,,5,08a6f75abdf0,,0,273,510,08:A6:F7:5A:BD:F0,,5940,31,2,,33,,,760306,1782138075622,760312,1782138075628,,1782138075549,29,2026-06-22T14:21:15.9895542Z,102,,oasis/bottle,0
,,,,,,7,local.mqtt.telegraf,57,47.08,,periodic,,62,-20060,8,6,,,5,08a6f7bb3c68,,0,273,515,08:A6:F7:BB:3C:68,,20122,54,2,,56,,,760366,1782138075682,760372,1782138075689,,1782138075620,28,2026-06-22T14:21:16.0515608Z,100,,oasis/bottle,0
,,,,,,7,local.mqtt.telegraf,57,40.68,,periodic,,71,-14321,40,38,,,5,08a6f769c348,,0,273,510,08:A6:F7:69:C3:48,,14392,31,2,,33,,,761176,1782138076492,761183,1782138076499,,1782138076421,28,2026-06-22T14:21:16.8723504Z,101,,oasis/bottle,0
,,,,,,6,local.mqtt.telegraf,57,47.21,,periodic,,72,-1070,19,17,,,5,08a6f7bb3c68,,0,273,516,08:A6:F7:BB:3C:68,,1142,53,2,,55,,,761626,1782138076942,761632,1782138076948,,1782138076870,28,2026-06-22T14:21:17.3187663Z,103,,oasis/bottle,0
,,,,,,6,local.mqtt.telegraf,55,22.17,,periodic,,73,-7367,42,40,,,5,08a6f75abdf0,,0,273,511,08:A6:F7:5A:BD:F0,,7440,31,2,,33,,,761806,1782138077122,761812,1782138077128,,1782138077049,29,2026-06-22T14:21:17.4907105Z,102,,oasis/bottle,0
,,,,,,6,local.mqtt.telegraf,57,40.56,,periodic,,73,-15767,42,40,,,5,08a6f769c348,,0,273,511,08:A6:F7:69:C3:48,,15840,31,2,,33,,,762626,1782138077942,762632,1782138077948,,1782138077869,28,2026-06-22T14:21:18.3217886Z,101,,oasis/bottle,0
,,,,,,6,local.mqtt.telegraf,57,47.26,,periodic,,63,-2378,10,8,,,5,08a6f7bb3c68,,0,273,517,08:A6:F7:BB:3C:68,,2441,53,2,,55,,,762916,1782138078232,762922,1782138078238,,1782138078169,28,2026-06-22T14:21:18.5966623Z,103,,oasis/bottle,0
,,,,,,6,local.mqtt.telegraf,55,22.23,,periodic,,73,-8557,42,40,,,5,08a6f75abdf0,,0,273,512,08:A6:F7:5A:BD:F0,,8630,31,2,,33,,,762996,1782138078312,763002,1782138078318,,1782138078239,29,2026-06-22T14:21:18.6578344Z,102,,oasis/bottle,0
,,,,,,6,local.mqtt.telegraf,57,40.58,,periodic,,72,-16869,41,39,,,5,08a6f769c348,,0,273,512,08:A6:F7:69:C3:48,,16941,31,2,,33,,,763726,1782138079042,763732,1782138079048,,1782138078970,28,2026-06-22T14:21:19.4118462Z,101,,oasis/bottle,0
,,,,,,7,local.mqtt.telegraf,55,22.15,,periodic,,63,-9747,32,30,,,5,08a6f75abdf0,,0,273,513,08:A6:F7:5A:BD:F0,,9810,31,2,,33,,,764166,1782138079482,764173,1782138079489,,1782138079419,29,2026-06-22T14:21:19.8389069Z,102,,oasis/bottle,0
,,,,,,6,local.mqtt.telegraf,57,47,,periodic,,72,-3760,19,17,,,5,08a6f7bb3c68,,0,273,518,08:A6:F7:BB:3C:68,,3832,53,2,,55,,,764316,1782138079632,764322,1782138079638,,1782138079560,28,2026-06-22T14:21:19.9898389Z,103,,oasis/bottle,0
,,,,,,6,local.mqtt.telegraf,57,40.43,,periodic,,73,-18457,42,40,,,5,08a6f769c348,,0,273,513,08:A6:F7:69:C3:48,,18530,31,2,,33,,,765316,1782138080632,765322,1782138080638,,1782138080559,28,2026-06-22T14:21:20.9702405Z,101,,oasis/bottle,0
,,,,,,6,local.mqtt.telegraf,55,22.21,,periodic,,86,-10875,55,53,,,5,08a6f75abdf0,,0,274,514,08:A6:F7:5A:BD:F0,,10961,31,2,,33,,,765340,1782138080656,765346,1782138080662,,1782138080570,29,2026-06-22T14:21:21.0047805Z,102,,oasis/bottle,1
,,,,,,6,local.mqtt.telegraf,57,47.2,,periodic,,63,-5358,10,8,,,5,08a6f7bb3c68,,0,273,519,08:A6:F7:BB:3C:68,,5421,53,2,,55,,,765896,1782138081212,765902,1782138081218,,1782138081149,28,2026-06-22T14:21:21.5901231Z,103,,oasis/bottle,0
,,,,,,6,local.mqtt.telegraf,55,22.13,,periodic,,83,-11977,52,50,,,5,08a6f75abdf0,,0,273,515,08:A6:F7:5A:BD:F0,,12060,31,2,,33,,,766436,1782138081752,766442,1782138081758,,1782138081669,29,2026-06-22T14:21:22.118383Z,102,,oasis/bottle,0
,,,,,,7,local.mqtt.telegraf,57,40.52,,periodic,,63,-19857,32,30,,,5,08a6f769c348,,0,273,514,08:A6:F7:69:C3:48,,19920,31,2,,33,,,766696,1782138082012,766703,1782138082019,,1782138081949,28,2026-06-22T14:21:22.3852557Z,101,,oasis/bottle,0
,,,,,,6,local.mqtt.telegraf,57,46.89,,periodic,,62,-6729,9,7,,,5,08a6f7bb3c68,,0,273,520,08:A6:F7:BB:3C:68,,6791,53,2,,55,,,767265,1782138082581,767271,1782138082587,,1782138082519,28,2026-06-22T14:21:22.9381997Z,103,,oasis/bottle,0
,,,,,,6,local.mqtt.telegraf,55,22.32,,periodic,,63,-13627,32,30,,,5,08a6f75abdf0,,0,273,516,08:A6:F7:5A:BD:F0,,13690,31,2,,33,,,768046,1782138083362,768052,1782138083368,,1782138083299,29,2026-06-22T14:21:23.7255968Z,102,,oasis/bottle,0
,,,,,,7,local.mqtt.telegraf,57,40.37,,periodic,,71,-877,47,45,,,5,08a6f769c348,,0,273,515,08:A6:F7:69:C3:48,,948,24,2,,26,,,768266,1782138083582,768273,1782138083589,,1782138083511,28,2026-06-22T14:21:23.9382929Z,104,,oasis/bottle,0
,,,,,,6,local.mqtt.telegraf,57,47.06,,periodic,,62,-8260,9,7,,,5,08a6f7bb3c68,,0,273,521,08:A6:F7:BB:3C:68,,8322,53,2,,55,,,768796,1782138084112,768802,1782138084118,,1782138084050,28,2026-06-22T14:21:24.4711271Z,103,,oasis/bottle,0
,,,,,,6,local.mqtt.telegraf,55,22.17,,periodic,,73,-15037,42,40,,,5,08a6f75abdf0,,0,273,517,08:A6:F7:5A:BD:F0,,15110,31,2,,33,,,769476,1782138084792,769482,1782138084798,,1782138084719,29,2026-06-22T14:21:25.1711586Z,102,,oasis/bottle,0
,,,,,,6,local.mqtt.telegraf,57,40.52,,periodic,,62,-2226,38,36,,,5,08a6f769c348,,0,273,516,08:A6:F7:69:C3:48,,2288,24,2,,26,,,769596,1782138084913,769603,1782138084919,,1782138084851,28,2026-06-22T14:21:25.2714838Z,104,,oasis/bottle,0
,,,,,,6,local.mqtt.telegraf,57,47.25,,periodic,,63,-9518,10,8,,,5,08a6f7bb3c68,,0,273,522,08:A6:F7:BB:3C:68,,9581,53,2,,55,,,770056,1782138085372,770062,1782138085378,,1782138085309,28,2026-06-22T14:21:25.7595564Z,103,,oasis/bottle,0
,,,,,,6,local.mqtt.telegraf,55,22.17,,periodic,,73,-16087,42,40,,,5,08a6f75abdf0,,0,273,518,08:A6:F7:5A:BD:F0,,16160,31,2,,33,,,770526,1782138085842,770532,1782138085848,,1782138085769,29,2026-06-22T14:21:26.2218939Z,102,,oasis/bottle,0
,,,,,,14,local.mqtt.telegraf,57,40.43,,periodic,,71,-3677,47,45,,,5,08a6f769c348,,0,273,517,08:A6:F7:69:C3:48,,3748,24,2,,26,,,771066,1782138086382,771080,1782138086396,,1782138086311,28,2026-06-22T14:21:26.7610746Z,104,,oasis/bottle,0
,,,,,,6,local.mqtt.telegraf,57,47.14,,periodic,,62,-10840,9,7,,,5,08a6f7bb3c68,,0,273,523,08:A6:F7:BB:3C:68,,10902,53,2,,55,,,771376,1782138086692,771382,1782138086698,,1782138086630,28,2026-06-22T14:21:27.0702668Z,103,,oasis/bottle,0
,,,,,,6,local.mqtt.telegraf,55,22.2,,periodic,,72,-17619,41,39,,,5,08a6f75abdf0,,0,273,519,08:A6:F7:5A:BD:F0,,17691,31,2,,33,,,772056,1782138087372,772062,1782138087378,,1782138087300,29,2026-06-22T14:21:27.7434884Z,102,,oasis/bottle,0
,,,,,,6,local.mqtt.telegraf,57,40.59,,periodic,,72,-4805,48,46,,,5,08a6f769c348,,0,273,518,08:A6:F7:69:C3:48,,4877,24,2,,26,,,772196,1782138087512,772202,1782138087518,,1782138087440,28,2026-06-22T14:21:27.8983282Z,104,,oasis/bottle,0
,,,,,,6,local.mqtt.telegraf,56,47.14,,periodic,,70,-12264,17,15,,,5,08a6f7bb3c68,,0,273,524,08:A6:F7:BB:3C:68,,12334,53,2,,55,,,772816,1782138088132,772822,1782138088138,,1782138088062,28,2026-06-22T14:21:28.5096052Z,103,,oasis/bottle,0
,,,,,,6,local.mqtt.telegraf,57,40.55,,periodic,,71,-5857,47,45,,,5,08a6f769c348,,0,273,519,08:A6:F7:69:C3:48,,5928,24,2,,26,,,773246,1782138088562,773252,1782138088568,,1782138088491,28,2026-06-22T14:21:28.9277736Z,104,,oasis/bottle,0
,,,,,,6,local.mqtt.telegraf,55,22.15,,periodic,,63,-18877,32,30,,,5,08a6f75abdf0,,0,273,520,08:A6:F7:5A:BD:F0,,18940,31,2,,33,,,773296,1782138088612,773302,1782138088618,,1782138088549,29,2026-06-22T14:21:28.9907881Z,102,,oasis/bottle,0
,,,,,,6,local.mqtt.telegraf,57,47.13,,periodic,,62,-13350,9,7,,,5,08a6f7bb3c68,,0,273,525,08:A6:F7:BB:3C:68,,13412,53,2,,55,,,773886,1782138089202,773892,1782138089208,,1782138089140,28,2026-06-22T14:21:29.5709876Z,103,,oasis/bottle,0
,,,,,,6,local.mqtt.telegraf,55,22.15,,periodic,,73,-20127,42,40,,,5,08a6f75abdf0,,0,273,521,08:A6:F7:5A:BD:F0,,20200,31,2,,33,,,774566,1782138089882,774572,1782138089888,,1782138089809,29,2026-06-22T14:21:30.2620004Z,102,,oasis/bottle,0
,,,,,,6,local.mqtt.telegraf,57,40.66,,periodic,,71,-7356,47,45,,,5,08a6f769c348,,0,273,520,08:A6:F7:69:C3:48,,7427,24,2,,26,,,774745,1782138090061,774751,1782138090067,,1782138089990,28,2026-06-22T14:21:30.4320755Z,104,,oasis/bottle,0
,,,,,,6,local.mqtt.telegraf,57,47.13,,periodic,,62,-14890,9,7,,,5,08a6f7bb3c68,,0,273,526,08:A6:F7:BB:3C:68,,14952,53,2,,55,,,775426,1782138090742,775432,1782138090748,,1782138090680,28,2026-06-22T14:21:31.1218366Z,103,,oasis/bottle,0
,,,,,,6,local.mqtt.telegraf,55,22.27,,periodic,,62,-1049,31,29,,,5,08a6f75abdf0,,0,273,522,08:A6:F7:5A:BD:F0,,1111,31,2,,33,,,775896,1782138091212,775902,1782138091218,,1782138091150,29,2026-06-22T14:21:31.5799229Z,105,,oasis/bottle,0
,,,,,,6,local.mqtt.telegraf,57,40.62,,periodic,,71,-8557,47,45,,,5,08a6f769c348,,0,273,521,08:A6:F7:69:C3:48,,8628,24,2,,26,,,775946,1782138091262,775952,1782138091268,,1782138091191,28,2026-06-22T14:21:31.6334718Z,104,,oasis/bottle,0
,,,,,,6,local.mqtt.telegraf,57,47.29,,periodic,,72,-16160,19,17,,,5,08a6f7bb3c68,,0,273,527,08:A6:F7:BB:3C:68,,16232,53,2,,55,,,776716,1782138092032,776722,1782138092038,,1782138091960,28,2026-06-22T14:21:32.4041533Z,103,,oasis/bottle,0
,,,,,,6,local.mqtt.telegraf,57,40.55,,periodic,,72,-9745,48,46,,,5,08a6f769c348,,0,273,522,08:A6:F7:69:C3:48,,9817,24,2,,26,,,777136,1782138092452,777142,1782138092458,,1782138092380,28,2026-06-22T14:21:32.8189229Z,104,,oasis/bottle,0
,,,,,,6,local.mqtt.telegraf,55,22.28,,periodic,,73,-2497,42,40,,,5,08a6f75abdf0,,0,273,523,08:A6:F7:5A:BD:F0,,2570,31,2,,33,,,777366,1782138092682,777372,1782138092688,,1782138092609,29,2026-06-22T14:21:33.0535531Z,105,,oasis/bottle,0
,,,,,,6,local.mqtt.telegraf,57,47.1,,periodic,,62,-17540,9,7,,,5,08a6f7bb3c68,,0,273,528,08:A6:F7:BB:3C:68,,17602,53,2,,55,,,778076,1782138093392,778082,1782138093398,,1782138093330,28,2026-06-22T14:21:33.7739702Z,103,,oasis/bottle,0
,,,,,,6,local.mqtt.telegraf,57,40.64,,periodic,,71,-10927,47,45,,,5,08a6f769c348,,0,273,523,08:A6:F7:69:C3:48,,10998,24,2,,26,,,778316,1782138093632,778322,1782138093638,,1782138093561,28,2026-06-22T14:21:34.0197091Z,104,,oasis/bottle,0
,,,,,,7,local.mqtt.telegraf,55,22.15,,periodic,,62,-3639,31,29,,,5,08a6f75abdf0,,0,274,524,08:A6:F7:5A:BD:F0,,3701,31,2,,33,,,778486,1782138093802,778493,1782138093809,,1782138093740,29,2026-06-22T14:21:34.1934519Z,105,,oasis/bottle,0
,,,,,,14,local.mqtt.telegraf,57,40.62,,periodic,,62,-12106,38,36,,,5,08a6f769c348,,0,273,524,08:A6:F7:69:C3:48,,12168,24,2,,26,,,779476,1782138094793,779491,1782138094807,,1782138094731,28,2026-06-22T14:21:35.1553934Z,104,,oasis/bottle,0
,,,,,,6,local.mqtt.telegraf,55,22.13,,periodic,,62,-4679,31,29,,,5,08a6f75abdf0,,0,274,525,08:A6:F7:5A:BD:F0,,4741,31,2,,33,,,779526,1782138094842,779532,1782138094848,,1782138094780,29,2026-06-22T14:21:35.1913295Z,105,,oasis/bottle,0
,,,,,,6,local.mqtt.telegraf,57,47.21,,periodic,,72,-19060,19,17,,,5,08a6f7bb3c68,,0,273,529,08:A6:F7:BB:3C:68,,19132,53,2,,55,,,779616,1782138094932,779622,1782138094938,,1782138094860,28,2026-06-22T14:21:35.291532Z,103,,oasis/bottle,0
,,,,,,6,local.mqtt.telegraf,57,40.56,,periodic,,71,-13227,47,45,,,5,08a6f769c348,,0,273,525,08:A6:F7:69:C3:48,,13298,24,2,,26,,,780616,1782138095932,780622,1782138095938,,1782138095861,28,2026-06-22T14:21:36.2969298Z,104,,oasis/bottle,0
,,,,,,7,local.mqtt.telegraf,56,46.77,,periodic,,63,-20328,10,8,,,5,08a6f7bb3c68,,0,273,530,08:A6:F7:BB:3C:68,,20391,53,2,,55,,,780866,1782138096182,780872,1782138096189,,1782138096119,28,2026-06-22T14:21:36.5477123Z,103,,oasis/bottle,0
,,,,,,6,local.mqtt.telegraf,55,22.26,,periodic,,72,-6169,41,39,,,5,08a6f75abdf0,,0,274,526,08:A6:F7:5A:BD:F0,,6241,31,2,,33,,,781036,1782138096352,781042,1782138096358,,1782138096280,29,2026-06-22T14:21:36.7233503Z,105,,oasis/bottle,0
,,,,,,6,local.mqtt.telegraf,57,40.68,,periodic,,71,-14277,47,45,,,5,08a6f769c348,,0,273,526,08:A6:F7:69:C3:48,,14348,24,2,,26,,,781666,1782138096982,781672,1782138096988,,1782138096911,28,2026-06-22T14:21:37.3559148Z,104,,oasis/bottle,0
,,,,,,6,local.mqtt.telegraf,57,47.33,,periodic,,72,-1130,18,15,,,5,08a6f7bb3c68,,0,273,531,08:A6:F7:BB:3C:68,,1202,54,2,,57,,,782186,1782138097502,782192,1782138097508,,1782138097430,28,2026-06-22T14:21:37.8428541Z,106,,oasis/bottle,0
,,,,,,7,local.mqtt.telegraf,55,22.36,,periodic,,60,-7371,29,27,,,5,08a6f75abdf0,,0,274,527,08:A6:F7:5A:BD:F0,,7431,31,2,,33,,,782214,1782138097530,782221,1782138097537,,1782138097470,29,2026-06-22T14:21:37.8814656Z,105,,oasis/bottle,0
,,,,,,6,local.mqtt.telegraf,57,40.48,,periodic,,71,-15787,47,45,,,5,08a6f769c348,,0,273,527,08:A6:F7:69:C3:48,,15858,24,2,,26,,,783176,1782138098492,783182,1782138098498,,1782138098421,28,2026-06-22T14:21:38.8567392Z,104,,oasis/bottle,0
,,,,,,7,local.mqtt.telegraf,55,22.23,,periodic,,72,-8529,41,39,,,5,08a6f75abdf0,,0,274,528,08:A6:F7:5A:BD:F0,,8601,31,2,,33,,,783396,1782138098712,783403,1782138098719,,1782138098640,29,2026-06-22T14:21:39.0869578Z,105,,oasis/bottle,0
,,,,,,6,local.mqtt.telegraf,56,47.09,,periodic,,62,-2570,8,5,,,5,08a6f7bb3c68,,0,273,532,08:A6:F7:BB:3C:68,,2632,54,2,,57,,,783606,1782138098922,783612,1782138098928,,1782138098860,28,2026-06-22T14:21:39.2903286Z,106,,oasis/bottle,0
,,,,,,6,local.mqtt.telegraf,57,40.59,,periodic,,71,-16997,47,45,,,5,08a6f769c348,,0,273,528,08:A6:F7:69:C3:48,,17068,24,2,,26,,,784386,1782138099702,784392,1782138099708,,1782138099631,28,2026-06-22T14:21:40.0732023Z,104,,oasis/bottle,0
,,,,,,6,local.mqtt.telegraf,55,22.07,,periodic,,72,-9679,41,39,,,5,08a6f75abdf0,,0,274,529,08:A6:F7:5A:BD:F0,,9751,31,2,,33,,,784546,1782138099862,784552,1782138099868,,1782138099790,29,2026-06-22T14:21:40.2324155Z,105,,oasis/bottle,0
,,,,,,6,local.mqtt.telegraf,57,46.82,,periodic,,62,-3620,8,5,,,5,08a6f7bb3c68,,0,273,533,08:A6:F7:BB:3C:68,,3682,54,2,,57,,,784656,1782138099972,784662,1782138099978,,1782138099910,28,2026-06-22T14:21:40.3369387Z,106,,oasis/bottle,0
,,,,,,6,local.mqtt.telegraf,57,40.62,,periodic,,71,-18207,47,45,,,5,08a6f769c348,,0,273,529,08:A6:F7:69:C3:48,,18278,24,2,,26,,,785596,1782138100912,785602,1782138100918,,1782138100841,28,2026-06-22T14:21:41.2694455Z,104,,oasis/bottle,0
,,,,,,7,local.mqtt.telegraf,55,22.31,,periodic,,63,-10787,32,30,,,5,08a6f75abdf0,,0,273,530,08:A6:F7:5A:BD:F0,,10850,31,2,,33,,,785636,1782138100952,785642,1782138100959,,1782138100889,29,2026-06-22T14:21:41.3081503Z,105,,oasis/bottle,0
,,,,,,6,local.mqtt.telegraf,56,47.1,,periodic,,63,-5118,9,6,,,5,08a6f7bb3c68,,0,273,534,08:A6:F7:BB:3C:68,,5181,54,2,,57,,,786156,1782138101472,786162,1782138101478,,1782138101409,28,2026-06-22T14:21:41.8390234Z,106,,oasis/bottle,0
,,,,,,6,local.mqtt.telegraf,57,40.6,,periodic,,81,-19427,57,55,,,5,08a6f769c348,,0,273,530,08:A6:F7:69:C3:48,,19508,24,2,,26,,,786836,1782138102152,786842,1782138102158,,1782138102071,28,2026-06-22T14:21:42.5301205Z,104,,oasis/bottle,0
,,,,,,6,local.mqtt.telegraf,55,22.28,,periodic,,72,-12359,41,39,,,5,08a6f75abdf0,,0,274,531,08:A6:F7:5A:BD:F0,,12431,31,2,,33,,,787226,1782138102542,787232,1782138102548,,1782138102470,29,2026-06-22T14:21:42.9261282Z,105,,oasis/bottle,0
,,,,,,6,local.mqtt.telegraf,57,47.21,,periodic,,72,-6300,18,15,,,5,08a6f7bb3c68,,0,273,535,08:A6:F7:BB:3C:68,,6372,54,2,,57,,,787356,1782138102672,787362,1782138102678,,1782138102600,28,2026-06-22T14:21:43.0267421Z,106,,oasis/bottle,0
,,,,,,6,local.mqtt.telegraf,57,40.63,,periodic,,70,-491,39,37,,,5,08a6f769c348,,0,274,531,08:A6:F7:69:C3:48,,561,31,2,,33,,,788095,1782138103411,788101,1782138103417,,1782138103341,28,2026-06-22T14:21:43.7742612Z,107,,oasis/bottle,0
,,,,,,6,local.mqtt.telegraf,57,46.85,,periodic,,62,-7500,8,5,,,5,08a6f7bb3c68,,0,273,536,08:A6:F7:BB:3C:68,,7562,54,2,,57,,,788536,1782138103852,788542,1782138103858,,1782138103790,28,2026-06-22T14:21:44.2284677Z,106,,oasis/bottle,0
,,,,,,10,local.mqtt.telegraf,55,22.15,,periodic,,72,-13729,41,39,,,5,08a6f75abdf0,,0,274,532,08:A6:F7:5A:BD:F0,,13801,31,2,,33,,,788596,1782138103912,788606,1782138103922,,1782138103840,29,2026-06-22T14:21:44.2632629Z,105,,oasis/bottle,0
,,,,,,6,local.mqtt.telegraf,57,40.71,,periodic,,71,-1810,40,38,,,5,08a6f769c348,,0,273,532,08:A6:F7:69:C3:48,,1881,31,2,,33,,,789416,1782138104732,789422,1782138104738,,1782138104661,28,2026-06-22T14:21:45.1225614Z,107,,oasis/bottle,0
,,,,,,6,local.mqtt.telegraf,57,47.41,,periodic,,62,-8670,8,5,,,5,08a6f7bb3c68,,0,273,537,08:A6:F7:BB:3C:68,,8732,54,2,,57,,,789706,1782138105022,789712,1782138105028,,1782138104960,28,2026-06-22T14:21:45.3911091Z,106,,oasis/bottle,0
,,,,,,6,local.mqtt.telegraf,55,22.17,,periodic,,72,-15279,41,39,,,5,08a6f75abdf0,,0,274,533,08:A6:F7:5A:BD:F0,,15351,31,2,,33,,,790146,1782138105462,790152,1782138105468,,1782138105390,29,2026-06-22T14:21:45.830971Z,105,,oasis/bottle,0
,,,,,,6,local.mqtt.telegraf,56,47.02,,periodic,,73,-9798,19,16,,,5,08a6f7bb3c68,,0,273,538,08:A6:F7:BB:3C:68,,9871,54,2,,57,,,790856,1782138106172,790862,1782138106178,,1782138106099,28,2026-06-22T14:21:46.5098291Z,106,,oasis/bottle,0
,,,,,,6,local.mqtt.telegraf,57,40.62,,periodic,,85,-3246,54,52,,,5,08a6f769c348,,0,273,533,08:A6:F7:69:C3:48,,3331,31,2,,33,,,790880,1782138106196,790886,1782138106202,,1782138106111,28,2026-06-22T14:21:46.5366815Z,107,,oasis/bottle,1
,,,,,,6,local.mqtt.telegraf,55,22.13,,periodic,,62,-16579,31,29,,,5,08a6f75abdf0,,0,274,534,08:A6:F7:5A:BD:F0,,16641,31,2,,33,,,791426,1782138106742,791432,1782138106748,,1782138106680,29,2026-06-22T14:21:47.1182416Z,105,,oasis/bottle,0
,,,,,,6,local.mqtt.telegraf,57,47.08,,periodic,,63,-10888,9,6,,,5,08a6f7bb3c68,,0,273,539,08:A6:F7:BB:3C:68,,10951,54,2,,57,,,791926,1782138107242,791932,1782138107248,,1782138107179,28,2026-06-22T14:21:47.5721356Z,106,,oasis/bottle,0
,,,,,,6,local.mqtt.telegraf,57,40.66,,periodic,,77,-4334,46,44,,,5,08a6f769c348,,0,273,534,08:A6:F7:69:C3:48,,4411,31,2,,33,,,791952,1782138107268,791958,1782138107274,,1782138107191,28,2026-06-22T14:21:47.6208359Z,107,,oasis/bottle,0
,,,,,,6,local.mqtt.telegraf,55,22.21,,periodic,,72,-17929,41,39,,,5,08a6f75abdf0,,0,274,535,08:A6:F7:5A:BD:F0,,18001,31,2,,33,,,792796,1782138108112,792802,1782138108118,,1782138108040,29,2026-06-22T14:21:48.4804879Z,105,,oasis/bottle,0
,,,,,,6,local.mqtt.telegraf,57,47.02,,periodic,,63,-12448,9,6,,,5,08a6f7bb3c68,,0,273,540,08:A6:F7:BB:3C:68,,12511,54,2,,57,,,793486,1782138108802,793492,1782138108808,,1782138108739,28,2026-06-22T14:21:49.137327Z,106,,oasis/bottle,0
,,,,,,5,local.mqtt.telegraf,57,40.62,,periodic,,68,-5913,37,35,,,5,08a6f769c348,,0,273,535,08:A6:F7:69:C3:48,,5981,31,2,,33,,,793513,1782138108829,793518,1782138108834,,1782138108761,28,2026-06-22T14:21:49.1815125Z,107,,oasis/bottle,0
,,,,,,6,local.mqtt.telegraf,55,22.09,,periodic,,62,-19469,31,29,,,5,08a6f75abdf0,,0,274,536,08:A6:F7:5A:BD:F0,,19531,31,2,,33,,,794316,1782138109632,794322,1782138109638,,1782138109570,29,2026-06-22T14:21:50.0036333Z,105,,oasis/bottle,0
,,,,,,6,local.mqtt.telegraf,57,47.21,,periodic,,73,-13748,19,16,,,5,08a6f7bb3c68,,0,273,541,08:A6:F7:BB:3C:68,,13821,54,2,,57,,,794806,1782138110122,794812,1782138110128,,1782138110049,28,2026-06-22T14:21:50.487689Z,106,,oasis/bottle,0
,,,,,,6,local.mqtt.telegraf,57,40.66,,periodic,,71,-7240,40,38,,,5,08a6f769c348,,0,273,536,08:A6:F7:69:C3:48,,7311,31,2,,33,,,794846,1782138110162,794852,1782138110168,,1782138110091,28,2026-06-22T14:21:50.5414709Z,107,,oasis/bottle,0
,,,,,,6,local.mqtt.telegraf,55,22.13,,periodic,,72,-499,41,39,,,5,08a6f75abdf0,,0,274,537,08:A6:F7:5A:BD:F0,,571,31,2,,33,,,795576,1782138110892,795582,1782138110898,,1782138110820,29,2026-06-22T14:21:51.2705527Z,108,,oasis/bottle,0
,,,,,,6,local.mqtt.telegraf,57,47.14,,periodic,,62,-15190,8,5,,,5,08a6f7bb3c68,,0,273,542,08:A6:F7:BB:3C:68,,15252,54,2,,57,,,796226,1782138111542,796232,1782138111548,,1782138111480,28,2026-06-22T14:21:51.9227906Z,106,,oasis/bottle,0
,,,,,,10,local.mqtt.telegraf,57,40.79,,periodic,,72,-8698,41,39,,,5,08a6f769c348,,0,273,537,08:A6:F7:69:C3:48,,8770,31,2,,33,,,796306,1782138111622,796316,1782138111632,,1782138111550,28,2026-06-22T14:21:51.9741009Z,107,,oasis/bottle,0
,,,,,,6,local.mqtt.telegraf,55,22.28,,periodic,,72,-1819,41,39,,,5,08a6f75abdf0,,0,274,538,08:A6:F7:5A:BD:F0,,1891,31,2,,33,,,796896,1782138112212,796902,1782138112218,,1782138112140,29,2026-06-22T14:21:52.583278Z,108,,oasis/bottle,0
,,,,,,6,local.mqtt.telegraf,57,47.13,,periodic,,63,-16238,9,6,,,5,08a6f7bb3c68,,0,273,543,08:A6:F7:BB:3C:68,,16301,54,2,,57,,,797276,1782138112592,797282,1782138112598,,1782138112529,28,2026-06-22T14:21:52.9824153Z,106,,oasis/bottle,0
,,,,,,6,local.mqtt.telegraf,57,40.66,,periodic,,73,-9817,42,40,,,5,08a6f769c348,,0,273,538,08:A6:F7:69:C3:48,,9890,31,2,,33,,,797427,1782138112743,797433,1782138112749,,1782138112670,28,2026-06-22T14:21:53.1140441Z,107,,oasis/bottle,0
,,,,,,6,local.mqtt.telegraf,55,22.15,,periodic,,72,-3239,41,39,,,5,08a6f75abdf0,,0,274,539,08:A6:F7:5A:BD:F0,,3311,31,2,,33,,,798316,1782138113632,798322,1782138113638,,1782138113560,29,2026-06-22T14:21:54.0071001Z,108,,oasis/bottle,0
,,,,,,6,local.mqtt.telegraf,57,40.59,,periodic,,72,-10858,41,39,,,5,08a6f769c348,,0,273,539,08:A6:F7:69:C3:48,,10930,31,2,,33,,,798466,1782138113782,798472,1782138113788,,1782138113710,28,2026-06-22T14:21:54.1516861Z,107,,oasis/bottle,0
,,,,,,6,local.mqtt.telegraf,57,47.06,,periodic,,73,-17718,19,16,,,5,08a6f7bb3c68,,0,273,544,08:A6:F7:BB:3C:68,,17791,54,2,,57,,,798776,1782138114092,798782,1782138114098,,1782138114019,28,2026-06-22T14:21:54.4596111Z,106,,oasis/bottle,0
,,,,,,6,local.mqtt.telegraf,55,22.2,,periodic,,62,-4299,31,29,,,5,08a6f75abdf0,,0,274,540,08:A6:F7:5A:BD:F0,,4361,31,2,,33,,,799356,1782138114672,799362,1782138114678,,1782138114610,29,2026-06-22T14:21:55.0441022Z,108,,oasis/bottle,0
,,,,,,6,local.mqtt.telegraf,57,40.62,,periodic,,72,-12328,41,39,,,5,08a6f769c348,,0,273,540,08:A6:F7:69:C3:48,,12400,31,2,,33,,,799936,1782138115252,799942,1782138115258,,1782138115180,28,2026-06-22T14:21:55.5921385Z,107,,oasis/bottle,0
,,,,,,6,local.mqtt.telegraf,57,47.05,,periodic,,69,-18912,15,12,,,5,08a6f7bb3c68,,0,273,545,08:A6:F7:BB:3C:68,,18981,54,2,,57,,,799962,1782138115278,799968,1782138115284,,1782138115209,28,2026-06-22T14:21:55.6191361Z,106,,oasis/bottle,0
,,,,,,6,local.mqtt.telegraf,55,22.35,,periodic,,72,-5769,41,39,,,5,08a6f75abdf0,,0,274,541,08:A6:F7:5A:BD:F0,,5841,31,2,,33,,,800846,1782138116162,800852,1782138116168,,1782138116090,29,2026-06-22T14:21:56.5435383Z,108,,oasis/bottle,0
,,,,,,6,local.mqtt.telegraf,57,40.6,,periodic,,72,-13478,41,39,,,5,08a6f769c348,,0,273,541,08:A6:F7:69:C3:48,,13550,31,2,,33,,,801086,1782138116402,801092,1782138116408,,1782138116330,28,2026-06-22T14:21:56.7553425Z,107,,oasis/bottle,0
,,,,,,6,local.mqtt.telegraf,57,47.06,,periodic,,63,-20088,9,6,,,5,08a6f7bb3c68,,0,273,546,08:A6:F7:BB:3C:68,,20151,54,2,,57,,,801126,1782138116442,801132,1782138116448,,1782138116379,28,2026-06-22T14:21:56.7927729Z,106,,oasis/bottle,0
,,,,,,6,local.mqtt.telegraf,55,22.31,,periodic,,63,-6948,32,30,,,5,08a6f75abdf0,,0,274,542,08:A6:F7:5A:BD:F0,,7011,31,2,,33,,,802006,1782138117323,802013,1782138117329,,1782138117260,29,2026-06-22T14:21:57.6950004Z,108,,oasis/bottle,0
,,,,,,6,local.mqtt.telegraf,57,40.62,,periodic,,72,-14568,41,39,,,5,08a6f769c348,,0,273,542,08:A6:F7:69:C3:48,,14640,31,2,,33,,,802176,1782138117492,802182,1782138117498,,1782138117420,28,2026-06-22T14:21:57.8683394Z,107,,oasis/bottle,0
,,,,,,6,local.mqtt.telegraf,56,47.37,,periodic,,72,-959,19,17,,,5,08a6f7bb3c68,,0,273,547,08:A6:F7:BB:3C:68,,1031,53,2,,55,,,802276,1782138117592,802282,1782138117598,,1782138117520,28,2026-06-22T14:21:57.9417009Z,109,,oasis/bottle,0
,,,,,,7,local.mqtt.telegraf,55,22.31,,periodic,,62,-8079,31,29,,,5,08a6f75abdf0,,0,274,543,08:A6:F7:5A:BD:F0,,8141,31,2,,33,,,803136,1782138118452,803143,1782138118459,,1782138118390,29,2026-06-22T14:21:58.8375015Z,108,,oasis/bottle,0
,,,,,,6,local.mqtt.telegraf,57,47.26,,periodic,,62,-2059,9,7,,,5,08a6f7bb3c68,,0,273,548,08:A6:F7:BB:3C:68,,2121,53,2,,55,,,803356,1782138118672,803362,1782138118678,,1782138118610,28,2026-06-22T14:21:59.0364822Z,109,,oasis/bottle,0
,,,,,,6,local.mqtt.telegraf,57,40.62,,periodic,,72,-16158,41,39,,,5,08a6f769c348,,0,273,543,08:A6:F7:69:C3:48,,16230,31,2,,33,,,803766,1782138119082,803772,1782138119088,,1782138119010,28,2026-06-22T14:21:59.4408603Z,107,,oasis/bottle,0
,,,,,,6,local.mqtt.telegraf,55,22.26,,periodic,,72,-9119,41,39,,,5,08a6f75abdf0,,0,274,544,08:A6:F7:5A:BD:F0,,9191,31,2,,33,,,804196,1782138119512,804202,1782138119518,,1782138119440,29,2026-06-22T14:21:59.8880491Z,108,,oasis/bottle,0
,,,,,,6,local.mqtt.telegraf,56,47.28,,periodic,,62,-3619,9,7,,,5,08a6f7bb3c68,,0,273,549,08:A6:F7:BB:3C:68,,3681,53,2,,55,,,804916,1782138120232,804922,1782138120238,,1782138120170,28,2026-06-22T14:22:00.6029524Z,109,,oasis/bottle,0
,,,,,,6,local.mqtt.telegraf,57,40.67,,periodic,,72,-17518,41,39,,,5,08a6f769c348,,0,273,544,08:A6:F7:69:C3:48,,17590,31,2,,33,,,805126,1782138120442,805132,1782138120448,,1782138120370,28,2026-06-22T14:22:00.8159991Z,107,,oasis/bottle,0
,,,,,,6,local.mqtt.telegraf,55,22.15,,periodic,,62,-10649,31,29,,,5,08a6f75abdf0,,0,274,545,08:A6:F7:5A:BD:F0,,10711,31,2,,33,,,805706,1782138121022,805712,1782138121028,,1782138120960,29,2026-06-22T14:22:01.399254Z,108,,oasis/bottle,0
,,,,,,6,local.mqtt.telegraf,57,47.26,,periodic,,71,-4931,18,16,,,5,08a6f7bb3c68,,0,273,550,08:A6:F7:BB:3C:68,,5002,53,2,,55,,,806246,1782138121562,806252,1782138121568,,1782138121491,28,2026-06-22T14:22:01.9296324Z,109,,oasis/bottle,0
,,,,,,6,local.mqtt.telegraf,57,40.53,,periodic,,72,-19048,41,39,,,5,08a6f769c348,,0,273,545,08:A6:F7:69:C3:48,,19120,31,2,,33,,,806656,1782138121972,806662,1782138121978,,1782138121900,28,2026-06-22T14:22:02.3381273Z,107,,oasis/bottle,0
,,,,,,6,local.mqtt.telegraf,55,22.12,,periodic,,69,-11855,38,36,,,5,08a6f75abdf0,,0,273,546,08:A6:F7:5A:BD:F0,,11924,31,2,,33,,,806926,1782138122242,806932,1782138122248,,1782138122173,29,2026-06-22T14:22:02.6121546Z,108,,oasis/bottle,0
,,,,,,6,local.mqtt.telegraf,57,47.14,,periodic,,62,-6389,9,7,,,5,08a6f7bb3c68,,0,273,551,08:A6:F7:BB:3C:68,,6451,53,2,,55,,,807686,1782138123002,807692,1782138123008,,1782138122940,28,2026-06-22T14:22:03.3885665Z,109,,oasis/bottle,0
,,,,,,6,local.mqtt.telegraf,57,40.78,,periodic,,71,-20300,40,38,,,5,08a6f769c348,,0,274,546,08:A6:F7:69:C3:48,,20371,31,2,,33,,,807906,1782138123222,807912,1782138123228,,1782138123151,28,2026-06-22T14:22:03.6024619Z,107,,oasis/bottle,0
,,,,,,6,local.mqtt.telegraf,55,22.13,,periodic,,62,-13099,31,29,,,5,08a6f75abdf0,,0,274,547,08:A6:F7:5A:BD:F0,,13161,31,2,,33,,,808156,1782138123472,808162,1782138123478,,1782138123410,29,2026-06-22T14:22:03.8453347Z,108,,oasis/bottle,0
,,,,,,6,local.mqtt.telegraf,57,47.21,,periodic,,62,-7479,9,7,,,5,08a6f7bb3c68,,0,273,552,08:A6:F7:BB:3C:68,,7541,53,2,,55,,,808776,1782138124092,808782,1782138124098,,1782138124030,28,2026-06-22T14:22:04.4659247Z,109,,oasis/bottle,0
,,,,,,6,local.mqtt.telegraf,57,40.66,,periodic,,71,-1131,24,22,,,5,08a6f769c348,,0,273,547,08:A6:F7:69:C3:48,,1202,47,2,,49,,,809216,1782138124532,809222,1782138124538,,1782138124461,28,2026-06-22T14:22:04.887175Z,110,,oasis/bottle,0
,,,,,,6,local.mqtt.telegraf,55,22.19,,periodic,,72,-14349,41,39,,,5,08a6f75abdf0,,0,274,548,08:A6:F7:5A:BD:F0,,14421,31,2,,33,,,809426,1782138124742,809432,1782138124748,,1782138124670,29,2026-06-22T14:22:05.1116616Z,108,,oasis/bottle,0
,,,,,,6,local.mqtt.telegraf,57,47.08,,periodic,,72,-9049,19,17,,,5,08a6f7bb3c68,,0,273,553,08:A6:F7:BB:3C:68,,9121,53,2,,55,,,810366,1782138125682,810372,1782138125688,,1782138125610,28,2026-06-22T14:22:06.0566527Z,109,,oasis/bottle,0
,,,,,,7,local.mqtt.telegraf,57,40.62,,periodic,,71,-2541,24,22,,,5,08a6f769c348,,0,274,548,08:A6:F7:69:C3:48,,2612,47,2,,49,,,810626,1782138125942,810633,1782138125949,,1782138125871,28,2026-06-22T14:22:06.308246Z,110,,oasis/bottle,0
,,,,,,6,local.mqtt.telegraf,55,22.26,,periodic,,72,-15679,41,39,,,5,08a6f75abdf0,,0,274,549,08:A6:F7:5A:BD:F0,,15751,31,2,,33,,,810756,1782138126072,810762,1782138126078,,1782138126000,29,2026-06-22T14:22:06.4572759Z,108,,oasis/bottle,0
,,,,,,6,local.mqtt.telegraf,57,47.32,,periodic,,62,-10419,9,7,,,5,08a6f7bb3c68,,0,273,554,08:A6:F7:BB:3C:68,,10481,53,2,,55,,,811716,1782138127032,811722,1782138127038,,1782138126970,28,2026-06-22T14:22:07.4036372Z,109,,oasis/bottle,0
,,,,,,7,local.mqtt.telegraf,55,22.16,,periodic,,62,-17149,31,29,,,5,08a6f75abdf0,,0,274,550,08:A6:F7:5A:BD:F0,,17211,31,2,,33,,,812206,1782138127522,812213,1782138127529,,1782138127460,29,2026-06-22T14:22:07.8907643Z,108,,oasis/bottle,0
,,,,,,6,local.mqtt.telegraf,57,40.8,,periodic,,71,-4171,24,22,,,5,08a6f769c348,,0,274,549,08:A6:F7:69:C3:48,,4242,47,2,,49,,,812256,1782138127572,812262,1782138127578,,1782138127501,28,2026-06-22T14:22:07.9246492Z,110,,oasis/bottle,0
,,,,,,6,local.mqtt.telegraf,57,47.1,,periodic,,62,-11929,9,7,,,5,08a6f7bb3c68,,0,273,555,08:A6:F7:BB:3C:68,,11991,53,2,,55,,,813226,1782138128542,813232,1782138128548,,1782138128480,28,2026-06-22T14:22:08.9192892Z,109,,oasis/bottle,0
,,,,,,6,local.mqtt.telegraf,55,22.3,,periodic,,82,-18239,51,49,,,5,08a6f75abdf0,,0,274,551,08:A6:F7:5A:BD:F0,,18321,31,2,,33,,,813336,1782138128652,813342,1782138128658,,1782138128570,29,2026-06-22T14:22:08.9774269Z,108,,oasis/bottle,0
,,,,,,6,local.mqtt.telegraf,57,40.72,,periodic,,71,-5611,24,22,,,5,08a6f769c348,,0,274,550,08:A6:F7:69:C3:48,,5682,47,2,,49,,,813696,1782138129012,813702,1782138129018,,1782138128941,28,2026-06-22T14:22:09.3892782Z,110,,oasis/bottle,0
,,,,,,6,local.mqtt.telegraf,56,47.18,,periodic,,68,-13137,15,13,,,5,08a6f7bb3c68,,0,273,556,08:A6:F7:BB:3C:68,,13205,53,2,,55,,,814446,1782138129762,814452,1782138129768,,1782138129694,28,2026-06-22T14:22:10.1397695Z,109,,oasis/bottle,0
,,,,,,7,local.mqtt.telegraf,57,40.76,,periodic,,80,-6681,33,31,,,5,08a6f769c348,,0,273,551,08:A6:F7:69:C3:48,,6761,47,2,,49,,,814784,1782138130100,814791,1782138130107,,1782138130020,28,2026-06-22T14:22:10.4791179Z,110,,oasis/bottle,0
,,,,,,6,local.mqtt.telegraf,55,22.28,,periodic,,62,-19899,31,29,,,5,08a6f75abdf0,,0,274,552,08:A6:F7:5A:BD:F0,,19961,31,2,,33,,,814956,1782138130272,814962,1782138130278,,1782138130210,29,2026-06-22T14:22:10.6528998Z,108,,oasis/bottle,0
,,,,,,6,local.mqtt.telegraf,57,47.36,,periodic,,61,-14380,8,6,,,5,08a6f7bb3c68,,0,273,557,08:A6:F7:BB:3C:68,,14441,53,2,,55,,,815675,1782138130991,815681,1782138130997,,1782138130930,28,2026-06-22T14:22:11.3652178Z,109,,oasis/bottle,0
,,,,,,6,local.mqtt.telegraf,57,40.67,,periodic,,62,-8270,15,13,,,5,08a6f769c348,,0,274,552,08:A6:F7:69:C3:48,,8332,47,2,,49,,,816336,1782138131653,816343,1782138131659,,1782138131591,28,2026-06-22T14:22:12.0212017Z,110,,oasis/bottle,0
,,,,,,6,local.mqtt.telegraf,55,22.19,,periodic,,71,-1150,40,38,,,5,08a6f75abdf0,,0,274,553,08:A6:F7:5A:BD:F0,,1221,31,2,,33,,,816436,1782138131752,816442,1782138131758,,1782138131681,29,2026-06-22T14:22:12.0934768Z,111,,oasis/bottle,0
,,,,,,6,local.mqtt.telegraf,56,46.86,,periodic,,62,-15659,9,7,,,5,08a6f7bb3c68,,0,273,558,08:A6:F7:BB:3C:68,,15721,53,2,,55,,,816956,1782138132272,816962,1782138132278,,1782138132210,28,2026-06-22T14:22:12.6527624Z,109,,oasis/bottle,0
,,,,,,6,local.mqtt.telegraf,55,22.17,,periodic,,71,-2280,40,38,,,5,08a6f75abdf0,,0,274,554,08:A6:F7:5A:BD:F0,,2351,31,2,,33,,,817566,1782138132882,817572,1782138132888,,1782138132811,29,2026-06-22T14:22:13.2601637Z,111,,oasis/bottle,0
,,,,,,6,local.mqtt.telegraf,57,40.67,,periodic,,63,-9589,16,14,,,5,08a6f769c348,,0,273,553,08:A6:F7:69:C3:48,,9652,47,2,,49,,,817658,1782138132974,817664,1782138132980,,1782138132911,28,2026-06-22T14:22:13.3196884Z,110,,oasis/bottle,0
,,,,,,6,local.mqtt.telegraf,57,47.3,,periodic,,62,-16999,9,7,,,5,08a6f7bb3c68,,0,273,559,08:A6:F7:BB:3C:68,,17061,53,2,,55,,,818296,1782138133612,818302,1782138133618,,1782138133550,28,2026-06-22T14:22:13.9814739Z,109,,oasis/bottle,0
,,,,,,6,local.mqtt.telegraf,55,22.13,,periodic,,62,-3359,31,29,,,5,08a6f75abdf0,,0,274,555,08:A6:F7:5A:BD:F0,,3421,31,2,,33,,,818627,1782138133943,818633,1782138133949,,1782138133881,29,2026-06-22T14:22:14.3296365Z,111,,oasis/bottle,0
,,,,,,6,local.mqtt.telegraf,57,40.79,,periodic,,71,-11021,24,22,,,5,08a6f769c348,,0,274,554,08:A6:F7:69:C3:48,,11092,47,2,,49,,,819106,1782138134422,819112,1782138134428,,1782138134351,28,2026-06-22T14:22:14.7891571Z,110,,oasis/bottle,0
,,,,,,7,local.mqtt.telegraf,56,47.29,,periodic,,62,-18479,9,7,,,5,08a6f7bb3c68,,0,273,560,08:A6:F7:BB:3C:68,,18541,53,2,,55,,,819776,1782138135092,819782,1782138135099,,1782138135030,28,2026-06-22T14:22:15.4855396Z,109,,oasis/bottle,0
,,,,,,6,local.mqtt.telegraf,55,22.36,,periodic,,71,-4870,40,38,,,5,08a6f75abdf0,,0,274,556,08:A6:F7:5A:BD:F0,,4941,31,2,,33,,,820156,1782138135472,820162,1782138135478,,1782138135401,29,2026-06-22T14:22:15.8269008Z,111,,oasis/bottle,0
,,,,,,6,local.mqtt.telegraf,57,40.55,,periodic,,71,-12111,24,22,,,5,08a6f769c348,,0,274,555,08:A6:F7:69:C3:48,,12182,47,2,,49,,,820196,1782138135512,820202,1782138135518,,1782138135441,28,2026-06-22T14:22:15.8627873Z,110,,oasis/bottle,0
,,,,,,6,local.mqtt.telegraf,56,47.08,,periodic,,62,-19639,9,7,,,5,08a6f7bb3c68,,0,273,561,08:A6:F7:BB:3C:68,,19701,53,2,,55,,,820936,1782138136252,820942,1782138136258,,1782138136190,28,2026-06-22T14:22:16.6173461Z,109,,oasis/bottle,0
,,,,,,6,local.mqtt.telegraf,55,22.27,,periodic,,61,-6130,30,28,,,5,08a6f75abdf0,,0,274,557,08:A6:F7:5A:BD:F0,,6191,31,2,,33,,,821396,1782138136712,821402,1782138136718,,1782138136651,29,2026-06-22T14:22:17.0887177Z,111,,oasis/bottle,0
,,,,,,6,local.mqtt.telegraf,57,40.8,,periodic,,71,-13681,24,22,,,5,08a6f769c348,,0,274,556,08:A6:F7:69:C3:48,,13752,47,2,,49,,,821766,1782138137082,821772,1782138137088,,1782138137011,28,2026-06-22T14:22:17.445772Z,110,,oasis/bottle,0
,,,,,,6,local.mqtt.telegraf,56,47.2,,periodic,,62,-546,28,26,,,5,08a6f7bb3c68,,0,273,562,08:A6:F7:BB:3C:68,,608,34,2,,36,,,822046,1782138137362,822052,1782138137368,,1782138137300,28,2026-06-22T14:22:17.7425164Z,112,,oasis/bottle,0
,,,,,,6,local.mqtt.telegraf,55,22.13,,periodic,,71,-7410,40,38,,,5,08a6f75abdf0,,0,274,558,08:A6:F7:5A:BD:F0,,7481,31,2,,33,,,822696,1782138138012,822702,1782138138018,,1782138137941,29,2026-06-22T14:22:18.3873518Z,111,,oasis/bottle,0
,,,,,,6,local.mqtt.telegraf,57,40.62,,periodic,,71,-15021,24,22,,,5,08a6f769c348,,0,273,557,08:A6:F7:69:C3:48,,15092,47,2,,49,,,823106,1782138138422,823112,1782138138428,,1782138138351,28,2026-06-22T14:22:18.7865857Z,110,,oasis/bottle,0
,,,,,,6,local.mqtt.telegraf,56,47.29,,periodic,,73,-2154,39,37,,,5,08a6f7bb3c68,,0,273,563,08:A6:F7:BB:3C:68,,2227,34,2,,36,,,823676,1782138138992,823682,1782138138998,,1782138138919,28,2026-06-22T14:22:19.3873322Z,112,,oasis/bottle,0
,,,,,,6,local.mqtt.telegraf,55,22.17,,periodic,,71,-8790,40,38,,,5,08a6f75abdf0,,0,274,559,08:A6:F7:5A:BD:F0,,8861,31,2,,33,,,824076,1782138139392,824082,1782138139398,,1782138139321,29,2026-06-22T14:22:19.7901105Z,111,,oasis/bottle,0
,,,,,,6,local.mqtt.telegraf,57,40.68,,periodic,,71,-16491,24,22,,,5,08a6f769c348,,0,273,558,08:A6:F7:69:C3:48,,16562,47,2,,49,,,824576,1782138139892,824582,1782138139898,,1782138139821,28,2026-06-22T14:22:20.2558541Z,110,,oasis/bottle,0
,,,,,,6,local.mqtt.telegraf,56,47.29,,periodic,,63,-3614,29,27,,,5,08a6f7bb3c68,,0,273,564,08:A6:F7:BB:3C:68,,3677,34,2,,36,,,825116,1782138140432,825122,1782138140438,,1782138140369,28,2026-06-22T14:22:20.804643Z,112,,oasis/bottle,0
,,,,,,6,local.mqtt.telegraf,55,22.32,,periodic,,61,-10410,30,28,,,5,08a6f75abdf0,,0,274,560,08:A6:F7:5A:BD:F0,,10471,31,2,,33,,,825676,1782138140992,825682,1782138140998,,1782138140931,29,2026-06-22T14:22:21.3583366Z,111,,oasis/bottle,0
,,,,,,6,local.mqtt.telegraf,57,40.84,,periodic,,71,-17641,24,22,,,5,08a6f769c348,,0,273,559,08:A6:F7:69:C3:48,,17712,47,2,,49,,,825726,1782138141042,825732,1782138141048,,1782138140971,28,2026-06-22T14:22:21.3859447Z,110,,oasis/bottle,0
,,,,,,6,local.mqtt.telegraf,56,46.94,,periodic,,63,-4704,29,27,,,5,08a6f7bb3c68,,0,273,565,08:A6:F7:BB:3C:68,,4767,34,2,,36,,,826206,1782138141522,826212,1782138141528,,1782138141459,28,2026-06-22T14:22:21.8882482Z,112,,oasis/bottle,0
,,,,,,6,local.mqtt.telegraf,57,40.71,,periodic,,71,-18731,24,22,,,5,08a6f769c348,,0,273,560,08:A6:F7:69:C3:48,,18802,47,2,,49,,,826816,1782138142132,826822,1782138142138,,1782138142061,28,2026-06-22T14:22:22.5213323Z,110,,oasis/bottle,0
,,,,,,6,local.mqtt.telegraf,55,22.21,,periodic,,81,-11750,50,48,,,5,08a6f75abdf0,,0,274,561,08:A6:F7:5A:BD:F0,,11831,31,2,,33,,,827056,1782138142372,827062,1782138142378,,1782138142291,29,2026-06-22T14:22:22.7388761Z,111,,oasis/bottle,0
,,,,,,6,local.mqtt.telegraf,56,47.08,,periodic,,63,-6284,29,27,,,5,08a6f7bb3c68,,0,273,566,08:A6:F7:BB:3C:68,,6347,34,2,,36,,,827786,1782138143102,827792,1782138143108,,1782138143039,28,2026-06-22T14:22:23.4813813Z,112,,oasis/bottle,0
,,,,,,6,local.mqtt.telegraf,57,40.67,,periodic,,71,-20311,24,22,,,5,08a6f769c348,,0,273,561,08:A6:F7:69:C3:48,,20382,47,2,,49,,,828396,1782138143712,828402,1782138143718,,1782138143641,28,2026-06-22T14:22:24.071747Z,110,,oasis/bottle,0
,,,,,,6,local.mqtt.telegraf,55,22.26,,periodic,,71,-13310,40,38,,,5,08a6f75abdf0,,0,274,562,08:A6:F7:5A:BD:F0,,13381,31,2,,33,,,828596,1782138143912,828602,1782138143918,,1782138143841,29,2026-06-22T14:22:24.280404Z,111,,oasis/bottle,0
,,,,,,6,local.mqtt.telegraf,56,46.97,,periodic,,63,-7644,29,27,,,5,08a6f7bb3c68,,0,273,567,08:A6:F7:BB:3C:68,,7707,34,2,,36,,,829146,1782138144462,829152,1782138144468,,1782138144399,28,2026-06-22T14:22:24.8341791Z,112,,oasis/bottle,0
,,,,,,6,local.mqtt.telegraf,57,40.68,,periodic,,72,-1190,24,22,,,5,08a6f769c348,,0,274,562,08:A6:F7:69:C3:48,,1262,48,2,,50,,,829766,1782138145082,829772,1782138145088,,1782138145010,28,2026-06-22T14:22:25.4488239Z,113,,oasis/bottle,0
,,,,,,7,local.mqtt.telegraf,55,22.21,,periodic,,61,-14580,30,28,,,5,08a6f75abdf0,,0,274,563,08:A6:F7:5A:BD:F0,,14641,31,2,,33,,,829846,1782138145162,829853,1782138145169,,1782138145101,29,2026-06-22T14:22:25.5083936Z,111,,oasis/bottle,0
,,,,,,6,local.mqtt.telegraf,56,47.25,,periodic,,63,-9154,29,27,,,5,08a6f7bb3c68,,0,273,568,08:A6:F7:BB:3C:68,,9217,34,2,,36,,,830656,1782138145972,830662,1782138145978,,1782138145909,28,2026-06-22T14:22:26.3387426Z,112,,oasis/bottle,0
,,,,,,6,local.mqtt.telegraf,55,22.2,,periodic,,71,-15890,40,38,,,5,08a6f75abdf0,,0,273,564,08:A6:F7:5A:BD:F0,,15961,31,2,,33,,,831176,1782138146492,831182,1782138146498,,1782138146421,29,2026-06-22T14:22:26.8708816Z,111,,oasis/bottle,0
,,,,,,6,local.mqtt.telegraf,57,40.59,,periodic,,72,-2710,24,22,,,5,08a6f769c348,,0,273,563,08:A6:F7:69:C3:48,,2782,48,2,,50,,,831286,1782138146602,831292,1782138146608,,1782138146530,28,2026-06-22T14:22:26.9428791Z,113,,oasis/bottle,0
,,,,,,14,local.mqtt.telegraf,56,47.32,,periodic,,69,-10362,35,33,,,5,08a6f7bb3c68,,0,273,569,08:A6:F7:BB:3C:68,,10431,34,2,,36,,,831876,1782138147192,831890,1782138147206,,1782138147123,28,2026-06-22T14:22:27.5979441Z,112,,oasis/bottle,0
,,,,,,6,local.mqtt.telegraf,57,40.62,,periodic,,72,-3960,24,22,,,5,08a6f769c348,,0,273,564,08:A6:F7:69:C3:48,,4032,48,2,,50,,,832536,1782138147852,832542,1782138147858,,1782138147780,28,2026-06-22T14:22:28.2224276Z,113,,oasis/bottle,0
,,,,,,14,local.mqtt.telegraf,55,22.2,,periodic,,65,-17346,34,32,,,5,08a6f75abdf0,,0,274,565,08:A6:F7:5A:BD:F0,,17411,31,2,,33,,,832620,1782138147936,832634,1782138147950,,1782138147871,29,2026-06-22T14:22:28.2926209Z,111,,oasis/bottle,0
,,,,,,10,local.mqtt.telegraf,57,47.1,,periodic,,63,-11604,29,27,,,5,08a6f7bb3c68,,0,273,570,08:A6:F7:BB:3C:68,,11667,34,2,,36,,,833106,1782138148422,833116,1782138148432,,1782138148359,28,2026-06-22T14:22:28.7929611Z,112,,oasis/bottle,0
,,,,,,6,local.mqtt.telegraf,55,22.23,,periodic,,71,-18430,40,38,,,5,08a6f75abdf0,,0,274,566,08:A6:F7:5A:BD:F0,,18501,31,2,,33,,,833716,1782138149032,833722,1782138149038,,1782138148961,29,2026-06-22T14:22:29.3988419Z,111,,oasis/bottle,0
,,,,,,6,local.mqtt.telegraf,57,40.82,,periodic,,72,-5240,24,22,,,5,08a6f769c348,,0,274,565,08:A6:F7:69:C3:48,,5312,48,2,,50,,,833816,1782138149132,833822,1782138149138,,1782138149060,28,2026-06-22T14:22:29.4559367Z,113,,oasis/bottle,0
,,,,,,6,local.mqtt.telegraf,56,46.98,,periodic,,73,-12864,39,37,,,5,08a6f7bb3c68,,0,273,571,08:A6:F7:BB:3C:68,,12937,34,2,,36,,,834386,1782138149702,834392,1782138149708,,1782138149629,28,2026-06-22T14:22:30.0735606Z,112,,oasis/bottle,0
,,,,,,6,local.mqtt.telegraf,57,40.63,,periodic,,72,-6600,24,22,,,5,08a6f769c348,,0,273,566,08:A6:F7:69:C3:48,,6672,48,2,,50,,,835176,1782138150492,835182,1782138150498,,1782138150420,28,2026-06-22T14:22:30.8639719Z,113,,oasis/bottle,0
,,,,,,6,local.mqtt.telegraf,55,22.17,,periodic,,61,-20030,30,28,,,5,08a6f75abdf0,,0,274,567,08:A6:F7:5A:BD:F0,,20091,31,2,,33,,,835296,1782138150612,835302,1782138150618,,1782138150551,29,2026-06-22T14:22:30.9930651Z,111,,oasis/bottle,0
,,,,,,5,local.mqtt.telegraf,57,47.16,,periodic,,63,-14214,29,27,,,5,08a6f7bb3c68,,0,273,572,08:A6:F7:BB:3C:68,,14277,34,2,,36,,,835716,1782138151032,835721,1782138151037,,1782138150969,28,2026-06-22T14:22:31.3969606Z,112,,oasis/bottle,0
,,,,,,6,local.mqtt.telegraf,55,22.13,,periodic,,71,-1160,30,28,,,5,08a6f75abdf0,,0,274,568,08:A6:F7:5A:BD:F0,,1231,41,2,,43,,,836666,1782138151982,836672,1782138151988,,1782138151911,29,2026-06-22T14:22:32.3482369Z,114,,oasis/bottle,0
,,,,,,6,local.mqtt.telegraf,57,40.8,,periodic,,72,-8140,24,22,,,5,08a6f769c348,,0,274,567,08:A6:F7:69:C3:48,,8212,48,2,,50,,,836716,1782138152032,836722,1782138152038,,1782138151960,28,2026-06-22T14:22:32.4057716Z,113,,oasis/bottle,0
,,,,,,6,local.mqtt.telegraf,56,47.16,,periodic,,63,-15684,29,27,,,5,08a6f7bb3c68,,0,273,573,08:A6:F7:BB:3C:68,,15747,34,2,,36,,,837186,1782138152502,837192,1782138152508,,1782138152439,28,2026-06-22T14:22:32.8676281Z,112,,oasis/bottle,0
,,,,,,6,local.mqtt.telegraf,57,40.75,,periodic,,72,-9400,24,22,,,5,08a6f769c348,,0,273,568,08:A6:F7:69:C3:48,,9472,48,2,,50,,,837976,1782138153292,837982,1782138153298,,1782138153220,28,2026-06-22T14:22:33.6697344Z,113,,oasis/bottle,0
,,,,,,6,local.mqtt.telegraf,55,22.4,,periodic,,61,-2700,20,18,,,5,08a6f75abdf0,,0,274,569,08:A6:F7:5A:BD:F0,,2761,41,2,,43,,,838186,1782138153502,838192,1782138153508,,1782138153441,29,2026-06-22T14:22:33.8902738Z,114,,oasis/bottle,0
,,,,,,7,local.mqtt.telegraf,56,47.05,,periodic,,62,-16826,28,26,,,5,08a6f7bb3c68,,0,273,574,08:A6:F7:BB:3C:68,,16888,34,2,,36,,,838326,1782138153642,838332,1782138153649,,1782138153580,28,2026-06-22T14:22:34.0450737Z,112,,oasis/bottle,0
,,,,,,6,local.mqtt.telegraf,57,40.76,,periodic,,72,-10720,24,22,,,5,08a6f769c348,,0,273,569,08:A6:F7:69:C3:48,,10792,48,2,,50,,,839296,1782138154612,839302,1782138154618,,1782138154540,28,2026-06-22T14:22:34.9817517Z,113,,oasis/bottle,0
,,,,,,8,local.mqtt.telegraf,56,47.2,,periodic,,73,-17894,39,37,,,5,08a6f7bb3c68,,0,273,575,08:A6:F7:BB:3C:68,,17967,34,2,,36,,,839416,1782138154732,839424,1782138154740,,1782138154659,28,2026-06-22T14:22:35.0769161Z,112,,oasis/bottle,0
,,,,,,7,local.mqtt.telegraf,55,22.3,,periodic,,78,-3923,37,35,,,5,08a6f75abdf0,,0,274,570,08:A6:F7:5A:BD:F0,,4001,41,2,,43,,,839443,1782138154759,839450,1782138154766,,1782138154681,29,2026-06-22T14:22:35.1058663Z,114,,oasis/bottle,0
,,,,,,6,local.mqtt.telegraf,55,22.23,,periodic,,71,-5220,30,28,,,5,08a6f75abdf0,,0,274,571,08:A6:F7:5A:BD:F0,,5291,41,2,,43,,,840726,1782138156042,840732,1782138156048,,1782138155971,29,2026-06-22T14:22:36.3863052Z,114,,oasis/bottle,0
,,,,,,6,local.mqtt.telegraf,57,40.76,,periodic,,96,-12126,48,46,,,5,08a6f769c348,,0,273,570,08:A6:F7:69:C3:48,,12222,48,2,,50,,,840750,1782138156066,840756,1782138156072,,1782138155970,28,2026-06-22T14:22:36.4236089Z,113,,oasis/bottle,1
,,,,,,6,local.mqtt.telegraf,56,47.08,,periodic,,64,-19473,30,28,,,5,08a6f7bb3c68,,0,273,576,08:A6:F7:BB:3C:68,,19537,34,2,,36,,,840976,1782138156293,840983,1782138156299,,1782138156229,28,2026-06-22T14:22:36.6742112Z,112,,oasis/bottle,0
,,,,,,6,local.mqtt.telegraf,57,40.71,,periodic,,71,-13231,23,21,,,5,08a6f769c348,,0,274,571,08:A6:F7:69:C3:48,,13302,48,2,,50,,,841805,1782138157121,841811,1782138157127,,1782138157050,28,2026-06-22T14:22:37.4991562Z,113,,oasis/bottle,0
,,,,,,6,local.mqtt.telegraf,55,22.23,,periodic,,71,-6600,30,28,,,5,08a6f75abdf0,,0,274,572,08:A6:F7:5A:BD:F0,,6671,41,2,,43,,,842106,1782138157422,842112,1782138157428,,1782138157351,29,2026-06-22T14:22:37.7889554Z,114,,oasis/bottle,0
,,,,,,6,local.mqtt.telegraf,56,47.18,,periodic,,71,-580,41,38,,,5,08a6f7bb3c68,,0,273,577,08:A6:F7:BB:3C:68,,651,30,2,,33,,,842306,1782138157622,842312,1782138157628,,1782138157551,28,2026-06-22T14:22:38.0003397Z,115,,oasis/bottle,0
,,,,,,6,local.mqtt.telegraf,57,40.62,,periodic,,72,-14770,24,22,,,5,08a6f769c348,,0,273,572,08:A6:F7:69:C3:48,,14842,48,2,,50,,,843346,1782138158662,843352,1782138158668,,1782138158590,28,2026-06-22T14:22:39.0381622Z,113,,oasis/bottle,0
,,,,,,6,local.mqtt.telegraf,55,22.35,,periodic,,71,-8190,30,28,,,5,08a6f75abdf0,,0,274,573,08:A6:F7:5A:BD:F0,,8261,41,2,,43,,,843696,1782138159012,843702,1782138159018,,1782138158941,29,2026-06-22T14:22:39.3881695Z,114,,oasis/bottle,0
,,,,,,6,local.mqtt.telegraf,56,47.13,,periodic,,63,-2067,33,30,,,5,08a6f7bb3c68,,0,273,578,08:A6:F7:BB:3C:68,,2130,30,2,,33,,,843776,1782138159093,843783,1782138159099,,1782138159030,28,2026-06-22T14:22:39.4377425Z,115,,oasis/bottle,0
,,,,,,7,local.mqtt.telegraf,57,40.64,,periodic,,72,-16060,24,22,,,5,08a6f769c348,,0,274,573,08:A6:F7:69:C3:48,,16132,48,2,,50,,,844636,1782138159952,844643,1782138159959,,1782138159880,28,2026-06-22T14:22:40.3384471Z,113,,oasis/bottle,0
,,,,,,6,local.mqtt.telegraf,56,47.06,,periodic,,62,-3188,32,29,,,5,08a6f7bb3c68,,0,273,579,08:A6:F7:BB:3C:68,,3250,30,2,,33,,,844896,1782138160212,844902,1782138160218,,1782138160150,28,2026-06-22T14:22:40.5836501Z,115,,oasis/bottle,0
,,,,,,6,local.mqtt.telegraf,55,22.34,,periodic,,61,-9550,20,18,,,5,08a6f75abdf0,,0,274,574,08:A6:F7:5A:BD:F0,,9611,41,2,,43,,,845036,1782138160352,845042,1782138160358,,1782138160291,29,2026-06-22T14:22:40.7168127Z,114,,oasis/bottle,0
,,,,,,6,local.mqtt.telegraf,57,40.76,,periodic,,72,-17430,24,22,,,5,08a6f769c348,,0,273,574,08:A6:F7:69:C3:48,,17502,48,2,,50,,,846006,1782138161322,846012,1782138161328,,1782138161250,28,2026-06-22T14:22:41.7034339Z,113,,oasis/bottle,0
,,,,,,6,local.mqtt.telegraf,55,22.2,,periodic,,71,-11020,30,28,,,5,08a6f75abdf0,,0,274,575,08:A6:F7:5A:BD:F0,,11091,41,2,,43,,,846526,1782138161842,846532,1782138161848,,1782138161771,29,2026-06-22T14:22:42.1816213Z,114,,oasis/bottle,0
,,,,,,6,local.mqtt.telegraf,56,47.08,,periodic,,87,-4793,57,54,,,5,08a6f7bb3c68,,0,273,580,08:A6:F7:BB:3C:68,,4880,30,2,,33,,,846551,1782138161867,846557,1782138161873,,1782138161780,28,2026-06-22T14:22:42.2169667Z,115,,oasis/bottle,1
,,,,,,9,local.mqtt.telegraf,55,22.2,,periodic,,119,-10972,78,76,,,5,08a6f75abdf0,,0,274,575,08:A6:F7:5A:BD:F0,,11091,41,2,,43,,,846574,1782138161890,846583,1782138161899,,1782138161771,29,2026-06-22T14:22:42.254761Z,114,,oasis/bottle,2
,,,,,,6,local.mqtt.telegraf,57,40.74,,periodic,,72,-18970,24,22,,,5,08a6f769c348,,0,273,575,08:A6:F7:69:C3:48,,19042,48,2,,50,,,847546,1782138162862,847552,1782138162868,,1782138162790,28,2026-06-22T14:22:43.2274315Z,113,,oasis/bottle,0
,,,,,,7,local.mqtt.telegraf,55,22.34,,periodic,,62,-12229,21,19,,,5,08a6f75abdf0,,0,274,576,08:A6:F7:5A:BD:F0,,12291,41,2,,43,,,847717,1782138163033,847724,1782138163040,,1782138162971,29,2026-06-22T14:22:43.3834796Z,114,,oasis/bottle,0
,,,,,,6,local.mqtt.telegraf,56,47.2,,periodic,,72,-6278,42,39,,,5,08a6f7bb3c68,,0,273,581,08:A6:F7:BB:3C:68,,6350,30,2,,33,,,848006,1782138163322,848012,1782138163328,,1782138163250,28,2026-06-22T14:22:43.7114934Z,115,,oasis/bottle,0
,,,,,,7,local.mqtt.telegraf,57,40.68,,periodic,,72,-20240,24,22,,,5,08a6f769c348,,0,273,576,08:A6:F7:69:C3:48,,20312,48,2,,50,,,848816,1782138164132,848823,1782138164139,,1782138164060,28,2026-06-22T14:22:44.5118473Z,113,,oasis/bottle,0
,,,,,,6,local.mqtt.telegraf,55,22.26,,periodic,,70,-13381,29,27,,,5,08a6f75abdf0,,0,274,577,08:A6:F7:5A:BD:F0,,13451,41,2,,43,,,848885,1782138164201,848891,1782138164207,,1782138164131,29,2026-06-22T14:22:44.5547773Z,114,,oasis/bottle,0
,,,,,,6,local.mqtt.telegraf,56,47.09,,periodic,,62,-7428,32,29,,,5,08a6f7bb3c68,,0,273,582,08:A6:F7:BB:3C:68,,7490,30,2,,33,,,849136,1782138164452,849142,1782138164458,,1782138164390,28,2026-06-22T14:22:44.833651Z,115,,oasis/bottle,0
,,,,,,6,local.mqtt.telegraf,55,22.39,,periodic,,61,-14510,20,18,,,5,08a6f75abdf0,,0,274,578,08:A6:F7:5A:BD:F0,,14571,41,2,,43,,,849996,1782138165312,850002,1782138165318,,1782138165251,29,2026-06-22T14:22:45.6956606Z,114,,oasis/bottle,0
,,,,,,7,local.mqtt.telegraf,57,40.87,,periodic,,72,-1170,26,23,,,5,08a6f769c348,,0,274,577,08:A6:F7:69:C3:48,,1242,46,2,,49,,,850166,1782138165482,850172,1782138165489,,1782138165410,28,2026-06-22T14:22:45.835295Z,116,,oasis/bottle,0
,,,,,,6,local.mqtt.telegraf,56,47.28,,periodic,,62,-8498,32,29,,,5,08a6f7bb3c68,,0,273,583,08:A6:F7:BB:3C:68,,8560,30,2,,33,,,850206,1782138165522,850212,1782138165528,,1782138165460,28,2026-06-22T14:22:45.8735071Z,115,,oasis/bottle,0
,,,,,,6,local.mqtt.telegraf,55,22.31,,periodic,,71,-16130,30,28,,,5,08a6f75abdf0,,0,274,579,08:A6:F7:5A:BD:F0,,16201,41,2,,43,,,851636,1782138166952,851642,1782138166958,,1782138166881,29,2026-06-22T14:22:47.2958644Z,114,,oasis/bottle,0
,,,,,,6,local.mqtt.telegraf,57,40.7,,periodic,,78,-2654,32,29,,,5,08a6f769c348,,0,273,578,08:A6:F7:69:C3:48,,2732,46,2,,49,,,851662,1782138166978,851668,1782138166984,,1782138166900,28,2026-06-22T14:22:47.3396284Z,116,,oasis/bottle,0
,,,,,,6,local.mqtt.telegraf,56,47.2,,periodic,,72,-10028,42,39,,,5,08a6f7bb3c68,,0,273,584,08:A6:F7:BB:3C:68,,10100,30,2,,33,,,851756,1782138167072,851762,1782138167078,,1782138167000,28,2026-06-22T14:22:47.4433248Z,115,,oasis/bottle,0
,,,,,,6,local.mqtt.telegraf,57,40.66,,periodic,,72,-3840,26,23,,,5,08a6f769c348,,0,274,579,08:A6:F7:69:C3:48,,3912,46,2,,49,,,852836,1782138168152,852842,1782138168158,,1782138168080,28,2026-06-22T14:22:48.5301375Z,116,,oasis/bottle,0
,,,,,,6,local.mqtt.telegraf,56,46.94,,periodic,,62,-11328,32,29,,,5,08a6f7bb3c68,,0,273,585,08:A6:F7:BB:3C:68,,11390,30,2,,33,,,853036,1782138168352,853042,1782138168358,,1782138168290,28,2026-06-22T14:22:48.7338241Z,115,,oasis/bottle,0
,,,,,,6,local.mqtt.telegraf,55,22.21,,periodic,,61,-17610,20,18,,,5,08a6f75abdf0,,0,274,580,08:A6:F7:5A:BD:F0,,17671,41,2,,43,,,853096,1782138168412,853102,1782138168418,,1782138168351,29,2026-06-22T14:22:48.8062882Z,114,,oasis/bottle,0
,,,,,,6,local.mqtt.telegraf,57,40.67,,periodic,,72,-4990,26,23,,,5,08a6f769c348,,0,273,580,08:A6:F7:69:C3:48,,5062,46,2,,49,,,853986,1782138169302,853992,1782138169308,,1782138169230,28,2026-06-22T14:22:49.6779969Z,116,,oasis/bottle,0
,,,,,,6,local.mqtt.telegraf,55,22.19,,periodic,,61,-18740,20,18,,,5,08a6f75abdf0,,0,274,581,08:A6:F7:5A:BD:F0,,18801,41,2,,43,,,854226,1782138169542,854232,1782138169548,,1782138169481,29,2026-06-22T14:22:49.9230224Z,114,,oasis/bottle,0
,,,,,,6,local.mqtt.telegraf,56,47.25,,periodic,,72,-12678,42,39,,,5,08a6f7bb3c68,,0,273,586,08:A6:F7:BB:3C:68,,12750,30,2,,33,,,854406,1782138169722,854412,1782138169728,,1782138169650,28,2026-06-22T14:22:50.1055659Z,115,,oasis/bottle,0
,,,,,,6,local.mqtt.telegraf,57,40.64,,periodic,,72,-6100,26,23,,,5,08a6f769c348,,0,274,581,08:A6:F7:69:C3:48,,6172,46,2,,49,,,855096,1782138170412,855102,1782138170418,,1782138170340,28,2026-06-22T14:22:50.7926359Z,116,,oasis/bottle,0
,,,,,,6,local.mqtt.telegraf,55,22.28,,periodic,,71,-19790,30,28,,,5,08a6f75abdf0,,0,274,582,08:A6:F7:5A:BD:F0,,19861,41,2,,43,,,855296,1782138170612,855302,1782138170618,,1782138170541,29,2026-06-22T14:22:50.9835347Z,114,,oasis/bottle,0
,,,,,,6,local.mqtt.telegraf,56,47.41,,periodic,,61,-14219,31,28,,,5,08a6f7bb3c68,,0,273,587,08:A6:F7:BB:3C:68,,14280,30,2,,33,,,855925,1782138171241,855931,1782138171247,,1782138171180,28,2026-06-22T14:22:51.6213499Z,115,,oasis/bottle,0
,,,,,,6,local.mqtt.telegraf,57,40.83,,periodic,,72,-7720,26,23,,,5,08a6f769c348,,0,273,582,08:A6:F7:69:C3:48,,7792,46,2,,49,,,856716,1782138172032,856722,1782138172038,,1782138171960,28,2026-06-22T14:22:52.399211Z,116,,oasis/bottle,0
,,,,,,6,local.mqtt.telegraf,55,22.2,,periodic,,63,-1118,32,30,,,5,08a6f75abdf0,,0,274,583,08:A6:F7:5A:BD:F0,,1181,31,2,,33,,,856816,1782138172133,856823,1782138172139,,1782138172070,29,2026-06-22T14:22:52.4621255Z,117,,oasis/bottle,0
,,,,,,6,local.mqtt.telegraf,56,46.97,,periodic,,62,-15468,32,29,,,5,08a6f7bb3c68,,0,273,588,08:A6:F7:BB:3C:68,,15530,30,2,,33,,,857176,1782138172492,857182,1782138172498,,1782138172430,28,2026-06-22T14:22:52.8744964Z,115,,oasis/bottle,0
,,,,,,6,local.mqtt.telegraf,55,22.15,,periodic,,82,-2349,51,49,,,5,08a6f75abdf0,,0,274,584,08:A6:F7:5A:BD:F0,,2431,31,2,,33,,,858086,1782138173402,858092,1782138173408,,1782138173320,29,2026-06-22T14:22:53.7725917Z,117,,oasis/bottle,0
,,,,,,6,local.mqtt.telegraf,57,40.8,,periodic,,72,-9150,26,23,,,5,08a6f769c348,,0,274,583,08:A6:F7:69:C3:48,,9222,46,2,,49,,,858146,1782138173462,858152,1782138173468,,1782138173390,28,2026-06-22T14:22:53.8403733Z,116,,oasis/bottle,0
,,,,,,6,local.mqtt.telegraf,56,47.06,,periodic,,72,-16748,42,39,,,5,08a6f7bb3c68,,0,273,589,08:A6:F7:BB:3C:68,,16820,30,2,,33,,,858476,1782138173792,858482,1782138173798,,1782138173720,28,2026-06-22T14:22:54.1609061Z,115,,oasis/bottle,0
,,,,,,6,local.mqtt.telegraf,57,40.62,,periodic,,72,-10210,26,23,,,5,08a6f769c348,,0,273,584,08:A6:F7:69:C3:48,,10282,46,2,,49,,,859206,1782138174522,859212,1782138174528,,1782138174450,28,2026-06-22T14:22:54.9058531Z,116,,oasis/bottle,0
,,,,,,6,local.mqtt.telegraf,55,22.32,,periodic,,62,-3689,31,29,,,5,08a6f75abdf0,,0,274,585,08:A6:F7:5A:BD:F0,,3751,31,2,,33,,,859386,1782138174702,859392,1782138174708,,1782138174640,29,2026-06-22T14:22:55.0903001Z,117,,oasis/bottle,0
,,,,,,6,local.mqtt.telegraf,56,47.25,,periodic,,72,-18138,42,39,,,5,08a6f7bb3c68,,0,273,590,08:A6:F7:BB:3C:68,,18210,30,2,,33,,,859866,1782138175182,859872,1782138175188,,1782138175110,28,2026-06-22T14:22:55.559206Z,115,,oasis/bottle,0
,,,,,,6,local.mqtt.telegraf,57,40.7,,periodic,,72,-11720,26,23,,,5,08a6f769c348,,0,274,585,08:A6:F7:69:C3:48,,11792,46,2,,49,,,860716,1782138176032,860722,1782138176038,,1782138175960,28,2026-06-22T14:22:56.4097787Z,116,,oasis/bottle,0
,,,,,,6,local.mqtt.telegraf,55,22.13,,periodic,,72,-5089,41,39,,,5,08a6f75abdf0,,0,274,586,08:A6:F7:5A:BD:F0,,5161,31,2,,33,,,860806,1782138176122,860812,1782138176128,,1782138176050,29,2026-06-22T14:22:56.4750118Z,117,,oasis/bottle,0
,,,,,,6,local.mqtt.telegraf,56,47.37,,periodic,,63,-19727,33,30,,,5,08a6f7bb3c68,,0,273,591,08:A6:F7:BB:3C:68,,19790,30,2,,33,,,861436,1782138176753,861443,1782138176759,,1782138176690,28,2026-06-22T14:22:57.1181742Z,115,,oasis/bottle,0
,,,,,,7,local.mqtt.telegraf,57,40.76,,periodic,,71,-12951,25,22,,,5,08a6f769c348,,0,273,586,08:A6:F7:69:C3:48,,13022,46,2,,49,,,861945,1782138177261,861952,1782138177268,,1782138177190,28,2026-06-22T14:22:57.6348974Z,116,,oasis/bottle,0
,,,,,,6,local.mqtt.telegraf,55,22.35,,periodic,,62,-6739,31,29,,,5,08a6f75abdf0,,0,274,587,08:A6:F7:5A:BD:F0,,6801,31,2,,33,,,862436,1782138177752,862442,1782138177758,,1782138177690,29,2026-06-22T14:22:58.1414713Z,117,,oasis/bottle,0
,,,,,,6,local.mqtt.telegraf,56,47.1,,periodic,,62,-870,33,31,,,5,08a6f7bb3c68,,0,273,592,08:A6:F7:BB:3C:68,,932,29,2,,31,,,862786,1782138178102,862792,1782138178108,,1782138178040,28,2026-06-22T14:22:58.473671Z,118,,oasis/bottle,0
,,,,,,6,local.mqtt.telegraf,57,40.75,,periodic,,72,-14200,26,23,,,5,08a6f769c348,,0,274,587,08:A6:F7:69:C3:48,,14272,46,2,,49,,,863196,1782138178512,863202,1782138178518,,1782138178440,28,2026-06-22T14:22:58.8990488Z,116,,oasis/bottle,0
,,,,,,7,local.mqtt.telegraf,55,22.28,,periodic,,62,-8189,31,29,,,5,08a6f75abdf0,,0,274,588,08:A6:F7:5A:BD:F0,,8251,31,2,,33,,,863886,1782138179202,863893,1782138179209,,1782138179140,29,2026-06-22T14:22:59.5722619Z,117,,oasis/bottle,0
,,,,,,6,local.mqtt.telegraf,56,47.06,,periodic,,63,-2368,34,32,,,5,08a6f7bb3c68,,0,273,593,08:A6:F7:BB:3C:68,,2431,29,2,,31,,,864286,1782138179602,864292,1782138179608,,1782138179539,28,2026-06-22T14:22:59.9780363Z,118,,oasis/bottle,0
,,,,,,6,local.mqtt.telegraf,57,40.63,,periodic,,72,-15500,26,23,,,5,08a6f769c348,,0,273,588,08:A6:F7:69:C3:48,,15572,46,2,,49,,,864496,1782138179812,864502,1782138179818,,1782138179740,28,2026-06-22T14:23:00.1725757Z,116,,oasis/bottle,0
,,,,,,6,local.mqtt.telegraf,55,22.26,,periodic,,72,-9279,41,39,,,5,08a6f75abdf0,,0,273,589,08:A6:F7:5A:BD:F0,,9351,31,2,,33,,,864996,1782138180312,865002,1782138180318,,1782138180240,29,2026-06-22T14:23:00.6831461Z,117,,oasis/bottle,0
,,,,,,6,local.mqtt.telegraf,56,46.91,,periodic,,63,-3558,34,32,,,5,08a6f7bb3c68,,0,273,594,08:A6:F7:BB:3C:68,,3621,29,2,,31,,,865476,1782138180792,865482,1782138180798,,1782138180729,28,2026-06-22T14:23:01.1664835Z,118,,oasis/bottle,0
,,,,,,6,local.mqtt.telegraf,57,40.62,,periodic,,72,-16900,26,23,,,5,08a6f769c348,,0,274,589,08:A6:F7:69:C3:48,,16972,46,2,,49,,,865896,1782138181212,865902,1782138181218,,1782138181140,28,2026-06-22T14:23:01.5892275Z,116,,oasis/bottle,0
,,,,,,6,local.mqtt.telegraf,55,22.13,,periodic,,72,-10889,41,39,,,5,08a6f75abdf0,,0,274,590,08:A6:F7:5A:BD:F0,,10961,31,2,,33,,,866606,1782138181922,866612,1782138181928,,1782138181850,29,2026-06-22T14:23:02.2992426Z,117,,oasis/bottle,0
,,,,,,6,local.mqtt.telegraf,56,47.18,,periodic,,73,-4728,44,42,,,5,08a6f7bb3c68,,0,273,595,08:A6:F7:BB:3C:68,,4801,29,2,,31,,,866666,1782138181982,866672,1782138181988,,1782138181909,28,2026-06-22T14:23:02.3581019Z,118,,oasis/bottle,0
,,,,,,6,local.mqtt.telegraf,57,40.62,,periodic,,82,-18520,36,33,,,5,08a6f769c348,,0,273,590,08:A6:F7:69:C3:48,,18602,46,2,,49,,,867536,1782138182852,867542,1782138182858,,1782138182770,28,2026-06-22T14:23:03.244999Z,116,,oasis/bottle,0
,,,,,,6,local.mqtt.telegraf,56,46.93,,periodic,,73,-5928,44,42,,,5,08a6f7bb3c68,,0,273,596,08:A6:F7:BB:3C:68,,6001,29,2,,31,,,867866,1782138183182,867872,1782138183188,,1782138183109,28,2026-06-22T14:23:03.571988Z,118,,oasis/bottle,0
,,,,,,7,local.mqtt.telegraf,55,22.16,,periodic,,62,-12319,31,29,,,5,08a6f75abdf0,,0,274,591,08:A6:F7:5A:BD:F0,,12381,31,2,,33,,,868016,1782138183332,868023,1782138183339,,1782138183270,29,2026-06-22T14:23:03.7037402Z,117,,oasis/bottle,0
,,,,,,6,local.mqtt.telegraf,57,40.67,,periodic,,72,-19960,26,23,,,5,08a6f769c348,,0,274,591,08:A6:F7:69:C3:48,,20032,46,2,,49,,,868956,1782138184272,868962,1782138184278,,1782138184200,28,2026-06-22T14:23:04.6459171Z,116,,oasis/bottle,0
,,,,,,6,local.mqtt.telegraf,56,47.28,,periodic,,63,-7098,34,32,,,5,08a6f7bb3c68,,0,273,597,08:A6:F7:BB:3C:68,,7161,29,2,,31,,,869016,1782138184332,869022,1782138184338,,1782138184269,28,2026-06-22T14:23:04.6978171Z,118,,oasis/bottle,0
,,,,,,6,local.mqtt.telegraf,55,22.21,,periodic,,72,-13939,41,39,,,5,08a6f75abdf0,,0,274,592,08:A6:F7:5A:BD:F0,,14011,31,2,,33,,,869656,1782138184972,869662,1782138184978,,1782138184900,29,2026-06-22T14:23:05.3344302Z,117,,oasis/bottle,0
,,,,,,6,local.mqtt.telegraf,57,40.82,,periodic,,72,-796,39,36,,,5,08a6f769c348,,0,274,592,08:A6:F7:69:C3:48,,868,33,2,,36,,,869996,1782138185312,870002,1782138185318,,1782138185240,28,2026-06-22T14:23:05.6830381Z,119,,oasis/bottle,0
,,,,,,7,local.mqtt.telegraf,56,47.18,,periodic,,63,-8208,34,32,,,5,08a6f7bb3c68,,0,273,598,08:A6:F7:BB:3C:68,,8271,29,2,,31,,,870126,1782138185442,870133,1782138185449,,1782138185379,28,2026-06-22T14:23:05.8193109Z,118,,oasis/bottle,0
,,,,,,6,local.mqtt.telegraf,55,22.23,,periodic,,62,-15409,31,29,,,5,08a6f75abdf0,,0,274,593,08:A6:F7:5A:BD:F0,,15471,31,2,,33,,,871106,1782138186422,871112,1782138186428,,1782138186360,29,2026-06-22T14:23:06.8147533Z,117,,oasis/bottle,0
,,,,,,6,local.mqtt.telegraf,57,40.74,,periodic,,72,-2286,39,36,,,5,08a6f769c348,,0,273,593,08:A6:F7:69:C3:48,,2358,33,2,,36,,,871486,1782138186802,871492,1782138186808,,1782138186730,28,2026-06-22T14:23:07.1676356Z,119,,oasis/bottle,0
,,,,,,6,local.mqtt.telegraf,56,47.04,,periodic,,73,-9818,44,42,,,5,08a6f7bb3c68,,0,273,599,08:A6:F7:BB:3C:68,,9891,29,2,,31,,,871756,1782138187072,871762,1782138187078,,1782138186999,28,2026-06-22T14:23:07.4478998Z,118,,oasis/bottle,0
,,,,,,7,local.mqtt.telegraf,55,22.26,,periodic,,62,-16519,31,29,,,5,08a6f75abdf0,,0,274,594,08:A6:F7:5A:BD:F0,,16581,31,2,,33,,,872216,1782138187532,872223,1782138187539,,1782138187470,29,2026-06-22T14:23:07.9013151Z,117,,oasis/bottle,0
,,,,,,6,local.mqtt.telegraf,57,40.62,,periodic,,72,-3456,39,36,,,5,08a6f769c348,,0,274,594,08:A6:F7:69:C3:48,,3528,33,2,,36,,,872656,1782138187972,872662,1782138187978,,1782138187900,28,2026-06-22T14:23:08.3343564Z,119,,oasis/bottle,0
,,,,,,6,local.mqtt.telegraf,56,47.06,,periodic,,64,-11277,35,33,,,5,08a6f7bb3c68,,0,273,600,08:A6:F7:BB:3C:68,,11341,29,2,,31,,,873196,1782138188513,873203,1782138188519,,1782138188449,28,2026-06-22T14:23:08.873725Z,118,,oasis/bottle,0
,,,,,,6,local.mqtt.telegraf,57,40.62,,periodic,,72,-4596,39,36,,,5,08a6f769c348,,0,274,595,08:A6:F7:69:C3:48,,4668,33,2,,36,,,873796,1782138189112,873802,1782138189118,,1782138189040,28,2026-06-22T14:23:09.4734623Z,119,,oasis/bottle,0
,,,,,,6,local.mqtt.telegraf,55,22.17,,periodic,,72,-18129,41,39,,,5,08a6f75abdf0,,0,274,595,08:A6:F7:5A:BD:F0,,18201,31,2,,33,,,873846,1782138189162,873852,1782138189168,,1782138189090,29,2026-06-22T14:23:09.5383037Z,117,,oasis/bottle,0
,,,,,,6,local.mqtt.telegraf,56,46.87,,periodic,,63,-12368,34,32,,,5,08a6f7bb3c68,,0,273,601,08:A6:F7:BB:3C:68,,12431,29,2,,31,,,874286,1782138189602,874292,1782138189608,,1782138189539,28,2026-06-22T14:23:10.0072729Z,118,,oasis/bottle,0
,,,,,,6,local.mqtt.telegraf,57,40.74,,periodic,,72,-5686,39,36,,,5,08a6f769c348,,0,274,596,08:A6:F7:69:C3:48,,5758,33,2,,36,,,874886,1782138190202,874892,1782138190208,,1782138190130,28,2026-06-22T14:23:10.5712798Z,119,,oasis/bottle,0
,,,,,,6,local.mqtt.telegraf,55,22.16,,periodic,,62,-19609,31,29,,,5,08a6f75abdf0,,0,274,596,08:A6:F7:5A:BD:F0,,19671,31,2,,33,,,875306,1782138190622,875312,1782138190628,,1782138190560,29,2026-06-22T14:23:10.9948413Z,117,,oasis/bottle,0
,,,,,,7,local.mqtt.telegraf,56,47.06,,periodic,,62,-13950,33,31,,,5,08a6f7bb3c68,,0,273,602,08:A6:F7:BB:3C:68,,14012,29,2,,31,,,875866,1782138191182,875873,1782138191189,,1782138191120,28,2026-06-22T14:23:11.5547463Z,118,,oasis/bottle,0
,,,,,,6,local.mqtt.telegraf,55,22.2,,periodic,,72,-489,41,39,,,5,08a6f75abdf0,,0,274,597,08:A6:F7:5A:BD:F0,,561,31,2,,33,,,876416,1782138191732,876422,1782138191738,,1782138191660,29,2026-06-22T14:23:12.0775506Z,120,,oasis/bottle,0
,,,,,,6,local.mqtt.telegraf,57,40.68,,periodic,,71,-7247,38,35,,,5,08a6f769c348,,0,273,597,08:A6:F7:69:C3:48,,7318,33,2,,36,,,876445,1782138191761,876451,1782138191767,,1782138191690,28,2026-06-22T14:23:12.1042469Z,119,,oasis/bottle,0
,,,,,,6,local.mqtt.telegraf,56,47.1,,periodic,,62,-15310,33,31,,,5,08a6f7bb3c68,,0,273,603,08:A6:F7:BB:3C:68,,15372,29,2,,31,,,877226,1782138192542,877232,1782138192548,,1782138192480,28,2026-06-22T14:23:12.9284162Z,118,,oasis/bottle,0
,,,,,,11,local.mqtt.telegraf,57,40.84,,periodic,,71,-8578,38,35,,,5,08a6f769c348,,0,273,598,08:A6:F7:69:C3:48,,8649,33,2,,36,,,877776,1782138193092,877787,1782138193103,,1782138193021,28,2026-06-22T14:23:13.4858425Z,119,,oasis/bottle,0
,,,,,,6,local.mqtt.telegraf,55,22.2,,periodic,,62,-2119,31,29,,,5,08a6f75abdf0,,0,274,598,08:A6:F7:5A:BD:F0,,2181,31,2,,33,,,878026,1782138193342,878032,1782138193348,,1782138193280,29,2026-06-22T14:23:13.7218092Z,120,,oasis/bottle,0
,,,,,,6,local.mqtt.telegraf,56,47.16,,periodic,,62,-16820,33,31,,,5,08a6f7bb3c68,,0,273,604,08:A6:F7:BB:3C:68,,16882,29,2,,31,,,878736,1782138194052,878742,1782138194058,,1782138193990,28,2026-06-22T14:23:14.4249544Z,118,,oasis/bottle,0
,,,,,,6,local.mqtt.telegraf,57,40.67,,periodic,,72,-10026,39,36,,,5,08a6f769c348,,0,274,599,08:A6:F7:69:C3:48,,10098,33,2,,36,,,879226,1782138194542,879232,1782138194548,,1782138194470,28,2026-06-22T14:23:14.9179756Z,119,,oasis/bottle,0
,,,,,,7,local.mqtt.telegraf,55,22.2,,periodic,,72,-3529,41,39,,,5,08a6f75abdf0,,0,274,599,08:A6:F7:5A:BD:F0,,3601,31,2,,33,,,879456,1782138194772,879462,1782138194779,,1782138194700,29,2026-06-22T14:23:15.1469693Z,120,,oasis/bottle,0
,,,,,,7,local.mqtt.telegraf,56,47.32,,periodic,,69,-18026,40,38,,,5,08a6f7bb3c68,,0,273,605,08:A6:F7:BB:3C:68,,18095,29,2,,31,,,879956,1782138195272,879962,1782138195279,,1782138195203,28,2026-06-22T14:23:15.6386248Z,118,,oasis/bottle,0
,,,,,,6,local.mqtt.telegraf,57,40.87,,periodic,,69,-11132,36,33,,,5,08a6f769c348,,0,273,600,08:A6:F7:69:C3:48,,11201,33,2,,36,,,880326,1782138195642,880332,1782138195648,,1782138195573,28,2026-06-22T14:23:16.0098374Z,119,,oasis/bottle,0
,,,,,,6,local.mqtt.telegraf,55,22.13,,periodic,,63,-4578,32,30,,,5,08a6f75abdf0,,0,274,600,08:A6:F7:5A:BD:F0,,4641,31,2,,33,,,880487,1782138195803,880493,1782138195809,,1782138195740,29,2026-06-22T14:23:16.1749107Z,120,,oasis/bottle,0
,,,,,,6,local.mqtt.telegraf,56,47.29,,periodic,,62,-19280,33,31,,,5,08a6f7bb3c68,,0,273,606,08:A6:F7:BB:3C:68,,19342,29,2,,31,,,881196,1782138196512,881202,1782138196518,,1782138196450,28,2026-06-22T14:23:16.8836148Z,118,,oasis/bottle,0
,,,,,,6,local.mqtt.telegraf,57,40.7,,periodic,,72,-12726,39,36,,,5,08a6f769c348,,0,274,601,08:A6:F7:69:C3:48,,12798,33,2,,36,,,881926,1782138197242,881932,1782138197248,,1782138197170,28,2026-06-22T14:23:17.5881079Z,119,,oasis/bottle,0
,,,,,,7,local.mqtt.telegraf,55,22.13,,periodic,,62,-6059,31,29,,,5,08a6f75abdf0,,0,274,601,08:A6:F7:5A:BD:F0,,6121,31,2,,33,,,881966,1782138197282,881973,1782138197289,,1782138197220,29,2026-06-22T14:23:17.6377924Z,120,,oasis/bottle,0
,,,,,,5,local.mqtt.telegraf,56,47.16,,periodic,,72,-319,34,29,,,5,08a6f7bb3c68,,0,274,607,08:A6:F7:BB:3C:68,,391,38,2,,43,,,882476,1782138197792,882481,1782138197797,,1782138197720,28,2026-06-22T14:23:18.1554468Z,121,,oasis/bottle,0
,,,,,,7,local.mqtt.telegraf,55,22.2,,periodic,,72,-7199,41,39,,,5,08a6f75abdf0,,0,274,602,08:A6:F7:5A:BD:F0,,7271,31,2,,33,,,883126,1782138198442,883133,1782138198449,,1782138198370,29,2026-06-22T14:23:18.8155441Z,120,,oasis/bottle,0
,,,,,,6,local.mqtt.telegraf,57,40.62,,periodic,,72,-14116,39,36,,,5,08a6f769c348,,0,274,602,08:A6:F7:69:C3:48,,14188,33,2,,36,,,883316,1782138198632,883322,1782138198638,,1782138198560,28,2026-06-22T14:23:19.0080593Z,119,,oasis/bottle,0
,,,,,,6,local.mqtt.telegraf,56,47.34,,periodic,,63,-1677,25,20,,,5,08a6f7bb3c68,,0,273,608,08:A6:F7:BB:3C:68,,1740,38,2,,43,,,883816,1782138199132,883822,1782138199138,,1782138199069,28,2026-06-22T14:23:19.5016492Z,121,,oasis/bottle,0
,,,,,,6,local.mqtt.telegraf,55,22.17,,periodic,,62,-8329,31,29,,,5,08a6f75abdf0,,0,274,603,08:A6:F7:5A:BD:F0,,8391,31,2,,33,,,884236,1782138199552,884242,1782138199558,,1782138199490,29,2026-06-22T14:23:19.9415747Z,120,,oasis/bottle,0
,,,,,,6,local.mqtt.telegraf,57,40.74,,periodic,,72,-15716,39,36,,,5,08a6f769c348,,0,274,603,08:A6:F7:69:C3:48,,15788,33,2,,36,,,884916,1782138200232,884922,1782138200238,,1782138200160,28,2026-06-22T14:23:20.6044135Z,119,,oasis/bottle,0
,,,,,,6,local.mqtt.telegraf,56,46.83,,periodic,,73,-3157,35,30,,,5,08a6f7bb3c68,,0,273,609,08:A6:F7:BB:3C:68,,3230,38,2,,43,,,885316,1782138200632,885322,1782138200638,,1782138200559,28,2026-06-22T14:23:21.0048313Z,121,,oasis/bottle,0
,,,,,,6,local.mqtt.telegraf,55,22.34,,periodic,,62,-9949,31,29,,,5,08a6f75abdf0,,0,274,604,08:A6:F7:5A:BD:F0,,10011,31,2,,33,,,885856,1782138201172,885862,1782138201178,,1782138201110,29,2026-06-22T14:23:21.5416723Z,120,,oasis/bottle,0
,,,,,,6,local.mqtt.telegraf,57,40.64,,periodic,,72,-17096,39,36,,,5,08a6f769c348,,0,274,604,08:A6:F7:69:C3:48,,17168,33,2,,36,,,886296,1782138201612,886302,1782138201618,,1782138201540,28,2026-06-22T14:23:21.9783099Z,119,,oasis/bottle,0
,,,,,,14,local.mqtt.telegraf,56,47,,periodic,,63,-4357,25,20,,,5,08a6f7bb3c68,,0,273,610,08:A6:F7:BB:3C:68,,4420,38,2,,43,,,886496,1782138201812,886510,1782138201826,,1782138201749,28,2026-06-22T14:23:22.1829581Z,121,,oasis/bottle,0
,,,,,,6,local.mqtt.telegraf,55,22.2,,periodic,,72,-11369,41,39,,,5,08a6f75abdf0,,0,273,605,08:A6:F7:5A:BD:F0,,11441,31,2,,33,,,887296,1782138202612,887302,1782138202618,,1782138202540,29,2026-06-22T14:23:22.9778738Z,120,,oasis/bottle,0
,,,,,,6,local.mqtt.telegraf,56,47.02,,periodic,,62,-5519,24,19,,,5,08a6f7bb3c68,,0,274,611,08:A6:F7:BB:3C:68,,5581,38,2,,43,,,887656,1782138202972,887662,1782138202978,,1782138202910,28,2026-06-22T14:23:23.3539807Z,121,,oasis/bottle,0
,,,,,,6,local.mqtt.telegraf,57,40.68,,periodic,,72,-18666,39,36,,,5,08a6f769c348,,0,274,605,08:A6:F7:69:C3:48,,18738,33,2,,36,,,887866,1782138203182,887872,1782138203188,,1782138203110,28,2026-06-22T14:23:23.5529364Z,119,,oasis/bottle,0
,,,,,,6,local.mqtt.telegraf,55,22.2,,periodic,,72,-12439,41,39,,,5,08a6f75abdf0,,0,274,606,08:A6:F7:5A:BD:F0,,12511,31,2,,33,,,888366,1782138203682,888372,1782138203688,,1782138203610,29,2026-06-22T14:23:24.0554781Z,120,,oasis/bottle,0
,,,,,,6,local.mqtt.telegraf,56,47.32,,periodic,,73,-6627,35,30,,,5,08a6f7bb3c68,,0,273,612,08:A6:F7:BB:3C:68,,6700,38,2,,43,,,888786,1782138204102,888792,1782138204108,,1782138204029,28,2026-06-22T14:23:24.481731Z,121,,oasis/bottle,0
,,,,,,6,local.mqtt.telegraf,57,40.66,,periodic,,72,-19986,39,36,,,5,08a6f769c348,,0,273,606,08:A6:F7:69:C3:48,,20058,33,2,,36,,,889186,1782138204502,889192,1782138204508,,1782138204430,28,2026-06-22T14:23:24.865783Z,119,,oasis/bottle,0
,,,,,,5,local.mqtt.telegraf,56,46.86,,periodic,,73,-7677,35,30,,,5,08a6f7bb3c68,,0,273,613,08:A6:F7:BB:3C:68,,7750,38,2,,43,,,889835,1782138205152,889841,1782138205157,,1782138205079,28,2026-06-22T14:23:25.5367667Z,121,,oasis/bottle,0
,,,,,,7,local.mqtt.telegraf,55,22.16,,periodic,,62,-13989,31,29,,,5,08a6f75abdf0,,0,273,607,08:A6:F7:5A:BD:F0,,14051,31,2,,33,,,889896,1782138205212,889903,1782138205219,,1782138205150,29,2026-06-22T14:23:25.611516Z,120,,oasis/bottle,0
,,,,,,6,local.mqtt.telegraf,57,40.66,,periodic,,68,-1243,47,45,,,5,08a6f769c348,,0,273,607,08:A6:F7:69:C3:48,,1311,21,2,,23,,,890636,1782138205952,890642,1782138205958,,1782138205884,28,2026-06-22T14:23:26.3316493Z,122,,oasis/bottle,0
,,,,,,6,local.mqtt.telegraf,55,22.35,,periodic,,62,-15259,31,29,,,5,08a6f75abdf0,,0,274,608,08:A6:F7:5A:BD:F0,,15321,31,2,,33,,,891166,1782138206482,891172,1782138206488,,1782138206420,29,2026-06-22T14:23:26.8528064Z,120,,oasis/bottle,0
,,,,,,6,local.mqtt.telegraf,56,47.06,,periodic,,73,-9177,35,30,,,5,08a6f7bb3c68,,0,273,614,08:A6:F7:BB:3C:68,,9250,38,2,,43,,,891336,1782138206652,891342,1782138206658,,1782138206579,28,2026-06-22T14:23:27.015391Z,121,,oasis/bottle,0
,,,,,,6,local.mqtt.telegraf,57,40.82,,periodic,,68,-2333,47,45,,,5,08a6f769c348,,0,274,608,08:A6:F7:69:C3:48,,2401,21,2,,23,,,891726,1782138207042,891732,1782138207048,,1782138206974,28,2026-06-22T14:23:27.4082669Z,122,,oasis/bottle,0
,,,,,,6,local.mqtt.telegraf,55,22.42,,periodic,,62,-16589,31,29,,,5,08a6f75abdf0,,0,274,609,08:A6:F7:5A:BD:F0,,16651,31,2,,33,,,892496,1782138207812,892502,1782138207818,,1782138207750,29,2026-06-22T14:23:28.1857886Z,120,,oasis/bottle,0
,,,,,,6,local.mqtt.telegraf,56,47.01,,periodic,,72,-10379,34,29,,,5,08a6f7bb3c68,,0,273,615,08:A6:F7:BB:3C:68,,10451,38,2,,43,,,892536,1782138207852,892542,1782138207858,,1782138207780,28,2026-06-22T14:23:28.204876Z,121,,oasis/bottle,0
,,,,,,6,local.mqtt.telegraf,57,40.68,,periodic,,68,-3953,47,45,,,5,08a6f769c348,,0,273,609,08:A6:F7:69:C3:48,,4021,21,2,,23,,,893346,1782138208662,893352,1782138208668,,1782138208594,28,2026-06-22T14:23:29.0395115Z,122,,oasis/bottle,0
,,,,,,6,local.mqtt.telegraf,56,47.28,,periodic,,72,-11569,34,29,,,5,08a6f7bb3c68,,0,273,616,08:A6:F7:BB:3C:68,,11641,38,2,,43,,,893726,1782138209042,893732,1782138209048,,1782138208970,28,2026-06-22T14:23:29.4118825Z,121,,oasis/bottle,0
,,,,,,6,local.mqtt.telegraf,55,22.39,,periodic,,72,-18039,41,39,,,5,08a6f75abdf0,,0,274,610,08:A6:F7:5A:BD:F0,,18111,31,2,,33,,,893966,1782138209282,893972,1782138209288,,1782138209210,29,2026-06-22T14:23:29.6638702Z,120,,oasis/bottle,0
,,,,,,6,local.mqtt.telegraf,57,40.68,,periodic,,68,-5343,47,45,,,5,08a6f769c348,,0,273,610,08:A6:F7:69:C3:48,,5411,21,2,,23,,,894736,1782138210052,894742,1782138210058,,1782138209984,28,2026-06-22T14:23:30.4474436Z,122,,oasis/bottle,0
,,,,,,6,local.mqtt.telegraf,56,47.28,,periodic,,72,-12749,34,29,,,5,08a6f7bb3c68,,0,274,617,08:A6:F7:BB:3C:68,,12821,38,2,,43,,,894906,1782138210222,894912,1782138210228,,1782138210150,28,2026-06-22T14:23:30.6043738Z,121,,oasis/bottle,0
,,,,,,6,local.mqtt.telegraf,55,22.23,,periodic,,62,-19179,31,29,,,5,08a6f75abdf0,,0,274,611,08:A6:F7:5A:BD:F0,,19241,31,2,,33,,,895086,1782138210402,895092,1782138210408,,1782138210340,29,2026-06-22T14:23:30.772326Z,120,,oasis/bottle,0
,,,,,,6,local.mqtt.telegraf,56,47.2,,periodic,,64,-13916,26,21,,,5,08a6f7bb3c68,,0,273,618,08:A6:F7:BB:3C:68,,13980,38,2,,43,,,896056,1782138211373,896063,1782138211379,,1782138211309,28,2026-06-22T14:23:31.738877Z,121,,oasis/bottle,0
,,,,,,7,local.mqtt.telegraf,55,22.23,,periodic,,72,-20219,41,39,,,5,08a6f75abdf0,,0,274,612,08:A6:F7:5A:BD:F0,,20291,31,2,,33,,,896146,1782138211462,896153,1782138211469,,1782138211390,29,2026-06-22T14:23:31.8052936Z,120,,oasis/bottle,0
,,,,,,6,local.mqtt.telegraf,57,40.79,,periodic,,68,-6923,47,45,,,5,08a6f769c348,,0,274,611,08:A6:F7:69:C3:48,,6991,21,2,,23,,,896316,1782138211632,896321,1782138211638,,1782138211564,28,2026-06-22T14:23:32.0060337Z,122,,oasis/bottle,0
,,,,,,6,local.mqtt.telegraf,56,47.28,,periodic,,72,-15019,34,29,,,5,08a6f7bb3c68,,0,274,619,08:A6:F7:BB:3C:68,,15091,38,2,,43,,,897176,1782138212492,897182,1782138212498,,1782138212420,28,2026-06-22T14:23:32.8674445Z,121,,oasis/bottle,0
,,,,,,6,local.mqtt.telegraf,55,22.21,,periodic,,72,-1320,19,17,,,5,08a6f75abdf0,,0,274,613,08:A6:F7:5A:BD:F0,,1392,53,2,,55,,,897646,1782138212962,897652,1782138212968,,1782138212890,29,2026-06-22T14:23:33.3055234Z,123,,oasis/bottle,0
,,,,,,6,local.mqtt.telegraf,57,40.76,,periodic,,78,-8273,57,55,,,5,08a6f769c348,,0,273,612,08:A6:F7:69:C3:48,,8351,21,2,,23,,,897686,1782138213002,897692,1782138213008,,1782138212924,28,2026-06-22T14:23:33.3568036Z,122,,oasis/bottle,0
,,,,,,7,local.mqtt.telegraf,56,47.16,,periodic,,62,-16659,24,19,,,5,08a6f7bb3c68,,0,273,620,08:A6:F7:BB:3C:68,,16721,38,2,,43,,,898796,1782138214112,898803,1782138214119,,1782138214050,28,2026-06-22T14:23:34.479447Z,121,,oasis/bottle,0
,,,,,,6,local.mqtt.telegraf,55,22.15,,periodic,,63,-2539,10,8,,,5,08a6f75abdf0,,0,274,614,08:A6:F7:5A:BD:F0,,2602,53,2,,55,,,898847,1782138214163,898853,1782138214169,,1782138214100,29,2026-06-22T14:23:34.5377256Z,123,,oasis/bottle,0
,,,,,,7,local.mqtt.telegraf,57,40.68,,periodic,,68,-9813,47,45,,,5,08a6f769c348,,0,273,613,08:A6:F7:69:C3:48,,9881,21,2,,23,,,899206,1782138214522,899213,1782138214529,,1782138214454,28,2026-06-22T14:23:34.9032517Z,122,,oasis/bottle,0
,,,,,,6,local.mqtt.telegraf,55,22.35,,periodic,,72,-3740,19,17,,,5,08a6f75abdf0,,0,274,615,08:A6:F7:5A:BD:F0,,3812,53,2,,55,,,900066,1782138215382,900072,1782138215388,,1782138215310,29,2026-06-22T14:23:35.7554482Z,123,,oasis/bottle,0
,,,,,,6,local.mqtt.telegraf,56,47.26,,periodic,,72,-18099,34,29,,,5,08a6f7bb3c68,,0,273,621,08:A6:F7:BB:3C:68,,18171,38,2,,43,,,900256,1782138215572,900262,1782138215578,,1782138215500,28,2026-06-22T14:23:35.9370068Z,121,,oasis/bottle,0
,,,,,,6,local.mqtt.telegraf,57,40.63,,periodic,,78,-11043,57,55,,,5,08a6f769c348,,0,273,614,08:A6:F7:69:C3:48,,11121,21,2,,23,,,900456,1782138215772,900462,1782138215778,,1782138215694,28,2026-06-22T14:23:36.1422713Z,122,,oasis/bottle,0
,,,,,,6,local.mqtt.telegraf,55,22.16,,periodic,,72,-4960,19,17,,,5,08a6f75abdf0,,0,273,616,08:A6:F7:5A:BD:F0,,5032,53,2,,55,,,901286,1782138216602,901292,1782138216608,,1782138216530,29,2026-06-22T14:23:36.9719991Z,123,,oasis/bottle,0
,,,,,,7,local.mqtt.telegraf,56,47.1,,periodic,,74,-19207,36,31,,,5,08a6f7bb3c68,,0,273,622,08:A6:F7:BB:3C:68,,19281,38,2,,43,,,901368,1782138216684,901375,1782138216691,,1782138216610,28,2026-06-22T14:23:37.0229039Z,121,,oasis/bottle,0
,,,,,,6,local.mqtt.telegraf,57,40.71,,periodic,,68,-12353,47,45,,,5,08a6f769c348,,0,274,615,08:A6:F7:69:C3:48,,12421,21,2,,23,,,901746,1782138217062,901752,1782138217068,,1782138216994,28,2026-06-22T14:23:37.4212316Z,122,,oasis/bottle,0
,,,,,,6,local.mqtt.telegraf,55,22.27,,periodic,,62,-6240,9,7,,,5,08a6f75abdf0,,0,274,617,08:A6:F7:5A:BD:F0,,6302,53,2,,55,,,902546,1782138217862,902552,1782138217868,,1782138217800,29,2026-06-22T14:23:38.2301186Z,123,,oasis/bottle,0
,,,,,,6,local.mqtt.telegraf,56,47.24,,periodic,,62,-339,31,29,,,5,08a6f7bb3c68,,0,274,623,08:A6:F7:BB:3C:68,,401,31,2,,33,,,902966,1782138218282,902972,1782138218288,,1782138218220,28,2026-06-22T14:23:38.6476461Z,124,,oasis/bottle,0
,,,,,,6,local.mqtt.telegraf,57,40.66,,periodic,,68,-13733,47,45,,,5,08a6f769c348,,0,273,616,08:A6:F7:69:C3:48,,13801,21,2,,23,,,903126,1782138218442,903132,1782138218448,,1782138218374,28,2026-06-22T14:23:38.8287405Z,122,,oasis/bottle,0
,,,,,,6,local.mqtt.telegraf,55,22.34,,periodic,,72,-7530,19,17,,,5,08a6f75abdf0,,0,274,618,08:A6:F7:5A:BD:F0,,7602,53,2,,55,,,903856,1782138219172,903862,1782138219178,,1782138219100,29,2026-06-22T14:23:39.5556725Z,123,,oasis/bottle,0
,,,,,,6,local.mqtt.telegraf,56,47.44,,periodic,,72,-1739,41,39,,,5,08a6f7bb3c68,,0,273,624,08:A6:F7:BB:3C:68,,1811,31,2,,33,,,904386,1782138219702,904392,1782138219708,,1782138219630,28,2026-06-22T14:23:40.0740992Z,124,,oasis/bottle,0
,,,,,,6,local.mqtt.telegraf,57,40.63,,periodic,,68,-15293,47,45,,,5,08a6f769c348,,0,274,617,08:A6:F7:69:C3:48,,15361,21,2,,23,,,904686,1782138220002,904692,1782138220008,,1782138219934,28,2026-06-22T14:23:40.381603Z,122,,oasis/bottle,0
,,,,,,6,local.mqtt.telegraf,55,22.2,,periodic,,62,-8950,9,7,,,5,08a6f75abdf0,,0,274,619,08:A6:F7:5A:BD:F0,,9012,53,2,,55,,,905256,1782138220572,905262,1782138220578,,1782138220510,29,2026-06-22T14:23:40.9368775Z,123,,oasis/bottle,0
,,,,,,6,local.mqtt.telegraf,56,47.24,,periodic,,62,-3369,31,29,,,5,08a6f7bb3c68,,0,273,625,08:A6:F7:BB:3C:68,,3431,31,2,,33,,,905996,1782138221312,906002,1782138221318,,1782138221250,28,2026-06-22T14:23:41.6455212Z,124,,oasis/bottle,0
,,,,,,6,local.mqtt.telegraf,57,40.83,,periodic,,82,-16599,61,59,,,5,08a6f769c348,,0,273,618,08:A6:F7:69:C3:48,,16681,21,2,,23,,,906020,1782138221336,906026,1782138221342,,1782138221254,28,2026-06-22T14:23:41.6815912Z,122,,oasis/bottle,1
,,,,,,6,local.mqtt.telegraf,55,22.13,,periodic,,72,-10540,19,17,,,5,08a6f75abdf0,,0,274,620,08:A6:F7:5A:BD:F0,,10612,53,2,,55,,,906866,1782138222182,906872,1782138222188,,1782138222110,29,2026-06-22T14:23:42.5573705Z,123,,oasis/bottle,0
,,,,,,7,local.mqtt.telegraf,56,47.05,,periodic,,72,-4789,41,39,,,5,08a6f7bb3c68,,0,273,626,08:A6:F7:BB:3C:68,,4861,31,2,,33,,,907436,1782138222752,907442,1782138222759,,1782138222680,28,2026-06-22T14:23:43.0891647Z,124,,oasis/bottle,0
,,,,,,6,local.mqtt.telegraf,57,40.71,,periodic,,82,-18039,61,59,,,5,08a6f769c348,,0,274,619,08:A6:F7:69:C3:48,,18121,21,2,,23,,,907460,1782138222776,907466,1782138222782,,1782138222694,28,2026-06-22T14:23:43.1360321Z,122,,oasis/bottle,1
,,,,,,6,local.mqtt.telegraf,55,22.07,,periodic,,62,-11960,9,7,,,5,08a6f75abdf0,,0,274,621,08:A6:F7:5A:BD:F0,,12022,53,2,,55,,,908266,1782138223582,908272,1782138223588,,1782138223520,29,2026-06-22T14:23:43.9442712Z,123,,oasis/bottle,0
,,,,,,6,local.mqtt.telegraf,56,46.87,,periodic,,62,-5869,31,29,,,5,08a6f7bb3c68,,0,274,627,08:A6:F7:BB:3C:68,,5931,31,2,,33,,,908496,1782138223812,908502,1782138223818,,1782138223750,28,2026-06-22T14:23:44.1587875Z,124,,oasis/bottle,0
,,,,,,11,local.mqtt.telegraf,57,40.74,,periodic,,75,-19116,54,52,,,5,08a6f769c348,,0,273,620,08:A6:F7:69:C3:48,,19191,21,2,,23,,,908522,1782138223839,908534,1782138223850,,1782138223764,28,2026-06-22T14:23:44.1918834Z,122,,oasis/bottle,0
,,,,,,6,local.mqtt.telegraf,55,22.17,,periodic,,72,-13560,19,17,,,5,08a6f75abdf0,,0,274,622,08:A6:F7:5A:BD:F0,,13632,53,2,,55,,,909885,1782138225202,909892,1782138225208,,1782138225130,29,2026-06-22T14:23:45.5792812Z,123,,oasis/bottle,0
,,,,,,6,local.mqtt.telegraf,56,47.18,,periodic,,64,-7396,33,31,,,5,08a6f7bb3c68,,0,273,628,08:A6:F7:BB:3C:68,,7460,31,2,,33,,,910027,1782138225343,910033,1782138225349,,1782138225279,28,2026-06-22T14:23:45.6895576Z,124,,oasis/bottle,0
,,,,,,6,local.mqtt.telegraf,57,40.8,,periodic,,71,-451,41,39,,,5,08a6f769c348,,0,274,621,08:A6:F7:69:C3:48,,522,30,2,,32,,,910066,1782138225382,910072,1782138225388,,1782138225311,28,2026-06-22T14:23:45.7419907Z,125,,oasis/bottle,0
,,,,,,6,local.mqtt.telegraf,56,46.83,,periodic,,72,-8649,41,39,,,5,08a6f7bb3c68,,0,273,629,08:A6:F7:BB:3C:68,,8721,31,2,,33,,,911296,1782138226612,911302,1782138226618,,1782138226540,28,2026-06-22T14:23:46.9659531Z,124,,oasis/bottle,0
,,,,,,6,local.mqtt.telegraf,55,21.97,,periodic,,78,-14984,25,23,,,5,08a6f75abdf0,,0,274,623,08:A6:F7:5A:BD:F0,,15062,53,2,,55,,,911322,1782138226638,911328,1782138226644,,1782138226560,29,2026-06-22T14:23:47.0077684Z,123,,oasis/bottle,0
,,,,,,6,local.mqtt.telegraf,57,40.74,,periodic,,66,-1746,36,34,,,5,08a6f769c348,,0,273,622,08:A6:F7:69:C3:48,,1812,30,2,,32,,,911351,1782138226667,911357,1782138226673,,1782138226601,28,2026-06-22T14:23:47.0470906Z,125,,oasis/bottle,0
,,,,,,6,local.mqtt.telegraf,55,22.32,,periodic,,63,-16049,10,8,,,5,08a6f75abdf0,,0,274,624,08:A6:F7:5A:BD:F0,,16112,53,2,,55,,,912356,1782138227673,912363,1782138227679,,1782138227610,29,2026-06-22T14:23:48.0492515Z,123,,oasis/bottle,0
,,,,,,6,local.mqtt.telegraf,56,46.97,,periodic,,62,-9979,31,29,,,5,08a6f7bb3c68,,0,273,630,08:A6:F7:BB:3C:68,,10041,31,2,,33,,,912606,1782138227922,912612,1782138227928,,1782138227860,28,2026-06-22T14:23:48.2911779Z,124,,oasis/bottle,0
,,,,,,6,local.mqtt.telegraf,57,40.71,,periodic,,71,-3111,41,39,,,5,08a6f769c348,,0,273,623,08:A6:F7:69:C3:48,,3182,30,2,,32,,,912726,1782138228042,912732,1782138228048,,1782138227971,28,2026-06-22T14:23:48.4174833Z,125,,oasis/bottle,0
,,,,,,6,local.mqtt.telegraf,55,22.2,,periodic,,62,-17550,9,7,,,5,08a6f75abdf0,,0,274,625,08:A6:F7:5A:BD:F0,,17612,53,2,,55,,,913856,1782138229172,913862,1782138229178,,1782138229110,29,2026-06-22T14:23:49.5597777Z,123,,oasis/bottle,0
,,,,,,6,local.mqtt.telegraf,56,47.29,,periodic,,71,-11401,40,38,,,5,08a6f7bb3c68,,0,273,631,08:A6:F7:BB:3C:68,,11472,31,2,,33,,,914046,1782138229362,914052,1782138229368,,1782138229291,28,2026-06-22T14:23:49.7395769Z,124,,oasis/bottle,0
,,,,,,6,local.mqtt.telegraf,57,40.79,,periodic,,71,-4661,41,39,,,5,08a6f769c348,,0,273,624,08:A6:F7:69:C3:48,,4732,30,2,,32,,,914276,1782138229592,914282,1782138229598,,1782138229521,28,2026-06-22T14:23:49.9946514Z,125,,oasis/bottle,0
,,,,,,6,local.mqtt.telegraf,55,22.3,,periodic,,62,-18740,9,7,,,5,08a6f75abdf0,,0,274,626,08:A6:F7:5A:BD:F0,,18802,53,2,,55,,,915046,1782138230362,915052,1782138230368,,1782138230300,29,2026-06-22T14:23:50.7371753Z,123,,oasis/bottle,0
,,,,,,6,local.mqtt.telegraf,56,47.18,,periodic,,63,-12477,32,30,,,5,08a6f7bb3c68,,0,273,632,08:A6:F7:BB:3C:68,,12540,31,2,,33,,,915106,1782138230422,915112,1782138230428,,1782138230359,28,2026-06-22T14:23:50.8089188Z,124,,oasis/bottle,0
,,,,,,6,local.mqtt.telegraf,57,40.86,,periodic,,71,-5951,41,39,,,5,08a6f769c348,,0,273,625,08:A6:F7:69:C3:48,,6022,30,2,,32,,,915566,1782138230882,915572,1782138230888,,1782138230811,28,2026-06-22T14:23:51.2706639Z,125,,oasis/bottle,0
,,,,,,6,local.mqtt.telegraf,55,22.26,,periodic,,72,-19900,19,17,,,5,08a6f75abdf0,,0,274,627,08:A6:F7:5A:BD:F0,,19972,53,2,,55,,,916226,1782138231542,916232,1782138231548,,1782138231470,29,2026-06-22T14:23:51.9129488Z,123,,oasis/bottle,0
,,,,,,7,local.mqtt.telegraf,56,47.02,,periodic,,62,-14008,31,29,,,5,08a6f7bb3c68,,0,273,633,08:A6:F7:BB:3C:68,,14070,31,2,,33,,,916635,1782138231951,916642,1782138231958,,1782138231889,28,2026-06-22T14:23:52.3373353Z,124,,oasis/bottle,0
,,,,,,6,local.mqtt.telegraf,57,40.98,,periodic,,71,-7341,41,39,,,5,08a6f769c348,,0,273,626,08:A6:F7:69:C3:48,,7412,30,2,,32,,,916956,1782138232272,916962,1782138232278,,1782138232201,28,2026-06-22T14:23:52.6534365Z,125,,oasis/bottle,0
,,,,,,6,local.mqtt.telegraf,55,22.34,,periodic,,72,-849,41,39,,,5,08a6f75abdf0,,0,274,628,08:A6:F7:5A:BD:F0,,921,31,2,,33,,,917376,1782138232692,917382,1782138232698,,1782138232620,29,2026-06-22T14:23:53.0554446Z,126,,oasis/bottle,0
,,,,,,6,local.mqtt.telegraf,56,47.06,,periodic,,73,-15247,42,40,,,5,08a6f7bb3c68,,0,273,634,08:A6:F7:BB:3C:68,,15320,31,2,,33,,,917896,1782138233212,917902,1782138233218,,1782138233139,28,2026-06-22T14:23:53.5881282Z,124,,oasis/bottle,0
,,,,,,6,local.mqtt.telegraf,55,22.35,,periodic,,62,-1959,31,29,,,5,08a6f75abdf0,,0,273,629,08:A6:F7:5A:BD:F0,,2021,31,2,,33,,,918466,1782138233782,918472,1782138233788,,1782138233720,29,2026-06-22T14:23:54.1579293Z,126,,oasis/bottle,0
,,,,,,6,local.mqtt.telegraf,57,40.84,,periodic,,71,-8901,41,39,,,5,08a6f769c348,,0,273,627,08:A6:F7:69:C3:48,,8972,30,2,,32,,,918516,1782138233832,918522,1782138233838,,1782138233761,28,2026-06-22T14:23:54.2228581Z,125,,oasis/bottle,0
,,,,,,6,local.mqtt.telegraf,56,47.12,,periodic,,73,-16567,42,40,,,5,08a6f7bb3c68,,0,273,635,08:A6:F7:BB:3C:68,,16640,31,2,,33,,,919216,1782138234532,919222,1782138234538,,1782138234459,28,2026-06-22T14:23:54.9197129Z,124,,oasis/bottle,0
,,,,,,6,local.mqtt.telegraf,57,40.9,,periodic,,71,-10221,41,39,,,5,08a6f769c348,,0,273,628,08:A6:F7:69:C3:48,,10292,30,2,,32,,,919836,1782138235152,919842,1782138235158,,1782138235081,28,2026-06-22T14:23:55.5385831Z,125,,oasis/bottle,0
,,,,,,6,local.mqtt.telegraf,55,22.35,,periodic,,62,-3549,31,29,,,5,08a6f75abdf0,,0,274,630,08:A6:F7:5A:BD:F0,,3611,31,2,,33,,,920056,1782138235372,920062,1782138235378,,1782138235310,29,2026-06-22T14:23:55.7392707Z,126,,oasis/bottle,0
,,,,,,6,local.mqtt.telegraf,56,47.08,,periodic,,62,-18009,31,29,,,5,08a6f7bb3c68,,0,273,636,08:A6:F7:BB:3C:68,,18071,31,2,,33,,,920636,1782138235952,920642,1782138235958,,1782138235890,28,2026-06-22T14:23:56.3042194Z,124,,oasis/bottle,0
,,,,,,14,local.mqtt.telegraf,57,40.88,,periodic,,71,-11671,41,39,,,5,08a6f769c348,,0,273,629,08:A6:F7:69:C3:48,,11742,30,2,,32,,,921286,1782138236602,921300,1782138236616,,1782138236531,28,2026-06-22T14:23:56.9744103Z,125,,oasis/bottle,0
,,,,,,6,local.mqtt.telegraf,55,22.21,,periodic,,72,-4929,41,39,,,5,08a6f75abdf0,,0,274,631,08:A6:F7:5A:BD:F0,,5001,31,2,,33,,,921456,1782138236772,921462,1782138236778,,1782138236700,29,2026-06-22T14:23:57.1367665Z,126,,oasis/bottle,0
,,,,,,7,local.mqtt.telegraf,56,46.82,,periodic,,62,-19099,31,29,,,5,08a6f7bb3c68,,0,273,637,08:A6:F7:BB:3C:68,,19161,31,2,,33,,,921726,1782138237042,921732,1782138237049,,1782138236980,28,2026-06-22T14:23:57.4115517Z,124,,oasis/bottle,0
,,,,,,10,local.mqtt.telegraf,57,40.62,,periodic,,71,-12761,41,39,,,5,08a6f769c348,,0,273,630,08:A6:F7:69:C3:48,,12832,30,2,,32,,,922376,1782138237692,922386,1782138237702,,1782138237621,28,2026-06-22T14:23:58.068959Z,125,,oasis/bottle,0
,,,,,,6,local.mqtt.telegraf,55,22.23,,periodic,,72,-6509,41,39,,,5,08a6f75abdf0,,0,274,632,08:A6:F7:5A:BD:F0,,6581,31,2,,33,,,923036,1782138238352,923042,1782138238358,,1782138238280,29,2026-06-22T14:23:58.7257685Z,126,,oasis/bottle,0
,,,,,,6,local.mqtt.telegraf,56,46.9,,periodic,,72,-20629,41,39,,,5,08a6f7bb3c68,,0,273,638,08:A6:F7:BB:3C:68,,20701,31,2,,33,,,923276,1782138238592,923282,1782138238598,,1782138238520,28,2026-06-22T14:23:58.9589746Z,124,,oasis/bottle,0
,,,,,,6,local.mqtt.telegraf,57,40.79,,periodic,,71,-14351,41,39,,,5,08a6f769c348,,0,273,631,08:A6:F7:69:C3:48,,14422,30,2,,32,,,923966,1782138239282,923972,1782138239288,,1782138239211,28,2026-06-22T14:23:59.6481788Z,125,,oasis/bottle,0
,,,,,,6,local.mqtt.telegraf,55,22.28,,periodic,,72,-7859,41,39,,,5,08a6f75abdf0,,0,274,633,08:A6:F7:5A:BD:F0,,7931,31,2,,33,,,924386,1782138239702,924392,1782138239708,,1782138239630,29,2026-06-22T14:24:00.0720046Z,126,,oasis/bottle,0
,,,,,,6,local.mqtt.telegraf,56,46.85,,periodic,,62,-1120,14,12,,,5,08a6f7bb3c68,,0,273,639,08:A6:F7:BB:3C:68,,1182,48,2,,50,,,924556,1782138239872,924562,1782138239878,,1782138239810,28,2026-06-22T14:24:00.252516Z,127,,oasis/bottle,0
,,,,,,6,local.mqtt.telegraf,57,40.68,,periodic,,71,-15721,41,39,,,5,08a6f769c348,,0,273,632,08:A6:F7:69:C3:48,,15792,30,2,,32,,,925336,1782138240652,925342,1782138240658,,1782138240581,28,2026-06-22T14:24:01.0295542Z,125,,oasis/bottle,0
,,,,,,6,local.mqtt.telegraf,55,22.27,,periodic,,62,-9369,31,29,,,5,08a6f75abdf0,,0,274,634,08:A6:F7:5A:BD:F0,,9431,31,2,,33,,,925876,1782138241192,925882,1782138241198,,1782138241130,29,2026-06-22T14:24:01.5548622Z,126,,oasis/bottle,0
,,,,,,6,local.mqtt.telegraf,56,47.45,,periodic,,73,-2468,25,23,,,5,08a6f7bb3c68,,0,273,640,08:A6:F7:BB:3C:68,,2541,48,2,,50,,,925926,1782138241242,925932,1782138241248,,1782138241169,28,2026-06-22T14:24:01.5997124Z,127,,oasis/bottle,0
,,,,,,6,local.mqtt.telegraf,57,40.87,,periodic,,71,-17251,41,39,,,5,08a6f769c348,,0,273,633,08:A6:F7:69:C3:48,,17322,30,2,,32,,,926866,1782138242182,926872,1782138242188,,1782138242111,28,2026-06-22T14:24:02.5650044Z,125,,oasis/bottle,0
,,,,,,6,local.mqtt.telegraf,55,22.4,,periodic,,72,-10549,41,39,,,5,08a6f75abdf0,,0,274,635,08:A6:F7:5A:BD:F0,,10621,31,2,,33,,,927076,1782138242392,927082,1782138242398,,1782138242320,29,2026-06-22T14:24:02.7734998Z,126,,oasis/bottle,0
,,,,,,6,local.mqtt.telegraf,56,47.06,,periodic,,63,-4008,15,13,,,5,08a6f7bb3c68,,0,273,641,08:A6:F7:BB:3C:68,,4071,48,2,,50,,,927446,1782138242762,927452,1782138242768,,1782138242699,28,2026-06-22T14:24:03.1361928Z,127,,oasis/bottle,0
,,,,,,6,local.mqtt.telegraf,57,40.92,,periodic,,71,-18521,41,39,,,5,08a6f769c348,,0,273,634,08:A6:F7:69:C3:48,,18592,30,2,,32,,,928136,1782138243452,928142,1782138243458,,1782138243381,28,2026-06-22T14:24:03.8232985Z,125,,oasis/bottle,0
,,,,,,19,local.mqtt.telegraf,55,22.3,,periodic,,72,-11759,41,39,,,5,08a6f75abdf0,,0,274,636,08:A6:F7:5A:BD:F0,,11831,31,2,,33,,,928286,1782138243602,928305,1782138243621,,1782138243530,29,2026-06-22T14:24:03.9813801Z,126,,oasis/bottle,0
,,,,,,6,local.mqtt.telegraf,56,47.26,,periodic,,62,-5250,14,12,,,5,08a6f7bb3c68,,0,274,642,08:A6:F7:BB:3C:68,,5312,48,2,,50,,,928686,1782138244002,928692,1782138244008,,1782138243940,28,2026-06-22T14:24:04.3541678Z,127,,oasis/bottle,0
,,,,,,6,local.mqtt.telegraf,57,40.68,,periodic,,72,-19840,42,40,,,5,08a6f769c348,,0,273,635,08:A6:F7:69:C3:48,,19912,30,2,,32,,,929456,1782138244773,929463,1782138244779,,1782138244701,28,2026-06-22T14:24:05.1202547Z,125,,oasis/bottle,0
,,,,,,12,local.mqtt.telegraf,55,22.23,,periodic,,68,-12963,37,35,,,5,08a6f75abdf0,,0,274,637,08:A6:F7:5A:BD:F0,,13031,31,2,,33,,,929482,1782138244798,929494,1782138244810,,1782138244730,29,2026-06-22T14:24:05.1523263Z,126,,oasis/bottle,0
,,,,,,5,local.mqtt.telegraf,56,47.06,,periodic,,63,-6528,15,13,,,5,08a6f7bb3c68,,0,273,643,08:A6:F7:BB:3C:68,,6591,48,2,,50,,,929966,1782138245282,929971,1782138245287,,1782138245219,28,2026-06-22T14:24:05.6680744Z,127,,oasis/bottle,0
,,,,,,6,local.mqtt.telegraf,55,22.32,,periodic,,82,-14139,51,49,,,5,08a6f75abdf0,,0,274,638,08:A6:F7:5A:BD:F0,,14221,31,2,,33,,,930686,1782138246002,930692,1782138246008,,1782138245920,29,2026-06-22T14:24:06.3711161Z,126,,oasis/bottle,0
,,,,,,6,local.mqtt.telegraf,57,40.75,,periodic,,67,-1105,47,45,,,5,08a6f769c348,,0,274,636,08:A6:F7:69:C3:48,,1172,20,2,,22,,,930916,1782138246232,930922,1782138246238,,1782138246165,28,2026-06-22T14:24:06.6234358Z,128,,oasis/bottle,0
,,,,,,6,local.mqtt.telegraf,56,46.98,,periodic,,72,-7880,24,22,,,5,08a6f7bb3c68,,0,273,644,08:A6:F7:BB:3C:68,,7952,48,2,,50,,,931336,1782138246652,931342,1782138246658,,1782138246580,28,2026-06-22T14:24:07.0245151Z,127,,oasis/bottle,0
,,,,,,6,local.mqtt.telegraf,55,22.23,,periodic,,62,-15369,31,29,,,5,08a6f75abdf0,,0,274,639,08:A6:F7:5A:BD:F0,,15431,31,2,,33,,,931876,1782138247192,931882,1782138247198,,1782138247130,29,2026-06-22T14:24:07.5561049Z,126,,oasis/bottle,0
,,,,,,6,local.mqtt.telegraf,57,40.74,,periodic,,67,-2205,47,45,,,5,08a6f769c348,,0,273,637,08:A6:F7:69:C3:48,,2272,20,2,,22,,,932016,1782138247332,932022,1782138247338,,1782138247265,28,2026-06-22T14:24:07.7060479Z,128,,oasis/bottle,0
,,,,,,6,local.mqtt.telegraf,56,46.94,,periodic,,62,-9420,14,12,,,5,08a6f7bb3c68,,0,273,645,08:A6:F7:BB:3C:68,,9482,48,2,,50,,,932856,1782138248172,932862,1782138248178,,1782138248110,28,2026-06-22T14:24:08.5410284Z,127,,oasis/bottle,0
,,,,,,6,local.mqtt.telegraf,55,22.15,,periodic,,63,-16548,32,30,,,5,08a6f75abdf0,,0,274,640,08:A6:F7:5A:BD:F0,,16611,31,2,,33,,,933057,1782138248373,933063,1782138248379,,1782138248310,29,2026-06-22T14:24:08.7518214Z,126,,oasis/bottle,0
,,,,,,6,local.mqtt.telegraf,57,40.75,,periodic,,67,-3805,47,45,,,5,08a6f769c348,,0,273,638,08:A6:F7:69:C3:48,,3872,20,2,,22,,,933616,1782138248932,933622,1782138248938,,1782138248865,28,2026-06-22T14:24:09.3055896Z,128,,oasis/bottle,0
,,,,,,7,local.mqtt.telegraf,56,47.28,,periodic,,63,-10668,15,13,,,5,08a6f7bb3c68,,0,273,646,08:A6:F7:BB:3C:68,,10731,48,2,,50,,,934106,1782138249422,934112,1782138249429,,1782138249359,28,2026-06-22T14:24:09.7895829Z,127,,oasis/bottle,0
,,,,,,6,local.mqtt.telegraf,55,22.2,,periodic,,72,-17699,41,39,,,5,08a6f75abdf0,,0,274,641,08:A6:F7:5A:BD:F0,,17771,31,2,,33,,,934226,1782138249542,934232,1782138249548,,1782138249470,29,2026-06-22T14:24:09.920728Z,126,,oasis/bottle,0
,,,,,,6,local.mqtt.telegraf,57,40.79,,periodic,,67,-5205,47,45,,,5,08a6f769c348,,0,273,639,08:A6:F7:69:C3:48,,5272,20,2,,22,,,935016,1782138250332,935022,1782138250338,,1782138250265,28,2026-06-22T14:24:10.6952077Z,128,,oasis/bottle,0
,,,,,,6,local.mqtt.telegraf,55,22.28,,periodic,,62,-18839,31,29,,,5,08a6f75abdf0,,0,274,642,08:A6:F7:5A:BD:F0,,18901,31,2,,33,,,935346,1782138250662,935352,1782138250668,,1782138250600,29,2026-06-22T14:24:11.0397161Z,126,,oasis/bottle,0
,,,,,,6,local.mqtt.telegraf,56,47.06,,periodic,,72,-11960,24,22,,,5,08a6f7bb3c68,,0,274,647,08:A6:F7:BB:3C:68,,12032,48,2,,50,,,935416,1782138250732,935422,1782138250738,,1782138250660,28,2026-06-22T14:24:11.1073102Z,127,,oasis/bottle,0
,,,,,,6,local.mqtt.telegraf,55,22.19,,periodic,,72,-19869,41,39,,,5,08a6f75abdf0,,0,274,643,08:A6:F7:5A:BD:F0,,19941,31,2,,33,,,936396,1782138251712,936402,1782138251718,,1782138251640,29,2026-06-22T14:24:12.0890213Z,126,,oasis/bottle,0
,,,,,,6,local.mqtt.telegraf,57,40.75,,periodic,,66,-6796,46,44,,,5,08a6f769c348,,0,273,640,08:A6:F7:69:C3:48,,6862,20,2,,22,,,936605,1782138251921,936611,1782138251927,,1782138251855,28,2026-06-22T14:24:12.2972204Z,128,,oasis/bottle,0
,,,,,,6,local.mqtt.telegraf,56,46.83,,periodic,,63,-13368,15,13,,,5,08a6f7bb3c68,,0,273,648,08:A6:F7:BB:3C:68,,13431,48,2,,50,,,936806,1782138252122,936812,1782138252128,,1782138252059,28,2026-06-22T14:24:12.4917772Z,127,,oasis/bottle,0
,,,,,,6,local.mqtt.telegraf,55,22.35,,periodic,,62,-1189,31,29,,,5,08a6f75abdf0,,0,274,644,08:A6:F7:5A:BD:F0,,1251,31,2,,33,,,937906,1782138253222,937912,1782138253228,,1782138253160,29,2026-06-22T14:24:13.6014791Z,129,,oasis/bottle,0
,,,,,,7,local.mqtt.telegraf,57,40.87,,periodic,,67,-8185,47,45,,,5,08a6f769c348,,0,273,641,08:A6:F7:69:C3:48,,8252,20,2,,22,,,937996,1782138253312,938003,1782138253319,,1782138253245,28,2026-06-22T14:24:13.67394Z,128,,oasis/bottle,0
,,,,,,6,local.mqtt.telegraf,56,47.08,,periodic,,73,-14948,25,23,,,5,08a6f7bb3c68,,0,273,649,08:A6:F7:BB:3C:68,,15021,48,2,,50,,,938406,1782138253722,938412,1782138253728,,1782138253649,28,2026-06-22T14:24:14.0883856Z,127,,oasis/bottle,0
,,,,,,6,local.mqtt.telegraf,55,22.24,,periodic,,62,-2389,31,29,,,5,08a6f75abdf0,,0,274,645,08:A6:F7:5A:BD:F0,,2451,31,2,,33,,,939106,1782138254422,939112,1782138254428,,1782138254360,29,2026-06-22T14:24:14.7906328Z,129,,oasis/bottle,0
,,,,,,6,local.mqtt.telegraf,57,40.74,,periodic,,67,-9755,47,45,,,5,08a6f769c348,,0,274,642,08:A6:F7:69:C3:48,,9822,20,2,,22,,,939566,1782138254882,939572,1782138254888,,1782138254815,28,2026-06-22T14:24:15.2567393Z,128,,oasis/bottle,0
,,,,,,6,local.mqtt.telegraf,56,47.04,,periodic,,63,-16348,15,13,,,5,08a6f7bb3c68,,0,273,650,08:A6:F7:BB:3C:68,,16411,48,2,,50,,,939786,1782138255102,939792,1782138255108,,1782138255039,28,2026-06-22T14:24:15.4756996Z,127,,oasis/bottle,0
,,,,,,6,local.mqtt.telegraf,55,22.23,,periodic,,62,-3589,31,29,,,5,08a6f75abdf0,,0,274,646,08:A6:F7:5A:BD:F0,,3651,31,2,,33,,,940306,1782138255622,940312,1782138255628,,1782138255560,29,2026-06-22T14:24:15.9882996Z,129,,oasis/bottle,0
,,,,,,6,local.mqtt.telegraf,57,40.78,,periodic,,67,-11105,47,45,,,5,08a6f769c348,,0,274,643,08:A6:F7:69:C3:48,,11172,20,2,,22,,,940916,1782138256232,940922,1782138256238,,1782138256165,28,2026-06-22T14:24:16.6033632Z,128,,oasis/bottle,0
,,,,,,6,local.mqtt.telegraf,56,47.06,,periodic,,63,-17918,15,13,,,5,08a6f7bb3c68,,0,273,651,08:A6:F7:BB:3C:68,,17981,48,2,,50,,,941356,1782138256672,941362,1782138256678,,1782138256609,28,2026-06-22T14:24:17.0373654Z,127,,oasis/bottle,0
,,,,,,6,local.mqtt.telegraf,55,22.26,,periodic,,72,-4779,41,39,,,5,08a6f75abdf0,,0,274,647,08:A6:F7:5A:BD:F0,,4851,31,2,,33,,,941516,1782138256832,941522,1782138256838,,1782138256760,29,2026-06-22T14:24:17.1953129Z,129,,oasis/bottle,0
,,,,,,7,local.mqtt.telegraf,57,40.78,,periodic,,67,-12595,47,45,,,5,08a6f769c348,,0,273,644,08:A6:F7:69:C3:48,,12662,20,2,,22,,,942406,1782138257722,942413,1782138257729,,1782138257655,28,2026-06-22T14:24:18.106082Z,128,,oasis/bottle,0
,,,,,,6,local.mqtt.telegraf,56,46.87,,periodic,,72,-19240,24,22,,,5,08a6f7bb3c68,,0,274,652,08:A6:F7:BB:3C:68,,19312,48,2,,50,,,942696,1782138258012,942702,1782138258018,,1782138257940,28,2026-06-22T14:24:18.3528439Z,127,,oasis/bottle,0
,,,,,,6,local.mqtt.telegraf,55,22.15,,periodic,,78,-5973,47,45,,,5,08a6f75abdf0,,0,274,648,08:A6:F7:5A:BD:F0,,6051,31,2,,33,,,942722,1782138258038,942728,1782138258044,,1782138257960,29,2026-06-22T14:24:18.3919261Z,129,,oasis/bottle,0
,,,,,,6,local.mqtt.telegraf,57,40.62,,periodic,,66,-13776,46,44,,,5,08a6f769c348,,0,273,645,08:A6:F7:69:C3:48,,13842,20,2,,22,,,943585,1782138258901,943591,1782138258907,,1782138258835,28,2026-06-22T14:24:19.271566Z,128,,oasis/bottle,0
,,,,,,6,local.mqtt.telegraf,55,22.16,,periodic,,62,-7189,31,29,,,5,08a6f75abdf0,,0,274,649,08:A6:F7:5A:BD:F0,,7251,31,2,,33,,,943906,1782138259222,943912,1782138259228,,1782138259160,29,2026-06-22T14:24:19.5878101Z,129,,oasis/bottle,0
,,,,,,6,local.mqtt.telegraf,56,46.82,,periodic,,62,-519,31,29,,,5,08a6f7bb3c68,,0,273,653,08:A6:F7:BB:3C:68,,581,31,2,,33,,,944156,1782138259472,944162,1782138259478,,1782138259410,28,2026-06-22T14:24:19.8472734Z,130,,oasis/bottle,0
,,,,,,6,local.mqtt.telegraf,57,40.82,,periodic,,67,-14925,47,45,,,5,08a6f769c348,,0,273,646,08:A6:F7:69:C3:48,,14992,20,2,,22,,,944736,1782138260052,944742,1782138260058,,1782138259985,28,2026-06-22T14:24:20.415051Z,128,,oasis/bottle,0
,,,,,,6,local.mqtt.telegraf,55,22.23,,periodic,,72,-8369,41,39,,,5,08a6f75abdf0,,0,274,650,08:A6:F7:5A:BD:F0,,8441,31,2,,33,,,945106,1782138260422,945112,1782138260428,,1782138260350,29,2026-06-22T14:24:20.7918419Z,129,,oasis/bottle,0
,,,,,,6,local.mqtt.telegraf,56,47.06,,periodic,,72,-1639,41,39,,,5,08a6f7bb3c68,,0,273,654,08:A6:F7:BB:3C:68,,1711,31,2,,33,,,945296,1782138260612,945302,1782138260618,,1782138260540,28,2026-06-22T14:24:20.97823Z,130,,oasis/bottle,0
,,,,,,6,local.mqtt.telegraf,57,40.63,,periodic,,67,-16025,47,45,,,5,08a6f769c348,,0,273,647,08:A6:F7:69:C3:48,,16092,20,2,,22,,,945836,1782138261152,945842,1782138261158,,1782138261085,28,2026-06-22T14:24:21.5318371Z,128,,oasis/bottle,0
,,,,,,6,local.mqtt.telegraf,55,22.23,,periodic,,62,-9569,31,29,,,5,08a6f75abdf0,,0,274,651,08:A6:F7:5A:BD:F0,,9631,31,2,,33,,,946286,1782138261602,946292,1782138261608,,1782138261540,29,2026-06-22T14:24:21.9744133Z,129,,oasis/bottle,0
,,,,,,6,local.mqtt.telegraf,56,46.89,,periodic,,62,-2719,31,29,,,5,08a6f7bb3c68,,0,274,655,08:A6:F7:BB:3C:68,,2781,31,2,,33,,,946356,1782138261672,946362,1782138261678,,1782138261610,28,2026-06-22T14:24:22.0383005Z,130,,oasis/bottle,0
,,,,,,6,local.mqtt.telegraf,57,40.75,,periodic,,67,-17635,47,45,,,5,08a6f769c348,,0,274,648,08:A6:F7:69:C3:48,,17702,20,2,,22,,,947446,1782138262762,947452,1782138262768,,1782138262695,28,2026-06-22T14:24:23.0999354Z,128,,oasis/bottle,0
,,,,,,6,local.mqtt.telegraf,55,22.26,,periodic,,86,-10705,55,53,,,5,08a6f75abdf0,,0,274,652,08:A6:F7:5A:BD:F0,,10791,31,2,,33,,,947470,1782138262786,947476,1782138262792,,1782138262700,29,2026-06-22T14:24:23.135414Z,129,,oasis/bottle,1
,,,,,,6,local.mqtt.telegraf,56,47.06,,periodic,,73,-4237,42,40,,,5,08a6f7bb3c68,,0,273,656,08:A6:F7:BB:3C:68,,4310,31,2,,33,,,947896,1782138263212,947902,1782138263218,,1782138263139,28,2026-06-22T14:24:23.5901848Z,130,,oasis/bottle,0
,,,,,,6,local.mqtt.telegraf,55,22.2,,periodic,,72,-11839,41,39,,,5,08a6f75abdf0,,0,274,653,08:A6:F7:5A:BD:F0,,11911,31,2,,33,,,948576,1782138263892,948582,1782138263898,,1782138263820,29,2026-06-22T14:24:24.2598631Z,129,,oasis/bottle,0
,,,,,,6,local.mqtt.telegraf,57,40.78,,periodic,,67,-19045,47,45,,,5,08a6f769c348,,0,273,649,08:A6:F7:69:C3:48,,19112,20,2,,22,,,948856,1782138264172,948862,1782138264178,,1782138264105,28,2026-06-22T14:24:24.5477001Z,128,,oasis/bottle,0
,,,,,,6,local.mqtt.telegraf,56,47.22,,periodic,,73,-5497,42,40,,,5,08a6f7bb3c68,,0,273,657,08:A6:F7:BB:3C:68,,5570,31,2,,33,,,949156,1782138264472,949162,1782138264478,,1782138264399,28,2026-06-22T14:24:24.8539158Z,130,,oasis/bottle,0
,,,,,,6,local.mqtt.telegraf,55,22.16,,periodic,,63,-12908,32,30,,,5,08a6f75abdf0,,0,274,654,08:A6:F7:5A:BD:F0,,12971,31,2,,33,,,949627,1782138264943,949633,1782138264949,,1782138264880,29,2026-06-22T14:24:25.3046527Z,129,,oasis/bottle,0
,,,,,,6,local.mqtt.telegraf,56,47.06,,periodic,,62,-6829,31,29,,,5,08a6f7bb3c68,,0,273,658,08:A6:F7:BB:3C:68,,6891,31,2,,33,,,950466,1782138265782,950472,1782138265788,,1782138265720,28,2026-06-22T14:24:26.121165Z,130,,oasis/bottle,0
,,,,,,5,local.mqtt.telegraf,57,40.74,,periodic,,81,-440,60,58,,,5,08a6f769c348,,0,274,650,08:A6:F7:69:C3:48,,521,21,2,,23,,,950490,1782138265806,950495,1782138265811,,1782138265725,28,2026-06-22T14:24:26.1564817Z,131,,oasis/bottle,1
,,,,,,6,local.mqtt.telegraf,55,22.2,,periodic,,62,-14419,31,29,,,5,08a6f75abdf0,,0,274,655,08:A6:F7:5A:BD:F0,,14481,31,2,,33,,,951136,1782138266452,951142,1782138266458,,1782138266390,29,2026-06-22T14:24:26.8224647Z,129,,oasis/bottle,0
,,,,,,6,local.mqtt.telegraf,56,46.98,,periodic,,63,-8258,32,30,,,5,08a6f7bb3c68,,0,273,659,08:A6:F7:BB:3C:68,,8321,31,2,,33,,,951897,1782138267213,951903,1782138267219,,1782138267150,28,2026-06-22T14:24:27.5519922Z,130,,oasis/bottle,0
,,,,,,5,local.mqtt.telegraf,57,40.74,,periodic,,84,-1867,63,61,,,5,08a6f769c348,,0,273,651,08:A6:F7:69:C3:48,,1951,21,2,,23,,,951923,1782138267239,951928,1782138267244,,1782138267155,28,2026-06-22T14:24:27.5899612Z,131,,oasis/bottle,0
,,,,,,6,local.mqtt.telegraf,55,22.19,,periodic,,72,-15609,41,39,,,5,08a6f75abdf0,,0,274,656,08:A6:F7:5A:BD:F0,,15681,31,2,,33,,,952346,1782138267662,952352,1782138267668,,1782138267590,29,2026-06-22T14:24:28.0398859Z,129,,oasis/bottle,0
,,,,,,6,local.mqtt.telegraf,56,46.93,,periodic,,72,-9309,41,39,,,5,08a6f7bb3c68,,0,273,660,08:A6:F7:BB:3C:68,,9381,31,2,,33,,,952966,1782138268282,952972,1782138268288,,1782138268210,28,2026-06-22T14:24:28.6197301Z,130,,oasis/bottle,0
,,,,,,12,local.mqtt.telegraf,57,40.64,,periodic,,83,-2938,62,60,,,5,08a6f769c348,,0,274,652,08:A6:F7:69:C3:48,,3021,21,2,,23,,,952992,1782138268308,953004,1782138268320,,1782138268225,28,2026-06-22T14:24:28.6529825Z,131,,oasis/bottle,0
,,,,,,6,local.mqtt.telegraf,55,22.21,,periodic,,72,-16819,41,39,,,5,08a6f75abdf0,,0,273,657,08:A6:F7:5A:BD:F0,,16891,31,2,,33,,,953556,1782138268872,953562,1782138268878,,1782138268800,29,2026-06-22T14:24:29.2445234Z,129,,oasis/bottle,0
,,,,,,6,local.mqtt.telegraf,56,46.77,,periodic,,62,-10849,31,29,,,5,08a6f7bb3c68,,0,273,661,08:A6:F7:BB:3C:68,,10911,31,2,,33,,,954486,1782138269802,954492,1782138269808,,1782138269740,28,2026-06-22T14:24:30.1506598Z,130,,oasis/bottle,0
,,,,,,7,local.mqtt.telegraf,57,40.75,,periodic,,66,-4495,45,43,,,5,08a6f769c348,,0,273,653,08:A6:F7:69:C3:48,,4561,21,2,,23,,,954515,1782138269831,954522,1782138269838,,1782138269765,28,2026-06-22T14:24:30.191458Z,131,,oasis/bottle,0
,,,,,,6,local.mqtt.telegraf,55,22.36,,periodic,,69,-18035,38,36,,,5,08a6f75abdf0,,0,273,658,08:A6:F7:5A:BD:F0,,18104,31,2,,33,,,954766,1782138270082,954772,1782138270088,,1782138270013,29,2026-06-22T14:24:30.4551726Z,129,,oasis/bottle,0
,,,,,,6,local.mqtt.telegraf,56,47.09,,periodic,,62,-12089,31,29,,,5,08a6f7bb3c68,,0,273,662,08:A6:F7:BB:3C:68,,12151,31,2,,33,,,955726,1782138271042,955732,1782138271048,,1782138270980,28,2026-06-22T14:24:31.405965Z,130,,oasis/bottle,0
,,,,,,10,local.mqtt.telegraf,57,40.76,,periodic,,67,-5764,46,44,,,5,08a6f769c348,,0,274,654,08:A6:F7:69:C3:48,,5831,21,2,,23,,,955786,1782138271102,955795,1782138271112,,1782138271035,28,2026-06-22T14:24:31.4573624Z,131,,oasis/bottle,0
,,,,,,6,local.mqtt.telegraf,55,22.4,,periodic,,72,-19259,41,39,,,5,08a6f75abdf0,,0,274,659,08:A6:F7:5A:BD:F0,,19331,31,2,,33,,,955996,1782138271312,956002,1782138271318,,1782138271240,29,2026-06-22T14:24:31.6872686Z,129,,oasis/bottle,0
,,,,,,6,local.mqtt.telegraf,56,46.71,,periodic,,72,-13359,41,39,,,5,08a6f7bb3c68,,0,273,663,08:A6:F7:BB:3C:68,,13431,31,2,,33,,,957016,1782138272332,957022,1782138272338,,1782138272260,28,2026-06-22T14:24:32.6923449Z,130,,oasis/bottle,0
,,,,,,6,local.mqtt.telegraf,57,40.74,,periodic,,67,-7094,46,44,,,5,08a6f769c348,,0,273,655,08:A6:F7:69:C3:48,,7161,21,2,,23,,,957116,1782138272432,957122,1782138272438,,1782138272365,28,2026-06-22T14:24:32.7578546Z,131,,oasis/bottle,0
,,,,,,7,local.mqtt.telegraf,55,22.34,,periodic,,62,-320,32,30,,,5,08a6f75abdf0,,0,274,660,08:A6:F7:5A:BD:F0,,382,30,2,,32,,,957246,1782138272562,957253,1782138272569,,1782138272500,29,2026-06-22T14:24:32.9315425Z,132,,oasis/bottle,0
,,,,,,6,local.mqtt.telegraf,56,46.82,,periodic,,62,-14749,31,29,,,5,08a6f7bb3c68,,0,273,664,08:A6:F7:BB:3C:68,,14811,31,2,,33,,,958386,1782138273702,958392,1782138273708,,1782138273640,28,2026-06-22T14:24:34.0743434Z,130,,oasis/bottle,0
,,,,,,6,local.mqtt.telegraf,55,22.26,,periodic,,72,-1620,42,40,,,5,08a6f75abdf0,,0,274,661,08:A6:F7:5A:BD:F0,,1692,30,2,,32,,,958566,1782138273882,958572,1782138273888,,1782138273810,29,2026-06-22T14:24:34.2475216Z,132,,oasis/bottle,0
,,,,,,6,local.mqtt.telegraf,57,40.9,,periodic,,67,-8594,46,44,,,5,08a6f769c348,,0,274,656,08:A6:F7:69:C3:48,,8661,21,2,,23,,,958616,1782138273932,958622,1782138273938,,1782138273865,28,2026-06-22T14:24:34.2904961Z,131,,oasis/bottle,0
,,,,,,6,local.mqtt.telegraf,57,40.86,,periodic,,67,-9754,46,44,,,5,08a6f769c348,,0,274,657,08:A6:F7:69:C3:48,,9821,21,2,,23,,,959776,1782138275092,959782,1782138275098,,1782138275025,28,2026-06-22T14:24:35.4925853Z,131,,oasis/bottle,0
,,,,,,7,local.mqtt.telegraf,56,47.24,,periodic,,74,-16276,43,41,,,5,08a6f7bb3c68,,0,273,665,08:A6:F7:BB:3C:68,,16350,31,2,,33,,,959937,1782138275253,959944,1782138275260,,1782138275179,28,2026-06-22T14:24:35.6279978Z,130,,oasis/bottle,0
,,,,,,6,local.mqtt.telegraf,55,22.34,,periodic,,62,-3060,32,30,,,5,08a6f75abdf0,,0,274,662,08:A6:F7:5A:BD:F0,,3122,30,2,,32,,,959986,1782138275302,959992,1782138275308,,1782138275240,29,2026-06-22T14:24:35.6625061Z,132,,oasis/bottle,0
,,,,,,6,local.mqtt.telegraf,57,40.71,,periodic,,67,-10874,46,44,,,5,08a6f769c348,,0,274,658,08:A6:F7:69:C3:48,,10941,21,2,,23,,,960896,1782138276212,960902,1782138276218,,1782138276145,28,2026-06-22T14:24:36.5876128Z,131,,oasis/bottle,0
,,,,,,7,local.mqtt.telegraf,55,22.13,,periodic,,72,-4090,42,40,,,5,08a6f75abdf0,,0,274,663,08:A6:F7:5A:BD:F0,,4162,30,2,,32,,,961036,1782138276352,961043,1782138276359,,1782138276280,29,2026-06-22T14:24:36.7390031Z,132,,oasis/bottle,0
,,,,,,6,local.mqtt.telegraf,56,47.06,,periodic,,63,-17567,32,30,,,5,08a6f7bb3c68,,0,273,666,08:A6:F7:BB:3C:68,,17630,31,2,,33,,,961206,1782138276522,961212,1782138276528,,1782138276459,28,2026-06-22T14:24:36.9041607Z,130,,oasis/bottle,0
,,,,,,6,local.mqtt.telegraf,55,22.31,,periodic,,72,-5570,42,40,,,5,08a6f75abdf0,,0,274,664,08:A6:F7:5A:BD:F0,,5642,30,2,,32,,,962516,1782138277832,962522,1782138277838,,1782138277760,29,2026-06-22T14:24:38.1751609Z,132,,oasis/bottle,0
,,,,,,5,local.mqtt.telegraf,57,40.76,,periodic,,83,-12488,62,60,,,5,08a6f769c348,,0,273,659,08:A6:F7:69:C3:48,,12571,21,2,,23,,,962542,1782138277858,962547,1782138277863,,1782138277775,28,2026-06-22T14:24:38.2184828Z,131,,oasis/bottle,0
,,,,,,7,local.mqtt.telegraf,56,46.66,,periodic,,75,-18905,44,42,,,5,08a6f7bb3c68,,0,273,667,08:A6:F7:BB:3C:68,,18980,31,2,,33,,,962567,1782138277884,962575,1782138277891,,1782138277809,28,2026-06-22T14:24:38.2535055Z,130,,oasis/bottle,0
,,,,,,6,local.mqtt.telegraf,55,22.23,,periodic,,62,-6750,32,30,,,5,08a6f75abdf0,,0,274,665,08:A6:F7:5A:BD:F0,,6812,30,2,,32,,,963676,1782138278992,963682,1782138278998,,1782138278930,29,2026-06-22T14:24:39.3694528Z,132,,oasis/bottle,0
,,,,,,6,local.mqtt.telegraf,57,40.84,,periodic,,67,-13974,46,44,,,5,08a6f769c348,,0,273,660,08:A6:F7:69:C3:48,,14041,21,2,,23,,,963996,1782138279312,964001,1782138279318,,1782138279245,28,2026-06-22T14:24:39.6861052Z,131,,oasis/bottle,0
,,,,,,6,local.mqtt.telegraf,56,46.81,,periodic,,64,-265,43,41,,,5,08a6f7bb3c68,,0,273,668,08:A6:F7:BB:3C:68,,329,21,2,,23,,,964107,1782138279423,964113,1782138279429,,1782138279359,28,2026-06-22T14:24:39.8014258Z,133,,oasis/bottle,0
,,,,,,6,local.mqtt.telegraf,55,22.19,,periodic,,72,-7860,42,40,,,5,08a6f75abdf0,,0,274,666,08:A6:F7:5A:BD:F0,,7932,30,2,,32,,,964806,1782138280122,964812,1782138280128,,1782138280050,29,2026-06-22T14:24:40.4945015Z,132,,oasis/bottle,0
,,,,,,6,local.mqtt.telegraf,57,40.76,,periodic,,68,-15103,47,45,,,5,08a6f769c348,,0,274,661,08:A6:F7:69:C3:48,,15171,21,2,,23,,,965127,1782138280443,965133,1782138280449,,1782138280375,28,2026-06-22T14:24:40.8076006Z,131,,oasis/bottle,0
,,,,,,6,local.mqtt.telegraf,56,47.06,,periodic,,61,-1520,40,38,,,5,08a6f7bb3c68,,0,274,669,08:A6:F7:BB:3C:68,,1581,21,2,,23,,,965356,1782138280672,965362,1782138280678,,1782138280611,28,2026-06-22T14:24:41.0549069Z,133,,oasis/bottle,0
,,,,,,6,local.mqtt.telegraf,55,22.2,,periodic,,72,-8910,42,40,,,5,08a6f75abdf0,,0,274,667,08:A6:F7:5A:BD:F0,,8982,30,2,,32,,,965856,1782138281172,965862,1782138281178,,1782138281100,29,2026-06-22T14:24:41.5369644Z,132,,oasis/bottle,0
,,,,,,10,local.mqtt.telegraf,57,40.64,,periodic,,67,-16174,46,44,,,5,08a6f769c348,,0,273,662,08:A6:F7:69:C3:48,,16241,21,2,,23,,,966196,1782138281512,966206,1782138281522,,1782138281445,28,2026-06-22T14:24:41.8904728Z,131,,oasis/bottle,0
,,,,,,6,local.mqtt.telegraf,56,47.06,,periodic,,72,-2798,51,49,,,5,08a6f7bb3c68,,0,273,670,08:A6:F7:BB:3C:68,,2870,21,2,,23,,,966656,1782138281972,966662,1782138281978,,1782138281900,28,2026-06-22T14:24:42.3353247Z,133,,oasis/bottle,0
,,,,,,7,local.mqtt.telegraf,55,22.31,,periodic,,62,-10420,32,30,,,5,08a6f75abdf0,,0,274,668,08:A6:F7:5A:BD:F0,,10482,30,2,,32,,,967346,1782138282662,967353,1782138282669,,1782138282600,29,2026-06-22T14:24:43.0353616Z,132,,oasis/bottle,0
,,,,,,6,local.mqtt.telegraf,57,40.74,,periodic,,67,-17704,46,44,,,5,08a6f769c348,,0,273,663,08:A6:F7:69:C3:48,,17771,21,2,,23,,,967726,1782138283042,967732,1782138283048,,1782138282975,28,2026-06-22T14:24:43.4151065Z,131,,oasis/bottle,0
,,,,,,6,local.mqtt.telegraf,56,46.57,,periodic,,64,-4196,43,41,,,5,08a6f7bb3c68,,0,273,671,08:A6:F7:BB:3C:68,,4260,21,2,,23,,,968038,1782138283354,968044,1782138283360,,1782138283290,28,2026-06-22T14:24:43.7327204Z,133,,oasis/bottle,0
,,,,,,6,local.mqtt.telegraf,55,22.2,,periodic,,63,-11609,33,31,,,5,08a6f75abdf0,,0,274,669,08:A6:F7:5A:BD:F0,,11672,30,2,,32,,,968536,1782138283853,968543,1782138283859,,1782138283790,29,2026-06-22T14:24:44.2284779Z,132,,oasis/bottle,0
,,,,,,6,local.mqtt.telegraf,57,40.68,,periodic,,67,-18964,46,44,,,5,08a6f769c348,,0,273,664,08:A6:F7:69:C3:48,,19031,21,2,,23,,,968986,1782138284302,968992,1782138284308,,1782138284235,28,2026-06-22T14:24:44.6736808Z,131,,oasis/bottle,0
,,,,,,6,local.mqtt.telegraf,56,46.7,,periodic,,72,-5758,51,49,,,5,08a6f7bb3c68,,0,273,672,08:A6:F7:BB:3C:68,,5830,21,2,,23,,,969616,1782138284932,969622,1782138284938,,1782138284860,28,2026-06-22T14:24:45.304673Z,133,,oasis/bottle,0
,,,,,,6,local.mqtt.telegraf,55,22.2,,periodic,,72,-12780,42,40,,,5,08a6f75abdf0,,0,274,670,08:A6:F7:5A:BD:F0,,12852,30,2,,32,,,969726,1782138285042,969732,1782138285048,,1782138284970,29,2026-06-22T14:24:45.3690146Z,132,,oasis/bottle,0
,,,,,,6,local.mqtt.telegraf,57,40.9,,periodic,,77,-20264,56,54,,,5,08a6f769c348,,0,274,665,08:A6:F7:69:C3:48,,20341,21,2,,23,,,970306,1782138285622,970312,1782138285628,,1782138285545,28,2026-06-22T14:24:46.002846Z,131,,oasis/bottle,0
,,,,,,6,local.mqtt.telegraf,55,22.17,,periodic,,72,-13940,42,40,,,5,08a6f75abdf0,,0,274,671,08:A6:F7:5A:BD:F0,,14012,30,2,,32,,,970886,1782138286202,970892,1782138286208,,1782138286130,29,2026-06-22T14:24:46.5740504Z,132,,oasis/bottle,0
,,,,,,9,local.mqtt.telegraf,56,46.65,,periodic,,61,-7120,40,38,,,5,08a6f7bb3c68,,0,274,673,08:A6:F7:BB:3C:68,,7181,21,2,,23,,,970956,1782138286272,970965,1782138286281,,1782138286211,28,2026-06-22T14:24:46.6404897Z,133,,oasis/bottle,0
,,,,,,6,local.mqtt.telegraf,57,40.64,,periodic,,67,-1245,10,8,,,5,08a6f769c348,,0,273,666,08:A6:F7:69:C3:48,,1312,57,2,,59,,,971726,1782138287042,971732,1782138287048,,1782138286975,28,2026-06-22T14:24:47.4125628Z,134,,oasis/bottle,0
,,,,,,6,local.mqtt.telegraf,55,22.35,,periodic,,72,-15070,42,40,,,5,08a6f75abdf0,,0,274,672,08:A6:F7:5A:BD:F0,,15142,30,2,,32,,,972016,1782138287332,972022,1782138287338,,1782138287260,29,2026-06-22T14:24:47.7027532Z,132,,oasis/bottle,0
,,,,,,6,local.mqtt.telegraf,56,47.06,,periodic,,71,-8590,50,48,,,5,08a6f7bb3c68,,0,273,674,08:A6:F7:BB:3C:68,,8661,21,2,,23,,,972446,1782138287762,972452,1782138287768,,1782138287691,28,2026-06-22T14:24:48.1229389Z,133,,oasis/bottle,0
,,,,,,7,local.mqtt.telegraf,57,40.68,,periodic,,68,-2293,11,9,,,5,08a6f769c348,,0,273,667,08:A6:F7:69:C3:48,,2361,57,2,,59,,,972776,1782138288092,972783,1782138288099,,1782138288024,28,2026-06-22T14:24:48.4625794Z,134,,oasis/bottle,0
,,,,,,6,local.mqtt.telegraf,55,22.27,,periodic,,63,-16119,33,31,,,5,08a6f75abdf0,,0,274,673,08:A6:F7:5A:BD:F0,,16182,30,2,,32,,,973047,1782138288363,973053,1782138288369,,1782138288300,29,2026-06-22T14:24:48.7255317Z,132,,oasis/bottle,0
,,,,,,6,local.mqtt.telegraf,56,46.63,,periodic,,62,-9768,41,39,,,5,08a6f7bb3c68,,0,273,675,08:A6:F7:BB:3C:68,,9830,21,2,,23,,,973606,1782138288922,973612,1782138288928,,1782138288860,28,2026-06-22T14:24:49.2964695Z,133,,oasis/bottle,0
,,,,,,6,local.mqtt.telegraf,57,40.83,,periodic,,67,-3785,10,8,,,5,08a6f769c348,,0,274,668,08:A6:F7:69:C3:48,,3852,57,2,,59,,,974266,1782138289582,974272,1782138289588,,1782138289515,28,2026-06-22T14:24:49.9609957Z,134,,oasis/bottle,0
,,,,,,6,local.mqtt.telegraf,55,22.31,,periodic,,72,-17590,42,40,,,5,08a6f75abdf0,,0,274,674,08:A6:F7:5A:BD:F0,,17662,30,2,,32,,,974536,1782138289852,974542,1782138289858,,1782138289780,29,2026-06-22T14:24:50.2309175Z,132,,oasis/bottle,0
,,,,,,14,local.mqtt.telegraf,56,46.66,,periodic,,71,-10890,50,48,,,5,08a6f7bb3c68,,0,274,676,08:A6:F7:BB:3C:68,,10961,21,2,,23,,,974746,1782138290062,974760,1782138290076,,1782138289991,28,2026-06-22T14:24:50.4302329Z,133,,oasis/bottle,0
,,,,,,6,local.mqtt.telegraf,57,40.75,,periodic,,67,-4975,10,8,,,5,08a6f769c348,,0,274,669,08:A6:F7:69:C3:48,,5042,57,2,,59,,,975456,1782138290772,975462,1782138290778,,1782138290705,28,2026-06-22T14:24:51.1496023Z,134,,oasis/bottle,0
,,,,,,7,local.mqtt.telegraf,55,22.23,,periodic,,62,-18770,32,30,,,5,08a6f75abdf0,,0,274,675,08:A6:F7:5A:BD:F0,,18832,30,2,,32,,,975696,1782138291012,975703,1782138291019,,1782138290950,29,2026-06-22T14:24:51.3857808Z,132,,oasis/bottle,0
,,,,,,7,local.mqtt.telegraf,56,47.05,,periodic,,62,-11968,41,39,,,5,08a6f7bb3c68,,0,273,677,08:A6:F7:BB:3C:68,,12030,21,2,,23,,,975806,1782138291122,975813,1782138291129,,1782138291060,28,2026-06-22T14:24:51.5070519Z,133,,oasis/bottle,0
,,,,,,6,local.mqtt.telegraf,57,40.6,,periodic,,67,-6145,10,8,,,5,08a6f769c348,,0,273,670,08:A6:F7:69:C3:48,,6212,57,2,,59,,,976626,1782138291942,976632,1782138291948,,1782138291875,28,2026-06-22T14:24:52.3093481Z,134,,oasis/bottle,0
,,,,,,7,local.mqtt.telegraf,55,22.15,,periodic,,62,-19900,32,30,,,5,08a6f75abdf0,,0,274,676,08:A6:F7:5A:BD:F0,,19962,30,2,,32,,,976826,1782138292142,976833,1782138292149,,1782138292080,29,2026-06-22T14:24:52.524219Z,132,,oasis/bottle,0
,,,,,,7,local.mqtt.telegraf,56,46.69,,periodic,,70,-13491,49,47,,,5,08a6f7bb3c68,,0,274,678,08:A6:F7:BB:3C:68,,13561,21,2,,23,,,977345,1782138292661,977352,1782138292668,,1782138292591,28,2026-06-22T14:24:53.0431618Z,133,,oasis/bottle,0
,,,,,,6,local.mqtt.telegraf,57,40.64,,periodic,,67,-7285,10,8,,,5,08a6f769c348,,0,273,671,08:A6:F7:69:C3:48,,7352,57,2,,59,,,977766,1782138293082,977772,1782138293088,,1782138293015,28,2026-06-22T14:24:53.4476872Z,134,,oasis/bottle,0
,,,,,,6,local.mqtt.telegraf,55,22.31,,periodic,,68,-487,38,36,,,5,08a6f75abdf0,,0,274,677,08:A6:F7:5A:BD:F0,,555,30,2,,32,,,977896,1782138293212,977902,1782138293218,,1782138293144,29,2026-06-22T14:24:53.5881721Z,135,,oasis/bottle,0
,,,,,,6,local.mqtt.telegraf,56,46.49,,periodic,,62,-14758,41,39,,,5,08a6f7bb3c68,,0,273,679,08:A6:F7:BB:3C:68,,14820,21,2,,23,,,978596,1782138293912,978602,1782138293918,,1782138293850,28,2026-06-22T14:24:54.276774Z,133,,oasis/bottle,0
,,,,,,6,local.mqtt.telegraf,57,40.82,,periodic,,68,-8363,11,9,,,5,08a6f769c348,,0,273,672,08:A6:F7:69:C3:48,,8431,57,2,,59,,,978846,1782138294162,978852,1782138294168,,1782138294094,28,2026-06-22T14:24:54.5426408Z,134,,oasis/bottle,0
,,,,,,6,local.mqtt.telegraf,55,22.15,,periodic,,71,-2011,41,39,,,5,08a6f75abdf0,,0,274,678,08:A6:F7:5A:BD:F0,,2082,30,2,,32,,,979426,1782138294742,979432,1782138294748,,1782138294671,29,2026-06-22T14:24:55.1180346Z,135,,oasis/bottle,0
,,,,,,7,local.mqtt.telegraf,56,46.85,,periodic,,71,-16080,50,48,,,5,08a6f7bb3c68,,0,273,680,08:A6:F7:BB:3C:68,,16151,21,2,,23,,,979936,1782138295252,979943,1782138295259,,1782138295181,28,2026-06-22T14:24:55.6457277Z,133,,oasis/bottle,0
,,,,,,6,local.mqtt.telegraf,57,40.68,,periodic,,78,-9903,21,19,,,5,08a6f769c348,,0,273,673,08:A6:F7:69:C3:48,,9981,57,2,,59,,,980406,1782138295722,980412,1782138295728,,1782138295644,28,2026-06-22T14:24:56.1080917Z,134,,oasis/bottle,0
,,,,,,6,local.mqtt.telegraf,55,22.23,,periodic,,71,-3271,41,39,,,5,08a6f75abdf0,,0,274,679,08:A6:F7:5A:BD:F0,,3342,30,2,,32,,,980686,1782138296002,980692,1782138296008,,1782138295931,29,2026-06-22T14:24:56.3966989Z,135,,oasis/bottle,0
,,,,,,6,local.mqtt.telegraf,56,46.75,,periodic,,62,-17548,41,39,,,5,08a6f7bb3c68,,0,273,681,08:A6:F7:BB:3C:68,,17610,21,2,,23,,,981386,1782138296702,981392,1782138296708,,1782138296640,28,2026-06-22T14:24:57.0734369Z,133,,oasis/bottle,0
,,,,,,6,local.mqtt.telegraf,57,40.74,,periodic,,68,-11233,11,9,,,5,08a6f769c348,,0,273,674,08:A6:F7:69:C3:48,,11301,57,2,,59,,,981716,1782138297032,981722,1782138297038,,1782138296964,28,2026-06-22T14:24:57.4080023Z,134,,oasis/bottle,0
,,,,,,6,local.mqtt.telegraf,55,22.16,,periodic,,61,-4591,31,29,,,5,08a6f75abdf0,,0,273,680,08:A6:F7:5A:BD:F0,,4652,30,2,,32,,,981986,1782138297302,981992,1782138297308,,1782138297241,29,2026-06-22T14:24:57.6707526Z,135,,oasis/bottle,0
,,,,,,6,local.mqtt.telegraf,56,46.67,,periodic,,72,-18638,51,49,,,5,08a6f7bb3c68,,0,273,682,08:A6:F7:BB:3C:68,,18710,21,2,,23,,,982496,1782138297812,982502,1782138297818,,1782138297740,28,2026-06-22T14:24:58.1775749Z,133,,oasis/bottle,0
,,,,,,6,local.mqtt.telegraf,57,40.71,,periodic,,68,-12643,11,9,,,5,08a6f769c348,,0,273,675,08:A6:F7:69:C3:48,,12711,57,2,,59,,,983126,1782138298442,983132,1782138298448,,1782138298374,28,2026-06-22T14:24:58.8207908Z,134,,oasis/bottle,0
,,,,,,7,local.mqtt.telegraf,55,22.17,,periodic,,61,-6011,31,29,,,5,08a6f75abdf0,,0,274,681,08:A6:F7:5A:BD:F0,,6072,30,2,,32,,,983406,1782138298722,983413,1782138298729,,1782138298661,29,2026-06-22T14:24:59.104185Z,135,,oasis/bottle,0
,,,,,,7,local.mqtt.telegraf,56,47.01,,periodic,,62,-20258,41,39,,,5,08a6f7bb3c68,,0,273,683,08:A6:F7:BB:3C:68,,20320,21,2,,23,,,984096,1782138299412,984103,1782138299419,,1782138299350,28,2026-06-22T14:24:59.7745109Z,133,,oasis/bottle,0
,,,,,,6,local.mqtt.telegraf,57,40.83,,periodic,,67,-14275,10,8,,,5,08a6f769c348,,0,273,676,08:A6:F7:69:C3:48,,14342,57,2,,59,,,984756,1782138300072,984761,1782138300078,,1782138300005,28,2026-06-22T14:25:00.4357715Z,134,,oasis/bottle,0
,,,,,,6,local.mqtt.telegraf,55,22.27,,periodic,,71,-7641,41,39,,,5,08a6f75abdf0,,0,274,682,08:A6:F7:5A:BD:F0,,7712,30,2,,32,,,985056,1782138300372,985062,1782138300378,,1782138300301,29,2026-06-22T14:25:00.7495772Z,135,,oasis/bottle,0
,,,,,,6,local.mqtt.telegraf,56,46.49,,periodic,,71,-1230,40,38,,,5,08a6f7bb3c68,,0,273,684,08:A6:F7:BB:3C:68,,1301,31,2,,33,,,985506,1782138300822,985512,1782138300828,,1782138300751,28,2026-06-22T14:25:01.1960884Z,136,,oasis/bottle,0
,,,,,,6,local.mqtt.telegraf,57,40.62,,periodic,,68,-15733,11,9,,,5,08a6f769c348,,0,273,677,08:A6:F7:69:C3:48,,15801,57,2,,59,,,986216,1782138301532,986222,1782138301538,,1782138301464,28,2026-06-22T14:25:01.9090441Z,134,,oasis/bottle,0
,,,,,,6,local.mqtt.telegraf,55,22.28,,periodic,,61,-9131,31,29,,,5,08a6f75abdf0,,0,274,683,08:A6:F7:5A:BD:F0,,9192,30,2,,32,,,986526,1782138301842,986532,1782138301848,,1782138301781,29,2026-06-22T14:25:02.2110574Z,135,,oasis/bottle,0
,,,,,,7,local.mqtt.telegraf,56,46.77,,periodic,,62,-2848,31,29,,,5,08a6f7bb3c68,,0,273,685,08:A6:F7:BB:3C:68,,2910,31,2,,33,,,987106,1782138302422,987113,1782138302429,,1782138302360,28,2026-06-22T14:25:02.7922245Z,136,,oasis/bottle,0
,,,,,,6,local.mqtt.telegraf,57,40.8,,periodic,,67,-16845,10,8,,,5,08a6f769c348,,0,273,678,08:A6:F7:69:C3:48,,16912,57,2,,59,,,987326,1782138302642,987332,1782138302648,,1782138302575,28,2026-06-22T14:25:03.0114185Z,134,,oasis/bottle,0
,,,,,,6,local.mqtt.telegraf,55,22.23,,periodic,,71,-10261,41,39,,,5,08a6f75abdf0,,0,274,684,08:A6:F7:5A:BD:F0,,10332,30,2,,32,,,987676,1782138302992,987682,1782138302998,,1782138302921,29,2026-06-22T14:25:03.3655136Z,135,,oasis/bottle,0
,,,,,,6,local.mqtt.telegraf,56,46.83,,periodic,,71,-4250,40,38,,,5,08a6f7bb3c68,,0,273,686,08:A6:F7:BB:3C:68,,4321,31,2,,33,,,988526,1782138303842,988532,1782138303848,,1782138303771,28,2026-06-22T14:25:04.2142144Z,136,,oasis/bottle,0
,,,,,,6,local.mqtt.telegraf,55,22.27,,periodic,,61,-11351,31,29,,,5,08a6f75abdf0,,0,274,685,08:A6:F7:5A:BD:F0,,11412,30,2,,32,,,988746,1782138304062,988752,1782138304068,,1782138304001,29,2026-06-22T14:25:04.4318425Z,135,,oasis/bottle,0
,,,,,,6,local.mqtt.telegraf,57,40.67,,periodic,,68,-18473,11,9,,,5,08a6f769c348,,0,273,679,08:A6:F7:69:C3:48,,18541,57,2,,59,,,988956,1782138304272,988962,1782138304278,,1782138304204,28,2026-06-22T14:25:04.6460351Z,134,,oasis/bottle,0
,,,,,,7,local.mqtt.telegraf,56,46.65,,periodic,,62,-5878,31,29,,,5,08a6f7bb3c68,,0,273,687,08:A6:F7:BB:3C:68,,5940,31,2,,33,,,990136,1782138305452,990142,1782138305459,,1782138305390,28,2026-06-22T14:25:05.8256232Z,136,,oasis/bottle,0
,,,,,,6,local.mqtt.telegraf,55,22.17,,periodic,,71,-12901,41,39,,,5,08a6f75abdf0,,0,273,686,08:A6:F7:5A:BD:F0,,12972,30,2,,32,,,990316,1782138305632,990322,1782138305638,,1782138305561,29,2026-06-22T14:25:06.0080678Z,135,,oasis/bottle,0
,,,,,,6,local.mqtt.telegraf,57,40.8,,periodic,,69,-19912,12,10,,,5,08a6f769c348,,0,273,680,08:A6:F7:69:C3:48,,19981,57,2,,59,,,990396,1782138305713,990403,1782138305719,,1782138305644,28,2026-06-22T14:25:06.055316Z,134,,oasis/bottle,0
,,,,,,5,local.mqtt.telegraf,57,40.66,,periodic,,76,-795,56,53,,,5,08a6f769c348,,0,273,681,08:A6:F7:69:C3:48,,871,20,2,,23,,,991486,1782138306802,991491,1782138306807,,1782138306726,28,2026-06-22T14:25:07.176918Z,137,,oasis/bottle,0
,,,,,,6,local.mqtt.telegraf,56,46.89,,periodic,,71,-7300,40,38,,,5,08a6f7bb3c68,,0,273,688,08:A6:F7:BB:3C:68,,7371,31,2,,33,,,991576,1782138306892,991582,1782138306898,,1782138306821,28,2026-06-22T14:25:07.2379432Z,136,,oasis/bottle,0
,,,,,,6,local.mqtt.telegraf,55,22.32,,periodic,,62,-14230,32,30,,,5,08a6f75abdf0,,0,273,687,08:A6:F7:5A:BD:F0,,14292,30,2,,32,,,991627,1782138306943,991633,1782138306949,,1782138306881,29,2026-06-22T14:25:07.291279Z,135,,oasis/bottle,0
,,,,,,6,local.mqtt.telegraf,56,46.89,,periodic,,62,-8378,31,29,,,5,08a6f7bb3c68,,0,273,689,08:A6:F7:BB:3C:68,,8440,31,2,,33,,,992636,1782138307952,992642,1782138307958,,1782138307890,28,2026-06-22T14:25:08.3154151Z,136,,oasis/bottle,0
,,,,,,6,local.mqtt.telegraf,55,22.27,,periodic,,61,-15661,31,29,,,5,08a6f75abdf0,,0,273,688,08:A6:F7:5A:BD:F0,,15722,30,2,,32,,,993056,1782138308372,993062,1782138308378,,1782138308311,29,2026-06-22T14:25:08.7049634Z,135,,oasis/bottle,0
,,,,,,5,local.mqtt.telegraf,57,40.83,,periodic,,73,-2397,53,50,,,5,08a6f769c348,,0,273,682,08:A6:F7:69:C3:48,,2470,20,2,,23,,,993082,1782138308398,993087,1782138308403,,1782138308325,28,2026-06-22T14:25:08.7495655Z,137,,oasis/bottle,0
,,,,,,6,local.mqtt.telegraf,55,22.23,,periodic,,71,-16711,41,39,,,5,08a6f75abdf0,,0,274,689,08:A6:F7:5A:BD:F0,,16782,30,2,,32,,,994126,1782138309442,994132,1782138309448,,1782138309371,29,2026-06-22T14:25:09.8036575Z,135,,oasis/bottle,0
,,,,,,6,local.mqtt.telegraf,56,46.94,,periodic,,72,-9898,41,39,,,5,08a6f7bb3c68,,0,273,690,08:A6:F7:BB:3C:68,,9970,31,2,,33,,,994176,1782138309492,994182,1782138309498,,1782138309420,28,2026-06-22T14:25:09.8421096Z,136,,oasis/bottle,0
,,,,,,6,local.mqtt.telegraf,57,40.8,,periodic,,66,-3765,46,43,,,5,08a6f769c348,,0,273,683,08:A6:F7:69:C3:48,,3831,20,2,,23,,,994436,1782138309752,994442,1782138309758,,1782138309686,28,2026-06-22T14:25:10.1423425Z,137,,oasis/bottle,0
,,,,,,6,local.mqtt.telegraf,56,46.98,,periodic,,62,-11178,31,29,,,5,08a6f7bb3c68,,0,273,691,08:A6:F7:BB:3C:68,,11240,31,2,,33,,,995436,1782138310752,995442,1782138310758,,1782138310690,28,2026-06-22T14:25:11.1294374Z,136,,oasis/bottle,0
,,,,,,6,local.mqtt.telegraf,55,22.13,,periodic,,62,-18240,32,30,,,5,08a6f75abdf0,,0,274,690,08:A6:F7:5A:BD:F0,,18302,30,2,,32,,,995637,1782138310953,995643,1782138310959,,1782138310891,29,2026-06-22T14:25:11.3039863Z,135,,oasis/bottle,0
,,,,,,6,local.mqtt.telegraf,57,40.75,,periodic,,67,-5293,47,44,,,5,08a6f769c348,,0,273,684,08:A6:F7:69:C3:48,,5360,20,2,,23,,,995966,1782138311282,995972,1782138311288,,1782138311215,28,2026-06-22T14:25:11.6379278Z,137,,oasis/bottle,0
,,,,,,6,local.mqtt.telegraf,56,46.87,,periodic,,71,-12490,40,38,,,5,08a6f7bb3c68,,0,273,692,08:A6:F7:BB:3C:68,,12561,31,2,,33,,,996766,1782138312082,996772,1782138312088,,1782138312011,28,2026-06-22T14:25:12.4551718Z,136,,oasis/bottle,0
,,,,,,7,local.mqtt.telegraf,55,22.13,,periodic,,71,-19471,41,39,,,5,08a6f75abdf0,,0,274,691,08:A6:F7:5A:BD:F0,,19542,30,2,,32,,,996886,1782138312202,996893,1782138312209,,1782138312131,29,2026-06-22T14:25:12.5709783Z,135,,oasis/bottle,0
,,,,,,6,local.mqtt.telegraf,57,40.74,,periodic,,66,-6535,46,43,,,5,08a6f769c348,,0,273,685,08:A6:F7:69:C3:48,,6601,20,2,,23,,,997206,1782138312522,997212,1782138312528,,1782138312456,28,2026-06-22T14:25:12.8980349Z,137,,oasis/bottle,0
,,,,,,6,local.mqtt.telegraf,55,22.19,,periodic,,70,-541,39,37,,,5,08a6f75abdf0,,0,274,692,08:A6:F7:5A:BD:F0,,611,31,2,,33,,,998165,1782138313481,998171,1782138313487,,1782138313411,29,2026-06-22T14:25:13.8379083Z,138,,oasis/bottle,0
,,,,,,6,local.mqtt.telegraf,56,46.98,,periodic,,72,-13938,41,39,,,5,08a6f7bb3c68,,0,273,693,08:A6:F7:BB:3C:68,,14010,31,2,,33,,,998216,1782138313532,998222,1782138313538,,1782138313460,28,2026-06-22T14:25:13.8912139Z,136,,oasis/bottle,0
,,,,,,6,local.mqtt.telegraf,57,40.91,,periodic,,67,-7823,47,44,,,5,08a6f769c348,,0,273,686,08:A6:F7:69:C3:48,,7890,20,2,,23,,,998496,1782138313812,998502,1782138313818,,1782138313745,28,2026-06-22T14:25:14.1765737Z,137,,oasis/bottle,0
,,,,,,7,local.mqtt.telegraf,56,46.87,,periodic,,61,-15050,30,28,,,5,08a6f7bb3c68,,0,273,694,08:A6:F7:BB:3C:68,,15111,31,2,,33,,,999306,1782138314622,999313,1782138314629,,1782138314561,28,2026-06-22T14:25:14.9975545Z,136,,oasis/bottle,0
,,,,,,6,local.mqtt.telegraf,55,22.09,,periodic,,61,-1910,30,28,,,5,08a6f75abdf0,,0,274,693,08:A6:F7:5A:BD:F0,,1971,31,2,,33,,,999516,1782138314832,999522,1782138314838,,1782138314771,29,2026-06-22T14:25:15.2059253Z,138,,oasis/bottle,0
,,,,,,7,local.mqtt.telegraf,57,40.66,,periodic,,66,-9195,46,43,,,5,08a6f769c348,,0,273,687,08:A6:F7:69:C3:48,,9261,20,2,,23,,,999866,1782138315182,999873,1782138315189,,1782138315116,28,2026-06-22T14:25:15.5713133Z,137,,oasis/bottle,0
,,,,,,6,local.mqtt.telegraf,56,46.94,,periodic,,62,-16639,31,29,,,5,08a6f7bb3c68,,0,273,695,08:A6:F7:BB:3C:68,,16701,31,2,,33,,,1000897,1782138316213,1000903,1782138316219,,1782138316151,28,2026-06-22T14:25:16.5950572Z,136,,oasis/bottle,0
,,,,,,7,local.mqtt.telegraf,55,22.17,,periodic,,71,-3410,40,38,,,5,08a6f75abdf0,,0,274,694,08:A6:F7:5A:BD:F0,,3481,31,2,,33,,,1001036,1782138316352,1001043,1782138316359,,1782138316281,29,2026-06-22T14:25:16.7396062Z,138,,oasis/bottle,0
,,,,,,6,local.mqtt.telegraf,57,40.71,,periodic,,67,-10743,47,44,,,5,08a6f769c348,,0,273,688,08:A6:F7:69:C3:48,,10810,20,2,,23,,,1001416,1782138316732,1001422,1782138316738,,1782138316665,28,2026-06-22T14:25:17.0953656Z,137,,oasis/bottle,0
,,,,,,6,local.mqtt.telegraf,55,22.09,,periodic,,81,-4620,50,48,,,5,08a6f75abdf0,,0,274,695,08:A6:F7:5A:BD:F0,,4701,31,2,,33,,,1002266,1782138317582,1002272,1782138317588,,1782138317501,29,2026-06-22T14:25:17.9239464Z,138,,oasis/bottle,0
,,,,,,6,local.mqtt.telegraf,56,46.93,,periodic,,78,-18002,47,45,,,5,08a6f7bb3c68,,0,273,696,08:A6:F7:BB:3C:68,,18080,31,2,,33,,,1002292,1782138317608,1002298,1782138317614,,1782138317530,28,2026-06-22T14:25:17.9628748Z,136,,oasis/bottle,0
,,,,,,6,local.mqtt.telegraf,57,40.66,,periodic,,66,-12025,46,43,,,5,08a6f769c348,,0,273,689,08:A6:F7:69:C3:48,,12091,20,2,,23,,,1002696,1782138318012,1002702,1782138318018,,1782138317946,28,2026-06-22T14:25:18.385419Z,137,,oasis/bottle,0
,,,,,,6,local.mqtt.telegraf,55,22.12,,periodic,,61,-5910,30,28,,,5,08a6f75abdf0,,0,274,696,08:A6:F7:5A:BD:F0,,5971,31,2,,33,,,1003516,1782138318832,1003522,1782138318838,,1782138318771,29,2026-06-22T14:25:19.20624Z,138,,oasis/bottle,0
,,,,,,6,local.mqtt.telegraf,56,46.82,,periodic,,62,-19579,31,29,,,5,08a6f7bb3c68,,0,273,697,08:A6:F7:BB:3C:68,,19641,31,2,,33,,,1003837,1782138319153,1003843,1782138319159,,1782138319091,28,2026-06-22T14:25:19.5239662Z,136,,oasis/bottle,0
,,,,,,6,local.mqtt.telegraf,57,40.62,,periodic,,67,-13393,47,44,,,5,08a6f769c348,,0,273,690,08:A6:F7:69:C3:48,,13460,20,2,,23,,,1004066,1782138319382,1004072,1782138319388,,1782138319315,28,2026-06-22T14:25:19.7383964Z,137,,oasis/bottle,0
,,,,,,6,local.mqtt.telegraf,55,22.23,,periodic,,70,-7201,39,37,,,5,08a6f75abdf0,,0,274,697,08:A6:F7:5A:BD:F0,,7271,31,2,,33,,,1004825,1782138320141,1004831,1782138320147,,1782138320071,29,2026-06-22T14:25:20.5050154Z,138,,oasis/bottle,0
,,,,,,6,local.mqtt.telegraf,56,46.67,,periodic,,71,-670,40,38,,,5,08a6f7bb3c68,,0,273,698,08:A6:F7:BB:3C:68,,741,31,2,,33,,,1005156,1782138320472,1005162,1782138320478,,1782138320401,28,2026-06-22T14:25:20.8547734Z,139,,oasis/bottle,0
,,,,,,6,local.mqtt.telegraf,57,40.82,,periodic,,66,-14925,46,43,,,5,08a6f769c348,,0,273,691,08:A6:F7:69:C3:48,,14991,20,2,,23,,,1005596,1782138320912,1005602,1782138320918,,1782138320846,28,2026-06-22T14:25:21.2905334Z,137,,oasis/bottle,0
,,,,,,6,local.mqtt.telegraf,55,22.31,,periodic,,61,-8620,30,28,,,5,08a6f75abdf0,,0,274,698,08:A6:F7:5A:BD:F0,,8681,31,2,,33,,,1006226,1782138321542,1006232,1782138321548,,1782138321481,29,2026-06-22T14:25:21.9292307Z,138,,oasis/bottle,0
,,,,,,7,local.mqtt.telegraf,56,46.81,,periodic,,61,-2110,30,28,,,5,08a6f7bb3c68,,0,273,699,08:A6:F7:BB:3C:68,,2171,31,2,,33,,,1006576,1782138321892,1006583,1782138321899,,1782138321831,28,2026-06-22T14:25:22.2551275Z,139,,oasis/bottle,0
,,,,,,6,local.mqtt.telegraf,57,40.64,,periodic,,67,-16193,47,44,,,5,08a6f769c348,,0,273,692,08:A6:F7:69:C3:48,,16260,20,2,,23,,,1006866,1782138322182,1006872,1782138322188,,1782138322115,28,2026-06-22T14:25:22.5542341Z,137,,oasis/bottle,0
,,,,,,6,local.mqtt.telegraf,56,46.63,,periodic,,72,-3148,41,39,,,5,08a6f7bb3c68,,0,273,700,08:A6:F7:BB:3C:68,,3220,31,2,,33,,,1007636,1782138322952,1007642,1782138322958,,1782138322880,28,2026-06-22T14:25:23.3038555Z,139,,oasis/bottle,0
,,,,,,6,local.mqtt.telegraf,55,22.21,,periodic,,61,-10220,30,28,,,5,08a6f75abdf0,,0,274,699,08:A6:F7:5A:BD:F0,,10281,31,2,,33,,,1007826,1782138323142,1007832,1782138323148,,1782138323081,29,2026-06-22T14:25:23.5076101Z,138,,oasis/bottle,0
,,,,,,6,local.mqtt.telegraf,57,40.76,,periodic,,66,-17515,46,43,,,5,08a6f769c348,,0,273,693,08:A6:F7:69:C3:48,,17581,20,2,,23,,,1008186,1782138323502,1008192,1782138323508,,1782138323436,28,2026-06-22T14:25:23.8690119Z,137,,oasis/bottle,0
,,,,,,6,local.mqtt.telegraf,56,46.91,,periodic,,62,-4658,31,29,,,5,08a6f7bb3c68,,0,273,701,08:A6:F7:BB:3C:68,,4720,31,2,,33,,,1009126,1782138324442,1009132,1782138324448,,1782138324380,28,2026-06-22T14:25:24.8128798Z,139,,oasis/bottle,0
,,,,,,6,local.mqtt.telegraf,55,22.19,,periodic,,71,-11610,40,38,,,5,08a6f75abdf0,,0,274,700,08:A6:F7:5A:BD:F0,,11681,31,2,,33,,,1009236,1782138324552,1009242,1782138324558,,1782138324481,29,2026-06-22T14:25:24.8649915Z,138,,oasis/bottle,0
,,,,,,14,local.mqtt.telegraf,57,40.66,,periodic,,67,-18953,47,44,,,5,08a6f769c348,,0,273,694,08:A6:F7:69:C3:48,,19020,20,2,,23,,,1009626,1782138324942,1009640,1782138324956,,1782138324875,28,2026-06-22T14:25:25.3212982Z,137,,oasis/bottle,0
,,,,,,6,local.mqtt.telegraf,56,46.63,,periodic,,71,-5840,40,38,,,5,08a6f7bb3c68,,0,273,702,08:A6:F7:BB:3C:68,,5911,31,2,,33,,,1010326,1782138325642,1010332,1782138325648,,1782138325571,28,2026-06-22T14:25:26.0106158Z,139,,oasis/bottle,0
,,,,,,6,local.mqtt.telegraf,57,40.82,,periodic,,66,-20045,46,43,,,5,08a6f769c348,,0,273,695,08:A6:F7:69:C3:48,,20111,20,2,,23,,,1010716,1782138326032,1010722,1782138326038,,1782138325966,28,2026-06-22T14:25:26.4105795Z,137,,oasis/bottle,0
,,,,,,11,local.mqtt.telegraf,55,22.17,,periodic,,61,-13230,30,28,,,5,08a6f75abdf0,,0,274,701,08:A6:F7:5A:BD:F0,,13291,31,2,,33,,,1010836,1782138326152,1010847,1782138326163,,1782138326091,29,2026-06-22T14:25:26.537495Z,138,,oasis/bottle,0
,,,,,,6,local.mqtt.telegraf,56,46.51,,periodic,,62,-7038,31,29,,,5,08a6f7bb3c68,,0,273,703,08:A6:F7:BB:3C:68,,7100,31,2,,33,,,1011506,1782138326822,1011512,1782138326828,,1782138326760,28,2026-06-22T14:25:27.201198Z,139,,oasis/bottle,0
,,,,,,6,local.mqtt.telegraf,55,22.23,,periodic,,71,-14630,40,38,,,5,08a6f75abdf0,,0,274,702,08:A6:F7:5A:BD:F0,,14701,31,2,,33,,,1012256,1782138327572,1012262,1782138327578,,1782138327501,29,2026-06-22T14:25:27.9080112Z,138,,oasis/bottle,0
,,,,,,6,local.mqtt.telegraf,56,40.68,,periodic,,63,-1388,32,30,,,5,08a6f769c348,,0,273,696,08:A6:F7:69:C3:48,,1451,31,2,,33,,,1012283,1782138327599,1012289,1782138327605,,1782138327536,28,2026-06-22T14:25:27.9522525Z,140,,oasis/bottle,0
,,,,,,7,local.mqtt.telegraf,56,46.91,,periodic,,62,-8208,31,29,,,5,08a6f7bb3c68,,0,273,704,08:A6:F7:BB:3C:68,,8270,31,2,,33,,,1012676,1782138327992,1012683,1782138327999,,1782138327930,28,2026-06-22T14:25:28.3546915Z,139,,oasis/bottle,0
,,,,,,7,local.mqtt.telegraf,57,40.68,,periodic,,67,-2723,36,34,,,5,08a6f769c348,,0,273,697,08:A6:F7:69:C3:48,,2790,31,2,,33,,,1013626,1782138328942,1013633,1782138328949,,1782138328875,28,2026-06-22T14:25:29.3205348Z,140,,oasis/bottle,0
,,,,,,6,local.mqtt.telegraf,56,46.87,,periodic,,72,-9338,41,39,,,5,08a6f7bb3c68,,0,273,705,08:A6:F7:BB:3C:68,,9410,31,2,,33,,,1013826,1782138329142,1013832,1782138329148,,1782138329070,28,2026-06-22T14:25:29.511507Z,139,,oasis/bottle,0
,,,,,,6,local.mqtt.telegraf,55,22.13,,periodic,,62,-16279,31,29,,,5,08a6f75abdf0,,0,274,703,08:A6:F7:5A:BD:F0,,16341,31,2,,33,,,1013887,1782138329203,1013893,1782138329209,,1782138329141,29,2026-06-22T14:25:29.5720756Z,138,,oasis/bottle,0
,,,,,,6,local.mqtt.telegraf,56,46.94,,periodic,,71,-10410,40,38,,,5,08a6f7bb3c68,,0,273,706,08:A6:F7:BB:3C:68,,10481,31,2,,33,,,1014896,1782138330212,1014902,1782138330218,,1782138330141,28,2026-06-22T14:25:30.5892065Z,139,,oasis/bottle,0
,,,,,,6,local.mqtt.telegraf,57,40.87,,periodic,,67,-4213,36,34,,,5,08a6f769c348,,0,273,698,08:A6:F7:69:C3:48,,4280,31,2,,33,,,1015116,1782138330432,1015122,1782138330438,,1782138330365,28,2026-06-22T14:25:30.8007245Z,140,,oasis/bottle,0
,,,,,,7,local.mqtt.telegraf,55,22.26,,periodic,,62,-17729,31,29,,,5,08a6f75abdf0,,0,274,704,08:A6:F7:5A:BD:F0,,17791,31,2,,33,,,1015337,1782138330653,1015344,1782138330660,,1782138330591,29,2026-06-22T14:25:31.0276734Z,138,,oasis/bottle,0
,,,,,,6,local.mqtt.telegraf,57,40.48,,periodic,,67,-5373,36,34,,,5,08a6f769c348,,0,273,699,08:A6:F7:69:C3:48,,5440,31,2,,33,,,1016276,1782138331592,1016282,1782138331598,,1782138331525,28,2026-06-22T14:25:31.9625223Z,140,,oasis/bottle,0
,,,,,,6,local.mqtt.telegraf,55,22.13,,periodic,,71,-18820,40,38,,,5,08a6f75abdf0,,0,273,705,08:A6:F7:5A:BD:F0,,18891,31,2,,33,,,1016446,1782138331762,1016452,1782138331768,,1782138331691,29,2026-06-22T14:25:32.0999008Z,138,,oasis/bottle,0
,,,,,,6,local.mqtt.telegraf,56,46.7,,periodic,,86,-11955,55,53,,,5,08a6f7bb3c68,,0,274,707,08:A6:F7:BB:3C:68,,12041,31,2,,33,,,1016471,1782138331787,1016477,1782138331793,,1782138331701,28,2026-06-22T14:25:32.1395498Z,139,,oasis/bottle,1
,,,,,,6,local.mqtt.telegraf,56,40.62,,periodic,,68,-6492,37,35,,,5,08a6f769c348,,0,273,700,08:A6:F7:69:C3:48,,6560,31,2,,33,,,1017396,1782138332713,1017403,1782138332719,,1782138332645,28,2026-06-22T14:25:33.0878132Z,140,,oasis/bottle,0
,,,,,,6,local.mqtt.telegraf,56,46.49,,periodic,,71,-13269,40,38,,,5,08a6f7bb3c68,,0,273,708,08:A6:F7:BB:3C:68,,13340,31,2,,33,,,1017755,1782138333071,1017761,1782138333077,,1782138333000,28,2026-06-22T14:25:33.4527782Z,139,,oasis/bottle,0
,,,,,,6,local.mqtt.telegraf,55,22.31,,periodic,,66,-261,26,24,,,5,08a6f75abdf0,,0,274,706,08:A6:F7:5A:BD:F0,,327,40,2,,42,,,1018096,1782138333412,1018102,1782138333418,,1782138333346,29,2026-06-22T14:25:33.7782002Z,141,,oasis/bottle,0
,,,,,,6,local.mqtt.telegraf,57,40.62,,periodic,,67,-7543,36,34,,,5,08a6f769c348,,0,273,701,08:A6:F7:69:C3:48,,7610,31,2,,33,,,1018446,1782138333762,1018452,1782138333768,,1782138333695,28,2026-06-22T14:25:34.1425833Z,140,,oasis/bottle,0
,,,,,,7,local.mqtt.telegraf,56,46.73,,periodic,,62,-14688,31,29,,,5,08a6f7bb3c68,,0,273,709,08:A6:F7:BB:3C:68,,14750,31,2,,33,,,1019156,1782138334472,1019163,1782138334479,,1782138334410,28,2026-06-22T14:25:34.8398036Z,139,,oasis/bottle,0
,,,,,,6,local.mqtt.telegraf,55,22.15,,periodic,,71,-1711,31,29,,,5,08a6f75abdf0,,0,274,707,08:A6:F7:5A:BD:F0,,1782,40,2,,42,,,1019556,1782138334872,1019562,1782138334878,,1782138334801,29,2026-06-22T14:25:35.2423625Z,141,,oasis/bottle,0
,,,,,,6,local.mqtt.telegraf,57,40.53,,periodic,,75,-9025,44,42,,,5,08a6f769c348,,0,273,702,08:A6:F7:69:C3:48,,9100,31,2,,33,,,1019944,1782138335260,1019950,1782138335266,,1782138335185,28,2026-06-22T14:25:35.6504316Z,140,,oasis/bottle,0
,,,,,,6,local.mqtt.telegraf,55,22.15,,periodic,,61,-2831,21,19,,,5,08a6f75abdf0,,0,274,708,08:A6:F7:5A:BD:F0,,2892,40,2,,42,,,1020656,1782138335972,1020662,1782138335978,,1782138335911,29,2026-06-22T14:25:36.3380434Z,141,,oasis/bottle,0
,,,,,,7,local.mqtt.telegraf,56,46.89,,periodic,,72,-16288,41,39,,,5,08a6f7bb3c68,,0,273,710,08:A6:F7:BB:3C:68,,16360,31,2,,33,,,1020776,1782138336092,1020783,1782138336099,,1782138336020,28,2026-06-22T14:25:36.471081Z,139,,oasis/bottle,0
,,,,,,6,local.mqtt.telegraf,57,40.6,,periodic,,77,-10193,46,44,,,5,08a6f769c348,,0,273,703,08:A6:F7:69:C3:48,,10270,31,2,,33,,,1021116,1782138336432,1021122,1782138336438,,1782138336355,28,2026-06-22T14:25:36.8059784Z,140,,oasis/bottle,0
,,,,,,7,local.mqtt.telegraf,56,46.87,,periodic,,62,-17718,31,29,,,5,08a6f7bb3c68,,0,273,711,08:A6:F7:BB:3C:68,,17780,31,2,,33,,,1022186,1782138337502,1022192,1782138337509,,1782138337440,28,2026-06-22T14:25:37.8653253Z,139,,oasis/bottle,0
,,,,,,9,local.mqtt.telegraf,57,40.6,,periodic,,67,-11353,36,34,,,5,08a6f769c348,,0,273,704,08:A6:F7:69:C3:48,,11420,31,2,,33,,,1022256,1782138337572,1022265,1782138337581,,1782138337505,28,2026-06-22T14:25:37.9250325Z,140,,oasis/bottle,0
,,,,,,6,local.mqtt.telegraf,55,22.15,,periodic,,71,-4451,31,29,,,5,08a6f75abdf0,,0,274,709,08:A6:F7:5A:BD:F0,,4522,40,2,,42,,,1022296,1782138337612,1022302,1782138337618,,1782138337541,29,2026-06-22T14:25:37.9854634Z,141,,oasis/bottle,0
,,,,,,6,local.mqtt.telegraf,57,40.79,,periodic,,67,-12443,36,34,,,5,08a6f769c348,,0,273,705,08:A6:F7:69:C3:48,,12510,31,2,,33,,,1023346,1782138338662,1023352,1782138338668,,1782138338595,28,2026-06-22T14:25:39.0473563Z,140,,oasis/bottle,0
,,,,,,6,local.mqtt.telegraf,55,22.04,,periodic,,61,-5911,21,19,,,5,08a6f75abdf0,,0,274,710,08:A6:F7:5A:BD:F0,,5972,40,2,,42,,,1023736,1782138339052,1023742,1782138339058,,1782138338991,29,2026-06-22T14:25:39.4205995Z,141,,oasis/bottle,0
,,,,,,6,local.mqtt.telegraf,56,46.63,,periodic,,72,-19338,41,39,,,5,08a6f7bb3c68,,0,273,712,08:A6:F7:BB:3C:68,,19410,31,2,,33,,,1023826,1782138339142,1023832,1782138339148,,1782138339070,28,2026-06-22T14:25:39.4875786Z,139,,oasis/bottle,0
,,,,,,5,local.mqtt.telegraf,55,22.01,,periodic,,61,-6991,21,19,,,5,08a6f75abdf0,,0,274,711,08:A6:F7:5A:BD:F0,,7052,40,2,,42,,,1024815,1782138340132,1024821,1782138340137,,1782138340071,29,2026-06-22T14:25:40.5171668Z,141,,oasis/bottle,0
,,,,,,6,local.mqtt.telegraf,57,40.6,,periodic,,76,-14015,45,43,,,5,08a6f769c348,,0,273,706,08:A6:F7:69:C3:48,,14091,31,2,,33,,,1024936,1782138340252,1024942,1782138340258,,1782138340176,28,2026-06-22T14:25:40.6396812Z,140,,oasis/bottle,0
,,,,,,6,local.mqtt.telegraf,56,46.19,,periodic,,71,-600,40,38,,,5,08a6f7bb3c68,,0,274,713,08:A6:F7:BB:3C:68,,671,31,2,,33,,,1025296,1782138340612,1025302,1782138340618,,1782138340541,28,2026-06-22T14:25:40.9733794Z,142,,oasis/bottle,0
,,,,,,6,local.mqtt.telegraf,57,40.44,,periodic,,66,-15395,35,33,,,5,08a6f769c348,,0,273,707,08:A6:F7:69:C3:48,,15461,31,2,,33,,,1026296,1782138341612,1026302,1782138341618,,1782138341546,28,2026-06-22T14:25:41.9780639Z,140,,oasis/bottle,0
,,,,,,6,local.mqtt.telegraf,55,22.21,,periodic,,62,-8550,22,20,,,5,08a6f75abdf0,,0,274,712,08:A6:F7:5A:BD:F0,,8612,40,2,,42,,,1026377,1782138341693,1026383,1782138341699,,1782138341631,29,2026-06-22T14:25:42.0370116Z,141,,oasis/bottle,0
,,,,,,6,local.mqtt.telegraf,56,46.35,,periodic,,74,-1726,43,41,,,5,08a6f7bb3c68,,0,273,714,08:A6:F7:BB:3C:68,,1800,31,2,,33,,,1026428,1782138341744,1026434,1782138341750,,1782138341670,28,2026-06-22T14:25:42.097577Z,142,,oasis/bottle,0
,,,,,,7,local.mqtt.telegraf,56,46.19,,periodic,,62,-2808,31,29,,,5,08a6f7bb3c68,,0,273,715,08:A6:F7:BB:3C:68,,2870,31,2,,33,,,1027486,1782138342802,1027493,1782138342809,,1782138342740,28,2026-06-22T14:25:43.1675055Z,142,,oasis/bottle,0
,,,,,,6,local.mqtt.telegraf,55,22.09,,periodic,,61,-9871,21,19,,,5,08a6f75abdf0,,0,273,713,08:A6:F7:5A:BD:F0,,9932,40,2,,42,,,1027696,1782138343012,1027702,1782138343018,,1782138342951,29,2026-06-22T14:25:43.3863089Z,141,,oasis/bottle,0
,,,,,,7,local.mqtt.telegraf,57,40.64,,periodic,,66,-16915,35,33,,,5,08a6f769c348,,0,273,708,08:A6:F7:69:C3:48,,16981,31,2,,33,,,1027816,1782138343132,1027823,1782138343139,,1782138343066,28,2026-06-22T14:25:43.5031142Z,140,,oasis/bottle,0
,,,,,,6,local.mqtt.telegraf,56,46.35,,periodic,,71,-4319,40,38,,,5,08a6f7bb3c68,,0,273,716,08:A6:F7:BB:3C:68,,4390,31,2,,33,,,1029014,1782138344331,1029021,1782138344337,,1782138344260,28,2026-06-22T14:25:44.7003312Z,142,,oasis/bottle,0
,,,,,,6,local.mqtt.telegraf,57,40.62,,periodic,,77,-18144,46,44,,,5,08a6f769c348,,0,273,709,08:A6:F7:69:C3:48,,18221,31,2,,33,,,1029066,1782138344383,1029073,1782138344389,,1782138344306,28,2026-06-22T14:25:44.7543088Z,140,,oasis/bottle,0
,,,,,,9,local.mqtt.telegraf,55,22.13,,periodic,,61,-11311,21,19,,,5,08a6f75abdf0,,0,274,714,08:A6:F7:5A:BD:F0,,11372,40,2,,42,,,1029136,1782138344452,1029145,1782138344461,,1782138344391,29,2026-06-22T14:25:44.8022589Z,141,,oasis/bottle,0
,,,,,,6,local.mqtt.telegraf,55,22.12,,periodic,,71,-12381,31,29,,,5,08a6f75abdf0,,0,274,715,08:A6:F7:5A:BD:F0,,12452,40,2,,42,,,1030226,1782138345542,1030232,1782138345548,,1782138345471,29,2026-06-22T14:25:45.8914105Z,141,,oasis/bottle,0
,,,,,,11,local.mqtt.telegraf,56,46.16,,periodic,,69,-5561,38,36,,,5,08a6f7bb3c68,,0,273,717,08:A6:F7:BB:3C:68,,5630,31,2,,33,,,1030253,1782138345569,1030264,1782138345580,,1782138345500,28,2026-06-22T14:25:45.9360847Z,142,,oasis/bottle,0
,,,,,,6,local.mqtt.telegraf,57,40.59,,periodic,,67,-19444,36,34,,,5,08a6f769c348,,0,273,710,08:A6:F7:69:C3:48,,19511,31,2,,33,,,1030347,1782138345663,1030353,1782138345669,,1782138345596,28,2026-06-22T14:25:46.0572221Z,140,,oasis/bottle,0
,,,,,,6,local.mqtt.telegraf,56,45.97,,periodic,,62,-6858,31,29,,,5,08a6f7bb3c68,,0,273,718,08:A6:F7:BB:3C:68,,6920,31,2,,33,,,1031536,1782138346852,1031542,1782138346858,,1782138346790,28,2026-06-22T14:25:47.2490401Z,142,,oasis/bottle,0
,,,,,,6,local.mqtt.telegraf,57,40.55,,periodic,,67,-624,46,44,,,5,08a6f769c348,,0,274,711,08:A6:F7:69:C3:48,,691,21,2,,23,,,1031726,1782138347043,1031733,1782138347049,,1782138346976,28,2026-06-22T14:25:47.4194686Z,143,,oasis/bottle,0
,,,,,,6,local.mqtt.telegraf,55,22.12,,periodic,,61,-13961,21,19,,,5,08a6f75abdf0,,0,274,716,08:A6:F7:5A:BD:F0,,14022,40,2,,42,,,1031786,1782138347102,1031792,1782138347108,,1782138347041,29,2026-06-22T14:25:47.4790897Z,141,,oasis/bottle,0
,,,,,,6,local.mqtt.telegraf,56,46.24,,periodic,,71,-8250,40,38,,,5,08a6f7bb3c68,,0,273,719,08:A6:F7:BB:3C:68,,8321,31,2,,33,,,1032946,1782138348262,1032952,1782138348268,,1782138348191,28,2026-06-22T14:25:48.638443Z,142,,oasis/bottle,0
,,,,,,6,local.mqtt.telegraf,55,22.11,,periodic,,71,-15271,31,29,,,5,08a6f75abdf0,,0,273,717,08:A6:F7:5A:BD:F0,,15342,40,2,,42,,,1033116,1782138348432,1033122,1782138348438,,1782138348361,29,2026-06-22T14:25:48.8022766Z,141,,oasis/bottle,0
,,,,,,6,local.mqtt.telegraf,57,40.68,,periodic,,66,-2185,45,43,,,5,08a6f769c348,,0,273,712,08:A6:F7:69:C3:48,,2251,21,2,,23,,,1033286,1782138348602,1033292,1782138348608,,1782138348536,28,2026-06-22T14:25:48.9660913Z,143,,oasis/bottle,0
,,,,,,6,local.mqtt.telegraf,56,45.97,,periodic,,71,-9820,40,38,,,5,08a6f7bb3c68,,0,273,720,08:A6:F7:BB:3C:68,,9891,31,2,,33,,,1034516,1782138349832,1034522,1782138349838,,1782138349761,28,2026-06-22T14:25:50.1887892Z,142,,oasis/bottle,0
,,,,,,6,local.mqtt.telegraf,55,22.12,,periodic,,61,-16731,21,19,,,5,08a6f75abdf0,,0,274,718,08:A6:F7:5A:BD:F0,,16792,40,2,,42,,,1034556,1782138349872,1034562,1782138349878,,1782138349811,29,2026-06-22T14:25:50.2530202Z,141,,oasis/bottle,0
,,,,,,6,local.mqtt.telegraf,57,40.62,,periodic,,76,-3485,55,53,,,5,08a6f769c348,,0,274,713,08:A6:F7:69:C3:48,,3561,21,2,,23,,,1034606,1782138349922,1034612,1782138349928,,1782138349846,28,2026-06-22T14:25:50.2897496Z,143,,oasis/bottle,0
,,,,,,6,local.mqtt.telegraf,55,22.12,,periodic,,71,-17811,31,29,,,5,08a6f75abdf0,,0,274,719,08:A6:F7:5A:BD:F0,,17882,40,2,,42,,,1035656,1782138350972,1035662,1782138350978,,1782138350901,29,2026-06-22T14:25:51.34675Z,141,,oasis/bottle,0
,,,,,,6,local.mqtt.telegraf,56,46.14,,periodic,,71,-11150,40,38,,,5,08a6f7bb3c68,,0,274,721,08:A6:F7:BB:3C:68,,11221,31,2,,33,,,1035846,1782138351162,1035852,1782138351168,,1782138351091,28,2026-06-22T14:25:51.5406501Z,142,,oasis/bottle,0
,,,,,,7,local.mqtt.telegraf,57,40.56,,periodic,,66,-4915,45,43,,,5,08a6f769c348,,0,273,714,08:A6:F7:69:C3:48,,4981,21,2,,23,,,1036016,1782138351332,1036022,1782138351339,,1782138351266,28,2026-06-22T14:25:51.699021Z,143,,oasis/bottle,0
,,,,,,6,local.mqtt.telegraf,55,22.07,,periodic,,71,-19391,31,29,,,5,08a6f75abdf0,,0,274,720,08:A6:F7:5A:BD:F0,,19462,40,2,,42,,,1037236,1782138352552,1037242,1782138352558,,1782138352481,29,2026-06-22T14:25:52.9380727Z,141,,oasis/bottle,0
,,,,,,17,local.mqtt.telegraf,56,45.97,,periodic,,72,-12618,41,39,,,5,08a6f7bb3c68,,0,273,722,08:A6:F7:BB:3C:68,,12690,31,2,,33,,,1037315,1782138352632,1037333,1782138352649,,1782138352560,28,2026-06-22T14:25:52.9879945Z,142,,oasis/bottle,0
,,,,,,6,local.mqtt.telegraf,57,40.47,,periodic,,66,-6545,45,43,,,5,08a6f769c348,,0,274,715,08:A6:F7:69:C3:48,,6611,21,2,,23,,,1037646,1782138352962,1037652,1782138352968,,1782138352896,28,2026-06-22T14:25:53.337396Z,143,,oasis/bottle,0
,,,,,,6,local.mqtt.telegraf,56,46.2,,periodic,,70,-13741,39,37,,,5,08a6f7bb3c68,,0,273,723,08:A6:F7:BB:3C:68,,13811,31,2,,33,,,1038435,1782138353751,1038441,1782138353757,,1782138353681,28,2026-06-22T14:25:54.1251099Z,142,,oasis/bottle,0
,,,,,,7,local.mqtt.telegraf,55,22.13,,periodic,,61,-357,37,35,,,5,08a6f75abdf0,,0,274,721,08:A6:F7:5A:BD:F0,,418,24,2,,26,,,1038596,1782138353912,1038603,1782138353919,,1782138353851,29,2026-06-22T14:25:54.2874347Z,144,,oasis/bottle,0
,,,,,,6,local.mqtt.telegraf,57,40.53,,periodic,,66,-8005,45,43,,,5,08a6f769c348,,0,273,716,08:A6:F7:69:C3:48,,8071,21,2,,23,,,1039106,1782138354422,1039112,1782138354428,,1782138354356,28,2026-06-22T14:25:54.7980306Z,143,,oasis/bottle,0
,,,,,,6,local.mqtt.telegraf,56,46.16,,periodic,,62,-14799,31,29,,,5,08a6f7bb3c68,,0,273,724,08:A6:F7:BB:3C:68,,14861,31,2,,33,,,1039476,1782138354793,1039483,1782138354799,,1782138354731,28,2026-06-22T14:25:55.1866682Z,142,,oasis/bottle,0
,,,,,,6,local.mqtt.telegraf,55,21.96,,periodic,,71,-1867,47,45,,,5,08a6f75abdf0,,0,274,722,08:A6:F7:5A:BD:F0,,1938,24,2,,26,,,1040126,1782138355442,1040132,1782138355448,,1782138355371,29,2026-06-22T14:25:55.8118852Z,144,,oasis/bottle,0
,,,,,,6,local.mqtt.telegraf,57,40.62,,periodic,,76,-9115,55,53,,,5,08a6f769c348,,0,274,717,08:A6:F7:69:C3:48,,9191,21,2,,23,,,1040236,1782138355552,1040242,1782138355558,,1782138355476,28,2026-06-22T14:25:55.8745704Z,143,,oasis/bottle,0
,,,,,,6,local.mqtt.telegraf,56,46.19,,periodic,,63,-16287,32,30,,,5,08a6f7bb3c68,,0,273,725,08:A6:F7:BB:3C:68,,16350,31,2,,33,,,1040966,1782138356283,1040973,1782138356289,,1782138356220,28,2026-06-22T14:25:56.6411326Z,142,,oasis/bottle,0
,,,,,,6,local.mqtt.telegraf,57,40.36,,periodic,,66,-10175,45,43,,,5,08a6f769c348,,0,273,718,08:A6:F7:69:C3:48,,10241,21,2,,23,,,1041276,1782138356592,1041282,1782138356598,,1782138356526,28,2026-06-22T14:25:56.9680316Z,143,,oasis/bottle,0
,,,,,,6,local.mqtt.telegraf,55,22.13,,periodic,,61,-3127,37,35,,,5,08a6f75abdf0,,0,274,723,08:A6:F7:5A:BD:F0,,3188,24,2,,26,,,1041366,1782138356682,1041372,1782138356688,,1782138356621,29,2026-06-22T14:25:57.0188763Z,144,,oasis/bottle,0
,,,,,,6,local.mqtt.telegraf,56,46.35,,periodic,,72,-17458,41,39,,,5,08a6f7bb3c68,,0,273,726,08:A6:F7:BB:3C:68,,17530,31,2,,33,,,1042156,1782138357472,1042162,1782138357478,,1782138357400,28,2026-06-22T14:25:57.8463759Z,142,,oasis/bottle,0
,,,,,,6,local.mqtt.telegraf,55,22.13,,periodic,,62,-4416,38,36,,,5,08a6f75abdf0,,0,274,724,08:A6:F7:5A:BD:F0,,4478,24,2,,26,,,1042657,1782138357973,1042663,1782138357979,,1782138357911,29,2026-06-22T14:25:58.3399458Z,144,,oasis/bottle,0
,,,,,,6,local.mqtt.telegraf,57,40.62,,periodic,,66,-11655,45,43,,,5,08a6f769c348,,0,274,719,08:A6:F7:69:C3:48,,11721,21,2,,23,,,1042756,1782138358072,1042762,1782138358078,,1782138358006,28,2026-06-22T14:25:58.4039469Z,143,,oasis/bottle,0
,,,,,,6,local.mqtt.telegraf,56,46.22,,periodic,,72,-18628,41,39,,,5,08a6f7bb3c68,,0,273,727,08:A6:F7:BB:3C:68,,18700,31,2,,33,,,1043326,1782138358642,1043332,1782138358648,,1782138358570,28,2026-06-22T14:25:59.0276354Z,142,,oasis/bottle,0
,,,,,,6,local.mqtt.telegraf,57,40.47,,periodic,,66,-12815,45,43,,,5,08a6f769c348,,0,273,720,08:A6:F7:69:C3:48,,12881,21,2,,23,,,1043916,1782138359232,1043922,1782138359238,,1782138359166,28,2026-06-22T14:25:59.6018474Z,143,,oasis/bottle,0
,,,,,,7,local.mqtt.telegraf,55,21.99,,periodic,,71,-5787,47,45,,,5,08a6f75abdf0,,0,274,725,08:A6:F7:5A:BD:F0,,5858,24,2,,26,,,1044046,1782138359362,1044053,1782138359369,,1782138359291,29,2026-06-22T14:25:59.7206383Z,144,,oasis/bottle,0
,,,,,,6,local.mqtt.telegraf,56,46.22,,periodic,,63,-19767,32,30,,,5,08a6f7bb3c68,,0,273,728,08:A6:F7:BB:3C:68,,19830,31,2,,33,,,1044447,1782138359763,1044453,1782138359769,,1782138359700,28,2026-06-22T14:26:00.1374092Z,142,,oasis/bottle,0
,,,,,,6,local.mqtt.telegraf,57,40.44,,periodic,,66,-13935,45,43,,,5,08a6f769c348,,0,274,721,08:A6:F7:69:C3:48,,14001,21,2,,23,,,1045035,1782138360352,1045042,1782138360358,,1782138360286,28,2026-06-22T14:26:00.7268852Z,143,,oasis/bottle,0
,,,,,,6,local.mqtt.telegraf,56,46.07,,periodic,,72,-599,41,39,,,5,08a6f7bb3c68,,0,273,729,08:A6:F7:BB:3C:68,,671,31,2,,33,,,1045506,1782138360822,1045512,1782138360828,,1782138360750,28,2026-06-22T14:26:01.2004209Z,145,,oasis/bottle,0
,,,,,,6,local.mqtt.telegraf,55,22.12,,periodic,,62,-7376,38,36,,,5,08a6f75abdf0,,0,274,726,08:A6:F7:5A:BD:F0,,7438,24,2,,26,,,1045616,1782138360933,1045623,1782138360939,,1782138360871,29,2026-06-22T14:26:01.2572886Z,144,,oasis/bottle,0
,,,,,,6,local.mqtt.telegraf,57,40.4,,periodic,,66,-14975,45,43,,,5,08a6f769c348,,0,273,722,08:A6:F7:69:C3:48,,15041,21,2,,23,,,1046076,1782138361392,1046082,1782138361398,,1782138361326,28,2026-06-22T14:26:01.7686755Z,143,,oasis/bottle,0
,,,,,,6,local.mqtt.telegraf,55,22.01,,periodic,,61,-8707,37,35,,,5,08a6f75abdf0,,0,274,727,08:A6:F7:5A:BD:F0,,8768,24,2,,26,,,1046946,1782138362262,1046952,1782138362268,,1782138362201,29,2026-06-22T14:26:02.637118Z,144,,oasis/bottle,0
,,,,,,7,local.mqtt.telegraf,56,46.19,,periodic,,63,-2117,32,30,,,5,08a6f7bb3c68,,0,273,730,08:A6:F7:BB:3C:68,,2180,31,2,,33,,,1047006,1782138362322,1047012,1782138362329,,1782138362259,28,2026-06-22T14:26:02.7053654Z,145,,oasis/bottle,0
,,,,,,6,local.mqtt.telegraf,57,40.43,,periodic,,66,-16445,45,43,,,5,08a6f769c348,,0,274,723,08:A6:F7:69:C3:48,,16511,21,2,,23,,,1047546,1782138362862,1047552,1782138362868,,1782138362796,28,2026-06-22T14:26:03.2470895Z,143,,oasis/bottle,0
,,,,,,6,local.mqtt.telegraf,56,45.77,,periodic,,72,-3319,41,39,,,5,08a6f7bb3c68,,0,273,731,08:A6:F7:BB:3C:68,,3391,31,2,,33,,,1048226,1782138363542,1048232,1782138363548,,1782138363470,28,2026-06-22T14:26:03.9593116Z,145,,oasis/bottle,0
,,,,,,6,local.mqtt.telegraf,55,21.96,,periodic,,71,-10157,47,45,,,5,08a6f75abdf0,,0,274,728,08:A6:F7:5A:BD:F0,,10228,24,2,,26,,,1048416,1782138363732,1048422,1782138363738,,1782138363661,29,2026-06-22T14:26:04.1430735Z,144,,oasis/bottle,0
,,,,,,6,local.mqtt.telegraf,57,40.4,,periodic,,67,-17584,46,44,,,5,08a6f769c348,,0,274,724,08:A6:F7:69:C3:48,,17651,21,2,,23,,,1048686,1782138364003,1048693,1782138364009,,1782138363936,28,2026-06-22T14:26:04.4085231Z,143,,oasis/bottle,0
,,,,,,6,local.mqtt.telegraf,56,45.97,,periodic,,72,-4539,41,39,,,5,08a6f7bb3c68,,0,274,732,08:A6:F7:BB:3C:68,,4611,31,2,,33,,,1049446,1782138364762,1049452,1782138364768,,1782138364690,28,2026-06-22T14:26:05.1461661Z,145,,oasis/bottle,0
,,,,,,6,local.mqtt.telegraf,55,22.11,,periodic,,61,-11287,37,35,,,5,08a6f75abdf0,,0,274,729,08:A6:F7:5A:BD:F0,,11348,24,2,,26,,,1049526,1782138364842,1049532,1782138364848,,1782138364781,29,2026-06-22T14:26:05.199498Z,144,,oasis/bottle,0
,,,,,,9,local.mqtt.telegraf,57,40.53,,periodic,,66,-18675,45,43,,,5,08a6f769c348,,0,274,725,08:A6:F7:69:C3:48,,18741,21,2,,23,,,1049776,1782138365092,1049785,1782138365101,,1782138365026,28,2026-06-22T14:26:05.4748225Z,143,,oasis/bottle,0
,,,,,,7,local.mqtt.telegraf,56,45.95,,periodic,,63,-5787,32,30,,,5,08a6f7bb3c68,,0,273,733,08:A6:F7:BB:3C:68,,5850,31,2,,33,,,1050676,1782138365992,1050683,1782138365999,,1782138365929,28,2026-06-22T14:26:06.3772739Z,145,,oasis/bottle,0
,,,,,,6,local.mqtt.telegraf,55,22.13,,periodic,,81,-12897,57,55,,,5,08a6f75abdf0,,0,274,730,08:A6:F7:5A:BD:F0,,12978,24,2,,26,,,1051176,1782138366492,1051182,1782138366498,,1782138366411,29,2026-06-22T14:26:06.8638706Z,144,,oasis/bottle,0
,,,,,,6,local.mqtt.telegraf,57,40.48,,periodic,,76,-20235,55,53,,,5,08a6f769c348,,0,273,726,08:A6:F7:69:C3:48,,20311,21,2,,23,,,1051356,1782138366672,1051362,1782138366678,,1782138366596,28,2026-06-22T14:26:07.0473051Z,143,,oasis/bottle,0
,,,,,,5,local.mqtt.telegraf,56,46,,periodic,,73,-7057,42,40,,,5,08a6f7bb3c68,,0,273,734,08:A6:F7:BB:3C:68,,7130,31,2,,33,,,1051966,1782138367282,1051971,1782138367287,,1782138367209,28,2026-06-22T14:26:07.6484371Z,145,,oasis/bottle,0
,,,,,,6,local.mqtt.telegraf,55,21.96,,periodic,,61,-14417,37,35,,,5,08a6f75abdf0,,0,274,731,08:A6:F7:5A:BD:F0,,14478,24,2,,26,,,1052656,1782138367972,1052662,1782138367978,,1782138367911,29,2026-06-22T14:26:08.3298137Z,144,,oasis/bottle,0
,,,,,,6,local.mqtt.telegraf,57,40.36,,periodic,,66,-1166,8,6,,,5,08a6f769c348,,0,274,727,08:A6:F7:69:C3:48,,1232,58,2,,60,,,1052696,1782138368012,1052702,1782138368018,,1782138367946,28,2026-06-22T14:26:08.3696271Z,146,,oasis/bottle,0
,,,,,,6,local.mqtt.telegraf,56,46.19,,periodic,,72,-8409,41,39,,,5,08a6f7bb3c68,,0,273,735,08:A6:F7:BB:3C:68,,8481,31,2,,33,,,1053316,1782138368632,1053322,1782138368638,,1782138368560,28,2026-06-22T14:26:09.0084427Z,145,,oasis/bottle,0
,,,,,,6,local.mqtt.telegraf,55,22.01,,periodic,,71,-15567,47,45,,,5,08a6f75abdf0,,0,274,732,08:A6:F7:5A:BD:F0,,15638,24,2,,26,,,1053826,1782138369142,1053832,1782138369148,,1782138369071,29,2026-06-22T14:26:09.5076562Z,144,,oasis/bottle,0
,,,,,,6,local.mqtt.telegraf,57,40.59,,periodic,,77,-2634,19,17,,,5,08a6f769c348,,0,273,728,08:A6:F7:69:C3:48,,2711,58,2,,60,,,1054186,1782138369502,1054192,1782138369508,,1782138369425,28,2026-06-22T14:26:09.9144197Z,146,,oasis/bottle,0
,,,,,,6,local.mqtt.telegraf,56,46.42,,periodic,,64,-9926,33,31,,,5,08a6f7bb3c68,,0,273,736,08:A6:F7:BB:3C:68,,9990,31,2,,33,,,1054817,1782138370133,1054823,1782138370139,,1782138370069,28,2026-06-22T14:26:10.5083813Z,145,,oasis/bottle,0
,,,,,,7,local.mqtt.telegraf,55,22.13,,periodic,,61,-16697,37,35,,,5,08a6f75abdf0,,0,274,733,08:A6:F7:5A:BD:F0,,16758,24,2,,26,,,1054936,1782138370252,1054943,1782138370259,,1782138370191,29,2026-06-22T14:26:10.5659742Z,144,,oasis/bottle,0
,,,,,,10,local.mqtt.telegraf,57,40.6,,periodic,,67,-3814,9,7,,,5,08a6f769c348,,0,273,729,08:A6:F7:69:C3:48,,3881,58,2,,60,,,1055346,1782138370662,1055356,1782138370672,,1782138370595,28,2026-06-22T14:26:11.0510106Z,146,,oasis/bottle,0
,,,,,,6,local.mqtt.telegraf,55,22.15,,periodic,,62,-17736,38,36,,,5,08a6f75abdf0,,0,274,734,08:A6:F7:5A:BD:F0,,17798,24,2,,26,,,1055976,1782138371293,1055983,1782138371299,,1782138371231,29,2026-06-22T14:26:11.6564042Z,144,,oasis/bottle,0
,,,,,,6,local.mqtt.telegraf,56,46.55,,periodic,,65,-11135,34,32,,,5,08a6f7bb3c68,,0,273,737,08:A6:F7:BB:3C:68,,11200,31,2,,33,,,1056028,1782138371344,1056034,1782138371350,,1782138371279,28,2026-06-22T14:26:11.6933655Z,145,,oasis/bottle,0
,,,,,,6,local.mqtt.telegraf,57,40.56,,periodic,,66,-4946,8,6,,,5,08a6f769c348,,0,273,730,08:A6:F7:69:C3:48,,5012,58,2,,60,,,1056476,1782138371792,1056482,1782138371798,,1782138371726,28,2026-06-22T14:26:12.1620165Z,146,,oasis/bottle,0
,,,,,,6,local.mqtt.telegraf,56,46.3,,periodic,,82,-12329,51,49,,,5,08a6f7bb3c68,,0,273,738,08:A6:F7:BB:3C:68,,12411,31,2,,33,,,1057256,1782138372572,1057262,1782138372578,,1782138372490,28,2026-06-22T14:26:12.9434678Z,145,,oasis/bottle,0
,,,,,,6,local.mqtt.telegraf,55,22.19,,periodic,,71,-19197,47,45,,,5,08a6f75abdf0,,0,274,735,08:A6:F7:5A:BD:F0,,19268,24,2,,26,,,1057456,1782138372772,1057462,1782138372778,,1782138372701,29,2026-06-22T14:26:13.1299231Z,144,,oasis/bottle,0
,,,,,,7,local.mqtt.telegraf,57,40.53,,periodic,,68,-5993,10,8,,,5,08a6f769c348,,0,273,731,08:A6:F7:69:C3:48,,6061,58,2,,60,,,1057527,1782138372843,1057534,1782138372850,,1782138372775,28,2026-06-22T14:26:13.1876859Z,146,,oasis/bottle,0
,,,,,,6,local.mqtt.telegraf,56,46.5,,periodic,,64,-13586,33,31,,,5,08a6f7bb3c68,,0,273,739,08:A6:F7:BB:3C:68,,13650,31,2,,33,,,1058476,1782138373793,1058483,1782138373799,,1782138373729,28,2026-06-22T14:26:14.1757679Z,145,,oasis/bottle,0
,,,,,,6,local.mqtt.telegraf,55,22.27,,periodic,,72,-20346,48,46,,,5,08a6f75abdf0,,0,274,736,08:A6:F7:5A:BD:F0,,20418,24,2,,26,,,1058607,1782138373923,1058613,1782138373929,,1782138373851,29,2026-06-22T14:26:14.2959108Z,144,,oasis/bottle,0
,,,,,,6,local.mqtt.telegraf,57,40.6,,periodic,,67,-7504,9,7,,,5,08a6f769c348,,0,273,732,08:A6:F7:69:C3:48,,7571,58,2,,60,,,1059036,1782138374352,1059041,1782138374358,,1782138374285,28,2026-06-22T14:26:14.7194362Z,146,,oasis/bottle,0
,,,,,,6,local.mqtt.telegraf,55,22.12,,periodic,,61,-941,14,11,,,5,08a6f75abdf0,,0,274,737,08:A6:F7:5A:BD:F0,,1002,47,2,,50,,,1059706,1782138375022,1059712,1782138375028,,1782138374961,29,2026-06-22T14:26:15.3798722Z,147,,oasis/bottle,0
,,,,,,6,local.mqtt.telegraf,56,46.35,,periodic,,72,-14839,41,39,,,5,08a6f7bb3c68,,0,273,740,08:A6:F7:BB:3C:68,,14911,31,2,,33,,,1059746,1782138375062,1059752,1782138375068,,1782138374990,28,2026-06-22T14:26:15.4162185Z,145,,oasis/bottle,0
,,,,,,6,local.mqtt.telegraf,57,40.59,,periodic,,67,-8714,9,7,,,5,08a6f769c348,,0,273,733,08:A6:F7:69:C3:48,,8781,58,2,,60,,,1060246,1782138375562,1060252,1782138375568,,1782138375495,28,2026-06-22T14:26:15.9335123Z,146,,oasis/bottle,0
,,,,,,6,local.mqtt.telegraf,56,46.22,,periodic,,72,-16159,41,39,,,5,08a6f7bb3c68,,0,273,741,08:A6:F7:BB:3C:68,,16231,31,2,,33,,,1061066,1782138376382,1061072,1782138376388,,1782138376310,28,2026-06-22T14:26:16.7503263Z,145,,oasis/bottle,0
,,,,,,6,local.mqtt.telegraf,55,22.12,,periodic,,62,-2540,15,12,,,5,08a6f75abdf0,,0,274,738,08:A6:F7:5A:BD:F0,,2602,47,2,,50,,,1061307,1782138376623,1061313,1782138376629,,1782138376561,29,2026-06-22T14:26:16.9960782Z,147,,oasis/bottle,0
,,,,,,6,local.mqtt.telegraf,57,40.49,,periodic,,74,-9920,16,14,,,5,08a6f769c348,,0,273,734,08:A6:F7:69:C3:48,,9994,58,2,,60,,,1061466,1782138376782,1061472,1782138376788,,1782138376708,28,2026-06-22T14:26:17.1519004Z,146,,oasis/bottle,0
,,,,,,6,local.mqtt.telegraf,56,46.51,,periodic,,63,-17617,32,30,,,5,08a6f7bb3c68,,0,273,742,08:A6:F7:BB:3C:68,,17680,31,2,,33,,,1062506,1782138377822,1062512,1782138377828,,1782138377759,28,2026-06-22T14:26:18.1901678Z,145,,oasis/bottle,0
,,,,,,6,local.mqtt.telegraf,57,40.43,,periodic,,66,-11166,8,6,,,5,08a6f769c348,,0,273,735,08:A6:F7:69:C3:48,,11232,58,2,,60,,,1062696,1782138378012,1062702,1782138378018,,1782138377946,28,2026-06-22T14:26:18.3694146Z,146,,oasis/bottle,0
,,,,,,13,local.mqtt.telegraf,55,22.13,,periodic,,76,-3926,29,26,,,5,08a6f75abdf0,,0,274,739,08:A6:F7:5A:BD:F0,,4002,47,2,,50,,,1062721,1782138378037,1062734,1782138378050,,1782138377961,29,2026-06-22T14:26:18.4084216Z,147,,oasis/bottle,0
,,,,,,6,local.mqtt.telegraf,56,46.59,,periodic,,73,-18687,42,40,,,5,08a6f7bb3c68,,0,273,743,08:A6:F7:BB:3C:68,,18760,31,2,,33,,,1063596,1782138378912,1063602,1782138378918,,1782138378839,28,2026-06-22T14:26:19.2784357Z,145,,oasis/bottle,0
,,,,,,14,local.mqtt.telegraf,57,40.36,,periodic,,66,-12426,8,6,,,5,08a6f769c348,,0,273,736,08:A6:F7:69:C3:48,,12492,58,2,,60,,,1063956,1782138379272,1063970,1782138379286,,1782138379206,28,2026-06-22T14:26:19.6518719Z,146,,oasis/bottle,0
,,,,,,6,local.mqtt.telegraf,55,22.07,,periodic,,71,-5531,24,21,,,5,08a6f75abdf0,,0,274,740,08:A6:F7:5A:BD:F0,,5602,47,2,,50,,,1064316,1782138379632,1064322,1782138379638,,1782138379561,29,2026-06-22T14:26:20.0046033Z,147,,oasis/bottle,0
,,,,,,6,local.mqtt.telegraf,56,46.08,,periodic,,72,-20249,41,39,,,5,08a6f7bb3c68,,0,273,744,08:A6:F7:BB:3C:68,,20321,31,2,,33,,,1065156,1782138380472,1065162,1782138380478,,1782138380400,28,2026-06-22T14:26:20.8502895Z,145,,oasis/bottle,0
,,,,,,7,local.mqtt.telegraf,57,40.25,,periodic,,76,-13736,18,16,,,5,08a6f769c348,,0,273,737,08:A6:F7:69:C3:48,,13812,58,2,,60,,,1065286,1782138380602,1065293,1782138380609,,1782138380526,28,2026-06-22T14:26:20.9708849Z,146,,oasis/bottle,0
,,,,,,6,local.mqtt.telegraf,55,22.07,,periodic,,71,-6941,24,21,,,5,08a6f75abdf0,,0,274,741,08:A6:F7:5A:BD:F0,,7012,47,2,,50,,,1065726,1782138381042,1065732,1782138381048,,1782138380971,29,2026-06-22T14:26:21.4412154Z,147,,oasis/bottle,0
,,,,,,7,local.mqtt.telegraf,56,46.06,,periodic,,62,-1150,9,7,,,5,08a6f7bb3c68,,0,274,745,08:A6:F7:BB:3C:68,,1212,53,2,,55,,,1066466,1782138381782,1066472,1782138381789,,1782138381720,28,2026-06-22T14:26:22.1558286Z,148,,oasis/bottle,0
,,,,,,6,local.mqtt.telegraf,57,40.52,,periodic,,67,-15194,9,7,,,5,08a6f769c348,,0,273,738,08:A6:F7:69:C3:48,,15261,58,2,,60,,,1066726,1782138382042,1066732,1782138382048,,1782138381975,28,2026-06-22T14:26:22.4060004Z,146,,oasis/bottle,0
,,,,,,7,local.mqtt.telegraf,55,21.99,,periodic,,61,-8551,14,11,,,5,08a6f75abdf0,,0,274,742,08:A6:F7:5A:BD:F0,,8612,47,2,,50,,,1067316,1782138382632,1067323,1782138382639,,1782138382571,29,2026-06-22T14:26:23.0002259Z,147,,oasis/bottle,0
,,,,,,6,local.mqtt.telegraf,57,40.35,,periodic,,67,-16274,9,7,,,5,08a6f769c348,,0,273,739,08:A6:F7:69:C3:48,,16341,58,2,,60,,,1067806,1782138383122,1067812,1782138383128,,1782138383055,28,2026-06-22T14:26:23.4915775Z,146,,oasis/bottle,0
,,,,,,6,local.mqtt.telegraf,56,46.08,,periodic,,72,-2570,19,17,,,5,08a6f7bb3c68,,0,273,746,08:A6:F7:BB:3C:68,,2642,53,2,,55,,,1067906,1782138383222,1067912,1782138383228,,1782138383150,28,2026-06-22T14:26:23.539877Z,148,,oasis/bottle,0
,,,,,,7,local.mqtt.telegraf,55,21.99,,periodic,,61,-9951,14,11,,,5,08a6f75abdf0,,0,274,743,08:A6:F7:5A:BD:F0,,10012,47,2,,50,,,1068716,1782138384032,1068723,1782138384039,,1782138383971,29,2026-06-22T14:26:24.396469Z,147,,oasis/bottle,0
,,,,,,6,local.mqtt.telegraf,57,46.18,,periodic,,72,-3630,19,17,,,5,08a6f7bb3c68,,0,274,747,08:A6:F7:BB:3C:68,,3702,53,2,,55,,,1068966,1782138384282,1068972,1782138384288,,1782138384210,28,2026-06-22T14:26:24.6504273Z,148,,oasis/bottle,0
,,,,,,6,local.mqtt.telegraf,56,40.19,,periodic,,66,-17846,8,6,,,5,08a6f769c348,,0,273,740,08:A6:F7:69:C3:48,,17912,58,2,,60,,,1069376,1782138384692,1069382,1782138384698,,1782138384626,28,2026-06-22T14:26:25.0743395Z,146,,oasis/bottle,0
,,,,,,6,local.mqtt.telegraf,55,22.11,,periodic,,61,-11541,14,11,,,5,08a6f75abdf0,,0,274,744,08:A6:F7:5A:BD:F0,,11602,47,2,,50,,,1070306,1782138385622,1070312,1782138385628,,1782138385561,29,2026-06-22T14:26:26.0089907Z,147,,oasis/bottle,0
,,,,,,7,local.mqtt.telegraf,57,46.2,,periodic,,62,-5170,9,7,,,5,08a6f7bb3c68,,0,273,748,08:A6:F7:BB:3C:68,,5232,53,2,,55,,,1070486,1782138385802,1070493,1782138385809,,1782138385740,28,2026-06-22T14:26:26.191676Z,148,,oasis/bottle,0
,,,,,,6,local.mqtt.telegraf,56,40.28,,periodic,,66,-19176,8,6,,,5,08a6f769c348,,0,273,741,08:A6:F7:69:C3:48,,19242,58,2,,60,,,1070706,1782138386022,1070712,1782138386028,,1782138385956,28,2026-06-22T14:26:26.4599002Z,146,,oasis/bottle,0
,,,,,,6,local.mqtt.telegraf,55,21.91,,periodic,,70,-12912,23,20,,,5,08a6f75abdf0,,0,274,745,08:A6:F7:5A:BD:F0,,12982,47,2,,50,,,1071695,1782138387011,1071701,1782138387017,,1782138386941,29,2026-06-22T14:26:27.3798493Z,147,,oasis/bottle,0
,,,,,,6,local.mqtt.telegraf,57,46.08,,periodic,,72,-6410,19,17,,,5,08a6f7bb3c68,,0,274,749,08:A6:F7:BB:3C:68,,6482,53,2,,55,,,1071746,1782138387062,1071752,1782138387068,,1782138386990,28,2026-06-22T14:26:27.4332682Z,148,,oasis/bottle,0
,,,,,,7,local.mqtt.telegraf,56,40.31,,periodic,,66,-446,47,44,,,5,08a6f769c348,,0,273,742,08:A6:F7:69:C3:48,,512,19,2,,22,,,1072166,1782138387482,1072173,1782138387489,,1782138387416,28,2026-06-22T14:26:27.8687753Z,149,,oasis/bottle,0
,,,,,,6,local.mqtt.telegraf,57,46.2,,periodic,,73,-7708,20,18,,,5,08a6f7bb3c68,,0,273,750,08:A6:F7:BB:3C:68,,7781,53,2,,55,,,1073046,1782138388362,1073052,1782138388368,,1782138388289,28,2026-06-22T14:26:28.7276287Z,148,,oasis/bottle,0
,,,,,,6,local.mqtt.telegraf,55,21.95,,periodic,,61,-14491,14,11,,,5,08a6f75abdf0,,0,274,746,08:A6:F7:5A:BD:F0,,14552,47,2,,50,,,1073256,1782138388572,1073262,1782138388578,,1782138388511,29,2026-06-22T14:26:28.9182912Z,147,,oasis/bottle,0
,,,,,,11,local.mqtt.telegraf,56,40.21,,periodic,,63,-1569,44,41,,,5,08a6f769c348,,0,273,743,08:A6:F7:69:C3:48,,1632,19,2,,22,,,1073283,1782138388599,1073294,1782138388610,,1782138388536,28,2026-06-22T14:26:28.9564136Z,149,,oasis/bottle,0
,,,,,,6,local.mqtt.telegraf,57,46.23,,periodic,,73,-9118,20,18,,,5,08a6f7bb3c68,,0,273,751,08:A6:F7:BB:3C:68,,9191,53,2,,55,,,1074456,1782138389772,1074462,1782138389778,,1782138389699,28,2026-06-22T14:26:30.1518557Z,148,,oasis/bottle,0
,,,,,,7,local.mqtt.telegraf,55,21.96,,periodic,,71,-15801,24,21,,,5,08a6f75abdf0,,0,273,747,08:A6:F7:5A:BD:F0,,15872,47,2,,50,,,1074586,1782138389902,1074593,1782138389909,,1782138389831,29,2026-06-22T14:26:30.2717094Z,147,,oasis/bottle,0
,,,,,,7,local.mqtt.telegraf,56,40.28,,periodic,,67,-3204,48,45,,,5,08a6f769c348,,0,273,744,08:A6:F7:69:C3:48,,3271,19,2,,22,,,1074926,1782138390242,1074933,1782138390249,,1782138390175,28,2026-06-22T14:26:30.6258651Z,149,,oasis/bottle,0
,,,,,,6,local.mqtt.telegraf,55,21.93,,periodic,,62,-17260,15,12,,,5,08a6f75abdf0,,0,274,748,08:A6:F7:5A:BD:F0,,17322,47,2,,50,,,1076026,1782138391343,1076033,1782138391349,,1782138391281,29,2026-06-22T14:26:31.6947113Z,147,,oasis/bottle,0
,,,,,,7,local.mqtt.telegraf,57,45.93,,periodic,,72,-10730,19,17,,,5,08a6f7bb3c68,,0,274,752,08:A6:F7:BB:3C:68,,10802,53,2,,55,,,1076066,1782138391382,1076073,1782138391389,,1782138391310,28,2026-06-22T14:26:31.7356029Z,148,,oasis/bottle,0
,,,,,,6,local.mqtt.telegraf,56,40.36,,periodic,,67,-4684,48,45,,,5,08a6f769c348,,0,273,745,08:A6:F7:69:C3:48,,4751,19,2,,22,,,1076406,1782138391722,1076412,1782138391728,,1782138391655,28,2026-06-22T14:26:32.0979153Z,149,,oasis/bottle,0
,,,,,,6,local.mqtt.telegraf,55,21.92,,periodic,,71,-18341,24,21,,,5,08a6f75abdf0,,0,274,749,08:A6:F7:5A:BD:F0,,18412,47,2,,50,,,1077126,1782138392442,1077132,1782138392448,,1782138392371,29,2026-06-22T14:26:32.8212326Z,147,,oasis/bottle,0
,,,,,,6,local.mqtt.telegraf,57,46.15,,periodic,,63,-12169,10,8,,,5,08a6f7bb3c68,,0,274,753,08:A6:F7:BB:3C:68,,12232,53,2,,55,,,1077486,1782138392803,1077493,1782138392809,,1782138392740,28,2026-06-22T14:26:33.1703609Z,148,,oasis/bottle,0
,,,,,,14,local.mqtt.telegraf,56,40.24,,periodic,,71,-5830,52,49,,,5,08a6f769c348,,0,273,746,08:A6:F7:69:C3:48,,5901,19,2,,22,,,1077560,1782138392876,1077574,1782138392890,,1782138392805,28,2026-06-22T14:26:33.2305512Z,149,,oasis/bottle,0
,,,,,,6,local.mqtt.telegraf,57,45.99,,periodic,,73,-13198,20,18,,,5,08a6f7bb3c68,,0,273,754,08:A6:F7:BB:3C:68,,13271,53,2,,55,,,1078536,1782138393852,1078542,1782138393858,,1782138393779,28,2026-06-22T14:26:34.2212619Z,148,,oasis/bottle,0
,,,,,,6,local.mqtt.telegraf,56,40.28,,periodic,,63,-6942,44,41,,,5,08a6f769c348,,0,273,747,08:A6:F7:69:C3:48,,7005,19,2,,22,,,1078656,1782138393972,1078662,1782138393978,,1782138393909,28,2026-06-22T14:26:34.3425213Z,149,,oasis/bottle,0
,,,,,,6,local.mqtt.telegraf,55,21.96,,periodic,,61,-19941,14,11,,,5,08a6f75abdf0,,0,274,750,08:A6:F7:5A:BD:F0,,20002,47,2,,50,,,1078706,1782138394022,1078712,1782138394028,,1782138393961,29,2026-06-22T14:26:34.3994664Z,147,,oasis/bottle,0
,,,,,,5,local.mqtt.telegraf,57,45.87,,periodic,,73,-14678,20,18,,,5,08a6f7bb3c68,,0,273,755,08:A6:F7:BB:3C:68,,14751,53,2,,55,,,1080016,1782138395332,1080021,1782138395337,,1782138395259,28,2026-06-22T14:26:35.711957Z,148,,oasis/bottle,0
,,,,,,6,local.mqtt.telegraf,55,21.92,,periodic,,71,-1101,42,40,,,5,08a6f75abdf0,,0,274,751,08:A6:F7:5A:BD:F0,,1172,29,2,,31,,,1080086,1782138395402,1080092,1782138395408,,1782138395331,29,2026-06-22T14:26:35.7679862Z,150,,oasis/bottle,0
,,,,,,7,local.mqtt.telegraf,56,40.2,,periodic,,67,-8534,48,45,,,5,08a6f769c348,,0,273,748,08:A6:F7:69:C3:48,,8601,19,2,,22,,,1080256,1782138395572,1080263,1782138395579,,1782138395505,28,2026-06-22T14:26:35.944898Z,149,,oasis/bottle,0
,,,,,,6,local.mqtt.telegraf,57,46.16,,periodic,,72,-15840,19,17,,,5,08a6f7bb3c68,,0,273,756,08:A6:F7:BB:3C:68,,15912,53,2,,55,,,1081176,1782138396492,1081182,1782138396498,,1782138396420,28,2026-06-22T14:26:36.8653838Z,148,,oasis/bottle,0
,,,,,,14,local.mqtt.telegraf,55,21.87,,periodic,,67,-2649,38,36,,,5,08a6f75abdf0,,0,273,752,08:A6:F7:5A:BD:F0,,2716,29,2,,31,,,1081626,1782138396942,1081640,1782138396956,,1782138396875,29,2026-06-22T14:26:37.2989729Z,150,,oasis/bottle,0
,,,,,,6,local.mqtt.telegraf,56,40.19,,periodic,,70,-9932,51,48,,,5,08a6f769c348,,0,273,749,08:A6:F7:69:C3:48,,10002,19,2,,22,,,1081660,1782138396976,1081665,1782138396982,,1782138396906,28,2026-06-22T14:26:37.3468471Z,149,,oasis/bottle,0
,,,,,,6,local.mqtt.telegraf,57,45.72,,periodic,,72,-16950,19,17,,,5,08a6f7bb3c68,,0,273,757,08:A6:F7:BB:3C:68,,17022,53,2,,55,,,1082286,1782138397602,1082292,1782138397608,,1782138397530,28,2026-06-22T14:26:37.9732329Z,148,,oasis/bottle,0
,,,,,,6,local.mqtt.telegraf,55,22.07,,periodic,,61,-3931,32,30,,,5,08a6f75abdf0,,0,274,753,08:A6:F7:5A:BD:F0,,3992,29,2,,31,,,1082896,1782138398212,1082902,1782138398218,,1782138398151,29,2026-06-22T14:26:38.5818306Z,150,,oasis/bottle,0
,,,,,,6,local.mqtt.telegraf,56,40.47,,periodic,,67,-11544,48,45,,,5,08a6f769c348,,0,273,750,08:A6:F7:69:C3:48,,11611,19,2,,22,,,1083266,1782138398582,1083272,1782138398588,,1782138398515,28,2026-06-22T14:26:38.9512189Z,149,,oasis/bottle,0
,,,,,,6,local.mqtt.telegraf,57,46.15,,periodic,,73,-18578,20,18,,,5,08a6f7bb3c68,,0,273,758,08:A6:F7:BB:3C:68,,18651,53,2,,55,,,1083916,1782138399232,1083922,1782138399238,,1782138399159,28,2026-06-22T14:26:39.6114782Z,148,,oasis/bottle,0
,,,,,,6,local.mqtt.telegraf,55,22.05,,periodic,,61,-5281,32,30,,,5,08a6f75abdf0,,0,274,754,08:A6:F7:5A:BD:F0,,5342,29,2,,31,,,1084246,1782138399562,1084252,1782138399568,,1782138399501,29,2026-06-22T14:26:39.9324457Z,150,,oasis/bottle,0
,,,,,,7,local.mqtt.telegraf,56,40.31,,periodic,,66,-12946,47,44,,,5,08a6f769c348,,0,273,751,08:A6:F7:69:C3:48,,13012,19,2,,22,,,1084666,1782138399982,1084673,1782138399989,,1782138399916,28,2026-06-22T14:26:40.3525559Z,149,,oasis/bottle,0
,,,,,,6,local.mqtt.telegraf,57,46.32,,periodic,,72,-20030,19,17,,,5,08a6f7bb3c68,,0,273,759,08:A6:F7:BB:3C:68,,20102,53,2,,55,,,1085366,1782138400682,1085372,1782138400688,,1782138400610,28,2026-06-22T14:26:41.0491936Z,148,,oasis/bottle,0
,,,,,,6,local.mqtt.telegraf,55,22.07,,periodic,,61,-6781,32,30,,,5,08a6f75abdf0,,0,274,755,08:A6:F7:5A:BD:F0,,6842,29,2,,31,,,1085746,1782138401062,1085752,1782138401068,,1782138401001,29,2026-06-22T14:26:41.4305908Z,150,,oasis/bottle,0
,,,,,,6,local.mqtt.telegraf,56,40.32,,periodic,,66,-14556,47,44,,,5,08a6f769c348,,0,273,752,08:A6:F7:69:C3:48,,14622,19,2,,22,,,1086276,1782138401592,1086282,1782138401598,,1782138401526,28,2026-06-22T14:26:41.9607779Z,149,,oasis/bottle,0
,,,,,,6,local.mqtt.telegraf,57,46.12,,periodic,,72,-910,25,23,,,5,08a6f7bb3c68,,0,273,760,08:A6:F7:BB:3C:68,,982,47,2,,49,,,1086456,1782138401772,1086462,1782138401778,,1782138401700,28,2026-06-22T14:26:42.1418623Z,151,,oasis/bottle,0
,,,,,,6,local.mqtt.telegraf,55,22.08,,periodic,,61,-7971,32,30,,,5,08a6f75abdf0,,0,274,756,08:A6:F7:5A:BD:F0,,8032,29,2,,31,,,1086936,1782138402252,1086942,1782138402258,,1782138402191,29,2026-06-22T14:26:42.6325884Z,150,,oasis/bottle,0
,,,,,,6,local.mqtt.telegraf,56,40.47,,periodic,,77,-15954,58,55,,,5,08a6f769c348,,0,273,753,08:A6:F7:69:C3:48,,16031,19,2,,22,,,1087696,1782138403012,1087702,1782138403018,,1782138402935,28,2026-06-22T14:26:43.3905286Z,149,,oasis/bottle,0
,,,,,,6,local.mqtt.telegraf,57,46.2,,periodic,,72,-2500,25,23,,,5,08a6f7bb3c68,,0,273,761,08:A6:F7:BB:3C:68,,2572,47,2,,49,,,1088046,1782138403362,1088052,1782138403368,,1782138403290,28,2026-06-22T14:26:43.7359909Z,151,,oasis/bottle,0
,,,,,,9,local.mqtt.telegraf,55,22.08,,periodic,,61,-9151,32,30,,,5,08a6f75abdf0,,0,274,757,08:A6:F7:5A:BD:F0,,9212,29,2,,31,,,1088116,1782138403432,1088125,1782138403441,,1782138403371,29,2026-06-22T14:26:43.7863855Z,150,,oasis/bottle,0
,,,,,,6,local.mqtt.telegraf,55,22.04,,periodic,,71,-10311,42,40,,,5,08a6f75abdf0,,0,274,758,08:A6:F7:5A:BD:F0,,10382,29,2,,31,,,1089296,1782138404612,1089302,1782138404618,,1782138404541,29,2026-06-22T14:26:44.9553663Z,150,,oasis/bottle,0
,,,,,,6,local.mqtt.telegraf,56,40.39,,periodic,,81,-17570,62,59,,,5,08a6f769c348,,0,273,754,08:A6:F7:69:C3:48,,17651,19,2,,22,,,1089320,1782138404636,1089326,1782138404642,,1782138404555,28,2026-06-22T14:26:44.9942053Z,149,,oasis/bottle,1
,,,,,,6,local.mqtt.telegraf,58,46.28,,periodic,,73,-3878,26,24,,,5,08a6f7bb3c68,,0,273,762,08:A6:F7:BB:3C:68,,3951,47,2,,49,,,1089426,1782138404742,1089432,1782138404748,,1782138404669,28,2026-06-22T14:26:45.1164814Z,151,,oasis/bottle,0
,,,,,,6,local.mqtt.telegraf,55,22.07,,periodic,,71,-11471,42,40,,,5,08a6f75abdf0,,0,274,759,08:A6:F7:5A:BD:F0,,11542,29,2,,31,,,1090456,1782138405772,1090462,1782138405778,,1782138405701,29,2026-06-22T14:26:46.15558Z,150,,oasis/bottle,0
,,,,,,6,local.mqtt.telegraf,56,40.21,,periodic,,76,-19006,57,54,,,5,08a6f769c348,,0,273,755,08:A6:F7:69:C3:48,,19082,19,2,,22,,,1090746,1782138406062,1090752,1782138406068,,1782138405986,28,2026-06-22T14:26:46.4356177Z,149,,oasis/bottle,0
,,,,,,6,local.mqtt.telegraf,57,46.22,,periodic,,64,-5447,17,15,,,5,08a6f7bb3c68,,0,273,763,08:A6:F7:BB:3C:68,,5511,47,2,,49,,,1090977,1782138406293,1090983,1782138406299,,1782138406229,28,2026-06-22T14:26:46.6529386Z,151,,oasis/bottle,0
,,,,,,6,local.mqtt.telegraf,55,22.01,,periodic,,71,-12571,42,40,,,5,08a6f75abdf0,,0,274,760,08:A6:F7:5A:BD:F0,,12642,29,2,,31,,,1091556,1782138406872,1091562,1782138406878,,1782138406801,29,2026-06-22T14:26:47.2444189Z,150,,oasis/bottle,0
,,,,,,6,local.mqtt.telegraf,56,40.43,,periodic,,76,-20076,57,54,,,5,08a6f769c348,,0,273,756,08:A6:F7:69:C3:48,,20152,19,2,,22,,,1091816,1782138407132,1091822,1782138407138,,1782138407056,28,2026-06-22T14:26:47.4974551Z,149,,oasis/bottle,0
,,,,,,6,local.mqtt.telegraf,58,45.95,,periodic,,64,-6747,17,15,,,5,08a6f7bb3c68,,0,273,764,08:A6:F7:BB:3C:68,,6811,47,2,,49,,,1092277,1782138407593,1092283,1782138407599,,1782138407529,28,2026-06-22T14:26:47.9707337Z,151,,oasis/bottle,0
,,,,,,6,local.mqtt.telegraf,55,22.01,,periodic,,71,-14161,42,40,,,5,08a6f75abdf0,,0,274,761,08:A6:F7:5A:BD:F0,,14232,29,2,,31,,,1093146,1782138408462,1093152,1782138408468,,1782138408391,29,2026-06-22T14:26:48.8432478Z,150,,oasis/bottle,0
,,,,,,6,local.mqtt.telegraf,56,40.25,,periodic,,76,-1336,14,11,,,5,08a6f769c348,,0,274,757,08:A6:F7:69:C3:48,,1412,62,2,,65,,,1093346,1782138408662,1093352,1782138408668,,1782138408586,28,2026-06-22T14:26:49.0382516Z,152,,oasis/bottle,0
,,,,,,6,local.mqtt.telegraf,57,46.2,,periodic,,73,-8138,26,24,,,5,08a6f7bb3c68,,0,273,765,08:A6:F7:BB:3C:68,,8211,47,2,,49,,,1093686,1782138409002,1093692,1782138409008,,1782138408929,28,2026-06-22T14:26:49.3842533Z,151,,oasis/bottle,0
,,,,,,6,local.mqtt.telegraf,55,22.07,,periodic,,71,-15541,42,40,,,5,08a6f75abdf0,,0,274,762,08:A6:F7:5A:BD:F0,,15612,29,2,,31,,,1094526,1782138409842,1094532,1782138409848,,1782138409771,29,2026-06-22T14:26:50.2202252Z,150,,oasis/bottle,0
,,,,,,6,local.mqtt.telegraf,56,40.2,,periodic,,67,-2624,5,2,,,5,08a6f769c348,,0,273,758,08:A6:F7:69:C3:48,,2691,62,2,,65,,,1094616,1782138409932,1094622,1782138409938,,1782138409865,28,2026-06-22T14:26:50.2914058Z,152,,oasis/bottle,0
,,,,,,6,local.mqtt.telegraf,57,45.92,,periodic,,73,-9748,26,24,,,5,08a6f7bb3c68,,0,273,766,08:A6:F7:BB:3C:68,,9821,47,2,,49,,,1095296,1782138410612,1095302,1782138410618,,1782138410539,28,2026-06-22T14:26:50.9944286Z,151,,oasis/bottle,0
,,,,,,6,local.mqtt.telegraf,56,40.32,,periodic,,73,-3942,11,8,,,5,08a6f769c348,,0,273,759,08:A6:F7:69:C3:48,,4015,62,2,,65,,,1095946,1782138411262,1095952,1782138411268,,1782138411189,28,2026-06-22T14:26:51.6381163Z,152,,oasis/bottle,0
,,,,,,7,local.mqtt.telegraf,55,22.09,,periodic,,71,-17101,42,40,,,5,08a6f75abdf0,,0,274,763,08:A6:F7:5A:BD:F0,,17172,29,2,,31,,,1096086,1782138411402,1096093,1782138411409,,1782138411331,29,2026-06-22T14:26:51.7868358Z,150,,oasis/bottle,0
,,,,,,6,local.mqtt.telegraf,57,46.11,,periodic,,72,-11160,25,23,,,5,08a6f7bb3c68,,0,273,767,08:A6:F7:BB:3C:68,,11232,47,2,,49,,,1096706,1782138412022,1096712,1782138412028,,1782138411950,28,2026-06-22T14:26:52.3988249Z,151,,oasis/bottle,0
,,,,,,6,local.mqtt.telegraf,56,40.27,,periodic,,67,-5404,5,2,,,5,08a6f769c348,,0,273,760,08:A6:F7:69:C3:48,,5471,62,2,,65,,,1097396,1782138412712,1097402,1782138412718,,1782138412645,28,2026-06-22T14:26:53.0503255Z,152,,oasis/bottle,0
,,,,,,5,local.mqtt.telegraf,55,22.13,,periodic,,85,-18407,56,54,,,5,08a6f75abdf0,,0,274,764,08:A6:F7:5A:BD:F0,,18492,29,2,,31,,,1097420,1782138412736,1097425,1782138412741,,1782138412651,29,2026-06-22T14:26:53.0850378Z,150,,oasis/bottle,1
,,,,,,6,local.mqtt.telegraf,57,45.96,,periodic,,72,-12780,25,23,,,5,08a6f7bb3c68,,0,273,768,08:A6:F7:BB:3C:68,,12852,47,2,,49,,,1098326,1782138413642,1098332,1782138413648,,1782138413570,28,2026-06-22T14:26:54.0249433Z,151,,oasis/bottle,0
,,,,,,6,local.mqtt.telegraf,56,40.25,,periodic,,66,-6506,4,1,,,5,08a6f769c348,,0,273,761,08:A6:F7:69:C3:48,,6572,62,2,,65,,,1098496,1782138413812,1098502,1782138413818,,1782138413746,28,2026-06-22T14:26:54.1827609Z,152,,oasis/bottle,0
,,,,,,6,local.mqtt.telegraf,55,22.13,,periodic,,71,-19841,42,40,,,5,08a6f75abdf0,,0,274,765,08:A6:F7:5A:BD:F0,,19912,29,2,,31,,,1098826,1782138414142,1098832,1782138414148,,1782138414071,29,2026-06-22T14:26:54.5228102Z,150,,oasis/bottle,0
,,,,,,6,local.mqtt.telegraf,57,46,,periodic,,71,-14211,24,22,,,5,08a6f7bb3c68,,0,273,769,08:A6:F7:BB:3C:68,,14282,47,2,,49,,,1099755,1782138415071,1099761,1782138415077,,1782138415000,28,2026-06-22T14:26:55.4394032Z,151,,oasis/bottle,0
,,,,,,6,local.mqtt.telegraf,55,21.93,,periodic,,61,-681,29,19,,,5,08a6f75abdf0,,0,274,766,08:A6:F7:5A:BD:F0,,742,32,2,,42,,,1099866,1782138415182,1099872,1782138415188,,1782138415121,29,2026-06-22T14:26:55.4982093Z,153,,oasis/bottle,0
,,,,,,6,local.mqtt.telegraf,57,40.17,,periodic,,77,-8094,15,12,,,5,08a6f769c348,,0,273,762,08:A6:F7:69:C3:48,,8171,62,2,,65,,,1100106,1782138415422,1100112,1782138415428,,1782138415345,28,2026-06-22T14:26:55.7857762Z,152,,oasis/bottle,0
,,,,,,10,local.mqtt.telegraf,57,45.69,,periodic,,73,-15268,26,24,,,5,08a6f7bb3c68,,0,273,770,08:A6:F7:BB:3C:68,,15341,47,2,,49,,,1100816,1782138416132,1100826,1782138416142,,1782138416059,28,2026-06-22T14:26:56.5026133Z,151,,oasis/bottle,0
,,,,,,6,local.mqtt.telegraf,55,21.93,,periodic,,71,-2161,39,29,,,5,08a6f75abdf0,,0,274,767,08:A6:F7:5A:BD:F0,,2232,32,2,,42,,,1101366,1782138416682,1101372,1782138416688,,1782138416611,29,2026-06-22T14:26:57.0506873Z,153,,oasis/bottle,0
,,,,,,6,local.mqtt.telegraf,57,40.19,,periodic,,66,-9516,4,1,,,5,08a6f769c348,,0,273,763,08:A6:F7:69:C3:48,,9582,62,2,,65,,,1101506,1782138416822,1101512,1782138416828,,1782138416756,28,2026-06-22T14:26:57.2012116Z,152,,oasis/bottle,0
,,,,,,6,local.mqtt.telegraf,57,45.8,,periodic,,72,-16790,25,23,,,5,08a6f7bb3c68,,0,274,771,08:A6:F7:BB:3C:68,,16862,47,2,,49,,,1102336,1782138417652,1102342,1782138417658,,1782138417580,28,2026-06-22T14:26:58.0238259Z,151,,oasis/bottle,0
,,,,,,6,local.mqtt.telegraf,55,22.11,,periodic,,61,-3361,29,19,,,5,08a6f75abdf0,,0,274,768,08:A6:F7:5A:BD:F0,,3422,32,2,,42,,,1102546,1782138417862,1102552,1782138417868,,1782138417801,29,2026-06-22T14:26:58.2378887Z,153,,oasis/bottle,0
,,,,,,6,local.mqtt.telegraf,57,40.05,,periodic,,68,-11123,6,3,,,5,08a6f769c348,,0,273,764,08:A6:F7:69:C3:48,,11191,62,2,,65,,,1103117,1782138418433,1103123,1782138418439,,1782138418365,28,2026-06-22T14:26:58.797741Z,152,,oasis/bottle,0
,,,,,,6,local.mqtt.telegraf,57,45.99,,periodic,,72,-18030,25,23,,,5,08a6f7bb3c68,,0,273,772,08:A6:F7:BB:3C:68,,18102,47,2,,49,,,1103576,1782138418892,1103582,1782138418898,,1782138418820,28,2026-06-22T14:26:59.2620426Z,151,,oasis/bottle,0
,,,,,,6,local.mqtt.telegraf,55,22.05,,periodic,,63,-4519,31,21,,,5,08a6f75abdf0,,0,274,769,08:A6:F7:5A:BD:F0,,4582,32,2,,42,,,1103708,1782138419024,1103714,1782138419030,,1782138418961,29,2026-06-22T14:26:59.3972654Z,153,,oasis/bottle,0
,,,,,,6,local.mqtt.telegraf,57,40.31,,periodic,,66,-12546,4,1,,,5,08a6f769c348,,0,273,765,08:A6:F7:69:C3:48,,12612,62,2,,65,,,1104536,1782138419852,1104542,1782138419858,,1782138419786,28,2026-06-22T14:27:00.2266438Z,152,,oasis/bottle,0
,,,,,,6,local.mqtt.telegraf,55,22.01,,periodic,,71,-5631,39,29,,,5,08a6f75abdf0,,0,274,770,08:A6:F7:5A:BD:F0,,5702,32,2,,42,,,1104836,1782138420152,1104842,1782138420158,,1782138420081,29,2026-06-22T14:27:00.4910104Z,153,,oasis/bottle,0
,,,,,,5,local.mqtt.telegraf,57,45.76,,periodic,,87,-19285,40,38,,,5,08a6f7bb3c68,,0,274,773,08:A6:F7:BB:3C:68,,19372,47,2,,49,,,1104861,1782138420177,1104866,1782138420182,,1782138420090,28,2026-06-22T14:27:00.530004Z,151,,oasis/bottle,1
,,,,,,6,local.mqtt.telegraf,55,21.91,,periodic,,70,-6682,38,28,,,5,08a6f75abdf0,,0,274,771,08:A6:F7:5A:BD:F0,,6752,32,2,,42,,,1105885,1782138421201,1105891,1782138421207,,1782138421131,29,2026-06-22T14:27:01.5713714Z,153,,oasis/bottle,0
,,,,,,6,local.mqtt.telegraf,56,40.19,,periodic,,77,-14164,15,12,,,5,08a6f769c348,,0,273,766,08:A6:F7:69:C3:48,,14241,62,2,,65,,,1106176,1782138421492,1106182,1782138421498,,1782138421415,28,2026-06-22T14:27:01.8404801Z,152,,oasis/bottle,0
,,,,,,6,local.mqtt.telegraf,57,46.07,,periodic,,78,-440,44,42,,,5,08a6f7bb3c68,,0,274,774,08:A6:F7:BB:3C:68,,518,34,2,,36,,,1106202,1782138421518,1106208,1782138421524,,1782138421440,28,2026-06-22T14:27:01.8758639Z,154,,oasis/bottle,0
,,,,,,7,local.mqtt.telegraf,55,22.05,,periodic,,61,-8221,29,19,,,5,08a6f75abdf0,,0,274,772,08:A6:F7:5A:BD:F0,,8282,32,2,,42,,,1107406,1782138422722,1107413,1782138422729,,1782138422661,29,2026-06-22T14:27:03.0917763Z,153,,oasis/bottle,0
,,,,,,6,local.mqtt.telegraf,56,40.19,,periodic,,67,-15644,5,2,,,5,08a6f769c348,,0,273,767,08:A6:F7:69:C3:48,,15711,62,2,,65,,,1107636,1782138422952,1107642,1782138422958,,1782138422885,28,2026-06-22T14:27:03.31981Z,152,,oasis/bottle,0
,,,,,,7,local.mqtt.telegraf,57,45.89,,periodic,,73,-1944,39,37,,,5,08a6f7bb3c68,,0,273,775,08:A6:F7:BB:3C:68,,2017,34,2,,36,,,1107696,1782138423012,1107703,1782138423019,,1782138422939,28,2026-06-22T14:27:03.3746149Z,154,,oasis/bottle,0
,,,,,,6,local.mqtt.telegraf,55,21.99,,periodic,,69,-9426,37,27,,,5,08a6f75abdf0,,0,273,773,08:A6:F7:5A:BD:F0,,9495,32,2,,42,,,1108626,1782138423943,1108633,1782138423949,,1782138423874,29,2026-06-22T14:27:04.3141808Z,153,,oasis/bottle,0
,,,,,,6,local.mqtt.telegraf,56,40.16,,periodic,,67,-16774,5,2,,,5,08a6f769c348,,0,273,768,08:A6:F7:69:C3:48,,16841,62,2,,65,,,1108766,1782138424082,1108772,1782138424088,,1782138424015,28,2026-06-22T14:27:04.4600096Z,152,,oasis/bottle,0
,,,,,,6,local.mqtt.telegraf,57,45.87,,periodic,,72,-3136,38,36,,,5,08a6f7bb3c68,,0,273,776,08:A6:F7:BB:3C:68,,3208,34,2,,36,,,1108886,1782138424202,1108892,1782138424208,,1782138424130,28,2026-06-22T14:27:04.5650007Z,154,,oasis/bottle,0
,,,,,,6,local.mqtt.telegraf,56,40.01,,periodic,,84,-17818,22,19,,,5,08a6f769c348,,0,273,769,08:A6:F7:69:C3:48,,17902,62,2,,65,,,1109844,1782138425160,1109850,1782138425166,,1782138425076,28,2026-06-22T14:27:05.5023326Z,152,,oasis/bottle,0
,,,,,,6,local.mqtt.telegraf,55,22.11,,periodic,,66,-10676,34,24,,,5,08a6f75abdf0,,0,274,774,08:A6:F7:5A:BD:F0,,10742,32,2,,42,,,1109871,1782138425187,1109877,1782138425193,,1782138425121,29,2026-06-22T14:27:05.5404333Z,153,,oasis/bottle,0
,,,,,,6,local.mqtt.telegraf,56,45.87,,periodic,,73,-4324,39,37,,,5,08a6f7bb3c68,,0,273,777,08:A6:F7:BB:3C:68,,4397,34,2,,36,,,1110076,1782138425392,1110082,1782138425398,,1782138425319,28,2026-06-22T14:27:05.7665745Z,154,,oasis/bottle,0
,,,,,,6,local.mqtt.telegraf,55,22.04,,periodic,,71,-11941,39,29,,,5,08a6f75abdf0,,0,274,775,08:A6:F7:5A:BD:F0,,12012,32,2,,42,,,1111146,1782138426462,1111152,1782138426468,,1782138426391,29,2026-06-22T14:27:06.8336764Z,153,,oasis/bottle,0
,,,,,,6,local.mqtt.telegraf,57,45.92,,periodic,,72,-5496,38,36,,,5,08a6f7bb3c68,,0,273,778,08:A6:F7:BB:3C:68,,5568,34,2,,36,,,1111246,1782138426562,1111252,1782138426568,,1782138426490,28,2026-06-22T14:27:06.9136694Z,154,,oasis/bottle,0
,,,,,,6,local.mqtt.telegraf,56,40.19,,periodic,,67,-19364,5,2,,,5,08a6f769c348,,0,273,770,08:A6:F7:69:C3:48,,19431,62,2,,65,,,1111356,1782138426672,1111362,1782138426678,,1782138426605,28,2026-06-22T14:27:07.0470736Z,152,,oasis/bottle,0
,,,,,,6,local.mqtt.telegraf,56,45.85,,periodic,,72,-6635,38,36,,,5,08a6f7bb3c68,,0,273,779,08:A6:F7:BB:3C:68,,6707,34,2,,36,,,1112385,1782138427701,1112391,1782138427707,,1782138427629,28,2026-06-22T14:27:08.067448Z,154,,oasis/bottle,0
,,,,,,6,local.mqtt.telegraf,55,21.84,,periodic,,61,-13301,29,19,,,5,08a6f75abdf0,,0,274,776,08:A6:F7:5A:BD:F0,,13362,32,2,,42,,,1112486,1782138427802,1112492,1782138427808,,1782138427741,29,2026-06-22T14:27:08.1157302Z,153,,oasis/bottle,0
,,,,,,6,local.mqtt.telegraf,56,40.23,,periodic,,76,-416,47,45,,,5,08a6f769c348,,0,273,771,08:A6:F7:69:C3:48,,492,29,2,,31,,,1112606,1782138427922,1112612,1782138427928,,1782138427846,28,2026-06-22T14:27:08.3046675Z,155,,oasis/bottle,0
,,,,,,6,local.mqtt.telegraf,57,45.77,,periodic,,73,-7704,39,37,,,5,08a6f7bb3c68,,0,273,780,08:A6:F7:BB:3C:68,,7777,34,2,,36,,,1113456,1782138428772,1113462,1782138428778,,1782138428699,28,2026-06-22T14:27:09.1515137Z,154,,oasis/bottle,0
,,,,,,6,local.mqtt.telegraf,56,40.09,,periodic,,66,-1716,37,35,,,5,08a6f769c348,,0,273,772,08:A6:F7:69:C3:48,,1782,29,2,,31,,,1113886,1782138429202,1113892,1782138429208,,1782138429136,28,2026-06-22T14:27:09.5734727Z,155,,oasis/bottle,0
,,,,,,6,local.mqtt.telegraf,55,21.91,,periodic,,71,-14791,39,29,,,5,08a6f75abdf0,,0,274,777,08:A6:F7:5A:BD:F0,,14862,32,2,,42,,,1113996,1782138429312,1114002,1782138429318,,1782138429241,29,2026-06-22T14:27:09.6489474Z,153,,oasis/bottle,0
,,,,,,7,local.mqtt.telegraf,57,46.02,,periodic,,72,-9256,38,36,,,5,08a6f7bb3c68,,0,273,781,08:A6:F7:BB:3C:68,,9328,34,2,,36,,,1115006,1782138430322,1115013,1782138430329,,1782138430250,28,2026-06-22T14:27:10.7074255Z,154,,oasis/bottle,0
,,,,,,7,local.mqtt.telegraf,55,21.97,,periodic,,62,-16000,30,20,,,5,08a6f75abdf0,,0,274,778,08:A6:F7:5A:BD:F0,,16062,32,2,,42,,,1115187,1782138430503,1115194,1782138430510,,1782138430441,29,2026-06-22T14:27:10.887687Z,153,,oasis/bottle,0
,,,,,,9,local.mqtt.telegraf,56,40.04,,periodic,,77,-3074,48,46,,,5,08a6f769c348,,0,273,773,08:A6:F7:69:C3:48,,3151,29,2,,31,,,1115266,1782138430582,1115275,1782138430591,,1782138430505,28,2026-06-22T14:27:10.9538911Z,155,,oasis/bottle,0
,,,,,,6,local.mqtt.telegraf,56,45.92,,periodic,,72,-10546,38,36,,,5,08a6f7bb3c68,,0,273,782,08:A6:F7:BB:3C:68,,10618,34,2,,36,,,1116296,1782138431612,1116302,1782138431618,,1782138431540,28,2026-06-22T14:27:11.9978777Z,154,,oasis/bottle,0
,,,,,,6,local.mqtt.telegraf,55,22.08,,periodic,,62,-17190,30,20,,,5,08a6f75abdf0,,0,274,779,08:A6:F7:5A:BD:F0,,17252,32,2,,42,,,1116377,1782138431693,1116383,1782138431699,,1782138431631,29,2026-06-22T14:27:12.0641687Z,153,,oasis/bottle,0
,,,,,,6,local.mqtt.telegraf,56,40.01,,periodic,,66,-4626,37,35,,,5,08a6f769c348,,0,273,774,08:A6:F7:69:C3:48,,4692,29,2,,31,,,1116796,1782138432112,1116802,1782138432118,,1782138432046,28,2026-06-22T14:27:12.4889156Z,155,,oasis/bottle,0
,,,,,,6,local.mqtt.telegraf,55,21.96,,periodic,,71,-18371,39,29,,,5,08a6f75abdf0,,0,274,780,08:A6:F7:5A:BD:F0,,18442,32,2,,42,,,1117576,1782138432892,1117582,1782138432898,,1782138432821,29,2026-06-22T14:27:13.2701117Z,153,,oasis/bottle,0
,,,,,,6,local.mqtt.telegraf,56,45.8,,periodic,,80,-11928,46,44,,,5,08a6f7bb3c68,,0,273,783,08:A6:F7:BB:3C:68,,12008,34,2,,36,,,1117694,1782138433010,1117700,1782138433016,,1782138432930,28,2026-06-22T14:27:13.3894666Z,154,,oasis/bottle,0
,,,,,,6,local.mqtt.telegraf,56,40.04,,periodic,,67,-5895,38,36,,,5,08a6f769c348,,0,273,775,08:A6:F7:69:C3:48,,5962,29,2,,31,,,1118066,1782138433383,1118073,1782138433389,,1782138433316,28,2026-06-22T14:27:13.7546931Z,155,,oasis/bottle,0
,,,,,,6,local.mqtt.telegraf,55,21.96,,periodic,,61,-19561,29,19,,,5,08a6f75abdf0,,0,274,781,08:A6:F7:5A:BD:F0,,19622,32,2,,42,,,1118746,1782138434062,1118752,1782138434068,,1782138434001,29,2026-06-22T14:27:14.4371088Z,153,,oasis/bottle,0
,,,,,,6,local.mqtt.telegraf,56,45.95,,periodic,,72,-13496,38,36,,,5,08a6f7bb3c68,,0,273,784,08:A6:F7:BB:3C:68,,13568,34,2,,36,,,1119246,1782138434562,1119252,1782138434568,,1782138434490,28,2026-06-22T14:27:14.9313623Z,154,,oasis/bottle,0
,,,,,,6,local.mqtt.telegraf,56,40.12,,periodic,,66,-7246,37,35,,,5,08a6f769c348,,0,273,776,08:A6:F7:69:C3:48,,7312,29,2,,31,,,1119416,1782138434732,1119422,1782138434738,,1782138434666,28,2026-06-22T14:27:15.1019593Z,155,,oasis/bottle,0
,,,,,,6,local.mqtt.telegraf,55,21.91,,periodic,,73,-455,10,7,,,5,08a6f75abdf0,,0,274,782,08:A6:F7:5A:BD:F0,,528,63,2,,66,,,1119897,1782138435213,1119903,1782138435219,,1782138435140,29,2026-06-22T14:27:15.5891204Z,156,,oasis/bottle,0
,,,,,,6,local.mqtt.telegraf,56,45.49,,periodic,,72,-14816,38,36,,,5,08a6f7bb3c68,,0,273,785,08:A6:F7:BB:3C:68,,14888,34,2,,36,,,1120566,1782138435882,1120572,1782138435888,,1782138435810,28,2026-06-22T14:27:16.2521499Z,154,,oasis/bottle,0
,,,,,,7,local.mqtt.telegraf,56,40.04,,periodic,,67,-8744,38,36,,,5,08a6f769c348,,0,273,777,08:A6:F7:69:C3:48,,8811,29,2,,31,,,1120916,1782138436232,1120923,1782138436239,,1782138436165,28,2026-06-22T14:27:16.6062979Z,155,,oasis/bottle,0
,,,,,,8,local.mqtt.telegraf,55,21.74,,periodic,,72,-1546,9,6,,,5,08a6f75abdf0,,0,274,783,08:A6:F7:5A:BD:F0,,1618,63,2,,66,,,1120985,1782138436302,1120994,1782138436310,,1782138436230,29,2026-06-22T14:27:16.6674515Z,156,,oasis/bottle,0
,,,,,,6,local.mqtt.telegraf,56,45.37,,periodic,,73,-16264,39,37,,,5,08a6f7bb3c68,,0,273,786,08:A6:F7:BB:3C:68,,16337,34,2,,36,,,1122016,1782138437332,1122022,1782138437338,,1782138437259,28,2026-06-22T14:27:17.7001212Z,154,,oasis/bottle,0
,,,,,,6,local.mqtt.telegraf,56,39.94,,periodic,,66,-9936,37,35,,,5,08a6f769c348,,0,273,778,08:A6:F7:69:C3:48,,10002,29,2,,31,,,1122106,1782138437422,1122112,1782138437428,,1782138437356,28,2026-06-22T14:27:17.7549195Z,155,,oasis/bottle,0
,,,,,,6,local.mqtt.telegraf,55,21.84,,periodic,,72,-3166,9,6,,,5,08a6f75abdf0,,0,274,784,08:A6:F7:5A:BD:F0,,3238,63,2,,66,,,1122606,1782138437922,1122612,1782138437928,,1782138437850,29,2026-06-22T14:27:18.3017716Z,156,,oasis/bottle,0
,,,,,,6,local.mqtt.telegraf,56,45.63,,periodic,,73,-17344,39,37,,,5,08a6f7bb3c68,,0,273,787,08:A6:F7:BB:3C:68,,17417,34,2,,36,,,1123096,1782138438412,1123102,1782138438418,,1782138438339,28,2026-06-22T14:27:18.7852269Z,154,,oasis/bottle,0
,,,,,,6,local.mqtt.telegraf,56,40.12,,periodic,,77,-11094,48,46,,,5,08a6f769c348,,0,273,779,08:A6:F7:69:C3:48,,11171,29,2,,31,,,1123286,1782138438602,1123292,1782138438608,,1782138438525,28,2026-06-22T14:27:18.9875155Z,155,,oasis/bottle,0
,,,,,,7,local.mqtt.telegraf,55,22.07,,periodic,,62,-4566,-1,-4,,,5,08a6f75abdf0,,0,274,785,08:A6:F7:5A:BD:F0,,4628,63,2,,66,,,1123986,1782138439302,1123992,1782138439309,,1782138439240,29,2026-06-22T14:27:19.6715533Z,156,,oasis/bottle,0
,,,,,,6,local.mqtt.telegraf,56,40.09,,periodic,,67,-12254,38,36,,,5,08a6f769c348,,0,273,780,08:A6:F7:69:C3:48,,12321,29,2,,31,,,1124426,1782138439742,1124432,1782138439748,,1782138439675,28,2026-06-22T14:27:20.1190997Z,155,,oasis/bottle,0
,,,,,,6,local.mqtt.telegraf,56,45.53,,periodic,,73,-18914,39,37,,,5,08a6f7bb3c68,,0,273,788,08:A6:F7:BB:3C:68,,18987,34,2,,36,,,1124666,1782138439982,1124672,1782138439988,,1782138439909,28,2026-06-22T14:27:20.3532306Z,154,,oasis/bottle,0
,,,,,,6,local.mqtt.telegraf,56,40.05,,periodic,,77,-13334,48,46,,,5,08a6f769c348,,0,273,781,08:A6:F7:69:C3:48,,13411,29,2,,31,,,1125526,1782138440842,1125532,1782138440848,,1782138440765,28,2026-06-22T14:27:21.1920688Z,155,,oasis/bottle,0
,,,,,,6,local.mqtt.telegraf,55,21.91,,periodic,,72,-6126,9,6,,,5,08a6f75abdf0,,0,274,786,08:A6:F7:5A:BD:F0,,6198,63,2,,66,,,1125566,1782138440882,1125572,1782138440888,,1782138440810,29,2026-06-22T14:27:21.2278923Z,156,,oasis/bottle,0
,,,,,,6,local.mqtt.telegraf,56,45.73,,periodic,,72,-20256,38,36,,,5,08a6f7bb3c68,,0,273,789,08:A6:F7:BB:3C:68,,20328,34,2,,36,,,1126006,1782138441322,1126012,1782138441328,,1782138441250,28,2026-06-22T14:27:21.6990214Z,154,,oasis/bottle,0
,,,,,,6,local.mqtt.telegraf,55,21.88,,periodic,,62,-7486,-1,-4,,,5,08a6f75abdf0,,0,274,787,08:A6:F7:5A:BD:F0,,7548,63,2,,66,,,1126906,1782138442222,1126912,1782138442228,,1782138442160,29,2026-06-22T14:27:22.5889275Z,156,,oasis/bottle,0
,,,,,,6,local.mqtt.telegraf,56,40.11,,periodic,,66,-14936,37,35,,,5,08a6f769c348,,0,273,782,08:A6:F7:69:C3:48,,15002,29,2,,31,,,1127106,1782138442422,1127112,1782138442428,,1782138442356,28,2026-06-22T14:27:22.7976519Z,155,,oasis/bottle,0
,,,,,,6,local.mqtt.telegraf,56,45.6,,periodic,,72,-1280,10,7,,,5,08a6f7bb3c68,,0,274,790,08:A6:F7:BB:3C:68,,1352,62,2,,65,,,1127476,1782138442792,1127482,1782138442798,,1782138442720,28,2026-06-22T14:27:23.1688255Z,157,,oasis/bottle,0
,,,,,,6,local.mqtt.telegraf,55,22.01,,periodic,,72,-8956,9,6,,,5,08a6f75abdf0,,0,274,788,08:A6:F7:5A:BD:F0,,9028,63,2,,66,,,1128396,1782138443712,1128402,1782138443718,,1782138443640,29,2026-06-22T14:27:24.0709297Z,156,,oasis/bottle,0
,,,,,,6,local.mqtt.telegraf,56,40.01,,periodic,,77,-16294,48,46,,,5,08a6f769c348,,0,273,783,08:A6:F7:69:C3:48,,16371,29,2,,31,,,1128486,1782138443802,1128492,1782138443808,,1782138443725,28,2026-06-22T14:27:24.1313812Z,155,,oasis/bottle,0
,,,,,,6,local.mqtt.telegraf,56,45.95,,periodic,,72,-2430,10,7,,,5,08a6f7bb3c68,,0,273,791,08:A6:F7:BB:3C:68,,2502,62,2,,65,,,1128626,1782138443942,1128632,1782138443948,,1782138443870,28,2026-06-22T14:27:24.3143677Z,157,,oasis/bottle,0
,,,,,,6,local.mqtt.telegraf,55,21.84,,periodic,,62,-10136,-1,-4,,,5,08a6f75abdf0,,0,274,789,08:A6:F7:5A:BD:F0,,10198,63,2,,66,,,1129556,1782138444872,1129562,1782138444878,,1782138444810,29,2026-06-22T14:27:25.2503452Z,156,,oasis/bottle,0
,,,,,,6,local.mqtt.telegraf,56,45.76,,periodic,,73,-3518,11,8,,,5,08a6f7bb3c68,,0,273,792,08:A6:F7:BB:3C:68,,3591,62,2,,65,,,1129716,1782138445032,1129722,1782138445038,,1782138444959,28,2026-06-22T14:27:25.4204754Z,157,,oasis/bottle,0
,,,,,,6,local.mqtt.telegraf,56,39.93,,periodic,,66,-17846,37,35,,,5,08a6f769c348,,0,273,784,08:A6:F7:69:C3:48,,17912,29,2,,31,,,1130016,1782138445332,1130022,1782138445338,,1782138445266,28,2026-06-22T14:27:25.7209132Z,155,,oasis/bottle,0
,,,,,,6,local.mqtt.telegraf,55,21.89,,periodic,,72,-11256,9,6,,,5,08a6f75abdf0,,0,274,790,08:A6:F7:5A:BD:F0,,11328,63,2,,66,,,1130696,1782138446012,1130702,1782138446018,,1782138445940,29,2026-06-22T14:27:26.3728623Z,156,,oasis/bottle,0
,,,,,,6,local.mqtt.telegraf,56,45.71,,periodic,,72,-5090,10,7,,,5,08a6f7bb3c68,,0,273,793,08:A6:F7:BB:3C:68,,5162,62,2,,65,,,1131286,1782138446602,1131292,1782138446608,,1782138446530,28,2026-06-22T14:27:26.9450067Z,157,,oasis/bottle,0
,,,,,,6,local.mqtt.telegraf,56,39.98,,periodic,,91,-19090,62,60,,,5,08a6f769c348,,0,273,785,08:A6:F7:69:C3:48,,19181,29,2,,31,,,1131310,1782138446626,1131316,1782138446632,,1782138446535,28,2026-06-22T14:27:26.9842783Z,155,,oasis/bottle,1
,,,,,,7,local.mqtt.telegraf,55,21.88,,periodic,,62,-12336,-1,-4,,,5,08a6f75abdf0,,0,274,791,08:A6:F7:5A:BD:F0,,12398,63,2,,66,,,1131756,1782138447072,1131763,1782138447079,,1782138447010,29,2026-06-22T14:27:27.4500223Z,156,,oasis/bottle,0
,,,,,,6,local.mqtt.telegraf,56,45.75,,periodic,,72,-6439,10,7,,,5,08a6f7bb3c68,,0,273,794,08:A6:F7:BB:3C:68,,6511,62,2,,65,,,1132635,1782138447951,1132641,1782138447957,,1782138447879,28,2026-06-22T14:27:28.2875174Z,157,,oasis/bottle,0
,,,,,,5,local.mqtt.telegraf,56,39.76,,periodic,,86,-240,55,53,,,5,08a6f769c348,,0,273,786,08:A6:F7:69:C3:48,,326,31,2,,33,,,1132661,1782138447977,1132666,1782138447982,,1782138447891,28,2026-06-22T14:27:28.3243854Z,158,,oasis/bottle,0
,,,,,,6,local.mqtt.telegraf,55,21.8,,periodic,,72,-13856,9,6,,,5,08a6f75abdf0,,0,274,792,08:A6:F7:5A:BD:F0,,13928,63,2,,66,,,1133296,1782138448612,1133302,1782138448618,,1782138448540,29,2026-06-22T14:27:28.9842838Z,156,,oasis/bottle,0
,,,,,,6,local.mqtt.telegraf,56,45.64,,periodic,,73,-7928,11,8,,,5,08a6f7bb3c68,,0,273,795,08:A6:F7:BB:3C:68,,8001,62,2,,65,,,1134126,1782138449442,1134132,1782138449448,,1782138449369,28,2026-06-22T14:27:29.7787444Z,157,,oasis/bottle,0
,,,,,,6,local.mqtt.telegraf,56,39.78,,periodic,,73,-1757,42,40,,,5,08a6f769c348,,0,273,787,08:A6:F7:69:C3:48,,1830,31,2,,33,,,1134152,1782138449468,1134158,1782138449474,,1782138449395,28,2026-06-22T14:27:29.8142334Z,158,,oasis/bottle,0
,,,,,,6,local.mqtt.telegraf,55,21.85,,periodic,,62,-15126,-1,-4,,,5,08a6f75abdf0,,0,274,793,08:A6:F7:5A:BD:F0,,15188,63,2,,66,,,1134546,1782138449862,1134552,1782138449868,,1782138449800,29,2026-06-22T14:27:30.2398661Z,156,,oasis/bottle,0
,,,,,,6,local.mqtt.telegraf,56,45.6,,periodic,,73,-9098,11,8,,,5,08a6f7bb3c68,,0,273,796,08:A6:F7:BB:3C:68,,9171,62,2,,65,,,1135296,1782138450612,1135302,1782138450618,,1782138450539,28,2026-06-22T14:27:30.9754095Z,157,,oasis/bottle,0
,,,,,,6,local.mqtt.telegraf,56,39.76,,periodic,,77,-2943,46,44,,,5,08a6f769c348,,0,273,788,08:A6:F7:69:C3:48,,3020,31,2,,33,,,1135346,1782138450662,1135352,1782138450668,,1782138450585,28,2026-06-22T14:27:31.0376347Z,158,,oasis/bottle,0
,,,,,,6,local.mqtt.telegraf,55,21.7,,periodic,,72,-16426,9,6,,,5,08a6f75abdf0,,0,274,794,08:A6:F7:5A:BD:F0,,16498,63,2,,66,,,1135866,1782138451182,1135872,1782138451188,,1782138451110,29,2026-06-22T14:27:31.5495453Z,156,,oasis/bottle,0
,,,,,,6,local.mqtt.telegraf,56,45.57,,periodic,,73,-10248,11,8,,,5,08a6f7bb3c68,,0,273,797,08:A6:F7:BB:3C:68,,10321,62,2,,65,,,1136446,1782138451762,1136452,1782138451768,,1782138451689,28,2026-06-22T14:27:32.146816Z,157,,oasis/bottle,0
,,,,,,7,local.mqtt.telegraf,56,39.98,,periodic,,67,-4143,36,34,,,5,08a6f769c348,,0,273,789,08:A6:F7:69:C3:48,,4210,31,2,,33,,,1136526,1782138451842,1136533,1782138451849,,1782138451775,28,2026-06-22T14:27:32.2051971Z,158,,oasis/bottle,0
,,,,,,7,local.mqtt.telegraf,55,21.85,,periodic,,62,-17866,-1,-4,,,5,08a6f75abdf0,,0,273,795,08:A6:F7:5A:BD:F0,,17928,63,2,,66,,,1137286,1782138452602,1137293,1782138452609,,1782138452540,29,2026-06-22T14:27:32.9664072Z,156,,oasis/bottle,0
,,,,,,6,local.mqtt.telegraf,56,45.46,,periodic,,73,-11338,11,8,,,5,08a6f7bb3c68,,0,273,798,08:A6:F7:BB:3C:68,,11411,62,2,,65,,,1137536,1782138452852,1137542,1782138452858,,1782138452779,28,2026-06-22T14:27:33.2232506Z,157,,oasis/bottle,0
,,,,,,7,local.mqtt.telegraf,56,40,,periodic,,77,-5303,46,44,,,5,08a6f769c348,,0,273,790,08:A6:F7:69:C3:48,,5380,31,2,,33,,,1137706,1782138453022,1137713,1782138453029,,1782138452945,28,2026-06-22T14:27:33.4065365Z,158,,oasis/bottle,0
,,,,,,6,local.mqtt.telegraf,55,21.87,,periodic,,82,-18896,19,16,,,5,08a6f75abdf0,,0,274,796,08:A6:F7:5A:BD:F0,,18978,63,2,,66,,,1138356,1782138453672,1138362,1782138453678,,1782138453590,29,2026-06-22T14:27:34.0519954Z,156,,oasis/bottle,0
,,,,,,6,local.mqtt.telegraf,56,39.8,,periodic,,66,-6465,35,33,,,5,08a6f769c348,,0,273,791,08:A6:F7:69:C3:48,,6531,31,2,,33,,,1138846,1782138454162,1138852,1782138454168,,1782138454096,28,2026-06-22T14:27:34.5191378Z,158,,oasis/bottle,0
,,,,,,6,local.mqtt.telegraf,56,45.22,,periodic,,73,-12918,11,8,,,5,08a6f7bb3c68,,0,273,799,08:A6:F7:BB:3C:68,,12991,62,2,,65,,,1139116,1782138454432,1139122,1782138454438,,1782138454359,28,2026-06-22T14:27:34.8068894Z,157,,oasis/bottle,0
,,,,,,6,local.mqtt.telegraf,55,21.88,,periodic,,65,-262,35,33,,,5,08a6f75abdf0,,0,274,797,08:A6:F7:5A:BD:F0,,327,30,2,,32,,,1139875,1782138455191,1139881,1782138455197,,1782138455126,29,2026-06-22T14:27:35.5710554Z,159,,oasis/bottle,0
,,,,,,6,local.mqtt.telegraf,56,39.89,,periodic,,77,-7543,46,44,,,5,08a6f769c348,,0,273,792,08:A6:F7:69:C3:48,,7620,31,2,,33,,,1139946,1782138455262,1139952,1782138455268,,1782138455185,28,2026-06-22T14:27:35.6194439Z,158,,oasis/bottle,0
,,,,,,6,local.mqtt.telegraf,56,45.37,,periodic,,73,-14288,11,8,,,5,08a6f7bb3c68,,0,273,800,08:A6:F7:BB:3C:68,,14361,62,2,,65,,,1140486,1782138455802,1140492,1782138455808,,1782138455729,28,2026-06-22T14:27:36.1699692Z,157,,oasis/bottle,0
,,,,,,6,local.mqtt.telegraf,55,21.89,,periodic,,71,-1481,41,39,,,5,08a6f75abdf0,,0,274,798,08:A6:F7:5A:BD:F0,,1552,30,2,,32,,,1141106,1782138456422,1141112,1782138456428,,1782138456351,29,2026-06-22T14:27:36.7893142Z,159,,oasis/bottle,0
,,,,,,6,local.mqtt.telegraf,56,39.84,,periodic,,66,-9135,35,33,,,5,08a6f769c348,,0,273,793,08:A6:F7:69:C3:48,,9201,31,2,,33,,,1141516,1782138456832,1141522,1782138456838,,1782138456766,28,2026-06-22T14:27:37.1955513Z,158,,oasis/bottle,0
,,,,,,6,local.mqtt.telegraf,56,45.6,,periodic,,73,-15808,11,8,,,5,08a6f7bb3c68,,0,273,801,08:A6:F7:BB:3C:68,,15881,62,2,,65,,,1142006,1782138457322,1142012,1782138457328,,1782138457249,28,2026-06-22T14:27:37.6988119Z,157,,oasis/bottle,0
,,,,,,7,local.mqtt.telegraf,55,21.97,,periodic,,61,-2751,31,29,,,5,08a6f75abdf0,,0,274,799,08:A6:F7:5A:BD:F0,,2812,30,2,,32,,,1142356,1782138457672,1142363,1782138457679,,1782138457611,29,2026-06-22T14:27:38.0558923Z,159,,oasis/bottle,0
,,,,,,6,local.mqtt.telegraf,56,39.8,,periodic,,77,-10473,46,44,,,5,08a6f769c348,,0,273,794,08:A6:F7:69:C3:48,,10550,31,2,,33,,,1142876,1782138458192,1142882,1782138458198,,1782138458115,28,2026-06-22T14:27:38.5714481Z,158,,oasis/bottle,0
,,,,,,6,local.mqtt.telegraf,56,45.63,,periodic,,72,-17060,10,7,,,5,08a6f7bb3c68,,0,273,802,08:A6:F7:BB:3C:68,,17132,62,2,,65,,,1143256,1782138458572,1143262,1782138458578,,1782138458500,28,2026-06-22T14:27:38.9490811Z,157,,oasis/bottle,0
,,,,,,6,local.mqtt.telegraf,55,21.77,,periodic,,71,-4051,41,39,,,5,08a6f75abdf0,,0,274,800,08:A6:F7:5A:BD:F0,,4122,30,2,,32,,,1143676,1782138458992,1143682,1782138458998,,1782138458921,29,2026-06-22T14:27:39.366445Z,159,,oasis/bottle,0
,,,,,,6,local.mqtt.telegraf,56,39.93,,periodic,,66,-11995,35,33,,,5,08a6f769c348,,0,273,795,08:A6:F7:69:C3:48,,12061,31,2,,33,,,1144376,1782138459692,1144382,1782138459698,,1782138459626,28,2026-06-22T14:27:40.0619952Z,158,,oasis/bottle,0
,,,,,,10,local.mqtt.telegraf,56,45.73,,periodic,,72,-18350,10,7,,,5,08a6f7bb3c68,,0,274,803,08:A6:F7:BB:3C:68,,18422,62,2,,65,,,1144546,1782138459862,1144556,1782138459872,,1782138459790,28,2026-06-22T14:27:40.2371507Z,157,,oasis/bottle,0
,,,,,,6,local.mqtt.telegraf,55,21.74,,periodic,,61,-5491,31,29,,,5,08a6f75abdf0,,0,274,801,08:A6:F7:5A:BD:F0,,5552,30,2,,32,,,1145096,1782138460412,1145102,1782138460418,,1782138460351,29,2026-06-22T14:27:40.7729775Z,159,,oasis/bottle,0
,,,,,,6,local.mqtt.telegraf,56,39.81,,periodic,,77,-13193,46,44,,,5,08a6f769c348,,0,273,796,08:A6:F7:69:C3:48,,13270,31,2,,33,,,1145596,1782138460912,1145602,1782138460918,,1782138460835,28,2026-06-22T14:27:41.2931343Z,158,,oasis/bottle,0
,,,,,,6,local.mqtt.telegraf,56,45.64,,periodic,,72,-19740,10,7,,,5,08a6f7bb3c68,,0,273,804,08:A6:F7:BB:3C:68,,19812,62,2,,65,,,1145936,1782138461252,1145942,1782138461258,,1782138461180,28,2026-06-22T14:27:41.6294665Z,157,,oasis/bottle,0
,,,,,,6,local.mqtt.telegraf,55,21.81,,periodic,,71,-6521,41,39,,,5,08a6f75abdf0,,0,274,802,08:A6:F7:5A:BD:F0,,6592,30,2,,32,,,1146146,1782138461462,1146152,1782138461468,,1782138461391,29,2026-06-22T14:27:41.8302211Z,159,,oasis/bottle,0
,,,,,,6,local.mqtt.telegraf,56,39.77,,periodic,,66,-14425,35,33,,,5,08a6f769c348,,0,273,797,08:A6:F7:69:C3:48,,14491,31,2,,33,,,1146806,1782138462122,1146811,1782138462128,,1782138462056,28,2026-06-22T14:27:42.4947196Z,158,,oasis/bottle,0
,,,,,,6,local.mqtt.telegraf,56,45.63,,periodic,,72,-1119,41,39,,,5,08a6f7bb3c68,,0,274,805,08:A6:F7:BB:3C:68,,1191,31,2,,33,,,1147506,1782138462822,1147512,1782138462828,,1782138462750,28,2026-06-22T14:27:43.2041448Z,160,,oasis/bottle,0
,,,,,,6,local.mqtt.telegraf,55,21.99,,periodic,,62,-8020,32,30,,,5,08a6f75abdf0,,0,274,803,08:A6:F7:5A:BD:F0,,8082,30,2,,32,,,1147626,1782138462943,1147633,1782138462949,,1782138462881,29,2026-06-22T14:27:43.3399343Z,159,,oasis/bottle,0
,,,,,,6,local.mqtt.telegraf,56,39.84,,periodic,,77,-15643,46,44,,,5,08a6f769c348,,0,273,798,08:A6:F7:69:C3:48,,15720,31,2,,33,,,1148046,1782138463362,1148052,1782138463368,,1782138463285,28,2026-06-22T14:27:43.7307734Z,158,,oasis/bottle,0
,,,,,,6,local.mqtt.telegraf,55,21.97,,periodic,,71,-9181,41,39,,,5,08a6f75abdf0,,0,274,804,08:A6:F7:5A:BD:F0,,9252,30,2,,32,,,1148806,1782138464122,1148812,1782138464128,,1782138464051,29,2026-06-22T14:27:44.470066Z,159,,oasis/bottle,0
,,,,,,6,local.mqtt.telegraf,56,45.34,,periodic,,69,-2452,38,36,,,5,08a6f7bb3c68,,0,273,806,08:A6:F7:BB:3C:68,,2521,31,2,,33,,,1148833,1782138464149,1148839,1782138464155,,1782138464080,28,2026-06-22T14:27:44.5068572Z,160,,oasis/bottle,0
,,,,,,6,local.mqtt.telegraf,56,39.76,,periodic,,67,-16923,36,34,,,5,08a6f769c348,,0,273,799,08:A6:F7:69:C3:48,,16990,31,2,,33,,,1149306,1782138464622,1149312,1782138464628,,1782138464555,28,2026-06-22T14:27:44.9913803Z,158,,oasis/bottle,0
,,,,,,6,local.mqtt.telegraf,55,21.83,,periodic,,61,-10341,31,29,,,5,08a6f75abdf0,,0,274,805,08:A6:F7:5A:BD:F0,,10402,30,2,,32,,,1149946,1782138465262,1149952,1782138465268,,1782138465201,29,2026-06-22T14:27:45.6405321Z,159,,oasis/bottle,0
,,,,,,6,local.mqtt.telegraf,56,45.21,,periodic,,72,-3919,41,39,,,5,08a6f7bb3c68,,0,273,807,08:A6:F7:BB:3C:68,,3991,31,2,,33,,,1150306,1782138465622,1150312,1782138465628,,1782138465550,28,2026-06-22T14:27:45.9854492Z,160,,oasis/bottle,0
,,,,,,6,local.mqtt.telegraf,56,39.77,,periodic,,76,-18245,45,43,,,5,08a6f769c348,,0,273,800,08:A6:F7:69:C3:48,,18321,31,2,,33,,,1150646,1782138465962,1150652,1782138465968,,1782138465886,28,2026-06-22T14:27:46.3330381Z,158,,oasis/bottle,0
,,,,,,6,local.mqtt.telegraf,55,21.7,,periodic,,71,-11411,41,39,,,5,08a6f75abdf0,,0,274,806,08:A6:F7:5A:BD:F0,,11482,30,2,,32,,,1151036,1782138466352,1151042,1782138466358,,1782138466281,29,2026-06-22T14:27:46.7200872Z,159,,oasis/bottle,0
,,,,,,6,local.mqtt.telegraf,56,45.44,,periodic,,73,-5057,42,40,,,5,08a6f7bb3c68,,0,273,808,08:A6:F7:BB:3C:68,,5130,31,2,,33,,,1151446,1782138466762,1151452,1782138466768,,1782138466689,28,2026-06-22T14:27:47.1326481Z,160,,oasis/bottle,0
,,,,,,6,local.mqtt.telegraf,56,39.85,,periodic,,76,-19705,45,43,,,5,08a6f769c348,,0,273,801,08:A6:F7:69:C3:48,,19781,31,2,,33,,,1152106,1782138467422,1152112,1782138467428,,1782138467346,28,2026-06-22T14:27:47.7904176Z,158,,oasis/bottle,0
,,,,,,6,local.mqtt.telegraf,56,45.29,,periodic,,72,-6119,41,39,,,5,08a6f7bb3c68,,0,273,809,08:A6:F7:BB:3C:68,,6191,31,2,,33,,,1152506,1782138467822,1152512,1782138467828,,1782138467750,28,2026-06-22T14:27:48.1891771Z,160,,oasis/bottle,0
,,,,,,6,local.mqtt.telegraf,55,21.7,,periodic,,61,-12991,31,29,,,5,08a6f75abdf0,,0,274,807,08:A6:F7:5A:BD:F0,,13052,30,2,,32,,,1152596,1782138467912,1152602,1782138467918,,1782138467851,29,2026-06-22T14:27:48.2485418Z,159,,oasis/bottle,0
,,,,,,6,local.mqtt.telegraf,56,39.55,,periodic,,77,-394,38,36,,,5,08a6f769c348,,0,273,802,08:A6:F7:69:C3:48,,471,39,2,,41,,,1153226,1782138468542,1153232,1782138468548,,1782138468465,28,2026-06-22T14:27:48.9222143Z,161,,oasis/bottle,0
,,,,,,6,local.mqtt.telegraf,55,21.77,,periodic,,61,-14321,31,29,,,5,08a6f75abdf0,,0,274,808,08:A6:F7:5A:BD:F0,,14382,30,2,,32,,,1153926,1782138469242,1153932,1782138469248,,1782138469181,29,2026-06-22T14:27:49.6205667Z,159,,oasis/bottle,0
,,,,,,6,local.mqtt.telegraf,56,45.1,,periodic,,73,-7647,42,40,,,5,08a6f7bb3c68,,0,273,810,08:A6:F7:BB:3C:68,,7720,31,2,,33,,,1154036,1782138469352,1154042,1782138469358,,1782138469279,28,2026-06-22T14:27:49.6803312Z,160,,oasis/bottle,0
,,,,,,6,local.mqtt.telegraf,56,39.68,,periodic,,67,-1444,28,26,,,5,08a6f769c348,,0,273,803,08:A6:F7:69:C3:48,,1511,39,2,,41,,,1154256,1782138469572,1154262,1782138469578,,1782138469505,28,2026-06-22T14:27:49.9460234Z,161,,oasis/bottle,0
,,,,,,6,local.mqtt.telegraf,56,45.06,,periodic,,72,-8909,41,39,,,5,08a6f7bb3c68,,0,273,811,08:A6:F7:BB:3C:68,,8981,31,2,,33,,,1155296,1782138470612,1155302,1782138470618,,1782138470540,28,2026-06-22T14:27:50.9812109Z,160,,oasis/bottle,0
,,,,,,6,local.mqtt.telegraf,55,21.64,,periodic,,71,-15771,41,39,,,5,08a6f75abdf0,,0,274,809,08:A6:F7:5A:BD:F0,,15842,30,2,,32,,,1155396,1782138470712,1155402,1782138470718,,1782138470641,29,2026-06-22T14:27:51.0407707Z,159,,oasis/bottle,0
,,,,,,6,local.mqtt.telegraf,56,39.76,,periodic,,67,-2914,28,26,,,5,08a6f769c348,,0,273,804,08:A6:F7:69:C3:48,,2981,39,2,,41,,,1155726,1782138471042,1155732,1782138471048,,1782138470975,28,2026-06-22T14:27:51.4203262Z,161,,oasis/bottle,0
,,,,,,7,local.mqtt.telegraf,55,21.58,,periodic,,61,-16901,31,29,,,5,08a6f75abdf0,,0,274,810,08:A6:F7:5A:BD:F0,,16962,30,2,,32,,,1156506,1782138471822,1156513,1782138471829,,1782138471761,29,2026-06-22T14:27:52.2048123Z,159,,oasis/bottle,0
,,,,,,6,local.mqtt.telegraf,57,44.73,,periodic,,64,-10227,33,31,,,5,08a6f7bb3c68,,0,273,812,08:A6:F7:BB:3C:68,,10291,31,2,,33,,,1156598,1782138471914,1156604,1782138471920,,1782138471850,28,2026-06-22T14:27:52.2625832Z,160,,oasis/bottle,0
,,,,,,6,local.mqtt.telegraf,56,39.76,,periodic,,67,-4054,28,26,,,5,08a6f769c348,,0,273,805,08:A6:F7:69:C3:48,,4121,39,2,,41,,,1156866,1782138472182,1156872,1782138472188,,1782138472115,28,2026-06-22T14:27:52.5479277Z,161,,oasis/bottle,0
,,,,,,6,local.mqtt.telegraf,55,21.66,,periodic,,71,-17931,41,39,,,5,08a6f75abdf0,,0,274,811,08:A6:F7:5A:BD:F0,,18002,30,2,,32,,,1157556,1782138472872,1157562,1782138472878,,1782138472801,29,2026-06-22T14:27:53.2449381Z,159,,oasis/bottle,0
,,,,,,6,local.mqtt.telegraf,56,39.7,,periodic,,67,-5134,28,26,,,5,08a6f769c348,,0,273,806,08:A6:F7:69:C3:48,,5201,39,2,,41,,,1157946,1782138473262,1157952,1782138473268,,1782138473195,28,2026-06-22T14:27:53.6386776Z,161,,oasis/bottle,0
,,,,,,7,local.mqtt.telegraf,57,45.06,,periodic,,73,-11638,42,40,,,5,08a6f7bb3c68,,0,274,813,08:A6:F7:BB:3C:68,,11711,31,2,,33,,,1158027,1782138473343,1158034,1782138473350,,1782138473270,28,2026-06-22T14:27:53.6985405Z,160,,oasis/bottle,0
,,,,,,6,local.mqtt.telegraf,55,21.68,,periodic,,61,-19421,31,29,,,5,08a6f75abdf0,,0,274,812,08:A6:F7:5A:BD:F0,,19482,30,2,,32,,,1159026,1782138474342,1159032,1782138474348,,1782138474281,29,2026-06-22T14:27:54.7061843Z,159,,oasis/bottle,0
,,,,,,6,local.mqtt.telegraf,57,44.94,,periodic,,73,-12677,42,40,,,5,08a6f7bb3c68,,0,273,814,08:A6:F7:BB:3C:68,,12750,31,2,,33,,,1159066,1782138474382,1159072,1782138474388,,1782138474309,28,2026-06-22T14:27:54.7657915Z,160,,oasis/bottle,0
,,,,,,6,local.mqtt.telegraf,56,39.54,,periodic,,67,-6694,28,26,,,5,08a6f769c348,,0,273,807,08:A6:F7:69:C3:48,,6761,39,2,,41,,,1159506,1782138474822,1159512,1782138474828,,1782138474755,28,2026-06-22T14:27:55.2064472Z,161,,oasis/bottle,0
,,,,,,7,local.mqtt.telegraf,55,21.73,,periodic,,71,-20581,41,39,,,5,08a6f75abdf0,,0,274,813,08:A6:F7:5A:BD:F0,,20652,30,2,,32,,,1160206,1782138475522,1160212,1782138475529,,1782138475451,29,2026-06-22T14:27:55.9249775Z,159,,oasis/bottle,0
,,,,,,6,local.mqtt.telegraf,58,44.9,,periodic,,72,-14149,41,39,,,5,08a6f7bb3c68,,0,273,815,08:A6:F7:BB:3C:68,,14221,31,2,,33,,,1160536,1782138475852,1160542,1782138475858,,1782138475780,28,2026-06-22T14:27:56.2134919Z,160,,oasis/bottle,0
,,,,,,6,local.mqtt.telegraf,56,39.39,,periodic,,67,-8004,28,26,,,5,08a6f769c348,,0,273,808,08:A6:F7:69:C3:48,,8071,39,2,,41,,,1160816,1782138476132,1160822,1782138476138,,1782138476065,28,2026-06-22T14:27:56.5199015Z,161,,oasis/bottle,0
,,,,,,6,local.mqtt.telegraf,55,21.7,,periodic,,71,-951,18,16,,,5,08a6f75abdf0,,0,274,814,08:A6:F7:5A:BD:F0,,1022,53,2,,55,,,1161336,1782138476652,1161342,1782138476658,,1782138476581,29,2026-06-22T14:27:57.0208282Z,162,,oasis/bottle,0
,,,,,,6,local.mqtt.telegraf,58,44.81,,periodic,,72,-15289,41,39,,,5,08a6f7bb3c68,,0,273,816,08:A6:F7:BB:3C:68,,15361,31,2,,33,,,1161676,1782138476992,1161682,1782138476998,,1782138476920,28,2026-06-22T14:27:57.3627563Z,160,,oasis/bottle,0
,,,,,,6,local.mqtt.telegraf,56,39.33,,periodic,,66,-9436,27,25,,,5,08a6f769c348,,0,273,809,08:A6:F7:69:C3:48,,9502,39,2,,41,,,1162246,1782138477562,1162252,1782138477568,,1782138477496,28,2026-06-22T14:27:57.9382464Z,161,,oasis/bottle,0
,,,,,,7,local.mqtt.telegraf,55,21.69,,periodic,,62,-2020,9,7,,,5,08a6f75abdf0,,0,274,815,08:A6:F7:5A:BD:F0,,2082,53,2,,55,,,1162387,1782138477703,1162394,1782138477710,,1782138477641,29,2026-06-22T14:27:58.0778396Z,162,,oasis/bottle,0
,,,,,,6,local.mqtt.telegraf,58,44.89,,periodic,,72,-16369,41,39,,,5,08a6f7bb3c68,,0,273,817,08:A6:F7:BB:3C:68,,16441,31,2,,33,,,1162756,1782138478072,1162762,1782138478078,,1782138478000,28,2026-06-22T14:27:58.4476543Z,160,,oasis/bottle,0
,,,,,,6,local.mqtt.telegraf,56,39.69,,periodic,,77,-10474,38,36,,,5,08a6f769c348,,0,273,810,08:A6:F7:69:C3:48,,10551,39,2,,41,,,1163306,1782138478622,1163312,1782138478628,,1782138478545,28,2026-06-22T14:27:59.0006673Z,161,,oasis/bottle,0
,,,,,,6,local.mqtt.telegraf,55,21.68,,periodic,,61,-3521,8,6,,,5,08a6f75abdf0,,0,274,816,08:A6:F7:5A:BD:F0,,3582,53,2,,55,,,1163886,1782138479202,1163892,1782138479208,,1782138479141,29,2026-06-22T14:27:59.5660394Z,162,,oasis/bottle,0
,,,,,,6,local.mqtt.telegraf,58,44.51,,periodic,,73,-17937,42,40,,,5,08a6f7bb3c68,,0,273,818,08:A6:F7:BB:3C:68,,18010,31,2,,33,,,1164326,1782138479642,1164332,1782138479648,,1782138479569,28,2026-06-22T14:28:00.0084283Z,160,,oasis/bottle,0
,,,,,,6,local.mqtt.telegraf,56,39.62,,periodic,,67,-11994,28,26,,,5,08a6f769c348,,0,273,811,08:A6:F7:69:C3:48,,12061,39,2,,41,,,1164806,1782138480122,1164812,1782138480128,,1782138480055,28,2026-06-22T14:28:00.4951702Z,161,,oasis/bottle,0
,,,,,,6,local.mqtt.telegraf,55,21.64,,periodic,,71,-4711,18,16,,,5,08a6f75abdf0,,0,274,817,08:A6:F7:5A:BD:F0,,4782,53,2,,55,,,1165096,1782138480412,1165102,1782138480418,,1782138480341,29,2026-06-22T14:28:00.7863564Z,162,,oasis/bottle,0
,,,,,,6,local.mqtt.telegraf,58,44.7,,periodic,,72,-19259,41,39,,,5,08a6f7bb3c68,,0,273,819,08:A6:F7:BB:3C:68,,19331,31,2,,33,,,1165646,1782138480962,1165652,1782138480968,,1782138480890,28,2026-06-22T14:28:01.3361791Z,160,,oasis/bottle,0
,,,,,,6,local.mqtt.telegraf,56,39.47,,periodic,,67,-13194,28,26,,,5,08a6f769c348,,0,273,812,08:A6:F7:69:C3:48,,13261,39,2,,41,,,1166006,1782138481322,1166012,1782138481328,,1782138481255,28,2026-06-22T14:28:01.6943339Z,161,,oasis/bottle,0
,,,,,,6,local.mqtt.telegraf,55,21.57,,periodic,,61,-5941,8,6,,,5,08a6f75abdf0,,0,274,818,08:A6:F7:5A:BD:F0,,6002,53,2,,55,,,1166306,1782138481622,1166312,1782138481628,,1782138481561,29,2026-06-22T14:28:01.9797963Z,162,,oasis/bottle,0
,,,,,,6,local.mqtt.telegraf,58,44.73,,periodic,,71,-490,40,38,,,5,08a6f7bb3c68,,0,274,820,08:A6:F7:BB:3C:68,,561,31,2,,33,,,1167085,1782138482401,1167091,1782138482407,,1782138482330,28,2026-06-22T14:28:02.7768193Z,163,,oasis/bottle,0
,,,,,,7,local.mqtt.telegraf,56,39.55,,periodic,,77,-14384,38,36,,,5,08a6f769c348,,0,273,813,08:A6:F7:69:C3:48,,14461,39,2,,41,,,1167216,1782138482532,1167223,1782138482539,,1782138482455,28,2026-06-22T14:28:02.9128287Z,161,,oasis/bottle,0
,,,,,,6,local.mqtt.telegraf,55,21.66,,periodic,,69,-7145,16,14,,,5,08a6f75abdf0,,0,273,819,08:A6:F7:5A:BD:F0,,7214,53,2,,55,,,1167526,1782138482842,1167532,1782138482848,,1782138482773,29,2026-06-22T14:28:03.2210614Z,162,,oasis/bottle,0
,,,,,,6,local.mqtt.telegraf,58,44.48,,periodic,,72,-1579,41,39,,,5,08a6f7bb3c68,,0,273,821,08:A6:F7:BB:3C:68,,1651,31,2,,33,,,1168176,1782138483492,1168182,1782138483498,,1782138483420,28,2026-06-22T14:28:03.8698438Z,163,,oasis/bottle,0
,,,,,,6,local.mqtt.telegraf,56,39.57,,periodic,,66,-15606,27,25,,,5,08a6f769c348,,0,273,814,08:A6:F7:69:C3:48,,15672,39,2,,41,,,1168416,1782138483732,1168422,1782138483738,,1782138483666,28,2026-06-22T14:28:04.0971454Z,161,,oasis/bottle,0
,,,,,,6,local.mqtt.telegraf,55,21.77,,periodic,,71,-8371,18,16,,,5,08a6f75abdf0,,0,274,820,08:A6:F7:5A:BD:F0,,8442,53,2,,55,,,1168756,1782138484072,1168762,1782138484078,,1782138484001,29,2026-06-22T14:28:04.4566082Z,162,,oasis/bottle,0
,,,,,,6,local.mqtt.telegraf,56,39.38,,periodic,,75,-16806,36,34,,,5,08a6f769c348,,0,273,815,08:A6:F7:69:C3:48,,16881,39,2,,41,,,1169634,1782138484950,1169640,1782138484956,,1782138484875,28,2026-06-22T14:28:05.3023126Z,161,,oasis/bottle,0
,,,,,,6,local.mqtt.telegraf,58,44.83,,periodic,,72,-3149,41,39,,,5,08a6f7bb3c68,,0,273,822,08:A6:F7:BB:3C:68,,3221,31,2,,33,,,1169746,1782138485062,1169752,1782138485068,,1782138484990,28,2026-06-22T14:28:05.3971757Z,163,,oasis/bottle,0
,,,,,,6,local.mqtt.telegraf,55,21.79,,periodic,,61,-9641,8,6,,,5,08a6f75abdf0,,0,274,821,08:A6:F7:5A:BD:F0,,9702,53,2,,55,,,1170006,1782138485322,1170012,1782138485328,,1782138485261,29,2026-06-22T14:28:05.7022731Z,162,,oasis/bottle,0
,,,,,,6,local.mqtt.telegraf,56,39.5,,periodic,,76,-18016,37,35,,,5,08a6f769c348,,0,273,816,08:A6:F7:69:C3:48,,18092,39,2,,41,,,1170846,1782138486162,1170852,1782138486168,,1782138486086,28,2026-06-22T14:28:06.5305391Z,161,,oasis/bottle,0
,,,,,,6,local.mqtt.telegraf,58,44.44,,periodic,,72,-4489,41,39,,,5,08a6f7bb3c68,,0,273,823,08:A6:F7:BB:3C:68,,4561,31,2,,33,,,1171086,1782138486402,1171092,1782138486408,,1782138486330,28,2026-06-22T14:28:06.7691137Z,163,,oasis/bottle,0
,,,,,,6,local.mqtt.telegraf,55,21.77,,periodic,,71,-10941,18,16,,,5,08a6f75abdf0,,0,274,822,08:A6:F7:5A:BD:F0,,11012,53,2,,55,,,1171326,1782138486642,1171332,1782138486648,,1782138486571,29,2026-06-22T14:28:07.0189264Z,162,,oasis/bottle,0
,,,,,,6,local.mqtt.telegraf,56,39.54,,periodic,,67,-19254,28,26,,,5,08a6f769c348,,0,273,817,08:A6:F7:69:C3:48,,19321,39,2,,41,,,1172066,1782138487382,1172072,1782138487388,,1782138487315,28,2026-06-22T14:28:07.75191Z,161,,oasis/bottle,0
,,,,,,6,local.mqtt.telegraf,59,44.58,,periodic,,72,-5959,41,39,,,5,08a6f7bb3c68,,0,274,824,08:A6:F7:BB:3C:68,,6031,31,2,,33,,,1172556,1782138487872,1172562,1782138487878,,1782138487800,28,2026-06-22T14:28:08.2448908Z,163,,oasis/bottle,0
,,,,,,6,local.mqtt.telegraf,55,21.7,,periodic,,71,-12371,18,16,,,5,08a6f75abdf0,,0,274,823,08:A6:F7:5A:BD:F0,,12442,53,2,,55,,,1172756,1782138488072,1172762,1782138488078,,1782138488001,29,2026-06-22T14:28:08.4328544Z,162,,oasis/bottle,0
,,,,,,5,local.mqtt.telegraf,56,39.47,,periodic,,72,-299,41,39,,,5,08a6f769c348,,0,273,818,08:A6:F7:69:C3:48,,371,31,2,,33,,,1173325,1782138488642,1173331,1782138488647,,1782138488570,28,2026-06-22T14:28:09.0132642Z,164,,oasis/bottle,0
,,,,,,6,local.mqtt.telegraf,59,44.62,,periodic,,73,-7107,42,40,,,5,08a6f7bb3c68,,0,273,825,08:A6:F7:BB:3C:68,,7180,31,2,,33,,,1173706,1782138489022,1173712,1782138489028,,1782138488949,28,2026-06-22T14:28:09.3950712Z,163,,oasis/bottle,0
,,,,,,6,local.mqtt.telegraf,55,21.69,,periodic,,61,-13451,8,6,,,5,08a6f75abdf0,,0,274,824,08:A6:F7:5A:BD:F0,,13512,53,2,,55,,,1173816,1782138489132,1173822,1782138489138,,1782138489071,29,2026-06-22T14:28:09.455029Z,162,,oasis/bottle,0
,,,,,,6,local.mqtt.telegraf,56,39.35,,periodic,,63,-1617,32,30,,,5,08a6f769c348,,0,273,819,08:A6:F7:69:C3:48,,1680,31,2,,33,,,1174626,1782138489942,1174632,1782138489948,,1782138489879,28,2026-06-22T14:28:10.3110063Z,164,,oasis/bottle,0
,,,,,,6,local.mqtt.telegraf,59,44.7,,periodic,,72,-8199,41,39,,,5,08a6f7bb3c68,,0,274,826,08:A6:F7:BB:3C:68,,8271,31,2,,33,,,1174796,1782138490112,1174802,1782138490118,,1782138490040,28,2026-06-22T14:28:10.4854235Z,163,,oasis/bottle,0
,,,,,,6,local.mqtt.telegraf,55,21.73,,periodic,,71,-14951,18,16,,,5,08a6f75abdf0,,0,274,825,08:A6:F7:5A:BD:F0,,15022,53,2,,55,,,1175336,1782138490652,1175342,1782138490658,,1782138490581,29,2026-06-22T14:28:11.0160885Z,162,,oasis/bottle,0
,,,,,,6,local.mqtt.telegraf,56,39.41,,periodic,,73,-3017,42,40,,,5,08a6f769c348,,0,273,820,08:A6:F7:69:C3:48,,3090,31,2,,33,,,1176046,1782138491362,1176052,1782138491368,,1782138491289,28,2026-06-22T14:28:11.7325359Z,164,,oasis/bottle,0
,,,,,,6,local.mqtt.telegraf,59,44.7,,periodic,,72,-9809,41,39,,,5,08a6f7bb3c68,,0,273,827,08:A6:F7:BB:3C:68,,9881,31,2,,33,,,1176406,1782138491722,1176412,1782138491728,,1782138491650,28,2026-06-22T14:28:12.0883844Z,163,,oasis/bottle,0
,,,,,,6,local.mqtt.telegraf,55,21.56,,periodic,,61,-16191,8,6,,,5,08a6f75abdf0,,0,274,826,08:A6:F7:5A:BD:F0,,16252,53,2,,55,,,1176556,1782138491872,1176562,1782138491878,,1782138491811,29,2026-06-22T14:28:12.2447057Z,162,,oasis/bottle,0
,,,,,,6,local.mqtt.telegraf,56,39.39,,periodic,,63,-4647,32,30,,,5,08a6f769c348,,0,273,821,08:A6:F7:69:C3:48,,4710,31,2,,33,,,1177656,1782138492972,1177662,1782138492978,,1782138492909,28,2026-06-22T14:28:13.3323573Z,164,,oasis/bottle,0
,,,,,,6,local.mqtt.telegraf,59,44.48,,periodic,,81,-11180,50,48,,,5,08a6f7bb3c68,,0,274,828,08:A6:F7:BB:3C:68,,11261,31,2,,33,,,1177795,1782138493111,1177801,1782138493117,,1782138493030,28,2026-06-22T14:28:13.4634509Z,163,,oasis/bottle,0
,,,,,,13,local.mqtt.telegraf,55,21.66,,periodic,,76,-17426,23,21,,,5,08a6f75abdf0,,0,274,827,08:A6:F7:5A:BD:F0,,17502,53,2,,55,,,1177821,1782138493137,1177834,1782138493150,,1782138493061,29,2026-06-22T14:28:13.5028015Z,162,,oasis/bottle,0
,,,,,,6,local.mqtt.telegraf,56,39.5,,periodic,,72,-6069,41,39,,,5,08a6f769c348,,0,273,822,08:A6:F7:69:C3:48,,6141,31,2,,33,,,1179096,1782138494412,1179102,1782138494418,,1782138494340,28,2026-06-22T14:28:14.7716959Z,164,,oasis/bottle,0
,,,,,,6,local.mqtt.telegraf,55,21.58,,periodic,,67,-18745,14,12,,,5,08a6f75abdf0,,0,274,828,08:A6:F7:5A:BD:F0,,18812,53,2,,55,,,1179122,1782138494438,1179128,1782138494444,,1782138494371,29,2026-06-22T14:28:14.8124391Z,162,,oasis/bottle,0
,,,,,,6,local.mqtt.telegraf,59,44.51,,periodic,,72,-12769,41,39,,,5,08a6f7bb3c68,,0,273,829,08:A6:F7:BB:3C:68,,12841,31,2,,33,,,1179366,1782138494682,1179372,1782138494688,,1782138494610,28,2026-06-22T14:28:15.0604509Z,163,,oasis/bottle,0
,,,,,,6,local.mqtt.telegraf,56,39.3,,periodic,,63,-7147,32,30,,,5,08a6f769c348,,0,273,823,08:A6:F7:69:C3:48,,7210,31,2,,33,,,1180156,1782138495472,1180162,1782138495478,,1782138495409,28,2026-06-22T14:28:15.8389041Z,164,,oasis/bottle,0
,,,,,,6,local.mqtt.telegraf,55,21.7,,periodic,,71,-20151,18,16,,,5,08a6f75abdf0,,0,274,829,08:A6:F7:5A:BD:F0,,20222,53,2,,55,,,1180536,1782138495852,1180542,1782138495858,,1782138495781,29,2026-06-22T14:28:16.2342425Z,162,,oasis/bottle,0
,,,,,,6,local.mqtt.telegraf,59,39.03,,periodic,,72,-14109,41,39,,,5,08a6f7bb3c68,,0,273,830,08:A6:F7:BB:3C:68,,14181,31,2,,33,,,1180706,1782138496022,1180712,1782138496028,,1782138495950,28,2026-06-22T14:28:16.3954606Z,163,,oasis/bottle,0
,,,,,,6,local.mqtt.telegraf,56,39.31,,periodic,,73,-8667,42,40,,,5,08a6f769c348,,0,273,824,08:A6:F7:69:C3:48,,8740,31,2,,33,,,1181696,1782138497012,1181702,1782138497018,,1782138496939,28,2026-06-22T14:28:17.3825187Z,164,,oasis/bottle,0
,,,,,,6,local.mqtt.telegraf,55,21.49,,periodic,,72,-1460,9,7,,,5,08a6f75abdf0,,0,273,830,08:A6:F7:5A:BD:F0,,1532,63,2,,65,,,1182186,1782138497502,1182192,1782138497508,,1782138497430,29,2026-06-22T14:28:17.8391821Z,165,,oasis/bottle,0
,,,,,,6,local.mqtt.telegraf,59,33.97,,periodic,,86,-15585,55,53,,,5,08a6f7bb3c68,,0,273,831,08:A6:F7:BB:3C:68,,15671,31,2,,33,,,1182210,1782138497526,1182216,1782138497532,,1782138497440,28,2026-06-22T14:28:17.8840751Z,163,,oasis/bottle,1
,,,,,,6,local.mqtt.telegraf,56,39.1,,periodic,,63,-9947,32,30,,,5,08a6f769c348,,0,273,825,08:A6:F7:69:C3:48,,10010,31,2,,33,,,1182956,1782138498272,1182962,1782138498278,,1782138498209,28,2026-06-22T14:28:18.6509357Z,164,,oasis/bottle,0
,,,,,,6,local.mqtt.telegraf,59,37.49,,periodic,,72,-16759,41,39,,,5,08a6f7bb3c68,,0,274,832,08:A6:F7:BB:3C:68,,16831,31,2,,33,,,1183356,1782138498672,1183362,1782138498678,,1782138498600,28,2026-06-22T14:28:19.0420724Z,163,,oasis/bottle,0
,,,,,,6,local.mqtt.telegraf,55,21.49,,periodic,,62,-2930,-1,-3,,,5,08a6f75abdf0,,0,274,831,08:A6:F7:5A:BD:F0,,2992,63,2,,65,,,1183636,1782138498952,1183642,1782138498958,,1782138498890,29,2026-06-22T14:28:19.321782Z,165,,oasis/bottle,0
,,,,,,6,local.mqtt.telegraf,56,39.53,,periodic,,72,-11259,41,39,,,5,08a6f769c348,,0,273,826,08:A6:F7:69:C3:48,,11331,31,2,,33,,,1184286,1782138499602,1184292,1782138499608,,1782138499530,28,2026-06-22T14:28:19.9601129Z,164,,oasis/bottle,0
,,,,,,6,local.mqtt.telegraf,59,44.68,,periodic,,72,-17889,41,39,,,5,08a6f7bb3c68,,0,274,833,08:A6:F7:BB:3C:68,,17961,31,2,,33,,,1184486,1782138499802,1184492,1782138499808,,1782138499730,28,2026-06-22T14:28:20.1678116Z,163,,oasis/bottle,0
,,,,,,6,local.mqtt.telegraf,55,21.57,,periodic,,62,-4050,-1,-3,,,5,08a6f75abdf0,,0,274,832,08:A6:F7:5A:BD:F0,,4112,63,2,,65,,,1184756,1782138500072,1184762,1782138500078,,1782138500010,29,2026-06-22T14:28:20.445775Z,165,,oasis/bottle,0
,,,,,,6,local.mqtt.telegraf,59,43.91,,periodic,,72,-18939,41,39,,,5,08a6f7bb3c68,,0,274,834,08:A6:F7:BB:3C:68,,19011,31,2,,33,,,1185536,1782138500852,1185542,1782138500858,,1782138500780,28,2026-06-22T14:28:21.23052Z,163,,oasis/bottle,0
,,,,,,6,local.mqtt.telegraf,56,39.43,,periodic,,63,-12727,32,30,,,5,08a6f769c348,,0,273,827,08:A6:F7:69:C3:48,,12790,31,2,,33,,,1185736,1782138501052,1185742,1782138501058,,1782138500989,28,2026-06-22T14:28:21.4186259Z,164,,oasis/bottle,0
,,,,,,7,local.mqtt.telegraf,55,21.92,,periodic,,62,-5090,-1,-3,,,5,08a6f75abdf0,,0,273,833,08:A6:F7:5A:BD:F0,,5152,63,2,,65,,,1185796,1782138501112,1185803,1782138501119,,1782138501050,29,2026-06-22T14:28:21.4714667Z,165,,oasis/bottle,0
,,,,,,6,local.mqtt.telegraf,56,39.35,,periodic,,72,-13818,41,39,,,5,08a6f769c348,,0,273,828,08:A6:F7:69:C3:48,,13890,31,2,,33,,,1186845,1782138502161,1186851,1782138502167,,1782138502089,28,2026-06-22T14:28:22.5221728Z,164,,oasis/bottle,0
,,,,,,6,local.mqtt.telegraf,59,43.92,,periodic,,77,-249,46,44,,,5,08a6f7bb3c68,,0,274,835,08:A6:F7:BB:3C:68,,326,31,2,,33,,,1187066,1782138502382,1187072,1782138502388,,1782138502305,28,2026-06-22T14:28:22.7543417Z,166,,oasis/bottle,0
,,,,,,6,local.mqtt.telegraf,55,21.69,,periodic,,72,-6560,9,7,,,5,08a6f75abdf0,,0,274,834,08:A6:F7:5A:BD:F0,,6632,63,2,,65,,,1187286,1782138502602,1187292,1782138502608,,1782138502530,29,2026-06-22T14:28:22.9739582Z,165,,oasis/bottle,0
,,,,,,10,local.mqtt.telegraf,59,44.08,,periodic,,72,-1489,41,39,,,5,08a6f7bb3c68,,0,274,836,08:A6:F7:BB:3C:68,,1561,31,2,,33,,,1188296,1782138503612,1188306,1782138503622,,1782138503540,28,2026-06-22T14:28:24.0055792Z,166,,oasis/bottle,0
,,,,,,7,local.mqtt.telegraf,56,39.35,,periodic,,78,-15422,47,45,,,5,08a6f769c348,,0,273,829,08:A6:F7:69:C3:48,,15500,31,2,,33,,,1188461,1782138503777,1188468,1782138503784,,1782138503699,28,2026-06-22T14:28:24.0986352Z,164,,oasis/bottle,0
,,,,,,7,local.mqtt.telegraf,55,21.64,,periodic,,72,-8830,9,7,,,5,08a6f75abdf0,,0,274,836,08:A6:F7:5A:BD:F0,,8902,63,2,,65,,,1189556,1782138504872,1189563,1782138504879,,1782138504800,29,2026-06-22T14:28:25.2084418Z,165,,oasis/bottle,0
,,,,,,6,local.mqtt.telegraf,59,44.15,,periodic,,86,-2745,55,53,,,5,08a6f7bb3c68,,0,274,837,08:A6:F7:BB:3C:68,,2831,31,2,,33,,,1189580,1782138504896,1189586,1782138504902,,1782138504810,28,2026-06-22T14:28:25.2490081Z,166,,oasis/bottle,1
,,,,,,6,local.mqtt.telegraf,56,39.33,,periodic,,73,-16827,42,40,,,5,08a6f769c348,,0,273,830,08:A6:F7:69:C3:48,,16900,31,2,,33,,,1189856,1782138505172,1189862,1782138505178,,1782138505099,28,2026-06-22T14:28:25.5609959Z,164,,oasis/bottle,0
,,,,,,6,local.mqtt.telegraf,59,44.19,,periodic,,72,-4089,41,39,,,5,08a6f7bb3c68,,0,273,838,08:A6:F7:BB:3C:68,,4161,31,2,,33,,,1190896,1782138506212,1190902,1782138506218,,1782138506140,28,2026-06-22T14:28:26.5824864Z,166,,oasis/bottle,0
,,,,,,6,local.mqtt.telegraf,55,21.49,,periodic,,82,-10450,19,17,,,5,08a6f75abdf0,,0,273,837,08:A6:F7:5A:BD:F0,,10532,63,2,,65,,,1191196,1782138506512,1191202,1782138506518,,1782138506430,29,2026-06-22T14:28:26.8868019Z,165,,oasis/bottle,0
,,,,,,6,local.mqtt.telegraf,56,39.33,,periodic,,63,-18447,32,30,,,5,08a6f769c348,,0,273,831,08:A6:F7:69:C3:48,,18510,31,2,,33,,,1191456,1782138506772,1191462,1782138506778,,1782138506709,28,2026-06-22T14:28:27.1526476Z,164,,oasis/bottle,0
,,,,,,6,local.mqtt.telegraf,59,44.16,,periodic,,72,-5539,41,39,,,5,08a6f7bb3c68,,0,273,839,08:A6:F7:BB:3C:68,,5611,31,2,,33,,,1192346,1782138507662,1192352,1782138507668,,1782138507590,28,2026-06-22T14:28:28.0333511Z,166,,oasis/bottle,0
,,,,,,6,local.mqtt.telegraf,54,21.5,,periodic,,63,-11958,0,-2,,,5,08a6f75abdf0,,0,273,838,08:A6:F7:5A:BD:F0,,12021,63,2,,65,,,1192666,1782138507982,1192672,1782138507988,,1782138507919,29,2026-06-22T14:28:28.36939Z,165,,oasis/bottle,0
,,,,,,6,local.mqtt.telegraf,56,39.33,,periodic,,73,-19847,42,40,,,5,08a6f769c348,,0,273,832,08:A6:F7:69:C3:48,,19920,31,2,,33,,,1192876,1782138508192,1192882,1782138508198,,1782138508119,28,2026-06-22T14:28:28.5626999Z,164,,oasis/bottle,0
,,,,,,6,local.mqtt.telegraf,59,44.2,,periodic,,71,-6640,40,38,,,5,08a6f7bb3c68,,0,273,840,08:A6:F7:BB:3C:68,,6711,31,2,,33,,,1193445,1782138508761,1193451,1782138508767,,1782138508690,28,2026-06-22T14:28:29.1348211Z,166,,oasis/bottle,0
,,,,,,6,local.mqtt.telegraf,55,21.64,,periodic,,72,-13080,9,7,,,5,08a6f75abdf0,,0,273,839,08:A6:F7:5A:BD:F0,,13152,63,2,,65,,,1193806,1782138509122,1193812,1782138509128,,1782138509050,29,2026-06-22T14:28:29.4970875Z,165,,oasis/bottle,0
,,,,,,6,local.mqtt.telegraf,56,39.39,,periodic,,73,-1007,42,40,,,5,08a6f769c348,,0,273,833,08:A6:F7:69:C3:48,,1080,31,2,,33,,,1194506,1782138509822,1194512,1782138509828,,1782138509749,28,2026-06-22T14:28:30.1962324Z,167,,oasis/bottle,0
,,,,,,6,local.mqtt.telegraf,55,21.64,,periodic,,62,-14160,-1,-3,,,5,08a6f75abdf0,,0,273,840,08:A6:F7:5A:BD:F0,,14222,63,2,,65,,,1194866,1782138510182,1194872,1782138510188,,1782138510120,29,2026-06-22T14:28:30.5473236Z,165,,oasis/bottle,0
,,,,,,6,local.mqtt.telegraf,58,44.05,,periodic,,72,-8239,41,39,,,5,08a6f7bb3c68,,0,274,841,08:A6:F7:BB:3C:68,,8311,31,2,,33,,,1195046,1782138510362,1195052,1782138510368,,1782138510290,28,2026-06-22T14:28:30.7335351Z,166,,oasis/bottle,0
,,,,,,6,local.mqtt.telegraf,56,39.41,,periodic,,63,-2467,32,30,,,5,08a6f769c348,,0,273,834,08:A6:F7:69:C3:48,,2530,31,2,,33,,,1195946,1782138511262,1195952,1782138511268,,1782138511199,28,2026-06-22T14:28:31.6340516Z,167,,oasis/bottle,0
,,,,,,6,local.mqtt.telegraf,55,21.49,,periodic,,72,-15680,9,7,,,5,08a6f75abdf0,,0,273,841,08:A6:F7:5A:BD:F0,,15752,63,2,,65,,,1196406,1782138511722,1196412,1782138511728,,1782138511650,29,2026-06-22T14:28:32.0687385Z,165,,oasis/bottle,0
,,,,,,13,local.mqtt.telegraf,59,44.05,,periodic,,68,-9632,37,35,,,5,08a6f7bb3c68,,0,273,842,08:A6:F7:BB:3C:68,,9700,31,2,,33,,,1196431,1782138511747,1196444,1782138511760,,1782138511679,28,2026-06-22T14:28:32.1062268Z,166,,oasis/bottle,0
,,,,,,14,local.mqtt.telegraf,56,39.34,,periodic,,63,-3557,32,30,,,5,08a6f769c348,,0,273,835,08:A6:F7:69:C3:48,,3620,31,2,,33,,,1197036,1782138512352,1197050,1782138512366,,1782138512289,28,2026-06-22T14:28:32.738331Z,167,,oasis/bottle,0
,,,,,,6,local.mqtt.telegraf,55,21.57,,periodic,,62,-16990,-1,-3,,,5,08a6f75abdf0,,0,273,842,08:A6:F7:5A:BD:F0,,17052,63,2,,65,,,1197696,1782138513012,1197702,1782138513018,,1782138512950,29,2026-06-22T14:28:33.3964641Z,165,,oasis/bottle,0
,,,,,,6,local.mqtt.telegraf,59,43.49,,periodic,,72,-11209,41,39,,,5,08a6f7bb3c68,,0,274,843,08:A6:F7:BB:3C:68,,11281,31,2,,33,,,1198016,1782138513332,1198022,1782138513338,,1782138513260,28,2026-06-22T14:28:33.7064616Z,166,,oasis/bottle,0
,,,,,,6,local.mqtt.telegraf,56,39.27,,periodic,,73,-5127,42,40,,,5,08a6f769c348,,0,273,836,08:A6:F7:69:C3:48,,5200,31,2,,33,,,1198626,1782138513942,1198632,1782138513948,,1782138513869,28,2026-06-22T14:28:34.3053404Z,167,,oasis/bottle,0
,,,,,,6,local.mqtt.telegraf,55,21.7,,periodic,,72,-18340,9,7,,,5,08a6f75abdf0,,0,273,843,08:A6:F7:5A:BD:F0,,18412,63,2,,65,,,1199066,1782138514382,1199072,1782138514388,,1782138514310,29,2026-06-22T14:28:34.7542547Z,165,,oasis/bottle,0
,,,,,,6,local.mqtt.telegraf,59,44.26,,periodic,,72,-12579,41,39,,,5,08a6f7bb3c68,,0,274,844,08:A6:F7:BB:3C:68,,12651,31,2,,33,,,1199386,1782138514702,1199392,1782138514708,,1782138514630,28,2026-06-22T14:28:35.0754428Z,166,,oasis/bottle,0
,,,,,,6,local.mqtt.telegraf,56,39.31,,periodic,,63,-6497,32,30,,,5,08a6f769c348,,0,273,837,08:A6:F7:69:C3:48,,6560,31,2,,33,,,1199976,1782138515292,1199982,1782138515298,,1782138515229,28,2026-06-22T14:28:35.6864293Z,167,,oasis/bottle,0
,,,,,,6,local.mqtt.telegraf,55,21.66,,periodic,,62,-19870,-1,-3,,,5,08a6f75abdf0,,0,273,844,08:A6:F7:5A:BD:F0,,19932,63,2,,65,,,1200576,1782138515892,1200582,1782138515898,,1782138515830,29,2026-06-22T14:28:36.2657833Z,165,,oasis/bottle,0
,,,,,,6,local.mqtt.telegraf,59,44.15,,periodic,,71,-14110,40,38,,,5,08a6f7bb3c68,,0,273,845,08:A6:F7:BB:3C:68,,14181,31,2,,33,,,1200915,1782138516231,1200921,1782138516237,,1782138516160,28,2026-06-22T14:28:36.6189508Z,166,,oasis/bottle,0
,,,,,,6,local.mqtt.telegraf,56,39.34,,periodic,,73,-8007,42,40,,,5,08a6f769c348,,0,273,838,08:A6:F7:69:C3:48,,8080,31,2,,33,,,1201506,1782138516822,1201512,1782138516828,,1782138516749,28,2026-06-22T14:28:37.2036057Z,167,,oasis/bottle,0
,,,,,,6,local.mqtt.telegraf,55,21.69,,periodic,,72,-889,41,39,,,5,08a6f75abdf0,,0,274,845,08:A6:F7:5A:BD:F0,,961,31,2,,33,,,1201816,1782138517132,1201822,1782138517138,,1782138517060,29,2026-06-22T14:28:37.4956369Z,168,,oasis/bottle,0
,,,,,,6,local.mqtt.telegraf,59,44.27,,periodic,,72,-15359,41,39,,,5,08a6f7bb3c68,,0,273,846,08:A6:F7:BB:3C:68,,15431,31,2,,33,,,1202166,1782138517482,1202172,1782138517488,,1782138517410,28,2026-06-22T14:28:37.8566379Z,166,,oasis/bottle,0
,,,,,,6,local.mqtt.telegraf,56,39.33,,periodic,,63,-9257,32,30,,,5,08a6f769c348,,0,273,839,08:A6:F7:69:C3:48,,9320,31,2,,33,,,1202736,1782138518052,1202742,1782138518058,,1782138517989,28,2026-06-22T14:28:38.4142985Z,167,,oasis/bottle,0
,,,,,,6,local.mqtt.telegraf,55,21.69,,periodic,,62,-2169,31,29,,,5,08a6f75abdf0,,0,273,846,08:A6:F7:5A:BD:F0,,2231,31,2,,33,,,1203076,1782138518392,1203082,1782138518398,,1782138518330,29,2026-06-22T14:28:38.760282Z,168,,oasis/bottle,0
,,,,,,6,local.mqtt.telegraf,58,44.11,,periodic,,72,-16669,41,39,,,5,08a6f7bb3c68,,0,274,847,08:A6:F7:BB:3C:68,,16741,31,2,,33,,,1203476,1782138518792,1203482,1782138518798,,1782138518720,28,2026-06-22T14:28:39.1576141Z,166,,oasis/bottle,0
,,,,,,6,local.mqtt.telegraf,56,39.33,,periodic,,73,-10517,42,40,,,5,08a6f769c348,,0,273,840,08:A6:F7:69:C3:48,,10590,31,2,,33,,,1204016,1782138519332,1204022,1782138519338,,1782138519259,28,2026-06-22T14:28:39.6974996Z,167,,oasis/bottle,0
,,,,,,6,local.mqtt.telegraf,55,21.7,,periodic,,69,-3485,38,36,,,5,08a6f75abdf0,,0,273,847,08:A6:F7:5A:BD:F0,,3554,31,2,,33,,,1204406,1782138519722,1204412,1782138519728,,1782138519653,29,2026-06-22T14:28:40.0919221Z,168,,oasis/bottle,0
,,,,,,6,local.mqtt.telegraf,58,44.24,,periodic,,72,-18079,41,39,,,5,08a6f7bb3c68,,0,273,848,08:A6:F7:BB:3C:68,,18151,31,2,,33,,,1204886,1782138520202,1204892,1782138520208,,1782138520130,28,2026-06-22T14:28:40.5689984Z,166,,oasis/bottle,0
,,,,,,6,local.mqtt.telegraf,56,39.37,,periodic,,63,-11887,32,30,,,5,08a6f769c348,,0,273,841,08:A6:F7:69:C3:48,,11950,31,2,,33,,,1205366,1782138520682,1205372,1782138520688,,1782138520619,28,2026-06-22T14:28:41.0627105Z,167,,oasis/bottle,0
,,,,,,6,local.mqtt.telegraf,54,21.69,,periodic,,73,-4927,42,40,,,5,08a6f75abdf0,,0,273,848,08:A6:F7:5A:BD:F0,,5000,31,2,,33,,,1205856,1782138521172,1205862,1782138521178,,1782138521099,29,2026-06-22T14:28:41.554012Z,168,,oasis/bottle,0
,,,,,,6,local.mqtt.telegraf,58,44.34,,periodic,,72,-19699,41,39,,,5,08a6f7bb3c68,,0,273,849,08:A6:F7:BB:3C:68,,19771,31,2,,33,,,1206506,1782138521822,1206512,1782138521828,,1782138521750,28,2026-06-22T14:28:42.2231173Z,166,,oasis/bottle,0
,,,,,,6,local.mqtt.telegraf,56,39.23,,periodic,,73,-13407,42,40,,,5,08a6f769c348,,0,273,842,08:A6:F7:69:C3:48,,13480,31,2,,33,,,1206906,1782138522222,1206912,1782138522228,,1782138522149,28,2026-06-22T14:28:42.576128Z,167,,oasis/bottle,0
,,,,,,6,local.mqtt.telegraf,54,21.74,,periodic,,62,-6039,31,29,,,5,08a6f75abdf0,,0,273,849,08:A6:F7:5A:BD:F0,,6101,31,2,,33,,,1206946,1782138522262,1206952,1782138522268,,1782138522200,29,2026-06-22T14:28:42.6175317Z,168,,oasis/bottle,0
,,,,,,6,local.mqtt.telegraf,58,44.31,,periodic,,71,-710,40,38,,,5,08a6f7bb3c68,,0,273,850,08:A6:F7:BB:3C:68,,781,31,2,,33,,,1207935,1782138523251,1207941,1782138523257,,1782138523180,28,2026-06-22T14:28:43.6181328Z,169,,oasis/bottle,0
,,,,,,6,local.mqtt.telegraf,56,39.31,,periodic,,63,-14677,32,30,,,5,08a6f769c348,,0,273,843,08:A6:F7:69:C3:48,,14740,31,2,,33,,,1208156,1782138523472,1208162,1782138523478,,1782138523409,28,2026-06-22T14:28:43.8431829Z,167,,oasis/bottle,0
,,,,,,6,local.mqtt.telegraf,54,21.58,,periodic,,62,-7629,31,29,,,5,08a6f75abdf0,,0,273,850,08:A6:F7:5A:BD:F0,,7691,31,2,,33,,,1208536,1782138523852,1208542,1782138523858,,1782138523790,29,2026-06-22T14:28:44.2210962Z,168,,oasis/bottle,0
,,,,,,6,local.mqtt.telegraf,58,44.17,,periodic,,73,-1777,42,40,,,5,08a6f7bb3c68,,0,273,851,08:A6:F7:BB:3C:68,,1850,31,2,,33,,,1209006,1782138524322,1209012,1782138524328,,1782138524249,28,2026-06-22T14:28:44.6872576Z,169,,oasis/bottle,0
,,,,,,6,local.mqtt.telegraf,57,39.33,,periodic,,63,-15957,32,30,,,5,08a6f769c348,,0,273,844,08:A6:F7:69:C3:48,,16020,31,2,,33,,,1209436,1782138524752,1209442,1782138524758,,1782138524689,28,2026-06-22T14:28:45.1140817Z,167,,oasis/bottle,0
,,,,,,6,local.mqtt.telegraf,55,21.7,,periodic,,72,-8999,41,39,,,5,08a6f75abdf0,,0,273,851,08:A6:F7:5A:BD:F0,,9071,31,2,,33,,,1209926,1782138525242,1209932,1782138525248,,1782138525170,29,2026-06-22T14:28:45.616959Z,168,,oasis/bottle,0
,,,,,,6,local.mqtt.telegraf,58,44.05,,periodic,,72,-3309,41,39,,,5,08a6f7bb3c68,,0,274,852,08:A6:F7:BB:3C:68,,3381,31,2,,33,,,1210536,1782138525852,1210542,1782138525858,,1782138525780,28,2026-06-22T14:28:46.2231966Z,169,,oasis/bottle,0
,,,,,,6,local.mqtt.telegraf,57,39.21,,periodic,,73,-17307,42,40,,,5,08a6f769c348,,0,273,845,08:A6:F7:69:C3:48,,17380,31,2,,33,,,1210806,1782138526122,1210812,1782138526128,,1782138526049,28,2026-06-22T14:28:46.4931506Z,167,,oasis/bottle,0
,,,,,,6,local.mqtt.telegraf,55,21.68,,periodic,,63,-10597,32,30,,,5,08a6f75abdf0,,0,273,852,08:A6:F7:5A:BD:F0,,10660,31,2,,33,,,1211506,1782138526822,1211512,1782138526828,,1782138526759,29,2026-06-22T14:28:47.1946596Z,168,,oasis/bottle,0
,,,,,,6,local.mqtt.telegraf,57,44.27,,periodic,,72,-4569,41,39,,,5,08a6f7bb3c68,,0,273,853,08:A6:F7:BB:3C:68,,4641,31,2,,33,,,1211796,1782138527112,1211802,1782138527118,,1782138527040,28,2026-06-22T14:28:47.4843913Z,169,,oasis/bottle,0
,,,,,,7,local.mqtt.telegraf,57,39.18,,periodic,,63,-18847,32,30,,,5,08a6f769c348,,0,273,846,08:A6:F7:69:C3:48,,18910,31,2,,33,,,1212326,1782138527642,1212333,1782138527649,,1782138527579,28,2026-06-22T14:28:48.0094693Z,167,,oasis/bottle,0
,,,,,,6,local.mqtt.telegraf,55,21.69,,periodic,,72,-11929,41,39,,,5,08a6f75abdf0,,0,274,853,08:A6:F7:5A:BD:F0,,12001,31,2,,33,,,1212856,1782138528172,1212862,1782138528178,,1782138528100,29,2026-06-22T14:28:48.539688Z,168,,oasis/bottle,0
,,,,,,6,local.mqtt.telegraf,57,44.12,,periodic,,72,-5889,41,39,,,5,08a6f7bb3c68,,0,273,854,08:A6:F7:BB:3C:68,,5961,31,2,,33,,,1213116,1782138528432,1213122,1782138528438,,1782138528360,28,2026-06-22T14:28:48.8127971Z,169,,oasis/bottle,0
,,,,,,7,local.mqtt.telegraf,57,39.25,,periodic,,72,-20089,41,39,,,5,08a6f769c348,,0,274,847,08:A6:F7:69:C3:48,,20161,31,2,,33,,,1213586,1782138528902,1213593,1782138528909,,1782138528830,28,2026-06-22T14:28:49.2688342Z,167,,oasis/bottle,0
,,,,,,6,local.mqtt.telegraf,55,21.66,,periodic,,63,-13437,32,30,,,5,08a6f75abdf0,,0,273,854,08:A6:F7:5A:BD:F0,,13500,31,2,,33,,,1214346,1782138529662,1214352,1782138529668,,1782138529599,29,2026-06-22T14:28:50.0457903Z,168,,oasis/bottle,0
,,,,,,6,local.mqtt.telegraf,57,44.05,,periodic,,72,-7319,41,39,,,5,08a6f7bb3c68,,0,273,855,08:A6:F7:BB:3C:68,,7391,31,2,,33,,,1214546,1782138529862,1214552,1782138529868,,1782138529790,28,2026-06-22T14:28:50.231175Z,169,,oasis/bottle,0
,,,,,,6,local.mqtt.telegraf,57,39.31,,periodic,,62,-1140,14,12,,,5,08a6f769c348,,0,273,848,08:A6:F7:69:C3:48,,1202,48,2,,50,,,1214886,1782138530202,1214892,1782138530208,,1782138530140,28,2026-06-22T14:28:50.587701Z,170,,oasis/bottle,0
,,,,,,7,local.mqtt.telegraf,55,21.8,,periodic,,62,-14619,31,29,,,5,08a6f75abdf0,,0,274,855,08:A6:F7:5A:BD:F0,,14681,31,2,,33,,,1215526,1782138530842,1215533,1782138530849,,1782138530780,29,2026-06-22T14:28:51.2208382Z,168,,oasis/bottle,0
,,,,,,6,local.mqtt.telegraf,57,44.08,,periodic,,73,-8387,42,40,,,5,08a6f7bb3c68,,0,273,856,08:A6:F7:BB:3C:68,,8460,31,2,,33,,,1215616,1782138530932,1215622,1782138530938,,1782138530859,28,2026-06-22T14:28:51.280715Z,169,,oasis/bottle,0
,,,,,,6,local.mqtt.telegraf,57,39.25,,periodic,,73,-2528,25,23,,,5,08a6f769c348,,0,273,849,08:A6:F7:69:C3:48,,2601,48,2,,50,,,1216296,1782138531612,1216302,1782138531618,,1782138531539,28,2026-06-22T14:28:51.9845732Z,170,,oasis/bottle,0
,,,,,,6,local.mqtt.telegraf,55,21.53,,periodic,,72,-15769,41,39,,,5,08a6f75abdf0,,0,273,856,08:A6:F7:5A:BD:F0,,15841,31,2,,33,,,1216696,1782138532012,1216702,1782138532018,,1782138531940,29,2026-06-22T14:28:52.3837639Z,168,,oasis/bottle,0
,,,,,,6,local.mqtt.telegraf,57,44.05,,periodic,,72,-9919,41,39,,,5,08a6f7bb3c68,,0,273,857,08:A6:F7:BB:3C:68,,9991,31,2,,33,,,1217146,1782138532462,1217152,1782138532468,,1782138532390,28,2026-06-22T14:28:52.8340387Z,169,,oasis/bottle,0
,,,,,,6,local.mqtt.telegraf,55,21.61,,periodic,,72,-16889,41,39,,,5,08a6f75abdf0,,0,274,857,08:A6:F7:5A:BD:F0,,16961,31,2,,33,,,1217816,1782138533132,1217822,1782138533138,,1782138533060,29,2026-06-22T14:28:53.5138093Z,168,,oasis/bottle,0
,,,,,,10,local.mqtt.telegraf,57,39.3,,periodic,,63,-4148,15,13,,,5,08a6f769c348,,0,273,850,08:A6:F7:69:C3:48,,4211,48,2,,50,,,1217896,1782138533212,1217906,1782138533222,,1782138533149,28,2026-06-22T14:28:53.5718079Z,170,,oasis/bottle,0
,,,,,,6,local.mqtt.telegraf,57,43.96,,periodic,,73,-11187,42,40,,,5,08a6f7bb3c68,,0,273,858,08:A6:F7:BB:3C:68,,11260,31,2,,33,,,1218416,1782138533732,1218422,1782138533738,,1782138533659,28,2026-06-22T14:28:54.1705919Z,169,,oasis/bottle,0
,,,,,,6,local.mqtt.telegraf,55,21.54,,periodic,,62,-17949,31,29,,,5,08a6f75abdf0,,0,274,858,08:A6:F7:5A:BD:F0,,18011,31,2,,33,,,1218856,1782138534172,1218862,1782138534178,,1782138534110,29,2026-06-22T14:28:54.5469139Z,168,,oasis/bottle,0
,,,,,,6,local.mqtt.telegraf,57,39.18,,periodic,,73,-5548,25,23,,,5,08a6f769c348,,0,273,851,08:A6:F7:69:C3:48,,5621,48,2,,50,,,1219316,1782138534632,1219322,1782138534638,,1782138534559,28,2026-06-22T14:28:55.0242416Z,170,,oasis/bottle,0
,,,,,,6,local.mqtt.telegraf,57,44.04,,periodic,,72,-12509,41,39,,,5,08a6f7bb3c68,,0,273,859,08:A6:F7:BB:3C:68,,12581,31,2,,33,,,1219736,1782138535052,1219742,1782138535058,,1782138534980,28,2026-06-22T14:28:55.4323354Z,169,,oasis/bottle,0
,,,,,,7,local.mqtt.telegraf,55,21.66,,periodic,,72,-19419,41,39,,,5,08a6f75abdf0,,0,274,859,08:A6:F7:5A:BD:F0,,19491,31,2,,33,,,1220346,1782138535662,1220352,1782138535669,,1782138535590,29,2026-06-22T14:28:56.0272791Z,168,,oasis/bottle,0
,,,,,,6,local.mqtt.telegraf,57,39.33,,periodic,,63,-7188,15,13,,,5,08a6f769c348,,0,273,852,08:A6:F7:69:C3:48,,7251,48,2,,50,,,1220936,1782138536252,1220942,1782138536258,,1782138536189,28,2026-06-22T14:28:56.6233031Z,170,,oasis/bottle,0
,,,,,,5,local.mqtt.telegraf,57,44.31,,periodic,,72,-13959,41,39,,,5,08a6f7bb3c68,,0,274,860,08:A6:F7:BB:3C:68,,14031,31,2,,33,,,1221186,1782138536502,1221191,1782138536507,,1782138536430,28,2026-06-22T14:28:56.8887789Z,169,,oasis/bottle,0
,,,,,,6,local.mqtt.telegraf,55,21.56,,periodic,,71,-368,37,35,,,5,08a6f75abdf0,,0,273,860,08:A6:F7:5A:BD:F0,,439,34,2,,36,,,1221506,1782138536822,1221512,1782138536828,,1782138536751,29,2026-06-22T14:28:57.2062427Z,171,,oasis/bottle,0
,,,,,,6,local.mqtt.telegraf,57,43.93,,periodic,,72,-15049,41,39,,,5,08a6f7bb3c68,,0,274,861,08:A6:F7:BB:3C:68,,15121,31,2,,33,,,1222276,1782138537592,1222282,1782138537598,,1782138537520,28,2026-06-22T14:28:57.9648694Z,169,,oasis/bottle,0
,,,,,,7,local.mqtt.telegraf,57,39.19,,periodic,,73,-8618,25,23,,,5,08a6f769c348,,0,273,853,08:A6:F7:69:C3:48,,8691,48,2,,50,,,1222386,1782138537702,1222392,1782138537709,,1782138537629,28,2026-06-22T14:28:58.076041Z,170,,oasis/bottle,0
,,,,,,6,local.mqtt.telegraf,55,21.64,,periodic,,72,-1486,38,36,,,5,08a6f75abdf0,,0,274,861,08:A6:F7:5A:BD:F0,,1558,34,2,,36,,,1222626,1782138537942,1222632,1782138537948,,1782138537870,29,2026-06-22T14:28:58.3112962Z,171,,oasis/bottle,0
,,,,,,6,local.mqtt.telegraf,57,39.02,,periodic,,63,-9718,15,13,,,5,08a6f769c348,,0,273,854,08:A6:F7:69:C3:48,,9781,48,2,,50,,,1223466,1782138538782,1223472,1782138538788,,1782138538719,28,2026-06-22T14:28:59.1367347Z,170,,oasis/bottle,0
,,,,,,6,local.mqtt.telegraf,55,21.57,,periodic,,62,-2536,28,26,,,5,08a6f75abdf0,,0,274,862,08:A6:F7:5A:BD:F0,,2598,34,2,,36,,,1223656,1782138538972,1223662,1782138538978,,1782138538910,29,2026-06-22T14:28:59.3509146Z,171,,oasis/bottle,0
,,,,,,6,local.mqtt.telegraf,57,43.93,,periodic,,72,-16629,41,39,,,5,08a6f7bb3c68,,0,273,862,08:A6:F7:BB:3C:68,,16701,31,2,,33,,,1223856,1782138539172,1223862,1782138539178,,1782138539100,28,2026-06-22T14:28:59.5397771Z,169,,oasis/bottle,0
,,,,,,6,local.mqtt.telegraf,57,39.26,,periodic,,73,-11268,25,23,,,5,08a6f769c348,,0,273,855,08:A6:F7:69:C3:48,,11341,48,2,,50,,,1225036,1782138540352,1225042,1782138540358,,1782138540279,28,2026-06-22T14:29:00.7289025Z,170,,oasis/bottle,0
,,,,,,6,local.mqtt.telegraf,55,21.61,,periodic,,62,-4016,28,26,,,5,08a6f75abdf0,,0,274,863,08:A6:F7:5A:BD:F0,,4078,34,2,,36,,,1225136,1782138540452,1225142,1782138540458,,1782138540390,29,2026-06-22T14:29:00.7843003Z,171,,oasis/bottle,0
,,,,,,8,local.mqtt.telegraf,56,44.05,,periodic,,73,-17987,42,40,,,5,08a6f7bb3c68,,0,273,863,08:A6:F7:BB:3C:68,,18060,31,2,,33,,,1225216,1782138540532,1225224,1782138540540,,1782138540459,28,2026-06-22T14:29:00.8975209Z,169,,oasis/bottle,0
,,,,,,6,local.mqtt.telegraf,55,21.64,,periodic,,72,-5156,38,36,,,5,08a6f75abdf0,,0,274,864,08:A6:F7:5A:BD:F0,,5228,34,2,,36,,,1226296,1782138541612,1226302,1782138541618,,1782138541540,29,2026-06-22T14:29:01.9819338Z,171,,oasis/bottle,0
,,,,,,9,local.mqtt.telegraf,57,39.11,,periodic,,69,-12606,21,19,,,5,08a6f769c348,,0,273,856,08:A6:F7:69:C3:48,,12675,48,2,,50,,,1226366,1782138541682,1226375,1782138541691,,1782138541613,28,2026-06-22T14:29:02.0426453Z,170,,oasis/bottle,0
,,,,,,6,local.mqtt.telegraf,56,43.88,,periodic,,73,-19497,42,40,,,5,08a6f7bb3c68,,0,273,864,08:A6:F7:BB:3C:68,,19570,31,2,,33,,,1226726,1782138542042,1226732,1782138542048,,1782138541969,28,2026-06-22T14:29:02.4188525Z,169,,oasis/bottle,0
,,,,,,6,local.mqtt.telegraf,55,21.66,,periodic,,68,-6263,34,32,,,5,08a6f75abdf0,,0,273,865,08:A6:F7:5A:BD:F0,,6331,34,2,,36,,,1227395,1782138542711,1227401,1782138542717,,1782138542643,29,2026-06-22T14:29:03.0769178Z,171,,oasis/bottle,0
,,,,,,6,local.mqtt.telegraf,57,39.07,,periodic,,73,-14068,25,23,,,5,08a6f769c348,,0,273,857,08:A6:F7:69:C3:48,,14141,48,2,,50,,,1227836,1782138543152,1227842,1782138543158,,1782138543079,28,2026-06-22T14:29:03.5214195Z,170,,oasis/bottle,0
,,,,,,6,local.mqtt.telegraf,56,43.84,,periodic,,72,-510,43,41,,,5,08a6f7bb3c68,,0,274,865,08:A6:F7:BB:3C:68,,582,29,2,,31,,,1227946,1782138543262,1227952,1782138543268,,1782138543190,28,2026-06-22T14:29:03.622642Z,172,,oasis/bottle,0
,,,,,,6,local.mqtt.telegraf,57,39.1,,periodic,,63,-15208,15,13,,,5,08a6f769c348,,0,273,858,08:A6:F7:69:C3:48,,15271,48,2,,50,,,1228956,1782138544272,1228962,1782138544278,,1782138544209,28,2026-06-22T14:29:04.6291937Z,170,,oasis/bottle,0
,,,,,,6,local.mqtt.telegraf,55,21.49,,periodic,,72,-7856,38,36,,,5,08a6f75abdf0,,0,274,866,08:A6:F7:5A:BD:F0,,7928,34,2,,36,,,1228996,1782138544312,1229002,1782138544318,,1782138544240,29,2026-06-22T14:29:04.6850932Z,171,,oasis/bottle,0
,,,,,,6,local.mqtt.telegraf,56,39.11,,periodic,,73,-1748,44,42,,,5,08a6f7bb3c68,,0,273,866,08:A6:F7:BB:3C:68,,1821,29,2,,31,,,1229186,1782138544502,1229192,1782138544508,,1782138544429,28,2026-06-22T14:29:04.866439Z,172,,oasis/bottle,0
,,,,,,6,local.mqtt.telegraf,57,38.9,,periodic,,73,-16248,25,23,,,5,08a6f769c348,,0,273,859,08:A6:F7:69:C3:48,,16321,48,2,,50,,,1230016,1782138545332,1230022,1782138545338,,1782138545259,28,2026-06-22T14:29:05.6986914Z,170,,oasis/bottle,0
,,,,,,6,local.mqtt.telegraf,55,21.49,,periodic,,62,-9266,28,26,,,5,08a6f75abdf0,,0,274,867,08:A6:F7:5A:BD:F0,,9328,34,2,,36,,,1230386,1782138545702,1230392,1782138545708,,1782138545640,29,2026-06-22T14:29:06.0678799Z,171,,oasis/bottle,0
,,,,,,6,local.mqtt.telegraf,56,43.45,,periodic,,82,-3010,53,51,,,5,08a6f7bb3c68,,0,273,867,08:A6:F7:BB:3C:68,,3092,29,2,,31,,,1230466,1782138545782,1230472,1782138545788,,1782138545700,28,2026-06-22T14:29:06.1287708Z,172,,oasis/bottle,0
,,,,,,7,local.mqtt.telegraf,57,38.94,,periodic,,63,-17758,15,13,,,5,08a6f769c348,,0,273,860,08:A6:F7:69:C3:48,,17821,48,2,,50,,,1231506,1782138546822,1231513,1782138546829,,1782138546759,28,2026-06-22T14:29:07.2102219Z,170,,oasis/bottle,0
,,,,,,6,local.mqtt.telegraf,56,43.56,,periodic,,73,-4378,44,42,,,5,08a6f7bb3c68,,0,273,868,08:A6:F7:BB:3C:68,,4451,29,2,,31,,,1231816,1782138547132,1231822,1782138547138,,1782138547059,28,2026-06-22T14:29:07.5155656Z,172,,oasis/bottle,0
,,,,,,6,local.mqtt.telegraf,55,21.5,,periodic,,73,-10844,39,37,,,5,08a6f75abdf0,,0,273,868,08:A6:F7:5A:BD:F0,,10917,34,2,,36,,,1231986,1782138547302,1231992,1782138547308,,1782138547229,29,2026-06-22T14:29:07.6744908Z,171,,oasis/bottle,0
,,,,,,6,local.mqtt.telegraf,57,38.96,,periodic,,73,-18938,25,23,,,5,08a6f769c348,,0,273,861,08:A6:F7:69:C3:48,,19011,48,2,,50,,,1232706,1782138548022,1232712,1782138548028,,1782138547949,28,2026-06-22T14:29:08.3843643Z,170,,oasis/bottle,0
,,,,,,10,local.mqtt.telegraf,56,43.4,,periodic,,73,-5878,44,42,,,5,08a6f7bb3c68,,0,273,869,08:A6:F7:BB:3C:68,,5951,29,2,,31,,,1233316,1782138548632,1233326,1782138548642,,1782138548559,28,2026-06-22T14:29:09.0019691Z,172,,oasis/bottle,0
,,,,,,6,local.mqtt.telegraf,55,21.49,,periodic,,73,-12234,39,37,,,5,08a6f75abdf0,,0,273,869,08:A6:F7:5A:BD:F0,,12307,34,2,,36,,,1233376,1782138548692,1233382,1782138548698,,1782138548619,29,2026-06-22T14:29:09.0582959Z,171,,oasis/bottle,0
,,,,,,6,local.mqtt.telegraf,57,38.88,,periodic,,73,-20128,25,23,,,5,08a6f769c348,,0,273,862,08:A6:F7:69:C3:48,,20201,48,2,,50,,,1233896,1782138549212,1233902,1782138549218,,1782138549139,28,2026-06-22T14:29:09.5945443Z,170,,oasis/bottle,0
,,,,,,6,local.mqtt.telegraf,56,43.06,,periodic,,73,-7088,44,42,,,5,08a6f7bb3c68,,0,273,870,08:A6:F7:BB:3C:68,,7161,29,2,,31,,,1234526,1782138549842,1234532,1782138549848,,1782138549769,28,2026-06-22T14:29:10.216421Z,172,,oasis/bottle,0
,,,,,,6,local.mqtt.telegraf,55,21.49,,periodic,,73,-13804,39,37,,,5,08a6f75abdf0,,0,273,870,08:A6:F7:5A:BD:F0,,13877,34,2,,36,,,1234946,1782138550262,1234952,1782138550268,,1782138550189,29,2026-06-22T14:29:10.6348963Z,171,,oasis/bottle,0
,,,,,,6,local.mqtt.telegraf,57,39.02,,periodic,,73,-988,20,18,,,5,08a6f769c348,,0,273,863,08:A6:F7:69:C3:48,,1061,53,2,,55,,,1235066,1782138550382,1235072,1782138550388,,1782138550309,28,2026-06-22T14:29:10.6943857Z,173,,oasis/bottle,0
,,,,,,6,local.mqtt.telegraf,57,43.45,,periodic,,72,-8300,43,41,,,5,08a6f7bb3c68,,0,273,871,08:A6:F7:BB:3C:68,,8372,29,2,,31,,,1235736,1782138551052,1235742,1782138551058,,1782138550980,28,2026-06-22T14:29:11.4131491Z,172,,oasis/bottle,0
,,,,,,6,local.mqtt.telegraf,57,38.88,,periodic,,63,-2148,10,8,,,5,08a6f769c348,,0,273,864,08:A6:F7:69:C3:48,,2211,53,2,,55,,,1236206,1782138551522,1236212,1782138551528,,1782138551459,28,2026-06-22T14:29:11.9055719Z,173,,oasis/bottle,0
,,,,,,10,local.mqtt.telegraf,55,21.49,,periodic,,62,-15166,28,26,,,5,08a6f75abdf0,,0,273,871,08:A6:F7:5A:BD:F0,,15228,34,2,,36,,,1236286,1782138551602,1236296,1782138551612,,1782138551540,29,2026-06-22T14:29:11.9554841Z,171,,oasis/bottle,0
,,,,,,6,local.mqtt.telegraf,57,43.44,,periodic,,72,-9530,43,41,,,5,08a6f7bb3c68,,0,273,872,08:A6:F7:BB:3C:68,,9602,29,2,,31,,,1236966,1782138552282,1236972,1782138552288,,1782138552210,28,2026-06-22T14:29:12.6593129Z,172,,oasis/bottle,0
,,,,,,6,local.mqtt.telegraf,57,38.88,,periodic,,63,-3228,10,8,,,5,08a6f769c348,,0,273,865,08:A6:F7:69:C3:48,,3291,53,2,,55,,,1237286,1782138552602,1237292,1782138552608,,1782138552539,28,2026-06-22T14:29:12.9888561Z,173,,oasis/bottle,0
,,,,,,6,local.mqtt.telegraf,55,21.5,,periodic,,73,-16634,39,37,,,5,08a6f75abdf0,,0,273,872,08:A6:F7:5A:BD:F0,,16707,34,2,,36,,,1237776,1782138553092,1237782,1782138553098,,1782138553019,29,2026-06-22T14:29:13.4819931Z,171,,oasis/bottle,0
,,,,,,6,local.mqtt.telegraf,56,43.23,,periodic,,72,-10770,43,41,,,5,08a6f7bb3c68,,0,273,873,08:A6:F7:BB:3C:68,,10842,29,2,,31,,,1238206,1782138553522,1238212,1782138553528,,1782138553450,28,2026-06-22T14:29:13.9019827Z,172,,oasis/bottle,0
,,,,,,6,local.mqtt.telegraf,57,38.9,,periodic,,72,-4780,19,17,,,5,08a6f769c348,,0,273,866,08:A6:F7:69:C3:48,,4852,53,2,,55,,,1238856,1782138554172,1238862,1782138554178,,1782138554100,28,2026-06-22T14:29:14.5444342Z,173,,oasis/bottle,0
,,,,,,7,local.mqtt.telegraf,55,21.49,,periodic,,63,-17844,29,27,,,5,08a6f75abdf0,,0,273,873,08:A6:F7:5A:BD:F0,,17907,34,2,,36,,,1238966,1782138554282,1238973,1782138554289,,1782138554219,29,2026-06-22T14:29:14.6178014Z,171,,oasis/bottle,0
,,,,,,6,local.mqtt.telegraf,57,43.36,,periodic,,73,-12058,44,42,,,5,08a6f7bb3c68,,0,273,874,08:A6:F7:BB:3C:68,,12131,29,2,,31,,,1239496,1782138554812,1239502,1782138554818,,1782138554739,28,2026-06-22T14:29:15.1845938Z,172,,oasis/bottle,0
,,,,,,6,local.mqtt.telegraf,55,21.53,,periodic,,73,-18994,39,37,,,5,08a6f75abdf0,,0,273,874,08:A6:F7:5A:BD:F0,,19067,34,2,,36,,,1240136,1782138555452,1240142,1782138555458,,1782138555379,29,2026-06-22T14:29:15.8021396Z,171,,oasis/bottle,0
,,,,,,6,local.mqtt.telegraf,57,38.96,,periodic,,69,-6106,16,14,,,5,08a6f769c348,,0,273,867,08:A6:F7:69:C3:48,,6175,53,2,,55,,,1240176,1782138555492,1240182,1782138555498,,1782138555423,28,2026-06-22T14:29:15.838363Z,173,,oasis/bottle,0
,,,,,,6,local.mqtt.telegraf,57,43.53,,periodic,,72,-13440,43,41,,,5,08a6f7bb3c68,,0,274,875,08:A6:F7:BB:3C:68,,13512,29,2,,31,,,1240876,1782138556192,1240882,1782138556198,,1782138556120,28,2026-06-22T14:29:16.5599397Z,172,,oasis/bottle,0
,,,,,,6,local.mqtt.telegraf,55,21.46,,periodic,,73,-20124,39,37,,,5,08a6f75abdf0,,0,273,875,08:A6:F7:5A:BD:F0,,20197,34,2,,36,,,1241266,1782138556582,1241272,1782138556588,,1782138556509,29,2026-06-22T14:29:16.9556851Z,171,,oasis/bottle,0
,,,,,,5,local.mqtt.telegraf,57,38.72,,periodic,,72,-7540,19,17,,,5,08a6f769c348,,0,273,868,08:A6:F7:69:C3:48,,7612,53,2,,55,,,1241615,1782138556932,1241621,1782138556937,,1782138556860,28,2026-06-22T14:29:17.3040702Z,173,,oasis/bottle,0
,,,,,,6,local.mqtt.telegraf,55,21.49,,periodic,,72,-670,33,31,,,5,08a6f75abdf0,,0,274,876,08:A6:F7:5A:BD:F0,,742,39,2,,41,,,1242346,1782138557662,1242352,1782138557668,,1782138557590,29,2026-06-22T14:29:18.0564534Z,174,,oasis/bottle,0
,,,,,,6,local.mqtt.telegraf,57,43.45,,periodic,,71,-14982,42,40,,,5,08a6f7bb3c68,,0,273,876,08:A6:F7:BB:3C:68,,15053,29,2,,31,,,1242416,1782138557732,1242422,1782138557738,,1782138557661,28,2026-06-22T14:29:18.1575019Z,172,,oasis/bottle,0
,,,,,,6,local.mqtt.telegraf,57,38.84,,periodic,,62,-8660,9,7,,,5,08a6f769c348,,0,273,869,08:A6:F7:69:C3:48,,8722,53,2,,55,,,1242716,1782138558032,1242722,1782138558038,,1782138557970,28,2026-06-22T14:29:18.6231335Z,173,,oasis/bottle,0
,,,,,,6,local.mqtt.telegraf,57,43.21,,periodic,,72,-16280,43,41,,,5,08a6f7bb3c68,,0,274,877,08:A6:F7:BB:3C:68,,16352,29,2,,31,,,1243716,1782138559032,1243722,1782138559038,,1782138558960,28,2026-06-22T14:29:19.4487972Z,172,,oasis/bottle,0
,,,,,,6,local.mqtt.telegraf,55,21.41,,periodic,,63,-2209,24,22,,,5,08a6f75abdf0,,0,274,877,08:A6:F7:5A:BD:F0,,2272,39,2,,41,,,1243867,1782138559183,1243873,1782138559189,,1782138559120,29,2026-06-22T14:29:19.6678848Z,174,,oasis/bottle,0
,,,,,,6,local.mqtt.telegraf,57,38.76,,periodic,,72,-10230,19,17,,,5,08a6f769c348,,0,273,870,08:A6:F7:69:C3:48,,10302,53,2,,55,,,1244306,1782138559622,1244312,1782138559628,,1782138559550,28,2026-06-22T14:29:20.1257744Z,173,,oasis/bottle,0
,,,,,,6,local.mqtt.telegraf,57,43.13,,periodic,,72,-17660,43,41,,,5,08a6f7bb3c68,,0,273,878,08:A6:F7:BB:3C:68,,17732,29,2,,31,,,1245096,1782138560412,1245102,1782138560418,,1782138560340,28,2026-06-22T14:29:20.7777872Z,172,,oasis/bottle,0
,,,,,,6,local.mqtt.telegraf,55,21.58,,periodic,,72,-3460,33,31,,,5,08a6f75abdf0,,0,274,878,08:A6:F7:5A:BD:F0,,3532,39,2,,41,,,1245136,1782138560452,1245142,1782138560458,,1782138560380,29,2026-06-22T14:29:20.8143237Z,174,,oasis/bottle,0
,,,,,,6,local.mqtt.telegraf,57,38.96,,periodic,,62,-11610,9,7,,,5,08a6f769c348,,0,273,871,08:A6:F7:69:C3:48,,11672,53,2,,55,,,1245666,1782138560982,1245672,1782138560988,,1782138560920,28,2026-06-22T14:29:21.3849973Z,173,,oasis/bottle,0
,,,,,,7,local.mqtt.telegraf,55,21.4,,periodic,,62,-4800,23,21,,,5,08a6f75abdf0,,0,273,879,08:A6:F7:5A:BD:F0,,4862,39,2,,41,,,1246456,1782138561772,1246463,1782138561779,,1782138561710,29,2026-06-22T14:29:22.1448188Z,174,,oasis/bottle,0
,,,,,,6,local.mqtt.telegraf,57,43.29,,periodic,,72,-19240,43,41,,,5,08a6f7bb3c68,,0,273,879,08:A6:F7:BB:3C:68,,19312,29,2,,31,,,1246676,1782138561992,1246682,1782138561998,,1782138561920,28,2026-06-22T14:29:22.3677339Z,172,,oasis/bottle,0
,,,,,,6,local.mqtt.telegraf,57,38.86,,periodic,,73,-13128,20,18,,,5,08a6f769c348,,0,273,872,08:A6:F7:69:C3:48,,13201,53,2,,55,,,1247206,1782138562522,1247212,1782138562528,,1782138562449,28,2026-06-22T14:29:22.8900181Z,173,,oasis/bottle,0
,,,,,,6,local.mqtt.telegraf,55,21.36,,periodic,,62,-6230,23,21,,,5,08a6f75abdf0,,0,273,880,08:A6:F7:5A:BD:F0,,6292,39,2,,41,,,1247886,1782138563202,1247892,1782138563208,,1782138563140,29,2026-06-22T14:29:23.5697516Z,174,,oasis/bottle,0
,,,,,,6,local.mqtt.telegraf,58,43.26,,periodic,,72,-369,41,39,,,5,08a6f7bb3c68,,0,274,880,08:A6:F7:BB:3C:68,,441,31,2,,33,,,1248016,1782138563332,1248022,1782138563338,,1782138563260,28,2026-06-22T14:29:23.6936541Z,175,,oasis/bottle,0
,,,,,,6,local.mqtt.telegraf,57,38.83,,periodic,,63,-14408,10,8,,,5,08a6f769c348,,0,273,873,08:A6:F7:69:C3:48,,14471,53,2,,55,,,1248466,1782138563782,1248472,1782138563788,,1782138563719,28,2026-06-22T14:29:24.1479854Z,173,,oasis/bottle,0
,,,,,,6,local.mqtt.telegraf,55,21.4,,periodic,,72,-7280,33,31,,,5,08a6f75abdf0,,0,274,881,08:A6:F7:5A:BD:F0,,7352,39,2,,41,,,1248956,1782138564272,1248962,1782138564278,,1782138564200,29,2026-06-22T14:29:24.6624545Z,174,,oasis/bottle,0
,,,,,,6,local.mqtt.telegraf,58,43.19,,periodic,,72,-1859,41,39,,,5,08a6f7bb3c68,,0,273,881,08:A6:F7:BB:3C:68,,1931,31,2,,33,,,1249506,1782138564822,1249512,1782138564828,,1782138564750,28,2026-06-22T14:29:25.1924667Z,175,,oasis/bottle,0
,,,,,,6,local.mqtt.telegraf,57,38.71,,periodic,,72,-15720,19,17,,,5,08a6f769c348,,0,273,874,08:A6:F7:69:C3:48,,15792,53,2,,55,,,1249796,1782138565112,1249802,1782138565118,,1782138565040,28,2026-06-22T14:29:25.4797878Z,173,,oasis/bottle,0
,,,,,,6,local.mqtt.telegraf,55,21.36,,periodic,,62,-8820,23,21,,,5,08a6f75abdf0,,0,274,882,08:A6:F7:5A:BD:F0,,8882,39,2,,41,,,1250476,1782138565792,1250482,1782138565798,,1782138565730,29,2026-06-22T14:29:26.1522329Z,174,,oasis/bottle,0
,,,,,,6,local.mqtt.telegraf,58,42.95,,periodic,,72,-3029,41,39,,,5,08a6f7bb3c68,,0,273,882,08:A6:F7:BB:3C:68,,3101,31,2,,33,,,1250676,1782138565992,1250682,1782138565998,,1782138565920,28,2026-06-22T14:29:26.3557774Z,175,,oasis/bottle,0
,,,,,,6,local.mqtt.telegraf,56,38.82,,periodic,,63,-17178,10,8,,,5,08a6f769c348,,0,273,875,08:A6:F7:69:C3:48,,17241,53,2,,55,,,1251236,1782138566552,1251242,1782138566558,,1782138566489,28,2026-06-22T14:29:26.9235797Z,173,,oasis/bottle,0
,,,,,,6,local.mqtt.telegraf,55,21.58,,periodic,,73,-10058,34,32,,,5,08a6f75abdf0,,0,273,883,08:A6:F7:5A:BD:F0,,10131,39,2,,41,,,1251736,1782138567052,1251742,1782138567058,,1782138566979,29,2026-06-22T14:29:27.417082Z,174,,oasis/bottle,0
,,,,,,6,local.mqtt.telegraf,59,43.1,,periodic,,72,-4199,41,39,,,5,08a6f7bb3c68,,0,273,883,08:A6:F7:BB:3C:68,,4271,31,2,,33,,,1251846,1782138567162,1251852,1782138567168,,1782138567090,28,2026-06-22T14:29:27.4845864Z,175,,oasis/bottle,0
,,,,,,6,local.mqtt.telegraf,56,38.82,,periodic,,71,-18292,18,16,,,5,08a6f769c348,,0,273,876,08:A6:F7:69:C3:48,,18363,53,2,,55,,,1252366,1782138567682,1252372,1782138567688,,1782138567611,28,2026-06-22T14:29:28.0615617Z,173,,oasis/bottle,0
,,,,,,6,local.mqtt.telegraf,59,43.07,,periodic,,72,-5299,41,39,,,5,08a6f7bb3c68,,0,273,884,08:A6:F7:BB:3C:68,,5371,31,2,,33,,,1252946,1782138568262,1252952,1782138568268,,1782138568190,28,2026-06-22T14:29:28.6347742Z,175,,oasis/bottle,0
,,,,,,6,local.mqtt.telegraf,55,21.42,,periodic,,72,-11370,33,31,,,5,08a6f75abdf0,,0,273,884,08:A6:F7:5A:BD:F0,,11442,39,2,,41,,,1253046,1782138568362,1253052,1782138568368,,1782138568290,29,2026-06-22T14:29:28.6839993Z,174,,oasis/bottle,0
,,,,,,6,local.mqtt.telegraf,57,38.83,,periodic,,63,-19358,10,8,,,5,08a6f769c348,,0,273,877,08:A6:F7:69:C3:48,,19421,53,2,,55,,,1253416,1782138568732,1253422,1782138568738,,1782138568669,28,2026-06-22T14:29:29.1006945Z,173,,oasis/bottle,0
,,,,,,6,local.mqtt.telegraf,55,21.33,,periodic,,71,-12781,32,30,,,5,08a6f75abdf0,,0,273,885,08:A6:F7:5A:BD:F0,,12852,39,2,,41,,,1254455,1782138569771,1254461,1782138569777,,1782138569700,29,2026-06-22T14:29:30.1238972Z,174,,oasis/bottle,0
,,,,,,6,local.mqtt.telegraf,59,43.19,,periodic,,72,-6899,41,39,,,5,08a6f7bb3c68,,0,273,885,08:A6:F7:BB:3C:68,,6971,31,2,,33,,,1254546,1782138569862,1254552,1782138569868,,1782138569790,28,2026-06-22T14:29:30.1940996Z,175,,oasis/bottle,0
,,,,,,6,local.mqtt.telegraf,56,38.71,,periodic,,62,-629,31,29,,,5,08a6f769c348,,0,273,878,08:A6:F7:69:C3:48,,691,31,2,,33,,,1254886,1782138570202,1254892,1782138570208,,1782138570140,28,2026-06-22T14:29:30.5751344Z,176,,oasis/bottle,0
,,,,,,6,local.mqtt.telegraf,59,43.07,,periodic,,72,-8299,41,39,,,5,08a6f7bb3c68,,0,273,886,08:A6:F7:BB:3C:68,,8371,31,2,,33,,,1255946,1782138571262,1255952,1782138571268,,1782138571190,28,2026-06-22T14:29:31.6317875Z,175,,oasis/bottle,0
,,,,,,7,local.mqtt.telegraf,56,38.75,,periodic,,65,-1755,34,32,,,5,08a6f769c348,,0,273,879,08:A6:F7:69:C3:48,,1820,31,2,,33,,,1256018,1782138571334,1256025,1782138571341,,1782138571269,28,2026-06-22T14:29:31.6808397Z,176,,oasis/bottle,0
,,,,,,9,local.mqtt.telegraf,55,21.5,,periodic,,62,-14410,23,21,,,5,08a6f75abdf0,,0,273,886,08:A6:F7:5A:BD:F0,,14472,39,2,,41,,,1256066,1782138571382,1256075,1782138571391,,1782138571320,29,2026-06-22T14:29:31.745021Z,174,,oasis/bottle,0
,,,,,,6,local.mqtt.telegraf,56,38.7,,periodic,,63,-2817,32,30,,,5,08a6f769c348,,0,273,880,08:A6:F7:69:C3:48,,2880,31,2,,33,,,1257076,1782138572392,1257082,1782138572398,,1782138572329,28,2026-06-22T14:29:32.7638925Z,176,,oasis/bottle,0
,,,,,,6,local.mqtt.telegraf,55,21.27,,periodic,,72,-15830,33,31,,,5,08a6f75abdf0,,0,273,887,08:A6:F7:5A:BD:F0,,15902,39,2,,41,,,1257506,1782138572822,1257512,1782138572828,,1782138572750,29,2026-06-22T14:29:33.1649406Z,174,,oasis/bottle,0
,,,,,,6,local.mqtt.telegraf,59,43.19,,periodic,,71,-9890,40,38,,,5,08a6f7bb3c68,,0,273,887,08:A6:F7:BB:3C:68,,9961,31,2,,33,,,1257535,1782138572851,1257541,1782138572857,,1782138572780,28,2026-06-22T14:29:33.2024993Z,175,,oasis/bottle,0
,,,,,,6,local.mqtt.telegraf,55,21.37,,periodic,,62,-16910,23,21,,,5,08a6f75abdf0,,0,274,888,08:A6:F7:5A:BD:F0,,16972,39,2,,41,,,1258566,1782138573882,1258572,1782138573888,,1782138573820,29,2026-06-22T14:29:34.236177Z,174,,oasis/bottle,0
,,,,,,6,local.mqtt.telegraf,56,38.68,,periodic,,71,-4339,40,38,,,5,08a6f769c348,,0,273,881,08:A6:F7:69:C3:48,,4410,31,2,,33,,,1258614,1782138573930,1258620,1782138573936,,1782138573859,28,2026-06-22T14:29:34.2963206Z,176,,oasis/bottle,0
,,,,,,6,local.mqtt.telegraf,59,43.21,,periodic,,72,-11279,41,39,,,5,08a6f7bb3c68,,0,274,888,08:A6:F7:BB:3C:68,,11351,31,2,,33,,,1258926,1782138574242,1258932,1782138574248,,1782138574170,28,2026-06-22T14:29:34.6108046Z,175,,oasis/bottle,0
,,,,,,6,local.mqtt.telegraf,56,38.88,,periodic,,63,-5587,32,30,,,5,08a6f769c348,,0,273,882,08:A6:F7:69:C3:48,,5650,31,2,,33,,,1259846,1782138575162,1259852,1782138575168,,1782138575099,28,2026-06-22T14:29:35.5307157Z,176,,oasis/bottle,0
,,,,,,6,local.mqtt.telegraf,55,21.5,,periodic,,72,-18430,33,31,,,5,08a6f75abdf0,,0,273,889,08:A6:F7:5A:BD:F0,,18502,39,2,,41,,,1260106,1782138575422,1260112,1782138575428,,1782138575350,29,2026-06-22T14:29:35.7964767Z,174,,oasis/bottle,0
,,,,,,6,local.mqtt.telegraf,59,43.11,,periodic,,72,-12859,41,39,,,5,08a6f7bb3c68,,0,274,889,08:A6:F7:BB:3C:68,,12931,31,2,,33,,,1260506,1782138575822,1260512,1782138575828,,1782138575750,28,2026-06-22T14:29:36.1871926Z,175,,oasis/bottle,0
,,,,,,6,local.mqtt.telegraf,56,38.78,,periodic,,73,-6857,42,40,,,5,08a6f769c348,,0,273,883,08:A6:F7:69:C3:48,,6930,31,2,,33,,,1261136,1782138576452,1261142,1782138576458,,1782138576379,28,2026-06-22T14:29:36.8186188Z,176,,oasis/bottle,0
,,,,,,6,local.mqtt.telegraf,54,21.4,,periodic,,62,-19710,23,21,,,5,08a6f75abdf0,,0,273,890,08:A6:F7:5A:BD:F0,,19772,39,2,,41,,,1261366,1782138576682,1261372,1782138576688,,1782138576620,29,2026-06-22T14:29:37.0462832Z,174,,oasis/bottle,0
,,,,,,6,local.mqtt.telegraf,58,42.98,,periodic,,72,-14208,41,39,,,5,08a6f7bb3c68,,0,273,890,08:A6:F7:BB:3C:68,,14280,31,2,,33,,,1261855,1782138577171,1261861,1782138577177,,1782138577099,28,2026-06-22T14:29:37.5527719Z,175,,oasis/bottle,0
,,,,,,6,local.mqtt.telegraf,56,38.59,,periodic,,63,-8237,32,30,,,5,08a6f769c348,,0,273,884,08:A6:F7:69:C3:48,,8300,31,2,,33,,,1262496,1782138577812,1262502,1782138577818,,1782138577749,28,2026-06-22T14:29:38.17715Z,176,,oasis/bottle,0
,,,,,,6,local.mqtt.telegraf,54,21.49,,periodic,,72,-819,41,39,,,5,08a6f75abdf0,,0,274,891,08:A6:F7:5A:BD:F0,,891,31,2,,33,,,1262696,1782138578012,1262702,1782138578018,,1782138577940,29,2026-06-22T14:29:38.3809681Z,177,,oasis/bottle,0
,,,,,,6,local.mqtt.telegraf,58,42.95,,periodic,,72,-15699,41,39,,,5,08a6f7bb3c68,,0,273,891,08:A6:F7:BB:3C:68,,15771,31,2,,33,,,1263346,1782138578662,1263352,1782138578668,,1782138578590,28,2026-06-22T14:29:39.0265215Z,175,,oasis/bottle,0
,,,,,,6,local.mqtt.telegraf,56,38.76,,periodic,,63,-9767,32,30,,,5,08a6f769c348,,0,273,885,08:A6:F7:69:C3:48,,9830,31,2,,33,,,1264026,1782138579342,1264032,1782138579348,,1782138579279,28,2026-06-22T14:29:39.7130207Z,176,,oasis/bottle,0
,,,,,,6,local.mqtt.telegraf,54,21.48,,periodic,,62,-2279,31,29,,,5,08a6f75abdf0,,0,274,892,08:A6:F7:5A:BD:F0,,2341,31,2,,33,,,1264136,1782138579452,1264142,1782138579458,,1782138579390,29,2026-06-22T14:29:39.8267368Z,177,,oasis/bottle,0
,,,,,,6,local.mqtt.telegraf,59,43.06,,periodic,,72,-16889,41,39,,,5,08a6f7bb3c68,,0,274,892,08:A6:F7:BB:3C:68,,16961,31,2,,33,,,1264536,1782138579852,1264542,1782138579858,,1782138579780,28,2026-06-22T14:29:40.2099525Z,175,,oasis/bottle,0
,,,,,,6,local.mqtt.telegraf,54,21.3,,periodic,,72,-3359,41,39,,,5,08a6f75abdf0,,0,273,893,08:A6:F7:5A:BD:F0,,3431,31,2,,33,,,1265236,1782138580552,1265242,1782138580558,,1782138580480,29,2026-06-22T14:29:40.9172161Z,177,,oasis/bottle,0
,,,,,,6,local.mqtt.telegraf,56,38.68,,periodic,,63,-11027,32,30,,,5,08a6f769c348,,0,273,886,08:A6:F7:69:C3:48,,11090,31,2,,33,,,1265286,1782138580602,1265292,1782138580608,,1782138580539,28,2026-06-22T14:29:40.9629653Z,176,,oasis/bottle,0
,,,,,,6,local.mqtt.telegraf,59,43.17,,periodic,,72,-18059,41,39,,,5,08a6f7bb3c68,,0,274,893,08:A6:F7:BB:3C:68,,18131,31,2,,33,,,1265706,1782138581022,1265712,1782138581028,,1782138580950,28,2026-06-22T14:29:41.3887758Z,175,,oasis/bottle,0
,,,,,,6,local.mqtt.telegraf,56,38.6,,periodic,,73,-12327,42,40,,,5,08a6f769c348,,0,273,887,08:A6:F7:69:C3:48,,12400,31,2,,33,,,1266606,1782138581922,1266612,1782138581928,,1782138581849,28,2026-06-22T14:29:42.2823077Z,176,,oasis/bottle,0
,,,,,,6,local.mqtt.telegraf,54,21.37,,periodic,,63,-4957,32,30,,,5,08a6f75abdf0,,0,273,894,08:A6:F7:5A:BD:F0,,5020,31,2,,33,,,1266816,1782138582132,1266822,1782138582138,,1782138582069,29,2026-06-22T14:29:42.4864248Z,177,,oasis/bottle,0
,,,,,,6,local.mqtt.telegraf,59,43.02,,periodic,,68,-19213,37,35,,,5,08a6f7bb3c68,,0,274,894,08:A6:F7:BB:3C:68,,19281,31,2,,33,,,1266852,1782138582168,1266858,1782138582174,,1782138582100,28,2026-06-22T14:29:42.5215617Z,175,,oasis/bottle,0
,,,,,,6,local.mqtt.telegraf,59,43.01,,periodic,,72,-20289,41,39,,,5,08a6f7bb3c68,,0,274,895,08:A6:F7:BB:3C:68,,20361,31,2,,33,,,1267936,1782138583252,1267942,1782138583258,,1782138583180,28,2026-06-22T14:29:43.6392635Z,175,,oasis/bottle,0
,,,,,,6,local.mqtt.telegraf,56,38.56,,periodic,,67,-13774,36,34,,,5,08a6f769c348,,0,273,888,08:A6:F7:69:C3:48,,13841,31,2,,33,,,1268041,1782138583357,1268047,1782138583363,,1782138583290,28,2026-06-22T14:29:43.7095821Z,176,,oasis/bottle,0
,,,,,,6,local.mqtt.telegraf,54,21.49,,periodic,,72,-6309,41,39,,,5,08a6f75abdf0,,0,273,895,08:A6:F7:5A:BD:F0,,6381,31,2,,33,,,1268186,1782138583502,1268192,1782138583508,,1782138583430,29,2026-06-22T14:29:43.8676749Z,177,,oasis/bottle,0
,,,,,,6,local.mqtt.telegraf,56,38.6,,periodic,,73,-14847,42,40,,,5,08a6f769c348,,0,273,889,08:A6:F7:69:C3:48,,14920,31,2,,33,,,1269126,1782138584442,1269132,1782138584448,,1782138584369,28,2026-06-22T14:29:44.8150065Z,176,,oasis/bottle,0
,,,,,,6,local.mqtt.telegraf,59,42.64,,periodic,,72,-1316,48,46,,,5,08a6f7bb3c68,,0,274,896,08:A6:F7:BB:3C:68,,1388,24,2,,26,,,1269496,1782138584812,1269502,1782138584818,,1782138584740,28,2026-06-22T14:29:45.1785693Z,178,,oasis/bottle,0
,,,,,,7,local.mqtt.telegraf,54,21.48,,periodic,,63,-7847,32,30,,,5,08a6f75abdf0,,0,273,896,08:A6:F7:5A:BD:F0,,7910,31,2,,33,,,1269706,1782138585022,1269712,1782138585029,,1782138584959,29,2026-06-22T14:29:45.393526Z,177,,oasis/bottle,0
,,,,,,6,local.mqtt.telegraf,56,38.71,,periodic,,63,-16407,32,30,,,5,08a6f769c348,,0,273,890,08:A6:F7:69:C3:48,,16470,31,2,,33,,,1270666,1782138585982,1270672,1782138585988,,1782138585919,28,2026-06-22T14:29:46.3576956Z,176,,oasis/bottle,0
,,,,,,6,local.mqtt.telegraf,59,42.97,,periodic,,72,-2636,48,46,,,5,08a6f7bb3c68,,0,273,897,08:A6:F7:BB:3C:68,,2708,24,2,,26,,,1270816,1782138586132,1270822,1782138586138,,1782138586060,28,2026-06-22T14:29:46.496208Z,178,,oasis/bottle,0
,,,,,,6,local.mqtt.telegraf,54,21.42,,periodic,,72,-9089,41,39,,,5,08a6f75abdf0,,0,273,897,08:A6:F7:5A:BD:F0,,9161,31,2,,33,,,1270966,1782138586282,1270972,1782138586288,,1782138586210,29,2026-06-22T14:29:46.6478834Z,177,,oasis/bottle,0
,,,,,,6,local.mqtt.telegraf,56,38.64,,periodic,,73,-17687,42,40,,,5,08a6f769c348,,0,273,891,08:A6:F7:69:C3:48,,17760,31,2,,33,,,1271966,1782138587282,1271972,1782138587288,,1782138587209,28,2026-06-22T14:29:47.6594228Z,176,,oasis/bottle,0
,,,,,,7,local.mqtt.telegraf,59,42.98,,periodic,,81,-4058,57,55,,,5,08a6f7bb3c68,,0,273,898,08:A6:F7:BB:3C:68,,4139,24,2,,26,,,1272256,1782138587572,1272263,1782138587579,,1782138587491,28,2026-06-22T14:29:47.9251601Z,178,,oasis/bottle,0
,,,,,,6,local.mqtt.telegraf,54,21.44,,periodic,,87,-10373,56,54,,,5,08a6f75abdf0,,0,273,898,08:A6:F7:5A:BD:F0,,10460,31,2,,33,,,1272280,1782138587596,1272286,1782138587602,,1782138587509,29,2026-06-22T14:29:47.9534095Z,177,,oasis/bottle,1
,,,,,,6,local.mqtt.telegraf,59,42.52,,periodic,,72,-5146,48,46,,,5,08a6f7bb3c68,,0,273,899,08:A6:F7:BB:3C:68,,5218,24,2,,26,,,1273326,1782138588642,1273332,1782138588648,,1782138588570,28,2026-06-22T14:29:48.9938837Z,178,,oasis/bottle,0
,,,,,,6,local.mqtt.telegraf,56,38.64,,periodic,,73,-19087,42,40,,,5,08a6f769c348,,0,273,892,08:A6:F7:69:C3:48,,19160,31,2,,33,,,1273366,1782138588682,1273372,1782138588688,,1782138588609,28,2026-06-22T14:29:49.0303689Z,176,,oasis/bottle,0
,,,,,,6,local.mqtt.telegraf,54,21.44,,periodic,,72,-11779,41,39,,,5,08a6f75abdf0,,0,273,899,08:A6:F7:5A:BD:F0,,11851,31,2,,33,,,1273656,1782138588972,1273662,1782138588978,,1782138588900,29,2026-06-22T14:29:49.3348279Z,177,,oasis/bottle,0
,,,,,,5,local.mqtt.telegraf,59,38.94,,periodic,,80,-6680,56,54,,,5,08a6f7bb3c68,,0,273,900,08:A6:F7:BB:3C:68,,6760,24,2,,26,,,1274875,1782138590192,1274881,1782138590197,,1782138590112,28,2026-06-22T14:29:50.5620336Z,178,,oasis/bottle,0
,,,,,,6,local.mqtt.telegraf,56,38.6,,periodic,,62,-499,31,29,,,5,08a6f769c348,,0,274,893,08:A6:F7:69:C3:48,,561,31,2,,33,,,1274966,1782138590282,1274972,1782138590288,,1782138590220,28,2026-06-22T14:29:50.6211779Z,179,,oasis/bottle,0
,,,,,,6,local.mqtt.telegraf,54,21.48,,periodic,,72,-13369,41,39,,,5,08a6f75abdf0,,0,274,900,08:A6:F7:5A:BD:F0,,13441,31,2,,33,,,1275246,1782138590562,1275252,1782138590568,,1782138590490,29,2026-06-22T14:29:50.9465613Z,177,,oasis/bottle,0
,,,,,,6,local.mqtt.telegraf,59,43.34,,periodic,,72,-7986,48,46,,,5,08a6f7bb3c68,,0,274,901,08:A6:F7:BB:3C:68,,8058,24,2,,26,,,1276166,1782138591482,1276172,1782138591488,,1782138591410,28,2026-06-22T14:29:51.8548575Z,178,,oasis/bottle,0
,,,,,,6,local.mqtt.telegraf,56,38.7,,periodic,,63,-1877,32,30,,,5,08a6f769c348,,0,273,894,08:A6:F7:69:C3:48,,1940,31,2,,33,,,1276346,1782138591662,1276352,1782138591668,,1782138591599,28,2026-06-22T14:29:52.0304768Z,179,,oasis/bottle,0
,,,,,,6,local.mqtt.telegraf,54,21.46,,periodic,,72,-14749,41,39,,,5,08a6f75abdf0,,0,274,901,08:A6:F7:5A:BD:F0,,14821,31,2,,33,,,1276626,1782138591942,1276632,1782138591948,,1782138591870,29,2026-06-22T14:29:52.3137077Z,177,,oasis/bottle,0
,,,,,,6,local.mqtt.telegraf,59,43.27,,periodic,,72,-9366,48,46,,,5,08a6f7bb3c68,,0,274,902,08:A6:F7:BB:3C:68,,9438,24,2,,26,,,1277546,1782138592862,1277552,1782138592868,,1782138592790,28,2026-06-22T14:29:53.2279768Z,178,,oasis/bottle,0
,,,,,,10,local.mqtt.telegraf,56,38.78,,periodic,,73,-3427,42,40,,,5,08a6f769c348,,0,273,895,08:A6:F7:69:C3:48,,3500,31,2,,33,,,1277916,1782138593232,1277926,1782138593242,,1782138593159,28,2026-06-22T14:29:53.6149653Z,179,,oasis/bottle,0
,,,,,,6,local.mqtt.telegraf,54,21.5,,periodic,,62,-16319,31,29,,,5,08a6f75abdf0,,0,273,902,08:A6:F7:5A:BD:F0,,16381,31,2,,33,,,1278176,1782138593492,1278182,1782138593498,,1782138593430,29,2026-06-22T14:29:53.861376Z,177,,oasis/bottle,0
,,,,,,6,local.mqtt.telegraf,59,43.33,,periodic,,72,-10936,48,46,,,5,08a6f7bb3c68,,0,273,903,08:A6:F7:BB:3C:68,,11008,24,2,,26,,,1279116,1782138594432,1279122,1782138594438,,1782138594360,28,2026-06-22T14:29:54.8039868Z,178,,oasis/bottle,0
,,,,,,7,local.mqtt.telegraf,56,38.67,,periodic,,62,-4759,31,29,,,5,08a6f769c348,,0,273,896,08:A6:F7:69:C3:48,,4821,31,2,,33,,,1279226,1782138594542,1279233,1782138594549,,1782138594480,28,2026-06-22T14:29:54.8692713Z,179,,oasis/bottle,0
,,,,,,6,local.mqtt.telegraf,54,21.42,,periodic,,72,-17619,41,39,,,5,08a6f75abdf0,,0,274,903,08:A6:F7:5A:BD:F0,,17691,31,2,,33,,,1279496,1782138594812,1279502,1782138594818,,1782138594740,29,2026-06-22T14:29:55.1687072Z,177,,oasis/bottle,0
,,,,,,6,local.mqtt.telegraf,59,43.23,,periodic,,72,-12256,48,46,,,5,08a6f7bb3c68,,0,273,904,08:A6:F7:BB:3C:68,,12328,24,2,,26,,,1280436,1782138595752,1280442,1782138595758,,1782138595680,28,2026-06-22T14:29:56.1266946Z,178,,oasis/bottle,0
,,,,,,6,local.mqtt.telegraf,56,38.56,,periodic,,72,-6179,41,39,,,5,08a6f769c348,,0,273,897,08:A6:F7:69:C3:48,,6251,31,2,,33,,,1280666,1782138595982,1280672,1782138595988,,1782138595910,28,2026-06-22T14:29:56.359153Z,179,,oasis/bottle,0
,,,,,,6,local.mqtt.telegraf,54,21.45,,periodic,,62,-19049,31,29,,,5,08a6f75abdf0,,0,274,904,08:A6:F7:5A:BD:F0,,19111,31,2,,33,,,1280906,1782138596222,1280912,1782138596228,,1782138596160,29,2026-06-22T14:29:56.5978428Z,177,,oasis/bottle,0
,,,,,,6,local.mqtt.telegraf,56,38.76,,periodic,,62,-7259,31,29,,,5,08a6f769c348,,0,273,898,08:A6:F7:69:C3:48,,7321,31,2,,33,,,1281726,1782138597042,1281732,1782138597048,,1782138596980,28,2026-06-22T14:29:57.4209092Z,179,,oasis/bottle,0
,,,,,,6,local.mqtt.telegraf,59,43.4,,periodic,,73,-13704,49,47,,,5,08a6f7bb3c68,,0,273,905,08:A6:F7:BB:3C:68,,13777,24,2,,26,,,1281886,1782138597202,1281892,1782138597208,,1782138597129,28,2026-06-22T14:29:57.570647Z,178,,oasis/bottle,0
,,,,,,6,local.mqtt.telegraf,54,21.57,,periodic,,69,-466,39,37,,,5,08a6f75abdf0,,0,274,905,08:A6:F7:5A:BD:F0,,535,30,2,,32,,,1282546,1782138597862,1282552,1782138597868,,1782138597793,29,2026-06-22T14:29:58.2190649Z,180,,oasis/bottle,0
,,,,,,6,local.mqtt.telegraf,59,43.19,,periodic,,72,-14796,48,46,,,5,08a6f7bb3c68,,0,274,906,08:A6:F7:BB:3C:68,,14868,24,2,,26,,,1282976,1782138598292,1282982,1782138598298,,1782138598220,28,2026-06-22T14:29:58.6530321Z,178,,oasis/bottle,0
,,,,,,6,local.mqtt.telegraf,56,38.68,,periodic,,73,-8777,42,40,,,5,08a6f769c348,,0,273,899,08:A6:F7:69:C3:48,,8850,31,2,,33,,,1283266,1782138598582,1283272,1782138598588,,1782138598509,28,2026-06-22T14:29:58.9529314Z,179,,oasis/bottle,0
,,,,,,7,local.mqtt.telegraf,54,21.46,,periodic,,63,-1938,33,31,,,5,08a6f75abdf0,,0,273,906,08:A6:F7:5A:BD:F0,,2001,30,2,,32,,,1284006,1782138599322,1284013,1782138599329,,1782138599259,29,2026-06-22T14:29:59.6975798Z,180,,oasis/bottle,0
,,,,,,6,local.mqtt.telegraf,56,38.65,,periodic,,63,-10047,32,30,,,5,08a6f769c348,,0,273,900,08:A6:F7:69:C3:48,,10110,31,2,,33,,,1284516,1782138599832,1284522,1782138599838,,1782138599769,28,2026-06-22T14:30:00.1862228Z,179,,oasis/bottle,0
,,,,,,7,local.mqtt.telegraf,58,43.1,,periodic,,72,-16376,48,46,,,5,08a6f7bb3c68,,0,273,907,08:A6:F7:BB:3C:68,,16448,24,2,,26,,,1284556,1782138599872,1284562,1782138599879,,1782138599800,28,2026-06-22T14:30:00.2200427Z,178,,oasis/bottle,0
,,,,,,6,local.mqtt.telegraf,54,21.34,,periodic,,72,-3050,42,40,,,5,08a6f75abdf0,,0,273,907,08:A6:F7:5A:BD:F0,,3122,30,2,,32,,,1285136,1782138600452,1285142,1782138600458,,1782138600380,29,2026-06-22T14:30:00.8305167Z,180,,oasis/bottle,0
,,,,,,6,local.mqtt.telegraf,56,38.57,,periodic,,72,-11399,41,39,,,5,08a6f769c348,,0,273,901,08:A6:F7:69:C3:48,,11471,31,2,,33,,,1285886,1782138601202,1285892,1782138601208,,1782138601130,28,2026-06-22T14:30:01.551349Z,179,,oasis/bottle,0
,,,,,,11,local.mqtt.telegraf,58,43.07,,periodic,,69,-17739,45,43,,,5,08a6f7bb3c68,,0,274,908,08:A6:F7:BB:3C:68,,17808,24,2,,26,,,1285913,1782138601229,1285924,1782138601240,,1782138601160,28,2026-06-22T14:30:01.5865787Z,178,,oasis/bottle,0
,,,,,,6,local.mqtt.telegraf,54,21.48,,periodic,,63,-4108,33,31,,,5,08a6f75abdf0,,0,273,908,08:A6:F7:5A:BD:F0,,4171,30,2,,32,,,1286176,1782138601492,1286182,1782138601498,,1782138601429,29,2026-06-22T14:30:01.8552602Z,180,,oasis/bottle,0
,,,,,,14,local.mqtt.telegraf,56,38.72,,periodic,,73,-12877,42,40,,,5,08a6f769c348,,0,273,902,08:A6:F7:69:C3:48,,12950,31,2,,33,,,1287366,1782138602682,1287380,1782138602696,,1782138602609,28,2026-06-22T14:30:03.0719192Z,179,,oasis/bottle,0
,,,,,,6,local.mqtt.telegraf,58,43.23,,periodic,,72,-19256,48,46,,,5,08a6f7bb3c68,,0,274,909,08:A6:F7:BB:3C:68,,19328,24,2,,26,,,1287436,1782138602752,1287442,1782138602758,,1782138602680,28,2026-06-22T14:30:03.1466909Z,178,,oasis/bottle,0
,,,,,,6,local.mqtt.telegraf,54,21.49,,periodic,,72,-5590,42,40,,,5,08a6f75abdf0,,0,273,909,08:A6:F7:5A:BD:F0,,5662,30,2,,32,,,1287676,1782138602992,1287682,1782138602998,,1782138602920,29,2026-06-22T14:30:03.3753034Z,180,,oasis/bottle,0
,,,,,,6,local.mqtt.telegraf,56,38.65,,periodic,,63,-14048,32,30,,,5,08a6f769c348,,0,273,903,08:A6:F7:69:C3:48,,14111,31,2,,33,,,1288517,1782138603833,1288523,1782138603839,,1782138603770,28,2026-06-22T14:30:04.1956567Z,179,,oasis/bottle,0
,,,,,,6,local.mqtt.telegraf,58,43.45,,periodic,,67,-294,46,44,,,5,08a6f7bb3c68,,0,274,910,08:A6:F7:BB:3C:68,,361,21,2,,23,,,1288676,1782138603992,1288682,1782138603998,,1782138603925,28,2026-06-22T14:30:04.3637906Z,181,,oasis/bottle,0
,,,,,,6,local.mqtt.telegraf,54,21.48,,periodic,,63,-6789,33,31,,,5,08a6f75abdf0,,0,273,910,08:A6:F7:5A:BD:F0,,6852,30,2,,32,,,1288856,1782138604173,1288863,1782138604179,,1782138604110,29,2026-06-22T14:30:04.5501557Z,180,,oasis/bottle,0
,,,,,,6,local.mqtt.telegraf,56,38.72,,periodic,,73,-15157,42,40,,,5,08a6f769c348,,0,273,904,08:A6:F7:69:C3:48,,15230,31,2,,33,,,1289646,1782138604962,1289652,1782138604968,,1782138604889,28,2026-06-22T14:30:05.3288901Z,179,,oasis/bottle,0
,,,,,,6,local.mqtt.telegraf,57,43.23,,periodic,,67,-1574,46,44,,,5,08a6f7bb3c68,,0,274,911,08:A6:F7:BB:3C:68,,1641,21,2,,23,,,1289956,1782138605272,1289962,1782138605278,,1782138605205,28,2026-06-22T14:30:05.6382512Z,181,,oasis/bottle,0
,,,,,,6,local.mqtt.telegraf,54,21.4,,periodic,,72,-7950,42,40,,,5,08a6f75abdf0,,0,273,911,08:A6:F7:5A:BD:F0,,8022,30,2,,32,,,1290036,1782138605352,1290042,1782138605358,,1782138605280,29,2026-06-22T14:30:05.7088852Z,180,,oasis/bottle,0
,,,,,,7,local.mqtt.telegraf,56,38.75,,periodic,,62,-16229,31,29,,,5,08a6f769c348,,0,273,905,08:A6:F7:69:C3:48,,16291,31,2,,33,,,1290696,1782138606012,1290703,1782138606019,,1782138605950,28,2026-06-22T14:30:06.3855884Z,179,,oasis/bottle,0
,,,,,,6,local.mqtt.telegraf,54,21.42,,periodic,,62,-9100,32,30,,,5,08a6f75abdf0,,0,273,912,08:A6:F7:5A:BD:F0,,9162,30,2,,32,,,1291166,1782138606482,1291172,1782138606488,,1782138606420,29,2026-06-22T14:30:06.8618145Z,180,,oasis/bottle,0
,,,,,,6,local.mqtt.telegraf,58,43.1,,periodic,,67,-2934,46,44,,,5,08a6f7bb3c68,,0,273,912,08:A6:F7:BB:3C:68,,3001,21,2,,23,,,1291316,1782138606632,1291322,1782138606638,,1782138606565,28,2026-06-22T14:30:06.9949686Z,181,,oasis/bottle,0
,,,,,,6,local.mqtt.telegraf,56,38.64,,periodic,,73,-17697,42,40,,,5,08a6f769c348,,0,273,906,08:A6:F7:69:C3:48,,17770,31,2,,33,,,1292186,1782138607502,1292192,1782138607508,,1782138607429,28,2026-06-22T14:30:07.8735429Z,179,,oasis/bottle,0
,,,,,,6,local.mqtt.telegraf,54,21.49,,periodic,,72,-10160,42,40,,,5,08a6f75abdf0,,0,273,913,08:A6:F7:5A:BD:F0,,10232,30,2,,32,,,1292246,1782138607562,1292252,1782138607568,,1782138607490,29,2026-06-22T14:30:07.9385196Z,180,,oasis/bottle,0
,,,,,,6,local.mqtt.telegraf,57,42.83,,periodic,,67,-4434,46,44,,,5,08a6f7bb3c68,,0,274,913,08:A6:F7:BB:3C:68,,4501,21,2,,23,,,1292816,1782138608132,1292822,1782138608138,,1782138608065,28,2026-06-22T14:30:08.5086802Z,181,,oasis/bottle,0
,,,,,,6,local.mqtt.telegraf,56,38.59,,periodic,,62,-18889,31,29,,,5,08a6f769c348,,0,273,907,08:A6:F7:69:C3:48,,18951,31,2,,33,,,1293356,1782138608672,1293362,1782138608678,,1782138608610,28,2026-06-22T14:30:09.0205465Z,179,,oasis/bottle,0
,,,,,,6,local.mqtt.telegraf,54,21.49,,periodic,,72,-11710,42,40,,,5,08a6f75abdf0,,0,273,914,08:A6:F7:5A:BD:F0,,11782,30,2,,32,,,1293796,1782138609112,1293802,1782138609118,,1782138609040,29,2026-06-22T14:30:09.4822865Z,180,,oasis/bottle,0
,,,,,,6,local.mqtt.telegraf,57,43.18,,periodic,,67,-5654,46,44,,,5,08a6f7bb3c68,,0,273,914,08:A6:F7:BB:3C:68,,5721,21,2,,23,,,1294036,1782138609352,1294042,1782138609358,,1782138609285,28,2026-06-22T14:30:09.7167258Z,181,,oasis/bottle,0
,,,,,,6,local.mqtt.telegraf,56,38.53,,periodic,,73,-20017,42,40,,,5,08a6f769c348,,0,273,908,08:A6:F7:69:C3:48,,20090,31,2,,33,,,1294506,1782138609822,1294512,1782138609828,,1782138609749,28,2026-06-22T14:30:10.1989686Z,179,,oasis/bottle,0
,,,,,,7,local.mqtt.telegraf,54,21.42,,periodic,,72,-13010,42,40,,,5,08a6f75abdf0,,0,274,915,08:A6:F7:5A:BD:F0,,13082,30,2,,32,,,1295096,1782138610412,1295103,1782138610419,,1782138610340,29,2026-06-22T14:30:10.7792107Z,180,,oasis/bottle,0
,,,,,,6,local.mqtt.telegraf,57,43.4,,periodic,,64,-6870,43,41,,,5,08a6f7bb3c68,,0,273,915,08:A6:F7:BB:3C:68,,6934,21,2,,23,,,1295246,1782138610562,1295252,1782138610568,,1782138610498,28,2026-06-22T14:30:10.9424989Z,181,,oasis/bottle,0
,,,,,,6,local.mqtt.telegraf,56,38.65,,periodic,,63,-907,33,30,,,5,08a6f769c348,,0,273,909,08:A6:F7:69:C3:48,,970,30,2,,33,,,1295586,1782138610902,1295592,1782138610908,,1782138610839,28,2026-06-22T14:30:11.2613141Z,182,,oasis/bottle,0
,,,,,,6,local.mqtt.telegraf,54,21.46,,periodic,,72,-14400,42,40,,,5,08a6f75abdf0,,0,273,916,08:A6:F7:5A:BD:F0,,14472,30,2,,32,,,1296486,1782138611802,1296492,1782138611808,,1782138611730,29,2026-06-22T14:30:12.1359923Z,180,,oasis/bottle,0
,,,,,,6,local.mqtt.telegraf,57,43.19,,periodic,,73,-8118,52,50,,,5,08a6f7bb3c68,,0,273,916,08:A6:F7:BB:3C:68,,8191,21,2,,23,,,1296512,1782138611828,1296518,1782138611834,,1782138611755,28,2026-06-22T14:30:12.174458Z,181,,oasis/bottle,0
,,,,,,6,local.mqtt.telegraf,56,38.39,,periodic,,73,-2467,43,40,,,5,08a6f769c348,,0,273,910,08:A6:F7:69:C3:48,,2540,30,2,,33,,,1297166,1782138612482,1297172,1782138612488,,1782138612409,28,2026-06-22T14:30:12.8565751Z,182,,oasis/bottle,0
,,,,,,6,local.mqtt.telegraf,57,43.19,,periodic,,67,-9414,46,44,,,5,08a6f7bb3c68,,0,273,917,08:A6:F7:BB:3C:68,,9481,21,2,,23,,,1297796,1782138613112,1297802,1782138613118,,1782138613045,28,2026-06-22T14:30:13.4762348Z,181,,oasis/bottle,0
,,,,,,6,local.mqtt.telegraf,54,21.27,,periodic,,72,-15980,42,40,,,5,08a6f75abdf0,,0,273,917,08:A6:F7:5A:BD:F0,,16052,30,2,,32,,,1298066,1782138613382,1298072,1782138613388,,1782138613310,29,2026-06-22T14:30:13.7420592Z,180,,oasis/bottle,0
,,,,,,6,local.mqtt.telegraf,56,38.45,,periodic,,63,-3817,33,30,,,5,08a6f769c348,,0,273,911,08:A6:F7:69:C3:48,,3880,30,2,,33,,,1298496,1782138613812,1298502,1782138613818,,1782138613749,28,2026-06-22T14:30:14.2079062Z,182,,oasis/bottle,0
,,,,,,6,local.mqtt.telegraf,57,43.07,,periodic,,68,-10793,47,45,,,5,08a6f7bb3c68,,0,273,918,08:A6:F7:BB:3C:68,,10861,21,2,,23,,,1299176,1782138614493,1299183,1782138614499,,1782138614425,28,2026-06-22T14:30:14.8654893Z,181,,oasis/bottle,0
,,,,,,6,local.mqtt.telegraf,54,21.42,,periodic,,63,-17348,33,31,,,5,08a6f75abdf0,,0,273,918,08:A6:F7:5A:BD:F0,,17411,30,2,,32,,,1299416,1782138614732,1299422,1782138614738,,1782138614669,29,2026-06-22T14:30:15.0989386Z,180,,oasis/bottle,0
,,,,,,6,local.mqtt.telegraf,56,38.52,,periodic,,73,-5277,43,40,,,5,08a6f769c348,,0,273,912,08:A6:F7:69:C3:48,,5350,30,2,,33,,,1299976,1782138615292,1299982,1782138615298,,1782138615219,28,2026-06-22T14:30:15.665395Z,182,,oasis/bottle,0
,,,,,,7,local.mqtt.telegraf,57,43.06,,periodic,,67,-12354,46,44,,,5,08a6f7bb3c68,,0,274,919,08:A6:F7:BB:3C:68,,12421,21,2,,23,,,1300736,1782138616052,1300743,1782138616059,,1782138615985,28,2026-06-22T14:30:16.413617Z,181,,oasis/bottle,0
,,,,,,7,local.mqtt.telegraf,54,21.42,,periodic,,72,-18850,42,40,,,5,08a6f75abdf0,,0,273,919,08:A6:F7:5A:BD:F0,,18922,30,2,,32,,,1300936,1782138616252,1300942,1782138616259,,1782138616180,29,2026-06-22T14:30:16.6156365Z,180,,oasis/bottle,0
,,,,,,6,local.mqtt.telegraf,56,38.48,,periodic,,63,-6427,33,30,,,5,08a6f769c348,,0,273,913,08:A6:F7:69:C3:48,,6490,30,2,,33,,,1301106,1782138616422,1301112,1782138616428,,1782138616359,28,2026-06-22T14:30:16.7909754Z,182,,oasis/bottle,0
,,,,,,6,local.mqtt.telegraf,57,43.18,,periodic,,68,-13663,47,45,,,5,08a6f7bb3c68,,0,274,920,08:A6:F7:BB:3C:68,,13731,21,2,,23,,,1302046,1782138617363,1302053,1782138617369,,1782138617295,28,2026-06-22T14:30:17.7255637Z,181,,oasis/bottle,0
,,,,,,7,local.mqtt.telegraf,54,21.27,,periodic,,72,-20070,42,40,,,5,08a6f75abdf0,,0,273,920,08:A6:F7:5A:BD:F0,,20142,30,2,,32,,,1302156,1782138617472,1302163,1782138617479,,1782138617400,29,2026-06-22T14:30:17.7926431Z,180,,oasis/bottle,0
,,,,,,6,local.mqtt.telegraf,56,38.41,,periodic,,82,-7478,52,49,,,5,08a6f769c348,,0,273,914,08:A6:F7:69:C3:48,,7560,30,2,,33,,,1302195,1782138617511,1302201,1782138617517,,1782138617429,28,2026-06-22T14:30:17.8481744Z,182,,oasis/bottle,0
,,,,,,6,local.mqtt.telegraf,54,21.37,,periodic,,72,-1060,20,17,,,5,08a6f75abdf0,,0,274,921,08:A6:F7:5A:BD:F0,,1132,52,2,,55,,,1303396,1782138618712,1303402,1782138618718,,1782138618640,29,2026-06-22T14:30:19.0864719Z,183,,oasis/bottle,0
,,,,,,6,local.mqtt.telegraf,57,42.78,,periodic,,67,-15094,46,44,,,5,08a6f7bb3c68,,0,273,921,08:A6:F7:BB:3C:68,,15161,21,2,,23,,,1303476,1782138618792,1303482,1782138618798,,1782138618725,28,2026-06-22T14:30:19.1381029Z,181,,oasis/bottle,0
,,,,,,6,local.mqtt.telegraf,56,38.44,,periodic,,72,-9029,42,39,,,5,08a6f769c348,,0,273,915,08:A6:F7:69:C3:48,,9101,30,2,,33,,,1303726,1782138619042,1303732,1782138619048,,1782138618970,28,2026-06-22T14:30:19.4196751Z,182,,oasis/bottle,0
,,,,,,6,local.mqtt.telegraf,57,42.47,,periodic,,67,-16144,46,44,,,5,08a6f7bb3c68,,0,273,922,08:A6:F7:BB:3C:68,,16211,21,2,,23,,,1304526,1782138619842,1304532,1782138619848,,1782138619775,28,2026-06-22T14:30:20.2041935Z,181,,oasis/bottle,0
,,,,,,6,local.mqtt.telegraf,54,21.46,,periodic,,62,-2350,10,7,,,5,08a6f75abdf0,,0,274,922,08:A6:F7:5A:BD:F0,,2412,52,2,,55,,,1304666,1782138619982,1304672,1782138619988,,1782138619920,29,2026-06-22T14:30:20.3513643Z,183,,oasis/bottle,0
,,,,,,6,local.mqtt.telegraf,56,38.41,,periodic,,63,-10347,33,30,,,5,08a6f769c348,,0,273,916,08:A6:F7:69:C3:48,,10410,30,2,,33,,,1305026,1782138620342,1305032,1782138620348,,1782138620279,28,2026-06-22T14:30:20.7187277Z,182,,oasis/bottle,0
,,,,,,6,local.mqtt.telegraf,57,42.68,,periodic,,67,-17644,46,44,,,5,08a6f7bb3c68,,0,273,923,08:A6:F7:BB:3C:68,,17711,21,2,,23,,,1306026,1782138621342,1306032,1782138621348,,1782138621275,28,2026-06-22T14:30:21.6788156Z,181,,oasis/bottle,0
,,,,,,6,local.mqtt.telegraf,54,21.34,,periodic,,96,-3666,44,41,,,5,08a6f75abdf0,,0,273,923,08:A6:F7:5A:BD:F0,,3762,52,2,,55,,,1306050,1782138621366,1306056,1782138621372,,1782138621270,29,2026-06-22T14:30:21.7180425Z,183,,oasis/bottle,1
,,,,,,6,local.mqtt.telegraf,56,38.4,,periodic,,73,-11727,43,40,,,5,08a6f769c348,,0,273,917,08:A6:F7:69:C3:48,,11800,30,2,,33,,,1306426,1782138621742,1306432,1782138621748,,1782138621669,28,2026-06-22T14:30:22.1088395Z,182,,oasis/bottle,0
,,,,,,6,local.mqtt.telegraf,57,42.21,,periodic,,67,-18834,46,44,,,5,08a6f7bb3c68,,0,273,924,08:A6:F7:BB:3C:68,,18901,21,2,,23,,,1307216,1782138622532,1307222,1782138622538,,1782138622465,28,2026-06-22T14:30:22.9013999Z,181,,oasis/bottle,0
,,,,,,7,local.mqtt.telegraf,54,21.34,,periodic,,63,-5208,11,8,,,5,08a6f75abdf0,,0,273,924,08:A6:F7:5A:BD:F0,,5271,52,2,,55,,,1307526,1782138622842,1307533,1782138622849,,1782138622779,29,2026-06-22T14:30:23.217246Z,183,,oasis/bottle,0
,,,,,,7,local.mqtt.telegraf,56,38.35,,periodic,,63,-13327,33,30,,,5,08a6f769c348,,0,273,918,08:A6:F7:69:C3:48,,13390,30,2,,33,,,1308006,1782138623322,1308013,1782138623329,,1782138623259,28,2026-06-22T14:30:23.6809826Z,182,,oasis/bottle,0
,,,,,,6,local.mqtt.telegraf,57,42.36,,periodic,,67,-20024,46,44,,,5,08a6f7bb3c68,,0,274,925,08:A6:F7:BB:3C:68,,20091,21,2,,23,,,1308406,1782138623722,1308412,1782138623728,,1782138623655,28,2026-06-22T14:30:24.0900196Z,181,,oasis/bottle,0
,,,,,,6,local.mqtt.telegraf,54,21.36,,periodic,,62,-6410,10,7,,,5,08a6f75abdf0,,0,273,925,08:A6:F7:5A:BD:F0,,6472,52,2,,55,,,1308726,1782138624042,1308732,1782138624048,,1782138623980,29,2026-06-22T14:30:24.4132477Z,183,,oasis/bottle,0
,,,,,,6,local.mqtt.telegraf,56,38.29,,periodic,,73,-14677,43,40,,,5,08a6f769c348,,0,273,919,08:A6:F7:69:C3:48,,14750,30,2,,33,,,1309376,1782138624692,1309382,1782138624698,,1782138624619,28,2026-06-22T14:30:25.0693873Z,182,,oasis/bottle,0
,,,,,,6,local.mqtt.telegraf,58,42.64,,periodic,,67,-754,46,44,,,5,08a6f7bb3c68,,0,274,926,08:A6:F7:BB:3C:68,,821,21,2,,23,,,1309576,1782138624892,1309582,1782138624898,,1782138624825,28,2026-06-22T14:30:25.2624843Z,184,,oasis/bottle,0
,,,,,,6,local.mqtt.telegraf,54,21.37,,periodic,,62,-7610,10,7,,,5,08a6f75abdf0,,0,274,926,08:A6:F7:5A:BD:F0,,7672,52,2,,55,,,1309926,1782138625242,1309932,1782138625248,,1782138625180,29,2026-06-22T14:30:25.6130595Z,183,,oasis/bottle,0
,,,,,,6,local.mqtt.telegraf,58,42.72,,periodic,,67,-1894,46,44,,,5,08a6f7bb3c68,,0,273,927,08:A6:F7:BB:3C:68,,1961,21,2,,23,,,1310716,1782138626032,1310722,1782138626038,,1782138625965,28,2026-06-22T14:30:26.3954288Z,184,,oasis/bottle,0
,,,,,,6,local.mqtt.telegraf,56,38.17,,periodic,,63,-16217,33,30,,,5,08a6f769c348,,0,273,920,08:A6:F7:69:C3:48,,16280,30,2,,33,,,1310896,1782138626212,1310902,1782138626218,,1782138626149,28,2026-06-22T14:30:26.5989001Z,182,,oasis/bottle,0
,,,,,,6,local.mqtt.telegraf,54,21.27,,periodic,,72,-8800,20,17,,,5,08a6f75abdf0,,0,274,927,08:A6:F7:5A:BD:F0,,8872,52,2,,55,,,1311136,1782138626452,1311142,1782138626458,,1782138626380,29,2026-06-22T14:30:26.8339577Z,183,,oasis/bottle,0
,,,,,,6,local.mqtt.telegraf,58,42.58,,periodic,,67,-2964,46,44,,,5,08a6f7bb3c68,,0,274,928,08:A6:F7:BB:3C:68,,3031,21,2,,23,,,1311786,1782138627102,1311792,1782138627108,,1782138627035,28,2026-06-22T14:30:27.4689142Z,184,,oasis/bottle,0
,,,,,,6,local.mqtt.telegraf,56,38.45,,periodic,,73,-17457,43,40,,,5,08a6f769c348,,0,273,921,08:A6:F7:69:C3:48,,17530,30,2,,33,,,1312156,1782138627472,1312162,1782138627478,,1782138627399,28,2026-06-22T14:30:27.8379479Z,182,,oasis/bottle,0
,,,,,,6,local.mqtt.telegraf,54,21.34,,periodic,,72,-10010,20,17,,,5,08a6f75abdf0,,0,274,928,08:A6:F7:5A:BD:F0,,10082,52,2,,55,,,1312346,1782138627662,1312352,1782138627668,,1782138627590,29,2026-06-22T14:30:28.0286938Z,183,,oasis/bottle,0
,,,,,,7,local.mqtt.telegraf,58,42.67,,periodic,,67,-4504,46,44,,,5,08a6f7bb3c68,,0,273,929,08:A6:F7:BB:3C:68,,4571,21,2,,23,,,1313326,1782138628642,1313333,1782138628649,,1782138628575,28,2026-06-22T14:30:29.0212766Z,184,,oasis/bottle,0
,,,,,,7,local.mqtt.telegraf,56,38.45,,periodic,,63,-18777,33,30,,,5,08a6f769c348,,0,273,922,08:A6:F7:69:C3:48,,18840,30,2,,33,,,1313456,1782138628772,1313462,1782138628779,,1782138628709,28,2026-06-22T14:30:29.1520197Z,182,,oasis/bottle,0
,,,,,,6,local.mqtt.telegraf,54,21.34,,periodic,,82,-11210,30,27,,,5,08a6f75abdf0,,0,273,929,08:A6:F7:5A:BD:F0,,11292,52,2,,55,,,1313566,1782138628882,1313572,1782138628888,,1782138628800,29,2026-06-22T14:30:29.1940332Z,183,,oasis/bottle,0
,,,,,,6,local.mqtt.telegraf,58,42.62,,periodic,,68,-5782,47,45,,,5,08a6f7bb3c68,,0,273,930,08:A6:F7:BB:3C:68,,5850,21,2,,23,,,1314606,1782138629922,1314612,1782138629928,,1782138629854,28,2026-06-22T14:30:30.3069192Z,184,,oasis/bottle,0
,,,,,,7,local.mqtt.telegraf,54,21.34,,periodic,,62,-12470,10,7,,,5,08a6f75abdf0,,0,274,930,08:A6:F7:5A:BD:F0,,12532,52,2,,55,,,1314786,1782138630102,1314793,1782138630109,,1782138630040,29,2026-06-22T14:30:30.5119602Z,183,,oasis/bottle,0
,,,,,,6,local.mqtt.telegraf,56,38.25,,periodic,,74,-20176,44,41,,,5,08a6f769c348,,0,273,923,08:A6:F7:69:C3:48,,20250,30,2,,33,,,1314877,1782138630193,1314883,1782138630199,,1782138630119,28,2026-06-22T14:30:30.5707196Z,182,,oasis/bottle,0
,,,,,,6,local.mqtt.telegraf,58,42.48,,periodic,,67,-7144,46,44,,,5,08a6f7bb3c68,,0,273,931,08:A6:F7:BB:3C:68,,7211,21,2,,23,,,1315966,1782138631282,1315972,1782138631288,,1782138631215,28,2026-06-22T14:30:31.6631764Z,184,,oasis/bottle,0
,,,,,,6,local.mqtt.telegraf,54,21.48,,periodic,,63,-13729,11,8,,,5,08a6f75abdf0,,0,274,931,08:A6:F7:5A:BD:F0,,13792,52,2,,55,,,1316047,1782138631363,1316053,1782138631369,,1782138631300,29,2026-06-22T14:30:31.7242756Z,183,,oasis/bottle,0
,,,,,,6,local.mqtt.telegraf,56,38.13,,periodic,,62,-1460,14,12,,,5,08a6f769c348,,0,273,924,08:A6:F7:69:C3:48,,1522,48,2,,50,,,1316496,1782138631812,1316502,1782138631818,,1782138631750,28,2026-06-22T14:30:32.1866964Z,185,,oasis/bottle,0
,,,,,,6,local.mqtt.telegraf,54,21.27,,periodic,,72,-15030,20,17,,,5,08a6f75abdf0,,0,274,932,08:A6:F7:5A:BD:F0,,15102,52,2,,55,,,1317366,1782138632682,1317372,1782138632688,,1782138632610,29,2026-06-22T14:30:33.055069Z,183,,oasis/bottle,0
,,,,,,6,local.mqtt.telegraf,58,42.35,,periodic,,67,-8654,46,44,,,5,08a6f7bb3c68,,0,274,932,08:A6:F7:BB:3C:68,,8721,21,2,,23,,,1317476,1782138632792,1317482,1782138632798,,1782138632725,28,2026-06-22T14:30:33.1210132Z,184,,oasis/bottle,0
,,,,,,6,local.mqtt.telegraf,56,38.4,,periodic,,73,-2888,25,23,,,5,08a6f769c348,,0,273,925,08:A6:F7:69:C3:48,,2961,48,2,,50,,,1317946,1782138633262,1317952,1782138633268,,1782138633189,28,2026-06-22T14:30:33.6268528Z,185,,oasis/bottle,0
,,,,,,6,local.mqtt.telegraf,59,42.51,,periodic,,67,-9884,46,44,,,5,08a6f7bb3c68,,0,273,933,08:A6:F7:BB:3C:68,,9951,21,2,,23,,,1318706,1782138634022,1318712,1782138634028,,1782138633955,28,2026-06-22T14:30:34.3914431Z,184,,oasis/bottle,0
,,,,,,6,local.mqtt.telegraf,54,21.3,,periodic,,64,-16468,12,9,,,5,08a6f75abdf0,,0,274,933,08:A6:F7:5A:BD:F0,,16532,52,2,,55,,,1318788,1782138634104,1318794,1782138634110,,1782138634040,29,2026-06-22T14:30:34.4451093Z,183,,oasis/bottle,0
,,,,,,6,local.mqtt.telegraf,56,38.28,,periodic,,63,-3988,15,13,,,5,08a6f769c348,,0,273,926,08:A6:F7:69:C3:48,,4051,48,2,,50,,,1319026,1782138634342,1319032,1782138634348,,1782138634279,28,2026-06-22T14:30:34.7130454Z,185,,oasis/bottle,0
,,,,,,6,local.mqtt.telegraf,54,21.33,,periodic,,72,-17510,20,17,,,5,08a6f75abdf0,,0,274,934,08:A6:F7:5A:BD:F0,,17582,52,2,,55,,,1319846,1782138635162,1319852,1782138635168,,1782138635090,29,2026-06-22T14:30:35.5313764Z,183,,oasis/bottle,0
,,,,,,6,local.mqtt.telegraf,59,42.47,,periodic,,67,-11134,46,44,,,5,08a6f7bb3c68,,0,274,934,08:A6:F7:BB:3C:68,,11201,21,2,,23,,,1319956,1782138635272,1319962,1782138635278,,1782138635205,28,2026-06-22T14:30:35.6502573Z,184,,oasis/bottle,0
,,,,,,7,local.mqtt.telegraf,56,38.25,,periodic,,73,-5538,25,23,,,5,08a6f769c348,,0,273,927,08:A6:F7:69:C3:48,,5611,48,2,,50,,,1320596,1782138635912,1320603,1782138635919,,1782138635839,28,2026-06-22T14:30:36.2863382Z,185,,oasis/bottle,0
,,,,,,6,local.mqtt.telegraf,59,41.97,,periodic,,67,-12444,46,44,,,5,08a6f7bb3c68,,0,273,935,08:A6:F7:BB:3C:68,,12511,21,2,,23,,,1321266,1782138636582,1321272,1782138636588,,1782138636515,28,2026-06-22T14:30:36.9493135Z,184,,oasis/bottle,0
,,,,,,6,local.mqtt.telegraf,54,21.29,,periodic,,72,-19010,20,17,,,5,08a6f75abdf0,,0,274,935,08:A6:F7:5A:BD:F0,,19082,52,2,,55,,,1321346,1782138636662,1321352,1782138636668,,1782138636590,29,2026-06-22T14:30:36.9996495Z,183,,oasis/bottle,0
,,,,,,10,local.mqtt.telegraf,56,38.24,,periodic,,63,-6878,15,13,,,5,08a6f769c348,,0,273,928,08:A6:F7:69:C3:48,,6941,48,2,,50,,,1321916,1782138637232,1321926,1782138637242,,1782138637169,28,2026-06-22T14:30:37.5959629Z,185,,oasis/bottle,0
,,,,,,7,local.mqtt.telegraf,54,21.32,,periodic,,72,-20210,20,17,,,5,08a6f75abdf0,,0,274,936,08:A6:F7:5A:BD:F0,,20282,52,2,,55,,,1322546,1782138637862,1322553,1782138637869,,1782138637790,29,2026-06-22T14:30:38.2307558Z,183,,oasis/bottle,0
,,,,,,6,local.mqtt.telegraf,59,42.29,,periodic,,67,-13854,46,44,,,5,08a6f7bb3c68,,0,274,936,08:A6:F7:BB:3C:68,,13921,21,2,,23,,,1322676,1782138637992,1322682,1782138637998,,1782138637925,28,2026-06-22T14:30:38.3570046Z,184,,oasis/bottle,0
,,,,,,6,local.mqtt.telegraf,56,38.28,,periodic,,73,-8318,25,23,,,5,08a6f769c348,,0,273,929,08:A6:F7:69:C3:48,,8391,48,2,,50,,,1323376,1782138638692,1323382,1782138638698,,1782138638619,28,2026-06-22T14:30:39.0551589Z,185,,oasis/bottle,0
,,,,,,6,local.mqtt.telegraf,54,21.22,,periodic,,72,-1010,19,17,,,5,08a6f75abdf0,,0,274,937,08:A6:F7:5A:BD:F0,,1082,53,2,,55,,,1323736,1782138639052,1323742,1782138639058,,1782138638980,29,2026-06-22T14:30:39.4187932Z,186,,oasis/bottle,0
,,,,,,6,local.mqtt.telegraf,59,42.56,,periodic,,67,-15464,46,44,,,5,08a6f7bb3c68,,0,274,937,08:A6:F7:BB:3C:68,,15531,21,2,,23,,,1324286,1782138639602,1324292,1782138639608,,1782138639535,28,2026-06-22T14:30:39.9629745Z,184,,oasis/bottle,0
,,,,,,6,local.mqtt.telegraf,56,38.32,,periodic,,71,-9422,23,21,,,5,08a6f769c348,,0,273,930,08:A6:F7:69:C3:48,,9493,48,2,,50,,,1324476,1782138639792,1324482,1782138639798,,1782138639721,28,2026-06-22T14:30:40.1600931Z,185,,oasis/bottle,0
,,,,,,6,local.mqtt.telegraf,54,21.32,,periodic,,62,-2210,9,7,,,5,08a6f75abdf0,,0,273,938,08:A6:F7:5A:BD:F0,,2272,53,2,,55,,,1324916,1782138640232,1324922,1782138640238,,1782138640170,29,2026-06-22T14:30:40.605569Z,186,,oasis/bottle,0
,,,,,,7,local.mqtt.telegraf,59,42.28,,periodic,,67,-16894,46,44,,,5,08a6f7bb3c68,,0,273,938,08:A6:F7:BB:3C:68,,16961,21,2,,23,,,1325716,1782138641032,1325723,1782138641039,,1782138640965,28,2026-06-22T14:30:41.4058971Z,184,,oasis/bottle,0
,,,,,,6,local.mqtt.telegraf,56,38.2,,periodic,,72,-11030,24,22,,,5,08a6f769c348,,0,273,931,08:A6:F7:69:C3:48,,11102,48,2,,50,,,1326086,1782138641402,1326092,1782138641408,,1782138641330,28,2026-06-22T14:30:41.75591Z,185,,oasis/bottle,0
,,,,,,13,local.mqtt.telegraf,54,21.27,,periodic,,78,-3374,25,23,,,5,08a6f75abdf0,,0,273,939,08:A6:F7:5A:BD:F0,,3452,53,2,,55,,,1326112,1782138641428,1326125,1782138641441,,1782138641350,29,2026-06-22T14:30:41.7926678Z,186,,oasis/bottle,0
,,,,,,6,local.mqtt.telegraf,59,42.33,,periodic,,67,-17934,46,44,,,5,08a6f7bb3c68,,0,273,939,08:A6:F7:BB:3C:68,,18001,21,2,,23,,,1326756,1782138642072,1326762,1782138642078,,1782138642005,28,2026-06-22T14:30:42.4392425Z,184,,oasis/bottle,0
,,,,,,6,local.mqtt.telegraf,54,21.27,,periodic,,72,-4530,19,17,,,5,08a6f75abdf0,,0,274,940,08:A6:F7:5A:BD:F0,,4602,53,2,,55,,,1327256,1782138642572,1327262,1782138642578,,1782138642500,29,2026-06-22T14:30:42.934688Z,186,,oasis/bottle,0
,,,,,,6,local.mqtt.telegraf,56,38.24,,periodic,,62,-12460,14,12,,,5,08a6f769c348,,0,273,932,08:A6:F7:69:C3:48,,12522,48,2,,50,,,1327496,1782138642812,1327502,1782138642818,,1782138642750,28,2026-06-22T14:30:43.1850386Z,185,,oasis/bottle,0
,,,,,,6,local.mqtt.telegraf,59,42.29,,periodic,,67,-19414,46,44,,,5,08a6f7bb3c68,,0,274,940,08:A6:F7:BB:3C:68,,19481,21,2,,23,,,1328236,1782138643552,1328242,1782138643558,,1782138643485,28,2026-06-22T14:30:43.9243495Z,184,,oasis/bottle,0
,,,,,,8,local.mqtt.telegraf,54,21.29,,periodic,,72,-5630,19,17,,,5,08a6f75abdf0,,0,273,941,08:A6:F7:5A:BD:F0,,5702,53,2,,55,,,1328356,1782138643672,1328364,1782138643680,,1782138643600,29,2026-06-22T14:30:44.0375358Z,186,,oasis/bottle,0
,,,,,,6,local.mqtt.telegraf,56,38.24,,periodic,,72,-14069,24,22,,,5,08a6f769c348,,0,273,933,08:A6:F7:69:C3:48,,14141,48,2,,50,,,1329125,1782138644441,1329131,1782138644447,,1782138644369,28,2026-06-22T14:30:44.813797Z,185,,oasis/bottle,0
,,,,,,6,local.mqtt.telegraf,59,42.04,,periodic,,65,-375,41,39,,,5,08a6f7bb3c68,,0,273,941,08:A6:F7:BB:3C:68,,440,24,2,,26,,,1329406,1782138644722,1329412,1782138644728,,1782138644657,28,2026-06-22T14:30:45.1033513Z,187,,oasis/bottle,0
,,,,,,6,local.mqtt.telegraf,54,21.36,,periodic,,62,-7250,9,7,,,5,08a6f75abdf0,,0,274,942,08:A6:F7:5A:BD:F0,,7312,53,2,,55,,,1329956,1782138645272,1329962,1782138645278,,1782138645210,29,2026-06-22T14:30:45.6363293Z,186,,oasis/bottle,0
,,,,,,6,local.mqtt.telegraf,59,41.06,,periodic,,77,-1491,53,51,,,5,08a6f7bb3c68,,0,274,942,08:A6:F7:BB:3C:68,,1568,24,2,,26,,,1330546,1782138645862,1330552,1782138645868,,1782138645785,28,2026-06-22T14:30:46.2085438Z,187,,oasis/bottle,0
,,,,,,6,local.mqtt.telegraf,56,38.23,,periodic,,76,-15516,28,26,,,5,08a6f769c348,,0,273,934,08:A6:F7:69:C3:48,,15592,48,2,,50,,,1330580,1782138645896,1330586,1782138645902,,1782138645820,28,2026-06-22T14:30:46.2372101Z,185,,oasis/bottle,0
,,,,,,6,local.mqtt.telegraf,54,21.38,,periodic,,72,-8640,19,17,,,5,08a6f75abdf0,,0,273,943,08:A6:F7:5A:BD:F0,,8712,53,2,,55,,,1331366,1782138646682,1331372,1782138646688,,1782138646610,29,2026-06-22T14:30:47.0429004Z,186,,oasis/bottle,0
,,,,,,6,local.mqtt.telegraf,59,42.64,,periodic,,67,-2571,43,41,,,5,08a6f7bb3c68,,0,274,943,08:A6:F7:BB:3C:68,,2638,24,2,,26,,,1331606,1782138646922,1331612,1782138646928,,1782138646855,28,2026-06-22T14:30:47.2965141Z,187,,oasis/bottle,0
,,,,,,6,local.mqtt.telegraf,56,38.4,,periodic,,73,-16608,25,23,,,5,08a6f769c348,,0,273,935,08:A6:F7:69:C3:48,,16681,48,2,,50,,,1331666,1782138646982,1331672,1782138646988,,1782138646909,28,2026-06-22T14:30:47.3640059Z,185,,oasis/bottle,0
,,,,,,7,local.mqtt.telegraf,54,21.49,,periodic,,62,-10250,9,7,,,5,08a6f75abdf0,,0,274,944,08:A6:F7:5A:BD:F0,,10312,53,2,,55,,,1332956,1782138648272,1332963,1782138648279,,1782138648210,29,2026-06-22T14:30:48.653067Z,186,,oasis/bottle,0
,,,,,,6,local.mqtt.telegraf,59,42.55,,periodic,,67,-4101,43,41,,,5,08a6f7bb3c68,,0,274,944,08:A6:F7:BB:3C:68,,4168,24,2,,26,,,1333136,1782138648452,1333142,1782138648458,,1782138648385,28,2026-06-22T14:30:48.8289491Z,187,,oasis/bottle,0
,,,,,,7,local.mqtt.telegraf,56,38.24,,periodic,,62,-18210,14,12,,,5,08a6f769c348,,0,273,936,08:A6:F7:69:C3:48,,18272,48,2,,50,,,1333246,1782138648562,1333252,1782138648569,,1782138648500,28,2026-06-22T14:30:48.904747Z,185,,oasis/bottle,0
,,,,,,6,local.mqtt.telegraf,54,21.29,,periodic,,72,-11640,19,17,,,5,08a6f75abdf0,,0,273,945,08:A6:F7:5A:BD:F0,,11712,53,2,,55,,,1334366,1782138649682,1334372,1782138649688,,1782138649610,29,2026-06-22T14:30:50.0227621Z,186,,oasis/bottle,0
,,,,,,6,local.mqtt.telegraf,59,42.54,,periodic,,73,-5345,49,47,,,5,08a6f7bb3c68,,0,274,945,08:A6:F7:BB:3C:68,,5418,24,2,,26,,,1334392,1782138649708,1334398,1782138649714,,1782138649635,28,2026-06-22T14:30:50.0645785Z,187,,oasis/bottle,0
,,,,,,6,local.mqtt.telegraf,56,38.27,,periodic,,63,-19568,15,13,,,5,08a6f769c348,,0,273,937,08:A6:F7:69:C3:48,,19631,48,2,,50,,,1334606,1782138649922,1334612,1782138649928,,1782138649859,28,2026-06-22T14:30:50.2795224Z,185,,oasis/bottle,0
,,,,,,5,local.mqtt.telegraf,58,42.52,,periodic,,67,-6661,43,41,,,5,08a6f7bb3c68,,0,274,946,08:A6:F7:BB:3C:68,,6728,24,2,,26,,,1335695,1782138651012,1335701,1782138651017,,1782138650945,28,2026-06-22T14:30:51.379041Z,187,,oasis/bottle,0
,,,,,,6,local.mqtt.telegraf,54,21.4,,periodic,,62,-13260,9,7,,,5,08a6f75abdf0,,0,273,946,08:A6:F7:5A:BD:F0,,13322,53,2,,55,,,1335966,1782138651282,1335972,1782138651288,,1782138651220,29,2026-06-22T14:30:51.6503104Z,186,,oasis/bottle,0
,,,,,,7,local.mqtt.telegraf,56,38.21,,periodic,,62,-889,31,29,,,5,08a6f769c348,,0,274,938,08:A6:F7:69:C3:48,,951,31,2,,33,,,1336126,1782138651442,1336133,1782138651449,,1782138651380,28,2026-06-22T14:30:51.8110689Z,188,,oasis/bottle,0
,,,,,,6,local.mqtt.telegraf,58,42.48,,periodic,,67,-8071,43,41,,,5,08a6f7bb3c68,,0,273,947,08:A6:F7:BB:3C:68,,8138,24,2,,26,,,1337106,1782138652422,1337112,1782138652428,,1782138652355,28,2026-06-22T14:30:52.7933303Z,187,,oasis/bottle,0
,,,,,,7,local.mqtt.telegraf,54,21.36,,periodic,,62,-14660,9,7,,,5,08a6f75abdf0,,0,274,947,08:A6:F7:5A:BD:F0,,14722,53,2,,55,,,1337366,1782138652682,1337373,1782138652689,,1782138652620,29,2026-06-22T14:30:53.0354581Z,186,,oasis/bottle,0
,,,,,,6,local.mqtt.telegraf,56,38.47,,periodic,,63,-2167,32,30,,,5,08a6f769c348,,0,273,939,08:A6:F7:69:C3:48,,2230,31,2,,33,,,1337406,1782138652722,1337412,1782138652728,,1782138652659,28,2026-06-22T14:30:53.0719207Z,188,,oasis/bottle,0
,,,,,,6,local.mqtt.telegraf,56,38.18,,periodic,,63,-3477,32,30,,,5,08a6f769c348,,0,273,940,08:A6:F7:69:C3:48,,3540,31,2,,33,,,1338716,1782138654032,1338722,1782138654038,,1782138653969,28,2026-06-22T14:30:54.3817068Z,188,,oasis/bottle,0
,,,,,,5,local.mqtt.telegraf,58,42.55,,periodic,,82,-9676,58,56,,,5,08a6f7bb3c68,,0,273,948,08:A6:F7:BB:3C:68,,9758,24,2,,26,,,1338741,1782138654057,1338746,1782138654062,,1782138653975,28,2026-06-22T14:30:54.4266001Z,187,,oasis/bottle,1
,,,,,,6,local.mqtt.telegraf,54,21.46,,periodic,,72,-16250,19,17,,,5,08a6f75abdf0,,0,273,948,08:A6:F7:5A:BD:F0,,16322,53,2,,55,,,1338976,1782138654292,1338982,1782138654298,,1782138654220,29,2026-06-22T14:30:54.6675922Z,186,,oasis/bottle,0
,,,,,,6,local.mqtt.telegraf,56,38.25,,periodic,,73,-4887,42,40,,,5,08a6f769c348,,0,273,941,08:A6:F7:69:C3:48,,4960,31,2,,33,,,1340146,1782138655462,1340152,1782138655468,,1782138655389,28,2026-06-22T14:30:55.8085754Z,188,,oasis/bottle,0
,,,,,,6,local.mqtt.telegraf,58,42.36,,periodic,,89,-11099,65,63,,,5,08a6f7bb3c68,,0,273,949,08:A6:F7:BB:3C:68,,11188,24,2,,26,,,1340178,1782138655494,1340184,1782138655500,,1782138655405,28,2026-06-22T14:30:55.8526583Z,187,,oasis/bottle,1
,,,,,,6,local.mqtt.telegraf,54,21.33,,periodic,,62,-17660,9,7,,,5,08a6f75abdf0,,0,273,949,08:A6:F7:5A:BD:F0,,17722,53,2,,55,,,1340366,1782138655682,1340372,1782138655688,,1782138655620,29,2026-06-22T14:30:56.0494676Z,186,,oasis/bottle,0
,,,,,,6,local.mqtt.telegraf,56,38.29,,periodic,,63,-5947,32,30,,,5,08a6f769c348,,0,273,942,08:A6:F7:69:C3:48,,6010,31,2,,33,,,1341186,1782138656502,1341192,1782138656508,,1782138656439,28,2026-06-22T14:30:56.8406159Z,188,,oasis/bottle,0
,,,,,,5,local.mqtt.telegraf,58,42.51,,periodic,,64,-12184,40,38,,,5,08a6f7bb3c68,,0,274,950,08:A6:F7:BB:3C:68,,12248,24,2,,26,,,1341213,1782138656529,1341218,1782138656534,,1782138656465,28,2026-06-22T14:30:56.8757876Z,187,,oasis/bottle,0
,,,,,,6,local.mqtt.telegraf,54,21.29,,periodic,,72,-19240,19,17,,,5,08a6f75abdf0,,0,274,950,08:A6:F7:5A:BD:F0,,19312,53,2,,55,,,1341966,1782138657282,1341972,1782138657288,,1782138657210,29,2026-06-22T14:30:57.6496077Z,186,,oasis/bottle,0
,,,,,,6,local.mqtt.telegraf,56,38.4,,periodic,,73,-7427,42,40,,,5,08a6f769c348,,0,273,943,08:A6:F7:69:C3:48,,7500,31,2,,33,,,1342686,1782138658002,1342692,1782138658008,,1782138657929,28,2026-06-22T14:30:58.3786419Z,188,,oasis/bottle,0
,,,,,,6,local.mqtt.telegraf,58,42.36,,periodic,,67,-13711,43,41,,,5,08a6f7bb3c68,,0,273,951,08:A6:F7:BB:3C:68,,13778,24,2,,26,,,1342746,1782138658062,1342752,1782138658068,,1782138657995,28,2026-06-22T14:30:58.4368207Z,187,,oasis/bottle,0
,,,,,,6,local.mqtt.telegraf,54,21.34,,periodic,,72,-410,32,30,,,5,08a6f75abdf0,,0,274,951,08:A6:F7:5A:BD:F0,,482,40,2,,42,,,1343346,1782138658662,1343352,1782138658668,,1782138658590,29,2026-06-22T14:30:59.0301307Z,189,,oasis/bottle,0
,,,,,,6,local.mqtt.telegraf,57,38.39,,periodic,,63,-8647,32,30,,,5,08a6f769c348,,0,273,944,08:A6:F7:69:C3:48,,8710,31,2,,33,,,1343886,1782138659202,1343892,1782138659208,,1782138659139,28,2026-06-22T14:30:59.5697763Z,188,,oasis/bottle,0
,,,,,,6,local.mqtt.telegraf,57,42.4,,periodic,,68,-14969,44,42,,,5,08a6f7bb3c68,,0,273,952,08:A6:F7:BB:3C:68,,15037,24,2,,26,,,1344006,1782138659322,1344012,1782138659328,,1782138659254,28,2026-06-22T14:30:59.6787728Z,187,,oasis/bottle,0
,,,,,,6,local.mqtt.telegraf,54,21.34,,periodic,,72,-1970,32,30,,,5,08a6f75abdf0,,0,274,952,08:A6:F7:5A:BD:F0,,2042,40,2,,42,,,1344906,1782138660222,1344912,1782138660228,,1782138660150,29,2026-06-22T14:31:00.5965294Z,189,,oasis/bottle,0
,,,,,,7,local.mqtt.telegraf,57,38.41,,periodic,,63,-9827,32,30,,,5,08a6f769c348,,0,273,945,08:A6:F7:69:C3:48,,9890,31,2,,33,,,1345066,1782138660382,1345073,1782138660389,,1782138660319,28,2026-06-22T14:31:00.7533616Z,188,,oasis/bottle,0
,,,,,,6,local.mqtt.telegraf,57,42.32,,periodic,,67,-16271,43,41,,,5,08a6f7bb3c68,,0,274,953,08:A6:F7:BB:3C:68,,16338,24,2,,26,,,1345306,1782138660622,1345312,1782138660628,,1782138660555,28,2026-06-22T14:31:00.9929921Z,187,,oasis/bottle,0
,,,,,,6,local.mqtt.telegraf,54,21.32,,periodic,,72,-3290,32,30,,,5,08a6f75abdf0,,0,273,953,08:A6:F7:5A:BD:F0,,3362,40,2,,42,,,1346226,1782138661542,1346232,1782138661548,,1782138661470,29,2026-06-22T14:31:01.876988Z,189,,oasis/bottle,0
,,,,,,5,local.mqtt.telegraf,57,38.1,,periodic,,87,-10963,56,54,,,5,08a6f769c348,,0,273,946,08:A6:F7:69:C3:48,,11050,31,2,,33,,,1346250,1782138661566,1346255,1782138661571,,1782138661479,28,2026-06-22T14:31:01.920128Z,188,,oasis/bottle,1
,,,,,,6,local.mqtt.telegraf,57,42.59,,periodic,,68,-17669,44,42,,,5,08a6f7bb3c68,,0,273,954,08:A6:F7:BB:3C:68,,17737,24,2,,26,,,1346706,1782138662022,1346712,1782138662028,,1782138661954,28,2026-06-22T14:31:02.3926966Z,187,,oasis/bottle,0
,,,,,,6,local.mqtt.telegraf,57,38.24,,periodic,,63,-12127,32,30,,,5,08a6f769c348,,0,273,947,08:A6:F7:69:C3:48,,12190,31,2,,33,,,1347366,1782138662682,1347372,1782138662688,,1782138662619,28,2026-06-22T14:31:03.0470111Z,188,,oasis/bottle,0
,,,,,,6,local.mqtt.telegraf,55,21.33,,periodic,,69,-4736,29,27,,,5,08a6f75abdf0,,0,273,954,08:A6:F7:5A:BD:F0,,4805,40,2,,42,,,1347666,1782138662982,1347672,1782138662988,,1782138662913,29,2026-06-22T14:31:03.3485621Z,189,,oasis/bottle,0
,,,,,,6,local.mqtt.telegraf,57,42.39,,periodic,,67,-19281,43,41,,,5,08a6f7bb3c68,,0,273,955,08:A6:F7:BB:3C:68,,19348,24,2,,26,,,1348316,1782138663632,1348322,1782138663638,,1782138663565,28,2026-06-22T14:31:04.0034258Z,187,,oasis/bottle,0
,,,,,,6,local.mqtt.telegraf,57,38.2,,periodic,,73,-13177,42,40,,,5,08a6f769c348,,0,273,948,08:A6:F7:69:C3:48,,13250,31,2,,33,,,1348436,1782138663752,1348442,1782138663758,,1782138663679,28,2026-06-22T14:31:04.0660052Z,188,,oasis/bottle,0
,,,,,,6,local.mqtt.telegraf,55,21.36,,periodic,,62,-5830,22,20,,,5,08a6f75abdf0,,0,273,955,08:A6:F7:5A:BD:F0,,5892,40,2,,42,,,1348746,1782138664062,1348752,1782138664068,,1782138664000,29,2026-06-22T14:31:04.4338733Z,189,,oasis/bottle,0
,,,,,,7,local.mqtt.telegraf,57,42.33,,periodic,,67,-20691,43,41,,,5,08a6f7bb3c68,,0,273,956,08:A6:F7:BB:3C:68,,20758,24,2,,26,,,1349726,1782138665042,1349733,1782138665049,,1782138664975,28,2026-06-22T14:31:05.4057841Z,187,,oasis/bottle,0
,,,,,,6,local.mqtt.telegraf,57,38.21,,periodic,,63,-14717,32,30,,,5,08a6f769c348,,0,273,949,08:A6:F7:69:C3:48,,14780,31,2,,33,,,1349956,1782138665272,1349962,1782138665278,,1782138665209,28,2026-06-22T14:31:05.6445294Z,188,,oasis/bottle,0
,,,,,,6,local.mqtt.telegraf,55,21.49,,periodic,,63,-7379,23,21,,,5,08a6f75abdf0,,0,273,956,08:A6:F7:5A:BD:F0,,7442,40,2,,42,,,1350296,1782138665613,1350303,1782138665619,,1782138665550,29,2026-06-22T14:31:05.9927299Z,189,,oasis/bottle,0
,,,,,,6,local.mqtt.telegraf,57,38.1,,periodic,,62,-15979,31,29,,,5,08a6f769c348,,0,273,950,08:A6:F7:69:C3:48,,16041,31,2,,33,,,1351216,1782138666532,1351222,1782138666538,,1782138666470,28,2026-06-22T14:31:06.8963226Z,188,,oasis/bottle,0
,,,,,,6,local.mqtt.telegraf,57,42.33,,periodic,,67,-1455,17,15,,,5,08a6f7bb3c68,,0,273,957,08:A6:F7:BB:3C:68,,1522,50,2,,52,,,1351356,1782138666672,1351362,1782138666678,,1782138666605,28,2026-06-22T14:31:07.038799Z,190,,oasis/bottle,0
,,,,,,6,local.mqtt.telegraf,55,21.49,,periodic,,72,-8670,32,30,,,5,08a6f75abdf0,,0,274,957,08:A6:F7:5A:BD:F0,,8742,40,2,,42,,,1351606,1782138666922,1351612,1782138666928,,1782138666850,29,2026-06-22T14:31:07.2891914Z,189,,oasis/bottle,0
,,,,,,6,local.mqtt.telegraf,57,38.25,,periodic,,72,-17269,41,39,,,5,08a6f769c348,,0,273,951,08:A6:F7:69:C3:48,,17341,31,2,,33,,,1352526,1782138667842,1352532,1782138667848,,1782138667770,28,2026-06-22T14:31:08.2019755Z,188,,oasis/bottle,0
,,,,,,6,local.mqtt.telegraf,57,42.33,,periodic,,67,-2895,17,15,,,5,08a6f7bb3c68,,0,274,958,08:A6:F7:BB:3C:68,,2962,50,2,,52,,,1352796,1782138668112,1352802,1782138668118,,1782138668045,28,2026-06-22T14:31:08.4862023Z,190,,oasis/bottle,0
,,,,,,6,local.mqtt.telegraf,55,21.42,,periodic,,62,-10090,22,20,,,5,08a6f75abdf0,,0,273,958,08:A6:F7:5A:BD:F0,,10152,40,2,,42,,,1353006,1782138668322,1353012,1782138668328,,1782138668260,29,2026-06-22T14:31:08.6965216Z,189,,oasis/bottle,0
,,,,,,6,local.mqtt.telegraf,57,42.25,,periodic,,67,-3985,17,15,,,5,08a6f7bb3c68,,0,274,959,08:A6:F7:BB:3C:68,,4052,50,2,,52,,,1353886,1782138669202,1353892,1782138669208,,1782138669135,28,2026-06-22T14:31:09.5568899Z,190,,oasis/bottle,0
,,,,,,6,local.mqtt.telegraf,57,38.21,,periodic,,62,-18689,31,29,,,5,08a6f769c348,,0,273,952,08:A6:F7:69:C3:48,,18751,31,2,,33,,,1353926,1782138669242,1353932,1782138669248,,1782138669180,28,2026-06-22T14:31:09.6084666Z,188,,oasis/bottle,0
,,,,,,6,local.mqtt.telegraf,55,21.34,,periodic,,72,-11690,32,30,,,5,08a6f75abdf0,,0,274,959,08:A6:F7:5A:BD:F0,,11762,40,2,,42,,,1354626,1782138669942,1354632,1782138669948,,1782138669870,29,2026-06-22T14:31:10.3127359Z,189,,oasis/bottle,0
,,,,,,6,local.mqtt.telegraf,57,42.38,,periodic,,68,-5553,18,16,,,5,08a6f7bb3c68,,0,273,960,08:A6:F7:BB:3C:68,,5621,50,2,,52,,,1355456,1782138670772,1355462,1782138670778,,1782138670704,28,2026-06-22T14:31:11.1355743Z,190,,oasis/bottle,0
,,,,,,6,local.mqtt.telegraf,57,38.27,,periodic,,73,-20287,42,40,,,5,08a6f769c348,,0,273,953,08:A6:F7:69:C3:48,,20360,31,2,,33,,,1355546,1782138670862,1355552,1782138670868,,1782138670789,28,2026-06-22T14:31:11.1996584Z,188,,oasis/bottle,0
,,,,,,6,local.mqtt.telegraf,55,21.36,,periodic,,72,-13120,32,30,,,5,08a6f75abdf0,,0,273,960,08:A6:F7:5A:BD:F0,,13192,40,2,,42,,,1356056,1782138671372,1356062,1782138671378,,1782138671300,29,2026-06-22T14:31:11.751932Z,189,,oasis/bottle,0
,,,,,,6,local.mqtt.telegraf,57,42.15,,periodic,,67,-6905,17,15,,,5,08a6f7bb3c68,,0,274,961,08:A6:F7:BB:3C:68,,6972,50,2,,52,,,1356806,1782138672122,1356812,1782138672128,,1782138672055,28,2026-06-22T14:31:12.4952022Z,190,,oasis/bottle,0
,,,,,,6,local.mqtt.telegraf,57,38.18,,periodic,,72,-1250,24,22,,,5,08a6f769c348,,0,274,954,08:A6:F7:69:C3:48,,1322,48,2,,50,,,1356976,1782138672292,1356982,1782138672298,,1782138672220,28,2026-06-22T14:31:12.6820135Z,191,,oasis/bottle,0
,,,,,,6,local.mqtt.telegraf,55,21.3,,periodic,,72,-14180,32,30,,,5,08a6f75abdf0,,0,274,961,08:A6:F7:5A:BD:F0,,14252,40,2,,42,,,1357116,1782138672432,1357122,1782138672438,,1782138672360,29,2026-06-22T14:31:12.8051128Z,189,,oasis/bottle,0
,,,,,,6,local.mqtt.telegraf,57,38.1,,periodic,,73,-2288,25,23,,,5,08a6f769c348,,0,273,955,08:A6:F7:69:C3:48,,2361,48,2,,50,,,1358016,1782138673332,1358022,1782138673338,,1782138673259,28,2026-06-22T14:31:13.7010506Z,191,,oasis/bottle,0
,,,,,,6,local.mqtt.telegraf,57,42.21,,periodic,,67,-8385,17,15,,,5,08a6f7bb3c68,,0,274,962,08:A6:F7:BB:3C:68,,8452,50,2,,52,,,1358286,1782138673602,1358292,1782138673608,,1782138673535,28,2026-06-22T14:31:13.9851069Z,190,,oasis/bottle,0
,,,,,,6,local.mqtt.telegraf,55,21.48,,periodic,,72,-15680,32,30,,,5,08a6f75abdf0,,0,274,962,08:A6:F7:5A:BD:F0,,15752,40,2,,42,,,1358616,1782138673932,1358622,1782138673938,,1782138673860,29,2026-06-22T14:31:14.2934436Z,189,,oasis/bottle,0
,,,,,,6,local.mqtt.telegraf,57,42.33,,periodic,,67,-9555,17,15,,,5,08a6f7bb3c68,,0,274,963,08:A6:F7:BB:3C:68,,9622,50,2,,52,,,1359456,1782138674772,1359462,1782138674778,,1782138674705,28,2026-06-22T14:31:15.1277626Z,190,,oasis/bottle,0
,,,,,,6,local.mqtt.telegraf,57,38.23,,periodic,,62,-3790,14,12,,,5,08a6f769c348,,0,273,956,08:A6:F7:69:C3:48,,3852,48,2,,50,,,1359496,1782138674812,1359502,1782138674818,,1782138674750,28,2026-06-22T14:31:15.1633087Z,191,,oasis/bottle,0
,,,,,,6,local.mqtt.telegraf,55,21.4,,periodic,,62,-16910,22,20,,,5,08a6f75abdf0,,0,274,963,08:A6:F7:5A:BD:F0,,16972,40,2,,42,,,1359826,1782138675142,1359832,1782138675148,,1782138675080,29,2026-06-22T14:31:15.5206019Z,189,,oasis/bottle,0
,,,,,,6,local.mqtt.telegraf,57,42.13,,periodic,,67,-10685,17,15,,,5,08a6f7bb3c68,,0,273,964,08:A6:F7:BB:3C:68,,10752,50,2,,52,,,1360586,1782138675902,1360592,1782138675908,,1782138675835,28,2026-06-22T14:31:16.2602637Z,190,,oasis/bottle,0
,,,,,,6,local.mqtt.telegraf,57,38.12,,periodic,,63,-4958,15,13,,,5,08a6f769c348,,0,273,957,08:A6:F7:69:C3:48,,5021,48,2,,50,,,1360666,1782138675982,1360672,1782138675988,,1782138675919,28,2026-06-22T14:31:16.3124769Z,191,,oasis/bottle,0
,,,,,,6,local.mqtt.telegraf,55,21.23,,periodic,,72,-18110,32,30,,,5,08a6f75abdf0,,0,273,964,08:A6:F7:5A:BD:F0,,18182,40,2,,42,,,1361046,1782138676362,1361052,1782138676368,,1782138676290,29,2026-06-22T14:31:16.7250697Z,189,,oasis/bottle,0
,,,,,,7,local.mqtt.telegraf,57,42.32,,periodic,,67,-11745,17,15,,,5,08a6f7bb3c68,,0,273,965,08:A6:F7:BB:3C:68,,11812,50,2,,52,,,1361646,1782138676962,1361652,1782138676969,,1782138676895,28,2026-06-22T14:31:17.3199996Z,190,,oasis/bottle,0
,,,,,,6,local.mqtt.telegraf,57,38.23,,periodic,,62,-6090,14,12,,,5,08a6f769c348,,0,273,958,08:A6:F7:69:C3:48,,6152,48,2,,50,,,1361796,1782138677112,1361802,1782138677118,,1782138677050,28,2026-06-22T14:31:17.489082Z,191,,oasis/bottle,0
,,,,,,6,local.mqtt.telegraf,55,21.37,,periodic,,72,-19340,32,30,,,5,08a6f75abdf0,,0,274,965,08:A6:F7:5A:BD:F0,,19412,40,2,,42,,,1362276,1782138677592,1362282,1782138677598,,1782138677520,29,2026-06-22T14:31:17.9546409Z,189,,oasis/bottle,0
,,,,,,6,local.mqtt.telegraf,57,38.04,,periodic,,72,-7140,24,22,,,5,08a6f769c348,,0,273,959,08:A6:F7:69:C3:48,,7212,48,2,,50,,,1362866,1782138678182,1362872,1782138678188,,1782138678110,28,2026-06-22T14:31:18.5453687Z,191,,oasis/bottle,0
,,,,,,5,local.mqtt.telegraf,57,42.32,,periodic,,68,-13273,18,16,,,5,08a6f7bb3c68,,0,273,966,08:A6:F7:BB:3C:68,,13341,50,2,,52,,,1363175,1782138678492,1363181,1782138678497,,1782138678424,28,2026-06-22T14:31:18.902311Z,190,,oasis/bottle,0
,,,,,,6,local.mqtt.telegraf,55,21.37,,periodic,,72,-399,41,39,,,5,08a6f75abdf0,,0,274,966,08:A6:F7:5A:BD:F0,,471,31,2,,33,,,1363536,1782138678852,1363542,1782138678858,,1782138678780,29,2026-06-22T14:31:19.2311252Z,192,,oasis/bottle,0
,,,,,,6,local.mqtt.telegraf,57,38.29,,periodic,,63,-8678,15,13,,,5,08a6f769c348,,0,273,960,08:A6:F7:69:C3:48,,8741,48,2,,50,,,1364386,1782138679702,1364392,1782138679708,,1782138679639,28,2026-06-22T14:31:20.038158Z,191,,oasis/bottle,0
,,,,,,6,local.mqtt.telegraf,57,42.17,,periodic,,63,-14519,13,11,,,5,08a6f7bb3c68,,0,273,967,08:A6:F7:BB:3C:68,,14582,50,2,,52,,,1364412,1782138679728,1364418,1782138679734,,1782138679665,28,2026-06-22T14:31:20.0698944Z,190,,oasis/bottle,0
,,,,,,6,local.mqtt.telegraf,55,21.27,,periodic,,72,-1719,41,39,,,5,08a6f75abdf0,,0,274,967,08:A6:F7:5A:BD:F0,,1791,31,2,,33,,,1364856,1782138680172,1364862,1782138680178,,1782138680100,29,2026-06-22T14:31:20.5538053Z,192,,oasis/bottle,0
,,,,,,14,local.mqtt.telegraf,57,38.27,,periodic,,73,-9918,25,23,,,5,08a6f769c348,,0,273,961,08:A6:F7:69:C3:48,,9991,48,2,,50,,,1365646,1782138680962,1365660,1782138680976,,1782138680889,28,2026-06-22T14:31:21.3208775Z,191,,oasis/bottle,0
,,,,,,6,local.mqtt.telegraf,57,42.08,,periodic,,68,-15793,18,16,,,5,08a6f7bb3c68,,0,273,968,08:A6:F7:BB:3C:68,,15861,50,2,,52,,,1365696,1782138681012,1365702,1782138681018,,1782138680944,28,2026-06-22T14:31:21.3505421Z,190,,oasis/bottle,0
,,,,,,6,local.mqtt.telegraf,55,21.29,,periodic,,62,-3199,31,29,,,5,08a6f75abdf0,,0,274,968,08:A6:F7:5A:BD:F0,,3261,31,2,,33,,,1366316,1782138681632,1366322,1782138681638,,1782138681570,29,2026-06-22T14:31:22.0238883Z,192,,oasis/bottle,0
,,,,,,10,local.mqtt.telegraf,57,38.28,,periodic,,63,-11238,15,13,,,5,08a6f769c348,,0,273,962,08:A6:F7:69:C3:48,,11301,48,2,,50,,,1366946,1782138682262,1366956,1782138682272,,1782138682199,28,2026-06-22T14:31:22.6342414Z,191,,oasis/bottle,0
,,,,,,6,local.mqtt.telegraf,57,42.33,,periodic,,67,-17165,17,15,,,5,08a6f7bb3c68,,0,273,969,08:A6:F7:BB:3C:68,,17232,50,2,,52,,,1367066,1782138682382,1367072,1782138682388,,1782138682315,28,2026-06-22T14:31:22.6944253Z,190,,oasis/bottle,0
,,,,,,6,local.mqtt.telegraf,55,21.46,,periodic,,63,-4288,32,30,,,5,08a6f75abdf0,,0,274,969,08:A6:F7:5A:BD:F0,,4351,31,2,,33,,,1367406,1782138682723,1367413,1782138682729,,1782138682660,29,2026-06-22T14:31:23.0844191Z,192,,oasis/bottle,0
,,,,,,6,local.mqtt.telegraf,57,38.28,,periodic,,63,-12638,15,13,,,5,08a6f769c348,,0,273,963,08:A6:F7:69:C3:48,,12701,48,2,,50,,,1368346,1782138683662,1368352,1782138683668,,1782138683599,28,2026-06-22T14:31:24.0267022Z,191,,oasis/bottle,0
,,,,,,7,local.mqtt.telegraf,56,42.33,,periodic,,68,-18693,18,16,,,5,08a6f7bb3c68,,0,273,970,08:A6:F7:BB:3C:68,,18761,50,2,,52,,,1368596,1782138683912,1368603,1782138683919,,1782138683844,28,2026-06-22T14:31:24.2756837Z,190,,oasis/bottle,0
,,,,,,6,local.mqtt.telegraf,55,21.32,,periodic,,72,-5869,41,39,,,5,08a6f75abdf0,,0,274,970,08:A6:F7:5A:BD:F0,,5941,31,2,,33,,,1369006,1782138684322,1369012,1782138684328,,1782138684250,29,2026-06-22T14:31:24.6965856Z,192,,oasis/bottle,0
,,,,,,6,local.mqtt.telegraf,56,42.35,,periodic,,67,-19965,17,15,,,5,08a6f7bb3c68,,0,273,971,08:A6:F7:BB:3C:68,,20032,50,2,,52,,,1369866,1782138685182,1369872,1782138685188,,1782138685115,28,2026-06-22T14:31:25.5580514Z,190,,oasis/bottle,0
,,,,,,6,local.mqtt.telegraf,57,38.32,,periodic,,80,-14221,32,30,,,5,08a6f769c348,,0,273,964,08:A6:F7:69:C3:48,,14301,48,2,,50,,,1369963,1782138685279,1369969,1782138685285,,1782138685199,28,2026-06-22T14:31:25.6199705Z,191,,oasis/bottle,0
,,,,,,6,local.mqtt.telegraf,55,21.41,,periodic,,62,-7259,31,29,,,5,08a6f75abdf0,,0,274,971,08:A6:F7:5A:BD:F0,,7321,31,2,,33,,,1370376,1782138685692,1370382,1782138685698,,1782138685630,29,2026-06-22T14:31:26.0503908Z,192,,oasis/bottle,0
,,,,,,6,local.mqtt.telegraf,56,42.27,,periodic,,67,-1081,34,31,,,5,08a6f7bb3c68,,0,274,972,08:A6:F7:BB:3C:68,,1148,33,2,,36,,,1371186,1782138686502,1371192,1782138686508,,1782138686435,28,2026-06-22T14:31:26.867138Z,193,,oasis/bottle,0
,,,,,,6,local.mqtt.telegraf,57,38.24,,periodic,,73,-15638,25,23,,,5,08a6f769c348,,0,273,965,08:A6:F7:69:C3:48,,15711,48,2,,50,,,1371366,1782138686682,1371372,1782138686688,,1782138686609,28,2026-06-22T14:31:27.05502Z,191,,oasis/bottle,0
,,,,,,6,local.mqtt.telegraf,55,21.42,,periodic,,72,-8799,41,39,,,5,08a6f75abdf0,,0,274,972,08:A6:F7:5A:BD:F0,,8871,31,2,,33,,,1371936,1782138687252,1371942,1782138687258,,1782138687180,29,2026-06-22T14:31:27.6202743Z,192,,oasis/bottle,0
,,,,,,6,local.mqtt.telegraf,56,42.35,,periodic,,68,-2529,35,32,,,5,08a6f7bb3c68,,0,273,973,08:A6:F7:BB:3C:68,,2597,33,2,,36,,,1372636,1782138687952,1372642,1782138687958,,1782138687884,28,2026-06-22T14:31:28.3360495Z,193,,oasis/bottle,0
,,,,,,6,local.mqtt.telegraf,57,38.47,,periodic,,73,-17258,25,23,,,5,08a6f769c348,,0,273,966,08:A6:F7:69:C3:48,,17331,48,2,,50,,,1372986,1782138688302,1372992,1782138688308,,1782138688229,28,2026-06-22T14:31:28.6704433Z,191,,oasis/bottle,0
,,,,,,6,local.mqtt.telegraf,55,21.27,,periodic,,62,-10109,31,29,,,5,08a6f75abdf0,,0,274,973,08:A6:F7:5A:BD:F0,,10171,31,2,,33,,,1373226,1782138688542,1373232,1782138688548,,1782138688480,29,2026-06-22T14:31:28.9065922Z,192,,oasis/bottle,0
,,,,,,6,local.mqtt.telegraf,56,42.4,,periodic,,68,-3619,35,32,,,5,08a6f7bb3c68,,0,273,974,08:A6:F7:BB:3C:68,,3687,33,2,,36,,,1373726,1782138689042,1373732,1782138689048,,1782138688974,28,2026-06-22T14:31:29.4185624Z,193,,oasis/bottle,0
,,,,,,6,local.mqtt.telegraf,57,38.29,,periodic,,62,-18700,14,12,,,5,08a6f769c348,,0,273,967,08:A6:F7:69:C3:48,,18762,48,2,,50,,,1374406,1782138689722,1374412,1782138689728,,1782138689660,28,2026-06-22T14:31:30.0854497Z,191,,oasis/bottle,0
,,,,,,6,local.mqtt.telegraf,55,21.29,,periodic,,62,-11499,31,29,,,5,08a6f75abdf0,,0,274,974,08:A6:F7:5A:BD:F0,,11561,31,2,,33,,,1374616,1782138689932,1374622,1782138689938,,1782138689870,29,2026-06-22T14:31:30.2973388Z,192,,oasis/bottle,0
,,,,,,6,local.mqtt.telegraf,56,42.46,,periodic,,67,-5201,34,31,,,5,08a6f7bb3c68,,0,273,975,08:A6:F7:BB:3C:68,,5268,33,2,,36,,,1375306,1782138690622,1375312,1782138690628,,1782138690555,28,2026-06-22T14:31:30.9985602Z,193,,oasis/bottle,0
,,,,,,6,local.mqtt.telegraf,57,38.41,,periodic,,73,-19738,25,23,,,5,08a6f769c348,,0,273,968,08:A6:F7:69:C3:48,,19811,48,2,,50,,,1375466,1782138690782,1375472,1782138690788,,1782138690709,28,2026-06-22T14:31:31.1512151Z,191,,oasis/bottle,0
,,,,,,6,local.mqtt.telegraf,55,21.4,,periodic,,72,-13069,41,39,,,5,08a6f75abdf0,,0,274,975,08:A6:F7:5A:BD:F0,,13141,31,2,,33,,,1376206,1782138691522,1376212,1782138691528,,1782138691450,29,2026-06-22T14:31:31.8854802Z,192,,oasis/bottle,0
,,,,,,6,local.mqtt.telegraf,56,42.27,,periodic,,68,-6549,35,32,,,5,08a6f7bb3c68,,0,273,976,08:A6:F7:BB:3C:68,,6617,33,2,,36,,,1376656,1782138691972,1376662,1782138691978,,1782138691904,28,2026-06-22T14:31:32.3371002Z,193,,oasis/bottle,0
,,,,,,6,local.mqtt.telegraf,57,38.18,,periodic,,59,-1059,33,23,,,5,08a6f769c348,,0,273,969,08:A6:F7:69:C3:48,,1118,26,2,,36,,,1376966,1782138692282,1376972,1782138692288,,1782138692223,28,2026-06-22T14:31:32.651431Z,194,,oasis/bottle,0
,,,,,,6,local.mqtt.telegraf,55,21.27,,periodic,,62,-14449,31,29,,,5,08a6f75abdf0,,0,274,976,08:A6:F7:5A:BD:F0,,14511,31,2,,33,,,1377566,1782138692882,1377572,1782138692888,,1782138692820,29,2026-06-22T14:31:33.2555584Z,192,,oasis/bottle,0
,,,,,,6,local.mqtt.telegraf,56,42,,periodic,,68,-8049,35,32,,,5,08a6f7bb3c68,,0,273,977,08:A6:F7:BB:3C:68,,8117,33,2,,36,,,1378156,1782138693472,1378162,1782138693478,,1782138693404,28,2026-06-22T14:31:33.8019201Z,193,,oasis/bottle,0
,,,,,,6,local.mqtt.telegraf,57,38.29,,periodic,,65,-2263,39,29,,,5,08a6f769c348,,0,273,970,08:A6:F7:69:C3:48,,2328,26,2,,36,,,1378182,1782138693498,1378188,1782138693504,,1782138693433,28,2026-06-22T14:31:33.8453217Z,194,,oasis/bottle,0
,,,,,,6,local.mqtt.telegraf,55,21.46,,periodic,,72,-15969,41,39,,,5,08a6f75abdf0,,0,274,977,08:A6:F7:5A:BD:F0,,16041,31,2,,33,,,1379106,1782138694422,1379112,1782138694428,,1782138694350,29,2026-06-22T14:31:34.784223Z,192,,oasis/bottle,0
,,,,,,6,local.mqtt.telegraf,56,42.17,,periodic,,67,-9251,34,31,,,5,08a6f7bb3c68,,0,273,978,08:A6:F7:BB:3C:68,,9318,33,2,,36,,,1379356,1782138694672,1379362,1782138694678,,1782138694605,28,2026-06-22T14:31:35.0357399Z,193,,oasis/bottle,0
,,,,,,6,local.mqtt.telegraf,57,38.29,,periodic,,70,-3477,44,34,,,5,08a6f769c348,,0,273,971,08:A6:F7:69:C3:48,,3547,26,2,,36,,,1379406,1782138694722,1379412,1782138694728,,1782138694652,28,2026-06-22T14:31:35.0859047Z,194,,oasis/bottle,0
,,,,,,6,local.mqtt.telegraf,55,21.29,,periodic,,62,-17249,31,29,,,5,08a6f75abdf0,,0,274,978,08:A6:F7:5A:BD:F0,,17311,31,2,,33,,,1380366,1782138695682,1380372,1782138695688,,1782138695620,29,2026-06-22T14:31:36.0404562Z,192,,oasis/bottle,0
,,,,,,6,local.mqtt.telegraf,56,42.27,,periodic,,68,-10459,35,32,,,5,08a6f7bb3c68,,0,273,979,08:A6:F7:BB:3C:68,,10527,33,2,,36,,,1380566,1782138695882,1380572,1782138695888,,1782138695814,28,2026-06-22T14:31:36.2423472Z,193,,oasis/bottle,0
,,,,,,6,local.mqtt.telegraf,57,38.28,,periodic,,70,-4727,44,34,,,5,08a6f769c348,,0,273,972,08:A6:F7:69:C3:48,,4797,26,2,,36,,,1380656,1782138695972,1380662,1782138695978,,1782138695902,28,2026-06-22T14:31:36.3052156Z,194,,oasis/bottle,0
,,,,,,7,local.mqtt.telegraf,55,21.45,,periodic,,62,-18569,31,29,,,5,08a6f75abdf0,,0,273,979,08:A6:F7:5A:BD:F0,,18631,31,2,,33,,,1381686,1782138697002,1381693,1782138697009,,1782138696940,29,2026-06-22T14:31:37.4003693Z,192,,oasis/bottle,0
,,,,,,6,local.mqtt.telegraf,56,42.27,,periodic,,71,-11666,38,35,,,5,08a6f7bb3c68,,0,273,980,08:A6:F7:BB:3C:68,,11737,33,2,,36,,,1381779,1782138697095,1381785,1782138697101,,1782138697024,28,2026-06-22T14:31:37.4587424Z,193,,oasis/bottle,0
,,,,,,7,local.mqtt.telegraf,57,38.05,,periodic,,69,-6009,43,33,,,5,08a6f769c348,,0,274,973,08:A6:F7:69:C3:48,,6078,26,2,,36,,,1381936,1782138697252,1381943,1782138697259,,1782138697183,28,2026-06-22T14:31:37.6172178Z,194,,oasis/bottle,0
,,,,,,6,local.mqtt.telegraf,56,42.13,,periodic,,71,-12883,38,35,,,5,08a6f7bb3c68,,0,273,981,08:A6:F7:BB:3C:68,,12954,33,2,,36,,,1382996,1782138698312,1383002,1782138698318,,1782138698241,28,2026-06-22T14:31:38.6848169Z,193,,oasis/bottle,0
,,,,,,8,local.mqtt.telegraf,55,21.27,,periodic,,72,-19999,41,39,,,5,08a6f75abdf0,,0,274,980,08:A6:F7:5A:BD:F0,,20071,31,2,,33,,,1383136,1782138698452,1383144,1782138698460,,1782138698380,29,2026-06-22T14:31:38.8348597Z,192,,oasis/bottle,0
,,,,,,6,local.mqtt.telegraf,57,38.18,,periodic,,59,-7389,33,23,,,5,08a6f769c348,,0,273,974,08:A6:F7:69:C3:48,,7448,26,2,,36,,,1383296,1782138698612,1383302,1782138698618,,1782138698553,28,2026-06-22T14:31:38.9898383Z,194,,oasis/bottle,0
,,,,,,6,local.mqtt.telegraf,56,42.12,,periodic,,67,-14111,34,31,,,5,08a6f7bb3c68,,0,273,982,08:A6:F7:BB:3C:68,,14178,33,2,,36,,,1384216,1782138699532,1384222,1782138699538,,1782138699465,28,2026-06-22T14:31:39.9374115Z,193,,oasis/bottle,0
,,,,,,7,local.mqtt.telegraf,55,21.3,,periodic,,94,-857,63,61,,,5,08a6f75abdf0,,0,274,981,08:A6:F7:5A:BD:F0,,951,31,2,,33,,,1384248,1782138699564,1384255,1782138699571,,1782138699470,29,2026-06-22T14:31:40.0134143Z,195,,oasis/bottle,1
,,,,,,6,local.mqtt.telegraf,57,38.35,,periodic,,69,-8909,43,33,,,5,08a6f769c348,,0,273,975,08:A6:F7:69:C3:48,,8978,26,2,,36,,,1384836,1782138700152,1384842,1782138700158,,1782138700083,28,2026-06-22T14:31:40.6802344Z,194,,oasis/bottle,0
,,,,,,7,local.mqtt.telegraf,56,42.16,,periodic,,77,-15351,44,41,,,5,08a6f7bb3c68,,0,273,983,08:A6:F7:BB:3C:68,,15428,33,2,,36,,,1385476,1782138700792,1385482,1782138700799,,1782138700715,28,2026-06-22T14:31:41.2713656Z,193,,oasis/bottle,0
,,,,,,6,local.mqtt.telegraf,54,21.29,,periodic,,73,-2447,42,40,,,5,08a6f75abdf0,,0,273,982,08:A6:F7:5A:BD:F0,,2520,31,2,,33,,,1385796,1782138701112,1385802,1782138701118,,1782138701039,29,2026-06-22T14:31:41.5577426Z,195,,oasis/bottle,0
,,,,,,6,local.mqtt.telegraf,57,38.27,,periodic,,60,-10177,34,24,,,5,08a6f769c348,,0,273,976,08:A6:F7:69:C3:48,,10237,26,2,,36,,,1386086,1782138701402,1386092,1782138701408,,1782138701342,28,2026-06-22T14:31:41.8241227Z,194,,oasis/bottle,0
,,,,,,6,local.mqtt.telegraf,56,42.33,,periodic,,68,-16689,35,32,,,5,08a6f7bb3c68,,0,273,984,08:A6:F7:BB:3C:68,,16757,33,2,,36,,,1386796,1782138702112,1386802,1782138702118,,1782138702044,28,2026-06-22T14:31:42.5680424Z,193,,oasis/bottle,0
,,,,,,6,local.mqtt.telegraf,54,21.34,,periodic,,62,-3829,31,29,,,5,08a6f75abdf0,,0,274,983,08:A6:F7:5A:BD:F0,,3891,31,2,,33,,,1387156,1782138702472,1387162,1782138702478,,1782138702410,29,2026-06-22T14:31:42.9459033Z,195,,oasis/bottle,0
,,,,,,6,local.mqtt.telegraf,57,38.28,,periodic,,69,-11479,43,33,,,5,08a6f769c348,,0,273,977,08:A6:F7:69:C3:48,,11548,26,2,,36,,,1387406,1782138702722,1387412,1782138702728,,1782138702653,28,2026-06-22T14:31:43.2312076Z,194,,oasis/bottle,0
,,,,,,6,local.mqtt.telegraf,56,42.27,,periodic,,68,-18119,35,32,,,5,08a6f7bb3c68,,0,273,985,08:A6:F7:BB:3C:68,,18187,33,2,,36,,,1388226,1782138703542,1388232,1782138703548,,1782138703474,28,2026-06-22T14:31:43.9152652Z,193,,oasis/bottle,0
,,,,,,6,local.mqtt.telegraf,54,21.3,,periodic,,62,-5329,31,29,,,5,08a6f75abdf0,,0,274,984,08:A6:F7:5A:BD:F0,,5391,31,2,,33,,,1388656,1782138703972,1388662,1782138703978,,1782138703910,29,2026-06-22T14:31:44.3454495Z,195,,oasis/bottle,0
,,,,,,7,local.mqtt.telegraf,57,38.12,,periodic,,59,-12919,33,23,,,5,08a6f769c348,,0,273,978,08:A6:F7:69:C3:48,,12978,26,2,,36,,,1388826,1782138704142,1388833,1782138704149,,1782138704083,28,2026-06-22T14:31:44.5020064Z,194,,oasis/bottle,0
,,,,,,6,local.mqtt.telegraf,56,42.16,,periodic,,67,-19181,34,31,,,5,08a6f7bb3c68,,0,273,986,08:A6:F7:BB:3C:68,,19248,33,2,,36,,,1389286,1782138704602,1389292,1782138704608,,1782138704535,28,2026-06-22T14:31:44.9669305Z,193,,oasis/bottle,0
,,,,,,6,local.mqtt.telegraf,54,21.29,,periodic,,72,-6519,41,39,,,5,08a6f75abdf0,,0,274,985,08:A6:F7:5A:BD:F0,,6591,31,2,,33,,,1389866,1782138705182,1389872,1782138705188,,1782138705110,29,2026-06-22T14:31:45.5192243Z,195,,oasis/bottle,0
,,,,,,6,local.mqtt.telegraf,57,38.43,,periodic,,76,-13951,50,40,,,5,08a6f769c348,,0,273,979,08:A6:F7:69:C3:48,,14027,26,2,,36,,,1389892,1782138705208,1389898,1782138705214,,1782138705132,28,2026-06-22T14:31:45.5547093Z,194,,oasis/bottle,0
,,,,,,6,local.mqtt.telegraf,56,42.13,,periodic,,67,-495,47,45,,,5,08a6f7bb3c68,,0,274,987,08:A6:F7:BB:3C:68,,562,20,2,,22,,,1390796,1782138706112,1390802,1782138706118,,1782138706045,28,2026-06-22T14:31:46.4922977Z,196,,oasis/bottle,0
,,,,,,6,local.mqtt.telegraf,54,21.33,,periodic,,62,-7739,31,29,,,5,08a6f75abdf0,,0,274,986,08:A6:F7:5A:BD:F0,,7801,31,2,,33,,,1391066,1782138706382,1391072,1782138706388,,1782138706320,29,2026-06-22T14:31:46.7614951Z,195,,oasis/bottle,0
,,,,,,6,local.mqtt.telegraf,56,38.47,,periodic,,70,-15457,44,34,,,5,08a6f769c348,,0,273,980,08:A6:F7:69:C3:48,,15527,26,2,,36,,,1391386,1782138706702,1391392,1782138706708,,1782138706632,28,2026-06-22T14:31:47.0751685Z,194,,oasis/bottle,0
,,,,,,6,local.mqtt.telegraf,56,42.09,,periodic,,76,-1697,56,54,,,5,08a6f7bb3c68,,0,273,988,08:A6:F7:BB:3C:68,,1773,20,2,,22,,,1392016,1782138707332,1392022,1782138707338,,1782138707256,28,2026-06-22T14:31:47.7046989Z,196,,oasis/bottle,0
,,,,,,6,local.mqtt.telegraf,54,21.44,,periodic,,62,-8979,31,29,,,5,08a6f75abdf0,,0,273,987,08:A6:F7:5A:BD:F0,,9041,31,2,,33,,,1392306,1782138707622,1392312,1782138707628,,1782138707560,29,2026-06-22T14:31:47.9990365Z,195,,oasis/bottle,0
,,,,,,14,local.mqtt.telegraf,56,38.27,,periodic,,60,-16677,34,24,,,5,08a6f769c348,,0,273,981,08:A6:F7:69:C3:48,,16737,26,2,,36,,,1392586,1782138707902,1392600,1782138707916,,1782138707842,28,2026-06-22T14:31:48.2692036Z,194,,oasis/bottle,0
,,,,,,6,local.mqtt.telegraf,56,42.03,,periodic,,67,-2945,47,45,,,5,08a6f7bb3c68,,0,273,989,08:A6:F7:BB:3C:68,,3012,20,2,,22,,,1393246,1782138708562,1393252,1782138708568,,1782138708495,28,2026-06-22T14:31:48.9355325Z,196,,oasis/bottle,0
,,,,,,6,local.mqtt.telegraf,54,21.34,,periodic,,73,-10207,42,40,,,5,08a6f75abdf0,,0,273,988,08:A6:F7:5A:BD:F0,,10280,31,2,,33,,,1393556,1782138708872,1393562,1782138708878,,1782138708799,29,2026-06-22T14:31:49.2360139Z,195,,oasis/bottle,0
,,,,,,6,local.mqtt.telegraf,56,38.16,,periodic,,70,-17867,44,34,,,5,08a6f769c348,,0,273,982,08:A6:F7:69:C3:48,,17937,26,2,,36,,,1393796,1782138709112,1393802,1782138709118,,1782138709042,28,2026-06-22T14:31:49.4972152Z,194,,oasis/bottle,0
,,,,,,6,local.mqtt.telegraf,56,42.16,,periodic,,68,-4203,48,46,,,5,08a6f7bb3c68,,0,273,990,08:A6:F7:BB:3C:68,,4271,20,2,,22,,,1394506,1782138709822,1394512,1782138709828,,1782138709754,28,2026-06-22T14:31:50.1846653Z,196,,oasis/bottle,0
,,,,,,7,local.mqtt.telegraf,54,21.44,,periodic,,62,-11509,31,29,,,5,08a6f75abdf0,,0,273,989,08:A6:F7:5A:BD:F0,,11571,31,2,,33,,,1394836,1782138710152,1394843,1782138710159,,1782138710090,29,2026-06-22T14:31:50.5238194Z,195,,oasis/bottle,0
,,,,,,6,local.mqtt.telegraf,56,38.24,,periodic,,70,-19067,44,34,,,5,08a6f769c348,,0,273,983,08:A6:F7:69:C3:48,,19137,26,2,,36,,,1394996,1782138710312,1395002,1782138710318,,1782138710242,28,2026-06-22T14:31:50.6698269Z,194,,oasis/bottle,0
,,,,,,6,local.mqtt.telegraf,56,42.09,,periodic,,74,-5531,54,52,,,5,08a6f7bb3c68,,0,273,991,08:A6:F7:BB:3C:68,,5605,20,2,,22,,,1395846,1782138711162,1395852,1782138711168,,1782138711088,28,2026-06-22T14:31:51.5302068Z,196,,oasis/bottle,0
,,,,,,6,local.mqtt.telegraf,56,38.25,,periodic,,69,-20279,43,33,,,5,08a6f769c348,,0,273,984,08:A6:F7:69:C3:48,,20348,26,2,,36,,,1396206,1782138711522,1396212,1782138711528,,1782138711453,28,2026-06-22T14:31:51.8690166Z,194,,oasis/bottle,0
,,,,,,6,local.mqtt.telegraf,54,21.26,,periodic,,102,-12839,71,69,,,5,08a6f75abdf0,,0,274,990,08:A6:F7:5A:BD:F0,,12941,31,2,,33,,,1396245,1782138711562,1396252,1782138711568,,1782138711460,29,2026-06-22T14:31:51.906604Z,195,,oasis/bottle,0
,,,,,,6,local.mqtt.telegraf,56,42.11,,periodic,,68,-6993,48,46,,,5,08a6f7bb3c68,,0,273,992,08:A6:F7:BB:3C:68,,7061,20,2,,22,,,1397296,1782138712612,1397302,1782138712618,,1782138712544,28,2026-06-22T14:31:52.9815304Z,196,,oasis/bottle,0
,,,,,,6,local.mqtt.telegraf,56,38.24,,periodic,,70,-1031,17,15,,,5,08a6f769c348,,0,273,985,08:A6:F7:69:C3:48,,1101,53,2,,55,,,1397416,1782138712732,1397422,1782138712738,,1782138712662,28,2026-06-22T14:31:53.104289Z,197,,oasis/bottle,0
,,,,,,6,local.mqtt.telegraf,54,21.34,,periodic,,69,-14415,38,36,,,5,08a6f75abdf0,,0,273,991,08:A6:F7:5A:BD:F0,,14484,31,2,,33,,,1397756,1782138713072,1397762,1782138713078,,1782138713003,29,2026-06-22T14:31:53.4436197Z,195,,oasis/bottle,0
,,,,,,6,local.mqtt.telegraf,56,42.17,,periodic,,67,-8095,47,45,,,5,08a6f7bb3c68,,0,273,993,08:A6:F7:BB:3C:68,,8162,20,2,,22,,,1398396,1782138713712,1398402,1782138713718,,1782138713645,28,2026-06-22T14:31:54.0710096Z,196,,oasis/bottle,0
,,,,,,6,local.mqtt.telegraf,56,38.4,,periodic,,60,-2271,7,5,,,5,08a6f769c348,,0,273,986,08:A6:F7:69:C3:48,,2331,53,2,,55,,,1398636,1782138713952,1398642,1782138713958,,1782138713892,28,2026-06-22T14:31:54.3232793Z,197,,oasis/bottle,0
,,,,,,7,local.mqtt.telegraf,54,21.49,,periodic,,62,-15699,31,29,,,5,08a6f75abdf0,,0,274,992,08:A6:F7:5A:BD:F0,,15761,31,2,,33,,,1399026,1782138714342,1399033,1782138714349,,1782138714280,29,2026-06-22T14:31:54.7145379Z,195,,oasis/bottle,0
,,,,,,6,local.mqtt.telegraf,56,38.18,,periodic,,70,-3501,17,15,,,5,08a6f769c348,,0,273,987,08:A6:F7:69:C3:48,,3571,53,2,,55,,,1399886,1782138715202,1399892,1782138715208,,1782138715132,28,2026-06-22T14:31:55.5752396Z,197,,oasis/bottle,0
,,,,,,6,local.mqtt.telegraf,56,41.88,,periodic,,67,-9715,47,45,,,5,08a6f7bb3c68,,0,273,994,08:A6:F7:BB:3C:68,,9782,20,2,,22,,,1400016,1782138715332,1400022,1782138715338,,1782138715265,28,2026-06-22T14:31:55.6844094Z,196,,oasis/bottle,0
,,,,,,6,local.mqtt.telegraf,54,21.25,,periodic,,72,-17039,41,39,,,5,08a6f75abdf0,,0,274,993,08:A6:F7:5A:BD:F0,,17111,31,2,,33,,,1400386,1782138715702,1400392,1782138715708,,1782138715630,29,2026-06-22T14:31:56.0708636Z,195,,oasis/bottle,0
,,,,,,6,local.mqtt.telegraf,56,38.2,,periodic,,60,-4801,7,5,,,5,08a6f769c348,,0,273,988,08:A6:F7:69:C3:48,,4861,53,2,,55,,,1401166,1782138716482,1401172,1782138716488,,1782138716422,28,2026-06-22T14:31:56.8522897Z,197,,oasis/bottle,0
,,,,,,6,local.mqtt.telegraf,56,42.13,,periodic,,67,-11135,47,45,,,5,08a6f7bb3c68,,0,273,995,08:A6:F7:BB:3C:68,,11202,20,2,,22,,,1401436,1782138716752,1401442,1782138716758,,1782138716685,28,2026-06-22T14:31:57.1195578Z,196,,oasis/bottle,0
,,,,,,6,local.mqtt.telegraf,54,21.19,,periodic,,62,-18559,31,29,,,5,08a6f75abdf0,,0,274,994,08:A6:F7:5A:BD:F0,,18621,31,2,,33,,,1401886,1782138717202,1401892,1782138717208,,1782138717140,29,2026-06-22T14:31:57.568146Z,195,,oasis/bottle,0
,,,,,,6,local.mqtt.telegraf,56,42.08,,periodic,,67,-12175,47,45,,,5,08a6f7bb3c68,,0,273,996,08:A6:F7:BB:3C:68,,12242,20,2,,22,,,1402476,1782138717792,1402482,1782138717798,,1782138717725,28,2026-06-22T14:31:58.1592336Z,196,,oasis/bottle,0
,,,,,,9,local.mqtt.telegraf,56,38.17,,periodic,,70,-6161,17,15,,,5,08a6f769c348,,0,273,989,08:A6:F7:69:C3:48,,6231,53,2,,55,,,1402546,1782138717862,1402555,1782138717871,,1782138717792,28,2026-06-22T14:31:58.2153Z,197,,oasis/bottle,0
,,,,,,6,local.mqtt.telegraf,54,21.37,,periodic,,72,-19759,41,39,,,5,08a6f75abdf0,,0,274,995,08:A6:F7:5A:BD:F0,,19831,31,2,,33,,,1403106,1782138718422,1403112,1782138718428,,1782138718350,29,2026-06-22T14:31:58.8060079Z,195,,oasis/bottle,0
,,,,,,7,local.mqtt.telegraf,56,42,,periodic,,67,-13655,47,45,,,5,08a6f7bb3c68,,0,273,997,08:A6:F7:BB:3C:68,,13722,20,2,,22,,,1403956,1782138719272,1403963,1782138719279,,1782138719205,28,2026-06-22T14:31:59.6341507Z,196,,oasis/bottle,0
,,,,,,6,local.mqtt.telegraf,56,38.08,,periodic,,68,-7706,15,13,,,5,08a6f769c348,,0,273,990,08:A6:F7:69:C3:48,,7774,53,2,,55,,,1404086,1782138719403,1404093,1782138719409,,1782138719335,28,2026-06-22T14:31:59.7677217Z,197,,oasis/bottle,0
,,,,,,6,local.mqtt.telegraf,54,21.34,,periodic,,62,-766,28,26,,,5,08a6f75abdf0,,0,274,996,08:A6:F7:5A:BD:F0,,828,34,2,,36,,,1404316,1782138719632,1404322,1782138719638,,1782138719570,29,2026-06-22T14:32:00.0054335Z,198,,oasis/bottle,0
,,,,,,6,local.mqtt.telegraf,56,42.12,,periodic,,68,-14813,48,46,,,5,08a6f7bb3c68,,0,273,998,08:A6:F7:BB:3C:68,,14881,20,2,,22,,,1405116,1782138720432,1405122,1782138720438,,1782138720364,28,2026-06-22T14:32:00.8176315Z,196,,oasis/bottle,0
,,,,,,6,local.mqtt.telegraf,56,38.21,,periodic,,69,-8983,16,14,,,5,08a6f769c348,,0,273,991,08:A6:F7:69:C3:48,,9052,53,2,,55,,,1405366,1782138720682,1405372,1782138720688,,1782138720613,28,2026-06-22T14:32:01.0557956Z,197,,oasis/bottle,0
,,,,,,7,local.mqtt.telegraf,54,21.3,,periodic,,62,-1996,28,26,,,5,08a6f75abdf0,,0,273,997,08:A6:F7:5A:BD:F0,,2058,34,2,,36,,,1405546,1782138720862,1405553,1782138720869,,1782138720800,29,2026-06-22T14:32:01.2249904Z,198,,oasis/bottle,0
,,,,,,6,local.mqtt.telegraf,56,42.11,,periodic,,77,-15915,57,55,,,5,08a6f7bb3c68,,0,273,999,08:A6:F7:BB:3C:68,,15992,20,2,,22,,,1406236,1782138721552,1406242,1782138721558,,1782138721475,28,2026-06-22T14:32:01.9345483Z,196,,oasis/bottle,0
,,,,,,6,local.mqtt.telegraf,56,38.21,,periodic,,70,-10331,17,15,,,5,08a6f769c348,,0,273,992,08:A6:F7:69:C3:48,,10401,53,2,,55,,,1406716,1782138722032,1406722,1782138722038,,1782138721962,28,2026-06-22T14:32:02.4064272Z,197,,oasis/bottle,0
,,,,,,6,local.mqtt.telegraf,54,21.48,,periodic,,72,-3246,38,36,,,5,08a6f75abdf0,,0,273,998,08:A6:F7:5A:BD:F0,,3318,34,2,,36,,,1406816,1782138722132,1406822,1782138722138,,1782138722060,29,2026-06-22T14:32:02.4701849Z,198,,oasis/bottle,0
,,,,,,6,local.mqtt.telegraf,56,42.11,,periodic,,77,-17545,57,55,,,5,08a6f7bb3c68,,0,273,1000,08:A6:F7:BB:3C:68,,17622,20,2,,22,,,1407866,1782138723182,1407872,1782138723188,,1782138723105,28,2026-06-22T14:32:03.5833974Z,196,,oasis/bottle,0
,,,,,,6,local.mqtt.telegraf,54,21.37,,periodic,,69,-4572,35,33,,,5,08a6f75abdf0,,0,273,999,08:A6:F7:5A:BD:F0,,4641,34,2,,36,,,1408136,1782138723452,1408142,1782138723458,,1782138723383,29,2026-06-22T14:32:03.8349373Z,198,,oasis/bottle,0
,,,,,,15,local.mqtt.telegraf,56,38.18,,periodic,,62,-11850,9,7,,,5,08a6f769c348,,0,273,993,08:A6:F7:69:C3:48,,11912,53,2,,55,,,1408219,1782138723535,1408234,1782138723550,,1782138723473,28,2026-06-22T14:32:03.8861562Z,197,,oasis/bottle,0
,,,,,,6,local.mqtt.telegraf,56,42.11,,periodic,,68,-19013,48,46,,,5,08a6f7bb3c68,,0,273,1001,08:A6:F7:BB:3C:68,,19081,20,2,,22,,,1409316,1782138724632,1409322,1782138724638,,1782138724564,28,2026-06-22T14:32:04.9999965Z,196,,oasis/bottle,0
,,,,,,6,local.mqtt.telegraf,56,38.08,,periodic,,69,-13053,16,14,,,5,08a6f769c348,,0,273,994,08:A6:F7:69:C3:48,,13122,53,2,,55,,,1409436,1782138724752,1409442,1782138724758,,1782138724683,28,2026-06-22T14:32:05.1346764Z,197,,oasis/bottle,0
,,,,,,6,local.mqtt.telegraf,54,21.3,,periodic,,72,-6006,38,36,,,5,08a6f75abdf0,,0,273,1000,08:A6:F7:5A:BD:F0,,6078,34,2,,36,,,1409576,1782138724892,1409582,1782138724898,,1782138724820,29,2026-06-22T14:32:05.264319Z,198,,oasis/bottle,0
,,,,,,7,local.mqtt.telegraf,56,42.11,,periodic,,77,-20105,57,55,,,5,08a6f7bb3c68,,0,273,1002,08:A6:F7:BB:3C:68,,20182,20,2,,22,,,1410426,1782138725742,1410432,1782138725749,,1782138725665,28,2026-06-22T14:32:06.1217176Z,196,,oasis/bottle,0
,,,,,,6,local.mqtt.telegraf,56,38.18,,periodic,,59,-14283,6,4,,,5,08a6f769c348,,0,273,995,08:A6:F7:69:C3:48,,14342,53,2,,55,,,1410646,1782138725962,1410652,1782138725968,,1782138725903,28,2026-06-22T14:32:06.3078148Z,197,,oasis/bottle,0
,,,,,,10,local.mqtt.telegraf,54,21.33,,periodic,,86,-7072,52,50,,,5,08a6f75abdf0,,0,273,1001,08:A6:F7:5A:BD:F0,,7158,34,2,,36,,,1410670,1782138725986,1410680,1782138725996,,1782138725900,29,2026-06-22T14:32:06.3470187Z,198,,oasis/bottle,1
,,,,,,6,local.mqtt.telegraf,56,38.16,,periodic,,70,-15501,17,15,,,5,08a6f769c348,,0,273,996,08:A6:F7:69:C3:48,,15571,53,2,,55,,,1411886,1782138727202,1411892,1782138727208,,1782138727132,28,2026-06-22T14:32:07.5843269Z,197,,oasis/bottle,0
,,,,,,6,local.mqtt.telegraf,56,41.92,,periodic,,67,-1435,9,7,,,5,08a6f7bb3c68,,0,273,1003,08:A6:F7:BB:3C:68,,1502,58,2,,60,,,1412036,1782138727352,1412042,1782138727358,,1782138727285,28,2026-06-22T14:32:07.7162145Z,199,,oasis/bottle,0
,,,,,,6,local.mqtt.telegraf,54,21.42,,periodic,,72,-8646,38,36,,,5,08a6f75abdf0,,0,274,1002,08:A6:F7:5A:BD:F0,,8718,34,2,,36,,,1412216,1782138727532,1412222,1782138727538,,1782138727460,29,2026-06-22T14:32:07.899895Z,198,,oasis/bottle,0
,,,,,,6,local.mqtt.telegraf,56,38.04,,periodic,,69,-16773,16,14,,,5,08a6f769c348,,0,273,997,08:A6:F7:69:C3:48,,16842,53,2,,55,,,1413156,1782138728472,1413162,1782138728478,,1782138728403,28,2026-06-22T14:32:08.8359347Z,197,,oasis/bottle,0
,,,,,,6,local.mqtt.telegraf,56,41.97,,periodic,,68,-2853,10,8,,,5,08a6f7bb3c68,,0,273,1004,08:A6:F7:BB:3C:68,,2921,58,2,,60,,,1413456,1782138728772,1413462,1782138728778,,1782138728704,28,2026-06-22T14:32:09.153123Z,199,,oasis/bottle,0
,,,,,,6,local.mqtt.telegraf,54,21.22,,periodic,,62,-9976,28,26,,,5,08a6f75abdf0,,0,273,1003,08:A6:F7:5A:BD:F0,,10038,34,2,,36,,,1413526,1782138728842,1413532,1782138728848,,1782138728780,29,2026-06-22T14:32:09.1906927Z,198,,oasis/bottle,0
,,,,,,7,local.mqtt.telegraf,56,38.12,,periodic,,60,-18121,7,5,,,5,08a6f769c348,,0,273,998,08:A6:F7:69:C3:48,,18181,53,2,,55,,,1414486,1782138729802,1414492,1782138729809,,1782138729742,28,2026-06-22T14:32:10.1370896Z,197,,oasis/bottle,0
,,,,,,6,local.mqtt.telegraf,56,42.17,,periodic,,85,-3876,27,25,,,5,08a6f7bb3c68,,0,273,1005,08:A6:F7:BB:3C:68,,3961,58,2,,60,,,1414513,1782138729829,1414519,1782138729835,,1782138729744,28,2026-06-22T14:32:10.1733043Z,199,,oasis/bottle,0
,,,,,,6,local.mqtt.telegraf,54,21.29,,periodic,,72,-11396,38,36,,,5,08a6f75abdf0,,0,273,1004,08:A6:F7:5A:BD:F0,,11468,34,2,,36,,,1414966,1782138730282,1414972,1782138730288,,1782138730210,29,2026-06-22T14:32:10.6523167Z,198,,oasis/bottle,0
,,,,,,6,local.mqtt.telegraf,56,38.06,,periodic,,70,-19581,17,15,,,5,08a6f769c348,,0,273,999,08:A6:F7:69:C3:48,,19651,53,2,,55,,,1415966,1782138731282,1415972,1782138731288,,1782138731212,28,2026-06-22T14:32:11.6183936Z,197,,oasis/bottle,0
,,,,,,6,local.mqtt.telegraf,56,42.09,,periodic,,64,-5397,6,4,,,5,08a6f7bb3c68,,0,273,1006,08:A6:F7:BB:3C:68,,5461,58,2,,60,,,1415992,1782138731308,1415998,1782138731314,,1782138731244,28,2026-06-22T14:32:11.6669762Z,199,,oasis/bottle,0
,,,,,,18,local.mqtt.telegraf,54,21.34,,periodic,,62,-12466,28,26,,,5,08a6f75abdf0,,0,273,1005,08:A6:F7:5A:BD:F0,,12528,34,2,,36,,,1416016,1782138731332,1416034,1782138731350,,1782138731270,29,2026-06-22T14:32:11.702235Z,198,,oasis/bottle,0
,,,,,,6,local.mqtt.telegraf,56,38.04,,periodic,,60,-530,29,27,,,5,08a6f769c348,,0,273,1000,08:A6:F7:69:C3:48,,590,31,2,,33,,,1417096,1782138732412,1417102,1782138732418,,1782138732352,28,2026-06-22T14:32:12.7773144Z,200,,oasis/bottle,0
,,,,,,10,local.mqtt.telegraf,56,42.12,,periodic,,67,-6565,9,7,,,5,08a6f7bb3c68,,0,274,1007,08:A6:F7:BB:3C:68,,6632,58,2,,60,,,1417166,1782138732482,1417176,1782138732492,,1782138732415,28,2026-06-22T14:32:12.8301648Z,199,,oasis/bottle,0
,,,,,,6,local.mqtt.telegraf,54,21.27,,periodic,,62,-13976,28,26,,,5,08a6f75abdf0,,0,273,1006,08:A6:F7:5A:BD:F0,,14038,34,2,,36,,,1417526,1782138732842,1417532,1782138732848,,1782138732780,29,2026-06-22T14:32:13.2215871Z,198,,oasis/bottle,0
,,,,,,6,local.mqtt.telegraf,56,38.25,,periodic,,70,-1590,39,37,,,5,08a6f769c348,,0,273,1001,08:A6:F7:69:C3:48,,1660,31,2,,33,,,1418176,1782138733492,1418182,1782138733498,,1782138733422,28,2026-06-22T14:32:13.8673135Z,200,,oasis/bottle,0
,,,,,,6,local.mqtt.telegraf,56,41.96,,periodic,,77,-7705,19,17,,,5,08a6f7bb3c68,,0,273,1008,08:A6:F7:BB:3C:68,,7782,58,2,,60,,,1418326,1782138733642,1418332,1782138733648,,1782138733565,28,2026-06-22T14:32:14.0023933Z,199,,oasis/bottle,0
,,,,,,6,local.mqtt.telegraf,54,21.27,,periodic,,72,-15186,38,36,,,5,08a6f75abdf0,,0,273,1007,08:A6:F7:5A:BD:F0,,15258,34,2,,36,,,1418756,1782138734072,1418762,1782138734078,,1782138734000,29,2026-06-22T14:32:14.436347Z,198,,oasis/bottle,0
,,,,,,6,local.mqtt.telegraf,56,41.91,,periodic,,77,-8805,19,17,,,5,08a6f7bb3c68,,0,273,1009,08:A6:F7:BB:3C:68,,8882,58,2,,60,,,1419426,1782138734742,1419432,1782138734748,,1782138734665,28,2026-06-22T14:32:15.1130701Z,199,,oasis/bottle,0
,,,,,,14,local.mqtt.telegraf,56,38.17,,periodic,,69,-3132,38,36,,,5,08a6f769c348,,0,273,1002,08:A6:F7:69:C3:48,,3201,31,2,,33,,,1419716,1782138735032,1419730,1782138735046,,1782138734963,28,2026-06-22T14:32:15.4055238Z,200,,oasis/bottle,0
,,,,,,6,local.mqtt.telegraf,54,21.18,,periodic,,62,-16446,28,26,,,5,08a6f75abdf0,,0,273,1008,08:A6:F7:5A:BD:F0,,16508,34,2,,36,,,1419996,1782138735312,1420002,1782138735318,,1782138735250,29,2026-06-22T14:32:15.6784076Z,198,,oasis/bottle,0
,,,,,,6,local.mqtt.telegraf,56,38.18,,periodic,,60,-4430,29,27,,,5,08a6f769c348,,0,273,1003,08:A6:F7:69:C3:48,,4490,31,2,,33,,,1420996,1782138736312,1421002,1782138736318,,1782138736252,28,2026-06-22T14:32:16.649248Z,200,,oasis/bottle,0
,,,,,,5,local.mqtt.telegraf,56,42.03,,periodic,,73,-10409,15,13,,,5,08a6f7bb3c68,,0,273,1010,08:A6:F7:BB:3C:68,,10482,58,2,,60,,,1421022,1782138736338,1421027,1782138736343,,1782138736265,28,2026-06-22T14:32:16.684644Z,199,,oasis/bottle,0
,,,,,,6,local.mqtt.telegraf,54,21.27,,periodic,,72,-17716,38,36,,,5,08a6f75abdf0,,0,273,1009,08:A6:F7:5A:BD:F0,,17788,34,2,,36,,,1421286,1782138736602,1421292,1782138736608,,1782138736530,29,2026-06-22T14:32:16.9537218Z,198,,oasis/bottle,0
,,,,,,6,local.mqtt.telegraf,56,38.17,,periodic,,69,-5782,38,36,,,5,08a6f769c348,,0,273,1004,08:A6:F7:69:C3:48,,5851,31,2,,33,,,1422366,1782138737682,1422372,1782138737688,,1782138737613,28,2026-06-22T14:32:18.0387984Z,200,,oasis/bottle,0
,,,,,,6,local.mqtt.telegraf,56,41.97,,periodic,,67,-11805,9,7,,,5,08a6f7bb3c68,,0,274,1011,08:A6:F7:BB:3C:68,,11872,58,2,,60,,,1422406,1782138737722,1422412,1782138737728,,1782138737655,28,2026-06-22T14:32:18.074436Z,199,,oasis/bottle,0
,,,,,,6,local.mqtt.telegraf,54,21.27,,periodic,,72,-19096,38,36,,,5,08a6f75abdf0,,0,273,1010,08:A6:F7:5A:BD:F0,,19168,34,2,,36,,,1422666,1782138737982,1422672,1782138737988,,1782138737910,29,2026-06-22T14:32:18.3519846Z,198,,oasis/bottle,0
,,,,,,6,local.mqtt.telegraf,56,38.21,,periodic,,69,-7311,38,36,,,5,08a6f769c348,,0,273,1005,08:A6:F7:69:C3:48,,7380,31,2,,33,,,1423895,1782138739211,1423901,1782138739217,,1782138739142,28,2026-06-22T14:32:19.576574Z,200,,oasis/bottle,0
,,,,,,6,local.mqtt.telegraf,56,41.78,,periodic,,68,-13383,10,8,,,5,08a6f7bb3c68,,0,273,1012,08:A6:F7:BB:3C:68,,13451,58,2,,60,,,1423986,1782138739302,1423992,1782138739308,,1782138739234,28,2026-06-22T14:32:19.6397647Z,199,,oasis/bottle,0
,,,,,,6,local.mqtt.telegraf,54,21.27,,periodic,,62,-450,33,30,,,5,08a6f75abdf0,,0,274,1011,08:A6:F7:5A:BD:F0,,512,29,2,,32,,,1424206,1782138739522,1424212,1782138739528,,1782138739460,29,2026-06-22T14:32:19.9045573Z,201,,oasis/bottle,0
,,,,,,6,local.mqtt.telegraf,56,38.13,,periodic,,60,-8580,29,27,,,5,08a6f769c348,,0,273,1006,08:A6:F7:69:C3:48,,8640,31,2,,33,,,1425146,1782138740462,1425152,1782138740468,,1782138740402,28,2026-06-22T14:32:20.8251111Z,200,,oasis/bottle,0
,,,,,,6,local.mqtt.telegraf,56,41.88,,periodic,,68,-14733,10,8,,,5,08a6f7bb3c68,,0,273,1013,08:A6:F7:BB:3C:68,,14801,58,2,,60,,,1425336,1782138740652,1425342,1782138740658,,1782138740584,28,2026-06-22T14:32:21.0294444Z,199,,oasis/bottle,0
,,,,,,6,local.mqtt.telegraf,54,21.29,,periodic,,72,-1730,43,40,,,5,08a6f75abdf0,,0,273,1012,08:A6:F7:5A:BD:F0,,1802,29,2,,32,,,1425506,1782138740822,1425512,1782138740828,,1782138740750,29,2026-06-22T14:32:21.1955412Z,201,,oasis/bottle,0
,,,,,,6,local.mqtt.telegraf,56,38.12,,periodic,,70,-9880,39,37,,,5,08a6f769c348,,0,273,1007,08:A6:F7:69:C3:48,,9950,31,2,,33,,,1426466,1782138741782,1426472,1782138741788,,1782138741712,28,2026-06-22T14:32:22.1511645Z,200,,oasis/bottle,0
,,,,,,6,local.mqtt.telegraf,56,41.86,,periodic,,68,-16233,10,8,,,5,08a6f7bb3c68,,0,273,1014,08:A6:F7:BB:3C:68,,16301,58,2,,60,,,1426836,1782138742152,1426842,1782138742158,,1782138742084,28,2026-06-22T14:32:22.5147225Z,199,,oasis/bottle,0
,,,,,,6,local.mqtt.telegraf,54,21.27,,periodic,,62,-3130,33,30,,,5,08a6f75abdf0,,0,273,1013,08:A6:F7:5A:BD:F0,,3192,29,2,,32,,,1426886,1782138742202,1426892,1782138742208,,1782138742140,29,2026-06-22T14:32:22.5527744Z,201,,oasis/bottle,0
,,,,,,7,local.mqtt.telegraf,56,38.21,,periodic,,60,-11320,29,27,,,5,08a6f769c348,,0,273,1008,08:A6:F7:69:C3:48,,11380,31,2,,33,,,1427886,1782138743202,1427892,1782138743209,,1782138743142,28,2026-06-22T14:32:23.575488Z,200,,oasis/bottle,0
,,,,,,6,local.mqtt.telegraf,56,41.74,,periodic,,68,-17433,10,8,,,5,08a6f7bb3c68,,0,273,1015,08:A6:F7:BB:3C:68,,17501,58,2,,60,,,1428036,1782138743352,1428042,1782138743358,,1782138743284,28,2026-06-22T14:32:23.7372607Z,199,,oasis/bottle,0
,,,,,,6,local.mqtt.telegraf,54,21.29,,periodic,,72,-4680,43,40,,,5,08a6f75abdf0,,0,273,1014,08:A6:F7:5A:BD:F0,,4752,29,2,,32,,,1428456,1782138743772,1428462,1782138743778,,1782138743700,29,2026-06-22T14:32:24.1677428Z,201,,oasis/bottle,0
,,,,,,6,local.mqtt.telegraf,56,38.12,,periodic,,70,-12360,39,37,,,5,08a6f769c348,,0,273,1009,08:A6:F7:69:C3:48,,12430,31,2,,33,,,1428946,1782138744262,1428952,1782138744268,,1782138744192,28,2026-06-22T14:32:24.6428941Z,200,,oasis/bottle,0
,,,,,,6,local.mqtt.telegraf,56,41.84,,periodic,,68,-18643,10,8,,,5,08a6f7bb3c68,,0,273,1016,08:A6:F7:BB:3C:68,,18711,58,2,,60,,,1429246,1782138744562,1429252,1782138744568,,1782138744494,28,2026-06-22T14:32:24.9282836Z,199,,oasis/bottle,0
,,,,,,6,local.mqtt.telegraf,54,21.23,,periodic,,72,-6010,43,40,,,5,08a6f75abdf0,,0,273,1015,08:A6:F7:5A:BD:F0,,6082,29,2,,32,,,1429786,1782138745102,1429792,1782138745108,,1782138745030,29,2026-06-22T14:32:25.4809385Z,201,,oasis/bottle,0
,,,,,,6,local.mqtt.telegraf,56,38.05,,periodic,,70,-13850,39,37,,,5,08a6f769c348,,0,273,1010,08:A6:F7:69:C3:48,,13920,31,2,,33,,,1430436,1782138745752,1430442,1782138745758,,1782138745682,28,2026-06-22T14:32:26.09498Z,200,,oasis/bottle,0
,,,,,,6,local.mqtt.telegraf,56,41.96,,periodic,,81,-19831,23,21,,,5,08a6f7bb3c68,,0,273,1017,08:A6:F7:BB:3C:68,,19912,58,2,,60,,,1430460,1782138745776,1430466,1782138745782,,1782138745695,28,2026-06-22T14:32:26.1215889Z,199,,oasis/bottle,1
,,,,,,6,local.mqtt.telegraf,54,21.27,,periodic,,71,-7481,42,39,,,5,08a6f75abdf0,,0,273,1016,08:A6:F7:5A:BD:F0,,7552,29,2,,32,,,1431255,1782138746571,1431261,1782138746577,,1782138746500,29,2026-06-22T14:32:26.9568625Z,201,,oasis/bottle,0
,,,,,,6,local.mqtt.telegraf,56,38.25,,periodic,,59,-15052,28,26,,,5,08a6f769c348,,0,273,1011,08:A6:F7:69:C3:48,,15111,31,2,,33,,,1431616,1782138746932,1431622,1782138746938,,1782138746873,28,2026-06-22T14:32:27.2889648Z,200,,oasis/bottle,0
,,,,,,6,local.mqtt.telegraf,56,41.97,,periodic,,77,-841,53,51,,,5,08a6f7bb3c68,,0,273,1018,08:A6:F7:BB:3C:68,,918,24,2,,26,,,1431656,1782138746972,1431662,1782138746978,,1782138746895,28,2026-06-22T14:32:27.319757Z,202,,oasis/bottle,0
,,,,,,6,local.mqtt.telegraf,54,21.19,,periodic,,62,-8620,33,30,,,5,08a6f75abdf0,,0,273,1017,08:A6:F7:5A:BD:F0,,8682,29,2,,32,,,1432376,1782138747692,1432382,1782138747698,,1782138747630,29,2026-06-22T14:32:28.0666594Z,201,,oasis/bottle,0
,,,,,,6,local.mqtt.telegraf,56,38.12,,periodic,,69,-16212,38,36,,,5,08a6f769c348,,0,273,1012,08:A6:F7:69:C3:48,,16281,31,2,,33,,,1432796,1782138748112,1432802,1782138748118,,1782138748043,28,2026-06-22T14:32:28.4869996Z,200,,oasis/bottle,0
,,,,,,6,local.mqtt.telegraf,56,41.91,,periodic,,67,-2061,43,41,,,5,08a6f7bb3c68,,0,273,1019,08:A6:F7:BB:3C:68,,2128,24,2,,26,,,1432856,1782138748172,1432862,1782138748178,,1782138748105,28,2026-06-22T14:32:28.55385Z,202,,oasis/bottle,0
,,,,,,7,local.mqtt.telegraf,54,21.27,,periodic,,62,-9660,33,30,,,5,08a6f75abdf0,,0,273,1018,08:A6:F7:5A:BD:F0,,9722,29,2,,32,,,1433416,1782138748732,1433423,1782138748739,,1782138748670,29,2026-06-22T14:32:29.1023872Z,201,,oasis/bottle,0
,,,,,,7,local.mqtt.telegraf,56,38.2,,periodic,,70,-17350,39,37,,,5,08a6f769c348,,0,273,1013,08:A6:F7:69:C3:48,,17420,31,2,,33,,,1433936,1782138749252,1433943,1782138749259,,1782138749182,28,2026-06-22T14:32:29.6220105Z,200,,oasis/bottle,0
,,,,,,8,local.mqtt.telegraf,56,41.89,,periodic,,67,-3271,43,41,,,5,08a6f7bb3c68,,0,274,1020,08:A6:F7:BB:3C:68,,3338,24,2,,26,,,1434066,1782138749382,1434074,1782138749390,,1782138749315,28,2026-06-22T14:32:29.7352565Z,202,,oasis/bottle,0
,,,,,,6,local.mqtt.telegraf,54,21.23,,periodic,,69,-11146,40,37,,,5,08a6f75abdf0,,0,273,1019,08:A6:F7:5A:BD:F0,,11215,29,2,,32,,,1434916,1782138750232,1434922,1782138750238,,1782138750163,29,2026-06-22T14:32:30.6163984Z,201,,oasis/bottle,0
,,,,,,6,local.mqtt.telegraf,56,38.25,,periodic,,63,-18437,32,30,,,5,08a6f769c348,,0,273,1014,08:A6:F7:69:C3:48,,18500,31,2,,33,,,1435009,1782138750325,1435015,1782138750331,,1782138750262,28,2026-06-22T14:32:30.6704009Z,200,,oasis/bottle,0
,,,,,,7,local.mqtt.telegraf,56,41.86,,periodic,,74,-4477,50,48,,,5,08a6f7bb3c68,,0,273,1021,08:A6:F7:BB:3C:68,,4551,24,2,,26,,,1435286,1782138750602,1435293,1782138750609,,1782138750528,28,2026-06-22T14:32:30.9666981Z,202,,oasis/bottle,0
,,,,,,7,local.mqtt.telegraf,54,21.32,,periodic,,62,-12340,33,30,,,5,08a6f75abdf0,,0,273,1020,08:A6:F7:5A:BD:F0,,12402,29,2,,32,,,1436096,1782138751412,1436103,1782138751419,,1782138751350,29,2026-06-22T14:32:31.7796652Z,201,,oasis/bottle,0
,,,,,,6,local.mqtt.telegraf,56,41.91,,periodic,,68,-5719,44,42,,,5,08a6f7bb3c68,,0,273,1022,08:A6:F7:BB:3C:68,,5787,24,2,,26,,,1436516,1782138751832,1436522,1782138751838,,1782138751764,28,2026-06-22T14:32:32.1910185Z,202,,oasis/bottle,0
,,,,,,6,local.mqtt.telegraf,56,38.08,,periodic,,70,-19980,39,37,,,5,08a6f769c348,,0,273,1015,08:A6:F7:69:C3:48,,20050,31,2,,33,,,1436566,1782138751882,1436572,1782138751888,,1782138751812,28,2026-06-22T14:32:32.2271658Z,200,,oasis/bottle,0
,,,,,,6,local.mqtt.telegraf,54,21.27,,periodic,,71,-13531,42,39,,,5,08a6f75abdf0,,0,273,1021,08:A6:F7:5A:BD:F0,,13602,29,2,,32,,,1437305,1782138752621,1437311,1782138752627,,1782138752550,29,2026-06-22T14:32:32.9975439Z,201,,oasis/bottle,0
,,,,,,6,local.mqtt.telegraf,56,41.76,,periodic,,67,-6981,43,41,,,5,08a6f7bb3c68,,0,273,1023,08:A6:F7:BB:3C:68,,7048,24,2,,26,,,1437776,1782138753092,1437782,1782138753098,,1782138753025,28,2026-06-22T14:32:33.4610974Z,202,,oasis/bottle,0
,,,,,,6,local.mqtt.telegraf,56,38.01,,periodic,,69,-1062,35,33,,,5,08a6f769c348,,0,273,1016,08:A6:F7:69:C3:48,,1131,34,2,,36,,,1437866,1782138753182,1437872,1782138753188,,1782138753113,28,2026-06-22T14:32:33.5045304Z,203,,oasis/bottle,0
,,,,,,6,local.mqtt.telegraf,54,21.27,,periodic,,62,-14710,33,30,,,5,08a6f75abdf0,,0,273,1022,08:A6:F7:5A:BD:F0,,14772,29,2,,32,,,1438466,1782138753782,1438472,1782138753788,,1782138753720,29,2026-06-22T14:32:34.1497838Z,201,,oasis/bottle,0
,,,,,,6,local.mqtt.telegraf,56,41.91,,periodic,,68,-8300,44,42,,,5,08a6f7bb3c68,,0,273,1024,08:A6:F7:BB:3C:68,,8368,24,2,,26,,,1439097,1782138754413,1439103,1782138754419,,1782138754345,28,2026-06-22T14:32:34.7770965Z,202,,oasis/bottle,0
,,,,,,6,local.mqtt.telegraf,56,38.24,,periodic,,63,-2474,29,27,,,5,08a6f769c348,,0,273,1017,08:A6:F7:69:C3:48,,2537,34,2,,36,,,1439266,1782138754582,1439272,1782138754588,,1782138754519,28,2026-06-22T14:32:34.936813Z,203,,oasis/bottle,0
,,,,,,7,local.mqtt.telegraf,54,21.33,,periodic,,62,-15830,33,30,,,5,08a6f75abdf0,,0,273,1023,08:A6:F7:5A:BD:F0,,15892,29,2,,32,,,1439586,1782138754902,1439593,1782138754909,,1782138754840,29,2026-06-22T14:32:35.2743402Z,201,,oasis/bottle,0
,,,,,,6,local.mqtt.telegraf,56,41.81,,periodic,,68,-9749,44,42,,,5,08a6f7bb3c68,,0,273,1025,08:A6:F7:BB:3C:68,,9817,24,2,,26,,,1440546,1782138755862,1440552,1782138755868,,1782138755794,28,2026-06-22T14:32:36.2333011Z,202,,oasis/bottle,0
,,,,,,7,local.mqtt.telegraf,54,21.3,,periodic,,64,-16878,35,32,,,5,08a6f75abdf0,,0,273,1024,08:A6:F7:5A:BD:F0,,16942,29,2,,32,,,1440638,1782138755954,1440645,1782138755961,,1782138755890,29,2026-06-22T14:32:36.2998665Z,201,,oasis/bottle,0
,,,,,,6,local.mqtt.telegraf,56,38.05,,periodic,,73,-4064,39,37,,,5,08a6f769c348,,0,273,1018,08:A6:F7:69:C3:48,,4137,34,2,,36,,,1440876,1782138756192,1440882,1782138756198,,1782138756119,28,2026-06-22T14:32:36.5545294Z,203,,oasis/bottle,0
,,,,,,6,local.mqtt.telegraf,56,41.91,,periodic,,68,-10829,44,42,,,5,08a6f7bb3c68,,0,273,1026,08:A6:F7:BB:3C:68,,10897,24,2,,26,,,1441626,1782138756942,1441632,1782138756948,,1782138756874,28,2026-06-22T14:32:37.310879Z,202,,oasis/bottle,0
,,,,,,7,local.mqtt.telegraf,54,21.21,,periodic,,72,-18370,43,40,,,5,08a6f75abdf0,,0,273,1025,08:A6:F7:5A:BD:F0,,18442,29,2,,32,,,1442146,1782138757462,1442153,1782138757469,,1782138757390,29,2026-06-22T14:32:37.8233714Z,201,,oasis/bottle,0
,,,,,,7,local.mqtt.telegraf,56,38.02,,periodic,,63,-5494,29,27,,,5,08a6f769c348,,0,273,1019,08:A6:F7:69:C3:48,,5557,34,2,,36,,,1442286,1782138757602,1442292,1782138757609,,1782138757539,28,2026-06-22T14:32:37.9628611Z,203,,oasis/bottle,0
,,,,,,6,local.mqtt.telegraf,56,41.95,,periodic,,67,-12401,43,41,,,5,08a6f7bb3c68,,0,274,1027,08:A6:F7:BB:3C:68,,12468,24,2,,26,,,1443196,1782138758512,1443202,1782138758518,,1782138758445,28,2026-06-22T14:32:38.8888003Z,202,,oasis/bottle,0
,,,,,,7,local.mqtt.telegraf,54,21.27,,periodic,,62,-19580,33,30,,,5,08a6f75abdf0,,0,273,1026,08:A6:F7:5A:BD:F0,,19642,29,2,,32,,,1443336,1782138758652,1443343,1782138758659,,1782138758590,29,2026-06-22T14:32:39.0155388Z,201,,oasis/bottle,0
,,,,,,6,local.mqtt.telegraf,56,38.16,,periodic,,72,-7105,38,36,,,5,08a6f769c348,,0,273,1020,08:A6:F7:69:C3:48,,7177,34,2,,36,,,1443915,1782138759231,1443921,1782138759237,,1782138759159,28,2026-06-22T14:32:39.6037053Z,203,,oasis/bottle,0
,,,,,,6,local.mqtt.telegraf,56,42.11,,periodic,,67,-13731,43,41,,,5,08a6f7bb3c68,,0,274,1028,08:A6:F7:BB:3C:68,,13798,24,2,,26,,,1444526,1782138759842,1444532,1782138759848,,1782138759775,28,2026-06-22T14:32:40.1831217Z,202,,oasis/bottle,0
,,,,,,6,local.mqtt.telegraf,54,21.27,,periodic,,86,-535,55,53,,,5,08a6f75abdf0,,0,274,1027,08:A6:F7:5A:BD:F0,,621,31,2,,33,,,1444550,1782138759866,1444556,1782138759872,,1782138759780,29,2026-06-22T14:32:40.2227595Z,204,,oasis/bottle,1
,,,,,,6,local.mqtt.telegraf,56,38.13,,periodic,,73,-8544,39,37,,,5,08a6f769c348,,0,273,1021,08:A6:F7:69:C3:48,,8617,34,2,,36,,,1445356,1782138760672,1445362,1782138760678,,1782138760599,28,2026-06-22T14:32:41.0451455Z,203,,oasis/bottle,0
,,,,,,6,local.mqtt.telegraf,54,21.37,,periodic,,72,-1759,41,39,,,5,08a6f75abdf0,,0,274,1028,08:A6:F7:5A:BD:F0,,1831,31,2,,33,,,1445746,1782138761062,1445752,1782138761068,,1782138760990,29,2026-06-22T14:32:41.4343338Z,204,,oasis/bottle,0
,,,,,,6,local.mqtt.telegraf,56,41.91,,periodic,,68,-15189,44,42,,,5,08a6f7bb3c68,,0,273,1029,08:A6:F7:BB:3C:68,,15257,24,2,,26,,,1445986,1782138761302,1445992,1782138761308,,1782138761234,28,2026-06-22T14:32:41.6666246Z,202,,oasis/bottle,0
,,,,,,7,local.mqtt.telegraf,56,38.23,,periodic,,63,-9634,29,27,,,5,08a6f769c348,,0,273,1022,08:A6:F7:69:C3:48,,9697,34,2,,36,,,1446426,1782138761742,1446433,1782138761749,,1782138761679,28,2026-06-22T14:32:42.1148801Z,203,,oasis/bottle,0
,,,,,,6,local.mqtt.telegraf,54,21.27,,periodic,,62,-2969,31,29,,,5,08a6f75abdf0,,0,273,1029,08:A6:F7:5A:BD:F0,,3031,31,2,,33,,,1446936,1782138762252,1446942,1782138762258,,1782138762190,29,2026-06-22T14:32:42.6199845Z,204,,oasis/bottle,0
,,,,,,6,local.mqtt.telegraf,56,41.91,,periodic,,78,-16299,54,52,,,5,08a6f7bb3c68,,0,273,1030,08:A6:F7:BB:3C:68,,16377,24,2,,26,,,1447116,1782138762432,1447122,1782138762438,,1782138762354,28,2026-06-22T14:32:42.7964752Z,202,,oasis/bottle,0
,,,,,,6,local.mqtt.telegraf,56,38.24,,periodic,,64,-11193,30,28,,,5,08a6f769c348,,0,273,1023,08:A6:F7:69:C3:48,,11257,34,2,,36,,,1447987,1782138763303,1447993,1782138763309,,1782138763239,28,2026-06-22T14:32:43.6657686Z,203,,oasis/bottle,0
,,,,,,7,local.mqtt.telegraf,54,21.29,,periodic,,62,-4149,31,29,,,5,08a6f75abdf0,,0,273,1030,08:A6:F7:5A:BD:F0,,4211,31,2,,33,,,1448116,1782138763432,1448123,1782138763439,,1782138763370,29,2026-06-22T14:32:43.8007915Z,204,,oasis/bottle,0
,,,,,,6,local.mqtt.telegraf,56,41.88,,periodic,,68,-17379,44,42,,,5,08a6f7bb3c68,,0,273,1031,08:A6:F7:BB:3C:68,,17447,24,2,,26,,,1448176,1782138763492,1448182,1782138763498,,1782138763424,28,2026-06-22T14:32:43.8706786Z,202,,oasis/bottle,0
,,,,,,6,local.mqtt.telegraf,54,21.37,,periodic,,72,-5299,41,39,,,5,08a6f75abdf0,,0,273,1031,08:A6:F7:5A:BD:F0,,5371,31,2,,33,,,1449286,1782138764602,1449292,1782138764608,,1782138764530,29,2026-06-22T14:32:44.9466294Z,204,,oasis/bottle,0
,,,,,,6,local.mqtt.telegraf,56,38.13,,periodic,,79,-12488,45,43,,,5,08a6f769c348,,0,273,1024,08:A6:F7:69:C3:48,,12567,34,2,,36,,,1449312,1782138764628,1449318,1782138764634,,1782138764549,28,2026-06-22T14:32:44.9827734Z,203,,oasis/bottle,0
,,,,,,6,local.mqtt.telegraf,56,41.66,,periodic,,78,-18869,54,52,,,5,08a6f7bb3c68,,0,273,1032,08:A6:F7:BB:3C:68,,18947,24,2,,26,,,1449686,1782138765002,1449692,1782138765008,,1782138764924,28,2026-06-22T14:32:45.3677823Z,202,,oasis/bottle,0
,,,,,,6,local.mqtt.telegraf,54,21.45,,periodic,,72,-6429,41,39,,,5,08a6f75abdf0,,0,273,1032,08:A6:F7:5A:BD:F0,,6501,31,2,,33,,,1450416,1782138765732,1450422,1782138765738,,1782138765660,29,2026-06-22T14:32:46.1073569Z,204,,oasis/bottle,0
,,,,,,6,local.mqtt.telegraf,56,38.1,,periodic,,72,-13936,38,36,,,5,08a6f769c348,,0,273,1025,08:A6:F7:69:C3:48,,14008,34,2,,36,,,1450746,1782138766062,1450752,1782138766068,,1782138765990,28,2026-06-22T14:32:46.4309988Z,203,,oasis/bottle,0
,,,,,,6,local.mqtt.telegraf,56,41.91,,periodic,,68,-20089,44,42,,,5,08a6f7bb3c68,,0,273,1033,08:A6:F7:BB:3C:68,,20157,24,2,,26,,,1450886,1782138766202,1450892,1782138766208,,1782138766134,28,2026-06-22T14:32:46.5664671Z,202,,oasis/bottle,0
,,,,,,6,local.mqtt.telegraf,54,21.37,,periodic,,62,-7499,31,29,,,5,08a6f75abdf0,,0,273,1033,08:A6:F7:5A:BD:F0,,7561,31,2,,33,,,1451466,1782138766782,1451472,1782138766788,,1782138766720,29,2026-06-22T14:32:47.1523246Z,204,,oasis/bottle,0
,,,,,,6,local.mqtt.telegraf,56,38.23,,periodic,,73,-14994,39,37,,,5,08a6f769c348,,0,273,1026,08:A6:F7:69:C3:48,,15067,34,2,,36,,,1451806,1782138767122,1451812,1782138767128,,1782138767049,28,2026-06-22T14:32:47.487394Z,203,,oasis/bottle,0
,,,,,,6,local.mqtt.telegraf,56,41.91,,periodic,,78,-1024,25,23,,,5,08a6f7bb3c68,,0,273,1034,08:A6:F7:BB:3C:68,,1102,53,2,,55,,,1452106,1782138767422,1452112,1782138767428,,1782138767344,28,2026-06-22T14:32:47.7854103Z,205,,oasis/bottle,0
,,,,,,6,local.mqtt.telegraf,54,21.29,,periodic,,62,-8999,31,29,,,5,08a6f75abdf0,,0,273,1034,08:A6:F7:5A:BD:F0,,9061,31,2,,33,,,1452966,1782138768282,1452972,1782138768288,,1782138768220,29,2026-06-22T14:32:48.6525964Z,204,,oasis/bottle,0
,,,,,,6,local.mqtt.telegraf,56,38.1,,periodic,,73,-16514,39,37,,,5,08a6f769c348,,0,273,1027,08:A6:F7:69:C3:48,,16587,34,2,,36,,,1453326,1782138768642,1453332,1782138768648,,1782138768569,28,2026-06-22T14:32:48.9684359Z,203,,oasis/bottle,0
,,,,,,6,local.mqtt.telegraf,56,41.91,,periodic,,92,-2240,39,37,,,5,08a6f7bb3c68,,0,273,1035,08:A6:F7:BB:3C:68,,2332,53,2,,55,,,1453350,1782138768666,1453356,1782138768672,,1782138768574,28,2026-06-22T14:32:49.0111035Z,205,,oasis/bottle,1
,,,,,,6,local.mqtt.telegraf,54,21.27,,periodic,,72,-10189,41,39,,,5,08a6f75abdf0,,0,274,1035,08:A6:F7:5A:BD:F0,,10261,31,2,,33,,,1454176,1782138769492,1454182,1782138769498,,1782138769420,29,2026-06-22T14:32:49.8722904Z,204,,oasis/bottle,0
,,,,,,10,local.mqtt.telegraf,56,38.35,,periodic,,73,-17744,39,37,,,5,08a6f769c348,,0,273,1028,08:A6:F7:69:C3:48,,17817,34,2,,36,,,1454556,1782138769872,1454566,1782138769882,,1782138769799,28,2026-06-22T14:32:50.2378979Z,203,,oasis/bottle,0
,,,,,,5,local.mqtt.telegraf,56,41.91,,periodic,,102,-3469,49,47,,,5,08a6f7bb3c68,,0,273,1036,08:A6:F7:BB:3C:68,,3571,53,2,,55,,,1454599,1782138769915,1454604,1782138769920,,1782138769813,28,2026-06-22T14:32:50.2710388Z,205,,oasis/bottle,1
,,,,,,6,local.mqtt.telegraf,54,21.3,,periodic,,72,-11399,41,39,,,5,08a6f75abdf0,,0,273,1036,08:A6:F7:5A:BD:F0,,11471,31,2,,33,,,1455386,1782138770702,1455392,1782138770708,,1782138770630,29,2026-06-22T14:32:51.0893622Z,204,,oasis/bottle,0
,,,,,,6,local.mqtt.telegraf,56,38.21,,periodic,,73,-19004,39,37,,,5,08a6f769c348,,0,273,1029,08:A6:F7:69:C3:48,,19077,34,2,,36,,,1455816,1782138771132,1455822,1782138771138,,1782138771059,28,2026-06-22T14:32:51.4788249Z,203,,oasis/bottle,0
,,,,,,6,local.mqtt.telegraf,56,41.86,,periodic,,70,-4781,17,15,,,5,08a6f7bb3c68,,0,273,1037,08:A6:F7:BB:3C:68,,4851,53,2,,55,,,1455847,1782138771163,1455853,1782138771169,,1782138771093,28,2026-06-22T14:32:51.5149997Z,205,,oasis/bottle,0
,,,,,,6,local.mqtt.telegraf,54,21.3,,periodic,,69,-12615,38,36,,,5,08a6f75abdf0,,0,273,1037,08:A6:F7:5A:BD:F0,,12684,31,2,,33,,,1456596,1782138771912,1456602,1782138771918,,1782138771843,29,2026-06-22T14:32:52.2805628Z,204,,oasis/bottle,0
,,,,,,6,local.mqtt.telegraf,56,38.25,,periodic,,73,-20334,39,37,,,5,08a6f769c348,,0,273,1030,08:A6:F7:69:C3:48,,20407,34,2,,36,,,1457146,1782138772462,1457152,1782138772468,,1782138772389,28,2026-06-22T14:32:52.8391489Z,203,,oasis/bottle,0
,,,,,,6,local.mqtt.telegraf,56,41.89,,periodic,,67,-6155,14,12,,,5,08a6f7bb3c68,,0,273,1038,08:A6:F7:BB:3C:68,,6222,53,2,,55,,,1457215,1782138772531,1457221,1782138772537,,1782138772464,28,2026-06-22T14:32:52.9010742Z,205,,oasis/bottle,0
,,,,,,6,local.mqtt.telegraf,54,21.42,,periodic,,73,-13827,42,40,,,5,08a6f75abdf0,,0,273,1038,08:A6:F7:5A:BD:F0,,13900,31,2,,33,,,1457816,1782138773132,1457822,1782138773138,,1782138773059,29,2026-06-22T14:32:53.4995479Z,204,,oasis/bottle,0
,,,,,,7,local.mqtt.telegraf,56,38.04,,periodic,,72,-1270,18,16,,,5,08a6f769c348,,0,273,1031,08:A6:F7:69:C3:48,,1342,54,2,,56,,,1458596,1782138773912,1458603,1782138773919,,1782138773840,28,2026-06-22T14:32:54.290855Z,206,,oasis/bottle,0
,,,,,,6,local.mqtt.telegraf,56,41.68,,periodic,,69,-7682,16,14,,,5,08a6f7bb3c68,,0,273,1039,08:A6:F7:BB:3C:68,,7751,53,2,,55,,,1458746,1782138774062,1458752,1782138774068,,1782138773993,28,2026-06-22T14:32:54.4263128Z,205,,oasis/bottle,0
,,,,,,7,local.mqtt.telegraf,54,21.32,,periodic,,63,-15077,32,30,,,5,08a6f75abdf0,,0,273,1039,08:A6:F7:5A:BD:F0,,15140,31,2,,33,,,1459046,1782138774362,1459053,1782138774369,,1782138774299,29,2026-06-22T14:32:54.7264115Z,204,,oasis/bottle,0
,,,,,,7,local.mqtt.telegraf,56,38.13,,periodic,,62,-2390,8,6,,,5,08a6f769c348,,0,273,1032,08:A6:F7:69:C3:48,,2452,54,2,,56,,,1459696,1782138775012,1459703,1782138775019,,1782138774950,28,2026-06-22T14:32:55.3805274Z,206,,oasis/bottle,0
,,,,,,6,local.mqtt.telegraf,56,41.69,,periodic,,69,-8942,16,14,,,5,08a6f7bb3c68,,0,273,1040,08:A6:F7:BB:3C:68,,9011,53,2,,55,,,1460006,1782138775322,1460012,1782138775328,,1782138775253,28,2026-06-22T14:32:55.6856511Z,205,,oasis/bottle,0
,,,,,,6,local.mqtt.telegraf,54,21.27,,periodic,,73,-16337,42,40,,,5,08a6f75abdf0,,0,273,1040,08:A6:F7:5A:BD:F0,,16410,31,2,,33,,,1460326,1782138775642,1460332,1782138775648,,1782138775569,29,2026-06-22T14:32:56.0047339Z,204,,oasis/bottle,0
,,,,,,7,local.mqtt.telegraf,56,37.89,,periodic,,73,-3978,19,17,,,5,08a6f769c348,,0,273,1033,08:A6:F7:69:C3:48,,4051,54,2,,56,,,1461306,1782138776622,1461313,1782138776629,,1782138776549,28,2026-06-22T14:32:56.9546717Z,206,,oasis/bottle,0
,,,,,,6,local.mqtt.telegraf,57,41.61,,periodic,,82,-10240,29,27,,,5,08a6f7bb3c68,,0,273,1041,08:A6:F7:BB:3C:68,,10322,53,2,,55,,,1461330,1782138776646,1461336,1782138776652,,1782138776564,28,2026-06-22T14:32:56.9933477Z,205,,oasis/bottle,1
,,,,,,6,local.mqtt.telegraf,54,21.26,,periodic,,62,-17699,31,29,,,5,08a6f75abdf0,,0,273,1041,08:A6:F7:5A:BD:F0,,17761,31,2,,33,,,1461666,1782138776982,1461672,1782138776988,,1782138776920,29,2026-06-22T14:32:57.3452799Z,204,,oasis/bottle,0
,,,,,,6,local.mqtt.telegraf,56,38.04,,periodic,,63,-5398,9,7,,,5,08a6f769c348,,0,273,1034,08:A6:F7:69:C3:48,,5461,54,2,,56,,,1462706,1782138778022,1462712,1782138778028,,1782138777959,28,2026-06-22T14:32:58.3826212Z,206,,oasis/bottle,0
,,,,,,6,local.mqtt.telegraf,57,41.73,,periodic,,65,-11710,12,10,,,5,08a6f7bb3c68,,0,273,1042,08:A6:F7:BB:3C:68,,11775,53,2,,55,,,1462766,1782138778082,1462772,1782138778088,,1782138778017,28,2026-06-22T14:32:58.4542622Z,205,,oasis/bottle,0
,,,,,,15,local.mqtt.telegraf,54,21.27,,periodic,,62,-19189,31,29,,,5,08a6f75abdf0,,0,273,1042,08:A6:F7:5A:BD:F0,,19251,31,2,,33,,,1463156,1782138778472,1463171,1782138778487,,1782138778410,29,2026-06-22T14:32:58.8607455Z,204,,oasis/bottle,0
,,,,,,6,local.mqtt.telegraf,57,41.48,,periodic,,68,-12774,15,13,,,5,08a6f7bb3c68,,0,274,1043,08:A6:F7:BB:3C:68,,12842,53,2,,55,,,1463836,1782138779152,1463842,1782138779158,,1782138779084,28,2026-06-22T14:32:59.5132563Z,205,,oasis/bottle,0
,,,,,,6,local.mqtt.telegraf,56,38.01,,periodic,,72,-6989,18,16,,,5,08a6f769c348,,0,273,1035,08:A6:F7:69:C3:48,,7061,54,2,,56,,,1464315,1782138779631,1464321,1782138779637,,1782138779559,28,2026-06-22T14:32:59.9995135Z,206,,oasis/bottle,0
,,,,,,6,local.mqtt.telegraf,54,21.19,,periodic,,72,-20389,41,39,,,5,08a6f75abdf0,,0,274,1043,08:A6:F7:5A:BD:F0,,20461,31,2,,33,,,1464376,1782138779692,1464382,1782138779698,,1782138779620,29,2026-06-22T14:33:00.0468808Z,204,,oasis/bottle,0
,,,,,,6,local.mqtt.telegraf,57,41.48,,periodic,,69,-14302,16,14,,,5,08a6f7bb3c68,,0,273,1044,08:A6:F7:BB:3C:68,,14371,53,2,,55,,,1465366,1782138780682,1465372,1782138780688,,1782138780613,28,2026-06-22T14:33:01.0437792Z,205,,oasis/bottle,0
,,,,,,6,local.mqtt.telegraf,54,21.23,,periodic,,62,-1059,-289,-291,,,5,08a6f75abdf0,,0,274,1044,08:A6:F7:5A:BD:F0,,1121,351,2,,353,,,1465556,1782138780872,1465562,1782138780878,,1782138780810,29,2026-06-22T14:33:01.2367399Z,207,,oasis/bottle,0
,,,,,,6,local.mqtt.telegraf,56,38.04,,periodic,,69,-8406,15,13,,,5,08a6f769c348,,0,273,1036,08:A6:F7:69:C3:48,,8475,54,2,,56,,,1465726,1782138781042,1465732,1782138781048,,1782138780973,28,2026-06-22T14:33:01.4131957Z,206,,oasis/bottle,0
,,,,,,6,local.mqtt.telegraf,57,41.57,,periodic,,69,-15572,16,14,,,5,08a6f7bb3c68,,0,273,1045,08:A6:F7:BB:3C:68,,15641,53,2,,55,,,1466636,1782138781952,1466642,1782138781958,,1782138781883,28,2026-06-22T14:33:02.3119861Z,205,,oasis/bottle,0
,,,,,,6,local.mqtt.telegraf,54,21.27,,periodic,,72,-2219,-279,-281,,,5,08a6f75abdf0,,0,274,1045,08:A6:F7:5A:BD:F0,,2291,351,2,,353,,,1466736,1782138782052,1466742,1782138782058,,1782138781980,29,2026-06-22T14:33:02.4242318Z,207,,oasis/bottle,0
,,,,,,6,local.mqtt.telegraf,56,38,,periodic,,72,-10020,18,16,,,5,08a6f769c348,,0,273,1037,08:A6:F7:69:C3:48,,10092,54,2,,56,,,1467346,1782138782662,1467352,1782138782668,,1782138782590,28,2026-06-22T14:33:03.0260119Z,206,,oasis/bottle,0
,,,,,,6,local.mqtt.telegraf,54,21.32,,periodic,,63,-3378,-288,-290,,,5,08a6f75abdf0,,0,274,1046,08:A6:F7:5A:BD:F0,,3441,351,2,,353,,,1467876,1782138783193,1467883,1782138783199,,1782138783130,29,2026-06-22T14:33:03.5616368Z,207,,oasis/bottle,0
,,,,,,7,local.mqtt.telegraf,57,41.25,,periodic,,67,-16898,14,12,,,5,08a6f7bb3c68,,0,273,1046,08:A6:F7:BB:3C:68,,16965,53,2,,55,,,1467958,1782138783274,1467965,1782138783281,,1782138783207,28,2026-06-22T14:33:03.624654Z,205,,oasis/bottle,0
,,,,,,6,local.mqtt.telegraf,56,38.04,,periodic,,72,-11450,18,16,,,5,08a6f769c348,,0,273,1038,08:A6:F7:69:C3:48,,11522,54,2,,56,,,1468776,1782138784092,1468782,1782138784098,,1782138784020,28,2026-06-22T14:33:04.4676689Z,206,,oasis/bottle,0
,,,,,,7,local.mqtt.telegraf,54,21.27,,periodic,,62,-4469,-289,-291,,,5,08a6f75abdf0,,0,274,1047,08:A6:F7:5A:BD:F0,,4531,351,2,,353,,,1468966,1782138784282,1468973,1782138784289,,1782138784220,29,2026-06-22T14:33:04.6380977Z,207,,oasis/bottle,0
,,,,,,6,local.mqtt.telegraf,57,41.68,,periodic,,79,-18332,26,24,,,5,08a6f7bb3c68,,0,273,1047,08:A6:F7:BB:3C:68,,18411,53,2,,55,,,1469416,1782138784732,1469422,1782138784738,,1782138784653,28,2026-06-22T14:33:05.1189138Z,205,,oasis/bottle,0
,,,,,,7,local.mqtt.telegraf,56,38.02,,periodic,,63,-12528,9,7,,,5,08a6f769c348,,0,273,1039,08:A6:F7:69:C3:48,,12591,54,2,,56,,,1469836,1782138785152,1469843,1782138785159,,1782138785089,28,2026-06-22T14:33:05.5196174Z,206,,oasis/bottle,0
,,,,,,6,local.mqtt.telegraf,57,41.48,,periodic,,68,-19454,15,13,,,5,08a6f7bb3c68,,0,273,1048,08:A6:F7:BB:3C:68,,19522,53,2,,55,,,1470516,1782138785832,1470522,1782138785838,,1782138785764,28,2026-06-22T14:33:06.2122627Z,205,,oasis/bottle,0
,,,,,,6,local.mqtt.telegraf,54,21.36,,periodic,,72,-6039,-279,-281,,,5,08a6f75abdf0,,0,274,1048,08:A6:F7:5A:BD:F0,,6111,351,2,,353,,,1470556,1782138785872,1470562,1782138785878,,1782138785800,29,2026-06-22T14:33:06.2646524Z,207,,oasis/bottle,0
,,,,,,6,local.mqtt.telegraf,56,38.09,,periodic,,72,-14039,18,16,,,5,08a6f769c348,,0,273,1040,08:A6:F7:69:C3:48,,14111,54,2,,56,,,1471365,1782138786681,1471371,1782138786687,,1782138786609,28,2026-06-22T14:33:07.0577002Z,206,,oasis/bottle,0
,,,,,,6,local.mqtt.telegraf,54,21.14,,periodic,,62,-7409,-289,-291,,,5,08a6f75abdf0,,0,273,1049,08:A6:F7:5A:BD:F0,,7471,351,2,,353,,,1471906,1782138787222,1471912,1782138787228,,1782138787160,29,2026-06-22T14:33:07.5910499Z,207,,oasis/bottle,0
,,,,,,6,local.mqtt.telegraf,57,41.57,,periodic,,67,-864,47,44,,,5,08a6f7bb3c68,,0,274,1049,08:A6:F7:BB:3C:68,,931,20,2,,23,,,1472116,1782138787433,1472123,1782138787439,,1782138787366,28,2026-06-22T14:33:07.7925524Z,208,,oasis/bottle,0
,,,,,,6,local.mqtt.telegraf,56,38.05,,periodic,,73,-15278,19,17,,,5,08a6f769c348,,0,273,1041,08:A6:F7:69:C3:48,,15351,54,2,,56,,,1472606,1782138787922,1472612,1782138787928,,1782138787849,28,2026-06-22T14:33:08.2847542Z,206,,oasis/bottle,0
,,,,,,6,local.mqtt.telegraf,54,21.14,,periodic,,72,-8909,-279,-281,,,5,08a6f75abdf0,,0,274,1050,08:A6:F7:5A:BD:F0,,8981,351,2,,353,,,1473426,1782138788742,1473432,1782138788748,,1782138788670,29,2026-06-22T14:33:09.1179522Z,207,,oasis/bottle,0
,,,,,,6,local.mqtt.telegraf,57,41.52,,periodic,,67,-2273,47,44,,,5,08a6f7bb3c68,,0,273,1050,08:A6:F7:BB:3C:68,,2340,20,2,,23,,,1473526,1782138788842,1473532,1782138788848,,1782138788775,28,2026-06-22T14:33:09.1826987Z,208,,oasis/bottle,0
,,,,,,6,local.mqtt.telegraf,56,38.04,,periodic,,64,-16577,10,8,,,5,08a6f769c348,,0,273,1042,08:A6:F7:69:C3:48,,16641,54,2,,56,,,1473887,1782138789203,1473893,1782138789209,,1782138789139,28,2026-06-22T14:33:09.5722291Z,206,,oasis/bottle,0
,,,,,,7,local.mqtt.telegraf,54,21.26,,periodic,,62,-10149,-289,-291,,,5,08a6f75abdf0,,0,274,1051,08:A6:F7:5A:BD:F0,,10211,351,2,,353,,,1474646,1782138789962,1474653,1782138789969,,1782138789900,29,2026-06-22T14:33:10.3248633Z,207,,oasis/bottle,0
,,,,,,9,local.mqtt.telegraf,58,41.46,,periodic,,67,-3883,47,44,,,5,08a6f7bb3c68,,0,273,1051,08:A6:F7:BB:3C:68,,3950,20,2,,23,,,1475136,1782138790452,1475145,1782138790461,,1782138790385,28,2026-06-22T14:33:10.8250238Z,208,,oasis/bottle,0
,,,,,,7,local.mqtt.telegraf,56,37.97,,periodic,,73,-17938,19,17,,,5,08a6f769c348,,0,273,1043,08:A6:F7:69:C3:48,,18011,54,2,,56,,,1475266,1782138790582,1475273,1782138790589,,1782138790509,28,2026-06-22T14:33:10.9440516Z,206,,oasis/bottle,0
,,,,,,6,local.mqtt.telegraf,54,21.25,,periodic,,72,-11379,-279,-281,,,5,08a6f75abdf0,,0,274,1052,08:A6:F7:5A:BD:F0,,11451,351,2,,353,,,1475896,1782138791212,1475902,1782138791218,,1782138791140,29,2026-06-22T14:33:11.579608Z,207,,oasis/bottle,0
,,,,,,6,local.mqtt.telegraf,58,41.56,,periodic,,66,-5335,46,43,,,5,08a6f7bb3c68,,0,273,1052,08:A6:F7:BB:3C:68,,5401,20,2,,23,,,1476586,1782138791902,1476592,1782138791908,,1782138791836,28,2026-06-22T14:33:12.2771728Z,208,,oasis/bottle,0
,,,,,,6,local.mqtt.telegraf,56,37.97,,periodic,,72,-19480,18,16,,,5,08a6f769c348,,0,273,1044,08:A6:F7:69:C3:48,,19552,54,2,,56,,,1476806,1782138792122,1476812,1782138792128,,1782138792050,28,2026-06-22T14:33:12.4880368Z,206,,oasis/bottle,0
,,,,,,6,local.mqtt.telegraf,54,21.34,,periodic,,63,-12678,-288,-290,,,5,08a6f75abdf0,,0,274,1053,08:A6:F7:5A:BD:F0,,12741,351,2,,353,,,1477177,1782138792493,1477183,1782138792499,,1782138792430,29,2026-06-22T14:33:12.8677361Z,207,,oasis/bottle,0
,,,,,,6,local.mqtt.telegraf,58,41.25,,periodic,,75,-6396,55,52,,,5,08a6f7bb3c68,,0,273,1053,08:A6:F7:BB:3C:68,,6471,20,2,,23,,,1477665,1782138792981,1477671,1782138792987,,1782138792906,28,2026-06-22T14:33:13.3417141Z,208,,oasis/bottle,0
,,,,,,7,local.mqtt.telegraf,56,38.13,,periodic,,62,-580,33,31,,,5,08a6f769c348,,0,274,1045,08:A6:F7:69:C3:48,,642,29,2,,31,,,1478076,1782138793392,1478083,1782138793399,,1782138793330,28,2026-06-22T14:33:13.7567429Z,209,,oasis/bottle,0
,,,,,,6,local.mqtt.telegraf,54,21.36,,periodic,,72,-14039,-279,-281,,,5,08a6f75abdf0,,0,274,1054,08:A6:F7:5A:BD:F0,,14111,351,2,,353,,,1478556,1782138793872,1478562,1782138793878,,1782138793800,29,2026-06-22T14:33:14.2522462Z,207,,oasis/bottle,0
,,,,,,6,local.mqtt.telegraf,58,41.61,,periodic,,66,-7955,46,43,,,5,08a6f7bb3c68,,0,273,1054,08:A6:F7:BB:3C:68,,8021,20,2,,23,,,1479206,1782138794522,1479212,1782138794528,,1782138794456,28,2026-06-22T14:33:14.8993581Z,208,,oasis/bottle,0
,,,,,,6,local.mqtt.telegraf,56,38.01,,periodic,,72,-1920,43,41,,,5,08a6f769c348,,0,273,1046,08:A6:F7:69:C3:48,,1992,29,2,,31,,,1479436,1782138794752,1479442,1782138794758,,1782138794680,28,2026-06-22T14:33:15.135252Z,209,,oasis/bottle,0
,,,,,,6,local.mqtt.telegraf,54,21.38,,periodic,,72,-15619,-279,-281,,,5,08a6f75abdf0,,0,274,1055,08:A6:F7:5A:BD:F0,,15691,351,2,,353,,,1480136,1782138795452,1480142,1782138795458,,1782138795380,29,2026-06-22T14:33:15.8174633Z,207,,oasis/bottle,0
,,,,,,15,local.mqtt.telegraf,58,41.54,,periodic,,66,-9235,46,43,,,5,08a6f7bb3c68,,0,274,1055,08:A6:F7:BB:3C:68,,9301,20,2,,23,,,1480486,1782138795802,1480501,1782138795817,,1782138795736,28,2026-06-22T14:33:16.1851231Z,208,,oasis/bottle,0
,,,,,,6,local.mqtt.telegraf,56,38.02,,periodic,,73,-3428,44,42,,,5,08a6f769c348,,0,273,1047,08:A6:F7:69:C3:48,,3501,29,2,,31,,,1480946,1782138796262,1480952,1782138796268,,1782138796189,28,2026-06-22T14:33:16.6349848Z,209,,oasis/bottle,0
,,,,,,6,local.mqtt.telegraf,54,21.14,,periodic,,63,-16948,-288,-290,,,5,08a6f75abdf0,,0,273,1056,08:A6:F7:5A:BD:F0,,17011,351,2,,353,,,1481446,1782138796763,1481453,1782138796769,,1782138796700,29,2026-06-22T14:33:17.1368776Z,207,,oasis/bottle,0
,,,,,,6,local.mqtt.telegraf,58,41.21,,periodic,,67,-10603,47,44,,,5,08a6f7bb3c68,,0,273,1056,08:A6:F7:BB:3C:68,,10670,20,2,,23,,,1481856,1782138797172,1481862,1782138797178,,1782138797105,28,2026-06-22T14:33:17.5622092Z,208,,oasis/bottle,0
,,,,,,6,local.mqtt.telegraf,56,37.98,,periodic,,73,-4638,44,42,,,5,08a6f769c348,,0,273,1048,08:A6:F7:69:C3:48,,4711,29,2,,31,,,1482156,1782138797472,1482162,1782138797478,,1782138797399,28,2026-06-22T14:33:17.8499807Z,209,,oasis/bottle,0
,,,,,,6,local.mqtt.telegraf,54,21.15,,periodic,,70,-18373,-281,-283,,,5,08a6f75abdf0,,0,273,1057,08:A6:F7:5A:BD:F0,,18443,351,2,,353,,,1482886,1782138798202,1482892,1782138798208,,1782138798132,29,2026-06-22T14:33:18.5793477Z,207,,oasis/bottle,0
,,,,,,6,local.mqtt.telegraf,58,41.48,,periodic,,67,-12134,47,44,,,5,08a6f7bb3c68,,0,274,1057,08:A6:F7:BB:3C:68,,12201,20,2,,23,,,1483386,1782138798703,1483393,1782138798709,,1782138798636,28,2026-06-22T14:33:19.0385157Z,208,,oasis/bottle,0
,,,,,,6,local.mqtt.telegraf,56,38.01,,periodic,,79,-5883,50,48,,,5,08a6f769c348,,0,273,1049,08:A6:F7:69:C3:48,,5962,29,2,,31,,,1483413,1782138798729,1483419,1782138798735,,1782138798650,28,2026-06-22T14:33:19.0751911Z,209,,oasis/bottle,0
,,,,,,7,local.mqtt.telegraf,54,21.27,,periodic,,62,-19459,-289,-291,,,5,08a6f75abdf0,,0,274,1058,08:A6:F7:5A:BD:F0,,19521,351,2,,353,,,1483956,1782138799272,1483963,1782138799279,,1782138799210,29,2026-06-22T14:33:19.6374139Z,207,,oasis/bottle,0
,,,,,,6,local.mqtt.telegraf,58,41.48,,periodic,,65,-13396,45,42,,,5,08a6f7bb3c68,,0,274,1058,08:A6:F7:BB:3C:68,,13461,20,2,,23,,,1484645,1782138799961,1484651,1782138799967,,1782138799896,28,2026-06-22T14:33:20.2929197Z,208,,oasis/bottle,0
,,,,,,13,local.mqtt.telegraf,56,38.02,,periodic,,78,-7143,49,47,,,5,08a6f769c348,,0,273,1050,08:A6:F7:69:C3:48,,7221,29,2,,31,,,1484671,1782138799987,1484684,1782138800000,,1782138799909,28,2026-06-22T14:33:20.3381042Z,209,,oasis/bottle,0
,,,,,,6,local.mqtt.telegraf,54,21.25,,periodic,,61,-977,37,35,,,5,08a6f75abdf0,,0,274,1059,08:A6:F7:5A:BD:F0,,1038,24,2,,26,,,1485496,1782138800812,1485502,1782138800818,,1782138800751,29,2026-06-22T14:33:21.1845861Z,210,,oasis/bottle,0
,,,,,,6,local.mqtt.telegraf,58,41.48,,periodic,,67,-14704,47,44,,,5,08a6f7bb3c68,,0,274,1059,08:A6:F7:BB:3C:68,,14771,20,2,,23,,,1485956,1782138801273,1485963,1782138801279,,1782138801206,28,2026-06-22T14:33:21.6174998Z,208,,oasis/bottle,0
,,,,,,5,local.mqtt.telegraf,56,38.04,,periodic,,72,-8480,43,41,,,5,08a6f769c348,,0,273,1051,08:A6:F7:69:C3:48,,8552,29,2,,31,,,1485996,1782138801312,1486001,1782138801317,,1782138801240,28,2026-06-22T14:33:21.658529Z,209,,oasis/bottle,0
,,,,,,6,local.mqtt.telegraf,54,21.26,,periodic,,61,-2257,37,35,,,5,08a6f75abdf0,,0,273,1060,08:A6:F7:5A:BD:F0,,2318,24,2,,26,,,1486776,1782138802092,1486782,1782138802098,,1782138802031,29,2026-06-22T14:33:22.4677571Z,210,,oasis/bottle,0
,,,,,,6,local.mqtt.telegraf,58,41.5,,periodic,,66,-16135,46,43,,,5,08a6f7bb3c68,,0,273,1060,08:A6:F7:BB:3C:68,,16201,20,2,,23,,,1487386,1782138802702,1487392,1782138802708,,1782138802636,28,2026-06-22T14:33:23.0740121Z,208,,oasis/bottle,0
,,,,,,6,local.mqtt.telegraf,56,38.01,,periodic,,72,-9930,43,41,,,5,08a6f769c348,,0,273,1052,08:A6:F7:69:C3:48,,10002,29,2,,31,,,1487446,1782138802762,1487452,1782138802768,,1782138802690,28,2026-06-22T14:33:23.1206927Z,209,,oasis/bottle,0
,,,,,,6,local.mqtt.telegraf,54,21.27,,periodic,,71,-3597,47,45,,,5,08a6f75abdf0,,0,274,1061,08:A6:F7:5A:BD:F0,,3668,24,2,,26,,,1488136,1782138803452,1488142,1782138803458,,1782138803381,29,2026-06-22T14:33:23.8337004Z,210,,oasis/bottle,0
,,,,,,6,local.mqtt.telegraf,58,41.41,,periodic,,76,-17175,56,53,,,5,08a6f7bb3c68,,0,274,1061,08:A6:F7:BB:3C:68,,17251,20,2,,23,,,1488446,1782138803762,1488452,1782138803768,,1782138803686,28,2026-06-22T14:33:24.1298584Z,208,,oasis/bottle,0
,,,,,,6,local.mqtt.telegraf,56,37.96,,periodic,,72,-11030,43,41,,,5,08a6f769c348,,0,273,1053,08:A6:F7:69:C3:48,,11102,29,2,,31,,,1488546,1782138803862,1488552,1782138803868,,1782138803790,28,2026-06-22T14:33:24.2456293Z,209,,oasis/bottle,0
,,,,,,6,local.mqtt.telegraf,54,21.27,,periodic,,61,-5117,37,35,,,5,08a6f75abdf0,,0,274,1062,08:A6:F7:5A:BD:F0,,5178,24,2,,26,,,1489636,1782138804952,1489642,1782138804958,,1782138804891,29,2026-06-22T14:33:25.3238834Z,210,,oasis/bottle,0
,,,,,,6,local.mqtt.telegraf,58,41.57,,periodic,,66,-18695,46,43,,,5,08a6f7bb3c68,,0,273,1062,08:A6:F7:BB:3C:68,,18761,20,2,,23,,,1489946,1782138805262,1489952,1782138805268,,1782138805196,28,2026-06-22T14:33:25.6334915Z,208,,oasis/bottle,0
,,,,,,6,local.mqtt.telegraf,56,38,,periodic,,73,-12618,44,42,,,5,08a6f769c348,,0,273,1054,08:A6:F7:69:C3:48,,12691,29,2,,31,,,1490136,1782138805452,1490142,1782138805458,,1782138805379,28,2026-06-22T14:33:25.8171471Z,209,,oasis/bottle,0
,,,,,,6,local.mqtt.telegraf,54,21.21,,periodic,,71,-6317,47,45,,,5,08a6f75abdf0,,0,273,1063,08:A6:F7:5A:BD:F0,,6388,24,2,,26,,,1490856,1782138806172,1490862,1782138806178,,1782138806101,29,2026-06-22T14:33:26.5468809Z,210,,oasis/bottle,0
,,,,,,7,local.mqtt.telegraf,58,41.46,,periodic,,66,-19895,46,43,,,5,08a6f7bb3c68,,0,273,1063,08:A6:F7:BB:3C:68,,19961,20,2,,23,,,1491146,1782138806462,1491153,1782138806469,,1782138806396,28,2026-06-22T14:33:26.8364392Z,208,,oasis/bottle,0
,,,,,,6,local.mqtt.telegraf,56,38.02,,periodic,,72,-14009,43,41,,,5,08a6f769c348,,0,273,1055,08:A6:F7:69:C3:48,,14081,29,2,,31,,,1491525,1782138806841,1491531,1782138806847,,1782138806769,28,2026-06-22T14:33:27.2200156Z,209,,oasis/bottle,0
,,,,,,6,local.mqtt.telegraf,54,21.27,,periodic,,62,-7555,38,36,,,5,08a6f75abdf0,,0,273,1064,08:A6:F7:5A:BD:F0,,7617,24,2,,26,,,1492076,1782138807392,1492082,1782138807398,,1782138807330,29,2026-06-22T14:33:27.7641147Z,210,,oasis/bottle,0
,,,,,,6,local.mqtt.telegraf,59,41.5,,periodic,,66,-895,35,33,,,5,08a6f7bb3c68,,0,274,1064,08:A6:F7:BB:3C:68,,961,31,2,,33,,,1492366,1782138807682,1492372,1782138807688,,1782138807616,28,2026-06-22T14:33:28.0418235Z,211,,oasis/bottle,0
,,,,,,6,local.mqtt.telegraf,56,38.13,,periodic,,73,-15578,44,42,,,5,08a6f769c348,,0,273,1056,08:A6:F7:69:C3:48,,15651,29,2,,31,,,1493096,1782138808412,1493102,1782138808418,,1782138808339,28,2026-06-22T14:33:28.7831733Z,209,,oasis/bottle,0
,,,,,,7,local.mqtt.telegraf,54,21.33,,periodic,,71,-8787,47,45,,,5,08a6f75abdf0,,0,274,1065,08:A6:F7:5A:BD:F0,,8858,24,2,,26,,,1493326,1782138808642,1493332,1782138808649,,1782138808571,29,2026-06-22T14:33:29.0221641Z,210,,oasis/bottle,0
,,,,,,6,local.mqtt.telegraf,59,41.64,,periodic,,76,-2095,45,43,,,5,08a6f7bb3c68,,0,273,1065,08:A6:F7:BB:3C:68,,2171,31,2,,33,,,1493586,1782138808902,1493592,1782138808908,,1782138808826,28,2026-06-22T14:33:29.2691503Z,211,,oasis/bottle,0
,,,,,,6,local.mqtt.telegraf,56,38.01,,periodic,,73,-16928,44,42,,,5,08a6f769c348,,0,273,1057,08:A6:F7:69:C3:48,,17001,29,2,,31,,,1494446,1782138809762,1494452,1782138809768,,1782138809689,28,2026-06-22T14:33:30.1382888Z,209,,oasis/bottle,0
,,,,,,6,local.mqtt.telegraf,54,21.18,,periodic,,61,-10087,37,35,,,5,08a6f75abdf0,,0,274,1066,08:A6:F7:5A:BD:F0,,10148,24,2,,26,,,1494606,1782138809922,1494612,1782138809928,,1782138809861,29,2026-06-22T14:33:30.2837241Z,210,,oasis/bottle,0
,,,,,,6,local.mqtt.telegraf,59,41.5,,periodic,,67,-3344,36,34,,,5,08a6f7bb3c68,,0,274,1066,08:A6:F7:BB:3C:68,,3411,31,2,,33,,,1494817,1782138810133,1494823,1782138810139,,1782138810066,28,2026-06-22T14:33:30.5017548Z,211,,oasis/bottle,0
,,,,,,6,local.mqtt.telegraf,56,37.89,,periodic,,73,-18408,44,42,,,5,08a6f769c348,,0,273,1058,08:A6:F7:69:C3:48,,18481,29,2,,31,,,1495926,1782138811242,1495932,1782138811248,,1782138811169,28,2026-06-22T14:33:31.6179692Z,209,,oasis/bottle,0
,,,,,,6,local.mqtt.telegraf,54,21.27,,periodic,,71,-11447,47,45,,,5,08a6f75abdf0,,0,274,1067,08:A6:F7:5A:BD:F0,,11518,24,2,,26,,,1495986,1782138811302,1495992,1782138811308,,1782138811231,29,2026-06-22T14:33:31.6700065Z,210,,oasis/bottle,0
,,,,,,6,local.mqtt.telegraf,59,41.48,,periodic,,67,-4613,36,34,,,5,08a6f7bb3c68,,0,273,1067,08:A6:F7:BB:3C:68,,4680,31,2,,33,,,1496086,1782138811402,1496092,1782138811408,,1782138811335,28,2026-06-22T14:33:31.7240456Z,211,,oasis/bottle,0
,,,,,,6,local.mqtt.telegraf,56,37.92,,periodic,,73,-19568,44,42,,,5,08a6f769c348,,0,273,1059,08:A6:F7:69:C3:48,,19641,29,2,,31,,,1497086,1782138812402,1497092,1782138812408,,1782138812329,28,2026-06-22T14:33:32.7662425Z,209,,oasis/bottle,0
,,,,,,6,local.mqtt.telegraf,59,41.5,,periodic,,66,-5945,35,33,,,5,08a6f7bb3c68,,0,274,1068,08:A6:F7:BB:3C:68,,6011,31,2,,33,,,1497416,1782138812732,1497422,1782138812738,,1782138812666,28,2026-06-22T14:33:33.1233297Z,211,,oasis/bottle,0
,,,,,,6,local.mqtt.telegraf,55,21.23,,periodic,,68,-12993,44,42,,,5,08a6f75abdf0,,0,273,1068,08:A6:F7:5A:BD:F0,,13061,24,2,,26,,,1497526,1782138812842,1497532,1782138812848,,1782138812774,29,2026-06-22T14:33:33.1826163Z,210,,oasis/bottle,0
,,,,,,6,local.mqtt.telegraf,56,38.04,,periodic,,72,-489,41,39,,,5,08a6f769c348,,0,273,1060,08:A6:F7:69:C3:48,,561,31,2,,33,,,1498216,1782138813532,1498222,1782138813538,,1782138813460,28,2026-06-22T14:33:33.8931695Z,212,,oasis/bottle,0
,,,,,,6,local.mqtt.telegraf,55,21.21,,periodic,,61,-14317,37,35,,,5,08a6f75abdf0,,0,274,1069,08:A6:F7:5A:BD:F0,,14378,24,2,,26,,,1498836,1782138814152,1498842,1782138814158,,1782138814091,29,2026-06-22T14:33:34.5132867Z,210,,oasis/bottle,0
,,,,,,10,local.mqtt.telegraf,59,41.44,,periodic,,66,-7415,35,33,,,5,08a6f7bb3c68,,0,274,1069,08:A6:F7:BB:3C:68,,7481,31,2,,33,,,1498886,1782138814202,1498896,1782138814212,,1782138814136,28,2026-06-22T14:33:34.5735106Z,211,,oasis/bottle,0
,,,,,,6,local.mqtt.telegraf,56,37.96,,periodic,,73,-1527,42,40,,,5,08a6f769c348,,0,273,1061,08:A6:F7:69:C3:48,,1600,31,2,,33,,,1499256,1782138814572,1499262,1782138814578,,1782138814499,28,2026-06-22T14:33:34.9343876Z,212,,oasis/bottle,0
,,,,,,6,local.mqtt.telegraf,59,41.48,,periodic,,66,-8545,35,33,,,5,08a6f7bb3c68,,0,273,1070,08:A6:F7:BB:3C:68,,8611,31,2,,33,,,1500016,1782138815332,1500022,1782138815338,,1782138815266,28,2026-06-22T14:33:35.6973315Z,211,,oasis/bottle,0
,,,,,,7,local.mqtt.telegraf,55,21.27,,periodic,,61,-15717,37,35,,,5,08a6f75abdf0,,0,274,1070,08:A6:F7:5A:BD:F0,,15778,24,2,,26,,,1500236,1782138815552,1500243,1782138815559,,1782138815491,29,2026-06-22T14:33:35.9125832Z,210,,oasis/bottle,0
,,,,,,6,local.mqtt.telegraf,56,38.13,,periodic,,73,-3017,42,40,,,5,08a6f769c348,,0,273,1062,08:A6:F7:69:C3:48,,3090,31,2,,33,,,1500746,1782138816062,1500752,1782138816068,,1782138815989,28,2026-06-22T14:33:36.4408671Z,212,,oasis/bottle,0
,,,,,,6,local.mqtt.telegraf,59,41.13,,periodic,,67,-9603,36,34,,,5,08a6f7bb3c68,,0,273,1071,08:A6:F7:BB:3C:68,,9670,31,2,,33,,,1501076,1782138816392,1501082,1782138816398,,1782138816325,28,2026-06-22T14:33:36.7627517Z,211,,oasis/bottle,0
,,,,,,6,local.mqtt.telegraf,54,21.27,,periodic,,61,-17307,37,35,,,5,08a6f75abdf0,,0,274,1071,08:A6:F7:5A:BD:F0,,17368,24,2,,26,,,1501826,1782138817142,1501832,1782138817148,,1782138817081,29,2026-06-22T14:33:37.5169741Z,210,,oasis/bottle,0
,,,,,,6,local.mqtt.telegraf,56,37.96,,periodic,,73,-4197,42,40,,,5,08a6f769c348,,0,273,1063,08:A6:F7:69:C3:48,,4270,31,2,,33,,,1501926,1782138817242,1501932,1782138817248,,1782138817169,28,2026-06-22T14:33:37.569247Z,212,,oasis/bottle,0
,,,,,,6,local.mqtt.telegraf,59,41.41,,periodic,,66,-11125,35,33,,,5,08a6f7bb3c68,,0,273,1072,08:A6:F7:BB:3C:68,,11191,31,2,,33,,,1502596,1782138817912,1502602,1782138817918,,1782138817846,28,2026-06-22T14:33:38.2949485Z,211,,oasis/bottle,0
,,,,,,6,local.mqtt.telegraf,56,38.04,,periodic,,73,-5347,42,40,,,5,08a6f769c348,,0,273,1064,08:A6:F7:69:C3:48,,5420,31,2,,33,,,1503076,1782138818392,1503082,1782138818398,,1782138818319,28,2026-06-22T14:33:38.7585344Z,212,,oasis/bottle,0
,,,,,,6,local.mqtt.telegraf,54,21.25,,periodic,,71,-18677,47,45,,,5,08a6f75abdf0,,0,274,1072,08:A6:F7:5A:BD:F0,,18748,24,2,,26,,,1503216,1782138818532,1503222,1782138818538,,1782138818461,29,2026-06-22T14:33:38.9010348Z,210,,oasis/bottle,0
,,,,,,6,local.mqtt.telegraf,59,40.53,,periodic,,66,-12355,35,33,,,5,08a6f7bb3c68,,0,273,1073,08:A6:F7:BB:3C:68,,12421,31,2,,33,,,1503826,1782138819142,1503832,1782138819148,,1782138819076,28,2026-06-22T14:33:39.5105588Z,211,,oasis/bottle,0
,,,,,,6,local.mqtt.telegraf,56,37.89,,periodic,,69,-6455,38,36,,,5,08a6f769c348,,0,273,1065,08:A6:F7:69:C3:48,,6524,31,2,,33,,,1504176,1782138819492,1504182,1782138819498,,1782138819423,28,2026-06-22T14:33:39.8663228Z,212,,oasis/bottle,0
,,,,,,6,local.mqtt.telegraf,54,21.22,,periodic,,71,-20247,47,45,,,5,08a6f75abdf0,,0,273,1073,08:A6:F7:5A:BD:F0,,20318,24,2,,26,,,1504786,1782138820102,1504792,1782138820108,,1782138820031,29,2026-06-22T14:33:40.483504Z,210,,oasis/bottle,0
,,,,,,5,local.mqtt.telegraf,59,40.9,,periodic,,67,-13613,36,34,,,5,08a6f7bb3c68,,0,273,1074,08:A6:F7:BB:3C:68,,13680,31,2,,33,,,1505086,1782138820402,1505091,1782138820407,,1782138820335,28,2026-06-22T14:33:40.7707856Z,211,,oasis/bottle,0
,,,,,,6,local.mqtt.telegraf,56,37.86,,periodic,,74,-8056,43,41,,,5,08a6f769c348,,0,273,1066,08:A6:F7:69:C3:48,,8130,31,2,,33,,,1505787,1782138821103,1505793,1782138821109,,1782138821029,28,2026-06-22T14:33:41.4686071Z,212,,oasis/bottle,0
,,,,,,6,local.mqtt.telegraf,54,21.25,,periodic,,71,-1141,9,6,,,5,08a6f75abdf0,,0,274,1074,08:A6:F7:5A:BD:F0,,1212,62,2,,65,,,1506116,1782138821432,1506122,1782138821438,,1782138821361,29,2026-06-22T14:33:41.7965967Z,213,,oasis/bottle,0
,,,,,,6,local.mqtt.telegraf,59,40.75,,periodic,,67,-14923,36,34,,,5,08a6f7bb3c68,,0,273,1075,08:A6:F7:BB:3C:68,,14990,31,2,,33,,,1506396,1782138821712,1506402,1782138821718,,1782138821645,28,2026-06-22T14:33:42.0830784Z,211,,oasis/bottle,0
,,,,,,6,local.mqtt.telegraf,56,37.78,,periodic,,73,-9467,42,40,,,5,08a6f769c348,,0,273,1067,08:A6:F7:69:C3:48,,9540,31,2,,33,,,1507196,1782138822512,1507202,1782138822518,,1782138822439,28,2026-06-22T14:33:42.8748454Z,212,,oasis/bottle,0
,,,,,,6,local.mqtt.telegraf,54,21.05,,periodic,,61,-2611,-1,-4,,,5,08a6f75abdf0,,0,273,1075,08:A6:F7:5A:BD:F0,,2672,62,2,,65,,,1507566,1782138822882,1507572,1782138822888,,1782138822821,29,2026-06-22T14:33:43.2440774Z,213,,oasis/bottle,0
,,,,,,14,local.mqtt.telegraf,59,40.75,,periodic,,66,-16355,35,33,,,5,08a6f7bb3c68,,0,273,1076,08:A6:F7:BB:3C:68,,16421,31,2,,33,,,1507826,1782138823142,1507840,1782138823156,,1782138823076,28,2026-06-22T14:33:43.5143068Z,211,,oasis/bottle,0
,,,,,,6,local.mqtt.telegraf,54,21.13,,periodic,,71,-3711,9,6,,,5,08a6f75abdf0,,0,273,1076,08:A6:F7:5A:BD:F0,,3782,62,2,,65,,,1508686,1782138824002,1508692,1782138824008,,1782138823931,29,2026-06-22T14:33:44.3627197Z,213,,oasis/bottle,0
,,,,,,7,local.mqtt.telegraf,56,37.82,,periodic,,73,-11077,42,40,,,5,08a6f769c348,,0,273,1068,08:A6:F7:69:C3:48,,11150,31,2,,33,,,1508806,1782138824122,1508813,1782138824129,,1782138824049,28,2026-06-22T14:33:44.4900008Z,212,,oasis/bottle,0
,,,,,,9,local.mqtt.telegraf,59,40.36,,periodic,,66,-17405,35,33,,,5,08a6f7bb3c68,,0,274,1077,08:A6:F7:BB:3C:68,,17471,31,2,,33,,,1508876,1782138824192,1508885,1782138824201,,1782138824126,28,2026-06-22T14:33:44.5460645Z,211,,oasis/bottle,0
,,,,,,7,local.mqtt.telegraf,56,37.9,,periodic,,72,-12509,41,39,,,5,08a6f769c348,,0,273,1069,08:A6:F7:69:C3:48,,12581,31,2,,33,,,1510236,1782138825552,1510242,1782138825559,,1782138825480,28,2026-06-22T14:33:45.9262053Z,212,,oasis/bottle,0
,,,,,,7,local.mqtt.telegraf,54,21.21,,periodic,,64,-5348,2,-1,,,5,08a6f75abdf0,,0,274,1077,08:A6:F7:5A:BD:F0,,5412,62,2,,65,,,1510309,1782138825625,1510316,1782138825632,,1782138825561,29,2026-06-22T14:33:45.990382Z,213,,oasis/bottle,0
,,,,,,6,local.mqtt.telegraf,59,40.98,,periodic,,68,-18902,37,35,,,5,08a6f7bb3c68,,0,273,1078,08:A6:F7:BB:3C:68,,18970,31,2,,33,,,1510377,1782138825693,1510383,1782138825699,,1782138825625,28,2026-06-22T14:33:46.0432872Z,211,,oasis/bottle,0
,,,,,,6,local.mqtt.telegraf,56,37.94,,periodic,,73,-13557,42,40,,,5,08a6f769c348,,0,273,1070,08:A6:F7:69:C3:48,,13630,31,2,,33,,,1511286,1782138826602,1511292,1782138826608,,1782138826529,28,2026-06-22T14:33:46.9770249Z,212,,oasis/bottle,0
,,,,,,6,local.mqtt.telegraf,59,40.62,,periodic,,67,-20103,36,34,,,5,08a6f7bb3c68,,0,273,1079,08:A6:F7:BB:3C:68,,20170,31,2,,33,,,1511576,1782138826892,1511582,1782138826898,,1782138826825,28,2026-06-22T14:33:47.2591139Z,211,,oasis/bottle,0
,,,,,,6,local.mqtt.telegraf,54,21.26,,periodic,,71,-6791,9,6,,,5,08a6f75abdf0,,0,273,1078,08:A6:F7:5A:BD:F0,,6862,62,2,,65,,,1511766,1782138827082,1511772,1782138827088,,1782138827011,29,2026-06-22T14:33:47.4564451Z,213,,oasis/bottle,0
,,,,,,6,local.mqtt.telegraf,59,40.58,,periodic,,66,-1026,13,10,,,5,08a6f7bb3c68,,0,274,1080,08:A6:F7:BB:3C:68,,1092,53,2,,56,,,1512776,1782138828092,1512782,1782138828098,,1782138828026,28,2026-06-22T14:33:48.430084Z,214,,oasis/bottle,0
,,,,,,11,local.mqtt.telegraf,56,38.01,,periodic,,80,-15060,49,47,,,5,08a6f769c348,,0,273,1071,08:A6:F7:69:C3:48,,15140,31,2,,33,,,1512803,1782138828119,1512814,1782138828130,,1782138828039,28,2026-06-22T14:33:48.4702553Z,212,,oasis/bottle,0
,,,,,,6,local.mqtt.telegraf,54,21.22,,periodic,,71,-7891,9,6,,,5,08a6f75abdf0,,0,273,1079,08:A6:F7:5A:BD:F0,,7962,62,2,,65,,,1512866,1782138828182,1512872,1782138828188,,1782138828111,29,2026-06-22T14:33:48.5254115Z,213,,oasis/bottle,0
,,,,,,6,local.mqtt.telegraf,59,40.96,,periodic,,76,-2216,23,20,,,5,08a6f7bb3c68,,0,273,1081,08:A6:F7:BB:3C:68,,2292,53,2,,56,,,1513986,1782138829302,1513992,1782138829308,,1782138829226,28,2026-06-22T14:33:49.6463895Z,214,,oasis/bottle,0
,,,,,,6,local.mqtt.telegraf,56,37.9,,periodic,,87,-16253,56,54,,,5,08a6f769c348,,0,273,1072,08:A6:F7:69:C3:48,,16340,31,2,,33,,,1514010,1782138829326,1514016,1782138829332,,1782138829239,28,2026-06-22T14:33:49.6877256Z,212,,oasis/bottle,1
,,,,,,6,local.mqtt.telegraf,54,21.3,,periodic,,81,-9481,19,16,,,5,08a6f75abdf0,,0,273,1080,08:A6:F7:5A:BD:F0,,9562,62,2,,65,,,1514476,1782138829792,1514482,1782138829798,,1782138829711,29,2026-06-22T14:33:50.1685746Z,213,,oasis/bottle,0
,,,,,,6,local.mqtt.telegraf,59,40.83,,periodic,,67,-3424,14,11,,,5,08a6f7bb3c68,,0,273,1082,08:A6:F7:BB:3C:68,,3491,53,2,,56,,,1515176,1782138830492,1515182,1782138830498,,1782138830425,28,2026-06-22T14:33:50.8263965Z,214,,oasis/bottle,0
,,,,,,6,local.mqtt.telegraf,56,37.82,,periodic,,68,-17483,37,35,,,5,08a6f769c348,,0,273,1073,08:A6:F7:69:C3:48,,17551,31,2,,33,,,1515202,1782138830518,1515208,1782138830524,,1782138830450,28,2026-06-22T14:33:50.8634774Z,212,,oasis/bottle,0
,,,,,,6,local.mqtt.telegraf,54,21.25,,periodic,,61,-10931,-1,-4,,,5,08a6f75abdf0,,0,273,1081,08:A6:F7:5A:BD:F0,,10992,62,2,,65,,,1515886,1782138831202,1515892,1782138831208,,1782138831141,29,2026-06-22T14:33:51.5764318Z,213,,oasis/bottle,0
,,,,,,6,local.mqtt.telegraf,59,40.84,,periodic,,66,-4616,13,10,,,5,08a6f7bb3c68,,0,273,1083,08:A6:F7:BB:3C:68,,4682,53,2,,56,,,1516366,1782138831682,1516372,1782138831688,,1782138831616,28,2026-06-22T14:33:52.0521735Z,214,,oasis/bottle,0
,,,,,,6,local.mqtt.telegraf,56,37.81,,periodic,,73,-18687,42,40,,,5,08a6f769c348,,0,273,1074,08:A6:F7:69:C3:48,,18760,31,2,,33,,,1516416,1782138831732,1516422,1782138831738,,1782138831659,28,2026-06-22T14:33:52.0905024Z,212,,oasis/bottle,0
,,,,,,6,local.mqtt.telegraf,54,21.11,,periodic,,71,-12541,9,6,,,5,08a6f75abdf0,,0,273,1082,08:A6:F7:5A:BD:F0,,12612,62,2,,65,,,1517516,1782138832832,1517522,1782138832838,,1782138832761,29,2026-06-22T14:33:53.1774188Z,213,,oasis/bottle,0
,,,,,,6,local.mqtt.telegraf,59,40.92,,periodic,,64,-5798,11,8,,,5,08a6f7bb3c68,,0,273,1084,08:A6:F7:BB:3C:68,,5862,53,2,,56,,,1517544,1782138832860,1517550,1782138832866,,1782138832796,28,2026-06-22T14:33:53.2154657Z,214,,oasis/bottle,0
,,,,,,6,local.mqtt.telegraf,56,37.84,,periodic,,72,-19919,41,39,,,5,08a6f769c348,,0,273,1075,08:A6:F7:69:C3:48,,19991,31,2,,33,,,1517646,1782138832962,1517652,1782138832968,,1782138832890,28,2026-06-22T14:33:53.3356125Z,212,,oasis/bottle,0
,,,,,,6,local.mqtt.telegraf,59,40.82,,periodic,,72,-6953,19,16,,,5,08a6f7bb3c68,,0,273,1085,08:A6:F7:BB:3C:68,,7025,53,2,,56,,,1518715,1782138834031,1518721,1782138834037,,1782138833959,28,2026-06-22T14:33:54.3974066Z,214,,oasis/bottle,0
,,,,,,6,local.mqtt.telegraf,56,37.85,,periodic,,72,-969,41,39,,,5,08a6f769c348,,0,273,1076,08:A6:F7:69:C3:48,,1041,31,2,,33,,,1518906,1782138834222,1518912,1782138834228,,1782138834150,28,2026-06-22T14:33:54.5894332Z,215,,oasis/bottle,0
,,,,,,6,local.mqtt.telegraf,54,21.15,,periodic,,71,-13981,9,6,,,5,08a6f75abdf0,,0,273,1083,08:A6:F7:5A:BD:F0,,14052,62,2,,65,,,1518956,1782138834272,1518962,1782138834278,,1782138834201,29,2026-06-22T14:33:54.6498237Z,213,,oasis/bottle,0
,,,,,,6,local.mqtt.telegraf,59,40.76,,periodic,,67,-8074,14,11,,,5,08a6f7bb3c68,,0,273,1086,08:A6:F7:BB:3C:68,,8141,53,2,,56,,,1519826,1782138835142,1519832,1782138835148,,1782138835075,28,2026-06-22T14:33:55.5103969Z,214,,oasis/bottle,0
,,,,,,6,local.mqtt.telegraf,54,21.13,,periodic,,61,-15071,-1,-4,,,5,08a6f75abdf0,,0,273,1084,08:A6:F7:5A:BD:F0,,15132,62,2,,65,,,1520026,1782138835342,1520032,1782138835348,,1782138835281,29,2026-06-22T14:33:55.7156707Z,213,,oasis/bottle,0
,,,,,,6,local.mqtt.telegraf,56,37.94,,periodic,,73,-2267,42,40,,,5,08a6f769c348,,0,273,1077,08:A6:F7:69:C3:48,,2340,31,2,,33,,,1520206,1782138835522,1520212,1782138835528,,1782138835449,28,2026-06-22T14:33:55.8922178Z,215,,oasis/bottle,0
,,,,,,6,local.mqtt.telegraf,59,40.87,,periodic,,76,-9696,23,20,,,5,08a6f7bb3c68,,0,274,1087,08:A6:F7:BB:3C:68,,9772,53,2,,56,,,1521466,1782138836782,1521472,1782138836788,,1782138836706,28,2026-06-22T14:33:57.1510327Z,214,,oasis/bottle,0
,,,,,,7,local.mqtt.telegraf,54,21.27,,periodic,,61,-16621,-1,-4,,,5,08a6f75abdf0,,0,274,1085,08:A6:F7:5A:BD:F0,,16682,62,2,,65,,,1521576,1782138836892,1521583,1782138836899,,1782138836831,29,2026-06-22T14:33:57.2514483Z,213,,oasis/bottle,0
,,,,,,6,local.mqtt.telegraf,56,37.85,,periodic,,73,-3677,42,40,,,5,08a6f769c348,,0,273,1078,08:A6:F7:69:C3:48,,3750,31,2,,33,,,1521616,1782138836932,1521622,1782138836938,,1782138836859,28,2026-06-22T14:33:57.2869176Z,215,,oasis/bottle,0
,,,,,,6,local.mqtt.telegraf,54,21.27,,periodic,,71,-17921,9,6,,,5,08a6f75abdf0,,0,274,1086,08:A6:F7:5A:BD:F0,,17992,62,2,,65,,,1522896,1782138838212,1522902,1782138838218,,1782138838141,29,2026-06-22T14:33:58.5845609Z,213,,oasis/bottle,0
,,,,,,6,local.mqtt.telegraf,58,40.63,,periodic,,66,-11186,13,10,,,5,08a6f7bb3c68,,0,273,1088,08:A6:F7:BB:3C:68,,11252,53,2,,56,,,1522936,1782138838252,1522942,1782138838258,,1782138838186,28,2026-06-22T14:33:58.6391659Z,214,,oasis/bottle,0
,,,,,,6,local.mqtt.telegraf,56,37.92,,periodic,,73,-5287,42,40,,,5,08a6f769c348,,0,273,1079,08:A6:F7:69:C3:48,,5360,31,2,,33,,,1523226,1782138838542,1523232,1782138838548,,1782138838469,28,2026-06-22T14:33:58.9090776Z,215,,oasis/bottle,0
,,,,,,6,local.mqtt.telegraf,59,40.7,,periodic,,66,-12326,13,10,,,5,08a6f7bb3c68,,0,274,1089,08:A6:F7:BB:3C:68,,12392,53,2,,56,,,1524076,1782138839392,1524082,1782138839398,,1782138839326,28,2026-06-22T14:33:59.7854366Z,214,,oasis/bottle,0
,,,,,,6,local.mqtt.telegraf,54,21.05,,periodic,,71,-19331,9,6,,,5,08a6f75abdf0,,0,273,1087,08:A6:F7:5A:BD:F0,,19402,62,2,,65,,,1524306,1782138839622,1524312,1782138839628,,1782138839551,29,2026-06-22T14:33:59.9932281Z,213,,oasis/bottle,0
,,,,,,6,local.mqtt.telegraf,56,37.92,,periodic,,73,-6707,42,40,,,5,08a6f769c348,,0,273,1080,08:A6:F7:69:C3:48,,6780,31,2,,33,,,1524646,1782138839962,1524652,1782138839968,,1782138839889,28,2026-06-22T14:34:00.3274414Z,215,,oasis/bottle,0
,,,,,,5,local.mqtt.telegraf,59,40.17,,periodic,,76,-13386,23,20,,,5,08a6f7bb3c68,,0,273,1090,08:A6:F7:BB:3C:68,,13462,53,2,,56,,,1525155,1782138840472,1525161,1782138840477,,1782138840396,28,2026-06-22T14:34:00.8280848Z,214,,oasis/bottle,0
,,,,,,6,local.mqtt.telegraf,56,37.89,,periodic,,73,-7757,42,40,,,5,08a6f769c348,,0,273,1081,08:A6:F7:69:C3:48,,7830,31,2,,33,,,1525696,1782138841012,1525702,1782138841018,,1782138840939,28,2026-06-22T14:34:01.3882169Z,215,,oasis/bottle,0
,,,,,,6,local.mqtt.telegraf,54,21.21,,periodic,,71,-750,38,28,,,5,08a6f75abdf0,,0,274,1088,08:A6:F7:5A:BD:F0,,821,33,2,,43,,,1525926,1782138841242,1525932,1782138841248,,1782138841171,29,2026-06-22T14:34:01.6218725Z,216,,oasis/bottle,0
,,,,,,6,local.mqtt.telegraf,58,40.76,,periodic,,66,-14946,13,10,,,5,08a6f7bb3c68,,0,273,1091,08:A6:F7:BB:3C:68,,15012,53,2,,56,,,1526696,1782138842012,1526702,1782138842018,,1782138841946,28,2026-06-22T14:34:02.384088Z,214,,oasis/bottle,0
,,,,,,6,local.mqtt.telegraf,56,37.97,,periodic,,73,-9237,42,40,,,5,08a6f769c348,,0,273,1082,08:A6:F7:69:C3:48,,9310,31,2,,33,,,1527176,1782138842492,1527182,1782138842498,,1782138842419,28,2026-06-22T14:34:02.8571843Z,215,,oasis/bottle,0
,,,,,,7,local.mqtt.telegraf,54,21.23,,periodic,,61,-2190,28,18,,,5,08a6f75abdf0,,0,273,1089,08:A6:F7:5A:BD:F0,,2251,33,2,,43,,,1527346,1782138842662,1527353,1782138842669,,1782138842601,29,2026-06-22T14:34:03.0389732Z,216,,oasis/bottle,0
,,,,,,6,local.mqtt.telegraf,58,40.66,,periodic,,66,-16236,13,10,,,5,08a6f7bb3c68,,0,273,1092,08:A6:F7:BB:3C:68,,16302,53,2,,56,,,1527986,1782138843302,1527992,1782138843308,,1782138843236,28,2026-06-22T14:34:03.6666966Z,214,,oasis/bottle,0
,,,,,,6,local.mqtt.telegraf,56,38.04,,periodic,,73,-10407,42,40,,,5,08a6f769c348,,0,273,1083,08:A6:F7:69:C3:48,,10480,31,2,,33,,,1528346,1782138843662,1528352,1782138843668,,1782138843589,28,2026-06-22T14:34:04.0296522Z,215,,oasis/bottle,0
,,,,,,9,local.mqtt.telegraf,54,21.22,,periodic,,71,-3240,38,28,,,5,08a6f75abdf0,,0,274,1090,08:A6:F7:5A:BD:F0,,3311,33,2,,43,,,1528416,1782138843732,1528425,1782138843741,,1782138843661,29,2026-06-22T14:34:04.0826457Z,216,,oasis/bottle,0
,,,,,,6,local.mqtt.telegraf,58,40.82,,periodic,,77,-17604,24,21,,,5,08a6f7bb3c68,,0,273,1093,08:A6:F7:BB:3C:68,,17681,53,2,,56,,,1529376,1782138844692,1529382,1782138844698,,1782138844615,28,2026-06-22T14:34:05.0618054Z,214,,oasis/bottle,0
,,,,,,7,local.mqtt.telegraf,56,37.96,,periodic,,73,-11537,42,40,,,5,08a6f769c348,,0,273,1084,08:A6:F7:69:C3:48,,11610,31,2,,33,,,1529476,1782138844792,1529483,1782138844799,,1782138844719,28,2026-06-22T14:34:05.1129006Z,215,,oasis/bottle,0
,,,,,,6,local.mqtt.telegraf,54,21.27,,periodic,,61,-4780,28,18,,,5,08a6f75abdf0,,0,273,1091,08:A6:F7:5A:BD:F0,,4841,33,2,,43,,,1529936,1782138845252,1529942,1782138845258,,1782138845191,29,2026-06-22T14:34:05.6133422Z,216,,oasis/bottle,0
,,,,,,7,local.mqtt.telegraf,56,37.96,,periodic,,73,-12607,42,40,,,5,08a6f769c348,,0,273,1085,08:A6:F7:69:C3:48,,12680,31,2,,33,,,1530546,1782138845862,1530553,1782138845869,,1782138845789,28,2026-06-22T14:34:06.2335686Z,215,,oasis/bottle,0
,,,,,,6,local.mqtt.telegraf,58,40.7,,periodic,,66,-19186,13,10,,,5,08a6f7bb3c68,,0,273,1094,08:A6:F7:BB:3C:68,,19252,53,2,,56,,,1530936,1782138846252,1530942,1782138846258,,1782138846186,28,2026-06-22T14:34:06.6129427Z,214,,oasis/bottle,0
,,,,,,6,local.mqtt.telegraf,54,21.13,,periodic,,71,-6010,38,28,,,5,08a6f75abdf0,,0,273,1092,08:A6:F7:5A:BD:F0,,6081,33,2,,43,,,1531186,1782138846502,1531192,1782138846508,,1782138846431,29,2026-06-22T14:34:06.8654433Z,216,,oasis/bottle,0
,,,,,,6,local.mqtt.telegraf,56,37.89,,periodic,,72,-14138,41,39,,,5,08a6f769c348,,0,273,1086,08:A6:F7:69:C3:48,,14210,31,2,,33,,,1532075,1782138847391,1532081,1782138847397,,1782138847319,28,2026-06-22T14:34:07.7564912Z,215,,oasis/bottle,0
,,,,,,6,local.mqtt.telegraf,58,40.59,,periodic,,78,-300,55,52,,,5,08a6f7bb3c68,,0,274,1095,08:A6:F7:BB:3C:68,,378,23,2,,26,,,1532266,1782138847582,1532272,1782138847588,,1782138847504,28,2026-06-22T14:34:07.93897Z,217,,oasis/bottle,0
,,,,,,6,local.mqtt.telegraf,54,21.1,,periodic,,71,-7300,38,28,,,5,08a6f75abdf0,,0,273,1093,08:A6:F7:5A:BD:F0,,7371,33,2,,43,,,1532476,1782138847792,1532482,1782138847798,,1782138847721,29,2026-06-22T14:34:08.1666492Z,216,,oasis/bottle,0
,,,,,,6,local.mqtt.telegraf,56,37.85,,periodic,,73,-15397,42,40,,,5,08a6f769c348,,0,273,1087,08:A6:F7:69:C3:48,,15470,31,2,,33,,,1533336,1782138848652,1533342,1782138848658,,1782138848579,28,2026-06-22T14:34:09.0168352Z,215,,oasis/bottle,0
,,,,,,6,local.mqtt.telegraf,58,40.74,,periodic,,68,-1760,45,42,,,5,08a6f7bb3c68,,0,273,1096,08:A6:F7:BB:3C:68,,1828,23,2,,26,,,1533706,1782138849022,1533712,1782138849028,,1782138848954,28,2026-06-22T14:34:09.3796878Z,217,,oasis/bottle,0
,,,,,,7,local.mqtt.telegraf,54,21.15,,periodic,,61,-8700,28,18,,,5,08a6f75abdf0,,0,273,1094,08:A6:F7:5A:BD:F0,,8761,33,2,,43,,,1533856,1782138849172,1533863,1782138849179,,1782138849111,29,2026-06-22T14:34:09.5481445Z,216,,oasis/bottle,0
,,,,,,6,local.mqtt.telegraf,56,37.85,,periodic,,73,-16707,42,40,,,5,08a6f769c348,,0,273,1088,08:A6:F7:69:C3:48,,16780,31,2,,33,,,1534646,1782138849962,1534652,1782138849968,,1782138849889,28,2026-06-22T14:34:10.3478233Z,215,,oasis/bottle,0
,,,,,,6,local.mqtt.telegraf,58,40.53,,periodic,,78,-2840,55,52,,,5,08a6f7bb3c68,,0,273,1097,08:A6:F7:BB:3C:68,,2918,23,2,,26,,,1534806,1782138850122,1534812,1782138850128,,1782138850044,28,2026-06-22T14:34:10.4910542Z,217,,oasis/bottle,0
,,,,,,6,local.mqtt.telegraf,54,21.13,,periodic,,71,-10250,38,28,,,5,08a6f75abdf0,,0,273,1095,08:A6:F7:5A:BD:F0,,10321,33,2,,43,,,1535426,1782138850742,1535432,1782138850748,,1782138850671,29,2026-06-22T14:34:11.1024476Z,216,,oasis/bottle,0
,,,,,,6,local.mqtt.telegraf,56,38.17,,periodic,,73,-18137,42,40,,,5,08a6f769c348,,0,273,1089,08:A6:F7:69:C3:48,,18210,31,2,,33,,,1536076,1782138851392,1536082,1782138851398,,1782138851319,28,2026-06-22T14:34:11.7632303Z,215,,oasis/bottle,0
,,,,,,6,local.mqtt.telegraf,59,41.48,,periodic,,68,-4440,45,42,,,5,08a6f7bb3c68,,0,273,1098,08:A6:F7:BB:3C:68,,4508,23,2,,26,,,1536386,1782138851702,1536392,1782138851708,,1782138851634,28,2026-06-22T14:34:12.0802405Z,217,,oasis/bottle,0
,,,,,,7,local.mqtt.telegraf,54,21.26,,periodic,,61,-11580,28,18,,,5,08a6f75abdf0,,0,273,1096,08:A6:F7:5A:BD:F0,,11641,33,2,,43,,,1536736,1782138852052,1536743,1782138852059,,1782138851991,29,2026-06-22T14:34:12.420983Z,216,,oasis/bottle,0
,,,,,,6,local.mqtt.telegraf,56,38.13,,periodic,,83,-19167,52,50,,,5,08a6f769c348,,0,273,1090,08:A6:F7:69:C3:48,,19250,31,2,,33,,,1537126,1782138852442,1537132,1782138852448,,1782138852359,28,2026-06-22T14:34:12.8152379Z,215,,oasis/bottle,0
,,,,,,6,local.mqtt.telegraf,59,41.48,,periodic,,78,-5790,55,52,,,5,08a6f7bb3c68,,0,274,1099,08:A6:F7:BB:3C:68,,5868,23,2,,26,,,1537756,1782138853072,1537762,1782138853078,,1782138852994,28,2026-06-22T14:34:13.4352241Z,217,,oasis/bottle,0
,,,,,,6,local.mqtt.telegraf,54,21.27,,periodic,,70,-13011,37,27,,,5,08a6f75abdf0,,0,273,1097,08:A6:F7:5A:BD:F0,,13081,33,2,,43,,,1538185,1782138853501,1538191,1782138853507,,1782138853431,29,2026-06-22T14:34:13.8767497Z,216,,oasis/bottle,0
,,,,,,6,local.mqtt.telegraf,56,38.06,,periodic,,72,-486,38,36,,,5,08a6f769c348,,0,273,1091,08:A6:F7:69:C3:48,,558,34,2,,36,,,1538636,1782138853952,1538642,1782138853958,,1782138853880,28,2026-06-22T14:34:14.3373407Z,218,,oasis/bottle,0
,,,,,,6,local.mqtt.telegraf,54,21.27,,periodic,,62,-14098,29,19,,,5,08a6f75abdf0,,0,273,1098,08:A6:F7:5A:BD:F0,,14160,33,2,,43,,,1539256,1782138854572,1539262,1782138854578,,1782138854510,29,2026-06-22T14:34:14.9052623Z,216,,oasis/bottle,0
,,,,,,6,local.mqtt.telegraf,59,41.54,,periodic,,75,-7322,52,49,,,5,08a6f7bb3c68,,0,273,1100,08:A6:F7:BB:3C:68,,7397,23,2,,26,,,1539282,1782138854598,1539287,1782138854604,,1782138854523,28,2026-06-22T14:34:14.9426717Z,217,,oasis/bottle,0
,,,,,,6,local.mqtt.telegraf,56,38.12,,periodic,,73,-1684,39,37,,,5,08a6f769c348,,0,273,1092,08:A6:F7:69:C3:48,,1757,34,2,,36,,,1539836,1782138855152,1539842,1782138855158,,1782138855079,28,2026-06-22T14:34:15.5185987Z,218,,oasis/bottle,0
,,,,,,6,local.mqtt.telegraf,59,41.48,,periodic,,78,-8570,55,52,,,5,08a6f7bb3c68,,0,274,1101,08:A6:F7:BB:3C:68,,8648,23,2,,26,,,1540536,1782138855852,1540542,1782138855858,,1782138855774,28,2026-06-22T14:34:16.2034134Z,217,,oasis/bottle,0
,,,,,,6,local.mqtt.telegraf,54,21.13,,periodic,,68,-15636,35,25,,,5,08a6f75abdf0,,0,273,1099,08:A6:F7:5A:BD:F0,,15704,33,2,,43,,,1540806,1782138856122,1540812,1782138856128,,1782138856054,30,2026-06-22T14:34:16.4923599Z,216,,oasis/bottle,0
,,,,,,6,local.mqtt.telegraf,56,38.04,,periodic,,72,-2896,38,36,,,5,08a6f769c348,,0,273,1093,08:A6:F7:69:C3:48,,2968,34,2,,36,,,1541046,1782138856362,1541052,1782138856368,,1782138856290,28,2026-06-22T14:34:16.7248123Z,218,,oasis/bottle,0
,,,,,,14,local.mqtt.telegraf,59,41.48,,periodic,,68,-9890,45,42,,,5,08a6f7bb3c68,,0,274,1102,08:A6:F7:BB:3C:68,,9958,23,2,,26,,,1541836,1782138857152,1541850,1782138857166,,1782138857084,28,2026-06-22T14:34:17.523684Z,217,,oasis/bottle,0
,,,,,,7,local.mqtt.telegraf,54,21.23,,periodic,,62,-16938,29,19,,,5,08a6f75abdf0,,0,273,1100,08:A6:F7:5A:BD:F0,,17000,33,2,,43,,,1542096,1782138857412,1542103,1782138857419,,1782138857350,29,2026-06-22T14:34:17.7746702Z,216,,oasis/bottle,0
,,,,,,6,local.mqtt.telegraf,56,37.96,,periodic,,73,-4104,39,37,,,5,08a6f769c348,,0,273,1094,08:A6:F7:69:C3:48,,4177,34,2,,36,,,1542256,1782138857572,1542262,1782138857578,,1782138857499,28,2026-06-22T14:34:17.9454809Z,218,,oasis/bottle,0
,,,,,,6,local.mqtt.telegraf,59,41.48,,periodic,,78,-11290,55,52,,,5,08a6f7bb3c68,,0,273,1103,08:A6:F7:BB:3C:68,,11368,23,2,,26,,,1543256,1782138858572,1543262,1782138858578,,1782138858494,28,2026-06-22T14:34:18.9409301Z,217,,oasis/bottle,0
,,,,,,10,local.mqtt.telegraf,56,38.05,,periodic,,73,-5324,39,37,,,5,08a6f769c348,,0,273,1095,08:A6:F7:69:C3:48,,5397,34,2,,36,,,1543476,1782138858792,1543486,1782138858802,,1782138858719,28,2026-06-22T14:34:19.1572036Z,218,,oasis/bottle,0
,,,,,,6,local.mqtt.telegraf,54,21.34,,periodic,,105,-18275,72,62,,,5,08a6f75abdf0,,0,273,1101,08:A6:F7:5A:BD:F0,,18380,33,2,,43,,,1543519,1782138858835,1543525,1782138858841,,1782138858730,29,2026-06-22T14:34:19.2270973Z,216,,oasis/bottle,1
,,,,,,6,local.mqtt.telegraf,56,38.02,,periodic,,73,-6554,39,37,,,5,08a6f769c348,,0,273,1096,08:A6:F7:69:C3:48,,6627,34,2,,36,,,1544706,1782138860022,1544712,1782138860028,,1782138859949,28,2026-06-22T14:34:20.3997804Z,218,,oasis/bottle,0
,,,,,,6,local.mqtt.telegraf,58,41.62,,periodic,,68,-12920,45,42,,,5,08a6f7bb3c68,,0,273,1104,08:A6:F7:BB:3C:68,,12988,23,2,,26,,,1544866,1782138860182,1544872,1782138860188,,1782138860114,28,2026-06-22T14:34:20.5997062Z,217,,oasis/bottle,0
,,,,,,6,local.mqtt.telegraf,54,21.06,,periodic,,72,-19878,39,29,,,5,08a6f75abdf0,,0,273,1102,08:A6:F7:5A:BD:F0,,19950,33,2,,43,,,1545056,1782138860372,1545062,1782138860378,,1782138860300,29,2026-06-22T14:34:20.7706085Z,216,,oasis/bottle,0
,,,,,,6,local.mqtt.telegraf,56,37.97,,periodic,,72,-7825,38,36,,,5,08a6f769c348,,0,273,1097,08:A6:F7:69:C3:48,,7897,34,2,,36,,,1545975,1782138861291,1545981,1782138861297,,1782138861219,28,2026-06-22T14:34:21.6681951Z,218,,oasis/bottle,0
,,,,,,6,local.mqtt.telegraf,58,41.25,,periodic,,78,-14340,55,52,,,5,08a6f7bb3c68,,0,273,1105,08:A6:F7:BB:3C:68,,14418,23,2,,26,,,1546306,1782138861622,1546312,1782138861628,,1782138861544,28,2026-06-22T14:34:21.9961529Z,217,,oasis/bottle,0
,,,,,,8,local.mqtt.telegraf,54,21.09,,periodic,,64,-1027,33,31,,,5,08a6f75abdf0,,0,273,1103,08:A6:F7:5A:BD:F0,,1091,31,2,,33,,,1546389,1782138861705,1546397,1782138861713,,1782138861641,29,2026-06-22T14:34:22.0594781Z,219,,oasis/bottle,0
,,,,,,6,local.mqtt.telegraf,56,37.96,,periodic,,70,-9151,36,34,,,5,08a6f769c348,,0,273,1098,08:A6:F7:69:C3:48,,9221,34,2,,36,,,1547297,1782138862613,1547303,1782138862619,,1782138862543,28,2026-06-22T14:34:22.9854573Z,218,,oasis/bottle,0
,,,,,,9,local.mqtt.telegraf,58,41.05,,periodic,,69,-15418,46,43,,,5,08a6f7bb3c68,,0,273,1106,08:A6:F7:BB:3C:68,,15487,23,2,,26,,,1547366,1782138862682,1547375,1782138862691,,1782138862613,28,2026-06-22T14:34:23.0500212Z,217,,oasis/bottle,0
,,,,,,6,local.mqtt.telegraf,54,21.21,,periodic,,71,-2490,40,38,,,5,08a6f75abdf0,,0,273,1104,08:A6:F7:5A:BD:F0,,2561,31,2,,33,,,1547866,1782138863182,1547872,1782138863188,,1782138863111,29,2026-06-22T14:34:23.5487073Z,219,,oasis/bottle,0
,,,,,,6,local.mqtt.telegraf,56,38.02,,periodic,,73,-10604,39,37,,,5,08a6f769c348,,0,273,1099,08:A6:F7:69:C3:48,,10677,34,2,,36,,,1548756,1782138864072,1548762,1782138864078,,1782138863999,28,2026-06-22T14:34:24.432061Z,218,,oasis/bottle,0
,,,,,,7,local.mqtt.telegraf,58,41.48,,periodic,,70,-16947,47,44,,,5,08a6f7bb3c68,,0,273,1107,08:A6:F7:BB:3C:68,,17017,23,2,,26,,,1548897,1782138864213,1548904,1782138864220,,1782138864143,28,2026-06-22T14:34:24.5925123Z,217,,oasis/bottle,0
,,,,,,6,local.mqtt.telegraf,54,21.36,,periodic,,61,-3650,30,28,,,5,08a6f75abdf0,,0,273,1105,08:A6:F7:5A:BD:F0,,3711,31,2,,33,,,1549006,1782138864322,1549012,1782138864328,,1782138864261,29,2026-06-22T14:34:24.6559026Z,219,,oasis/bottle,0
,,,,,,6,local.mqtt.telegraf,56,38.04,,periodic,,72,-11706,38,36,,,5,08a6f769c348,,0,273,1100,08:A6:F7:69:C3:48,,11778,34,2,,36,,,1549856,1782138865172,1549862,1782138865178,,1782138865100,28,2026-06-22T14:34:25.5572025Z,218,,oasis/bottle,0
,,,,,,6,local.mqtt.telegraf,54,21.18,,periodic,,62,-4729,31,29,,,5,08a6f75abdf0,,0,273,1106,08:A6:F7:5A:BD:F0,,4791,31,2,,33,,,1550086,1782138865403,1550093,1782138865409,,1782138865341,29,2026-06-22T14:34:25.765579Z,219,,oasis/bottle,0
,,,,,,6,local.mqtt.telegraf,58,41.44,,periodic,,69,-18209,46,43,,,5,08a6f7bb3c68,,0,274,1108,08:A6:F7:BB:3C:68,,18278,23,2,,26,,,1550157,1782138865473,1550163,1782138865479,,1782138865404,28,2026-06-22T14:34:25.822248Z,217,,oasis/bottle,0
,,,,,,6,local.mqtt.telegraf,56,37.9,,periodic,,73,-13314,39,37,,,5,08a6f769c348,,0,273,1101,08:A6:F7:69:C3:48,,13387,34,2,,36,,,1551466,1782138866782,1551472,1782138866788,,1782138866709,28,2026-06-22T14:34:27.1204084Z,218,,oasis/bottle,0
,,,,,,6,local.mqtt.telegraf,58,41.48,,periodic,,92,-19496,69,66,,,5,08a6f7bb3c68,,0,273,1109,08:A6:F7:BB:3C:68,,19588,23,2,,26,,,1551490,1782138866806,1551496,1782138866812,,1782138866714,28,2026-06-22T14:34:27.160094Z,217,,oasis/bottle,1
,,,,,,6,local.mqtt.telegraf,54,21.15,,periodic,,68,-6286,37,35,,,5,08a6f75abdf0,,0,273,1107,08:A6:F7:5A:BD:F0,,6354,31,2,,33,,,1551656,1782138866972,1551662,1782138866978,,1782138866904,29,2026-06-22T14:34:27.3338167Z,219,,oasis/bottle,0
,,,,,,6,local.mqtt.telegraf,56,37.9,,periodic,,73,-14724,39,37,,,5,08a6f769c348,,0,273,1102,08:A6:F7:69:C3:48,,14797,34,2,,36,,,1552876,1782138868192,1552882,1782138868198,,1782138868119,28,2026-06-22T14:34:28.535788Z,218,,oasis/bottle,0
,,,,,,6,local.mqtt.telegraf,57,41.52,,periodic,,74,-468,44,42,,,5,08a6f7bb3c68,,0,273,1110,08:A6:F7:BB:3C:68,,542,30,2,,32,,,1552902,1782138868218,1552908,1782138868224,,1782138868144,28,2026-06-22T14:34:28.5754301Z,220,,oasis/bottle,0
,,,,,,6,local.mqtt.telegraf,54,21.27,,periodic,,61,-7620,30,28,,,5,08a6f75abdf0,,0,273,1108,08:A6:F7:5A:BD:F0,,7681,31,2,,33,,,1552976,1782138868292,1552982,1782138868298,,1782138868231,29,2026-06-22T14:34:28.6672171Z,219,,oasis/bottle,0
,,,,,,6,local.mqtt.telegraf,57,41.22,,periodic,,68,-1524,38,36,,,5,08a6f7bb3c68,,0,274,1111,08:A6:F7:BB:3C:68,,1592,30,2,,32,,,1553946,1782138869262,1553952,1782138869268,,1782138869194,28,2026-06-22T14:34:29.6346818Z,220,,oasis/bottle,0
,,,,,,6,local.mqtt.telegraf,54,21.25,,periodic,,71,-9060,40,38,,,5,08a6f75abdf0,,0,273,1109,08:A6:F7:5A:BD:F0,,9131,31,2,,33,,,1554436,1782138869752,1554442,1782138869758,,1782138869681,29,2026-06-22T14:34:30.1160911Z,219,,oasis/bottle,0
,,,,,,6,local.mqtt.telegraf,56,37.92,,periodic,,73,-16354,39,37,,,5,08a6f769c348,,0,273,1103,08:A6:F7:69:C3:48,,16427,34,2,,36,,,1554506,1782138869822,1554512,1782138869828,,1782138869749,28,2026-06-22T14:34:30.1793569Z,218,,oasis/bottle,0
,,,,,,6,local.mqtt.telegraf,57,41.22,,periodic,,68,-3024,38,36,,,5,08a6f7bb3c68,,0,273,1112,08:A6:F7:BB:3C:68,,3092,30,2,,32,,,1555446,1782138870762,1555452,1782138870768,,1782138870694,28,2026-06-22T14:34:31.1394544Z,220,,oasis/bottle,0
,,,,,,6,local.mqtt.telegraf,54,21.21,,periodic,,71,-10160,40,38,,,5,08a6f75abdf0,,0,273,1110,08:A6:F7:5A:BD:F0,,10231,31,2,,33,,,1555536,1782138870852,1555542,1782138870858,,1782138870781,29,2026-06-22T14:34:31.2007847Z,219,,oasis/bottle,0
,,,,,,6,local.mqtt.telegraf,56,38.04,,periodic,,73,-17794,39,37,,,5,08a6f769c348,,0,273,1104,08:A6:F7:69:C3:48,,17867,34,2,,36,,,1555946,1782138871262,1555952,1782138871268,,1782138871189,28,2026-06-22T14:34:31.6383956Z,218,,oasis/bottle,0
,,,,,,6,local.mqtt.telegraf,57,41.25,,periodic,,68,-4214,38,36,,,5,08a6f7bb3c68,,0,273,1113,08:A6:F7:BB:3C:68,,4282,30,2,,32,,,1556636,1782138871952,1556642,1782138871958,,1782138871884,28,2026-06-22T14:34:32.3246989Z,220,,oasis/bottle,0
,,,,,,6,local.mqtt.telegraf,56,37.97,,periodic,,73,-18884,39,37,,,5,08a6f769c348,,0,273,1105,08:A6:F7:69:C3:48,,18957,34,2,,36,,,1557036,1782138872352,1557042,1782138872358,,1782138872279,28,2026-06-22T14:34:32.721004Z,218,,oasis/bottle,0
,,,,,,6,local.mqtt.telegraf,54,21.36,,periodic,,71,-11770,40,38,,,5,08a6f75abdf0,,0,273,1111,08:A6:F7:5A:BD:F0,,11841,31,2,,33,,,1557146,1782138872462,1557152,1782138872468,,1782138872391,29,2026-06-22T14:34:32.7838152Z,219,,oasis/bottle,0
,,,,,,6,local.mqtt.telegraf,57,41.49,,periodic,,68,-5394,38,36,,,5,08a6f7bb3c68,,0,273,1114,08:A6:F7:BB:3C:68,,5462,30,2,,32,,,1557816,1782138873132,1557822,1782138873138,,1782138873064,28,2026-06-22T14:34:33.4851399Z,220,,oasis/bottle,0
,,,,,,6,local.mqtt.telegraf,54,21.27,,periodic,,60,-13191,29,27,,,5,08a6f75abdf0,,0,273,1112,08:A6:F7:5A:BD:F0,,13251,31,2,,33,,,1558545,1782138873861,1558551,1782138873867,,1782138873801,29,2026-06-22T14:34:34.2359702Z,219,,oasis/bottle,0
,,,,,,10,local.mqtt.telegraf,56,38.08,,periodic,,77,-250,47,45,,,5,08a6f769c348,,0,273,1106,08:A6:F7:69:C3:48,,327,30,2,,32,,,1558616,1782138873932,1558626,1782138873942,,1782138873855,28,2026-06-22T14:34:34.2995916Z,221,,oasis/bottle,0
,,,,,,6,local.mqtt.telegraf,57,41.25,,periodic,,78,-6544,48,46,,,5,08a6f7bb3c68,,0,273,1115,08:A6:F7:BB:3C:68,,6622,30,2,,32,,,1558986,1782138874302,1558992,1782138874308,,1782138874224,28,2026-06-22T14:34:34.6705472Z,220,,oasis/bottle,0
,,,,,,6,local.mqtt.telegraf,56,38.1,,periodic,,73,-1608,43,41,,,5,08a6f769c348,,0,273,1107,08:A6:F7:69:C3:48,,1681,30,2,,32,,,1559966,1782138875282,1559972,1782138875288,,1782138875209,28,2026-06-22T14:34:35.6383185Z,221,,oasis/bottle,0
,,,,,,6,local.mqtt.telegraf,57,41.07,,periodic,,68,-7684,38,36,,,5,08a6f7bb3c68,,0,274,1116,08:A6:F7:BB:3C:68,,7752,30,2,,32,,,1560106,1782138875422,1560112,1782138875428,,1782138875354,28,2026-06-22T14:34:35.7936717Z,220,,oasis/bottle,0
,,,,,,6,local.mqtt.telegraf,54,21.26,,periodic,,71,-14790,40,38,,,5,08a6f75abdf0,,0,273,1113,08:A6:F7:5A:BD:F0,,14861,31,2,,33,,,1560166,1782138875482,1560172,1782138875488,,1782138875411,29,2026-06-22T14:34:35.8534769Z,219,,oasis/bottle,0
,,,,,,6,local.mqtt.telegraf,57,41.25,,periodic,,68,-8734,38,36,,,5,08a6f7bb3c68,,0,273,1117,08:A6:F7:BB:3C:68,,8802,30,2,,32,,,1561156,1782138876472,1561162,1782138876478,,1782138876404,28,2026-06-22T14:34:36.8444079Z,220,,oasis/bottle,0
,,,,,,6,local.mqtt.telegraf,56,38.23,,periodic,,73,-3108,43,41,,,5,08a6f769c348,,0,273,1108,08:A6:F7:69:C3:48,,3181,30,2,,32,,,1561466,1782138876782,1561472,1782138876788,,1782138876709,28,2026-06-22T14:34:37.1511015Z,221,,oasis/bottle,0
,,,,,,6,local.mqtt.telegraf,54,21.27,,periodic,,61,-16220,30,28,,,5,08a6f75abdf0,,0,273,1114,08:A6:F7:5A:BD:F0,,16281,31,2,,33,,,1561576,1782138876892,1561582,1782138876898,,1782138876831,29,2026-06-22T14:34:37.2178717Z,219,,oasis/bottle,0
,,,,,,7,local.mqtt.telegraf,57,41.42,,periodic,,78,-10224,48,46,,,5,08a6f7bb3c68,,0,274,1118,08:A6:F7:BB:3C:68,,10302,30,2,,32,,,1562666,1782138877982,1562672,1782138877989,,1782138877904,28,2026-06-22T14:34:38.3253727Z,220,,oasis/bottle,0
,,,,,,5,local.mqtt.telegraf,56,38.02,,periodic,,98,-4283,68,66,,,5,08a6f769c348,,0,273,1109,08:A6:F7:69:C3:48,,4381,30,2,,32,,,1562691,1782138878007,1562696,1782138878012,,1782138877909,28,2026-06-22T14:34:38.3695186Z,221,,oasis/bottle,1
,,,,,,6,local.mqtt.telegraf,54,21.25,,periodic,,71,-17840,40,38,,,5,08a6f75abdf0,,0,273,1115,08:A6:F7:5A:BD:F0,,17911,31,2,,33,,,1563216,1782138878532,1563222,1782138878538,,1782138878461,29,2026-06-22T14:34:38.9080908Z,219,,oasis/bottle,0
,,,,,,6,local.mqtt.telegraf,57,41.52,,periodic,,68,-11434,38,36,,,5,08a6f7bb3c68,,0,274,1119,08:A6:F7:BB:3C:68,,11502,30,2,,32,,,1563856,1782138879172,1563862,1782138879178,,1782138879104,28,2026-06-22T14:34:39.5126148Z,220,,oasis/bottle,0
,,,,,,6,local.mqtt.telegraf,56,38.01,,periodic,,96,-5476,66,64,,,5,08a6f769c348,,0,273,1110,08:A6:F7:69:C3:48,,5572,30,2,,32,,,1563880,1782138879196,1563886,1782138879202,,1782138879100,28,2026-06-22T14:34:39.5471303Z,221,,oasis/bottle,1
,,,,,,6,local.mqtt.telegraf,54,21.27,,periodic,,62,-19319,31,29,,,5,08a6f75abdf0,,0,273,1116,08:A6:F7:5A:BD:F0,,19381,31,2,,33,,,1564676,1782138879993,1564683,1782138879999,,1782138879931,29,2026-06-22T14:34:40.3652782Z,219,,oasis/bottle,0
,,,,,,7,local.mqtt.telegraf,57,41.42,,periodic,,69,-12622,39,37,,,5,08a6f7bb3c68,,0,273,1120,08:A6:F7:BB:3C:68,,12691,30,2,,32,,,1565046,1782138880362,1565052,1782138880369,,1782138880293,28,2026-06-22T14:34:40.6968772Z,220,,oasis/bottle,0
,,,,,,6,local.mqtt.telegraf,56,38.18,,periodic,,87,-6684,57,55,,,5,08a6f769c348,,0,273,1111,08:A6:F7:69:C3:48,,6771,30,2,,32,,,1565070,1782138880386,1565076,1782138880392,,1782138880299,28,2026-06-22T14:34:40.7375569Z,221,,oasis/bottle,1
,,,,,,9,local.mqtt.telegraf,57,41.42,,periodic,,116,-12575,86,84,,,5,08a6f7bb3c68,,0,273,1120,08:A6:F7:BB:3C:68,,12691,30,2,,32,,,1565093,1782138880409,1565102,1782138880418,,1782138880293,28,2026-06-22T14:34:40.770573Z,220,,oasis/bottle,2
,,,,,,6,local.mqtt.telegraf,54,21.22,,periodic,,70,-259,36,34,,,5,08a6f75abdf0,,0,273,1117,08:A6:F7:5A:BD:F0,,329,34,2,,36,,,1565846,1782138881162,1565852,1782138881168,,1782138881092,30,2026-06-22T14:34:41.533274Z,222,,oasis/bottle,0
,,,,,,6,local.mqtt.telegraf,56,38.01,,periodic,,73,-7878,43,41,,,5,08a6f769c348,,0,273,1112,08:A6:F7:69:C3:48,,7951,30,2,,32,,,1566236,1782138881552,1566242,1782138881558,,1782138881479,28,2026-06-22T14:34:41.8972699Z,221,,oasis/bottle,0
,,,,,,7,local.mqtt.telegraf,57,41.48,,periodic,,74,-13828,44,42,,,5,08a6f7bb3c68,,0,273,1121,08:A6:F7:BB:3C:68,,13902,30,2,,32,,,1566262,1782138881578,1566269,1782138881585,,1782138881504,28,2026-06-22T14:34:41.9327449Z,220,,oasis/bottle,0
,,,,,,6,local.mqtt.telegraf,54,21.15,,periodic,,61,-1367,27,25,,,5,08a6f75abdf0,,0,273,1118,08:A6:F7:5A:BD:F0,,1428,34,2,,36,,,1566936,1782138882252,1566942,1782138882258,,1782138882191,29,2026-06-22T14:34:42.6235083Z,222,,oasis/bottle,0
,,,,,,6,local.mqtt.telegraf,56,38.01,,periodic,,73,-9048,43,41,,,5,08a6f769c348,,0,273,1113,08:A6:F7:69:C3:48,,9121,30,2,,32,,,1567406,1782138882722,1567412,1782138882728,,1782138882649,28,2026-06-22T14:34:43.0829612Z,221,,oasis/bottle,0
,,,,,,6,local.mqtt.telegraf,57,41.22,,periodic,,68,-15034,38,36,,,5,08a6f7bb3c68,,0,274,1122,08:A6:F7:BB:3C:68,,15102,30,2,,32,,,1567456,1782138882772,1567462,1782138882778,,1782138882704,28,2026-06-22T14:34:43.1185569Z,220,,oasis/bottle,0
,,,,,,6,local.mqtt.telegraf,54,21.27,,periodic,,71,-2937,37,35,,,5,08a6f75abdf0,,0,273,1119,08:A6:F7:5A:BD:F0,,3008,34,2,,36,,,1568526,1782138883842,1568532,1782138883848,,1782138883771,29,2026-06-22T14:34:44.1921707Z,222,,oasis/bottle,0
,,,,,,6,local.mqtt.telegraf,56,38.04,,periodic,,87,-10164,57,55,,,5,08a6f769c348,,0,273,1114,08:A6:F7:69:C3:48,,10251,30,2,,32,,,1568550,1782138883866,1568555,1782138883872,,1782138883779,28,2026-06-22T14:34:44.2368708Z,221,,oasis/bottle,1
,,,,,,7,local.mqtt.telegraf,57,41.38,,periodic,,68,-16214,38,36,,,5,08a6f7bb3c68,,0,273,1123,08:A6:F7:BB:3C:68,,16282,30,2,,32,,,1568636,1782138883952,1568642,1782138883959,,1782138883884,28,2026-06-22T14:34:44.3226065Z,220,,oasis/bottle,0
,,,,,,6,local.mqtt.telegraf,56,38.05,,periodic,,73,-11228,43,41,,,5,08a6f769c348,,0,273,1115,08:A6:F7:69:C3:48,,11301,30,2,,32,,,1569586,1782138884902,1569592,1782138884908,,1782138884829,28,2026-06-22T14:34:45.2938257Z,221,,oasis/bottle,0
,,,,,,6,local.mqtt.telegraf,57,41.49,,periodic,,78,-17374,48,46,,,5,08a6f7bb3c68,,0,274,1124,08:A6:F7:BB:3C:68,,17452,30,2,,32,,,1569816,1782138885132,1569822,1782138885138,,1782138885054,28,2026-06-22T14:34:45.5093132Z,220,,oasis/bottle,0
,,,,,,6,local.mqtt.telegraf,54,21.3,,periodic,,73,-4304,39,37,,,5,08a6f75abdf0,,0,273,1120,08:A6:F7:5A:BD:F0,,4377,34,2,,36,,,1569896,1782138885213,1569903,1782138885219,,1782138885140,30,2026-06-22T14:34:45.5694247Z,222,,oasis/bottle,0
,,,,,,6,local.mqtt.telegraf,57,41.25,,periodic,,69,-18522,39,37,,,5,08a6f7bb3c68,,0,273,1125,08:A6:F7:BB:3C:68,,18591,30,2,,32,,,1570946,1782138886262,1570952,1782138886268,,1782138886193,28,2026-06-22T14:34:46.6353491Z,220,,oasis/bottle,0
,,,,,,6,local.mqtt.telegraf,56,38.04,,periodic,,72,-12740,42,40,,,5,08a6f769c348,,0,273,1116,08:A6:F7:69:C3:48,,12812,30,2,,32,,,1571096,1782138886412,1571102,1782138886418,,1782138886340,28,2026-06-22T14:34:46.7796603Z,221,,oasis/bottle,0
,,,,,,6,local.mqtt.telegraf,54,21.27,,periodic,,61,-5847,27,25,,,5,08a6f75abdf0,,0,273,1121,08:A6:F7:5A:BD:F0,,5908,34,2,,36,,,1571416,1782138886732,1571422,1782138886738,,1782138886671,29,2026-06-22T14:34:47.0998337Z,222,,oasis/bottle,0
,,,,,,6,local.mqtt.telegraf,57,41.48,,periodic,,68,-19594,38,36,,,5,08a6f7bb3c68,,0,274,1126,08:A6:F7:BB:3C:68,,19662,30,2,,32,,,1572016,1782138887332,1572022,1782138887338,,1782138887264,28,2026-06-22T14:34:47.7016474Z,220,,oasis/bottle,0
,,,,,,6,local.mqtt.telegraf,56,38.04,,periodic,,72,-13950,42,40,,,5,08a6f769c348,,0,273,1117,08:A6:F7:69:C3:48,,14022,30,2,,32,,,1572306,1782138887622,1572312,1782138887628,,1782138887550,28,2026-06-22T14:34:47.9911994Z,221,,oasis/bottle,0
,,,,,,6,local.mqtt.telegraf,54,21.27,,periodic,,70,-7088,36,34,,,5,08a6f75abdf0,,0,273,1122,08:A6:F7:5A:BD:F0,,7158,34,2,,36,,,1572675,1782138887991,1572681,1782138887997,,1782138887921,29,2026-06-22T14:34:48.3625006Z,222,,oasis/bottle,0
,,,,,,6,local.mqtt.telegraf,56,38.16,,periodic,,72,-15170,42,40,,,5,08a6f769c348,,0,273,1118,08:A6:F7:69:C3:48,,15242,30,2,,32,,,1573526,1782138888842,1573532,1782138888848,,1782138888770,28,2026-06-22T14:34:49.1826896Z,221,,oasis/bottle,0
,,,,,,6,local.mqtt.telegraf,57,41.42,,periodic,,65,-936,45,42,,,5,08a6f7bb3c68,,0,274,1127,08:A6:F7:BB:3C:68,,1001,20,2,,23,,,1573555,1782138888871,1573561,1782138888877,,1782138888806,28,2026-06-22T14:34:49.2184553Z,223,,oasis/bottle,0
,,,,,,6,local.mqtt.telegraf,54,21.29,,periodic,,61,-8407,27,25,,,5,08a6f75abdf0,,0,274,1123,08:A6:F7:5A:BD:F0,,8468,34,2,,36,,,1573976,1782138889292,1573982,1782138889298,,1782138889231,30,2026-06-22T14:34:49.6565483Z,222,,oasis/bottle,0
,,,,,,6,local.mqtt.telegraf,56,38.23,,periodic,,72,-16400,42,40,,,5,08a6f769c348,,0,273,1119,08:A6:F7:69:C3:48,,16472,30,2,,32,,,1574756,1782138890072,1574762,1782138890078,,1782138890000,28,2026-06-22T14:34:50.4413985Z,221,,oasis/bottle,0
,,,,,,7,local.mqtt.telegraf,57,41.35,,periodic,,66,-2215,46,43,,,5,08a6f7bb3c68,,0,273,1128,08:A6:F7:BB:3C:68,,2281,20,2,,23,,,1574836,1782138890152,1574843,1782138890159,,1782138890086,28,2026-06-22T14:34:50.5071065Z,223,,oasis/bottle,0
,,,,,,6,local.mqtt.telegraf,54,21.25,,periodic,,82,-9795,48,46,,,5,08a6f75abdf0,,0,273,1124,08:A6:F7:5A:BD:F0,,9877,34,2,,36,,,1575406,1782138890722,1575412,1782138890728,,1782138890640,29,2026-06-22T14:34:51.0872853Z,222,,oasis/bottle,0
,,,,,,6,local.mqtt.telegraf,56,38.02,,periodic,,72,-17670,42,40,,,5,08a6f769c348,,0,273,1120,08:A6:F7:69:C3:48,,17742,30,2,,32,,,1576026,1782138891342,1576032,1782138891348,,1782138891270,28,2026-06-22T14:34:51.7158478Z,221,,oasis/bottle,0
,,,,,,6,local.mqtt.telegraf,57,41.48,,periodic,,76,-3555,56,53,,,5,08a6f7bb3c68,,0,274,1129,08:A6:F7:BB:3C:68,,3631,20,2,,23,,,1576196,1782138891512,1576202,1782138891518,,1782138891436,28,2026-06-22T14:34:51.8785468Z,223,,oasis/bottle,0
,,,,,,6,local.mqtt.telegraf,54,21.34,,periodic,,61,-11457,27,25,,,5,08a6f75abdf0,,0,273,1125,08:A6:F7:5A:BD:F0,,11518,34,2,,36,,,1577026,1782138892342,1577032,1782138892348,,1782138892281,29,2026-06-22T14:34:52.7155394Z,222,,oasis/bottle,0
,,,,,,6,local.mqtt.telegraf,56,38.02,,periodic,,79,-18986,49,47,,,5,08a6f769c348,,0,273,1121,08:A6:F7:69:C3:48,,19065,30,2,,32,,,1577356,1782138892672,1577362,1782138892678,,1782138892593,28,2026-06-22T14:34:53.0375569Z,221,,oasis/bottle,0
,,,,,,6,local.mqtt.telegraf,57,41.23,,periodic,,66,-5085,46,43,,,5,08a6f7bb3c68,,0,274,1130,08:A6:F7:BB:3C:68,,5151,20,2,,23,,,1577706,1782138893022,1577712,1782138893028,,1782138892956,28,2026-06-22T14:34:53.3886858Z,223,,oasis/bottle,0
,,,,,,6,local.mqtt.telegraf,54,21.46,,periodic,,71,-12917,37,35,,,5,08a6f75abdf0,,0,273,1126,08:A6:F7:5A:BD:F0,,12988,34,2,,36,,,1578506,1782138893822,1578512,1782138893828,,1782138893751,29,2026-06-22T14:34:54.1986886Z,222,,oasis/bottle,0
,,,,,,6,local.mqtt.telegraf,56,38.16,,periodic,,73,-20449,43,41,,,5,08a6f769c348,,0,273,1122,08:A6:F7:69:C3:48,,20522,30,2,,32,,,1578806,1782138894123,1578813,1782138894129,,1782138894050,28,2026-06-22T14:34:54.4993772Z,221,,oasis/bottle,0
,,,,,,6,local.mqtt.telegraf,57,41.46,,periodic,,63,-6301,43,40,,,5,08a6f7bb3c68,,0,273,1131,08:A6:F7:BB:3C:68,,6364,20,2,,23,,,1578916,1782138894232,1578922,1782138894238,,1782138894169,28,2026-06-22T14:34:54.5596213Z,223,,oasis/bottle,0
,,,,,,6,local.mqtt.telegraf,54,21.36,,periodic,,63,-14064,29,27,,,5,08a6f75abdf0,,0,273,1127,08:A6:F7:5A:BD:F0,,14127,34,2,,36,,,1579636,1782138894953,1579643,1782138894959,,1782138894890,30,2026-06-22T14:34:55.335987Z,222,,oasis/bottle,0
,,,,,,6,local.mqtt.telegraf,56,38.23,,periodic,,72,-940,23,21,,,5,08a6f769c348,,0,273,1123,08:A6:F7:69:C3:48,,1012,49,2,,51,,,1579926,1782138895242,1579932,1782138895248,,1782138895170,28,2026-06-22T14:34:55.6376645Z,224,,oasis/bottle,0
,,,,,,6,local.mqtt.telegraf,57,41.25,,periodic,,66,-7525,46,43,,,5,08a6f7bb3c68,,0,274,1132,08:A6:F7:BB:3C:68,,7591,20,2,,23,,,1580146,1782138895462,1580152,1782138895468,,1782138895396,28,2026-06-22T14:34:55.8545365Z,223,,oasis/bottle,0
,,,,,,6,local.mqtt.telegraf,54,21.26,,periodic,,71,-15117,37,35,,,5,08a6f75abdf0,,0,273,1128,08:A6:F7:5A:BD:F0,,15188,34,2,,36,,,1580706,1782138896022,1580712,1782138896028,,1782138895951,29,2026-06-22T14:34:56.3837148Z,222,,oasis/bottle,0
,,,,,,6,local.mqtt.telegraf,57,41.45,,periodic,,76,-8765,56,53,,,5,08a6f7bb3c68,,0,274,1133,08:A6:F7:BB:3C:68,,8841,20,2,,23,,,1581406,1782138896722,1581412,1782138896728,,1782138896646,28,2026-06-22T14:34:57.087782Z,223,,oasis/bottle,0
,,,,,,6,local.mqtt.telegraf,56,38.08,,periodic,,73,-2558,24,22,,,5,08a6f769c348,,0,273,1124,08:A6:F7:69:C3:48,,2631,49,2,,51,,,1581546,1782138896862,1581552,1782138896868,,1782138896789,28,2026-06-22T14:34:57.2316102Z,224,,oasis/bottle,0
,,,,,,6,local.mqtt.telegraf,54,21.36,,periodic,,61,-16657,27,25,,,5,08a6f75abdf0,,0,273,1129,08:A6:F7:5A:BD:F0,,16718,34,2,,36,,,1582226,1782138897542,1582232,1782138897548,,1782138897481,29,2026-06-22T14:34:57.9127433Z,222,,oasis/bottle,0
,,,,,,6,local.mqtt.telegraf,57,41.48,,periodic,,67,-10083,47,44,,,5,08a6f7bb3c68,,0,273,1134,08:A6:F7:BB:3C:68,,10150,20,2,,23,,,1582706,1782138898022,1582712,1782138898028,,1782138897955,28,2026-06-22T14:34:58.3794527Z,223,,oasis/bottle,0
,,,,,,6,local.mqtt.telegraf,56,38.06,,periodic,,73,-4008,24,22,,,5,08a6f769c348,,0,273,1125,08:A6:F7:69:C3:48,,4081,49,2,,51,,,1582996,1782138898312,1583002,1782138898318,,1782138898239,28,2026-06-22T14:34:58.6796975Z,224,,oasis/bottle,0
,,,,,,7,local.mqtt.telegraf,54,21.27,,periodic,,61,-17907,27,25,,,5,08a6f75abdf0,,0,274,1130,08:A6:F7:5A:BD:F0,,17968,34,2,,36,,,1583476,1782138898792,1583483,1782138898799,,1782138898731,29,2026-06-22T14:34:59.1583809Z,222,,oasis/bottle,0
,,,,,,6,local.mqtt.telegraf,56,38.04,,periodic,,73,-5098,24,22,,,5,08a6f769c348,,0,273,1126,08:A6:F7:69:C3:48,,5171,49,2,,51,,,1584086,1782138899402,1584092,1782138899408,,1782138899329,28,2026-06-22T14:34:59.7514577Z,224,,oasis/bottle,0
,,,,,,6,local.mqtt.telegraf,57,41.45,,periodic,,76,-11485,56,53,,,5,08a6f7bb3c68,,0,273,1135,08:A6:F7:BB:3C:68,,11561,20,2,,23,,,1584126,1782138899442,1584132,1782138899448,,1782138899366,28,2026-06-22T14:34:59.787298Z,223,,oasis/bottle,0
,,,,,,6,local.mqtt.telegraf,54,21.29,,periodic,,81,-19217,47,45,,,5,08a6f75abdf0,,0,274,1131,08:A6:F7:5A:BD:F0,,19298,34,2,,36,,,1584826,1782138900142,1584832,1782138900148,,1782138900061,30,2026-06-22T14:35:00.5126094Z,222,,oasis/bottle,0
,,,,,,6,local.mqtt.telegraf,56,38.13,,periodic,,73,-6688,24,22,,,5,08a6f769c348,,0,273,1127,08:A6:F7:69:C3:48,,6761,49,2,,51,,,1585676,1782138900992,1585682,1782138900998,,1782138900919,28,2026-06-22T14:35:01.3710512Z,224,,oasis/bottle,0
,,,,,,14,local.mqtt.telegraf,57,41.45,,periodic,,67,-13113,47,44,,,5,08a6f7bb3c68,,0,273,1136,08:A6:F7:BB:3C:68,,13180,20,2,,23,,,1585736,1782138901052,1585750,1782138901066,,1782138900985,28,2026-06-22T14:35:01.4378129Z,223,,oasis/bottle,0
,,,,,,5,local.mqtt.telegraf,54,21.27,,periodic,,66,-261,36,34,,,5,08a6f75abdf0,,0,274,1132,08:A6:F7:5A:BD:F0,,327,30,2,,32,,,1586266,1782138901582,1586271,1782138901587,,1782138901516,29,2026-06-22T14:35:01.9569398Z,225,,oasis/bottle,0
,,,,,,6,local.mqtt.telegraf,56,38.06,,periodic,,73,-8048,24,22,,,5,08a6f769c348,,0,273,1128,08:A6:F7:69:C3:48,,8121,49,2,,51,,,1587036,1782138902352,1587042,1782138902358,,1782138902279,28,2026-06-22T14:35:02.7208861Z,224,,oasis/bottle,0
,,,,,,10,local.mqtt.telegraf,57,41.41,,periodic,,66,-14555,46,43,,,5,08a6f7bb3c68,,0,273,1137,08:A6:F7:BB:3C:68,,14621,20,2,,23,,,1587176,1782138902492,1587186,1782138902502,,1782138902426,28,2026-06-22T14:35:02.8495424Z,223,,oasis/bottle,0
,,,,,,7,local.mqtt.telegraf,54,21.3,,periodic,,71,-1341,41,39,,,5,08a6f75abdf0,,0,274,1133,08:A6:F7:5A:BD:F0,,1412,30,2,,32,,,1587356,1782138902672,1587363,1782138902679,,1782138902601,29,2026-06-22T14:35:03.0519091Z,225,,oasis/bottle,0
,,,,,,7,local.mqtt.telegraf,56,41.39,,periodic,,67,-15623,47,44,,,5,08a6f7bb3c68,,0,273,1138,08:A6:F7:BB:3C:68,,15690,20,2,,23,,,1588246,1782138903562,1588253,1782138903569,,1782138903495,28,2026-06-22T14:35:03.9329219Z,223,,oasis/bottle,0
,,,,,,6,local.mqtt.telegraf,56,38.04,,periodic,,73,-9568,24,22,,,5,08a6f769c348,,0,273,1129,08:A6:F7:69:C3:48,,9641,49,2,,51,,,1588556,1782138903872,1588562,1782138903878,,1782138903799,28,2026-06-22T14:35:04.2431159Z,224,,oasis/bottle,0
,,,,,,6,local.mqtt.telegraf,54,21.29,,periodic,,61,-2921,31,29,,,5,08a6f75abdf0,,0,273,1134,08:A6:F7:5A:BD:F0,,2982,30,2,,32,,,1588916,1782138904232,1588922,1782138904238,,1782138904171,29,2026-06-22T14:35:04.6064595Z,225,,oasis/bottle,0
,,,,,,8,local.mqtt.telegraf,57,41.39,,periodic,,66,-17165,46,43,,,5,08a6f7bb3c68,,0,273,1139,08:A6:F7:BB:3C:68,,17231,20,2,,23,,,1589786,1782138905102,1589794,1782138905110,,1782138905036,28,2026-06-22T14:35:05.4382225Z,223,,oasis/bottle,0
,,,,,,7,local.mqtt.telegraf,56,38.08,,periodic,,81,-10810,32,30,,,5,08a6f769c348,,0,273,1130,08:A6:F7:69:C3:48,,10891,49,2,,51,,,1589814,1782138905130,1589821,1782138905137,,1782138905049,28,2026-06-22T14:35:05.4752737Z,224,,oasis/bottle,0
,,,,,,6,local.mqtt.telegraf,54,21.36,,periodic,,71,-4231,41,39,,,5,08a6f75abdf0,,0,273,1135,08:A6:F7:5A:BD:F0,,4302,30,2,,32,,,1590246,1782138905562,1590252,1782138905568,,1782138905491,29,2026-06-22T14:35:05.9409874Z,225,,oasis/bottle,0
,,,,,,6,local.mqtt.telegraf,56,41.25,,periodic,,67,-18453,47,44,,,5,08a6f7bb3c68,,0,273,1140,08:A6:F7:BB:3C:68,,18520,20,2,,23,,,1591076,1782138906392,1591082,1782138906398,,1782138906325,28,2026-06-22T14:35:06.7247175Z,223,,oasis/bottle,0
,,,,,,6,local.mqtt.telegraf,56,38.08,,periodic,,78,-12104,29,27,,,5,08a6f769c348,,0,273,1131,08:A6:F7:69:C3:48,,12182,49,2,,51,,,1591102,1782138906418,1591108,1782138906424,,1782138906340,28,2026-06-22T14:35:06.7628971Z,224,,oasis/bottle,0
,,,,,,6,local.mqtt.telegraf,54,21.32,,periodic,,61,-5701,31,29,,,5,08a6f75abdf0,,0,273,1136,08:A6:F7:5A:BD:F0,,5762,30,2,,32,,,1591696,1782138907012,1591702,1782138907018,,1782138906951,29,2026-06-22T14:35:07.3848633Z,225,,oasis/bottle,0
,,,,,,6,local.mqtt.telegraf,56,41.41,,periodic,,66,-19825,46,43,,,5,08a6f7bb3c68,,0,273,1141,08:A6:F7:BB:3C:68,,19891,20,2,,23,,,1592446,1782138907762,1592452,1782138907768,,1782138907696,28,2026-06-22T14:35:08.1135303Z,223,,oasis/bottle,0
,,,,,,7,local.mqtt.telegraf,56,38.04,,periodic,,78,-13474,29,27,,,5,08a6f769c348,,0,273,1132,08:A6:F7:69:C3:48,,13552,49,2,,51,,,1592472,1782138907788,1592479,1782138907795,,1782138907710,28,2026-06-22T14:35:08.1528422Z,224,,oasis/bottle,0
,,,,,,5,local.mqtt.telegraf,54,21.26,,periodic,,71,-6791,41,39,,,5,08a6f75abdf0,,0,273,1137,08:A6:F7:5A:BD:F0,,6862,30,2,,32,,,1592806,1782138908122,1592811,1782138908127,,1782138908051,29,2026-06-22T14:35:08.4960352Z,225,,oasis/bottle,0
,,,,,,6,local.mqtt.telegraf,56,41.25,,periodic,,69,-1139,49,46,,,5,08a6f7bb3c68,,0,274,1142,08:A6:F7:BB:3C:68,,1208,20,2,,23,,,1593976,1782138909292,1593982,1782138909298,,1782138909223,28,2026-06-22T14:35:09.6488108Z,226,,oasis/bottle,0
,,,,,,6,local.mqtt.telegraf,56,38.23,,periodic,,72,-15030,23,21,,,5,08a6f769c348,,0,273,1133,08:A6:F7:69:C3:48,,15102,49,2,,51,,,1594016,1782138909332,1594022,1782138909338,,1782138909260,28,2026-06-22T14:35:09.6897007Z,224,,oasis/bottle,0
,,,,,,6,local.mqtt.telegraf,54,21.29,,periodic,,71,-8431,41,39,,,5,08a6f75abdf0,,0,273,1138,08:A6:F7:5A:BD:F0,,8502,30,2,,32,,,1594446,1782138909762,1594452,1782138909768,,1782138909691,30,2026-06-22T14:35:10.1413535Z,225,,oasis/bottle,0
,,,,,,6,local.mqtt.telegraf,56,41.25,,periodic,,67,-2393,47,44,,,5,08a6f7bb3c68,,0,273,1143,08:A6:F7:BB:3C:68,,2460,20,2,,23,,,1595226,1782138910542,1595232,1782138910548,,1782138910475,28,2026-06-22T14:35:10.9054442Z,226,,oasis/bottle,0
,,,,,,6,local.mqtt.telegraf,56,38.1,,periodic,,72,-16320,23,21,,,5,08a6f769c348,,0,273,1134,08:A6:F7:69:C3:48,,16392,49,2,,51,,,1595306,1782138910622,1595312,1782138910628,,1782138910550,28,2026-06-22T14:35:10.9699896Z,224,,oasis/bottle,0
,,,,,,6,local.mqtt.telegraf,54,21.23,,periodic,,71,-9881,41,39,,,5,08a6f75abdf0,,0,273,1139,08:A6:F7:5A:BD:F0,,9952,30,2,,32,,,1595896,1782138911212,1595902,1782138911218,,1782138911141,29,2026-06-22T14:35:11.5935124Z,225,,oasis/bottle,0
,,,,,,14,local.mqtt.telegraf,56,41.35,,periodic,,67,-3693,47,44,,,5,08a6f7bb3c68,,0,273,1144,08:A6:F7:BB:3C:68,,3760,20,2,,23,,,1596526,1782138911842,1596540,1782138911856,,1782138911775,28,2026-06-22T14:35:12.2438796Z,226,,oasis/bottle,0
,,,,,,6,local.mqtt.telegraf,56,38.13,,periodic,,74,-17707,25,23,,,5,08a6f769c348,,0,273,1135,08:A6:F7:69:C3:48,,17781,49,2,,51,,,1596697,1782138912013,1596703,1782138912019,,1782138911939,28,2026-06-22T14:35:12.3820827Z,224,,oasis/bottle,0
,,,,,,6,local.mqtt.telegraf,54,21.27,,periodic,,72,-10969,42,40,,,5,08a6f75abdf0,,0,273,1140,08:A6:F7:5A:BD:F0,,11041,30,2,,32,,,1596986,1782138912302,1596992,1782138912308,,1782138912230,29,2026-06-22T14:35:12.6644267Z,225,,oasis/bottle,0
,,,,,,6,local.mqtt.telegraf,56,41.41,,periodic,,77,-5093,57,54,,,5,08a6f7bb3c68,,0,273,1145,08:A6:F7:BB:3C:68,,5170,20,2,,23,,,1597946,1782138913262,1597952,1782138913268,,1782138913185,28,2026-06-22T14:35:13.6236461Z,226,,oasis/bottle,0
,,,,,,6,local.mqtt.telegraf,56,38.06,,periodic,,72,-19270,23,21,,,5,08a6f769c348,,0,273,1136,08:A6:F7:69:C3:48,,19342,49,2,,51,,,1598256,1782138913572,1598262,1782138913578,,1782138913500,28,2026-06-22T14:35:13.931179Z,224,,oasis/bottle,0
,,,,,,6,local.mqtt.telegraf,54,21.33,,periodic,,61,-12561,31,29,,,5,08a6f75abdf0,,0,273,1141,08:A6:F7:5A:BD:F0,,12622,30,2,,32,,,1598556,1782138913872,1598562,1782138913878,,1782138913811,29,2026-06-22T14:35:14.2340967Z,225,,oasis/bottle,0
,,,,,,6,local.mqtt.telegraf,56,41.48,,periodic,,66,-6724,46,43,,,5,08a6f7bb3c68,,0,273,1146,08:A6:F7:BB:3C:68,,6790,20,2,,23,,,1599555,1782138914871,1599561,1782138914877,,1782138914805,28,2026-06-22T14:35:15.2098502Z,226,,oasis/bottle,0
,,,,,,5,local.mqtt.telegraf,56,38.04,,periodic,,67,-405,37,35,,,5,08a6f769c348,,0,273,1137,08:A6:F7:69:C3:48,,472,30,2,,32,,,1599582,1782138914898,1599587,1782138914903,,1782138914831,28,2026-06-22T14:35:15.2429062Z,227,,oasis/bottle,0
,,,,,,6,local.mqtt.telegraf,54,21.19,,periodic,,72,-13899,42,40,,,5,08a6f75abdf0,,0,273,1142,08:A6:F7:5A:BD:F0,,13971,30,2,,32,,,1599916,1782138915232,1599922,1782138915238,,1782138915160,29,2026-06-22T14:35:15.6026576Z,225,,oasis/bottle,0
,,,,,,6,local.mqtt.telegraf,56,41.39,,periodic,,73,-8151,53,50,,,5,08a6f7bb3c68,,0,273,1147,08:A6:F7:BB:3C:68,,8224,20,2,,23,,,1600996,1782138916312,1601002,1782138916318,,1782138916239,28,2026-06-22T14:35:16.6595237Z,226,,oasis/bottle,0
,,,,,,6,local.mqtt.telegraf,56,38.04,,periodic,,71,-1851,41,39,,,5,08a6f769c348,,0,273,1138,08:A6:F7:69:C3:48,,1922,30,2,,32,,,1601036,1782138916352,1601042,1782138916358,,1782138916281,28,2026-06-22T14:35:16.7064527Z,227,,oasis/bottle,0
,,,,,,6,local.mqtt.telegraf,54,21.27,,periodic,,62,-15419,32,30,,,5,08a6f75abdf0,,0,273,1143,08:A6:F7:5A:BD:F0,,15481,30,2,,32,,,1601416,1782138916732,1601422,1782138916738,,1782138916670,29,2026-06-22T14:35:17.106709Z,225,,oasis/bottle,0
,,,,,,6,local.mqtt.telegraf,56,41.25,,periodic,,67,-9233,47,44,,,5,08a6f7bb3c68,,0,273,1148,08:A6:F7:BB:3C:68,,9300,20,2,,23,,,1602066,1782138917382,1602072,1782138917388,,1782138917315,28,2026-06-22T14:35:17.7555Z,226,,oasis/bottle,0
,,,,,,6,local.mqtt.telegraf,56,38.08,,periodic,,69,-2955,39,37,,,5,08a6f769c348,,0,273,1139,08:A6:F7:69:C3:48,,3024,30,2,,32,,,1602136,1782138917452,1602142,1782138917458,,1782138917383,28,2026-06-22T14:35:17.8203203Z,227,,oasis/bottle,0
,,,,,,6,local.mqtt.telegraf,54,21.27,,periodic,,71,-16611,41,39,,,5,08a6f75abdf0,,0,274,1144,08:A6:F7:5A:BD:F0,,16682,30,2,,32,,,1602626,1782138917942,1602632,1782138917948,,1782138917871,29,2026-06-22T14:35:18.308309Z,225,,oasis/bottle,0
,,,,,,6,local.mqtt.telegraf,56,41.09,,periodic,,66,-10765,46,43,,,5,08a6f7bb3c68,,0,273,1149,08:A6:F7:BB:3C:68,,10831,20,2,,23,,,1603596,1782138918912,1603602,1782138918918,,1782138918846,28,2026-06-22T14:35:19.2843806Z,226,,oasis/bottle,0
,,,,,,8,local.mqtt.telegraf,56,38.04,,periodic,,72,-4549,42,40,,,5,08a6f769c348,,0,273,1140,08:A6:F7:69:C3:48,,4621,30,2,,32,,,1603736,1782138919052,1603744,1782138919060,,1782138918980,28,2026-06-22T14:35:19.421061Z,227,,oasis/bottle,0
,,,,,,6,local.mqtt.telegraf,54,21.33,,periodic,,71,-17821,41,39,,,5,08a6f75abdf0,,0,273,1145,08:A6:F7:5A:BD:F0,,17892,30,2,,32,,,1603836,1782138919152,1603842,1782138919158,,1782138919081,29,2026-06-22T14:35:19.4853009Z,225,,oasis/bottle,0
,,,,,,6,local.mqtt.telegraf,56,41.25,,periodic,,76,-12015,56,53,,,5,08a6f7bb3c68,,0,273,1150,08:A6:F7:BB:3C:68,,12091,20,2,,23,,,1604866,1782138920182,1604872,1782138920188,,1782138920106,28,2026-06-22T14:35:20.551132Z,226,,oasis/bottle,0
,,,,,,6,local.mqtt.telegraf,54,21.36,,periodic,,62,-19049,32,30,,,5,08a6f75abdf0,,0,273,1146,08:A6:F7:5A:BD:F0,,19111,30,2,,32,,,1605046,1782138920362,1605052,1782138920368,,1782138920300,29,2026-06-22T14:35:20.7439773Z,225,,oasis/bottle,0
,,,,,,6,local.mqtt.telegraf,56,38.12,,periodic,,73,-5948,43,41,,,5,08a6f769c348,,0,273,1141,08:A6:F7:69:C3:48,,6021,30,2,,32,,,1605137,1782138920453,1605143,1782138920459,,1782138920380,28,2026-06-22T14:35:20.7967404Z,227,,oasis/bottle,0
,,,,,,6,local.mqtt.telegraf,56,41.19,,periodic,,67,-13353,47,44,,,5,08a6f7bb3c68,,0,273,1151,08:A6:F7:BB:3C:68,,13420,20,2,,23,,,1606186,1782138921502,1606192,1782138921508,,1782138921435,28,2026-06-22T14:35:21.8641686Z,226,,oasis/bottle,0
,,,,,,6,local.mqtt.telegraf,54,21.4,,periodic,,71,-20271,41,39,,,5,08a6f75abdf0,,0,274,1147,08:A6:F7:5A:BD:F0,,20342,30,2,,32,,,1606286,1782138921602,1606292,1782138921608,,1782138921531,29,2026-06-22T14:35:21.9270012Z,225,,oasis/bottle,0
,,,,,,5,local.mqtt.telegraf,56,38.27,,periodic,,72,-7549,42,40,,,5,08a6f769c348,,0,273,1142,08:A6:F7:69:C3:48,,7621,30,2,,32,,,1606735,1782138922052,1606741,1782138922057,,1782138921980,28,2026-06-22T14:35:22.4256028Z,227,,oasis/bottle,0
,,,,,,6,local.mqtt.telegraf,54,21.19,,periodic,,71,-1091,25,22,,,5,08a6f75abdf0,,0,274,1148,08:A6:F7:5A:BD:F0,,1162,46,2,,49,,,1607556,1782138922872,1607562,1782138922878,,1782138922801,29,2026-06-22T14:35:23.2451332Z,228,,oasis/bottle,0
,,,,,,6,local.mqtt.telegraf,56,41.25,,periodic,,71,-14799,51,48,,,5,08a6f7bb3c68,,0,273,1152,08:A6:F7:BB:3C:68,,14870,20,2,,23,,,1607640,1782138922956,1607646,1782138922962,,1782138922885,28,2026-06-22T14:35:23.3148137Z,226,,oasis/bottle,0
,,,,,,6,local.mqtt.telegraf,56,38,,periodic,,72,-8949,42,40,,,5,08a6f769c348,,0,273,1143,08:A6:F7:69:C3:48,,9021,30,2,,32,,,1608136,1782138923452,1608142,1782138923458,,1782138923380,28,2026-06-22T14:35:23.8265664Z,227,,oasis/bottle,0
,,,,,,6,local.mqtt.telegraf,56,41,,periodic,,66,-15905,46,43,,,5,08a6f7bb3c68,,0,273,1153,08:A6:F7:BB:3C:68,,15971,20,2,,23,,,1608736,1782138924052,1608742,1782138924058,,1782138923986,28,2026-06-22T14:35:24.4278686Z,226,,oasis/bottle,0
,,,,,,6,local.mqtt.telegraf,54,21.27,,periodic,,71,-2431,25,22,,,5,08a6f75abdf0,,0,274,1149,08:A6:F7:5A:BD:F0,,2502,46,2,,49,,,1608896,1782138924212,1608902,1782138924218,,1782138924141,29,2026-06-22T14:35:24.5819068Z,228,,oasis/bottle,0
,,,,,,6,local.mqtt.telegraf,56,38.06,,periodic,,72,-10539,42,40,,,5,08a6f769c348,,0,273,1144,08:A6:F7:69:C3:48,,10611,30,2,,32,,,1609726,1782138925042,1609732,1782138925048,,1782138924970,28,2026-06-22T14:35:25.4074825Z,227,,oasis/bottle,0
,,,,,,6,local.mqtt.telegraf,56,41.05,,periodic,,66,-17505,46,43,,,5,08a6f7bb3c68,,0,273,1154,08:A6:F7:BB:3C:68,,17571,20,2,,23,,,1610336,1782138925652,1610342,1782138925658,,1782138925586,28,2026-06-22T14:35:25.9905381Z,226,,oasis/bottle,0
,,,,,,6,local.mqtt.telegraf,54,21.27,,periodic,,67,-3905,21,18,,,5,08a6f75abdf0,,0,274,1150,08:A6:F7:5A:BD:F0,,3972,46,2,,49,,,1610362,1782138925678,1610368,1782138925684,,1782138925611,29,2026-06-22T14:35:26.0277585Z,228,,oasis/bottle,0
,,,,,,7,local.mqtt.telegraf,56,38.06,,periodic,,72,-11929,42,40,,,5,08a6f769c348,,0,273,1145,08:A6:F7:69:C3:48,,12001,30,2,,32,,,1611116,1782138926432,1611123,1782138926439,,1782138926360,28,2026-06-22T14:35:26.8076577Z,227,,oasis/bottle,0
,,,,,,6,local.mqtt.telegraf,54,21.18,,periodic,,71,-5031,25,22,,,5,08a6f75abdf0,,0,274,1151,08:A6:F7:5A:BD:F0,,5102,46,2,,49,,,1611496,1782138926812,1611502,1782138926818,,1782138926741,29,2026-06-22T14:35:27.1759722Z,228,,oasis/bottle,0
,,,,,,6,local.mqtt.telegraf,56,41.25,,periodic,,77,-18883,57,54,,,5,08a6f7bb3c68,,0,273,1155,08:A6:F7:BB:3C:68,,18960,20,2,,23,,,1611736,1782138927052,1611742,1782138927058,,1782138926975,28,2026-06-22T14:35:27.4434265Z,226,,oasis/bottle,0
,,,,,,6,local.mqtt.telegraf,54,21.27,,periodic,,61,-6111,15,12,,,5,08a6f75abdf0,,0,274,1152,08:A6:F7:5A:BD:F0,,6172,46,2,,49,,,1612556,1782138927872,1612562,1782138927878,,1782138927811,29,2026-06-22T14:35:28.2483419Z,228,,oasis/bottle,0
,,,,,,6,local.mqtt.telegraf,56,37.96,,periodic,,72,-13489,42,40,,,5,08a6f769c348,,0,273,1146,08:A6:F7:69:C3:48,,13561,30,2,,32,,,1612676,1782138927992,1612682,1782138927998,,1782138927920,28,2026-06-22T14:35:28.308297Z,227,,oasis/bottle,0
,,,,,,6,local.mqtt.telegraf,56,41.23,,periodic,,69,-258,38,36,,,5,08a6f7bb3c68,,0,274,1156,08:A6:F7:BB:3C:68,,327,31,2,,33,,,1613315,1782138928631,1613321,1782138928637,,1782138928562,28,2026-06-22T14:35:29.017223Z,229,,oasis/bottle,0
,,,,,,6,local.mqtt.telegraf,56,38.08,,periodic,,68,-14817,38,36,,,5,08a6f769c348,,0,273,1147,08:A6:F7:69:C3:48,,14885,30,2,,32,,,1613996,1782138929312,1614002,1782138929318,,1782138929244,28,2026-06-22T14:35:29.6812078Z,227,,oasis/bottle,0
,,,,,,6,local.mqtt.telegraf,54,21.27,,periodic,,71,-7631,25,22,,,5,08a6f75abdf0,,0,274,1153,08:A6:F7:5A:BD:F0,,7702,46,2,,49,,,1614096,1782138929412,1614102,1782138929418,,1782138929341,29,2026-06-22T14:35:29.7395327Z,228,,oasis/bottle,0
,,,,,,7,local.mqtt.telegraf,56,41.19,,periodic,,77,-1613,46,44,,,5,08a6f7bb3c68,,0,273,1157,08:A6:F7:BB:3C:68,,1690,31,2,,33,,,1614686,1782138930002,1614693,1782138930009,,1782138929925,28,2026-06-22T14:35:30.3706025Z,229,,oasis/bottle,0
,,,,,,7,local.mqtt.telegraf,54,21.27,,periodic,,61,-8901,15,12,,,5,08a6f75abdf0,,0,274,1154,08:A6:F7:5A:BD:F0,,8962,46,2,,49,,,1615346,1782138930662,1615353,1782138930669,,1782138930601,29,2026-06-22T14:35:31.0354375Z,228,,oasis/bottle,0
,,,,,,6,local.mqtt.telegraf,56,38.04,,periodic,,73,-16248,43,41,,,5,08a6f769c348,,0,273,1148,08:A6:F7:69:C3:48,,16321,30,2,,32,,,1615437,1782138930753,1615443,1782138930759,,1782138930680,28,2026-06-22T14:35:31.0973252Z,227,,oasis/bottle,0
,,,,,,6,local.mqtt.telegraf,56,41.13,,periodic,,66,-3155,35,33,,,5,08a6f7bb3c68,,0,273,1158,08:A6:F7:BB:3C:68,,3221,31,2,,33,,,1616206,1782138931522,1616212,1782138931528,,1782138931456,28,2026-06-22T14:35:31.895471Z,229,,oasis/bottle,0
,,,,,,6,local.mqtt.telegraf,56,38.08,,periodic,,72,-17339,42,40,,,5,08a6f769c348,,0,273,1149,08:A6:F7:69:C3:48,,17411,30,2,,32,,,1616526,1782138931842,1616532,1782138931848,,1782138931770,28,2026-06-22T14:35:32.204426Z,227,,oasis/bottle,0
,,,,,,6,local.mqtt.telegraf,54,21.27,,periodic,,71,-10201,25,22,,,5,08a6f75abdf0,,0,274,1155,08:A6:F7:5A:BD:F0,,10272,46,2,,49,,,1616666,1782138931982,1616672,1782138931988,,1782138931911,29,2026-06-22T14:35:32.3429788Z,228,,oasis/bottle,0
,,,,,,6,local.mqtt.telegraf,56,41.23,,periodic,,76,-4395,45,43,,,5,08a6f7bb3c68,,0,274,1159,08:A6:F7:BB:3C:68,,4471,31,2,,33,,,1617466,1782138932782,1617472,1782138932788,,1782138932706,28,2026-06-22T14:35:33.155133Z,229,,oasis/bottle,0
,,,,,,6,local.mqtt.telegraf,54,21.3,,periodic,,71,-11641,25,22,,,5,08a6f75abdf0,,0,274,1156,08:A6:F7:5A:BD:F0,,11712,46,2,,49,,,1618106,1782138933422,1618112,1782138933428,,1782138933351,29,2026-06-22T14:35:33.7604274Z,228,,oasis/bottle,0
,,,,,,6,local.mqtt.telegraf,56,38.05,,periodic,,79,-18932,49,47,,,5,08a6f769c348,,0,273,1150,08:A6:F7:69:C3:48,,19011,30,2,,32,,,1618132,1782138933449,1618139,1782138933455,,1782138933370,28,2026-06-22T14:35:33.7960333Z,227,,oasis/bottle,0
,,,,,,6,local.mqtt.telegraf,56,41.14,,periodic,,66,-5715,35,33,,,5,08a6f7bb3c68,,0,273,1160,08:A6:F7:BB:3C:68,,5781,31,2,,33,,,1618766,1782138934082,1618772,1782138934088,,1782138934016,28,2026-06-22T14:35:34.439854Z,229,,oasis/bottle,0
,,,,,,6,local.mqtt.telegraf,54,21.25,,periodic,,61,-12711,15,12,,,5,08a6f75abdf0,,0,274,1157,08:A6:F7:5A:BD:F0,,12772,46,2,,49,,,1619156,1782138934472,1619162,1782138934478,,1782138934411,29,2026-06-22T14:35:34.8326041Z,228,,oasis/bottle,0
,,,,,,7,local.mqtt.telegraf,56,38.08,,periodic,,72,-20319,42,40,,,5,08a6f769c348,,0,273,1151,08:A6:F7:69:C3:48,,20391,30,2,,32,,,1619506,1782138934822,1619513,1782138934829,,1782138934750,28,2026-06-22T14:35:35.1959147Z,227,,oasis/bottle,0
,,,,,,5,local.mqtt.telegraf,56,41.25,,periodic,,76,-7125,45,43,,,5,08a6f7bb3c68,,0,274,1161,08:A6:F7:BB:3C:68,,7201,31,2,,33,,,1620196,1782138935512,1620201,1782138935517,,1782138935436,28,2026-06-22T14:35:35.8830356Z,229,,oasis/bottle,0
,,,,,,6,local.mqtt.telegraf,54,21.27,,periodic,,71,-14211,25,22,,,5,08a6f75abdf0,,0,274,1158,08:A6:F7:5A:BD:F0,,14282,46,2,,49,,,1620676,1782138935992,1620682,1782138935998,,1782138935921,29,2026-06-22T14:35:36.3588854Z,228,,oasis/bottle,0
,,,,,,6,local.mqtt.telegraf,56,38.04,,periodic,,71,-1361,19,16,,,5,08a6f769c348,,0,273,1152,08:A6:F7:69:C3:48,,1432,52,2,,55,,,1621046,1782138936362,1621052,1782138936368,,1782138936291,28,2026-06-22T14:35:36.7386445Z,230,,oasis/bottle,0
,,,,,,6,local.mqtt.telegraf,56,41.48,,periodic,,67,-8763,36,34,,,5,08a6f7bb3c68,,0,273,1162,08:A6:F7:BB:3C:68,,8830,31,2,,33,,,1621816,1782138937132,1621822,1782138937138,,1782138937065,28,2026-06-22T14:35:37.5156606Z,229,,oasis/bottle,0
,,,,,,9,local.mqtt.telegraf,54,21.33,,periodic,,61,-15451,15,12,,,5,08a6f75abdf0,,0,274,1159,08:A6:F7:5A:BD:F0,,15512,46,2,,49,,,1621896,1782138937212,1621905,1782138937221,,1782138937151,29,2026-06-22T14:35:37.5686988Z,228,,oasis/bottle,0
,,,,,,6,local.mqtt.telegraf,56,38.02,,periodic,,80,-2661,28,25,,,5,08a6f769c348,,0,273,1153,08:A6:F7:69:C3:48,,2741,52,2,,55,,,1622364,1782138937680,1622370,1782138937686,,1782138937600,28,2026-06-22T14:35:38.0481288Z,230,,oasis/bottle,0
,,,,,,6,local.mqtt.telegraf,54,21.25,,periodic,,71,-16701,25,22,,,5,08a6f75abdf0,,0,274,1160,08:A6:F7:5A:BD:F0,,16772,46,2,,49,,,1623166,1782138938482,1623172,1782138938488,,1782138938411,29,2026-06-22T14:35:38.8451271Z,228,,oasis/bottle,0
,,,,,,6,local.mqtt.telegraf,56,41.02,,periodic,,76,-10205,45,43,,,5,08a6f7bb3c68,,0,273,1163,08:A6:F7:BB:3C:68,,10281,31,2,,33,,,1623276,1782138938592,1623282,1782138938598,,1782138938516,28,2026-06-22T14:35:38.9614894Z,229,,oasis/bottle,0
,,,,,,6,local.mqtt.telegraf,56,38.04,,periodic,,72,-4049,20,17,,,5,08a6f769c348,,0,273,1154,08:A6:F7:69:C3:48,,4121,52,2,,55,,,1623736,1782138939052,1623742,1782138939058,,1782138938980,28,2026-06-22T14:35:39.4207474Z,230,,oasis/bottle,0
,,,,,,7,local.mqtt.telegraf,56,41.19,,periodic,,63,-11321,32,30,,,5,08a6f7bb3c68,,0,273,1164,08:A6:F7:BB:3C:68,,11384,31,2,,33,,,1624366,1782138939682,1624373,1782138939689,,1782138939619,28,2026-06-22T14:35:40.0534142Z,229,,oasis/bottle,0
,,,,,,6,local.mqtt.telegraf,54,21.25,,periodic,,71,-18011,25,22,,,5,08a6f75abdf0,,0,274,1161,08:A6:F7:5A:BD:F0,,18082,46,2,,49,,,1624476,1782138939792,1624482,1782138939798,,1782138939721,29,2026-06-22T14:35:40.112395Z,228,,oasis/bottle,0
,,,,,,6,local.mqtt.telegraf,56,37.96,,periodic,,72,-5609,20,17,,,5,08a6f769c348,,0,273,1155,08:A6:F7:69:C3:48,,5681,52,2,,55,,,1625296,1782138940612,1625302,1782138940618,,1782138940540,28,2026-06-22T14:35:40.9724824Z,230,,oasis/bottle,0
,,,,,,6,local.mqtt.telegraf,54,21.25,,periodic,,61,-19451,15,12,,,5,08a6f75abdf0,,0,274,1162,08:A6:F7:5A:BD:F0,,19512,46,2,,49,,,1625896,1782138941212,1625902,1782138941218,,1782138941151,29,2026-06-22T14:35:41.5870663Z,228,,oasis/bottle,0
,,,,,,6,local.mqtt.telegraf,56,41.05,,periodic,,80,-12900,49,47,,,5,08a6f7bb3c68,,0,273,1165,08:A6:F7:BB:3C:68,,12980,31,2,,33,,,1625979,1782138941295,1625985,1782138941301,,1782138941215,28,2026-06-22T14:35:41.6405386Z,229,,oasis/bottle,0
,,,,,,6,local.mqtt.telegraf,56,38.12,,periodic,,71,-6930,19,16,,,5,08a6f769c348,,0,273,1156,08:A6:F7:69:C3:48,,7001,52,2,,55,,,1626615,1782138941931,1626621,1782138941937,,1782138941860,28,2026-06-22T14:35:42.2997934Z,230,,oasis/bottle,0
,,,,,,6,local.mqtt.telegraf,54,21.26,,periodic,,72,-279,41,39,,,5,08a6f75abdf0,,0,274,1163,08:A6:F7:5A:BD:F0,,351,31,2,,33,,,1626946,1782138942262,1626952,1782138942268,,1782138942190,29,2026-06-22T14:35:42.6387919Z,231,,oasis/bottle,0
,,,,,,6,local.mqtt.telegraf,56,41.14,,periodic,,77,-14303,46,44,,,5,08a6f7bb3c68,,0,273,1166,08:A6:F7:BB:3C:68,,14380,31,2,,33,,,1627376,1782138942692,1627382,1782138942698,,1782138942615,28,2026-06-22T14:35:43.0655286Z,229,,oasis/bottle,0
,,,,,,6,local.mqtt.telegraf,56,38.04,,periodic,,71,-8361,19,16,,,5,08a6f769c348,,0,273,1157,08:A6:F7:69:C3:48,,8432,52,2,,55,,,1628046,1782138943362,1628052,1782138943368,,1782138943291,28,2026-06-22T14:35:43.7248581Z,230,,oasis/bottle,0
,,,,,,6,local.mqtt.telegraf,54,21.26,,periodic,,62,-1779,31,29,,,5,08a6f75abdf0,,0,274,1164,08:A6:F7:5A:BD:F0,,1841,31,2,,33,,,1628426,1782138943742,1628432,1782138943748,,1782138943680,29,2026-06-22T14:35:44.1157648Z,231,,oasis/bottle,0
,,,,,,6,local.mqtt.telegraf,56,41.25,,periodic,,77,-15903,46,44,,,5,08a6f7bb3c68,,0,273,1167,08:A6:F7:BB:3C:68,,15980,31,2,,33,,,1628976,1782138944292,1628982,1782138944298,,1782138944215,28,2026-06-22T14:35:44.6562295Z,229,,oasis/bottle,0
,,,,,,6,local.mqtt.telegraf,56,38,,periodic,,72,-9429,20,17,,,5,08a6f769c348,,0,273,1158,08:A6:F7:69:C3:48,,9501,52,2,,55,,,1629116,1782138944432,1629122,1782138944438,,1782138944360,28,2026-06-22T14:35:44.7947885Z,230,,oasis/bottle,0
,,,,,,6,local.mqtt.telegraf,54,21.26,,periodic,,72,-2939,41,39,,,5,08a6f75abdf0,,0,274,1165,08:A6:F7:5A:BD:F0,,3011,31,2,,33,,,1629606,1782138944922,1629612,1782138944928,,1782138944850,29,2026-06-22T14:35:45.2861888Z,231,,oasis/bottle,0
,,,,,,6,local.mqtt.telegraf,56,41.03,,periodic,,67,-17313,36,34,,,5,08a6f7bb3c68,,0,273,1168,08:A6:F7:BB:3C:68,,17380,31,2,,33,,,1630366,1782138945682,1630372,1782138945688,,1782138945615,28,2026-06-22T14:35:46.0505119Z,229,,oasis/bottle,0
,,,,,,6,local.mqtt.telegraf,56,38.05,,periodic,,72,-10969,20,17,,,5,08a6f769c348,,0,273,1159,08:A6:F7:69:C3:48,,11041,52,2,,55,,,1630656,1782138945972,1630662,1782138945978,,1782138945900,28,2026-06-22T14:35:46.348136Z,230,,oasis/bottle,0
,,,,,,6,local.mqtt.telegraf,54,21.27,,periodic,,70,-4091,39,37,,,5,08a6f75abdf0,,0,274,1166,08:A6:F7:5A:BD:F0,,4161,31,2,,33,,,1630754,1782138946070,1630760,1782138946076,,1782138946000,29,2026-06-22T14:35:46.3986777Z,231,,oasis/bottle,0
,,,,,,6,local.mqtt.telegraf,54,21.25,,periodic,,72,-5169,41,39,,,5,08a6f75abdf0,,0,274,1167,08:A6:F7:5A:BD:F0,,5241,31,2,,33,,,1631836,1782138947152,1631842,1782138947158,,1782138947080,29,2026-06-22T14:35:47.5299429Z,231,,oasis/bottle,0
,,,,,,6,local.mqtt.telegraf,56,37.89,,periodic,,72,-12249,20,17,,,5,08a6f769c348,,0,273,1160,08:A6:F7:69:C3:48,,12321,52,2,,55,,,1631936,1782138947252,1631942,1782138947258,,1782138947180,28,2026-06-22T14:35:47.5900746Z,230,,oasis/bottle,0
,,,,,,17,local.mqtt.telegraf,56,41.11,,periodic,,71,-18899,40,38,,,5,08a6f7bb3c68,,0,273,1169,08:A6:F7:BB:3C:68,,18970,31,2,,33,,,1631959,1782138947276,1631977,1782138947293,,1782138947205,28,2026-06-22T14:35:47.6529368Z,229,,oasis/bottle,0
,,,,,,10,local.mqtt.telegraf,56,37.98,,periodic,,72,-13589,20,17,,,5,08a6f769c348,,0,273,1161,08:A6:F7:69:C3:48,,13661,52,2,,55,,,1633276,1782138948592,1633286,1782138948602,,1782138948520,28,2026-06-22T14:35:48.9642102Z,230,,oasis/bottle,0
,,,,,,7,local.mqtt.telegraf,56,41.13,,periodic,,67,-20283,36,34,,,5,08a6f7bb3c68,,0,273,1170,08:A6:F7:BB:3C:68,,20350,31,2,,33,,,1633336,1782138948652,1633343,1782138948659,,1782138948585,28,2026-06-22T14:35:49.0340907Z,229,,oasis/bottle,0
,,,,,,5,local.mqtt.telegraf,54,21.26,,periodic,,62,-6759,31,29,,,5,08a6f75abdf0,,0,274,1168,08:A6:F7:5A:BD:F0,,6821,31,2,,33,,,1633405,1782138948722,1633411,1782138948727,,1782138948660,29,2026-06-22T14:35:49.0850576Z,231,,oasis/bottle,0
,,,,,,6,local.mqtt.telegraf,54,21.27,,periodic,,72,-8089,41,39,,,5,08a6f75abdf0,,0,274,1169,08:A6:F7:5A:BD:F0,,8161,31,2,,33,,,1634756,1782138950072,1634762,1782138950078,,1782138950000,29,2026-06-22T14:35:50.4248727Z,231,,oasis/bottle,0
,,,,,,6,local.mqtt.telegraf,56,38.04,,periodic,,87,-15064,35,32,,,5,08a6f769c348,,0,273,1162,08:A6:F7:69:C3:48,,15151,52,2,,55,,,1634781,1782138950097,1634787,1782138950103,,1782138950010,28,2026-06-22T14:35:50.4603054Z,230,,oasis/bottle,1
,,,,,,6,local.mqtt.telegraf,56,41.13,,periodic,,66,-1386,13,11,,,5,08a6f7bb3c68,,0,274,1171,08:A6:F7:BB:3C:68,,1452,53,2,,55,,,1634896,1782138950212,1634902,1782138950218,,1782138950146,28,2026-06-22T14:35:50.5847097Z,232,,oasis/bottle,0
,,,,,,6,local.mqtt.telegraf,56,38.04,,periodic,,72,-16249,20,17,,,5,08a6f769c348,,0,273,1163,08:A6:F7:69:C3:48,,16321,52,2,,55,,,1635936,1782138951252,1635942,1782138951258,,1782138951180,28,2026-06-22T14:35:51.619755Z,230,,oasis/bottle,0
,,,,,,6,local.mqtt.telegraf,56,41.03,,periodic,,66,-2696,13,11,,,5,08a6f7bb3c68,,0,273,1172,08:A6:F7:BB:3C:68,,2762,53,2,,55,,,1636206,1782138951522,1636212,1782138951528,,1782138951456,28,2026-06-22T14:35:51.8942199Z,232,,oasis/bottle,0
,,,,,,6,local.mqtt.telegraf,54,21.29,,periodic,,72,-9579,41,39,,,5,08a6f75abdf0,,0,273,1170,08:A6:F7:5A:BD:F0,,9651,31,2,,33,,,1636246,1782138951562,1636252,1782138951568,,1782138951490,29,2026-06-22T14:35:51.9284455Z,231,,oasis/bottle,0
,,,,,,6,local.mqtt.telegraf,56,37.92,,periodic,,72,-17399,20,17,,,5,08a6f769c348,,0,273,1164,08:A6:F7:69:C3:48,,17471,52,2,,55,,,1637086,1782138952402,1637092,1782138952408,,1782138952330,28,2026-06-22T14:35:52.7710481Z,230,,oasis/bottle,0
,,,,,,7,local.mqtt.telegraf,54,21.26,,periodic,,62,-10769,31,29,,,5,08a6f75abdf0,,0,274,1171,08:A6:F7:5A:BD:F0,,10831,31,2,,33,,,1637416,1782138952732,1637423,1782138952739,,1782138952670,29,2026-06-22T14:35:53.1013197Z,231,,oasis/bottle,0
,,,,,,6,local.mqtt.telegraf,56,41.1,,periodic,,66,-4116,13,11,,,5,08a6f7bb3c68,,0,274,1173,08:A6:F7:BB:3C:68,,4182,53,2,,55,,,1637626,1782138952942,1637632,1782138952948,,1782138952876,28,2026-06-22T14:35:53.3421611Z,232,,oasis/bottle,0
,,,,,,6,local.mqtt.telegraf,56,37.88,,periodic,,72,-18479,20,17,,,5,08a6f769c348,,0,273,1165,08:A6:F7:69:C3:48,,18551,52,2,,55,,,1638166,1782138953482,1638172,1782138953488,,1782138953410,28,2026-06-22T14:35:53.8473728Z,230,,oasis/bottle,0
,,,,,,6,local.mqtt.telegraf,54,21.26,,periodic,,72,-11899,41,39,,,5,08a6f75abdf0,,0,274,1172,08:A6:F7:5A:BD:F0,,11971,31,2,,33,,,1638566,1782138953882,1638572,1782138953888,,1782138953810,29,2026-06-22T14:35:54.2520577Z,231,,oasis/bottle,0
,,,,,,6,local.mqtt.telegraf,56,41.13,,periodic,,76,-5146,23,21,,,5,08a6f7bb3c68,,0,273,1174,08:A6:F7:BB:3C:68,,5222,53,2,,55,,,1638676,1782138953992,1638682,1782138953998,,1782138953916,28,2026-06-22T14:35:54.3097085Z,232,,oasis/bottle,0
,,,,,,7,local.mqtt.telegraf,54,21.27,,periodic,,62,-12999,31,29,,,5,08a6f75abdf0,,0,274,1173,08:A6:F7:5A:BD:F0,,13061,31,2,,33,,,1639646,1782138954962,1639653,1782138954969,,1782138954900,29,2026-06-22T14:35:55.3263554Z,231,,oasis/bottle,0
,,,,,,6,local.mqtt.telegraf,56,37.98,,periodic,,72,-20049,20,17,,,5,08a6f769c348,,0,273,1166,08:A6:F7:69:C3:48,,20121,52,2,,55,,,1639736,1782138955052,1639742,1782138955058,,1782138954980,28,2026-06-22T14:35:55.3889179Z,230,,oasis/bottle,0
,,,,,,5,local.mqtt.telegraf,56,41.09,,periodic,,66,-6646,13,11,,,5,08a6f7bb3c68,,0,274,1175,08:A6:F7:BB:3C:68,,6712,53,2,,55,,,1640156,1782138955472,1640161,1782138955477,,1782138955406,28,2026-06-22T14:35:55.8409052Z,232,,oasis/bottle,0
,,,,,,6,local.mqtt.telegraf,56,37.97,,periodic,,71,-1171,19,17,,,5,08a6f769c348,,0,273,1167,08:A6:F7:69:C3:48,,1242,52,2,,54,,,1641086,1782138956402,1641092,1782138956408,,1782138956331,28,2026-06-22T14:35:56.761305Z,233,,oasis/bottle,0
,,,,,,6,local.mqtt.telegraf,54,21.27,,periodic,,72,-14569,41,39,,,5,08a6f75abdf0,,0,274,1174,08:A6:F7:5A:BD:F0,,14641,31,2,,33,,,1641236,1782138956552,1641242,1782138956558,,1782138956480,29,2026-06-22T14:35:56.9336854Z,231,,oasis/bottle,0
,,,,,,6,local.mqtt.telegraf,56,41.06,,periodic,,66,-7806,13,11,,,5,08a6f7bb3c68,,0,273,1176,08:A6:F7:BB:3C:68,,7872,53,2,,55,,,1641316,1782138956632,1641322,1782138956638,,1782138956566,28,2026-06-22T14:35:56.9861057Z,232,,oasis/bottle,0
,,,,,,6,local.mqtt.telegraf,56,41.13,,periodic,,76,-8916,23,21,,,5,08a6f7bb3c68,,0,273,1177,08:A6:F7:BB:3C:68,,8992,53,2,,55,,,1642446,1782138957762,1642452,1782138957768,,1782138957686,28,2026-06-22T14:35:58.1349916Z,232,,oasis/bottle,0
,,,,,,6,local.mqtt.telegraf,56,37.98,,periodic,,73,-2658,21,19,,,5,08a6f769c348,,0,273,1168,08:A6:F7:69:C3:48,,2731,52,2,,54,,,1642577,1782138957893,1642583,1782138957899,,1782138957820,28,2026-06-22T14:35:58.2553222Z,233,,oasis/bottle,0
,,,,,,6,local.mqtt.telegraf,54,21.22,,periodic,,72,-15959,41,39,,,5,08a6f75abdf0,,0,274,1175,08:A6:F7:5A:BD:F0,,16031,31,2,,33,,,1642626,1782138957942,1642632,1782138957948,,1782138957870,29,2026-06-22T14:35:58.2906056Z,231,,oasis/bottle,0
,,,,,,6,local.mqtt.telegraf,56,41.07,,periodic,,67,-9974,14,12,,,5,08a6f7bb3c68,,0,273,1178,08:A6:F7:BB:3C:68,,10041,53,2,,55,,,1643486,1782138958802,1643492,1782138958808,,1782138958735,28,2026-06-22T14:35:59.1774748Z,232,,oasis/bottle,0
,,,,,,6,local.mqtt.telegraf,56,37.84,,periodic,,72,-3839,20,18,,,5,08a6f769c348,,0,273,1169,08:A6:F7:69:C3:48,,3911,52,2,,54,,,1643756,1782138959072,1643762,1782138959078,,1782138959000,28,2026-06-22T14:35:59.4452175Z,233,,oasis/bottle,0
,,,,,,6,local.mqtt.telegraf,54,21.1,,periodic,,72,-17499,41,39,,,5,08a6f75abdf0,,0,273,1176,08:A6:F7:5A:BD:F0,,17571,31,2,,33,,,1644166,1782138959482,1644172,1782138959488,,1782138959410,29,2026-06-22T14:35:59.8517085Z,231,,oasis/bottle,0
,,,,,,6,local.mqtt.telegraf,56,37.59,,periodic,,72,-4979,20,18,,,5,08a6f769c348,,0,273,1170,08:A6:F7:69:C3:48,,5051,52,2,,54,,,1644896,1782138960212,1644902,1782138960218,,1782138960140,28,2026-06-22T14:36:00.5744821Z,233,,oasis/bottle,0
,,,,,,6,local.mqtt.telegraf,56,39.25,,periodic,,67,-11464,14,12,,,5,08a6f7bb3c68,,0,273,1179,08:A6:F7:BB:3C:68,,11531,53,2,,55,,,1644976,1782138960292,1644982,1782138960298,,1782138960225,28,2026-06-22T14:36:00.6344888Z,232,,oasis/bottle,0
,,,,,,6,local.mqtt.telegraf,54,21.13,,periodic,,72,-18779,41,39,,,5,08a6f75abdf0,,0,274,1177,08:A6:F7:5A:BD:F0,,18851,31,2,,33,,,1645446,1782138960762,1645452,1782138960768,,1782138960690,29,2026-06-22T14:36:01.1265201Z,231,,oasis/bottle,0
,,,,,,6,local.mqtt.telegraf,56,37.63,,periodic,,72,-6079,20,18,,,5,08a6f769c348,,0,273,1171,08:A6:F7:69:C3:48,,6151,52,2,,54,,,1645996,1782138961312,1646002,1782138961318,,1782138961240,28,2026-06-22T14:36:01.6780004Z,233,,oasis/bottle,0
,,,,,,6,local.mqtt.telegraf,56,39.02,,periodic,,76,-12626,23,21,,,5,08a6f7bb3c68,,0,274,1180,08:A6:F7:BB:3C:68,,12702,53,2,,55,,,1646156,1782138961472,1646162,1782138961478,,1782138961396,28,2026-06-22T14:36:01.8391382Z,232,,oasis/bottle,0
,,,,,,6,local.mqtt.telegraf,54,21.03,,periodic,,72,-20139,41,39,,,5,08a6f75abdf0,,0,274,1178,08:A6:F7:5A:BD:F0,,20211,31,2,,33,,,1646806,1782138962122,1646812,1782138962128,,1782138962050,29,2026-06-22T14:36:02.4890537Z,231,,oasis/bottle,0
,,,,,,6,local.mqtt.telegraf,56,34.14,,periodic,,67,-13854,14,12,,,5,08a6f7bb3c68,,0,273,1181,08:A6:F7:BB:3C:68,,13921,53,2,,55,,,1647366,1782138962682,1647372,1782138962688,,1782138962615,28,2026-06-22T14:36:03.0542954Z,232,,oasis/bottle,0
,,,,,,6,local.mqtt.telegraf,56,37.3,,periodic,,72,-7659,20,18,,,5,08a6f769c348,,0,273,1172,08:A6:F7:69:C3:48,,7731,52,2,,54,,,1647576,1782138962892,1647582,1782138962898,,1782138962820,28,2026-06-22T14:36:03.2530957Z,233,,oasis/bottle,0
,,,,,,6,local.mqtt.telegraf,54,21.02,,periodic,,71,-1210,41,38,,,5,08a6f75abdf0,,0,274,1179,08:A6:F7:5A:BD:F0,,1281,30,2,,33,,,1648326,1782138963642,1648332,1782138963648,,1782138963571,29,2026-06-22T14:36:04.0062386Z,234,,oasis/bottle,0
,,,,,,6,local.mqtt.telegraf,56,34.37,,periodic,,67,-15014,14,12,,,5,08a6f7bb3c68,,0,273,1182,08:A6:F7:BB:3C:68,,15081,53,2,,55,,,1648526,1782138963842,1648532,1782138963848,,1782138963775,28,2026-06-22T14:36:04.2063558Z,232,,oasis/bottle,0
,,,,,,6,local.mqtt.telegraf,56,37.59,,periodic,,72,-9019,20,18,,,5,08a6f769c348,,0,273,1173,08:A6:F7:69:C3:48,,9091,52,2,,54,,,1648936,1782138964252,1648942,1782138964258,,1782138964180,28,2026-06-22T14:36:04.6280732Z,233,,oasis/bottle,0
,,,,,,6,local.mqtt.telegraf,54,21.05,,periodic,,71,-2450,41,38,,,5,08a6f75abdf0,,0,274,1180,08:A6:F7:5A:BD:F0,,2521,30,2,,33,,,1649566,1782138964882,1649572,1782138964888,,1782138964811,29,2026-06-22T14:36:05.2451861Z,234,,oasis/bottle,0
,,,,,,6,local.mqtt.telegraf,56,34.37,,periodic,,76,-16126,23,21,,,5,08a6f7bb3c68,,0,273,1183,08:A6:F7:BB:3C:68,,16202,53,2,,55,,,1649656,1782138964972,1649662,1782138964978,,1782138964896,28,2026-06-22T14:36:05.3119822Z,232,,oasis/bottle,0
,,,,,,6,local.mqtt.telegraf,56,37.57,,periodic,,72,-10549,20,18,,,5,08a6f769c348,,0,273,1174,08:A6:F7:69:C3:48,,10621,52,2,,54,,,1650466,1782138965782,1650472,1782138965788,,1782138965710,28,2026-06-22T14:36:06.1626473Z,233,,oasis/bottle,0
,,,,,,6,local.mqtt.telegraf,56,36.2,,periodic,,67,-17184,14,12,,,5,08a6f7bb3c68,,0,273,1184,08:A6:F7:BB:3C:68,,17251,53,2,,55,,,1650696,1782138966012,1650702,1782138966018,,1782138965945,28,2026-06-22T14:36:06.3760949Z,232,,oasis/bottle,0
,,,,,,6,local.mqtt.telegraf,54,21.03,,periodic,,71,-3720,41,38,,,5,08a6f75abdf0,,0,274,1181,08:A6:F7:5A:BD:F0,,3791,30,2,,33,,,1650836,1782138966152,1650842,1782138966158,,1782138966081,29,2026-06-22T14:36:06.5253131Z,234,,oasis/bottle,0
,,,,,,7,local.mqtt.telegraf,56,38.35,,periodic,,72,-11789,20,18,,,5,08a6f769c348,,0,273,1175,08:A6:F7:69:C3:48,,11861,52,2,,54,,,1651706,1782138967022,1651712,1782138967029,,1782138966950,28,2026-06-22T14:36:07.395225Z,233,,oasis/bottle,0
,,,,,,6,local.mqtt.telegraf,54,21.53,,periodic,,71,-5060,41,38,,,5,08a6f75abdf0,,0,274,1182,08:A6:F7:5A:BD:F0,,5131,30,2,,33,,,1652176,1782138967492,1652182,1782138967498,,1782138967421,29,2026-06-22T14:36:07.8287872Z,234,,oasis/bottle,0
,,,,,,6,local.mqtt.telegraf,56,39.96,,periodic,,72,-18680,19,17,,,5,08a6f7bb3c68,,0,273,1185,08:A6:F7:BB:3C:68,,18752,53,2,,55,,,1652202,1782138967518,1652208,1782138967524,,1782138967446,28,2026-06-22T14:36:07.8622326Z,232,,oasis/bottle,0
,,,,,,6,local.mqtt.telegraf,56,38.8,,periodic,,72,-13079,20,18,,,5,08a6f769c348,,0,273,1176,08:A6:F7:69:C3:48,,13151,52,2,,54,,,1652996,1782138968312,1653002,1782138968318,,1782138968240,28,2026-06-22T14:36:08.6860973Z,233,,oasis/bottle,0
,,,,,,6,local.mqtt.telegraf,56,39.66,,periodic,,66,-19876,13,11,,,5,08a6f7bb3c68,,0,273,1186,08:A6:F7:BB:3C:68,,19942,53,2,,55,,,1653386,1782138968702,1653392,1782138968708,,1782138968636,28,2026-06-22T14:36:09.0790781Z,232,,oasis/bottle,0
,,,,,,6,local.mqtt.telegraf,54,21.09,,periodic,,60,-6561,30,27,,,5,08a6f75abdf0,,0,274,1183,08:A6:F7:5A:BD:F0,,6621,30,2,,33,,,1653655,1782138968971,1653661,1782138968977,,1782138968911,29,2026-06-22T14:36:09.3332193Z,234,,oasis/bottle,0
,,,,,,6,local.mqtt.telegraf,56,38.9,,periodic,,72,-14449,20,18,,,5,08a6f769c348,,0,273,1177,08:A6:F7:69:C3:48,,14521,52,2,,54,,,1654366,1782138969682,1654372,1782138969688,,1782138969610,28,2026-06-22T14:36:10.0558954Z,233,,oasis/bottle,0
,,,,,,6,local.mqtt.telegraf,56,38.53,,periodic,,66,-845,35,33,,,5,08a6f7bb3c68,,0,274,1187,08:A6:F7:BB:3C:68,,911,31,2,,33,,,1654556,1782138969872,1654562,1782138969878,,1782138969806,28,2026-06-22T14:36:10.2447412Z,235,,oasis/bottle,0
,,,,,,6,local.mqtt.telegraf,54,21.18,,periodic,,71,-7710,41,38,,,5,08a6f75abdf0,,0,274,1184,08:A6:F7:5A:BD:F0,,7781,30,2,,33,,,1654826,1782138970142,1654832,1782138970148,,1782138970071,29,2026-06-22T14:36:10.528032Z,234,,oasis/bottle,0
,,,,,,6,local.mqtt.telegraf,56,40.32,,periodic,,76,-1975,45,43,,,5,08a6f7bb3c68,,0,273,1188,08:A6:F7:BB:3C:68,,2051,31,2,,33,,,1655706,1782138971022,1655712,1782138971028,,1782138970946,28,2026-06-22T14:36:11.4092735Z,235,,oasis/bottle,0
,,,,,,6,local.mqtt.telegraf,56,37.63,,periodic,,71,-15991,19,17,,,5,08a6f769c348,,0,273,1178,08:A6:F7:69:C3:48,,16062,52,2,,54,,,1655906,1782138971222,1655912,1782138971228,,1782138971151,28,2026-06-22T14:36:11.5885212Z,233,,oasis/bottle,0
,,,,,,6,local.mqtt.telegraf,54,21.1,,periodic,,71,-8830,41,38,,,5,08a6f75abdf0,,0,274,1185,08:A6:F7:5A:BD:F0,,8901,30,2,,33,,,1655946,1782138971262,1655952,1782138971268,,1782138971191,29,2026-06-22T14:36:11.6176804Z,234,,oasis/bottle,0
,,,,,,6,local.mqtt.telegraf,56,40.71,,periodic,,66,-3075,35,33,,,5,08a6f7bb3c68,,0,273,1189,08:A6:F7:BB:3C:68,,3141,31,2,,33,,,1656786,1782138972102,1656792,1782138972108,,1782138972036,28,2026-06-22T14:36:12.4786346Z,235,,oasis/bottle,0
,,,,,,7,local.mqtt.telegraf,54,21.07,,periodic,,62,-9878,32,29,,,5,08a6f75abdf0,,0,273,1186,08:A6:F7:5A:BD:F0,,9940,30,2,,33,,,1656976,1782138972292,1656983,1782138972299,,1782138972230,29,2026-06-22T14:36:12.6650465Z,234,,oasis/bottle,0
,,,,,,6,local.mqtt.telegraf,56,37.81,,periodic,,72,-17269,20,18,,,5,08a6f769c348,,0,273,1179,08:A6:F7:69:C3:48,,17341,52,2,,54,,,1657186,1782138972502,1657192,1782138972508,,1782138972430,28,2026-06-22T14:36:12.8884402Z,233,,oasis/bottle,0
,,,,,,14,local.mqtt.telegraf,56,40.75,,periodic,,76,-4625,45,43,,,5,08a6f7bb3c68,,0,273,1190,08:A6:F7:BB:3C:68,,4701,31,2,,33,,,1658356,1782138973672,1658370,1782138973686,,1782138973596,28,2026-06-22T14:36:14.0768294Z,235,,oasis/bottle,0
,,,,,,6,local.mqtt.telegraf,54,21.23,,periodic,,72,-11348,42,39,,,5,08a6f75abdf0,,0,273,1187,08:A6:F7:5A:BD:F0,,11420,30,2,,33,,,1658466,1782138973782,1658472,1782138973788,,1782138973710,29,2026-06-22T14:36:14.1323334Z,234,,oasis/bottle,0
,,,,,,6,local.mqtt.telegraf,56,37.77,,periodic,,72,-18619,20,18,,,5,08a6f769c348,,0,273,1180,08:A6:F7:69:C3:48,,18691,52,2,,54,,,1658536,1782138973852,1658542,1782138973858,,1782138973780,28,2026-06-22T14:36:14.1909607Z,233,,oasis/bottle,0
,,,,,,6,local.mqtt.telegraf,54,21.15,,periodic,,72,-12508,42,39,,,5,08a6f75abdf0,,0,273,1188,08:A6:F7:5A:BD:F0,,12580,30,2,,33,,,1659626,1782138974942,1659632,1782138974948,,1782138974870,29,2026-06-22T14:36:15.3127149Z,234,,oasis/bottle,0
,,,,,,6,local.mqtt.telegraf,56,40.9,,periodic,,66,-5965,35,33,,,5,08a6f7bb3c68,,0,273,1191,08:A6:F7:BB:3C:68,,6031,31,2,,33,,,1659676,1782138974992,1659682,1782138974998,,1782138974926,28,2026-06-22T14:36:15.3551254Z,235,,oasis/bottle,0
,,,,,,6,local.mqtt.telegraf,56,37.88,,periodic,,72,-20119,20,18,,,5,08a6f769c348,,0,273,1181,08:A6:F7:69:C3:48,,20191,52,2,,54,,,1660036,1782138975352,1660042,1782138975358,,1782138975280,28,2026-06-22T14:36:15.7122926Z,233,,oasis/bottle,0
,,,,,,6,local.mqtt.telegraf,54,21.27,,periodic,,71,-13620,41,38,,,5,08a6f75abdf0,,0,274,1189,08:A6:F7:5A:BD:F0,,13691,30,2,,33,,,1660736,1782138976052,1660742,1782138976058,,1782138975981,29,2026-06-22T14:36:16.4254125Z,234,,oasis/bottle,0
,,,,,,6,local.mqtt.telegraf,56,40.7,,periodic,,76,-7405,45,43,,,5,08a6f7bb3c68,,0,273,1192,08:A6:F7:BB:3C:68,,7481,31,2,,33,,,1661136,1782138976452,1661142,1782138976458,,1782138976376,28,2026-06-22T14:36:16.8152539Z,235,,oasis/bottle,0
,,,,,,6,local.mqtt.telegraf,56,37.79,,periodic,,71,-1021,21,18,,,5,08a6f769c348,,0,273,1182,08:A6:F7:69:C3:48,,1092,50,2,,53,,,1661236,1782138976552,1661242,1782138976558,,1782138976481,28,2026-06-22T14:36:16.8776949Z,236,,oasis/bottle,0
,,,,,,6,local.mqtt.telegraf,56,40.62,,periodic,,66,-8515,35,33,,,5,08a6f7bb3c68,,0,273,1193,08:A6:F7:BB:3C:68,,8581,31,2,,33,,,1662226,1782138977542,1662232,1782138977548,,1782138977476,28,2026-06-22T14:36:17.9088097Z,235,,oasis/bottle,0
,,,,,,8,local.mqtt.telegraf,54,21.29,,periodic,,61,-15260,31,28,,,5,08a6f75abdf0,,0,273,1190,08:A6:F7:5A:BD:F0,,15321,30,2,,33,,,1662356,1782138977672,1662364,1782138977680,,1782138977611,29,2026-06-22T14:36:18.052266Z,234,,oasis/bottle,0
,,,,,,6,local.mqtt.telegraf,56,38,,periodic,,82,-2209,32,29,,,5,08a6f769c348,,0,273,1183,08:A6:F7:69:C3:48,,2291,50,2,,53,,,1662446,1782138977762,1662452,1782138977768,,1782138977680,28,2026-06-22T14:36:18.1169058Z,236,,oasis/bottle,0
,,,,,,7,local.mqtt.telegraf,56,37.85,,periodic,,72,-3429,22,19,,,5,08a6f769c348,,0,273,1184,08:A6:F7:69:C3:48,,3501,50,2,,53,,,1663646,1782138978962,1663652,1782138978969,,1782138978890,28,2026-06-22T14:36:19.3388232Z,236,,oasis/bottle,0
,,,,,,6,local.mqtt.telegraf,54,21.13,,periodic,,71,-16690,41,38,,,5,08a6f75abdf0,,0,273,1191,08:A6:F7:5A:BD:F0,,16761,30,2,,33,,,1663806,1782138979122,1663812,1782138979128,,1782138979051,29,2026-06-22T14:36:19.4668189Z,234,,oasis/bottle,0
,,,,,,6,local.mqtt.telegraf,56,40.68,,periodic,,71,-10110,40,38,,,5,08a6f7bb3c68,,0,273,1194,08:A6:F7:BB:3C:68,,10181,31,2,,33,,,1663831,1782138979147,1663837,1782138979153,,1782138979076,28,2026-06-22T14:36:19.4982984Z,235,,oasis/bottle,0
,,,,,,6,local.mqtt.telegraf,56,37.79,,periodic,,72,-4629,22,19,,,5,08a6f769c348,,0,273,1185,08:A6:F7:69:C3:48,,4701,50,2,,53,,,1664846,1782138980162,1664852,1782138980168,,1782138980090,28,2026-06-22T14:36:20.5098077Z,236,,oasis/bottle,0
,,,,,,6,local.mqtt.telegraf,54,21.09,,periodic,,62,-17788,32,29,,,5,08a6f75abdf0,,0,273,1192,08:A6:F7:5A:BD:F0,,17850,30,2,,33,,,1664886,1782138980202,1664892,1782138980208,,1782138980140,29,2026-06-22T14:36:20.5670245Z,234,,oasis/bottle,0
,,,,,,6,local.mqtt.telegraf,56,40.62,,periodic,,66,-11515,35,33,,,5,08a6f7bb3c68,,0,273,1195,08:A6:F7:BB:3C:68,,11581,31,2,,33,,,1665226,1782138980542,1665232,1782138980548,,1782138980476,28,2026-06-22T14:36:20.9221579Z,235,,oasis/bottle,0
,,,,,,6,local.mqtt.telegraf,56,37.67,,periodic,,71,-5841,21,18,,,5,08a6f769c348,,0,273,1186,08:A6:F7:69:C3:48,,5912,50,2,,53,,,1666056,1782138981372,1666062,1782138981378,,1782138981301,28,2026-06-22T14:36:21.753158Z,236,,oasis/bottle,0
,,,,,,6,local.mqtt.telegraf,54,21.05,,periodic,,71,-19370,41,38,,,5,08a6f75abdf0,,0,273,1193,08:A6:F7:5A:BD:F0,,19441,30,2,,33,,,1666486,1782138981802,1666492,1782138981808,,1782138981731,29,2026-06-22T14:36:22.1745087Z,234,,oasis/bottle,0
,,,,,,6,local.mqtt.telegraf,56,40.62,,periodic,,66,-13105,35,33,,,5,08a6f7bb3c68,,0,273,1196,08:A6:F7:BB:3C:68,,13171,31,2,,33,,,1666816,1782138982132,1666822,1782138982138,,1782138982066,28,2026-06-22T14:36:22.5068524Z,235,,oasis/bottle,0
,,,,,,6,local.mqtt.telegraf,56,37.74,,periodic,,70,-7052,20,17,,,5,08a6f769c348,,0,273,1187,08:A6:F7:69:C3:48,,7122,50,2,,53,,,1667265,1782138982581,1667271,1782138982587,,1782138982511,28,2026-06-22T14:36:22.9435695Z,236,,oasis/bottle,0
,,,,,,6,local.mqtt.telegraf,54,21.22,,periodic,,71,-531,41,39,,,5,08a6f75abdf0,,0,274,1194,08:A6:F7:5A:BD:F0,,602,30,2,,32,,,1667856,1782138983172,1667862,1782138983178,,1782138983101,29,2026-06-22T14:36:23.5449974Z,237,,oasis/bottle,0
,,,,,,6,local.mqtt.telegraf,57,40.71,,periodic,,76,-14485,45,43,,,5,08a6f7bb3c68,,0,274,1197,08:A6:F7:BB:3C:68,,14561,31,2,,33,,,1668216,1782138983532,1668222,1782138983538,,1782138983456,28,2026-06-22T14:36:23.9028439Z,235,,oasis/bottle,0
,,,,,,6,local.mqtt.telegraf,56,37.81,,periodic,,72,-8269,22,19,,,5,08a6f769c348,,0,273,1188,08:A6:F7:69:C3:48,,8341,50,2,,53,,,1668486,1782138983802,1668492,1782138983808,,1782138983730,28,2026-06-22T14:36:24.1687622Z,236,,oasis/bottle,0
,,,,,,6,local.mqtt.telegraf,54,21.15,,periodic,,71,-2061,41,39,,,5,08a6f75abdf0,,0,273,1195,08:A6:F7:5A:BD:F0,,2132,30,2,,32,,,1669386,1782138984702,1669392,1782138984708,,1782138984631,29,2026-06-22T14:36:25.0606931Z,237,,oasis/bottle,0
,,,,,,6,local.mqtt.telegraf,56,37.85,,periodic,,72,-9509,22,19,,,5,08a6f769c348,,0,273,1189,08:A6:F7:69:C3:48,,9581,50,2,,53,,,1669726,1782138985042,1669732,1782138985048,,1782138984970,28,2026-06-22T14:36:25.4071145Z,236,,oasis/bottle,0
,,,,,,7,local.mqtt.telegraf,56,40.68,,periodic,,67,-16073,36,34,,,5,08a6f7bb3c68,,0,273,1198,08:A6:F7:BB:3C:68,,16140,31,2,,33,,,1669786,1782138985102,1669793,1782138985109,,1782138985035,28,2026-06-22T14:36:25.4739568Z,235,,oasis/bottle,0
,,,,,,7,local.mqtt.telegraf,54,21.15,,periodic,,61,-3331,31,29,,,5,08a6f75abdf0,,0,273,1196,08:A6:F7:5A:BD:F0,,3392,30,2,,32,,,1670636,1782138985952,1670643,1782138985959,,1782138985891,29,2026-06-22T14:36:26.3202629Z,237,,oasis/bottle,0
,,,,,,6,local.mqtt.telegraf,56,37.75,,periodic,,72,-10779,22,19,,,5,08a6f769c348,,0,273,1190,08:A6:F7:69:C3:48,,10851,50,2,,53,,,1670996,1782138986312,1671002,1782138986318,,1782138986240,28,2026-06-22T14:36:26.6788905Z,236,,oasis/bottle,0
,,,,,,6,local.mqtt.telegraf,57,40.62,,periodic,,77,-17403,46,44,,,5,08a6f7bb3c68,,0,273,1199,08:A6:F7:BB:3C:68,,17480,31,2,,33,,,1671136,1782138986452,1671142,1782138986458,,1782138986375,28,2026-06-22T14:36:26.8313117Z,235,,oasis/bottle,0
,,,,,,6,local.mqtt.telegraf,54,21.1,,periodic,,71,-4631,41,39,,,5,08a6f75abdf0,,0,273,1197,08:A6:F7:5A:BD:F0,,4702,30,2,,32,,,1671956,1782138987272,1671962,1782138987278,,1782138987201,29,2026-06-22T14:36:27.6372484Z,237,,oasis/bottle,0
,,,,,,6,local.mqtt.telegraf,56,37.9,,periodic,,72,-12129,22,19,,,5,08a6f769c348,,0,273,1191,08:A6:F7:69:C3:48,,12201,50,2,,53,,,1672346,1782138987662,1672352,1782138987668,,1782138987590,28,2026-06-22T14:36:28.0264051Z,236,,oasis/bottle,0
,,,,,,6,local.mqtt.telegraf,57,40.63,,periodic,,66,-18905,35,33,,,5,08a6f7bb3c68,,0,274,1200,08:A6:F7:BB:3C:68,,18971,31,2,,33,,,1672616,1782138987932,1672622,1782138987938,,1782138987866,28,2026-06-22T14:36:28.2883548Z,235,,oasis/bottle,0
,,,,,,7,local.mqtt.telegraf,54,21.15,,periodic,,61,-6091,31,29,,,5,08a6f75abdf0,,0,273,1198,08:A6:F7:5A:BD:F0,,6152,30,2,,32,,,1673396,1782138988712,1673403,1782138988719,,1782138988651,29,2026-06-22T14:36:29.0749414Z,237,,oasis/bottle,0
,,,,,,6,local.mqtt.telegraf,57,40.59,,periodic,,76,-20065,45,43,,,5,08a6f7bb3c68,,0,274,1201,08:A6:F7:BB:3C:68,,20141,31,2,,33,,,1673796,1782138989112,1673802,1782138989118,,1782138989036,28,2026-06-22T14:36:29.4585366Z,235,,oasis/bottle,0
,,,,,,6,local.mqtt.telegraf,56,37.73,,periodic,,70,-13621,20,17,,,5,08a6f769c348,,0,273,1192,08:A6:F7:69:C3:48,,13691,50,2,,53,,,1673834,1782138989150,1673840,1782138989156,,1782138989080,28,2026-06-22T14:36:29.4980822Z,236,,oasis/bottle,0
,,,,,,6,local.mqtt.telegraf,54,21.15,,periodic,,71,-7151,41,39,,,5,08a6f75abdf0,,0,274,1199,08:A6:F7:5A:BD:F0,,7222,30,2,,32,,,1674476,1782138989792,1674482,1782138989798,,1782138989721,29,2026-06-22T14:36:30.1777702Z,237,,oasis/bottle,0
,,,,,,6,local.mqtt.telegraf,57,40.74,,periodic,,66,-976,19,17,,,5,08a6f7bb3c68,,0,274,1202,08:A6:F7:BB:3C:68,,1042,47,2,,49,,,1674936,1782138990252,1674942,1782138990258,,1782138990186,28,2026-06-22T14:36:30.6212776Z,238,,oasis/bottle,0
,,,,,,6,local.mqtt.telegraf,56,37.85,,periodic,,73,-14798,23,20,,,5,08a6f769c348,,0,273,1193,08:A6:F7:69:C3:48,,14871,50,2,,53,,,1675017,1782138990333,1675023,1782138990339,,1782138990260,28,2026-06-22T14:36:30.6784025Z,236,,oasis/bottle,0
,,,,,,7,local.mqtt.telegraf,54,21.23,,periodic,,70,-8703,40,38,,,5,08a6f75abdf0,,0,274,1200,08:A6:F7:5A:BD:F0,,8773,30,2,,32,,,1676026,1782138991342,1676033,1782138991349,,1782138991272,29,2026-06-22T14:36:31.6786932Z,237,,oasis/bottle,0
,,,,,,6,local.mqtt.telegraf,57,40.62,,periodic,,92,-2039,45,43,,,5,08a6f7bb3c68,,0,273,1203,08:A6:F7:BB:3C:68,,2131,47,2,,49,,,1676051,1782138991367,1676057,1782138991373,,1782138991275,28,2026-06-22T14:36:31.7184747Z,238,,oasis/bottle,1
,,,,,,10,local.mqtt.telegraf,56,37.81,,periodic,,71,-15971,21,18,,,5,08a6f769c348,,0,273,1194,08:A6:F7:69:C3:48,,16042,50,2,,53,,,1676186,1782138991502,1676196,1782138991512,,1782138991431,28,2026-06-22T14:36:31.8651141Z,236,,oasis/bottle,0
,,,,,,6,local.mqtt.telegraf,56,37.97,,periodic,,72,-17089,22,19,,,5,08a6f769c348,,0,273,1195,08:A6:F7:69:C3:48,,17161,50,2,,53,,,1677306,1782138992622,1677312,1782138992628,,1782138992550,28,2026-06-22T14:36:32.9649757Z,236,,oasis/bottle,0
,,,,,,6,local.mqtt.telegraf,54,21.14,,periodic,,85,-9977,55,53,,,5,08a6f75abdf0,,0,273,1201,08:A6:F7:5A:BD:F0,,10062,30,2,,32,,,1677330,1782138992646,1677336,1782138992652,,1782138992561,29,2026-06-22T14:36:33.0032477Z,237,,oasis/bottle,1
,,,,,,6,local.mqtt.telegraf,57,40.49,,periodic,,66,-3646,19,17,,,5,08a6f7bb3c68,,0,273,1204,08:A6:F7:BB:3C:68,,3712,47,2,,49,,,1677606,1782138992922,1677612,1782138992928,,1782138992856,28,2026-06-22T14:36:33.2988323Z,238,,oasis/bottle,0
,,,,,,7,local.mqtt.telegraf,56,37.73,,periodic,,71,-18131,21,18,,,5,08a6f769c348,,0,273,1196,08:A6:F7:69:C3:48,,18202,50,2,,53,,,1678346,1782138993662,1678353,1782138993669,,1782138993591,28,2026-06-22T14:36:34.0361447Z,236,,oasis/bottle,0
,,,,,,6,local.mqtt.telegraf,54,21.27,,periodic,,61,-11381,31,29,,,5,08a6f75abdf0,,0,274,1202,08:A6:F7:5A:BD:F0,,11442,30,2,,32,,,1678686,1782138994002,1678692,1782138994008,,1782138993941,29,2026-06-22T14:36:34.3625456Z,237,,oasis/bottle,0
,,,,,,6,local.mqtt.telegraf,57,40.59,,periodic,,66,-4996,19,17,,,5,08a6f7bb3c68,,0,273,1205,08:A6:F7:BB:3C:68,,5062,47,2,,49,,,1678956,1782138994272,1678962,1782138994278,,1782138994206,28,2026-06-22T14:36:34.6439333Z,238,,oasis/bottle,0
,,,,,,6,local.mqtt.telegraf,57,37.75,,periodic,,72,-19619,22,19,,,5,08a6f769c348,,0,273,1197,08:A6:F7:69:C3:48,,19691,50,2,,53,,,1679836,1782138995152,1679842,1782138995158,,1782138995080,28,2026-06-22T14:36:35.5143691Z,236,,oasis/bottle,0
,,,,,,6,local.mqtt.telegraf,55,21.27,,periodic,,71,-12911,41,39,,,5,08a6f75abdf0,,0,273,1203,08:A6:F7:5A:BD:F0,,12982,30,2,,32,,,1680236,1782138995552,1680242,1782138995558,,1782138995481,29,2026-06-22T14:36:35.9169008Z,237,,oasis/bottle,0
,,,,,,6,local.mqtt.telegraf,57,40.49,,periodic,,76,-6486,29,27,,,5,08a6f7bb3c68,,0,273,1206,08:A6:F7:BB:3C:68,,6562,47,2,,49,,,1680466,1782138995782,1680472,1782138995788,,1782138995706,28,2026-06-22T14:36:36.1540208Z,238,,oasis/bottle,0
,,,,,,6,local.mqtt.telegraf,57,37.78,,periodic,,71,-581,41,39,,,5,08a6f769c348,,0,273,1198,08:A6:F7:69:C3:48,,652,30,2,,32,,,1680996,1782138996312,1681002,1782138996318,,1782138996241,28,2026-06-22T14:36:36.691575Z,239,,oasis/bottle,0
,,,,,,6,local.mqtt.telegraf,55,20.99,,periodic,,71,-14201,41,39,,,5,08a6f75abdf0,,0,274,1204,08:A6:F7:5A:BD:F0,,14272,30,2,,32,,,1681526,1782138996842,1681532,1782138996848,,1782138996771,29,2026-06-22T14:36:37.2383193Z,237,,oasis/bottle,0
,,,,,,7,local.mqtt.telegraf,56,40.37,,periodic,,67,-7704,20,18,,,5,08a6f7bb3c68,,0,273,1207,08:A6:F7:BB:3C:68,,7771,47,2,,49,,,1681666,1782138996982,1681672,1782138996989,,1782138996915,28,2026-06-22T14:36:37.3514584Z,238,,oasis/bottle,0
,,,,,,6,local.mqtt.telegraf,57,37.74,,periodic,,72,-1709,42,40,,,5,08a6f769c348,,0,273,1199,08:A6:F7:69:C3:48,,1781,30,2,,32,,,1682126,1782138997442,1682132,1782138997448,,1782138997370,28,2026-06-22T14:36:37.810068Z,239,,oasis/bottle,0
,,,,,,6,local.mqtt.telegraf,57,40.62,,periodic,,76,-8896,29,27,,,5,08a6f7bb3c68,,0,273,1208,08:A6:F7:BB:3C:68,,8972,47,2,,49,,,1682876,1782138998192,1682882,1782138998198,,1782138998116,28,2026-06-22T14:36:38.5410555Z,238,,oasis/bottle,0
,,,,,,6,local.mqtt.telegraf,55,21.11,,periodic,,67,-15585,37,35,,,5,08a6f75abdf0,,0,274,1205,08:A6:F7:5A:BD:F0,,15652,30,2,,32,,,1682902,1782138998218,1682908,1782138998224,,1782138998151,29,2026-06-22T14:36:38.5862857Z,237,,oasis/bottle,0
,,,,,,6,local.mqtt.telegraf,57,37.82,,periodic,,72,-2769,42,40,,,5,08a6f769c348,,0,273,1200,08:A6:F7:69:C3:48,,2841,30,2,,32,,,1683186,1782138998502,1683192,1782138998508,,1782138998430,28,2026-06-22T14:36:38.8815263Z,239,,oasis/bottle,0
,,,,,,6,local.mqtt.telegraf,56,40.68,,periodic,,77,-10104,30,28,,,5,08a6f7bb3c68,,0,273,1209,08:A6:F7:BB:3C:68,,10181,47,2,,49,,,1684086,1782138999402,1684092,1782138999408,,1782138999325,28,2026-06-22T14:36:39.7866955Z,238,,oasis/bottle,0
,,,,,,6,local.mqtt.telegraf,55,21.14,,periodic,,71,-17131,41,39,,,5,08a6f75abdf0,,0,274,1206,08:A6:F7:5A:BD:F0,,17202,30,2,,32,,,1684456,1782138999772,1684462,1782138999778,,1782138999701,29,2026-06-22T14:36:40.1340566Z,237,,oasis/bottle,0
,,,,,,6,local.mqtt.telegraf,57,37.81,,periodic,,72,-4289,42,40,,,5,08a6f769c348,,0,273,1201,08:A6:F7:69:C3:48,,4361,30,2,,32,,,1684706,1782139000022,1684712,1782139000028,,1782138999950,28,2026-06-22T14:36:40.4068943Z,239,,oasis/bottle,0
,,,,,,6,local.mqtt.telegraf,56,40.4,,periodic,,64,-11331,17,15,,,5,08a6f7bb3c68,,0,273,1210,08:A6:F7:BB:3C:68,,11395,47,2,,49,,,1685287,1782139000603,1685293,1782139000609,,1782139000539,28,2026-06-22T14:36:40.9707008Z,238,,oasis/bottle,0
,,,,,,6,local.mqtt.telegraf,55,21.15,,periodic,,61,-18461,31,29,,,5,08a6f75abdf0,,0,273,1207,08:A6:F7:5A:BD:F0,,18522,30,2,,32,,,1685766,1782139001082,1685772,1782139001088,,1782139001021,29,2026-06-22T14:36:41.4439286Z,237,,oasis/bottle,0
,,,,,,6,local.mqtt.telegraf,57,37.78,,periodic,,72,-5529,42,40,,,5,08a6f769c348,,0,273,1202,08:A6:F7:69:C3:48,,5601,30,2,,32,,,1685946,1782139001262,1685952,1782139001268,,1782139001190,28,2026-06-22T14:36:41.629048Z,239,,oasis/bottle,0
,,,,,,6,local.mqtt.telegraf,56,40.27,,periodic,,76,-12536,29,27,,,5,08a6f7bb3c68,,0,273,1211,08:A6:F7:BB:3C:68,,12612,47,2,,49,,,1686516,1782139001832,1686522,1782139001838,,1782139001756,28,2026-06-22T14:36:42.2033946Z,238,,oasis/bottle,0
,,,,,,6,local.mqtt.telegraf,55,21.18,,periodic,,71,-19861,41,39,,,5,08a6f75abdf0,,0,274,1208,08:A6:F7:5A:BD:F0,,19932,30,2,,32,,,1687186,1782139002502,1687192,1782139002508,,1782139002431,29,2026-06-22T14:36:42.8411767Z,237,,oasis/bottle,0
,,,,,,6,local.mqtt.telegraf,57,37.74,,periodic,,69,-6802,39,37,,,5,08a6f769c348,,0,273,1203,08:A6:F7:69:C3:48,,6871,30,2,,32,,,1687213,1782139002529,1687219,1782139002535,,1782139002460,28,2026-06-22T14:36:42.8772166Z,239,,oasis/bottle,0
,,,,,,6,local.mqtt.telegraf,56,40.36,,periodic,,76,-13806,29,27,,,5,08a6f7bb3c68,,0,273,1212,08:A6:F7:BB:3C:68,,13882,47,2,,49,,,1687786,1782139003102,1687792,1782139003108,,1782139003026,28,2026-06-22T14:36:43.5739127Z,238,,oasis/bottle,0
,,,,,,7,local.mqtt.telegraf,57,37.7,,periodic,,72,-8129,42,40,,,5,08a6f769c348,,0,273,1204,08:A6:F7:69:C3:48,,8201,30,2,,32,,,1688546,1782139003862,1688553,1782139003869,,1782139003790,28,2026-06-22T14:36:44.3284803Z,239,,oasis/bottle,0
,,,,,,6,local.mqtt.telegraf,55,21.21,,periodic,,61,-1287,27,25,,,5,08a6f75abdf0,,0,274,1209,08:A6:F7:5A:BD:F0,,1348,34,2,,36,,,1688806,1782139004122,1688812,1782139004128,,1782139004061,29,2026-06-22T14:36:44.615171Z,240,,oasis/bottle,0
,,,,,,6,local.mqtt.telegraf,56,40.6,,periodic,,67,-15124,20,18,,,5,08a6f7bb3c68,,0,273,1213,08:A6:F7:BB:3C:68,,15191,47,2,,49,,,1689086,1782139004402,1689092,1782139004408,,1782139004335,28,2026-06-22T14:36:44.8829144Z,238,,oasis/bottle,0
,,,,,,6,local.mqtt.telegraf,57,37.7,,periodic,,72,-9599,42,40,,,5,08a6f769c348,,0,273,1205,08:A6:F7:69:C3:48,,9671,30,2,,32,,,1690016,1782139005332,1690022,1782139005338,,1782139005260,28,2026-06-22T14:36:45.795441Z,239,,oasis/bottle,0
,,,,,,7,local.mqtt.telegraf,55,21.22,,periodic,,61,-2737,27,25,,,5,08a6f75abdf0,,0,274,1210,08:A6:F7:5A:BD:F0,,2798,34,2,,36,,,1690256,1782139005572,1690263,1782139005579,,1782139005511,29,2026-06-22T14:36:46.0782815Z,240,,oasis/bottle,0
,,,,,,6,local.mqtt.telegraf,56,40.21,,periodic,,76,-16526,29,27,,,5,08a6f7bb3c68,,0,273,1214,08:A6:F7:BB:3C:68,,16602,47,2,,49,,,1690506,1782139005822,1690512,1782139005828,,1782139005746,28,2026-06-22T14:36:46.2494042Z,238,,oasis/bottle,0
,,,,,,6,local.mqtt.telegraf,57,37.75,,periodic,,72,-10729,42,40,,,5,08a6f769c348,,0,273,1206,08:A6:F7:69:C3:48,,10801,30,2,,32,,,1691146,1782139006462,1691152,1782139006468,,1782139006390,28,2026-06-22T14:36:46.9629541Z,239,,oasis/bottle,0
,,,,,,7,local.mqtt.telegraf,55,21.15,,periodic,,71,-3827,37,35,,,5,08a6f75abdf0,,0,274,1211,08:A6:F7:5A:BD:F0,,3898,34,2,,36,,,1691366,1782139006682,1691373,1782139006689,,1782139006611,29,2026-06-22T14:36:47.0899164Z,240,,oasis/bottle,0
,,,,,,6,local.mqtt.telegraf,56,40.66,,periodic,,67,-18174,20,18,,,5,08a6f7bb3c68,,0,273,1215,08:A6:F7:BB:3C:68,,18241,47,2,,49,,,1692136,1782139007452,1692142,1782139007458,,1782139007385,28,2026-06-22T14:36:47.8186459Z,238,,oasis/bottle,0
,,,,,,7,local.mqtt.telegraf,57,37.82,,periodic,,72,-11800,42,40,,,5,08a6f769c348,,0,273,1207,08:A6:F7:69:C3:48,,11872,30,2,,32,,,1692217,1782139007533,1692224,1782139007540,,1782139007461,28,2026-06-22T14:36:47.8862639Z,239,,oasis/bottle,0
,,,,,,6,local.mqtt.telegraf,55,21.06,,periodic,,71,-5437,37,35,,,5,08a6f75abdf0,,0,274,1212,08:A6:F7:5A:BD:F0,,5508,34,2,,36,,,1692976,1782139008292,1692982,1782139008298,,1782139008221,29,2026-06-22T14:36:48.6577808Z,240,,oasis/bottle,0
,,,,,,6,local.mqtt.telegraf,56,40.41,,periodic,,67,-19634,20,18,,,5,08a6f7bb3c68,,0,273,1216,08:A6:F7:BB:3C:68,,19701,47,2,,49,,,1693596,1782139008912,1693602,1782139008918,,1782139008845,28,2026-06-22T14:36:49.2927299Z,238,,oasis/bottle,0
,,,,,,7,local.mqtt.telegraf,57,37.63,,periodic,,71,-13321,41,39,,,5,08a6f769c348,,0,273,1208,08:A6:F7:69:C3:48,,13392,30,2,,32,,,1693736,1782139009052,1693743,1782139009059,,1782139008981,28,2026-06-22T14:36:49.4122882Z,239,,oasis/bottle,0
,,,,,,6,local.mqtt.telegraf,55,21.27,,periodic,,80,-6838,46,44,,,5,08a6f75abdf0,,0,274,1213,08:A6:F7:5A:BD:F0,,6918,34,2,,36,,,1694395,1782139009711,1694401,1782139009717,,1782139009631,29,2026-06-22T14:36:50.0826641Z,240,,oasis/bottle,0
,,,,,,6,local.mqtt.telegraf,56,40.47,,periodic,,75,-533,41,39,,,5,08a6f7bb3c68,,0,273,1217,08:A6:F7:BB:3C:68,,608,34,2,,36,,,1694716,1782139010032,1694722,1782139010038,,1782139009957,28,2026-06-22T14:36:50.4032752Z,241,,oasis/bottle,0
,,,,,,6,local.mqtt.telegraf,57,37.61,,periodic,,73,-14558,43,41,,,5,08a6f769c348,,0,273,1209,08:A6:F7:69:C3:48,,14631,30,2,,32,,,1694977,1782139010293,1694983,1782139010299,,1782139010220,28,2026-06-22T14:36:50.6610196Z,239,,oasis/bottle,0
,,,,,,6,local.mqtt.telegraf,55,21.15,,periodic,,71,-8497,37,35,,,5,08a6f75abdf0,,0,274,1214,08:A6:F7:5A:BD:F0,,8568,34,2,,36,,,1696036,1782139011352,1696042,1782139011358,,1782139011281,29,2026-06-22T14:36:51.7319639Z,240,,oasis/bottle,0
,,,,,,6,local.mqtt.telegraf,57,37.61,,periodic,,72,-15849,42,40,,,5,08a6f769c348,,0,273,1210,08:A6:F7:69:C3:48,,15921,30,2,,32,,,1696266,1782139011582,1696272,1782139011588,,1782139011510,28,2026-06-22T14:36:51.9493724Z,239,,oasis/bottle,0
,,,,,,6,local.mqtt.telegraf,56,40.52,,periodic,,68,-2169,34,32,,,5,08a6f7bb3c68,,0,273,1218,08:A6:F7:BB:3C:68,,2237,34,2,,36,,,1696338,1782139011654,1696344,1782139011660,,1782139011586,28,2026-06-22T14:36:52.0035028Z,241,,oasis/bottle,0
,,,,,,6,local.mqtt.telegraf,55,21.15,,periodic,,71,-9977,37,35,,,5,08a6f75abdf0,,0,274,1215,08:A6:F7:5A:BD:F0,,10048,34,2,,36,,,1697516,1782139012832,1697522,1782139012838,,1782139012761,29,2026-06-22T14:36:53.2119964Z,240,,oasis/bottle,0
,,,,,,6,local.mqtt.telegraf,57,37.69,,periodic,,72,-17219,42,40,,,5,08a6f769c348,,0,273,1211,08:A6:F7:69:C3:48,,17291,30,2,,32,,,1697636,1782139012952,1697642,1782139012958,,1782139012880,28,2026-06-22T14:36:53.2695464Z,239,,oasis/bottle,0
,,,,,,6,local.mqtt.telegraf,56,40.41,,periodic,,76,-3611,42,40,,,5,08a6f7bb3c68,,0,273,1219,08:A6:F7:BB:3C:68,,3687,34,2,,36,,,1697796,1782139013112,1697802,1782139013118,,1782139013036,28,2026-06-22T14:36:53.4735182Z,241,,oasis/bottle,0
,,,,,,6,local.mqtt.telegraf,55,21.26,,periodic,,71,-11117,37,35,,,5,08a6f75abdf0,,0,274,1216,08:A6:F7:5A:BD:F0,,11188,34,2,,36,,,1698656,1782139013972,1698662,1782139013978,,1782139013901,29,2026-06-22T14:36:54.3457195Z,240,,oasis/bottle,0
,,,,,,7,local.mqtt.telegraf,56,40.49,,periodic,,65,-4723,31,29,,,5,08a6f7bb3c68,,0,273,1220,08:A6:F7:BB:3C:68,,4788,34,2,,36,,,1698886,1782139014202,1698893,1782139014209,,1782139014137,28,2026-06-22T14:36:54.5865652Z,241,,oasis/bottle,0
,,,,,,7,local.mqtt.telegraf,57,37.7,,periodic,,78,-18757,48,46,,,5,08a6f769c348,,0,273,1212,08:A6:F7:69:C3:48,,18835,30,2,,32,,,1699186,1782139014502,1699192,1782139014509,,1782139014424,28,2026-06-22T14:36:54.8779542Z,239,,oasis/bottle,0
,,,,,,6,local.mqtt.telegraf,55,21.22,,periodic,,61,-12207,27,25,,,5,08a6f75abdf0,,0,274,1217,08:A6:F7:5A:BD:F0,,12268,34,2,,36,,,1699726,1782139015042,1699732,1782139015048,,1782139014981,29,2026-06-22T14:36:55.4175147Z,240,,oasis/bottle,0
,,,,,,6,local.mqtt.telegraf,57,37.74,,periodic,,72,-20049,42,40,,,5,08a6f769c348,,0,273,1213,08:A6:F7:69:C3:48,,20121,30,2,,32,,,1700466,1782139015782,1700472,1782139015788,,1782139015710,28,2026-06-22T14:36:56.1478233Z,239,,oasis/bottle,0
,,,,,,6,local.mqtt.telegraf,57,40.49,,periodic,,74,-6323,40,38,,,5,08a6f7bb3c68,,0,273,1221,08:A6:F7:BB:3C:68,,6397,34,2,,36,,,1700504,1782139015820,1700510,1782139015826,,1782139015746,28,2026-06-22T14:36:56.1790681Z,241,,oasis/bottle,0
,,,,,,7,local.mqtt.telegraf,55,21.23,,periodic,,61,-13757,27,25,,,5,08a6f75abdf0,,0,273,1218,08:A6:F7:5A:BD:F0,,13818,34,2,,36,,,1701276,1782139016592,1701283,1782139016599,,1782139016531,29,2026-06-22T14:36:56.9537584Z,240,,oasis/bottle,0
,,,,,,6,local.mqtt.telegraf,57,37.85,,periodic,,66,-1186,18,16,,,5,08a6f769c348,,0,274,1214,08:A6:F7:69:C3:48,,1252,48,2,,50,,,1701826,1782139017143,1701833,1782139017149,,1782139017077,28,2026-06-22T14:36:57.5167633Z,242,,oasis/bottle,0
,,,,,,7,local.mqtt.telegraf,56,40.43,,periodic,,68,-7739,34,32,,,5,08a6f7bb3c68,,0,273,1222,08:A6:F7:BB:3C:68,,7807,34,2,,36,,,1701908,1782139017224,1701915,1782139017231,,1782139017156,28,2026-06-22T14:36:57.5783215Z,241,,oasis/bottle,0
,,,,,,6,local.mqtt.telegraf,55,21.22,,periodic,,71,-15047,37,35,,,5,08a6f75abdf0,,0,274,1219,08:A6:F7:5A:BD:F0,,15118,34,2,,36,,,1702586,1782139017902,1702592,1782139017908,,1782139017831,29,2026-06-22T14:36:58.2755122Z,240,,oasis/bottle,0
,,,,,,6,local.mqtt.telegraf,57,37.61,,periodic,,65,-2717,17,15,,,5,08a6f769c348,,0,273,1215,08:A6:F7:69:C3:48,,2782,48,2,,50,,,1703356,1782139018672,1703362,1782139018678,,1782139018607,28,2026-06-22T14:36:59.0507058Z,242,,oasis/bottle,0
,,,,,,6,local.mqtt.telegraf,57,40.48,,periodic,,76,-9341,42,40,,,5,08a6f7bb3c68,,0,273,1223,08:A6:F7:BB:3C:68,,9417,34,2,,36,,,1703526,1782139018842,1703532,1782139018848,,1782139018766,28,2026-06-22T14:36:59.2155096Z,241,,oasis/bottle,0
,,,,,,6,local.mqtt.telegraf,55,21.13,,periodic,,61,-16467,27,25,,,5,08a6f75abdf0,,0,274,1220,08:A6:F7:5A:BD:F0,,16528,34,2,,36,,,1703986,1782139019302,1703992,1782139019308,,1782139019241,29,2026-06-22T14:36:59.6725227Z,240,,oasis/bottle,0
,,,,,,6,local.mqtt.telegraf,57,37.85,,periodic,,65,-3977,17,15,,,5,08a6f769c348,,0,273,1216,08:A6:F7:69:C3:48,,4042,48,2,,50,,,1704616,1782139019932,1704622,1782139019938,,1782139019867,28,2026-06-22T14:37:00.3202764Z,242,,oasis/bottle,0
,,,,,,6,local.mqtt.telegraf,57,40.4,,periodic,,66,-10771,32,30,,,5,08a6f7bb3c68,,0,273,1224,08:A6:F7:BB:3C:68,,10837,34,2,,36,,,1704936,1782139020252,1704942,1782139020258,,1782139020186,28,2026-06-22T14:37:00.6422291Z,241,,oasis/bottle,0
,,,,,,6,local.mqtt.telegraf,54,21.09,,periodic,,71,-18057,37,35,,,5,08a6f75abdf0,,0,274,1221,08:A6:F7:5A:BD:F0,,18128,34,2,,36,,,1705596,1782139020912,1705602,1782139020918,,1782139020841,29,2026-06-22T14:37:01.286364Z,240,,oasis/bottle,0
,,,,,,6,local.mqtt.telegraf,57,37.7,,periodic,,66,-5285,18,16,,,5,08a6f769c348,,0,273,1217,08:A6:F7:69:C3:48,,5351,48,2,,50,,,1705926,1782139021242,1705932,1782139021248,,1782139021176,28,2026-06-22T14:37:01.624557Z,242,,oasis/bottle,0
,,,,,,6,local.mqtt.telegraf,57,40.31,,periodic,,76,-11811,42,40,,,5,08a6f7bb3c68,,0,273,1225,08:A6:F7:BB:3C:68,,11887,34,2,,36,,,1705996,1782139021312,1706002,1782139021318,,1782139021236,28,2026-06-22T14:37:01.6842316Z,241,,oasis/bottle,0
,,,,,,6,local.mqtt.telegraf,55,21.15,,periodic,,61,-19507,27,25,,,5,08a6f75abdf0,,0,274,1222,08:A6:F7:5A:BD:F0,,19568,34,2,,36,,,1707026,1782139022342,1707032,1782139022348,,1782139022281,29,2026-06-22T14:37:02.7208894Z,240,,oasis/bottle,0
,,,,,,6,local.mqtt.telegraf,57,37.59,,periodic,,66,-6695,18,16,,,5,08a6f769c348,,0,273,1218,08:A6:F7:69:C3:48,,6761,48,2,,50,,,1707336,1782139022652,1707342,1782139022658,,1782139022586,28,2026-06-22T14:37:03.0231304Z,242,,oasis/bottle,0
,,,,,,6,local.mqtt.telegraf,57,40.58,,periodic,,67,-13310,33,31,,,5,08a6f7bb3c68,,0,273,1226,08:A6:F7:BB:3C:68,,13377,34,2,,36,,,1707477,1782139022793,1707483,1782139022799,,1782139022726,28,2026-06-22T14:37:03.1629966Z,241,,oasis/bottle,0
,,,,,,6,local.mqtt.telegraf,55,21.1,,periodic,,71,-331,42,40,,,5,08a6f75abdf0,,0,274,1223,08:A6:F7:5A:BD:F0,,402,29,2,,31,,,1708076,1782139023392,1708082,1782139023398,,1782139023321,29,2026-06-22T14:37:03.7599068Z,243,,oasis/bottle,0
,,,,,,6,local.mqtt.telegraf,57,40.36,,periodic,,76,-14471,42,40,,,5,08a6f7bb3c68,,0,273,1227,08:A6:F7:BB:3C:68,,14547,34,2,,36,,,1708656,1782139023972,1708662,1782139023978,,1782139023896,28,2026-06-22T14:37:04.3453985Z,241,,oasis/bottle,0
,,,,,,6,local.mqtt.telegraf,57,37.79,,periodic,,65,-8317,17,15,,,5,08a6f769c348,,0,273,1219,08:A6:F7:69:C3:48,,8382,48,2,,50,,,1708956,1782139024272,1708962,1782139024278,,1782139024207,28,2026-06-22T14:37:04.6562579Z,242,,oasis/bottle,0
,,,,,,6,local.mqtt.telegraf,55,21.21,,periodic,,62,-1820,33,31,,,5,08a6f75abdf0,,0,274,1224,08:A6:F7:5A:BD:F0,,1882,29,2,,31,,,1709546,1782139024863,1709553,1782139024869,,1782139024801,29,2026-06-22T14:37:05.2320371Z,243,,oasis/bottle,0
,,,,,,6,local.mqtt.telegraf,57,40.41,,periodic,,66,-15631,32,30,,,5,08a6f7bb3c68,,0,273,1228,08:A6:F7:BB:3C:68,,15697,34,2,,36,,,1709796,1782139025112,1709802,1782139025118,,1782139025046,28,2026-06-22T14:37:05.4788697Z,241,,oasis/bottle,0
,,,,,,6,local.mqtt.telegraf,57,37.59,,periodic,,66,-9755,18,16,,,5,08a6f769c348,,0,273,1220,08:A6:F7:69:C3:48,,9821,48,2,,50,,,1710396,1782139025712,1710402,1782139025718,,1782139025646,28,2026-06-22T14:37:06.0766879Z,242,,oasis/bottle,0
,,,,,,6,local.mqtt.telegraf,55,21.01,,periodic,,61,-2981,32,30,,,5,08a6f75abdf0,,0,274,1225,08:A6:F7:5A:BD:F0,,3042,29,2,,31,,,1710706,1782139026022,1710712,1782139026028,,1782139025961,29,2026-06-22T14:37:06.4053719Z,243,,oasis/bottle,0
,,,,,,6,local.mqtt.telegraf,56,40.62,,periodic,,66,-16721,32,30,,,5,08a6f7bb3c68,,0,273,1229,08:A6:F7:BB:3C:68,,16787,34,2,,36,,,1710886,1782139026202,1710892,1782139026208,,1782139026136,28,2026-06-22T14:37:06.5732495Z,241,,oasis/bottle,0
,,,,,,6,local.mqtt.telegraf,57,37.61,,periodic,,66,-10825,18,16,,,5,08a6f769c348,,0,273,1221,08:A6:F7:69:C3:48,,10891,48,2,,50,,,1711466,1782139026782,1711472,1782139026788,,1782139026716,28,2026-06-22T14:37:07.1501965Z,242,,oasis/bottle,0
,,,,,,6,local.mqtt.telegraf,55,21.05,,periodic,,71,-4081,42,40,,,5,08a6f75abdf0,,0,274,1226,08:A6:F7:5A:BD:F0,,4152,29,2,,31,,,1711826,1782139027142,1711832,1782139027148,,1782139027071,29,2026-06-22T14:37:07.5145855Z,243,,oasis/bottle,0
,,,,,,6,local.mqtt.telegraf,56,40.37,,periodic,,76,-18291,42,40,,,5,08a6f7bb3c68,,0,273,1230,08:A6:F7:BB:3C:68,,18367,34,2,,36,,,1712476,1782139027792,1712482,1782139027798,,1782139027716,28,2026-06-22T14:37:08.1656368Z,241,,oasis/bottle,0
,,,,,,6,local.mqtt.telegraf,57,37.65,,periodic,,75,-12357,27,25,,,5,08a6f769c348,,0,273,1222,08:A6:F7:69:C3:48,,12432,48,2,,50,,,1713016,1782139028332,1713022,1782139028338,,1782139028257,28,2026-06-22T14:37:08.698051Z,242,,oasis/bottle,0
,,,,,,6,local.mqtt.telegraf,55,21.02,,periodic,,71,-5711,42,40,,,5,08a6f75abdf0,,0,274,1227,08:A6:F7:5A:BD:F0,,5782,29,2,,31,,,1713456,1782139028772,1713462,1782139028778,,1782139028701,29,2026-06-22T14:37:09.1449568Z,243,,oasis/bottle,0
,,,,,,6,local.mqtt.telegraf,57,40.55,,periodic,,66,-19661,32,30,,,5,08a6f7bb3c68,,0,273,1231,08:A6:F7:BB:3C:68,,19727,34,2,,36,,,1713826,1782139029142,1713832,1782139029148,,1782139029076,28,2026-06-22T14:37:09.5076375Z,241,,oasis/bottle,0
,,,,,,6,local.mqtt.telegraf,57,37.63,,periodic,,64,-13658,16,14,,,5,08a6f769c348,,0,273,1223,08:A6:F7:69:C3:48,,13722,48,2,,50,,,1714295,1782139029611,1714301,1782139029617,,1782139029547,28,2026-06-22T14:37:09.9756374Z,242,,oasis/bottle,0
,,,,,,6,local.mqtt.telegraf,55,21.1,,periodic,,61,-7171,32,30,,,5,08a6f75abdf0,,0,274,1228,08:A6:F7:5A:BD:F0,,7232,29,2,,31,,,1714896,1782139030212,1714902,1782139030218,,1782139030151,29,2026-06-22T14:37:10.5781868Z,243,,oasis/bottle,0
,,,,,,6,local.mqtt.telegraf,56,40.4,,periodic,,72,-959,41,39,,,5,08a6f7bb3c68,,0,273,1232,08:A6:F7:BB:3C:68,,1031,31,2,,33,,,1715346,1782139030662,1715352,1782139030668,,1782139030590,28,2026-06-22T14:37:11.0395231Z,244,,oasis/bottle,0
,,,,,,6,local.mqtt.telegraf,57,37.75,,periodic,,65,-15027,17,15,,,5,08a6f769c348,,0,273,1224,08:A6:F7:69:C3:48,,15092,48,2,,50,,,1715666,1782139030982,1715672,1782139030988,,1782139030917,28,2026-06-22T14:37:11.3573254Z,242,,oasis/bottle,0
,,,,,,6,local.mqtt.telegraf,55,21.27,,periodic,,71,-8261,42,40,,,5,08a6f75abdf0,,0,274,1229,08:A6:F7:5A:BD:F0,,8332,29,2,,31,,,1716006,1782139031322,1716012,1782139031328,,1782139031251,29,2026-06-22T14:37:11.694304Z,243,,oasis/bottle,0
,,,,,,7,local.mqtt.telegraf,56,40.44,,periodic,,63,-2197,32,30,,,5,08a6f7bb3c68,,0,273,1233,08:A6:F7:BB:3C:68,,2260,31,2,,33,,,1716566,1782139031882,1716572,1782139031889,,1782139031819,28,2026-06-22T14:37:12.2486347Z,244,,oasis/bottle,0
,,,,,,6,local.mqtt.telegraf,57,37.62,,periodic,,67,-16554,19,17,,,5,08a6f769c348,,0,273,1225,08:A6:F7:69:C3:48,,16621,48,2,,50,,,1717197,1782139032513,1717203,1782139032519,,1782139032446,28,2026-06-22T14:37:12.8791559Z,242,,oasis/bottle,0
,,,,,,7,local.mqtt.telegraf,55,21.13,,periodic,,61,-9871,32,30,,,5,08a6f75abdf0,,0,274,1230,08:A6:F7:5A:BD:F0,,9932,29,2,,31,,,1717596,1782139032912,1717603,1782139032919,,1782139032851,29,2026-06-22T14:37:13.2753322Z,243,,oasis/bottle,0
,,,,,,7,local.mqtt.telegraf,57,40.31,,periodic,,62,-3439,31,29,,,5,08a6f7bb3c68,,0,273,1234,08:A6:F7:BB:3C:68,,3501,31,2,,33,,,1717806,1782139033122,1717812,1782139033129,,1782139033060,28,2026-06-22T14:37:13.4809108Z,244,,oasis/bottle,0
,,,,,,6,local.mqtt.telegraf,57,37.61,,periodic,,66,-17825,18,16,,,5,08a6f769c348,,0,273,1226,08:A6:F7:69:C3:48,,17891,48,2,,50,,,1718466,1782139033782,1718472,1782139033788,,1782139033716,28,2026-06-22T14:37:14.1557552Z,242,,oasis/bottle,0
,,,,,,7,local.mqtt.telegraf,55,21.22,,periodic,,61,-11271,32,30,,,5,08a6f75abdf0,,0,273,1231,08:A6:F7:5A:BD:F0,,11332,29,2,,31,,,1718996,1782139034312,1719003,1782139034319,,1782139034251,29,2026-06-22T14:37:14.6894741Z,243,,oasis/bottle,0
,,,,,,6,local.mqtt.telegraf,56,40.45,,periodic,,73,-4707,42,40,,,5,08a6f7bb3c68,,0,273,1235,08:A6:F7:BB:3C:68,,4780,31,2,,33,,,1719096,1782139034412,1719102,1782139034418,,1782139034339,28,2026-06-22T14:37:14.7387734Z,244,,oasis/bottle,0
,,,,,,14,local.mqtt.telegraf,57,37.69,,periodic,,66,-19155,18,16,,,5,08a6f769c348,,0,273,1227,08:A6:F7:69:C3:48,,19221,48,2,,50,,,1719796,1782139035112,1719810,1782139035126,,1782139035046,28,2026-06-22T14:37:15.4832357Z,242,,oasis/bottle,0
,,,,,,6,local.mqtt.telegraf,56,40.33,,periodic,,63,-6087,32,30,,,5,08a6f7bb3c68,,0,273,1236,08:A6:F7:BB:3C:68,,6150,31,2,,33,,,1720456,1782139035772,1720462,1782139035778,,1782139035709,28,2026-06-22T14:37:16.1448928Z,244,,oasis/bottle,0
,,,,,,7,local.mqtt.telegraf,55,21.02,,periodic,,71,-12851,42,40,,,5,08a6f75abdf0,,0,273,1232,08:A6:F7:5A:BD:F0,,12922,29,2,,31,,,1720596,1782139035912,1720603,1782139035919,,1782139035841,29,2026-06-22T14:37:16.2871518Z,243,,oasis/bottle,0
,,,,,,5,local.mqtt.telegraf,57,37.57,,periodic,,70,-431,42,39,,,5,08a6f769c348,,0,273,1228,08:A6:F7:69:C3:48,,501,28,2,,31,,,1721265,1782139036582,1721271,1782139036587,,1782139036512,28,2026-06-22T14:37:16.9482333Z,245,,oasis/bottle,0
,,,,,,11,local.mqtt.telegraf,55,21.09,,periodic,,61,-14251,32,30,,,5,08a6f75abdf0,,0,273,1233,08:A6:F7:5A:BD:F0,,14312,29,2,,31,,,1721976,1782139037292,1721987,1782139037303,,1782139037231,29,2026-06-22T14:37:17.6470675Z,243,,oasis/bottle,0
,,,,,,6,local.mqtt.telegraf,57,40.4,,periodic,,98,-7582,67,65,,,5,08a6f7bb3c68,,0,273,1237,08:A6:F7:BB:3C:68,,7680,31,2,,33,,,1722021,1782139037337,1722027,1782139037343,,1782139037239,28,2026-06-22T14:37:17.6854797Z,244,,oasis/bottle,0
,,,,,,6,local.mqtt.telegraf,57,37.69,,periodic,,70,-1571,42,39,,,5,08a6f769c348,,0,273,1229,08:A6:F7:69:C3:48,,1641,28,2,,31,,,1722406,1782139037722,1722412,1782139037728,,1782139037652,28,2026-06-22T14:37:18.1067569Z,245,,oasis/bottle,0
,,,,,,6,local.mqtt.telegraf,57,40.32,,periodic,,63,-8877,32,30,,,5,08a6f7bb3c68,,0,273,1238,08:A6:F7:BB:3C:68,,8940,31,2,,33,,,1723246,1782139038562,1723252,1782139038568,,1782139038499,28,2026-06-22T14:37:18.936165Z,244,,oasis/bottle,0
,,,,,,7,local.mqtt.telegraf,57,37.7,,periodic,,70,-2641,42,39,,,5,08a6f769c348,,0,273,1230,08:A6:F7:69:C3:48,,2711,28,2,,31,,,1723476,1782139038792,1723483,1782139038799,,1782139038722,28,2026-06-22T14:37:19.1845553Z,245,,oasis/bottle,0
,,,,,,7,local.mqtt.telegraf,55,21.07,,periodic,,71,-15801,42,40,,,5,08a6f75abdf0,,0,273,1234,08:A6:F7:5A:BD:F0,,15872,29,2,,31,,,1723546,1782139038862,1723553,1782139038869,,1782139038791,29,2026-06-22T14:37:19.2485217Z,243,,oasis/bottle,0
,,,,,,6,local.mqtt.telegraf,56,40.25,,periodic,,72,-10189,41,39,,,5,08a6f7bb3c68,,0,273,1239,08:A6:F7:BB:3C:68,,10261,31,2,,33,,,1724576,1782139039892,1724582,1782139039898,,1782139039820,28,2026-06-22T14:37:20.2668414Z,244,,oasis/bottle,0
,,,,,,6,local.mqtt.telegraf,55,21.11,,periodic,,62,-17140,33,31,,,5,08a6f75abdf0,,0,274,1235,08:A6:F7:5A:BD:F0,,17202,29,2,,31,,,1724866,1782139040183,1724873,1782139040189,,1782139040121,29,2026-06-22T14:37:20.5458263Z,243,,oasis/bottle,0
,,,,,,6,local.mqtt.telegraf,57,37.61,,periodic,,70,-4191,42,39,,,5,08a6f769c348,,0,273,1231,08:A6:F7:69:C3:48,,4261,28,2,,31,,,1725026,1782139040342,1725032,1782139040348,,1782139040272,28,2026-06-22T14:37:20.7185004Z,245,,oasis/bottle,0
,,,,,,6,local.mqtt.telegraf,56,40.41,,periodic,,62,-11639,31,29,,,5,08a6f7bb3c68,,0,273,1240,08:A6:F7:BB:3C:68,,11701,31,2,,33,,,1726006,1782139041322,1726012,1782139041328,,1782139041260,28,2026-06-22T14:37:21.6942793Z,244,,oasis/bottle,0
,,,,,,6,local.mqtt.telegraf,57,37.59,,periodic,,70,-5471,42,39,,,5,08a6f769c348,,0,273,1232,08:A6:F7:69:C3:48,,5541,28,2,,31,,,1726306,1782139041622,1726312,1782139041628,,1782139041552,28,2026-06-22T14:37:21.9703115Z,245,,oasis/bottle,0
,,,,,,11,local.mqtt.telegraf,55,21.1,,periodic,,78,-18574,49,47,,,5,08a6f75abdf0,,0,273,1236,08:A6:F7:5A:BD:F0,,18652,29,2,,31,,,1726333,1782139041649,1726344,1782139041660,,1782139041571,29,2026-06-22T14:37:22.0084256Z,243,,oasis/bottle,0
,,,,,,6,local.mqtt.telegraf,57,40.44,,periodic,,63,-12707,32,30,,,5,08a6f7bb3c68,,0,273,1241,08:A6:F7:BB:3C:68,,12770,31,2,,33,,,1727076,1782139042392,1727082,1782139042398,,1782139042329,28,2026-06-22T14:37:22.7673548Z,244,,oasis/bottle,0
,,,,,,6,local.mqtt.telegraf,55,21.11,,periodic,,69,-19685,40,38,,,5,08a6f75abdf0,,0,273,1237,08:A6:F7:5A:BD:F0,,19754,29,2,,31,,,1727426,1782139042742,1727432,1782139042748,,1782139042673,29,2026-06-22T14:37:23.1115827Z,243,,oasis/bottle,0
,,,,,,6,local.mqtt.telegraf,57,37.7,,periodic,,70,-6841,42,39,,,5,08a6f769c348,,0,273,1233,08:A6:F7:69:C3:48,,6911,28,2,,31,,,1727676,1782139042992,1727682,1782139042998,,1782139042922,28,2026-06-22T14:37:23.3618012Z,245,,oasis/bottle,0
,,,,,,6,local.mqtt.telegraf,57,40.28,,periodic,,71,-14240,40,38,,,5,08a6f7bb3c68,,0,273,1242,08:A6:F7:BB:3C:68,,14311,31,2,,33,,,1728625,1782139043941,1728631,1782139043947,,1782139043870,28,2026-06-22T14:37:24.30908Z,244,,oasis/bottle,0
,,,,,,6,local.mqtt.telegraf,55,21.1,,periodic,,71,-791,41,39,,,5,08a6f75abdf0,,0,274,1238,08:A6:F7:5A:BD:F0,,862,30,2,,32,,,1729026,1782139044342,1729032,1782139044348,,1782139044271,29,2026-06-22T14:37:24.7122657Z,246,,oasis/bottle,0
,,,,,,6,local.mqtt.telegraf,57,37.54,,periodic,,70,-8361,42,39,,,5,08a6f769c348,,0,273,1234,08:A6:F7:69:C3:48,,8431,28,2,,31,,,1729196,1782139044512,1729202,1782139044518,,1782139044442,28,2026-06-22T14:37:24.8770536Z,245,,oasis/bottle,0
,,,,,,6,local.mqtt.telegraf,57,40.19,,periodic,,63,-15537,32,30,,,5,08a6f7bb3c68,,0,273,1243,08:A6:F7:BB:3C:68,,15600,31,2,,33,,,1729906,1782139045222,1729912,1782139045228,,1782139045159,28,2026-06-22T14:37:25.5975929Z,244,,oasis/bottle,0
,,,,,,6,local.mqtt.telegraf,55,21.06,,periodic,,61,-2201,31,29,,,5,08a6f75abdf0,,0,274,1239,08:A6:F7:5A:BD:F0,,2262,30,2,,32,,,1730416,1782139045732,1730422,1782139045738,,1782139045671,29,2026-06-22T14:37:26.0743543Z,246,,oasis/bottle,0
,,,,,,14,local.mqtt.telegraf,57,37.61,,periodic,,66,-9615,38,35,,,5,08a6f769c348,,0,273,1235,08:A6:F7:69:C3:48,,9681,28,2,,31,,,1730442,1782139045758,1730456,1782139045772,,1782139045692,28,2026-06-22T14:37:26.1349555Z,245,,oasis/bottle,0
,,,,,,6,local.mqtt.telegraf,56,40.32,,periodic,,63,-16907,32,30,,,5,08a6f7bb3c68,,0,273,1244,08:A6:F7:BB:3C:68,,16970,31,2,,33,,,1731276,1782139046592,1731282,1782139046598,,1782139046529,28,2026-06-22T14:37:26.9564298Z,244,,oasis/bottle,0
,,,,,,6,local.mqtt.telegraf,57,37.65,,periodic,,69,-10903,41,38,,,5,08a6f769c348,,0,273,1236,08:A6:F7:69:C3:48,,10972,28,2,,31,,,1731736,1782139047052,1731742,1782139047058,,1782139046983,28,2026-06-22T14:37:27.4140388Z,245,,oasis/bottle,0
,,,,,,6,local.mqtt.telegraf,55,21.23,,periodic,,71,-3781,41,39,,,5,08a6f75abdf0,,0,274,1240,08:A6:F7:5A:BD:F0,,3852,30,2,,32,,,1732016,1782139047332,1732022,1782139047338,,1782139047261,29,2026-06-22T14:37:27.7017528Z,246,,oasis/bottle,0
,,,,,,6,local.mqtt.telegraf,57,40.33,,periodic,,62,-18439,31,29,,,5,08a6f7bb3c68,,0,274,1245,08:A6:F7:BB:3C:68,,18501,31,2,,33,,,1732806,1782139048122,1732812,1782139048128,,1782139048060,28,2026-06-22T14:37:28.494851Z,244,,oasis/bottle,0
,,,,,,6,local.mqtt.telegraf,57,37.63,,periodic,,71,-12280,43,40,,,5,08a6f769c348,,0,273,1237,08:A6:F7:69:C3:48,,12351,28,2,,31,,,1733116,1782139048433,1733123,1782139048439,,1782139048362,28,2026-06-22T14:37:28.8045537Z,245,,oasis/bottle,0
,,,,,,6,local.mqtt.telegraf,55,21.07,,periodic,,71,-5171,41,39,,,5,08a6f75abdf0,,0,274,1241,08:A6:F7:5A:BD:F0,,5242,30,2,,32,,,1733406,1782139048722,1733412,1782139048728,,1782139048651,29,2026-06-22T14:37:29.0985352Z,246,,oasis/bottle,0
,,,,,,6,local.mqtt.telegraf,57,39.96,,periodic,,63,-19697,32,30,,,5,08a6f7bb3c68,,0,273,1246,08:A6:F7:BB:3C:68,,19760,31,2,,33,,,1734066,1782139049382,1734072,1782139049388,,1782139049319,28,2026-06-22T14:37:29.7687077Z,244,,oasis/bottle,0
,,,,,,6,local.mqtt.telegraf,57,37.49,,periodic,,69,-13852,41,38,,,5,08a6f769c348,,0,273,1238,08:A6:F7:69:C3:48,,13921,28,2,,31,,,1734685,1782139050001,1734691,1782139050007,,1782139049932,28,2026-06-22T14:37:30.3765478Z,245,,oasis/bottle,0
,,,,,,6,local.mqtt.telegraf,55,21.11,,periodic,,71,-6751,41,39,,,5,08a6f75abdf0,,0,273,1242,08:A6:F7:5A:BD:F0,,6822,30,2,,32,,,1734986,1782139050302,1734992,1782139050308,,1782139050231,29,2026-06-22T14:37:30.6742306Z,246,,oasis/bottle,0
,,,,,,6,local.mqtt.telegraf,57,40.19,,periodic,,72,-799,41,39,,,5,08a6f7bb3c68,,0,273,1247,08:A6:F7:BB:3C:68,,871,31,2,,33,,,1735396,1782139050712,1735402,1782139050718,,1782139050640,28,2026-06-22T14:37:31.080198Z,247,,oasis/bottle,0
,,,,,,6,local.mqtt.telegraf,57,37.54,,periodic,,70,-15172,42,39,,,5,08a6f769c348,,0,273,1239,08:A6:F7:69:C3:48,,15242,28,2,,31,,,1736007,1782139051323,1736013,1782139051329,,1782139051253,28,2026-06-22T14:37:31.6893729Z,245,,oasis/bottle,0
,,,,,,6,local.mqtt.telegraf,55,21.14,,periodic,,61,-8111,31,29,,,5,08a6f75abdf0,,0,273,1243,08:A6:F7:5A:BD:F0,,8172,30,2,,32,,,1736326,1782139051642,1736332,1782139051648,,1782139051581,29,2026-06-22T14:37:32.0155952Z,246,,oasis/bottle,0
,,,,,,7,local.mqtt.telegraf,57,40.15,,periodic,,63,-2247,32,30,,,5,08a6f7bb3c68,,0,273,1248,08:A6:F7:BB:3C:68,,2310,31,2,,33,,,1736826,1782139052142,1736833,1782139052149,,1782139052079,28,2026-06-22T14:37:32.5063932Z,247,,oasis/bottle,0
,,,,,,6,local.mqtt.telegraf,57,37.59,,periodic,,69,-16623,41,38,,,5,08a6f769c348,,0,273,1240,08:A6:F7:69:C3:48,,16692,28,2,,31,,,1737456,1782139052772,1737462,1782139052778,,1782139052703,28,2026-06-22T14:37:33.1388805Z,245,,oasis/bottle,0
,,,,,,6,local.mqtt.telegraf,55,21.13,,periodic,,71,-9591,41,39,,,5,08a6f75abdf0,,0,273,1244,08:A6:F7:5A:BD:F0,,9662,30,2,,32,,,1737826,1782139053142,1737832,1782139053148,,1782139053071,29,2026-06-22T14:37:33.5058038Z,246,,oasis/bottle,0
,,,,,,6,local.mqtt.telegraf,57,40.23,,periodic,,72,-3319,41,39,,,5,08a6f7bb3c68,,0,273,1249,08:A6:F7:BB:3C:68,,3391,31,2,,33,,,1737916,1782139053232,1737922,1782139053238,,1782139053160,28,2026-06-22T14:37:33.5908767Z,247,,oasis/bottle,0
,,,,,,6,local.mqtt.telegraf,57,37.54,,periodic,,69,-17723,41,38,,,5,08a6f769c348,,0,273,1241,08:A6:F7:69:C3:48,,17792,28,2,,31,,,1738556,1782139053872,1738562,1782139053878,,1782139053803,28,2026-06-22T14:37:34.2508985Z,245,,oasis/bottle,0
,,,,,,6,local.mqtt.telegraf,55,21.18,,periodic,,61,-10791,31,29,,,5,08a6f75abdf0,,0,273,1245,08:A6:F7:5A:BD:F0,,10852,30,2,,32,,,1739006,1782139054322,1739012,1782139054328,,1782139054261,29,2026-06-22T14:37:34.7065141Z,246,,oasis/bottle,0
,,,,,,6,local.mqtt.telegraf,57,40.19,,periodic,,62,-4889,31,29,,,5,08a6f7bb3c68,,0,273,1250,08:A6:F7:BB:3C:68,,4951,31,2,,33,,,1739466,1782139054782,1739472,1782139054788,,1782139054720,28,2026-06-22T14:37:35.1490651Z,247,,oasis/bottle,0
,,,,,,6,local.mqtt.telegraf,57,37.61,,periodic,,69,-19323,41,38,,,5,08a6f769c348,,0,273,1242,08:A6:F7:69:C3:48,,19392,28,2,,31,,,1740156,1782139055472,1740162,1782139055478,,1782139055403,28,2026-06-22T14:37:35.8064903Z,245,,oasis/bottle,0
,,,,,,6,local.mqtt.telegraf,55,21.1,,periodic,,67,-11955,37,35,,,5,08a6f75abdf0,,0,273,1246,08:A6:F7:5A:BD:F0,,12022,30,2,,32,,,1740182,1782139055498,1740188,1782139055504,,1782139055431,29,2026-06-22T14:37:35.845704Z,246,,oasis/bottle,0
,,,,,,6,local.mqtt.telegraf,57,40.33,,periodic,,62,-6189,31,29,,,5,08a6f7bb3c68,,0,273,1251,08:A6:F7:BB:3C:68,,6251,31,2,,33,,,1740766,1782139056082,1740772,1782139056088,,1782139056020,28,2026-06-22T14:37:36.4540631Z,247,,oasis/bottle,0
,,,,,,6,local.mqtt.telegraf,55,20.89,,periodic,,61,-13101,31,29,,,5,08a6f75abdf0,,0,273,1247,08:A6:F7:5A:BD:F0,,13162,30,2,,32,,,1741316,1782139056632,1741322,1782139056638,,1782139056571,29,2026-06-22T14:37:36.9958839Z,246,,oasis/bottle,0
,,,,,,6,local.mqtt.telegraf,57,37.58,,periodic,,69,-492,38,36,,,5,08a6f769c348,,0,274,1243,08:A6:F7:69:C3:48,,561,31,2,,33,,,1741536,1782139056852,1741542,1782139056858,,1782139056783,28,2026-06-22T14:37:37.2130871Z,248,,oasis/bottle,0
,,,,,,6,local.mqtt.telegraf,57,40.19,,periodic,,72,-7589,41,39,,,5,08a6f7bb3c68,,0,273,1252,08:A6:F7:BB:3C:68,,7661,31,2,,33,,,1742186,1782139057502,1742192,1782139057508,,1782139057430,28,2026-06-22T14:37:37.8718738Z,247,,oasis/bottle,0
,,,,,,6,local.mqtt.telegraf,55,21.01,,periodic,,62,-14170,32,30,,,5,08a6f75abdf0,,0,274,1248,08:A6:F7:5A:BD:F0,,14232,30,2,,32,,,1742387,1782139057703,1742393,1782139057709,,1782139057641,29,2026-06-22T14:37:38.0690595Z,246,,oasis/bottle,0
,,,,,,6,local.mqtt.telegraf,57,37.41,,periodic,,69,-2052,38,36,,,5,08a6f769c348,,0,274,1244,08:A6:F7:69:C3:48,,2121,31,2,,33,,,1743096,1782139058412,1743102,1782139058418,,1782139058343,28,2026-06-22T14:37:38.7816528Z,248,,oasis/bottle,0
,,,,,,6,local.mqtt.telegraf,57,40.17,,periodic,,62,-9219,31,29,,,5,08a6f7bb3c68,,0,273,1253,08:A6:F7:BB:3C:68,,9281,31,2,,33,,,1743796,1782139059112,1743802,1782139059118,,1782139059050,28,2026-06-22T14:37:39.4753126Z,247,,oasis/bottle,0
,,,,,,6,local.mqtt.telegraf,55,20.97,,periodic,,71,-15701,41,39,,,5,08a6f75abdf0,,0,273,1249,08:A6:F7:5A:BD:F0,,15772,30,2,,32,,,1743936,1782139059252,1743942,1782139059258,,1782139059181,29,2026-06-22T14:37:39.6171922Z,246,,oasis/bottle,0
,,,,,,6,local.mqtt.telegraf,57,37.53,,periodic,,67,-3376,36,34,,,5,08a6f769c348,,0,273,1245,08:A6:F7:69:C3:48,,3443,31,2,,33,,,1744416,1782139059732,1744422,1782139059738,,1782139059665,28,2026-06-22T14:37:40.1142827Z,248,,oasis/bottle,0
,,,,,,6,local.mqtt.telegraf,55,21.07,,periodic,,61,-17001,31,29,,,5,08a6f75abdf0,,0,274,1250,08:A6:F7:5A:BD:F0,,17062,30,2,,32,,,1745216,1782139060532,1745222,1782139060538,,1782139060471,29,2026-06-22T14:37:40.8755091Z,246,,oasis/bottle,0
,,,,,,5,local.mqtt.telegraf,57,40.09,,periodic,,78,-10633,47,45,,,5,08a6f7bb3c68,,0,273,1254,08:A6:F7:BB:3C:68,,10711,31,2,,33,,,1745242,1782139060558,1745247,1782139060563,,1782139060480,28,2026-06-22T14:37:40.9158454Z,247,,oasis/bottle,0
,,,,,,6,local.mqtt.telegraf,57,37.47,,periodic,,70,-4820,39,37,,,5,08a6f769c348,,0,273,1246,08:A6:F7:69:C3:48,,4890,31,2,,33,,,1745866,1782139061182,1745872,1782139061188,,1782139061112,28,2026-06-22T14:37:41.5652962Z,248,,oasis/bottle,0
,,,,,,6,local.mqtt.telegraf,57,40.12,,periodic,,62,-11749,31,29,,,5,08a6f7bb3c68,,0,274,1255,08:A6:F7:BB:3C:68,,11811,31,2,,33,,,1746326,1782139061642,1746332,1782139061648,,1782139061580,28,2026-06-22T14:37:42.0122363Z,247,,oasis/bottle,0
,,,,,,6,local.mqtt.telegraf,55,21.03,,periodic,,71,-18361,41,39,,,5,08a6f75abdf0,,0,274,1251,08:A6:F7:5A:BD:F0,,18432,30,2,,32,,,1746596,1782139061912,1746602,1782139061918,,1782139061841,29,2026-06-22T14:37:42.2763872Z,246,,oasis/bottle,0
,,,,,,6,local.mqtt.telegraf,57,37.46,,periodic,,70,-5910,39,37,,,5,08a6f769c348,,0,273,1247,08:A6:F7:69:C3:48,,5980,31,2,,33,,,1746956,1782139062272,1746962,1782139062278,,1782139062202,28,2026-06-22T14:37:42.6438724Z,248,,oasis/bottle,0
,,,,,,6,local.mqtt.telegraf,56,39.93,,periodic,,73,-13297,42,40,,,5,08a6f7bb3c68,,0,273,1256,08:A6:F7:BB:3C:68,,13370,31,2,,33,,,1747896,1782139063212,1747902,1782139063218,,1782139063139,28,2026-06-22T14:37:43.579526Z,247,,oasis/bottle,0
,,,,,,15,local.mqtt.telegraf,55,20.94,,periodic,,61,-19911,31,29,,,5,08a6f75abdf0,,0,273,1252,08:A6:F7:5A:BD:F0,,19972,30,2,,32,,,1748126,1782139063442,1748141,1782139063457,,1782139063381,29,2026-06-22T14:37:43.8162957Z,246,,oasis/bottle,0
,,,,,,6,local.mqtt.telegraf,56,37.35,,periodic,,69,-7481,38,36,,,5,08a6f769c348,,0,273,1248,08:A6:F7:69:C3:48,,7550,31,2,,33,,,1748525,1782139063841,1748531,1782139063847,,1782139063772,28,2026-06-22T14:37:44.2054428Z,248,,oasis/bottle,0
,,,,,,6,local.mqtt.telegraf,56,39.93,,periodic,,62,-14629,31,29,,,5,08a6f7bb3c68,,0,273,1257,08:A6:F7:BB:3C:68,,14691,31,2,,33,,,1749206,1782139064522,1749212,1782139064528,,1782139064460,28,2026-06-22T14:37:44.8887317Z,247,,oasis/bottle,0
,,,,,,6,local.mqtt.telegraf,54,20.91,,periodic,,71,-950,40,38,,,5,08a6f75abdf0,,0,274,1253,08:A6:F7:5A:BD:F0,,1021,31,2,,33,,,1749406,1782139064722,1749412,1782139064728,,1782139064651,29,2026-06-22T14:37:45.1024406Z,249,,oasis/bottle,0
,,,,,,6,local.mqtt.telegraf,56,37.38,,periodic,,70,-8830,39,37,,,5,08a6f769c348,,0,273,1249,08:A6:F7:69:C3:48,,8900,31,2,,33,,,1749876,1782139065192,1749882,1782139065198,,1782139065122,28,2026-06-22T14:37:45.5576709Z,248,,oasis/bottle,0
,,,,,,6,local.mqtt.telegraf,56,39.88,,periodic,,72,-16049,41,39,,,5,08a6f7bb3c68,,0,273,1258,08:A6:F7:BB:3C:68,,16121,31,2,,33,,,1750646,1782139065962,1750652,1782139065968,,1782139065890,28,2026-06-22T14:37:46.3219669Z,247,,oasis/bottle,0
,,,,,,6,local.mqtt.telegraf,54,21.05,,periodic,,71,-2300,40,38,,,5,08a6f75abdf0,,0,274,1254,08:A6:F7:5A:BD:F0,,2371,31,2,,33,,,1750756,1782139066072,1750762,1782139066078,,1782139066001,29,2026-06-22T14:37:46.3823908Z,249,,oasis/bottle,0
,,,,,,6,local.mqtt.telegraf,56,37.43,,periodic,,70,-10330,39,37,,,5,08a6f769c348,,0,273,1250,08:A6:F7:69:C3:48,,10400,31,2,,33,,,1751376,1782139066692,1751382,1782139066698,,1782139066622,28,2026-06-22T14:37:47.0524077Z,248,,oasis/bottle,0
,,,,,,7,local.mqtt.telegraf,56,40,,periodic,,62,-17129,31,29,,,5,08a6f7bb3c68,,0,273,1259,08:A6:F7:BB:3C:68,,17191,31,2,,33,,,1751706,1782139067022,1751713,1782139067029,,1782139066960,28,2026-06-22T14:37:47.3933334Z,247,,oasis/bottle,0
,,,,,,6,local.mqtt.telegraf,54,21.05,,periodic,,71,-3790,40,38,,,5,08a6f75abdf0,,0,274,1255,08:A6:F7:5A:BD:F0,,3861,31,2,,33,,,1752246,1782139067562,1752252,1782139067568,,1782139067491,29,2026-06-22T14:37:47.9294718Z,249,,oasis/bottle,0
,,,,,,6,local.mqtt.telegraf,56,37.41,,periodic,,69,-11522,38,36,,,5,08a6f769c348,,0,273,1251,08:A6:F7:69:C3:48,,11591,31,2,,33,,,1752566,1782139067882,1752572,1782139067888,,1782139067813,28,2026-06-22T14:37:48.2437637Z,248,,oasis/bottle,0
,,,,,,6,local.mqtt.telegraf,56,39.98,,periodic,,73,-18647,42,40,,,5,08a6f7bb3c68,,0,273,1260,08:A6:F7:BB:3C:68,,18720,31,2,,33,,,1753246,1782139068562,1753252,1782139068568,,1782139068489,28,2026-06-22T14:37:48.9192958Z,247,,oasis/bottle,0
,,,,,,6,local.mqtt.telegraf,54,21.15,,periodic,,61,-4990,30,28,,,5,08a6f75abdf0,,0,273,1256,08:A6:F7:5A:BD:F0,,5051,31,2,,33,,,1753426,1782139068742,1753432,1782139068748,,1782139068681,29,2026-06-22T14:37:49.1023925Z,249,,oasis/bottle,0
,,,,,,7,local.mqtt.telegraf,56,37.54,,periodic,,69,-12702,38,36,,,5,08a6f769c348,,0,273,1252,08:A6:F7:69:C3:48,,12771,31,2,,33,,,1753746,1782139069062,1753753,1782139069069,,1782139068993,28,2026-06-22T14:37:49.422827Z,248,,oasis/bottle,0
,,,,,,6,local.mqtt.telegraf,56,39.88,,periodic,,63,-19927,32,30,,,5,08a6f7bb3c68,,0,273,1261,08:A6:F7:BB:3C:68,,19990,31,2,,33,,,1754506,1782139069822,1754512,1782139069828,,1782139069759,28,2026-06-22T14:37:50.192552Z,247,,oasis/bottle,0
,,,,,,6,local.mqtt.telegraf,54,21.02,,periodic,,62,-6149,31,29,,,5,08a6f75abdf0,,0,273,1257,08:A6:F7:5A:BD:F0,,6211,31,2,,33,,,1754587,1782139069903,1754593,1782139069909,,1782139069841,29,2026-06-22T14:37:50.2438159Z,249,,oasis/bottle,0
,,,,,,6,local.mqtt.telegraf,56,37.63,,periodic,,70,-13860,39,37,,,5,08a6f769c348,,0,273,1253,08:A6:F7:69:C3:48,,13930,31,2,,33,,,1754905,1782139070222,1754911,1782139070228,,1782139070152,28,2026-06-22T14:37:50.5937402Z,248,,oasis/bottle,0
,,,,,,6,local.mqtt.telegraf,54,21.06,,periodic,,72,-7258,41,39,,,5,08a6f75abdf0,,0,273,1258,08:A6:F7:5A:BD:F0,,7330,31,2,,33,,,1755716,1782139071032,1755722,1782139071038,,1782139070960,29,2026-06-22T14:37:51.3928674Z,249,,oasis/bottle,0
,,,,,,7,local.mqtt.telegraf,56,40,,periodic,,72,-1029,41,39,,,5,08a6f7bb3c68,,0,274,1262,08:A6:F7:BB:3C:68,,1101,31,2,,33,,,1755836,1782139071152,1755843,1782139071159,,1782139071080,28,2026-06-22T14:37:51.5253158Z,250,,oasis/bottle,0
,,,,,,7,local.mqtt.telegraf,56,37.62,,periodic,,66,-14968,35,33,,,5,08a6f769c348,,0,273,1254,08:A6:F7:69:C3:48,,15034,31,2,,33,,,1756006,1782139071322,1756013,1782139071329,,1782139071256,28,2026-06-22T14:37:51.6855008Z,248,,oasis/bottle,0
,,,,,,6,local.mqtt.telegraf,54,21.15,,periodic,,61,-8320,30,28,,,5,08a6f75abdf0,,0,273,1259,08:A6:F7:5A:BD:F0,,8381,31,2,,33,,,1756756,1782139072072,1756762,1782139072078,,1782139072011,29,2026-06-22T14:37:52.4377603Z,249,,oasis/bottle,0
,,,,,,6,local.mqtt.telegraf,56,40.01,,periodic,,62,-2489,31,29,,,5,08a6f7bb3c68,,0,273,1263,08:A6:F7:BB:3C:68,,2551,31,2,,33,,,1757276,1782139072592,1757282,1782139072598,,1782139072530,28,2026-06-22T14:37:52.9539401Z,250,,oasis/bottle,0
,,,,,,6,local.mqtt.telegraf,56,37.58,,periodic,,71,-16579,40,38,,,5,08a6f769c348,,0,273,1255,08:A6:F7:69:C3:48,,16650,31,2,,33,,,1757626,1782139072943,1757633,1782139072949,,1782139072872,28,2026-06-22T14:37:53.3092348Z,248,,oasis/bottle,0
,,,,,,6,local.mqtt.telegraf,54,21.02,,periodic,,62,-9808,31,29,,,5,08a6f75abdf0,,0,273,1260,08:A6:F7:5A:BD:F0,,9870,31,2,,33,,,1758246,1782139073562,1758252,1782139073568,,1782139073500,29,2026-06-22T14:37:53.9283194Z,249,,oasis/bottle,0
,,,,,,7,local.mqtt.telegraf,56,39.9,,periodic,,63,-3567,32,30,,,5,08a6f7bb3c68,,0,273,1264,08:A6:F7:BB:3C:68,,3630,31,2,,33,,,1758356,1782139073672,1758362,1782139073679,,1782139073609,28,2026-06-22T14:37:53.9890441Z,250,,oasis/bottle,0
,,,,,,6,local.mqtt.telegraf,56,37.62,,periodic,,68,-18014,37,35,,,5,08a6f769c348,,0,273,1256,08:A6:F7:69:C3:48,,18082,31,2,,33,,,1759056,1782139074372,1759062,1782139074378,,1782139074304,28,2026-06-22T14:37:54.7460689Z,248,,oasis/bottle,0
,,,,,,6,local.mqtt.telegraf,54,21.07,,periodic,,71,-10980,40,38,,,5,08a6f75abdf0,,0,273,1261,08:A6:F7:5A:BD:F0,,11051,31,2,,33,,,1759436,1782139074752,1759442,1782139074758,,1782139074681,29,2026-06-22T14:37:55.1238243Z,249,,oasis/bottle,0
,,,,,,6,local.mqtt.telegraf,56,40,,periodic,,73,-5127,42,40,,,5,08a6f7bb3c68,,0,273,1265,08:A6:F7:BB:3C:68,,5200,31,2,,33,,,1759936,1782139075252,1759942,1782139075258,,1782139075179,28,2026-06-22T14:37:55.6236101Z,250,,oasis/bottle,0
,,,,,,6,local.mqtt.telegraf,56,37.51,,periodic,,80,-19060,49,47,,,5,08a6f769c348,,0,273,1257,08:A6:F7:69:C3:48,,19140,31,2,,33,,,1760126,1782139075442,1760132,1782139075448,,1782139075362,28,2026-06-22T14:37:55.8093025Z,248,,oasis/bottle,0
,,,,,,6,local.mqtt.telegraf,54,21.13,,periodic,,61,-12150,30,28,,,5,08a6f75abdf0,,0,274,1262,08:A6:F7:5A:BD:F0,,12211,31,2,,33,,,1760586,1782139075902,1760592,1782139075908,,1782139075841,29,2026-06-22T14:37:56.2719584Z,249,,oasis/bottle,0
,,,,,,6,local.mqtt.telegraf,56,39.9,,periodic,,61,-6480,30,28,,,5,08a6f7bb3c68,,0,274,1266,08:A6:F7:BB:3C:68,,6541,31,2,,33,,,1761265,1782139076581,1761271,1782139076587,,1782139076520,28,2026-06-22T14:37:56.9380186Z,250,,oasis/bottle,0
,,,,,,6,local.mqtt.telegraf,56,37.49,,periodic,,66,-406,47,44,,,5,08a6f769c348,,0,274,1258,08:A6:F7:69:C3:48,,472,19,2,,22,,,1761646,1782139076962,1761652,1782139076968,,1782139076896,28,2026-06-22T14:37:57.3244869Z,251,,oasis/bottle,0
,,,,,,6,local.mqtt.telegraf,54,21.03,,periodic,,68,-13246,37,35,,,5,08a6f75abdf0,,0,273,1263,08:A6:F7:5A:BD:F0,,13314,31,2,,33,,,1761696,1782139077012,1761702,1782139077018,,1782139076944,29,2026-06-22T14:37:57.376781Z,249,,oasis/bottle,0
,,,,,,6,local.mqtt.telegraf,56,39.98,,periodic,,73,-7937,42,40,,,5,08a6f7bb3c68,,0,273,1267,08:A6:F7:BB:3C:68,,8010,31,2,,33,,,1762746,1782139078062,1762752,1782139078068,,1782139077989,28,2026-06-22T14:37:58.4318498Z,250,,oasis/bottle,0
,,,,,,6,local.mqtt.telegraf,56,37.42,,periodic,,67,-1644,48,45,,,5,08a6f769c348,,0,273,1259,08:A6:F7:69:C3:48,,1711,19,2,,22,,,1762886,1782139078202,1762892,1782139078208,,1782139078135,28,2026-06-22T14:37:58.5710503Z,251,,oasis/bottle,0
,,,,,,6,local.mqtt.telegraf,54,21.1,,periodic,,71,-14850,40,38,,,5,08a6f75abdf0,,0,274,1264,08:A6:F7:5A:BD:F0,,14921,31,2,,33,,,1763306,1782139078622,1763312,1782139078628,,1782139078551,29,2026-06-22T14:37:58.9986775Z,249,,oasis/bottle,0
,,,,,,6,local.mqtt.telegraf,56,39.89,,periodic,,63,-9097,32,30,,,5,08a6f7bb3c68,,0,273,1268,08:A6:F7:BB:3C:68,,9160,31,2,,33,,,1763886,1782139079202,1763892,1782139079208,,1782139079139,28,2026-06-22T14:37:59.5676312Z,250,,oasis/bottle,0
,,,,,,6,local.mqtt.telegraf,56,37.49,,periodic,,76,-2956,57,54,,,5,08a6f769c348,,0,273,1260,08:A6:F7:69:C3:48,,3032,19,2,,22,,,1764216,1782139079532,1764222,1782139079538,,1782139079456,28,2026-06-22T14:37:59.912287Z,251,,oasis/bottle,0
,,,,,,15,local.mqtt.telegraf,54,20.98,,periodic,,61,-16290,30,28,,,5,08a6f75abdf0,,0,274,1265,08:A6:F7:5A:BD:F0,,16351,31,2,,33,,,1764726,1782139080042,1764741,1782139080057,,1782139079981,29,2026-06-22T14:38:00.4157966Z,249,,oasis/bottle,0
,,,,,,6,local.mqtt.telegraf,56,39.77,,periodic,,62,-10189,31,29,,,5,08a6f7bb3c68,,0,273,1269,08:A6:F7:BB:3C:68,,10251,31,2,,33,,,1764976,1782139080292,1764982,1782139080298,,1782139080230,28,2026-06-22T14:38:00.6526625Z,250,,oasis/bottle,0
,,,,,,6,local.mqtt.telegraf,56,37.43,,periodic,,66,-4376,47,44,,,5,08a6f769c348,,0,273,1261,08:A6:F7:69:C3:48,,4442,19,2,,22,,,1765616,1782139080932,1765622,1782139080938,,1782139080866,28,2026-06-22T14:38:01.2924483Z,251,,oasis/bottle,0
,,,,,,7,local.mqtt.telegraf,54,21.02,,periodic,,61,-17330,30,28,,,5,08a6f75abdf0,,0,274,1266,08:A6:F7:5A:BD:F0,,17391,31,2,,33,,,1765766,1782139081082,1765773,1782139081089,,1782139081021,29,2026-06-22T14:38:01.4432729Z,249,,oasis/bottle,0
,,,,,,10,local.mqtt.telegraf,56,39.97,,periodic,,73,-11747,42,40,,,5,08a6f7bb3c68,,0,273,1270,08:A6:F7:BB:3C:68,,11820,31,2,,33,,,1766556,1782139081872,1766566,1782139081882,,1782139081799,28,2026-06-22T14:38:02.2414863Z,250,,oasis/bottle,0
,,,,,,6,local.mqtt.telegraf,56,37.46,,periodic,,67,-5985,48,45,,,5,08a6f769c348,,0,273,1262,08:A6:F7:69:C3:48,,6052,19,2,,22,,,1767226,1782139082543,1767233,1782139082549,,1782139082476,28,2026-06-22T14:38:02.8773885Z,251,,oasis/bottle,0
,,,,,,6,local.mqtt.telegraf,54,20.97,,periodic,,68,-18803,37,35,,,5,08a6f75abdf0,,0,273,1267,08:A6:F7:5A:BD:F0,,18871,31,2,,33,,,1767253,1782139082569,1767259,1782139082575,,1782139082501,29,2026-06-22T14:38:02.9138864Z,249,,oasis/bottle,0
,,,,,,6,local.mqtt.telegraf,56,39.78,,periodic,,62,-13109,31,29,,,5,08a6f7bb3c68,,0,273,1271,08:A6:F7:BB:3C:68,,13171,31,2,,33,,,1767896,1782139083212,1767902,1782139083218,,1782139083150,28,2026-06-22T14:38:03.5746949Z,250,,oasis/bottle,0
,,,,,,7,local.mqtt.telegraf,54,21.19,,periodic,,71,-19970,40,38,,,5,08a6f75abdf0,,0,273,1268,08:A6:F7:5A:BD:F0,,20041,31,2,,33,,,1768426,1782139083742,1768433,1782139083749,,1782139083671,29,2026-06-22T14:38:04.1042859Z,249,,oasis/bottle,0
,,,,,,5,local.mqtt.telegraf,56,37.61,,periodic,,66,-7406,47,44,,,5,08a6f769c348,,0,273,1263,08:A6:F7:69:C3:48,,7472,19,2,,22,,,1768646,1782139083962,1768651,1782139083967,,1782139083896,28,2026-06-22T14:38:04.3220912Z,251,,oasis/bottle,0
,,,,,,6,local.mqtt.telegraf,56,39.89,,periodic,,72,-14589,41,39,,,5,08a6f7bb3c68,,0,273,1272,08:A6:F7:BB:3C:68,,14661,31,2,,33,,,1769396,1782139084712,1769402,1782139084718,,1782139084640,28,2026-06-22T14:38:05.0763675Z,250,,oasis/bottle,0
,,,,,,6,local.mqtt.telegraf,54,20.89,,periodic,,71,-920,40,38,,,5,08a6f75abdf0,,0,274,1269,08:A6:F7:5A:BD:F0,,991,31,2,,33,,,1769586,1782139084902,1769592,1782139084908,,1782139084831,29,2026-06-22T14:38:05.2738293Z,252,,oasis/bottle,0
,,,,,,7,local.mqtt.telegraf,56,37.43,,periodic,,67,-9034,48,45,,,5,08a6f769c348,,0,273,1264,08:A6:F7:69:C3:48,,9101,19,2,,22,,,1770276,1782139085592,1770283,1782139085599,,1782139085525,28,2026-06-22T14:38:05.957764Z,251,,oasis/bottle,0
,,,,,,6,local.mqtt.telegraf,56,39.89,,periodic,,72,-15779,41,39,,,5,08a6f7bb3c68,,0,273,1273,08:A6:F7:BB:3C:68,,15851,31,2,,33,,,1770586,1782139085902,1770592,1782139085908,,1782139085830,28,2026-06-22T14:38:06.2673087Z,250,,oasis/bottle,0
,,,,,,7,local.mqtt.telegraf,54,20.99,,periodic,,61,-2020,30,28,,,5,08a6f75abdf0,,0,273,1270,08:A6:F7:5A:BD:F0,,2081,31,2,,33,,,1770666,1782139085982,1770673,1782139085989,,1782139085921,29,2026-06-22T14:38:06.3243099Z,252,,oasis/bottle,0
,,,,,,6,local.mqtt.telegraf,56,37.54,,periodic,,66,-10496,47,44,,,5,08a6f769c348,,0,273,1265,08:A6:F7:69:C3:48,,10562,19,2,,22,,,1771736,1782139087052,1771742,1782139087058,,1782139086986,28,2026-06-22T14:38:07.4038504Z,251,,oasis/bottle,0
,,,,,,13,local.mqtt.telegraf,56,39.64,,periodic,,77,-16944,46,44,,,5,08a6f7bb3c68,,0,273,1274,08:A6:F7:BB:3C:68,,17021,31,2,,33,,,1771761,1782139087077,1771774,1782139087090,,1782139087000,28,2026-06-22T14:38:07.4424739Z,250,,oasis/bottle,0
,,,,,,6,local.mqtt.telegraf,54,21.06,,periodic,,62,-3609,31,29,,,5,08a6f75abdf0,,0,273,1271,08:A6:F7:5A:BD:F0,,3671,31,2,,33,,,1772256,1782139087573,1772263,1782139087579,,1782139087511,30,2026-06-22T14:38:07.94657Z,252,,oasis/bottle,0
,,,,,,6,local.mqtt.telegraf,56,37.39,,periodic,,76,-11596,57,54,,,5,08a6f769c348,,0,273,1266,08:A6:F7:69:C3:48,,11672,19,2,,22,,,1772856,1782139088172,1772862,1782139088178,,1782139088096,28,2026-06-22T14:38:08.5256411Z,251,,oasis/bottle,0
,,,,,,6,local.mqtt.telegraf,56,39.76,,periodic,,73,-18087,42,40,,,5,08a6f7bb3c68,,0,273,1275,08:A6:F7:BB:3C:68,,18160,31,2,,33,,,1772896,1782139088212,1772902,1782139088218,,1782139088139,28,2026-06-22T14:38:08.5624573Z,250,,oasis/bottle,0
,,,,,,6,local.mqtt.telegraf,54,21.05,,periodic,,68,-4976,37,35,,,5,08a6f75abdf0,,0,273,1272,08:A6:F7:5A:BD:F0,,5044,31,2,,33,,,1773636,1782139088952,1773642,1782139088958,,1782139088884,29,2026-06-22T14:38:09.321131Z,252,,oasis/bottle,0
,,,,,,6,local.mqtt.telegraf,56,39.76,,periodic,,63,-19177,32,30,,,5,08a6f7bb3c68,,0,273,1276,08:A6:F7:BB:3C:68,,19240,31,2,,33,,,1773966,1782139089282,1773972,1782139089288,,1782139089219,28,2026-06-22T14:38:09.6477385Z,250,,oasis/bottle,0
,,,,,,6,local.mqtt.telegraf,56,37.43,,periodic,,66,-13246,47,44,,,5,08a6f769c348,,0,273,1267,08:A6:F7:69:C3:48,,13312,19,2,,22,,,1774486,1782139089802,1774492,1782139089808,,1782139089736,28,2026-06-22T14:38:10.1748848Z,251,,oasis/bottle,0
,,,,,,6,local.mqtt.telegraf,54,21.06,,periodic,,61,-6520,30,28,,,5,08a6f75abdf0,,0,273,1273,08:A6:F7:5A:BD:F0,,6581,31,2,,33,,,1775166,1782139090482,1775172,1782139090488,,1782139090421,30,2026-06-22T14:38:10.858901Z,252,,oasis/bottle,0
,,,,,,6,local.mqtt.telegraf,56,39.82,,periodic,,72,-510,43,41,,,5,08a6f7bb3c68,,0,274,1277,08:A6:F7:BB:3C:68,,582,29,2,,31,,,1775526,1782139090842,1775532,1782139090848,,1782139090770,28,2026-06-22T14:38:11.2045025Z,253,,oasis/bottle,0
,,,,,,6,local.mqtt.telegraf,56,37.57,,periodic,,77,-14694,58,55,,,5,08a6f769c348,,0,273,1268,08:A6:F7:69:C3:48,,14771,19,2,,22,,,1775956,1782139091272,1775962,1782139091278,,1782139091195,28,2026-06-22T14:38:11.6483909Z,251,,oasis/bottle,0
,,,,,,6,local.mqtt.telegraf,54,21.14,,periodic,,71,-7780,40,38,,,5,08a6f75abdf0,,0,273,1274,08:A6:F7:5A:BD:F0,,7851,31,2,,33,,,1776446,1782139091762,1776452,1782139091768,,1782139091691,29,2026-06-22T14:38:12.1255906Z,252,,oasis/bottle,0
,,,,,,6,local.mqtt.telegraf,56,39.84,,periodic,,72,-1820,43,41,,,5,08a6f7bb3c68,,0,273,1278,08:A6:F7:BB:3C:68,,1892,29,2,,31,,,1776836,1782139092152,1776842,1782139092158,,1782139092080,28,2026-06-22T14:38:12.5243842Z,253,,oasis/bottle,0
,,,,,,6,local.mqtt.telegraf,56,37.57,,periodic,,66,-15836,47,44,,,5,08a6f769c348,,0,273,1269,08:A6:F7:69:C3:48,,15902,19,2,,22,,,1777076,1782139092392,1777082,1782139092398,,1782139092326,28,2026-06-22T14:38:12.7583337Z,251,,oasis/bottle,0
,,,,,,6,local.mqtt.telegraf,54,21.05,,periodic,,61,-9130,30,28,,,5,08a6f75abdf0,,0,273,1275,08:A6:F7:5A:BD:F0,,9191,31,2,,33,,,1777776,1782139093092,1777782,1782139093098,,1782139093031,30,2026-06-22T14:38:13.4572553Z,252,,oasis/bottle,0
,,,,,,7,local.mqtt.telegraf,56,37.61,,periodic,,67,-16884,48,45,,,5,08a6f769c348,,0,273,1270,08:A6:F7:69:C3:48,,16951,19,2,,22,,,1778126,1782139093442,1778133,1782139093449,,1782139093375,28,2026-06-22T14:38:13.8082831Z,251,,oasis/bottle,0
,,,,,,8,local.mqtt.telegraf,56,40.15,,periodic,,73,-3228,44,42,,,5,08a6f7bb3c68,,0,273,1279,08:A6:F7:BB:3C:68,,3301,29,2,,31,,,1778246,1782139093562,1778254,1782139093570,,1782139093489,28,2026-06-22T14:38:13.9325973Z,253,,oasis/bottle,0
,,,,,,6,local.mqtt.telegraf,54,20.93,,periodic,,72,-10588,41,39,,,5,08a6f75abdf0,,0,273,1276,08:A6:F7:5A:BD:F0,,10660,31,2,,33,,,1779256,1782139094572,1779262,1782139094578,,1782139094500,30,2026-06-22T14:38:14.9361968Z,252,,oasis/bottle,0
,,,,,,6,local.mqtt.telegraf,56,37.58,,periodic,,67,-18385,48,45,,,5,08a6f769c348,,0,273,1271,08:A6:F7:69:C3:48,,18452,19,2,,22,,,1779626,1782139094943,1779633,1782139094949,,1782139094876,28,2026-06-22T14:38:15.3073076Z,251,,oasis/bottle,0
,,,,,,6,local.mqtt.telegraf,56,39.76,,periodic,,63,-4859,34,32,,,5,08a6f7bb3c68,,0,273,1280,08:A6:F7:BB:3C:68,,4922,29,2,,31,,,1779856,1782139095173,1779863,1782139095179,,1782139095110,28,2026-06-22T14:38:15.5435514Z,253,,oasis/bottle,0
,,,,,,7,local.mqtt.telegraf,54,20.98,,periodic,,71,-11740,40,38,,,5,08a6f75abdf0,,0,273,1277,08:A6:F7:5A:BD:F0,,11811,31,2,,33,,,1780406,1782139095722,1780413,1782139095729,,1782139095651,30,2026-06-22T14:38:16.0891069Z,252,,oasis/bottle,0
,,,,,,6,local.mqtt.telegraf,56,37.35,,periodic,,67,-19584,48,45,,,5,08a6f769c348,,0,273,1272,08:A6:F7:69:C3:48,,19651,19,2,,22,,,1780826,1782139096142,1780832,1782139096148,,1782139096075,28,2026-06-22T14:38:16.5166623Z,251,,oasis/bottle,0
,,,,,,6,local.mqtt.telegraf,56,39.55,,periodic,,72,-6280,43,41,,,5,08a6f7bb3c68,,0,273,1281,08:A6:F7:BB:3C:68,,6352,29,2,,31,,,1781296,1782139096612,1781302,1782139096618,,1782139096540,28,2026-06-22T14:38:16.9771827Z,253,,oasis/bottle,0
,,,,,,6,local.mqtt.telegraf,54,20.86,,periodic,,71,-12860,40,38,,,5,08a6f75abdf0,,0,273,1278,08:A6:F7:5A:BD:F0,,12931,31,2,,33,,,1781526,1782139096842,1781532,1782139096848,,1782139096771,30,2026-06-22T14:38:17.2054718Z,252,,oasis/bottle,0
,,,,,,6,local.mqtt.telegraf,56,36.96,,periodic,,76,-535,35,33,,,5,08a6f769c348,,0,274,1273,08:A6:F7:69:C3:48,,611,41,2,,43,,,1782026,1782139097342,1782032,1782139097348,,1782139097266,28,2026-06-22T14:38:17.7028802Z,254,,oasis/bottle,0
,,,,,,7,local.mqtt.telegraf,56,39.53,,periodic,,62,-7360,33,31,,,5,08a6f7bb3c68,,0,273,1282,08:A6:F7:BB:3C:68,,7422,29,2,,31,,,1782356,1782139097672,1782362,1782139097679,,1782139097610,28,2026-06-22T14:38:18.0432206Z,253,,oasis/bottle,0
,,,,,,7,local.mqtt.telegraf,54,21.02,,periodic,,61,-14510,30,28,,,5,08a6f75abdf0,,0,273,1279,08:A6:F7:5A:BD:F0,,14571,31,2,,33,,,1783156,1782139098472,1783163,1782139098479,,1782139098411,30,2026-06-22T14:38:18.8433625Z,252,,oasis/bottle,0
,,,,,,6,local.mqtt.telegraf,56,37.08,,periodic,,67,-1733,26,24,,,5,08a6f769c348,,0,273,1274,08:A6:F7:69:C3:48,,1800,41,2,,43,,,1783206,1782139098522,1783212,1782139098528,,1782139098455,28,2026-06-22T14:38:18.8935737Z,254,,oasis/bottle,0
,,,,,,6,local.mqtt.telegraf,56,39.74,,periodic,,72,-8880,43,41,,,5,08a6f7bb3c68,,0,273,1283,08:A6:F7:BB:3C:68,,8952,29,2,,31,,,1783896,1782139099212,1783902,1782139099218,,1782139099140,28,2026-06-22T14:38:19.5865943Z,253,,oasis/bottle,0
,,,,,,6,local.mqtt.telegraf,56,37.19,,periodic,,76,-2885,35,33,,,5,08a6f769c348,,0,273,1275,08:A6:F7:69:C3:48,,2961,41,2,,43,,,1784376,1782139099692,1784382,1782139099698,,1782139099616,28,2026-06-22T14:38:20.0589842Z,254,,oasis/bottle,0
,,,,,,6,local.mqtt.telegraf,54,20.62,,periodic,,72,-15938,41,39,,,5,08a6f75abdf0,,0,273,1280,08:A6:F7:5A:BD:F0,,16010,31,2,,33,,,1784606,1782139099922,1784612,1782139099928,,1782139099850,30,2026-06-22T14:38:20.2966601Z,252,,oasis/bottle,0
,,,,,,6,local.mqtt.telegraf,56,39.76,,periodic,,63,-10148,34,32,,,5,08a6f7bb3c68,,0,273,1284,08:A6:F7:BB:3C:68,,10211,29,2,,31,,,1785146,1782139100462,1785152,1782139100468,,1782139100399,28,2026-06-22T14:38:20.8310971Z,253,,oasis/bottle,0
,,,,,,6,local.mqtt.telegraf,56,37.27,,periodic,,67,-4023,26,24,,,5,08a6f769c348,,0,273,1276,08:A6:F7:69:C3:48,,4090,41,2,,43,,,1785496,1782139100812,1785502,1782139100818,,1782139100745,28,2026-06-22T14:38:21.1817642Z,254,,oasis/bottle,0
,,,,,,7,local.mqtt.telegraf,54,20.99,,periodic,,72,-17028,41,39,,,5,08a6f75abdf0,,0,273,1281,08:A6:F7:5A:BD:F0,,17100,31,2,,33,,,1785696,1782139101012,1785703,1782139101019,,1782139100940,30,2026-06-22T14:38:21.393054Z,252,,oasis/bottle,0
,,,,,,6,local.mqtt.telegraf,56,39.77,,periodic,,62,-11460,33,31,,,5,08a6f7bb3c68,,0,273,1285,08:A6:F7:BB:3C:68,,11522,29,2,,31,,,1786456,1782139101772,1786462,1782139101778,,1782139101710,28,2026-06-22T14:38:22.1450113Z,253,,oasis/bottle,0
,,,,,,6,local.mqtt.telegraf,56,37.36,,periodic,,77,-5073,36,34,,,5,08a6f769c348,,0,273,1277,08:A6:F7:69:C3:48,,5150,41,2,,43,,,1786566,1782139101882,1786572,1782139101888,,1782139101805,28,2026-06-22T14:38:22.2259504Z,254,,oasis/bottle,0
,,,,,,6,local.mqtt.telegraf,54,21.11,,periodic,,71,-18600,40,38,,,5,08a6f75abdf0,,0,273,1282,08:A6:F7:5A:BD:F0,,18671,31,2,,33,,,1787266,1782139102582,1787272,1782139102588,,1782139102511,30,2026-06-22T14:38:22.9488684Z,252,,oasis/bottle,0
,,,,,,6,local.mqtt.telegraf,56,39.69,,periodic,,73,-12868,44,42,,,5,08a6f7bb3c68,,0,273,1286,08:A6:F7:BB:3C:68,,12941,29,2,,31,,,1787886,1782139103202,1787892,1782139103208,,1782139103129,28,2026-06-22T14:38:23.5734712Z,253,,oasis/bottle,0
,,,,,,6,local.mqtt.telegraf,56,37.22,,periodic,,67,-6603,26,24,,,5,08a6f769c348,,0,273,1278,08:A6:F7:69:C3:48,,6670,41,2,,43,,,1788076,1782139103392,1788082,1782139103398,,1782139103325,28,2026-06-22T14:38:23.7590823Z,254,,oasis/bottle,0
,,,,,,6,local.mqtt.telegraf,54,20.94,,periodic,,72,-19948,41,39,,,5,08a6f75abdf0,,0,273,1283,08:A6:F7:5A:BD:F0,,20020,31,2,,33,,,1788616,1782139103932,1788622,1782139103938,,1782139103860,30,2026-06-22T14:38:24.3060149Z,252,,oasis/bottle,0
,,,,,,6,local.mqtt.telegraf,56,39.76,,periodic,,62,-13930,33,31,,,5,08a6f7bb3c68,,0,273,1287,08:A6:F7:BB:3C:68,,13992,29,2,,31,,,1788926,1782139104242,1788932,1782139104248,,1782139104180,28,2026-06-22T14:38:24.608557Z,253,,oasis/bottle,0
,,,,,,6,local.mqtt.telegraf,56,37.19,,periodic,,76,-7815,35,33,,,5,08a6f769c348,,0,273,1279,08:A6:F7:69:C3:48,,7891,41,2,,43,,,1789306,1782139104622,1789312,1782139104628,,1782139104546,28,2026-06-22T14:38:24.9909127Z,254,,oasis/bottle,0
,,,,,,7,local.mqtt.telegraf,54,21.02,,periodic,,61,-1241,31,29,,,5,08a6f75abdf0,,0,273,1284,08:A6:F7:5A:BD:F0,,1302,30,2,,32,,,1790096,1782139105412,1790103,1782139105419,,1782139105351,30,2026-06-22T14:38:25.7763589Z,255,,oasis/bottle,0
,,,,,,7,local.mqtt.telegraf,56,39.76,,periodic,,72,-15400,43,41,,,5,08a6f7bb3c68,,0,273,1288,08:A6:F7:BB:3C:68,,15472,29,2,,31,,,1790416,1782139105732,1790423,1782139105739,,1782139105660,28,2026-06-22T14:38:26.1094074Z,253,,oasis/bottle,0
,,,,,,6,local.mqtt.telegraf,56,37.32,,periodic,,67,-9073,26,24,,,5,08a6f769c348,,0,273,1280,08:A6:F7:69:C3:48,,9140,41,2,,43,,,1790546,1782139105862,1790552,1782139105868,,1782139105795,28,2026-06-22T14:38:26.2450862Z,254,,oasis/bottle,0
,,,,,,6,local.mqtt.telegraf,54,20.89,,periodic,,62,-2410,32,30,,,5,08a6f75abdf0,,0,273,1285,08:A6:F7:5A:BD:F0,,2472,30,2,,32,,,1791267,1782139106583,1791273,1782139106589,,1782139106521,30,2026-06-22T14:38:26.9557076Z,255,,oasis/bottle,0
,,,,,,6,local.mqtt.telegraf,56,39.64,,periodic,,72,-16570,43,41,,,5,08a6f7bb3c68,,0,274,1289,08:A6:F7:BB:3C:68,,16642,29,2,,31,,,1791586,1782139106902,1791592,1782139106908,,1782139106830,28,2026-06-22T14:38:27.2780527Z,253,,oasis/bottle,0
,,,,,,14,local.mqtt.telegraf,56,37.24,,periodic,,76,-10355,35,33,,,5,08a6f769c348,,0,273,1281,08:A6:F7:69:C3:48,,10431,41,2,,43,,,1791846,1782139107162,1791860,1782139107176,,1782139107086,28,2026-06-22T14:38:27.5428589Z,254,,oasis/bottle,0
,,,,,,6,local.mqtt.telegraf,54,20.89,,periodic,,71,-3541,41,39,,,5,08a6f75abdf0,,0,274,1286,08:A6:F7:5A:BD:F0,,3612,30,2,,32,,,1792416,1782139107732,1792422,1782139107738,,1782139107661,30,2026-06-22T14:38:28.1077312Z,255,,oasis/bottle,0
,,,,,,6,local.mqtt.telegraf,56,39.73,,periodic,,72,-17710,43,41,,,5,08a6f7bb3c68,,0,273,1290,08:A6:F7:BB:3C:68,,17782,29,2,,31,,,1792726,1782139108042,1792732,1782139108048,,1782139107970,28,2026-06-22T14:38:28.4182228Z,253,,oasis/bottle,0
,,,,,,6,local.mqtt.telegraf,56,37.16,,periodic,,87,-11733,46,44,,,5,08a6f769c348,,0,273,1282,08:A6:F7:69:C3:48,,11820,41,2,,43,,,1793246,1782139108562,1793252,1782139108568,,1782139108475,28,2026-06-22T14:38:28.9387835Z,254,,oasis/bottle,0
,,,,,,6,local.mqtt.telegraf,54,20.93,,periodic,,61,-4641,31,29,,,5,08a6f75abdf0,,0,273,1287,08:A6:F7:5A:BD:F0,,4702,30,2,,32,,,1793496,1782139108812,1793502,1782139108818,,1782139108751,30,2026-06-22T14:38:29.1895189Z,255,,oasis/bottle,0
,,,,,,6,local.mqtt.telegraf,56,39.76,,periodic,,62,-18800,33,31,,,5,08a6f7bb3c68,,0,274,1291,08:A6:F7:BB:3C:68,,18862,29,2,,31,,,1793796,1782139109112,1793802,1782139109118,,1782139109050,28,2026-06-22T14:38:29.4733188Z,253,,oasis/bottle,0
,,,,,,6,local.mqtt.telegraf,56,37.14,,periodic,,77,-13373,36,34,,,5,08a6f769c348,,0,273,1283,08:A6:F7:69:C3:48,,13450,41,2,,43,,,1794866,1782139110182,1794872,1782139110188,,1782139110105,28,2026-06-22T14:38:30.5555848Z,254,,oasis/bottle,0
,,,,,,6,local.mqtt.telegraf,54,20.98,,periodic,,72,-6189,42,40,,,5,08a6f75abdf0,,0,273,1288,08:A6:F7:5A:BD:F0,,6261,30,2,,32,,,1795066,1782139110382,1795072,1782139110388,,1782139110310,30,2026-06-22T14:38:30.7497771Z,255,,oasis/bottle,0
,,,,,,6,local.mqtt.telegraf,56,39.77,,periodic,,70,-20334,41,39,,,5,08a6f7bb3c68,,0,273,1292,08:A6:F7:BB:3C:68,,20404,29,2,,31,,,1795346,1782139110662,1795352,1782139110668,,1782139110592,28,2026-06-22T14:38:31.0285092Z,253,,oasis/bottle,0
,,,,,,6,local.mqtt.telegraf,56,37.18,,periodic,,67,-14783,26,24,,,5,08a6f769c348,,0,273,1284,08:A6:F7:69:C3:48,,14850,41,2,,43,,,1796256,1782139111572,1796262,1782139111578,,1782139111505,28,2026-06-22T14:38:31.9387318Z,254,,oasis/bottle,0
,,,,,,6,local.mqtt.telegraf,54,20.94,,periodic,,62,-7530,32,30,,,5,08a6f75abdf0,,0,273,1289,08:A6:F7:5A:BD:F0,,7592,30,2,,32,,,1796387,1782139111703,1796393,1782139111709,,1782139111641,30,2026-06-22T14:38:32.0742977Z,255,,oasis/bottle,0
,,,,,,7,local.mqtt.telegraf,56,39.73,,periodic,,62,-1130,16,14,,,5,08a6f7bb3c68,,0,274,1293,08:A6:F7:BB:3C:68,,1192,46,2,,48,,,1796636,1782139111952,1796642,1782139111959,,1782139111890,28,2026-06-22T14:38:32.3175408Z,256,,oasis/bottle,0
,,,,,,6,local.mqtt.telegraf,54,20.97,,periodic,,63,-8978,33,31,,,5,08a6f75abdf0,,0,273,1290,08:A6:F7:5A:BD:F0,,9041,30,2,,32,,,1797837,1782139113153,1797843,1782139113159,,1782139113090,30,2026-06-22T14:38:33.4898087Z,255,,oasis/bottle,0
,,,,,,5,local.mqtt.telegraf,56,37.32,,periodic,,84,-16356,43,41,,,5,08a6f769c348,,0,273,1285,08:A6:F7:69:C3:48,,16440,41,2,,43,,,1797863,1782139113179,1797868,1782139113184,,1782139113095,28,2026-06-22T14:38:33.5356687Z,254,,oasis/bottle,0
,,,,,,6,local.mqtt.telegraf,56,39.73,,periodic,,72,-2500,26,24,,,5,08a6f7bb3c68,,0,273,1294,08:A6:F7:BB:3C:68,,2572,46,2,,48,,,1798026,1782139113342,1798032,1782139113348,,1782139113270,28,2026-06-22T14:38:33.7158234Z,256,,oasis/bottle,0
,,,,,,6,local.mqtt.telegraf,54,20.98,,periodic,,71,-10071,41,39,,,5,08a6f75abdf0,,0,273,1291,08:A6:F7:5A:BD:F0,,10142,30,2,,32,,,1798946,1782139114262,1798952,1782139114268,,1782139114191,30,2026-06-22T14:38:34.6217098Z,255,,oasis/bottle,0
,,,,,,6,local.mqtt.telegraf,56,37.26,,periodic,,67,-17763,26,24,,,5,08a6f769c348,,0,273,1286,08:A6:F7:69:C3:48,,17830,41,2,,43,,,1799236,1782139114552,1799242,1782139114558,,1782139114485,28,2026-06-22T14:38:34.9216027Z,254,,oasis/bottle,0
,,,,,,6,local.mqtt.telegraf,56,39.62,,periodic,,62,-4080,16,14,,,5,08a6f7bb3c68,,0,273,1295,08:A6:F7:BB:3C:68,,4142,46,2,,48,,,1799586,1782139114902,1799592,1782139114908,,1782139114840,28,2026-06-22T14:38:35.2614691Z,256,,oasis/bottle,0
,,,,,,7,local.mqtt.telegraf,54,20.89,,periodic,,72,-11669,42,40,,,5,08a6f75abdf0,,0,273,1292,08:A6:F7:5A:BD:F0,,11741,30,2,,32,,,1800546,1782139115862,1800552,1782139115869,,1782139115790,30,2026-06-22T14:38:36.2467965Z,255,,oasis/bottle,0
,,,,,,6,local.mqtt.telegraf,56,37.34,,periodic,,77,-19323,36,34,,,5,08a6f769c348,,0,273,1287,08:A6:F7:69:C3:48,,19400,41,2,,43,,,1800816,1782139116132,1800822,1782139116138,,1782139116055,28,2026-06-22T14:38:36.4893053Z,254,,oasis/bottle,0
,,,,,,6,local.mqtt.telegraf,56,39.64,,periodic,,71,-5392,25,23,,,5,08a6f7bb3c68,,0,273,1296,08:A6:F7:BB:3C:68,,5463,46,2,,48,,,1800916,1782139116232,1800922,1782139116238,,1782139116161,28,2026-06-22T14:38:36.55783Z,256,,oasis/bottle,0
,,,,,,6,local.mqtt.telegraf,54,21.23,,periodic,,60,-13082,30,28,,,5,08a6f75abdf0,,0,273,1293,08:A6:F7:5A:BD:F0,,13142,30,2,,32,,,1801935,1782139117251,1801941,1782139117257,,1782139117191,30,2026-06-22T14:38:37.6177731Z,255,,oasis/bottle,0
,,,,,,6,local.mqtt.telegraf,56,37.61,,periodic,,66,-485,46,43,,,5,08a6f769c348,,0,273,1288,08:A6:F7:69:C3:48,,551,20,2,,23,,,1802146,1782139117462,1802152,1782139117468,,1782139117396,28,2026-06-22T14:38:37.8329658Z,257,,oasis/bottle,0
,,,,,,6,local.mqtt.telegraf,56,39.72,,periodic,,62,-6860,16,14,,,5,08a6f7bb3c68,,0,274,1297,08:A6:F7:BB:3C:68,,6922,46,2,,48,,,1802366,1782139117682,1802372,1782139117688,,1782139117620,28,2026-06-22T14:38:38.0491015Z,256,,oasis/bottle,0
,,,,,,6,local.mqtt.telegraf,56,39.82,,periodic,,62,-7960,16,14,,,5,08a6f7bb3c68,,0,273,1298,08:A6:F7:BB:3C:68,,8022,46,2,,48,,,1803466,1782139118782,1803472,1782139118788,,1782139118720,28,2026-06-22T14:38:39.1507252Z,256,,oasis/bottle,0
,,,,,,7,local.mqtt.telegraf,54,21.34,,periodic,,61,-14671,31,29,,,5,08a6f75abdf0,,0,273,1294,08:A6:F7:5A:BD:F0,,14732,30,2,,32,,,1803526,1782139118842,1803533,1782139118849,,1782139118781,30,2026-06-22T14:38:39.2150031Z,255,,oasis/bottle,0
,,,,,,7,local.mqtt.telegraf,56,37.32,,periodic,,77,-1943,57,54,,,5,08a6f769c348,,0,273,1289,08:A6:F7:69:C3:48,,2020,20,2,,23,,,1803626,1782139118942,1803632,1782139118949,,1782139118865,28,2026-06-22T14:38:39.2671783Z,257,,oasis/bottle,0
,,,,,,6,local.mqtt.telegraf,56,37.32,,periodic,,67,-3103,47,44,,,5,08a6f769c348,,0,273,1290,08:A6:F7:69:C3:48,,3170,20,2,,23,,,1804766,1782139120082,1804772,1782139120088,,1782139120015,28,2026-06-22T14:38:40.4485998Z,257,,oasis/bottle,0
,,,,,,6,local.mqtt.telegraf,54,21.27,,periodic,,72,-16039,42,40,,,5,08a6f75abdf0,,0,273,1295,08:A6:F7:5A:BD:F0,,16111,30,2,,32,,,1804916,1782139120232,1804922,1782139120238,,1782139120160,30,2026-06-22T14:38:40.6067397Z,255,,oasis/bottle,0
,,,,,,6,local.mqtt.telegraf,56,39.82,,periodic,,73,-9548,27,25,,,5,08a6f7bb3c68,,0,273,1299,08:A6:F7:BB:3C:68,,9621,46,2,,48,,,1805076,1782139120392,1805082,1782139120398,,1782139120319,28,2026-06-22T14:38:40.7557426Z,256,,oasis/bottle,0
,,,,,,6,local.mqtt.telegraf,56,38.08,,periodic,,67,-4193,47,44,,,5,08a6f769c348,,0,273,1291,08:A6:F7:69:C3:48,,4260,20,2,,23,,,1805856,1782139121172,1805862,1782139121178,,1782139121105,28,2026-06-22T14:38:41.5348019Z,257,,oasis/bottle,0
,,,,,,6,local.mqtt.telegraf,56,39.85,,periodic,,63,-10968,17,15,,,5,08a6f7bb3c68,,0,273,1300,08:A6:F7:BB:3C:68,,11031,46,2,,48,,,1806476,1782139121792,1806482,1782139121798,,1782139121729,28,2026-06-22T14:38:42.1343246Z,256,,oasis/bottle,0
,,,,,,6,local.mqtt.telegraf,54,21.27,,periodic,,86,-17595,56,54,,,5,08a6f75abdf0,,0,273,1296,08:A6:F7:5A:BD:F0,,17681,30,2,,32,,,1806500,1782139121816,1806506,1782139121822,,1782139121730,30,2026-06-22T14:38:42.1691392Z,255,,oasis/bottle,1
,,,,,,6,local.mqtt.telegraf,56,38.25,,periodic,,77,-5763,57,54,,,5,08a6f769c348,,0,273,1292,08:A6:F7:69:C3:48,,5840,20,2,,23,,,1807446,1782139122762,1807452,1782139122768,,1782139122685,28,2026-06-22T14:38:43.1455555Z,257,,oasis/bottle,0
,,,,,,6,local.mqtt.telegraf,54,21.7,,periodic,,68,-18937,38,36,,,5,08a6f75abdf0,,0,273,1297,08:A6:F7:5A:BD:F0,,19005,30,2,,32,,,1807806,1782139123122,1807812,1782139123128,,1782139123054,30,2026-06-22T14:38:43.4912378Z,255,,oasis/bottle,0
,,,,,,6,local.mqtt.telegraf,56,39.62,,periodic,,73,-12568,27,25,,,5,08a6f7bb3c68,,0,273,1301,08:A6:F7:BB:3C:68,,12641,46,2,,48,,,1808096,1782139123412,1808102,1782139123418,,1782139123339,28,2026-06-22T14:38:43.7863889Z,256,,oasis/bottle,0
,,,,,,6,local.mqtt.telegraf,56,30.9,,periodic,,67,-7133,47,44,,,5,08a6f769c348,,0,273,1293,08:A6:F7:69:C3:48,,7200,20,2,,23,,,1808796,1782139124112,1808802,1782139124118,,1782139124045,28,2026-06-22T14:38:44.4806202Z,257,,oasis/bottle,0
,,,,,,6,local.mqtt.telegraf,54,21.7,,periodic,,66,-20391,36,34,,,5,08a6f75abdf0,,0,273,1298,08:A6:F7:5A:BD:F0,,20457,30,2,,32,,,1809255,1782139124572,1809262,1782139124578,,1782139124506,30,2026-06-22T14:38:44.939186Z,255,,oasis/bottle,0
,,,,,,6,local.mqtt.telegraf,56,39.53,,periodic,,63,-13998,17,15,,,5,08a6f7bb3c68,,0,273,1302,08:A6:F7:BB:3C:68,,14061,46,2,,48,,,1809506,1782139124822,1809512,1782139124828,,1782139124759,28,2026-06-22T14:38:45.1908479Z,256,,oasis/bottle,0
,,,,,,6,local.mqtt.telegraf,56,35.9,,periodic,,67,-8643,47,44,,,5,08a6f769c348,,0,273,1294,08:A6:F7:69:C3:48,,8710,20,2,,23,,,1810306,1782139125622,1810312,1782139125628,,1782139125555,28,2026-06-22T14:38:45.9768973Z,257,,oasis/bottle,0
,,,,,,7,local.mqtt.telegraf,54,21.85,,periodic,,61,-971,-279,-281,,,5,08a6f75abdf0,,0,273,1299,08:A6:F7:5A:BD:F0,,1032,340,2,,342,,,1810346,1782139125662,1810353,1782139125669,,1782139125601,30,2026-06-22T14:38:46.0342264Z,258,,oasis/bottle,0
,,,,,,6,local.mqtt.telegraf,56,39.33,,periodic,,72,-15620,26,24,,,5,08a6f7bb3c68,,0,273,1303,08:A6:F7:BB:3C:68,,15692,46,2,,48,,,1811146,1782139126462,1811152,1782139126468,,1782139126390,28,2026-06-22T14:38:46.8270846Z,256,,oasis/bottle,0
,,,,,,10,local.mqtt.telegraf,56,34.68,,periodic,,73,-9851,53,50,,,5,08a6f769c348,,0,273,1295,08:A6:F7:69:C3:48,,9924,20,2,,23,,,1811526,1782139126842,1811536,1782139126852,,1782139126769,28,2026-06-22T14:38:47.26677Z,257,,oasis/bottle,0
,,,,,,6,local.mqtt.telegraf,54,21.5,,periodic,,72,-2549,-268,-270,,,5,08a6f75abdf0,,0,273,1300,08:A6:F7:5A:BD:F0,,2621,340,2,,342,,,1811946,1782139127262,1811952,1782139127268,,1782139127190,30,2026-06-22T14:38:47.6392361Z,258,,oasis/bottle,0
,,,,,,6,local.mqtt.telegraf,56,38.65,,periodic,,63,-17098,17,15,,,5,08a6f7bb3c68,,0,273,1304,08:A6:F7:BB:3C:68,,17161,46,2,,48,,,1812606,1782139127922,1812612,1782139127928,,1782139127859,28,2026-06-22T14:38:48.3020952Z,256,,oasis/bottle,0
,,,,,,6,local.mqtt.telegraf,56,31.36,,periodic,,67,-11093,47,44,,,5,08a6f769c348,,0,273,1296,08:A6:F7:69:C3:48,,11160,20,2,,23,,,1812756,1782139128072,1812762,1782139128078,,1782139128005,28,2026-06-22T14:38:48.4599409Z,257,,oasis/bottle,0
,,,,,,6,local.mqtt.telegraf,54,21.27,,periodic,,72,-3939,-268,-270,,,5,08a6f75abdf0,,0,273,1301,08:A6:F7:5A:BD:F0,,4011,340,2,,342,,,1813336,1782139128652,1813342,1782139128658,,1782139128580,29,2026-06-22T14:38:49.0235622Z,258,,oasis/bottle,0
,,,,,,6,local.mqtt.telegraf,56,38.65,,periodic,,62,-18230,16,14,,,5,08a6f7bb3c68,,0,273,1305,08:A6:F7:BB:3C:68,,18292,46,2,,48,,,1813736,1782139129052,1813742,1782139129058,,1782139128990,28,2026-06-22T14:38:49.4209434Z,256,,oasis/bottle,0
,,,,,,6,local.mqtt.telegraf,56,35.91,,periodic,,66,-12365,46,43,,,5,08a6f769c348,,0,273,1297,08:A6:F7:69:C3:48,,12431,20,2,,23,,,1814026,1782139129342,1814032,1782139129348,,1782139129276,28,2026-06-22T14:38:49.7042731Z,257,,oasis/bottle,0
,,,,,,6,local.mqtt.telegraf,56,38.68,,periodic,,72,-19270,26,24,,,5,08a6f7bb3c68,,0,273,1306,08:A6:F7:BB:3C:68,,19342,46,2,,48,,,1814796,1782139130112,1814802,1782139130118,,1782139130040,28,2026-06-22T14:38:50.4739152Z,256,,oasis/bottle,0
,,,,,,6,local.mqtt.telegraf,54,20.93,,periodic,,71,-5501,-269,-271,,,5,08a6f75abdf0,,0,273,1302,08:A6:F7:5A:BD:F0,,5572,340,2,,342,,,1814896,1782139130212,1814902,1782139130218,,1782139130141,30,2026-06-22T14:38:50.5400483Z,258,,oasis/bottle,0
,,,,,,6,local.mqtt.telegraf,56,36.04,,periodic,,76,-13685,56,53,,,5,08a6f769c348,,0,273,1298,08:A6:F7:69:C3:48,,13761,20,2,,23,,,1815366,1782139130682,1815372,1782139130688,,1782139130606,28,2026-06-22T14:38:51.059235Z,257,,oasis/bottle,0
,,,,,,6,local.mqtt.telegraf,54,21.02,,periodic,,67,-6828,-273,-275,,,5,08a6f75abdf0,,0,273,1303,08:A6:F7:5A:BD:F0,,6895,340,2,,342,,,1816215,1782139131531,1816221,1782139131537,,1782139131464,30,2026-06-22T14:38:51.8955868Z,258,,oasis/bottle,0
,,,,,,6,local.mqtt.telegraf,56,38.74,,periodic,,62,-590,33,31,,,5,08a6f7bb3c68,,0,273,1307,08:A6:F7:BB:3C:68,,652,29,2,,31,,,1816296,1782139131612,1816302,1782139131618,,1782139131550,28,2026-06-22T14:38:51.9570068Z,259,,oasis/bottle,0
,,,,,,6,local.mqtt.telegraf,56,36.4,,periodic,,67,-15163,47,44,,,5,08a6f769c348,,0,273,1299,08:A6:F7:69:C3:48,,15230,20,2,,23,,,1816826,1782139132142,1816832,1782139132148,,1782139132075,28,2026-06-22T14:38:52.5089307Z,257,,oasis/bottle,0
,,,,,,6,local.mqtt.telegraf,56,38.33,,periodic,,63,-1799,34,32,,,5,08a6f7bb3c68,,0,273,1308,08:A6:F7:BB:3C:68,,1862,29,2,,31,,,1817506,1782139132823,1817513,1782139132829,,1782139132760,28,2026-06-22T14:38:53.1957313Z,259,,oasis/bottle,0
,,,,,,6,local.mqtt.telegraf,54,21.07,,periodic,,71,-8301,-269,-271,,,5,08a6f75abdf0,,0,273,1304,08:A6:F7:5A:BD:F0,,8372,340,2,,342,,,1817696,1782139133012,1817702,1782139133018,,1782139132941,30,2026-06-22T14:38:53.3893952Z,258,,oasis/bottle,0
,,,,,,6,local.mqtt.telegraf,56,36.33,,periodic,,76,-16285,56,53,,,5,08a6f769c348,,0,273,1300,08:A6:F7:69:C3:48,,16361,20,2,,23,,,1817966,1782139133282,1817972,1782139133288,,1782139133206,28,2026-06-22T14:38:53.6368061Z,257,,oasis/bottle,0
,,,,,,6,local.mqtt.telegraf,56,38.35,,periodic,,72,-3010,43,41,,,5,08a6f7bb3c68,,0,273,1309,08:A6:F7:BB:3C:68,,3082,29,2,,31,,,1818736,1782139134052,1818742,1782139134058,,1782139133980,28,2026-06-22T14:38:54.4251371Z,259,,oasis/bottle,0
,,,,,,7,local.mqtt.telegraf,54,21.02,,periodic,,63,-9439,-277,-279,,,5,08a6f75abdf0,,0,273,1305,08:A6:F7:5A:BD:F0,,9502,340,2,,342,,,1818818,1782139134134,1818825,1782139134141,,1782139134071,30,2026-06-22T14:38:54.4810584Z,258,,oasis/bottle,0
,,,,,,6,local.mqtt.telegraf,56,36.32,,periodic,,67,-17363,47,44,,,5,08a6f769c348,,0,273,1301,08:A6:F7:69:C3:48,,17430,20,2,,23,,,1819026,1782139134342,1819032,1782139134348,,1782139134275,28,2026-06-22T14:38:54.7013346Z,257,,oasis/bottle,0
,,,,,,6,local.mqtt.telegraf,54,21.06,,periodic,,71,-10471,-269,-271,,,5,08a6f75abdf0,,0,274,1306,08:A6:F7:5A:BD:F0,,10542,340,2,,342,,,1819866,1782139135182,1819872,1782139135188,,1782139135111,30,2026-06-22T14:38:55.5408612Z,258,,oasis/bottle,0
,,,,,,14,local.mqtt.telegraf,56,38.67,,periodic,,63,-4268,34,32,,,5,08a6f7bb3c68,,0,273,1310,08:A6:F7:BB:3C:68,,4331,29,2,,31,,,1819976,1782139135292,1819990,1782139135306,,1782139135229,28,2026-06-22T14:38:55.6658687Z,259,,oasis/bottle,0
,,,,,,6,local.mqtt.telegraf,56,36.34,,periodic,,67,-18883,47,44,,,5,08a6f769c348,,0,273,1302,08:A6:F7:69:C3:48,,18950,20,2,,23,,,1820546,1782139135862,1820552,1782139135868,,1782139135795,28,2026-06-22T14:38:56.2273669Z,257,,oasis/bottle,0
,,,,,,6,local.mqtt.telegraf,56,38.71,,periodic,,73,-5538,44,42,,,5,08a6f7bb3c68,,0,273,1311,08:A6:F7:BB:3C:68,,5611,29,2,,31,,,1821266,1782139136582,1821272,1782139136588,,1782139136509,28,2026-06-22T14:38:56.9520759Z,259,,oasis/bottle,0
,,,,,,6,local.mqtt.telegraf,54,21.15,,periodic,,62,-11970,-278,-280,,,5,08a6f75abdf0,,0,274,1307,08:A6:F7:5A:BD:F0,,12032,340,2,,342,,,1821347,1782139136663,1821353,1782139136669,,1782139136601,30,2026-06-22T14:38:57.0081295Z,258,,oasis/bottle,0
,,,,,,7,local.mqtt.telegraf,56,36.52,,periodic,,76,-20125,56,53,,,5,08a6f769c348,,0,273,1303,08:A6:F7:69:C3:48,,20201,20,2,,23,,,1821806,1782139137122,1821812,1782139137129,,1782139137046,28,2026-06-22T14:38:57.5015453Z,257,,oasis/bottle,0
,,,,,,6,local.mqtt.telegraf,54,21.15,,periodic,,61,-13141,-279,-281,,,5,08a6f75abdf0,,0,274,1308,08:A6:F7:5A:BD:F0,,13202,340,2,,342,,,1822516,1782139137832,1822522,1782139137838,,1782139137771,30,2026-06-22T14:38:58.2071011Z,258,,oasis/bottle,0
,,,,,,7,local.mqtt.telegraf,56,38.68,,periodic,,63,-6918,34,32,,,5,08a6f7bb3c68,,0,273,1312,08:A6:F7:BB:3C:68,,6981,29,2,,31,,,1822626,1782139137942,1822632,1782139137949,,1782139137879,28,2026-06-22T14:38:58.2669946Z,259,,oasis/bottle,0
,,,,,,6,local.mqtt.telegraf,56,36.79,,periodic,,66,-1116,9,6,,,5,08a6f769c348,,0,274,1304,08:A6:F7:69:C3:48,,1182,57,2,,60,,,1823096,1782139138412,1823102,1782139138418,,1782139138346,28,2026-06-22T14:38:58.7732999Z,260,,oasis/bottle,0
,,,,,,6,local.mqtt.telegraf,54,21.09,,periodic,,71,-14271,-269,-271,,,5,08a6f75abdf0,,0,274,1309,08:A6:F7:5A:BD:F0,,14342,340,2,,342,,,1823666,1782139138982,1823672,1782139138988,,1782139138911,30,2026-06-22T14:38:59.3506984Z,258,,oasis/bottle,0
,,,,,,6,local.mqtt.telegraf,56,38.82,,periodic,,73,-8458,44,42,,,5,08a6f7bb3c68,,0,273,1313,08:A6:F7:BB:3C:68,,8531,29,2,,31,,,1824186,1782139139502,1824192,1782139139508,,1782139139429,28,2026-06-22T14:38:59.8659282Z,259,,oasis/bottle,0
,,,,,,6,local.mqtt.telegraf,56,36.68,,periodic,,76,-2496,19,16,,,5,08a6f769c348,,0,273,1305,08:A6:F7:69:C3:48,,2572,57,2,,60,,,1824496,1782139139812,1824502,1782139139818,,1782139139736,28,2026-06-22T14:39:00.1692121Z,260,,oasis/bottle,0
,,,,,,6,local.mqtt.telegraf,54,21.19,,periodic,,61,-15361,-279,-281,,,5,08a6f75abdf0,,0,273,1310,08:A6:F7:5A:BD:F0,,15422,340,2,,342,,,1824736,1782139140052,1824742,1782139140058,,1782139139991,30,2026-06-22T14:39:00.422428Z,258,,oasis/bottle,0
,,,,,,6,local.mqtt.telegraf,56,38.9,,periodic,,63,-9748,34,32,,,5,08a6f7bb3c68,,0,273,1314,08:A6:F7:BB:3C:68,,9811,29,2,,31,,,1825456,1782139140772,1825462,1782139140778,,1782139140709,28,2026-06-22T14:39:01.1332185Z,259,,oasis/bottle,0
,,,,,,6,local.mqtt.telegraf,56,36.73,,periodic,,67,-4094,10,7,,,5,08a6f769c348,,0,273,1306,08:A6:F7:69:C3:48,,4161,57,2,,60,,,1826076,1782139141392,1826082,1782139141398,,1782139141325,28,2026-06-22T14:39:01.7595956Z,260,,oasis/bottle,0
,,,,,,6,local.mqtt.telegraf,54,21.27,,periodic,,71,-16921,-269,-271,,,5,08a6f75abdf0,,0,273,1311,08:A6:F7:5A:BD:F0,,16992,340,2,,342,,,1826316,1782139141632,1826322,1782139141638,,1782139141561,30,2026-06-22T14:39:02.0011378Z,258,,oasis/bottle,0
,,,,,,6,local.mqtt.telegraf,56,38.9,,periodic,,73,-11098,44,42,,,5,08a6f7bb3c68,,0,273,1315,08:A6:F7:BB:3C:68,,11171,29,2,,31,,,1826826,1782139142142,1826832,1782139142148,,1782139142069,28,2026-06-22T14:39:02.5066382Z,259,,oasis/bottle,0
,,,,,,6,local.mqtt.telegraf,56,36.69,,periodic,,68,-5453,11,8,,,5,08a6f769c348,,0,273,1307,08:A6:F7:69:C3:48,,5521,57,2,,60,,,1827437,1782139142753,1827443,1782139142759,,1782139142685,28,2026-06-22T14:39:03.1273949Z,260,,oasis/bottle,0
,,,,,,6,local.mqtt.telegraf,54,21.27,,periodic,,61,-18261,-279,-281,,,5,08a6f75abdf0,,0,273,1312,08:A6:F7:5A:BD:F0,,18322,340,2,,342,,,1827636,1782139142952,1827642,1782139142958,,1782139142891,30,2026-06-22T14:39:03.311686Z,258,,oasis/bottle,0
,,,,,,6,local.mqtt.telegraf,56,38.95,,periodic,,73,-12618,44,42,,,5,08a6f7bb3c68,,0,273,1316,08:A6:F7:BB:3C:68,,12691,29,2,,31,,,1828346,1782139143662,1828352,1782139143668,,1782139143589,28,2026-06-22T14:39:04.0359359Z,259,,oasis/bottle,0
,,,,,,6,local.mqtt.telegraf,56,36.75,,periodic,,67,-6984,10,7,,,5,08a6f769c348,,0,273,1308,08:A6:F7:69:C3:48,,7051,57,2,,60,,,1828966,1782139144282,1828972,1782139144288,,1782139144215,28,2026-06-22T14:39:04.6553863Z,260,,oasis/bottle,0
,,,,,,6,local.mqtt.telegraf,54,21.21,,periodic,,71,-19701,-269,-271,,,5,08a6f75abdf0,,0,273,1313,08:A6:F7:5A:BD:F0,,19772,340,2,,342,,,1829096,1782139144412,1829102,1782139144418,,1782139144341,30,2026-06-22T14:39:04.7758898Z,258,,oasis/bottle,0
,,,,,,6,local.mqtt.telegraf,56,38.75,,periodic,,63,-13858,34,32,,,5,08a6f7bb3c68,,0,273,1317,08:A6:F7:BB:3C:68,,13921,29,2,,31,,,1829566,1782139144882,1829572,1782139144888,,1782139144819,28,2026-06-22T14:39:05.242964Z,259,,oasis/bottle,0
,,,,,,6,local.mqtt.telegraf,54,21.15,,periodic,,71,-790,40,38,,,5,08a6f75abdf0,,0,274,1314,08:A6:F7:5A:BD:F0,,861,31,2,,33,,,1830216,1782139145532,1830222,1782139145538,,1782139145461,30,2026-06-22T14:39:05.8668756Z,261,,oasis/bottle,0
,,,,,,6,local.mqtt.telegraf,56,36.59,,periodic,,91,-8210,34,31,,,5,08a6f769c348,,0,273,1309,08:A6:F7:69:C3:48,,8301,57,2,,60,,,1830240,1782139145556,1830246,1782139145562,,1782139145465,28,2026-06-22T14:39:05.901531Z,260,,oasis/bottle,1
,,,,,,6,local.mqtt.telegraf,56,38.76,,periodic,,72,-15110,43,41,,,5,08a6f7bb3c68,,0,273,1318,08:A6:F7:BB:3C:68,,15182,29,2,,31,,,1830836,1782139146152,1830842,1782139146158,,1782139146080,28,2026-06-22T14:39:06.5238905Z,259,,oasis/bottle,0
,,,,,,6,local.mqtt.telegraf,56,36.68,,periodic,,67,-9544,10,7,,,5,08a6f769c348,,0,273,1310,08:A6:F7:69:C3:48,,9611,57,2,,60,,,1831526,1782139146842,1831532,1782139146848,,1782139146775,28,2026-06-22T14:39:07.2094274Z,260,,oasis/bottle,0
,,,,,,6,local.mqtt.telegraf,54,21.05,,periodic,,71,-2410,40,38,,,5,08a6f75abdf0,,0,273,1315,08:A6:F7:5A:BD:F0,,2481,31,2,,33,,,1831836,1782139147152,1831842,1782139147158,,1782139147081,30,2026-06-22T14:39:07.5269849Z,261,,oasis/bottle,0
,,,,,,6,local.mqtt.telegraf,56,38.9,,periodic,,62,-16440,33,31,,,5,08a6f7bb3c68,,0,273,1319,08:A6:F7:BB:3C:68,,16502,29,2,,31,,,1832146,1782139147462,1832152,1782139147468,,1782139147400,28,2026-06-22T14:39:07.8372619Z,259,,oasis/bottle,0
,,,,,,6,local.mqtt.telegraf,56,36.63,,periodic,,67,-10944,10,7,,,5,08a6f769c348,,0,273,1311,08:A6:F7:69:C3:48,,11011,57,2,,60,,,1832926,1782139148242,1832932,1782139148248,,1782139148175,28,2026-06-22T14:39:08.6053197Z,260,,oasis/bottle,0
,,,,,,6,local.mqtt.telegraf,54,21.23,,periodic,,61,-3870,30,28,,,5,08a6f75abdf0,,0,273,1316,08:A6:F7:5A:BD:F0,,3931,31,2,,33,,,1833276,1782139148592,1833282,1782139148598,,1782139148531,30,2026-06-22T14:39:08.9620839Z,261,,oasis/bottle,0
,,,,,,6,local.mqtt.telegraf,56,38.82,,periodic,,72,-17860,43,41,,,5,08a6f7bb3c68,,0,273,1320,08:A6:F7:BB:3C:68,,17932,29,2,,31,,,1833586,1782139148902,1833592,1782139148908,,1782139148830,28,2026-06-22T14:39:09.2695166Z,259,,oasis/bottle,0
,,,,,,6,local.mqtt.telegraf,54,21.14,,periodic,,71,-4940,40,38,,,5,08a6f75abdf0,,0,273,1317,08:A6:F7:5A:BD:F0,,5011,31,2,,33,,,1834366,1782139149682,1834372,1782139149688,,1782139149611,30,2026-06-22T14:39:10.0458028Z,261,,oasis/bottle,0
,,,,,,7,local.mqtt.telegraf,56,36.75,,periodic,,67,-12544,10,7,,,5,08a6f769c348,,0,273,1312,08:A6:F7:69:C3:48,,12611,57,2,,60,,,1834526,1782139149842,1834533,1782139149849,,1782139149775,28,2026-06-22T14:39:10.2252526Z,260,,oasis/bottle,0
,,,,,,6,local.mqtt.telegraf,56,38.83,,periodic,,72,-18930,43,41,,,5,08a6f7bb3c68,,0,273,1321,08:A6:F7:BB:3C:68,,19002,29,2,,31,,,1834656,1782139149972,1834662,1782139149978,,1782139149900,28,2026-06-22T14:39:10.3798379Z,259,,oasis/bottle,0
,,,,,,6,local.mqtt.telegraf,54,21.27,,periodic,,70,-6501,39,37,,,5,08a6f75abdf0,,0,273,1318,08:A6:F7:5A:BD:F0,,6571,31,2,,33,,,1835925,1782139151241,1835931,1782139151247,,1782139151171,30,2026-06-22T14:39:11.5857281Z,261,,oasis/bottle,0
,,,,,,5,local.mqtt.telegraf,56,36.63,,periodic,,72,-13959,15,12,,,5,08a6f769c348,,0,273,1313,08:A6:F7:69:C3:48,,14031,57,2,,60,,,1835951,1782139151267,1835956,1782139151272,,1782139151195,28,2026-06-22T14:39:11.6274975Z,260,,oasis/bottle,0
,,,,,,6,local.mqtt.telegraf,56,38.92,,periodic,,67,-260,37,35,,,5,08a6f7bb3c68,,0,274,1322,08:A6:F7:BB:3C:68,,327,30,2,,32,,,1836186,1782139151502,1836192,1782139151508,,1782139151435,28,2026-06-22T14:39:11.8708792Z,262,,oasis/bottle,0
,,,,,,7,local.mqtt.telegraf,54,21.01,,periodic,,61,-7830,30,28,,,5,08a6f75abdf0,,0,273,1319,08:A6:F7:5A:BD:F0,,7891,31,2,,33,,,1837236,1782139152552,1837243,1782139152559,,1782139152491,30,2026-06-22T14:39:12.9218282Z,261,,oasis/bottle,0
,,,,,,6,local.mqtt.telegraf,56,38.8,,periodic,,72,-1520,42,40,,,5,08a6f7bb3c68,,0,273,1323,08:A6:F7:BB:3C:68,,1592,30,2,,32,,,1837456,1782139152772,1837462,1782139152778,,1782139152700,28,2026-06-22T14:39:13.1415596Z,262,,oasis/bottle,0
,,,,,,6,local.mqtt.telegraf,56,36.75,,periodic,,77,-15564,20,17,,,5,08a6f769c348,,0,273,1314,08:A6:F7:69:C3:48,,15641,57,2,,60,,,1837566,1782139152882,1837572,1782139152888,,1782139152805,28,2026-06-22T14:39:13.2045316Z,260,,oasis/bottle,0
,,,,,,6,local.mqtt.telegraf,54,21.27,,periodic,,71,-9260,40,38,,,5,08a6f75abdf0,,0,273,1320,08:A6:F7:5A:BD:F0,,9331,31,2,,33,,,1838686,1782139154002,1838692,1782139154008,,1782139153931,30,2026-06-22T14:39:14.3730077Z,261,,oasis/bottle,0
,,,,,,7,local.mqtt.telegraf,56,38.83,,periodic,,69,-2856,39,37,,,5,08a6f7bb3c68,,0,273,1324,08:A6:F7:BB:3C:68,,2925,30,2,,32,,,1838786,1782139154102,1838793,1782139154109,,1782139154033,28,2026-06-22T14:39:14.4410083Z,262,,oasis/bottle,0
,,,,,,6,local.mqtt.telegraf,56,36.55,,periodic,,66,-17006,9,6,,,5,08a6f769c348,,0,273,1315,08:A6:F7:69:C3:48,,17072,57,2,,60,,,1838986,1782139154302,1838992,1782139154308,,1782139154236,28,2026-06-22T14:39:14.6693704Z,260,,oasis/bottle,0
,,,,,,6,local.mqtt.telegraf,54,21.23,,periodic,,72,-10338,41,39,,,5,08a6f75abdf0,,0,273,1321,08:A6:F7:5A:BD:F0,,10410,31,2,,33,,,1839766,1782139155082,1839772,1782139155088,,1782139155010,30,2026-06-22T14:39:15.4461336Z,261,,oasis/bottle,0
,,,,,,6,local.mqtt.telegraf,56,36.67,,periodic,,66,-18056,9,6,,,5,08a6f769c348,,0,273,1316,08:A6:F7:69:C3:48,,18122,57,2,,60,,,1840036,1782139155352,1840042,1782139155358,,1782139155286,28,2026-06-22T14:39:15.7264433Z,260,,oasis/bottle,0
,,,,,,6,local.mqtt.telegraf,56,38.8,,periodic,,73,-4308,43,41,,,5,08a6f7bb3c68,,0,273,1325,08:A6:F7:BB:3C:68,,4381,30,2,,32,,,1840246,1782139155562,1840252,1782139155568,,1782139155489,28,2026-06-22T14:39:15.9277955Z,262,,oasis/bottle,0
,,,,,,6,local.mqtt.telegraf,54,21.18,,periodic,,62,-11909,31,29,,,5,08a6f75abdf0,,0,273,1322,08:A6:F7:5A:BD:F0,,11971,31,2,,33,,,1841316,1782139156633,1841323,1782139156639,,1782139156571,30,2026-06-22T14:39:17.0030485Z,261,,oasis/bottle,0
,,,,,,6,local.mqtt.telegraf,56,38.82,,periodic,,73,-5428,43,41,,,5,08a6f7bb3c68,,0,273,1326,08:A6:F7:BB:3C:68,,5501,30,2,,32,,,1841366,1782139156682,1841372,1782139156688,,1782139156609,28,2026-06-22T14:39:17.0358384Z,262,,oasis/bottle,0
,,,,,,6,local.mqtt.telegraf,56,36.53,,periodic,,67,-19554,10,7,,,5,08a6f769c348,,0,273,1317,08:A6:F7:69:C3:48,,19621,57,2,,60,,,1841536,1782139156852,1841542,1782139156858,,1782139156785,28,2026-06-22T14:39:17.2241143Z,260,,oasis/bottle,0
,,,,,,6,local.mqtt.telegraf,54,21.14,,periodic,,62,-13228,31,29,,,5,08a6f75abdf0,,0,273,1323,08:A6:F7:5A:BD:F0,,13290,31,2,,33,,,1842636,1782139157952,1842642,1782139157958,,1782139157890,30,2026-06-22T14:39:18.3252446Z,261,,oasis/bottle,0
,,,,,,7,local.mqtt.telegraf,56,36.57,,periodic,,66,-555,35,33,,,5,08a6f769c348,,0,273,1318,08:A6:F7:69:C3:48,,621,31,2,,33,,,1842736,1782139158052,1842742,1782139158059,,1782139157986,28,2026-06-22T14:39:18.3885621Z,263,,oasis/bottle,0
,,,,,,6,local.mqtt.telegraf,56,38.82,,periodic,,73,-7058,43,41,,,5,08a6f7bb3c68,,0,273,1327,08:A6:F7:BB:3C:68,,7131,30,2,,32,,,1842996,1782139158312,1843002,1782139158318,,1782139158239,28,2026-06-22T14:39:18.6729486Z,262,,oasis/bottle,0
,,,,,,6,local.mqtt.telegraf,56,36.6,,periodic,,66,-1745,35,33,,,5,08a6f769c348,,0,273,1319,08:A6:F7:69:C3:48,,1811,31,2,,33,,,1843926,1782139159242,1843932,1782139159248,,1782139159176,28,2026-06-22T14:39:19.618441Z,263,,oasis/bottle,0
,,,,,,7,local.mqtt.telegraf,54,21.23,,periodic,,71,-14640,40,38,,,5,08a6f75abdf0,,0,273,1324,08:A6:F7:5A:BD:F0,,14711,31,2,,33,,,1844066,1782139159382,1844073,1782139159389,,1782139159311,30,2026-06-22T14:39:19.7493324Z,261,,oasis/bottle,0
,,,,,,6,local.mqtt.telegraf,56,38.9,,periodic,,63,-8528,33,31,,,5,08a6f7bb3c68,,0,273,1328,08:A6:F7:BB:3C:68,,8591,30,2,,32,,,1844446,1782139159762,1844452,1782139159768,,1782139159699,28,2026-06-22T14:39:20.1273801Z,262,,oasis/bottle,0
,,,,,,6,local.mqtt.telegraf,54,21.22,,periodic,,62,-15698,31,29,,,5,08a6f75abdf0,,0,273,1325,08:A6:F7:5A:BD:F0,,15760,31,2,,33,,,1845106,1782139160422,1845112,1782139160428,,1782139160360,30,2026-06-22T14:39:20.7560647Z,261,,oasis/bottle,0
,,,,,,6,local.mqtt.telegraf,56,36.6,,periodic,,91,-2899,60,58,,,5,08a6f769c348,,0,273,1320,08:A6:F7:69:C3:48,,2990,31,2,,33,,,1845130,1782139160446,1845136,1782139160452,,1782139160355,28,2026-06-22T14:39:20.7891931Z,263,,oasis/bottle,1
,,,,,,14,local.mqtt.telegraf,56,38.9,,periodic,,64,-9637,34,32,,,5,08a6f7bb3c68,,0,273,1329,08:A6:F7:BB:3C:68,,9701,30,2,,32,,,1845557,1782139160873,1845571,1782139160887,,1782139160809,28,2026-06-22T14:39:21.2529152Z,262,,oasis/bottle,0
,,,,,,6,local.mqtt.telegraf,56,36.65,,periodic,,67,-4093,36,34,,,5,08a6f769c348,,0,273,1321,08:A6:F7:69:C3:48,,4160,31,2,,33,,,1846276,1782139161592,1846282,1782139161598,,1782139161525,28,2026-06-22T14:39:21.9520587Z,263,,oasis/bottle,0
,,,,,,7,local.mqtt.telegraf,54,21.21,,periodic,,61,-17190,30,28,,,5,08a6f75abdf0,,0,273,1326,08:A6:F7:5A:BD:F0,,17251,31,2,,33,,,1846596,1782139161912,1846603,1782139161919,,1782139161851,30,2026-06-22T14:39:22.2776761Z,261,,oasis/bottle,0
,,,,,,6,local.mqtt.telegraf,56,38.75,,periodic,,72,-11250,42,40,,,5,08a6f7bb3c68,,0,273,1330,08:A6:F7:BB:3C:68,,11322,30,2,,32,,,1847186,1782139162502,1847192,1782139162508,,1782139162430,28,2026-06-22T14:39:22.8744983Z,262,,oasis/bottle,0
,,,,,,6,local.mqtt.telegraf,56,36.55,,periodic,,67,-5223,36,34,,,5,08a6f769c348,,0,273,1322,08:A6:F7:69:C3:48,,5290,31,2,,33,,,1847406,1782139162722,1847412,1782139162728,,1782139162655,28,2026-06-22T14:39:23.0940426Z,263,,oasis/bottle,0
,,,,,,7,local.mqtt.telegraf,54,21.22,,periodic,,72,-18358,41,39,,,5,08a6f75abdf0,,0,273,1327,08:A6:F7:5A:BD:F0,,18430,31,2,,33,,,1847786,1782139163102,1847793,1782139163109,,1782139163030,30,2026-06-22T14:39:23.4668293Z,261,,oasis/bottle,0
,,,,,,7,local.mqtt.telegraf,56,36.59,,periodic,,76,-6275,45,43,,,5,08a6f769c348,,0,273,1323,08:A6:F7:69:C3:48,,6351,31,2,,33,,,1848476,1782139163792,1848483,1782139163799,,1782139163716,28,2026-06-22T14:39:24.1574427Z,263,,oasis/bottle,0
,,,,,,6,local.mqtt.telegraf,56,38.7,,periodic,,73,-12698,43,41,,,5,08a6f7bb3c68,,0,273,1331,08:A6:F7:BB:3C:68,,12771,30,2,,32,,,1848636,1782139163952,1848642,1782139163958,,1782139163879,28,2026-06-22T14:39:24.3111257Z,262,,oasis/bottle,0
,,,,,,6,local.mqtt.telegraf,54,21.15,,periodic,,61,-19550,30,28,,,5,08a6f75abdf0,,0,273,1328,08:A6:F7:5A:BD:F0,,19611,31,2,,33,,,1848956,1782139164272,1848962,1782139164278,,1782139164211,30,2026-06-22T14:39:24.6396075Z,261,,oasis/bottle,0
,,,,,,6,local.mqtt.telegraf,56,38.76,,periodic,,72,-13789,42,40,,,5,08a6f7bb3c68,,0,273,1332,08:A6:F7:BB:3C:68,,13861,30,2,,32,,,1849725,1782139165041,1849731,1782139165047,,1782139164969,28,2026-06-22T14:39:25.4061991Z,262,,oasis/bottle,0
,,,,,,6,local.mqtt.telegraf,56,36.47,,periodic,,67,-7813,36,34,,,5,08a6f769c348,,0,273,1324,08:A6:F7:69:C3:48,,7880,31,2,,33,,,1849996,1782139165312,1850002,1782139165318,,1782139165245,28,2026-06-22T14:39:25.6742345Z,263,,oasis/bottle,0
,,,,,,6,local.mqtt.telegraf,54,21.1,,periodic,,81,-450,50,48,,,5,08a6f75abdf0,,0,274,1329,08:A6:F7:5A:BD:F0,,531,31,2,,33,,,1850106,1782139165422,1850112,1782139165428,,1782139165341,30,2026-06-22T14:39:25.7900676Z,264,,oasis/bottle,0
,,,,,,6,local.mqtt.telegraf,54,21.07,,periodic,,72,-1558,41,39,,,5,08a6f75abdf0,,0,273,1330,08:A6:F7:5A:BD:F0,,1630,31,2,,33,,,1851196,1782139166512,1851202,1782139166518,,1782139166440,30,2026-06-22T14:39:26.9043293Z,264,,oasis/bottle,0
,,,,,,6,local.mqtt.telegraf,56,38.67,,periodic,,63,-15378,33,31,,,5,08a6f7bb3c68,,0,273,1333,08:A6:F7:BB:3C:68,,15441,30,2,,32,,,1851296,1782139166612,1851302,1782139166618,,1782139166549,28,2026-06-22T14:39:26.9665379Z,262,,oasis/bottle,0
,,,,,,6,local.mqtt.telegraf,56,36.53,,periodic,,67,-10343,36,34,,,5,08a6f769c348,,0,273,1326,08:A6:F7:69:C3:48,,10410,31,2,,33,,,1852526,1782139167842,1852532,1782139167848,,1782139167775,28,2026-06-22T14:39:28.2099269Z,263,,oasis/bottle,0
,,,,,,6,local.mqtt.telegraf,56,38.87,,periodic,,73,-16718,43,41,,,5,08a6f7bb3c68,,0,273,1334,08:A6:F7:BB:3C:68,,16791,30,2,,32,,,1852656,1782139167972,1852662,1782139167978,,1782139167899,28,2026-06-22T14:39:28.3396691Z,262,,oasis/bottle,0
,,,,,,6,local.mqtt.telegraf,54,21.18,,periodic,,61,-3140,30,28,,,5,08a6f75abdf0,,0,273,1331,08:A6:F7:5A:BD:F0,,3201,31,2,,33,,,1852756,1782139168072,1852762,1782139168078,,1782139168011,30,2026-06-22T14:39:28.3957304Z,264,,oasis/bottle,0
,,,,,,6,local.mqtt.telegraf,56,36.56,,periodic,,67,-11713,36,34,,,5,08a6f769c348,,0,273,1327,08:A6:F7:69:C3:48,,11780,31,2,,33,,,1853896,1782139169212,1853902,1782139169218,,1782139169145,28,2026-06-22T14:39:29.6031043Z,263,,oasis/bottle,0
,,,,,,6,local.mqtt.telegraf,54,21.23,,periodic,,71,-4450,40,38,,,5,08a6f75abdf0,,0,273,1332,08:A6:F7:5A:BD:F0,,4521,31,2,,33,,,1854086,1782139169402,1854092,1782139169408,,1782139169331,30,2026-06-22T14:39:29.7686998Z,264,,oasis/bottle,0
,,,,,,7,local.mqtt.telegraf,56,38.7,,periodic,,71,-18224,41,39,,,5,08a6f7bb3c68,,0,273,1335,08:A6:F7:BB:3C:68,,18295,30,2,,32,,,1854158,1782139169474,1854165,1782139169481,,1782139169403,28,2026-06-22T14:39:29.8351424Z,262,,oasis/bottle,0
,,,,,,7,local.mqtt.telegraf,56,38.7,,periodic,,62,-19440,32,30,,,5,08a6f7bb3c68,,0,273,1336,08:A6:F7:BB:3C:68,,19502,30,2,,32,,,1855356,1782139170672,1855363,1782139170679,,1782139170610,28,2026-06-22T14:39:31.060012Z,262,,oasis/bottle,0
,,,,,,9,local.mqtt.telegraf,56,36.61,,periodic,,66,-13255,35,33,,,5,08a6f769c348,,0,273,1328,08:A6:F7:69:C3:48,,13321,31,2,,33,,,1855436,1782139170752,1855445,1782139170761,,1782139170686,28,2026-06-22T14:39:31.1179941Z,263,,oasis/bottle,0
,,,,,,10,local.mqtt.telegraf,54,21.27,,periodic,,62,-5908,31,29,,,5,08a6f75abdf0,,0,273,1333,08:A6:F7:5A:BD:F0,,5970,31,2,,33,,,1855526,1782139170842,1855536,1782139170852,,1782139170780,30,2026-06-22T14:39:31.179219Z,264,,oasis/bottle,0
,,,,,,6,local.mqtt.telegraf,56,38.53,,periodic,,76,-250,45,43,,,5,08a6f7bb3c68,,0,274,1337,08:A6:F7:BB:3C:68,,326,31,2,,33,,,1856615,1782139171931,1856621,1782139171937,,1782139171855,28,2026-06-22T14:39:32.2784591Z,265,,oasis/bottle,0
,,,,,,6,local.mqtt.telegraf,54,21.14,,periodic,,85,-6975,54,52,,,5,08a6f75abdf0,,0,273,1334,08:A6:F7:5A:BD:F0,,7060,31,2,,33,,,1856639,1782139171955,1856645,1782139171961,,1782139171870,30,2026-06-22T14:39:32.3192362Z,264,,oasis/bottle,1
,,,,,,6,local.mqtt.telegraf,56,36.57,,periodic,,66,-14535,35,33,,,5,08a6f769c348,,0,273,1329,08:A6:F7:69:C3:48,,14601,31,2,,33,,,1856716,1782139172032,1856722,1782139172038,,1782139171966,28,2026-06-22T14:39:32.4292951Z,263,,oasis/bottle,0
,,,,,,7,local.mqtt.telegraf,56,38.78,,periodic,,63,-1527,32,30,,,5,08a6f7bb3c68,,0,273,1338,08:A6:F7:BB:3C:68,,1590,31,2,,33,,,1857866,1782139173182,1857872,1782139173189,,1782139173119,28,2026-06-22T14:39:33.5650538Z,265,,oasis/bottle,0
,,,,,,6,local.mqtt.telegraf,56,36.6,,periodic,,66,-15885,35,33,,,5,08a6f769c348,,0,273,1330,08:A6:F7:69:C3:48,,15951,31,2,,33,,,1858066,1782139173382,1858072,1782139173388,,1782139173316,28,2026-06-22T14:39:33.7571944Z,263,,oasis/bottle,0
,,,,,,6,local.mqtt.telegraf,54,21.21,,periodic,,62,-8589,31,29,,,5,08a6f75abdf0,,0,273,1335,08:A6:F7:5A:BD:F0,,8651,31,2,,33,,,1858207,1782139173523,1858213,1782139173529,,1782139173461,30,2026-06-22T14:39:33.8891013Z,264,,oasis/bottle,0
,,,,,,6,local.mqtt.telegraf,56,38.84,,periodic,,62,-2839,31,29,,,5,08a6f7bb3c68,,0,273,1339,08:A6:F7:BB:3C:68,,2901,31,2,,33,,,1859176,1782139174492,1859182,1782139174498,,1782139174430,28,2026-06-22T14:39:34.8571373Z,265,,oasis/bottle,0
,,,,,,6,local.mqtt.telegraf,56,36.71,,periodic,,66,-17385,35,33,,,5,08a6f769c348,,0,273,1331,08:A6:F7:69:C3:48,,17451,31,2,,33,,,1859566,1782139174882,1859572,1782139174888,,1782139174816,28,2026-06-22T14:39:35.2139219Z,263,,oasis/bottle,0
,,,,,,6,local.mqtt.telegraf,54,21.15,,periodic,,78,-9942,47,45,,,5,08a6f75abdf0,,0,273,1336,08:A6:F7:5A:BD:F0,,10020,31,2,,33,,,1859592,1782139174908,1859598,1782139174914,,1782139174830,30,2026-06-22T14:39:35.2523665Z,264,,oasis/bottle,0
,,,,,,6,local.mqtt.telegraf,56,38.76,,periodic,,72,-4249,41,39,,,5,08a6f7bb3c68,,0,273,1340,08:A6:F7:BB:3C:68,,4321,31,2,,33,,,1860606,1782139175922,1860612,1782139175928,,1782139175850,28,2026-06-22T14:39:36.2951925Z,265,,oasis/bottle,0
,,,,,,6,local.mqtt.telegraf,56,36.55,,periodic,,67,-18583,36,34,,,5,08a6f769c348,,0,273,1332,08:A6:F7:69:C3:48,,18650,31,2,,33,,,1860766,1782139176082,1860772,1782139176088,,1782139176015,28,2026-06-22T14:39:36.4416544Z,263,,oasis/bottle,0
,,,,,,6,local.mqtt.telegraf,54,21.22,,periodic,,71,-11490,40,38,,,5,08a6f75abdf0,,0,273,1337,08:A6:F7:5A:BD:F0,,11561,31,2,,33,,,1861126,1782139176442,1861132,1782139176448,,1782139176371,30,2026-06-22T14:39:36.8095523Z,264,,oasis/bottle,0
,,,,,,7,local.mqtt.telegraf,56,38.8,,periodic,,63,-5297,32,30,,,5,08a6f7bb3c68,,0,273,1341,08:A6:F7:BB:3C:68,,5360,31,2,,33,,,1861636,1782139176952,1861642,1782139176959,,1782139176889,28,2026-06-22T14:39:37.3250901Z,265,,oasis/bottle,0
,,,,,,6,local.mqtt.telegraf,56,36.55,,periodic,,66,-19775,35,33,,,5,08a6f769c348,,0,273,1333,08:A6:F7:69:C3:48,,19841,31,2,,33,,,1861956,1782139177272,1861962,1782139177278,,1782139177206,28,2026-06-22T14:39:37.6359763Z,263,,oasis/bottle,0
,,,,,,6,local.mqtt.telegraf,54,21.15,,periodic,,71,-12759,40,38,,,5,08a6f75abdf0,,0,273,1338,08:A6:F7:5A:BD:F0,,12830,31,2,,33,,,1862395,1782139177711,1862401,1782139177717,,1782139177640,30,2026-06-22T14:39:38.0712133Z,264,,oasis/bottle,0
,,,,,,6,local.mqtt.telegraf,56,38.75,,periodic,,73,-6757,42,40,,,5,08a6f7bb3c68,,0,273,1342,08:A6:F7:BB:3C:68,,6830,31,2,,33,,,1863116,1782139178432,1863122,1782139178438,,1782139178359,28,2026-06-22T14:39:38.769318Z,265,,oasis/bottle,0
,,,,,,6,local.mqtt.telegraf,56,36.52,,periodic,,69,-745,38,36,,,5,08a6f769c348,,0,277,1334,08:A6:F7:69:C3:48,,814,31,2,,33,,,1863142,1782139178458,1863148,1782139178464,,1782139178389,28,2026-06-22T14:39:38.8067275Z,266,,oasis/bottle,0
,,,,,,6,local.mqtt.telegraf,54,21.23,,periodic,,72,-14098,41,39,,,5,08a6f75abdf0,,0,273,1339,08:A6:F7:5A:BD:F0,,14170,31,2,,33,,,1863736,1782139179052,1863742,1782139179058,,1782139178980,30,2026-06-22T14:39:39.4094336Z,264,,oasis/bottle,0
,,,,,,7,local.mqtt.telegraf,56,38.57,,periodic,,63,-7917,32,30,,,5,08a6f7bb3c68,,0,273,1343,08:A6:F7:BB:3C:68,,7980,31,2,,33,,,1864256,1782139179572,1864262,1782139179579,,1782139179509,28,2026-06-22T14:39:39.9441534Z,265,,oasis/bottle,0
,,,,,,6,local.mqtt.telegraf,56,36.61,,periodic,,77,-1903,46,44,,,5,08a6f769c348,,0,273,1335,08:A6:F7:69:C3:48,,1980,31,2,,33,,,1864316,1782139179632,1864322,1782139179638,,1782139179555,28,2026-06-22T14:39:39.9798209Z,266,,oasis/bottle,0
,,,,,,6,local.mqtt.telegraf,54,21.15,,periodic,,62,-15598,31,29,,,5,08a6f75abdf0,,0,273,1340,08:A6:F7:5A:BD:F0,,15660,31,2,,33,,,1865216,1782139180532,1865222,1782139180538,,1782139180470,30,2026-06-22T14:39:40.897639Z,264,,oasis/bottle,0
,,,,,,6,local.mqtt.telegraf,56,38.72,,periodic,,65,-9005,34,32,,,5,08a6f7bb3c68,,0,273,1344,08:A6:F7:BB:3C:68,,9070,31,2,,33,,,1865348,1782139180664,1865354,1782139180670,,1782139180599,28,2026-06-22T14:39:41.0364349Z,265,,oasis/bottle,0
,,,,,,6,local.mqtt.telegraf,56,36.55,,periodic,,67,-3053,36,34,,,5,08a6f769c348,,0,273,1336,08:A6:F7:69:C3:48,,3120,31,2,,33,,,1865446,1782139180762,1865452,1782139180768,,1782139180695,28,2026-06-22T14:39:41.1017045Z,266,,oasis/bottle,0
,,,,,,6,local.mqtt.telegraf,54,21.15,,periodic,,71,-16750,40,38,,,5,08a6f75abdf0,,0,273,1341,08:A6:F7:5A:BD:F0,,16821,31,2,,33,,,1866386,1782139181702,1866392,1782139181708,,1782139181631,30,2026-06-22T14:39:42.0637013Z,264,,oasis/bottle,0
,,,,,,6,local.mqtt.telegraf,56,36.49,,periodic,,77,-4113,46,44,,,5,08a6f769c348,,0,273,1337,08:A6:F7:69:C3:48,,4190,31,2,,33,,,1866526,1782139181842,1866532,1782139181848,,1782139181765,28,2026-06-22T14:39:42.206025Z,266,,oasis/bottle,0
,,,,,,6,local.mqtt.telegraf,56,38.67,,periodic,,73,-10577,42,40,,,5,08a6f7bb3c68,,0,273,1345,08:A6:F7:BB:3C:68,,10650,31,2,,33,,,1866936,1782139182252,1866942,1782139182258,,1782139182179,28,2026-06-22T14:39:42.6165375Z,265,,oasis/bottle,0
,,,,,,6,local.mqtt.telegraf,54,21.01,,periodic,,62,-17898,31,29,,,5,08a6f75abdf0,,0,273,1342,08:A6:F7:5A:BD:F0,,17960,31,2,,33,,,1867516,1782139182832,1867522,1782139182838,,1782139182770,30,2026-06-22T14:39:43.1946193Z,264,,oasis/bottle,0
,,,,,,6,local.mqtt.telegraf,56,36.75,,periodic,,66,-5665,35,33,,,5,08a6f769c348,,0,273,1338,08:A6:F7:69:C3:48,,5731,31,2,,33,,,1868056,1782139183372,1868062,1782139183378,,1782139183306,28,2026-06-22T14:39:43.7473459Z,266,,oasis/bottle,0
,,,,,,6,local.mqtt.telegraf,56,38.65,,periodic,,63,-11957,32,30,,,5,08a6f7bb3c68,,0,273,1346,08:A6:F7:BB:3C:68,,12020,31,2,,33,,,1868296,1782139183612,1868302,1782139183618,,1782139183549,28,2026-06-22T14:39:43.9780272Z,265,,oasis/bottle,0
,,,,,,6,local.mqtt.telegraf,54,21.18,,periodic,,62,-18959,31,29,,,5,08a6f75abdf0,,0,274,1343,08:A6:F7:5A:BD:F0,,19021,31,2,,33,,,1868576,1782139183893,1868583,1782139183899,,1782139183831,30,2026-06-22T14:39:44.2572419Z,264,,oasis/bottle,0
,,,,,,6,local.mqtt.telegraf,56,36.45,,periodic,,67,-6933,36,34,,,5,08a6f769c348,,0,273,1339,08:A6:F7:69:C3:48,,7000,31,2,,33,,,1869326,1782139184642,1869332,1782139184648,,1782139184575,28,2026-06-22T14:39:45.0031469Z,266,,oasis/bottle,0
,,,,,,6,local.mqtt.telegraf,56,38.78,,periodic,,72,-13468,41,39,,,5,08a6f7bb3c68,,0,273,1347,08:A6:F7:BB:3C:68,,13540,31,2,,33,,,1869825,1782139185141,1869831,1782139185147,,1782139185069,28,2026-06-22T14:39:45.4975136Z,265,,oasis/bottle,0
,,,,,,6,local.mqtt.telegraf,54,21.19,,periodic,,62,-270,33,31,,,5,08a6f75abdf0,,0,274,1344,08:A6:F7:5A:BD:F0,,332,29,2,,31,,,1870096,1782139185413,1870103,1782139185419,,1782139185351,30,2026-06-22T14:39:45.8054416Z,267,,oasis/bottle,0
,,,,,,6,local.mqtt.telegraf,56,36.32,,periodic,,76,-8265,45,43,,,5,08a6f769c348,,0,273,1340,08:A6:F7:69:C3:48,,8341,31,2,,33,,,1870676,1782139185992,1870682,1782139185998,,1782139185916,28,2026-06-22T14:39:46.3636553Z,266,,oasis/bottle,0
,,,,,,7,local.mqtt.telegraf,56,38.67,,periodic,,63,-14727,32,30,,,5,08a6f7bb3c68,,0,273,1348,08:A6:F7:BB:3C:68,,14790,31,2,,33,,,1871066,1782139186382,1871073,1782139186389,,1782139186319,28,2026-06-22T14:39:46.7534273Z,265,,oasis/bottle,0
,,,,,,6,local.mqtt.telegraf,54,21.15,,periodic,,62,-1550,33,31,,,5,08a6f75abdf0,,0,273,1345,08:A6:F7:5A:BD:F0,,1612,29,2,,31,,,1871376,1782139186693,1871383,1782139186699,,1782139186631,30,2026-06-22T14:39:47.0594492Z,267,,oasis/bottle,0
,,,,,,6,local.mqtt.telegraf,56,36.72,,periodic,,67,-9763,36,34,,,5,08a6f769c348,,0,273,1341,08:A6:F7:69:C3:48,,9830,31,2,,33,,,1872156,1782139187472,1872162,1782139187478,,1782139187405,28,2026-06-22T14:39:47.8378094Z,266,,oasis/bottle,0
,,,,,,6,local.mqtt.telegraf,56,38.72,,periodic,,73,-16007,42,40,,,5,08a6f7bb3c68,,0,273,1349,08:A6:F7:BB:3C:68,,16080,31,2,,33,,,1872366,1782139187682,1872372,1782139187688,,1782139187609,28,2026-06-22T14:39:48.0560075Z,265,,oasis/bottle,0
,,,,,,6,local.mqtt.telegraf,54,21.07,,periodic,,71,-2861,42,40,,,5,08a6f75abdf0,,0,273,1346,08:A6:F7:5A:BD:F0,,2932,29,2,,31,,,1872706,1782139188022,1872712,1782139188028,,1782139187951,30,2026-06-22T14:39:48.3962083Z,267,,oasis/bottle,0
,,,,,,6,local.mqtt.telegraf,56,36.53,,periodic,,77,-10923,46,44,,,5,08a6f769c348,,0,273,1342,08:A6:F7:69:C3:48,,11000,31,2,,33,,,1873336,1782139188652,1873342,1782139188658,,1782139188575,28,2026-06-22T14:39:49.0136699Z,266,,oasis/bottle,0
,,,,,,6,local.mqtt.telegraf,56,38.59,,periodic,,73,-17387,42,40,,,5,08a6f7bb3c68,,0,273,1350,08:A6:F7:BB:3C:68,,17460,31,2,,33,,,1873746,1782139189062,1873752,1782139189068,,1782139188989,28,2026-06-22T14:39:49.4247169Z,265,,oasis/bottle,0
,,,,,,6,local.mqtt.telegraf,54,21.27,,periodic,,64,-4305,35,33,,,5,08a6f75abdf0,,0,273,1347,08:A6:F7:5A:BD:F0,,4369,29,2,,31,,,1874136,1782139189452,1874142,1782139189458,,1782139189388,30,2026-06-22T14:39:49.8096273Z,267,,oasis/bottle,0
,,,,,,6,local.mqtt.telegraf,56,36.45,,periodic,,67,-12073,36,34,,,5,08a6f769c348,,0,273,1343,08:A6:F7:69:C3:48,,12140,31,2,,33,,,1874466,1782139189782,1874472,1782139189788,,1782139189715,28,2026-06-22T14:39:50.1519929Z,266,,oasis/bottle,0
,,,,,,6,local.mqtt.telegraf,54,21.15,,periodic,,71,-5371,42,40,,,5,08a6f75abdf0,,0,273,1348,08:A6:F7:5A:BD:F0,,5442,29,2,,31,,,1875216,1782139190532,1875222,1782139190538,,1782139190461,30,2026-06-22T14:39:50.9017141Z,267,,oasis/bottle,0
,,,,,,7,local.mqtt.telegraf,56,38.59,,periodic,,73,-18947,42,40,,,5,08a6f7bb3c68,,0,273,1351,08:A6:F7:BB:3C:68,,19020,31,2,,33,,,1875306,1782139190622,1875313,1782139190629,,1782139190549,28,2026-06-22T14:39:50.9485411Z,265,,oasis/bottle,0
,,,,,,6,local.mqtt.telegraf,56,36.67,,periodic,,67,-13153,36,34,,,5,08a6f769c348,,0,273,1344,08:A6:F7:69:C3:48,,13220,31,2,,33,,,1875546,1782139190862,1875552,1782139190868,,1782139190795,28,2026-06-22T14:39:51.2259862Z,266,,oasis/bottle,0
,,,,,,6,local.mqtt.telegraf,56,38.67,,periodic,,72,-20269,41,39,,,5,08a6f7bb3c68,,0,273,1352,08:A6:F7:BB:3C:68,,20341,31,2,,33,,,1876626,1782139191942,1876632,1782139191948,,1782139191870,28,2026-06-22T14:39:52.306803Z,265,,oasis/bottle,0
,,,,,,6,local.mqtt.telegraf,54,21.15,,periodic,,72,-6910,43,41,,,5,08a6f75abdf0,,0,273,1349,08:A6:F7:5A:BD:F0,,6982,29,2,,31,,,1876757,1782139192073,1876763,1782139192079,,1782139192001,30,2026-06-22T14:39:52.4448847Z,267,,oasis/bottle,0
,,,,,,6,local.mqtt.telegraf,56,36.45,,periodic,,67,-14703,36,34,,,5,08a6f769c348,,0,273,1345,08:A6:F7:69:C3:48,,14770,31,2,,33,,,1877096,1782139192412,1877102,1782139192418,,1782139192345,28,2026-06-22T14:39:52.780999Z,266,,oasis/bottle,0
,,,,,,6,local.mqtt.telegraf,54,21.03,,periodic,,71,-8201,42,40,,,5,08a6f75abdf0,,0,273,1350,08:A6:F7:5A:BD:F0,,8272,29,2,,31,,,1878046,1782139193362,1878052,1782139193368,,1782139193291,30,2026-06-22T14:39:53.6945314Z,267,,oasis/bottle,0
,,,,,,7,local.mqtt.telegraf,56,38.65,,periodic,,87,-1234,35,32,,,5,08a6f7bb3c68,,0,273,1353,08:A6:F7:BB:3C:68,,1321,52,2,,55,,,1878070,1782139193386,1878077,1782139193393,,1782139193299,28,2026-06-22T14:39:53.7302487Z,268,,oasis/bottle,1
,,,,,,6,local.mqtt.telegraf,56,36.57,,periodic,,67,-16003,36,34,,,5,08a6f769c348,,0,273,1346,08:A6:F7:69:C3:48,,16070,31,2,,33,,,1878396,1782139193712,1878402,1782139193718,,1782139193645,28,2026-06-22T14:39:54.0721005Z,266,,oasis/bottle,0
,,,,,,6,local.mqtt.telegraf,56,38.65,,periodic,,63,-2328,11,8,,,5,08a6f7bb3c68,,0,273,1354,08:A6:F7:BB:3C:68,,2391,52,2,,55,,,1879116,1782139194432,1879122,1782139194438,,1782139194369,28,2026-06-22T14:39:54.7934053Z,268,,oasis/bottle,0
,,,,,,6,local.mqtt.telegraf,54,21.02,,periodic,,62,-9590,33,31,,,5,08a6f75abdf0,,0,273,1351,08:A6:F7:5A:BD:F0,,9652,29,2,,31,,,1879416,1782139194733,1879423,1782139194739,,1782139194671,30,2026-06-22T14:39:55.0972301Z,267,,oasis/bottle,0
,,,,,,6,local.mqtt.telegraf,56,36.52,,periodic,,67,-17393,36,34,,,5,08a6f769c348,,0,273,1347,08:A6:F7:69:C3:48,,17460,31,2,,33,,,1879786,1782139195102,1879792,1782139195108,,1782139195035,28,2026-06-22T14:39:55.472259Z,266,,oasis/bottle,0
,,,,,,6,local.mqtt.telegraf,56,38.67,,periodic,,73,-3838,21,18,,,5,08a6f7bb3c68,,0,273,1355,08:A6:F7:BB:3C:68,,3911,52,2,,55,,,1880646,1782139195962,1880652,1782139195968,,1782139195889,28,2026-06-22T14:39:56.3500577Z,268,,oasis/bottle,0
,,,,,,6,local.mqtt.telegraf,54,21.03,,periodic,,72,-11139,43,41,,,5,08a6f75abdf0,,0,273,1352,08:A6:F7:5A:BD:F0,,11211,29,2,,31,,,1880986,1782139196302,1880992,1782139196308,,1782139196230,30,2026-06-22T14:39:56.6591453Z,267,,oasis/bottle,0
,,,,,,14,local.mqtt.telegraf,56,36.56,,periodic,,67,-18973,36,34,,,5,08a6f769c348,,0,273,1348,08:A6:F7:69:C3:48,,19040,31,2,,33,,,1881366,1782139196682,1881380,1782139196696,,1782139196615,28,2026-06-22T14:39:57.0635375Z,266,,oasis/bottle,0
,,,,,,6,local.mqtt.telegraf,56,38.68,,periodic,,73,-5088,21,18,,,5,08a6f7bb3c68,,0,273,1356,08:A6:F7:BB:3C:68,,5161,52,2,,55,,,1881896,1782139197212,1881902,1782139197218,,1782139197139,28,2026-06-22T14:39:57.5935638Z,268,,oasis/bottle,0
,,,,,,6,local.mqtt.telegraf,54,21.23,,periodic,,71,-12451,42,40,,,5,08a6f75abdf0,,0,273,1353,08:A6:F7:5A:BD:F0,,12522,29,2,,31,,,1882296,1782139197612,1882302,1782139197618,,1782139197541,30,2026-06-22T14:39:57.9738043Z,267,,oasis/bottle,0
,,,,,,7,local.mqtt.telegraf,56,36.47,,periodic,,67,-20333,36,34,,,5,08a6f769c348,,0,273,1349,08:A6:F7:69:C3:48,,20400,31,2,,33,,,1882726,1782139198042,1882732,1782139198049,,1782139197975,28,2026-06-22T14:39:58.4124628Z,266,,oasis/bottle,0
,,,,,,6,local.mqtt.telegraf,56,38.82,,periodic,,63,-6398,11,8,,,5,08a6f7bb3c68,,0,273,1357,08:A6:F7:BB:3C:68,,6461,52,2,,55,,,1883186,1782139198502,1883192,1782139198508,,1782139198439,28,2026-06-22T14:39:58.8672055Z,268,,oasis/bottle,0
,,,,,,6,local.mqtt.telegraf,54,21.17,,periodic,,71,-13871,42,40,,,5,08a6f75abdf0,,0,273,1354,08:A6:F7:5A:BD:F0,,13942,29,2,,31,,,1883716,1782139199032,1883722,1782139199038,,1782139198961,30,2026-06-22T14:39:59.394855Z,267,,oasis/bottle,0
,,,,,,6,local.mqtt.telegraf,56,36.53,,periodic,,76,-1336,22,20,,,5,08a6f769c348,,0,273,1350,08:A6:F7:69:C3:48,,1412,54,2,,56,,,1884256,1782139199572,1884262,1782139199578,,1782139199496,28,2026-06-22T14:39:59.9350418Z,269,,oasis/bottle,0
,,,,,,6,local.mqtt.telegraf,56,38.65,,periodic,,73,-7778,21,18,,,5,08a6f7bb3c68,,0,273,1358,08:A6:F7:BB:3C:68,,7851,52,2,,55,,,1884586,1782139199902,1884592,1782139199908,,1782139199829,28,2026-06-22T14:40:00.2763692Z,268,,oasis/bottle,0
,,,,,,6,local.mqtt.telegraf,54,21.26,,periodic,,71,-15501,42,40,,,5,08a6f75abdf0,,0,274,1355,08:A6:F7:5A:BD:F0,,15572,29,2,,31,,,1885346,1782139200662,1885352,1782139200668,,1782139200591,30,2026-06-22T14:40:01.0302656Z,267,,oasis/bottle,0
,,,,,,6,local.mqtt.telegraf,56,36.45,,periodic,,67,-2594,13,11,,,5,08a6f769c348,,0,273,1351,08:A6:F7:69:C3:48,,2661,54,2,,56,,,1885496,1782139200812,1885502,1782139200818,,1782139200745,28,2026-06-22T14:40:01.1746197Z,269,,oasis/bottle,0
,,,,,,6,local.mqtt.telegraf,55,38.52,,periodic,,63,-9379,11,8,,,5,08a6f7bb3c68,,0,273,1359,08:A6:F7:BB:3C:68,,9442,52,2,,55,,,1886167,1782139201483,1886173,1782139201489,,1782139201420,28,2026-06-22T14:40:01.8470436Z,268,,oasis/bottle,0
,,,,,,7,local.mqtt.telegraf,56,36.45,,periodic,,77,-3864,23,21,,,5,08a6f769c348,,0,273,1352,08:A6:F7:69:C3:48,,3941,54,2,,56,,,1886786,1782139202102,1886793,1782139202109,,1782139202025,28,2026-06-22T14:40:02.437053Z,269,,oasis/bottle,0
,,,,,,5,local.mqtt.telegraf,54,21.02,,periodic,,87,-16935,58,56,,,5,08a6f75abdf0,,0,273,1356,08:A6:F7:5A:BD:F0,,17022,29,2,,31,,,1886811,1782139202128,1886817,1782139202133,,1782139202041,30,2026-06-22T14:40:02.474163Z,267,,oasis/bottle,1
,,,,,,6,local.mqtt.telegraf,55,38.7,,periodic,,73,-10728,21,18,,,5,08a6f7bb3c68,,0,273,1360,08:A6:F7:BB:3C:68,,10801,52,2,,55,,,1887536,1782139202852,1887542,1782139202858,,1782139202779,28,2026-06-22T14:40:03.2131948Z,268,,oasis/bottle,0
,,,,,,6,local.mqtt.telegraf,54,21.18,,periodic,,71,-18051,42,40,,,5,08a6f75abdf0,,0,273,1357,08:A6:F7:5A:BD:F0,,18122,29,2,,31,,,1887896,1782139203212,1887902,1782139203218,,1782139203141,30,2026-06-22T14:40:03.571511Z,267,,oasis/bottle,0
,,,,,,6,local.mqtt.telegraf,56,36.44,,periodic,,67,-5244,13,11,,,5,08a6f769c348,,0,273,1353,08:A6:F7:69:C3:48,,5311,54,2,,56,,,1888146,1782139203462,1888152,1782139203468,,1782139203395,28,2026-06-22T14:40:03.8230775Z,269,,oasis/bottle,0
,,,,,,6,local.mqtt.telegraf,56,38.53,,periodic,,64,-12257,12,9,,,5,08a6f7bb3c68,,0,273,1361,08:A6:F7:BB:3C:68,,12321,52,2,,55,,,1889046,1782139204363,1889052,1782139204369,,1782139204299,28,2026-06-22T14:40:04.7318063Z,268,,oasis/bottle,0
,,,,,,6,local.mqtt.telegraf,54,21.15,,periodic,,62,-19670,33,31,,,5,08a6f75abdf0,,0,273,1358,08:A6:F7:5A:BD:F0,,19732,29,2,,31,,,1889497,1782139204813,1889503,1782139204819,,1782139204751,30,2026-06-22T14:40:05.177204Z,267,,oasis/bottle,0
,,,,,,6,local.mqtt.telegraf,56,36.49,,periodic,,77,-6764,23,21,,,5,08a6f769c348,,0,273,1354,08:A6:F7:69:C3:48,,6841,54,2,,56,,,1889686,1782139205002,1889692,1782139205008,,1782139204925,28,2026-06-22T14:40:05.3740357Z,269,,oasis/bottle,0
,,,,,,6,local.mqtt.telegraf,56,38.64,,periodic,,63,-13498,11,8,,,5,08a6f7bb3c68,,0,273,1362,08:A6:F7:BB:3C:68,,13561,52,2,,55,,,1890286,1782139205602,1890292,1782139205608,,1782139205539,28,2026-06-22T14:40:05.9760994Z,268,,oasis/bottle,0
,,,,,,6,local.mqtt.telegraf,54,21.06,,periodic,,72,-649,41,39,,,5,08a6f75abdf0,,0,274,1359,08:A6:F7:5A:BD:F0,,721,31,2,,33,,,1890916,1782139206232,1890922,1782139206238,,1782139206160,30,2026-06-22T14:40:06.5677018Z,270,,oasis/bottle,0
,,,,,,6,local.mqtt.telegraf,56,36.51,,periodic,,64,-8047,10,8,,,5,08a6f769c348,,0,273,1355,08:A6:F7:69:C3:48,,8111,54,2,,56,,,1890943,1782139206259,1890949,1782139206265,,1782139206195,28,2026-06-22T14:40:06.6038287Z,269,,oasis/bottle,0
,,,,,,6,local.mqtt.telegraf,56,38.31,,periodic,,64,-14767,12,9,,,5,08a6f7bb3c68,,0,273,1363,08:A6:F7:BB:3C:68,,14831,52,2,,55,,,1891557,1782139206873,1891563,1782139206879,,1782139206809,28,2026-06-22T14:40:07.238822Z,268,,oasis/bottle,0
,,,,,,6,local.mqtt.telegraf,56,36.41,,periodic,,66,-9366,12,10,,,5,08a6f769c348,,0,273,1356,08:A6:F7:69:C3:48,,9432,54,2,,56,,,1892266,1782139207582,1892272,1782139207588,,1782139207516,28,2026-06-22T14:40:07.9400447Z,269,,oasis/bottle,0
,,,,,,6,local.mqtt.telegraf,54,21.09,,periodic,,72,-2269,41,39,,,5,08a6f75abdf0,,0,273,1360,08:A6:F7:5A:BD:F0,,2341,31,2,,33,,,1892536,1782139207852,1892542,1782139207858,,1782139207780,30,2026-06-22T14:40:08.2154023Z,270,,oasis/bottle,0
,,,,,,6,local.mqtt.telegraf,55,38.33,,periodic,,73,-16098,21,18,,,5,08a6f7bb3c68,,0,273,1364,08:A6:F7:BB:3C:68,,16171,52,2,,55,,,1892906,1782139208222,1892912,1782139208228,,1782139208149,28,2026-06-22T14:40:08.5884504Z,268,,oasis/bottle,0
,,,,,,6,local.mqtt.telegraf,56,36.45,,periodic,,67,-10814,13,11,,,5,08a6f769c348,,0,273,1357,08:A6:F7:69:C3:48,,10881,54,2,,56,,,1893716,1782139209032,1893722,1782139209038,,1782139208965,28,2026-06-22T14:40:09.4129974Z,269,,oasis/bottle,0
,,,,,,6,local.mqtt.telegraf,54,21.06,,periodic,,72,-3709,41,39,,,5,08a6f75abdf0,,0,273,1361,08:A6:F7:5A:BD:F0,,3781,31,2,,33,,,1893976,1782139209292,1893982,1782139209298,,1782139209220,30,2026-06-22T14:40:09.6632252Z,270,,oasis/bottle,0
,,,,,,6,local.mqtt.telegraf,55,38.59,,periodic,,64,-17597,12,9,,,5,08a6f7bb3c68,,0,273,1365,08:A6:F7:BB:3C:68,,17661,52,2,,55,,,1894386,1782139209703,1894393,1782139209709,,1782139209639,28,2026-06-22T14:40:10.0820457Z,268,,oasis/bottle,0
,,,,,,6,local.mqtt.telegraf,56,36.56,,periodic,,66,-11916,12,10,,,5,08a6f769c348,,0,273,1358,08:A6:F7:69:C3:48,,11982,54,2,,56,,,1894816,1782139210132,1894822,1782139210138,,1782139210066,28,2026-06-22T14:40:10.5060963Z,269,,oasis/bottle,0
,,,,,,7,local.mqtt.telegraf,54,21.1,,periodic,,63,-4797,32,30,,,5,08a6f75abdf0,,0,273,1362,08:A6:F7:5A:BD:F0,,4860,31,2,,33,,,1895046,1782139210362,1895053,1782139210369,,1782139210299,30,2026-06-22T14:40:10.7232334Z,270,,oasis/bottle,0
,,,,,,6,local.mqtt.telegraf,55,38.59,,periodic,,73,-18758,21,18,,,5,08a6f7bb3c68,,0,273,1366,08:A6:F7:BB:3C:68,,18831,52,2,,55,,,1895566,1782139210882,1895572,1782139210888,,1782139210809,28,2026-06-22T14:40:11.2545426Z,268,,oasis/bottle,0
,,,,,,6,local.mqtt.telegraf,56,36.44,,periodic,,77,-13494,23,21,,,5,08a6f769c348,,0,273,1359,08:A6:F7:69:C3:48,,13571,54,2,,56,,,1896416,1782139211732,1896422,1782139211738,,1782139211655,28,2026-06-22T14:40:12.0893589Z,269,,oasis/bottle,0
,,,,,,6,local.mqtt.telegraf,54,21.01,,periodic,,70,-6333,39,37,,,5,08a6f75abdf0,,0,273,1363,08:A6:F7:5A:BD:F0,,6403,31,2,,33,,,1896596,1782139211912,1896602,1782139211918,,1782139211842,30,2026-06-22T14:40:12.2711953Z,270,,oasis/bottle,0
,,,,,,6,local.mqtt.telegraf,55,38.61,,periodic,,63,-19919,11,8,,,5,08a6f7bb3c68,,0,273,1367,08:A6:F7:BB:3C:68,,19982,52,2,,55,,,1896707,1782139212023,1896713,1782139212029,,1782139211960,28,2026-06-22T14:40:12.341419Z,268,,oasis/bottle,0
,,,,,,6,local.mqtt.telegraf,55,38.51,,periodic,,72,-789,41,39,,,5,08a6f7bb3c68,,0,274,1368,08:A6:F7:BB:3C:68,,861,31,2,,33,,,1897796,1782139213112,1897802,1782139213118,,1782139213040,28,2026-06-22T14:40:13.4514677Z,271,,oasis/bottle,0
,,,,,,6,local.mqtt.telegraf,56,36.41,,periodic,,90,-14871,36,34,,,5,08a6f769c348,,0,273,1360,08:A6:F7:69:C3:48,,14961,54,2,,56,,,1897819,1782139213135,1897825,1782139213141,,1782139213045,28,2026-06-22T14:40:13.4932211Z,269,,oasis/bottle,1
,,,,,,8,local.mqtt.telegraf,54,21.15,,periodic,,72,-7629,41,39,,,5,08a6f75abdf0,,0,273,1364,08:A6:F7:5A:BD:F0,,7701,31,2,,33,,,1897896,1782139213212,1897904,1782139213220,,1782139213140,30,2026-06-22T14:40:13.5906361Z,270,,oasis/bottle,0
,,,,,,6,local.mqtt.telegraf,54,21.11,,periodic,,72,-9009,41,39,,,5,08a6f75abdf0,,0,273,1365,08:A6:F7:5A:BD:F0,,9081,31,2,,33,,,1899276,1782139214592,1899282,1782139214598,,1782139214520,30,2026-06-22T14:40:14.9692779Z,270,,oasis/bottle,0
,,,,,,6,local.mqtt.telegraf,56,36.47,,periodic,,69,-16452,15,13,,,5,08a6f769c348,,0,273,1361,08:A6:F7:69:C3:48,,16521,54,2,,56,,,1899358,1782139214674,1899364,1782139214680,,1782139214605,28,2026-06-22T14:40:15.0117003Z,269,,oasis/bottle,0
,,,,,,6,local.mqtt.telegraf,56,38.48,,periodic,,88,-2342,57,55,,,5,08a6f7bb3c68,,0,273,1369,08:A6:F7:BB:3C:68,,2430,31,2,,33,,,1899381,1782139214697,1899387,1782139214703,,1782139214609,28,2026-06-22T14:40:15.0584919Z,271,,oasis/bottle,1
,,,,,,7,local.mqtt.telegraf,56,36.47,,periodic,,76,-17766,22,20,,,5,08a6f769c348,,0,273,1362,08:A6:F7:69:C3:48,,17842,54,2,,56,,,1900686,1782139216002,1900693,1782139216009,,1782139215926,28,2026-06-22T14:40:16.3451809Z,269,,oasis/bottle,0
,,,,,,10,local.mqtt.telegraf,55,38.56,,periodic,,87,-3673,56,54,,,5,08a6f7bb3c68,,0,273,1370,08:A6:F7:BB:3C:68,,3760,31,2,,33,,,1900710,1782139216026,1900720,1782139216036,,1782139215939,28,2026-06-22T14:40:16.3855851Z,271,,oasis/bottle,1
,,,,,,6,local.mqtt.telegraf,54,20.94,,periodic,,73,-10577,42,40,,,5,08a6f75abdf0,,0,273,1366,08:A6:F7:5A:BD:F0,,10650,31,2,,33,,,1900846,1782139216162,1900852,1782139216168,,1782139216089,30,2026-06-22T14:40:16.5257707Z,270,,oasis/bottle,0
,,,,,,6,local.mqtt.telegraf,56,36.53,,periodic,,67,-19234,13,11,,,5,08a6f769c348,,0,273,1363,08:A6:F7:69:C3:48,,19301,54,2,,56,,,1902136,1782139217452,1902142,1782139217458,,1782139217385,28,2026-06-22T14:40:17.7999961Z,269,,oasis/bottle,0
,,,,,,13,local.mqtt.telegraf,55,38.55,,periodic,,79,-5141,48,46,,,5,08a6f7bb3c68,,0,273,1371,08:A6:F7:BB:3C:68,,5220,31,2,,33,,,1902162,1782139217478,1902175,1782139217491,,1782139217399,28,2026-06-22T14:40:17.839636Z,271,,oasis/bottle,0
,,,,,,9,local.mqtt.telegraf,54,21.07,,periodic,,88,-11892,57,55,,,5,08a6f75abdf0,,0,273,1367,08:A6:F7:5A:BD:F0,,11980,31,2,,33,,,1902191,1782139217507,1902200,1782139217516,,1782139217419,30,2026-06-22T14:40:17.8878354Z,270,,oasis/bottle,1
,,,,,,6,local.mqtt.telegraf,56,36.32,,periodic,,77,-20324,23,21,,,5,08a6f769c348,,0,273,1364,08:A6:F7:69:C3:48,,20401,54,2,,56,,,1903246,1782139218562,1903252,1782139218568,,1782139218485,28,2026-06-22T14:40:18.9225071Z,269,,oasis/bottle,0
,,,,,,5,local.mqtt.telegraf,56,38.44,,periodic,,82,-6258,51,49,,,5,08a6f7bb3c68,,0,273,1372,08:A6:F7:BB:3C:68,,6340,31,2,,33,,,1903285,1782139218601,1903290,1782139218606,,1782139218519,28,2026-06-22T14:40:18.9537547Z,271,,oasis/bottle,0
,,,,,,7,local.mqtt.telegraf,54,21.09,,periodic,,63,-13387,32,30,,,5,08a6f75abdf0,,0,273,1368,08:A6:F7:5A:BD:F0,,13450,31,2,,33,,,1903636,1782139218952,1903643,1782139218959,,1782139218889,30,2026-06-22T14:40:19.3276847Z,270,,oasis/bottle,0
,,,,,,6,local.mqtt.telegraf,56,38.43,,periodic,,63,-7327,32,30,,,5,08a6f7bb3c68,,0,273,1373,08:A6:F7:BB:3C:68,,7390,31,2,,33,,,1904316,1782139219632,1904322,1782139219638,,1782139219569,28,2026-06-22T14:40:20.0185005Z,271,,oasis/bottle,0
,,,,,,6,local.mqtt.telegraf,54,21.14,,periodic,,72,-14499,41,39,,,5,08a6f75abdf0,,0,273,1369,08:A6:F7:5A:BD:F0,,14571,31,2,,33,,,1904766,1782139220082,1904772,1782139220088,,1782139220010,30,2026-06-22T14:40:20.4804146Z,270,,oasis/bottle,0
,,,,,,6,local.mqtt.telegraf,56,36.38,,periodic,,63,-1428,5,3,,,5,08a6f769c348,,0,273,1365,08:A6:F7:69:C3:48,,1491,58,2,,60,,,1904846,1782139220162,1904852,1782139220168,,1782139220099,28,2026-06-22T14:40:20.7575751Z,272,,oasis/bottle,0
,,,,,,6,local.mqtt.telegraf,56,38.71,,periodic,,64,-8806,33,31,,,5,08a6f7bb3c68,,0,273,1374,08:A6:F7:BB:3C:68,,8870,31,2,,33,,,1905796,1782139221113,1905803,1782139221119,,1782139221049,28,2026-06-22T14:40:21.4686039Z,271,,oasis/bottle,0
,,,,,,11,local.mqtt.telegraf,54,21.14,,periodic,,80,-15540,49,47,,,5,08a6f75abdf0,,0,273,1370,08:A6:F7:5A:BD:F0,,15620,31,2,,33,,,1905823,1782139221139,1905834,1782139221150,,1782139221059,30,2026-06-22T14:40:21.5068269Z,270,,oasis/bottle,0
,,,,,,6,local.mqtt.telegraf,56,36.28,,periodic,,73,-2818,15,13,,,5,08a6f769c348,,0,273,1366,08:A6:F7:69:C3:48,,2891,58,2,,60,,,1906256,1782139221572,1906262,1782139221578,,1782139221499,28,2026-06-22T14:40:21.93371Z,272,,oasis/bottle,0
,,,,,,6,local.mqtt.telegraf,55,38.47,,periodic,,73,-9957,42,40,,,5,08a6f7bb3c68,,0,273,1375,08:A6:F7:BB:3C:68,,10030,31,2,,33,,,1906966,1782139222282,1906972,1782139222288,,1782139222209,28,2026-06-22T14:40:22.6575398Z,271,,oasis/bottle,0
,,,,,,7,local.mqtt.telegraf,54,21.26,,periodic,,63,-17047,32,30,,,5,08a6f75abdf0,,0,273,1371,08:A6:F7:5A:BD:F0,,17110,31,2,,33,,,1907296,1782139222612,1907303,1782139222619,,1782139222549,30,2026-06-22T14:40:22.9945685Z,270,,oasis/bottle,0
,,,,,,6,local.mqtt.telegraf,56,36.33,,periodic,,63,-4438,5,3,,,5,08a6f769c348,,0,273,1367,08:A6:F7:69:C3:48,,4501,58,2,,60,,,1907856,1782139223172,1907862,1782139223178,,1782139223109,28,2026-06-22T14:40:23.548909Z,272,,oasis/bottle,0
,,,,,,6,local.mqtt.telegraf,55,38.53,,periodic,,63,-11097,32,30,,,5,08a6f7bb3c68,,0,273,1376,08:A6:F7:BB:3C:68,,11160,31,2,,33,,,1908086,1782139223402,1908092,1782139223408,,1782139223339,28,2026-06-22T14:40:23.7696982Z,271,,oasis/bottle,0
,,,,,,6,local.mqtt.telegraf,54,21.15,,periodic,,72,-18219,41,39,,,5,08a6f75abdf0,,0,273,1372,08:A6:F7:5A:BD:F0,,18291,31,2,,33,,,1908486,1782139223802,1908492,1782139223808,,1782139223730,30,2026-06-22T14:40:24.1612991Z,270,,oasis/bottle,0
,,,,,,6,local.mqtt.telegraf,56,38.47,,periodic,,63,-12137,32,30,,,5,08a6f7bb3c68,,0,273,1377,08:A6:F7:BB:3C:68,,12200,31,2,,33,,,1909126,1782139224442,1909132,1782139224448,,1782139224379,28,2026-06-22T14:40:24.8099132Z,271,,oasis/bottle,0
,,,,,,6,local.mqtt.telegraf,56,36.37,,periodic,,73,-5828,15,13,,,5,08a6f769c348,,0,273,1368,08:A6:F7:69:C3:48,,5901,58,2,,60,,,1909266,1782139224582,1909272,1782139224588,,1782139224509,28,2026-06-22T14:40:24.9578791Z,272,,oasis/bottle,0
,,,,,,6,local.mqtt.telegraf,53,21.25,,periodic,,62,-19399,31,29,,,5,08a6f75abdf0,,0,274,1373,08:A6:F7:5A:BD:F0,,19461,31,2,,33,,,1909646,1782139224962,1909652,1782139224968,,1782139224900,30,2026-06-22T14:40:25.3257532Z,270,,oasis/bottle,0
,,,,,,6,local.mqtt.telegraf,55,38.47,,periodic,,73,-13607,42,40,,,5,08a6f7bb3c68,,0,273,1378,08:A6:F7:BB:3C:68,,13680,31,2,,33,,,1910616,1782139225932,1910622,1782139225938,,1782139225859,28,2026-06-22T14:40:26.3062994Z,271,,oasis/bottle,0
,,,,,,6,local.mqtt.telegraf,53,21.1,,periodic,,72,-310,43,41,,,5,08a6f75abdf0,,0,274,1374,08:A6:F7:5A:BD:F0,,382,29,2,,31,,,1910786,1782139226102,1910792,1782139226108,,1782139226030,30,2026-06-22T14:40:26.4857584Z,273,,oasis/bottle,0
,,,,,,9,local.mqtt.telegraf,56,36.47,,periodic,,63,-7448,5,3,,,5,08a6f769c348,,0,273,1369,08:A6:F7:69:C3:48,,7511,58,2,,60,,,1910866,1782139226182,1910875,1782139226191,,1782139226119,28,2026-06-22T14:40:26.5422647Z,272,,oasis/bottle,0
,,,,,,7,local.mqtt.telegraf,56,38.48,,periodic,,63,-14797,32,30,,,5,08a6f7bb3c68,,0,273,1379,08:A6:F7:BB:3C:68,,14860,31,2,,33,,,1911786,1782139227102,1911793,1782139227109,,1782139227039,28,2026-06-22T14:40:27.4618158Z,271,,oasis/bottle,0
,,,,,,6,local.mqtt.telegraf,53,21.26,,periodic,,63,-1379,34,32,,,5,08a6f75abdf0,,0,274,1375,08:A6:F7:5A:BD:F0,,1442,29,2,,31,,,1911837,1782139227153,1911843,1782139227159,,1782139227090,30,2026-06-22T14:40:27.5001406Z,273,,oasis/bottle,0
,,,,,,6,local.mqtt.telegraf,56,36.47,,periodic,,73,-8848,15,13,,,5,08a6f769c348,,0,273,1370,08:A6:F7:69:C3:48,,8921,58,2,,60,,,1912286,1782139227602,1912292,1782139227608,,1782139227529,28,2026-06-22T14:40:27.9632058Z,272,,oasis/bottle,0
,,,,,,6,local.mqtt.telegraf,55,38.47,,periodic,,73,-15927,42,40,,,5,08a6f7bb3c68,,0,273,1380,08:A6:F7:BB:3C:68,,16000,31,2,,33,,,1912936,1782139228252,1912942,1782139228258,,1782139228179,28,2026-06-22T14:40:28.6074696Z,271,,oasis/bottle,0
,,,,,,6,local.mqtt.telegraf,53,21.27,,periodic,,72,-2880,43,41,,,5,08a6f75abdf0,,0,274,1376,08:A6:F7:5A:BD:F0,,2952,29,2,,31,,,1913356,1782139228672,1913362,1782139228678,,1782139228600,30,2026-06-22T14:40:29.03748Z,273,,oasis/bottle,0
,,,,,,6,local.mqtt.telegraf,56,36.41,,periodic,,63,-10488,5,3,,,5,08a6f769c348,,0,273,1371,08:A6:F7:69:C3:48,,10551,58,2,,60,,,1913906,1782139229222,1913912,1782139229228,,1782139229159,28,2026-06-22T14:40:29.5943414Z,272,,oasis/bottle,0
,,,,,,6,local.mqtt.telegraf,56,38.4,,periodic,,73,-17007,42,40,,,5,08a6f7bb3c68,,0,273,1381,08:A6:F7:BB:3C:68,,17080,31,2,,33,,,1914016,1782139229332,1914022,1782139229338,,1782139229259,28,2026-06-22T14:40:29.6739942Z,271,,oasis/bottle,0
,,,,,,7,local.mqtt.telegraf,53,20.98,,periodic,,62,-4120,33,31,,,5,08a6f75abdf0,,0,274,1377,08:A6:F7:5A:BD:F0,,4182,29,2,,31,,,1914576,1782139229892,1914583,1782139229899,,1782139229830,30,2026-06-22T14:40:30.2601907Z,273,,oasis/bottle,0
,,,,,,6,local.mqtt.telegraf,56,36.32,,periodic,,73,-11928,15,13,,,5,08a6f769c348,,0,273,1372,08:A6:F7:69:C3:48,,12001,58,2,,60,,,1915366,1782139230682,1915372,1782139230688,,1782139230609,28,2026-06-22T14:40:31.0480201Z,272,,oasis/bottle,0
,,,,,,6,local.mqtt.telegraf,56,38.45,,periodic,,63,-18587,32,30,,,5,08a6f7bb3c68,,0,273,1382,08:A6:F7:BB:3C:68,,18650,31,2,,33,,,1915576,1782139230892,1915582,1782139230898,,1782139230829,28,2026-06-22T14:40:31.2547379Z,271,,oasis/bottle,0
,,,,,,6,local.mqtt.telegraf,53,21.13,,periodic,,72,-5350,43,41,,,5,08a6f75abdf0,,0,274,1378,08:A6:F7:5A:BD:F0,,5422,29,2,,31,,,1915826,1782139231142,1915832,1782139231148,,1782139231070,30,2026-06-22T14:40:31.5215125Z,273,,oasis/bottle,0
,,,,,,6,local.mqtt.telegraf,56,36.56,,periodic,,62,-13040,4,2,,,5,08a6f769c348,,0,273,1373,08:A6:F7:69:C3:48,,13102,58,2,,60,,,1916456,1782139231772,1916462,1782139231778,,1782139231710,28,2026-06-22T14:40:32.1343052Z,272,,oasis/bottle,0
,,,,,,6,local.mqtt.telegraf,55,38.47,,periodic,,72,-19899,41,39,,,5,08a6f7bb3c68,,0,273,1383,08:A6:F7:BB:3C:68,,19971,31,2,,33,,,1916906,1782139232222,1916912,1782139232228,,1782139232150,28,2026-06-22T14:40:32.5819167Z,271,,oasis/bottle,0
,,,,,,6,local.mqtt.telegraf,53,21.15,,periodic,,71,-6641,42,40,,,5,08a6f75abdf0,,0,273,1379,08:A6:F7:5A:BD:F0,,6712,29,2,,31,,,1917115,1782139232431,1917121,1782139232437,,1782139232360,30,2026-06-22T14:40:32.8021403Z,273,,oasis/bottle,0
,,,,,,6,local.mqtt.telegraf,56,36.53,,periodic,,63,-14628,5,3,,,5,08a6f769c348,,0,273,1374,08:A6:F7:69:C3:48,,14691,58,2,,60,,,1918046,1782139233362,1918052,1782139233368,,1782139233299,28,2026-06-22T14:40:33.7403568Z,272,,oasis/bottle,0
,,,,,,6,local.mqtt.telegraf,56,38.51,,periodic,,72,-1129,41,39,,,5,08a6f7bb3c68,,0,273,1384,08:A6:F7:BB:3C:68,,1201,31,2,,33,,,1918346,1782139233662,1918352,1782139233668,,1782139233590,28,2026-06-22T14:40:34.0300688Z,274,,oasis/bottle,0
,,,,,,6,local.mqtt.telegraf,53,21.1,,periodic,,72,-8010,43,41,,,5,08a6f75abdf0,,0,274,1380,08:A6:F7:5A:BD:F0,,8082,29,2,,31,,,1918486,1782139233802,1918492,1782139233808,,1782139233730,30,2026-06-22T14:40:34.176512Z,273,,oasis/bottle,0
,,,,,,6,local.mqtt.telegraf,55,38.49,,periodic,,63,-2217,32,30,,,5,08a6f7bb3c68,,0,273,1385,08:A6:F7:BB:3C:68,,2280,31,2,,33,,,1919416,1782139234732,1919422,1782139234738,,1782139234669,28,2026-06-22T14:40:35.0751396Z,274,,oasis/bottle,0
,,,,,,12,local.mqtt.telegraf,56,36.41,,periodic,,79,-15992,21,19,,,5,08a6f769c348,,0,273,1375,08:A6:F7:69:C3:48,,16071,58,2,,60,,,1919442,1782139234758,1919454,1782139234770,,1782139234679,28,2026-06-22T14:40:35.1163323Z,272,,oasis/bottle,0
,,,,,,7,local.mqtt.telegraf,53,21.07,,periodic,,62,-9570,33,31,,,5,08a6f75abdf0,,0,273,1381,08:A6:F7:5A:BD:F0,,9632,29,2,,31,,,1920026,1782139235342,1920033,1782139235349,,1782139235280,30,2026-06-22T14:40:35.7137685Z,273,,oasis/bottle,0
,,,,,,6,local.mqtt.telegraf,56,38.47,,periodic,,64,-3776,33,31,,,5,08a6f7bb3c68,,0,273,1386,08:A6:F7:BB:3C:68,,3840,31,2,,33,,,1920977,1782139236293,1920983,1782139236299,,1782139236229,28,2026-06-22T14:40:36.6266736Z,274,,oasis/bottle,0
,,,,,,6,local.mqtt.telegraf,56,36.4,,periodic,,70,-17571,12,10,,,5,08a6f769c348,,0,273,1376,08:A6:F7:69:C3:48,,17641,58,2,,60,,,1921003,1782139236319,1921009,1782139236325,,1782139236249,28,2026-06-22T14:40:36.6756452Z,272,,oasis/bottle,0
,,,,,,6,local.mqtt.telegraf,53,21.09,,periodic,,72,-10840,43,41,,,5,08a6f75abdf0,,0,274,1382,08:A6:F7:5A:BD:F0,,10912,29,2,,31,,,1921316,1782139236632,1921322,1782139236638,,1782139236560,30,2026-06-22T14:40:36.999049Z,273,,oasis/bottle,0
,,,,,,6,local.mqtt.telegraf,56,38.44,,periodic,,72,-5089,41,39,,,5,08a6f7bb3c68,,0,273,1387,08:A6:F7:BB:3C:68,,5161,31,2,,33,,,1922306,1782139237622,1922312,1782139237628,,1782139237550,28,2026-06-22T14:40:37.964559Z,274,,oasis/bottle,0
,,,,,,12,local.mqtt.telegraf,56,36.36,,periodic,,78,-18884,20,18,,,5,08a6f769c348,,0,273,1377,08:A6:F7:69:C3:48,,18962,58,2,,60,,,1922332,1782139237648,1922344,1782139237660,,1782139237570,28,2026-06-22T14:40:37.9992853Z,272,,oasis/bottle,0
,,,,,,7,local.mqtt.telegraf,53,21.06,,periodic,,62,-12220,33,31,,,5,08a6f75abdf0,,0,273,1383,08:A6:F7:5A:BD:F0,,12282,29,2,,31,,,1922676,1782139237992,1922683,1782139237999,,1782139237930,30,2026-06-22T14:40:38.3645001Z,273,,oasis/bottle,0
,,,,,,6,local.mqtt.telegraf,56,38.47,,periodic,,73,-6527,42,40,,,5,08a6f7bb3c68,,0,273,1388,08:A6:F7:BB:3C:68,,6600,31,2,,33,,,1923746,1782139239062,1923752,1782139239068,,1782139238989,28,2026-06-22T14:40:39.4197767Z,274,,oasis/bottle,0
,,,,,,13,local.mqtt.telegraf,56,36.47,,periodic,,69,-20342,11,9,,,5,08a6f769c348,,0,273,1378,08:A6:F7:69:C3:48,,20411,58,2,,60,,,1923772,1782139239088,1923785,1782139239101,,1782139239019,28,2026-06-22T14:40:39.4421381Z,272,,oasis/bottle,0
,,,,,,6,local.mqtt.telegraf,53,20.99,,periodic,,72,-13740,43,41,,,5,08a6f75abdf0,,0,274,1384,08:A6:F7:5A:BD:F0,,13812,29,2,,31,,,1924216,1782139239532,1924222,1782139239538,,1782139239460,30,2026-06-22T14:40:39.9144047Z,273,,oasis/bottle,0
,,,,,,6,local.mqtt.telegraf,56,38.48,,periodic,,73,-7597,42,40,,,5,08a6f7bb3c68,,0,273,1389,08:A6:F7:BB:3C:68,,7670,31,2,,33,,,1924816,1782139240132,1924822,1782139240138,,1782139240059,28,2026-06-22T14:40:40.5991168Z,274,,oasis/bottle,0
,,,,,,6,local.mqtt.telegraf,56,36.32,,periodic,,72,-910,19,17,,,5,08a6f769c348,,0,273,1379,08:A6:F7:69:C3:48,,982,53,2,,55,,,1924866,1782139240182,1924872,1782139240188,,1782139240110,28,2026-06-22T14:40:40.6445736Z,275,,oasis/bottle,0
,,,,,,6,local.mqtt.telegraf,53,21.07,,periodic,,62,-15020,33,31,,,5,08a6f75abdf0,,0,274,1385,08:A6:F7:5A:BD:F0,,15082,29,2,,31,,,1925476,1782139240792,1925482,1782139240798,,1782139240730,30,2026-06-22T14:40:41.1722127Z,273,,oasis/bottle,0
,,,,,,7,local.mqtt.telegraf,55,38.47,,periodic,,62,-9159,31,29,,,5,08a6f7bb3c68,,0,273,1390,08:A6:F7:BB:3C:68,,9221,31,2,,33,,,1926356,1782139241672,1926363,1782139241679,,1782139241610,28,2026-06-22T14:40:42.0499016Z,274,,oasis/bottle,0
,,,,,,6,local.mqtt.telegraf,56,36.51,,periodic,,64,-2507,11,9,,,5,08a6f769c348,,0,273,1380,08:A6:F7:69:C3:48,,2571,53,2,,55,,,1926447,1782139241763,1926453,1782139241769,,1782139241699,28,2026-06-22T14:40:42.1078184Z,275,,oasis/bottle,0
,,,,,,6,local.mqtt.telegraf,53,21.06,,periodic,,72,-16330,43,41,,,5,08a6f75abdf0,,0,273,1386,08:A6:F7:5A:BD:F0,,16402,29,2,,31,,,1926806,1782139242122,1926812,1782139242128,,1782139242050,30,2026-06-22T14:40:42.4905329Z,273,,oasis/bottle,0
,,,,,,7,local.mqtt.telegraf,55,38.45,,periodic,,62,-10449,31,29,,,5,08a6f7bb3c68,,0,273,1391,08:A6:F7:BB:3C:68,,10511,31,2,,33,,,1927646,1782139242962,1927653,1782139242969,,1782139242900,28,2026-06-22T14:40:43.3267002Z,274,,oasis/bottle,0
,,,,,,6,local.mqtt.telegraf,56,36.3,,periodic,,73,-3868,20,18,,,5,08a6f769c348,,0,273,1381,08:A6:F7:69:C3:48,,3941,53,2,,55,,,1927826,1782139243142,1927832,1782139243148,,1782139243069,28,2026-06-22T14:40:43.5121631Z,275,,oasis/bottle,0
,,,,,,6,local.mqtt.telegraf,53,21.07,,periodic,,69,-17786,40,38,,,5,08a6f75abdf0,,0,274,1387,08:A6:F7:5A:BD:F0,,17855,29,2,,31,,,1928256,1782139243572,1928262,1782139243578,,1782139243503,30,2026-06-22T14:40:43.9349779Z,273,,oasis/bottle,0
,,,,,,6,local.mqtt.telegraf,56,38.49,,periodic,,73,-11807,42,40,,,5,08a6f7bb3c68,,0,273,1392,08:A6:F7:BB:3C:68,,11880,31,2,,33,,,1929026,1782139244342,1929032,1782139244348,,1782139244269,28,2026-06-22T14:40:44.7000527Z,274,,oasis/bottle,0
,,,,,,6,local.mqtt.telegraf,53,21.1,,periodic,,72,-18880,43,41,,,5,08a6f75abdf0,,0,273,1388,08:A6:F7:5A:BD:F0,,18952,29,2,,31,,,1929356,1782139244672,1929362,1782139244678,,1782139244600,30,2026-06-22T14:40:45.0153485Z,273,,oasis/bottle,0
,,,,,,6,local.mqtt.telegraf,56,36.32,,periodic,,87,-5395,34,32,,,5,08a6f769c348,,0,273,1382,08:A6:F7:69:C3:48,,5482,53,2,,55,,,1929381,1782139244697,1929387,1782139244703,,1782139244610,28,2026-06-22T14:40:45.0485772Z,275,,oasis/bottle,1
,,,,,,6,local.mqtt.telegraf,56,38.28,,periodic,,63,-13367,32,30,,,5,08a6f7bb3c68,,0,273,1393,08:A6:F7:BB:3C:68,,13430,31,2,,33,,,1930566,1782139245882,1930572,1782139245888,,1782139245819,28,2026-06-22T14:40:46.2582225Z,274,,oasis/bottle,0
,,,,,,7,local.mqtt.telegraf,56,36.33,,periodic,,75,-6676,22,20,,,5,08a6f769c348,,0,273,1383,08:A6:F7:69:C3:48,,6751,53,2,,55,,,1930638,1782139245954,1930645,1782139245961,,1782139245879,28,2026-06-22T14:40:46.3102152Z,275,,oasis/bottle,0
,,,,,,6,local.mqtt.telegraf,53,21.21,,periodic,,72,-20480,43,41,,,5,08a6f75abdf0,,0,273,1389,08:A6:F7:5A:BD:F0,,20552,29,2,,31,,,1930956,1782139246272,1930962,1782139246278,,1782139246200,30,2026-06-22T14:40:46.6440553Z,273,,oasis/bottle,0
,,,,,,6,local.mqtt.telegraf,55,38.47,,periodic,,73,-14647,42,40,,,5,08a6f7bb3c68,,0,273,1394,08:A6:F7:BB:3C:68,,14720,31,2,,33,,,1931866,1782139247182,1931872,1782139247188,,1782139247109,28,2026-06-22T14:40:47.5565766Z,274,,oasis/bottle,0
,,,,,,6,local.mqtt.telegraf,56,36.45,,periodic,,63,-8038,10,8,,,5,08a6f769c348,,0,273,1384,08:A6:F7:69:C3:48,,8101,53,2,,55,,,1931976,1782139247292,1931982,1782139247298,,1782139247229,28,2026-06-22T14:40:47.6283108Z,275,,oasis/bottle,0
,,,,,,7,local.mqtt.telegraf,53,21.14,,periodic,,62,-1230,16,13,,,5,08a6f75abdf0,,0,274,1390,08:A6:F7:5A:BD:F0,,1292,46,2,,49,,,1932346,1782139247662,1932353,1782139247669,,1782139247600,30,2026-06-22T14:40:48.0334043Z,276,,oasis/bottle,0
,,,,,,6,local.mqtt.telegraf,56,38.49,,periodic,,73,-16027,42,40,,,5,08a6f7bb3c68,,0,273,1395,08:A6:F7:BB:3C:68,,16100,31,2,,33,,,1933246,1782139248562,1933252,1782139248568,,1782139248489,28,2026-06-22T14:40:48.9225634Z,274,,oasis/bottle,0
,,,,,,6,local.mqtt.telegraf,56,36.38,,periodic,,73,-9518,20,18,,,5,08a6f769c348,,0,273,1385,08:A6:F7:69:C3:48,,9591,53,2,,55,,,1933476,1782139248792,1933482,1782139248798,,1782139248719,28,2026-06-22T14:40:49.1679088Z,275,,oasis/bottle,0
,,,,,,6,local.mqtt.telegraf,53,21.23,,periodic,,72,-2800,26,23,,,5,08a6f75abdf0,,0,273,1391,08:A6:F7:5A:BD:F0,,2872,46,2,,49,,,1933936,1782139249252,1933942,1782139249258,,1782139249180,30,2026-06-22T14:40:49.6177017Z,276,,oasis/bottle,0
,,,,,,6,local.mqtt.telegraf,56,36.24,,periodic,,63,-10708,10,8,,,5,08a6f769c348,,0,273,1386,08:A6:F7:69:C3:48,,10771,53,2,,55,,,1934646,1782139249962,1934652,1782139249968,,1782139249899,28,2026-06-22T14:40:50.3345024Z,275,,oasis/bottle,0
,,,,,,7,local.mqtt.telegraf,56,38.44,,periodic,,64,-17596,33,31,,,5,08a6f7bb3c68,,0,273,1396,08:A6:F7:BB:3C:68,,17660,31,2,,33,,,1934797,1782139250113,1934804,1782139250120,,1782139250049,28,2026-06-22T14:40:50.4817694Z,274,,oasis/bottle,0
,,,,,,6,local.mqtt.telegraf,53,21.1,,periodic,,62,-4180,16,13,,,5,08a6f75abdf0,,0,273,1392,08:A6:F7:5A:BD:F0,,4242,46,2,,49,,,1935296,1782139250612,1935302,1782139250618,,1782139250550,30,2026-06-22T14:40:50.9876755Z,276,,oasis/bottle,0
,,,,,,7,local.mqtt.telegraf,56,36.36,,periodic,,63,-11858,10,8,,,5,08a6f769c348,,0,273,1387,08:A6:F7:69:C3:48,,11921,53,2,,55,,,1935796,1782139251112,1935803,1782139251119,,1782139251049,28,2026-06-22T14:40:51.4691234Z,275,,oasis/bottle,0
,,,,,,6,local.mqtt.telegraf,56,38.27,,periodic,,73,-18897,42,40,,,5,08a6f7bb3c68,,0,273,1397,08:A6:F7:BB:3C:68,,18970,31,2,,33,,,1936116,1782139251432,1936122,1782139251438,,1782139251359,28,2026-06-22T14:40:51.7956934Z,274,,oasis/bottle,0
,,,,,,6,local.mqtt.telegraf,53,21.07,,periodic,,72,-5700,26,23,,,5,08a6f75abdf0,,0,273,1393,08:A6:F7:5A:BD:F0,,5772,46,2,,49,,,1936836,1782139252152,1936842,1782139252158,,1782139252080,30,2026-06-22T14:40:52.514681Z,276,,oasis/bottle,0
,,,,,,7,local.mqtt.telegraf,56,36.32,,periodic,,74,-12948,21,19,,,5,08a6f769c348,,0,273,1388,08:A6:F7:69:C3:48,,13022,53,2,,55,,,1936908,1782139252224,1936915,1782139252231,,1782139252150,28,2026-06-22T14:40:52.5784097Z,275,,oasis/bottle,0
,,,,,,6,local.mqtt.telegraf,55,38.39,,periodic,,72,-20319,41,39,,,5,08a6f7bb3c68,,0,273,1398,08:A6:F7:BB:3C:68,,20391,31,2,,33,,,1937536,1782139252852,1937542,1782139252858,,1782139252780,28,2026-06-22T14:40:53.214283Z,274,,oasis/bottle,0
,,,,,,6,local.mqtt.telegraf,53,20.95,,periodic,,73,-6968,27,24,,,5,08a6f75abdf0,,0,273,1394,08:A6:F7:5A:BD:F0,,7041,46,2,,49,,,1938106,1782139253422,1938112,1782139253428,,1782139253349,30,2026-06-22T14:40:53.7987842Z,276,,oasis/bottle,0
,,,,,,6,local.mqtt.telegraf,56,36.3,,periodic,,63,-14568,10,8,,,5,08a6f769c348,,0,273,1389,08:A6:F7:69:C3:48,,14631,53,2,,55,,,1938506,1782139253822,1938512,1782139253828,,1782139253759,28,2026-06-22T14:40:54.2223252Z,275,,oasis/bottle,0
,,,,,,6,local.mqtt.telegraf,55,38.44,,periodic,,62,-870,10,8,,,5,08a6f7bb3c68,,0,274,1399,08:A6:F7:BB:3C:68,,932,52,2,,54,,,1938566,1782139253882,1938572,1782139253888,,1782139253820,28,2026-06-22T14:40:54.2737211Z,277,,oasis/bottle,0
,,,,,,6,local.mqtt.telegraf,53,21.03,,periodic,,72,-8300,26,23,,,5,08a6f75abdf0,,0,273,1395,08:A6:F7:5A:BD:F0,,8372,46,2,,49,,,1939436,1782139254752,1939442,1782139254758,,1782139254680,30,2026-06-22T14:40:55.1236224Z,276,,oasis/bottle,0
,,,,,,6,local.mqtt.telegraf,56,36.1,,periodic,,73,-15958,20,18,,,5,08a6f769c348,,0,273,1390,08:A6:F7:69:C3:48,,16031,53,2,,55,,,1939916,1782139255232,1939922,1782139255238,,1782139255159,28,2026-06-22T14:40:55.5970157Z,275,,oasis/bottle,0
,,,,,,8,local.mqtt.telegraf,56,38.12,,periodic,,73,-2328,21,19,,,5,08a6f7bb3c68,,0,273,1400,08:A6:F7:BB:3C:68,,2401,52,2,,54,,,1940046,1782139255362,1940054,1782139255370,,1782139255289,28,2026-06-22T14:40:55.7216342Z,277,,oasis/bottle,0
,,,,,,7,local.mqtt.telegraf,53,20.98,,periodic,,62,-9770,16,13,,,5,08a6f75abdf0,,0,273,1396,08:A6:F7:5A:BD:F0,,9832,46,2,,49,,,1940886,1782139256202,1940893,1782139256209,,1782139256140,30,2026-06-22T14:40:56.5696142Z,276,,oasis/bottle,0
,,,,,,6,local.mqtt.telegraf,56,38.08,,periodic,,73,-3478,21,19,,,5,08a6f7bb3c68,,0,273,1401,08:A6:F7:BB:3C:68,,3551,52,2,,54,,,1941196,1782139256512,1941202,1782139256518,,1782139256439,28,2026-06-22T14:40:56.8762346Z,277,,oasis/bottle,0
,,,,,,6,local.mqtt.telegraf,56,35.89,,periodic,,63,-17578,10,8,,,5,08a6f769c348,,0,273,1391,08:A6:F7:69:C3:48,,17641,53,2,,55,,,1941516,1782139256832,1941522,1782139256838,,1782139256769,28,2026-06-22T14:40:57.1996521Z,275,,oasis/bottle,0
,,,,,,6,local.mqtt.telegraf,53,21.03,,periodic,,72,-10870,26,23,,,5,08a6f75abdf0,,0,273,1397,08:A6:F7:5A:BD:F0,,10942,46,2,,49,,,1942006,1782139257322,1942012,1782139257328,,1782139257250,30,2026-06-22T14:40:57.6850019Z,276,,oasis/bottle,0
,,,,,,6,local.mqtt.telegraf,56,37.9,,periodic,,62,-4590,10,8,,,5,08a6f7bb3c68,,0,273,1402,08:A6:F7:BB:3C:68,,4652,52,2,,54,,,1942286,1782139257602,1942292,1782139257608,,1782139257540,28,2026-06-22T14:40:57.9734247Z,277,,oasis/bottle,0
,,,,,,6,local.mqtt.telegraf,56,35.95,,periodic,,73,-18978,20,18,,,5,08a6f769c348,,0,273,1392,08:A6:F7:69:C3:48,,19051,53,2,,55,,,1942936,1782139258252,1942942,1782139258258,,1782139258179,28,2026-06-22T14:40:58.6234206Z,275,,oasis/bottle,0
,,,,,,6,local.mqtt.telegraf,53,21.21,,periodic,,72,-12500,26,23,,,5,08a6f75abdf0,,0,273,1398,08:A6:F7:5A:BD:F0,,12572,46,2,,49,,,1943636,1782139258952,1943642,1782139258958,,1782139258880,30,2026-06-22T14:40:59.3080192Z,276,,oasis/bottle,0
,,,,,,7,local.mqtt.telegraf,55,38.24,,periodic,,62,-6180,10,8,,,5,08a6f7bb3c68,,0,273,1403,08:A6:F7:BB:3C:68,,6242,52,2,,54,,,1943876,1782139259192,1943882,1782139259199,,1782139259130,28,2026-06-22T14:40:59.5607135Z,277,,oasis/bottle,0
,,,,,,6,local.mqtt.telegraf,56,36.18,,periodic,,62,-406,18,16,,,5,08a6f769c348,,0,273,1393,08:A6:F7:69:C3:48,,468,44,2,,46,,,1944556,1782139259872,1944562,1782139259878,,1782139259810,28,2026-06-22T14:41:00.2485223Z,278,,oasis/bottle,0
,,,,,,6,local.mqtt.telegraf,53,21.21,,periodic,,72,-13950,26,23,,,5,08a6f75abdf0,,0,273,1399,08:A6:F7:5A:BD:F0,,14022,46,2,,49,,,1945086,1782139260402,1945092,1782139260408,,1782139260330,30,2026-06-22T14:41:00.7714184Z,276,,oasis/bottle,0
,,,,,,6,local.mqtt.telegraf,55,38.6,,periodic,,72,-7540,20,18,,,5,08a6f7bb3c68,,0,273,1404,08:A6:F7:BB:3C:68,,7612,52,2,,54,,,1945256,1782139260572,1945262,1782139260578,,1782139260500,28,2026-06-22T14:41:00.9399843Z,277,,oasis/bottle,0
,,,,,,10,local.mqtt.telegraf,56,36.02,,periodic,,73,-1844,29,27,,,5,08a6f769c348,,0,273,1394,08:A6:F7:69:C3:48,,1917,44,2,,46,,,1946016,1782139261332,1946026,1782139261342,,1782139261259,28,2026-06-22T14:41:01.7066658Z,278,,oasis/bottle,0
,,,,,,6,local.mqtt.telegraf,53,21.06,,periodic,,63,-15059,17,14,,,5,08a6f75abdf0,,0,273,1400,08:A6:F7:5A:BD:F0,,15122,46,2,,49,,,1946177,1782139261493,1946183,1782139261499,,1782139261430,30,2026-06-22T14:41:01.8579934Z,276,,oasis/bottle,0
,,,,,,6,local.mqtt.telegraf,56,38.92,,periodic,,69,-9096,17,15,,,5,08a6f7bb3c68,,0,273,1405,08:A6:F7:BB:3C:68,,9165,52,2,,54,,,1946806,1782139262122,1946812,1782139262128,,1782139262053,28,2026-06-22T14:41:02.5215709Z,277,,oasis/bottle,0
,,,,,,6,local.mqtt.telegraf,56,36.02,,periodic,,72,-2946,28,26,,,5,08a6f769c348,,0,273,1395,08:A6:F7:69:C3:48,,3018,44,2,,46,,,1947116,1782139262432,1947122,1782139262438,,1782139262360,28,2026-06-22T14:41:02.817307Z,278,,oasis/bottle,0
,,,,,,6,local.mqtt.telegraf,53,21.05,,periodic,,72,-16640,26,23,,,5,08a6f75abdf0,,0,273,1401,08:A6:F7:5A:BD:F0,,16712,46,2,,49,,,1947776,1782139263092,1947782,1782139263098,,1782139263020,30,2026-06-22T14:41:03.4694692Z,276,,oasis/bottle,0
,,,,,,7,local.mqtt.telegraf,56,38.83,,periodic,,72,-10390,20,18,,,5,08a6f7bb3c68,,0,273,1406,08:A6:F7:BB:3C:68,,10462,52,2,,54,,,1948106,1782139263422,1948113,1782139263429,,1782139263350,28,2026-06-22T14:41:03.8046821Z,277,,oasis/bottle,0
,,,,,,6,local.mqtt.telegraf,56,36.18,,periodic,,73,-4544,29,27,,,5,08a6f769c348,,0,273,1396,08:A6:F7:69:C3:48,,4617,44,2,,46,,,1948716,1782139264032,1948722,1782139264038,,1782139263959,28,2026-06-22T14:41:04.3870431Z,278,,oasis/bottle,0
,,,,,,6,local.mqtt.telegraf,53,21.1,,periodic,,72,-18020,26,23,,,5,08a6f75abdf0,,0,274,1402,08:A6:F7:5A:BD:F0,,18092,46,2,,49,,,1949156,1782139264472,1949162,1782139264478,,1782139264400,30,2026-06-22T14:41:04.8404927Z,276,,oasis/bottle,0
,,,,,,7,local.mqtt.telegraf,56,38.88,,periodic,,63,-11798,11,9,,,5,08a6f7bb3c68,,0,273,1407,08:A6:F7:BB:3C:68,,11861,52,2,,54,,,1949496,1782139264812,1949502,1782139264819,,1782139264749,28,2026-06-22T14:41:05.1778146Z,277,,oasis/bottle,0
,,,,,,6,local.mqtt.telegraf,56,36.02,,periodic,,63,-5954,19,17,,,5,08a6f769c348,,0,273,1397,08:A6:F7:69:C3:48,,6017,44,2,,46,,,1950106,1782139265422,1950112,1782139265428,,1782139265359,28,2026-06-22T14:41:05.7975978Z,278,,oasis/bottle,0
,,,,,,6,local.mqtt.telegraf,54,21.21,,periodic,,63,-19598,17,14,,,5,08a6f75abdf0,,0,273,1403,08:A6:F7:5A:BD:F0,,19661,46,2,,49,,,1950716,1782139266032,1950722,1782139266038,,1782139265969,30,2026-06-22T14:41:06.4038783Z,276,,oasis/bottle,0
,,,,,,6,local.mqtt.telegraf,56,38.99,,periodic,,73,-13368,21,19,,,5,08a6f7bb3c68,,0,273,1408,08:A6:F7:BB:3C:68,,13441,52,2,,54,,,1951086,1782139266402,1951092,1782139266408,,1782139266329,28,2026-06-22T14:41:06.7898844Z,277,,oasis/bottle,0
,,,,,,6,local.mqtt.telegraf,56,36.01,,periodic,,73,-7524,29,27,,,5,08a6f769c348,,0,273,1398,08:A6:F7:69:C3:48,,7597,44,2,,46,,,1951696,1782139267012,1951702,1782139267018,,1782139266939,28,2026-06-22T14:41:07.3739024Z,278,,oasis/bottle,0
,,,,,,6,local.mqtt.telegraf,54,21.03,,periodic,,72,-719,44,42,,,5,08a6f75abdf0,,0,273,1404,08:A6:F7:5A:BD:F0,,791,28,2,,30,,,1952046,1782139267362,1952052,1782139267368,,1782139267290,30,2026-06-22T14:41:07.7325193Z,279,,oasis/bottle,0
,,,,,,7,local.mqtt.telegraf,56,38.92,,periodic,,63,-14748,11,9,,,5,08a6f7bb3c68,,0,273,1409,08:A6:F7:BB:3C:68,,14811,52,2,,54,,,1952446,1782139267762,1952453,1782139267769,,1782139267699,28,2026-06-22T14:41:08.1352479Z,277,,oasis/bottle,0
,,,,,,6,local.mqtt.telegraf,56,35.89,,periodic,,62,-8916,18,16,,,5,08a6f769c348,,0,273,1399,08:A6:F7:69:C3:48,,8978,44,2,,46,,,1953066,1782139268382,1953072,1782139268388,,1782139268320,28,2026-06-22T14:41:08.743841Z,278,,oasis/bottle,0
,,,,,,7,local.mqtt.telegraf,54,20.99,,periodic,,63,-2187,35,33,,,5,08a6f75abdf0,,0,273,1405,08:A6:F7:5A:BD:F0,,2250,28,2,,30,,,1953496,1782139268812,1953503,1782139268819,,1782139268749,30,2026-06-22T14:41:09.1847079Z,279,,oasis/bottle,0
,,,,,,6,local.mqtt.telegraf,57,38.9,,periodic,,73,-16268,21,19,,,5,08a6f7bb3c68,,0,273,1410,08:A6:F7:BB:3C:68,,16341,52,2,,54,,,1953986,1782139269302,1953992,1782139269308,,1782139269229,28,2026-06-22T14:41:09.6581915Z,277,,oasis/bottle,0
,,,,,,6,local.mqtt.telegraf,54,21.06,,periodic,,72,-3279,44,42,,,5,08a6f75abdf0,,0,273,1406,08:A6:F7:5A:BD:F0,,3351,28,2,,30,,,1954606,1782139269922,1954612,1782139269928,,1782139269850,30,2026-06-22T14:41:10.2507323Z,279,,oasis/bottle,0
,,,,,,5,local.mqtt.telegraf,56,36.06,,periodic,,86,-10432,42,40,,,5,08a6f769c348,,0,273,1400,08:A6:F7:69:C3:48,,10518,44,2,,46,,,1954630,1782139269946,1954635,1782139269951,,1782139269860,28,2026-06-22T14:41:10.287991Z,278,,oasis/bottle,1
,,,,,,6,local.mqtt.telegraf,57,38.9,,periodic,,63,-17549,11,9,,,5,08a6f7bb3c68,,0,274,1411,08:A6:F7:BB:3C:68,,17612,52,2,,54,,,1955247,1782139270563,1955253,1782139270569,,1782139270500,28,2026-06-22T14:41:10.9259556Z,277,,oasis/bottle,0
,,,,,,6,local.mqtt.telegraf,56,36.06,,periodic,,62,-11746,18,16,,,5,08a6f769c348,,0,273,1401,08:A6:F7:69:C3:48,,11808,44,2,,46,,,1955896,1782139271212,1955902,1782139271218,,1782139271150,28,2026-06-22T14:41:11.5864613Z,278,,oasis/bottle,0
,,,,,,6,local.mqtt.telegraf,54,20.95,,periodic,,63,-4888,35,33,,,5,08a6f75abdf0,,0,274,1407,08:A6:F7:5A:BD:F0,,4951,28,2,,30,,,1956196,1782139271513,1956203,1782139271519,,1782139271450,30,2026-06-22T14:41:11.877942Z,279,,oasis/bottle,0
,,,,,,6,local.mqtt.telegraf,57,38.94,,periodic,,72,-18860,20,18,,,5,08a6f7bb3c68,,0,273,1412,08:A6:F7:BB:3C:68,,18932,52,2,,54,,,1956576,1782139271892,1956582,1782139271898,,1782139271820,28,2026-06-22T14:41:12.2620783Z,277,,oasis/bottle,0
,,,,,,6,local.mqtt.telegraf,56,36.1,,periodic,,73,-13104,29,27,,,5,08a6f769c348,,0,273,1402,08:A6:F7:69:C3:48,,13177,44,2,,46,,,1957276,1782139272592,1957282,1782139272598,,1782139272519,28,2026-06-22T14:41:12.970166Z,278,,oasis/bottle,0
,,,,,,6,local.mqtt.telegraf,54,21.19,,periodic,,63,-6287,35,33,,,5,08a6f75abdf0,,0,273,1408,08:A6:F7:5A:BD:F0,,6350,28,2,,30,,,1957596,1782139272912,1957602,1782139272918,,1782139272849,30,2026-06-22T14:41:13.2714786Z,279,,oasis/bottle,0
,,,,,,6,local.mqtt.telegraf,57,38.78,,periodic,,72,-20310,20,18,,,5,08a6f7bb3c68,,0,273,1413,08:A6:F7:BB:3C:68,,20382,52,2,,54,,,1958026,1782139273342,1958032,1782139273348,,1782139273270,28,2026-06-22T14:41:13.7045789Z,277,,oasis/bottle,0
,,,,,,6,local.mqtt.telegraf,56,36.06,,periodic,,62,-14656,18,16,,,5,08a6f769c348,,0,273,1403,08:A6:F7:69:C3:48,,14718,44,2,,46,,,1958806,1782139274122,1958811,1782139274128,,1782139274060,28,2026-06-22T14:41:14.4938746Z,278,,oasis/bottle,0
,,,,,,6,local.mqtt.telegraf,57,38.87,,periodic,,72,-930,23,21,,,5,08a6f7bb3c68,,0,274,1414,08:A6:F7:BB:3C:68,,1002,49,2,,51,,,1959136,1782139274452,1959142,1782139274458,,1782139274380,28,2026-06-22T14:41:14.810227Z,280,,oasis/bottle,0
,,,,,,7,local.mqtt.telegraf,54,21.07,,periodic,,73,-7867,45,43,,,5,08a6f75abdf0,,0,273,1409,08:A6:F7:5A:BD:F0,,7940,28,2,,30,,,1959196,1782139274512,1959202,1782139274519,,1782139274439,30,2026-06-22T14:41:14.8810124Z,279,,oasis/bottle,0
,,,,,,7,local.mqtt.telegraf,56,36.13,,periodic,,63,-15924,19,17,,,5,08a6f769c348,,0,273,1404,08:A6:F7:69:C3:48,,15987,44,2,,46,,,1960076,1782139275392,1960083,1782139275399,,1782139275329,28,2026-06-22T14:41:15.7667589Z,278,,oasis/bottle,0
,,,,,,6,local.mqtt.telegraf,54,21.07,,periodic,,63,-9277,35,33,,,5,08a6f75abdf0,,0,273,1410,08:A6:F7:5A:BD:F0,,9340,28,2,,30,,,1960586,1782139275902,1960592,1782139275908,,1782139275839,30,2026-06-22T14:41:16.2720979Z,279,,oasis/bottle,0
,,,,,,6,local.mqtt.telegraf,57,38.9,,periodic,,73,-2528,24,22,,,5,08a6f7bb3c68,,0,273,1415,08:A6:F7:BB:3C:68,,2601,49,2,,51,,,1960736,1782139276052,1960742,1782139276058,,1782139275979,28,2026-06-22T14:41:16.4256399Z,280,,oasis/bottle,0
,,,,,,6,local.mqtt.telegraf,56,36.13,,periodic,,72,-17256,28,26,,,5,08a6f769c348,,0,273,1405,08:A6:F7:69:C3:48,,17328,44,2,,46,,,1961426,1782139276742,1961432,1782139276748,,1782139276670,28,2026-06-22T14:41:17.1055093Z,278,,oasis/bottle,0
,,,,,,6,local.mqtt.telegraf,57,38.88,,periodic,,63,-3949,14,12,,,5,08a6f7bb3c68,,0,273,1416,08:A6:F7:BB:3C:68,,4012,49,2,,51,,,1962136,1782139277453,1962143,1782139277459,,1782139277390,28,2026-06-22T14:41:17.8024578Z,280,,oasis/bottle,0
,,,,,,6,local.mqtt.telegraf,54,21.11,,periodic,,73,-10847,45,43,,,5,08a6f75abdf0,,0,273,1411,08:A6:F7:5A:BD:F0,,10920,28,2,,30,,,1962176,1782139277492,1962182,1782139277498,,1782139277419,30,2026-06-22T14:41:17.8403226Z,279,,oasis/bottle,0
,,,,,,6,local.mqtt.telegraf,56,35.9,,periodic,,63,-18754,19,17,,,5,08a6f769c348,,0,273,1406,08:A6:F7:69:C3:48,,18817,44,2,,46,,,1962906,1782139278222,1962912,1782139278228,,1782139278159,28,2026-06-22T14:41:18.5930879Z,278,,oasis/bottle,0
,,,,,,6,local.mqtt.telegraf,54,21.06,,periodic,,73,-12207,45,43,,,5,08a6f75abdf0,,0,273,1412,08:A6:F7:5A:BD:F0,,12280,28,2,,30,,,1963536,1782139278852,1963542,1782139278858,,1782139278779,30,2026-06-22T14:41:19.2258253Z,279,,oasis/bottle,0
,,,,,,6,local.mqtt.telegraf,57,38.9,,periodic,,72,-5550,23,21,,,5,08a6f7bb3c68,,0,273,1417,08:A6:F7:BB:3C:68,,5622,49,2,,51,,,1963756,1782139279072,1963762,1782139279078,,1782139279000,28,2026-06-22T14:41:19.4358391Z,280,,oasis/bottle,0
,,,,,,14,local.mqtt.telegraf,56,36.04,,periodic,,72,-19906,28,26,,,5,08a6f769c348,,0,273,1407,08:A6:F7:69:C3:48,,19978,44,2,,46,,,1964076,1782139279392,1964090,1782139279406,,1782139279320,28,2026-06-22T14:41:19.7675968Z,278,,oasis/bottle,0
,,,,,,5,local.mqtt.telegraf,54,21.03,,periodic,,63,-13737,35,33,,,5,08a6f75abdf0,,0,273,1413,08:A6:F7:5A:BD:F0,,13800,28,2,,30,,,1965046,1782139280362,1965051,1782139280367,,1782139280299,30,2026-06-22T14:41:20.7286433Z,279,,oasis/bottle,0
,,,,,,6,local.mqtt.telegraf,57,38.91,,periodic,,72,-6980,23,21,,,5,08a6f7bb3c68,,0,273,1418,08:A6:F7:BB:3C:68,,7052,49,2,,51,,,1965186,1782139280502,1965192,1782139280508,,1782139280430,28,2026-06-22T14:41:20.8418956Z,280,,oasis/bottle,0
,,,,,,6,local.mqtt.telegraf,56,36.04,,periodic,,78,-823,47,45,,,5,08a6f769c348,,0,274,1408,08:A6:F7:69:C3:48,,901,31,2,,33,,,1965212,1782139280528,1965218,1782139280534,,1782139280450,28,2026-06-22T14:41:20.8779205Z,281,,oasis/bottle,0
,,,,,,6,local.mqtt.telegraf,57,38.65,,periodic,,72,-8030,23,21,,,5,08a6f7bb3c68,,0,274,1419,08:A6:F7:BB:3C:68,,8102,49,2,,51,,,1966236,1782139281552,1966242,1782139281558,,1782139281480,28,2026-06-22T14:41:21.884668Z,280,,oasis/bottle,0
,,,,,,5,local.mqtt.telegraf,56,35.89,,periodic,,79,-1872,48,46,,,5,08a6f769c348,,0,273,1409,08:A6:F7:69:C3:48,,1951,31,2,,33,,,1966263,1782139281579,1966268,1782139281584,,1782139281500,28,2026-06-22T14:41:21.9197784Z,281,,oasis/bottle,0
,,,,,,7,local.mqtt.telegraf,54,21.05,,periodic,,76,-14955,48,46,,,5,08a6f75abdf0,,0,273,1414,08:A6:F7:5A:BD:F0,,15031,28,2,,30,,,1966290,1782139281606,1966297,1782139281613,,1782139281530,30,2026-06-22T14:41:21.9673454Z,279,,oasis/bottle,0
,,,,,,6,local.mqtt.telegraf,54,21.18,,periodic,,62,-16239,34,32,,,5,08a6f75abdf0,,0,273,1415,08:A6:F7:5A:BD:F0,,16301,28,2,,30,,,1967546,1782139282862,1967552,1782139282868,,1782139282800,30,2026-06-22T14:41:23.2414032Z,279,,oasis/bottle,0
,,,,,,7,local.mqtt.telegraf,57,38.9,,periodic,,62,-9540,13,11,,,5,08a6f7bb3c68,,0,273,1420,08:A6:F7:BB:3C:68,,9602,49,2,,51,,,1967726,1782139283042,1967732,1782139283049,,1782139282980,28,2026-06-22T14:41:23.4004393Z,280,,oasis/bottle,0
,,,,,,11,local.mqtt.telegraf,56,36.06,,periodic,,70,-3380,39,37,,,5,08a6f769c348,,0,273,1410,08:A6:F7:69:C3:48,,3450,31,2,,33,,,1967753,1782139283069,1967764,1782139283080,,1782139282999,28,2026-06-22T14:41:23.4348216Z,281,,oasis/bottle,0
,,,,,,6,local.mqtt.telegraf,54,20.93,,periodic,,63,-17558,35,33,,,5,08a6f75abdf0,,0,273,1416,08:A6:F7:5A:BD:F0,,17621,28,2,,30,,,1968866,1782139284183,1968873,1782139284189,,1782139284120,30,2026-06-22T14:41:24.5509919Z,279,,oasis/bottle,0
,,,,,,6,local.mqtt.telegraf,56,36.09,,periodic,,63,-4597,32,30,,,5,08a6f769c348,,0,273,1411,08:A6:F7:69:C3:48,,4660,31,2,,33,,,1968956,1782139284272,1968962,1782139284278,,1782139284209,28,2026-06-22T14:41:24.6347147Z,281,,oasis/bottle,0
,,,,,,6,local.mqtt.telegraf,57,38.74,,periodic,,72,-11880,23,21,,,5,08a6f7bb3c68,,0,273,1422,08:A6:F7:BB:3C:68,,11952,49,2,,51,,,1970086,1782139285402,1970092,1782139285408,,1782139285330,28,2026-06-22T14:41:25.7894975Z,280,,oasis/bottle,0
,,,,,,6,local.mqtt.telegraf,57,36.16,,periodic,,72,-5789,41,39,,,5,08a6f769c348,,0,274,1412,08:A6:F7:69:C3:48,,5861,31,2,,33,,,1970166,1782139285482,1970172,1782139285488,,1782139285410,28,2026-06-22T14:41:25.8497868Z,281,,oasis/bottle,0
,,,,,,7,local.mqtt.telegraf,54,21.15,,periodic,,63,-18998,35,33,,,5,08a6f75abdf0,,0,273,1417,08:A6:F7:5A:BD:F0,,19061,28,2,,30,,,1970307,1782139285623,1970314,1782139285630,,1782139285560,30,2026-06-22T14:41:25.9979085Z,279,,oasis/bottle,0
,,,,,,6,local.mqtt.telegraf,57,38.87,,periodic,,73,-13018,24,22,,,5,08a6f7bb3c68,,0,273,1423,08:A6:F7:BB:3C:68,,13091,49,2,,51,,,1971226,1782139286542,1971232,1782139286548,,1782139286469,28,2026-06-22T14:41:26.9163771Z,280,,oasis/bottle,0
,,,,,,6,local.mqtt.telegraf,57,36.01,,periodic,,65,-7006,34,32,,,5,08a6f769c348,,0,273,1413,08:A6:F7:69:C3:48,,7071,31,2,,33,,,1971368,1782139286685,1971375,1782139286691,,1782139286620,28,2026-06-22T14:41:27.0353348Z,281,,oasis/bottle,0
,,,,,,6,local.mqtt.telegraf,54,20.98,,periodic,,71,-20070,43,41,,,5,08a6f75abdf0,,0,273,1418,08:A6:F7:5A:BD:F0,,20141,28,2,,30,,,1971395,1782139286711,1971401,1782139286717,,1782139286640,30,2026-06-22T14:41:27.0749062Z,279,,oasis/bottle,0
,,,,,,14,local.mqtt.telegraf,57,38.98,,periodic,,73,-14088,24,22,,,5,08a6f7bb3c68,,0,273,1424,08:A6:F7:BB:3C:68,,14161,49,2,,51,,,1972296,1782139287612,1972310,1782139287626,,1782139287539,28,2026-06-22T14:41:27.979813Z,280,,oasis/bottle,0
,,,,,,6,local.mqtt.telegraf,57,36.06,,periodic,,62,-8219,31,29,,,5,08a6f769c348,,0,273,1414,08:A6:F7:69:C3:48,,8281,31,2,,33,,,1972576,1782139287892,1972582,1782139287898,,1782139287830,28,2026-06-22T14:41:28.2569017Z,281,,oasis/bottle,0
,,,,,,6,local.mqtt.telegraf,54,21.05,,periodic,,72,-1380,18,16,,,5,08a6f75abdf0,,0,274,1419,08:A6:F7:5A:BD:F0,,1452,54,2,,56,,,1972956,1782139288272,1972962,1782139288278,,1782139288200,30,2026-06-22T14:41:28.6348676Z,282,,oasis/bottle,0
,,,,,,6,local.mqtt.telegraf,57,36,,periodic,,73,-9427,42,40,,,5,08a6f769c348,,0,273,1415,08:A6:F7:69:C3:48,,9500,31,2,,33,,,1973806,1782139289122,1973812,1782139289128,,1782139289049,28,2026-06-22T14:41:29.4665169Z,281,,oasis/bottle,0
,,,,,,6,local.mqtt.telegraf,57,38.87,,periodic,,66,-15639,17,15,,,5,08a6f7bb3c68,,0,273,1425,08:A6:F7:BB:3C:68,,15705,49,2,,51,,,1973833,1782139289149,1973839,1782139289155,,1782139289083,28,2026-06-22T14:41:29.5038402Z,280,,oasis/bottle,0
,,,,,,6,local.mqtt.telegraf,54,20.95,,periodic,,70,-2704,16,14,,,5,08a6f75abdf0,,0,273,1420,08:A6:F7:5A:BD:F0,,2774,54,2,,56,,,1974276,1782139289592,1974282,1782139289598,,1782139289522,30,2026-06-22T14:41:29.9654653Z,282,,oasis/bottle,0
,,,,,,6,local.mqtt.telegraf,57,36.1,,periodic,,63,-10707,32,30,,,5,08a6f769c348,,0,273,1416,08:A6:F7:69:C3:48,,10770,31,2,,33,,,1975066,1782139290382,1975072,1782139290388,,1782139290319,28,2026-06-22T14:41:30.756546Z,281,,oasis/bottle,0
,,,,,,8,local.mqtt.telegraf,57,38.88,,periodic,,75,-16936,26,24,,,5,08a6f7bb3c68,,0,273,1426,08:A6:F7:BB:3C:68,,17011,49,2,,51,,,1975148,1782139290464,1975156,1782139290472,,1782139290389,28,2026-06-22T14:41:30.8122705Z,280,,oasis/bottle,0
,,,,,,6,local.mqtt.telegraf,54,21.02,,periodic,,72,-4150,18,16,,,5,08a6f75abdf0,,0,273,1421,08:A6:F7:5A:BD:F0,,4222,54,2,,56,,,1975726,1782139291042,1975732,1782139291048,,1782139290970,30,2026-06-22T14:41:31.412326Z,282,,oasis/bottle,0
,,,,,,6,local.mqtt.telegraf,57,36.1,,periodic,,73,-12007,42,40,,,5,08a6f769c348,,0,273,1417,08:A6:F7:69:C3:48,,12080,31,2,,33,,,1976386,1782139291702,1976392,1782139291708,,1782139291629,28,2026-06-22T14:41:32.0734635Z,281,,oasis/bottle,0
,,,,,,6,local.mqtt.telegraf,57,38.88,,periodic,,72,-18330,23,21,,,5,08a6f7bb3c68,,0,274,1427,08:A6:F7:BB:3C:68,,18402,49,2,,51,,,1976536,1782139291852,1976542,1782139291858,,1782139291780,28,2026-06-22T14:41:32.2152706Z,280,,oasis/bottle,0
,,,,,,6,local.mqtt.telegraf,54,21.07,,periodic,,72,-5240,18,16,,,5,08a6f75abdf0,,0,274,1422,08:A6:F7:5A:BD:F0,,5312,54,2,,56,,,1976816,1782139292132,1976822,1782139292138,,1782139292060,30,2026-06-22T14:41:32.5026816Z,282,,oasis/bottle,0
,,,,,,6,local.mqtt.telegraf,57,36.1,,periodic,,62,-13439,31,29,,,5,08a6f769c348,,0,273,1418,08:A6:F7:69:C3:48,,13501,31,2,,33,,,1977796,1782139293112,1977802,1782139293118,,1782139293050,28,2026-06-22T14:41:33.4812942Z,281,,oasis/bottle,0
,,,,,,6,local.mqtt.telegraf,57,38.94,,periodic,,73,-19898,24,22,,,5,08a6f7bb3c68,,0,273,1428,08:A6:F7:BB:3C:68,,19971,49,2,,51,,,1978106,1782139293422,1978112,1782139293428,,1782139293349,28,2026-06-22T14:41:33.8012773Z,280,,oasis/bottle,0
,,,,,,6,local.mqtt.telegraf,54,20.93,,periodic,,62,-6820,8,6,,,5,08a6f75abdf0,,0,273,1423,08:A6:F7:5A:BD:F0,,6882,54,2,,56,,,1978376,1782139293692,1978382,1782139293698,,1782139293630,30,2026-06-22T14:41:34.0489667Z,282,,oasis/bottle,0
,,,,,,7,local.mqtt.telegraf,57,36.1,,periodic,,73,-15057,42,40,,,5,08a6f769c348,,0,273,1419,08:A6:F7:69:C3:48,,15130,31,2,,33,,,1979436,1782139294752,1979442,1782139294759,,1782139294679,28,2026-06-22T14:41:35.084229Z,281,,oasis/bottle,0
,,,,,,6,local.mqtt.telegraf,57,38.9,,periodic,,86,-1025,55,53,,,5,08a6f7bb3c68,,0,273,1429,08:A6:F7:BB:3C:68,,1111,31,2,,33,,,1979460,1782139294776,1979466,1782139294782,,1782139294690,28,2026-06-22T14:41:35.1265035Z,283,,oasis/bottle,1
,,,,,,6,local.mqtt.telegraf,54,20.93,,periodic,,72,-8150,18,16,,,5,08a6f75abdf0,,0,273,1424,08:A6:F7:5A:BD:F0,,8222,54,2,,56,,,1979726,1782139295042,1979732,1782139295048,,1782139294970,30,2026-06-22T14:41:35.4168624Z,282,,oasis/bottle,0
,,,,,,6,local.mqtt.telegraf,57,35.93,,periodic,,63,-16547,32,30,,,5,08a6f769c348,,0,273,1420,08:A6:F7:69:C3:48,,16610,31,2,,33,,,1980906,1782139296222,1980912,1782139296228,,1782139296159,28,2026-06-22T14:41:36.5981969Z,281,,oasis/bottle,0
,,,,,,14,local.mqtt.telegraf,57,38.25,,periodic,,79,-2511,48,46,,,5,08a6f7bb3c68,,0,273,1430,08:A6:F7:BB:3C:68,,2590,31,2,,33,,,1980932,1782139296248,1980946,1782139296262,,1782139296169,28,2026-06-22T14:41:36.6821241Z,283,,oasis/bottle,0
,,,,,,6,local.mqtt.telegraf,54,21.09,,periodic,,72,-9630,18,16,,,5,08a6f75abdf0,,0,273,1425,08:A6:F7:5A:BD:F0,,9702,54,2,,56,,,1981206,1782139296522,1981212,1782139296528,,1782139296450,30,2026-06-22T14:41:36.8874225Z,282,,oasis/bottle,0
,,,,,,6,local.mqtt.telegraf,57,36.2,,periodic,,72,-17669,41,39,,,5,08a6f769c348,,0,274,1421,08:A6:F7:69:C3:48,,17741,31,2,,33,,,1982046,1782139297362,1982052,1782139297368,,1782139297290,28,2026-06-22T14:41:37.6936492Z,281,,oasis/bottle,0
,,,,,,6,local.mqtt.telegraf,57,38.67,,periodic,,69,-3671,38,36,,,5,08a6f7bb3c68,,0,273,1431,08:A6:F7:BB:3C:68,,3740,31,2,,33,,,1982072,1782139297388,1982078,1782139297394,,1782139297319,28,2026-06-22T14:41:37.7316616Z,283,,oasis/bottle,0
,,,,,,6,local.mqtt.telegraf,54,21.13,,periodic,,72,-10790,18,16,,,5,08a6f75abdf0,,0,273,1426,08:A6:F7:5A:BD:F0,,10862,54,2,,56,,,1982366,1782139297682,1982372,1782139297688,,1782139297610,30,2026-06-22T14:41:38.0551282Z,282,,oasis/bottle,0
,,,,,,6,local.mqtt.telegraf,57,36.09,,periodic,,73,-18737,42,40,,,5,08a6f769c348,,0,273,1422,08:A6:F7:69:C3:48,,18810,31,2,,33,,,1983116,1782139298432,1983122,1782139298438,,1782139298359,28,2026-06-22T14:41:38.8023219Z,281,,oasis/bottle,0
,,,,,,6,local.mqtt.telegraf,57,38.51,,periodic,,73,-4777,42,40,,,5,08a6f7bb3c68,,0,273,1432,08:A6:F7:BB:3C:68,,4850,31,2,,33,,,1983186,1782139298502,1983192,1782139298508,,1782139298429,28,2026-06-22T14:41:38.8572272Z,283,,oasis/bottle,0
,,,,,,6,local.mqtt.telegraf,54,21.02,,periodic,,62,-11920,8,6,,,5,08a6f75abdf0,,0,273,1427,08:A6:F7:5A:BD:F0,,11982,54,2,,56,,,1983476,1782139298792,1983482,1782139298798,,1782139298730,30,2026-06-22T14:41:39.1499285Z,282,,oasis/bottle,0
,,,,,,6,local.mqtt.telegraf,57,35.98,,periodic,,73,-20277,42,40,,,5,08a6f769c348,,0,273,1423,08:A6:F7:69:C3:48,,20350,31,2,,33,,,1984656,1782139299972,1984662,1782139299978,,1782139299899,28,2026-06-22T14:41:40.3438616Z,281,,oasis/bottle,0
,,,,,,6,local.mqtt.telegraf,57,38.31,,periodic,,73,-6388,42,40,,,5,08a6f7bb3c68,,0,273,1433,08:A6:F7:BB:3C:68,,6461,31,2,,33,,,1984796,1782139300113,1984803,1782139300119,,1782139300040,28,2026-06-22T14:41:40.4821271Z,283,,oasis/bottle,0
,,,,,,6,local.mqtt.telegraf,54,21.07,,periodic,,72,-13540,18,16,,,5,08a6f75abdf0,,0,273,1428,08:A6:F7:5A:BD:F0,,13612,54,2,,56,,,1985116,1782139300432,1985122,1782139300438,,1782139300360,30,2026-06-22T14:41:40.8098801Z,282,,oasis/bottle,0
,,,,,,6,local.mqtt.telegraf,57,36.18,,periodic,,62,-1110,15,13,,,5,08a6f769c348,,0,274,1424,08:A6:F7:69:C3:48,,1172,47,2,,49,,,1985926,1782139301242,1985932,1782139301248,,1782139301180,28,2026-06-22T14:41:41.6119528Z,284,,oasis/bottle,0
,,,,,,6,local.mqtt.telegraf,57,38.08,,periodic,,64,-7826,33,31,,,5,08a6f7bb3c68,,0,273,1434,08:A6:F7:BB:3C:68,,7890,31,2,,33,,,1986216,1782139301533,1986223,1782139301539,,1782139301469,28,2026-06-22T14:41:41.9028969Z,283,,oasis/bottle,0
,,,,,,6,local.mqtt.telegraf,54,21.05,,periodic,,62,-15020,8,6,,,5,08a6f75abdf0,,0,273,1429,08:A6:F7:5A:BD:F0,,15082,54,2,,56,,,1986576,1782139301892,1986582,1782139301898,,1782139301830,30,2026-06-22T14:41:42.2529903Z,282,,oasis/bottle,0
,,,,,,6,local.mqtt.telegraf,57,39.1,,periodic,,73,-8857,42,40,,,5,08a6f7bb3c68,,0,273,1435,08:A6:F7:BB:3C:68,,8930,31,2,,33,,,1987266,1782139302582,1987272,1782139302588,,1782139302509,28,2026-06-22T14:41:42.9093595Z,283,,oasis/bottle,0
,,,,,,6,local.mqtt.telegraf,57,36.1,,periodic,,78,-2444,31,29,,,5,08a6f769c348,,0,273,1425,08:A6:F7:69:C3:48,,2522,47,2,,49,,,1987292,1782139302608,1987298,1782139302614,,1782139302530,28,2026-06-22T14:41:42.947474Z,284,,oasis/bottle,0
,,,,,,6,local.mqtt.telegraf,54,21.1,,periodic,,72,-16130,18,16,,,5,08a6f75abdf0,,0,273,1430,08:A6:F7:5A:BD:F0,,16202,54,2,,56,,,1987706,1782139303022,1987712,1782139303028,,1782139302950,30,2026-06-22T14:41:43.3845295Z,282,,oasis/bottle,0
,,,,,,6,local.mqtt.telegraf,54,21.07,,periodic,,72,-17180,18,16,,,5,08a6f75abdf0,,0,273,1431,08:A6:F7:5A:BD:F0,,17252,54,2,,56,,,1988756,1782139304072,1988762,1782139304078,,1782139304000,30,2026-06-22T14:41:44.4040123Z,282,,oasis/bottle,0
,,,,,,6,local.mqtt.telegraf,57,38.92,,periodic,,97,-10323,66,64,,,5,08a6f7bb3c68,,0,273,1436,08:A6:F7:BB:3C:68,,10420,31,2,,33,,,1988780,1782139304096,1988786,1782139304102,,1782139303999,28,2026-06-22T14:41:44.4406078Z,283,,oasis/bottle,1
,,,,,,9,local.mqtt.telegraf,57,36.16,,periodic,,91,-3930,44,42,,,5,08a6f769c348,,0,273,1426,08:A6:F7:69:C3:48,,4021,47,2,,49,,,1988804,1782139304120,1988813,1782139304129,,1782139304029,28,2026-06-22T14:41:44.4816335Z,284,,oasis/bottle,2
,,,,,,6,local.mqtt.telegraf,57,38.82,,periodic,,73,-11527,42,40,,,5,08a6f7bb3c68,,0,273,1437,08:A6:F7:BB:3C:68,,11600,31,2,,33,,,1989936,1782139305252,1989942,1782139305258,,1782139305179,28,2026-06-22T14:41:45.6019949Z,283,,oasis/bottle,0
,,,,,,6,local.mqtt.telegraf,57,36.25,,periodic,,73,-5138,26,24,,,5,08a6f769c348,,0,273,1427,08:A6:F7:69:C3:48,,5211,47,2,,49,,,1989976,1782139305292,1989982,1782139305298,,1782139305219,28,2026-06-22T14:41:45.6451864Z,284,,oasis/bottle,0
,,,,,,6,local.mqtt.telegraf,54,21.05,,periodic,,62,-18690,8,6,,,5,08a6f75abdf0,,0,273,1432,08:A6:F7:5A:BD:F0,,18752,54,2,,56,,,1990246,1782139305562,1990252,1782139305568,,1782139305500,30,2026-06-22T14:41:46.0279623Z,282,,oasis/bottle,0
,,,,,,10,local.mqtt.telegraf,57,39.03,,periodic,,73,-12677,42,40,,,5,08a6f7bb3c68,,0,273,1438,08:A6:F7:BB:3C:68,,12750,31,2,,33,,,1991086,1782139306402,1991096,1782139306412,,1782139306329,28,2026-06-22T14:41:46.801336Z,283,,oasis/bottle,0
,,,,,,6,local.mqtt.telegraf,56,36.06,,periodic,,63,-6338,16,14,,,5,08a6f769c348,,0,273,1428,08:A6:F7:69:C3:48,,6401,47,2,,49,,,1991156,1782139306472,1991162,1782139306478,,1782139306409,28,2026-06-22T14:41:46.8803356Z,284,,oasis/bottle,0
,,,,,,6,local.mqtt.telegraf,54,20.99,,periodic,,72,-19870,18,16,,,5,08a6f75abdf0,,0,273,1433,08:A6:F7:5A:BD:F0,,19942,54,2,,56,,,1991446,1782139306762,1991452,1782139306768,,1782139306690,30,2026-06-22T14:41:47.1360304Z,282,,oasis/bottle,0
,,,,,,6,local.mqtt.telegraf,57,39.1,,periodic,,71,-13780,40,38,,,5,08a6f7bb3c68,,0,273,1439,08:A6:F7:BB:3C:68,,13851,31,2,,33,,,1992185,1782139307501,1992191,1782139307507,,1782139307430,28,2026-06-22T14:41:47.8628061Z,283,,oasis/bottle,0
,,,,,,6,local.mqtt.telegraf,56,36.13,,periodic,,73,-7498,26,24,,,5,08a6f769c348,,0,273,1429,08:A6:F7:69:C3:48,,7571,47,2,,49,,,1992336,1782139307652,1992342,1782139307658,,1782139307579,28,2026-06-22T14:41:48.0119049Z,284,,oasis/bottle,0
,,,,,,6,local.mqtt.telegraf,54,21.1,,periodic,,72,-849,41,39,,,5,08a6f75abdf0,,0,274,1434,08:A6:F7:5A:BD:F0,,921,31,2,,33,,,1992626,1782139307942,1992632,1782139307948,,1782139307870,30,2026-06-22T14:41:48.3124258Z,285,,oasis/bottle,0
,,,,,,6,local.mqtt.telegraf,56,36.04,,periodic,,63,-8658,16,14,,,5,08a6f769c348,,0,273,1430,08:A6:F7:69:C3:48,,8721,47,2,,49,,,1993476,1782139308792,1993482,1782139308798,,1782139308729,28,2026-06-22T14:41:49.1549571Z,284,,oasis/bottle,0
,,,,,,7,local.mqtt.telegraf,54,21.22,,periodic,,62,-2019,31,29,,,5,08a6f75abdf0,,0,273,1435,08:A6:F7:5A:BD:F0,,2081,31,2,,33,,,1993776,1782139309092,1993783,1782139309099,,1782139309030,30,2026-06-22T14:41:49.4328689Z,285,,oasis/bottle,0
,,,,,,6,local.mqtt.telegraf,57,39.03,,periodic,,81,-15379,50,48,,,5,08a6f7bb3c68,,0,273,1440,08:A6:F7:BB:3C:68,,15460,31,2,,33,,,1993804,1782139309120,1993809,1782139309126,,1782139309039,28,2026-06-22T14:41:49.4656064Z,283,,oasis/bottle,0
,,,,,,6,local.mqtt.telegraf,56,36.18,,periodic,,73,-9728,26,24,,,5,08a6f769c348,,0,273,1431,08:A6:F7:69:C3:48,,9801,47,2,,49,,,1994566,1782139309882,1994572,1782139309888,,1782139309809,28,2026-06-22T14:41:50.2522911Z,284,,oasis/bottle,0
,,,,,,6,local.mqtt.telegraf,54,21.14,,periodic,,72,-3119,41,39,,,5,08a6f75abdf0,,0,273,1436,08:A6:F7:5A:BD:F0,,3191,31,2,,33,,,1994896,1782139310212,1994902,1782139310218,,1782139310140,30,2026-06-22T14:41:50.5718865Z,285,,oasis/bottle,0
,,,,,,6,local.mqtt.telegraf,57,38.99,,periodic,,73,-16797,42,40,,,5,08a6f7bb3c68,,0,273,1441,08:A6:F7:BB:3C:68,,16870,31,2,,33,,,1995206,1782139310522,1995212,1782139310528,,1782139310449,28,2026-06-22T14:41:50.9251132Z,283,,oasis/bottle,0
,,,,,,6,local.mqtt.telegraf,56,36.12,,periodic,,63,-11308,16,14,,,5,08a6f769c348,,0,273,1432,08:A6:F7:69:C3:48,,11371,47,2,,49,,,1996126,1782139311442,1996132,1782139311448,,1782139311379,28,2026-06-22T14:41:51.8065577Z,284,,oasis/bottle,0
,,,,,,6,local.mqtt.telegraf,54,20.97,,periodic,,72,-4749,41,39,,,5,08a6f75abdf0,,0,273,1437,08:A6:F7:5A:BD:F0,,4821,31,2,,33,,,1996526,1782139311842,1996532,1782139311848,,1782139311770,30,2026-06-22T14:41:52.203019Z,285,,oasis/bottle,0
,,,,,,6,local.mqtt.telegraf,57,39.14,,periodic,,73,-18427,42,40,,,5,08a6f7bb3c68,,0,273,1442,08:A6:F7:BB:3C:68,,18500,31,2,,33,,,1996836,1782139312152,1996842,1782139312158,,1782139312079,28,2026-06-22T14:41:52.5241151Z,283,,oasis/bottle,0
,,,,,,6,local.mqtt.telegraf,56,36.16,,periodic,,73,-12628,26,24,,,5,08a6f769c348,,0,273,1433,08:A6:F7:69:C3:48,,12701,47,2,,49,,,1997466,1782139312782,1997472,1782139312788,,1782139312709,28,2026-06-22T14:41:53.1402419Z,284,,oasis/bottle,0
,,,,,,7,local.mqtt.telegraf,54,20.89,,periodic,,62,-6209,31,29,,,5,08a6f75abdf0,,0,273,1438,08:A6:F7:5A:BD:F0,,6271,31,2,,33,,,1997966,1782139313282,1997973,1782139313289,,1782139313220,30,2026-06-22T14:41:53.6477099Z,285,,oasis/bottle,0
,,,,,,6,local.mqtt.telegraf,57,38.71,,periodic,,73,-19867,42,40,,,5,08a6f7bb3c68,,0,273,1443,08:A6:F7:BB:3C:68,,19940,31,2,,33,,,1998276,1782139313592,1998282,1782139313598,,1782139313519,28,2026-06-22T14:41:53.962396Z,283,,oasis/bottle,0
,,,,,,6,local.mqtt.telegraf,56,36.12,,periodic,,62,-14109,15,13,,,5,08a6f769c348,,0,273,1434,08:A6:F7:69:C3:48,,14171,47,2,,49,,,1998925,1782139314241,1998931,1782139314247,,1782139314179,28,2026-06-22T14:41:54.6212479Z,284,,oasis/bottle,0
,,,,,,6,local.mqtt.telegraf,54,20.99,,periodic,,72,-7289,41,39,,,5,08a6f75abdf0,,0,273,1439,08:A6:F7:5A:BD:F0,,7361,31,2,,33,,,1999066,1782139314382,1999072,1782139314388,,1782139314310,30,2026-06-22T14:41:54.7750159Z,285,,oasis/bottle,0
,,,,,,6,local.mqtt.telegraf,57,39.04,,periodic,,72,-749,41,39,,,5,08a6f7bb3c68,,0,274,1444,08:A6:F7:BB:3C:68,,821,31,2,,33,,,1999366,1782139314682,1999372,1782139314688,,1782139314610,28,2026-06-22T14:41:55.0840632Z,286,,oasis/bottle,0
,,,,,,6,local.mqtt.telegraf,56,36.06,,periodic,,73,-15228,26,24,,,5,08a6f769c348,,0,273,1435,08:A6:F7:69:C3:48,,15301,47,2,,49,,,2000066,1782139315382,2000072,1782139315388,,1782139315309,28,2026-06-22T14:41:55.7678213Z,284,,oasis/bottle,0
,,,,,,6,local.mqtt.telegraf,54,20.91,,periodic,,72,-8879,41,39,,,5,08a6f75abdf0,,0,273,1440,08:A6:F7:5A:BD:F0,,8951,31,2,,33,,,2000656,1782139315972,2000662,1782139315978,,1782139315900,30,2026-06-22T14:41:56.3528542Z,285,,oasis/bottle,0
,,,,,,6,local.mqtt.telegraf,57,38.78,,periodic,,73,-2307,42,40,,,5,08a6f7bb3c68,,0,273,1445,08:A6:F7:BB:3C:68,,2380,31,2,,33,,,2000926,1782139316242,2000932,1782139316248,,1782139316169,28,2026-06-22T14:41:56.6252699Z,286,,oasis/bottle,0
,,,,,,6,local.mqtt.telegraf,56,36.2,,periodic,,63,-16298,16,14,,,5,08a6f769c348,,0,273,1436,08:A6:F7:69:C3:48,,16361,47,2,,49,,,2001116,1782139316432,2001122,1782139316438,,1782139316369,28,2026-06-22T14:41:56.8930086Z,284,,oasis/bottle,0
,,,,,,6,local.mqtt.telegraf,54,21.14,,periodic,,62,-10269,31,29,,,5,08a6f75abdf0,,0,273,1441,08:A6:F7:5A:BD:F0,,10331,31,2,,33,,,2002026,1782139317342,2002032,1782139317348,,1782139317280,30,2026-06-22T14:41:57.7314974Z,285,,oasis/bottle,0
,,,,,,6,local.mqtt.telegraf,57,38.9,,periodic,,72,-3649,41,39,,,5,08a6f7bb3c68,,0,273,1446,08:A6:F7:BB:3C:68,,3721,31,2,,33,,,2002266,1782139317582,2002272,1782139317588,,1782139317510,28,2026-06-22T14:41:57.9698917Z,286,,oasis/bottle,0
,,,,,,6,local.mqtt.telegraf,56,36.09,,periodic,,63,-17808,16,14,,,5,08a6f769c348,,0,273,1437,08:A6:F7:69:C3:48,,17871,47,2,,49,,,2002626,1782139317942,2002632,1782139317948,,1782139317879,28,2026-06-22T14:41:58.3170377Z,284,,oasis/bottle,0
,,,,,,6,local.mqtt.telegraf,54,20.97,,periodic,,71,-11801,40,38,,,5,08a6f75abdf0,,0,273,1442,08:A6:F7:5A:BD:F0,,11872,31,2,,33,,,2003576,1782139318892,2003582,1782139318898,,1782139318821,30,2026-06-22T14:41:59.2523258Z,285,,oasis/bottle,0
,,,,,,7,local.mqtt.telegraf,57,38.94,,periodic,,65,-5115,34,32,,,5,08a6f7bb3c68,,0,273,1447,08:A6:F7:BB:3C:68,,5180,31,2,,33,,,2003718,1782139319034,2003724,1782139319041,,1782139318969,28,2026-06-22T14:41:59.3970394Z,286,,oasis/bottle,0
,,,,,,7,local.mqtt.telegraf,56,36.09,,periodic,,69,-19016,22,20,,,5,08a6f769c348,,0,273,1438,08:A6:F7:69:C3:48,,19085,47,2,,49,,,2003846,1782139319162,2003853,1782139319169,,1782139319093,28,2026-06-22T14:41:59.5343724Z,284,,oasis/bottle,0
,,,,,,6,local.mqtt.telegraf,57,38.99,,periodic,,73,-6227,42,40,,,5,08a6f7bb3c68,,0,273,1448,08:A6:F7:BB:3C:68,,6300,31,2,,33,,,2004846,1782139320162,2004852,1782139320168,,1782139320089,28,2026-06-22T14:42:00.4947174Z,286,,oasis/bottle,0
,,,,,,6,local.mqtt.telegraf,54,20.94,,periodic,,78,-13083,47,45,,,5,08a6f75abdf0,,0,273,1443,08:A6:F7:5A:BD:F0,,13161,31,2,,33,,,2004872,1782139320188,2004878,1782139320194,,1782139320110,30,2026-06-22T14:42:00.5289495Z,285,,oasis/bottle,0
,,,,,,6,local.mqtt.telegraf,56,36.24,,periodic,,64,-20257,17,15,,,5,08a6f769c348,,0,273,1439,08:A6:F7:69:C3:48,,20321,47,2,,49,,,2005076,1782139320393,2005083,1782139320399,,1782139320329,28,2026-06-22T14:42:00.7589258Z,284,,oasis/bottle,0
,,,,,,6,local.mqtt.telegraf,56,38.96,,periodic,,72,-7269,41,39,,,5,08a6f7bb3c68,,0,273,1449,08:A6:F7:BB:3C:68,,7341,31,2,,33,,,2005886,1782139321202,2005891,1782139321208,,1782139321130,28,2026-06-22T14:42:01.5758828Z,286,,oasis/bottle,0
,,,,,,7,local.mqtt.telegraf,54,21.05,,periodic,,63,-14487,32,30,,,5,08a6f75abdf0,,0,273,1444,08:A6:F7:5A:BD:F0,,14550,31,2,,33,,,2006246,1782139321562,2006253,1782139321569,,1782139321499,30,2026-06-22T14:42:01.9263648Z,285,,oasis/bottle,0
,,,,,,6,local.mqtt.telegraf,56,36.16,,periodic,,71,-1101,28,26,,,5,08a6f769c348,,0,274,1440,08:A6:F7:69:C3:48,,1172,43,2,,45,,,2006356,1782139321672,2006362,1782139321678,,1782139321601,28,2026-06-22T14:42:01.990508Z,287,,oasis/bottle,0
,,,,,,6,local.mqtt.telegraf,56,38.99,,periodic,,64,-8766,33,31,,,5,08a6f7bb3c68,,0,273,1450,08:A6:F7:BB:3C:68,,8830,31,2,,33,,,2007366,1782139322683,2007373,1782139322689,,1782139322619,28,2026-06-22T14:42:03.0578448Z,286,,oasis/bottle,0
,,,,,,6,local.mqtt.telegraf,56,36.18,,periodic,,62,-2459,19,17,,,5,08a6f769c348,,0,273,1441,08:A6:F7:69:C3:48,,2521,43,2,,45,,,2007696,1782139323012,2007702,1782139323018,,1782139322950,28,2026-06-22T14:42:03.4023936Z,287,,oasis/bottle,0
,,,,,,6,local.mqtt.telegraf,54,20.99,,periodic,,73,-16047,42,40,,,5,08a6f75abdf0,,0,273,1445,08:A6:F7:5A:BD:F0,,16120,31,2,,33,,,2007826,1782139323142,2007832,1782139323148,,1782139323069,30,2026-06-22T14:42:03.4841305Z,285,,oasis/bottle,0
,,,,,,6,local.mqtt.telegraf,56,38.88,,periodic,,73,-9917,42,40,,,5,08a6f7bb3c68,,0,273,1451,08:A6:F7:BB:3C:68,,9990,31,2,,33,,,2008536,1782139323852,2008542,1782139323858,,1782139323779,28,2026-06-22T14:42:04.2109909Z,286,,oasis/bottle,0
,,,,,,6,local.mqtt.telegraf,54,21.17,,periodic,,63,-17397,32,30,,,5,08a6f75abdf0,,0,273,1446,08:A6:F7:5A:BD:F0,,17460,31,2,,33,,,2009156,1782139324472,2009162,1782139324478,,1782139324409,30,2026-06-22T14:42:04.8141069Z,285,,oasis/bottle,0
,,,,,,11,local.mqtt.telegraf,56,36.12,,periodic,,69,-3932,26,24,,,5,08a6f769c348,,0,273,1442,08:A6:F7:69:C3:48,,4001,43,2,,45,,,2009183,1782139324499,2009194,1782139324510,,1782139324430,28,2026-06-22T14:42:04.8490994Z,287,,oasis/bottle,0
,,,,,,7,local.mqtt.telegraf,56,38.99,,periodic,,73,-11037,42,40,,,5,08a6f7bb3c68,,0,273,1452,08:A6:F7:BB:3C:68,,11110,31,2,,33,,,2009656,1782139324972,2009663,1782139324979,,1782139324899,28,2026-06-22T14:42:05.3325145Z,286,,oasis/bottle,0
,,,,,,6,local.mqtt.telegraf,56,36.06,,periodic,,62,-5109,19,17,,,5,08a6f769c348,,0,273,1443,08:A6:F7:69:C3:48,,5171,43,2,,45,,,2010346,1782139325662,2010352,1782139325668,,1782139325600,28,2026-06-22T14:42:06.0217104Z,287,,oasis/bottle,0
,,,,,,6,local.mqtt.telegraf,54,21.03,,periodic,,73,-18857,42,40,,,5,08a6f75abdf0,,0,273,1447,08:A6:F7:5A:BD:F0,,18930,31,2,,33,,,2010636,1782139325952,2010642,1782139325958,,1782139325879,30,2026-06-22T14:42:06.312222Z,285,,oasis/bottle,0
,,,,,,6,local.mqtt.telegraf,56,38.91,,periodic,,75,-12085,44,42,,,5,08a6f7bb3c68,,0,273,1453,08:A6:F7:BB:3C:68,,12160,31,2,,33,,,2010708,1782139326024,2010714,1782139326030,,1782139325949,28,2026-06-22T14:42:06.3598282Z,286,,oasis/bottle,0
,,,,,,6,local.mqtt.telegraf,56,36.18,,periodic,,62,-6229,19,17,,,5,08a6f769c348,,0,273,1444,08:A6:F7:69:C3:48,,6291,43,2,,45,,,2011466,1782139326782,2011472,1782139326788,,1782139326720,28,2026-06-22T14:42:07.1479513Z,287,,oasis/bottle,0
,,,,,,6,local.mqtt.telegraf,54,21.02,,periodic,,72,-19999,41,39,,,5,08a6f75abdf0,,0,273,1448,08:A6:F7:5A:BD:F0,,20071,31,2,,33,,,2011776,1782139327092,2011782,1782139327098,,1782139327020,30,2026-06-22T14:42:07.4522155Z,285,,oasis/bottle,0
,,,,,,5,local.mqtt.telegraf,56,38.9,,periodic,,73,-13567,42,40,,,5,08a6f7bb3c68,,0,273,1454,08:A6:F7:BB:3C:68,,13640,31,2,,33,,,2012186,1782139327502,2012191,1782139327507,,1782139327429,28,2026-06-22T14:42:07.8640468Z,286,,oasis/bottle,0
,,,,,,6,local.mqtt.telegraf,56,36.06,,periodic,,72,-7259,29,27,,,5,08a6f769c348,,0,273,1445,08:A6:F7:69:C3:48,,7331,43,2,,45,,,2012516,1782139327832,2012522,1782139327838,,1782139327760,28,2026-06-22T14:42:08.2108212Z,287,,oasis/bottle,0
,,,,,,6,local.mqtt.telegraf,54,21.02,,periodic,,72,-869,41,39,,,5,08a6f75abdf0,,0,273,1449,08:A6:F7:5A:BD:F0,,941,31,2,,33,,,2012856,1782139328172,2012862,1782139328178,,1782139328100,30,2026-06-22T14:42:08.5548366Z,288,,oasis/bottle,0
,,,,,,6,local.mqtt.telegraf,56,38.83,,periodic,,73,-14727,42,40,,,5,08a6f7bb3c68,,0,273,1455,08:A6:F7:BB:3C:68,,14800,31,2,,33,,,2013346,1782139328662,2013352,1782139328668,,1782139328589,28,2026-06-22T14:42:09.0479359Z,286,,oasis/bottle,0
,,,,,,6,local.mqtt.telegraf,56,36.17,,periodic,,62,-8759,19,17,,,5,08a6f769c348,,0,273,1446,08:A6:F7:69:C3:48,,8821,43,2,,45,,,2013996,1782139329312,2014002,1782139329318,,1782139329250,28,2026-06-22T14:42:09.7228711Z,287,,oasis/bottle,0
,,,,,,6,local.mqtt.telegraf,54,20.99,,periodic,,73,-2417,42,40,,,5,08a6f75abdf0,,0,273,1450,08:A6:F7:5A:BD:F0,,2490,31,2,,33,,,2014406,1782139329722,2014412,1782139329728,,1782139329649,30,2026-06-22T14:42:10.0872009Z,288,,oasis/bottle,0
,,,,,,6,local.mqtt.telegraf,56,38.98,,periodic,,73,-15867,42,40,,,5,08a6f7bb3c68,,0,273,1456,08:A6:F7:BB:3C:68,,15940,31,2,,33,,,2014486,1782139329802,2014492,1782139329808,,1782139329729,28,2026-06-22T14:42:10.1558302Z,286,,oasis/bottle,0
,,,,,,6,local.mqtt.telegraf,56,36.12,,periodic,,72,-9919,29,27,,,5,08a6f769c348,,0,273,1447,08:A6:F7:69:C3:48,,9991,43,2,,45,,,2015176,1782139330492,2015182,1782139330498,,1782139330420,28,2026-06-22T14:42:10.8704821Z,287,,oasis/bottle,0
,,,,,,6,local.mqtt.telegraf,56,38.74,,periodic,,73,-16927,42,40,,,5,08a6f7bb3c68,,0,273,1457,08:A6:F7:BB:3C:68,,17000,31,2,,33,,,2015546,1782139330862,2015552,1782139330868,,1782139330789,28,2026-06-22T14:42:11.237141Z,286,,oasis/bottle,0
,,,,,,7,local.mqtt.telegraf,54,21.09,,periodic,,72,-3728,41,39,,,5,08a6f75abdf0,,0,273,1451,08:A6:F7:5A:BD:F0,,3800,31,2,,33,,,2015715,1782139331031,2015722,1782139331038,,1782139330959,30,2026-06-22T14:42:12.4094014Z,288,,oasis/bottle,0
,,,,,,6,local.mqtt.telegraf,56,36.13,,periodic,,62,-11089,19,17,,,5,08a6f769c348,,0,273,1448,08:A6:F7:69:C3:48,,11151,43,2,,45,,,2016326,1782139331642,2016332,1782139331648,,1782139331580,28,2026-06-22T14:42:12.4490386Z,287,,oasis/bottle,0
,,,,,,6,local.mqtt.telegraf,56,38.91,,periodic,,73,-18447,42,40,,,5,08a6f7bb3c68,,0,273,1458,08:A6:F7:BB:3C:68,,18520,31,2,,33,,,2017066,1782139332382,2017072,1782139332388,,1782139332309,28,2026-06-22T14:42:12.7799152Z,286,,oasis/bottle,0
,,,,,,7,local.mqtt.telegraf,54,20.99,,periodic,,73,-5137,42,40,,,5,08a6f75abdf0,,0,273,1452,08:A6:F7:5A:BD:F0,,5210,31,2,,33,,,2017126,1782139332442,2017132,1782139332449,,1782139332369,30,2026-06-22T14:42:12.8508681Z,288,,oasis/bottle,0
,,,,,,7,local.mqtt.telegraf,56,36.06,,periodic,,62,-12179,19,17,,,5,08a6f769c348,,0,273,1449,08:A6:F7:69:C3:48,,12241,43,2,,45,,,2017416,1782139332732,2017422,1782139332739,,1782139332670,28,2026-06-22T14:42:13.0928207Z,287,,oasis/bottle,0
,,,,,,6,local.mqtt.telegraf,56,38.88,,periodic,,64,-19696,33,31,,,5,08a6f7bb3c68,,0,273,1459,08:A6:F7:BB:3C:68,,19760,31,2,,33,,,2018297,1782139333613,2018303,1782139333619,,1782139333549,28,2026-06-22T14:42:13.9763728Z,286,,oasis/bottle,0
,,,,,,6,local.mqtt.telegraf,54,21.07,,periodic,,72,-6758,41,39,,,5,08a6f75abdf0,,0,273,1453,08:A6:F7:5A:BD:F0,,6830,31,2,,33,,,2018745,1782139334061,2018751,1782139334067,,1782139333989,30,2026-06-22T14:42:14.4151387Z,288,,oasis/bottle,0
,,,,,,6,local.mqtt.telegraf,56,36.1,,periodic,,72,-13759,29,27,,,5,08a6f769c348,,0,273,1450,08:A6:F7:69:C3:48,,13831,43,2,,45,,,2019016,1782139334332,2019022,1782139334338,,1782139334260,28,2026-06-22T14:42:14.7015073Z,287,,oasis/bottle,0
,,,,,,6,local.mqtt.telegraf,56,38.94,,periodic,,83,-737,52,50,,,5,08a6f7bb3c68,,0,273,1460,08:A6:F7:BB:3C:68,,820,31,2,,33,,,2019586,1782139334902,2019592,1782139334908,,1782139334819,28,2026-06-22T14:42:15.2727632Z,289,,oasis/bottle,0
,,,,,,7,local.mqtt.telegraf,54,21.05,,periodic,,62,-8209,31,29,,,5,08a6f75abdf0,,0,273,1454,08:A6:F7:5A:BD:F0,,8271,31,2,,33,,,2020176,1782139335492,2020183,1782139335499,,1782139335430,30,2026-06-22T14:42:15.8653051Z,288,,oasis/bottle,0
,,,,,,6,local.mqtt.telegraf,56,36.06,,periodic,,62,-15149,19,17,,,5,08a6f769c348,,0,273,1451,08:A6:F7:69:C3:48,,15211,43,2,,45,,,2020386,1782139335702,2020392,1782139335708,,1782139335640,28,2026-06-22T14:42:16.059569Z,287,,oasis/bottle,0
,,,,,,6,local.mqtt.telegraf,56,38.88,,periodic,,72,-2129,41,39,,,5,08a6f7bb3c68,,0,273,1461,08:A6:F7:BB:3C:68,,2201,31,2,,33,,,2020956,1782139336272,2020962,1782139336278,,1782139336200,28,2026-06-22T14:42:16.64371Z,289,,oasis/bottle,0
,,,,,,6,local.mqtt.telegraf,54,20.97,,periodic,,73,-9267,42,40,,,5,08a6f75abdf0,,0,273,1455,08:A6:F7:5A:BD:F0,,9340,31,2,,33,,,2021256,1782139336572,2021262,1782139336578,,1782139336499,30,2026-06-22T14:42:16.9375465Z,288,,oasis/bottle,0
,,,,,,6,local.mqtt.telegraf,56,36.08,,periodic,,68,-16687,25,23,,,5,08a6f769c348,,0,273,1452,08:A6:F7:69:C3:48,,16755,43,2,,45,,,2021936,1782139337252,2021942,1782139337258,,1782139337184,28,2026-06-22T14:42:17.6186178Z,287,,oasis/bottle,0
,,,,,,6,local.mqtt.telegraf,56,39.04,,periodic,,72,-3649,41,39,,,5,08a6f7bb3c68,,0,273,1462,08:A6:F7:BB:3C:68,,3721,31,2,,33,,,2022476,1782139337792,2022482,1782139337798,,1782139337720,28,2026-06-22T14:42:18.1522636Z,289,,oasis/bottle,0
,,,,,,6,local.mqtt.telegraf,54,20.99,,periodic,,72,-10809,41,39,,,5,08a6f75abdf0,,0,273,1456,08:A6:F7:5A:BD:F0,,10881,31,2,,33,,,2022796,1782139338112,2022802,1782139338118,,1782139338040,30,2026-06-22T14:42:18.4768681Z,288,,oasis/bottle,0
,,,,,,6,local.mqtt.telegraf,56,35.98,,periodic,,62,-17989,19,17,,,5,08a6f769c348,,0,273,1453,08:A6:F7:69:C3:48,,18051,43,2,,45,,,2023226,1782139338542,2023232,1782139338548,,1782139338480,28,2026-06-22T14:42:18.8985443Z,287,,oasis/bottle,0
,,,,,,7,local.mqtt.telegraf,56,38.88,,periodic,,63,-4907,32,30,,,5,08a6f7bb3c68,,0,273,1463,08:A6:F7:BB:3C:68,,4970,31,2,,33,,,2023716,1782139339032,2023723,1782139339039,,1782139338969,28,2026-06-22T14:42:19.3913433Z,289,,oasis/bottle,0
,,,,,,7,local.mqtt.telegraf,54,20.99,,periodic,,63,-12107,32,30,,,5,08a6f75abdf0,,0,273,1457,08:A6:F7:5A:BD:F0,,12170,31,2,,33,,,2024076,1782139339392,2024083,1782139339399,,1782139339329,30,2026-06-22T14:42:19.7692701Z,288,,oasis/bottle,0
,,,,,,6,local.mqtt.telegraf,56,35.97,,periodic,,72,-19359,29,27,,,5,08a6f769c348,,0,273,1454,08:A6:F7:69:C3:48,,19431,43,2,,45,,,2024616,1782139339932,2024622,1782139339938,,1782139339860,28,2026-06-22T14:42:20.3051375Z,287,,oasis/bottle,0
,,,,,,6,local.mqtt.telegraf,56,38.72,,periodic,,73,-6177,42,40,,,5,08a6f7bb3c68,,0,273,1464,08:A6:F7:BB:3C:68,,6250,31,2,,33,,,2025006,1782139340322,2025012,1782139340328,,1782139340249,28,2026-06-22T14:42:20.6921447Z,289,,oasis/bottle,0
,,,,,,6,local.mqtt.telegraf,54,20.9,,periodic,,72,-13458,41,39,,,5,08a6f75abdf0,,0,273,1458,08:A6:F7:5A:BD:F0,,13530,31,2,,33,,,2025445,1782139340761,2025451,1782139340767,,1782139340689,30,2026-06-22T14:42:21.129936Z,288,,oasis/bottle,0
,,,,,,6,local.mqtt.telegraf,56,36.06,,periodic,,61,-740,30,28,,,5,08a6f769c348,,0,273,1455,08:A6:F7:69:C3:48,,801,31,2,,33,,,2026176,1782139341492,2026182,1782139341498,,1782139341431,28,2026-06-22T14:42:21.8574702Z,290,,oasis/bottle,0
,,,,,,6,local.mqtt.telegraf,56,38.83,,periodic,,73,-7537,42,40,,,5,08a6f7bb3c68,,0,273,1465,08:A6:F7:BB:3C:68,,7610,31,2,,33,,,2026366,1782139341682,2026372,1782139341688,,1782139341609,28,2026-06-22T14:42:22.0547126Z,289,,oasis/bottle,0
,,,,,,7,local.mqtt.telegraf,54,21.05,,periodic,,69,-14985,38,36,,,5,08a6f75abdf0,,0,273,1459,08:A6:F7:5A:BD:F0,,15054,31,2,,33,,,2026966,1782139342282,2026972,1782139342289,,1782139342213,30,2026-06-22T14:42:22.6483289Z,288,,oasis/bottle,0
,,,,,,6,local.mqtt.telegraf,56,36.17,,periodic,,68,-2056,37,35,,,5,08a6f769c348,,0,273,1456,08:A6:F7:69:C3:48,,2124,31,2,,33,,,2027506,1782139342822,2027512,1782139342828,,1782139342754,28,2026-06-22T14:42:23.1920896Z,290,,oasis/bottle,0
,,,,,,6,local.mqtt.telegraf,56,38.94,,periodic,,72,-9099,41,39,,,5,08a6f7bb3c68,,0,273,1466,08:A6:F7:BB:3C:68,,9171,31,2,,33,,,2027926,1782139343242,2027932,1782139343248,,1782139343170,28,2026-06-22T14:42:23.6029609Z,289,,oasis/bottle,0
,,,,,,6,local.mqtt.telegraf,54,21.02,,periodic,,63,-16237,32,30,,,5,08a6f75abdf0,,0,273,1460,08:A6:F7:5A:BD:F0,,16300,31,2,,33,,,2028206,1782139343522,2028212,1782139343528,,1782139343459,30,2026-06-22T14:42:23.8955053Z,288,,oasis/bottle,0
,,,,,,6,local.mqtt.telegraf,56,36.04,,periodic,,62,-3518,31,29,,,5,08a6f769c348,,0,273,1457,08:A6:F7:69:C3:48,,3580,31,2,,33,,,2028956,1782139344272,2028962,1782139344278,,1782139344210,28,2026-06-22T14:42:24.6400216Z,290,,oasis/bottle,0
,,,,,,6,local.mqtt.telegraf,56,38.91,,periodic,,73,-10377,42,40,,,5,08a6f7bb3c68,,0,273,1467,08:A6:F7:BB:3C:68,,10450,31,2,,33,,,2029206,1782139344522,2029212,1782139344528,,1782139344449,28,2026-06-22T14:42:24.8855913Z,289,,oasis/bottle,0
,,,,,,6,local.mqtt.telegraf,54,20.89,,periodic,,63,-17538,32,30,,,5,08a6f75abdf0,,0,273,1461,08:A6:F7:5A:BD:F0,,17601,31,2,,33,,,2029507,1782139344823,2029513,1782139344829,,1782139344760,30,2026-06-22T14:42:25.2045227Z,288,,oasis/bottle,0
,,,,,,7,local.mqtt.telegraf,56,36.1,,periodic,,71,-4610,40,38,,,5,08a6f769c348,,0,273,1458,08:A6:F7:69:C3:48,,4681,31,2,,33,,,2030066,1782139345382,2030072,1782139345389,,1782139345311,28,2026-06-22T14:42:25.7354857Z,290,,oasis/bottle,0
,,,,,,7,local.mqtt.telegraf,56,38.94,,periodic,,73,-11727,42,40,,,5,08a6f7bb3c68,,0,273,1468,08:A6:F7:BB:3C:68,,11800,31,2,,33,,,2030556,1782139345872,2030563,1782139345879,,1782139345799,28,2026-06-22T14:42:26.2363895Z,289,,oasis/bottle,0
,,,,,,6,local.mqtt.telegraf,54,20.99,,periodic,,73,-18907,42,40,,,5,08a6f75abdf0,,0,273,1462,08:A6:F7:5A:BD:F0,,18980,31,2,,33,,,2030896,1782139346212,2030902,1782139346218,,1782139346139,30,2026-06-22T14:42:26.5799446Z,288,,oasis/bottle,0
,,,,,,6,local.mqtt.telegraf,56,36.14,,periodic,,62,-6228,31,29,,,5,08a6f769c348,,0,273,1459,08:A6:F7:69:C3:48,,6290,31,2,,33,,,2031666,1782139346982,2031672,1782139346988,,1782139346920,28,2026-06-22T14:42:27.3443178Z,290,,oasis/bottle,0
,,,,,,6,local.mqtt.telegraf,56,38.65,,periodic,,71,-13250,40,38,,,5,08a6f7bb3c68,,0,273,1469,08:A6:F7:BB:3C:68,,13321,31,2,,33,,,2032075,1782139347391,2032081,1782139347397,,1782139347320,28,2026-06-22T14:42:27.748738Z,289,,oasis/bottle,0
,,,,,,6,local.mqtt.telegraf,54,20.91,,periodic,,72,-280,43,40,,,5,08a6f75abdf0,,0,274,1463,08:A6:F7:5A:BD:F0,,352,29,2,,32,,,2032476,1782139347792,2032482,1782139347798,,1782139347720,30,2026-06-22T14:42:28.152881Z,291,,oasis/bottle,0
,,,,,,6,local.mqtt.telegraf,56,36.01,,periodic,,62,-7638,31,29,,,5,08a6f769c348,,0,273,1460,08:A6:F7:69:C3:48,,7700,31,2,,33,,,2033076,1782139348392,2033082,1782139348398,,1782139348330,28,2026-06-22T14:42:28.7755015Z,290,,oasis/bottle,0
,,,,,,6,local.mqtt.telegraf,56,38.78,,periodic,,72,-14479,41,39,,,5,08a6f7bb3c68,,0,273,1470,08:A6:F7:BB:3C:68,,14551,31,2,,33,,,2033306,1782139348622,2033312,1782139348628,,1782139348550,28,2026-06-22T14:42:28.986403Z,289,,oasis/bottle,0
,,,,,,7,local.mqtt.telegraf,54,21.07,,periodic,,73,-1618,44,41,,,5,08a6f75abdf0,,0,273,1464,08:A6:F7:5A:BD:F0,,1691,29,2,,32,,,2033816,1782139349132,2033823,1782139349139,,1782139349059,30,2026-06-22T14:42:29.5010633Z,291,,oasis/bottle,0
,,,,,,6,local.mqtt.telegraf,56,38.68,,periodic,,72,-15729,41,39,,,5,08a6f7bb3c68,,0,273,1471,08:A6:F7:BB:3C:68,,15801,31,2,,33,,,2034556,1782139349872,2034562,1782139349878,,1782139349800,28,2026-06-22T14:42:30.2384915Z,289,,oasis/bottle,0
,,,,,,6,local.mqtt.telegraf,56,35.86,,periodic,,62,-9258,31,29,,,5,08a6f769c348,,0,273,1461,08:A6:F7:69:C3:48,,9320,31,2,,33,,,2034696,1782139350012,2034702,1782139350018,,1782139349950,28,2026-06-22T14:42:30.3819278Z,290,,oasis/bottle,0
,,,,,,10,local.mqtt.telegraf,54,20.95,,periodic,,64,-3117,35,32,,,5,08a6f75abdf0,,0,273,1465,08:A6:F7:5A:BD:F0,,3181,29,2,,32,,,2035297,1782139350613,2035307,1782139350623,,1782139350549,30,2026-06-22T14:42:30.9798847Z,291,,oasis/bottle,0
,,,,,,6,local.mqtt.telegraf,56,38.86,,periodic,,63,-17048,32,30,,,5,08a6f7bb3c68,,0,273,1472,08:A6:F7:BB:3C:68,,17111,31,2,,33,,,2035856,1782139351173,2035863,1782139351179,,1782139351110,28,2026-06-22T14:42:31.5411324Z,289,,oasis/bottle,0
,,,,,,6,local.mqtt.telegraf,56,35.89,,periodic,,61,-10690,30,28,,,5,08a6f769c348,,0,273,1462,08:A6:F7:69:C3:48,,10751,31,2,,33,,,2036126,1782139351442,2036132,1782139351448,,1782139351381,28,2026-06-22T14:42:31.8114836Z,290,,oasis/bottle,0
,,,,,,6,local.mqtt.telegraf,54,20.99,,periodic,,73,-4268,44,41,,,5,08a6f75abdf0,,0,273,1466,08:A6:F7:5A:BD:F0,,4341,29,2,,32,,,2036466,1782139351782,2036472,1782139351788,,1782139351709,30,2026-06-22T14:42:32.1656316Z,291,,oasis/bottle,0
,,,,,,7,local.mqtt.telegraf,56,36.09,,periodic,,62,-11748,31,29,,,5,08a6f769c348,,0,273,1463,08:A6:F7:69:C3:48,,11810,31,2,,33,,,2037186,1782139352502,2037193,1782139352509,,1782139352440,28,2026-06-22T14:42:32.8655993Z,290,,oasis/bottle,0
,,,,,,14,local.mqtt.telegraf,56,38.9,,periodic,,66,-18445,35,33,,,5,08a6f7bb3c68,,0,273,1473,08:A6:F7:BB:3C:68,,18511,31,2,,33,,,2037260,1782139352576,2037274,1782139352590,,1782139352510,28,2026-06-22T14:42:32.9394035Z,289,,oasis/bottle,0
,,,,,,6,local.mqtt.telegraf,54,21.01,,periodic,,63,-5408,34,31,,,5,08a6f75abdf0,,0,273,1467,08:A6:F7:5A:BD:F0,,5471,29,2,,32,,,2037586,1782139352902,2037592,1782139352908,,1782139352839,30,2026-06-22T14:42:33.2728689Z,291,,oasis/bottle,0
,,,,,,7,local.mqtt.telegraf,54,21.05,,periodic,,64,-6457,35,32,,,5,08a6f75abdf0,,0,273,1468,08:A6:F7:5A:BD:F0,,6521,29,2,,32,,,2038637,1782139353953,2038644,1782139353960,,1782139353889,30,2026-06-22T14:42:34.3098812Z,291,,oasis/bottle,0
,,,,,,7,local.mqtt.telegraf,56,35.91,,periodic,,64,-13266,33,31,,,5,08a6f769c348,,0,273,1464,08:A6:F7:69:C3:48,,13330,31,2,,33,,,2038708,1782139354024,2038715,1782139354031,,1782139353960,28,2026-06-22T14:42:34.3728158Z,290,,oasis/bottle,0
,,,,,,6,local.mqtt.telegraf,56,38.92,,periodic,,73,-20037,42,40,,,5,08a6f7bb3c68,,0,273,1474,08:A6:F7:BB:3C:68,,20110,31,2,,33,,,2038866,1782139354182,2038872,1782139354188,,1782139354109,28,2026-06-22T14:42:34.5457897Z,289,,oasis/bottle,0
,,,,,,6,local.mqtt.telegraf,56,35.93,,periodic,,62,-14508,31,29,,,5,08a6f769c348,,0,273,1465,08:A6:F7:69:C3:48,,14570,31,2,,33,,,2039946,1782139355262,2039952,1782139355268,,1782139355200,28,2026-06-22T14:42:35.6272007Z,290,,oasis/bottle,0
,,,,,,6,local.mqtt.telegraf,54,21.03,,periodic,,72,-7950,43,40,,,5,08a6f75abdf0,,0,274,1469,08:A6:F7:5A:BD:F0,,8022,29,2,,32,,,2040146,1782139355462,2040152,1782139355468,,1782139355390,30,2026-06-22T14:42:35.8289558Z,291,,oasis/bottle,0
,,,,,,8,local.mqtt.telegraf,56,38.87,,periodic,,72,-1229,32,30,,,5,08a6f7bb3c68,,0,273,1475,08:A6:F7:BB:3C:68,,1301,40,2,,42,,,2040276,1782139355592,2040284,1782139355600,,1782139355520,28,2026-06-22T14:42:35.9650982Z,292,,oasis/bottle,0
,,,,,,6,local.mqtt.telegraf,56,35.86,,periodic,,62,-15778,31,29,,,5,08a6f769c348,,0,273,1466,08:A6:F7:69:C3:48,,15840,31,2,,33,,,2041216,1782139356532,2041222,1782139356538,,1782139356470,28,2026-06-22T14:42:36.9014206Z,290,,oasis/bottle,0
,,,,,,6,local.mqtt.telegraf,54,21.02,,periodic,,73,-9148,44,41,,,5,08a6f75abdf0,,0,273,1470,08:A6:F7:5A:BD:F0,,9221,29,2,,32,,,2041346,1782139356662,2041352,1782139356668,,1782139356589,30,2026-06-22T14:42:37.0195797Z,291,,oasis/bottle,0
,,,,,,6,local.mqtt.telegraf,56,33.91,,periodic,,73,-2837,33,31,,,5,08a6f7bb3c68,,0,273,1476,08:A6:F7:BB:3C:68,,2910,40,2,,42,,,2041886,1782139357202,2041892,1782139357208,,1782139357129,28,2026-06-22T14:42:37.5744433Z,292,,oasis/bottle,0
,,,,,,6,local.mqtt.telegraf,54,20.93,,periodic,,72,-10360,43,40,,,5,08a6f75abdf0,,0,273,1471,08:A6:F7:5A:BD:F0,,10432,29,2,,32,,,2042556,1782139357872,2042562,1782139357878,,1782139357800,30,2026-06-22T14:42:38.2067851Z,291,,oasis/bottle,0
,,,,,,5,local.mqtt.telegraf,56,35.7,,periodic,,86,-17094,55,53,,,5,08a6f769c348,,0,273,1467,08:A6:F7:69:C3:48,,17180,31,2,,33,,,2042580,1782139357896,2042585,1782139357901,,1782139357810,28,2026-06-22T14:42:38.2412119Z,290,,oasis/bottle,1
,,,,,,6,local.mqtt.telegraf,56,38.56,,periodic,,64,-4256,24,22,,,5,08a6f7bb3c68,,0,273,1477,08:A6:F7:BB:3C:68,,4320,40,2,,42,,,2043287,1782139358603,2043293,1782139358609,,1782139358539,28,2026-06-22T14:42:38.9684379Z,292,,oasis/bottle,0
,,,,,,7,local.mqtt.telegraf,54,21.02,,periodic,,62,-11580,33,30,,,5,08a6f75abdf0,,0,273,1472,08:A6:F7:5A:BD:F0,,11642,29,2,,32,,,2043756,1782139359072,2043763,1782139359079,,1782139359010,30,2026-06-22T14:42:39.435592Z,291,,oasis/bottle,0
,,,,,,6,local.mqtt.telegraf,57,36.02,,periodic,,62,-18608,31,29,,,5,08a6f769c348,,0,273,1468,08:A6:F7:69:C3:48,,18670,31,2,,33,,,2044046,1782139359362,2044052,1782139359368,,1782139359300,28,2026-06-22T14:42:39.7240803Z,290,,oasis/bottle,0
,,,,,,6,local.mqtt.telegraf,56,39.04,,periodic,,73,-5867,33,31,,,5,08a6f7bb3c68,,0,273,1478,08:A6:F7:BB:3C:68,,5940,40,2,,42,,,2044916,1782139360232,2044922,1782139360238,,1782139360159,28,2026-06-22T14:42:40.5927272Z,292,,oasis/bottle,0
,,,,,,6,local.mqtt.telegraf,54,21.03,,periodic,,72,-12780,43,40,,,5,08a6f75abdf0,,0,273,1473,08:A6:F7:5A:BD:F0,,12852,29,2,,32,,,2044976,1782139360292,2044982,1782139360298,,1782139360220,30,2026-06-22T14:42:40.6558193Z,291,,oasis/bottle,0
,,,,,,7,local.mqtt.telegraf,57,35.89,,periodic,,61,-19780,30,28,,,5,08a6f769c348,,0,273,1469,08:A6:F7:69:C3:48,,19841,31,2,,33,,,2045216,1782139360532,2045222,1782139360539,,1782139360471,28,2026-06-22T14:42:40.8861826Z,290,,oasis/bottle,0
,,,,,,6,local.mqtt.telegraf,54,20.99,,periodic,,72,-14010,43,40,,,5,08a6f75abdf0,,0,274,1474,08:A6:F7:5A:BD:F0,,14082,29,2,,32,,,2046206,1782139361522,2046212,1782139361528,,1782139361450,30,2026-06-22T14:42:41.8831477Z,291,,oasis/bottle,0
,,,,,,6,local.mqtt.telegraf,57,35.9,,periodic,,65,-703,34,32,,,5,08a6f769c348,,0,277,1470,08:A6:F7:69:C3:48,,768,31,2,,33,,,2046356,1782139361672,2046362,1782139361678,,1782139361607,28,2026-06-22T14:42:42.0044709Z,293,,oasis/bottle,0
,,,,,,5,local.mqtt.telegraf,56,38.82,,periodic,,87,-7303,47,45,,,5,08a6f7bb3c68,,0,273,1479,08:A6:F7:BB:3C:68,,7390,40,2,,42,,,2046380,1782139361696,2046385,1782139361701,,1782139361609,28,2026-06-22T14:42:42.047997Z,292,,oasis/bottle,1
