Unnamed: 0,ID,a,af,amplitude,at,b,bottle_no,bottle_np,bs,cf,co,device_id,el,er,g2m_latency_ms,gw_duplicate_or_reorder_node_total,gw_event_loop_lag_last_ms,gw_event_loop_lag_max_ms,gw_event_loop_stall_100_total,gw_event_loop_stall_500_total,gw_mem_free_at_tx,gw_mem_free_min,gw_mqtt_connect_attempts_total,gw_mqtt_connections_total,gw_mqtt_err104_total,gw_mqtt_err113_total,gw_mqtt_publish_fail_total,gw_mqtt_publish_ms_count,gw_mqtt_publish_ms_max,gw_mqtt_publish_ms_mean,gw_packets_requeued_total,gw_publish_drop_total,gw_publish_queue_len_at_tx,gw_publish_queue_max,gw_published_node_total,gw_published_total,gw_rx_drop_total,gw_rx_node_total,gw_rx_queue_len_at_tx,gw_rx_queue_max,gw_rx_total,gw_seq_gap_node_total,gw_sync_ack_total,gw_sync_errors_total,gw_sync_noack_total,gw_sync_requests_total,h,host,humidity,l,light [%],light_percent,m,md,mf,mm,mode,msg,n2g_latency_ms,n2g_minus_sync_age_ms,n2g_minus_sync_delay_ms,n2g_minus_sync_rtt_ms,node_after_sensor_to_send_ms,node_build_to_send_ms,node_count,node_id,node_measurements_deferred_by_sync_final,node_measurements_total_final,node_mem_free,node_mem_free_min,node_mem_free_min_final,node_prev_asend_ms,node_prev_asend_seq,node_run_elapsed_ms_final,node_sync_cycles_failed_final,node_sync_cycles_ok_final,node_sync_delay_span_max_ms_final,node_sync_offset_span_max_ms_final,node_sync_response_timeouts_final,node_sync_samples_accepted_final,node_sync_samples_rejected_final,node_sync_selected_minus_median_abs_max_ms_final,node_sync_uncertainty_cycles_total_final,node_tx_ack_false_total_final,node_tx_ack_true_total_final,node_tx_attempt_total,node_tx_attempt_total_final,node_tx_send_error_total_final,o,pa,packet_id,pk,ps,publish_queue_len_at_tx,rt,run_summary,s,sa,sc,sd,sensor_read_ms,seq,sink_mac,sp,sr,ss,st,status,sync_age_ms,sync_cycle,sync_delay_max_ms,sync_delay_min_ms,sync_delay_ms,sync_delay_span_ms,sync_method,sync_offset_ms,sync_offset_selected_minus_median_ms,sync_offset_span_ms,sync_pause_ms,sync_rtt_ms,sync_valid_probes,t,t_after_sensor_ms,t_before_send_ms,t_gw_rx_ms,t_gw_rx_unix_ms,t_gw_tx_ms,t_gw_tx_unix_ms,t_node_ms,t_node_unix_ms,temp,time,time_sync_seq,timestamp,tn,topic,tx,tx_batch_index,uc,ud,um,uo,v
,,,,,,,,,,,,,,,13.0,,,,,,,,,1.0,,,0.0,,,,,0.0,,,,,0.0,,,,,,,,,,,local.mqtt.telegraf,33.0,,37.24,,,,,,periodic,,32.0,,,,,5.0,5,08a6f76bd428,,,89104.0,89104.0,,,,,,,,,,,,,,,,1.0,,,,,08a6f76bd428-1,,,0.0,,,,,,,273.0,1.0,08:A6:F7:6B:D4:28,,,,,,1851.0,1.0,31.0,29.0,29.0,2.0,,,0.0,29.0,384.0,31.0,3.0,,,,2442265,1786523218520,2442278,1786523218533,,1786523218488.0,29.0,2026-08-12T08:26:59.5606803Z,1.0,,,oasis/bottle,,0.0,,,,,
,,,,,,,,,,,,,,,13.0,,,,,,,,,1.0,,,0.0,,,,,0.0,,,,,0.0,,,,,,,,,,,local.mqtt.telegraf,33.0,,37.63,,,,,,periodic,,23.0,,,,,5.0,5,08a6f76bd428,,,79152.0,79152.0,,9.0,1.0,,,,,,,,,,,,,2.0,,,,,08a6f76bd428-2,,,0.0,,,,,,,272.0,2.0,08:A6:F7:6B:D4:28,,,,,,3271.0,1.0,31.0,29.0,29.0,2.0,,,0.0,29.0,384.0,31.0,3.0,,,,2443676,1786523219931,2443689,1786523219944,,1786523219908.0,28.0,2026-08-12T08:27:00.9758724Z,1.0,,,oasis/bottle,,0.0,,,,,
,,,,,,,,,,,,,,,13.0,,,,,,,,,1.0,,,0.0,,,,,0.0,,,,,0.0,,,,,,,,,,,local.mqtt.telegraf,33.0,,37.67,,,,,,periodic,,23.0,,,,,5.0,5,08a6f76bd428,,,71536.0,71536.0,,6.0,2.0,,,,,,,,,,,,,3.0,,,,,08a6f76bd428-3,,,0.0,,,,,,,273.0,3.0,08:A6:F7:6B:D4:28,,,,,,4301.0,1.0,31.0,29.0,29.0,2.0,,,0.0,29.0,384.0,31.0,3.0,,,,2444706,1786523220961,2444719,1786523220974,,1786523220938.0,28.0,2026-08-12T08:27:02.0100867Z,1.0,,,oasis/bottle,,0.0,,,,,
,,,,,,,,,,,,,,,13.0,,,,,,,,,1.0,,,0.0,,,,,0.0,,,,,0.0,,,,,,,,,,,local.mqtt.telegraf,33.0,,37.65,,,,,,periodic,,24.0,,,,,6.0,5,08a6f76bd428,,,61296.0,61296.0,,6.0,3.0,,,,,,,,,,,,,4.0,,,,,08a6f76bd428-4,,,0.0,,,,,,,272.0,4.0,08:A6:F7:6B:D4:28,,,,,,5761.0,1.0,31.0,29.0,29.0,2.0,,,0.0,29.0,384.0,31.0,3.0,,,,2446166,1786523222421,2446179,1786523222434,,1786523222397.0,29.0,2026-08-12T08:27:03.4671894Z,1.0,,,oasis/bottle,,0.0,,,,,
,,,,,,,,,,,,,,,13.0,,,,,,,,,1.0,,,0.0,,,,,0.0,,,,,0.0,,,,,,,,,,,local.mqtt.telegraf,33.0,,37.5,,,,,,periodic,,24.0,,,,,6.0,5,08a6f76bd428,,,53024.0,53024.0,,5.0,4.0,,,,,,,,,,,,,5.0,,,,,08a6f76bd428-5,,,0.0,,,,,,,272.0,5.0,08:A6:F7:6B:D4:28,,,,,,6881.0,1.0,31.0,29.0,29.0,2.0,,,0.0,29.0,384.0,31.0,3.0,,,,2447286,1786523223541,2447299,1786523223554,,1786523223517.0,29.0,2026-08-12T08:27:04.5813908Z,1.0,,,oasis/bottle,,0.0,,,,,
,,,,,,,,,,,,,,,13.0,,,,,,,,,1.0,,,0.0,,,,,0.0,,,,,0.0,,,,,,,,,,,local.mqtt.telegraf,33.0,,37.63,,,,,,periodic,,33.0,,,,,5.0,5,08a6f76bd428,,,45408.0,45408.0,,5.0,5.0,,,,,,,,,,,,,6.0,,,,,08a6f76bd428-6,,,0.0,,,,,,,272.0,6.0,08:A6:F7:6B:D4:28,,,,,,7911.0,1.0,31.0,29.0,29.0,2.0,,,0.0,29.0,384.0,31.0,3.0,,,,2448326,1786523224581,2448339,1786523224594,,1786523224548.0,28.0,2026-08-12T08:27:05.6281221Z,1.0,,,oasis/bottle,,0.0,,,,,
,,,,,,,,,,,,,,,13.0,,,,,,,,,1.0,,,0.0,,,,,0.0,,,,,0.0,,,,,,,,,,,local.mqtt.telegraf,34.0,,37.61,,,,,,periodic,,23.0,,,,,5.0,5,08a6f76bd428,,,114672.0,45408.0,,8.0,6.0,,,,,,,,,,,,,7.0,,,,,08a6f76bd428-7,,,0.0,,,,,,,272.0,7.0,08:A6:F7:6B:D4:28,,,,,,9391.0,1.0,31.0,29.0,29.0,2.0,,,0.0,29.0,384.0,31.0,3.0,,,,2449796,1786523226051,2449809,1786523226064,,1786523226028.0,29.0,2026-08-12T08:27:07.097625Z,1.0,,,oasis/bottle,,0.0,,,,,
,,,,,,,,,,,,,,,13.0,,,,,,,,,1.0,,,0.0,,,,,0.0,,,,,0.0,,,,,,,,,,,local.mqtt.telegraf,34.0,,37.73,,,,,,periodic,,24.0,,,,,6.0,5,08a6f76bd428,,,106400.0,45408.0,,6.0,7.0,,,,,,,,,,,,,8.0,,,,,08a6f76bd428-8,,,0.0,,,,,,,272.0,8.0,08:A6:F7:6B:D4:28,,,,,,10531.0,1.0,31.0,29.0,29.0,2.0,,,0.0,29.0,384.0,31.0,3.0,,,,2450936,1786523227191,2450949,1786523227204,,1786523227167.0,29.0,2026-08-12T08:27:08.2449013Z,1.0,,,oasis/bottle,,0.0,,,,,
,,,,,,,,,,,,,,,13.0,,,,,,,,,1.0,,,0.0,,,,,0.0,,,,,0.0,,,,,,,,,,,local.mqtt.telegraf,34.0,,37.7,,,,,,periodic,,24.0,,,,,6.0,5,08a6f76bd428,,,98128.0,45408.0,,6.0,8.0,,,,,,,,,,,,,9.0,,,,,08a6f76bd428-9,,,0.0,,,,,,,272.0,9.0,08:A6:F7:6B:D4:28,,,,,,11611.0,1.0,31.0,29.0,29.0,2.0,,,0.0,29.0,384.0,31.0,3.0,,,,2452016,1786523228271,2452029,1786523228284,,1786523228247.0,29.0,2026-08-12T08:27:09.3088681Z,1.0,,,oasis/bottle,,0.0,,,,,
,,,,,,,,,,,,,,,13.0,,,,,,,,,1.0,,,0.0,,,,,0.0,,,,,0.0,,,,,,,,,,,local.mqtt.telegraf,34.0,,37.65,,,,,,periodic,,24.0,,,,,6.0,5,08a6f76bd428,,,87232.0,45408.0,,5.0,9.0,,,,,,,,,,,,,10.0,,,,,08a6f76bd428-10,,,0.0,,,,,,,272.0,10.0,08:A6:F7:6B:D4:28,,,,,,13171.0,1.0,31.0,29.0,29.0,2.0,,,0.0,29.0,384.0,31.0,3.0,,,,2453576,1786523229831,2453589,1786523229844,,1786523229807.0,29.0,2026-08-12T08:27:10.8760181Z,1.0,,,oasis/bottle,,0.0,,,,,
,,,,,,,,,,,,,,,13.0,,,,,,,,,1.0,,,0.0,,,,,0.0,,,,,0.0,,,,,,,,,,,local.mqtt.telegraf,34.0,,37.96,,,,,,periodic,,24.0,,,,,6.0,5,08a6f76bd428,,,77648.0,45408.0,,7.0,10.0,,,,,,,,,,,,,11.0,,,,,08a6f76bd428-11,,,0.0,,,,,,,272.0,11.0,08:A6:F7:6B:D4:28,,,,,,14491.0,1.0,31.0,29.0,29.0,2.0,,,0.0,29.0,384.0,31.0,3.0,,,,2454896,1786523231151,2454909,1786523231164,,1786523231127.0,29.0,2026-08-12T08:27:12.1936369Z,1.0,,,oasis/bottle,,0.0,,,,,
,,,,,,,,,,,,,,,13.0,,,,,,,,,1.0,,,0.0,,,,,0.0,,,,,0.0,,,,,,,,,,,local.mqtt.telegraf,34.0,,37.92,,,,,,periodic,,24.0,,,,,6.0,5,08a6f76bd428,,,67408.0,45408.0,,6.0,11.0,,,,,,,,,,,,,12.0,,,,,08a6f76bd428-12,,,0.0,,,,,,,272.0,12.0,08:A6:F7:6B:D4:28,,,,,,15921.0,1.0,31.0,29.0,29.0,2.0,,,0.0,29.0,384.0,31.0,3.0,,,,2456326,1786523232581,2456339,1786523232594,,1786523232557.0,29.0,2026-08-12T08:27:13.6262Z,1.0,,,oasis/bottle,,0.0,,,,,
,,,,,,,,,,,,,,,14.0,,,,,,,,,1.0,,,0.0,,,,,0.0,,,,,0.0,,,,,,,,,,,local.mqtt.telegraf,34.0,,37.84,,,,,,periodic,,23.0,,,,,5.0,5,08a6f76bd428,,,59760.0,45408.0,,6.0,12.0,,,,,,,,,,,,,13.0,,,,,08a6f76bd428-13,,,0.0,,,,,,,273.0,13.0,08:A6:F7:6B:D4:28,,,,,,16981.0,1.0,31.0,29.0,29.0,2.0,,,0.0,29.0,384.0,31.0,3.0,,,,2457386,1786523233641,2457400,1786523233655,,1786523233618.0,29.0,2026-08-12T08:27:14.6801092Z,1.0,,,oasis/bottle,,0.0,,,,,
,,,,,,,,,,,,,,,22.0,,,,,,,,,1.0,,,0.0,,,,,0.0,,,,,0.0,,,,,,,,,,,local.mqtt.telegraf,34.0,,38.02,,,,,,periodic,,24.0,,,,,6.0,5,08a6f76bd428,,,48848.0,45408.0,,6.0,13.0,,,,,,,,,,,,,14.0,,,,,08a6f76bd428-14,,,0.0,,,,,,,272.0,14.0,08:A6:F7:6B:D4:28,,,,,,18501.0,1.0,31.0,29.0,29.0,2.0,,,0.0,29.0,384.0,31.0,3.0,,,,2458906,1786523235161,2458928,1786523235183,,1786523235137.0,29.0,2026-08-12T08:27:16.2046994Z,1.0,,,oasis/bottle,,0.0,,,,,
,,,,,,,,,,,,,,,13.0,,,,,,,,,1.0,,,0.0,,,,,0.0,,,,,0.0,,,,,,,,,,,local.mqtt.telegraf,34.0,,38.1,,,,,,periodic,,24.0,,,,,6.0,5,08a6f76bd428,,,120080.0,45408.0,,6.0,14.0,,,,,,,,,,,,,15.0,,,,,08a6f76bd428-15,,,0.0,,,,,,,272.0,15.0,08:A6:F7:6B:D4:28,,,,,,19741.0,1.0,31.0,29.0,29.0,2.0,,,0.0,29.0,384.0,31.0,3.0,,,,2460146,1786523236401,2460159,1786523236414,,1786523236377.0,29.0,2026-08-12T08:27:17.4461134Z,1.0,,,oasis/bottle,,0.0,,,,,
,,,,,,,,,,,,,,,14.0,,,,,,,,,1.0,,,0.0,,,,,0.0,,,,,0.0,,,,,,,,,,,local.mqtt.telegraf,34.0,,38.21,,,,,,periodic,,22.0,,,,,6.0,5,08a6f76bd428,,,99232.0,45408.0,,6.0,15.0,,,,,,,,,,,,,16.0,,,,,08a6f76bd428-16,,,0.0,,,,,,,273.0,16.0,08:A6:F7:6B:D4:28,,,,,,491.0,2.0,32.0,30.0,30.0,2.0,,,0.0,29.0,396.0,33.0,3.0,,,,2461495,1786523237750,2461509,1786523237764,,1786523237728.0,29.0,2026-08-12T08:27:18.7932469Z,5.0,,,oasis/bottle,,0.0,,,,,
,,,,,,,,,,,,,,,13.0,,,,,,,,,1.0,,,0.0,,,,,0.0,,,,,0.0,,,,,,,,,,,local.mqtt.telegraf,34.0,,38.16,,,,,,periodic,,24.0,,,,,6.0,5,08a6f76bd428,,,88992.0,45408.0,,6.0,16.0,,,,,,,,,,,,,17.0,,,,,08a6f76bd428-17,,,0.0,,,,,,,272.0,17.0,08:A6:F7:6B:D4:28,,,,,,1911.0,2.0,32.0,30.0,30.0,2.0,,,0.0,29.0,396.0,33.0,3.0,,,,2462916,1786523239171,2462929,1786523239184,,1786523239147.0,29.0,2026-08-12T08:27:20.221879Z,5.0,,,oasis/bottle,,0.0,,,,,
,,,,,,,,,,,,,,,13.0,,,,,,,,,1.0,,,0.0,,,,,0.0,,,,,0.0,,,,,,,,,,,local.mqtt.telegraf,33.0,,38.21,,,,,,periodic,,33.0,,,,,5.0,5,08a6f76bd428,,,81376.0,45408.0,,6.0,17.0,,,,,,,,,,,,,18.0,,,,,08a6f76bd428-18,,,0.0,,,,,,,272.0,18.0,08:A6:F7:6B:D4:28,,,,,,2951.0,2.0,32.0,30.0,30.0,2.0,,,0.0,29.0,396.0,33.0,3.0,,,,2463966,1786523240221,2463979,1786523240234,,1786523240188.0,29.0,2026-08-12T08:27:21.2559483Z,5.0,,,oasis/bottle,,0.0,,,,,
,,,,,,,,,,,,,,,13.0,,,,,,,,,1.0,,,0.0,,,,,0.0,,,,,0.0,,,,,,,,,,,local.mqtt.telegraf,33.0,,38.25,,,,,,periodic,,24.0,,,,,6.0,5,08a6f76bd428,,,71136.0,45408.0,,12.0,18.0,,,,,,,,,,,,,19.0,,,,,08a6f76bd428-19,,,0.0,,,,,,,272.0,19.0,08:A6:F7:6B:D4:28,,,,,,4441.0,2.0,32.0,30.0,30.0,2.0,,,0.0,29.0,396.0,33.0,3.0,,,,2465446,1786523241701,2465459,1786523241714,,1786523241677.0,29.0,2026-08-12T08:27:22.7497526Z,5.0,,,oasis/bottle,,0.0,,,,,
,,,,,,,,,,,,,,,13.0,,,,,,,,,1.0,,,0.0,,,,,0.0,,,,,0.0,,,,,,,,,,,local.mqtt.telegraf,33.0,,38.04,,,,,,periodic,,23.0,,,,,5.0,5,08a6f76bd428,,,62832.0,45408.0,,8.0,19.0,,,,,,,,,,,,,20.0,,,,,08a6f76bd428-20,,,0.0,,,,,,,273.0,20.0,08:A6:F7:6B:D4:28,,,,,,5611.0,2.0,32.0,30.0,30.0,2.0,,,0.0,29.0,396.0,33.0,3.0,,,,2466616,1786523242871,2466629,1786523242884,,1786523242848.0,29.0,2026-08-12T08:27:23.9152012Z,5.0,,,oasis/bottle,,0.0,,,,,
,,,,,,,,,,,,,,,13.0,,,,,,,,,1.0,,,0.0,,,,,0.0,,,,,0.0,,,,,,,,,,,local.mqtt.telegraf,33.0,,38.17,,,,,,periodic,,24.0,,,,,6.0,5,08a6f76bd428,,,54544.0,45408.0,,5.0,20.0,,,,,,,,,,,,,21.0,,,,,08a6f76bd428-21,,,0.0,,,,,,,272.0,21.0,08:A6:F7:6B:D4:28,,,,,,6741.0,2.0,32.0,30.0,30.0,2.0,,,0.0,29.0,396.0,33.0,3.0,,,,2467746,1786523244001,2467759,1786523244014,,1786523243977.0,29.0,2026-08-12T08:27:25.0475108Z,5.0,,,oasis/bottle,,0.0,,,,,
,,,,,,,,,,,,,,,14.0,,,,,,,,,1.0,,,0.0,,,,,0.0,,,,,0.0,,,,,,,,,,,local.mqtt.telegraf,33.0,,38.32,,,,,,periodic,,23.0,,,,,5.0,5,08a6f76bd428,,,46272.0,45408.0,,5.0,21.0,,,,,,,,,,,,,22.0,,,,,08a6f76bd428-22,,,0.0,,,,,,,272.0,22.0,08:A6:F7:6B:D4:28,,,,,,7801.0,2.0,32.0,30.0,30.0,2.0,,,0.0,29.0,396.0,33.0,3.0,,,,2468806,1786523245061,2468820,1786523245075,,1786523245038.0,29.0,2026-08-12T08:27:26.1070394Z,5.0,,,oasis/bottle,,0.0,,,,,
,,,,,,,,,,,,,,,13.0,,,,,,,,,1.0,,,0.0,,,,,0.0,,,,,0.0,,,,,,,,,,,local.mqtt.telegraf,33.0,,38.27,,,,,,periodic,,24.0,,,,,6.0,5,08a6f76bd428,,,115488.0,45408.0,,6.0,22.0,,,,,,,,,,,,,23.0,,,,,08a6f76bd428-23,,,0.0,,,,,,,272.0,23.0,08:A6:F7:6B:D4:28,,,,,,9321.0,2.0,32.0,30.0,30.0,2.0,,,0.0,29.0,396.0,33.0,3.0,,,,2470326,1786523246581,2470339,1786523246594,,1786523246557.0,29.0,2026-08-12T08:27:27.6282686Z,5.0,,,oasis/bottle,,0.0,,,,,
,,,,,,,,,,,,,,,13.0,,,,,,,,,1.0,,,0.0,,,,,0.0,,,,,0.0,,,,,,,,,,,local.mqtt.telegraf,33.0,,38.23,,,,,,periodic,,23.0,,,,,5.0,5,08a6f76bd428,,,106560.0,45408.0,,6.0,23.0,,,,,,,,,,,,,24.0,,,,,08a6f76bd428-24,,,0.0,,,,,,,272.0,24.0,08:A6:F7:6B:D4:28,,,,,,10561.0,2.0,32.0,30.0,30.0,2.0,,,0.0,29.0,396.0,33.0,3.0,,,,2471566,1786523247821,2471579,1786523247834,,1786523247798.0,29.0,2026-08-12T08:27:28.8746053Z,5.0,,,oasis/bottle,,0.0,,,,,
,,,,,,,,,,,,,,,13.0,,,,,,,,,1.0,,,0.0,,,,,0.0,,,,,0.0,,,,,,,,,,,local.mqtt.telegraf,33.0,,38.17,,,,,,periodic,,24.0,,,,,6.0,5,08a6f76bd428,,,97632.0,45408.0,,7.0,24.0,,,,,,,,,,,,,25.0,,,,,08a6f76bd428-25,,,0.0,,,,,,,272.0,25.0,08:A6:F7:6B:D4:28,,,,,,11841.0,2.0,32.0,30.0,30.0,2.0,,,0.0,29.0,396.0,33.0,3.0,,,,2472846,1786523249101,2472859,1786523249114,,1786523249077.0,29.0,2026-08-12T08:27:30.1453094Z,5.0,,,oasis/bottle,,0.0,,,,,
,,,,,,,,,,,,,,,13.0,,,,,,,,,1.0,,,0.0,,,,,0.0,,,,,0.0,,,,,,,,,,,local.mqtt.telegraf,33.0,,38.1,,,,,,periodic,,24.0,,,,,6.0,5,08a6f76bd428,,,88048.0,45408.0,,6.0,25.0,,,,,,,,,,,,,26.0,,,,,08a6f76bd428-26,,,0.0,,,,,,,272.0,26.0,08:A6:F7:6B:D4:28,,,,,,13191.0,2.0,32.0,30.0,30.0,2.0,,,0.0,29.0,396.0,33.0,3.0,,,,2474196,1786523250451,2474209,1786523250464,,1786523250427.0,29.0,2026-08-12T08:27:31.493395Z,5.0,,,oasis/bottle,,0.0,,,,,
,,,,,,,,,,,,,,,13.0,,,,,,,,,1.0,,,0.0,,,,,0.0,,,,,0.0,,,,,,,,,,,local.mqtt.telegraf,33.0,,38.1,,,,,,periodic,,23.0,,,,,5.0,5,08a6f76bd428,,,77776.0,45408.0,,6.0,26.0,,,,,,,,,,,,,27.0,,,,,08a6f76bd428-27,,,0.0,,,,,,,273.0,27.0,08:A6:F7:6B:D4:28,,,,,,14691.0,2.0,32.0,30.0,30.0,2.0,,,0.0,29.0,396.0,33.0,3.0,,,,2475696,1786523251951,2475709,1786523251964,,1786523251928.0,29.0,2026-08-12T08:27:32.9963348Z,5.0,,,oasis/bottle,,0.0,,,,,
,,,,,,,,,,,,,,,13.0,,,,,,,,,1.0,,,0.0,,,,,0.0,,,,,0.0,,,,,,,,,,,local.mqtt.telegraf,33.0,,38.16,,,,,,periodic,,24.0,,,,,6.0,5,08a6f76bd428,,,68832.0,45408.0,,5.0,27.0,,,,,,,,,,,,,28.0,,,,,08a6f76bd428-28,,,0.0,,,,,,,272.0,28.0,08:A6:F7:6B:D4:28,,,,,,15891.0,2.0,32.0,30.0,30.0,2.0,,,0.0,29.0,396.0,33.0,3.0,,,,2476896,1786523253151,2476909,1786523253164,,1786523253127.0,29.0,2026-08-12T08:27:34.1897031Z,5.0,,,oasis/bottle,,0.0,,,,,
,,,,,,,,,,,,,,,13.0,,,,,,,,,1.0,,,0.0,,,,,0.0,,,,,0.0,,,,,,,,,,,local.mqtt.telegraf,33.0,,38.18,,,,,,periodic,,24.0,,,,,6.0,5,08a6f76bd428,,,59904.0,45408.0,,6.0,28.0,,,,,,,,,,,,,29.0,,,,,08a6f76bd428-29,,,0.0,,,,,,,272.0,29.0,08:A6:F7:6B:D4:28,,,,,,17091.0,2.0,32.0,30.0,30.0,2.0,,,0.0,29.0,396.0,33.0,3.0,,,,2478096,1786523254351,2478109,1786523254364,,1786523254327.0,29.0,2026-08-12T08:27:35.3936983Z,5.0,,,oasis/bottle,,0.0,,,,,
,,,,,,,,,,,,,,,13.0,,,,,,,,,1.0,,,0.0,,,,,0.0,,,,,0.0,,,,,,,,,,,local.mqtt.telegraf,33.0,,38.27,,,,,,periodic,,24.0,,,,,6.0,5,08a6f76bd428,,,50976.0,45408.0,,6.0,29.0,,,,,,,,,,,,,30.0,,,,,08a6f76bd428-30,,,0.0,,,,,,,272.0,30.0,08:A6:F7:6B:D4:28,,,,,,18281.0,2.0,32.0,30.0,30.0,2.0,,,0.0,29.0,396.0,33.0,3.0,,,,2479286,1786523255541,2479299,1786523255554,,1786523255517.0,29.0,2026-08-12T08:27:36.5777954Z,5.0,,,oasis/bottle,,0.0,,,,,
,,,,,,,,,,,,,,,13.0,,,,,,,,,1.0,,,0.0,,,,,0.0,,,,,0.0,,,,,,,,,,,local.mqtt.telegraf,33.0,,38.28,,,,,,periodic,,24.0,,,,,6.0,5,08a6f76bd428,,,121328.0,45408.0,,6.0,30.0,,,,,,,,,,,,,31.0,,,,,08a6f76bd428-31,,,0.0,,,,,,,272.0,31.0,08:A6:F7:6B:D4:28,,,,,,19511.0,2.0,32.0,30.0,30.0,2.0,,,0.0,29.0,396.0,33.0,3.0,,,,2480516,1786523256771,2480529,1786523256784,,1786523256747.0,29.0,2026-08-12T08:27:37.8148484Z,5.0,,,oasis/bottle,,0.0,,,,,
,,,,,,,,,,,,,,,13.0,,,,,,,,,1.0,,,0.0,,,,,0.0,,,,,0.0,,,,,,,,,,,local.mqtt.telegraf,33.0,,38.12,,,,,,periodic,,22.0,,,,,6.0,5,08a6f76bd428,,,100480.0,45408.0,,5.0,31.0,,,,,,,,,,,,,32.0,,,,,08a6f76bd428-32,,,0.0,,,,,,,273.0,32.0,08:A6:F7:6B:D4:28,,,,,,661.0,3.0,31.0,29.0,29.0,2.0,,,0.0,29.0,386.0,31.0,3.0,,,,2481915,1786523258170,2481928,1786523258183,,1786523258148.0,29.0,2026-08-12T08:27:39.2084451Z,7.0,,,oasis/bottle,,0.0,,,,,
,,,,,,,,,,,,,,,13.0,,,,,,,,,1.0,,,0.0,,,,,0.0,,,,,0.0,,,,,,,,,,,local.mqtt.telegraf,33.0,,38.21,,,,,,periodic,,24.0,,,,,6.0,5,08a6f76bd428,,,90240.0,45408.0,,6.0,32.0,,,,,,,,,,,,,33.0,,,,,08a6f76bd428-33,,,0.0,,,,,,,272.0,33.0,08:A6:F7:6B:D4:28,,,,,,2071.0,3.0,31.0,29.0,29.0,2.0,,,0.0,29.0,386.0,31.0,3.0,,,,2483326,1786523259581,2483339,1786523259594,,1786523259557.0,29.0,2026-08-12T08:27:40.6280377Z,7.0,,,oasis/bottle,,0.0,,,,,
,,,,,,,,,,,,,,,13.0,,,,,,,,,1.0,,,0.0,,,,,0.0,,,,,0.0,,,,,,,,,,,local.mqtt.telegraf,33.0,,38.23,,,,,,periodic,,24.0,,,,,6.0,5,08a6f76bd428,,,82624.0,45408.0,,6.0,33.0,,,,,,,,,,,,,34.0,,,,,08a6f76bd428-34,,,0.0,,,,,,,272.0,34.0,08:A6:F7:6B:D4:28,,,,,,3081.0,3.0,31.0,29.0,29.0,2.0,,,0.0,29.0,386.0,31.0,3.0,,,,2484336,1786523260591,2484349,1786523260604,,1786523260567.0,29.0,2026-08-12T08:27:41.6270329Z,7.0,,,oasis/bottle,,0.0,,,,,
,,,,,,,,,,,,,,,14.0,,,,,,,,,1.0,,,0.0,,,,,0.0,,,,,0.0,,,,,,,,,,,local.mqtt.telegraf,33.0,,38.37,,,,,,periodic,,24.0,,,,,6.0,5,08a6f76bd428,,,72384.0,45408.0,,6.0,34.0,,,,,,,,,,,,,35.0,,,,,08a6f76bd428-35,,,0.0,,,,,,,272.0,35.0,08:A6:F7:6B:D4:28,,,,,,4501.0,3.0,31.0,29.0,29.0,2.0,,,0.0,29.0,386.0,31.0,3.0,,,,2485756,1786523262011,2485770,1786523262025,,1786523261987.0,29.0,2026-08-12T08:27:43.0575289Z,7.0,,,oasis/bottle,,0.0,,,,,
,,,,,,,,,,,,,,,13.0,,,,,,,,,1.0,,,0.0,,,,,0.0,,,,,0.0,,,,,,,,,,,local.mqtt.telegraf,33.0,,38.23,,,,,,periodic,,24.0,,,,,6.0,5,08a6f76bd428,,,64768.0,45408.0,,6.0,35.0,,,,,,,,,,,,,36.0,,,,,08a6f76bd428-36,,,0.0,,,,,,,272.0,36.0,08:A6:F7:6B:D4:28,,,,,,5541.0,3.0,31.0,29.0,29.0,2.0,,,0.0,29.0,386.0,31.0,3.0,,,,2486796,1786523263051,2486809,1786523263064,,1786523263027.0,29.0,2026-08-12T08:27:44.1182149Z,7.0,,,oasis/bottle,,0.0,,,,,
,,,,,,,,,,,,,,,13.0,,,,,,,,,1.0,,,0.0,,,,,0.0,,,,,0.0,,,,,,,,,,,local.mqtt.telegraf,33.0,,38.4,,,,,,periodic,,24.0,,,,,6.0,5,08a6f76bd428,,,54528.0,45408.0,,7.0,36.0,,,,,,,,,,,,,37.0,,,,,08a6f76bd428-37,,,0.0,,,,,,,272.0,37.0,08:A6:F7:6B:D4:28,,,,,,7021.0,3.0,31.0,29.0,29.0,2.0,,,0.0,29.0,386.0,31.0,3.0,,,,2488276,1786523264531,2488289,1786523264544,,1786523264507.0,29.0,2026-08-12T08:27:45.578939Z,7.0,,,oasis/bottle,,0.0,,,,,
,,,,,,,,,,,,,,,13.0,,,,,,,,,1.0,,,0.0,,,,,0.0,,,,,0.0,,,,,,,,,,,local.mqtt.telegraf,33.0,,38.12,,,,,,periodic,,24.0,,,,,6.0,5,08a6f76bd428,,,46256.0,45408.0,,6.0,37.0,,,,,,,,,,,,,38.0,,,,,08a6f76bd428-38,,,0.0,,,,,,,272.0,38.0,08:A6:F7:6B:D4:28,,,,,,8181.0,3.0,31.0,29.0,29.0,2.0,,,0.0,29.0,386.0,31.0,3.0,,,,2489436,1786523265691,2489449,1786523265704,,1786523265667.0,29.0,2026-08-12T08:27:46.7462343Z,7.0,,,oasis/bottle,,0.0,,,,,
,,,,,,,,,,,,,,,13.0,,,,,,,,,1.0,,,0.0,,,,,0.0,,,,,0.0,,,,,,,,,,,local.mqtt.telegraf,33.0,,38.24,,,,,,periodic,,24.0,,,,,6.0,5,08a6f76bd428,,,118112.0,45408.0,,5.0,38.0,,,,,,,,,,,,,39.0,,,,,08a6f76bd428-39,,,0.0,,,,,,,272.0,39.0,08:A6:F7:6B:D4:28,,,,,,9291.0,3.0,31.0,29.0,29.0,2.0,,,0.0,29.0,386.0,31.0,3.0,,,,2490546,1786523266801,2490559,1786523266814,,1786523266777.0,29.0,2026-08-12T08:27:47.8441717Z,7.0,,,oasis/bottle,,0.0,,,,,
,,,,,,,,,,,,,,,13.0,,,,,,,,,1.0,,,0.0,,,,,0.0,,,,,0.0,,,,,,,,,,,local.mqtt.telegraf,33.0,,38.33,,,,,,periodic,,24.0,,,,,6.0,5,08a6f76bd428,,,110496.0,45408.0,,6.0,39.0,,,,,,,,,,,,,40.0,,,,,08a6f76bd428-40,,,0.0,,,,,,,272.0,40.0,08:A6:F7:6B:D4:28,,,,,,10311.0,3.0,31.0,29.0,29.0,2.0,,,0.0,29.0,386.0,31.0,3.0,,,,2491566,1786523267821,2491579,1786523267834,,1786523267797.0,29.0,2026-08-12T08:27:48.8612238Z,7.0,,,oasis/bottle,,0.0,,,,,
,,,,,,,,,,,,,,,13.0,,,,,,,,,1.0,,,0.0,,,,,0.0,,,,,0.0,,,,,,,,,,,local.mqtt.telegraf,33.0,,38.27,,,,,,periodic,,24.0,,,,,6.0,5,08a6f76bd428,,,100256.0,45408.0,,6.0,40.0,,,,,,,,,,,,,41.0,,,,,08a6f76bd428-41,,,0.0,,,,,,,272.0,41.0,08:A6:F7:6B:D4:28,,,,,,11751.0,3.0,31.0,29.0,29.0,2.0,,,0.0,29.0,386.0,31.0,3.0,,,,2493006,1786523269261,2493019,1786523269274,,1786523269237.0,28.0,2026-08-12T08:27:50.3125249Z,7.0,,,oasis/bottle,,0.0,,,,,
,,,,,,,,,,,,,,,13.0,,,,,,,,,1.0,,,0.0,,,,,0.0,,,,,0.0,,,,,,,,,,,local.mqtt.telegraf,33.0,,38.13,,,,,,periodic,,24.0,,,,,6.0,5,08a6f76bd428,,,91984.0,45408.0,,6.0,41.0,,,,,,,,,,,,,42.0,,,,,08a6f76bd428-42,,,0.0,,,,,,,272.0,42.0,08:A6:F7:6B:D4:28,,,,,,12831.0,3.0,31.0,29.0,29.0,2.0,,,0.0,29.0,386.0,31.0,3.0,,,,2494086,1786523270341,2494099,1786523270354,,1786523270317.0,29.0,2026-08-12T08:27:51.3834466Z,7.0,,,oasis/bottle,,0.0,,,,,
,,,,,,,,,,,,,,,13.0,,,,,,,,,1.0,,,0.0,,,,,0.0,,,,,0.0,,,,,,,,,,,local.mqtt.telegraf,33.0,,38.44,,,,,,periodic,,24.0,,,,,6.0,5,08a6f76bd428,,,81088.0,45408.0,,6.0,42.0,,,,,,,,,,,,,43.0,,,,,08a6f76bd428-43,,,0.0,,,,,,,272.0,43.0,08:A6:F7:6B:D4:28,,,,,,14391.0,3.0,31.0,29.0,29.0,2.0,,,0.0,29.0,386.0,31.0,3.0,,,,2495646,1786523271901,2495659,1786523271914,,1786523271877.0,29.0,2026-08-12T08:27:52.9446532Z,7.0,,,oasis/bottle,,0.0,,,,,
,,,,,,,,,,,,,,,13.0,,,,,,,,,1.0,,,0.0,,,,,0.0,,,,,0.0,,,,,,,,,,,local.mqtt.telegraf,33.0,,38.18,,,,,,periodic,,24.0,,,,,6.0,5,08a6f76bd428,,,71504.0,45408.0,,5.0,43.0,,,,,,,,,,,,,44.0,,,,,08a6f76bd428-44,,,0.0,,,,,,,272.0,44.0,08:A6:F7:6B:D4:28,,,,,,15701.0,3.0,31.0,29.0,29.0,2.0,,,0.0,29.0,386.0,31.0,3.0,,,,2496956,1786523273211,2496969,1786523273224,,1786523273187.0,29.0,2026-08-12T08:27:54.2626505Z,7.0,,,oasis/bottle,,0.0,,,,,
,,,,,,,,,,,,,,,13.0,,,,,,,,,1.0,,,0.0,,,,,0.0,,,,,0.0,,,,,,,,,,,local.mqtt.telegraf,33.0,,38.37,,,,,,periodic,,24.0,,,,,6.0,5,08a6f76bd428,,,61264.0,45408.0,,5.0,44.0,,,,,,,,,,,,,45.0,,,,,08a6f76bd428-45,,,0.0,,,,,,,272.0,45.0,08:A6:F7:6B:D4:28,,,,,,17121.0,3.0,31.0,29.0,29.0,2.0,,,0.0,29.0,386.0,31.0,3.0,,,,2498376,1786523274631,2498389,1786523274644,,1786523274607.0,29.0,2026-08-12T08:27:55.6779102Z,7.0,,,oasis/bottle,,0.0,,,,,
,,,,,,,,,,,,,,,13.0,,,,,,,,,1.0,,,0.0,,,,,0.0,,,,,0.0,,,,,,,,,,,local.mqtt.telegraf,33.0,,38.04,,,,,,periodic,,24.0,,,,,6.0,5,08a6f76bd428,,,53648.0,45408.0,,5.0,45.0,,,,,,,,,,,,,46.0,,,,,08a6f76bd428-46,,,0.0,,,,,,,272.0,46.0,08:A6:F7:6B:D4:28,,,,,,18161.0,3.0,31.0,29.0,29.0,2.0,,,0.0,29.0,386.0,31.0,3.0,,,,2499416,1786523275671,2499429,1786523275684,,1786523275647.0,29.0,2026-08-12T08:27:56.7311101Z,7.0,,,oasis/bottle,,0.0,,,,,
,,,,,,,,,,,,,,,13.0,,,,,,,,,1.0,,,0.0,,,,,0.0,,,,,0.0,,,,,,,,,,,local.mqtt.telegraf,33.0,,38.1,,,,,,periodic,,34.0,,,,,11.0,5,08a6f76bd428,,,43408.0,43408.0,,6.0,46.0,,,,,,,,,,,,,47.0,,,,,08a6f76bd428-47,,,0.0,,,,,,,272.0,47.0,08:A6:F7:6B:D4:28,,,,,,19641.0,3.0,31.0,29.0,29.0,2.0,,,0.0,29.0,386.0,31.0,3.0,,,,2500906,1786523277161,2500919,1786523277174,,1786523277127.0,29.0,2026-08-12T08:27:58.2079094Z,7.0,,,oasis/bottle,,0.0,,,,,
,,,,,,,,,,,,,,,13.0,,,,,,,,,1.0,,,0.0,,,,,0.0,,,,,0.0,,,,,,,,,,,local.mqtt.telegraf,33.0,,38.21,,,,,,periodic,,26.0,,,,,5.0,5,08a6f76bd428,,,98880.0,43408.0,,6.0,47.0,,,,,,,,,,,,,48.0,,,,,08a6f76bd428-48,,,0.0,,,,,,,273.0,48.0,08:A6:F7:6B:D4:28,,,,,,331.0,4.0,30.0,22.0,22.0,8.0,,,2.0,22.0,1055.0,24.0,2.0,,,,2503015,1786523279270,2503028,1786523279283,,1786523279244.0,29.0,2026-08-12T08:28:00.3125136Z,12.0,,,oasis/bottle,,0.0,,,,,
,,,,,,,,,,,,,,,13.0,,,,,,,,,1.0,,,0.0,,,,,0.0,,,,,0.0,,,,,,,,,,,local.mqtt.telegraf,33.0,,38.27,,,,,,periodic,,19.0,,,,,6.0,5,08a6f76bd428,,,88640.0,43408.0,,9.0,48.0,,,,,,,,,,,,,49.0,,,,,08a6f76bd428-49,,,0.0,,,,,,,272.0,49.0,08:A6:F7:6B:D4:28,,,,,,1800.0,4.0,30.0,22.0,22.0,8.0,,,2.0,22.0,1055.0,24.0,2.0,,,,2504476,1786523280731,2504489,1786523280744,,1786523280712.0,29.0,2026-08-12T08:28:01.7758764Z,12.0,,,oasis/bottle,,0.0,,,,,
,,,,,,,,,,,,,,,13.0,,,,,,,,,1.0,,,0.0,,,,,0.0,,,,,0.0,,,,,,,,,,,local.mqtt.telegraf,33.0,,38.45,,,,,,periodic,,19.0,,,,,6.0,5,08a6f76bd428,,,80368.0,43408.0,,6.0,49.0,,,,,,,,,,,,,50.0,,,,,08a6f76bd428-50,,,0.0,,,,,,,272.0,50.0,08:A6:F7:6B:D4:28,,,,,,2930.0,4.0,30.0,22.0,22.0,8.0,,,2.0,22.0,1055.0,24.0,2.0,,,,2505606,1786523281861,2505619,1786523281874,,1786523281842.0,29.0,2026-08-12T08:28:02.9159398Z,12.0,,,oasis/bottle,,0.0,,,,,
,,,,,,,,,,,,,,,13.0,,,,,,,,,1.0,,,0.0,,,,,0.0,,,,,0.0,,,,,,,,,,,local.mqtt.telegraf,33.0,,38.33,,,,,,periodic,,25.0,,,,,5.0,5,08a6f76bd428,,,72096.0,43408.0,,5.0,50.0,,,,,,,,,,,,,51.0,,,,,08a6f76bd428-51,,,0.0,,,,,,,273.0,51.0,08:A6:F7:6B:D4:28,,,,,,3983.0,4.0,30.0,22.0,22.0,8.0,,,2.0,22.0,1055.0,24.0,2.0,,,,2506666,1786523282921,2506679,1786523282934,,1786523282896.0,29.0,2026-08-12T08:28:03.9614771Z,12.0,,,oasis/bottle,,0.0,,,,,
,,,,,,,,,,,,,,,13.0,,,,,,,,,1.0,,,0.0,,,,,0.0,,,,,0.0,,,,,,,,,,,local.mqtt.telegraf,33.0,,38.17,,,,,,periodic,,19.0,,,,,6.0,5,08a6f76bd428,,,61200.0,43408.0,,6.0,51.0,,,,,,,,,,,,,52.0,,,,,08a6f76bd428-52,,,0.0,,,,,,,272.0,52.0,08:A6:F7:6B:D4:28,,,,,,5490.0,4.0,30.0,22.0,22.0,8.0,,,2.0,22.0,1055.0,24.0,2.0,,,,2508166,1786523284421,2508179,1786523284434,,1786523284402.0,29.0,2026-08-12T08:28:05.4593434Z,12.0,,,oasis/bottle,,0.0,,,,,
,,,,,,,,,,,,,,,13.0,,,,,,,,,1.0,,,0.0,,,,,0.0,,,,,0.0,,,,,,,,,,,local.mqtt.telegraf,33.0,,38.28,,,,,,periodic,,19.0,,,,,6.0,5,08a6f76bd428,,,52272.0,43408.0,,6.0,52.0,,,,,,,,,,,,,53.0,,,,,08a6f76bd428-53,,,0.0,,,,,,,272.0,53.0,08:A6:F7:6B:D4:28,,,,,,6700.0,4.0,30.0,22.0,22.0,8.0,,,2.0,22.0,1055.0,24.0,2.0,,,,2509376,1786523285631,2509389,1786523285644,,1786523285612.0,29.0,2026-08-12T08:28:06.6746048Z,12.0,,,oasis/bottle,,0.0,,,,,
,,,,,,,,,,,,,,,13.0,,,,,,,,,1.0,,,0.0,,,,,0.0,,,,,0.0,,,,,,,,,,,local.mqtt.telegraf,33.0,,38.12,,,,,,periodic,,29.0,,,,,12.0,5,08a6f76bd428,,,43344.0,43344.0,,6.0,53.0,,,,,,,,,,,,,54.0,,,,,08a6f76bd428-54,,,0.0,,,,,,,272.0,54.0,08:A6:F7:6B:D4:28,,,,,,7920.0,4.0,30.0,22.0,22.0,8.0,,,2.0,22.0,1055.0,24.0,2.0,,,,2510606,1786523286861,2510619,1786523286874,,1786523286832.0,29.0,2026-08-12T08:28:07.9118517Z,12.0,,,oasis/bottle,,0.0,,,,,
,,,,,,,,,,,,,,,13.0,,,,,,,,,1.0,,,0.0,,,,,0.0,,,,,0.0,,,,,,,,,,,local.mqtt.telegraf,33.0,,38.21,,,,,,periodic,,19.0,,,,,6.0,5,08a6f76bd428,,,114112.0,43344.0,,8.0,54.0,,,,,,,,,,,,,55.0,,,,,08a6f76bd428-55,,,0.0,,,,,,,272.0,55.0,08:A6:F7:6B:D4:28,,,,,,9180.0,4.0,30.0,22.0,22.0,8.0,,,2.0,22.0,1055.0,24.0,2.0,,,,2511856,1786523288111,2511869,1786523288124,,1786523288092.0,29.0,2026-08-12T08:28:09.1598109Z,12.0,,,oasis/bottle,,0.0,,,,,
,,,,,,,,,,,,,,,13.0,,,,,,,,,1.0,,,0.0,,,,,0.0,,,,,0.0,,,,,,,,,,,local.mqtt.telegraf,33.0,,38.1,,,,,,periodic,,19.0,,,,,6.0,5,08a6f76bd428,,,104496.0,43344.0,,6.0,55.0,,,,,,,,,,,,,56.0,,,,,08a6f76bd428-56,,,0.0,,,,,,,272.0,56.0,08:A6:F7:6B:D4:28,,,,,,10480.0,4.0,30.0,22.0,22.0,8.0,,,2.0,22.0,1055.0,24.0,2.0,,,,2513156,1786523289411,2513169,1786523289424,,1786523289392.0,29.0,2026-08-12T08:28:10.4473693Z,12.0,,,oasis/bottle,,0.0,,,,,
,,,,,,,,,,,,,,,13.0,,,,,,,,,1.0,,,0.0,,,,,0.0,,,,,0.0,,,,,,,,,,,local.mqtt.telegraf,33.0,,38.04,,,,,,periodic,,18.0,,,,,5.0,5,08a6f76bd428,,,94848.0,43344.0,,6.0,56.0,,,,,,,,,,,,,57.0,,,,,08a6f76bd428-57,,,0.0,,,,,,,273.0,57.0,08:A6:F7:6B:D4:28,,,,,,11870.0,4.0,30.0,22.0,22.0,8.0,,,2.0,22.0,1055.0,24.0,2.0,,,,2514546,1786523290801,2514559,1786523290814,,1786523290783.0,29.0,2026-08-12T08:28:11.8404742Z,12.0,,,oasis/bottle,,0.0,,,,,
,,,,,,,,,,,,,,,13.0,,,,,,,,,1.0,,,0.0,,,,,0.0,,,,,0.0,,,,,,,,,,,local.mqtt.telegraf,33.0,,38.14,,,,,,periodic,,19.0,,,,,6.0,5,08a6f76bd428,,,83904.0,43344.0,,8.0,57.0,,,,,,,,,,,,,58.0,,,,,08a6f76bd428-58,,,0.0,,,,,,,272.0,58.0,08:A6:F7:6B:D4:28,,,,,,13460.0,4.0,30.0,22.0,22.0,8.0,,,2.0,22.0,1055.0,24.0,2.0,,,,2516136,1786523292391,2516149,1786523292404,,1786523292372.0,29.0,2026-08-12T08:28:13.4412663Z,12.0,,,oasis/bottle,,0.0,,,,,
,,,,,,,,,,,,,,,13.0,,,,,,,,,1.0,,,0.0,,,,,0.0,,,,,0.0,,,,,,,,,,,local.mqtt.telegraf,33.0,,37.97,,,,,,periodic,,19.0,,,,,6.0,5,08a6f76bd428,,,74288.0,43344.0,,6.0,58.0,,,,,,,,,,,,,59.0,,,,,08a6f76bd428-59,,,0.0,,,,,,,272.0,59.0,08:A6:F7:6B:D4:28,,,,,,14830.0,4.0,30.0,22.0,22.0,8.0,,,2.0,22.0,1055.0,24.0,2.0,,,,2517506,1786523293761,2517519,1786523293774,,1786523293742.0,29.0,2026-08-12T08:28:14.8105776Z,12.0,,,oasis/bottle,,0.0,,,,,
,,,,,,,,,,,,,,,13.0,,,,,,,,,1.0,,,0.0,,,,,0.0,,,,,0.0,,,,,,,,,,,local.mqtt.telegraf,33.0,,37.97,,,,,,periodic,,19.0,,,,,6.0,5,08a6f76bd428,,,63360.0,43344.0,,5.0,59.0,,,,,,,,,,,,,60.0,,,,,08a6f76bd428-60,,,0.0,,,,,,,272.0,60.0,08:A6:F7:6B:D4:28,,,,,,16370.0,4.0,30.0,22.0,22.0,8.0,,,2.0,22.0,1055.0,24.0,2.0,,,,2519046,1786523295301,2519059,1786523295314,,1786523295282.0,29.0,2026-08-12T08:28:16.3450138Z,12.0,,,oasis/bottle,,0.0,,,,,
,,,,,,,,,,,,,,,14.0,,,,,,,,,1.0,,,0.0,,,,,0.0,,,,,0.0,,,,,,,,,,,local.mqtt.telegraf,33.0,,38.04,,,,,,periodic,,19.0,,,,,6.0,5,08a6f76bd428,,,52912.0,43344.0,,5.0,60.0,,,,,,,,,,,,,61.0,,,,,08a6f76bd428-61,,,0.0,,,,,,,272.0,61.0,08:A6:F7:6B:D4:28,,,,,,17690.0,4.0,30.0,22.0,22.0,8.0,,,2.0,22.0,1055.0,24.0,2.0,,,,2520366,1786523296621,2520380,1786523296635,,1786523296602.0,29.0,2026-08-12T08:28:17.6581895Z,12.0,,,oasis/bottle,,0.0,,,,,
,,,,,,,,,,,,,,,13.0,,,,,,,,,1.0,,,0.0,,,,,0.0,,,,,0.0,,,,,,,,,,,local.mqtt.telegraf,33.0,,37.96,,,,,,periodic,,28.0,,,,,11.0,5,08a6f76bd428,,,43264.0,43264.0,,6.0,61.0,,,,,,,,,,,,,62.0,,,,,08a6f76bd428-62,,,0.0,,,,,,,273.0,62.0,08:A6:F7:6B:D4:28,,,,,,19080.0,4.0,30.0,22.0,22.0,8.0,,,2.0,22.0,1055.0,24.0,2.0,,,,2521766,1786523298021,2521779,1786523298034,,1786523297993.0,29.0,2026-08-12T08:28:19.0631799Z,12.0,,,oasis/bottle,,0.0,,,,,
,,,,,,,,,,,,,,,13.0,,,,,,,,,1.0,,,0.0,,,,,0.0,,,,,0.0,,,,,,,,,,,local.mqtt.telegraf,33.0,,37.89,,,,,,periodic,,31.0,,,,,5.0,5,08a6f76bd428,,,100144.0,43264.0,,5.0,62.0,,,,,,,,,,,,,63.0,,,,,08a6f76bd428-63,,,0.0,,,,,,,273.0,63.0,08:A6:F7:6B:D4:28,,,,,,492.0,5.0,32.0,30.0,30.0,2.0,,,1.0,28.0,395.0,33.0,3.0,,,,2523446,1786523299701,2523459,1786523299714,,1786523299670.0,29.0,2026-08-12T08:28:20.7435868Z,14.0,,,oasis/bottle,,0.0,,,,,
,,,,,,,,,,,,,,,13.0,,,,,,,,,1.0,,,0.0,,,,,0.0,,,,,0.0,,,,,,,,,,,local.mqtt.telegraf,33.0,,37.85,,,,,,periodic,,23.0,,,,,6.0,5,08a6f76bd428,,,89904.0,43264.0,,6.0,63.0,,,,,,,,,,,,,64.0,,,,,08a6f76bd428-64,,,0.0,,,,,,,272.0,64.0,08:A6:F7:6B:D4:28,,,,,,1951.0,5.0,32.0,30.0,30.0,2.0,,,1.0,28.0,395.0,33.0,3.0,,,,2524896,1786523301151,2524909,1786523301164,,1786523301128.0,29.0,2026-08-12T08:28:22.1888661Z,14.0,,,oasis/bottle,,0.0,,,,,
,,,,,,,,,,,,,,,13.0,,,,,,,,,1.0,,,0.0,,,,,0.0,,,,,0.0,,,,,,,,,,,local.mqtt.telegraf,33.0,,37.82,,,,,,periodic,,23.0,,,,,6.0,5,08a6f76bd428,,,81632.0,43264.0,,6.0,64.0,,,,,,,,,,,,,65.0,,,,,08a6f76bd428-65,,,0.0,,,,,,,272.0,65.0,08:A6:F7:6B:D4:28,,,,,,3071.0,5.0,32.0,30.0,30.0,2.0,,,1.0,28.0,395.0,33.0,3.0,,,,2526016,1786523302271,2526029,1786523302284,,1786523302248.0,29.0,2026-08-12T08:28:23.308453Z,14.0,,,oasis/bottle,,0.0,,,,,
,,,,,,,,,,,,,,,13.0,,,,,,,,,1.0,,,0.0,,,,,0.0,,,,,0.0,,,,,,,,,,,local.mqtt.telegraf,33.0,,37.81,,,,,,periodic,,23.0,,,,,6.0,5,08a6f76bd428,,,74016.0,43264.0,,7.0,65.0,,,,,,,,,,,,,66.0,,,,,08a6f76bd428-66,,,0.0,,,,,,,272.0,66.0,08:A6:F7:6B:D4:28,,,,,,4111.0,5.0,32.0,30.0,30.0,2.0,,,1.0,28.0,395.0,33.0,3.0,,,,2527056,1786523303311,2527069,1786523303324,,1786523303288.0,29.0,2026-08-12T08:28:24.3617384Z,14.0,,,oasis/bottle,,0.0,,,,,
,,,,,,,,,,,,,,,13.0,,,,,,,,,1.0,,,0.0,,,,,0.0,,,,,0.0,,,,,,,,,,,local.mqtt.telegraf,33.0,,37.85,,,,,,periodic,,23.0,,,,,6.0,5,08a6f76bd428,,,63776.0,43264.0,,5.0,66.0,,,,,,,,,,,,,67.0,,,,,08a6f76bd428-67,,,0.0,,,,,,,272.0,67.0,08:A6:F7:6B:D4:28,,,,,,5581.0,5.0,32.0,30.0,30.0,2.0,,,1.0,28.0,395.0,33.0,3.0,,,,2528526,1786523304781,2528539,1786523304794,,1786523304758.0,29.0,2026-08-12T08:28:25.8284042Z,14.0,,,oasis/bottle,,0.0,,,,,
,,,,,,,,,,,,,,,13.0,,,,,,,,,1.0,,,0.0,,,,,0.0,,,,,0.0,,,,,,,,,,,local.mqtt.telegraf,33.0,,37.96,,,,,,periodic,,23.0,,,,,6.0,5,08a6f76bd428,,,55504.0,43264.0,,6.0,67.0,,,,,,,,,,,,,68.0,,,,,08a6f76bd428-68,,,0.0,,,,,,,272.0,68.0,08:A6:F7:6B:D4:28,,,,,,6721.0,5.0,32.0,30.0,30.0,2.0,,,1.0,28.0,395.0,33.0,3.0,,,,2529666,1786523305921,2529679,1786523305934,,1786523305898.0,29.0,2026-08-12T08:28:26.9594401Z,14.0,,,oasis/bottle,,0.0,,,,,
,,,,,,,,,,,,,,,13.0,,,,,,,,,1.0,,,0.0,,,,,0.0,,,,,0.0,,,,,,,,,,,local.mqtt.telegraf,33.0,,38.09,,,,,,periodic,,23.0,,,,,6.0,5,08a6f76bd428,,,47232.0,43264.0,,5.0,68.0,,,,,,,,,,,,,69.0,,,,,08a6f76bd428-69,,,0.0,,,,,,,272.0,69.0,08:A6:F7:6B:D4:28,,,,,,7801.0,5.0,32.0,30.0,30.0,2.0,,,1.0,28.0,395.0,33.0,3.0,,,,2530746,1786523307001,2530759,1786523307014,,1786523306978.0,29.0,2026-08-12T08:28:28.0425993Z,14.0,,,oasis/bottle,,0.0,,,,,
,,,,,,,,,,,,,,,13.0,,,,,,,,,1.0,,,0.0,,,,,0.0,,,,,0.0,,,,,,,,,,,local.mqtt.telegraf,33.0,,38.1,,,,,,periodic,,23.0,,,,,6.0,5,08a6f76bd428,,,116176.0,43264.0,,6.0,69.0,,,,,,,,,,,,,70.0,,,,,08a6f76bd428-70,,,0.0,,,,,,,272.0,70.0,08:A6:F7:6B:D4:28,,,,,,9361.0,5.0,32.0,30.0,30.0,2.0,,,1.0,28.0,395.0,33.0,3.0,,,,2532306,1786523308561,2532319,1786523308574,,1786523308538.0,29.0,2026-08-12T08:28:29.6092267Z,14.0,,,oasis/bottle,,0.0,,,,,
,,,,,,,,,,,,,,,13.0,,,,,,,,,1.0,,,0.0,,,,,0.0,,,,,0.0,,,,,,,,,,,local.mqtt.telegraf,33.0,,38.18,,,,,,periodic,,23.0,,,,,6.0,5,08a6f76bd428,,,106592.0,43264.0,,6.0,70.0,,,,,,,,,,,,,71.0,,,,,08a6f76bd428-71,,,0.0,,,,,,,272.0,71.0,08:A6:F7:6B:D4:28,,,,,,10671.0,5.0,32.0,30.0,30.0,2.0,,,1.0,28.0,395.0,33.0,3.0,,,,2533616,1786523309871,2533629,1786523309884,,1786523309848.0,29.0,2026-08-12T08:28:30.9093047Z,14.0,,,oasis/bottle,,0.0,,,,,
,,,,,,,,,,,,,,,13.0,,,,,,,,,1.0,,,0.0,,,,,0.0,,,,,0.0,,,,,,,,,,,local.mqtt.telegraf,33.0,,38.35,,,,,,periodic,,23.0,,,,,6.0,5,08a6f76bd428,,,96320.0,43264.0,,6.0,71.0,,,,,,,,,,,,,72.0,,,,,08a6f76bd428-72,,,0.0,,,,,,,272.0,72.0,08:A6:F7:6B:D4:28,,,,,,12091.0,5.0,32.0,30.0,30.0,2.0,,,1.0,28.0,395.0,33.0,3.0,,,,2535036,1786523311291,2535049,1786523311304,,1786523311268.0,29.0,2026-08-12T08:28:32.3232077Z,14.0,,,oasis/bottle,,0.0,,,,,
,,,,,,,,,,,,,,,13.0,,,,,,,,,1.0,,,0.0,,,,,0.0,,,,,0.0,,,,,,,,,,,local.mqtt.telegraf,33.0,,38.27,,,,,,periodic,,23.0,,,,,6.0,5,08a6f76bd428,,,88704.0,43264.0,,6.0,72.0,,,,,,,,,,,,,73.0,,,,,08a6f76bd428-73,,,0.0,,,,,,,272.0,73.0,08:A6:F7:6B:D4:28,,,,,,13131.0,5.0,32.0,30.0,30.0,2.0,,,1.0,28.0,395.0,33.0,3.0,,,,2536076,1786523312331,2536089,1786523312344,,1786523312308.0,29.0,2026-08-12T08:28:33.3766429Z,14.0,,,oasis/bottle,,0.0,,,,,
,,,,,,,,,,,,,,,13.0,,,,,,,,,1.0,,,0.0,,,,,0.0,,,,,0.0,,,,,,,,,,,local.mqtt.telegraf,33.0,,38.18,,,,,,periodic,,23.0,,,,,6.0,5,08a6f76bd428,,,78464.0,43264.0,,6.0,73.0,,,,,,,,,,,,,74.0,,,,,08a6f76bd428-74,,,0.0,,,,,,,272.0,74.0,08:A6:F7:6B:D4:28,,,,,,14611.0,5.0,32.0,30.0,30.0,2.0,,,1.0,28.0,395.0,33.0,3.0,,,,2537556,1786523313811,2537569,1786523313824,,1786523313788.0,29.0,2026-08-12T08:28:34.858314Z,14.0,,,oasis/bottle,,0.0,,,,,
,,,,,,,,,,,,,,,13.0,,,,,,,,,1.0,,,0.0,,,,,0.0,,,,,0.0,,,,,,,,,,,local.mqtt.telegraf,33.0,,38.12,,,,,,periodic,,23.0,,,,,6.0,5,08a6f76bd428,,,70192.0,43264.0,,6.0,74.0,,,,,,,,,,,,,75.0,,,,,08a6f76bd428-75,,,0.0,,,,,,,272.0,75.0,08:A6:F7:6B:D4:28,,,,,,15761.0,5.0,32.0,30.0,30.0,2.0,,,1.0,28.0,395.0,33.0,3.0,,,,2538706,1786523314961,2538719,1786523314974,,1786523314938.0,29.0,2026-08-12T08:28:36.0065615Z,14.0,,,oasis/bottle,,0.0,,,,,
,,,,,,,,,,,,,,,14.0,,,,,,,,,1.0,,,0.0,,,,,0.0,,,,,0.0,,,,,,,,,,,local.mqtt.telegraf,33.0,,38.04,,,,,,periodic,,23.0,,,,,6.0,5,08a6f76bd428,,,61920.0,43264.0,,5.0,75.0,,,,,,,,,,,,,76.0,,,,,08a6f76bd428-76,,,0.0,,,,,,,272.0,76.0,08:A6:F7:6B:D4:28,,,,,,16861.0,5.0,32.0,30.0,30.0,2.0,,,1.0,28.0,395.0,33.0,3.0,,,,2539806,1786523316061,2539820,1786523316075,,1786523316038.0,29.0,2026-08-12T08:28:37.1070416Z,14.0,,,oasis/bottle,,0.0,,,,,
,,,,,,,,,,,,,,,13.0,,,,,,,,,1.0,,,0.0,,,,,0.0,,,,,0.0,,,,,,,,,,,local.mqtt.telegraf,33.0,,37.77,,,,,,periodic,,33.0,,,,,6.0,5,08a6f76bd428,,,54304.0,43264.0,,5.0,76.0,,,,,,,,,,,,,77.0,,,,,08a6f76bd428-77,,,0.0,,,,,,,272.0,77.0,08:A6:F7:6B:D4:28,,,,,,17861.0,5.0,32.0,30.0,30.0,2.0,,,1.0,28.0,395.0,33.0,3.0,,,,2540816,1786523317071,2540829,1786523317084,,1786523317038.0,29.0,2026-08-12T08:28:38.1086844Z,14.0,,,oasis/bottle,,0.0,,,,,
,,,,,,,,,,,,,,,13.0,,,,,,,,,1.0,,,0.0,,,,,0.0,,,,,0.0,,,,,,,,,,,local.mqtt.telegraf,33.0,,37.89,,,,,,periodic,,33.0,,,,,11.0,5,08a6f76bd428,,,44064.0,43264.0,,8.0,77.0,,,,,,,,,,,,,78.0,,,,,08a6f76bd428-78,,,0.0,,,,,,,272.0,78.0,08:A6:F7:6B:D4:28,,,,,,19271.0,5.0,32.0,30.0,30.0,2.0,,,1.0,28.0,395.0,33.0,3.0,,,,2542226,1786523318481,2542239,1786523318494,,1786523318448.0,29.0,2026-08-12T08:28:39.529248Z,14.0,,,oasis/bottle,,0.0,,,,,
,,,,,,,,,,,,,,,13.0,,,,,,,,,1.0,,,0.0,,,,,0.0,,,,,0.0,,,,,,,,,,,local.mqtt.telegraf,33.0,,38.06,,,,,,periodic,,23.0,,,,,6.0,5,08a6f76bd428,,,115168.0,43264.0,,6.0,78.0,,,,,,,,,,,,,79.0,,,,,08a6f76bd428-79,,,0.0,,,,,,,272.0,79.0,08:A6:F7:6B:D4:28,,,,,,20291.0,5.0,32.0,30.0,30.0,2.0,,,1.0,28.0,395.0,33.0,3.0,,,,2543236,1786523319491,2543249,1786523319504,,1786523319468.0,29.0,2026-08-12T08:28:40.5265097Z,14.0,,,oasis/bottle,,0.0,,,,,
,,,,,,,,,,,,,,,13.0,,,,,,,,,1.0,,,0.0,,,,,0.0,,,,,0.0,,,,,,,,,,,local.mqtt.telegraf,33.0,,38.02,,,,,,periodic,,27.0,,,,,5.0,5,08a6f76bd428,,,94192.0,43264.0,,6.0,79.0,,,,,,,,,,,,,80.0,,,,,08a6f76bd428-80,,,0.0,,,,,,,272.0,80.0,08:A6:F7:6B:D4:28,,,,,,1031.0,6.0,50.0,21.0,21.0,29.0,,,0.0,21.0,394.0,23.0,3.0,,,,2544675,1786523320930,2544688,1786523320943,,1786523320903.0,29.0,2026-08-12T08:28:41.9779004Z,18.0,,,oasis/bottle,,0.0,,,,,
,,,,,,,,,,,,,,,13.0,,,,,,,,,1.0,,,0.0,,,,,0.0,,,,,0.0,,,,,,,,,,,local.mqtt.telegraf,33.0,,37.97,,,,,,periodic,,19.0,,,,,6.0,5,08a6f76bd428,,,86576.0,43264.0,,8.0,80.0,,,,,,,,,,,,,81.0,,,,,08a6f76bd428-81,,,0.0,,,,,,,272.0,81.0,08:A6:F7:6B:D4:28,,,,,,2091.0,6.0,50.0,21.0,21.0,29.0,,,0.0,21.0,394.0,23.0,3.0,,,,2545726,1786523321981,2545739,1786523321994,,1786523321962.0,29.0,2026-08-12T08:28:43.0287475Z,18.0,,,oasis/bottle,,0.0,,,,,
,,,,,,,,,,,,,,,13.0,,,,,,,,,1.0,,,0.0,,,,,0.0,,,,,0.0,,,,,,,,,,,local.mqtt.telegraf,33.0,,37.82,,,,,,periodic,,29.0,,,,,6.0,5,08a6f76bd428,,,75680.0,43264.0,,6.0,81.0,,,,,,,,,,,,,82.0,,,,,08a6f76bd428-82,,,0.0,,,,,,,272.0,82.0,08:A6:F7:6B:D4:28,,,,,,3601.0,6.0,50.0,21.0,21.0,29.0,,,0.0,21.0,394.0,23.0,3.0,,,,2547246,1786523323501,2547259,1786523323514,,1786523323472.0,29.0,2026-08-12T08:28:44.5433367Z,18.0,,,oasis/bottle,,0.0,,,,,
,,,,,,,,,,,,,,,13.0,,,,,,,,,1.0,,,0.0,,,,,0.0,,,,,0.0,,,,,,,,,,,local.mqtt.telegraf,33.0,,37.63,,,,,,periodic,,19.0,,,,,6.0,5,08a6f76bd428,,,66752.0,43264.0,,8.0,82.0,,,,,,,,,,,,,83.0,,,,,08a6f76bd428-83,,,0.0,,,,,,,272.0,83.0,08:A6:F7:6B:D4:28,,,,,,4821.0,6.0,50.0,21.0,21.0,29.0,,,0.0,21.0,394.0,23.0,3.0,,,,2548456,1786523324711,2548469,1786523324724,,1786523324692.0,29.0,2026-08-12T08:28:45.7598756Z,18.0,,,oasis/bottle,,0.0,,,,,
,,,,,,,,,,,,,,,13.0,,,,,,,,,1.0,,,0.0,,,,,0.0,,,,,0.0,,,,,,,,,,,local.mqtt.telegraf,33.0,,37.54,,,,,,periodic,,19.0,,,,,6.0,5,08a6f76bd428,,,57824.0,43264.0,,5.0,83.0,,,,,,,,,,,,,84.0,,,,,08a6f76bd428-84,,,0.0,,,,,,,272.0,84.0,08:A6:F7:6B:D4:28,,,,,,6061.0,6.0,50.0,21.0,21.0,29.0,,,0.0,21.0,394.0,23.0,3.0,,,,2549696,1786523325951,2549709,1786523325964,,1786523325932.0,29.0,2026-08-12T08:28:47.0008074Z,18.0,,,oasis/bottle,,0.0,,,,,
,,,,,,,,,,,,,,,13.0,,,,,,,,,1.0,,,0.0,,,,,0.0,,,,,0.0,,,,,,,,,,,local.mqtt.telegraf,33.0,,37.35,,,,,,periodic,,18.0,,,,,5.0,5,08a6f76bd428,,,48864.0,43264.0,,5.0,84.0,,,,,,,,,,,,,85.0,,,,,08a6f76bd428-85,,,0.0,,,,,,,273.0,85.0,08:A6:F7:6B:D4:28,,,,,,7331.0,6.0,50.0,21.0,21.0,29.0,,,0.0,21.0,394.0,23.0,3.0,,,,2550966,1786523327221,2550979,1786523327234,,1786523327203.0,29.0,2026-08-12T08:28:48.2678257Z,18.0,,,oasis/bottle,,0.0,,,,,
,,,,,,,,,,,,,,,13.0,,,,,,,,,1.0,,,0.0,,,,,0.0,,,,,0.0,,,,,,,,,,,local.mqtt.telegraf,33.0,,37.15,,,,,,periodic,,19.0,,,,,6.0,5,08a6f76bd428,,,119232.0,43264.0,,6.0,85.0,,,,,,,,,,,,,86.0,,,,,08a6f76bd428-86,,,0.0,,,,,,,272.0,86.0,08:A6:F7:6B:D4:28,,,,,,8671.0,6.0,50.0,21.0,21.0,29.0,,,0.0,21.0,394.0,23.0,3.0,,,,2552306,1786523328561,2552319,1786523328574,,1786523328542.0,29.0,2026-08-12T08:28:49.6103525Z,18.0,,,oasis/bottle,,0.0,,,,,
,,,,,,,,,,,,,,,13.0,,,,,,,,,1.0,,,0.0,,,,,0.0,,,,,0.0,,,,,,,,,,,local.mqtt.telegraf,33.0,,36.99,,,,,,periodic,,19.0,,,,,6.0,5,08a6f76bd428,,,108992.0,43264.0,,6.0,86.0,,,,,,,,,,,,,87.0,,,,,08a6f76bd428-87,,,0.0,,,,,,,272.0,87.0,08:A6:F7:6B:D4:28,,,,,,10151.0,6.0,50.0,21.0,21.0,29.0,,,0.0,21.0,394.0,23.0,3.0,,,,2553786,1786523330041,2553799,1786523330054,,1786523330022.0,29.0,2026-08-12T08:28:51.0743382Z,18.0,,,oasis/bottle,,0.0,,,,,
,,,,,,,,,,,,,,,13.0,,,,,,,,,1.0,,,0.0,,,,,0.0,,,,,0.0,,,,,,,,,,,local.mqtt.telegraf,33.0,,37.0,,,,,,periodic,,19.0,,,,,5.0,5,08a6f76bd428,,,100656.0,43264.0,,5.0,87.0,,,,,,,,,,,,,88.0,,,,,08a6f76bd428-88,,,0.0,,,,,,,273.0,88.0,08:A6:F7:6B:D4:28,,,,,,11311.0,6.0,50.0,21.0,21.0,29.0,,,0.0,21.0,394.0,23.0,3.0,,,,2554947,1786523331202,2554960,1786523331215,,1786523331183.0,29.0,2026-08-12T08:28:52.2417187Z,18.0,,,oasis/bottle,,0.0,,,,,
,,,,,,,,,,,,,,,13.0,,,,,,,,,1.0,,,0.0,,,,,0.0,,,,,0.0,,,,,,,,,,,local.mqtt.telegraf,33.0,,37.18,,,,,,periodic,,19.0,,,,,6.0,5,08a6f76bd428,,,92368.0,43264.0,,7.0,88.0,,,,,,,,,,,,,89.0,,,,,08a6f76bd428-89,,,0.0,,,,,,,272.0,89.0,08:A6:F7:6B:D4:28,,,,,,12431.0,6.0,50.0,21.0,21.0,29.0,,,0.0,21.0,394.0,23.0,3.0,,,,2556066,1786523332321,2556079,1786523332334,,1786523332302.0,29.0,2026-08-12T08:28:53.3578491Z,18.0,,,oasis/bottle,,0.0,,,,,
,,,,,,,,,,,,,,,13.0,,,,,,,,,1.0,,,0.0,,,,,0.0,,,,,0.0,,,,,,,,,,,local.mqtt.telegraf,33.0,,37.2,,,,,,periodic,,19.0,,,,,6.0,5,08a6f76bd428,,,84752.0,43264.0,,5.0,89.0,,,,,,,,,,,,,90.0,,,,,08a6f76bd428-90,,,0.0,,,,,,,272.0,90.0,08:A6:F7:6B:D4:28,,,,,,13461.0,6.0,50.0,21.0,21.0,29.0,,,0.0,21.0,394.0,23.0,3.0,,,,2557096,1786523333351,2557109,1786523333364,,1786523333332.0,29.0,2026-08-12T08:28:54.400091Z,18.0,,,oasis/bottle,,0.0,,,,,
,,,,,,,,,,,,,,,13.0,,,,,,,,,1.0,,,0.0,,,,,0.0,,,,,0.0,,,,,,,,,,,local.mqtt.telegraf,33.0,,37.26,,,,,,periodic,,29.0,,,,,6.0,5,08a6f76bd428,,,73680.0,43264.0,,6.0,90.0,,,,,,,,,,,,,91.0,,,,,08a6f76bd428-91,,,0.0,,,,,,,272.0,91.0,08:A6:F7:6B:D4:28,,,,,,14971.0,6.0,50.0,21.0,21.0,29.0,,,0.0,21.0,394.0,23.0,3.0,,,,2558616,1786523334871,2558629,1786523334884,,1786523334842.0,29.0,2026-08-12T08:28:55.9331425Z,18.0,,,oasis/bottle,,0.0,,,,,
,,,,,,,,,,,,,,,13.0,,,,,,,,,1.0,,,0.0,,,,,0.0,,,,,0.0,,,,,,,,,,,local.mqtt.telegraf,33.0,,37.24,,,,,,periodic,,25.0,,,,,5.0,5,08a6f76bd428,,,64752.0,43264.0,,9.0,91.0,,,,,,,,,,,,,92.0,,,,,08a6f76bd428-92,,,0.0,,,,,,,273.0,92.0,08:A6:F7:6B:D4:28,,,,,,16144.0,6.0,50.0,21.0,21.0,29.0,,,0.0,21.0,394.0,23.0,3.0,,,,2559786,1786523336041,2559799,1786523336054,,1786523336016.0,29.0,2026-08-12T08:28:57.0728995Z,18.0,,,oasis/bottle,,0.0,,,,,
,,,,,,,,,,,,,,,13.0,,,,,,,,,1.0,,,0.0,,,,,0.0,,,,,0.0,,,,,,,,,,,local.mqtt.telegraf,33.0,,37.04,,,,,,periodic,,19.0,,,,,6.0,5,08a6f76bd428,,,56480.0,43264.0,,6.0,92.0,,,,,,,,,,,,,93.0,,,,,08a6f76bd428-93,,,0.0,,,,,,,272.0,93.0,08:A6:F7:6B:D4:28,,,,,,17281.0,6.0,50.0,21.0,21.0,29.0,,,0.0,21.0,394.0,23.0,3.0,,,,2560916,1786523337171,2560929,1786523337184,,1786523337152.0,29.0,2026-08-12T08:28:58.2191499Z,18.0,,,oasis/bottle,,0.0,,,,,
,,,,,,,,,,,,,,,13.0,,,,,,,,,1.0,,,0.0,,,,,0.0,,,,,0.0,,,,,,,,,,,local.mqtt.telegraf,33.0,,36.94,,,,,,periodic,,19.0,,,,,6.0,5,08a6f76bd428,,,48208.0,43264.0,,5.0,93.0,,,,,,,,,,,,,94.0,,,,,08a6f76bd428-94,,,0.0,,,,,,,272.0,94.0,08:A6:F7:6B:D4:28,,,,,,18361.0,6.0,50.0,21.0,21.0,29.0,,,0.0,21.0,394.0,23.0,3.0,,,,2561996,1786523338251,2562009,1786523338264,,1786523338232.0,29.0,2026-08-12T08:28:59.295466Z,18.0,,,oasis/bottle,,0.0,,,,,
,,,,,,,,,,,,,,,13.0,,,,,,,,,1.0,,,0.0,,,,,0.0,,,,,0.0,,,,,,,,,,,local.mqtt.telegraf,33.0,,36.63,,,,,,periodic,,20.0,,,,,6.0,5,08a6f76bd428,,,117376.0,43264.0,,5.0,94.0,,,,,,,,,,,,,95.0,,,,,08a6f76bd428-95,,,0.0,,,,,,,272.0,95.0,08:A6:F7:6B:D4:28,,,,,,19911.0,6.0,50.0,21.0,21.0,29.0,,,0.0,21.0,394.0,23.0,3.0,,,,2563547,1786523339802,2563560,1786523339815,,1786523339782.0,29.0,2026-08-12T08:29:00.8408019Z,18.0,,,oasis/bottle,,0.0,,,,,
,,,,,,,,,,,,,,,13.0,,,,,,,,,1.0,,,0.0,,,,,0.0,,,,,0.0,,,,,,,,,,,local.mqtt.telegraf,33.0,,36.33,,,,,,periodic,,27.0,,,,,6.0,5,08a6f76bd428,,,97104.0,43264.0,,7.0,95.0,,,,,,,,,,,,,96.0,,,,,08a6f76bd428-96,,,0.0,,,,,,,272.0,96.0,08:A6:F7:6B:D4:28,,,,,,981.0,7.0,30.0,20.0,20.0,10.0,,,5.0,20.0,374.0,23.0,3.0,,,,2564865,1786523341120,2564878,1786523341133,,1786523341093.0,29.0,2026-08-12T08:29:02.1547592Z,20.0,,,oasis/bottle,,0.0,,,,,
,,,,,,,,,,,,,,,13.0,,,,,,,,,1.0,,,0.0,,,,,0.0,,,,,0.0,,,,,,,,,,,local.mqtt.telegraf,33.0,,36.34,,,,,,periodic,,18.0,,,,,6.0,5,08a6f76bd428,,,86864.0,43264.0,,8.0,96.0,,,,,,,,,,,,,97.0,,,,,08a6f76bd428-97,,,0.0,,,,,,,272.0,97.0,08:A6:F7:6B:D4:28,,,,,,2391.0,7.0,30.0,20.0,20.0,10.0,,,5.0,20.0,374.0,23.0,3.0,,,,2566266,1786523342521,2566279,1786523342534,,1786523342503.0,29.0,2026-08-12T08:29:03.5606928Z,20.0,,,oasis/bottle,,0.0,,,,,
,,,,,,,,,,,,,,,13.0,,,,,,,,,1.0,,,0.0,,,,,0.0,,,,,0.0,,,,,,,,,,,local.mqtt.telegraf,33.0,,36.32,,,,,,periodic,,18.0,,,,,6.0,5,08a6f76bd428,,,79248.0,43264.0,,6.0,97.0,,,,,,,,,,,,,98.0,,,,,08a6f76bd428-98,,,0.0,,,,,,,272.0,98.0,08:A6:F7:6B:D4:28,,,,,,3411.0,7.0,30.0,20.0,20.0,10.0,,,5.0,20.0,374.0,23.0,3.0,,,,2567286,1786523343541,2567299,1786523343554,,1786523343523.0,29.0,2026-08-12T08:29:04.6120086Z,20.0,,,oasis/bottle,,0.0,,,,,
,,,,,,,,,,,,,,,13.0,,,,,,,,,1.0,,,0.0,,,,,0.0,,,,,0.0,,,,,,,,,,,local.mqtt.telegraf,33.0,,36.76,,,,,,periodic,,18.0,,,,,6.0,5,08a6f76bd428,,,69008.0,43264.0,,5.0,98.0,,,,,,,,,,,,,99.0,,,,,08a6f76bd428-99,,,0.0,,,,,,,272.0,99.0,08:A6:F7:6B:D4:28,,,,,,4851.0,7.0,30.0,20.0,20.0,10.0,,,5.0,20.0,374.0,23.0,3.0,,,,2568726,1786523344981,2568739,1786523344994,,1786523344963.0,29.0,2026-08-12T08:29:06.025194Z,20.0,,,oasis/bottle,,0.0,,,,,
,,,,,,,,,,,,,,,17.0,,,,,,,,,1.0,,,0.0,,,,,0.0,,,,,0.0,,,,,,,,,,,local.mqtt.telegraf,33.0,,36.99,,,,,,periodic,,18.0,,,,,6.0,5,08a6f76bd428,,,60736.0,43264.0,,5.0,99.0,,,,,,,,,,,,,100.0,,,,,08a6f76bd428-100,,,0.0,,,,,,,272.0,100.0,08:A6:F7:6B:D4:28,,,,,,5921.0,7.0,30.0,20.0,20.0,10.0,,,5.0,20.0,374.0,23.0,3.0,,,,2569796,1786523346051,2569813,1786523346068,,1786523346033.0,29.0,2026-08-12T08:29:07.1362299Z,20.0,,,oasis/bottle,,0.0,,,,,
,,,,,,,,,,,,,,,13.0,,,,,,,,,1.0,,,0.0,,,,,0.0,,,,,0.0,,,,,,,,,,,local.mqtt.telegraf,33.0,,37.47,,,,,,periodic,,18.0,,,,,6.0,5,08a6f76bd428,,,49808.0,43264.0,,5.0,100.0,,,,,,,,,,,,,101.0,,,,,08a6f76bd428-101,,,0.0,,,,,,,272.0,101.0,08:A6:F7:6B:D4:28,,,,,,7461.0,7.0,30.0,20.0,20.0,10.0,,,5.0,20.0,374.0,23.0,3.0,,,,2571336,1786523347591,2571349,1786523347604,,1786523347573.0,29.0,2026-08-12T08:29:08.6407601Z,20.0,,,oasis/bottle,,0.0,,,,,
,,,,,,,,,,,,,,,13.0,,,,,,,,,1.0,,,0.0,,,,,0.0,,,,,0.0,,,,,,,,,,,local.mqtt.telegraf,33.0,,37.61,,,,,,periodic,,28.0,,,,,6.0,5,08a6f76bd428,,,119984.0,43264.0,,5.0,101.0,,,,,,,,,,,,,102.0,,,,,08a6f76bd428-102,,,0.0,,,,,,,272.0,102.0,08:A6:F7:6B:D4:28,,,,,,8741.0,7.0,30.0,20.0,20.0,10.0,,,5.0,20.0,374.0,23.0,3.0,,,,2572626,1786523348881,2572639,1786523348894,,1786523348853.0,29.0,2026-08-12T08:29:09.9266609Z,20.0,,,oasis/bottle,,0.0,,,,,
,,,,,,,,,,,,,,,13.0,,,,,,,,,1.0,,,0.0,,,,,0.0,,,,,0.0,,,,,,,,,,,local.mqtt.telegraf,33.0,,37.89,,,,,,periodic,,18.0,,,,,6.0,5,08a6f76bd428,,,110320.0,43264.0,,8.0,102.0,,,,,,,,,,,,,103.0,,,,,08a6f76bd428-103,,,0.0,,,,,,,272.0,103.0,08:A6:F7:6B:D4:28,,,,,,10101.0,7.0,30.0,20.0,20.0,10.0,,,5.0,20.0,374.0,23.0,3.0,,,,2573976,1786523350231,2573989,1786523350244,,1786523350213.0,29.0,2026-08-12T08:29:11.2765792Z,20.0,,,oasis/bottle,,0.0,,,,,
,,,,,,,,,,,,,,,13.0,,,,,,,,,1.0,,,0.0,,,,,0.0,,,,,0.0,,,,,,,,,,,local.mqtt.telegraf,33.0,,37.94,,,,,,periodic,,18.0,,,,,6.0,5,08a6f76bd428,,,99344.0,43264.0,,6.0,103.0,,,,,,,,,,,,,104.0,,,,,08a6f76bd428-104,,,0.0,,,,,,,272.0,104.0,08:A6:F7:6B:D4:28,,,,,,11611.0,7.0,30.0,20.0,20.0,10.0,,,5.0,20.0,374.0,23.0,3.0,,,,2575486,1786523351741,2575499,1786523351754,,1786523351723.0,29.0,2026-08-12T08:29:12.7751804Z,20.0,,,oasis/bottle,,0.0,,,,,
,,,,,,,,,,,,,,,13.0,,,,,,,,,1.0,,,0.0,,,,,0.0,,,,,0.0,,,,,,,,,,,local.mqtt.telegraf,33.0,,38.04,,,,,,periodic,,18.0,,,,,6.0,5,08a6f76bd428,,,90336.0,43264.0,,6.0,104.0,,,,,,,,,,,,,105.0,,,,,08a6f76bd428-105,,,0.0,,,,,,,272.0,105.0,08:A6:F7:6B:D4:28,,,,,,12831.0,7.0,30.0,20.0,20.0,10.0,,,5.0,20.0,374.0,23.0,3.0,,,,2576706,1786523352961,2576719,1786523352974,,1786523352943.0,29.0,2026-08-12T08:29:14.0248747Z,20.0,,,oasis/bottle,,0.0,,,,,
,,,,,,,,,,,,,,,13.0,,,,,,,,,1.0,,,0.0,,,,,0.0,,,,,0.0,,,,,,,,,,,local.mqtt.telegraf,33.0,,38.17,,,,,,periodic,,18.0,,,,,6.0,5,08a6f76bd428,,,81328.0,43264.0,,6.0,105.0,,,,,,,,,,,,,106.0,,,,,08a6f76bd428-106,,,0.0,,,,,,,272.0,106.0,08:A6:F7:6B:D4:28,,,,,,14071.0,7.0,30.0,20.0,20.0,10.0,,,5.0,20.0,374.0,23.0,3.0,,,,2577946,1786523354201,2577959,1786523354214,,1786523354183.0,29.0,2026-08-12T08:29:15.2488712Z,20.0,,,oasis/bottle,,0.0,,,,,
,,,,,,,,,,,,,,,13.0,,,,,,,,,1.0,,,0.0,,,,,0.0,,,,,0.0,,,,,,,,,,,local.mqtt.telegraf,33.0,,37.89,,,,,,periodic,,17.0,,,,,5.0,5,08a6f76bd428,,,72288.0,43264.0,,6.0,106.0,,,,,,,,,,,,,107.0,,,,,08a6f76bd428-107,,,0.0,,,,,,,273.0,107.0,08:A6:F7:6B:D4:28,,,,,,15351.0,7.0,30.0,20.0,20.0,10.0,,,5.0,20.0,374.0,23.0,3.0,,,,2579226,1786523355481,2579239,1786523355494,,1786523355464.0,29.0,2026-08-12T08:29:16.5186245Z,20.0,,,oasis/bottle,,0.0,,,,,
,,,,,,,,,,,,,,,13.0,,,,,,,,,1.0,,,0.0,,,,,0.0,,,,,0.0,,,,,,,,,,,local.mqtt.telegraf,33.0,,37.85,,,,,,periodic,,18.0,,,,,6.0,5,08a6f76bd428,,,62608.0,43264.0,,6.0,107.0,,,,,,,,,,,,,108.0,,,,,08a6f76bd428-108,,,0.0,,,,,,,272.0,108.0,08:A6:F7:6B:D4:28,,,,,,16711.0,7.0,30.0,20.0,20.0,10.0,,,5.0,20.0,374.0,23.0,3.0,,,,2580586,1786523356841,2580599,1786523356854,,1786523356823.0,29.0,2026-08-12T08:29:17.8731667Z,20.0,,,oasis/bottle,,0.0,,,,,
,,,,,,,,,,,,,,,13.0,,,,,,,,,1.0,,,0.0,,,,,0.0,,,,,0.0,,,,,,,,,,,local.mqtt.telegraf,33.0,,37.9,,,,,,periodic,,18.0,,,,,6.0,5,08a6f76bd428,,,51632.0,43264.0,,6.0,108.0,,,,,,,,,,,,,109.0,,,,,08a6f76bd428-109,,,0.0,,,,,,,272.0,109.0,08:A6:F7:6B:D4:28,,,,,,18221.0,7.0,30.0,20.0,20.0,10.0,,,5.0,20.0,374.0,23.0,3.0,,,,2582096,1786523358351,2582109,1786523358364,,1786523358333.0,29.0,2026-08-12T08:29:19.383358Z,20.0,,,oasis/bottle,,0.0,,,,,
,,,,,,,,,,,,,,,13.0,,,,,,,,,1.0,,,0.0,,,,,0.0,,,,,0.0,,,,,,,,,,,local.mqtt.telegraf,33.0,,37.85,,,,,,periodic,,18.0,,,,,6.0,5,08a6f76bd428,,,122512.0,43264.0,,5.0,109.0,,,,,,,,,,,,,110.0,,,,,08a6f76bd428-110,,,0.0,,,,,,,272.0,110.0,08:A6:F7:6B:D4:28,,,,,,19441.0,7.0,30.0,20.0,20.0,10.0,,,5.0,20.0,374.0,23.0,3.0,,,,2583316,1786523359571,2583329,1786523359584,,1786523359553.0,29.0,2026-08-12T08:29:20.610673Z,20.0,,,oasis/bottle,,0.0,,,,,
,,,,,,,,,,,,,,,14.0,,,,,,,,,1.0,,,0.0,,,,,0.0,,,,,0.0,,,,,,,,,,,local.mqtt.telegraf,33.0,,37.75,,,,,,periodic,,26.0,,,,,5.0,5,08a6f76bd428,,,100832.0,43264.0,,5.0,110.0,,,,,,,,,,,,,111.0,,,,,08a6f76bd428-111,,,0.0,,,,,,,273.0,111.0,08:A6:F7:6B:D4:28,,,,,,491.0,8.0,28.0,21.0,21.0,7.0,,,0.0,20.0,375.0,24.0,3.0,,,,2584785,1786523361040,2584799,1786523361054,,1786523361014.0,29.0,2026-08-12T08:29:22.0729379Z,23.0,,,oasis/bottle,,0.0,,,,,
,,,,,,,,,,,,,,,15.0,,,,,,,,,1.0,,,0.0,,,,,0.0,,,,,0.0,,,,,,,,,,,local.mqtt.telegraf,33.0,,37.65,,,,,,periodic,,18.0,,,,,5.0,5,08a6f76bd428,,,90480.0,43264.0,,5.0,111.0,,,,,,,,,,,,,112.0,,,,,08a6f76bd428-112,,,0.0,,,,,,,273.0,112.0,08:A6:F7:6B:D4:28,,,,,,1990.0,8.0,28.0,21.0,21.0,7.0,,,0.0,20.0,375.0,24.0,3.0,,,,2586276,1786523362531,2586291,1786523362546,,1786523362513.0,29.0,2026-08-12T08:29:23.5733026Z,23.0,,,oasis/bottle,,0.0,,,,,
,,,,,,,,,,,,,,,13.0,,,,,,,,,1.0,,,0.0,,,,,0.0,,,,,0.0,,,,,,,,,,,local.mqtt.telegraf,33.0,,37.84,,,,,,periodic,,19.0,,,,,6.0,5,08a6f76bd428,,,81456.0,43264.0,,5.0,112.0,,,,,,,,,,,,,113.0,,,,,08a6f76bd428-113,,,0.0,,,,,,,272.0,113.0,08:A6:F7:6B:D4:28,,,,,,3190.0,8.0,28.0,21.0,21.0,7.0,,,0.0,20.0,375.0,24.0,3.0,,,,2587476,1786523363731,2587489,1786523363744,,1786523363712.0,29.0,2026-08-12T08:29:24.7745766Z,23.0,,,oasis/bottle,,0.0,,,,,
,,,,,,,,,,,,,,,13.0,,,,,,,,,1.0,,,0.0,,,,,0.0,,,,,0.0,,,,,,,,,,,local.mqtt.telegraf,33.0,,37.97,,,,,,periodic,,19.0,,,,,6.0,5,08a6f76bd428,,,72448.0,43264.0,,6.0,113.0,,,,,,,,,,,,,114.0,,,,,08a6f76bd428-114,,,0.0,,,,,,,272.0,114.0,08:A6:F7:6B:D4:28,,,,,,4380.0,8.0,28.0,21.0,21.0,7.0,,,0.0,20.0,375.0,24.0,3.0,,,,2588666,1786523364921,2588679,1786523364934,,1786523364902.0,29.0,2026-08-12T08:29:25.9593479Z,23.0,,,oasis/bottle,,0.0,,,,,
,,,,,,,,,,,,,,,13.0,,,,,,,,,1.0,,,0.0,,,,,0.0,,,,,0.0,,,,,,,,,,,local.mqtt.telegraf,33.0,,37.96,,,,,,periodic,,19.0,,,,,6.0,5,08a6f76bd428,,,63440.0,43264.0,,6.0,114.0,,,,,,,,,,,,,115.0,,,,,08a6f76bd428-115,,,0.0,,,,,,,272.0,115.0,08:A6:F7:6B:D4:28,,,,,,5560.0,8.0,28.0,21.0,21.0,7.0,,,0.0,20.0,375.0,24.0,3.0,,,,2589846,1786523366101,2589859,1786523366114,,1786523366082.0,29.0,2026-08-12T08:29:27.1448616Z,23.0,,,oasis/bottle,,0.0,,,,,
,,,,,,,,,,,,,,,13.0,,,,,,,,,1.0,,,0.0,,,,,0.0,,,,,0.0,,,,,,,,,,,local.mqtt.telegraf,33.0,,38.04,,,,,,periodic,,19.0,,,,,6.0,5,08a6f76bd428,,,55088.0,43264.0,,6.0,115.0,,,,,,,,,,,,,116.0,,,,,08a6f76bd428-116,,,0.0,,,,,,,272.0,116.0,08:A6:F7:6B:D4:28,,,,,,6720.0,8.0,28.0,21.0,21.0,7.0,,,0.0,20.0,375.0,24.0,3.0,,,,2591006,1786523367261,2591019,1786523367274,,1786523367242.0,29.0,2026-08-12T08:29:28.3089852Z,23.0,,,oasis/bottle,,0.0,,,,,
,,,,,,,,,,,,,,,13.0,,,,,,,,,1.0,,,0.0,,,,,0.0,,,,,0.0,,,,,,,,,,,local.mqtt.telegraf,33.0,,38.28,,,,,,periodic,,19.0,,,,,6.0,5,08a6f76bd428,,,46736.0,43264.0,,7.0,116.0,,,,,,,,,,,,,117.0,,,,,08a6f76bd428-117,,,0.0,,,,,,,272.0,117.0,08:A6:F7:6B:D4:28,,,,,,7840.0,8.0,28.0,21.0,21.0,7.0,,,0.0,20.0,375.0,24.0,3.0,,,,2592126,1786523368381,2592139,1786523368394,,1786523368362.0,29.0,2026-08-12T08:29:29.4268303Z,23.0,,,oasis/bottle,,0.0,,,,,
,,,,,,,,,,,,,,,13.0,,,,,,,,,1.0,,,0.0,,,,,0.0,,,,,0.0,,,,,,,,,,,local.mqtt.telegraf,33.0,,38.14,,,,,,periodic,,19.0,,,,,6.0,5,08a6f76bd428,,,118720.0,43264.0,,6.0,117.0,,,,,,,,,,,,,118.0,,,,,08a6f76bd428-118,,,0.0,,,,,,,272.0,118.0,08:A6:F7:6B:D4:28,,,,,,8870.0,8.0,28.0,21.0,21.0,7.0,,,0.0,20.0,375.0,24.0,3.0,,,,2593156,1786523369411,2593169,1786523369424,,1786523369392.0,29.0,2026-08-12T08:29:30.4560628Z,23.0,,,oasis/bottle,,0.0,,,,,
,,,,,,,,,,,,,,,14.0,,,,,,,,,1.0,,,0.0,,,,,0.0,,,,,0.0,,,,,,,,,,,local.mqtt.telegraf,33.0,,38.17,,,,,,periodic,,19.0,,,,,6.0,5,08a6f76bd428,,,108400.0,43264.0,,6.0,118.0,,,,,,,,,,,,,119.0,,,,,08a6f76bd428-119,,,0.0,,,,,,,272.0,119.0,08:A6:F7:6B:D4:28,,,,,,10330.0,8.0,28.0,21.0,21.0,7.0,,,0.0,20.0,375.0,24.0,3.0,,,,2594616,1786523370871,2594630,1786523370885,,1786523370852.0,29.0,2026-08-12T08:29:31.9066708Z,23.0,,,oasis/bottle,,0.0,,,,,
,,,,,,,,,,,,,,,14.0,,,,,,,,,1.0,,,0.0,,,,,0.0,,,,,0.0,,,,,,,,,,,local.mqtt.telegraf,33.0,,38.16,,,,,,periodic,,19.0,,,,,6.0,5,08a6f76bd428,,,100048.0,43264.0,,6.0,119.0,,,,,,,,,,,,,120.0,,,,,08a6f76bd428-120,,,0.0,,,,,,,272.0,120.0,08:A6:F7:6B:D4:28,,,,,,11450.0,8.0,28.0,21.0,21.0,7.0,,,0.0,20.0,375.0,24.0,3.0,,,,2595736,1786523371991,2595750,1786523372005,,1786523371972.0,29.0,2026-08-12T08:29:33.0350147Z,23.0,,,oasis/bottle,,0.0,,,,,
,,,,,,,,,,,,,,,14.0,,,,,,,,,1.0,,,0.0,,,,,0.0,,,,,0.0,,,,,,,,,,,local.mqtt.telegraf,33.0,,38.31,,,,,,periodic,,18.0,,,,,5.0,5,08a6f76bd428,,,91488.0,43264.0,,6.0,120.0,,,,,,,,,,,,,121.0,,,,,08a6f76bd428-121,,,0.0,,,,,,,273.0,121.0,08:A6:F7:6B:D4:28,,,,,,12530.0,8.0,28.0,21.0,21.0,7.0,,,0.0,20.0,375.0,24.0,3.0,,,,2596816,1786523373071,2596830,1786523373085,,1786523373053.0,29.0,2026-08-12T08:29:34.1091081Z,23.0,,,oasis/bottle,,0.0,,,,,
,,,,,,,,,,,,,,,13.0,,,,,,,,,1.0,,,0.0,,,,,0.0,,,,,0.0,,,,,,,,,,,local.mqtt.telegraf,33.0,,38.24,,,,,,periodic,,29.0,,,,,6.0,5,08a6f76bd428,,,80496.0,43264.0,,5.0,121.0,,,,,,,,,,,,,122.0,,,,,08a6f76bd428-122,,,0.0,,,,,,,272.0,122.0,08:A6:F7:6B:D4:28,,,,,,14050.0,8.0,28.0,21.0,21.0,7.0,,,0.0,20.0,375.0,24.0,3.0,,,,2598346,1786523374601,2598359,1786523374614,,1786523374572.0,29.0,2026-08-12T08:29:35.6398604Z,23.0,,,oasis/bottle,,0.0,,,,,
,,,,,,,,,,,,,,,13.0,,,,,,,,,1.0,,,0.0,,,,,0.0,,,,,0.0,,,,,,,,,,,local.mqtt.telegraf,33.0,,38.12,,,,,,periodic,,19.0,,,,,6.0,5,08a6f76bd428,,,71488.0,43264.0,,9.0,122.0,,,,,,,,,,,,,123.0,,,,,08a6f76bd428-123,,,0.0,,,,,,,272.0,123.0,08:A6:F7:6B:D4:28,,,,,,15290.0,8.0,28.0,21.0,21.0,7.0,,,0.0,20.0,375.0,24.0,3.0,,,,2599576,1786523375831,2599589,1786523375844,,1786523375812.0,29.0,2026-08-12T08:29:36.8782193Z,23.0,,,oasis/bottle,,0.0,,,,,
,,,,,,,,,,,,,,,13.0,,,,,,,,,1.0,,,0.0,,,,,0.0,,,,,0.0,,,,,,,,,,,local.mqtt.telegraf,33.0,,38.25,,,,,,periodic,,19.0,,,,,6.0,5,08a6f76bd428,,,62480.0,43264.0,,6.0,123.0,,,,,,,,,,,,,124.0,,,,,08a6f76bd428-124,,,0.0,,,,,,,272.0,124.0,08:A6:F7:6B:D4:28,,,,,,16560.0,8.0,28.0,21.0,21.0,7.0,,,0.0,20.0,375.0,24.0,3.0,,,,2600846,1786523377101,2600859,1786523377114,,1786523377082.0,29.0,2026-08-12T08:29:38.1469843Z,23.0,,,oasis/bottle,,0.0,,,,,
,,,,,,,,,,,,,,,14.0,,,,,,,,,1.0,,,0.0,,,,,0.0,,,,,0.0,,,,,,,,,,,local.mqtt.telegraf,33.0,,38.23,,,,,,periodic,,19.0,,,,,6.0,5,08a6f76bd428,,,52816.0,43264.0,,5.0,124.0,,,,,,,,,,,,,125.0,,,,,08a6f76bd428-125,,,0.0,,,,,,,272.0,125.0,08:A6:F7:6B:D4:28,,,,,,17900.0,8.0,28.0,21.0,21.0,7.0,,,0.0,20.0,375.0,24.0,3.0,,,,2602186,1786523378441,2602200,1786523378455,,1786523378422.0,29.0,2026-08-12T08:29:39.4921721Z,23.0,,,oasis/bottle,,0.0,,,,,
,,,,,,,,,,,,,,,13.0,,,,,,,,,1.0,,,0.0,,,,,0.0,,,,,0.0,,,,,,,,,,,local.mqtt.telegraf,33.0,,38.28,,,,,,periodic,,19.0,,,,,6.0,5,08a6f76bd428,,,122000.0,43264.0,,6.0,125.0,,,,,,,,,,,,,126.0,,,,,08a6f76bd428-126,,,0.0,,,,,,,272.0,126.0,08:A6:F7:6B:D4:28,,,,,,19380.0,8.0,28.0,21.0,21.0,7.0,,,0.0,20.0,375.0,24.0,3.0,,,,2603666,1786523379921,2603679,1786523379934,,1786523379902.0,29.0,2026-08-12T08:29:40.9578765Z,23.0,,,oasis/bottle,,0.0,,,,,
,,,,,,,,,,,,,,,13.0,,,,,,,,,1.0,,,0.0,,,,,0.0,,,,,0.0,,,,,,,,,,,local.mqtt.telegraf,33.0,,38.18,,,,,,periodic,,26.0,,,,,5.0,5,08a6f76bd428,,,100368.0,43264.0,,5.0,126.0,,,,,,,,,,,,,127.0,,,,,08a6f76bd428-127,,,0.0,,,,,,,273.0,127.0,08:A6:F7:6B:D4:28,,,,,,492.0,9.0,31.0,21.0,21.0,10.0,,,4.0,19.0,375.0,23.0,3.0,,,,2605195,1786523381450,2605208,1786523381463,,1786523381424.0,29.0,2026-08-12T08:29:42.4921452Z,26.0,,,oasis/bottle,,0.0,,,,,
,,,,,,,,,,,,,,,13.0,,,,,,,,,1.0,,,0.0,,,,,0.0,,,,,0.0,,,,,,,,,,,local.mqtt.telegraf,33.0,,38.08,,,,,,periodic,,19.0,,,,,6.0,5,08a6f76bd428,,,90048.0,43264.0,,5.0,127.0,,,,,,,,,,,,,128.0,,,,,08a6f76bd428-128,,,0.0,,,,,,,272.0,128.0,08:A6:F7:6B:D4:28,,,,,,1971.0,9.0,31.0,21.0,21.0,10.0,,,4.0,19.0,375.0,23.0,3.0,,,,2606666,1786523382921,2606679,1786523382934,,1786523382902.0,29.0,2026-08-12T08:29:43.9566495Z,26.0,,,oasis/bottle,,0.0,,,,,
,,,,,,,,,,,,,,,13.0,,,,,,,,,1.0,,,0.0,,,,,0.0,,,,,0.0,,,,,,,,,,,local.mqtt.telegraf,33.0,,38.35,,,,,,periodic,,19.0,,,,,6.0,5,08a6f76bd428,,,81696.0,43264.0,,6.0,128.0,,,,,,,,,,,,,129.0,,,,,08a6f76bd428-129,,,0.0,,,,,,,272.0,129.0,08:A6:F7:6B:D4:28,,,,,,3121.0,9.0,31.0,21.0,21.0,10.0,,,4.0,19.0,375.0,23.0,3.0,,,,2607816,1786523384071,2607829,1786523384084,,1786523384052.0,29.0,2026-08-12T08:29:45.1060904Z,26.0,,,oasis/bottle,,0.0,,,,,
,,,,,,,,,,,,,,,13.0,,,,,,,,,1.0,,,0.0,,,,,0.0,,,,,0.0,,,,,,,,,,,local.mqtt.telegraf,33.0,,38.24,,,,,,periodic,,19.0,,,,,6.0,5,08a6f76bd428,,,73344.0,43264.0,,6.0,129.0,,,,,,,,,,,,,130.0,,,,,08a6f76bd428-130,,,0.0,,,,,,,272.0,130.0,08:A6:F7:6B:D4:28,,,,,,4221.0,9.0,31.0,21.0,21.0,10.0,,,4.0,19.0,375.0,23.0,3.0,,,,2608916,1786523385171,2608929,1786523385184,,1786523385152.0,29.0,2026-08-12T08:29:46.2069194Z,26.0,,,oasis/bottle,,0.0,,,,,
,,,,,,,,,,,,,,,13.0,,,,,,,,,1.0,,,0.0,,,,,0.0,,,,,0.0,,,,,,,,,,,local.mqtt.telegraf,33.0,,38.2,,,,,,periodic,,18.0,,,,,5.0,5,08a6f76bd428,,,65648.0,43264.0,,5.0,130.0,,,,,,,,,,,,,131.0,,,,,08a6f76bd428-131,,,0.0,,,,,,,272.0,131.0,08:A6:F7:6B:D4:28,,,,,,5221.0,9.0,31.0,21.0,21.0,10.0,,,4.0,19.0,375.0,23.0,3.0,,,,2609916,1786523386171,2609929,1786523386184,,1786523386153.0,29.0,2026-08-12T08:29:47.2030615Z,26.0,,,oasis/bottle,,0.0,,,,,
,,,,,,,,,,,,,,,13.0,,,,,,,,,1.0,,,0.0,,,,,0.0,,,,,0.0,,,,,,,,,,,local.mqtt.telegraf,33.0,,38.1,,,,,,periodic,,19.0,,,,,5.0,5,08a6f76bd428,,,56000.0,43264.0,,6.0,131.0,,,,,,,,,,,,,132.0,,,,,08a6f76bd428-132,,,0.0,,,,,,,273.0,132.0,08:A6:F7:6B:D4:28,,,,,,6611.0,9.0,31.0,21.0,21.0,10.0,,,4.0,19.0,375.0,23.0,3.0,,,,2611307,1786523387562,2611320,1786523387575,,1786523387543.0,29.0,2026-08-12T08:29:48.6065422Z,26.0,,,oasis/bottle,,0.0,,,,,
,,,,,,,,,,,,,,,13.0,,,,,,,,,1.0,,,0.0,,,,,0.0,,,,,0.0,,,,,,,,,,,local.mqtt.telegraf,33.0,,38.21,,,,,,periodic,,29.0,,,,,6.0,5,08a6f76bd428,,,45056.0,43264.0,,6.0,132.0,,,,,,,,,,,,,133.0,,,,,08a6f76bd428-133,,,0.0,,,,,,,272.0,133.0,08:A6:F7:6B:D4:28,,,,,,8191.0,9.0,31.0,21.0,21.0,10.0,,,4.0,19.0,375.0,23.0,3.0,,,,2612896,1786523389151,2612909,1786523389164,,1786523389122.0,29.0,2026-08-12T08:29:50.192129Z,26.0,,,oasis/bottle,,0.0,,,,,
,,,,,,,,,,,,,,,13.0,,,,,,,,,1.0,,,0.0,,,,,0.0,,,,,0.0,,,,,,,,,,,local.mqtt.telegraf,33.0,,38.17,,,,,,periodic,,18.0,,,,,5.0,5,08a6f76bd428,,,113984.0,43264.0,,5.0,133.0,,,,,,,,,,,,,134.0,,,,,08a6f76bd428-134,,,0.0,,,,,,,272.0,134.0,08:A6:F7:6B:D4:28,,,,,,9561.0,9.0,31.0,21.0,21.0,10.0,,,4.0,19.0,375.0,23.0,3.0,,,,2614256,1786523390511,2614269,1786523390524,,1786523390493.0,29.0,2026-08-12T08:29:51.5591072Z,26.0,,,oasis/bottle,,0.0,,,,,
,,,,,,,,,,,,,,,13.0,,,,,,,,,1.0,,,0.0,,,,,0.0,,,,,0.0,,,,,,,,,,,local.mqtt.telegraf,33.0,,38.29,,,,,,periodic,,29.0,,,,,6.0,5,08a6f76bd428,,,103008.0,43264.0,,6.0,134.0,,,,,,,,,,,,,135.0,,,,,08a6f76bd428-135,,,0.0,,,,,,,272.0,135.0,08:A6:F7:6B:D4:28,,,,,,11091.0,9.0,31.0,21.0,21.0,10.0,,,4.0,19.0,375.0,23.0,3.0,,,,2615796,1786523392051,2615809,1786523392064,,1786523392022.0,29.0,2026-08-12T08:29:53.0900948Z,26.0,,,oasis/bottle,,0.0,,,,,
,,,,,,,,,,,,,,,13.0,,,,,,,,,1.0,,,0.0,,,,,0.0,,,,,0.0,,,,,,,,,,,local.mqtt.telegraf,33.0,,38.21,,,,,,periodic,,18.0,,,,,5.0,5,08a6f76bd428,,,94000.0,43264.0,,8.0,135.0,,,,,,,,,,,,,136.0,,,,,08a6f76bd428-136,,,0.0,,,,,,,272.0,136.0,08:A6:F7:6B:D4:28,,,,,,12351.0,9.0,31.0,21.0,21.0,10.0,,,4.0,19.0,375.0,23.0,3.0,,,,2617046,1786523393301,2617059,1786523393314,,1786523393283.0,29.0,2026-08-12T08:29:54.3458407Z,26.0,,,oasis/bottle,,0.0,,,,,
,,,,,,,,,,,,,,,13.0,,,,,,,,,1.0,,,0.0,,,,,0.0,,,,,0.0,,,,,,,,,,,local.mqtt.telegraf,33.0,,38.27,,,,,,periodic,,18.0,,,,,5.0,5,08a6f76bd428,,,84336.0,43264.0,,6.0,136.0,,,,,,,,,,,,,137.0,,,,,08a6f76bd428-137,,,0.0,,,,,,,272.0,137.0,08:A6:F7:6B:D4:28,,,,,,13661.0,9.0,31.0,21.0,21.0,10.0,,,4.0,19.0,375.0,23.0,3.0,,,,2618356,1786523394611,2618369,1786523394624,,1786523394593.0,29.0,2026-08-12T08:29:55.6546876Z,26.0,,,oasis/bottle,,0.0,,,,,
,,,,,,,,,,,,,,,13.0,,,,,,,,,1.0,,,0.0,,,,,0.0,,,,,0.0,,,,,,,,,,,local.mqtt.telegraf,33.0,,38.17,,,,,,periodic,,18.0,,,,,5.0,5,08a6f76bd428,,,74016.0,43264.0,,6.0,137.0,,,,,,,,,,,,,138.0,,,,,08a6f76bd428-138,,,0.0,,,,,,,272.0,138.0,08:A6:F7:6B:D4:28,,,,,,15081.0,9.0,31.0,21.0,21.0,10.0,,,4.0,19.0,375.0,23.0,3.0,,,,2619776,1786523396031,2619789,1786523396044,,1786523396013.0,29.0,2026-08-12T08:29:57.0739595Z,26.0,,,oasis/bottle,,0.0,,,,,
,,,,,,,,,,,,,,,14.0,,,,,,,,,1.0,,,0.0,,,,,0.0,,,,,0.0,,,,,,,,,,,local.mqtt.telegraf,33.0,,38.31,,,,,,periodic,,19.0,,,,,6.0,5,08a6f76bd428,,,66320.0,43264.0,,6.0,138.0,,,,,,,,,,,,,139.0,,,,,08a6f76bd428-139,,,0.0,,,,,,,272.0,139.0,08:A6:F7:6B:D4:28,,,,,,16121.0,9.0,31.0,21.0,21.0,10.0,,,4.0,19.0,375.0,23.0,3.0,,,,2620816,1786523397071,2620830,1786523397085,,1786523397052.0,29.0,2026-08-12T08:29:58.1045525Z,26.0,,,oasis/bottle,,0.0,,,,,
,,,,,,,,,,,,,,,13.0,,,,,,,,,1.0,,,0.0,,,,,0.0,,,,,0.0,,,,,,,,,,,local.mqtt.telegraf,33.0,,38.23,,,,,,periodic,,19.0,,,,,6.0,5,08a6f76bd428,,,56000.0,43264.0,,6.0,139.0,,,,,,,,,,,,,140.0,,,,,08a6f76bd428-140,,,0.0,,,,,,,272.0,140.0,08:A6:F7:6B:D4:28,,,,,,17601.0,9.0,31.0,21.0,21.0,10.0,,,4.0,19.0,375.0,23.0,3.0,,,,2622296,1786523398551,2622309,1786523398564,,1786523398532.0,29.0,2026-08-12T08:29:59.5925385Z,26.0,,,oasis/bottle,,0.0,,,,,
,,,,,,,,,,,,,,,13.0,,,,,,,,,1.0,,,0.0,,,,,0.0,,,,,0.0,,,,,,,,,,,local.mqtt.telegraf,33.0,,38.21,,,,,,periodic,,19.0,,,,,6.0,5,08a6f76bd428,,,47648.0,43264.0,,6.0,140.0,,,,,,,,,,,,,141.0,,,,,08a6f76bd428-141,,,0.0,,,,,,,272.0,141.0,08:A6:F7:6B:D4:28,,,,,,18751.0,9.0,31.0,21.0,21.0,10.0,,,4.0,19.0,375.0,23.0,3.0,,,,2623446,1786523399701,2623459,1786523399714,,1786523399682.0,29.0,2026-08-12T08:30:00.7456196Z,26.0,,,oasis/bottle,,0.0,,,,,
,,,,,,,,,,,,,,,13.0,,,,,,,,,1.0,,,0.0,,,,,0.0,,,,,0.0,,,,,,,,,,,local.mqtt.telegraf,33.0,,38.23,,,,,,periodic,,29.0,,,,,6.0,5,08a6f76bd428,,,119136.0,43264.0,,6.0,141.0,,,,,,,,,,,,,142.0,,,,,08a6f76bd428-142,,,0.0,,,,,,,272.0,142.0,08:A6:F7:6B:D4:28,,,,,,19851.0,9.0,31.0,21.0,21.0,10.0,,,4.0,19.0,375.0,23.0,3.0,,,,2624556,1786523400811,2624569,1786523400824,,1786523400782.0,29.0,2026-08-12T08:30:01.8535861Z,26.0,,,oasis/bottle,,0.0,,,,,
,,,,,,,,,,,,,,,13.0,,,,,,,,,1.0,,,0.0,,,,,0.0,,,,,0.0,,,,,,,,,,,local.mqtt.telegraf,33.0,,38.29,,,,,,periodic,,26.0,,,,,6.0,5,08a6f76bd428,,,100128.0,43264.0,,10.0,142.0,,,,,,,,,,,,,143.0,,,,,08a6f76bd428-143,,,0.0,,,,,,,273.0,143.0,08:A6:F7:6B:D4:28,,,,,,482.0,10.0,28.0,21.0,21.0,7.0,,,0.0,20.0,364.0,23.0,3.0,,,,2625595,1786523401850,2625608,1786523401863,,1786523401824.0,29.0,2026-08-12T08:30:02.8878733Z,29.0,,,oasis/bottle,,0.0,,,,,
,,,,,,,,,,,,,,,13.0,,,,,,,,,1.0,,,0.0,,,,,0.0,,,,,0.0,,,,,,,,,,,local.mqtt.telegraf,33.0,,38.28,,,,,,periodic,,18.0,,,,,5.0,5,08a6f76bd428,,,89808.0,43264.0,,6.0,143.0,,,,,,,,,,,,,144.0,,,,,08a6f76bd428-144,,,0.0,,,,,,,272.0,144.0,08:A6:F7:6B:D4:28,,,,,,1921.0,10.0,28.0,21.0,21.0,7.0,,,0.0,20.0,364.0,23.0,3.0,,,,2627026,1786523403281,2627039,1786523403294,,1786523403263.0,29.0,2026-08-12T08:30:04.3289769Z,29.0,,,oasis/bottle,,0.0,,,,,
,,,,,,,,,,,,,,,13.0,,,,,,,,,1.0,,,0.0,,,,,0.0,,,,,0.0,,,,,,,,,,,local.mqtt.telegraf,33.0,,38.24,,,,,,periodic,,19.0,,,,,6.0,5,08a6f76bd428,,,81456.0,43264.0,,6.0,144.0,,,,,,,,,,,,,145.0,,,,,08a6f76bd428-145,,,0.0,,,,,,,272.0,145.0,08:A6:F7:6B:D4:28,,,,,,3001.0,10.0,28.0,21.0,21.0,7.0,,,0.0,20.0,364.0,23.0,3.0,,,,2628106,1786523404361,2628119,1786523404374,,1786523404342.0,29.0,2026-08-12T08:30:05.4085127Z,29.0,,,oasis/bottle,,0.0,,,,,
,,,,,,,,,,,,,,,13.0,,,,,,,,,1.0,,,0.0,,,,,0.0,,,,,0.0,,,,,,,,,,,local.mqtt.telegraf,33.0,,38.24,,,,,,periodic,,19.0,,,,,6.0,5,08a6f76bd428,,,70480.0,43264.0,,6.0,145.0,,,,,,,,,,,,,146.0,,,,,08a6f76bd428-146,,,0.0,,,,,,,272.0,146.0,08:A6:F7:6B:D4:28,,,,,,4551.0,10.0,28.0,21.0,21.0,7.0,,,0.0,20.0,364.0,23.0,3.0,,,,2629656,1786523405911,2629669,1786523405924,,1786523405892.0,29.0,2026-08-12T08:30:06.9621716Z,29.0,,,oasis/bottle,,0.0,,,,,
,,,,,,,,,,,,,,,13.0,,,,,,,,,1.0,,,0.0,,,,,0.0,,,,,0.0,,,,,,,,,,,local.mqtt.telegraf,33.0,,38.2,,,,,,periodic,,19.0,,,,,6.0,5,08a6f76bd428,,,60816.0,43264.0,,6.0,146.0,,,,,,,,,,,,,147.0,,,,,08a6f76bd428-147,,,0.0,,,,,,,272.0,147.0,08:A6:F7:6B:D4:28,,,,,,5851.0,10.0,28.0,21.0,21.0,7.0,,,0.0,20.0,364.0,23.0,3.0,,,,2630956,1786523407211,2630969,1786523407224,,1786523407192.0,29.0,2026-08-12T08:30:08.2625068Z,29.0,,,oasis/bottle,,0.0,,,,,
,,,,,,,,,,,,,,,13.0,,,,,,,,,1.0,,,0.0,,,,,0.0,,,,,0.0,,,,,,,,,,,local.mqtt.telegraf,33.0,,38.24,,,,,,periodic,,18.0,,,,,5.0,5,08a6f76bd428,,,50496.0,43264.0,,6.0,147.0,,,,,,,,,,,,,148.0,,,,,08a6f76bd428-148,,,0.0,,,,,,,272.0,148.0,08:A6:F7:6B:D4:28,,,,,,7251.0,10.0,28.0,21.0,21.0,7.0,,,0.0,20.0,364.0,23.0,3.0,,,,2632356,1786523408611,2632369,1786523408624,,1786523408593.0,29.0,2026-08-12T08:30:09.6605612Z,29.0,,,oasis/bottle,,0.0,,,,,
,,,,,,,,,,,,,,,14.0,,,,,,,,,1.0,,,0.0,,,,,0.0,,,,,0.0,,,,,,,,,,,local.mqtt.telegraf,33.0,,38.23,,,,,,periodic,,28.0,,,,,5.0,5,08a6f76bd428,,,122704.0,43264.0,,6.0,148.0,,,,,,,,,,,,,149.0,,,,,08a6f76bd428-149,,,0.0,,,,,,,273.0,149.0,08:A6:F7:6B:D4:28,,,,,,8251.0,10.0,28.0,21.0,21.0,7.0,,,0.0,20.0,364.0,23.0,3.0,,,,2633366,1786523409621,2633380,1786523409635,,1786523409593.0,29.0,2026-08-12T08:30:10.6740892Z,29.0,,,oasis/bottle,,0.0,,,,,
,,,,,,,,,,,,,,,13.0,,,,,,,,,1.0,,,0.0,,,,,0.0,,,,,0.0,,,,,,,,,,,local.mqtt.telegraf,33.0,,38.25,,,,,,periodic,,19.0,,,,,5.0,5,08a6f76bd428,,,112384.0,43264.0,,10.0,149.0,,,,,,,,,,,,,150.0,,,,,08a6f76bd428-150,,,0.0,,,,,,,272.0,150.0,08:A6:F7:6B:D4:28,,,,,,9661.0,10.0,28.0,21.0,21.0,7.0,,,0.0,20.0,364.0,23.0,3.0,,,,2634767,1786523411022,2634780,1786523411035,,1786523411003.0,29.0,2026-08-12T08:30:12.0546222Z,29.0,,,oasis/bottle,,0.0,,,,,
,,,,,,,,,,,,,,,13.0,,,,,,,,,1.0,,,0.0,,,,,0.0,,,,,0.0,,,,,,,,,,,local.mqtt.telegraf,33.0,,38.27,,,,,,periodic,,28.0,,,,,5.0,5,08a6f76bd428,,,103856.0,43264.0,,6.0,150.0,,,,,,,,,,,,,151.0,,,,,08a6f76bd428-151,,,0.0,,,,,,,273.0,151.0,08:A6:F7:6B:D4:28,,,,,,10711.0,10.0,28.0,21.0,21.0,7.0,,,0.0,20.0,364.0,23.0,3.0,,,,2635826,1786523412081,2635839,1786523412094,,1786523412053.0,29.0,2026-08-12T08:30:13.1297271Z,29.0,,,oasis/bottle,,0.0,,,,,
,,,,,,,,,,,,,,,13.0,,,,,,,,,1.0,,,0.0,,,,,0.0,,,,,0.0,,,,,,,,,,,local.mqtt.telegraf,33.0,,37.79,,,,,,periodic,,19.0,,,,,6.0,5,08a6f76bd428,,,93536.0,43264.0,,10.0,151.0,,,,,,,,,,,,,152.0,,,,,08a6f76bd428-152,,,0.0,,,,,,,272.0,152.0,08:A6:F7:6B:D4:28,,,,,,12171.0,10.0,28.0,21.0,21.0,7.0,,,0.0,20.0,364.0,23.0,3.0,,,,2637276,1786523413531,2637289,1786523413544,,1786523413512.0,29.0,2026-08-12T08:30:14.5774878Z,29.0,,,oasis/bottle,,0.0,,,,,
,,,,,,,,,,,,,,,13.0,,,,,,,,,1.0,,,0.0,,,,,0.0,,,,,0.0,,,,,,,,,,,local.mqtt.telegraf,33.0,,37.96,,,,,,periodic,,29.0,,,,,6.0,5,08a6f76bd428,,,85184.0,43264.0,,6.0,152.0,,,,,,,,,,,,,153.0,,,,,08a6f76bd428-153,,,0.0,,,,,,,272.0,153.0,08:A6:F7:6B:D4:28,,,,,,13281.0,10.0,28.0,21.0,21.0,7.0,,,0.0,20.0,364.0,23.0,3.0,,,,2638396,1786523414651,2638409,1786523414664,,1786523414622.0,29.0,2026-08-12T08:30:15.6859196Z,29.0,,,oasis/bottle,,0.0,,,,,
,,,,,,,,,,,,,,,13.0,,,,,,,,,1.0,,,0.0,,,,,0.0,,,,,0.0,,,,,,,,,,,local.mqtt.telegraf,33.0,,38.0,,,,,,periodic,,19.0,,,,,6.0,5,08a6f76bd428,,,77488.0,43264.0,,8.0,153.0,,,,,,,,,,,,,154.0,,,,,08a6f76bd428-154,,,0.0,,,,,,,272.0,154.0,08:A6:F7:6B:D4:28,,,,,,14301.0,10.0,28.0,21.0,21.0,7.0,,,0.0,20.0,364.0,23.0,3.0,,,,2639406,1786523415661,2639419,1786523415674,,1786523415642.0,29.0,2026-08-12T08:30:16.7035193Z,29.0,,,oasis/bottle,,0.0,,,,,
,,,,,,,,,,,,,,,14.0,,,,,,,,,1.0,,,0.0,,,,,0.0,,,,,0.0,,,,,,,,,,,local.mqtt.telegraf,33.0,,38.12,,,,,,periodic,,18.0,,,,,5.0,5,08a6f76bd428,,,67168.0,43264.0,,6.0,154.0,,,,,,,,,,,,,155.0,,,,,08a6f76bd428-155,,,0.0,,,,,,,272.0,155.0,08:A6:F7:6B:D4:28,,,,,,15741.0,10.0,28.0,21.0,21.0,7.0,,,0.0,20.0,364.0,23.0,3.0,,,,2640846,1786523417101,2640860,1786523417115,,1786523417083.0,29.0,2026-08-12T08:30:18.1452081Z,29.0,,,oasis/bottle,,0.0,,,,,
,,,,,,,,,,,,,,,13.0,,,,,,,,,1.0,,,0.0,,,,,0.0,,,,,0.0,,,,,,,,,,,local.mqtt.telegraf,33.0,,38.16,,,,,,periodic,,19.0,,,,,6.0,5,08a6f76bd428,,,58816.0,43264.0,,7.0,155.0,,,,,,,,,,,,,156.0,,,,,08a6f76bd428-156,,,0.0,,,,,,,272.0,156.0,08:A6:F7:6B:D4:28,,,,,,16811.0,10.0,28.0,21.0,21.0,7.0,,,0.0,20.0,364.0,23.0,3.0,,,,2641916,1786523418171,2641929,1786523418184,,1786523418152.0,29.0,2026-08-12T08:30:19.2079611Z,29.0,,,oasis/bottle,,0.0,,,,,
,,,,,,,,,,,,,,,14.0,,,,,,,,,1.0,,,0.0,,,,,0.0,,,,,0.0,,,,,,,,,,,local.mqtt.telegraf,33.0,,38.25,,,,,,periodic,,19.0,,,,,6.0,5,08a6f76bd428,,,47840.0,43264.0,,6.0,156.0,,,,,,,,,,,,,157.0,,,,,08a6f76bd428-157,,,0.0,,,,,,,272.0,157.0,08:A6:F7:6B:D4:28,,,,,,18351.0,10.0,28.0,21.0,21.0,7.0,,,0.0,20.0,364.0,23.0,3.0,,,,2643456,1786523419711,2643470,1786523419725,,1786523419692.0,29.0,2026-08-12T08:30:20.7581606Z,29.0,,,oasis/bottle,,0.0,,,,,
,,,,,,,,,,,,,,,13.0,,,,,,,,,1.0,,,0.0,,,,,0.0,,,,,0.0,,,,,,,,,,,local.mqtt.telegraf,33.0,,38.33,,,,,,periodic,,19.0,,,,,6.0,5,08a6f76bd428,,,118640.0,43264.0,,6.0,157.0,,,,,,,,,,,,,158.0,,,,,08a6f76bd428-158,,,0.0,,,,,,,273.0,158.0,08:A6:F7:6B:D4:28,,,,,,19631.0,10.0,28.0,21.0,21.0,7.0,,,0.0,20.0,364.0,23.0,3.0,,,,2644737,1786523420992,2644750,1786523421005,,1786523420973.0,29.0,2026-08-12T08:30:22.0250943Z,29.0,,,oasis/bottle,,0.0,,,,,
,,,,,,,,,,,,,,,13.0,,,,,,,,,1.0,,,0.0,,,,,0.0,,,,,0.0,,,,,,,,,,,local.mqtt.telegraf,33.0,,38.4,,,,,,periodic,,18.0,,,,,5.0,5,08a6f76bd428,,,97648.0,43264.0,,6.0,158.0,,,,,,,,,,,,,159.0,,,,,08a6f76bd428-159,,,0.0,,,,,,,273.0,159.0,08:A6:F7:6B:D4:28,,,,,,431.0,11.0,29.0,20.0,20.0,9.0,,,0.0,19.0,364.0,23.0,3.0,,,,2646096,1786523422351,2646109,1786523422364,,1786523422333.0,29.0,2026-08-12T08:30:23.3904894Z,33.0,,,oasis/bottle,,0.0,,,,,
,,,,,,,,,,,,,,,13.0,,,,,,,,,1.0,,,0.0,,,,,0.0,,,,,0.0,,,,,,,,,,,local.mqtt.telegraf,33.0,,38.39,,,,,,periodic,,19.0,,,,,6.0,5,08a6f76bd428,,,86720.0,43264.0,,5.0,159.0,,,,,,,,,,,,,160.0,,,,,08a6f76bd428-160,,,0.0,,,,,,,272.0,160.0,08:A6:F7:6B:D4:28,,,,,,1951.0,11.0,29.0,20.0,20.0,9.0,,,0.0,19.0,364.0,23.0,3.0,,,,2647616,1786523423871,2647629,1786523423884,,1786523423852.0,29.0,2026-08-12T08:30:24.9119161Z,33.0,,,oasis/bottle,,0.0,,,,,
,,,,,,,,,,,,,,,14.0,,,,,,,,,1.0,,,0.0,,,,,0.0,,,,,0.0,,,,,,,,,,,local.mqtt.telegraf,33.0,,38.32,,,,,,periodic,,18.0,,,,,5.0,5,08a6f76bd428,,,77712.0,43264.0,,6.0,160.0,,,,,,,,,,,,,161.0,,,,,08a6f76bd428-161,,,0.0,,,,,,,272.0,161.0,08:A6:F7:6B:D4:28,,,,,,3181.0,11.0,29.0,20.0,20.0,9.0,,,0.0,19.0,364.0,23.0,3.0,,,,2648846,1786523425101,2648860,1786523425115,,1786523425083.0,29.0,2026-08-12T08:30:26.1423077Z,33.0,,,oasis/bottle,,0.0,,,,,
,,,,,,,,,,,,,,,14.0,,,,,,,,,1.0,,,0.0,,,,,0.0,,,,,0.0,,,,,,,,,,,local.mqtt.telegraf,33.0,,38.47,,,,,,periodic,,28.0,,,,,5.0,5,08a6f76bd428,,,68704.0,43264.0,,7.0,161.0,,,,,,,,,,,,,162.0,,,,,08a6f76bd428-162,,,0.0,,,,,,,272.0,162.0,08:A6:F7:6B:D4:28,,,,,,4441.0,11.0,29.0,20.0,20.0,9.0,,,0.0,19.0,364.0,23.0,3.0,,,,2650116,1786523426371,2650130,1786523426385,,1786523426343.0,29.0,2026-08-12T08:30:27.4268681Z,33.0,,,oasis/bottle,,0.0,,,,,
,,,,,,,,,,,,,,,14.0,,,,,,,,,1.0,,,0.0,,,,,0.0,,,,,0.0,,,,,,,,,,,local.mqtt.telegraf,33.0,,38.24,,,,,,periodic,,29.0,,,,,6.0,5,08a6f76bd428,,,59040.0,43264.0,,7.0,162.0,,,,,,,,,,,,,163.0,,,,,08a6f76bd428-163,,,0.0,,,,,,,272.0,163.0,08:A6:F7:6B:D4:28,,,,,,5761.0,11.0,29.0,20.0,20.0,9.0,,,0.0,19.0,364.0,23.0,3.0,,,,2651436,1786523427691,2651450,1786523427705,,1786523427662.0,29.0,2026-08-12T08:30:28.7272334Z,33.0,,,oasis/bottle,,0.0,,,,,
,,,,,,,,,,,,,,,13.0,,,,,,,,,1.0,,,0.0,,,,,0.0,,,,,0.0,,,,,,,,,,,local.mqtt.telegraf,33.0,,38.31,,,,,,periodic,,19.0,,,,,6.0,5,08a6f76bd428,,,48720.0,43264.0,,7.0,163.0,,,,,,,,,,,,,164.0,,,,,08a6f76bd428-164,,,0.0,,,,,,,272.0,164.0,08:A6:F7:6B:D4:28,,,,,,7201.0,11.0,29.0,20.0,20.0,9.0,,,0.0,19.0,364.0,23.0,3.0,,,,2652866,1786523429121,2652879,1786523429134,,1786523429102.0,29.0,2026-08-12T08:30:30.1576053Z,33.0,,,oasis/bottle,,0.0,,,,,
,,,,,,,,,,,,,,,13.0,,,,,,,,,1.0,,,0.0,,,,,0.0,,,,,0.0,,,,,,,,,,,local.mqtt.telegraf,33.0,,38.24,,,,,,periodic,,29.0,,,,,6.0,5,08a6f76bd428,,,120176.0,43264.0,,6.0,164.0,,,,,,,,,,,,,165.0,,,,,08a6f76bd428-165,,,0.0,,,,,,,272.0,165.0,08:A6:F7:6B:D4:28,,,,,,8271.0,11.0,29.0,20.0,20.0,9.0,,,0.0,19.0,364.0,23.0,3.0,,,,2653946,1786523430201,2653959,1786523430214,,1786523430172.0,29.0,2026-08-12T08:30:31.2561411Z,33.0,,,oasis/bottle,,0.0,,,,,
,,,,,,,,,,,,,,,13.0,,,,,,,,,1.0,,,0.0,,,,,0.0,,,,,0.0,,,,,,,,,,,local.mqtt.telegraf,33.0,,38.28,,,,,,periodic,,19.0,,,,,6.0,5,08a6f76bd428,,,109200.0,43264.0,,7.0,165.0,,,,,,,,,,,,,166.0,,,,,08a6f76bd428-166,,,0.0,,,,,,,272.0,166.0,08:A6:F7:6B:D4:28,,,,,,9811.0,11.0,29.0,20.0,20.0,9.0,,,0.0,19.0,364.0,23.0,3.0,,,,2655476,1786523431731,2655489,1786523431744,,1786523431712.0,29.0,2026-08-12T08:30:32.7759607Z,33.0,,,oasis/bottle,,0.0,,,,,
,,,,,,,,,,,,,,,13.0,,,,,,,,,1.0,,,0.0,,,,,0.0,,,,,0.0,,,,,,,,,,,local.mqtt.telegraf,33.0,,38.33,,,,,,periodic,,18.0,,,,,6.0,5,08a6f76bd428,,,100160.0,43264.0,,6.0,166.0,,,,,,,,,,,,,167.0,,,,,08a6f76bd428-167,,,0.0,,,,,,,273.0,167.0,08:A6:F7:6B:D4:28,,,,,,11091.0,11.0,29.0,20.0,20.0,9.0,,,0.0,19.0,364.0,23.0,3.0,,,,2656756,1786523433011,2656769,1786523433024,,1786523432993.0,29.0,2026-08-12T08:30:34.0457863Z,33.0,,,oasis/bottle,,0.0,,,,,
,,,,,,,,,,,,,,,14.0,,,,,,,,,1.0,,,0.0,,,,,0.0,,,,,0.0,,,,,,,,,,,local.mqtt.telegraf,33.0,,38.18,,,,,,periodic,,19.0,,,,,6.0,5,08a6f76bd428,,,90480.0,43264.0,,5.0,167.0,,,,,,,,,,,,,168.0,,,,,08a6f76bd428-168,,,0.0,,,,,,,272.0,168.0,08:A6:F7:6B:D4:28,,,,,,12451.0,11.0,29.0,20.0,20.0,9.0,,,0.0,19.0,364.0,23.0,3.0,,,,2658116,1786523434371,2658130,1786523434385,,1786523434352.0,29.0,2026-08-12T08:30:35.4034647Z,33.0,,,oasis/bottle,,0.0,,,,,
,,,,,,,,,,,,,,,14.0,,,,,,,,,1.0,,,0.0,,,,,0.0,,,,,0.0,,,,,,,,,,,local.mqtt.telegraf,33.0,,38.29,,,,,,periodic,,18.0,,,,,5.0,5,08a6f76bd428,,,79504.0,43264.0,,6.0,168.0,,,,,,,,,,,,,169.0,,,,,08a6f76bd428-169,,,0.0,,,,,,,272.0,169.0,08:A6:F7:6B:D4:28,,,,,,13961.0,11.0,29.0,20.0,20.0,9.0,,,0.0,19.0,364.0,23.0,3.0,,,,2659626,1786523435881,2659640,1786523435895,,1786523435863.0,29.0,2026-08-12T08:30:36.9225007Z,33.0,,,oasis/bottle,,0.0,,,,,
,,,,,,,,,,,,,,,13.0,,,,,,,,,1.0,,,0.0,,,,,0.0,,,,,0.0,,,,,,,,,,,local.mqtt.telegraf,33.0,,38.23,,,,,,periodic,,18.0,,,,,5.0,5,08a6f76bd428,,,70496.0,43264.0,,6.0,169.0,,,,,,,,,,,,,170.0,,,,,08a6f76bd428-170,,,0.0,,,,,,,272.0,170.0,08:A6:F7:6B:D4:28,,,,,,15181.0,11.0,29.0,20.0,20.0,9.0,,,0.0,19.0,364.0,23.0,3.0,,,,2660846,1786523437101,2660859,1786523437114,,1786523437083.0,29.0,2026-08-12T08:30:38.144525Z,33.0,,,oasis/bottle,,0.0,,,,,
,,,,,,,,,,,,,,,14.0,,,,,,,,,1.0,,,0.0,,,,,0.0,,,,,0.0,,,,,,,,,,,local.mqtt.telegraf,33.0,,38.33,,,,,,periodic,,18.0,,,,,5.0,5,08a6f76bd428,,,61488.0,43264.0,,6.0,170.0,,,,,,,,,,,,,171.0,,,,,08a6f76bd428-171,,,0.0,,,,,,,272.0,171.0,08:A6:F7:6B:D4:28,,,,,,16421.0,11.0,29.0,20.0,20.0,9.0,,,0.0,19.0,364.0,23.0,3.0,,,,2662086,1786523438341,2662100,1786523438355,,1786523438323.0,29.0,2026-08-12T08:30:39.3748042Z,33.0,,,oasis/bottle,,0.0,,,,,
,,,,,,,,,,,,,,,13.0,,,,,,,,,1.0,,,0.0,,,,,0.0,,,,,0.0,,,,,,,,,,,local.mqtt.telegraf,33.0,,38.35,,,,,,periodic,,28.0,,,,,6.0,5,08a6f76bd428,,,52448.0,43264.0,,6.0,171.0,,,,,,,,,,,,,172.0,,,,,08a6f76bd428-172,,,0.0,,,,,,,273.0,172.0,08:A6:F7:6B:D4:28,,,,,,17701.0,11.0,29.0,20.0,20.0,9.0,,,0.0,19.0,364.0,23.0,3.0,,,,2663376,1786523439631,2663389,1786523439644,,1786523439603.0,29.0,2026-08-12T08:30:40.6743997Z,33.0,,,oasis/bottle,,0.0,,,,,
,,,,,,,,,,,,,,,13.0,,,,,,,,,1.0,,,0.0,,,,,0.0,,,,,0.0,,,,,,,,,,,local.mqtt.telegraf,33.0,,38.31,,,,,,periodic,,28.0,,,,,5.0,5,08a6f76bd428,,,122608.0,43264.0,,6.0,172.0,,,,,,,,,,,,,173.0,,,,,08a6f76bd428-173,,,0.0,,,,,,,273.0,173.0,08:A6:F7:6B:D4:28,,,,,,19061.0,11.0,29.0,20.0,20.0,9.0,,,0.0,19.0,364.0,23.0,3.0,,,,2664736,1786523440991,2664749,1786523441004,,1786523440963.0,29.0,2026-08-12T08:30:42.0402419Z,33.0,,,oasis/bottle,,0.0,,,,,
,,,,,,,,,,,,,,,13.0,,,,,,,,,1.0,,,0.0,,,,,0.0,,,,,0.0,,,,,,,,,,,local.mqtt.telegraf,33.0,,38.39,,,,,,periodic,,26.0,,,,,6.0,5,08a6f76bd428,,,99664.0,43264.0,,6.0,173.0,,,,,,,,,,,,,174.0,,,,,08a6f76bd428-174,,,0.0,,,,,,,273.0,174.0,08:A6:F7:6B:D4:28,,,,,,492.0,12.0,39.0,20.0,20.0,19.0,,,1.0,20.0,386.0,23.0,3.0,,,,2666415,1786523442670,2666428,1786523442683,,1786523442644.0,29.0,2026-08-12T08:30:43.7087872Z,35.0,,,oasis/bottle,,0.0,,,,,
,,,,,,,,,,,,,,,14.0,,,,,,,,,1.0,,,0.0,,,,,0.0,,,,,0.0,,,,,,,,,,,local.mqtt.telegraf,33.0,,38.33,,,,,,periodic,,25.0,,,,,6.0,5,08a6f76bd428,,,89424.0,43264.0,,7.0,174.0,,,,,,,,,,,,,175.0,,,,,08a6f76bd428-175,,,0.0,,,,,,,273.0,175.0,08:A6:F7:6B:D4:28,,,,,,1883.0,12.0,39.0,20.0,20.0,19.0,,,1.0,20.0,386.0,23.0,3.0,,,,2667806,1786523444061,2667820,1786523444075,,1786523444036.0,29.0,2026-08-12T08:30:45.103314Z,35.0,,,oasis/bottle,,0.0,,,,,
,,,,,,,,,,,,,,,14.0,,,,,,,,,1.0,,,0.0,,,,,0.0,,,,,0.0,,,,,,,,,,,local.mqtt.telegraf,33.0,,38.47,,,,,,periodic,,17.0,,,,,5.0,5,08a6f76bd428,,,78320.0,43264.0,,6.0,175.0,,,,,,,,,,,,,176.0,,,,,08a6f76bd428-176,,,0.0,,,,,,,272.0,176.0,08:A6:F7:6B:D4:28,,,,,,3471.0,12.0,39.0,20.0,20.0,19.0,,,1.0,20.0,386.0,23.0,3.0,,,,2669386,1786523445641,2669400,1786523445655,,1786523445624.0,29.0,2026-08-12T08:30:46.6962017Z,35.0,,,oasis/bottle,,0.0,,,,,
,,,,,,,,,,,,,,,14.0,,,,,,,,,1.0,,,0.0,,,,,0.0,,,,,0.0,,,,,,,,,,,local.mqtt.telegraf,33.0,,38.35,,,,,,periodic,,17.0,,,,,5.0,5,08a6f76bd428,,,68656.0,43264.0,,6.0,176.0,,,,,,,,,,,,,177.0,,,,,08a6f76bd428-177,,,0.0,,,,,,,272.0,177.0,08:A6:F7:6B:D4:28,,,,,,4841.0,12.0,39.0,20.0,20.0,19.0,,,1.0,20.0,386.0,23.0,3.0,,,,2670756,1786523447011,2670770,1786523447025,,1786523446994.0,29.0,2026-08-12T08:30:48.058713Z,35.0,,,oasis/bottle,,0.0,,,,,
,,,,,,,,,,,,,,,13.0,,,,,,,,,1.0,,,0.0,,,,,0.0,,,,,0.0,,,,,,,,,,,local.mqtt.telegraf,33.0,,38.31,,,,,,periodic,,27.0,,,,,5.0,5,08a6f76bd428,,,57680.0,43264.0,,6.0,177.0,,,,,,,,,,,,,178.0,,,,,08a6f76bd428-178,,,0.0,,,,,,,272.0,178.0,08:A6:F7:6B:D4:28,,,,,,6371.0,12.0,39.0,20.0,20.0,19.0,,,1.0,20.0,386.0,23.0,3.0,,,,2672296,1786523448551,2672309,1786523448564,,1786523448524.0,29.0,2026-08-12T08:30:49.5921713Z,35.0,,,oasis/bottle,,0.0,,,,,
,,,,,,,,,,,,,,,13.0,,,,,,,,,1.0,,,0.0,,,,,0.0,,,,,0.0,,,,,,,,,,,local.mqtt.telegraf,33.0,,38.27,,,,,,periodic,,18.0,,,,,6.0,5,08a6f76bd428,,,48672.0,43264.0,,9.0,178.0,,,,,,,,,,,,,179.0,,,,,08a6f76bd428-179,,,0.0,,,,,,,272.0,179.0,08:A6:F7:6B:D4:28,,,,,,7641.0,12.0,39.0,20.0,20.0,19.0,,,1.0,20.0,386.0,23.0,3.0,,,,2673556,1786523449811,2673569,1786523449824,,1786523449793.0,29.0,2026-08-12T08:30:50.8594266Z,35.0,,,oasis/bottle,,0.0,,,,,
,,,,,,,,,,,,,,,14.0,,,,,,,,,1.0,,,0.0,,,,,0.0,,,,,0.0,,,,,,,,,,,local.mqtt.telegraf,33.0,,38.32,,,,,,periodic,,17.0,,,,,5.0,5,08a6f76bd428,,,118816.0,43264.0,,6.0,179.0,,,,,,,,,,,,,180.0,,,,,08a6f76bd428-180,,,0.0,,,,,,,272.0,180.0,08:A6:F7:6B:D4:28,,,,,,8971.0,12.0,39.0,20.0,20.0,19.0,,,1.0,20.0,386.0,23.0,3.0,,,,2674886,1786523451141,2674900,1786523451155,,1786523451124.0,29.0,2026-08-12T08:30:52.1895354Z,35.0,,,oasis/bottle,,0.0,,,,,
,,,,,,,,,,,,,,,13.0,,,,,,,,,1.0,,,0.0,,,,,0.0,,,,,0.0,,,,,,,,,,,local.mqtt.telegraf,33.0,,38.33,,,,,,periodic,,18.0,,,,,6.0,5,08a6f76bd428,,,107664.0,43264.0,,6.0,180.0,,,,,,,,,,,,,181.0,,,,,08a6f76bd428-181,,,0.0,,,,,,,272.0,181.0,08:A6:F7:6B:D4:28,,,,,,10471.0,12.0,39.0,20.0,20.0,19.0,,,1.0,20.0,386.0,23.0,3.0,,,,2676386,1786523452641,2676399,1786523452654,,1786523452623.0,29.0,2026-08-12T08:30:53.6760413Z,35.0,,,oasis/bottle,,0.0,,,,,
,,,,,,,,,,,,,,,13.0,,,,,,,,,1.0,,,0.0,,,,,0.0,,,,,0.0,,,,,,,,,,,local.mqtt.telegraf,33.0,,38.28,,,,,,periodic,,17.0,,,,,5.0,5,08a6f76bd428,,,99312.0,43264.0,,6.0,181.0,,,,,,,,,,,,,182.0,,,,,08a6f76bd428-182,,,0.0,,,,,,,272.0,182.0,08:A6:F7:6B:D4:28,,,,,,11621.0,12.0,39.0,20.0,20.0,19.0,,,1.0,20.0,386.0,23.0,3.0,,,,2677536,1786523453791,2677549,1786523453804,,1786523453774.0,29.0,2026-08-12T08:30:54.8276852Z,35.0,,,oasis/bottle,,0.0,,,,,
,,,,,,,,,,,,,,,13.0,,,,,,,,,1.0,,,0.0,,,,,0.0,,,,,0.0,,,,,,,,,,,local.mqtt.telegraf,33.0,,38.33,,,,,,periodic,,27.0,,,,,5.0,5,08a6f76bd428,,,90960.0,43264.0,,6.0,182.0,,,,,,,,,,,,,183.0,,,,,08a6f76bd428-183,,,0.0,,,,,,,272.0,183.0,08:A6:F7:6B:D4:28,,,,,,12721.0,12.0,39.0,20.0,20.0,19.0,,,1.0,20.0,386.0,23.0,3.0,,,,2678646,1786523454901,2678659,1786523454914,,1786523454874.0,29.0,2026-08-12T08:30:55.9636863Z,35.0,,,oasis/bottle,,0.0,,,,,
,,,,,,,,,,,,,,,13.0,,,,,,,,,1.0,,,0.0,,,,,0.0,,,,,0.0,,,,,,,,,,,local.mqtt.telegraf,33.0,,38.25,,,,,,periodic,,18.0,,,,,6.0,5,08a6f76bd428,,,83264.0,43264.0,,9.0,183.0,,,,,,,,,,,,,184.0,,,,,08a6f76bd428-184,,,0.0,,,,,,,272.0,184.0,08:A6:F7:6B:D4:28,,,,,,13731.0,12.0,39.0,20.0,20.0,19.0,,,1.0,20.0,386.0,23.0,3.0,,,,2679646,1786523455901,2679659,1786523455914,,1786523455883.0,29.0,2026-08-12T08:30:56.9406057Z,35.0,,,oasis/bottle,,0.0,,,,,
,,,,,,,,,,,,,,,14.0,,,,,,,,,1.0,,,0.0,,,,,0.0,,,,,0.0,,,,,,,,,,,local.mqtt.telegraf,33.0,,38.35,,,,,,periodic,,18.0,,,,,6.0,5,08a6f76bd428,,,72944.0,43264.0,,6.0,184.0,,,,,,,,,,,,,185.0,,,,,08a6f76bd428-185,,,0.0,,,,,,,272.0,185.0,08:A6:F7:6B:D4:28,,,,,,15141.0,12.0,39.0,20.0,20.0,19.0,,,1.0,20.0,386.0,23.0,3.0,,,,2681056,1786523457311,2681070,1786523457325,,1786523457293.0,29.0,2026-08-12T08:30:58.3583291Z,35.0,,,oasis/bottle,,0.0,,,,,
,,,,,,,,,,,,,,,13.0,,,,,,,,,1.0,,,0.0,,,,,0.0,,,,,0.0,,,,,,,,,,,local.mqtt.telegraf,33.0,,38.33,,,,,,periodic,,26.0,,,,,5.0,5,08a6f76bd428,,,65248.0,43264.0,,6.0,185.0,,,,,,,,,,,,,186.0,,,,,08a6f76bd428-186,,,0.0,,,,,,,272.0,186.0,08:A6:F7:6B:D4:28,,,,,,16161.0,12.0,39.0,20.0,20.0,19.0,,,1.0,20.0,386.0,23.0,3.0,,,,2682085,1786523458340,2682098,1786523458353,,1786523458314.0,29.0,2026-08-12T08:30:59.3728048Z,35.0,,,oasis/bottle,,0.0,,,,,
,,,,,,,,,,,,,,,13.0,,,,,,,,,1.0,,,0.0,,,,,0.0,,,,,0.0,,,,,,,,,,,local.mqtt.telegraf,33.0,,38.47,,,,,,periodic,,27.0,,,,,5.0,5,08a6f76bd428,,,54928.0,43264.0,,6.0,186.0,,,,,,,,,,,,,187.0,,,,,08a6f76bd428-187,,,0.0,,,,,,,272.0,187.0,08:A6:F7:6B:D4:28,,,,,,17591.0,12.0,39.0,20.0,20.0,19.0,,,1.0,20.0,386.0,23.0,3.0,,,,2683516,1786523459771,2683529,1786523459784,,1786523459744.0,29.0,2026-08-12T08:31:00.8067406Z,35.0,,,oasis/bottle,,0.0,,,,,
,,,,,,,,,,,,,,,14.0,,,,,,,,,1.0,,,0.0,,,,,0.0,,,,,0.0,,,,,,,,,,,local.mqtt.telegraf,33.0,,38.33,,,,,,periodic,,17.0,,,,,5.0,5,08a6f76bd428,,,46576.0,43264.0,,9.0,187.0,,,,,,,,,,,,,188.0,,,,,08a6f76bd428-188,,,0.0,,,,,,,272.0,188.0,08:A6:F7:6B:D4:28,,,,,,18661.0,12.0,39.0,20.0,20.0,19.0,,,1.0,20.0,386.0,23.0,3.0,,,,2684576,1786523460831,2684590,1786523460845,,1786523460814.0,29.0,2026-08-12T08:31:01.8749259Z,35.0,,,oasis/bottle,,0.0,,,,,
,,,,,,,,,,,,,,,14.0,,,,,,,,,1.0,,,0.0,,,,,0.0,,,,,0.0,,,,,,,,,,,local.mqtt.telegraf,33.0,,38.21,,,,,,periodic,,18.0,,,,,6.0,5,08a6f76bd428,,,115392.0,43264.0,,6.0,188.0,,,,,,,,,,,,,189.0,,,,,08a6f76bd428-189,,,0.0,,,,,,,272.0,189.0,08:A6:F7:6B:D4:28,,,,,,20191.0,12.0,39.0,20.0,20.0,19.0,,,1.0,20.0,386.0,23.0,3.0,,,,2686106,1786523462361,2686120,1786523462375,,1786523462343.0,29.0,2026-08-12T08:31:03.4065102Z,35.0,,,oasis/bottle,,0.0,,,,,
,,,,,,,,,,,,,,,13.0,,,,,,,,,1.0,,,0.0,,,,,0.0,,,,,0.0,,,,,,,,,,,local.mqtt.telegraf,33.0,,38.37,,,,,,periodic,,17.0,,,,,5.0,5,08a6f76bd428,,,95072.0,43264.0,,6.0,189.0,,,,,,,,,,,,,190.0,,,,,08a6f76bd428-190,,,0.0,,,,,,,272.0,190.0,08:A6:F7:6B:D4:28,,,,,,1041.0,13.0,29.0,21.0,21.0,8.0,,,0.0,21.0,364.0,23.0,3.0,,,,2687366,1786523463621,2687379,1786523463634,,1786523463604.0,29.0,2026-08-12T08:31:04.6617949Z,38.0,,,oasis/bottle,,0.0,,,,,
,,,,,,,,,,,,,,,13.0,,,,,,,,,1.0,,,0.0,,,,,0.0,,,,,0.0,,,,,,,,,,,local.mqtt.telegraf,33.0,,38.25,,,,,,periodic,,18.0,,,,,6.0,5,08a6f76bd428,,,85408.0,43264.0,,6.0,190.0,,,,,,,,,,,,,191.0,,,,,08a6f76bd428-191,,,0.0,,,,,,,272.0,191.0,08:A6:F7:6B:D4:28,,,,,,2361.0,13.0,29.0,21.0,21.0,8.0,,,0.0,21.0,364.0,23.0,3.0,,,,2688686,1786523464941,2688699,1786523464954,,1786523464923.0,29.0,2026-08-12T08:31:05.9768576Z,38.0,,,oasis/bottle,,0.0,,,,,
,,,,,,,,,,,,,,,14.0,,,,,,,,,1.0,,,0.0,,,,,0.0,,,,,0.0,,,,,,,,,,,local.mqtt.telegraf,33.0,,38.32,,,,,,periodic,,18.0,,,,,6.0,5,08a6f76bd428,,,75088.0,43264.0,,6.0,191.0,,,,,,,,,,,,,192.0,,,,,08a6f76bd428-192,,,0.0,,,,,,,272.0,192.0,08:A6:F7:6B:D4:28,,,,,,3791.0,13.0,29.0,21.0,21.0,8.0,,,0.0,21.0,364.0,23.0,3.0,,,,2690116,1786523466371,2690130,1786523466385,,1786523466353.0,29.0,2026-08-12T08:31:07.4056562Z,38.0,,,oasis/bottle,,0.0,,,,,
,,,,,,,,,,,,,,,14.0,,,,,,,,,1.0,,,0.0,,,,,0.0,,,,,0.0,,,,,,,,,,,local.mqtt.telegraf,33.0,,38.21,,,,,,periodic,,17.0,,,,,6.0,5,08a6f76bd428,,,67360.0,43264.0,,6.0,192.0,,,,,,,,,,,,,193.0,,,,,08a6f76bd428-193,,,0.0,,,,,,,273.0,193.0,08:A6:F7:6B:D4:28,,,,,,4851.0,13.0,29.0,21.0,21.0,8.0,,,0.0,21.0,364.0,23.0,3.0,,,,2691176,1786523467431,2691190,1786523467445,,1786523467414.0,29.0,2026-08-12T08:31:08.4745435Z,38.0,,,oasis/bottle,,0.0,,,,,
,,,,,,,,,,,,,,,13.0,,,,,,,,,1.0,,,0.0,,,,,0.0,,,,,0.0,,,,,,,,,,,local.mqtt.telegraf,33.0,,38.28,,,,,,periodic,,17.0,,,,,5.0,5,08a6f76bd428,,,56368.0,43264.0,,5.0,193.0,,,,,,,,,,,,,194.0,,,,,08a6f76bd428-194,,,0.0,,,,,,,273.0,194.0,08:A6:F7:6B:D4:28,,,,,,6371.0,13.0,29.0,21.0,21.0,8.0,,,0.0,21.0,364.0,23.0,3.0,,,,2692696,1786523468951,2692709,1786523468964,,1786523468934.0,29.0,2026-08-12T08:31:09.9912404Z,38.0,,,oasis/bottle,,0.0,,,,,
,,,,,,,,,,,,,,,14.0,,,,,,,,,1.0,,,0.0,,,,,0.0,,,,,0.0,,,,,,,,,,,local.mqtt.telegraf,33.0,,38.28,,,,,,periodic,,18.0,,,,,6.0,5,08a6f76bd428,,,47360.0,43264.0,,6.0,194.0,,,,,,,,,,,,,195.0,,,,,08a6f76bd428-195,,,0.0,,,,,,,272.0,195.0,08:A6:F7:6B:D4:28,,,,,,7611.0,13.0,29.0,21.0,21.0,8.0,,,0.0,21.0,364.0,23.0,3.0,,,,2693936,1786523470191,2693950,1786523470205,,1786523470173.0,29.0,2026-08-12T08:31:11.2217724Z,38.0,,,oasis/bottle,,0.0,,,,,
,,,,,,,,,,,,,,,13.0,,,,,,,,,1.0,,,0.0,,,,,0.0,,,,,0.0,,,,,,,,,,,local.mqtt.telegraf,33.0,,38.37,,,,,,periodic,,17.0,,,,,5.0,5,08a6f76bd428,,,118160.0,43264.0,,6.0,195.0,,,,,,,,,,,,,196.0,,,,,08a6f76bd428-196,,,0.0,,,,,,,273.0,196.0,08:A6:F7:6B:D4:28,,,,,,8881.0,13.0,29.0,21.0,21.0,8.0,,,0.0,21.0,364.0,23.0,3.0,,,,2695206,1786523471461,2695219,1786523471474,,1786523471444.0,29.0,2026-08-12T08:31:12.5054751Z,38.0,,,oasis/bottle,,0.0,,,,,
,,,,,,,,,,,,,,,14.0,,,,,,,,,1.0,,,0.0,,,,,0.0,,,,,0.0,,,,,,,,,,,local.mqtt.telegraf,33.0,,38.44,,,,,,periodic,,17.0,,,,,5.0,5,08a6f76bd428,,,108496.0,43264.0,,6.0,196.0,,,,,,,,,,,,,197.0,,,,,08a6f76bd428-197,,,0.0,,,,,,,272.0,197.0,08:A6:F7:6B:D4:28,,,,,,10221.0,13.0,29.0,21.0,21.0,8.0,,,0.0,21.0,364.0,23.0,3.0,,,,2696546,1786523472801,2696560,1786523472815,,1786523472784.0,29.0,2026-08-12T08:31:13.8388496Z,38.0,,,oasis/bottle,,0.0,,,,,
,,,,,,,,,,,,,,,23.0,,,,,,,,,1.0,,,0.0,,,,,0.0,,,,,0.0,,,,,,,,,,,local.mqtt.telegraf,33.0,,38.21,,,,,,periodic,,17.0,,,,,5.0,5,08a6f76bd428,,,98176.0,43264.0,,6.0,197.0,,,,,,,,,,,,,198.0,,,,,08a6f76bd428-198,,,0.0,,,,,,,272.0,198.0,08:A6:F7:6B:D4:28,,,,,,11701.0,13.0,29.0,21.0,21.0,8.0,,,0.0,21.0,364.0,23.0,3.0,,,,2698026,1786523474281,2698049,1786523474304,,1786523474264.0,29.0,2026-08-12T08:31:15.350084Z,38.0,,,oasis/bottle,,0.0,,,,,
,,,,,,,,,,,,,,,14.0,,,,,,,,,1.0,,,0.0,,,,,0.0,,,,,0.0,,,,,,,,,,,local.mqtt.telegraf,33.0,,38.18,,,,,,periodic,,18.0,,,,,6.0,5,08a6f76bd428,,,89824.0,43264.0,,6.0,198.0,,,,,,,,,,,,,199.0,,,,,08a6f76bd428-199,,,0.0,,,,,,,272.0,199.0,08:A6:F7:6B:D4:28,,,,,,12861.0,13.0,29.0,21.0,21.0,8.0,,,0.0,21.0,364.0,23.0,3.0,,,,2699186,1786523475441,2699200,1786523475455,,1786523475423.0,29.0,2026-08-12T08:31:16.4986337Z,38.0,,,oasis/bottle,,0.0,,,,,
,,,,,,,,,,,,,,,18.0,,,,,,,,,1.0,,,0.0,,,,,0.0,,,,,0.0,,,,,,,,,,,local.mqtt.telegraf,33.0,,38.1,,,,,,periodic,,18.0,,,,,6.0,5,08a6f76bd428,,,81472.0,43264.0,,6.0,199.0,,,,,,,,,,,,,200.0,,,,,08a6f76bd428-200,,,0.0,,,,,,,272.0,200.0,08:A6:F7:6B:D4:28,,,,,,13981.0,13.0,29.0,21.0,21.0,8.0,,,0.0,21.0,364.0,23.0,3.0,,,,2700306,1786523476561,2700324,1786523476579,,1786523476543.0,29.0,2026-08-12T08:31:17.6084396Z,38.0,,,oasis/bottle,,0.0,,,,,
,,,,,,,,,,,,,,,14.0,,,,,,,,,1.0,,,0.0,,,,,0.0,,,,,0.0,,,,,,,,,,,local.mqtt.telegraf,33.0,,38.05,,,,,,periodic,,18.0,,,,,6.0,5,08a6f76bd428,,,73776.0,43264.0,,6.0,200.0,,,,,,,,,,,,,201.0,,,,,08a6f76bd428-201,,,0.0,,,,,,,272.0,201.0,08:A6:F7:6B:D4:28,,,,,,15011.0,13.0,29.0,21.0,21.0,8.0,,,0.0,21.0,364.0,23.0,3.0,,,,2701336,1786523477591,2701350,1786523477605,,1786523477573.0,29.0,2026-08-12T08:31:18.6428278Z,38.0,,,oasis/bottle,,0.0,,,,,
,,,,,,,,,,,,,,,13.0,,,,,,,,,1.0,,,0.0,,,,,0.0,,,,,0.0,,,,,,,,,,,local.mqtt.telegraf,33.0,,38.2,,,,,,periodic,,28.0,,,,,6.0,5,08a6f76bd428,,,63456.0,43264.0,,6.0,201.0,,,,,,,,,,,,,202.0,,,,,08a6f76bd428-202,,,0.0,,,,,,,272.0,202.0,08:A6:F7:6B:D4:28,,,,,,16471.0,13.0,29.0,21.0,21.0,8.0,,,0.0,21.0,364.0,23.0,3.0,,,,2702806,1786523479061,2702819,1786523479074,,1786523479033.0,29.0,2026-08-12T08:31:20.107513Z,38.0,,,oasis/bottle,,0.0,,,,,
,,,,,,,,,,,,,,,13.0,,,,,,,,,1.0,,,0.0,,,,,0.0,,,,,0.0,,,,,,,,,,,local.mqtt.telegraf,33.0,,38.2,,,,,,periodic,,28.0,,,,,6.0,5,08a6f76bd428,,,55104.0,43264.0,,8.0,202.0,,,,,,,,,,,,,203.0,,,,,08a6f76bd428-203,,,0.0,,,,,,,272.0,203.0,08:A6:F7:6B:D4:28,,,,,,17591.0,13.0,29.0,21.0,21.0,8.0,,,0.0,21.0,364.0,23.0,3.0,,,,2703926,1786523480181,2703939,1786523480194,,1786523480153.0,29.0,2026-08-12T08:31:21.2238343Z,38.0,,,oasis/bottle,,0.0,,,,,
,,,,,,,,,,,,,,,14.0,,,,,,,,,1.0,,,0.0,,,,,0.0,,,,,0.0,,,,,,,,,,,local.mqtt.telegraf,33.0,,38.35,,,,,,periodic,,18.0,,,,,6.0,5,08a6f76bd428,,,47408.0,43264.0,,8.0,203.0,,,,,,,,,,,,,204.0,,,,,08a6f76bd428-204,,,0.0,,,,,,,272.0,204.0,08:A6:F7:6B:D4:28,,,,,,18631.0,13.0,29.0,21.0,21.0,8.0,,,0.0,21.0,364.0,23.0,3.0,,,,2704956,1786523481211,2704970,1786523481225,,1786523481193.0,29.0,2026-08-12T08:31:22.2585221Z,38.0,,,oasis/bottle,,0.0,,,,,
,,,,,,,,,,,,,,,13.0,,,,,,,,,1.0,,,0.0,,,,,0.0,,,,,0.0,,,,,,,,,,,local.mqtt.telegraf,33.0,,38.32,,,,,,periodic,,28.0,,,,,6.0,5,08a6f76bd428,,,116912.0,43264.0,,6.0,204.0,,,,,,,,,,,,,205.0,,,,,08a6f76bd428-205,,,0.0,,,,,,,272.0,205.0,08:A6:F7:6B:D4:28,,,,,,20111.0,13.0,29.0,21.0,21.0,8.0,,,0.0,21.0,364.0,23.0,3.0,,,,2706446,1786523482701,2706459,1786523482714,,1786523482673.0,29.0,2026-08-12T08:31:23.7408892Z,38.0,,,oasis/bottle,,0.0,,,,,
,,,,,,,,,,,,,,,13.0,,,,,,,,,1.0,,,0.0,,,,,0.0,,,,,0.0,,,,,,,,,,,local.mqtt.telegraf,33.0,,38.27,,,,,,periodic,,26.0,,,,,5.0,5,08a6f76bd428,,,97248.0,43264.0,,7.0,205.0,,,,,,,,,,,,,206.0,,,,,08a6f76bd428-206,,,0.0,,,,,,,273.0,206.0,08:A6:F7:6B:D4:28,,,,,,861.0,14.0,31.0,20.0,20.0,11.0,,,1.0,20.0,374.0,23.0,3.0,,,,2707605,1786523483860,2707618,1786523483873,,1786523483834.0,29.0,2026-08-12T08:31:24.9097031Z,41.0,,,oasis/bottle,,0.0,,,,,
,,,,,,,,,,,,,,,13.0,,,,,,,,,1.0,,,0.0,,,,,0.0,,,,,0.0,,,,,,,,,,,local.mqtt.telegraf,33.0,,38.41,,,,,,periodic,,28.0,,,,,6.0,5,08a6f76bd428,,,88896.0,43264.0,,5.0,206.0,,,,,,,,,,,,,207.0,,,,,08a6f76bd428-207,,,0.0,,,,,,,272.0,207.0,08:A6:F7:6B:D4:28,,,,,,1971.0,14.0,31.0,20.0,20.0,11.0,,,1.0,20.0,374.0,23.0,3.0,,,,2708716,1786523484971,2708729,1786523484984,,1786523484943.0,29.0,2026-08-12T08:31:26.0056848Z,41.0,,,oasis/bottle,,0.0,,,,,
,,,,,,,,,,,,,,,13.0,,,,,,,,,1.0,,,0.0,,,,,0.0,,,,,0.0,,,,,,,,,,,local.mqtt.telegraf,33.0,,38.21,,,,,,periodic,,28.0,,,,,6.0,5,08a6f76bd428,,,81200.0,43264.0,,9.0,207.0,,,,,,,,,,,,,208.0,,,,,08a6f76bd428-208,,,0.0,,,,,,,272.0,208.0,08:A6:F7:6B:D4:28,,,,,,3001.0,14.0,31.0,20.0,20.0,11.0,,,1.0,20.0,374.0,23.0,3.0,,,,2709746,1786523486001,2709759,1786523486014,,1786523485973.0,29.0,2026-08-12T08:31:27.0418412Z,41.0,,,oasis/bottle,,0.0,,,,,
,,,,,,,,,,,,,,,13.0,,,,,,,,,1.0,,,0.0,,,,,0.0,,,,,0.0,,,,,,,,,,,local.mqtt.telegraf,33.0,,38.48,,,,,,periodic,,28.0,,,,,6.0,5,08a6f76bd428,,,70880.0,43264.0,,7.0,208.0,,,,,,,,,,,,,209.0,,,,,08a6f76bd428-209,,,0.0,,,,,,,272.0,209.0,08:A6:F7:6B:D4:28,,,,,,4451.0,14.0,31.0,20.0,20.0,11.0,,,1.0,20.0,374.0,23.0,3.0,,,,2711196,1786523487451,2711209,1786523487464,,1786523487423.0,29.0,2026-08-12T08:31:28.4928336Z,41.0,,,oasis/bottle,,0.0,,,,,
,,,,,,,,,,,,,,,13.0,,,,,,,,,1.0,,,0.0,,,,,0.0,,,,,0.0,,,,,,,,,,,local.mqtt.telegraf,33.0,,38.18,,,,,,periodic,,18.0,,,,,6.0,5,08a6f76bd428,,,62528.0,43264.0,,8.0,209.0,,,,,,,,,,,,,210.0,,,,,08a6f76bd428-210,,,0.0,,,,,,,272.0,210.0,08:A6:F7:6B:D4:28,,,,,,5551.0,14.0,31.0,20.0,20.0,11.0,,,1.0,20.0,374.0,23.0,3.0,,,,2712286,1786523488541,2712299,1786523488554,,1786523488523.0,29.0,2026-08-12T08:31:29.5728596Z,41.0,,,oasis/bottle,,0.0,,,,,
,,,,,,,,,,,,,,,13.0,,,,,,,,,1.0,,,0.0,,,,,0.0,,,,,0.0,,,,,,,,,,,local.mqtt.telegraf,33.0,,38.18,,,,,,periodic,,18.0,,,,,6.0,5,08a6f76bd428,,,54000.0,43264.0,,6.0,210.0,,,,,,,,,,,,,211.0,,,,,08a6f76bd428-211,,,0.0,,,,,,,272.0,211.0,08:A6:F7:6B:D4:28,,,,,,6591.0,14.0,31.0,20.0,20.0,11.0,,,1.0,20.0,374.0,23.0,3.0,,,,2713326,1786523489581,2713339,1786523489594,,1786523489563.0,29.0,2026-08-12T08:31:30.626428Z,41.0,,,oasis/bottle,,0.0,,,,,
,,,,,,,,,,,,,,,13.0,,,,,,,,,1.0,,,0.0,,,,,0.0,,,,,0.0,,,,,,,,,,,local.mqtt.telegraf,33.0,,38.29,,,,,,periodic,,28.0,,,,,12.0,5,08a6f76bd428,,,43680.0,43264.0,,6.0,211.0,,,,,,,,,,,,,212.0,,,,,08a6f76bd428-212,,,0.0,,,,,,,272.0,212.0,08:A6:F7:6B:D4:28,,,,,,8021.0,14.0,31.0,20.0,20.0,11.0,,,1.0,20.0,374.0,23.0,3.0,,,,2714766,1786523491021,2714779,1786523491034,,1786523490993.0,29.0,2026-08-12T08:31:32.0627621Z,41.0,,,oasis/bottle,,0.0,,,,,
,,,,,,,,,,,,,,,13.0,,,,,,,,,1.0,,,0.0,,,,,0.0,,,,,0.0,,,,,,,,,,,local.mqtt.telegraf,33.0,,38.39,,,,,,periodic,,19.0,,,,,6.0,5,08a6f76bd428,,,114640.0,43264.0,,6.0,212.0,,,,,,,,,,,,,213.0,,,,,08a6f76bd428-213,,,0.0,,,,,,,272.0,213.0,08:A6:F7:6B:D4:28,,,,,,9091.0,14.0,31.0,20.0,20.0,11.0,,,1.0,20.0,374.0,23.0,3.0,,,,2715827,1786523492082,2715840,1786523492095,,1786523492063.0,29.0,2026-08-12T08:31:33.1257567Z,41.0,,,oasis/bottle,,0.0,,,,,
,,,,,,,,,,,,,,,13.0,,,,,,,,,1.0,,,0.0,,,,,0.0,,,,,0.0,,,,,,,,,,,local.mqtt.telegraf,33.0,,38.47,,,,,,periodic,,18.0,,,,,6.0,5,08a6f76bd428,,,103664.0,43264.0,,6.0,213.0,,,,,,,,,,,,,214.0,,,,,08a6f76bd428-214,,,0.0,,,,,,,272.0,214.0,08:A6:F7:6B:D4:28,,,,,,10621.0,14.0,31.0,20.0,20.0,11.0,,,1.0,20.0,374.0,23.0,3.0,,,,2717356,1786523493611,2717369,1786523493624,,1786523493593.0,29.0,2026-08-12T08:31:34.6544307Z,41.0,,,oasis/bottle,,0.0,,,,,
,,,,,,,,,,,,,,,14.0,,,,,,,,,1.0,,,0.0,,,,,0.0,,,,,0.0,,,,,,,,,,,local.mqtt.telegraf,33.0,,38.39,,,,,,periodic,,18.0,,,,,6.0,5,08a6f76bd428,,,94656.0,43264.0,,6.0,214.0,,,,,,,,,,,,,215.0,,,,,08a6f76bd428-215,,,0.0,,,,,,,272.0,215.0,08:A6:F7:6B:D4:28,,,,,,11881.0,14.0,31.0,20.0,20.0,11.0,,,1.0,20.0,374.0,23.0,3.0,,,,2718616,1786523494871,2718630,1786523494885,,1786523494853.0,29.0,2026-08-12T08:31:35.9038864Z,41.0,,,oasis/bottle,,0.0,,,,,
,,,,,,,,,,,,,,,13.0,,,,,,,,,1.0,,,0.0,,,,,0.0,,,,,0.0,,,,,,,,,,,local.mqtt.telegraf,33.0,,38.31,,,,,,periodic,,18.0,,,,,6.0,5,08a6f76bd428,,,84992.0,43264.0,,6.0,215.0,,,,,,,,,,,,,216.0,,,,,08a6f76bd428-216,,,0.0,,,,,,,272.0,216.0,08:A6:F7:6B:D4:28,,,,,,13191.0,14.0,31.0,20.0,20.0,11.0,,,1.0,20.0,374.0,23.0,3.0,,,,2719926,1786523496181,2719939,1786523496194,,1786523496163.0,29.0,2026-08-12T08:31:37.2230349Z,41.0,,,oasis/bottle,,0.0,,,,,
,,,,,,,,,,,,,,,13.0,,,,,,,,,1.0,,,0.0,,,,,0.0,,,,,0.0,,,,,,,,,,,local.mqtt.telegraf,33.0,,38.37,,,,,,periodic,,18.0,,,,,6.0,5,08a6f76bd428,,,74672.0,43264.0,,6.0,216.0,,,,,,,,,,,,,217.0,,,,,08a6f76bd428-217,,,0.0,,,,,,,272.0,217.0,08:A6:F7:6B:D4:28,,,,,,14611.0,14.0,31.0,20.0,20.0,11.0,,,1.0,20.0,374.0,23.0,3.0,,,,2721346,1786523497601,2721359,1786523497614,,1786523497583.0,29.0,2026-08-12T08:31:38.6402071Z,41.0,,,oasis/bottle,,0.0,,,,,
,,,,,,,,,,,,,,,13.0,,,,,,,,,1.0,,,0.0,,,,,0.0,,,,,0.0,,,,,,,,,,,local.mqtt.telegraf,33.0,,38.32,,,,,,periodic,,18.0,,,,,6.0,5,08a6f76bd428,,,66976.0,43264.0,,6.0,217.0,,,,,,,,,,,,,218.0,,,,,08a6f76bd428-218,,,0.0,,,,,,,272.0,218.0,08:A6:F7:6B:D4:28,,,,,,15651.0,14.0,31.0,20.0,20.0,11.0,,,1.0,20.0,374.0,23.0,3.0,,,,2722386,1786523498641,2722399,1786523498654,,1786523498623.0,29.0,2026-08-12T08:31:39.6744092Z,41.0,,,oasis/bottle,,0.0,,,,,
,,,,,,,,,,,,,,,13.0,,,,,,,,,1.0,,,0.0,,,,,0.0,,,,,0.0,,,,,,,,,,,local.mqtt.telegraf,33.0,,38.35,,,,,,periodic,,18.0,,,,,6.0,5,08a6f76bd428,,,56656.0,43264.0,,6.0,218.0,,,,,,,,,,,,,219.0,,,,,08a6f76bd428-219,,,0.0,,,,,,,272.0,219.0,08:A6:F7:6B:D4:28,,,,,,17131.0,14.0,31.0,20.0,20.0,11.0,,,1.0,20.0,374.0,23.0,3.0,,,,2723866,1786523500121,2723879,1786523500134,,1786523500103.0,29.0,2026-08-12T08:31:41.1567777Z,41.0,,,oasis/bottle,,0.0,,,,,
,,,,,,,,,,,,,,,14.0,,,,,,,,,1.0,,,0.0,,,,,0.0,,,,,0.0,,,,,,,,,,,local.mqtt.telegraf,33.0,,38.39,,,,,,periodic,,18.0,,,,,6.0,5,08a6f76bd428,,,48304.0,43264.0,,6.0,219.0,,,,,,,,,,,,,220.0,,,,,08a6f76bd428-220,,,0.0,,,,,,,272.0,220.0,08:A6:F7:6B:D4:28,,,,,,18281.0,14.0,31.0,20.0,20.0,11.0,,,1.0,20.0,374.0,23.0,3.0,,,,2725016,1786523501271,2725030,1786523501285,,1786523501253.0,29.0,2026-08-12T08:31:42.3075627Z,41.0,,,oasis/bottle,,0.0,,,,,
,,,,,,,,,,,,,,,14.0,,,,,,,,,1.0,,,0.0,,,,,0.0,,,,,0.0,,,,,,,,,,,local.mqtt.telegraf,33.0,,38.28,,,,,,periodic,,17.0,,,,,5.0,5,08a6f76bd428,,,119968.0,43264.0,,6.0,220.0,,,,,,,,,,,,,221.0,,,,,08a6f76bd428-221,,,0.0,,,,,,,272.0,221.0,08:A6:F7:6B:D4:28,,,,,,19381.0,14.0,31.0,20.0,20.0,11.0,,,1.0,20.0,374.0,23.0,3.0,,,,2726116,1786523502371,2726130,1786523502385,,1786523502354.0,29.0,2026-08-12T08:31:43.40278Z,41.0,,,oasis/bottle,,0.0,,,,,
,,,,,,,,,,,,,,,14.0,,,,,,,,,1.0,,,0.0,,,,,0.0,,,,,0.0,,,,,,,,,,,local.mqtt.telegraf,33.0,,38.25,,,,,,periodic,,18.0,,,,,6.0,5,08a6f76bd428,,,112272.0,43264.0,,5.0,221.0,,,,,,,,,,,,,222.0,,,,,08a6f76bd428-222,,,0.0,,,,,,,272.0,222.0,08:A6:F7:6B:D4:28,,,,,,20381.0,14.0,31.0,20.0,20.0,11.0,,,1.0,20.0,374.0,23.0,3.0,,,,2727116,1786523503371,2727130,1786523503385,,1786523503353.0,29.0,2026-08-12T08:31:44.4198335Z,41.0,,,oasis/bottle,,0.0,,,,,
,,,,,,,,,,,,,,,13.0,,,,,,,,,1.0,,,0.0,,,,,0.0,,,,,0.0,,,,,,,,,,,local.mqtt.telegraf,33.0,,38.32,,,,,,periodic,,27.0,,,,,6.0,5,08a6f76bd428,,,91248.0,43264.0,,6.0,222.0,,,,,,,,,,,,,223.0,,,,,08a6f76bd428-223,,,0.0,,,,,,,272.0,223.0,08:A6:F7:6B:D4:28,,,,,,1011.0,15.0,49.0,20.0,20.0,29.0,,,0.0,20.0,384.0,23.0,3.0,,,,2728525,1786523504780,2728538,1786523504793,,1786523504753.0,29.0,2026-08-12T08:31:45.8299642Z,45.0,,,oasis/bottle,,0.0,,,,,
,,,,,,,,,,,,,,,13.0,,,,,,,,,1.0,,,0.0,,,,,0.0,,,,,0.0,,,,,,,,,,,local.mqtt.telegraf,33.0,,38.35,,,,,,periodic,,28.0,,,,,6.0,5,08a6f76bd428,,,83552.0,43264.0,,6.0,223.0,,,,,,,,,,,,,224.0,,,,,08a6f76bd428-224,,,0.0,,,,,,,272.0,224.0,08:A6:F7:6B:D4:28,,,,,,2011.0,15.0,49.0,20.0,20.0,29.0,,,0.0,20.0,384.0,23.0,3.0,,,,2729526,1786523505781,2729539,1786523505794,,1786523505753.0,29.0,2026-08-12T08:31:46.8387381Z,45.0,,,oasis/bottle,,0.0,,,,,
,,,,,,,,,,,,,,,13.0,,,,,,,,,1.0,,,0.0,,,,,0.0,,,,,0.0,,,,,,,,,,,local.mqtt.telegraf,33.0,,38.32,,,,,,periodic,,28.0,,,,,6.0,5,08a6f76bd428,,,73232.0,43264.0,,7.0,224.0,,,,,,,,,,,,,225.0,,,,,08a6f76bd428-225,,,0.0,,,,,,,272.0,225.0,08:A6:F7:6B:D4:28,,,,,,3411.0,15.0,49.0,20.0,20.0,29.0,,,0.0,20.0,384.0,23.0,3.0,,,,2730926,1786523507181,2730939,1786523507194,,1786523507153.0,29.0,2026-08-12T08:31:48.2221776Z,45.0,,,oasis/bottle,,0.0,,,,,
,,,,,,,,,,,,,,,13.0,,,,,,,,,1.0,,,0.0,,,,,0.0,,,,,0.0,,,,,,,,,,,local.mqtt.telegraf,33.0,,38.35,,,,,,periodic,,19.0,,,,,6.0,5,08a6f76bd428,,,65536.0,43264.0,,11.0,225.0,,,,,,,,,,,,,226.0,,,,,08a6f76bd428-226,,,0.0,,,,,,,272.0,226.0,08:A6:F7:6B:D4:28,,,,,,4411.0,15.0,49.0,20.0,20.0,29.0,,,0.0,20.0,384.0,23.0,3.0,,,,2731917,1786523508172,2731930,1786523508185,,1786523508153.0,29.0,2026-08-12T08:31:49.2095736Z,45.0,,,oasis/bottle,,0.0,,,,,
,,,,,,,,,,,,,,,14.0,,,,,,,,,1.0,,,0.0,,,,,0.0,,,,,0.0,,,,,,,,,,,local.mqtt.telegraf,33.0,,38.32,,,,,,periodic,,17.0,,,,,5.0,5,08a6f76bd428,,,55840.0,43264.0,,6.0,226.0,,,,,,,,,,,,,227.0,,,,,08a6f76bd428-227,,,0.0,,,,,,,273.0,227.0,08:A6:F7:6B:D4:28,,,,,,5801.0,15.0,49.0,20.0,20.0,29.0,,,0.0,20.0,384.0,23.0,3.0,,,,2733306,1786523509561,2733320,1786523509575,,1786523509544.0,29.0,2026-08-12T08:31:50.6033808Z,45.0,,,oasis/bottle,,0.0,,,,,
,,,,,,,,,,,,,,,13.0,,,,,,,,,1.0,,,0.0,,,,,0.0,,,,,0.0,,,,,,,,,,,local.mqtt.telegraf,33.0,,38.43,,,,,,periodic,,28.0,,,,,6.0,5,08a6f76bd428,,,44848.0,43264.0,,5.0,227.0,,,,,,,,,,,,,228.0,,,,,08a6f76bd428-228,,,0.0,,,,,,,272.0,228.0,08:A6:F7:6B:D4:28,,,,,,7381.0,15.0,49.0,20.0,20.0,29.0,,,0.0,20.0,384.0,23.0,3.0,,,,2734896,1786523511151,2734909,1786523511164,,1786523511123.0,29.0,2026-08-12T08:31:52.1911904Z,45.0,,,oasis/bottle,,0.0,,,,,
,,,,,,,,,,,,,,,13.0,,,,,,,,,1.0,,,0.0,,,,,0.0,,,,,0.0,,,,,,,,,,,local.mqtt.telegraf,33.0,,38.27,,,,,,periodic,,18.0,,,,,6.0,5,08a6f76bd428,,,114160.0,43264.0,,5.0,228.0,,,,,,,,,,,,,229.0,,,,,08a6f76bd428-229,,,0.0,,,,,,,272.0,229.0,08:A6:F7:6B:D4:28,,,,,,8751.0,15.0,49.0,20.0,20.0,29.0,,,0.0,20.0,384.0,23.0,3.0,,,,2736256,1786523512511,2736269,1786523512524,,1786523512493.0,29.0,2026-08-12T08:31:53.5619902Z,45.0,,,oasis/bottle,,0.0,,,,,
,,,,,,,,,,,,,,,14.0,,,,,,,,,1.0,,,0.0,,,,,0.0,,,,,0.0,,,,,,,,,,,local.mqtt.telegraf,33.0,,38.29,,,,,,periodic,,18.0,,,,,6.0,5,08a6f76bd428,,,103184.0,43264.0,,6.0,229.0,,,,,,,,,,,,,230.0,,,,,08a6f76bd428-230,,,0.0,,,,,,,272.0,230.0,08:A6:F7:6B:D4:28,,,,,,10271.0,15.0,49.0,20.0,20.0,29.0,,,0.0,20.0,384.0,23.0,3.0,,,,2737776,1786523514031,2737790,1786523514045,,1786523514013.0,29.0,2026-08-12T08:31:55.0703122Z,45.0,,,oasis/bottle,,0.0,,,,,
,,,,,,,,,,,,,,,14.0,,,,,,,,,1.0,,,0.0,,,,,0.0,,,,,0.0,,,,,,,,,,,local.mqtt.telegraf,33.0,,38.28,,,,,,periodic,,17.0,,,,,5.0,5,08a6f76bd428,,,94176.0,43264.0,,6.0,230.0,,,,,,,,,,,,,231.0,,,,,08a6f76bd428-231,,,0.0,,,,,,,272.0,231.0,08:A6:F7:6B:D4:28,,,,,,11511.0,15.0,49.0,20.0,20.0,29.0,,,0.0,20.0,384.0,23.0,3.0,,,,2739016,1786523515271,2739030,1786523515285,,1786523515254.0,29.0,2026-08-12T08:31:56.3051455Z,45.0,,,oasis/bottle,,0.0,,,,,
,,,,,,,,,,,,,,,14.0,,,,,,,,,1.0,,,0.0,,,,,0.0,,,,,0.0,,,,,,,,,,,local.mqtt.telegraf,33.0,,38.32,,,,,,periodic,,17.0,,,,,6.0,5,08a6f76bd428,,,85136.0,43264.0,,6.0,231.0,,,,,,,,,,,,,232.0,,,,,08a6f76bd428-232,,,0.0,,,,,,,273.0,232.0,08:A6:F7:6B:D4:28,,,,,,12791.0,15.0,49.0,20.0,20.0,29.0,,,0.0,20.0,384.0,23.0,3.0,,,,2740296,1786523516551,2740310,1786523516565,,1786523516534.0,29.0,2026-08-12T08:31:57.5911488Z,45.0,,,oasis/bottle,,0.0,,,,,
,,,,,,,,,,,,,,,14.0,,,,,,,,,1.0,,,0.0,,,,,0.0,,,,,0.0,,,,,,,,,,,local.mqtt.telegraf,33.0,,38.32,,,,,,periodic,,17.0,,,,,5.0,5,08a6f76bd428,,,75456.0,43264.0,,5.0,232.0,,,,,,,,,,,,,233.0,,,,,08a6f76bd428-233,,,0.0,,,,,,,272.0,233.0,08:A6:F7:6B:D4:28,,,,,,14151.0,15.0,49.0,20.0,20.0,29.0,,,0.0,20.0,384.0,23.0,3.0,,,,2741656,1786523517911,2741670,1786523517925,,1786523517894.0,29.0,2026-08-12T08:31:58.9697008Z,45.0,,,oasis/bottle,,0.0,,,,,
,,,,,,,,,,,,,,,14.0,,,,,,,,,1.0,,,0.0,,,,,0.0,,,,,0.0,,,,,,,,,,,local.mqtt.telegraf,33.0,,38.37,,,,,,periodic,,17.0,,,,,5.0,5,08a6f76bd428,,,64480.0,43264.0,,6.0,233.0,,,,,,,,,,,,,234.0,,,,,08a6f76bd428-234,,,0.0,,,,,,,272.0,234.0,08:A6:F7:6B:D4:28,,,,,,15671.0,15.0,49.0,20.0,20.0,29.0,,,0.0,20.0,384.0,23.0,3.0,,,,2743176,1786523519431,2743190,1786523519445,,1786523519414.0,29.0,2026-08-12T08:32:00.4743448Z,45.0,,,oasis/bottle,,0.0,,,,,
,,,,,,,,,,,,,,,13.0,,,,,,,,,1.0,,,0.0,,,,,0.0,,,,,0.0,,,,,,,,,,,local.mqtt.telegraf,33.0,,38.24,,,,,,periodic,,18.0,,,,,6.0,5,08a6f76bd428,,,55472.0,43264.0,,6.0,234.0,,,,,,,,,,,,,235.0,,,,,08a6f76bd428-235,,,0.0,,,,,,,272.0,235.0,08:A6:F7:6B:D4:28,,,,,,16901.0,15.0,49.0,20.0,20.0,29.0,,,0.0,20.0,384.0,23.0,3.0,,,,2744406,1786523520661,2744419,1786523520674,,1786523520643.0,29.0,2026-08-12T08:32:01.7069593Z,45.0,,,oasis/bottle,,0.0,,,,,
,,,,,,,,,,,,,,,13.0,,,,,,,,,1.0,,,0.0,,,,,0.0,,,,,0.0,,,,,,,,,,,local.mqtt.telegraf,33.0,,38.35,,,,,,periodic,,27.0,,,,,5.0,5,08a6f76bd428,,,46464.0,43264.0,,6.0,235.0,,,,,,,,,,,,,236.0,,,,,08a6f76bd428-236,,,0.0,,,,,,,272.0,236.0,08:A6:F7:6B:D4:28,,,,,,18161.0,15.0,49.0,20.0,20.0,29.0,,,0.0,20.0,384.0,23.0,3.0,,,,2745676,1786523521931,2745689,1786523521944,,1786523521904.0,29.0,2026-08-12T08:32:02.9716873Z,45.0,,,oasis/bottle,,0.0,,,,,
,,,,,,,,,,,,,,,13.0,,,,,,,,,1.0,,,0.0,,,,,0.0,,,,,0.0,,,,,,,,,,,local.mqtt.telegraf,33.0,,38.28,,,,,,periodic,,28.0,,,,,6.0,5,08a6f76bd428,,,116704.0,43264.0,,6.0,236.0,,,,,,,,,,,,,237.0,,,,,08a6f76bd428-237,,,0.0,,,,,,,272.0,237.0,08:A6:F7:6B:D4:28,,,,,,19481.0,15.0,49.0,20.0,20.0,29.0,,,0.0,20.0,384.0,23.0,3.0,,,,2746996,1786523523251,2747009,1786523523264,,1786523523223.0,29.0,2026-08-12T08:32:04.2928086Z,45.0,,,oasis/bottle,,0.0,,,,,
,,,,,,,,,,,,,,,13.0,,,,,,,,,1.0,,,0.0,,,,,0.0,,,,,0.0,,,,,,,,,,,local.mqtt.telegraf,33.0,,38.25,,,,,,periodic,,26.0,,,,,5.0,5,08a6f76bd428,,,95024.0,43264.0,,7.0,237.0,,,,,,,,,,,,,238.0,,,,,08a6f76bd428-238,,,0.0,,,,,,,273.0,238.0,08:A6:F7:6B:D4:28,,,,,,681.0,16.0,29.0,20.0,20.0,9.0,,,0.0,20.0,363.0,23.0,3.0,,,,2748435,1786523524690,2748448,1786523524703,,1786523524664.0,29.0,2026-08-12T08:32:05.726135Z,47.0,,,oasis/bottle,,0.0,,,,,
,,,,,,,,,,,,,,,13.0,,,,,,,,,1.0,,,0.0,,,,,0.0,,,,,0.0,,,,,,,,,,,local.mqtt.telegraf,33.0,,38.17,,,,,,periodic,,28.0,,,,,6.0,5,08a6f76bd428,,,86672.0,43264.0,,10.0,238.0,,,,,,,,,,,,,239.0,,,,,08a6f76bd428-239,,,0.0,,,,,,,272.0,239.0,08:A6:F7:6B:D4:28,,,,,,1761.0,16.0,29.0,20.0,20.0,9.0,,,0.0,20.0,363.0,23.0,3.0,,,,2749516,1786523525771,2749529,1786523525784,,1786523525743.0,29.0,2026-08-12T08:32:06.8094068Z,47.0,,,oasis/bottle,,0.0,,,,,
,,,,,,,,,,,,,,,13.0,,,,,,,,,1.0,,,0.0,,,,,0.0,,,,,0.0,,,,,,,,,,,local.mqtt.telegraf,33.0,,38.17,,,,,,periodic,,28.0,,,,,6.0,5,08a6f76bd428,,,75696.0,43264.0,,7.0,239.0,,,,,,,,,,,,,240.0,,,,,08a6f76bd428-240,,,0.0,,,,,,,272.0,240.0,08:A6:F7:6B:D4:28,,,,,,3311.0,16.0,29.0,20.0,20.0,9.0,,,0.0,20.0,363.0,23.0,3.0,,,,2751066,1786523527321,2751079,1786523527334,,1786523527293.0,29.0,2026-08-12T08:32:08.3746888Z,47.0,,,oasis/bottle,,0.0,,,,,
,,,,,,,,,,,,,,,13.0,,,,,,,,,1.0,,,0.0,,,,,0.0,,,,,0.0,,,,,,,,,,,local.mqtt.telegraf,33.0,,38.04,,,,,,periodic,,28.0,,,,,6.0,5,08a6f76bd428,,,65200.0,43264.0,,8.0,240.0,,,,,,,,,,,,,241.0,,,,,08a6f76bd428-241,,,0.0,,,,,,,272.0,241.0,08:A6:F7:6B:D4:28,,,,,,4651.0,16.0,29.0,20.0,20.0,9.0,,,0.0,20.0,363.0,23.0,3.0,,,,2752406,1786523528661,2752419,1786523528674,,1786523528633.0,29.0,2026-08-12T08:32:09.7030627Z,47.0,,,oasis/bottle,,0.0,,,,,
,,,,,,,,,,,,,,,13.0,,,,,,,,,1.0,,,0.0,,,,,0.0,,,,,0.0,,,,,,,,,,,local.mqtt.telegraf,33.0,,37.86,,,,,,periodic,,18.0,,,,,5.0,5,08a6f76bd428,,,54880.0,43264.0,,6.0,241.0,,,,,,,,,,,,,242.0,,,,,08a6f76bd428-242,,,0.0,,,,,,,272.0,242.0,08:A6:F7:6B:D4:28,,,,,,6091.0,16.0,29.0,20.0,20.0,9.0,,,0.0,20.0,363.0,23.0,3.0,,,,2753837,1786523530092,2753850,1786523530105,,1786523530074.0,29.0,2026-08-12T08:32:11.1437291Z,47.0,,,oasis/bottle,,0.0,,,,,
,,,,,,,,,,,,,,,13.0,,,,,,,,,1.0,,,0.0,,,,,0.0,,,,,0.0,,,,,,,,,,,local.mqtt.telegraf,33.0,,37.86,,,,,,periodic,,18.0,,,,,5.0,5,08a6f76bd428,,,46528.0,43264.0,,6.0,242.0,,,,,,,,,,,,,243.0,,,,,08a6f76bd428-243,,,0.0,,,,,,,272.0,243.0,08:A6:F7:6B:D4:28,,,,,,7161.0,16.0,29.0,20.0,20.0,9.0,,,0.0,20.0,363.0,23.0,3.0,,,,2754907,1786523531162,2754920,1786523531175,,1786523531144.0,29.0,2026-08-12T08:32:12.2039637Z,47.0,,,oasis/bottle,,0.0,,,,,
,,,,,,,,,,,,,,,13.0,,,,,,,,,1.0,,,0.0,,,,,0.0,,,,,0.0,,,,,,,,,,,local.mqtt.telegraf,33.0,,37.81,,,,,,periodic,,28.0,,,,,6.0,5,08a6f76bd428,,,115392.0,43264.0,,6.0,243.0,,,,,,,,,,,,,244.0,,,,,08a6f76bd428-244,,,0.0,,,,,,,272.0,244.0,08:A6:F7:6B:D4:28,,,,,,8701.0,16.0,29.0,20.0,20.0,9.0,,,0.0,20.0,363.0,23.0,3.0,,,,2756456,1786523532711,2756469,1786523532724,,1786523532683.0,29.0,2026-08-12T08:32:13.7669497Z,47.0,,,oasis/bottle,,0.0,,,,,
,,,,,,,,,,,,,,,13.0,,,,,,,,,1.0,,,0.0,,,,,0.0,,,,,0.0,,,,,,,,,,,local.mqtt.telegraf,33.0,,37.7,,,,,,periodic,,27.0,,,,,6.0,5,08a6f76bd428,,,106352.0,43264.0,,7.0,244.0,,,,,,,,,,,,,245.0,,,,,08a6f76bd428-245,,,0.0,,,,,,,273.0,245.0,08:A6:F7:6B:D4:28,,,,,,9981.0,16.0,29.0,20.0,20.0,9.0,,,0.0,20.0,363.0,23.0,3.0,,,,2757736,1786523533991,2757749,1786523534004,,1786523533964.0,29.0,2026-08-12T08:32:15.0424547Z,47.0,,,oasis/bottle,,0.0,,,,,
,,,,,,,,,,,,,,,14.0,,,,,,,,,1.0,,,0.0,,,,,0.0,,,,,0.0,,,,,,,,,,,local.mqtt.telegraf,33.0,,37.26,,,,,,periodic,,18.0,,,,,6.0,5,08a6f76bd428,,,96672.0,43264.0,,5.0,245.0,,,,,,,,,,,,,246.0,,,,,08a6f76bd428-246,,,0.0,,,,,,,272.0,246.0,08:A6:F7:6B:D4:28,,,,,,11341.0,16.0,29.0,20.0,20.0,9.0,,,0.0,20.0,363.0,23.0,3.0,,,,2759086,1786523535341,2759100,1786523535355,,1786523535323.0,29.0,2026-08-12T08:32:16.3703182Z,47.0,,,oasis/bottle,,0.0,,,,,
,,,,,,,,,,,,,,,14.0,,,,,,,,,1.0,,,0.0,,,,,0.0,,,,,0.0,,,,,,,,,,,local.mqtt.telegraf,33.0,,36.94,,,,,,periodic,,18.0,,,,,6.0,5,08a6f76bd428,,,85696.0,43264.0,,6.0,246.0,,,,,,,,,,,,,247.0,,,,,08a6f76bd428-247,,,0.0,,,,,,,272.0,247.0,08:A6:F7:6B:D4:28,,,,,,12861.0,16.0,29.0,20.0,20.0,9.0,,,0.0,20.0,363.0,23.0,3.0,,,,2760606,1786523536861,2760620,1786523536875,,1786523536843.0,29.0,2026-08-12T08:32:17.9168858Z,47.0,,,oasis/bottle,,0.0,,,,,
,,,,,,,,,,,,,,,13.0,,,,,,,,,1.0,,,0.0,,,,,0.0,,,,,0.0,,,,,,,,,,,local.mqtt.telegraf,33.0,,36.75,,,,,,periodic,,18.0,,,,,5.0,5,08a6f76bd428,,,76688.0,43264.0,,6.0,247.0,,,,,,,,,,,,,248.0,,,,,08a6f76bd428-248,,,0.0,,,,,,,272.0,248.0,08:A6:F7:6B:D4:28,,,,,,14091.0,16.0,29.0,20.0,20.0,9.0,,,0.0,20.0,363.0,23.0,3.0,,,,2761837,1786523538092,2761850,1786523538105,,1786523538074.0,29.0,2026-08-12T08:32:19.1417506Z,47.0,,,oasis/bottle,,0.0,,,,,
,,,,,,,,,,,,,,,14.0,,,,,,,,,1.0,,,0.0,,,,,0.0,,,,,0.0,,,,,,,,,,,local.mqtt.telegraf,33.0,,35.89,,,,,,periodic,,17.0,,,,,5.0,5,08a6f76bd428,,,67680.0,43264.0,,6.0,248.0,,,,,,,,,,,,,249.0,,,,,08a6f76bd428-249,,,0.0,,,,,,,272.0,249.0,08:A6:F7:6B:D4:28,,,,,,15351.0,16.0,29.0,20.0,20.0,9.0,,,0.0,20.0,363.0,23.0,3.0,,,,2763096,1786523539351,2763110,1786523539365,,1786523539334.0,29.0,2026-08-12T08:32:20.4055207Z,47.0,,,oasis/bottle,,0.0,,,,,
,,,,,,,,,,,,,,,13.0,,,,,,,,,1.0,,,0.0,,,,,0.0,,,,,0.0,,,,,,,,,,,local.mqtt.telegraf,33.0,,34.17,,,,,,periodic,,19.0,,,,,6.0,5,08a6f76bd428,,,58016.0,43264.0,,6.0,249.0,,,,,,,,,,,,,250.0,,,,,08a6f76bd428-250,,,0.0,,,,,,,272.0,250.0,08:A6:F7:6B:D4:28,,,,,,16671.0,16.0,29.0,20.0,20.0,9.0,,,0.0,20.0,363.0,23.0,3.0,,,,2764417,1786523540672,2764430,1786523540685,,1786523540653.0,29.0,2026-08-12T08:32:21.705927Z,47.0,,,oasis/bottle,,0.0,,,,,
,,,,,,,,,,,,,,,13.0,,,,,,,,,1.0,,,0.0,,,,,0.0,,,,,0.0,,,,,,,,,,,local.mqtt.telegraf,33.0,,32.45,,,,,,periodic,,19.0,,,,,6.0,5,08a6f76bd428,,,47696.0,43264.0,,6.0,250.0,,,,,,,,,,,,,251.0,,,,,08a6f76bd428-251,,,0.0,,,,,,,272.0,251.0,08:A6:F7:6B:D4:28,,,,,,18111.0,16.0,29.0,20.0,20.0,9.0,,,0.0,20.0,363.0,23.0,3.0,,,,2765857,1786523542112,2765870,1786523542125,,1786523542093.0,29.0,2026-08-12T08:32:23.1566915Z,47.0,,,oasis/bottle,,0.0,,,,,
,,,,,,,,,,,,,,,13.0,,,,,,,,,1.0,,,0.0,,,,,0.0,,,,,0.0,,,,,,,,,,,local.mqtt.telegraf,33.0,,31.99,,,,,,periodic,,28.0,,,,,6.0,5,08a6f76bd428,,,119312.0,43264.0,,6.0,251.0,,,,,,,,,,,,,252.0,,,,,08a6f76bd428-252,,,0.0,,,,,,,272.0,252.0,08:A6:F7:6B:D4:28,,,,,,19181.0,16.0,29.0,20.0,20.0,9.0,,,0.0,20.0,363.0,23.0,3.0,,,,2766936,1786523543191,2766949,1786523543204,,1786523543163.0,29.0,2026-08-12T08:32:24.2343921Z,47.0,,,oasis/bottle,,0.0,,,,,
,,,,,,,,,,,,,,,13.0,,,,,,,,,1.0,,,0.0,,,,,0.0,,,,,0.0,,,,,,,,,,,local.mqtt.telegraf,33.0,,31.76,,,,,,periodic,,25.0,,,,,6.0,5,08a6f76bd428,,,96368.0,43264.0,,12.0,252.0,,,,,,,,,,,,,253.0,,,,,08a6f76bd428-253,,,0.0,,,,,,,273.0,253.0,08:A6:F7:6B:D4:28,,,,,,482.0,17.0,28.0,21.0,21.0,7.0,,,0.0,20.0,365.0,23.0,3.0,,,,2768635,1786523544890,2768648,1786523544903,,1786523544865.0,29.0,2026-08-12T08:32:25.9268149Z,50.0,,,oasis/bottle,,0.0,,,,,
,,,,,,,,,,,,,,,13.0,,,,,,,,,1.0,,,0.0,,,,,0.0,,,,,0.0,,,,,,,,,,,local.mqtt.telegraf,33.0,,31.79,,,,,,periodic,,28.0,,,,,6.0,5,08a6f76bd428,,,86048.0,43264.0,,6.0,253.0,,,,,,,,,,,,,254.0,,,,,08a6f76bd428-254,,,0.0,,,,,,,272.0,254.0,08:A6:F7:6B:D4:28,,,,,,1921.0,17.0,28.0,21.0,21.0,7.0,,,0.0,20.0,365.0,23.0,3.0,,,,2770076,1786523546331,2770089,1786523546344,,1786523546303.0,29.0,2026-08-12T08:32:27.3700653Z,50.0,,,oasis/bottle,,0.0,,,,,
,,,,,,,,,,,,,,,14.0,,,,,,,,,1.0,,,0.0,,,,,0.0,,,,,0.0,,,,,,,,,,,local.mqtt.telegraf,33.0,,31.72,,,,,,periodic,,17.0,,,,,5.0,5,08a6f76bd428,,,77696.0,43264.0,,9.0,254.0,,,,,,,,,,,,,255.0,,,,,08a6f76bd428-255,,,0.0,,,,,,,272.0,255.0,08:A6:F7:6B:D4:28,,,,,,3001.0,17.0,28.0,21.0,21.0,7.0,,,0.0,20.0,365.0,23.0,3.0,,,,2771146,1786523547401,2771160,1786523547415,,1786523547384.0,29.0,2026-08-12T08:32:28.4368972Z,50.0,,,oasis/bottle,,0.0,,,,,
,,,,,,,,,,,,,,,14.0,,,,,,,,,1.0,,,0.0,,,,,0.0,,,,,0.0,,,,,,,,,,,local.mqtt.telegraf,33.0,,31.79,,,,,,periodic,,17.0,,,,,5.0,5,08a6f76bd428,,,66720.0,43264.0,,6.0,255.0,,,,,,,,,,,,,256.0,,,,,08a6f76bd428-256,,,0.0,,,,,,,272.0,256.0,08:A6:F7:6B:D4:28,,,,,,4561.0,17.0,28.0,21.0,21.0,7.0,,,0.0,20.0,365.0,23.0,3.0,,,,2772706,1786523548961,2772720,1786523548975,,1786523548944.0,29.0,2026-08-12T08:32:30.0076753Z,50.0,,,oasis/bottle,,0.0,,,,,
,,,,,,,,,,,,,,,14.0,,,,,,,,,1.0,,,0.0,,,,,0.0,,,,,0.0,,,,,,,,,,,local.mqtt.telegraf,33.0,,31.74,,,,,,periodic,,17.0,,,,,5.0,5,08a6f76bd428,,,57056.0,43264.0,,6.0,256.0,,,,,,,,,,,,,257.0,,,,,08a6f76bd428-257,,,0.0,,,,,,,272.0,257.0,08:A6:F7:6B:D4:28,,,,,,5871.0,17.0,28.0,21.0,21.0,7.0,,,0.0,20.0,365.0,23.0,3.0,,,,2774016,1786523550271,2774030,1786523550285,,1786523550254.0,29.0,2026-08-12T08:32:31.3067019Z,50.0,,,oasis/bottle,,0.0,,,,,
,,,,,,,,,,,,,,,13.0,,,,,,,,,1.0,,,0.0,,,,,0.0,,,,,0.0,,,,,,,,,,,local.mqtt.telegraf,33.0,,31.85,,,,,,periodic,,17.0,,,,,5.0,5,08a6f76bd428,,,46736.0,43264.0,,6.0,257.0,,,,,,,,,,,,,258.0,,,,,08a6f76bd428-258,,,0.0,,,,,,,272.0,258.0,08:A6:F7:6B:D4:28,,,,,,7291.0,17.0,28.0,21.0,21.0,7.0,,,0.0,20.0,365.0,23.0,3.0,,,,2775436,1786523551691,2775449,1786523551704,,1786523551674.0,29.0,2026-08-12T08:32:32.736182Z,50.0,,,oasis/bottle,,0.0,,,,,
,,,,,,,,,,,,,,,14.0,,,,,,,,,1.0,,,0.0,,,,,0.0,,,,,0.0,,,,,,,,,,,local.mqtt.telegraf,33.0,,31.8,,,,,,periodic,,19.0,,,,,6.0,5,08a6f76bd428,,,118688.0,43264.0,,6.0,258.0,,,,,,,,,,,,,259.0,,,,,08a6f76bd428-259,,,0.0,,,,,,,272.0,259.0,08:A6:F7:6B:D4:28,,,,,,8331.0,17.0,28.0,21.0,21.0,7.0,,,0.0,20.0,365.0,23.0,3.0,,,,2776477,1786523552732,2776491,1786523552746,,1786523552713.0,29.0,2026-08-12T08:32:33.772877Z,50.0,,,oasis/bottle,,0.0,,,,,
,,,,,,,,,,,,,,,13.0,,,,,,,,,1.0,,,0.0,,,,,0.0,,,,,0.0,,,,,,,,,,,local.mqtt.telegraf,33.0,,31.85,,,,,,periodic,,17.0,,,,,5.0,5,08a6f76bd428,,,108368.0,43264.0,,6.0,259.0,,,,,,,,,,,,,260.0,,,,,08a6f76bd428-260,,,0.0,,,,,,,272.0,260.0,08:A6:F7:6B:D4:28,,,,,,9811.0,17.0,28.0,21.0,21.0,7.0,,,0.0,20.0,365.0,23.0,3.0,,,,2777956,1786523554211,2777969,1786523554224,,1786523554194.0,29.0,2026-08-12T08:32:35.2578745Z,50.0,,,oasis/bottle,,0.0,,,,,
,,,,,,,,,,,,,,,14.0,,,,,,,,,1.0,,,0.0,,,,,0.0,,,,,0.0,,,,,,,,,,,local.mqtt.telegraf,33.0,,31.76,,,,,,periodic,,17.0,,,,,5.0,5,08a6f76bd428,,,100016.0,43264.0,,6.0,260.0,,,,,,,,,,,,,261.0,,,,,08a6f76bd428-261,,,0.0,,,,,,,272.0,261.0,08:A6:F7:6B:D4:28,,,,,,10961.0,17.0,28.0,21.0,21.0,7.0,,,0.0,20.0,365.0,23.0,3.0,,,,2779106,1786523555361,2779120,1786523555375,,1786523555344.0,29.0,2026-08-12T08:32:36.4075418Z,50.0,,,oasis/bottle,,0.0,,,,,
,,,,,,,,,,,,,,,13.0,,,,,,,,,1.0,,,0.0,,,,,0.0,,,,,0.0,,,,,,,,,,,local.mqtt.telegraf,33.0,,31.79,,,,,,periodic,,28.0,,,,,6.0,5,08a6f76bd428,,,91664.0,43264.0,,6.0,261.0,,,,,,,,,,,,,262.0,,,,,08a6f76bd428-262,,,0.0,,,,,,,272.0,262.0,08:A6:F7:6B:D4:28,,,,,,12061.0,17.0,28.0,21.0,21.0,7.0,,,0.0,20.0,365.0,23.0,3.0,,,,2780216,1786523556471,2780229,1786523556484,,1786523556443.0,29.0,2026-08-12T08:32:37.5059082Z,50.0,,,oasis/bottle,,0.0,,,,,
,,,,,,,,,,,,,,,14.0,,,,,,,,,1.0,,,0.0,,,,,0.0,,,,,0.0,,,,,,,,,,,local.mqtt.telegraf,33.0,,31.71,,,,,,periodic,,17.0,,,,,5.0,5,08a6f76bd428,,,83968.0,43264.0,,6.0,262.0,,,,,,,,,,,,,263.0,,,,,08a6f76bd428-263,,,0.0,,,,,,,272.0,263.0,08:A6:F7:6B:D4:28,,,,,,13061.0,17.0,28.0,21.0,21.0,7.0,,,0.0,20.0,365.0,23.0,3.0,,,,2781206,1786523557461,2781220,1786523557475,,1786523557444.0,29.0,2026-08-12T08:32:38.503186Z,50.0,,,oasis/bottle,,0.0,,,,,
,,,,,,,,,,,,,,,14.0,,,,,,,,,1.0,,,0.0,,,,,0.0,,,,,0.0,,,,,,,,,,,local.mqtt.telegraf,33.0,,31.67,,,,,,periodic,,18.0,,,,,6.0,5,08a6f76bd428,,,73648.0,43264.0,,6.0,263.0,,,,,,,,,,,,,264.0,,,,,08a6f76bd428-264,,,0.0,,,,,,,272.0,264.0,08:A6:F7:6B:D4:28,,,,,,14461.0,17.0,28.0,21.0,21.0,7.0,,,0.0,20.0,365.0,23.0,3.0,,,,2782606,1786523558861,2782620,1786523558875,,1786523558843.0,29.0,2026-08-12T08:32:39.9052509Z,50.0,,,oasis/bottle,,0.0,,,,,
,,,,,,,,,,,,,,,14.0,,,,,,,,,1.0,,,0.0,,,,,0.0,,,,,0.0,,,,,,,,,,,local.mqtt.telegraf,33.0,,31.72,,,,,,periodic,,18.0,,,,,6.0,5,08a6f76bd428,,,65952.0,43264.0,,5.0,264.0,,,,,,,,,,,,,265.0,,,,,08a6f76bd428-265,,,0.0,,,,,,,272.0,265.0,08:A6:F7:6B:D4:28,,,,,,15461.0,17.0,28.0,21.0,21.0,7.0,,,0.0,20.0,365.0,23.0,3.0,,,,2783606,1786523559861,2783620,1786523559875,,1786523559843.0,29.0,2026-08-12T08:32:40.9035459Z,50.0,,,oasis/bottle,,0.0,,,,,
,,,,,,,,,,,,,,,13.0,,,,,,,,,1.0,,,0.0,,,,,0.0,,,,,0.0,,,,,,,,,,,local.mqtt.telegraf,33.0,,31.79,,,,,,periodic,,27.0,,,,,5.0,5,08a6f76bd428,,,56256.0,43264.0,,6.0,265.0,,,,,,,,,,,,,266.0,,,,,08a6f76bd428-266,,,0.0,,,,,,,273.0,266.0,08:A6:F7:6B:D4:28,,,,,,16851.0,17.0,28.0,21.0,21.0,7.0,,,0.0,20.0,365.0,23.0,3.0,,,,2785006,1786523561261,2785019,1786523561274,,1786523561234.0,29.0,2026-08-12T08:32:42.3067573Z,50.0,,,oasis/bottle,,0.0,,,,,
,,,,,,,,,,,,,,,13.0,,,,,,,,,1.0,,,0.0,,,,,0.0,,,,,0.0,,,,,,,,,,,local.mqtt.telegraf,33.0,,31.94,,,,,,periodic,,28.0,,,,,6.0,5,08a6f76bd428,,,45264.0,43264.0,,6.0,266.0,,,,,,,,,,,,,267.0,,,,,08a6f76bd428-267,,,0.0,,,,,,,272.0,267.0,08:A6:F7:6B:D4:28,,,,,,18431.0,17.0,28.0,21.0,21.0,7.0,,,0.0,20.0,365.0,23.0,3.0,,,,2786586,1786523562841,2786599,1786523562854,,1786523562813.0,29.0,2026-08-12T08:32:43.8719942Z,50.0,,,oasis/bottle,,0.0,,,,,
,,,,,,,,,,,,,,,14.0,,,,,,,,,1.0,,,0.0,,,,,0.0,,,,,0.0,,,,,,,,,,,local.mqtt.telegraf,33.0,,31.78,,,,,,periodic,,18.0,,,,,6.0,5,08a6f76bd428,,,114080.0,43264.0,,5.0,267.0,,,,,,,,,,,,,268.0,,,,,08a6f76bd428-268,,,0.0,,,,,,,272.0,268.0,08:A6:F7:6B:D4:28,,,,,,19801.0,17.0,28.0,21.0,21.0,7.0,,,0.0,20.0,365.0,23.0,3.0,,,,2787946,1786523564201,2787960,1786523564215,,1786523564183.0,29.0,2026-08-12T08:32:45.2385363Z,50.0,,,oasis/bottle,,0.0,,,,,
,,,,,,,,,,,,,,,14.0,,,,,,,,,1.0,,,0.0,,,,,0.0,,,,,0.0,,,,,,,,,,,local.mqtt.telegraf,33.0,,31.82,,,,,,periodic,,27.0,,,,,5.0,5,08a6f76bd428,,,92448.0,43264.0,,6.0,268.0,,,,,,,,,,,,,269.0,,,,,08a6f76bd428-269,,,0.0,,,,,,,273.0,269.0,08:A6:F7:6B:D4:28,,,,,,771.0,18.0,29.0,20.0,20.0,9.0,,,0.0,20.0,364.0,23.0,3.0,,,,2789486,1786523565741,2789500,1786523565755,,1786523565714.0,29.0,2026-08-12T08:32:46.7862574Z,54.0,,,oasis/bottle,,0.0,,,,,
,,,,,,,,,,,,,,,13.0,,,,,,,,,1.0,,,0.0,,,,,0.0,,,,,0.0,,,,,,,,,,,local.mqtt.telegraf,33.0,,31.76,,,,,,periodic,,17.0,,,,,5.0,5,08a6f76bd428,,,83440.0,43264.0,,5.0,269.0,,,,,,,,,,,,,270.0,,,,,08a6f76bd428-270,,,0.0,,,,,,,272.0,270.0,08:A6:F7:6B:D4:28,,,,,,2031.0,18.0,29.0,20.0,20.0,9.0,,,0.0,20.0,364.0,23.0,3.0,,,,2790736,1786523566991,2790749,1786523567004,,1786523566974.0,29.0,2026-08-12T08:32:48.0236566Z,54.0,,,oasis/bottle,,0.0,,,,,
,,,,,,,,,,,,,,,13.0,,,,,,,,,1.0,,,0.0,,,,,0.0,,,,,0.0,,,,,,,,,,,local.mqtt.telegraf,33.0,,31.66,,,,,,periodic,,17.0,,,,,5.0,5,08a6f76bd428,,,72944.0,43264.0,,6.0,270.0,,,,,,,,,,,,,271.0,,,,,08a6f76bd428-271,,,0.0,,,,,,,273.0,271.0,08:A6:F7:6B:D4:28,,,,,,3391.0,18.0,29.0,20.0,20.0,9.0,,,0.0,20.0,364.0,23.0,3.0,,,,2792096,1786523568351,2792109,1786523568364,,1786523568334.0,29.0,2026-08-12T08:32:49.3871445Z,54.0,,,oasis/bottle,,0.0,,,,,
,,,,,,,,,,,,,,,14.0,,,,,,,,,1.0,,,0.0,,,,,0.0,,,,,0.0,,,,,,,,,,,local.mqtt.telegraf,33.0,,31.76,,,,,,periodic,,27.0,,,,,5.0,5,08a6f76bd428,,,62624.0,43264.0,,6.0,271.0,,,,,,,,,,,,,272.0,,,,,08a6f76bd428-272,,,0.0,,,,,,,272.0,272.0,08:A6:F7:6B:D4:28,,,,,,4861.0,18.0,29.0,20.0,20.0,9.0,,,0.0,20.0,364.0,23.0,3.0,,,,2793576,1786523569831,2793590,1786523569845,,1786523569804.0,29.0,2026-08-12T08:32:50.8711249Z,54.0,,,oasis/bottle,,0.0,,,,,
,,,,,,,,,,,,,,,14.0,,,,,,,,,1.0,,,0.0,,,,,0.0,,,,,0.0,,,,,,,,,,,local.mqtt.telegraf,33.0,,31.71,,,,,,periodic,,18.0,,,,,5.0,5,08a6f76bd428,,,54272.0,43264.0,,9.0,272.0,,,,,,,,,,,,,273.0,,,,,08a6f76bd428-273,,,0.0,,,,,,,272.0,273.0,08:A6:F7:6B:D4:28,,,,,,6001.0,18.0,29.0,20.0,20.0,9.0,,,0.0,20.0,364.0,23.0,3.0,,,,2794707,1786523570962,2794721,1786523570976,,1786523570944.0,29.0,2026-08-12T08:32:52.0048775Z,54.0,,,oasis/bottle,,0.0,,,,,
,,,,,,,,,,,,,,,13.0,,,,,,,,,1.0,,,0.0,,,,,0.0,,,,,0.0,,,,,,,,,,,local.mqtt.telegraf,33.0,,31.71,,,,,,periodic,,27.0,,,,,5.0,5,08a6f76bd428,,,45920.0,43264.0,,6.0,273.0,,,,,,,,,,,,,274.0,,,,,08a6f76bd428-274,,,0.0,,,,,,,272.0,274.0,08:A6:F7:6B:D4:28,,,,,,7081.0,18.0,29.0,20.0,20.0,9.0,,,0.0,20.0,364.0,23.0,3.0,,,,2795796,1786523572051,2795809,1786523572064,,1786523572024.0,29.0,2026-08-12T08:32:53.0911324Z,54.0,,,oasis/bottle,,0.0,,,,,
,,,,,,,,,,,,,,,14.0,,,,,,,,,1.0,,,0.0,,,,,0.0,,,,,0.0,,,,,,,,,,,local.mqtt.telegraf,33.0,,31.62,,,,,,periodic,,17.0,,,,,5.0,5,08a6f76bd428,,,113680.0,43264.0,,5.0,274.0,,,,,,,,,,,,,275.0,,,,,08a6f76bd428-275,,,0.0,,,,,,,272.0,275.0,08:A6:F7:6B:D4:28,,,,,,8651.0,18.0,29.0,20.0,20.0,9.0,,,0.0,20.0,364.0,23.0,3.0,,,,2797356,1786523573611,2797370,1786523573625,,1786523573594.0,29.0,2026-08-12T08:32:54.6507414Z,54.0,,,oasis/bottle,,0.0,,,,,
,,,,,,,,,,,,,,,13.0,,,,,,,,,1.0,,,0.0,,,,,0.0,,,,,0.0,,,,,,,,,,,local.mqtt.telegraf,33.0,,31.66,,,,,,periodic,,17.0,,,,,5.0,5,08a6f76bd428,,,104016.0,43264.0,,6.0,275.0,,,,,,,,,,,,,276.0,,,,,08a6f76bd428-276,,,0.0,,,,,,,272.0,276.0,08:A6:F7:6B:D4:28,,,,,,9971.0,18.0,29.0,20.0,20.0,9.0,,,0.0,20.0,364.0,23.0,3.0,,,,2798676,1786523574931,2798689,1786523574944,,1786523574914.0,29.0,2026-08-12T08:32:55.9710357Z,54.0,,,oasis/bottle,,0.0,,,,,
,,,,,,,,,,,,,,,13.0,,,,,,,,,1.0,,,0.0,,,,,0.0,,,,,0.0,,,,,,,,,,,local.mqtt.telegraf,33.0,,31.67,,,,,,periodic,,27.0,,,,,5.0,5,08a6f76bd428,,,93696.0,43264.0,,6.0,276.0,,,,,,,,,,,,,277.0,,,,,08a6f76bd428-277,,,0.0,,,,,,,272.0,277.0,08:A6:F7:6B:D4:28,,,,,,11411.0,18.0,29.0,20.0,20.0,9.0,,,0.0,20.0,364.0,23.0,3.0,,,,2800126,1786523576381,2800139,1786523576394,,1786523576354.0,29.0,2026-08-12T08:32:57.4498942Z,54.0,,,oasis/bottle,,0.0,,,,,
,,,,,,,,,,,,,,,14.0,,,,,,,,,1.0,,,0.0,,,,,0.0,,,,,0.0,,,,,,,,,,,local.mqtt.telegraf,33.0,,31.62,,,,,,periodic,,17.0,,,,,5.0,5,08a6f76bd428,,,85344.0,43264.0,,6.0,277.0,,,,,,,,,,,,,278.0,,,,,08a6f76bd428-278,,,0.0,,,,,,,272.0,278.0,08:A6:F7:6B:D4:28,,,,,,12491.0,18.0,29.0,20.0,20.0,9.0,,,0.0,20.0,364.0,23.0,3.0,,,,2801196,1786523577451,2801210,1786523577465,,1786523577434.0,29.0,2026-08-12T08:32:58.4994398Z,54.0,,,oasis/bottle,,0.0,,,,,
,,,,,,,,,,,,,,,13.0,,,,,,,,,1.0,,,0.0,,,,,0.0,,,,,0.0,,,,,,,,,,,local.mqtt.telegraf,33.0,,31.78,,,,,,periodic,,28.0,,,,,6.0,5,08a6f76bd428,,,74368.0,43264.0,,6.0,278.0,,,,,,,,,,,,,279.0,,,,,08a6f76bd428-279,,,0.0,,,,,,,272.0,279.0,08:A6:F7:6B:D4:28,,,,,,14051.0,18.0,29.0,20.0,20.0,9.0,,,0.0,20.0,364.0,23.0,3.0,,,,2802766,1786523579021,2802779,1786523579034,,1786523578993.0,29.0,2026-08-12T08:33:00.0639175Z,54.0,,,oasis/bottle,,0.0,,,,,
,,,,,,,,,,,,,,,14.0,,,,,,,,,1.0,,,0.0,,,,,0.0,,,,,0.0,,,,,,,,,,,local.mqtt.telegraf,33.0,,31.59,,,,,,periodic,,18.0,,,,,6.0,5,08a6f76bd428,,,64704.0,43264.0,,7.0,279.0,,,,,,,,,,,,,280.0,,,,,08a6f76bd428-280,,,0.0,,,,,,,272.0,280.0,08:A6:F7:6B:D4:28,,,,,,15371.0,18.0,29.0,20.0,20.0,9.0,,,0.0,20.0,364.0,23.0,3.0,,,,2804076,1786523580331,2804090,1786523580345,,1786523580313.0,29.0,2026-08-12T08:33:01.3697434Z,54.0,,,oasis/bottle,,0.0,,,,,
,,,,,,,,,,,,,,,13.0,,,,,,,,,1.0,,,0.0,,,,,0.0,,,,,0.0,,,,,,,,,,,local.mqtt.telegraf,33.0,,31.64,,,,,,periodic,,28.0,,,,,6.0,5,08a6f76bd428,,,54384.0,43264.0,,6.0,280.0,,,,,,,,,,,,,281.0,,,,,08a6f76bd428-281,,,0.0,,,,,,,272.0,281.0,08:A6:F7:6B:D4:28,,,,,,16801.0,18.0,29.0,20.0,20.0,9.0,,,0.0,20.0,364.0,23.0,3.0,,,,2805516,1786523581771,2805529,1786523581784,,1786523581743.0,29.0,2026-08-12T08:33:02.8150267Z,54.0,,,oasis/bottle,,0.0,,,,,
,,,,,,,,,,,,,,,13.0,,,,,,,,,1.0,,,0.0,,,,,0.0,,,,,0.0,,,,,,,,,,,local.mqtt.telegraf,33.0,,31.62,,,,,,periodic,,27.0,,,,,5.0,5,08a6f76bd428,,,46656.0,43264.0,,7.0,281.0,,,,,,,,,,,,,282.0,,,,,08a6f76bd428-282,,,0.0,,,,,,,273.0,282.0,08:A6:F7:6B:D4:28,,,,,,17861.0,18.0,29.0,20.0,20.0,9.0,,,0.0,20.0,364.0,23.0,3.0,,,,2806576,1786523582831,2806589,1786523582844,,1786523582804.0,29.0,2026-08-12T08:33:03.8619214Z,54.0,,,oasis/bottle,,0.0,,,,,
,,,,,,,,,,,,,,,13.0,,,,,,,,,1.0,,,0.0,,,,,0.0,,,,,0.0,,,,,,,,,,,local.mqtt.telegraf,33.0,,31.66,,,,,,periodic,,28.0,,,,,6.0,5,08a6f76bd428,,,115536.0,43264.0,,6.0,282.0,,,,,,,,,,,,,283.0,,,,,08a6f76bd428-283,,,0.0,,,,,,,272.0,283.0,08:A6:F7:6B:D4:28,,,,,,19381.0,18.0,29.0,20.0,20.0,9.0,,,0.0,20.0,364.0,23.0,3.0,,,,2808096,1786523584351,2808109,1786523584364,,1786523584323.0,29.0,2026-08-12T08:33:05.3887382Z,54.0,,,oasis/bottle,,0.0,,,,,
,,,,,,,,,,,,,,,13.0,,,,,,,,,1.0,,,0.0,,,,,0.0,,,,,0.0,,,,,,,,,,,local.mqtt.telegraf,33.0,,31.67,,,,,,periodic,,25.0,,,,,5.0,5,08a6f76bd428,,,94512.0,43264.0,,6.0,283.0,,,,,,,,,,,,,284.0,,,,,08a6f76bd428-284,,,0.0,,,,,,,273.0,284.0,08:A6:F7:6B:D4:28,,,,,,482.0,19.0,29.0,21.0,21.0,8.0,,,0.0,21.0,365.0,23.0,3.0,,,,2809435,1786523585690,2809448,1786523585703,,1786523585665.0,29.0,2026-08-12T08:33:06.7354844Z,56.0,,,oasis/bottle,,0.0,,,,,
,,,,,,,,,,,,,,,14.0,,,,,,,,,1.0,,,0.0,,,,,0.0,,,,,0.0,,,,,,,,,,,local.mqtt.telegraf,33.0,,31.66,,,,,,periodic,,18.0,,,,,5.0,5,08a6f76bd428,,,84848.0,43264.0,,6.0,284.0,,,,,,,,,,,,,285.0,,,,,08a6f76bd428-285,,,0.0,,,,,,,272.0,285.0,08:A6:F7:6B:D4:28,,,,,,1861.0,19.0,29.0,21.0,21.0,8.0,,,0.0,21.0,365.0,23.0,3.0,,,,2810807,1786523587062,2810821,1786523587076,,1786523587044.0,29.0,2026-08-12T08:33:08.0944693Z,56.0,,,oasis/bottle,,0.0,,,,,
,,,,,,,,,,,,,,,13.0,,,,,,,,,1.0,,,0.0,,,,,0.0,,,,,0.0,,,,,,,,,,,local.mqtt.telegraf,33.0,,31.6,,,,,,periodic,,28.0,,,,,6.0,5,08a6f76bd428,,,73872.0,43264.0,,6.0,285.0,,,,,,,,,,,,,286.0,,,,,08a6f76bd428-286,,,0.0,,,,,,,272.0,286.0,08:A6:F7:6B:D4:28,,,,,,3411.0,19.0,29.0,21.0,21.0,8.0,,,0.0,21.0,365.0,23.0,3.0,,,,2812366,1786523588621,2812379,1786523588634,,1786523588593.0,29.0,2026-08-12T08:33:09.6507572Z,56.0,,,oasis/bottle,,0.0,,,,,
,,,,,,,,,,,,,,,13.0,,,,,,,,,1.0,,,0.0,,,,,0.0,,,,,0.0,,,,,,,,,,,local.mqtt.telegraf,33.0,,31.59,,,,,,periodic,,28.0,,,,,6.0,5,08a6f76bd428,,,64208.0,43264.0,,7.0,286.0,,,,,,,,,,,,,287.0,,,,,08a6f76bd428-287,,,0.0,,,,,,,272.0,287.0,08:A6:F7:6B:D4:28,,,,,,4711.0,19.0,29.0,21.0,21.0,8.0,,,0.0,21.0,365.0,23.0,3.0,,,,2813666,1786523589921,2813679,1786523589934,,1786523589893.0,29.0,2026-08-12T08:33:10.953458Z,56.0,,,oasis/bottle,,0.0,,,,,
,,,,,,,,,,,,,,,13.0,,,,,,,,,1.0,,,0.0,,,,,0.0,,,,,0.0,,,,,,,,,,,local.mqtt.telegraf,33.0,,31.59,,,,,,periodic,,28.0,,,,,6.0,5,08a6f76bd428,,,53888.0,43264.0,,10.0,287.0,,,,,,,,,,,,,288.0,,,,,08a6f76bd428-288,,,0.0,,,,,,,272.0,288.0,08:A6:F7:6B:D4:28,,,,,,6121.0,19.0,29.0,21.0,21.0,8.0,,,0.0,21.0,365.0,23.0,3.0,,,,2815076,1786523591331,2815089,1786523591344,,1786523591303.0,29.0,2026-08-12T08:33:12.3632808Z,56.0,,,oasis/bottle,,0.0,,,,,
,,,,,,,,,,,,,,,13.0,,,,,,,,,1.0,,,0.0,,,,,0.0,,,,,0.0,,,,,,,,,,,local.mqtt.telegraf,33.0,,31.58,,,,,,periodic,,28.0,,,,,6.0,5,08a6f76bd428,,,46192.0,43264.0,,6.0,288.0,,,,,,,,,,,,,289.0,,,,,08a6f76bd428-289,,,0.0,,,,,,,272.0,289.0,08:A6:F7:6B:D4:28,,,,,,7121.0,19.0,29.0,21.0,21.0,8.0,,,0.0,21.0,365.0,23.0,3.0,,,,2816076,1786523592331,2816089,1786523592344,,1786523592303.0,29.0,2026-08-12T08:33:13.3600773Z,56.0,,,oasis/bottle,,0.0,,,,,
,,,,,,,,,,,,,,,13.0,,,,,,,,,1.0,,,0.0,,,,,0.0,,,,,0.0,,,,,,,,,,,local.mqtt.telegraf,33.0,,31.63,,,,,,periodic,,27.0,,,,,5.0,5,08a6f76bd428,,,115376.0,43264.0,,7.0,289.0,,,,,,,,,,,,,290.0,,,,,08a6f76bd428-290,,,0.0,,,,,,,273.0,290.0,08:A6:F7:6B:D4:28,,,,,,8521.0,19.0,29.0,21.0,21.0,8.0,,,0.0,21.0,365.0,23.0,3.0,,,,2817476,1786523593731,2817489,1786523593744,,1786523593704.0,29.0,2026-08-12T08:33:14.7796695Z,56.0,,,oasis/bottle,,0.0,,,,,
,,,,,,,,,,,,,,,13.0,,,,,,,,,1.0,,,0.0,,,,,0.0,,,,,0.0,,,,,,,,,,,local.mqtt.telegraf,33.0,,31.63,,,,,,periodic,,27.0,,,,,5.0,5,08a6f76bd428,,,107680.0,43264.0,,6.0,290.0,,,,,,,,,,,,,291.0,,,,,08a6f76bd428-291,,,0.0,,,,,,,272.0,291.0,08:A6:F7:6B:D4:28,,,,,,9521.0,19.0,29.0,21.0,21.0,8.0,,,0.0,21.0,365.0,23.0,3.0,,,,2818476,1786523594731,2818489,1786523594744,,1786523594704.0,29.0,2026-08-12T08:33:15.9018634Z,56.0,,,oasis/bottle,,0.0,,,,,
,,,,,,,,,,,,,,,13.0,,,,,,,,,1.0,,,0.0,,,,,0.0,,,,,0.0,,,,,,,,,,,local.mqtt.telegraf,33.0,,31.52,,,,,,periodic,,24.0,,,,,5.0,5,08a6f76bd428,,,97360.0,43264.0,,6.0,291.0,,,,,,,,,,,,,292.0,,,,,08a6f76bd428-292,,,0.0,,,,,,,273.0,292.0,08:A6:F7:6B:D4:28,,,,,,10914.0,19.0,29.0,21.0,21.0,8.0,,,0.0,21.0,365.0,23.0,3.0,,,,2819866,1786523596121,2819879,1786523596134,,1786523596097.0,29.0,2026-08-12T08:33:17.1631895Z,56.0,,,oasis/bottle,,0.0,,,,,
,,,,,,,,,,,,,,,13.0,,,,,,,,,1.0,,,0.0,,,,,0.0,,,,,0.0,,,,,,,,,,,local.mqtt.telegraf,33.0,,31.54,,,,,,periodic,,28.0,,,,,6.0,5,08a6f76bd428,,,86384.0,43264.0,,6.0,292.0,,,,,,,,,,,,,293.0,,,,,08a6f76bd428-293,,,0.0,,,,,,,272.0,293.0,08:A6:F7:6B:D4:28,,,,,,12501.0,19.0,29.0,21.0,21.0,8.0,,,0.0,21.0,365.0,23.0,3.0,,,,2821456,1786523597711,2821469,1786523597724,,1786523597683.0,29.0,2026-08-12T08:33:18.8035209Z,56.0,,,oasis/bottle,,0.0,,,,,
,,,,,,,,,,,,,,,13.0,,,,,,,,,1.0,,,0.0,,,,,0.0,,,,,0.0,,,,,,,,,,,local.mqtt.telegraf,33.0,,31.47,,,,,,periodic,,27.0,,,,,6.0,5,08a6f76bd428,,,76688.0,43264.0,,18.0,293.0,,,,,,,,,,,,,294.0,,,,,08a6f76bd428-294,,,0.0,,,,,,,273.0,294.0,08:A6:F7:6B:D4:28,,,,,,13901.0,19.0,29.0,21.0,21.0,8.0,,,0.0,21.0,365.0,23.0,3.0,,,,2822856,1786523599111,2822869,1786523599124,,1786523599084.0,29.0,2026-08-12T08:33:20.1488169Z,56.0,,,oasis/bottle,,0.0,,,,,
,,,,,,,,,,,,,,,13.0,,,,,,,,,1.0,,,0.0,,,,,0.0,,,,,0.0,,,,,,,,,,,local.mqtt.telegraf,33.0,,31.52,,,,,,periodic,,27.0,,,,,5.0,5,08a6f76bd428,,,65696.0,43264.0,,5.0,294.0,,,,,,,,,,,,,295.0,,,,,08a6f76bd428-295,,,0.0,,,,,,,272.0,295.0,08:A6:F7:6B:D4:28,,,,,,15471.0,19.0,29.0,21.0,21.0,8.0,,,0.0,21.0,365.0,23.0,3.0,,,,2824426,1786523600681,2824439,1786523600694,,1786523600654.0,29.0,2026-08-12T08:33:22.0144554Z,56.0,,,oasis/bottle,,0.0,,,,,
,,,,,,,,,,,,,,,13.0,,,,,,,,,1.0,,,0.0,,,,,0.0,,,,,0.0,,,,,,,,,,,local.mqtt.telegraf,33.0,,31.4,,,,,,periodic,,27.0,,,,,5.0,5,08a6f76bd428,,,56032.0,43264.0,,6.0,295.0,,,,,,,,,,,,,296.0,,,,,08a6f76bd428-296,,,0.0,,,,,,,272.0,296.0,08:A6:F7:6B:D4:28,,,,,,16811.0,19.0,29.0,21.0,21.0,8.0,,,0.0,21.0,365.0,23.0,3.0,,,,2825766,1786523602021,2825779,1786523602034,,1786523601994.0,29.0,2026-08-12T08:33:23.1579981Z,56.0,,,oasis/bottle,,0.0,,,,,
,,,,,,,,,,,,,,,13.0,,,,,,,,,1.0,,,0.0,,,,,0.0,,,,,0.0,,,,,,,,,,,local.mqtt.telegraf,33.0,,31.51,,,,,,periodic,,27.0,,,,,5.0,5,08a6f76bd428,,,45712.0,43264.0,,6.0,296.0,,,,,,,,,,,,,297.0,,,,,08a6f76bd428-297,,,0.0,,,,,,,272.0,297.0,08:A6:F7:6B:D4:28,,,,,,18291.0,19.0,29.0,21.0,21.0,8.0,,,0.0,21.0,365.0,23.0,3.0,,,,2827246,1786523603501,2827259,1786523603514,,1786523603474.0,29.0,2026-08-12T08:33:24.6311476Z,56.0,,,oasis/bottle,,0.0,,,,,
,,,,,,,,,,,,,,,13.0,,,,,,,,,1.0,,,0.0,,,,,0.0,,,,,0.0,,,,,,,,,,,local.mqtt.telegraf,33.0,,31.35,,,,,,periodic,,27.0,,,,,5.0,5,08a6f76bd428,,,116304.0,43264.0,,5.0,297.0,,,,,,,,,,,,,298.0,,,,,08a6f76bd428-298,,,0.0,,,,,,,272.0,298.0,08:A6:F7:6B:D4:28,,,,,,19451.0,19.0,29.0,21.0,21.0,8.0,,,0.0,21.0,365.0,23.0,3.0,,,,2828406,1786523604661,2828419,1786523604674,,1786523604634.0,29.0,2026-08-12T08:33:25.7220161Z,56.0,,,oasis/bottle,,0.0,,,,,
,,,,,,,,,,,,,,,13.0,,,,,,,,,1.0,,,0.0,,,,,0.0,,,,,0.0,,,,,,,,,,,local.mqtt.telegraf,33.0,,31.35,,,,,,periodic,,22.0,,,,,6.0,5,08a6f76bd428,,,94672.0,43264.0,,6.0,298.0,,,,,,,,,,,,,299.0,,,,,08a6f76bd428-299,,,0.0,,,,,,,273.0,299.0,08:A6:F7:6B:D4:28,,,,,,492.0,20.0,32.0,31.0,31.0,1.0,,,0.0,30.0,396.0,33.0,3.0,,,,2829865,1786523606120,2829878,1786523606133,,1786523606098.0,29.0,2026-08-12T08:33:27.2320893Z,59.0,,,oasis/bottle,,0.0,,,,,
,,,,,,,,,,,,,,,17.0,,,,,,,,,1.0,,,0.0,,,,,0.0,,,,,0.0,,,,,,,,,,,local.mqtt.telegraf,33.0,,31.36,,,,,,periodic,,24.0,,,,,6.0,5,08a6f76bd428,,,85008.0,43264.0,,7.0,299.0,,,,,,,,,,,,,300.0,,,,,08a6f76bd428-300,,,0.0,,,,,,,272.0,300.0,08:A6:F7:6B:D4:28,,,,,,1861.0,20.0,32.0,31.0,31.0,1.0,,,0.0,30.0,396.0,33.0,3.0,,,,2831236,1786523607491,2831253,1786523607508,,1786523607467.0,29.0,2026-08-12T08:33:28.5255149Z,59.0,,,oasis/bottle,,0.0,,,,,
,,,,,,,,,,,,,,,13.0,,,,,,,,,1.0,,,0.0,,,,,0.0,,,,,0.0,,,,,,,,,,,local.mqtt.telegraf,33.0,,31.51,,,,,,periodic,,24.0,,,,,6.0,5,08a6f76bd428,,,73200.0,43264.0,,6.0,300.0,,,,,,,,,,,,,301.0,,,,,08a6f76bd428-301,,,0.0,,,,,,,272.0,301.0,08:A6:F7:6B:D4:28,,,,,,3441.0,20.0,32.0,31.0,31.0,1.0,,,0.0,30.0,396.0,33.0,3.0,,,,2832816,1786523609071,2832829,1786523609084,,1786523609047.0,29.0,2026-08-12T08:33:30.2814638Z,59.0,,,oasis/bottle,,0.0,,,,,
,,,,,,,,,,,,,,,13.0,,,,,,,,,1.0,,,0.0,,,,,0.0,,,,,0.0,,,,,,,,,,,local.mqtt.telegraf,33.0,,31.17,,,,,,periodic,,23.0,,,,,5.0,5,08a6f76bd428,,,63536.0,43264.0,,9.0,301.0,,,,,,,,,,,,,302.0,,,,,08a6f76bd428-302,,,0.0,,,,,,,272.0,302.0,08:A6:F7:6B:D4:28,,,,,,4761.0,20.0,32.0,31.0,31.0,1.0,,,0.0,30.0,396.0,33.0,3.0,,,,2834136,1786523610391,2834149,1786523610404,,1786523610368.0,29.0,2026-08-12T08:33:31.4279498Z,59.0,,,oasis/bottle,,0.0,,,,,
,,,,,,,,,,,,,,,14.0,,,,,,,,,1.0,,,0.0,,,,,0.0,,,,,0.0,,,,,,,,,,,local.mqtt.telegraf,33.0,,31.35,,,,,,periodic,,24.0,,,,,6.0,5,08a6f76bd428,,,53216.0,43264.0,,6.0,302.0,,,,,,,,,,,,,303.0,,,,,08a6f76bd428-303,,,0.0,,,,,,,272.0,303.0,08:A6:F7:6B:D4:28,,,,,,6191.0,20.0,32.0,31.0,31.0,1.0,,,0.0,30.0,396.0,33.0,3.0,,,,2835566,1786523611821,2835580,1786523611835,,1786523611797.0,29.0,2026-08-12T08:33:32.8696184Z,59.0,,,oasis/bottle,,0.0,,,,,
,,,,,,,,,,,,,,,13.0,,,,,,,,,1.0,,,0.0,,,,,0.0,,,,,0.0,,,,,,,,,,,local.mqtt.telegraf,33.0,,31.33,,,,,,periodic,,23.0,,,,,5.0,5,08a6f76bd428,,,45488.0,43264.0,,6.0,303.0,,,,,,,,,,,,,304.0,,,,,08a6f76bd428-304,,,0.0,,,,,,,273.0,304.0,08:A6:F7:6B:D4:28,,,,,,7251.0,20.0,32.0,31.0,31.0,1.0,,,0.0,30.0,396.0,33.0,3.0,,,,2836626,1786523612881,2836639,1786523612894,,1786523612858.0,29.0,2026-08-12T08:33:34.0054466Z,59.0,,,oasis/bottle,,0.0,,,,,
,,,,,,,,,,,,,,,13.0,,,,,,,,,1.0,,,0.0,,,,,0.0,,,,,0.0,,,,,,,,,,,local.mqtt.telegraf,33.0,,31.36,,,,,,periodic,,24.0,,,,,6.0,5,08a6f76bd428,,,113888.0,43264.0,,6.0,304.0,,,,,,,,,,,,,305.0,,,,,08a6f76bd428-305,,,0.0,,,,,,,272.0,305.0,08:A6:F7:6B:D4:28,,,,,,8781.0,20.0,32.0,31.0,31.0,1.0,,,0.0,30.0,396.0,33.0,3.0,,,,2838156,1786523614411,2838169,1786523614424,,1786523614387.0,29.0,2026-08-12T08:33:35.5246804Z,59.0,,,oasis/bottle,,0.0,,,,,
,,,,,,,,,,,,,,,13.0,,,,,,,,,1.0,,,0.0,,,,,0.0,,,,,0.0,,,,,,,,,,,local.mqtt.telegraf,33.0,,31.25,,,,,,periodic,,24.0,,,,,6.0,5,08a6f76bd428,,,104880.0,43264.0,,6.0,305.0,,,,,,,,,,,,,306.0,,,,,08a6f76bd428-306,,,0.0,,,,,,,272.0,306.0,08:A6:F7:6B:D4:28,,,,,,10021.0,20.0,32.0,31.0,31.0,1.0,,,0.0,30.0,396.0,33.0,3.0,,,,2839396,1786523615651,2839409,1786523615664,,1786523615627.0,29.0,2026-08-12T08:33:36.6942944Z,59.0,,,oasis/bottle,,0.0,,,,,
,,,,,,,,,,,,,,,13.0,,,,,,,,,1.0,,,0.0,,,,,0.0,,,,,0.0,,,,,,,,,,,local.mqtt.telegraf,33.0,,31.28,,,,,,periodic,,23.0,,,,,5.0,5,08a6f76bd428,,,95840.0,43264.0,,6.0,306.0,,,,,,,,,,,,,307.0,,,,,08a6f76bd428-307,,,0.0,,,,,,,273.0,307.0,08:A6:F7:6B:D4:28,,,,,,11301.0,20.0,32.0,31.0,31.0,1.0,,,0.0,30.0,396.0,33.0,3.0,,,,2840676,1786523616931,2840689,1786523616944,,1786523616908.0,29.0,2026-08-12T08:33:37.9698715Z,59.0,,,oasis/bottle,,0.0,,,,,
,,,,,,,,,,,,,,,13.0,,,,,,,,,1.0,,,0.0,,,,,0.0,,,,,0.0,,,,,,,,,,,local.mqtt.telegraf,33.0,,31.35,,,,,,periodic,,24.0,,,,,6.0,5,08a6f76bd428,,,86160.0,43264.0,,5.0,307.0,,,,,,,,,,,,,308.0,,,,,08a6f76bd428-308,,,0.0,,,,,,,272.0,308.0,08:A6:F7:6B:D4:28,,,,,,12661.0,20.0,32.0,31.0,31.0,1.0,,,0.0,30.0,396.0,33.0,3.0,,,,2842036,1786523618291,2842049,1786523618304,,1786523618267.0,29.0,2026-08-12T08:33:39.3405554Z,59.0,,,oasis/bottle,,0.0,,,,,
,,,,,,,,,,,,,,,13.0,,,,,,,,,1.0,,,0.0,,,,,0.0,,,,,0.0,,,,,,,,,,,local.mqtt.telegraf,33.0,,31.16,,,,,,periodic,,24.0,,,,,6.0,5,08a6f76bd428,,,75184.0,43264.0,,6.0,308.0,,,,,,,,,,,,,309.0,,,,,08a6f76bd428-309,,,0.0,,,,,,,272.0,309.0,08:A6:F7:6B:D4:28,,,,,,14181.0,20.0,32.0,31.0,31.0,1.0,,,0.0,30.0,396.0,33.0,3.0,,,,2843556,1786523619811,2843569,1786523619824,,1786523619787.0,29.0,2026-08-12T08:33:40.8530771Z,59.0,,,oasis/bottle,,0.0,,,,,
,,,,,,,,,,,,,,,13.0,,,,,,,,,1.0,,,0.0,,,,,0.0,,,,,0.0,,,,,,,,,,,local.mqtt.telegraf,33.0,,31.2,,,,,,periodic,,24.0,,,,,6.0,5,08a6f76bd428,,,66176.0,43264.0,,7.0,309.0,,,,,,,,,,,,,310.0,,,,,08a6f76bd428-310,,,0.0,,,,,,,272.0,310.0,08:A6:F7:6B:D4:28,,,,,,15421.0,20.0,32.0,31.0,31.0,1.0,,,0.0,30.0,396.0,33.0,3.0,,,,2844796,1786523621051,2844809,1786523621064,,1786523621027.0,29.0,2026-08-12T08:33:42.0885935Z,59.0,,,oasis/bottle,,0.0,,,,,
,,,,,,,,,,,,,,,13.0,,,,,,,,,1.0,,,0.0,,,,,0.0,,,,,0.0,,,,,,,,,,,local.mqtt.telegraf,33.0,,31.2,,,,,,periodic,,23.0,,,,,5.0,5,08a6f76bd428,,,57136.0,43264.0,,10.0,310.0,,,,,,,,,,,,,311.0,,,,,08a6f76bd428-311,,,0.0,,,,,,,273.0,311.0,08:A6:F7:6B:D4:28,,,,,,16701.0,20.0,32.0,31.0,31.0,1.0,,,0.0,30.0,396.0,33.0,3.0,,,,2846076,1786523622331,2846089,1786523622344,,1786523622308.0,29.0,2026-08-12T08:33:43.3735705Z,59.0,,,oasis/bottle,,0.0,,,,,
,,,,,,,,,,,,,,,13.0,,,,,,,,,1.0,,,0.0,,,,,0.0,,,,,0.0,,,,,,,,,,,local.mqtt.telegraf,33.0,,31.16,,,,,,periodic,,23.0,,,,,5.0,5,08a6f76bd428,,,47456.0,43264.0,,5.0,311.0,,,,,,,,,,,,,312.0,,,,,08a6f76bd428-312,,,0.0,,,,,,,272.0,312.0,08:A6:F7:6B:D4:28,,,,,,18051.0,20.0,32.0,31.0,31.0,1.0,,,0.0,30.0,396.0,33.0,3.0,,,,2847426,1786523623681,2847439,1786523623694,,1786523623658.0,29.0,2026-08-12T08:33:44.7216896Z,59.0,,,oasis/bottle,,0.0,,,,,
,,,,,,,,,,,,,,,13.0,,,,,,,,,1.0,,,0.0,,,,,0.0,,,,,0.0,,,,,,,,,,,local.mqtt.telegraf,33.0,,31.17,,,,,,periodic,,23.0,,,,,5.0,5,08a6f76bd428,,,117232.0,43264.0,,6.0,312.0,,,,,,,,,,,,,313.0,,,,,08a6f76bd428-313,,,0.0,,,,,,,273.0,313.0,08:A6:F7:6B:D4:28,,,,,,19551.0,20.0,32.0,31.0,31.0,1.0,,,0.0,30.0,396.0,33.0,3.0,,,,2848926,1786523625181,2848939,1786523625194,,1786523625158.0,29.0,2026-08-12T08:33:46.2265813Z,59.0,,,oasis/bottle,,0.0,,,,,
,,,,,,,,,,,,,,,13.0,,,,,,,,,1.0,,,0.0,,,,,0.0,,,,,0.0,,,,,,,,,,,local.mqtt.telegraf,33.0,,31.15,,,,,,periodic,,25.0,,,,,6.0,5,08a6f76bd428,,,96192.0,43264.0,,5.0,313.0,,,,,,,,,,,,,314.0,,,,,08a6f76bd428-314,,,0.0,,,,,,,273.0,314.0,08:A6:F7:6B:D4:28,,,,,,492.0,21.0,30.0,21.0,21.0,9.0,,,-4.0,21.0,375.0,23.0,3.0,,,,2850275,1786523626530,2850288,1786523626543,,1786523626505.0,29.0,2026-08-12T08:33:47.5727778Z,62.0,,,oasis/bottle,,0.0,,,,,
,,,,,,,,,,,,,,,13.0,,,,,,,,,1.0,,,0.0,,,,,0.0,,,,,0.0,,,,,,,,,,,local.mqtt.telegraf,33.0,,31.16,,,,,,periodic,,28.0,,,,,6.0,5,08a6f76bd428,,,86528.0,43264.0,,6.0,314.0,,,,,,,,,,,,,315.0,,,,,08a6f76bd428-315,,,0.0,,,,,,,272.0,315.0,08:A6:F7:6B:D4:28,,,,,,1841.0,21.0,30.0,21.0,21.0,9.0,,,-4.0,21.0,375.0,23.0,3.0,,,,2851626,1786523627881,2851639,1786523627894,,1786523627853.0,29.0,2026-08-12T08:33:48.9193391Z,62.0,,,oasis/bottle,,0.0,,,,,
,,,,,,,,,,,,,,,13.0,,,,,,,,,1.0,,,0.0,,,,,0.0,,,,,0.0,,,,,,,,,,,local.mqtt.telegraf,33.0,,31.04,,,,,,periodic,,27.0,,,,,5.0,5,08a6f76bd428,,,76208.0,43264.0,,6.0,315.0,,,,,,,,,,,,,316.0,,,,,08a6f76bd428-316,,,0.0,,,,,,,272.0,316.0,08:A6:F7:6B:D4:28,,,,,,3331.0,21.0,30.0,21.0,21.0,9.0,,,-4.0,21.0,375.0,23.0,3.0,,,,2853116,1786523629371,2853129,1786523629384,,1786523629344.0,29.0,2026-08-12T08:33:50.4105334Z,62.0,,,oasis/bottle,,0.0,,,,,
,,,,,,,,,,,,,,,13.0,,,,,,,,,1.0,,,0.0,,,,,0.0,,,,,0.0,,,,,,,,,,,local.mqtt.telegraf,33.0,,31.08,,,,,,periodic,,27.0,,,,,5.0,5,08a6f76bd428,,,67200.0,43264.0,,10.0,316.0,,,,,,,,,,,,,317.0,,,,,08a6f76bd428-317,,,0.0,,,,,,,272.0,317.0,08:A6:F7:6B:D4:28,,,,,,4521.0,21.0,30.0,21.0,21.0,9.0,,,-4.0,21.0,375.0,23.0,3.0,,,,2854306,1786523630561,2854319,1786523630574,,1786523630534.0,29.0,2026-08-12T08:33:51.6095555Z,62.0,,,oasis/bottle,,0.0,,,,,
,,,,,,,,,,,,,,,13.0,,,,,,,,,1.0,,,0.0,,,,,0.0,,,,,0.0,,,,,,,,,,,local.mqtt.telegraf,33.0,,31.08,,,,,,periodic,,27.0,,,,,6.0,5,08a6f76bd428,,,58816.0,43264.0,,6.0,317.0,,,,,,,,,,,,,318.0,,,,,08a6f76bd428-318,,,0.0,,,,,,,273.0,318.0,08:A6:F7:6B:D4:28,,,,,,5691.0,21.0,30.0,21.0,21.0,9.0,,,-4.0,21.0,375.0,23.0,3.0,,,,2855476,1786523631731,2855489,1786523631744,,1786523631704.0,29.0,2026-08-12T08:33:52.7652883Z,62.0,,,oasis/bottle,,0.0,,,,,
,,,,,,,,,,,,,,,13.0,,,,,,,,,1.0,,,0.0,,,,,0.0,,,,,0.0,,,,,,,,,,,local.mqtt.telegraf,33.0,,30.92,,,,,,periodic,,27.0,,,,,5.0,5,08a6f76bd428,,,50448.0,43264.0,,5.0,318.0,,,,,,,,,,,,,319.0,,,,,08a6f76bd428-319,,,0.0,,,,,,,272.0,319.0,08:A6:F7:6B:D4:28,,,,,,6831.0,21.0,30.0,21.0,21.0,9.0,,,-4.0,21.0,375.0,23.0,3.0,,,,2856616,1786523632871,2856629,1786523632884,,1786523632844.0,29.0,2026-08-12T08:33:53.9017629Z,62.0,,,oasis/bottle,,0.0,,,,,
,,,,,,,,,,,,,,,13.0,,,,,,,,,1.0,,,0.0,,,,,0.0,,,,,0.0,,,,,,,,,,,local.mqtt.telegraf,33.0,,31.03,,,,,,periodic,,27.0,,,,,5.0,5,08a6f76bd428,,,121776.0,43264.0,,6.0,319.0,,,,,,,,,,,,,320.0,,,,,08a6f76bd428-320,,,0.0,,,,,,,273.0,320.0,08:A6:F7:6B:D4:28,,,,,,7901.0,21.0,30.0,21.0,21.0,9.0,,,-4.0,21.0,375.0,23.0,3.0,,,,2857686,1786523633941,2857699,1786523633954,,1786523633914.0,29.0,2026-08-12T08:33:54.9689195Z,62.0,,,oasis/bottle,,0.0,,,,,
,,,,,,,,,,,,,,,13.0,,,,,,,,,1.0,,,0.0,,,,,0.0,,,,,0.0,,,,,,,,,,,local.mqtt.telegraf,33.0,,31.05,,,,,,periodic,,27.0,,,,,5.0,5,08a6f76bd428,,,110800.0,43264.0,,5.0,320.0,,,,,,,,,,,,,321.0,,,,,08a6f76bd428-321,,,0.0,,,,,,,272.0,321.0,08:A6:F7:6B:D4:28,,,,,,9441.0,21.0,30.0,21.0,21.0,9.0,,,-4.0,21.0,375.0,23.0,3.0,,,,2859226,1786523635481,2859239,1786523635494,,1786523635454.0,29.0,2026-08-12T08:33:56.5135767Z,62.0,,,oasis/bottle,,0.0,,,,,
,,,,,,,,,,,,,,,13.0,,,,,,,,,1.0,,,0.0,,,,,0.0,,,,,0.0,,,,,,,,,,,local.mqtt.telegraf,33.0,,31.19,,,,,,periodic,,27.0,,,,,6.0,5,08a6f76bd428,,,101760.0,43264.0,,6.0,321.0,,,,,,,,,,,,,322.0,,,,,08a6f76bd428-322,,,0.0,,,,,,,273.0,322.0,08:A6:F7:6B:D4:28,,,,,,10721.0,21.0,30.0,21.0,21.0,9.0,,,-4.0,21.0,375.0,23.0,3.0,,,,2860506,1786523636761,2860519,1786523636774,,1786523636734.0,29.0,2026-08-12T08:33:57.9100143Z,62.0,,,oasis/bottle,,0.0,,,,,
,,,,,,,,,,,,,,,13.0,,,,,,,,,1.0,,,0.0,,,,,0.0,,,,,0.0,,,,,,,,,,,local.mqtt.telegraf,33.0,,31.16,,,,,,periodic,,27.0,,,,,5.0,5,08a6f76bd428,,,92080.0,43264.0,,6.0,322.0,,,,,,,,,,,,,323.0,,,,,08a6f76bd428-323,,,0.0,,,,,,,272.0,323.0,08:A6:F7:6B:D4:28,,,,,,12081.0,21.0,30.0,21.0,21.0,9.0,,,-4.0,21.0,375.0,23.0,3.0,,,,2861866,1786523638121,2861879,1786523638134,,1786523638094.0,29.0,2026-08-12T08:33:59.2970253Z,62.0,,,oasis/bottle,,0.0,,,,,
,,,,,,,,,,,,,,,13.0,,,,,,,,,1.0,,,0.0,,,,,0.0,,,,,0.0,,,,,,,,,,,local.mqtt.telegraf,33.0,,31.04,,,,,,periodic,,27.0,,,,,5.0,5,08a6f76bd428,,,81104.0,43264.0,,6.0,323.0,,,,,,,,,,,,,324.0,,,,,08a6f76bd428-324,,,0.0,,,,,,,272.0,324.0,08:A6:F7:6B:D4:28,,,,,,13601.0,21.0,30.0,21.0,21.0,9.0,,,-4.0,21.0,375.0,23.0,3.0,,,,2863386,1786523639641,2863399,1786523639654,,1786523639614.0,29.0,2026-08-12T08:34:00.6829892Z,62.0,,,oasis/bottle,,0.0,,,,,
,,,,,,,,,,,,,,,13.0,,,,,,,,,1.0,,,0.0,,,,,0.0,,,,,0.0,,,,,,,,,,,local.mqtt.telegraf,33.0,,30.95,,,,,,periodic,,27.0,,,,,5.0,5,08a6f76bd428,,,72096.0,43264.0,,6.0,324.0,,,,,,,,,,,,,325.0,,,,,08a6f76bd428-325,,,0.0,,,,,,,272.0,325.0,08:A6:F7:6B:D4:28,,,,,,14831.0,21.0,30.0,21.0,21.0,9.0,,,-4.0,21.0,375.0,23.0,3.0,,,,2864616,1786523640871,2864629,1786523640884,,1786523640844.0,29.0,2026-08-12T08:34:01.9315818Z,62.0,,,oasis/bottle,,0.0,,,,,
,,,,,,,,,,,,,,,14.0,,,,,,,,,1.0,,,0.0,,,,,0.0,,,,,0.0,,,,,,,,,,,local.mqtt.telegraf,33.0,,31.04,,,,,,periodic,,27.0,,,,,5.0,5,08a6f76bd428,,,63088.0,43264.0,,6.0,325.0,,,,,,,,,,,,,326.0,,,,,08a6f76bd428-326,,,0.0,,,,,,,272.0,326.0,08:A6:F7:6B:D4:28,,,,,,16091.0,21.0,30.0,21.0,21.0,9.0,,,-4.0,21.0,375.0,23.0,3.0,,,,2865876,1786523642131,2865890,1786523642145,,1786523642104.0,29.0,2026-08-12T08:34:03.1627969Z,62.0,,,oasis/bottle,,0.0,,,,,
,,,,,,,,,,,,,,,13.0,,,,,,,,,1.0,,,0.0,,,,,0.0,,,,,0.0,,,,,,,,,,,local.mqtt.telegraf,33.0,,30.99,,,,,,periodic,,27.0,,,,,5.0,5,08a6f76bd428,,,53424.0,43264.0,,6.0,326.0,,,,,,,,,,,,,327.0,,,,,08a6f76bd428-327,,,0.0,,,,,,,272.0,327.0,08:A6:F7:6B:D4:28,,,,,,17411.0,21.0,30.0,21.0,21.0,9.0,,,-4.0,21.0,375.0,23.0,3.0,,,,2867196,1786523643451,2867209,1786523643464,,1786523643424.0,29.0,2026-08-12T08:34:04.4937027Z,62.0,,,oasis/bottle,,0.0,,,,,
,,,,,,,,,,,,,,,14.0,,,,,,,,,1.0,,,0.0,,,,,0.0,,,,,0.0,,,,,,,,,,,local.mqtt.telegraf,33.0,,31.08,,,,,,periodic,,27.0,,,,,11.0,5,08a6f76bd428,,,43104.0,43104.0,,6.0,327.0,,,,,,,,,,,,,328.0,,,,,08a6f76bd428-328,,,0.0,,,,,,,273.0,328.0,08:A6:F7:6B:D4:28,,,,,,18851.0,21.0,30.0,21.0,21.0,9.0,,,-4.0,21.0,375.0,23.0,3.0,,,,2868636,1786523644891,2868650,1786523644905,,1786523644864.0,29.0,2026-08-12T08:34:05.9326636Z,62.0,,,oasis/bottle,,0.0,,,,,
,,,,,,,,,,,,,,,13.0,,,,,,,,,1.0,,,0.0,,,,,0.0,,,,,0.0,,,,,,,,,,,local.mqtt.telegraf,33.0,,31.15,,,,,,periodic,,27.0,,,,,5.0,5,08a6f76bd428,,,114368.0,43104.0,,6.0,328.0,,,,,,,,,,,,,329.0,,,,,08a6f76bd428-329,,,0.0,,,,,,,272.0,329.0,08:A6:F7:6B:D4:28,,,,,,19941.0,21.0,30.0,21.0,21.0,9.0,,,-4.0,21.0,375.0,23.0,3.0,,,,2869726,1786523645981,2869739,1786523645994,,1786523645954.0,29.0,2026-08-12T08:34:07.0158662Z,62.0,,,oasis/bottle,,0.0,,,,,
,,,,,,,,,,,,,,,13.0,,,,,,,,,1.0,,,0.0,,,,,0.0,,,,,0.0,,,,,,,,,,,local.mqtt.telegraf,33.0,,31.15,,,,,,periodic,,26.0,,,,,5.0,5,08a6f76bd428,,,92736.0,43104.0,,6.0,329.0,,,,,,,,,,,,,330.0,,,,,08a6f76bd428-330,,,0.0,,,,,,,273.0,330.0,08:A6:F7:6B:D4:28,,,,,,1081.0,22.0,39.0,21.0,21.0,18.0,,,0.0,21.0,374.0,23.0,3.0,,,,2871285,1786523647540,2871298,1786523647553,,1786523647514.0,29.0,2026-08-12T08:34:08.5864375Z,65.0,,,oasis/bottle,,0.0,,,,,
,,,,,,,,,,,,,,,13.0,,,,,,,,,1.0,,,0.0,,,,,0.0,,,,,0.0,,,,,,,,,,,local.mqtt.telegraf,33.0,,31.28,,,,,,periodic,,27.0,,,,,5.0,5,08a6f76bd428,,,82240.0,43104.0,,5.0,330.0,,,,,,,,,,,,,331.0,,,,,08a6f76bd428-331,,,0.0,,,,,,,273.0,331.0,08:A6:F7:6B:D4:28,,,,,,2441.0,22.0,39.0,21.0,21.0,18.0,,,0.0,21.0,374.0,23.0,3.0,,,,2872646,1786523648901,2872659,1786523648914,,1786523648874.0,29.0,2026-08-12T08:34:09.9354447Z,65.0,,,oasis/bottle,,0.0,,,,,
,,,,,,,,,,,,,,,13.0,,,,,,,,,1.0,,,0.0,,,,,0.0,,,,,0.0,,,,,,,,,,,local.mqtt.telegraf,33.0,,31.55,,,,,,periodic,,27.0,,,,,5.0,5,08a6f76bd428,,,71920.0,43104.0,,6.0,331.0,,,,,,,,,,,,,332.0,,,,,08a6f76bd428-332,,,0.0,,,,,,,272.0,332.0,08:A6:F7:6B:D4:28,,,,,,3921.0,22.0,39.0,21.0,21.0,18.0,,,0.0,21.0,374.0,23.0,3.0,,,,2874126,1786523650381,2874139,1786523650394,,1786523650354.0,29.0,2026-08-12T08:34:11.4208365Z,65.0,,,oasis/bottle,,0.0,,,,,
,,,,,,,,,,,,,,,13.0,,,,,,,,,1.0,,,0.0,,,,,0.0,,,,,0.0,,,,,,,,,,,local.mqtt.telegraf,33.0,,31.87,,,,,,periodic,,27.0,,,,,5.0,5,08a6f76bd428,,,63568.0,43104.0,,6.0,332.0,,,,,,,,,,,,,333.0,,,,,08a6f76bd428-333,,,0.0,,,,,,,272.0,333.0,08:A6:F7:6B:D4:28,,,,,,5071.0,22.0,39.0,21.0,21.0,18.0,,,0.0,21.0,374.0,23.0,3.0,,,,2875276,1786523651531,2875289,1786523651544,,1786523651504.0,29.0,2026-08-12T08:34:12.5689906Z,65.0,,,oasis/bottle,,0.0,,,,,
,,,,,,,,,,,,,,,13.0,,,,,,,,,1.0,,,0.0,,,,,0.0,,,,,0.0,,,,,,,,,,,local.mqtt.telegraf,33.0,,32.03,,,,,,periodic,,28.0,,,,,6.0,5,08a6f76bd428,,,55216.0,43104.0,,6.0,333.0,,,,,,,,,,,,,334.0,,,,,08a6f76bd428-334,,,0.0,,,,,,,272.0,334.0,08:A6:F7:6B:D4:28,,,,,,6171.0,22.0,39.0,21.0,21.0,18.0,,,0.0,21.0,374.0,23.0,3.0,,,,2876376,1786523652631,2876389,1786523652644,,1786523652603.0,29.0,2026-08-12T08:34:13.6644347Z,65.0,,,oasis/bottle,,0.0,,,,,
,,,,,,,,,,,,,,,13.0,,,,,,,,,1.0,,,0.0,,,,,0.0,,,,,0.0,,,,,,,,,,,local.mqtt.telegraf,33.0,,32.42,,,,,,periodic,,27.0,,,,,5.0,5,08a6f76bd428,,,47520.0,43104.0,,6.0,334.0,,,,,,,,,,,,,335.0,,,,,08a6f76bd428-335,,,0.0,,,,,,,272.0,335.0,08:A6:F7:6B:D4:28,,,,,,7171.0,22.0,39.0,21.0,21.0,18.0,,,0.0,21.0,374.0,23.0,3.0,,,,2877376,1786523653631,2877389,1786523653644,,1786523653604.0,29.0,2026-08-12T08:34:14.6751223Z,65.0,,,oasis/bottle,,0.0,,,,,
,,,,,,,,,,,,,,,13.0,,,,,,,,,1.0,,,0.0,,,,,0.0,,,,,0.0,,,,,,,,,,,local.mqtt.telegraf,33.0,,32.44,,,,,,periodic,,27.0,,,,,5.0,5,08a6f76bd428,,,117264.0,43104.0,,6.0,335.0,,,,,,,,,,,,,336.0,,,,,08a6f76bd428-336,,,0.0,,,,,,,272.0,336.0,08:A6:F7:6B:D4:28,,,,,,8571.0,22.0,39.0,21.0,21.0,18.0,,,0.0,21.0,374.0,23.0,3.0,,,,2878776,1786523655031,2878789,1786523655044,,1786523655004.0,29.0,2026-08-12T08:34:16.0634871Z,65.0,,,oasis/bottle,,0.0,,,,,
,,,,,,,,,,,,,,,13.0,,,,,,,,,1.0,,,0.0,,,,,0.0,,,,,0.0,,,,,,,,,,,local.mqtt.telegraf,33.0,,32.02,,,,,,periodic,,27.0,,,,,5.0,5,08a6f76bd428,,,109568.0,43104.0,,6.0,336.0,,,,,,,,,,,,,337.0,,,,,08a6f76bd428-337,,,0.0,,,,,,,272.0,337.0,08:A6:F7:6B:D4:28,,,,,,9571.0,22.0,39.0,21.0,21.0,18.0,,,0.0,21.0,374.0,23.0,3.0,,,,2879776,1786523656031,2879789,1786523656044,,1786523656004.0,29.0,2026-08-12T08:34:17.077657Z,65.0,,,oasis/bottle,,0.0,,,,,
,,,,,,,,,,,,,,,13.0,,,,,,,,,1.0,,,0.0,,,,,0.0,,,,,0.0,,,,,,,,,,,local.mqtt.telegraf,33.0,,31.74,,,,,,periodic,,35.0,,,,,5.0,5,08a6f76bd428,,,99872.0,43104.0,,6.0,337.0,,,,,,,,,,,,,338.0,,,,,08a6f76bd428-338,,,0.0,,,,,,,273.0,338.0,08:A6:F7:6B:D4:28,,,,,,10961.0,22.0,39.0,21.0,21.0,18.0,,,0.0,21.0,374.0,23.0,3.0,,,,2881174,1786523657429,2881187,1786523657442,,1786523657394.0,29.0,2026-08-12T08:34:18.4641039Z,65.0,,,oasis/bottle,,0.0,,,,,
,,,,,,,,,,,,,,,13.0,,,,,,,,,1.0,,,0.0,,,,,0.0,,,,,0.0,,,,,,,,,,,local.mqtt.telegraf,33.0,,31.42,,,,,,periodic,,27.0,,,,,5.0,5,08a6f76bd428,,,88880.0,43104.0,,9.0,338.0,,,,,,,,,,,,,339.0,,,,,08a6f76bd428-339,,,0.0,,,,,,,272.0,339.0,08:A6:F7:6B:D4:28,,,,,,12551.0,22.0,39.0,21.0,21.0,18.0,,,0.0,21.0,374.0,23.0,3.0,,,,2882756,1786523659011,2882769,1786523659024,,1786523658984.0,29.0,2026-08-12T08:34:20.0467868Z,65.0,,,oasis/bottle,,0.0,,,,,
,,,,,,,,,,,,,,,13.0,,,,,,,,,1.0,,,0.0,,,,,0.0,,,,,0.0,,,,,,,,,,,local.mqtt.telegraf,33.0,,31.24,,,,,,periodic,,27.0,,,,,5.0,5,08a6f76bd428,,,79216.0,43104.0,,6.0,339.0,,,,,,,,,,,,,340.0,,,,,08a6f76bd428-340,,,0.0,,,,,,,272.0,340.0,08:A6:F7:6B:D4:28,,,,,,13921.0,22.0,39.0,21.0,21.0,18.0,,,0.0,21.0,374.0,23.0,3.0,,,,2884126,1786523660381,2884139,1786523660394,,1786523660354.0,29.0,2026-08-12T08:34:22.9075578Z,65.0,,,oasis/bottle,,0.0,,,,,
,,,,,,,,,,,,,,,13.0,,,,,,,,,1.0,,,0.0,,,,,0.0,,,,,0.0,,,,,,,,,,,local.mqtt.telegraf,33.0,,31.13,,,,,,periodic,,27.0,,,,,5.0,5,08a6f76bd428,,,68240.0,43104.0,,6.0,340.0,,,,,,,,,,,,,341.0,,,,,08a6f76bd428-341,,,0.0,,,,,,,272.0,341.0,08:A6:F7:6B:D4:28,,,,,,15461.0,22.0,39.0,21.0,21.0,18.0,,,0.0,21.0,374.0,23.0,3.0,,,,2885666,1786523661921,2885679,1786523661934,,1786523661894.0,29.0,2026-08-12T08:34:22.9603544Z,65.0,,,oasis/bottle,,0.0,,,,,
,,,,,,,,,,,,,,,13.0,,,,,,,,,1.0,,,0.0,,,,,0.0,,,,,0.0,,,,,,,,,,,local.mqtt.telegraf,33.0,,31.12,,,,,,periodic,,28.0,,,,,6.0,5,08a6f76bd428,,,59232.0,43104.0,,6.0,341.0,,,,,,,,,,,,,342.0,,,,,08a6f76bd428-342,,,0.0,,,,,,,272.0,342.0,08:A6:F7:6B:D4:28,,,,,,16741.0,22.0,39.0,21.0,21.0,18.0,,,0.0,21.0,374.0,23.0,3.0,,,,2886946,1786523663201,2886959,1786523663214,,1786523663173.0,29.0,2026-08-12T08:34:24.2416151Z,65.0,,,oasis/bottle,,0.0,,,,,
,,,,,,,,,,,,,,,14.0,,,,,,,,,1.0,,,0.0,,,,,0.0,,,,,0.0,,,,,,,,,,,local.mqtt.telegraf,33.0,,31.31,,,,,,periodic,,27.0,,,,,5.0,5,08a6f76bd428,,,49568.0,43104.0,,6.0,342.0,,,,,,,,,,,,,343.0,,,,,08a6f76bd428-343,,,0.0,,,,,,,272.0,343.0,08:A6:F7:6B:D4:28,,,,,,18091.0,22.0,39.0,21.0,21.0,18.0,,,0.0,21.0,374.0,23.0,3.0,,,,2888296,1786523664551,2888310,1786523664565,,1786523664524.0,29.0,2026-08-12T08:34:25.5824248Z,65.0,,,oasis/bottle,,0.0,,,,,
,,,,,,,,,,,,,,,13.0,,,,,,,,,1.0,,,0.0,,,,,0.0,,,,,0.0,,,,,,,,,,,local.mqtt.telegraf,33.0,,31.32,,,,,,periodic,,57.0,,,,,5.0,5,08a6f76bd428,,,118576.0,43104.0,,10.0,343.0,,,,,,,,,,,,,344.0,,,,,08a6f76bd428-344,,,0.0,,,,,,,272.0,344.0,08:A6:F7:6B:D4:28,,,,,,19601.0,22.0,39.0,21.0,21.0,18.0,,,0.0,21.0,374.0,23.0,3.0,,,,2889836,1786523666091,2889849,1786523666104,,1786523666034.0,29.0,2026-08-12T08:34:27.1339743Z,65.0,,,oasis/bottle,,0.0,,,,,
,,,,,,,,,,,,,,,13.0,,,,,,,,,1.0,,,0.0,,,,,0.0,,,,,0.0,,,,,,,,,,,local.mqtt.telegraf,33.0,,31.21,,,,,,periodic,,25.0,,,,,6.0,5,08a6f76bd428,,,98208.0,43104.0,,48.0,344.0,,,,,,,,,,,,,345.0,,,,,08a6f76bd428-345,,,0.0,,,,,,,273.0,345.0,08:A6:F7:6B:D4:28,,,,,,492.0,23.0,31.0,21.0,21.0,10.0,,,-4.0,21.0,373.0,23.0,3.0,,,,2891095,1786523667350,2891108,1786523667363,,1786523667325.0,29.0,2026-08-12T08:34:28.3918745Z,68.0,,,oasis/bottle,,0.0,,,,,
,,,,,,,,,,,,,,,14.0,,,,,,,,,1.0,,,0.0,,,,,0.0,,,,,0.0,,,,,,,,,,,local.mqtt.telegraf,33.0,,31.08,,,,,,periodic,,27.0,,,,,5.0,5,08a6f76bd428,,,88544.0,43104.0,,6.0,345.0,,,,,,,,,,,,,346.0,,,,,08a6f76bd428-346,,,0.0,,,,,,,272.0,346.0,08:A6:F7:6B:D4:28,,,,,,1791.0,23.0,31.0,21.0,21.0,10.0,,,-4.0,21.0,373.0,23.0,3.0,,,,2892396,1786523668651,2892410,1786523668665,,1786523668624.0,29.0,2026-08-12T08:34:29.6839373Z,68.0,,,oasis/bottle,,0.0,,,,,
,,,,,,,,,,,,,,,13.0,,,,,,,,,1.0,,,0.0,,,,,0.0,,,,,0.0,,,,,,,,,,,local.mqtt.telegraf,33.0,,30.93,,,,,,periodic,,27.0,,,,,5.0,5,08a6f76bd428,,,78848.0,43104.0,,6.0,346.0,,,,,,,,,,,,,347.0,,,,,08a6f76bd428-347,,,0.0,,,,,,,273.0,347.0,08:A6:F7:6B:D4:28,,,,,,3181.0,23.0,31.0,21.0,21.0,10.0,,,-4.0,21.0,373.0,23.0,3.0,,,,2893786,1786523670041,2893799,1786523670054,,1786523670014.0,29.0,2026-08-12T08:34:31.0701483Z,68.0,,,oasis/bottle,,0.0,,,,,
,,,,,,,,,,,,,,,13.0,,,,,,,,,1.0,,,0.0,,,,,0.0,,,,,0.0,,,,,,,,,,,local.mqtt.telegraf,33.0,,30.92,,,,,,periodic,,27.0,,,,,5.0,5,08a6f76bd428,,,67856.0,43104.0,,7.0,347.0,,,,,,,,,,,,,348.0,,,,,08a6f76bd428-348,,,0.0,,,,,,,272.0,348.0,08:A6:F7:6B:D4:28,,,,,,4771.0,23.0,31.0,21.0,21.0,10.0,,,-4.0,21.0,373.0,23.0,3.0,,,,2895376,1786523671631,2895389,1786523671644,,1786523671604.0,29.0,2026-08-12T08:34:32.6724978Z,68.0,,,oasis/bottle,,0.0,,,,,
,,,,,,,,,,,,,,,13.0,,,,,,,,,1.0,,,0.0,,,,,0.0,,,,,0.0,,,,,,,,,,,local.mqtt.telegraf,33.0,,30.85,,,,,,periodic,,27.0,,,,,5.0,5,08a6f76bd428,,,58192.0,43104.0,,6.0,348.0,,,,,,,,,,,,,349.0,,,,,08a6f76bd428-349,,,0.0,,,,,,,272.0,349.0,08:A6:F7:6B:D4:28,,,,,,6141.0,23.0,31.0,21.0,21.0,10.0,,,-4.0,21.0,373.0,23.0,3.0,,,,2896746,1786523673001,2896759,1786523673014,,1786523672974.0,29.0,2026-08-12T08:34:34.0429285Z,68.0,,,oasis/bottle,,0.0,,,,,
,,,,,,,,,,,,,,,21.0,,,,,,,,,1.0,,,0.0,,,,,0.0,,,,,0.0,,,,,,,,,,,local.mqtt.telegraf,33.0,,30.82,,,,,,periodic,,28.0,,,,,6.0,5,08a6f76bd428,,,47216.0,43104.0,,6.0,349.0,,,,,,,,,,,,,350.0,,,,,08a6f76bd428-350,,,0.0,,,,,,,272.0,350.0,08:A6:F7:6B:D4:28,,,,,,7681.0,23.0,31.0,21.0,21.0,10.0,,,-4.0,21.0,373.0,23.0,3.0,,,,2898286,1786523674541,2898307,1786523674562,,1786523674513.0,29.0,2026-08-12T08:34:35.5941172Z,68.0,,,oasis/bottle,,0.0,,,,,
,,,,,,,,,,,,,,,13.0,,,,,,,,,1.0,,,0.0,,,,,0.0,,,,,0.0,,,,,,,,,,,local.mqtt.telegraf,33.0,,30.82,,,,,,periodic,,27.0,,,,,5.0,5,08a6f76bd428,,,118016.0,43104.0,,6.0,350.0,,,,,,,,,,,,,351.0,,,,,08a6f76bd428-351,,,0.0,,,,,,,272.0,351.0,08:A6:F7:6B:D4:28,,,,,,8951.0,23.0,31.0,21.0,21.0,10.0,,,-4.0,21.0,373.0,23.0,3.0,,,,2899556,1786523675811,2899569,1786523675824,,1786523675784.0,29.0,2026-08-12T08:34:36.8503784Z,68.0,,,oasis/bottle,,0.0,,,,,
,,,,,,,,,,,,,,,14.0,,,,,,,,,1.0,,,0.0,,,,,0.0,,,,,0.0,,,,,,,,,,,local.mqtt.telegraf,33.0,,30.89,,,,,,periodic,,27.0,,,,,5.0,5,08a6f76bd428,,,108352.0,43104.0,,6.0,351.0,,,,,,,,,,,,,352.0,,,,,08a6f76bd428-352,,,0.0,,,,,,,272.0,352.0,08:A6:F7:6B:D4:28,,,,,,10291.0,23.0,31.0,21.0,21.0,10.0,,,-4.0,21.0,373.0,23.0,3.0,,,,2900896,1786523677151,2900910,1786523677165,,1786523677124.0,29.0,2026-08-12T08:34:38.1879452Z,68.0,,,oasis/bottle,,0.0,,,,,
,,,,,,,,,,,,,,,13.0,,,,,,,,,1.0,,,0.0,,,,,0.0,,,,,0.0,,,,,,,,,,,local.mqtt.telegraf,33.0,,30.76,,,,,,periodic,,27.0,,,,,5.0,5,08a6f76bd428,,,98032.0,43104.0,,6.0,352.0,,,,,,,,,,,,,353.0,,,,,08a6f76bd428-353,,,0.0,,,,,,,272.0,353.0,08:A6:F7:6B:D4:28,,,,,,11771.0,23.0,31.0,21.0,21.0,10.0,,,-4.0,21.0,373.0,23.0,3.0,,,,2902376,1786523678631,2902389,1786523678644,,1786523678604.0,29.0,2026-08-12T08:34:39.6662067Z,68.0,,,oasis/bottle,,0.0,,,,,
,,,,,,,,,,,,,,,13.0,,,,,,,,,1.0,,,0.0,,,,,0.0,,,,,0.0,,,,,,,,,,,local.mqtt.telegraf,33.0,,30.82,,,,,,periodic,,28.0,,,,,6.0,5,08a6f76bd428,,,89680.0,43104.0,,8.0,353.0,,,,,,,,,,,,,354.0,,,,,08a6f76bd428-354,,,0.0,,,,,,,272.0,354.0,08:A6:F7:6B:D4:28,,,,,,12931.0,23.0,31.0,21.0,21.0,10.0,,,-4.0,21.0,373.0,23.0,3.0,,,,2903536,1786523679791,2903549,1786523679804,,1786523679763.0,29.0,2026-08-12T08:34:40.8323031Z,68.0,,,oasis/bottle,,0.0,,,,,
,,,,,,,,,,,,,,,13.0,,,,,,,,,1.0,,,0.0,,,,,0.0,,,,,0.0,,,,,,,,,,,local.mqtt.telegraf,33.0,,30.77,,,,,,periodic,,28.0,,,,,6.0,5,08a6f76bd428,,,81328.0,43104.0,,6.0,354.0,,,,,,,,,,,,,355.0,,,,,08a6f76bd428-355,,,0.0,,,,,,,272.0,355.0,08:A6:F7:6B:D4:28,,,,,,14051.0,23.0,31.0,21.0,21.0,10.0,,,-4.0,21.0,373.0,23.0,3.0,,,,2904656,1786523680911,2904669,1786523680924,,1786523680883.0,29.0,2026-08-12T08:34:41.9356516Z,68.0,,,oasis/bottle,,0.0,,,,,
,,,,,,,,,,,,,,,13.0,,,,,,,,,1.0,,,0.0,,,,,0.0,,,,,0.0,,,,,,,,,,,local.mqtt.telegraf,33.0,,30.82,,,,,,periodic,,28.0,,,,,6.0,5,08a6f76bd428,,,73632.0,43104.0,,6.0,355.0,,,,,,,,,,,,,356.0,,,,,08a6f76bd428-356,,,0.0,,,,,,,272.0,356.0,08:A6:F7:6B:D4:28,,,,,,15081.0,23.0,31.0,21.0,21.0,10.0,,,-4.0,21.0,373.0,23.0,3.0,,,,2905686,1786523681941,2905699,1786523681954,,1786523681913.0,29.0,2026-08-12T08:34:42.9817511Z,68.0,,,oasis/bottle,,0.0,,,,,
,,,,,,,,,,,,,,,13.0,,,,,,,,,1.0,,,0.0,,,,,0.0,,,,,0.0,,,,,,,,,,,local.mqtt.telegraf,33.0,,30.9,,,,,,periodic,,28.0,,,,,6.0,5,08a6f76bd428,,,63312.0,43104.0,,6.0,356.0,,,,,,,,,,,,,357.0,,,,,08a6f76bd428-357,,,0.0,,,,,,,272.0,357.0,08:A6:F7:6B:D4:28,,,,,,16541.0,23.0,31.0,21.0,21.0,10.0,,,-4.0,21.0,373.0,23.0,3.0,,,,2907146,1786523683401,2907159,1786523683414,,1786523683373.0,29.0,2026-08-12T08:34:44.4395601Z,68.0,,,oasis/bottle,,0.0,,,,,
,,,,,,,,,,,,,,,14.0,,,,,,,,,1.0,,,0.0,,,,,0.0,,,,,0.0,,,,,,,,,,,local.mqtt.telegraf,33.0,,30.82,,,,,,periodic,,28.0,,,,,6.0,5,08a6f76bd428,,,54960.0,43104.0,,6.0,357.0,,,,,,,,,,,,,358.0,,,,,08a6f76bd428-358,,,0.0,,,,,,,272.0,358.0,08:A6:F7:6B:D4:28,,,,,,17661.0,23.0,31.0,21.0,21.0,10.0,,,-4.0,21.0,373.0,23.0,3.0,,,,2908266,1786523684521,2908280,1786523684535,,1786523684493.0,29.0,2026-08-12T08:34:45.5459284Z,68.0,,,oasis/bottle,,0.0,,,,,
,,,,,,,,,,,,,,,13.0,,,,,,,,,1.0,,,0.0,,,,,0.0,,,,,0.0,,,,,,,,,,,local.mqtt.telegraf,33.0,,30.81,,,,,,periodic,,27.0,,,,,5.0,5,08a6f76bd428,,,47264.0,43104.0,,6.0,358.0,,,,,,,,,,,,,359.0,,,,,08a6f76bd428-359,,,0.0,,,,,,,272.0,359.0,08:A6:F7:6B:D4:28,,,,,,18701.0,23.0,31.0,21.0,21.0,10.0,,,-4.0,21.0,373.0,23.0,3.0,,,,2909306,1786523685561,2909319,1786523685574,,1786523685534.0,29.0,2026-08-12T08:34:46.5916695Z,68.0,,,oasis/bottle,,0.0,,,,,
,,,,,,,,,,,,,,,13.0,,,,,,,,,1.0,,,0.0,,,,,0.0,,,,,0.0,,,,,,,,,,,local.mqtt.telegraf,33.0,,30.88,,,,,,periodic,,28.0,,,,,6.0,5,08a6f76bd428,,,116704.0,43104.0,,6.0,359.0,,,,,,,,,,,,,360.0,,,,,08a6f76bd428-360,,,0.0,,,,,,,272.0,360.0,08:A6:F7:6B:D4:28,,,,,,20181.0,23.0,31.0,21.0,21.0,10.0,,,-4.0,21.0,373.0,23.0,3.0,,,,2910786,1786523687041,2910799,1786523687054,,1786523687013.0,29.0,2026-08-12T08:34:48.0806063Z,68.0,,,oasis/bottle,,0.0,,,,,
,,,,,,,,,,,,,,,13.0,,,,,,,,,1.0,,,0.0,,,,,0.0,,,,,0.0,,,,,,,,,,,local.mqtt.telegraf,33.0,,30.77,,,,,,periodic,,23.0,,,,,5.0,5,08a6f76bd428,,,96160.0,43104.0,,6.0,360.0,,,,,,,,,,,,,361.0,,,,,08a6f76bd428-361,,,0.0,,,,,,,273.0,361.0,08:A6:F7:6B:D4:28,,,,,,1131.0,24.0,31.0,27.0,27.0,4.0,,,-1.0,27.0,382.0,30.0,3.0,,,,2911985,1786523688240,2911998,1786523688253,,1786523688217.0,29.0,2026-08-12T08:34:49.2816134Z,70.0,,,oasis/bottle,,0.0,,,,,
,,,,,,,,,,,,,,,13.0,,,,,,,,,1.0,,,0.0,,,,,0.0,,,,,0.0,,,,,,,,,,,local.mqtt.telegraf,33.0,,30.92,,,,,,periodic,,25.0,,,,,6.0,5,08a6f76bd428,,,87808.0,43104.0,,5.0,361.0,,,,,,,,,,,,,362.0,,,,,08a6f76bd428-362,,,0.0,,,,,,,272.0,362.0,08:A6:F7:6B:D4:28,,,,,,2281.0,24.0,31.0,27.0,27.0,4.0,,,-1.0,27.0,382.0,30.0,3.0,,,,2913136,1786523689391,2913149,1786523689404,,1786523689366.0,29.0,2026-08-12T08:34:50.4416377Z,70.0,,,oasis/bottle,,0.0,,,,,
,,,,,,,,,,,,,,,13.0,,,,,,,,,1.0,,,0.0,,,,,0.0,,,,,0.0,,,,,,,,,,,local.mqtt.telegraf,33.0,,31.04,,,,,,periodic,,24.0,,,,,5.0,5,08a6f76bd428,,,79456.0,43104.0,,6.0,362.0,,,,,,,,,,,,,363.0,,,,,08a6f76bd428-363,,,0.0,,,,,,,272.0,363.0,08:A6:F7:6B:D4:28,,,,,,3381.0,24.0,31.0,27.0,27.0,4.0,,,-1.0,27.0,382.0,30.0,3.0,,,,2914236,1786523690491,2914249,1786523690504,,1786523690467.0,29.0,2026-08-12T08:34:51.5286183Z,70.0,,,oasis/bottle,,0.0,,,,,
,,,,,,,,,,,,,,,13.0,,,,,,,,,1.0,,,0.0,,,,,0.0,,,,,0.0,,,,,,,,,,,local.mqtt.telegraf,33.0,,30.96,,,,,,periodic,,24.0,,,,,5.0,5,08a6f76bd428,,,71760.0,43104.0,,6.0,363.0,,,,,,,,,,,,,364.0,,,,,08a6f76bd428-364,,,0.0,,,,,,,272.0,364.0,08:A6:F7:6B:D4:28,,,,,,4381.0,24.0,31.0,27.0,27.0,4.0,,,-1.0,27.0,382.0,30.0,3.0,,,,2915236,1786523691491,2915249,1786523691504,,1786523691467.0,29.0,2026-08-12T08:34:52.5161918Z,70.0,,,oasis/bottle,,0.0,,,,,
,,,,,,,,,,,,,,,13.0,,,,,,,,,1.0,,,0.0,,,,,0.0,,,,,0.0,,,,,,,,,,,local.mqtt.telegraf,33.0,,30.93,,,,,,periodic,,22.0,,,,,6.0,5,08a6f76bd428,,,61520.0,43104.0,,6.0,364.0,,,,,,,,,,,,,365.0,,,,,08a6f76bd428-365,,,0.0,,,,,,,273.0,365.0,08:A6:F7:6B:D4:28,,,,,,5773.0,24.0,31.0,27.0,27.0,4.0,,,-1.0,27.0,382.0,30.0,3.0,,,,2916626,1786523692881,2916639,1786523692894,,1786523692859.0,29.0,2026-08-12T08:34:53.9255884Z,70.0,,,oasis/bottle,,0.0,,,,,
,,,,,,,,,,,,,,,13.0,,,,,,,,,1.0,,,0.0,,,,,0.0,,,,,0.0,,,,,,,,,,,local.mqtt.telegraf,33.0,,30.8,,,,,,periodic,,24.0,,,,,5.0,5,08a6f76bd428,,,50416.0,43104.0,,6.0,365.0,,,,,,,,,,,,,366.0,,,,,08a6f76bd428-366,,,0.0,,,,,,,272.0,366.0,08:A6:F7:6B:D4:28,,,,,,7361.0,24.0,31.0,27.0,27.0,4.0,,,-1.0,27.0,382.0,30.0,3.0,,,,2918216,1786523694471,2918229,1786523694484,,1786523694447.0,29.0,2026-08-12T08:34:55.5069121Z,70.0,,,oasis/bottle,,0.0,,,,,
,,,,,,,,,,,,,,,13.0,,,,,,,,,1.0,,,0.0,,,,,0.0,,,,,0.0,,,,,,,,,,,local.mqtt.telegraf,33.0,,31.12,,,,,,periodic,,25.0,,,,,6.0,5,08a6f76bd428,,,120640.0,43104.0,,6.0,366.0,,,,,,,,,,,,,367.0,,,,,08a6f76bd428-367,,,0.0,,,,,,,272.0,367.0,08:A6:F7:6B:D4:28,,,,,,8731.0,24.0,31.0,27.0,27.0,4.0,,,-1.0,27.0,382.0,30.0,3.0,,,,2919586,1786523695841,2919599,1786523695854,,1786523695816.0,29.0,2026-08-12T08:34:56.8889249Z,70.0,,,oasis/bottle,,0.0,,,,,
,,,,,,,,,,,,,,,13.0,,,,,,,,,1.0,,,0.0,,,,,0.0,,,,,0.0,,,,,,,,,,,local.mqtt.telegraf,33.0,,31.19,,,,,,periodic,,25.0,,,,,6.0,5,08a6f76bd428,,,109664.0,43104.0,,6.0,367.0,,,,,,,,,,,,,368.0,,,,,08a6f76bd428-368,,,0.0,,,,,,,272.0,368.0,08:A6:F7:6B:D4:28,,,,,,10271.0,24.0,31.0,27.0,27.0,4.0,,,-1.0,27.0,382.0,30.0,3.0,,,,2921126,1786523697381,2921139,1786523697394,,1786523697356.0,29.0,2026-08-12T08:34:58.4195728Z,70.0,,,oasis/bottle,,0.0,,,,,
,,,,,,,,,,,,,,,13.0,,,,,,,,,1.0,,,0.0,,,,,0.0,,,,,0.0,,,,,,,,,,,local.mqtt.telegraf,33.0,,31.15,,,,,,periodic,,24.0,,,,,5.0,5,08a6f76bd428,,,100656.0,43104.0,,6.0,368.0,,,,,,,,,,,,,369.0,,,,,08a6f76bd428-369,,,0.0,,,,,,,272.0,369.0,08:A6:F7:6B:D4:28,,,,,,11551.0,24.0,31.0,27.0,27.0,4.0,,,-1.0,27.0,382.0,30.0,3.0,,,,2922406,1786523698661,2922419,1786523698674,,1786523698637.0,29.0,2026-08-12T08:34:59.6930002Z,70.0,,,oasis/bottle,,0.0,,,,,
,,,,,,,,,,,,,,,13.0,,,,,,,,,1.0,,,0.0,,,,,0.0,,,,,0.0,,,,,,,,,,,local.mqtt.telegraf,33.0,,31.15,,,,,,periodic,,24.0,,,,,5.0,5,08a6f76bd428,,,90992.0,43104.0,,6.0,369.0,,,,,,,,,,,,,370.0,,,,,08a6f76bd428-370,,,0.0,,,,,,,272.0,370.0,08:A6:F7:6B:D4:28,,,,,,12901.0,24.0,31.0,27.0,27.0,4.0,,,-1.0,27.0,382.0,30.0,3.0,,,,2923756,1786523700011,2923769,1786523700024,,1786523699987.0,29.0,2026-08-12T08:35:01.0421686Z,70.0,,,oasis/bottle,,0.0,,,,,
,,,,,,,,,,,,,,,13.0,,,,,,,,,1.0,,,0.0,,,,,0.0,,,,,0.0,,,,,,,,,,,local.mqtt.telegraf,33.0,,31.25,,,,,,periodic,,22.0,,,,,5.0,5,08a6f76bd428,,,80096.0,43104.0,,8.0,370.0,,,,,,,,,,,,,371.0,,,,,08a6f76bd428-371,,,0.0,,,,,,,273.0,371.0,08:A6:F7:6B:D4:28,,,,,,14403.0,24.0,31.0,27.0,27.0,4.0,,,-1.0,27.0,382.0,30.0,3.0,,,,2925256,1786523701511,2925269,1786523701524,,1786523701489.0,29.0,2026-08-12T08:35:02.5468952Z,70.0,,,oasis/bottle,,0.0,,,,,
,,,,,,,,,,,,,,,13.0,,,,,,,,,1.0,,,0.0,,,,,0.0,,,,,0.0,,,,,,,,,,,local.mqtt.telegraf,33.0,,31.19,,,,,,periodic,,24.0,,,,,5.0,5,08a6f76bd428,,,70960.0,43104.0,,6.0,371.0,,,,,,,,,,,,,372.0,,,,,08a6f76bd428-372,,,0.0,,,,,,,272.0,372.0,08:A6:F7:6B:D4:28,,,,,,15601.0,24.0,31.0,27.0,27.0,4.0,,,-1.0,27.0,382.0,30.0,3.0,,,,2926456,1786523702711,2926469,1786523702724,,1786523702687.0,29.0,2026-08-12T08:35:03.7444599Z,70.0,,,oasis/bottle,,0.0,,,,,
,,,,,,,,,,,,,,,13.0,,,,,,,,,1.0,,,0.0,,,,,0.0,,,,,0.0,,,,,,,,,,,local.mqtt.telegraf,33.0,,31.2,,,,,,periodic,,25.0,,,,,6.0,5,08a6f76bd428,,,61952.0,43104.0,,6.0,372.0,,,,,,,,,,,,,373.0,,,,,08a6f76bd428-373,,,0.0,,,,,,,272.0,373.0,08:A6:F7:6B:D4:28,,,,,,16801.0,24.0,31.0,27.0,27.0,4.0,,,-1.0,27.0,382.0,30.0,3.0,,,,2927656,1786523703911,2927669,1786523703924,,1786523703886.0,29.0,2026-08-12T08:35:04.9633068Z,70.0,,,oasis/bottle,,0.0,,,,,
,,,,,,,,,,,,,,,14.0,,,,,,,,,1.0,,,0.0,,,,,0.0,,,,,0.0,,,,,,,,,,,local.mqtt.telegraf,33.0,,31.33,,,,,,periodic,,24.0,,,,,5.0,5,08a6f76bd428,,,52944.0,43104.0,,7.0,373.0,,,,,,,,,,,,,374.0,,,,,08a6f76bd428-374,,,0.0,,,,,,,272.0,374.0,08:A6:F7:6B:D4:28,,,,,,18001.0,24.0,31.0,27.0,27.0,4.0,,,-1.0,27.0,382.0,30.0,3.0,,,,2928856,1786523705111,2928870,1786523705125,,1786523705087.0,29.0,2026-08-12T08:35:06.1607991Z,70.0,,,oasis/bottle,,0.0,,,,,
,,,,,,,,,,,,,,,13.0,,,,,,,,,1.0,,,0.0,,,,,0.0,,,,,0.0,,,,,,,,,,,local.mqtt.telegraf,33.0,,31.38,,,,,,periodic,,25.0,,,,,12.0,5,08a6f76bd428,,,43936.0,43104.0,,6.0,374.0,,,,,,,,,,,,,375.0,,,,,08a6f76bd428-375,,,0.0,,,,,,,272.0,375.0,08:A6:F7:6B:D4:28,,,,,,19191.0,24.0,31.0,27.0,27.0,4.0,,,-1.0,27.0,382.0,30.0,3.0,,,,2930046,1786523706301,2930059,1786523706314,,1786523706276.0,29.0,2026-08-12T08:35:07.3304011Z,70.0,,,oasis/bottle,,0.0,,,,,
,,,,,,,,,,,,,,,14.0,,,,,,,,,1.0,,,0.0,,,,,0.0,,,,,0.0,,,,,,,,,,,local.mqtt.telegraf,33.0,,31.38,,,,,,periodic,,24.0,,,,,5.0,5,08a6f76bd428,,,114144.0,43104.0,,6.0,375.0,,,,,,,,,,,,,376.0,,,,,08a6f76bd428-376,,,0.0,,,,,,,272.0,376.0,08:A6:F7:6B:D4:28,,,,,,20381.0,24.0,31.0,27.0,27.0,4.0,,,-1.0,27.0,382.0,30.0,3.0,,,,2931236,1786523707491,2931250,1786523707505,,1786523707467.0,29.0,2026-08-12T08:35:08.5327875Z,70.0,,,oasis/bottle,,0.0,,,,,
,,,,,,,,,,,,,,,13.0,,,,,,,,,1.0,,,0.0,,,,,0.0,,,,,0.0,,,,,,,,,,,local.mqtt.telegraf,33.0,,31.54,,,,,,periodic,,22.0,,,,,6.0,5,08a6f76bd428,,,94432.0,43104.0,,6.0,376.0,,,,,,,,,,,,,377.0,,,,,08a6f76bd428-377,,,0.0,,,,,,,272.0,377.0,08:A6:F7:6B:D4:28,,,,,,931.0,25.0,50.0,31.0,31.0,19.0,,,0.0,30.0,404.0,33.0,3.0,,,,2932405,1786523708660,2932418,1786523708673,,1786523708638.0,29.0,2026-08-12T08:35:09.7040021Z,74.0,,,oasis/bottle,,0.0,,,,,
,,,,,,,,,,,,,,,13.0,,,,,,,,,1.0,,,0.0,,,,,0.0,,,,,0.0,,,,,,,,,,,local.mqtt.telegraf,33.0,,31.59,,,,,,periodic,,23.0,,,,,6.0,5,08a6f76bd428,,,86080.0,43104.0,,6.0,377.0,,,,,,,,,,,,,378.0,,,,,08a6f76bd428-378,,,0.0,,,,,,,272.0,378.0,08:A6:F7:6B:D4:28,,,,,,2071.0,25.0,50.0,31.0,31.0,19.0,,,0.0,30.0,404.0,33.0,3.0,,,,2933546,1786523709801,2933559,1786523709814,,1786523709778.0,29.0,2026-08-12T08:35:10.8405251Z,74.0,,,oasis/bottle,,0.0,,,,,
,,,,,,,,,,,,,,,13.0,,,,,,,,,1.0,,,0.0,,,,,0.0,,,,,0.0,,,,,,,,,,,local.mqtt.telegraf,33.0,,31.66,,,,,,periodic,,22.0,,,,,5.0,5,08a6f76bd428,,,77728.0,43104.0,,6.0,378.0,,,,,,,,,,,,,379.0,,,,,08a6f76bd428-379,,,0.0,,,,,,,272.0,379.0,08:A6:F7:6B:D4:28,,,,,,3151.0,25.0,50.0,31.0,31.0,19.0,,,0.0,30.0,404.0,33.0,3.0,,,,2934626,1786523710881,2934639,1786523710894,,1786523710859.0,29.0,2026-08-12T08:35:11.9226574Z,74.0,,,oasis/bottle,,0.0,,,,,
,,,,,,,,,,,,,,,13.0,,,,,,,,,1.0,,,0.0,,,,,0.0,,,,,0.0,,,,,,,,,,,local.mqtt.telegraf,33.0,,31.74,,,,,,periodic,,22.0,,,,,5.0,5,08a6f76bd428,,,66752.0,43104.0,,6.0,379.0,,,,,,,,,,,,,380.0,,,,,08a6f76bd428-380,,,0.0,,,,,,,272.0,380.0,08:A6:F7:6B:D4:28,,,,,,4701.0,25.0,50.0,31.0,31.0,19.0,,,0.0,30.0,404.0,33.0,3.0,,,,2936176,1786523712431,2936189,1786523712444,,1786523712409.0,29.0,2026-08-12T08:35:13.4680824Z,74.0,,,oasis/bottle,,0.0,,,,,
,,,,,,,,,,,,,,,13.0,,,,,,,,,1.0,,,0.0,,,,,0.0,,,,,0.0,,,,,,,,,,,local.mqtt.telegraf,33.0,,31.89,,,,,,periodic,,23.0,,,,,6.0,5,08a6f76bd428,,,57088.0,43104.0,,6.0,380.0,,,,,,,,,,,,,381.0,,,,,08a6f76bd428-381,,,0.0,,,,,,,272.0,381.0,08:A6:F7:6B:D4:28,,,,,,6001.0,25.0,50.0,31.0,31.0,19.0,,,0.0,30.0,404.0,33.0,3.0,,,,2937476,1786523713731,2937489,1786523713744,,1786523713708.0,29.0,2026-08-12T08:35:14.7598316Z,74.0,,,oasis/bottle,,0.0,,,,,
,,,,,,,,,,,,,,,13.0,,,,,,,,,1.0,,,0.0,,,,,0.0,,,,,0.0,,,,,,,,,,,local.mqtt.telegraf,33.0,,32.3,,,,,,periodic,,23.0,,,,,6.0,5,08a6f76bd428,,,46768.0,43104.0,,6.0,381.0,,,,,,,,,,,,,382.0,,,,,08a6f76bd428-382,,,0.0,,,,,,,272.0,382.0,08:A6:F7:6B:D4:28,,,,,,7401.0,25.0,50.0,31.0,31.0,19.0,,,0.0,30.0,404.0,33.0,3.0,,,,2938876,1786523715131,2938889,1786523715144,,1786523715108.0,29.0,2026-08-12T08:35:16.1689493Z,74.0,,,oasis/bottle,,0.0,,,,,
,,,,,,,,,,,,,,,13.0,,,,,,,,,1.0,,,0.0,,,,,0.0,,,,,0.0,,,,,,,,,,,local.mqtt.telegraf,33.0,,32.61,,,,,,periodic,,22.0,,,,,5.0,5,08a6f76bd428,,,118880.0,43104.0,,6.0,382.0,,,,,,,,,,,,,383.0,,,,,08a6f76bd428-383,,,0.0,,,,,,,273.0,383.0,08:A6:F7:6B:D4:28,,,,,,8401.0,25.0,50.0,31.0,31.0,19.0,,,0.0,30.0,404.0,33.0,3.0,,,,2939876,1786523716131,2939889,1786523716144,,1786523716109.0,29.0,2026-08-12T08:35:17.1560791Z,74.0,,,oasis/bottle,,0.0,,,,,
,,,,,,,,,,,,,,,13.0,,,,,,,,,1.0,,,0.0,,,,,0.0,,,,,0.0,,,,,,,,,,,local.mqtt.telegraf,33.0,,33.59,,,,,,periodic,,22.0,,,,,6.0,5,08a6f76bd428,,,109184.0,43104.0,,6.0,383.0,,,,,,,,,,,,,384.0,,,,,08a6f76bd428-384,,,0.0,,,,,,,273.0,384.0,08:A6:F7:6B:D4:28,,,,,,9791.0,25.0,50.0,31.0,31.0,19.0,,,0.0,30.0,404.0,33.0,3.0,,,,2941266,1786523717521,2941279,1786523717534,,1786523717499.0,29.0,2026-08-12T08:35:18.5579232Z,74.0,,,oasis/bottle,,0.0,,,,,
,,,,,,,,,,,,,,,13.0,,,,,,,,,1.0,,,0.0,,,,,0.0,,,,,0.0,,,,,,,,,,,local.mqtt.telegraf,33.0,,34.81,,,,,,periodic,,23.0,,,,,6.0,5,08a6f76bd428,,,98192.0,43104.0,,5.0,384.0,,,,,,,,,,,,,385.0,,,,,08a6f76bd428-385,,,0.0,,,,,,,272.0,385.0,08:A6:F7:6B:D4:28,,,,,,11381.0,25.0,50.0,31.0,31.0,19.0,,,0.0,30.0,404.0,33.0,3.0,,,,2942856,1786523719111,2942869,1786523719124,,1786523719088.0,29.0,2026-08-12T08:35:20.157768Z,74.0,,,oasis/bottle,,0.0,,,,,
,,,,,,,,,,,,,,,13.0,,,,,,,,,1.0,,,0.0,,,,,0.0,,,,,0.0,,,,,,,,,,,local.mqtt.telegraf,33.0,,35.91,,,,,,periodic,,23.0,,,,,6.0,5,08a6f76bd428,,,88528.0,43104.0,,6.0,385.0,,,,,,,,,,,,,386.0,,,,,08a6f76bd428-386,,,0.0,,,,,,,272.0,386.0,08:A6:F7:6B:D4:28,,,,,,12751.0,25.0,50.0,31.0,31.0,19.0,,,0.0,30.0,404.0,33.0,3.0,,,,2944226,1786523720481,2944239,1786523720494,,1786523720458.0,29.0,2026-08-12T08:35:21.5147852Z,74.0,,,oasis/bottle,,0.0,,,,,
,,,,,,,,,,,,,,,13.0,,,,,,,,,1.0,,,0.0,,,,,0.0,,,,,0.0,,,,,,,,,,,local.mqtt.telegraf,33.0,,36.84,,,,,,periodic,,22.0,,,,,5.0,5,08a6f76bd428,,,77552.0,43104.0,,6.0,386.0,,,,,,,,,,,,,387.0,,,,,08a6f76bd428-387,,,0.0,,,,,,,272.0,387.0,08:A6:F7:6B:D4:28,,,,,,14291.0,25.0,50.0,31.0,31.0,19.0,,,0.0,30.0,404.0,33.0,3.0,,,,2945766,1786523722021,2945779,1786523722034,,1786523721999.0,29.0,2026-08-12T08:35:23.0543267Z,74.0,,,oasis/bottle,,0.0,,,,,
,,,,,,,,,,,,,,,13.0,,,,,,,,,1.0,,,0.0,,,,,0.0,,,,,0.0,,,,,,,,,,,local.mqtt.telegraf,33.0,,37.3,,,,,,periodic,,22.0,,,,,6.0,5,08a6f76bd428,,,68512.0,43104.0,,7.0,387.0,,,,,,,,,,,,,388.0,,,,,08a6f76bd428-388,,,0.0,,,,,,,273.0,388.0,08:A6:F7:6B:D4:28,,,,,,15571.0,25.0,50.0,31.0,31.0,19.0,,,0.0,30.0,404.0,33.0,3.0,,,,2947046,1786523723301,2947059,1786523723314,,1786523723279.0,29.0,2026-08-12T08:35:24.3426967Z,74.0,,,oasis/bottle,,0.0,,,,,
,,,,,,,,,,,,,,,13.0,,,,,,,,,1.0,,,0.0,,,,,0.0,,,,,0.0,,,,,,,,,,,local.mqtt.telegraf,33.0,,37.49,,,,,,periodic,,23.0,,,,,6.0,5,08a6f76bd428,,,58832.0,43104.0,,6.0,388.0,,,,,,,,,,,,,389.0,,,,,08a6f76bd428-389,,,0.0,,,,,,,272.0,389.0,08:A6:F7:6B:D4:28,,,,,,16931.0,25.0,50.0,31.0,31.0,19.0,,,0.0,30.0,404.0,33.0,3.0,,,,2948406,1786523724661,2948419,1786523724674,,1786523724638.0,29.0,2026-08-12T08:35:25.6969364Z,74.0,,,oasis/bottle,,0.0,,,,,
,,,,,,,,,,,,,,,13.0,,,,,,,,,1.0,,,0.0,,,,,0.0,,,,,0.0,,,,,,,,,,,local.mqtt.telegraf,33.0,,37.58,,,,,,periodic,,23.0,,,,,6.0,5,08a6f76bd428,,,47856.0,43104.0,,6.0,389.0,,,,,,,,,,,,,390.0,,,,,08a6f76bd428-390,,,0.0,,,,,,,272.0,390.0,08:A6:F7:6B:D4:28,,,,,,18441.0,25.0,50.0,31.0,31.0,19.0,,,0.0,30.0,404.0,33.0,3.0,,,,2949916,1786523726171,2949929,1786523726184,,1786523726148.0,29.0,2026-08-12T08:35:27.2052587Z,74.0,,,oasis/bottle,,0.0,,,,,
,,,,,,,,,,,,,,,13.0,,,,,,,,,1.0,,,0.0,,,,,0.0,,,,,0.0,,,,,,,,,,,local.mqtt.telegraf,33.0,,37.75,,,,,,periodic,,22.0,,,,,5.0,5,08a6f76bd428,,,117920.0,43104.0,,6.0,390.0,,,,,,,,,,,,,391.0,,,,,08a6f76bd428-391,,,0.0,,,,,,,272.0,391.0,08:A6:F7:6B:D4:28,,,,,,19701.0,25.0,50.0,31.0,31.0,19.0,,,0.0,30.0,404.0,33.0,3.0,,,,2951176,1786523727431,2951189,1786523727444,,1786523727409.0,29.0,2026-08-12T08:35:28.4655042Z,74.0,,,oasis/bottle,,0.0,,,,,
,,,,,,,,,,,,,,,13.0,,,,,,,,,1.0,,,0.0,,,,,0.0,,,,,0.0,,,,,,,,,,,local.mqtt.telegraf,33.0,,37.75,,,,,,periodic,,25.0,,,,,6.0,5,08a6f76bd428,,,98096.0,43104.0,,6.0,391.0,,,,,,,,,,,,,392.0,,,,,08a6f76bd428-392,,,0.0,,,,,,,273.0,392.0,08:A6:F7:6B:D4:28,,,,,,393.0,26.0,30.0,21.0,21.0,9.0,,,-4.0,21.0,374.0,23.0,3.0,,,,2952445,1786523728700,2952458,1786523728713,,1786523728675.0,29.0,2026-08-12T08:35:29.742568Z,78.0,,,oasis/bottle,,0.0,,,,,
,,,,,,,,,,,,,,,13.0,,,,,,,,,1.0,,,0.0,,,,,0.0,,,,,0.0,,,,,,,,,,,local.mqtt.telegraf,33.0,,37.75,,,,,,periodic,,28.0,,,,,6.0,5,08a6f76bd428,,,88544.0,43104.0,,7.0,392.0,,,,,,,,,,,,,393.0,,,,,08a6f76bd428-393,,,0.0,,,,,,,272.0,393.0,08:A6:F7:6B:D4:28,,,,,,1741.0,26.0,30.0,21.0,21.0,9.0,,,-4.0,21.0,374.0,23.0,3.0,,,,2953796,1786523730051,2953809,1786523730064,,1786523730023.0,29.0,2026-08-12T08:35:31.0941363Z,78.0,,,oasis/bottle,,0.0,,,,,
,,,,,,,,,,,,,,,13.0,,,,,,,,,1.0,,,0.0,,,,,0.0,,,,,0.0,,,,,,,,,,,local.mqtt.telegraf,33.0,,37.79,,,,,,periodic,,28.0,,,,,6.0,5,08a6f76bd428,,,78224.0,43104.0,,6.0,393.0,,,,,,,,,,,,,394.0,,,,,08a6f76bd428-394,,,0.0,,,,,,,272.0,394.0,08:A6:F7:6B:D4:28,,,,,,3231.0,26.0,30.0,21.0,21.0,9.0,,,-4.0,21.0,374.0,23.0,3.0,,,,2955286,1786523731541,2955299,1786523731554,,1786523731513.0,29.0,2026-08-12T08:35:32.5805703Z,78.0,,,oasis/bottle,,0.0,,,,,
,,,,,,,,,,,,,,,13.0,,,,,,,,,1.0,,,0.0,,,,,0.0,,,,,0.0,,,,,,,,,,,local.mqtt.telegraf,33.0,,37.75,,,,,,periodic,,27.0,,,,,5.0,5,08a6f76bd428,,,69216.0,43104.0,,6.0,394.0,,,,,,,,,,,,,395.0,,,,,08a6f76bd428-395,,,0.0,,,,,,,272.0,395.0,08:A6:F7:6B:D4:28,,,,,,4411.0,26.0,30.0,21.0,21.0,9.0,,,-4.0,21.0,374.0,23.0,3.0,,,,2956466,1786523732721,2956479,1786523732734,,1786523732694.0,29.0,2026-08-12T08:35:33.7492467Z,78.0,,,oasis/bottle,,0.0,,,,,
,,,,,,,,,,,,,,,14.0,,,,,,,,,1.0,,,0.0,,,,,0.0,,,,,0.0,,,,,,,,,,,local.mqtt.telegraf,33.0,,37.82,,,,,,periodic,,28.0,,,,,6.0,5,08a6f76bd428,,,60864.0,43104.0,,7.0,395.0,,,,,,,,,,,,,396.0,,,,,08a6f76bd428-396,,,0.0,,,,,,,272.0,396.0,08:A6:F7:6B:D4:28,,,,,,5571.0,26.0,30.0,21.0,21.0,9.0,,,-4.0,21.0,374.0,23.0,3.0,,,,2957626,1786523733881,2957640,1786523733895,,1786523733853.0,29.0,2026-08-12T08:35:34.9231497Z,78.0,,,oasis/bottle,,0.0,,,,,
,,,,,,,,,,,,,,,13.0,,,,,,,,,1.0,,,0.0,,,,,0.0,,,,,0.0,,,,,,,,,,,local.mqtt.telegraf,33.0,,37.46,,,,,,periodic,,28.0,,,,,6.0,5,08a6f76bd428,,,52512.0,43104.0,,6.0,396.0,,,,,,,,,,,,,397.0,,,,,08a6f76bd428-397,,,0.0,,,,,,,272.0,397.0,08:A6:F7:6B:D4:28,,,,,,6691.0,26.0,30.0,21.0,21.0,9.0,,,-4.0,21.0,374.0,23.0,3.0,,,,2958746,1786523735001,2958759,1786523735014,,1786523734973.0,29.0,2026-08-12T08:35:36.0360611Z,78.0,,,oasis/bottle,,0.0,,,,,
,,,,,,,,,,,,,,,13.0,,,,,,,,,1.0,,,0.0,,,,,0.0,,,,,0.0,,,,,,,,,,,local.mqtt.telegraf,33.0,,37.49,,,,,,periodic,,28.0,,,,,6.0,5,08a6f76bd428,,,44816.0,43104.0,,10.0,397.0,,,,,,,,,,,,,398.0,,,,,08a6f76bd428-398,,,0.0,,,,,,,272.0,398.0,08:A6:F7:6B:D4:28,,,,,,7731.0,26.0,30.0,21.0,21.0,9.0,,,-4.0,21.0,374.0,23.0,3.0,,,,2959786,1786523736041,2959799,1786523736054,,1786523736013.0,29.0,2026-08-12T08:35:37.0772802Z,78.0,,,oasis/bottle,,0.0,,,,,
,,,,,,,,,,,,,,,13.0,,,,,,,,,1.0,,,0.0,,,,,0.0,,,,,0.0,,,,,,,,,,,local.mqtt.telegraf,33.0,,37.18,,,,,,periodic,,27.0,,,,,5.0,5,08a6f76bd428,,,113232.0,43104.0,,6.0,398.0,,,,,,,,,,,,,399.0,,,,,08a6f76bd428-399,,,0.0,,,,,,,272.0,399.0,08:A6:F7:6B:D4:28,,,,,,9211.0,26.0,30.0,21.0,21.0,9.0,,,-4.0,21.0,374.0,23.0,3.0,,,,2961266,1786523737521,2961279,1786523737534,,1786523737494.0,29.0,2026-08-12T08:35:38.5493079Z,78.0,,,oasis/bottle,,0.0,,,,,
,,,,,,,,,,,,,,,17.0,,,,,,,,,1.0,,,0.0,,,,,0.0,,,,,0.0,,,,,,,,,,,local.mqtt.telegraf,33.0,,37.73,,,,,,periodic,,27.0,,,,,5.0,5,08a6f76bd428,,,104880.0,43104.0,,10.0,399.0,,,,,,,,,,,,,400.0,,,,,08a6f76bd428-400,,,0.0,,,,,,,272.0,400.0,08:A6:F7:6B:D4:28,,,,,,10371.0,26.0,30.0,21.0,21.0,9.0,,,-4.0,21.0,374.0,23.0,3.0,,,,2962426,1786523738681,2962443,1786523738698,,1786523738654.0,29.0,2026-08-12T08:35:39.733853Z,78.0,,,oasis/bottle,,0.0,,,,,
,,,,,,,,,,,,,,,13.0,,,,,,,,,1.0,,,0.0,,,,,0.0,,,,,0.0,,,,,,,,,,,local.mqtt.telegraf,33.0,,36.69,,,,,,periodic,,28.0,,,,,6.0,5,08a6f76bd428,,,96528.0,43104.0,,6.0,400.0,,,,,,,,,,,,,401.0,,,,,08a6f76bd428-401,,,0.0,,,,,,,272.0,401.0,08:A6:F7:6B:D4:28,,,,,,11481.0,26.0,30.0,21.0,21.0,9.0,,,-4.0,21.0,374.0,23.0,3.0,,,,2963536,1786523739791,2963549,1786523739804,,1786523739763.0,29.0,2026-08-12T08:35:40.8301977Z,78.0,,,oasis/bottle,,0.0,,,,,
,,,,,,,,,,,,,,,13.0,,,,,,,,,1.0,,,0.0,,,,,0.0,,,,,0.0,,,,,,,,,,,local.mqtt.telegraf,33.0,,37.04,,,,,,periodic,,27.0,,,,,5.0,5,08a6f76bd428,,,88832.0,43104.0,,6.0,401.0,,,,,,,,,,,,,402.0,,,,,08a6f76bd428-402,,,0.0,,,,,,,272.0,402.0,08:A6:F7:6B:D4:28,,,,,,12501.0,26.0,30.0,21.0,21.0,9.0,,,-4.0,21.0,374.0,23.0,3.0,,,,2964556,1786523740811,2964569,1786523740824,,1786523740784.0,29.0,2026-08-12T08:35:41.8490598Z,78.0,,,oasis/bottle,,0.0,,,,,
,,,,,,,,,,,,,,,13.0,,,,,,,,,1.0,,,0.0,,,,,0.0,,,,,0.0,,,,,,,,,,,local.mqtt.telegraf,34.0,,36.38,,,,,,periodic,,28.0,,,,,6.0,5,08a6f76bd428,,,78512.0,43104.0,,7.0,402.0,,,,,,,,,,,,,403.0,,,,,08a6f76bd428-403,,,0.0,,,,,,,272.0,403.0,08:A6:F7:6B:D4:28,,,,,,13941.0,26.0,30.0,21.0,21.0,9.0,,,-4.0,21.0,374.0,23.0,3.0,,,,2965996,1786523742251,2966009,1786523742264,,1786523742223.0,29.0,2026-08-12T08:35:43.2884958Z,78.0,,,oasis/bottle,,0.0,,,,,
,,,,,,,,,,,,,,,13.0,,,,,,,,,1.0,,,0.0,,,,,0.0,,,,,0.0,,,,,,,,,,,local.mqtt.telegraf,34.0,,37.03,,,,,,periodic,,28.0,,,,,6.0,5,08a6f76bd428,,,70160.0,43104.0,,6.0,403.0,,,,,,,,,,,,,404.0,,,,,08a6f76bd428-404,,,0.0,,,,,,,272.0,404.0,08:A6:F7:6B:D4:28,,,,,,15011.0,26.0,30.0,21.0,21.0,9.0,,,-4.0,21.0,374.0,23.0,3.0,,,,2967066,1786523743321,2967079,1786523743334,,1786523743293.0,29.0,2026-08-12T08:35:44.353304Z,78.0,,,oasis/bottle,,0.0,,,,,
,,,,,,,,,,,,,,,13.0,,,,,,,,,1.0,,,0.0,,,,,0.0,,,,,0.0,,,,,,,,,,,local.mqtt.telegraf,34.0,,37.0,,,,,,periodic,,28.0,,,,,6.0,5,08a6f76bd428,,,59184.0,43104.0,,7.0,404.0,,,,,,,,,,,,,405.0,,,,,08a6f76bd428-405,,,0.0,,,,,,,272.0,405.0,08:A6:F7:6B:D4:28,,,,,,16551.0,26.0,30.0,21.0,21.0,9.0,,,-4.0,21.0,374.0,23.0,3.0,,,,2968606,1786523744861,2968619,1786523744874,,1786523744833.0,29.0,2026-08-12T08:35:45.909819Z,78.0,,,oasis/bottle,,0.0,,,,,
,,,,,,,,,,,,,,,13.0,,,,,,,,,1.0,,,0.0,,,,,0.0,,,,,0.0,,,,,,,,,,,local.mqtt.telegraf,34.0,,37.89,,,,,,periodic,,27.0,,,,,5.0,5,08a6f76bd428,,,50144.0,43104.0,,6.0,405.0,,,,,,,,,,,,,406.0,,,,,08a6f76bd428-406,,,0.0,,,,,,,273.0,406.0,08:A6:F7:6B:D4:28,,,,,,17831.0,26.0,30.0,21.0,21.0,9.0,,,-4.0,21.0,374.0,23.0,3.0,,,,2969886,1786523746141,2969899,1786523746154,,1786523746114.0,29.0,2026-08-12T08:35:47.1931642Z,78.0,,,oasis/bottle,,0.0,,,,,
,,,,,,,,,,,,,,,13.0,,,,,,,,,1.0,,,0.0,,,,,0.0,,,,,0.0,,,,,,,,,,,local.mqtt.telegraf,34.0,,37.75,,,,,,periodic,,27.0,,,,,5.0,5,08a6f76bd428,,,120544.0,43104.0,,5.0,406.0,,,,,,,,,,,,,407.0,,,,,08a6f76bd428-407,,,0.0,,,,,,,273.0,407.0,08:A6:F7:6B:D4:28,,,,,,19191.0,26.0,30.0,21.0,21.0,9.0,,,-4.0,21.0,374.0,23.0,3.0,,,,2971246,1786523747501,2971259,1786523747514,,1786523747474.0,29.0,2026-08-12T08:35:48.5342395Z,78.0,,,oasis/bottle,,0.0,,,,,
,,,,,,,,,,,,,,,13.0,,,,,,,,,1.0,,,0.0,,,,,0.0,,,,,0.0,,,,,,,,,,,local.mqtt.telegraf,34.0,,37.97,,,,,,periodic,,20.0,,,,,5.0,5,08a6f76bd428,,,95712.0,43104.0,,5.0,407.0,,,,,,,,,,,,,408.0,,,,,08a6f76bd428-408,,,0.0,,,,,,,273.0,408.0,08:A6:F7:6B:D4:28,,,,,,492.0,27.0,31.0,30.0,30.0,1.0,,,1.0,30.0,1055.0,33.0,2.0,,,,2973465,1786523749720,2973478,1786523749733,,1786523749700.0,29.0,2026-08-12T08:35:50.7622181Z,80.0,,,oasis/bottle,,0.0,,,,,
,,,,,,,,,,,,,,,13.0,,,,,,,,,1.0,,,0.0,,,,,0.0,,,,,0.0,,,,,,,,,,,local.mqtt.telegraf,34.0,,37.96,,,,,,periodic,,23.0,,,,,6.0,5,08a6f76bd428,,,86048.0,43104.0,,6.0,408.0,,,,,,,,,,,,,409.0,,,,,08a6f76bd428-409,,,0.0,,,,,,,272.0,409.0,08:A6:F7:6B:D4:28,,,,,,1821.0,27.0,31.0,30.0,30.0,1.0,,,1.0,30.0,1055.0,33.0,2.0,,,,2974796,1786523751051,2974809,1786523751064,,1786523751028.0,29.0,2026-08-12T08:35:52.0865342Z,80.0,,,oasis/bottle,,0.0,,,,,
,,,,,,,,,,,,,,,13.0,,,,,,,,,1.0,,,0.0,,,,,0.0,,,,,0.0,,,,,,,,,,,local.mqtt.telegraf,34.0,,37.9,,,,,,periodic,,23.0,,,,,6.0,5,08a6f76bd428,,,75728.0,43104.0,,7.0,409.0,,,,,,,,,,,,,410.0,,,,,08a6f76bd428-410,,,0.0,,,,,,,272.0,410.0,08:A6:F7:6B:D4:28,,,,,,3281.0,27.0,31.0,30.0,30.0,1.0,,,1.0,30.0,1055.0,33.0,2.0,,,,2976256,1786523752511,2976269,1786523752524,,1786523752488.0,29.0,2026-08-12T08:35:53.5523691Z,80.0,,,oasis/bottle,,0.0,,,,,
,,,,,,,,,,,,,,,13.0,,,,,,,,,1.0,,,0.0,,,,,0.0,,,,,0.0,,,,,,,,,,,local.mqtt.telegraf,34.0,,37.82,,,,,,periodic,,23.0,,,,,6.0,5,08a6f76bd428,,,67376.0,43104.0,,6.0,410.0,,,,,,,,,,,,,411.0,,,,,08a6f76bd428-411,,,0.0,,,,,,,272.0,411.0,08:A6:F7:6B:D4:28,,,,,,4391.0,27.0,31.0,30.0,30.0,1.0,,,1.0,30.0,1055.0,33.0,2.0,,,,2977366,1786523753621,2977379,1786523753634,,1786523753598.0,29.0,2026-08-12T08:35:54.6525443Z,80.0,,,oasis/bottle,,0.0,,,,,
,,,,,,,,,,,,,,,13.0,,,,,,,,,1.0,,,0.0,,,,,0.0,,,,,0.0,,,,,,,,,,,local.mqtt.telegraf,34.0,,37.89,,,,,,periodic,,23.0,,,,,6.0,5,08a6f76bd428,,,59680.0,43104.0,,8.0,411.0,,,,,,,,,,,,,412.0,,,,,08a6f76bd428-412,,,0.0,,,,,,,272.0,412.0,08:A6:F7:6B:D4:28,,,,,,5421.0,27.0,31.0,30.0,30.0,1.0,,,1.0,30.0,1055.0,33.0,2.0,,,,2978396,1786523754651,2978409,1786523754664,,1786523754628.0,29.0,2026-08-12T08:35:55.692775Z,80.0,,,oasis/bottle,,0.0,,,,,
,,,,,,,,,,,,,,,14.0,,,,,,,,,1.0,,,0.0,,,,,0.0,,,,,0.0,,,,,,,,,,,local.mqtt.telegraf,34.0,,38.02,,,,,,periodic,,23.0,,,,,6.0,5,08a6f76bd428,,,49360.0,43104.0,,6.0,412.0,,,,,,,,,,,,,413.0,,,,,08a6f76bd428-413,,,0.0,,,,,,,272.0,413.0,08:A6:F7:6B:D4:28,,,,,,6871.0,27.0,31.0,30.0,30.0,1.0,,,1.0,30.0,1055.0,33.0,2.0,,,,2979846,1786523756101,2979860,1786523756115,,1786523756078.0,29.0,2026-08-12T08:35:57.1383865Z,80.0,,,oasis/bottle,,0.0,,,,,
,,,,,,,,,,,,,,,13.0,,,,,,,,,1.0,,,0.0,,,,,0.0,,,,,0.0,,,,,,,,,,,local.mqtt.telegraf,34.0,,38.06,,,,,,periodic,,23.0,,,,,6.0,5,08a6f76bd428,,,120928.0,43104.0,,6.0,413.0,,,,,,,,,,,,,414.0,,,,,08a6f76bd428-414,,,0.0,,,,,,,272.0,414.0,08:A6:F7:6B:D4:28,,,,,,7971.0,27.0,31.0,30.0,30.0,1.0,,,1.0,30.0,1055.0,33.0,2.0,,,,2980946,1786523757201,2980959,1786523757214,,1786523757178.0,29.0,2026-08-12T08:35:58.232026Z,80.0,,,oasis/bottle,,0.0,,,,,
,,,,,,,,,,,,,,,13.0,,,,,,,,,1.0,,,0.0,,,,,0.0,,,,,0.0,,,,,,,,,,,local.mqtt.telegraf,34.0,,38.02,,,,,,periodic,,23.0,,,,,6.0,5,08a6f76bd428,,,113232.0,43104.0,,6.0,414.0,,,,,,,,,,,,,415.0,,,,,08a6f76bd428-415,,,0.0,,,,,,,272.0,415.0,08:A6:F7:6B:D4:28,,,,,,8971.0,27.0,31.0,30.0,30.0,1.0,,,1.0,30.0,1055.0,33.0,2.0,,,,2981946,1786523758201,2981959,1786523758214,,1786523758178.0,29.0,2026-08-12T08:35:59.2385983Z,80.0,,,oasis/bottle,,0.0,,,,,
,,,,,,,,,,,,,,,13.0,,,,,,,,,1.0,,,0.0,,,,,0.0,,,,,0.0,,,,,,,,,,,local.mqtt.telegraf,34.0,,38.04,,,,,,periodic,,22.0,,,,,5.0,5,08a6f76bd428,,,103536.0,43104.0,,6.0,415.0,,,,,,,,,,,,,416.0,,,,,08a6f76bd428-416,,,0.0,,,,,,,273.0,416.0,08:A6:F7:6B:D4:28,,,,,,10361.0,27.0,31.0,30.0,30.0,1.0,,,1.0,30.0,1055.0,33.0,2.0,,,,2983336,1786523759591,2983349,1786523759604,,1786523759569.0,29.0,2026-08-12T08:36:00.6263634Z,80.0,,,oasis/bottle,,0.0,,,,,
,,,,,,,,,,,,,,,13.0,,,,,,,,,1.0,,,0.0,,,,,0.0,,,,,0.0,,,,,,,,,,,local.mqtt.telegraf,34.0,,37.96,,,,,,periodic,,23.0,,,,,6.0,5,08a6f76bd428,,,92544.0,43104.0,,5.0,416.0,,,,,,,,,,,,,417.0,,,,,08a6f76bd428-417,,,0.0,,,,,,,272.0,417.0,08:A6:F7:6B:D4:28,,,,,,11951.0,27.0,31.0,30.0,30.0,1.0,,,1.0,30.0,1055.0,33.0,2.0,,,,2984926,1786523761181,2984939,1786523761194,,1786523761158.0,29.0,2026-08-12T08:36:02.2203518Z,80.0,,,oasis/bottle,,0.0,,,,,
,,,,,,,,,,,,,,,14.0,,,,,,,,,1.0,,,0.0,,,,,0.0,,,,,0.0,,,,,,,,,,,local.mqtt.telegraf,34.0,,37.9,,,,,,periodic,,23.0,,,,,6.0,5,08a6f76bd428,,,82880.0,43104.0,,6.0,417.0,,,,,,,,,,,,,418.0,,,,,08a6f76bd428-418,,,0.0,,,,,,,272.0,418.0,08:A6:F7:6B:D4:28,,,,,,13321.0,27.0,31.0,30.0,30.0,1.0,,,1.0,30.0,1055.0,33.0,2.0,,,,2986296,1786523762551,2986310,1786523762565,,1786523762528.0,29.0,2026-08-12T08:36:03.588616Z,80.0,,,oasis/bottle,,0.0,,,,,
,,,,,,,,,,,,,,,14.0,,,,,,,,,1.0,,,0.0,,,,,0.0,,,,,0.0,,,,,,,,,,,local.mqtt.telegraf,34.0,,37.81,,,,,,periodic,,24.0,,,,,6.0,5,08a6f76bd428,,,71904.0,43104.0,,6.0,418.0,,,,,,,,,,,,,419.0,,,,,08a6f76bd428-419,,,0.0,,,,,,,272.0,419.0,08:A6:F7:6B:D4:28,,,,,,14861.0,27.0,31.0,30.0,30.0,1.0,,,1.0,30.0,1055.0,33.0,2.0,,,,2987837,1786523764092,2987851,1786523764106,,1786523764068.0,29.0,2026-08-12T08:36:05.1299156Z,80.0,,,oasis/bottle,,0.0,,,,,
,,,,,,,,,,,,,,,13.0,,,,,,,,,1.0,,,0.0,,,,,0.0,,,,,0.0,,,,,,,,,,,local.mqtt.telegraf,33.0,,38.01,,,,,,periodic,,22.0,,,,,5.0,5,08a6f76bd428,,,62896.0,43104.0,,6.0,419.0,,,,,,,,,,,,,420.0,,,,,08a6f76bd428-420,,,0.0,,,,,,,272.0,420.0,08:A6:F7:6B:D4:28,,,,,,16141.0,27.0,31.0,30.0,30.0,1.0,,,1.0,30.0,1055.0,33.0,2.0,,,,2989116,1786523765371,2989129,1786523765384,,1786523765349.0,29.0,2026-08-12T08:36:06.4064081Z,80.0,,,oasis/bottle,,0.0,,,,,
,,,,,,,,,,,,,,,13.0,,,,,,,,,1.0,,,0.0,,,,,0.0,,,,,0.0,,,,,,,,,,,local.mqtt.telegraf,33.0,,37.93,,,,,,periodic,,23.0,,,,,6.0,5,08a6f76bd428,,,52400.0,43104.0,,6.0,420.0,,,,,,,,,,,,,421.0,,,,,08a6f76bd428-421,,,0.0,,,,,,,272.0,421.0,08:A6:F7:6B:D4:28,,,,,,17541.0,27.0,31.0,30.0,30.0,1.0,,,1.0,30.0,1055.0,33.0,2.0,,,,2990516,1786523766771,2990529,1786523766784,,1786523766748.0,29.0,2026-08-12T08:36:07.8012521Z,80.0,,,oasis/bottle,,0.0,,,,,
,,,,,,,,,,,,,,,13.0,,,,,,,,,1.0,,,0.0,,,,,0.0,,,,,0.0,,,,,,,,,,,local.mqtt.telegraf,33.0,,38.0,,,,,,periodic,,23.0,,,,,6.0,5,08a6f76bd428,,,121376.0,43104.0,,6.0,421.0,,,,,,,,,,,,,422.0,,,,,08a6f76bd428-422,,,0.0,,,,,,,272.0,422.0,08:A6:F7:6B:D4:28,,,,,,19091.0,27.0,31.0,30.0,30.0,1.0,,,1.0,30.0,1055.0,33.0,2.0,,,,2992066,1786523768321,2992079,1786523768334,,1786523768298.0,29.0,2026-08-12T08:36:09.356248Z,80.0,,,oasis/bottle,,0.0,,,,,
,,,,,,,,,,,,,,,13.0,,,,,,,,,1.0,,,0.0,,,,,0.0,,,,,0.0,,,,,,,,,,,local.mqtt.telegraf,33.0,,37.97,,,,,,periodic,,23.0,,,,,6.0,5,08a6f76bd428,,,111712.0,43104.0,,7.0,422.0,,,,,,,,,,,,,423.0,,,,,08a6f76bd428-423,,,0.0,,,,,,,272.0,423.0,08:A6:F7:6B:D4:28,,,,,,20391.0,27.0,31.0,30.0,30.0,1.0,,,1.0,30.0,1055.0,33.0,2.0,,,,2993366,1786523769621,2993379,1786523769634,,1786523769598.0,29.0,2026-08-12T08:36:10.6752916Z,80.0,,,oasis/bottle,,0.0,,,,,
,,,,,,,,,,,,,,,13.0,,,,,,,,,1.0,,,0.0,,,,,0.0,,,,,0.0,,,,,,,,,,,local.mqtt.telegraf,33.0,,38.04,,,,,,periodic,,21.0,,,,,5.0,5,08a6f76bd428,,,90688.0,43104.0,,6.0,423.0,,,,,,,,,,,,,424.0,,,,,08a6f76bd428-424,,,0.0,,,,,,,272.0,424.0,08:A6:F7:6B:D4:28,,,,,,1161.0,28.0,49.0,30.0,30.0,19.0,,,0.0,30.0,404.0,33.0,3.0,,,,2994765,1786523771020,2994778,1786523771033,,1786523770999.0,29.0,2026-08-12T08:36:12.0521276Z,83.0,,,oasis/bottle,,0.0,,,,,
,,,,,,,,,,,,,,,13.0,,,,,,,,,1.0,,,0.0,,,,,0.0,,,,,0.0,,,,,,,,,,,local.mqtt.telegraf,33.0,,37.86,,,,,,periodic,,23.0,,,,,6.0,5,08a6f76bd428,,,82992.0,43104.0,,6.0,424.0,,,,,,,,,,,,,425.0,,,,,08a6f76bd428-425,,,0.0,,,,,,,272.0,425.0,08:A6:F7:6B:D4:28,,,,,,2161.0,28.0,49.0,30.0,30.0,19.0,,,0.0,30.0,404.0,33.0,3.0,,,,2995766,1786523772021,2995779,1786523772034,,1786523771998.0,29.0,2026-08-12T08:36:13.0802395Z,83.0,,,oasis/bottle,,0.0,,,,,
,,,,,,,,,,,,,,,13.0,,,,,,,,,1.0,,,0.0,,,,,0.0,,,,,0.0,,,,,,,,,,,local.mqtt.telegraf,33.0,,37.86,,,,,,periodic,,23.0,,,,,6.0,5,08a6f76bd428,,,72672.0,43104.0,,11.0,425.0,,,,,,,,,,,,,426.0,,,,,08a6f76bd428-426,,,0.0,,,,,,,272.0,426.0,08:A6:F7:6B:D4:28,,,,,,3561.0,28.0,49.0,30.0,30.0,19.0,,,0.0,30.0,404.0,33.0,3.0,,,,2997166,1786523773421,2997179,1786523773434,,1786523773398.0,29.0,2026-08-12T08:36:14.4503988Z,83.0,,,oasis/bottle,,0.0,,,,,
,,,,,,,,,,,,,,,13.0,,,,,,,,,1.0,,,0.0,,,,,0.0,,,,,0.0,,,,,,,,,,,local.mqtt.telegraf,33.0,,37.96,,,,,,periodic,,23.0,,,,,6.0,5,08a6f76bd428,,,61696.0,43104.0,,6.0,426.0,,,,,,,,,,,,,427.0,,,,,08a6f76bd428-427,,,0.0,,,,,,,272.0,427.0,08:A6:F7:6B:D4:28,,,,,,5151.0,28.0,49.0,30.0,30.0,19.0,,,0.0,30.0,404.0,33.0,3.0,,,,2998756,1786523775011,2998769,1786523775024,,1786523774988.0,29.0,2026-08-12T08:36:16.0453634Z,83.0,,,oasis/bottle,,0.0,,,,,
,,,,,,,,,,,,,,,13.0,,,,,,,,,1.0,,,0.0,,,,,0.0,,,,,0.0,,,,,,,,,,,local.mqtt.telegraf,33.0,,38.01,,,,,,periodic,,23.0,,,,,6.0,5,08a6f76bd428,,,52032.0,43104.0,,6.0,427.0,,,,,,,,,,,,,428.0,,,,,08a6f76bd428-428,,,0.0,,,,,,,272.0,428.0,08:A6:F7:6B:D4:28,,,,,,6531.0,28.0,49.0,30.0,30.0,19.0,,,0.0,30.0,404.0,33.0,3.0,,,,3000136,1786523776391,3000149,1786523776404,,1786523776368.0,29.0,2026-08-12T08:36:17.4336802Z,83.0,,,oasis/bottle,,0.0,,,,,
,,,,,,,,,,,,,,,13.0,,,,,,,,,1.0,,,0.0,,,,,0.0,,,,,0.0,,,,,,,,,,,local.mqtt.telegraf,33.0,,37.89,,,,,,periodic,,23.0,,,,,6.0,5,08a6f76bd428,,,120832.0,43104.0,,6.0,428.0,,,,,,,,,,,,,429.0,,,,,08a6f76bd428-429,,,0.0,,,,,,,272.0,429.0,08:A6:F7:6B:D4:28,,,,,,8091.0,28.0,49.0,30.0,30.0,19.0,,,0.0,30.0,404.0,33.0,3.0,,,,3001696,1786523777951,3001709,1786523777964,,1786523777928.0,29.0,2026-08-12T08:36:19.0002259Z,83.0,,,oasis/bottle,,0.0,,,,,
,,,,,,,,,,,,,,,13.0,,,,,,,,,1.0,,,0.0,,,,,0.0,,,,,0.0,,,,,,,,,,,local.mqtt.telegraf,33.0,,37.86,,,,,,periodic,,23.0,,,,,6.0,5,08a6f76bd428,,,111168.0,43104.0,,7.0,429.0,,,,,,,,,,,,,430.0,,,,,08a6f76bd428-430,,,0.0,,,,,,,272.0,430.0,08:A6:F7:6B:D4:28,,,,,,9401.0,28.0,49.0,30.0,30.0,19.0,,,0.0,30.0,404.0,33.0,3.0,,,,3003006,1786523779261,3003019,1786523779274,,1786523779238.0,29.0,2026-08-12T08:36:20.3040813Z,83.0,,,oasis/bottle,,0.0,,,,,
,,,,,,,,,,,,,,,13.0,,,,,,,,,1.0,,,0.0,,,,,0.0,,,,,0.0,,,,,,,,,,,local.mqtt.telegraf,33.0,,37.84,,,,,,periodic,,23.0,,,,,6.0,5,08a6f76bd428,,,100848.0,43104.0,,6.0,430.0,,,,,,,,,,,,,431.0,,,,,08a6f76bd428-431,,,0.0,,,,,,,272.0,431.0,08:A6:F7:6B:D4:28,,,,,,10821.0,28.0,49.0,30.0,30.0,19.0,,,0.0,30.0,404.0,33.0,3.0,,,,3004426,1786523780681,3004439,1786523780694,,1786523780658.0,29.0,2026-08-12T08:36:21.7209444Z,83.0,,,oasis/bottle,,0.0,,,,,
,,,,,,,,,,,,,,,13.0,,,,,,,,,1.0,,,0.0,,,,,0.0,,,,,0.0,,,,,,,,,,,local.mqtt.telegraf,33.0,,37.86,,,,,,periodic,,23.0,,,,,6.0,5,08a6f76bd428,,,93152.0,43104.0,,6.0,431.0,,,,,,,,,,,,,432.0,,,,,08a6f76bd428-432,,,0.0,,,,,,,272.0,432.0,08:A6:F7:6B:D4:28,,,,,,11861.0,28.0,49.0,30.0,30.0,19.0,,,0.0,30.0,404.0,33.0,3.0,,,,3005466,1786523781721,3005479,1786523781734,,1786523781698.0,29.0,2026-08-12T08:36:22.7533982Z,83.0,,,oasis/bottle,,0.0,,,,,
,,,,,,,,,,,,,,,13.0,,,,,,,,,1.0,,,0.0,,,,,0.0,,,,,0.0,,,,,,,,,,,local.mqtt.telegraf,33.0,,37.86,,,,,,periodic,,22.0,,,,,5.0,5,08a6f76bd428,,,82832.0,43104.0,,7.0,432.0,,,,,,,,,,,,,433.0,,,,,08a6f76bd428-433,,,0.0,,,,,,,272.0,433.0,08:A6:F7:6B:D4:28,,,,,,13341.0,28.0,49.0,30.0,30.0,19.0,,,0.0,30.0,404.0,33.0,3.0,,,,3006946,1786523783201,3006959,1786523783214,,1786523783179.0,29.0,2026-08-12T08:36:24.2363169Z,83.0,,,oasis/bottle,,0.0,,,,,
,,,,,,,,,,,,,,,13.0,,,,,,,,,1.0,,,0.0,,,,,0.0,,,,,0.0,,,,,,,,,,,local.mqtt.telegraf,33.0,,37.94,,,,,,periodic,,22.0,,,,,5.0,5,08a6f76bd428,,,74480.0,43104.0,,6.0,433.0,,,,,,,,,,,,,434.0,,,,,08a6f76bd428-434,,,0.0,,,,,,,272.0,434.0,08:A6:F7:6B:D4:28,,,,,,14491.0,28.0,49.0,30.0,30.0,19.0,,,0.0,30.0,404.0,33.0,3.0,,,,3008096,1786523784351,3008109,1786523784364,,1786523784329.0,29.0,2026-08-12T08:36:25.3884106Z,83.0,,,oasis/bottle,,0.0,,,,,
,,,,,,,,,,,,,,,13.0,,,,,,,,,1.0,,,0.0,,,,,0.0,,,,,0.0,,,,,,,,,,,local.mqtt.telegraf,33.0,,37.89,,,,,,periodic,,22.0,,,,,5.0,5,08a6f76bd428,,,66128.0,43104.0,,6.0,434.0,,,,,,,,,,,,,435.0,,,,,08a6f76bd428-435,,,0.0,,,,,,,272.0,435.0,08:A6:F7:6B:D4:28,,,,,,15591.0,28.0,49.0,30.0,30.0,19.0,,,0.0,30.0,404.0,33.0,3.0,,,,3009196,1786523785451,3009209,1786523785464,,1786523785429.0,29.0,2026-08-12T08:36:26.4843099Z,83.0,,,oasis/bottle,,0.0,,,,,
,,,,,,,,,,,,,,,13.0,,,,,,,,,1.0,,,0.0,,,,,0.0,,,,,0.0,,,,,,,,,,,local.mqtt.telegraf,33.0,,37.92,,,,,,periodic,,22.0,,,,,5.0,5,08a6f76bd428,,,58432.0,43104.0,,6.0,435.0,,,,,,,,,,,,,436.0,,,,,08a6f76bd428-436,,,0.0,,,,,,,272.0,436.0,08:A6:F7:6B:D4:28,,,,,,16591.0,28.0,49.0,30.0,30.0,19.0,,,0.0,30.0,404.0,33.0,3.0,,,,3010196,1786523786451,3010209,1786523786464,,1786523786429.0,29.0,2026-08-12T08:36:27.4853592Z,83.0,,,oasis/bottle,,0.0,,,,,
,,,,,,,,,,,,,,,13.0,,,,,,,,,1.0,,,0.0,,,,,0.0,,,,,0.0,,,,,,,,,,,local.mqtt.telegraf,33.0,,37.89,,,,,,periodic,,22.0,,,,,5.0,5,08a6f76bd428,,,48112.0,43104.0,,6.0,436.0,,,,,,,,,,,,,437.0,,,,,08a6f76bd428-437,,,0.0,,,,,,,272.0,437.0,08:A6:F7:6B:D4:28,,,,,,17991.0,28.0,49.0,30.0,30.0,19.0,,,0.0,30.0,404.0,33.0,3.0,,,,3011596,1786523787851,3011609,1786523787864,,1786523787829.0,29.0,2026-08-12T08:36:28.9099846Z,83.0,,,oasis/bottle,,0.0,,,,,
,,,,,,,,,,,,,,,13.0,,,,,,,,,1.0,,,0.0,,,,,0.0,,,,,0.0,,,,,,,,,,,local.mqtt.telegraf,33.0,,38.02,,,,,,periodic,,23.0,,,,,6.0,5,08a6f76bd428,,,120576.0,43104.0,,6.0,437.0,,,,,,,,,,,,,438.0,,,,,08a6f76bd428-438,,,0.0,,,,,,,272.0,438.0,08:A6:F7:6B:D4:28,,,,,,18991.0,28.0,49.0,30.0,30.0,19.0,,,0.0,30.0,404.0,33.0,3.0,,,,3012596,1786523788851,3012609,1786523788864,,1786523788828.0,29.0,2026-08-12T08:36:29.888201Z,83.0,,,oasis/bottle,,0.0,,,,,
,,,,,,,,,,,,,,,14.0,,,,,,,,,1.0,,,0.0,,,,,0.0,,,,,0.0,,,,,,,,,,,local.mqtt.telegraf,33.0,,37.96,,,,,,periodic,,22.0,,,,,5.0,5,08a6f76bd428,,,110880.0,43104.0,,5.0,438.0,,,,,,,,,,,,,439.0,,,,,08a6f76bd428-439,,,0.0,,,,,,,273.0,439.0,08:A6:F7:6B:D4:28,,,,,,20381.0,28.0,49.0,30.0,30.0,19.0,,,0.0,30.0,404.0,33.0,3.0,,,,3013986,1786523790241,3014000,1786523790255,,1786523790219.0,29.0,2026-08-12T08:36:31.2679226Z,83.0,,,oasis/bottle,,0.0,,,,,
,,,,,,,,,,,,,,,13.0,,,,,,,,,1.0,,,0.0,,,,,0.0,,,,,0.0,,,,,,,,,,,local.mqtt.telegraf,33.0,,37.89,,,,,,periodic,,21.0,,,,,5.0,5,08a6f76bd428,,,88528.0,43104.0,,6.0,439.0,,,,,,,,,,,,,440.0,,,,,08a6f76bd428-440,,,0.0,,,,,,,273.0,440.0,08:A6:F7:6B:D4:28,,,,,,1341.0,29.0,49.0,31.0,31.0,18.0,,,0.0,30.0,403.0,33.0,3.0,,,,3015565,1786523791820,3015578,1786523791833,,1786523791799.0,29.0,2026-08-12T08:36:32.8533159Z,86.0,,,oasis/bottle,,0.0,,,,,
,,,,,,,,,,,,,,,13.0,,,,,,,,,1.0,,,0.0,,,,,0.0,,,,,0.0,,,,,,,,,,,local.mqtt.telegraf,33.0,,37.84,,,,,,periodic,,23.0,,,,,6.0,5,08a6f76bd428,,,78864.0,43104.0,,6.0,440.0,,,,,,,,,,,,,441.0,,,,,08a6f76bd428-441,,,0.0,,,,,,,272.0,441.0,08:A6:F7:6B:D4:28,,,,,,2701.0,29.0,49.0,31.0,31.0,18.0,,,0.0,30.0,403.0,33.0,3.0,,,,3016926,1786523793181,3016939,1786523793194,,1786523793158.0,29.0,2026-08-12T08:36:34.2206371Z,86.0,,,oasis/bottle,,0.0,,,,,
,,,,,,,,,,,,,,,13.0,,,,,,,,,1.0,,,0.0,,,,,0.0,,,,,0.0,,,,,,,,,,,local.mqtt.telegraf,33.0,,37.85,,,,,,periodic,,23.0,,,,,6.0,5,08a6f76bd428,,,67888.0,43104.0,,6.0,441.0,,,,,,,,,,,,,442.0,,,,,08a6f76bd428-442,,,0.0,,,,,,,272.0,442.0,08:A6:F7:6B:D4:28,,,,,,4221.0,29.0,49.0,31.0,31.0,18.0,,,0.0,30.0,403.0,33.0,3.0,,,,3018446,1786523794701,3018459,1786523794714,,1786523794678.0,29.0,2026-08-12T08:36:35.7409287Z,86.0,,,oasis/bottle,,0.0,,,,,
,,,,,,,,,,,,,,,13.0,,,,,,,,,1.0,,,0.0,,,,,0.0,,,,,0.0,,,,,,,,,,,local.mqtt.telegraf,33.0,,37.79,,,,,,periodic,,23.0,,,,,6.0,5,08a6f76bd428,,,58880.0,43104.0,,6.0,442.0,,,,,,,,,,,,,443.0,,,,,08a6f76bd428-443,,,0.0,,,,,,,272.0,443.0,08:A6:F7:6B:D4:28,,,,,,5451.0,29.0,49.0,31.0,31.0,18.0,,,0.0,30.0,403.0,33.0,3.0,,,,3019676,1786523795931,3019689,1786523795944,,1786523795908.0,29.0,2026-08-12T08:36:36.9694506Z,86.0,,,oasis/bottle,,0.0,,,,,
,,,,,,,,,,,,,,,13.0,,,,,,,,,1.0,,,0.0,,,,,0.0,,,,,0.0,,,,,,,,,,,local.mqtt.telegraf,33.0,,37.88,,,,,,periodic,,23.0,,,,,6.0,5,08a6f76bd428,,,49872.0,43104.0,,6.0,443.0,,,,,,,,,,,,,444.0,,,,,08a6f76bd428-444,,,0.0,,,,,,,272.0,444.0,08:A6:F7:6B:D4:28,,,,,,6711.0,29.0,49.0,31.0,31.0,18.0,,,0.0,30.0,403.0,33.0,3.0,,,,3020936,1786523797191,3020949,1786523797204,,1786523797168.0,29.0,2026-08-12T08:36:38.2224531Z,86.0,,,oasis/bottle,,0.0,,,,,
,,,,,,,,,,,,,,,13.0,,,,,,,,,1.0,,,0.0,,,,,0.0,,,,,0.0,,,,,,,,,,,local.mqtt.telegraf,33.0,,37.86,,,,,,periodic,,23.0,,,,,6.0,5,08a6f76bd428,,,120080.0,43104.0,,6.0,444.0,,,,,,,,,,,,,445.0,,,,,08a6f76bd428-445,,,0.0,,,,,,,272.0,445.0,08:A6:F7:6B:D4:28,,,,,,8031.0,29.0,49.0,31.0,31.0,18.0,,,0.0,30.0,403.0,33.0,3.0,,,,3022256,1786523798511,3022269,1786523798524,,1786523798488.0,29.0,2026-08-12T08:36:39.549975Z,86.0,,,oasis/bottle,,0.0,,,,,
,,,,,,,,,,,,,,,13.0,,,,,,,,,1.0,,,0.0,,,,,0.0,,,,,0.0,,,,,,,,,,,local.mqtt.telegraf,33.0,,37.86,,,,,,periodic,,23.0,,,,,6.0,5,08a6f76bd428,,,109760.0,43104.0,,6.0,445.0,,,,,,,,,,,,,446.0,,,,,08a6f76bd428-446,,,0.0,,,,,,,272.0,446.0,08:A6:F7:6B:D4:28,,,,,,9471.0,29.0,49.0,31.0,31.0,18.0,,,0.0,30.0,403.0,33.0,3.0,,,,3023696,1786523799951,3023709,1786523799964,,1786523799928.0,29.0,2026-08-12T08:36:40.9846179Z,86.0,,,oasis/bottle,,0.0,,,,,
,,,,,,,,,,,,,,,13.0,,,,,,,,,1.0,,,0.0,,,,,0.0,,,,,0.0,,,,,,,,,,,local.mqtt.telegraf,33.0,,37.85,,,,,,periodic,,23.0,,,,,6.0,5,08a6f76bd428,,,101408.0,43104.0,,6.0,446.0,,,,,,,,,,,,,447.0,,,,,08a6f76bd428-447,,,0.0,,,,,,,272.0,447.0,08:A6:F7:6B:D4:28,,,,,,10551.0,29.0,49.0,31.0,31.0,18.0,,,0.0,30.0,403.0,33.0,3.0,,,,3024776,1786523801031,3024789,1786523801044,,1786523801008.0,29.0,2026-08-12T08:36:42.0706103Z,86.0,,,oasis/bottle,,0.0,,,,,
,,,,,,,,,,,,,,,13.0,,,,,,,,,1.0,,,0.0,,,,,0.0,,,,,0.0,,,,,,,,,,,local.mqtt.telegraf,32.0,,37.79,,,,,,periodic,,23.0,,,,,6.0,5,08a6f76bd428,,,90432.0,43104.0,,7.0,447.0,,,,,,,,,,,,,448.0,,,,,08a6f76bd428-448,,,0.0,,,,,,,272.0,448.0,08:A6:F7:6B:D4:28,,,,,,12111.0,29.0,49.0,31.0,31.0,18.0,,,0.0,30.0,403.0,33.0,3.0,,,,3026336,1786523802591,3026349,1786523802604,,1786523802568.0,29.0,2026-08-12T08:36:43.6217158Z,86.0,,,oasis/bottle,,0.0,,,,,
,,,,,,,,,,,,,,,13.0,,,,,,,,,1.0,,,0.0,,,,,0.0,,,,,0.0,,,,,,,,,,,local.mqtt.telegraf,33.0,,37.97,,,,,,periodic,,23.0,,,,,6.0,5,08a6f76bd428,,,80768.0,43104.0,,6.0,448.0,,,,,,,,,,,,,449.0,,,,,08a6f76bd428-449,,,0.0,,,,,,,272.0,449.0,08:A6:F7:6B:D4:28,,,,,,13421.0,29.0,49.0,31.0,31.0,18.0,,,0.0,30.0,403.0,33.0,3.0,,,,3027646,1786523803901,3027659,1786523803914,,1786523803878.0,29.0,2026-08-12T08:36:44.952732Z,86.0,,,oasis/bottle,,0.0,,,,,
,,,,,,,,,,,,,,,13.0,,,,,,,,,1.0,,,0.0,,,,,0.0,,,,,0.0,,,,,,,,,,,local.mqtt.telegraf,33.0,,38.05,,,,,,periodic,,23.0,,,,,6.0,5,08a6f76bd428,,,70448.0,43104.0,,6.0,449.0,,,,,,,,,,,,,450.0,,,,,08a6f76bd428-450,,,0.0,,,,,,,272.0,450.0,08:A6:F7:6B:D4:28,,,,,,14841.0,29.0,49.0,31.0,31.0,18.0,,,0.0,30.0,403.0,33.0,3.0,,,,3029066,1786523805321,3029079,1786523805334,,1786523805298.0,29.0,2026-08-12T08:36:46.3528062Z,86.0,,,oasis/bottle,,0.0,,,,,
,,,,,,,,,,,,,,,13.0,,,,,,,,,1.0,,,0.0,,,,,0.0,,,,,0.0,,,,,,,,,,,local.mqtt.telegraf,33.0,,37.86,,,,,,periodic,,22.0,,,,,5.0,5,08a6f76bd428,,,61888.0,43104.0,,6.0,450.0,,,,,,,,,,,,,451.0,,,,,08a6f76bd428-451,,,0.0,,,,,,,273.0,451.0,08:A6:F7:6B:D4:28,,,,,,15921.0,29.0,49.0,31.0,31.0,18.0,,,0.0,30.0,403.0,33.0,3.0,,,,3030146,1786523806401,3030159,1786523806414,,1786523806379.0,29.0,2026-08-12T08:36:47.4416267Z,86.0,,,oasis/bottle,,0.0,,,,,
,,,,,,,,,,,,,,,13.0,,,,,,,,,1.0,,,0.0,,,,,0.0,,,,,0.0,,,,,,,,,,,local.mqtt.telegraf,32.0,,37.96,,,,,,periodic,,23.0,,,,,6.0,5,08a6f76bd428,,,50896.0,43104.0,,5.0,451.0,,,,,,,,,,,,,452.0,,,,,08a6f76bd428-452,,,0.0,,,,,,,272.0,452.0,08:A6:F7:6B:D4:28,,,,,,17441.0,29.0,49.0,31.0,31.0,18.0,,,0.0,30.0,403.0,33.0,3.0,,,,3031666,1786523807921,3031679,1786523807934,,1786523807898.0,29.0,2026-08-12T08:36:48.9714056Z,86.0,,,oasis/bottle,,0.0,,,,,
,,,,,,,,,,,,,,,13.0,,,,,,,,,1.0,,,0.0,,,,,0.0,,,,,0.0,,,,,,,,,,,local.mqtt.telegraf,33.0,,38.04,,,,,,periodic,,22.0,,,,,5.0,5,08a6f76bd428,,,121872.0,43104.0,,6.0,452.0,,,,,,,,,,,,,453.0,,,,,08a6f76bd428-453,,,0.0,,,,,,,272.0,453.0,08:A6:F7:6B:D4:28,,,,,,18671.0,29.0,49.0,31.0,31.0,18.0,,,0.0,30.0,403.0,33.0,3.0,,,,3032896,1786523809151,3032909,1786523809164,,1786523809129.0,29.0,2026-08-12T08:36:50.1908648Z,86.0,,,oasis/bottle,,0.0,,,,,
,,,,,,,,,,,,,,,13.0,,,,,,,,,1.0,,,0.0,,,,,0.0,,,,,0.0,,,,,,,,,,,local.mqtt.telegraf,33.0,,37.86,,,,,,periodic,,23.0,,,,,6.0,5,08a6f76bd428,,,112864.0,43104.0,,5.0,453.0,,,,,,,,,,,,,454.0,,,,,08a6f76bd428-454,,,0.0,,,,,,,272.0,454.0,08:A6:F7:6B:D4:28,,,,,,19931.0,29.0,49.0,31.0,31.0,18.0,,,0.0,30.0,403.0,33.0,3.0,,,,3034156,1786523810411,3034169,1786523810424,,1786523810388.0,29.0,2026-08-12T08:36:51.4534893Z,86.0,,,oasis/bottle,,0.0,,,,,
,,,,,,,,,,,,,,,13.0,,,,,,,,,1.0,,,0.0,,,,,0.0,,,,,0.0,,,,,,,,,,,local.mqtt.telegraf,33.0,,37.86,,,,,,periodic,,22.0,,,,,5.0,5,08a6f76bd428,,,92544.0,43104.0,,8.0,454.0,,,,,,,,,,,,,455.0,,,,,08a6f76bd428-455,,,0.0,,,,,,,273.0,455.0,08:A6:F7:6B:D4:28,,,,,,1001.0,30.0,31.0,29.0,29.0,2.0,,,0.0,29.0,384.0,31.0,3.0,,,,3035475,1786523811730,3035488,1786523811743,,1786523811708.0,29.0,2026-08-12T08:36:52.7739897Z,88.0,,,oasis/bottle,,0.0,,,,,
,,,,,,,,,,,,,,,13.0,,,,,,,,,1.0,,,0.0,,,,,0.0,,,,,0.0,,,,,,,,,,,local.mqtt.telegraf,32.0,,37.85,,,,,,periodic,,24.0,,,,,6.0,5,08a6f76bd428,,,82224.0,43104.0,,6.0,455.0,,,,,,,,,,,,,456.0,,,,,08a6f76bd428-456,,,0.0,,,,,,,272.0,456.0,08:A6:F7:6B:D4:28,,,,,,2441.0,30.0,31.0,29.0,29.0,2.0,,,0.0,29.0,384.0,31.0,3.0,,,,3036916,1786523813171,3036929,1786523813184,,1786523813147.0,29.0,2026-08-12T08:36:54.2045415Z,88.0,,,oasis/bottle,,0.0,,,,,
,,,,,,,,,,,,,,,13.0,,,,,,,,,1.0,,,0.0,,,,,0.0,,,,,0.0,,,,,,,,,,,local.mqtt.telegraf,33.0,,37.88,,,,,,periodic,,24.0,,,,,6.0,5,08a6f76bd428,,,73872.0,43104.0,,6.0,456.0,,,,,,,,,,,,,457.0,,,,,08a6f76bd428-457,,,0.0,,,,,,,272.0,457.0,08:A6:F7:6B:D4:28,,,,,,3511.0,30.0,31.0,29.0,29.0,2.0,,,0.0,29.0,384.0,31.0,3.0,,,,3037986,1786523814241,3037999,1786523814254,,1786523814217.0,29.0,2026-08-12T08:36:55.2666603Z,88.0,,,oasis/bottle,,0.0,,,,,
,,,,,,,,,,,,,,,13.0,,,,,,,,,1.0,,,0.0,,,,,0.0,,,,,0.0,,,,,,,,,,,local.mqtt.telegraf,33.0,,37.9,,,,,,periodic,,24.0,,,,,6.0,5,08a6f76bd428,,,62896.0,43104.0,,6.0,457.0,,,,,,,,,,,,,458.0,,,,,08a6f76bd428-458,,,0.0,,,,,,,272.0,458.0,08:A6:F7:6B:D4:28,,,,,,5051.0,30.0,31.0,29.0,29.0,2.0,,,0.0,29.0,384.0,31.0,3.0,,,,3039526,1786523815781,3039539,1786523815794,,1786523815757.0,29.0,2026-08-12T08:36:56.8202046Z,88.0,,,oasis/bottle,,0.0,,,,,
,,,,,,,,,,,,,,,13.0,,,,,,,,,1.0,,,0.0,,,,,0.0,,,,,0.0,,,,,,,,,,,local.mqtt.telegraf,33.0,,37.85,,,,,,periodic,,23.0,,,,,5.0,5,08a6f76bd428,,,53856.0,43104.0,,6.0,458.0,,,,,,,,,,,,,459.0,,,,,08a6f76bd428-459,,,0.0,,,,,,,273.0,459.0,08:A6:F7:6B:D4:28,,,,,,6331.0,30.0,31.0,29.0,29.0,2.0,,,0.0,29.0,384.0,31.0,3.0,,,,3040806,1786523817061,3040819,1786523817074,,1786523817038.0,29.0,2026-08-12T08:36:58.1129343Z,88.0,,,oasis/bottle,,0.0,,,,,
,,,,,,,,,,,,,,,13.0,,,,,,,,,1.0,,,0.0,,,,,0.0,,,,,0.0,,,,,,,,,,,local.mqtt.telegraf,33.0,,37.86,,,,,,periodic,,24.0,,,,,12.0,5,08a6f76bd428,,,44176.0,43104.0,,6.0,459.0,,,,,,,,,,,,,460.0,,,,,08a6f76bd428-460,,,0.0,,,,,,,272.0,460.0,08:A6:F7:6B:D4:28,,,,,,7691.0,30.0,31.0,29.0,29.0,2.0,,,0.0,29.0,384.0,31.0,3.0,,,,3042166,1786523818421,3042179,1786523818434,,1786523818397.0,29.0,2026-08-12T08:36:59.4495984Z,88.0,,,oasis/bottle,,0.0,,,,,
,,,,,,,,,,,,,,,13.0,,,,,,,,,1.0,,,0.0,,,,,0.0,,,,,0.0,,,,,,,,,,,local.mqtt.telegraf,32.0,,37.86,,,,,,periodic,,24.0,,,,,6.0,5,08a6f76bd428,,,112016.0,43104.0,,6.0,460.0,,,,,,,,,,,,,461.0,,,,,08a6f76bd428-461,,,0.0,,,,,,,272.0,461.0,08:A6:F7:6B:D4:28,,,,,,9221.0,30.0,31.0,29.0,29.0,2.0,,,0.0,29.0,384.0,31.0,3.0,,,,3043696,1786523819951,3043709,1786523819964,,1786523819927.0,29.0,2026-08-12T08:37:01.0233467Z,88.0,,,oasis/bottle,,0.0,,,,,
,,,,,,,,,,,,,,,13.0,,,,,,,,,1.0,,,0.0,,,,,0.0,,,,,0.0,,,,,,,,,,,local.mqtt.telegraf,32.0,,38.04,,,,,,periodic,,24.0,,,,,6.0,5,08a6f76bd428,,,103008.0,43104.0,,9.0,461.0,,,,,,,,,,,,,462.0,,,,,08a6f76bd428-462,,,0.0,,,,,,,272.0,462.0,08:A6:F7:6B:D4:28,,,,,,10471.0,30.0,31.0,29.0,29.0,2.0,,,0.0,29.0,384.0,31.0,3.0,,,,3044946,1786523821201,3044959,1786523821214,,1786523821177.0,29.0,2026-08-12T08:37:02.2333113Z,88.0,,,oasis/bottle,,0.0,,,,,
,,,,,,,,,,,,,,,13.0,,,,,,,,,1.0,,,0.0,,,,,0.0,,,,,0.0,,,,,,,,,,,local.mqtt.telegraf,32.0,,38.0,,,,,,periodic,,24.0,,,,,6.0,5,08a6f76bd428,,,93344.0,43104.0,,7.0,462.0,,,,,,,,,,,,,463.0,,,,,08a6f76bd428-463,,,0.0,,,,,,,272.0,463.0,08:A6:F7:6B:D4:28,,,,,,11761.0,30.0,31.0,29.0,29.0,2.0,,,0.0,29.0,384.0,31.0,3.0,,,,3046236,1786523822491,3046249,1786523822504,,1786523822467.0,29.0,2026-08-12T08:37:03.5315612Z,88.0,,,oasis/bottle,,0.0,,,,,
,,,,,,,,,,,,,,,13.0,,,,,,,,,1.0,,,0.0,,,,,0.0,,,,,0.0,,,,,,,,,,,local.mqtt.telegraf,32.0,,37.94,,,,,,periodic,,24.0,,,,,6.0,5,08a6f76bd428,,,83680.0,43104.0,,6.0,463.0,,,,,,,,,,,,,464.0,,,,,08a6f76bd428-464,,,0.0,,,,,,,272.0,464.0,08:A6:F7:6B:D4:28,,,,,,13141.0,30.0,31.0,29.0,29.0,2.0,,,0.0,29.0,384.0,31.0,3.0,,,,3047616,1786523823871,3047629,1786523823884,,1786523823847.0,29.0,2026-08-12T08:37:04.9391646Z,88.0,,,oasis/bottle,,0.0,,,,,
,,,,,,,,,,,,,,,13.0,,,,,,,,,1.0,,,0.0,,,,,0.0,,,,,0.0,,,,,,,,,,,local.mqtt.telegraf,32.0,,37.82,,,,,,periodic,,24.0,,,,,6.0,5,08a6f76bd428,,,72704.0,43104.0,,6.0,464.0,,,,,,,,,,,,,465.0,,,,,08a6f76bd428-465,,,0.0,,,,,,,272.0,465.0,08:A6:F7:6B:D4:28,,,,,,14701.0,30.0,31.0,29.0,29.0,2.0,,,0.0,29.0,384.0,31.0,3.0,,,,3049176,1786523825431,3049189,1786523825444,,1786523825407.0,29.0,2026-08-12T08:37:06.4710949Z,88.0,,,oasis/bottle,,0.0,,,,,
,,,,,,,,,,,,,,,13.0,,,,,,,,,1.0,,,0.0,,,,,0.0,,,,,0.0,,,,,,,,,,,local.mqtt.telegraf,32.0,,38.01,,,,,,periodic,,24.0,,,,,6.0,5,08a6f76bd428,,,63040.0,43104.0,,6.0,465.0,,,,,,,,,,,,,466.0,,,,,08a6f76bd428-466,,,0.0,,,,,,,272.0,466.0,08:A6:F7:6B:D4:28,,,,,,16011.0,30.0,31.0,29.0,29.0,2.0,,,0.0,29.0,384.0,31.0,3.0,,,,3050486,1786523826741,3050499,1786523826754,,1786523826717.0,29.0,2026-08-12T08:37:07.7897631Z,88.0,,,oasis/bottle,,0.0,,,,,
,,,,,,,,,,,,,,,13.0,,,,,,,,,1.0,,,0.0,,,,,0.0,,,,,0.0,,,,,,,,,,,local.mqtt.telegraf,32.0,,37.89,,,,,,periodic,,24.0,,,,,6.0,5,08a6f76bd428,,,52720.0,43104.0,,6.0,466.0,,,,,,,,,,,,,467.0,,,,,08a6f76bd428-467,,,0.0,,,,,,,272.0,467.0,08:A6:F7:6B:D4:28,,,,,,17431.0,30.0,31.0,29.0,29.0,2.0,,,0.0,29.0,384.0,31.0,3.0,,,,3051906,1786523828161,3051919,1786523828174,,1786523828137.0,29.0,2026-08-12T08:37:09.203006Z,88.0,,,oasis/bottle,,0.0,,,,,
,,,,,,,,,,,,,,,13.0,,,,,,,,,1.0,,,0.0,,,,,0.0,,,,,0.0,,,,,,,,,,,local.mqtt.telegraf,32.0,,38.0,,,,,,periodic,,24.0,,,,,6.0,5,08a6f76bd428,,,45024.0,43104.0,,6.0,467.0,,,,,,,,,,,,,468.0,,,,,08a6f76bd428-468,,,0.0,,,,,,,272.0,468.0,08:A6:F7:6B:D4:28,,,,,,18471.0,30.0,31.0,29.0,29.0,2.0,,,0.0,29.0,384.0,31.0,3.0,,,,3052946,1786523829201,3052959,1786523829214,,1786523829177.0,29.0,2026-08-12T08:37:10.2360501Z,88.0,,,oasis/bottle,,0.0,,,,,
,,,,,,,,,,,,,,,13.0,,,,,,,,,1.0,,,0.0,,,,,0.0,,,,,0.0,,,,,,,,,,,local.mqtt.telegraf,32.0,,37.94,,,,,,periodic,,24.0,,,,,6.0,5,08a6f76bd428,,,113600.0,43104.0,,5.0,468.0,,,,,,,,,,,,,469.0,,,,,08a6f76bd428-469,,,0.0,,,,,,,272.0,469.0,08:A6:F7:6B:D4:28,,,,,,19961.0,30.0,31.0,29.0,29.0,2.0,,,0.0,29.0,384.0,31.0,3.0,,,,3054436,1786523830691,3054449,1786523830704,,1786523830667.0,29.0,2026-08-12T08:37:11.7625795Z,88.0,,,oasis/bottle,,0.0,,,,,
,,,,,,,,,,,,,,,13.0,,,,,,,,,1.0,,,0.0,,,,,0.0,,,,,0.0,,,,,,,,,,,local.mqtt.telegraf,32.0,,37.89,,,,,,periodic,,22.0,,,,,5.0,5,08a6f76bd428,,,93936.0,43104.0,,6.0,469.0,,,,,,,,,,,,,470.0,,,,,08a6f76bd428-470,,,0.0,,,,,,,272.0,470.0,08:A6:F7:6B:D4:28,,,,,,521.0,31.0,32.0,31.0,31.0,1.0,,,0.0,30.0,394.0,33.0,3.0,,,,3055595,1786523831850,3055608,1786523831863,,1786523831828.0,29.0,2026-08-12T08:37:12.8839908Z,92.0,,,oasis/bottle,,0.0,,,,,
,,,,,,,,,,,,,,,13.0,,,,,,,,,1.0,,,0.0,,,,,0.0,,,,,0.0,,,,,,,,,,,local.mqtt.telegraf,32.0,,38.04,,,,,,periodic,,24.0,,,,,6.0,5,08a6f76bd428,,,85584.0,43104.0,,6.0,470.0,,,,,,,,,,,,,471.0,,,,,08a6f76bd428-471,,,0.0,,,,,,,272.0,471.0,08:A6:F7:6B:D4:28,,,,,,1641.0,31.0,32.0,31.0,31.0,1.0,,,0.0,30.0,394.0,33.0,3.0,,,,3056716,1786523832971,3056729,1786523832984,,1786523832947.0,29.0,2026-08-12T08:37:14.004401Z,92.0,,,oasis/bottle,,0.0,,,,,
,,,,,,,,,,,,,,,13.0,,,,,,,,,1.0,,,0.0,,,,,0.0,,,,,0.0,,,,,,,,,,,local.mqtt.telegraf,32.0,,37.92,,,,,,periodic,,24.0,,,,,6.0,5,08a6f76bd428,,,77888.0,43104.0,,7.0,471.0,,,,,,,,,,,,,472.0,,,,,08a6f76bd428-472,,,0.0,,,,,,,272.0,472.0,08:A6:F7:6B:D4:28,,,,,,2681.0,31.0,32.0,31.0,31.0,1.0,,,0.0,30.0,394.0,33.0,3.0,,,,3057756,1786523834011,3057769,1786523834024,,1786523833987.0,29.0,2026-08-12T08:37:15.0562615Z,92.0,,,oasis/bottle,,0.0,,,,,
,,,,,,,,,,,,,,,13.0,,,,,,,,,1.0,,,0.0,,,,,0.0,,,,,0.0,,,,,,,,,,,local.mqtt.telegraf,32.0,,37.84,,,,,,periodic,,24.0,,,,,6.0,5,08a6f76bd428,,,67568.0,43104.0,,6.0,472.0,,,,,,,,,,,,,473.0,,,,,08a6f76bd428-473,,,0.0,,,,,,,272.0,473.0,08:A6:F7:6B:D4:28,,,,,,4161.0,31.0,32.0,31.0,31.0,1.0,,,0.0,30.0,394.0,33.0,3.0,,,,3059236,1786523835491,3059249,1786523835504,,1786523835467.0,29.0,2026-08-12T08:37:16.5185179Z,92.0,,,oasis/bottle,,0.0,,,,,
,,,,,,,,,,,,,,,13.0,,,,,,,,,1.0,,,0.0,,,,,0.0,,,,,0.0,,,,,,,,,,,local.mqtt.telegraf,32.0,,37.9,,,,,,periodic,,32.0,,,,,6.0,5,08a6f76bd428,,,59216.0,43104.0,,6.0,473.0,,,,,,,,,,,,,474.0,,,,,08a6f76bd428-474,,,0.0,,,,,,,272.0,474.0,08:A6:F7:6B:D4:28,,,,,,5321.0,31.0,32.0,31.0,31.0,1.0,,,0.0,30.0,394.0,33.0,3.0,,,,3060404,1786523836659,3060417,1786523836672,,1786523836627.0,29.0,2026-08-12T08:37:17.7025874Z,92.0,,,oasis/bottle,,0.0,,,,,
,,,,,,,,,,,,,,,13.0,,,,,,,,,1.0,,,0.0,,,,,0.0,,,,,0.0,,,,,,,,,,,local.mqtt.telegraf,32.0,,37.82,,,,,,periodic,,24.0,,,,,6.0,5,08a6f76bd428,,,50864.0,43104.0,,6.0,474.0,,,,,,,,,,,,,475.0,,,,,08a6f76bd428-475,,,0.0,,,,,,,272.0,475.0,08:A6:F7:6B:D4:28,,,,,,6441.0,31.0,32.0,31.0,31.0,1.0,,,0.0,30.0,394.0,33.0,3.0,,,,3061516,1786523837771,3061529,1786523837784,,1786523837747.0,29.0,2026-08-12T08:37:18.8040823Z,92.0,,,oasis/bottle,,0.0,,,,,
,,,,,,,,,,,,,,,13.0,,,,,,,,,1.0,,,0.0,,,,,0.0,,,,,0.0,,,,,,,,,,,local.mqtt.telegraf,32.0,,37.86,,,,,,periodic,,24.0,,,,,12.0,5,08a6f76bd428,,,43168.0,43104.0,,5.0,475.0,,,,,,,,,,,,,476.0,,,,,08a6f76bd428-476,,,0.0,,,,,,,272.0,476.0,08:A6:F7:6B:D4:28,,,,,,7471.0,31.0,32.0,31.0,31.0,1.0,,,0.0,30.0,394.0,33.0,3.0,,,,3062546,1786523838801,3062559,1786523838814,,1786523838777.0,29.0,2026-08-12T08:37:19.8343516Z,92.0,,,oasis/bottle,,0.0,,,,,
,,,,,,,,,,,,,,,14.0,,,,,,,,,1.0,,,0.0,,,,,0.0,,,,,0.0,,,,,,,,,,,local.mqtt.telegraf,32.0,,37.92,,,,,,periodic,,24.0,,,,,6.0,5,08a6f76bd428,,,112544.0,43104.0,,6.0,476.0,,,,,,,,,,,,,477.0,,,,,08a6f76bd428-477,,,0.0,,,,,,,272.0,477.0,08:A6:F7:6B:D4:28,,,,,,8941.0,31.0,32.0,31.0,31.0,1.0,,,0.0,30.0,394.0,33.0,3.0,,,,3064016,1786523840271,3064030,1786523840285,,1786523840247.0,29.0,2026-08-12T08:37:21.3053956Z,92.0,,,oasis/bottle,,0.0,,,,,
,,,,,,,,,,,,,,,13.0,,,,,,,,,1.0,,,0.0,,,,,0.0,,,,,0.0,,,,,,,,,,,local.mqtt.telegraf,32.0,,38.01,,,,,,periodic,,24.0,,,,,6.0,5,08a6f76bd428,,,104192.0,43104.0,,6.0,477.0,,,,,,,,,,,,,478.0,,,,,08a6f76bd428-478,,,0.0,,,,,,,272.0,478.0,08:A6:F7:6B:D4:28,,,,,,10071.0,31.0,32.0,31.0,31.0,1.0,,,0.0,30.0,394.0,33.0,3.0,,,,3065146,1786523841401,3065159,1786523841414,,1786523841377.0,29.0,2026-08-12T08:37:22.440688Z,92.0,,,oasis/bottle,,0.0,,,,,
,,,,,,,,,,,,,,,13.0,,,,,,,,,1.0,,,0.0,,,,,0.0,,,,,0.0,,,,,,,,,,,local.mqtt.telegraf,32.0,,38.1,,,,,,periodic,,24.0,,,,,6.0,5,08a6f76bd428,,,96496.0,43104.0,,6.0,478.0,,,,,,,,,,,,,479.0,,,,,08a6f76bd428-479,,,0.0,,,,,,,272.0,479.0,08:A6:F7:6B:D4:28,,,,,,11131.0,31.0,32.0,31.0,31.0,1.0,,,0.0,30.0,394.0,33.0,3.0,,,,3066206,1786523842461,3066219,1786523842474,,1786523842437.0,29.0,2026-08-12T08:37:23.4999273Z,92.0,,,oasis/bottle,,0.0,,,,,
,,,,,,,,,,,,,,,13.0,,,,,,,,,1.0,,,0.0,,,,,0.0,,,,,0.0,,,,,,,,,,,local.mqtt.telegraf,32.0,,37.86,,,,,,periodic,,24.0,,,,,6.0,5,08a6f76bd428,,,85520.0,43104.0,,6.0,479.0,,,,,,,,,,,,,480.0,,,,,08a6f76bd428-480,,,0.0,,,,,,,272.0,480.0,08:A6:F7:6B:D4:28,,,,,,12651.0,31.0,32.0,31.0,31.0,1.0,,,0.0,30.0,394.0,33.0,3.0,,,,3067726,1786523843981,3067739,1786523843994,,1786523843957.0,29.0,2026-08-12T08:37:25.0176855Z,92.0,,,oasis/bottle,,0.0,,,,,
,,,,,,,,,,,,,,,13.0,,,,,,,,,1.0,,,0.0,,,,,0.0,,,,,0.0,,,,,,,,,,,local.mqtt.telegraf,32.0,,37.92,,,,,,periodic,,24.0,,,,,6.0,5,08a6f76bd428,,,75680.0,43104.0,,6.0,480.0,,,,,,,,,,,,,481.0,,,,,08a6f76bd428-481,,,0.0,,,,,,,272.0,481.0,08:A6:F7:6B:D4:28,,,,,,13931.0,31.0,32.0,31.0,31.0,1.0,,,0.0,30.0,394.0,33.0,3.0,,,,3069006,1786523845261,3069019,1786523845274,,1786523845237.0,29.0,2026-08-12T08:37:26.3011261Z,92.0,,,oasis/bottle,,0.0,,,,,
,,,,,,,,,,,,,,,13.0,,,,,,,,,1.0,,,0.0,,,,,0.0,,,,,0.0,,,,,,,,,,,local.mqtt.telegraf,32.0,,37.92,,,,,,periodic,,24.0,,,,,6.0,5,08a6f76bd428,,,66016.0,43104.0,,6.0,481.0,,,,,,,,,,,,,482.0,,,,,08a6f76bd428-482,,,0.0,,,,,,,272.0,482.0,08:A6:F7:6B:D4:28,,,,,,15241.0,31.0,32.0,31.0,31.0,1.0,,,0.0,30.0,394.0,33.0,3.0,,,,3070316,1786523846571,3070329,1786523846584,,1786523846547.0,29.0,2026-08-12T08:37:27.6041469Z,92.0,,,oasis/bottle,,0.0,,,,,
,,,,,,,,,,,,,,,13.0,,,,,,,,,1.0,,,0.0,,,,,0.0,,,,,0.0,,,,,,,,,,,local.mqtt.telegraf,32.0,,38.0,,,,,,periodic,,24.0,,,,,6.0,5,08a6f76bd428,,,55696.0,43104.0,,7.0,482.0,,,,,,,,,,,,,483.0,,,,,08a6f76bd428-483,,,0.0,,,,,,,272.0,483.0,08:A6:F7:6B:D4:28,,,,,,16661.0,31.0,32.0,31.0,31.0,1.0,,,0.0,30.0,394.0,33.0,3.0,,,,3071736,1786523847991,3071749,1786523848004,,1786523847967.0,29.0,2026-08-12T08:37:29.0267974Z,92.0,,,oasis/bottle,,0.0,,,,,
,,,,,,,,,,,,,,,13.0,,,,,,,,,1.0,,,0.0,,,,,0.0,,,,,0.0,,,,,,,,,,,local.mqtt.telegraf,32.0,,38.05,,,,,,periodic,,24.0,,,,,6.0,5,08a6f76bd428,,,48000.0,43104.0,,8.0,483.0,,,,,,,,,,,,,484.0,,,,,08a6f76bd428-484,,,0.0,,,,,,,272.0,484.0,08:A6:F7:6B:D4:28,,,,,,17701.0,31.0,32.0,31.0,31.0,1.0,,,0.0,30.0,394.0,33.0,3.0,,,,3072776,1786523849031,3072789,1786523849044,,1786523849007.0,29.0,2026-08-12T08:37:30.0750246Z,92.0,,,oasis/bottle,,0.0,,,,,
,,,,,,,,,,,,,,,13.0,,,,,,,,,1.0,,,0.0,,,,,0.0,,,,,0.0,,,,,,,,,,,local.mqtt.telegraf,32.0,,38.04,,,,,,periodic,,24.0,,,,,6.0,5,08a6f76bd428,,,117568.0,43104.0,,6.0,484.0,,,,,,,,,,,,,485.0,,,,,08a6f76bd428-485,,,0.0,,,,,,,272.0,485.0,08:A6:F7:6B:D4:28,,,,,,19171.0,31.0,32.0,31.0,31.0,1.0,,,0.0,30.0,394.0,33.0,3.0,,,,3074246,1786523850501,3074259,1786523850514,,1786523850477.0,29.0,2026-08-12T08:37:31.5310375Z,92.0,,,oasis/bottle,,0.0,,,,,
,,,,,,,,,,,,,,,13.0,,,,,,,,,1.0,,,0.0,,,,,0.0,,,,,0.0,,,,,,,,,,,local.mqtt.telegraf,32.0,,37.86,,,,,,periodic,,24.0,,,,,6.0,5,08a6f76bd428,,,109216.0,43104.0,,6.0,485.0,,,,,,,,,,,,,486.0,,,,,08a6f76bd428-486,,,0.0,,,,,,,272.0,486.0,08:A6:F7:6B:D4:28,,,,,,20311.0,31.0,32.0,31.0,31.0,1.0,,,0.0,30.0,394.0,33.0,3.0,,,,3075386,1786523851641,3075399,1786523851654,,1786523851617.0,29.0,2026-08-12T08:37:32.6836713Z,92.0,,,oasis/bottle,,0.0,,,,,
,,,,,,,,,,,,,,,13.0,,,,,,,,,1.0,,,0.0,,,,,0.0,,,,,0.0,,,,,,,,,,,local.mqtt.telegraf,32.0,,37.94,,,,,,periodic,,22.0,,,,,5.0,5,08a6f76bd428,,,90160.0,43104.0,,9.0,486.0,,,,,,,,,,,,,487.0,,,,,08a6f76bd428-487,,,0.0,,,,,,,272.0,487.0,08:A6:F7:6B:D4:28,,,,,,851.0,32.0,47.0,31.0,31.0,16.0,,,0.0,30.0,411.0,33.0,3.0,,,,3076476,1786523852731,3076489,1786523852744,,1786523852709.0,29.0,2026-08-12T08:37:33.7873663Z,95.0,,,oasis/bottle,,0.0,,,,,
,,,,,,,,,,,,,,,14.0,,,,,,,,,1.0,,,0.0,,,,,0.0,,,,,0.0,,,,,,,,,,,local.mqtt.telegraf,32.0,,37.98,,,,,,periodic,,23.0,,,,,6.0,5,08a6f76bd428,,,79184.0,43104.0,,6.0,487.0,,,,,,,,,,,,,488.0,,,,,08a6f76bd428-488,,,0.0,,,,,,,272.0,488.0,08:A6:F7:6B:D4:28,,,,,,2421.0,32.0,47.0,31.0,31.0,16.0,,,0.0,30.0,411.0,33.0,3.0,,,,3078046,1786523854301,3078060,1786523854315,,1786523854278.0,29.0,2026-08-12T08:37:35.3339961Z,95.0,,,oasis/bottle,,0.0,,,,,
,,,,,,,,,,,,,,,14.0,,,,,,,,,1.0,,,0.0,,,,,0.0,,,,,0.0,,,,,,,,,,,local.mqtt.telegraf,32.0,,37.97,,,,,,periodic,,23.0,,,,,6.0,5,08a6f76bd428,,,69520.0,43104.0,,6.0,488.0,,,,,,,,,,,,,489.0,,,,,08a6f76bd428-489,,,0.0,,,,,,,272.0,489.0,08:A6:F7:6B:D4:28,,,,,,3761.0,32.0,47.0,31.0,31.0,16.0,,,0.0,30.0,411.0,33.0,3.0,,,,3079386,1786523855641,3079400,1786523855655,,1786523855618.0,29.0,2026-08-12T08:37:36.6706862Z,95.0,,,oasis/bottle,,0.0,,,,,
,,,,,,,,,,,,,,,13.0,,,,,,,,,1.0,,,0.0,,,,,0.0,,,,,0.0,,,,,,,,,,,local.mqtt.telegraf,32.0,,37.86,,,,,,periodic,,23.0,,,,,6.0,5,08a6f76bd428,,,59200.0,43104.0,,7.0,489.0,,,,,,,,,,,,,490.0,,,,,08a6f76bd428-490,,,0.0,,,,,,,272.0,490.0,08:A6:F7:6B:D4:28,,,,,,5241.0,32.0,47.0,31.0,31.0,16.0,,,0.0,30.0,411.0,33.0,3.0,,,,3080866,1786523857121,3080879,1786523857134,,1786523857098.0,29.0,2026-08-12T08:37:38.151079Z,95.0,,,oasis/bottle,,0.0,,,,,
,,,,,,,,,,,,,,,13.0,,,,,,,,,1.0,,,0.0,,,,,0.0,,,,,0.0,,,,,,,,,,,local.mqtt.telegraf,32.0,,38.01,,,,,,periodic,,23.0,,,,,6.0,5,08a6f76bd428,,,50848.0,43104.0,,6.0,490.0,,,,,,,,,,,,,491.0,,,,,08a6f76bd428-491,,,0.0,,,,,,,272.0,491.0,08:A6:F7:6B:D4:28,,,,,,6391.0,32.0,47.0,31.0,31.0,16.0,,,0.0,30.0,411.0,33.0,3.0,,,,3082016,1786523858271,3082029,1786523858284,,1786523858248.0,29.0,2026-08-12T08:37:39.2991829Z,95.0,,,oasis/bottle,,0.0,,,,,
,,,,,,,,,,,,,,,13.0,,,,,,,,,1.0,,,0.0,,,,,0.0,,,,,0.0,,,,,,,,,,,local.mqtt.telegraf,32.0,,38.01,,,,,,periodic,,23.0,,,,,6.0,5,08a6f76bd428,,,122512.0,43104.0,,6.0,491.0,,,,,,,,,,,,,492.0,,,,,08a6f76bd428-492,,,0.0,,,,,,,272.0,492.0,08:A6:F7:6B:D4:28,,,,,,7491.0,32.0,47.0,31.0,31.0,16.0,,,0.0,30.0,411.0,33.0,3.0,,,,3083116,1786523859371,3083129,1786523859384,,1786523859348.0,29.0,2026-08-12T08:37:40.4014801Z,95.0,,,oasis/bottle,,0.0,,,,,
,,,,,,,,,,,,,,,13.0,,,,,,,,,1.0,,,0.0,,,,,0.0,,,,,0.0,,,,,,,,,,,local.mqtt.telegraf,32.0,,37.96,,,,,,periodic,,23.0,,,,,6.0,5,08a6f76bd428,,,114816.0,43104.0,,8.0,492.0,,,,,,,,,,,,,493.0,,,,,08a6f76bd428-493,,,0.0,,,,,,,272.0,493.0,08:A6:F7:6B:D4:28,,,,,,8491.0,32.0,47.0,31.0,31.0,16.0,,,0.0,30.0,411.0,33.0,3.0,,,,3084116,1786523860371,3084129,1786523860384,,1786523860348.0,29.0,2026-08-12T08:37:41.4021731Z,95.0,,,oasis/bottle,,0.0,,,,,
,,,,,,,,,,,,,,,13.0,,,,,,,,,1.0,,,0.0,,,,,0.0,,,,,0.0,,,,,,,,,,,local.mqtt.telegraf,32.0,,38.02,,,,,,periodic,,22.0,,,,,5.0,5,08a6f76bd428,,,105120.0,43104.0,,6.0,493.0,,,,,,,,,,,,,494.0,,,,,08a6f76bd428-494,,,0.0,,,,,,,273.0,494.0,08:A6:F7:6B:D4:28,,,,,,9881.0,32.0,47.0,31.0,31.0,16.0,,,0.0,30.0,411.0,33.0,3.0,,,,3085506,1786523861761,3085519,1786523861774,,1786523861739.0,29.0,2026-08-12T08:37:42.8098234Z,95.0,,,oasis/bottle,,0.0,,,,,
,,,,,,,,,,,,,,,14.0,,,,,,,,,1.0,,,0.0,,,,,0.0,,,,,0.0,,,,,,,,,,,local.mqtt.telegraf,32.0,,37.94,,,,,,periodic,,23.0,,,,,6.0,5,08a6f76bd428,,,94128.0,43104.0,,5.0,494.0,,,,,,,,,,,,,495.0,,,,,08a6f76bd428-495,,,0.0,,,,,,,272.0,495.0,08:A6:F7:6B:D4:28,,,,,,11461.0,32.0,47.0,31.0,31.0,16.0,,,0.0,30.0,411.0,33.0,3.0,,,,3087086,1786523863341,3087100,1786523863355,,1786523863318.0,29.0,2026-08-12T08:37:44.3796911Z,95.0,,,oasis/bottle,,0.0,,,,,
,,,,,,,,,,,,,,,13.0,,,,,,,,,1.0,,,0.0,,,,,0.0,,,,,0.0,,,,,,,,,,,local.mqtt.telegraf,32.0,,37.98,,,,,,periodic,,23.0,,,,,6.0,5,08a6f76bd428,,,84464.0,43104.0,,6.0,495.0,,,,,,,,,,,,,496.0,,,,,08a6f76bd428-496,,,0.0,,,,,,,272.0,496.0,08:A6:F7:6B:D4:28,,,,,,12821.0,32.0,47.0,31.0,31.0,16.0,,,0.0,30.0,411.0,33.0,3.0,,,,3088446,1786523864701,3088459,1786523864714,,1786523864678.0,29.0,2026-08-12T08:37:45.7435982Z,95.0,,,oasis/bottle,,0.0,,,,,
,,,,,,,,,,,,,,,13.0,,,,,,,,,1.0,,,0.0,,,,,0.0,,,,,0.0,,,,,,,,,,,local.mqtt.telegraf,32.0,,38.01,,,,,,periodic,,23.0,,,,,6.0,5,08a6f76bd428,,,73488.0,43104.0,,6.0,496.0,,,,,,,,,,,,,497.0,,,,,08a6f76bd428-497,,,0.0,,,,,,,272.0,497.0,08:A6:F7:6B:D4:28,,,,,,14341.0,32.0,47.0,31.0,31.0,16.0,,,0.0,30.0,411.0,33.0,3.0,,,,3089966,1786523866221,3089979,1786523866234,,1786523866198.0,29.0,2026-08-12T08:37:47.2577664Z,95.0,,,oasis/bottle,,0.0,,,,,
,,,,,,,,,,,,,,,13.0,,,,,,,,,1.0,,,0.0,,,,,0.0,,,,,0.0,,,,,,,,,,,local.mqtt.telegraf,32.0,,37.89,,,,,,periodic,,23.0,,,,,6.0,5,08a6f76bd428,,,64480.0,43104.0,,6.0,497.0,,,,,,,,,,,,,498.0,,,,,08a6f76bd428-498,,,0.0,,,,,,,272.0,498.0,08:A6:F7:6B:D4:28,,,,,,15581.0,32.0,47.0,31.0,31.0,16.0,,,0.0,30.0,411.0,33.0,3.0,,,,3091206,1786523867461,3091219,1786523867474,,1786523867438.0,29.0,2026-08-12T08:37:48.5079972Z,95.0,,,oasis/bottle,,0.0,,,,,
,,,,,,,,,,,,,,,14.0,,,,,,,,,1.0,,,0.0,,,,,0.0,,,,,0.0,,,,,,,,,,,local.mqtt.telegraf,32.0,,38.06,,,,,,periodic,,23.0,,,,,6.0,5,08a6f76bd428,,,55472.0,43104.0,,6.0,498.0,,,,,,,,,,,,,499.0,,,,,08a6f76bd428-499,,,0.0,,,,,,,272.0,499.0,08:A6:F7:6B:D4:28,,,,,,16861.0,32.0,47.0,31.0,31.0,16.0,,,0.0,30.0,411.0,33.0,3.0,,,,3092486,1786523868741,3092500,1786523868755,,1786523868718.0,29.0,2026-08-12T08:37:49.7881926Z,95.0,,,oasis/bottle,,0.0,,,,,
,,,,,,,,,,,,,,,17.0,,,,,,,,,1.0,,,0.0,,,,,0.0,,,,,0.0,,,,,,,,,,,local.mqtt.telegraf,32.0,,37.82,,,,,,periodic,,33.0,,,,,6.0,5,08a6f76bd428,,,45808.0,43104.0,,6.0,499.0,,,,,,,,,,,,,500.0,,,,,08a6f76bd428-500,,,0.0,,,,,,,272.0,500.0,08:A6:F7:6B:D4:28,,,,,,18211.0,32.0,47.0,31.0,31.0,16.0,,,0.0,30.0,411.0,33.0,3.0,,,,3093846,1786523870101,3093863,1786523870118,,1786523870068.0,29.0,2026-08-12T08:37:51.140362Z,95.0,,,oasis/bottle,,0.0,,,,,
,,,,,,,,,,,,,,,13.0,,,,,,,,,1.0,,,0.0,,,,,0.0,,,,,0.0,,,,,,,,,,,local.mqtt.telegraf,32.0,,37.9,,,,,,periodic,,23.0,,,,,6.0,5,08a6f76bd428,,,113872.0,43104.0,,7.0,500.0,,,,,,,,,,,,,501.0,,,,,08a6f76bd428-501,,,0.0,,,,,,,272.0,501.0,08:A6:F7:6B:D4:28,,,,,,19721.0,32.0,47.0,31.0,31.0,16.0,,,0.0,30.0,411.0,33.0,3.0,,,,3095346,1786523871601,3095359,1786523871614,,1786523871578.0,29.0,2026-08-12T08:37:52.6396861Z,95.0,,,oasis/bottle,,0.0,,,,,
,,,,,,,,,,,,,,,13.0,,,,,,,,,1.0,,,0.0,,,,,0.0,,,,,0.0,,,,,,,,,,,local.mqtt.telegraf,32.0,,37.96,,,,,,periodic,,21.0,,,,,6.0,5,08a6f76bd428,,,94208.0,43104.0,,6.0,501.0,,,,,,,,,,,,,502.0,,,,,08a6f76bd428-502,,,0.0,,,,,,,273.0,502.0,08:A6:F7:6B:D4:28,,,,,,662.0,33.0,31.0,29.0,29.0,2.0,,,0.0,29.0,384.0,31.0,3.0,,,,3096545,1786523872800,3096558,1786523872813,,1786523872779.0,29.0,2026-08-12T08:37:53.8416767Z,97.0,,,oasis/bottle,,0.0,,,,,
,,,,,,,,,,,,,,,13.0,,,,,,,,,1.0,,,0.0,,,,,0.0,,,,,0.0,,,,,,,,,,,local.mqtt.telegraf,32.0,,38.04,,,,,,periodic,,24.0,,,,,6.0,5,08a6f76bd428,,,85200.0,43104.0,,6.0,502.0,,,,,,,,,,,,,503.0,,,,,08a6f76bd428-503,,,0.0,,,,,,,272.0,503.0,08:A6:F7:6B:D4:28,,,,,,1871.0,33.0,31.0,29.0,29.0,2.0,,,0.0,29.0,384.0,31.0,3.0,,,,3097756,1786523874011,3097769,1786523874024,,1786523873987.0,29.0,2026-08-12T08:37:55.0530779Z,97.0,,,oasis/bottle,,0.0,,,,,
,,,,,,,,,,,,,,,13.0,,,,,,,,,1.0,,,0.0,,,,,0.0,,,,,0.0,,,,,,,,,,,local.mqtt.telegraf,32.0,,37.92,,,,,,periodic,,24.0,,,,,6.0,5,08a6f76bd428,,,76192.0,43104.0,,6.0,503.0,,,,,,,,,,,,,504.0,,,,,08a6f76bd428-504,,,0.0,,,,,,,272.0,504.0,08:A6:F7:6B:D4:28,,,,,,3081.0,33.0,31.0,29.0,29.0,2.0,,,0.0,29.0,384.0,31.0,3.0,,,,3098966,1786523875221,3098979,1786523875234,,1786523875197.0,29.0,2026-08-12T08:37:56.2538822Z,97.0,,,oasis/bottle,,0.0,,,,,
,,,,,,,,,,,,,,,13.0,,,,,,,,,1.0,,,0.0,,,,,0.0,,,,,0.0,,,,,,,,,,,local.mqtt.telegraf,32.0,,37.89,,,,,,periodic,,24.0,,,,,6.0,5,08a6f76bd428,,,67184.0,43104.0,,6.0,504.0,,,,,,,,,,,,,505.0,,,,,08a6f76bd428-505,,,0.0,,,,,,,272.0,505.0,08:A6:F7:6B:D4:28,,,,,,4301.0,33.0,31.0,29.0,29.0,2.0,,,0.0,29.0,384.0,31.0,3.0,,,,3100186,1786523876441,3100199,1786523876454,,1786523876417.0,29.0,2026-08-12T08:37:57.4782105Z,97.0,,,oasis/bottle,,0.0,,,,,
,,,,,,,,,,,,,,,13.0,,,,,,,,,1.0,,,0.0,,,,,0.0,,,,,0.0,,,,,,,,,,,local.mqtt.telegraf,32.0,,37.88,,,,,,periodic,,24.0,,,,,6.0,5,08a6f76bd428,,,58176.0,43104.0,,8.0,505.0,,,,,,,,,,,,,506.0,,,,,08a6f76bd428-506,,,0.0,,,,,,,272.0,506.0,08:A6:F7:6B:D4:28,,,,,,5541.0,33.0,31.0,29.0,29.0,2.0,,,0.0,29.0,384.0,31.0,3.0,,,,3101426,1786523877681,3101439,1786523877694,,1786523877657.0,29.0,2026-08-12T08:37:58.7265401Z,97.0,,,oasis/bottle,,0.0,,,,,
,,,,,,,,,,,,,,,13.0,,,,,,,,,1.0,,,0.0,,,,,0.0,,,,,0.0,,,,,,,,,,,local.mqtt.telegraf,32.0,,37.96,,,,,,periodic,,24.0,,,,,6.0,5,08a6f76bd428,,,49168.0,43104.0,,6.0,506.0,,,,,,,,,,,,,507.0,,,,,08a6f76bd428-507,,,0.0,,,,,,,272.0,507.0,08:A6:F7:6B:D4:28,,,,,,6821.0,33.0,31.0,29.0,29.0,2.0,,,0.0,29.0,384.0,31.0,3.0,,,,3102706,1786523878961,3102719,1786523878974,,1786523878937.0,29.0,2026-08-12T08:37:59.9999511Z,97.0,,,oasis/bottle,,0.0,,,,,
,,,,,,,,,,,,,,,13.0,,,,,,,,,1.0,,,0.0,,,,,0.0,,,,,0.0,,,,,,,,,,,local.mqtt.telegraf,32.0,,37.78,,,,,,periodic,,24.0,,,,,6.0,5,08a6f76bd428,,,119424.0,43104.0,,7.0,507.0,,,,,,,,,,,,,508.0,,,,,08a6f76bd428-508,,,0.0,,,,,,,272.0,508.0,08:A6:F7:6B:D4:28,,,,,,8181.0,33.0,31.0,29.0,29.0,2.0,,,0.0,29.0,384.0,31.0,3.0,,,,3104066,1786523880321,3104079,1786523880334,,1786523880297.0,29.0,2026-08-12T08:38:01.355718Z,97.0,,,oasis/bottle,,0.0,,,,,
,,,,,,,,,,,,,,,13.0,,,,,,,,,1.0,,,0.0,,,,,0.0,,,,,0.0,,,,,,,,,,,local.mqtt.telegraf,32.0,,37.81,,,,,,periodic,,24.0,,,,,6.0,5,08a6f76bd428,,,108448.0,43104.0,,6.0,508.0,,,,,,,,,,,,,509.0,,,,,08a6f76bd428-509,,,0.0,,,,,,,272.0,509.0,08:A6:F7:6B:D4:28,,,,,,9691.0,33.0,31.0,29.0,29.0,2.0,,,0.0,29.0,384.0,31.0,3.0,,,,3105576,1786523881831,3105589,1786523881844,,1786523881807.0,29.0,2026-08-12T08:38:02.8712653Z,97.0,,,oasis/bottle,,0.0,,,,,
,,,,,,,,,,,,,,,13.0,,,,,,,,,1.0,,,0.0,,,,,0.0,,,,,0.0,,,,,,,,,,,local.mqtt.telegraf,32.0,,37.82,,,,,,periodic,,24.0,,,,,6.0,5,08a6f76bd428,,,99440.0,43104.0,,7.0,509.0,,,,,,,,,,,,,510.0,,,,,08a6f76bd428-510,,,0.0,,,,,,,272.0,510.0,08:A6:F7:6B:D4:28,,,,,,10911.0,33.0,31.0,29.0,29.0,2.0,,,0.0,29.0,384.0,31.0,3.0,,,,3106796,1786523883051,3106809,1786523883064,,1786523883027.0,29.0,2026-08-12T08:38:04.0805888Z,97.0,,,oasis/bottle,,0.0,,,,,
,,,,,,,,,,,,,,,14.0,,,,,,,,,1.0,,,0.0,,,,,0.0,,,,,0.0,,,,,,,,,,,local.mqtt.telegraf,32.0,,37.69,,,,,,periodic,,24.0,,,,,6.0,5,08a6f76bd428,,,89600.0,43104.0,,6.0,510.0,,,,,,,,,,,,,511.0,,,,,08a6f76bd428-511,,,0.0,,,,,,,272.0,511.0,08:A6:F7:6B:D4:28,,,,,,12191.0,33.0,31.0,29.0,29.0,2.0,,,0.0,29.0,384.0,31.0,3.0,,,,3108076,1786523884331,3108090,1786523884345,,1786523884307.0,29.0,2026-08-12T08:38:05.3711385Z,97.0,,,oasis/bottle,,0.0,,,,,
,,,,,,,,,,,,,,,13.0,,,,,,,,,1.0,,,0.0,,,,,0.0,,,,,0.0,,,,,,,,,,,local.mqtt.telegraf,32.0,,37.82,,,,,,periodic,,24.0,,,,,6.0,5,08a6f76bd428,,,79936.0,43104.0,,6.0,511.0,,,,,,,,,,,,,512.0,,,,,08a6f76bd428-512,,,0.0,,,,,,,272.0,512.0,08:A6:F7:6B:D4:28,,,,,,13511.0,33.0,31.0,29.0,29.0,2.0,,,0.0,29.0,384.0,31.0,3.0,,,,3109396,1786523885651,3109409,1786523885664,,1786523885627.0,29.0,2026-08-12T08:38:06.6841684Z,97.0,,,oasis/bottle,,0.0,,,,,
,,,,,,,,,,,,,,,22.0,,,,,,,,,1.0,,,0.0,,,,,0.0,,,,,0.0,,,,,,,,,,,local.mqtt.telegraf,32.0,,37.61,,,,,,periodic,,23.0,,,,,6.0,5,08a6f76bd428,,,69616.0,43104.0,,6.0,512.0,,,,,,,,,,,,,513.0,,,,,08a6f76bd428-513,,,0.0,,,,,,,272.0,513.0,08:A6:F7:6B:D4:28,,,,,,14941.0,33.0,31.0,29.0,29.0,2.0,,,0.0,29.0,384.0,31.0,3.0,,,,3110825,1786523887080,3110847,1786523887102,,1786523887057.0,29.0,2026-08-12T08:38:08.1188124Z,97.0,,,oasis/bottle,,0.0,,,,,
,,,,,,,,,,,,,,,13.0,,,,,,,,,1.0,,,0.0,,,,,0.0,,,,,0.0,,,,,,,,,,,local.mqtt.telegraf,32.0,,37.57,,,,,,periodic,,23.0,,,,,5.0,5,08a6f76bd428,,,61888.0,43104.0,,6.0,513.0,,,,,,,,,,,,,514.0,,,,,08a6f76bd428-514,,,0.0,,,,,,,273.0,514.0,08:A6:F7:6B:D4:28,,,,,,16001.0,33.0,31.0,29.0,29.0,2.0,,,0.0,29.0,384.0,31.0,3.0,,,,3111886,1786523888141,3111899,1786523888154,,1786523888118.0,29.0,2026-08-12T08:38:09.1693832Z,97.0,,,oasis/bottle,,0.0,,,,,
,,,,,,,,,,,,,,,13.0,,,,,,,,,1.0,,,0.0,,,,,0.0,,,,,0.0,,,,,,,,,,,local.mqtt.telegraf,32.0,,37.31,,,,,,periodic,,24.0,,,,,6.0,5,08a6f76bd428,,,50896.0,43104.0,,7.0,514.0,,,,,,,,,,,,,515.0,,,,,08a6f76bd428-515,,,0.0,,,,,,,272.0,515.0,08:A6:F7:6B:D4:28,,,,,,17531.0,33.0,31.0,29.0,29.0,2.0,,,0.0,29.0,384.0,31.0,3.0,,,,3113416,1786523889671,3113429,1786523889684,,1786523889647.0,29.0,2026-08-12T08:38:10.7050411Z,97.0,,,oasis/bottle,,0.0,,,,,
,,,,,,,,,,,,,,,13.0,,,,,,,,,1.0,,,0.0,,,,,0.0,,,,,0.0,,,,,,,,,,,local.mqtt.telegraf,32.0,,37.19,,,,,,periodic,,24.0,,,,,6.0,5,08a6f76bd428,,,121856.0,43104.0,,6.0,515.0,,,,,,,,,,,,,516.0,,,,,08a6f76bd428-516,,,0.0,,,,,,,272.0,516.0,08:A6:F7:6B:D4:28,,,,,,18781.0,33.0,31.0,29.0,29.0,2.0,,,0.0,29.0,384.0,31.0,3.0,,,,3114666,1786523890921,3114679,1786523890934,,1786523890897.0,29.0,2026-08-12T08:38:11.9539213Z,97.0,,,oasis/bottle,,0.0,,,,,
,,,,,,,,,,,,,,,13.0,,,,,,,,,1.0,,,0.0,,,,,0.0,,,,,0.0,,,,,,,,,,,local.mqtt.telegraf,32.0,,36.98,,,,,,periodic,,24.0,,,,,6.0,5,08a6f76bd428,,,112192.0,43104.0,,6.0,516.0,,,,,,,,,,,,,517.0,,,,,08a6f76bd428-517,,,0.0,,,,,,,272.0,517.0,08:A6:F7:6B:D4:28,,,,,,20081.0,33.0,31.0,29.0,29.0,2.0,,,0.0,29.0,384.0,31.0,3.0,,,,3115966,1786523892221,3115979,1786523892234,,1786523892197.0,29.0,2026-08-12T08:38:13.2507675Z,97.0,,,oasis/bottle,,0.0,,,,,
,,,,,,,,,,,,,,,13.0,,,,,,,,,1.0,,,0.0,,,,,0.0,,,,,0.0,,,,,,,,,,,local.mqtt.telegraf,32.0,,36.94,,,,,,periodic,,20.0,,,,,5.0,5,08a6f76bd428,,,90640.0,43104.0,,6.0,517.0,,,,,,,,,,,,,518.0,,,,,08a6f76bd428-518,,,0.0,,,,,,,273.0,518.0,08:A6:F7:6B:D4:28,,,,,,512.0,34.0,31.0,30.0,30.0,1.0,,,1.0,30.0,1075.0,33.0,2.0,,,,3117655,1786523893910,3117668,1786523893923,,1786523893890.0,29.0,2026-08-12T08:38:14.9543387Z,101.0,,,oasis/bottle,,0.0,,,,,
,,,,,,,,,,,,,,,13.0,,,,,,,,,1.0,,,0.0,,,,,0.0,,,,,0.0,,,,,,,,,,,local.mqtt.telegraf,32.0,,36.84,,,,,,periodic,,22.0,,,,,5.0,5,08a6f76bd428,,,81600.0,43104.0,,6.0,518.0,,,,,,,,,,,,,519.0,,,,,08a6f76bd428-519,,,0.0,,,,,,,273.0,519.0,08:A6:F7:6B:D4:28,,,,,,1791.0,34.0,31.0,30.0,30.0,1.0,,,1.0,30.0,1075.0,33.0,2.0,,,,3118936,1786523895191,3118949,1786523895204,,1786523895169.0,29.0,2026-08-12T08:38:16.2169298Z,101.0,,,oasis/bottle,,0.0,,,,,
,,,,,,,,,,,,,,,13.0,,,,,,,,,1.0,,,0.0,,,,,0.0,,,,,0.0,,,,,,,,,,,local.mqtt.telegraf,32.0,,36.61,,,,,,periodic,,23.0,,,,,6.0,5,08a6f76bd428,,,71920.0,43104.0,,7.0,519.0,,,,,,,,,,,,,520.0,,,,,08a6f76bd428-520,,,0.0,,,,,,,272.0,520.0,08:A6:F7:6B:D4:28,,,,,,3151.0,34.0,31.0,30.0,30.0,1.0,,,1.0,30.0,1075.0,33.0,2.0,,,,3120296,1786523896551,3120309,1786523896564,,1786523896528.0,29.0,2026-08-12T08:38:17.5913409Z,101.0,,,oasis/bottle,,0.0,,,,,
,,,,,,,,,,,,,,,14.0,,,,,,,,,1.0,,,0.0,,,,,0.0,,,,,0.0,,,,,,,,,,,local.mqtt.telegraf,32.0,,36.59,,,,,,periodic,,23.0,,,,,6.0,5,08a6f76bd428,,,60944.0,43104.0,,6.0,520.0,,,,,,,,,,,,,521.0,,,,,08a6f76bd428-521,,,0.0,,,,,,,272.0,521.0,08:A6:F7:6B:D4:28,,,,,,4671.0,34.0,31.0,30.0,30.0,1.0,,,1.0,30.0,1075.0,33.0,2.0,,,,3121816,1786523898071,3121830,1786523898085,,1786523898048.0,29.0,2026-08-12T08:38:19.1011273Z,101.0,,,oasis/bottle,,0.0,,,,,
,,,,,,,,,,,,,,,13.0,,,,,,,,,1.0,,,0.0,,,,,0.0,,,,,0.0,,,,,,,,,,,local.mqtt.telegraf,32.0,,36.56,,,,,,periodic,,23.0,,,,,6.0,5,08a6f76bd428,,,51936.0,43104.0,,6.0,521.0,,,,,,,,,,,,,522.0,,,,,08a6f76bd428-522,,,0.0,,,,,,,272.0,522.0,08:A6:F7:6B:D4:28,,,,,,5901.0,34.0,31.0,30.0,30.0,1.0,,,1.0,30.0,1075.0,33.0,2.0,,,,3123046,1786523899301,3123059,1786523899314,,1786523899278.0,29.0,2026-08-12T08:38:20.3398625Z,101.0,,,oasis/bottle,,0.0,,,,,
,,,,,,,,,,,,,,,13.0,,,,,,,,,1.0,,,0.0,,,,,0.0,,,,,0.0,,,,,,,,,,,local.mqtt.telegraf,32.0,,36.75,,,,,,periodic,,27.0,,,,,6.0,5,08a6f76bd428,,,122896.0,43104.0,,6.0,522.0,,,,,,,,,,,,,523.0,,,,,08a6f76bd428-523,,,0.0,,,,,,,278.0,523.0,08:A6:F7:6B:D4:28,,,,,,7166.0,34.0,31.0,30.0,30.0,1.0,,,1.0,30.0,1075.0,33.0,2.0,,,,3124316,1786523900571,3124329,1786523900584,,1786523900544.0,29.0,2026-08-12T08:38:21.6031933Z,101.0,,,oasis/bottle,,0.0,,,,,
,,,,,,,,,,,,,,,13.0,,,,,,,,,1.0,,,0.0,,,,,0.0,,,,,0.0,,,,,,,,,,,local.mqtt.telegraf,32.0,,36.63,,,,,,periodic,,23.0,,,,,6.0,5,08a6f76bd428,,,113232.0,43104.0,,10.0,523.0,,,,,,,,,,,,,524.0,,,,,08a6f76bd428-524,,,0.0,,,,,,,272.0,524.0,08:A6:F7:6B:D4:28,,,,,,8501.0,34.0,31.0,30.0,30.0,1.0,,,1.0,30.0,1075.0,33.0,2.0,,,,3125646,1786523901901,3125659,1786523901914,,1786523901878.0,29.0,2026-08-12T08:38:22.9371469Z,101.0,,,oasis/bottle,,0.0,,,,,
,,,,,,,,,,,,,,,13.0,,,,,,,,,1.0,,,0.0,,,,,0.0,,,,,0.0,,,,,,,,,,,local.mqtt.telegraf,32.0,,36.36,,,,,,periodic,,23.0,,,,,6.0,5,08a6f76bd428,,,102912.0,43104.0,,6.0,524.0,,,,,,,,,,,,,525.0,,,,,08a6f76bd428-525,,,0.0,,,,,,,272.0,525.0,08:A6:F7:6B:D4:28,,,,,,9961.0,34.0,31.0,30.0,30.0,1.0,,,1.0,30.0,1075.0,33.0,2.0,,,,3127106,1786523903361,3127119,1786523903374,,1786523903338.0,29.0,2026-08-12T08:38:24.4000382Z,101.0,,,oasis/bottle,,0.0,,,,,
,,,,,,,,,,,,,,,13.0,,,,,,,,,1.0,,,0.0,,,,,0.0,,,,,0.0,,,,,,,,,,,local.mqtt.telegraf,32.0,,36.09,,,,,,periodic,,23.0,,,,,6.0,5,08a6f76bd428,,,94560.0,43104.0,,6.0,525.0,,,,,,,,,,,,,526.0,,,,,08a6f76bd428-526,,,0.0,,,,,,,272.0,526.0,08:A6:F7:6B:D4:28,,,,,,11071.0,34.0,31.0,30.0,30.0,1.0,,,1.0,30.0,1075.0,33.0,2.0,,,,3128216,1786523904471,3128229,1786523904484,,1786523904448.0,29.0,2026-08-12T08:38:25.4991359Z,101.0,,,oasis/bottle,,0.0,,,,,
,,,,,,,,,,,,,,,13.0,,,,,,,,,1.0,,,0.0,,,,,0.0,,,,,0.0,,,,,,,,,,,local.mqtt.telegraf,32.0,,35.89,,,,,,periodic,,23.0,,,,,6.0,5,08a6f76bd428,,,86864.0,43104.0,,6.0,526.0,,,,,,,,,,,,,527.0,,,,,08a6f76bd428-527,,,0.0,,,,,,,272.0,527.0,08:A6:F7:6B:D4:28,,,,,,12091.0,34.0,31.0,30.0,30.0,1.0,,,1.0,30.0,1075.0,33.0,2.0,,,,3129236,1786523905491,3129249,1786523905504,,1786523905468.0,29.0,2026-08-12T08:38:26.5215117Z,101.0,,,oasis/bottle,,0.0,,,,,
,,,,,,,,,,,,,,,14.0,,,,,,,,,1.0,,,0.0,,,,,0.0,,,,,0.0,,,,,,,,,,,local.mqtt.telegraf,32.0,,35.39,,,,,,periodic,,23.0,,,,,6.0,5,08a6f76bd428,,,76544.0,43104.0,,6.0,527.0,,,,,,,,,,,,,528.0,,,,,08a6f76bd428-528,,,0.0,,,,,,,272.0,528.0,08:A6:F7:6B:D4:28,,,,,,13531.0,34.0,31.0,30.0,30.0,1.0,,,1.0,30.0,1075.0,33.0,2.0,,,,3130676,1786523906931,3130690,1786523906945,,1786523906908.0,29.0,2026-08-12T08:38:27.9714354Z,101.0,,,oasis/bottle,,0.0,,,,,
,,,,,,,,,,,,,,,14.0,,,,,,,,,1.0,,,0.0,,,,,0.0,,,,,0.0,,,,,,,,,,,local.mqtt.telegraf,32.0,,35.06,,,,,,periodic,,23.0,,,,,6.0,5,08a6f76bd428,,,68192.0,43104.0,,6.0,528.0,,,,,,,,,,,,,529.0,,,,,08a6f76bd428-529,,,0.0,,,,,,,272.0,529.0,08:A6:F7:6B:D4:28,,,,,,14611.0,34.0,31.0,30.0,30.0,1.0,,,1.0,30.0,1075.0,33.0,2.0,,,,3131756,1786523908011,3131770,1786523908025,,1786523907988.0,29.0,2026-08-12T08:38:29.0524574Z,101.0,,,oasis/bottle,,0.0,,,,,
,,,,,,,,,,,,,,,13.0,,,,,,,,,1.0,,,0.0,,,,,0.0,,,,,0.0,,,,,,,,,,,local.mqtt.telegraf,32.0,,34.99,,,,,,periodic,,23.0,,,,,6.0,5,08a6f76bd428,,,57216.0,43104.0,,12.0,529.0,,,,,,,,,,,,,530.0,,,,,08a6f76bd428-530,,,0.0,,,,,,,272.0,530.0,08:A6:F7:6B:D4:28,,,,,,16181.0,34.0,31.0,30.0,30.0,1.0,,,1.0,30.0,1075.0,33.0,2.0,,,,3133326,1786523909581,3133339,1786523909594,,1786523909558.0,29.0,2026-08-12T08:38:30.6218842Z,101.0,,,oasis/bottle,,0.0,,,,,
,,,,,,,,,,,,,,,13.0,,,,,,,,,1.0,,,0.0,,,,,0.0,,,,,0.0,,,,,,,,,,,local.mqtt.telegraf,32.0,,34.8,,,,,,periodic,,23.0,,,,,6.0,5,08a6f76bd428,,,47552.0,43104.0,,6.0,530.0,,,,,,,,,,,,,531.0,,,,,08a6f76bd428-531,,,0.0,,,,,,,272.0,531.0,08:A6:F7:6B:D4:28,,,,,,17501.0,34.0,31.0,30.0,30.0,1.0,,,1.0,30.0,1075.0,33.0,2.0,,,,3134646,1786523910901,3134659,1786523910914,,1786523910878.0,29.0,2026-08-12T08:38:31.93295Z,101.0,,,oasis/bottle,,0.0,,,,,
,,,,,,,,,,,,,,,13.0,,,,,,,,,1.0,,,0.0,,,,,0.0,,,,,0.0,,,,,,,,,,,local.mqtt.telegraf,32.0,,34.96,,,,,,periodic,,23.0,,,,,6.0,5,08a6f76bd428,,,117344.0,43104.0,,6.0,531.0,,,,,,,,,,,,,532.0,,,,,08a6f76bd428-532,,,0.0,,,,,,,272.0,532.0,08:A6:F7:6B:D4:28,,,,,,18941.0,34.0,31.0,30.0,30.0,1.0,,,1.0,30.0,1075.0,33.0,2.0,,,,3136086,1786523912341,3136099,1786523912354,,1786523912318.0,29.0,2026-08-12T08:38:33.385157Z,101.0,,,oasis/bottle,,0.0,,,,,
,,,,,,,,,,,,,,,13.0,,,,,,,,,1.0,,,0.0,,,,,0.0,,,,,0.0,,,,,,,,,,,local.mqtt.telegraf,32.0,,35.23,,,,,,periodic,,23.0,,,,,6.0,5,08a6f76bd428,,,108992.0,43104.0,,7.0,532.0,,,,,,,,,,,,,533.0,,,,,08a6f76bd428-533,,,0.0,,,,,,,272.0,533.0,08:A6:F7:6B:D4:28,,,,,,20021.0,34.0,31.0,30.0,30.0,1.0,,,1.0,30.0,1075.0,33.0,2.0,,,,3137166,1786523913421,3137179,1786523913434,,1786523913398.0,29.0,2026-08-12T08:38:34.4547356Z,101.0,,,oasis/bottle,,0.0,,,,,
,,,,,,,,,,,,,,,13.0,,,,,,,,,1.0,,,0.0,,,,,0.0,,,,,0.0,,,,,,,,,,,local.mqtt.telegraf,32.0,,35.89,,,,,,periodic,,22.0,,,,,5.0,5,08a6f76bd428,,,86704.0,43104.0,,9.0,533.0,,,,,,,,,,,,,534.0,,,,,08a6f76bd428-534,,,0.0,,,,,,,272.0,534.0,08:A6:F7:6B:D4:28,,,,,,1311.0,35.0,31.0,29.0,29.0,2.0,,,0.0,29.0,384.0,31.0,3.0,,,,3138725,1786523914980,3138738,1786523914993,,1786523914958.0,29.0,2026-08-12T08:38:36.0204682Z,103.0,,,oasis/bottle,,0.0,,,,,
,,,,,,,,,,,,,,,13.0,,,,,,,,,1.0,,,0.0,,,,,0.0,,,,,0.0,,,,,,,,,,,local.mqtt.telegraf,32.0,,36.34,,,,,,periodic,,24.0,,,,,6.0,5,08a6f76bd428,,,77040.0,43104.0,,6.0,534.0,,,,,,,,,,,,,535.0,,,,,08a6f76bd428-535,,,0.0,,,,,,,272.0,535.0,08:A6:F7:6B:D4:28,,,,,,2631.0,35.0,31.0,29.0,29.0,2.0,,,0.0,29.0,384.0,31.0,3.0,,,,3140046,1786523916301,3140059,1786523916314,,1786523916277.0,29.0,2026-08-12T08:38:37.3366624Z,103.0,,,oasis/bottle,,0.0,,,,,
,,,,,,,,,,,,,,,13.0,,,,,,,,,1.0,,,0.0,,,,,0.0,,,,,0.0,,,,,,,,,,,local.mqtt.telegraf,32.0,,37.04,,,,,,periodic,,24.0,,,,,6.0,5,08a6f76bd428,,,66720.0,43104.0,,6.0,535.0,,,,,,,,,,,,,536.0,,,,,08a6f76bd428-536,,,0.0,,,,,,,272.0,536.0,08:A6:F7:6B:D4:28,,,,,,4061.0,35.0,31.0,29.0,29.0,2.0,,,0.0,29.0,384.0,31.0,3.0,,,,3141476,1786523917731,3141489,1786523917744,,1786523917707.0,29.0,2026-08-12T08:38:38.770639Z,103.0,,,oasis/bottle,,0.0,,,,,
,,,,,,,,,,,,,,,21.0,,,,,,,,,1.0,,,0.0,,,,,0.0,,,,,0.0,,,,,,,,,,,local.mqtt.telegraf,32.0,,37.38,,,,,,periodic,,23.0,,,,,5.0,5,08a6f76bd428,,,58992.0,43104.0,,6.0,536.0,,,,,,,,,,,,,537.0,,,,,08a6f76bd428-537,,,0.0,,,,,,,273.0,537.0,08:A6:F7:6B:D4:28,,,,,,5121.0,35.0,31.0,29.0,29.0,2.0,,,0.0,29.0,384.0,31.0,3.0,,,,3142536,1786523918791,3142557,1786523918812,,1786523918768.0,29.0,2026-08-12T08:38:39.837631Z,103.0,,,oasis/bottle,,0.0,,,,,
,,,,,,,,,,,,,,,13.0,,,,,,,,,1.0,,,0.0,,,,,0.0,,,,,0.0,,,,,,,,,,,local.mqtt.telegraf,32.0,,37.69,,,,,,periodic,,24.0,,,,,6.0,5,08a6f76bd428,,,48000.0,43104.0,,5.0,537.0,,,,,,,,,,,,,538.0,,,,,08a6f76bd428-538,,,0.0,,,,,,,272.0,538.0,08:A6:F7:6B:D4:28,,,,,,6641.0,35.0,31.0,29.0,29.0,2.0,,,0.0,29.0,384.0,31.0,3.0,,,,3144056,1786523920311,3144069,1786523920324,,1786523920287.0,29.0,2026-08-12T08:38:41.3635125Z,103.0,,,oasis/bottle,,0.0,,,,,
,,,,,,,,,,,,,,,13.0,,,,,,,,,1.0,,,0.0,,,,,0.0,,,,,0.0,,,,,,,,,,,local.mqtt.telegraf,32.0,,37.84,,,,,,periodic,,24.0,,,,,6.0,5,08a6f76bd428,,,118784.0,43104.0,,6.0,538.0,,,,,,,,,,,,,539.0,,,,,08a6f76bd428-539,,,0.0,,,,,,,272.0,539.0,08:A6:F7:6B:D4:28,,,,,,7881.0,35.0,31.0,29.0,29.0,2.0,,,0.0,29.0,384.0,31.0,3.0,,,,3145296,1786523921551,3145309,1786523921564,,1786523921527.0,29.0,2026-08-12T08:38:42.581318Z,103.0,,,oasis/bottle,,0.0,,,,,
,,,,,,,,,,,,,,,13.0,,,,,,,,,1.0,,,0.0,,,,,0.0,,,,,0.0,,,,,,,,,,,local.mqtt.telegraf,32.0,,37.84,,,,,,periodic,,24.0,,,,,6.0,5,08a6f76bd428,,,109776.0,43104.0,,6.0,539.0,,,,,,,,,,,,,540.0,,,,,08a6f76bd428-540,,,0.0,,,,,,,272.0,540.0,08:A6:F7:6B:D4:28,,,,,,9151.0,35.0,31.0,29.0,29.0,2.0,,,0.0,29.0,384.0,31.0,3.0,,,,3146566,1786523922821,3146579,1786523922834,,1786523922797.0,29.0,2026-08-12T08:38:43.8524871Z,103.0,,,oasis/bottle,,0.0,,,,,
,,,,,,,,,,,,,,,13.0,,,,,,,,,1.0,,,0.0,,,,,0.0,,,,,0.0,,,,,,,,,,,local.mqtt.telegraf,32.0,,37.9,,,,,,periodic,,23.0,,,,,5.0,5,08a6f76bd428,,,99280.0,43104.0,,7.0,540.0,,,,,,,,,,,,,541.0,,,,,08a6f76bd428-541,,,0.0,,,,,,,272.0,541.0,08:A6:F7:6B:D4:28,,,,,,10541.0,35.0,31.0,29.0,29.0,2.0,,,0.0,29.0,384.0,31.0,3.0,,,,3147956,1786523924211,3147969,1786523924224,,1786523924188.0,29.0,2026-08-12T08:38:45.2524185Z,103.0,,,oasis/bottle,,0.0,,,,,
,,,,,,,,,,,,,,,13.0,,,,,,,,,1.0,,,0.0,,,,,0.0,,,,,0.0,,,,,,,,,,,local.mqtt.telegraf,32.0,,38.02,,,,,,periodic,,24.0,,,,,6.0,5,08a6f76bd428,,,88304.0,43104.0,,6.0,541.0,,,,,,,,,,,,,542.0,,,,,08a6f76bd428-542,,,0.0,,,,,,,272.0,542.0,08:A6:F7:6B:D4:28,,,,,,12071.0,35.0,31.0,29.0,29.0,2.0,,,0.0,29.0,384.0,31.0,3.0,,,,3149486,1786523925741,3149499,1786523925754,,1786523925717.0,29.0,2026-08-12T08:38:46.7713678Z,103.0,,,oasis/bottle,,0.0,,,,,
,,,,,,,,,,,,,,,13.0,,,,,,,,,1.0,,,0.0,,,,,0.0,,,,,0.0,,,,,,,,,,,local.mqtt.telegraf,32.0,,37.85,,,,,,periodic,,24.0,,,,,6.0,5,08a6f76bd428,,,79296.0,43104.0,,6.0,542.0,,,,,,,,,,,,,543.0,,,,,08a6f76bd428-543,,,0.0,,,,,,,272.0,543.0,08:A6:F7:6B:D4:28,,,,,,13331.0,35.0,31.0,29.0,29.0,2.0,,,0.0,29.0,384.0,31.0,3.0,,,,3150746,1786523927001,3150759,1786523927014,,1786523926977.0,29.0,2026-08-12T08:38:48.032909Z,103.0,,,oasis/bottle,,0.0,,,,,
,,,,,,,,,,,,,,,13.0,,,,,,,,,1.0,,,0.0,,,,,0.0,,,,,0.0,,,,,,,,,,,local.mqtt.telegraf,32.0,,37.89,,,,,,periodic,,24.0,,,,,6.0,5,08a6f76bd428,,,69632.0,43104.0,,6.0,543.0,,,,,,,,,,,,,544.0,,,,,08a6f76bd428-544,,,0.0,,,,,,,272.0,544.0,08:A6:F7:6B:D4:28,,,,,,14641.0,35.0,31.0,29.0,29.0,2.0,,,0.0,29.0,384.0,31.0,3.0,,,,3152056,1786523928311,3152069,1786523928324,,1786523928287.0,29.0,2026-08-12T08:38:49.3500686Z,103.0,,,oasis/bottle,,0.0,,,,,
,,,,,,,,,,,,,,,13.0,,,,,,,,,1.0,,,0.0,,,,,0.0,,,,,0.0,,,,,,,,,,,local.mqtt.telegraf,32.0,,37.84,,,,,,periodic,,24.0,,,,,6.0,5,08a6f76bd428,,,59312.0,43104.0,,6.0,544.0,,,,,,,,,,,,,545.0,,,,,08a6f76bd428-545,,,0.0,,,,,,,272.0,545.0,08:A6:F7:6B:D4:28,,,,,,16061.0,35.0,31.0,29.0,29.0,2.0,,,0.0,29.0,384.0,31.0,3.0,,,,3153476,1786523929731,3153489,1786523929744,,1786523929707.0,29.0,2026-08-12T08:38:50.7711284Z,103.0,,,oasis/bottle,,0.0,,,,,
,,,,,,,,,,,,,,,13.0,,,,,,,,,1.0,,,0.0,,,,,0.0,,,,,0.0,,,,,,,,,,,local.mqtt.telegraf,32.0,,37.92,,,,,,periodic,,24.0,,,,,6.0,5,08a6f76bd428,,,51616.0,43104.0,,6.0,545.0,,,,,,,,,,,,,546.0,,,,,08a6f76bd428-546,,,0.0,,,,,,,272.0,546.0,08:A6:F7:6B:D4:28,,,,,,17101.0,35.0,31.0,29.0,29.0,2.0,,,0.0,29.0,384.0,31.0,3.0,,,,3154516,1786523930771,3154529,1786523930784,,1786523930747.0,29.0,2026-08-12T08:38:51.8061357Z,103.0,,,oasis/bottle,,0.0,,,,,
,,,,,,,,,,,,,,,13.0,,,,,,,,,1.0,,,0.0,,,,,0.0,,,,,0.0,,,,,,,,,,,local.mqtt.telegraf,32.0,,38.05,,,,,,periodic,,24.0,,,,,6.0,5,08a6f76bd428,,,121184.0,43104.0,,6.0,546.0,,,,,,,,,,,,,547.0,,,,,08a6f76bd428-547,,,0.0,,,,,,,272.0,547.0,08:A6:F7:6B:D4:28,,,,,,18581.0,35.0,31.0,29.0,29.0,2.0,,,0.0,29.0,384.0,31.0,3.0,,,,3155996,1786523932251,3156009,1786523932264,,1786523932227.0,29.0,2026-08-12T08:38:53.2870885Z,103.0,,,oasis/bottle,,0.0,,,,,
,,,,,,,,,,,,,,,13.0,,,,,,,,,1.0,,,0.0,,,,,0.0,,,,,0.0,,,,,,,,,,,local.mqtt.telegraf,32.0,,38.04,,,,,,periodic,,24.0,,,,,6.0,5,08a6f76bd428,,,112832.0,43104.0,,6.0,547.0,,,,,,,,,,,,,548.0,,,,,08a6f76bd428-548,,,0.0,,,,,,,272.0,548.0,08:A6:F7:6B:D4:28,,,,,,19741.0,35.0,31.0,29.0,29.0,2.0,,,0.0,29.0,384.0,31.0,3.0,,,,3157156,1786523933411,3157169,1786523933424,,1786523933387.0,29.0,2026-08-12T08:38:54.4519395Z,103.0,,,oasis/bottle,,0.0,,,,,
,,,,,,,,,,,,,,,13.0,,,,,,,,,1.0,,,0.0,,,,,0.0,,,,,0.0,,,,,,,,,,,local.mqtt.telegraf,32.0,,38.04,,,,,,periodic,,21.0,,,,,5.0,5,08a6f76bd428,,,91856.0,43104.0,,6.0,548.0,,,,,,,,,,,,,549.0,,,,,08a6f76bd428-549,,,0.0,,,,,,,273.0,549.0,08:A6:F7:6B:D4:28,,,,,,512.0,36.0,32.0,30.0,30.0,2.0,,,0.0,29.0,415.0,33.0,3.0,,,,3158525,1786523934780,3158538,1786523934793,,1786523934759.0,29.0,2026-08-12T08:38:55.821178Z,107.0,,,oasis/bottle,,0.0,,,,,
,,,,,,,,,,,,,,,13.0,,,,,,,,,1.0,,,0.0,,,,,0.0,,,,,0.0,,,,,,,,,,,local.mqtt.telegraf,32.0,,37.9,,,,,,periodic,,23.0,,,,,5.0,5,08a6f76bd428,,,82816.0,43104.0,,5.0,549.0,,,,,,,,,,,,,550.0,,,,,08a6f76bd428-550,,,0.0,,,,,,,273.0,550.0,08:A6:F7:6B:D4:28,,,,,,1791.0,36.0,32.0,30.0,30.0,2.0,,,0.0,29.0,415.0,33.0,3.0,,,,3159806,1786523936061,3159819,1786523936074,,1786523936038.0,29.0,2026-08-12T08:38:57.0994693Z,107.0,,,oasis/bottle,,0.0,,,,,
,,,,,,,,,,,,,,,13.0,,,,,,,,,1.0,,,0.0,,,,,0.0,,,,,0.0,,,,,,,,,,,local.mqtt.telegraf,32.0,,37.94,,,,,,periodic,,24.0,,,,,6.0,5,08a6f76bd428,,,73136.0,43104.0,,5.0,550.0,,,,,,,,,,,,,551.0,,,,,08a6f76bd428-551,,,0.0,,,,,,,272.0,551.0,08:A6:F7:6B:D4:28,,,,,,3151.0,36.0,32.0,30.0,30.0,2.0,,,0.0,29.0,415.0,33.0,3.0,,,,3161166,1786523937421,3161179,1786523937434,,1786523937397.0,29.0,2026-08-12T08:38:58.449261Z,107.0,,,oasis/bottle,,0.0,,,,,
,,,,,,,,,,,,,,,13.0,,,,,,,,,1.0,,,0.0,,,,,0.0,,,,,0.0,,,,,,,,,,,local.mqtt.telegraf,32.0,,37.93,,,,,,periodic,,24.0,,,,,6.0,5,08a6f76bd428,,,62160.0,43104.0,,6.0,551.0,,,,,,,,,,,,,552.0,,,,,08a6f76bd428-552,,,0.0,,,,,,,272.0,552.0,08:A6:F7:6B:D4:28,,,,,,4671.0,36.0,32.0,30.0,30.0,2.0,,,0.0,29.0,415.0,33.0,3.0,,,,3162686,1786523938941,3162699,1786523938954,,1786523938917.0,29.0,2026-08-12T08:38:59.9688003Z,107.0,,,oasis/bottle,,0.0,,,,,
,,,,,,,,,,,,,,,13.0,,,,,,,,,1.0,,,0.0,,,,,0.0,,,,,0.0,,,,,,,,,,,local.mqtt.telegraf,32.0,,37.96,,,,,,periodic,,24.0,,,,,6.0,5,08a6f76bd428,,,53152.0,43104.0,,6.0,552.0,,,,,,,,,,,,,553.0,,,,,08a6f76bd428-553,,,0.0,,,,,,,272.0,553.0,08:A6:F7:6B:D4:28,,,,,,5911.0,36.0,32.0,30.0,30.0,2.0,,,0.0,29.0,415.0,33.0,3.0,,,,3163926,1786523940181,3163939,1786523940194,,1786523940157.0,29.0,2026-08-12T08:39:01.3225093Z,107.0,,,oasis/bottle,,0.0,,,,,
,,,,,,,,,,,,,,,13.0,,,,,,,,,1.0,,,0.0,,,,,0.0,,,,,0.0,,,,,,,,,,,local.mqtt.telegraf,32.0,,37.9,,,,,,periodic,,25.0,,,,,12.0,5,08a6f76bd428,,,44144.0,43104.0,,6.0,553.0,,,,,,,,,,,,,554.0,,,,,08a6f76bd428-554,,,0.0,,,,,,,272.0,554.0,08:A6:F7:6B:D4:28,,,,,,7181.0,36.0,32.0,30.0,30.0,2.0,,,0.0,29.0,415.0,33.0,3.0,,,,3165197,1786523941452,3165210,1786523941465,,1786523941427.0,29.0,2026-08-12T08:39:02.6480684Z,107.0,,,oasis/bottle,,0.0,,,,,
,,,,,,,,,,,,,,,13.0,,,,,,,,,1.0,,,0.0,,,,,0.0,,,,,0.0,,,,,,,,,,,local.mqtt.telegraf,32.0,,37.89,,,,,,periodic,,24.0,,,,,6.0,5,08a6f76bd428,,,113168.0,43104.0,,6.0,554.0,,,,,,,,,,,,,555.0,,,,,08a6f76bd428-555,,,0.0,,,,,,,272.0,555.0,08:A6:F7:6B:D4:28,,,,,,8531.0,36.0,32.0,30.0,30.0,2.0,,,0.0,29.0,415.0,33.0,3.0,,,,3166546,1786523942801,3166559,1786523942814,,1786523942777.0,29.0,2026-08-12T08:39:03.8993468Z,107.0,,,oasis/bottle,,0.0,,,,,
,,,,,,,,,,,,,,,13.0,,,,,,,,,1.0,,,0.0,,,,,0.0,,,,,0.0,,,,,,,,,,,local.mqtt.telegraf,32.0,,37.75,,,,,,periodic,,24.0,,,,,6.0,5,08a6f76bd428,,,102848.0,43104.0,,6.0,555.0,,,,,,,,,,,,,556.0,,,,,08a6f76bd428-556,,,0.0,,,,,,,272.0,556.0,08:A6:F7:6B:D4:28,,,,,,10021.0,36.0,32.0,30.0,30.0,2.0,,,0.0,29.0,415.0,33.0,3.0,,,,3168036,1786523944291,3168049,1786523944304,,1786523944267.0,29.0,2026-08-12T08:39:05.320715Z,107.0,,,oasis/bottle,,0.0,,,,,
,,,,,,,,,,,,,,,13.0,,,,,,,,,1.0,,,0.0,,,,,0.0,,,,,0.0,,,,,,,,,,,local.mqtt.telegraf,32.0,,37.85,,,,,,periodic,,20.0,,,,,5.0,5,08a6f76bd428,,,93840.0,43104.0,,7.0,556.0,,,,,,,,,,,,,557.0,,,,,08a6f76bd428-557,,,0.0,,,,,,,273.0,557.0,08:A6:F7:6B:D4:28,,,,,,11194.0,36.0,32.0,30.0,30.0,2.0,,,0.0,29.0,415.0,33.0,3.0,,,,3169206,1786523945461,3169219,1786523945474,,1786523945441.0,29.0,2026-08-12T08:39:06.5022982Z,107.0,,,oasis/bottle,,0.0,,,,,
,,,,,,,,,,,,,,,13.0,,,,,,,,,1.0,,,0.0,,,,,0.0,,,,,0.0,,,,,,,,,,,local.mqtt.telegraf,32.0,,37.82,,,,,,periodic,,24.0,,,,,6.0,5,08a6f76bd428,,,85488.0,43104.0,,6.0,557.0,,,,,,,,,,,,,558.0,,,,,08a6f76bd428-558,,,0.0,,,,,,,272.0,558.0,08:A6:F7:6B:D4:28,,,,,,12341.0,36.0,32.0,30.0,30.0,2.0,,,0.0,29.0,415.0,33.0,3.0,,,,3170356,1786523946611,3170369,1786523946624,,1786523946587.0,29.0,2026-08-12T08:39:07.6531666Z,107.0,,,oasis/bottle,,0.0,,,,,
,,,,,,,,,,,,,,,13.0,,,,,,,,,1.0,,,0.0,,,,,0.0,,,,,0.0,,,,,,,,,,,local.mqtt.telegraf,32.0,,37.79,,,,,,periodic,,24.0,,,,,6.0,5,08a6f76bd428,,,77136.0,43104.0,,6.0,558.0,,,,,,,,,,,,,559.0,,,,,08a6f76bd428-559,,,0.0,,,,,,,272.0,559.0,08:A6:F7:6B:D4:28,,,,,,13431.0,36.0,32.0,30.0,30.0,2.0,,,0.0,29.0,415.0,33.0,3.0,,,,3171446,1786523947701,3171459,1786523947714,,1786523947677.0,29.0,2026-08-12T08:39:08.7330798Z,107.0,,,oasis/bottle,,0.0,,,,,
,,,,,,,,,,,,,,,13.0,,,,,,,,,1.0,,,0.0,,,,,0.0,,,,,0.0,,,,,,,,,,,local.mqtt.telegraf,32.0,,37.73,,,,,,periodic,,24.0,,,,,6.0,5,08a6f76bd428,,,66160.0,43104.0,,6.0,559.0,,,,,,,,,,,,,560.0,,,,,08a6f76bd428-560,,,0.0,,,,,,,272.0,560.0,08:A6:F7:6B:D4:28,,,,,,15011.0,36.0,32.0,30.0,30.0,2.0,,,0.0,29.0,415.0,33.0,3.0,,,,3173026,1786523949281,3173039,1786523949294,,1786523949257.0,29.0,2026-08-12T08:39:10.3143552Z,107.0,,,oasis/bottle,,0.0,,,,,
,,,,,,,,,,,,,,,13.0,,,,,,,,,1.0,,,0.0,,,,,0.0,,,,,0.0,,,,,,,,,,,local.mqtt.telegraf,32.0,,37.69,,,,,,periodic,,24.0,,,,,6.0,5,08a6f76bd428,,,56496.0,43104.0,,6.0,560.0,,,,,,,,,,,,,561.0,,,,,08a6f76bd428-561,,,0.0,,,,,,,272.0,561.0,08:A6:F7:6B:D4:28,,,,,,16371.0,36.0,32.0,30.0,30.0,2.0,,,0.0,29.0,415.0,33.0,3.0,,,,3174386,1786523950641,3174399,1786523950654,,1786523950617.0,29.0,2026-08-12T08:39:11.6678245Z,107.0,,,oasis/bottle,,0.0,,,,,
,,,,,,,,,,,,,,,22.0,,,,,,,,,1.0,,,0.0,,,,,0.0,,,,,0.0,,,,,,,,,,,local.mqtt.telegraf,32.0,,37.79,,,,,,periodic,,24.0,,,,,6.0,5,08a6f76bd428,,,45520.0,43104.0,,6.0,561.0,,,,,,,,,,,,,562.0,,,,,08a6f76bd428-562,,,0.0,,,,,,,272.0,562.0,08:A6:F7:6B:D4:28,,,,,,17891.0,36.0,32.0,30.0,30.0,2.0,,,0.0,29.0,415.0,33.0,3.0,,,,3175906,1786523952161,3175928,1786523952183,,1786523952137.0,29.0,2026-08-12T08:39:13.20019Z,107.0,,,oasis/bottle,,0.0,,,,,
,,,,,,,,,,,,,,,13.0,,,,,,,,,1.0,,,0.0,,,,,0.0,,,,,0.0,,,,,,,,,,,local.mqtt.telegraf,32.0,,37.74,,,,,,periodic,,24.0,,,,,6.0,5,08a6f76bd428,,,114816.0,43104.0,,5.0,562.0,,,,,,,,,,,,,563.0,,,,,08a6f76bd428-563,,,0.0,,,,,,,272.0,563.0,08:A6:F7:6B:D4:28,,,,,,19131.0,36.0,32.0,30.0,30.0,2.0,,,0.0,29.0,415.0,33.0,3.0,,,,3177146,1786523953401,3177159,1786523953414,,1786523953377.0,29.0,2026-08-12T08:39:14.4345998Z,107.0,,,oasis/bottle,,0.0,,,,,
,,,,,,,,,,,,,,,13.0,,,,,,,,,1.0,,,0.0,,,,,0.0,,,,,0.0,,,,,,,,,,,local.mqtt.telegraf,32.0,,37.78,,,,,,periodic,,24.0,,,,,6.0,5,08a6f76bd428,,,105808.0,43104.0,,6.0,563.0,,,,,,,,,,,,,564.0,,,,,08a6f76bd428-564,,,0.0,,,,,,,272.0,564.0,08:A6:F7:6B:D4:28,,,,,,20401.0,36.0,32.0,30.0,30.0,2.0,,,0.0,29.0,415.0,33.0,3.0,,,,3178416,1786523954671,3178429,1786523954684,,1786523954647.0,29.0,2026-08-12T08:39:15.7142168Z,107.0,,,oasis/bottle,,0.0,,,,,
,,,,,,,,,,,,,,,13.0,,,,,,,,,1.0,,,0.0,,,,,0.0,,,,,0.0,,,,,,,,,,,local.mqtt.telegraf,32.0,,37.81,,,,,,periodic,,22.0,,,,,6.0,5,08a6f76bd428,,,85440.0,43104.0,,6.0,564.0,,,,,,,,,,,,,565.0,,,,,08a6f76bd428-565,,,0.0,,,,,,,272.0,565.0,08:A6:F7:6B:D4:28,,,,,,1101.0,37.0,49.0,31.0,31.0,18.0,,,0.0,29.0,404.0,33.0,3.0,,,,3179755,1786523956010,3179768,1786523956023,,1786523955988.0,29.0,2026-08-12T08:39:17.049807Z,110.0,,,oasis/bottle,,0.0,,,,,
,,,,,,,,,,,,,,,13.0,,,,,,,,,1.0,,,0.0,,,,,0.0,,,,,0.0,,,,,,,,,,,local.mqtt.telegraf,32.0,,37.82,,,,,,periodic,,23.0,,,,,6.0,5,08a6f76bd428,,,75120.0,43104.0,,7.0,565.0,,,,,,,,,,,,,566.0,,,,,08a6f76bd428-566,,,0.0,,,,,,,272.0,566.0,08:A6:F7:6B:D4:28,,,,,,2581.0,37.0,49.0,31.0,31.0,18.0,,,0.0,29.0,404.0,33.0,3.0,,,,3181236,1786523957491,3181249,1786523957504,,1786523957468.0,29.0,2026-08-12T08:39:18.5328758Z,110.0,,,oasis/bottle,,0.0,,,,,
,,,,,,,,,,,,,,,13.0,,,,,,,,,1.0,,,0.0,,,,,0.0,,,,,0.0,,,,,,,,,,,local.mqtt.telegraf,32.0,,37.86,,,,,,periodic,,23.0,,,,,6.0,5,08a6f76bd428,,,66768.0,43104.0,,6.0,566.0,,,,,,,,,,,,,567.0,,,,,08a6f76bd428-567,,,0.0,,,,,,,272.0,567.0,08:A6:F7:6B:D4:28,,,,,,3731.0,37.0,49.0,31.0,31.0,18.0,,,0.0,29.0,404.0,33.0,3.0,,,,3182386,1786523958641,3182399,1786523958654,,1786523958618.0,29.0,2026-08-12T08:39:19.6822775Z,110.0,,,oasis/bottle,,0.0,,,,,
,,,,,,,,,,,,,,,13.0,,,,,,,,,1.0,,,0.0,,,,,0.0,,,,,0.0,,,,,,,,,,,local.mqtt.telegraf,32.0,,37.92,,,,,,periodic,,23.0,,,,,6.0,5,08a6f76bd428,,,58416.0,43104.0,,6.0,567.0,,,,,,,,,,,,,568.0,,,,,08a6f76bd428-568,,,0.0,,,,,,,272.0,568.0,08:A6:F7:6B:D4:28,,,,,,4831.0,37.0,49.0,31.0,31.0,18.0,,,0.0,29.0,404.0,33.0,3.0,,,,3183486,1786523959741,3183499,1786523959754,,1786523959718.0,29.0,2026-08-12T08:39:20.7701016Z,110.0,,,oasis/bottle,,0.0,,,,,
,,,,,,,,,,,,,,,13.0,,,,,,,,,1.0,,,0.0,,,,,0.0,,,,,0.0,,,,,,,,,,,local.mqtt.telegraf,32.0,,37.89,,,,,,periodic,,23.0,,,,,6.0,5,08a6f76bd428,,,50720.0,43104.0,,6.0,568.0,,,,,,,,,,,,,569.0,,,,,08a6f76bd428-569,,,0.0,,,,,,,272.0,569.0,08:A6:F7:6B:D4:28,,,,,,5831.0,37.0,49.0,31.0,31.0,18.0,,,0.0,29.0,404.0,33.0,3.0,,,,3184486,1786523960741,3184499,1786523960754,,1786523960718.0,29.0,2026-08-12T08:39:21.7688172Z,110.0,,,oasis/bottle,,0.0,,,,,
,,,,,,,,,,,,,,,13.0,,,,,,,,,1.0,,,0.0,,,,,0.0,,,,,0.0,,,,,,,,,,,local.mqtt.telegraf,32.0,,37.82,,,,,,periodic,,23.0,,,,,6.0,5,08a6f76bd428,,,120544.0,43104.0,,6.0,569.0,,,,,,,,,,,,,570.0,,,,,08a6f76bd428-570,,,0.0,,,,,,,272.0,570.0,08:A6:F7:6B:D4:28,,,,,,7231.0,37.0,49.0,31.0,31.0,18.0,,,0.0,29.0,404.0,33.0,3.0,,,,3185886,1786523962141,3185899,1786523962154,,1786523962118.0,29.0,2026-08-12T08:39:23.1860154Z,110.0,,,oasis/bottle,,0.0,,,,,
,,,,,,,,,,,,,,,13.0,,,,,,,,,1.0,,,0.0,,,,,0.0,,,,,0.0,,,,,,,,,,,local.mqtt.telegraf,32.0,,37.96,,,,,,periodic,,23.0,,,,,6.0,5,08a6f76bd428,,,112016.0,43104.0,,8.0,570.0,,,,,,,,,,,,,571.0,,,,,08a6f76bd428-571,,,0.0,,,,,,,272.0,571.0,08:A6:F7:6B:D4:28,,,,,,8271.0,37.0,49.0,31.0,31.0,18.0,,,0.0,29.0,404.0,33.0,3.0,,,,3186926,1786523963181,3186939,1786523963194,,1786523963158.0,29.0,2026-08-12T08:39:24.2163986Z,110.0,,,oasis/bottle,,0.0,,,,,
,,,,,,,,,,,,,,,13.0,,,,,,,,,1.0,,,0.0,,,,,0.0,,,,,0.0,,,,,,,,,,,local.mqtt.telegraf,32.0,,37.96,,,,,,periodic,,23.0,,,,,6.0,5,08a6f76bd428,,,101696.0,43104.0,,6.0,571.0,,,,,,,,,,,,,572.0,,,,,08a6f76bd428-572,,,0.0,,,,,,,272.0,572.0,08:A6:F7:6B:D4:28,,,,,,9701.0,37.0,49.0,31.0,31.0,18.0,,,0.0,29.0,404.0,33.0,3.0,,,,3188356,1786523964611,3188369,1786523964624,,1786523964588.0,29.0,2026-08-12T08:39:25.6499534Z,110.0,,,oasis/bottle,,0.0,,,,,
,,,,,,,,,,,,,,,13.0,,,,,,,,,1.0,,,0.0,,,,,0.0,,,,,0.0,,,,,,,,,,,local.mqtt.telegraf,32.0,,37.98,,,,,,periodic,,22.0,,,,,5.0,5,08a6f76bd428,,,93968.0,43104.0,,6.0,572.0,,,,,,,,,,,,,573.0,,,,,08a6f76bd428-573,,,0.0,,,,,,,273.0,573.0,08:A6:F7:6B:D4:28,,,,,,10761.0,37.0,49.0,31.0,31.0,18.0,,,0.0,29.0,404.0,33.0,3.0,,,,3189416,1786523965671,3189429,1786523965684,,1786523965649.0,29.0,2026-08-12T08:39:26.6995521Z,110.0,,,oasis/bottle,,0.0,,,,,
,,,,,,,,,,,,,,,13.0,,,,,,,,,1.0,,,0.0,,,,,0.0,,,,,0.0,,,,,,,,,,,local.mqtt.telegraf,32.0,,38.04,,,,,,periodic,,23.0,,,,,6.0,5,08a6f76bd428,,,82976.0,43104.0,,5.0,573.0,,,,,,,,,,,,,574.0,,,,,08a6f76bd428-574,,,0.0,,,,,,,272.0,574.0,08:A6:F7:6B:D4:28,,,,,,12281.0,37.0,49.0,31.0,31.0,18.0,,,0.0,29.0,404.0,33.0,3.0,,,,3190936,1786523967191,3190949,1786523967204,,1786523967168.0,29.0,2026-08-12T08:39:28.2345271Z,110.0,,,oasis/bottle,,0.0,,,,,
,,,,,,,,,,,,,,,13.0,,,,,,,,,1.0,,,0.0,,,,,0.0,,,,,0.0,,,,,,,,,,,local.mqtt.telegraf,32.0,,38.08,,,,,,periodic,,23.0,,,,,6.0,5,08a6f76bd428,,,73968.0,43104.0,,9.0,574.0,,,,,,,,,,,,,575.0,,,,,08a6f76bd428-575,,,0.0,,,,,,,272.0,575.0,08:A6:F7:6B:D4:28,,,,,,13521.0,37.0,49.0,31.0,31.0,18.0,,,0.0,29.0,404.0,33.0,3.0,,,,3192176,1786523968431,3192189,1786523968444,,1786523968408.0,29.0,2026-08-12T08:39:29.4673021Z,110.0,,,oasis/bottle,,0.0,,,,,
,,,,,,,,,,,,,,,13.0,,,,,,,,,1.0,,,0.0,,,,,0.0,,,,,0.0,,,,,,,,,,,local.mqtt.telegraf,32.0,,38.04,,,,,,periodic,,23.0,,,,,6.0,5,08a6f76bd428,,,64960.0,43104.0,,6.0,575.0,,,,,,,,,,,,,576.0,,,,,08a6f76bd428-576,,,0.0,,,,,,,272.0,576.0,08:A6:F7:6B:D4:28,,,,,,14801.0,37.0,49.0,31.0,31.0,18.0,,,0.0,29.0,404.0,33.0,3.0,,,,3193456,1786523969711,3193469,1786523969724,,1786523969688.0,29.0,2026-08-12T08:39:30.7476033Z,110.0,,,oasis/bottle,,0.0,,,,,
,,,,,,,,,,,,,,,13.0,,,,,,,,,1.0,,,0.0,,,,,0.0,,,,,0.0,,,,,,,,,,,local.mqtt.telegraf,32.0,,38.05,,,,,,periodic,,23.0,,,,,6.0,5,08a6f76bd428,,,55296.0,43104.0,,6.0,576.0,,,,,,,,,,,,,577.0,,,,,08a6f76bd428-577,,,0.0,,,,,,,272.0,577.0,08:A6:F7:6B:D4:28,,,,,,16151.0,37.0,49.0,31.0,31.0,18.0,,,0.0,29.0,404.0,33.0,3.0,,,,3194806,1786523971061,3194819,1786523971074,,1786523971038.0,29.0,2026-08-12T08:39:32.1001532Z,110.0,,,oasis/bottle,,0.0,,,,,
,,,,,,,,,,,,,,,13.0,,,,,,,,,1.0,,,0.0,,,,,0.0,,,,,0.0,,,,,,,,,,,local.mqtt.telegraf,32.0,,38.04,,,,,,periodic,,22.0,,,,,5.0,5,08a6f76bd428,,,44944.0,43104.0,,7.0,577.0,,,,,,,,,,,,,578.0,,,,,08a6f76bd428-578,,,0.0,,,,,,,273.0,578.0,08:A6:F7:6B:D4:28,,,,,,17651.0,37.0,49.0,31.0,31.0,18.0,,,0.0,29.0,404.0,33.0,3.0,,,,3196306,1786523972561,3196319,1786523972574,,1786523972539.0,29.0,2026-08-12T08:39:33.6011852Z,110.0,,,oasis/bottle,,0.0,,,,,
,,,,,,,,,,,,,,,13.0,,,,,,,,,1.0,,,0.0,,,,,0.0,,,,,0.0,,,,,,,,,,,local.mqtt.telegraf,32.0,,38.01,,,,,,periodic,,23.0,,,,,6.0,5,08a6f76bd428,,,115024.0,43104.0,,6.0,578.0,,,,,,,,,,,,,579.0,,,,,08a6f76bd428-579,,,0.0,,,,,,,272.0,579.0,08:A6:F7:6B:D4:28,,,,,,18861.0,37.0,49.0,31.0,31.0,18.0,,,0.0,29.0,404.0,33.0,3.0,,,,3197516,1786523973771,3197529,1786523973784,,1786523973748.0,29.0,2026-08-12T08:39:34.8300309Z,110.0,,,oasis/bottle,,0.0,,,,,
,,,,,,,,,,,,,,,13.0,,,,,,,,,1.0,,,0.0,,,,,0.0,,,,,0.0,,,,,,,,,,,local.mqtt.telegraf,32.0,,38.02,,,,,,periodic,,23.0,,,,,6.0,5,08a6f76bd428,,,106016.0,43104.0,,6.0,579.0,,,,,,,,,,,,,580.0,,,,,08a6f76bd428-580,,,0.0,,,,,,,272.0,580.0,08:A6:F7:6B:D4:28,,,,,,20071.0,37.0,49.0,31.0,31.0,18.0,,,0.0,29.0,404.0,33.0,3.0,,,,3198726,1786523974981,3198739,1786523974994,,1786523974958.0,29.0,2026-08-12T08:39:36.0162054Z,110.0,,,oasis/bottle,,0.0,,,,,
,,,,,,,,,,,,,,,12.0,,,,,,,,,1.0,,,0.0,,,,,0.0,,,,,0.0,,,,,,,,,,,local.mqtt.telegraf,32.0,,38.13,,,,,,periodic,,24.0,,,,,6.0,5,08a6f76bd428,,,86352.0,43104.0,,9.0,580.0,,,,,,,,,,,,,581.0,,,,,08a6f76bd428-581,,,0.0,,,,,,,272.0,581.0,08:A6:F7:6B:D4:28,,,,,,1041.0,38.0,31.0,29.0,29.0,2.0,,,0.0,29.0,384.0,31.0,3.0,,,,3199946,1786523976201,3199958,1786523976213,,1786523976177.0,29.0,2026-08-12T08:39:37.2333958Z,112.0,,,oasis/bottle,,0.0,,,,,
,,,,,,,,,,,,,,,13.0,,,,,,,,,1.0,,,0.0,,,,,0.0,,,,,0.0,,,,,,,,,,,local.mqtt.telegraf,32.0,,38.06,,,,,,periodic,,24.0,,,,,6.0,5,08a6f76bd428,,,77344.0,43104.0,,7.0,581.0,,,,,,,,,,,,,582.0,,,,,08a6f76bd428-582,,,0.0,,,,,,,272.0,582.0,08:A6:F7:6B:D4:28,,,,,,2271.0,38.0,31.0,29.0,29.0,2.0,,,0.0,29.0,384.0,31.0,3.0,,,,3201176,1786523977431,3201189,1786523977444,,1786523977407.0,29.0,2026-08-12T08:39:38.4690365Z,112.0,,,oasis/bottle,,0.0,,,,,
,,,,,,,,,,,,,,,13.0,,,,,,,,,1.0,,,0.0,,,,,0.0,,,,,0.0,,,,,,,,,,,local.mqtt.telegraf,32.0,,38.0,,,,,,periodic,,24.0,,,,,6.0,5,08a6f76bd428,,,68336.0,43104.0,,10.0,582.0,,,,,,,,,,,,,583.0,,,,,08a6f76bd428-583,,,0.0,,,,,,,272.0,583.0,08:A6:F7:6B:D4:28,,,,,,3541.0,38.0,31.0,29.0,29.0,2.0,,,0.0,29.0,384.0,31.0,3.0,,,,3202446,1786523978701,3202459,1786523978714,,1786523978677.0,29.0,2026-08-12T08:39:39.74957Z,112.0,,,oasis/bottle,,0.0,,,,,
,,,,,,,,,,,,,,,13.0,,,,,,,,,1.0,,,0.0,,,,,0.0,,,,,0.0,,,,,,,,,,,local.mqtt.telegraf,32.0,,37.96,,,,,,periodic,,24.0,,,,,6.0,5,08a6f76bd428,,,58672.0,43104.0,,6.0,583.0,,,,,,,,,,,,,584.0,,,,,08a6f76bd428-584,,,0.0,,,,,,,272.0,584.0,08:A6:F7:6B:D4:28,,,,,,4871.0,38.0,31.0,29.0,29.0,2.0,,,0.0,29.0,384.0,31.0,3.0,,,,3203776,1786523980031,3203789,1786523980044,,1786523980007.0,29.0,2026-08-12T08:39:41.0713Z,112.0,,,oasis/bottle,,0.0,,,,,
,,,,,,,,,,,,,,,13.0,,,,,,,,,1.0,,,0.0,,,,,0.0,,,,,0.0,,,,,,,,,,,local.mqtt.telegraf,32.0,,38.13,,,,,,periodic,,24.0,,,,,6.0,5,08a6f76bd428,,,48352.0,43104.0,,6.0,584.0,,,,,,,,,,,,,585.0,,,,,08a6f76bd428-585,,,0.0,,,,,,,272.0,585.0,08:A6:F7:6B:D4:28,,,,,,6331.0,38.0,31.0,29.0,29.0,2.0,,,0.0,29.0,384.0,31.0,3.0,,,,3205236,1786523981491,3205249,1786523981504,,1786523981467.0,29.0,2026-08-12T08:39:42.5194601Z,112.0,,,oasis/bottle,,0.0,,,,,
,,,,,,,,,,,,,,,13.0,,,,,,,,,1.0,,,0.0,,,,,0.0,,,,,0.0,,,,,,,,,,,local.mqtt.telegraf,32.0,,37.98,,,,,,periodic,,24.0,,,,,6.0,5,08a6f76bd428,,,119968.0,43104.0,,6.0,585.0,,,,,,,,,,,,,586.0,,,,,08a6f76bd428-586,,,0.0,,,,,,,272.0,586.0,08:A6:F7:6B:D4:28,,,,,,7441.0,38.0,31.0,29.0,29.0,2.0,,,0.0,29.0,384.0,31.0,3.0,,,,3206346,1786523982601,3206359,1786523982614,,1786523982577.0,29.0,2026-08-12T08:39:43.6301375Z,112.0,,,oasis/bottle,,0.0,,,,,
,,,,,,,,,,,,,,,13.0,,,,,,,,,1.0,,,0.0,,,,,0.0,,,,,0.0,,,,,,,,,,,local.mqtt.telegraf,32.0,,37.94,,,,,,periodic,,24.0,,,,,6.0,5,08a6f76bd428,,,112272.0,43104.0,,6.0,586.0,,,,,,,,,,,,,587.0,,,,,08a6f76bd428-587,,,0.0,,,,,,,272.0,587.0,08:A6:F7:6B:D4:28,,,,,,8461.0,38.0,31.0,29.0,29.0,2.0,,,0.0,29.0,384.0,31.0,3.0,,,,3207366,1786523983621,3207379,1786523983634,,1786523983597.0,29.0,2026-08-12T08:39:44.6579237Z,112.0,,,oasis/bottle,,0.0,,,,,
,,,,,,,,,,,,,,,13.0,,,,,,,,,1.0,,,0.0,,,,,0.0,,,,,0.0,,,,,,,,,,,local.mqtt.telegraf,32.0,,38.12,,,,,,periodic,,24.0,,,,,6.0,5,08a6f76bd428,,,101952.0,43104.0,,6.0,587.0,,,,,,,,,,,,,588.0,,,,,08a6f76bd428-588,,,0.0,,,,,,,272.0,588.0,08:A6:F7:6B:D4:28,,,,,,9901.0,38.0,31.0,29.0,29.0,2.0,,,0.0,29.0,384.0,31.0,3.0,,,,3208806,1786523985061,3208819,1786523985074,,1786523985037.0,29.0,2026-08-12T08:39:46.09972Z,112.0,,,oasis/bottle,,0.0,,,,,
,,,,,,,,,,,,,,,13.0,,,,,,,,,1.0,,,0.0,,,,,0.0,,,,,0.0,,,,,,,,,,,local.mqtt.telegraf,32.0,,38.05,,,,,,periodic,,24.0,,,,,6.0,5,08a6f76bd428,,,93600.0,43104.0,,6.0,588.0,,,,,,,,,,,,,589.0,,,,,08a6f76bd428-589,,,0.0,,,,,,,272.0,589.0,08:A6:F7:6B:D4:28,,,,,,10981.0,38.0,31.0,29.0,29.0,2.0,,,0.0,29.0,384.0,31.0,3.0,,,,3209886,1786523986141,3209899,1786523986154,,1786523986117.0,29.0,2026-08-12T08:39:47.1708761Z,112.0,,,oasis/bottle,,0.0,,,,,
,,,,,,,,,,,,,,,13.0,,,,,,,,,1.0,,,0.0,,,,,0.0,,,,,0.0,,,,,,,,,,,local.mqtt.telegraf,32.0,,38.06,,,,,,periodic,,24.0,,,,,6.0,5,08a6f76bd428,,,82624.0,43104.0,,6.0,589.0,,,,,,,,,,,,,590.0,,,,,08a6f76bd428-590,,,0.0,,,,,,,272.0,590.0,08:A6:F7:6B:D4:28,,,,,,12541.0,38.0,31.0,29.0,29.0,2.0,,,0.0,29.0,384.0,31.0,3.0,,,,3211446,1786523987701,3211459,1786523987714,,1786523987677.0,29.0,2026-08-12T08:39:48.7323527Z,112.0,,,oasis/bottle,,0.0,,,,,
,,,,,,,,,,,,,,,13.0,,,,,,,,,1.0,,,0.0,,,,,0.0,,,,,0.0,,,,,,,,,,,local.mqtt.telegraf,32.0,,38.05,,,,,,periodic,,24.0,,,,,6.0,5,08a6f76bd428,,,72960.0,43104.0,,6.0,590.0,,,,,,,,,,,,,591.0,,,,,08a6f76bd428-591,,,0.0,,,,,,,272.0,591.0,08:A6:F7:6B:D4:28,,,,,,13851.0,38.0,31.0,29.0,29.0,2.0,,,0.0,29.0,384.0,31.0,3.0,,,,3212756,1786523989011,3212769,1786523989024,,1786523988987.0,29.0,2026-08-12T08:39:50.1320911Z,112.0,,,oasis/bottle,,0.0,,,,,
,,,,,,,,,,,,,,,13.0,,,,,,,,,1.0,,,0.0,,,,,0.0,,,,,0.0,,,,,,,,,,,local.mqtt.telegraf,32.0,,38.01,,,,,,periodic,,24.0,,,,,6.0,5,08a6f76bd428,,,62640.0,43104.0,,9.0,591.0,,,,,,,,,,,,,592.0,,,,,08a6f76bd428-592,,,0.0,,,,,,,272.0,592.0,08:A6:F7:6B:D4:28,,,,,,15281.0,38.0,31.0,29.0,29.0,2.0,,,0.0,29.0,384.0,31.0,3.0,,,,3214186,1786523990441,3214199,1786523990454,,1786523990417.0,29.0,2026-08-12T08:39:51.4671996Z,112.0,,,oasis/bottle,,0.0,,,,,
,,,,,,,,,,,,,,,13.0,,,,,,,,,1.0,,,0.0,,,,,0.0,,,,,0.0,,,,,,,,,,,local.mqtt.telegraf,32.0,,37.89,,,,,,periodic,,24.0,,,,,6.0,5,08a6f76bd428,,,54944.0,43104.0,,6.0,592.0,,,,,,,,,,,,,593.0,,,,,08a6f76bd428-593,,,0.0,,,,,,,272.0,593.0,08:A6:F7:6B:D4:28,,,,,,16331.0,38.0,31.0,29.0,29.0,2.0,,,0.0,29.0,384.0,31.0,3.0,,,,3215236,1786523991491,3215249,1786523991504,,1786523991467.0,29.0,2026-08-12T08:39:52.5191984Z,112.0,,,oasis/bottle,,0.0,,,,,
,,,,,,,,,,,,,,,13.0,,,,,,,,,1.0,,,0.0,,,,,0.0,,,,,0.0,,,,,,,,,,,local.mqtt.telegraf,32.0,,38.08,,,,,,periodic,,24.0,,,,,5.0,5,08a6f76bd428,,,44592.0,43104.0,,6.0,593.0,,,,,,,,,,,,,594.0,,,,,08a6f76bd428-594,,,0.0,,,,,,,273.0,594.0,08:A6:F7:6B:D4:28,,,,,,17831.0,38.0,31.0,29.0,29.0,2.0,,,0.0,29.0,384.0,31.0,3.0,,,,3216737,1786523992992,3216750,1786523993005,,1786523992968.0,29.0,2026-08-12T08:39:54.0350997Z,112.0,,,oasis/bottle,,0.0,,,,,
,,,,,,,,,,,,,,,13.0,,,,,,,,,1.0,,,0.0,,,,,0.0,,,,,0.0,,,,,,,,,,,local.mqtt.telegraf,32.0,,38.04,,,,,,periodic,,24.0,,,,,6.0,5,08a6f76bd428,,,115024.0,43104.0,,6.0,594.0,,,,,,,,,,,,,595.0,,,,,08a6f76bd428-595,,,0.0,,,,,,,272.0,595.0,08:A6:F7:6B:D4:28,,,,,,19041.0,38.0,31.0,29.0,29.0,2.0,,,0.0,29.0,384.0,31.0,3.0,,,,3217946,1786523994201,3217959,1786523994214,,1786523994177.0,29.0,2026-08-12T08:39:55.2292135Z,112.0,,,oasis/bottle,,0.0,,,,,
,,,,,,,,,,,,,,,13.0,,,,,,,,,1.0,,,0.0,,,,,0.0,,,,,0.0,,,,,,,,,,,local.mqtt.telegraf,32.0,,38.04,,,,,,periodic,,24.0,,,,,6.0,5,08a6f76bd428,,,106016.0,43104.0,,6.0,595.0,,,,,,,,,,,,,596.0,,,,,08a6f76bd428-596,,,0.0,,,,,,,272.0,596.0,08:A6:F7:6B:D4:28,,,,,,20241.0,38.0,31.0,29.0,29.0,2.0,,,0.0,29.0,384.0,31.0,3.0,,,,3219146,1786523995401,3219159,1786523995414,,1786523995377.0,29.0,2026-08-12T08:39:56.4354417Z,112.0,,,oasis/bottle,,0.0,,,,,
,,,,,,,,,,,,,,,13.0,,,,,,,,,1.0,,,0.0,,,,,0.0,,,,,0.0,,,,,,,,,,,local.mqtt.telegraf,32.0,,38.1,,,,,,periodic,,23.0,,,,,6.0,5,08a6f76bd428,,,86352.0,43104.0,,6.0,596.0,,,,,,,,,,,,,597.0,,,,,08a6f76bd428-597,,,0.0,,,,,,,272.0,597.0,08:A6:F7:6B:D4:28,,,,,,1021.0,39.0,31.0,29.0,29.0,2.0,,,0.0,29.0,384.0,31.0,3.0,,,,3220345,1786523996600,3220358,1786523996613,,1786523996577.0,29.0,2026-08-12T08:39:57.6396111Z,115.0,,,oasis/bottle,,0.0,,,,,
,,,,,,,,,,,,,,,13.0,,,,,,,,,1.0,,,0.0,,,,,0.0,,,,,0.0,,,,,,,,,,,local.mqtt.telegraf,32.0,,38.04,,,,,,periodic,,24.0,,,,,6.0,5,08a6f76bd428,,,77344.0,43104.0,,6.0,597.0,,,,,,,,,,,,,598.0,,,,,08a6f76bd428-598,,,0.0,,,,,,,272.0,598.0,08:A6:F7:6B:D4:28,,,,,,2221.0,39.0,31.0,29.0,29.0,2.0,,,0.0,29.0,384.0,31.0,3.0,,,,3221546,1786523997801,3221559,1786523997814,,1786523997777.0,29.0,2026-08-12T08:39:58.8419066Z,115.0,,,oasis/bottle,,0.0,,,,,
,,,,,,,,,,,,,,,13.0,,,,,,,,,1.0,,,0.0,,,,,0.0,,,,,0.0,,,,,,,,,,,local.mqtt.telegraf,32.0,,37.97,,,,,,periodic,,24.0,,,,,6.0,5,08a6f76bd428,,,68336.0,43104.0,,6.0,598.0,,,,,,,,,,,,,599.0,,,,,08a6f76bd428-599,,,0.0,,,,,,,272.0,599.0,08:A6:F7:6B:D4:28,,,,,,3421.0,39.0,31.0,29.0,29.0,2.0,,,0.0,29.0,384.0,31.0,3.0,,,,3222746,1786523999001,3222759,1786523999014,,1786523998977.0,29.0,2026-08-12T08:40:00.0309966Z,115.0,,,oasis/bottle,,0.0,,,,,
,,,,,,,,,,,,,,,17.0,,,,,,,,,1.0,,,0.0,,,,,0.0,,,,,0.0,,,,,,,,,,,local.mqtt.telegraf,32.0,,38.01,,,,,,periodic,,24.0,,,,,6.0,5,08a6f76bd428,,,59328.0,43104.0,,6.0,599.0,,,,,,,,,,,,,600.0,,,,,08a6f76bd428-600,,,0.0,,,,,,,272.0,600.0,08:A6:F7:6B:D4:28,,,,,,4611.0,39.0,31.0,29.0,29.0,2.0,,,0.0,29.0,384.0,31.0,3.0,,,,3223936,1786524000191,3223953,1786524000208,,1786524000167.0,29.0,2026-08-12T08:40:01.2341975Z,115.0,,,oasis/bottle,,0.0,,,,,
,,,,,,,,,,,,,,,13.0,,,,,,,,,1.0,,,0.0,,,,,0.0,,,,,0.0,,,,,,,,,,,local.mqtt.telegraf,32.0,,37.85,,,,,,periodic,,24.0,,,,,6.0,5,08a6f76bd428,,,49488.0,43104.0,,7.0,600.0,,,,,,,,,,,,,601.0,,,,,08a6f76bd428-601,,,0.0,,,,,,,272.0,601.0,08:A6:F7:6B:D4:28,,,,,,5841.0,39.0,31.0,29.0,29.0,2.0,,,0.0,29.0,384.0,31.0,3.0,,,,3225166,1786524001421,3225179,1786524001434,,1786524001397.0,29.0,2026-08-12T08:40:02.4567595Z,115.0,,,oasis/bottle,,0.0,,,,,
,,,,,,,,,,,,,,,13.0,,,,,,,,,1.0,,,0.0,,,,,0.0,,,,,0.0,,,,,,,,,,,local.mqtt.telegraf,32.0,,37.9,,,,,,periodic,,24.0,,,,,6.0,5,08a6f76bd428,,,120544.0,43104.0,,6.0,601.0,,,,,,,,,,,,,602.0,,,,,08a6f76bd428-602,,,0.0,,,,,,,272.0,602.0,08:A6:F7:6B:D4:28,,,,,,7051.0,39.0,31.0,29.0,29.0,2.0,,,0.0,29.0,384.0,31.0,3.0,,,,3226376,1786524002631,3226389,1786524002644,,1786524002607.0,29.0,2026-08-12T08:40:03.6692505Z,115.0,,,oasis/bottle,,0.0,,,,,
,,,,,,,,,,,,,,,13.0,,,,,,,,,1.0,,,0.0,,,,,0.0,,,,,0.0,,,,,,,,,,,local.mqtt.telegraf,32.0,,37.81,,,,,,periodic,,24.0,,,,,6.0,5,08a6f76bd428,,,111536.0,43104.0,,9.0,602.0,,,,,,,,,,,,,603.0,,,,,08a6f76bd428-603,,,0.0,,,,,,,272.0,603.0,08:A6:F7:6B:D4:28,,,,,,8271.0,39.0,31.0,29.0,29.0,2.0,,,0.0,29.0,384.0,31.0,3.0,,,,3227596,1786524003851,3227609,1786524003864,,1786524003827.0,29.0,2026-08-12T08:40:04.8868204Z,115.0,,,oasis/bottle,,0.0,,,,,
,,,,,,,,,,,,,,,13.0,,,,,,,,,1.0,,,0.0,,,,,0.0,,,,,0.0,,,,,,,,,,,local.mqtt.telegraf,32.0,,37.9,,,,,,periodic,,24.0,,,,,6.0,5,08a6f76bd428,,,102528.0,43104.0,,6.0,603.0,,,,,,,,,,,,,604.0,,,,,08a6f76bd428-604,,,0.0,,,,,,,272.0,604.0,08:A6:F7:6B:D4:28,,,,,,9511.0,39.0,31.0,29.0,29.0,2.0,,,0.0,29.0,384.0,31.0,3.0,,,,3228836,1786524005091,3228849,1786524005104,,1786524005067.0,29.0,2026-08-12T08:40:06.1225992Z,115.0,,,oasis/bottle,,0.0,,,,,
,,,,,,,,,,,,,,,14.0,,,,,,,,,1.0,,,0.0,,,,,0.0,,,,,0.0,,,,,,,,,,,local.mqtt.telegraf,32.0,,37.84,,,,,,periodic,,23.0,,,,,5.0,5,08a6f76bd428,,,93488.0,43104.0,,10.0,604.0,,,,,,,,,,,,,605.0,,,,,08a6f76bd428-605,,,0.0,,,,,,,273.0,605.0,08:A6:F7:6B:D4:28,,,,,,10791.0,39.0,31.0,29.0,29.0,2.0,,,0.0,29.0,384.0,31.0,3.0,,,,3230116,1786524006371,3230130,1786524006385,,1786524006348.0,29.0,2026-08-12T08:40:07.3993627Z,115.0,,,oasis/bottle,,0.0,,,,,
,,,,,,,,,,,,,,,13.0,,,,,,,,,1.0,,,0.0,,,,,0.0,,,,,0.0,,,,,,,,,,,local.mqtt.telegraf,32.0,,37.92,,,,,,periodic,,24.0,,,,,6.0,5,08a6f76bd428,,,83808.0,43104.0,,7.0,605.0,,,,,,,,,,,,,606.0,,,,,08a6f76bd428-606,,,0.0,,,,,,,272.0,606.0,08:A6:F7:6B:D4:28,,,,,,12151.0,39.0,31.0,29.0,29.0,2.0,,,0.0,29.0,384.0,31.0,3.0,,,,3231476,1786524007731,3231489,1786524007744,,1786524007707.0,29.0,2026-08-12T08:40:08.7669642Z,115.0,,,oasis/bottle,,0.0,,,,,
,,,,,,,,,,,,,,,13.0,,,,,,,,,1.0,,,0.0,,,,,0.0,,,,,0.0,,,,,,,,,,,local.mqtt.telegraf,32.0,,37.82,,,,,,periodic,,24.0,,,,,6.0,5,08a6f76bd428,,,72832.0,43104.0,,6.0,606.0,,,,,,,,,,,,,607.0,,,,,08a6f76bd428-607,,,0.0,,,,,,,272.0,607.0,08:A6:F7:6B:D4:28,,,,,,13661.0,39.0,31.0,29.0,29.0,2.0,,,0.0,29.0,384.0,31.0,3.0,,,,3232986,1786524009241,3232999,1786524009254,,1786524009217.0,29.0,2026-08-12T08:40:10.273851Z,115.0,,,oasis/bottle,,0.0,,,,,
,,,,,,,,,,,,,,,13.0,,,,,,,,,1.0,,,0.0,,,,,0.0,,,,,0.0,,,,,,,,,,,local.mqtt.telegraf,32.0,,37.97,,,,,,periodic,,24.0,,,,,6.0,5,08a6f76bd428,,,63824.0,43104.0,,5.0,607.0,,,,,,,,,,,,,608.0,,,,,08a6f76bd428-608,,,0.0,,,,,,,272.0,608.0,08:A6:F7:6B:D4:28,,,,,,14881.0,39.0,31.0,29.0,29.0,2.0,,,0.0,29.0,384.0,31.0,3.0,,,,3234206,1786524010461,3234219,1786524010474,,1786524010437.0,29.0,2026-08-12T08:40:11.5124298Z,115.0,,,oasis/bottle,,0.0,,,,,
,,,,,,,,,,,,,,,13.0,,,,,,,,,1.0,,,0.0,,,,,0.0,,,,,0.0,,,,,,,,,,,local.mqtt.telegraf,32.0,,37.97,,,,,,periodic,,24.0,,,,,6.0,5,08a6f76bd428,,,54816.0,43104.0,,6.0,608.0,,,,,,,,,,,,,609.0,,,,,08a6f76bd428-609,,,0.0,,,,,,,272.0,609.0,08:A6:F7:6B:D4:28,,,,,,16121.0,39.0,31.0,29.0,29.0,2.0,,,0.0,29.0,384.0,31.0,3.0,,,,3235446,1786524011701,3235459,1786524011714,,1786524011677.0,29.0,2026-08-12T08:40:12.7429541Z,115.0,,,oasis/bottle,,0.0,,,,,
,,,,,,,,,,,,,,,13.0,,,,,,,,,1.0,,,0.0,,,,,0.0,,,,,0.0,,,,,,,,,,,local.mqtt.telegraf,32.0,,37.92,,,,,,periodic,,24.0,,,,,6.0,5,08a6f76bd428,,,45808.0,43104.0,,6.0,609.0,,,,,,,,,,,,,610.0,,,,,08a6f76bd428-610,,,0.0,,,,,,,272.0,610.0,08:A6:F7:6B:D4:28,,,,,,17401.0,39.0,31.0,29.0,29.0,2.0,,,0.0,29.0,384.0,31.0,3.0,,,,3236726,1786524012981,3236739,1786524012994,,1786524012957.0,29.0,2026-08-12T08:40:14.0167245Z,115.0,,,oasis/bottle,,0.0,,,,,
,,,,,,,,,,,,,,,13.0,,,,,,,,,1.0,,,0.0,,,,,0.0,,,,,0.0,,,,,,,,,,,local.mqtt.telegraf,32.0,,37.92,,,,,,periodic,,24.0,,,,,6.0,5,08a6f76bd428,,,114896.0,43104.0,,6.0,610.0,,,,,,,,,,,,,611.0,,,,,08a6f76bd428-611,,,0.0,,,,,,,272.0,611.0,08:A6:F7:6B:D4:28,,,,,,18761.0,39.0,31.0,29.0,29.0,2.0,,,0.0,29.0,384.0,31.0,3.0,,,,3238086,1786524014341,3238099,1786524014354,,1786524014317.0,29.0,2026-08-12T08:40:15.3884803Z,115.0,,,oasis/bottle,,0.0,,,,,
,,,,,,,,,,,,,,,13.0,,,,,,,,,1.0,,,0.0,,,,,0.0,,,,,0.0,,,,,,,,,,,local.mqtt.telegraf,32.0,,38.04,,,,,,periodic,,24.0,,,,,6.0,5,08a6f76bd428,,,103920.0,43104.0,,6.0,611.0,,,,,,,,,,,,,612.0,,,,,08a6f76bd428-612,,,0.0,,,,,,,272.0,612.0,08:A6:F7:6B:D4:28,,,,,,20271.0,39.0,31.0,29.0,29.0,2.0,,,0.0,29.0,384.0,31.0,3.0,,,,3239596,1786524015851,3239609,1786524015864,,1786524015827.0,29.0,2026-08-12T08:40:16.896594Z,115.0,,,oasis/bottle,,0.0,,,,,
,,,,,,,,,,,,,,,21.0,,,,,,,,,1.0,,,0.0,,,,,0.0,,,,,0.0,,,,,,,,,,,local.mqtt.telegraf,32.0,,37.86,,,,,,periodic,,21.0,,,,,6.0,5,08a6f76bd428,,,83632.0,43104.0,,6.0,612.0,,,,,,,,,,,,,613.0,,,,,08a6f76bd428-613,,,0.0,,,,,,,273.0,613.0,08:A6:F7:6B:D4:28,,,,,,1063.0,40.0,31.0,29.0,29.0,2.0,,,-1.0,29.0,384.0,31.0,3.0,,,,3240806,1786524017061,3240827,1786524017082,,1786524017040.0,29.0,2026-08-12T08:40:18.1073878Z,118.0,,,oasis/bottle,,0.0,,,,,
,,,,,,,,,,,,,,,13.0,,,,,,,,,1.0,,,0.0,,,,,0.0,,,,,0.0,,,,,,,,,,,local.mqtt.telegraf,32.0,,37.75,,,,,,periodic,,24.0,,,,,6.0,5,08a6f76bd428,,,74496.0,43104.0,,6.0,613.0,,,,,,,,,,,,,614.0,,,,,08a6f76bd428-614,,,0.0,,,,,,,272.0,614.0,08:A6:F7:6B:D4:28,,,,,,2291.0,40.0,31.0,29.0,29.0,2.0,,,-1.0,29.0,384.0,31.0,3.0,,,,3242036,1786524018291,3242049,1786524018304,,1786524018267.0,29.0,2026-08-12T08:40:19.3242484Z,118.0,,,oasis/bottle,,0.0,,,,,
,,,,,,,,,,,,,,,13.0,,,,,,,,,1.0,,,0.0,,,,,0.0,,,,,0.0,,,,,,,,,,,local.mqtt.telegraf,32.0,,37.57,,,,,,periodic,,24.0,,,,,6.0,5,08a6f76bd428,,,65488.0,43104.0,,6.0,614.0,,,,,,,,,,,,,615.0,,,,,08a6f76bd428-615,,,0.0,,,,,,,272.0,615.0,08:A6:F7:6B:D4:28,,,,,,3541.0,40.0,31.0,29.0,29.0,2.0,,,-1.0,29.0,384.0,31.0,3.0,,,,3243286,1786524019541,3243299,1786524019554,,1786524019517.0,29.0,2026-08-12T08:40:20.5684528Z,118.0,,,oasis/bottle,,0.0,,,,,
,,,,,,,,,,,,,,,13.0,,,,,,,,,1.0,,,0.0,,,,,0.0,,,,,0.0,,,,,,,,,,,local.mqtt.telegraf,32.0,,37.42,,,,,,periodic,,24.0,,,,,6.0,5,08a6f76bd428,,,55824.0,43104.0,,6.0,615.0,,,,,,,,,,,,,616.0,,,,,08a6f76bd428-616,,,0.0,,,,,,,272.0,616.0,08:A6:F7:6B:D4:28,,,,,,4841.0,40.0,31.0,29.0,29.0,2.0,,,-1.0,29.0,384.0,31.0,3.0,,,,3244586,1786524020841,3244599,1786524020854,,1786524020817.0,29.0,2026-08-12T08:40:21.8667923Z,118.0,,,oasis/bottle,,0.0,,,,,
,,,,,,,,,,,,,,,14.0,,,,,,,,,1.0,,,0.0,,,,,0.0,,,,,0.0,,,,,,,,,,,local.mqtt.telegraf,32.0,,37.11,,,,,,periodic,,24.0,,,,,6.0,5,08a6f76bd428,,,45504.0,43104.0,,6.0,616.0,,,,,,,,,,,,,617.0,,,,,08a6f76bd428-617,,,0.0,,,,,,,272.0,617.0,08:A6:F7:6B:D4:28,,,,,,6241.0,40.0,31.0,29.0,29.0,2.0,,,-1.0,29.0,384.0,31.0,3.0,,,,3245986,1786524022241,3246000,1786524022255,,1786524022217.0,29.0,2026-08-12T08:40:23.2668461Z,118.0,,,oasis/bottle,,0.0,,,,,
,,,,,,,,,,,,,,,13.0,,,,,,,,,1.0,,,0.0,,,,,0.0,,,,,0.0,,,,,,,,,,,local.mqtt.telegraf,32.0,,36.96,,,,,,periodic,,24.0,,,,,6.0,5,08a6f76bd428,,,116960.0,43104.0,,5.0,617.0,,,,,,,,,,,,,618.0,,,,,08a6f76bd428-618,,,0.0,,,,,,,272.0,618.0,08:A6:F7:6B:D4:28,,,,,,7251.0,40.0,31.0,29.0,29.0,2.0,,,-1.0,29.0,384.0,31.0,3.0,,,,3246996,1786524023251,3247009,1786524023264,,1786524023227.0,29.0,2026-08-12T08:40:24.2891412Z,118.0,,,oasis/bottle,,0.0,,,,,
,,,,,,,,,,,,,,,13.0,,,,,,,,,1.0,,,0.0,,,,,0.0,,,,,0.0,,,,,,,,,,,local.mqtt.telegraf,32.0,,37.11,,,,,,periodic,,24.0,,,,,6.0,5,08a6f76bd428,,,106640.0,43104.0,,6.0,618.0,,,,,,,,,,,,,619.0,,,,,08a6f76bd428-619,,,0.0,,,,,,,272.0,619.0,08:A6:F7:6B:D4:28,,,,,,8651.0,40.0,31.0,29.0,29.0,2.0,,,-1.0,29.0,384.0,31.0,3.0,,,,3248396,1786524024651,3248409,1786524024664,,1786524024627.0,29.0,2026-08-12T08:40:25.6886685Z,118.0,,,oasis/bottle,,0.0,,,,,
,,,,,,,,,,,,,,,13.0,,,,,,,,,1.0,,,0.0,,,,,0.0,,,,,0.0,,,,,,,,,,,local.mqtt.telegraf,32.0,,37.14,,,,,,periodic,,24.0,,,,,6.0,5,08a6f76bd428,,,98944.0,43104.0,,7.0,619.0,,,,,,,,,,,,,620.0,,,,,08a6f76bd428-620,,,0.0,,,,,,,272.0,620.0,08:A6:F7:6B:D4:28,,,,,,9651.0,40.0,31.0,29.0,29.0,2.0,,,-1.0,29.0,384.0,31.0,3.0,,,,3249396,1786524025651,3249409,1786524025664,,1786524025627.0,29.0,2026-08-12T08:40:26.6829933Z,118.0,,,oasis/bottle,,0.0,,,,,
,,,,,,,,,,,,,,,14.0,,,,,,,,,1.0,,,0.0,,,,,0.0,,,,,0.0,,,,,,,,,,,local.mqtt.telegraf,32.0,,36.96,,,,,,periodic,,24.0,,,,,6.0,5,08a6f76bd428,,,88624.0,43104.0,,6.0,620.0,,,,,,,,,,,,,621.0,,,,,08a6f76bd428-621,,,0.0,,,,,,,272.0,621.0,08:A6:F7:6B:D4:28,,,,,,11051.0,40.0,31.0,29.0,29.0,2.0,,,-1.0,29.0,384.0,31.0,3.0,,,,3250796,1786524027051,3250810,1786524027065,,1786524027027.0,29.0,2026-08-12T08:40:28.0865585Z,118.0,,,oasis/bottle,,0.0,,,,,
,,,,,,,,,,,,,,,13.0,,,,,,,,,1.0,,,0.0,,,,,0.0,,,,,0.0,,,,,,,,,,,local.mqtt.telegraf,32.0,,36.95,,,,,,periodic,,24.0,,,,,6.0,5,08a6f76bd428,,,80928.0,43104.0,,6.0,621.0,,,,,,,,,,,,,622.0,,,,,08a6f76bd428-622,,,0.0,,,,,,,272.0,622.0,08:A6:F7:6B:D4:28,,,,,,12051.0,40.0,31.0,29.0,29.0,2.0,,,-1.0,29.0,384.0,31.0,3.0,,,,3251796,1786524028051,3251809,1786524028064,,1786524028027.0,29.0,2026-08-12T08:40:29.0786156Z,118.0,,,oasis/bottle,,0.0,,,,,
,,,,,,,,,,,,,,,13.0,,,,,,,,,1.0,,,0.0,,,,,0.0,,,,,0.0,,,,,,,,,,,local.mqtt.telegraf,32.0,,37.1,,,,,,periodic,,21.0,,,,,5.0,5,08a6f76bd428,,,70688.0,43104.0,,6.0,622.0,,,,,,,,,,,,,623.0,,,,,08a6f76bd428-623,,,0.0,,,,,,,273.0,623.0,08:A6:F7:6B:D4:28,,,,,,13443.0,40.0,31.0,29.0,29.0,2.0,,,-1.0,29.0,384.0,31.0,3.0,,,,3253186,1786524029441,3253199,1786524029454,,1786524029420.0,29.0,2026-08-12T08:40:30.4681485Z,118.0,,,oasis/bottle,,0.0,,,,,
,,,,,,,,,,,,,,,13.0,,,,,,,,,1.0,,,0.0,,,,,0.0,,,,,0.0,,,,,,,,,,,local.mqtt.telegraf,32.0,,37.18,,,,,,periodic,,24.0,,,,,6.0,5,08a6f76bd428,,,59584.0,43104.0,,6.0,623.0,,,,,,,,,,,,,624.0,,,,,08a6f76bd428-624,,,0.0,,,,,,,272.0,624.0,08:A6:F7:6B:D4:28,,,,,,15031.0,40.0,31.0,29.0,29.0,2.0,,,-1.0,29.0,384.0,31.0,3.0,,,,3254776,1786524031031,3254789,1786524031044,,1786524031007.0,29.0,2026-08-12T08:40:32.0669007Z,118.0,,,oasis/bottle,,0.0,,,,,
,,,,,,,,,,,,,,,13.0,,,,,,,,,1.0,,,0.0,,,,,0.0,,,,,0.0,,,,,,,,,,,local.mqtt.telegraf,32.0,,37.27,,,,,,periodic,,24.0,,,,,6.0,5,08a6f76bd428,,,49920.0,43104.0,,6.0,624.0,,,,,,,,,,,,,625.0,,,,,08a6f76bd428-625,,,0.0,,,,,,,272.0,625.0,08:A6:F7:6B:D4:28,,,,,,16401.0,40.0,31.0,29.0,29.0,2.0,,,-1.0,29.0,384.0,31.0,3.0,,,,3256146,1786524032401,3256159,1786524032414,,1786524032377.0,29.0,2026-08-12T08:40:33.4485858Z,118.0,,,oasis/bottle,,0.0,,,,,
,,,,,,,,,,,,,,,13.0,,,,,,,,,1.0,,,0.0,,,,,0.0,,,,,0.0,,,,,,,,,,,local.mqtt.telegraf,32.0,,37.27,,,,,,periodic,,24.0,,,,,6.0,5,08a6f76bd428,,,118816.0,43104.0,,6.0,625.0,,,,,,,,,,,,,626.0,,,,,08a6f76bd428-626,,,0.0,,,,,,,272.0,626.0,08:A6:F7:6B:D4:28,,,,,,17941.0,40.0,31.0,29.0,29.0,2.0,,,-1.0,29.0,384.0,31.0,3.0,,,,3257686,1786524033941,3257699,1786524033954,,1786524033917.0,29.0,2026-08-12T08:40:34.9709432Z,118.0,,,oasis/bottle,,0.0,,,,,
,,,,,,,,,,,,,,,13.0,,,,,,,,,1.0,,,0.0,,,,,0.0,,,,,0.0,,,,,,,,,,,local.mqtt.telegraf,32.0,,37.18,,,,,,periodic,,23.0,,,,,5.0,5,08a6f76bd428,,,109776.0,43104.0,,7.0,626.0,,,,,,,,,,,,,627.0,,,,,08a6f76bd428-627,,,0.0,,,,,,,273.0,627.0,08:A6:F7:6B:D4:28,,,,,,19221.0,40.0,31.0,29.0,29.0,2.0,,,-1.0,29.0,384.0,31.0,3.0,,,,3258966,1786524035221,3258979,1786524035234,,1786524035198.0,29.0,2026-08-12T08:40:36.2500223Z,118.0,,,oasis/bottle,,0.0,,,,,
,,,,,,,,,,,,,,,13.0,,,,,,,,,1.0,,,0.0,,,,,0.0,,,,,0.0,,,,,,,,,,,local.mqtt.telegraf,32.0,,37.24,,,,,,periodic,,24.0,,,,,6.0,5,08a6f76bd428,,,100096.0,43104.0,,5.0,627.0,,,,,,,,,,,,,628.0,,,,,08a6f76bd428-628,,,0.0,,,,,,,272.0,628.0,08:A6:F7:6B:D4:28,,,,,,20581.0,40.0,31.0,29.0,29.0,2.0,,,-1.0,29.0,384.0,31.0,3.0,,,,3260326,1786524036581,3260339,1786524036594,,1786524036557.0,29.0,2026-08-12T08:40:37.6108853Z,118.0,,,oasis/bottle,,0.0,,,,,
,,,,,,,,,,,,,,,13.0,,,,,,,,,1.0,,,0.0,,,,,0.0,,,,,0.0,,,,,,,,,,,local.mqtt.telegraf,32.0,,37.55,,,,,,periodic,,22.0,,,,,6.0,5,08a6f76bd428,,,78416.0,43104.0,,6.0,628.0,,,,,,,,,,,,,629.0,,,,,08a6f76bd428-629,,,0.0,,,,,,,272.0,629.0,08:A6:F7:6B:D4:28,,,,,,1271.0,41.0,50.0,31.0,31.0,19.0,,,0.0,30.0,404.0,33.0,3.0,,,,3261835,1786524038090,3261848,1786524038103,,1786524038068.0,29.0,2026-08-12T08:40:39.1150179Z,122.0,,,oasis/bottle,,0.0,,,,,
,,,,,,,,,,,,,,,13.0,,,,,,,,,1.0,,,0.0,,,,,0.0,,,,,0.0,,,,,,,,,,,local.mqtt.telegraf,32.0,,37.31,,,,,,periodic,,23.0,,,,,6.0,5,08a6f76bd428,,,69408.0,43104.0,,6.0,629.0,,,,,,,,,,,,,630.0,,,,,08a6f76bd428-630,,,0.0,,,,,,,272.0,630.0,08:A6:F7:6B:D4:28,,,,,,2491.0,41.0,50.0,31.0,31.0,19.0,,,0.0,30.0,404.0,33.0,3.0,,,,3263056,1786524039311,3263069,1786524039324,,1786524039288.0,29.0,2026-08-12T08:40:40.3463137Z,122.0,,,oasis/bottle,,0.0,,,,,
,,,,,,,,,,,,,,,13.0,,,,,,,,,1.0,,,0.0,,,,,0.0,,,,,0.0,,,,,,,,,,,local.mqtt.telegraf,32.0,,37.51,,,,,,periodic,,23.0,,,,,6.0,5,08a6f76bd428,,,59568.0,43104.0,,6.0,630.0,,,,,,,,,,,,,631.0,,,,,08a6f76bd428-631,,,0.0,,,,,,,272.0,631.0,08:A6:F7:6B:D4:28,,,,,,3771.0,41.0,50.0,31.0,31.0,19.0,,,0.0,30.0,404.0,33.0,3.0,,,,3264336,1786524040591,3264349,1786524040604,,1786524040568.0,29.0,2026-08-12T08:40:41.6318883Z,122.0,,,oasis/bottle,,0.0,,,,,
,,,,,,,,,,,,,,,13.0,,,,,,,,,1.0,,,0.0,,,,,0.0,,,,,0.0,,,,,,,,,,,local.mqtt.telegraf,32.0,,37.55,,,,,,periodic,,23.0,,,,,6.0,5,08a6f76bd428,,,49904.0,43104.0,,7.0,631.0,,,,,,,,,,,,,632.0,,,,,08a6f76bd428-632,,,0.0,,,,,,,272.0,632.0,08:A6:F7:6B:D4:28,,,,,,5091.0,41.0,50.0,31.0,31.0,19.0,,,0.0,30.0,404.0,33.0,3.0,,,,3265656,1786524041911,3265669,1786524041924,,1786524041888.0,29.0,2026-08-12T08:40:42.9479321Z,122.0,,,oasis/bottle,,0.0,,,,,
,,,,,,,,,,,,,,,13.0,,,,,,,,,1.0,,,0.0,,,,,0.0,,,,,0.0,,,,,,,,,,,local.mqtt.telegraf,32.0,,37.54,,,,,,periodic,,23.0,,,,,6.0,5,08a6f76bd428,,,119328.0,43104.0,,6.0,632.0,,,,,,,,,,,,,633.0,,,,,08a6f76bd428-633,,,0.0,,,,,,,272.0,633.0,08:A6:F7:6B:D4:28,,,,,,6521.0,41.0,50.0,31.0,31.0,19.0,,,0.0,30.0,404.0,33.0,3.0,,,,3267086,1786524043341,3267099,1786524043354,,1786524043318.0,29.0,2026-08-12T08:40:44.3665013Z,122.0,,,oasis/bottle,,0.0,,,,,
,,,,,,,,,,,,,,,13.0,,,,,,,,,1.0,,,0.0,,,,,0.0,,,,,0.0,,,,,,,,,,,local.mqtt.telegraf,32.0,,37.53,,,,,,periodic,,22.0,,,,,5.0,5,08a6f76bd428,,,111600.0,43104.0,,6.0,633.0,,,,,,,,,,,,,634.0,,,,,08a6f76bd428-634,,,0.0,,,,,,,273.0,634.0,08:A6:F7:6B:D4:28,,,,,,7581.0,41.0,50.0,31.0,31.0,19.0,,,0.0,30.0,404.0,33.0,3.0,,,,3268146,1786524044401,3268159,1786524044414,,1786524044379.0,29.0,2026-08-12T08:40:45.4351775Z,122.0,,,oasis/bottle,,0.0,,,,,
,,,,,,,,,,,,,,,13.0,,,,,,,,,1.0,,,0.0,,,,,0.0,,,,,0.0,,,,,,,,,,,local.mqtt.telegraf,32.0,,37.38,,,,,,periodic,,23.0,,,,,6.0,5,08a6f76bd428,,,100608.0,43104.0,,5.0,634.0,,,,,,,,,,,,,635.0,,,,,08a6f76bd428-635,,,0.0,,,,,,,272.0,635.0,08:A6:F7:6B:D4:28,,,,,,9101.0,41.0,50.0,31.0,31.0,19.0,,,0.0,30.0,404.0,33.0,3.0,,,,3269666,1786524045921,3269679,1786524045934,,1786524045898.0,29.0,2026-08-12T08:40:46.9539158Z,122.0,,,oasis/bottle,,0.0,,,,,
,,,,,,,,,,,,,,,13.0,,,,,,,,,1.0,,,0.0,,,,,0.0,,,,,0.0,,,,,,,,,,,local.mqtt.telegraf,32.0,,37.34,,,,,,periodic,,23.0,,,,,6.0,5,08a6f76bd428,,,91600.0,43104.0,,10.0,635.0,,,,,,,,,,,,,636.0,,,,,08a6f76bd428-636,,,0.0,,,,,,,272.0,636.0,08:A6:F7:6B:D4:28,,,,,,10341.0,41.0,50.0,31.0,31.0,19.0,,,0.0,30.0,404.0,33.0,3.0,,,,3270906,1786524047161,3270919,1786524047174,,1786524047138.0,29.0,2026-08-12T08:40:48.200017Z,122.0,,,oasis/bottle,,0.0,,,,,
,,,,,,,,,,,,,,,13.0,,,,,,,,,1.0,,,0.0,,,,,0.0,,,,,0.0,,,,,,,,,,,local.mqtt.telegraf,32.0,,37.19,,,,,,periodic,,23.0,,,,,6.0,5,08a6f76bd428,,,82592.0,43104.0,,6.0,636.0,,,,,,,,,,,,,637.0,,,,,08a6f76bd428-637,,,0.0,,,,,,,272.0,637.0,08:A6:F7:6B:D4:28,,,,,,11611.0,41.0,50.0,31.0,31.0,19.0,,,0.0,30.0,404.0,33.0,3.0,,,,3272176,1786524048431,3272189,1786524048444,,1786524048408.0,29.0,2026-08-12T08:40:49.4831423Z,122.0,,,oasis/bottle,,0.0,,,,,
,,,,,,,,,,,,,,,13.0,,,,,,,,,1.0,,,0.0,,,,,0.0,,,,,0.0,,,,,,,,,,,local.mqtt.telegraf,32.0,,37.42,,,,,,periodic,,23.0,,,,,6.0,5,08a6f76bd428,,,72928.0,43104.0,,6.0,637.0,,,,,,,,,,,,,638.0,,,,,08a6f76bd428-638,,,0.0,,,,,,,272.0,638.0,08:A6:F7:6B:D4:28,,,,,,12951.0,41.0,50.0,31.0,31.0,19.0,,,0.0,30.0,404.0,33.0,3.0,,,,3273516,1786524049771,3273529,1786524049784,,1786524049748.0,29.0,2026-08-12T08:40:50.7973486Z,122.0,,,oasis/bottle,,0.0,,,,,
,,,,,,,,,,,,,,,13.0,,,,,,,,,1.0,,,0.0,,,,,0.0,,,,,0.0,,,,,,,,,,,local.mqtt.telegraf,32.0,,37.69,,,,,,periodic,,23.0,,,,,6.0,5,08a6f76bd428,,,62608.0,43104.0,,6.0,638.0,,,,,,,,,,,,,639.0,,,,,08a6f76bd428-639,,,0.0,,,,,,,272.0,639.0,08:A6:F7:6B:D4:28,,,,,,14431.0,41.0,50.0,31.0,31.0,19.0,,,0.0,30.0,404.0,33.0,3.0,,,,3274996,1786524051251,3275009,1786524051264,,1786524051228.0,29.0,2026-08-12T08:40:52.280502Z,122.0,,,oasis/bottle,,0.0,,,,,
,,,,,,,,,,,,,,,13.0,,,,,,,,,1.0,,,0.0,,,,,0.0,,,,,0.0,,,,,,,,,,,local.mqtt.telegraf,32.0,,37.82,,,,,,periodic,,23.0,,,,,6.0,5,08a6f76bd428,,,54256.0,43104.0,,6.0,639.0,,,,,,,,,,,,,640.0,,,,,08a6f76bd428-640,,,0.0,,,,,,,272.0,640.0,08:A6:F7:6B:D4:28,,,,,,15591.0,41.0,50.0,31.0,31.0,19.0,,,0.0,30.0,404.0,33.0,3.0,,,,3276156,1786524052411,3276169,1786524052424,,1786524052388.0,29.0,2026-08-12T08:40:53.4503272Z,122.0,,,oasis/bottle,,0.0,,,,,
,,,,,,,,,,,,,,,13.0,,,,,,,,,1.0,,,0.0,,,,,0.0,,,,,0.0,,,,,,,,,,,local.mqtt.telegraf,32.0,,37.85,,,,,,periodic,,33.0,,,,,6.0,5,08a6f76bd428,,,45904.0,43104.0,,6.0,640.0,,,,,,,,,,,,,641.0,,,,,08a6f76bd428-641,,,0.0,,,,,,,272.0,641.0,08:A6:F7:6B:D4:28,,,,,,16711.0,41.0,50.0,31.0,31.0,19.0,,,0.0,30.0,404.0,33.0,3.0,,,,3277286,1786524053541,3277299,1786524053554,,1786524053508.0,29.0,2026-08-12T08:40:54.5642392Z,122.0,,,oasis/bottle,,0.0,,,,,
,,,,,,,,,,,,,,,13.0,,,,,,,,,1.0,,,0.0,,,,,0.0,,,,,0.0,,,,,,,,,,,local.mqtt.telegraf,32.0,,37.9,,,,,,periodic,,23.0,,,,,6.0,5,08a6f76bd428,,,117136.0,43104.0,,5.0,641.0,,,,,,,,,,,,,642.0,,,,,08a6f76bd428-642,,,0.0,,,,,,,272.0,642.0,08:A6:F7:6B:D4:28,,,,,,17761.0,41.0,50.0,31.0,31.0,19.0,,,0.0,30.0,404.0,33.0,3.0,,,,3278326,1786524054581,3278339,1786524054594,,1786524054558.0,29.0,2026-08-12T08:40:55.6150111Z,122.0,,,oasis/bottle,,0.0,,,,,
,,,,,,,,,,,,,,,13.0,,,,,,,,,1.0,,,0.0,,,,,0.0,,,,,0.0,,,,,,,,,,,local.mqtt.telegraf,32.0,,38.04,,,,,,periodic,,23.0,,,,,6.0,5,08a6f76bd428,,,106816.0,43104.0,,6.0,642.0,,,,,,,,,,,,,643.0,,,,,08a6f76bd428-643,,,0.0,,,,,,,272.0,643.0,08:A6:F7:6B:D4:28,,,,,,19241.0,41.0,50.0,31.0,31.0,19.0,,,0.0,30.0,404.0,33.0,3.0,,,,3279806,1786524056061,3279819,1786524056074,,1786524056038.0,29.0,2026-08-12T08:40:57.1023891Z,122.0,,,oasis/bottle,,0.0,,,,,
,,,,,,,,,,,,,,,13.0,,,,,,,,,1.0,,,0.0,,,,,0.0,,,,,0.0,,,,,,,,,,,local.mqtt.telegraf,32.0,,37.92,,,,,,periodic,,23.0,,,,,6.0,5,08a6f76bd428,,,98464.0,43104.0,,8.0,643.0,,,,,,,,,,,,,644.0,,,,,08a6f76bd428-644,,,0.0,,,,,,,272.0,644.0,08:A6:F7:6B:D4:28,,,,,,20401.0,41.0,50.0,31.0,31.0,19.0,,,0.0,30.0,404.0,33.0,3.0,,,,3280966,1786524057221,3280979,1786524057234,,1786524057198.0,29.0,2026-08-12T08:40:58.2459881Z,122.0,,,oasis/bottle,,0.0,,,,,
,,,,,,,,,,,,,,,13.0,,,,,,,,,1.0,,,0.0,,,,,0.0,,,,,0.0,,,,,,,,,,,local.mqtt.telegraf,32.0,,37.85,,,,,,periodic,,22.0,,,,,6.0,5,08a6f76bd428,,,79408.0,43104.0,,6.0,644.0,,,,,,,,,,,,,645.0,,,,,08a6f76bd428-645,,,0.0,,,,,,,272.0,645.0,08:A6:F7:6B:D4:28,,,,,,881.0,42.0,50.0,31.0,31.0,19.0,,,0.0,30.0,404.0,33.0,3.0,,,,3282085,1786524058340,3282098,1786524058353,,1786524058318.0,29.0,2026-08-12T08:40:59.3709975Z,125.0,,,oasis/bottle,,0.0,,,,,
,,,,,,,,,,,,,,,13.0,,,,,,,,,1.0,,,0.0,,,,,0.0,,,,,0.0,,,,,,,,,,,local.mqtt.telegraf,32.0,,37.82,,,,,,periodic,,23.0,,,,,6.0,5,08a6f76bd428,,,71712.0,43104.0,,6.0,645.0,,,,,,,,,,,,,646.0,,,,,08a6f76bd428-646,,,0.0,,,,,,,272.0,646.0,08:A6:F7:6B:D4:28,,,,,,1921.0,42.0,50.0,31.0,31.0,19.0,,,0.0,30.0,404.0,33.0,3.0,,,,3283126,1786524059381,3283139,1786524059394,,1786524059358.0,29.0,2026-08-12T08:41:00.4138235Z,125.0,,,oasis/bottle,,0.0,,,,,
,,,,,,,,,,,,,,,13.0,,,,,,,,,1.0,,,0.0,,,,,0.0,,,,,0.0,,,,,,,,,,,local.mqtt.telegraf,32.0,,37.79,,,,,,periodic,,23.0,,,,,6.0,5,08a6f76bd428,,,61392.0,43104.0,,6.0,646.0,,,,,,,,,,,,,647.0,,,,,08a6f76bd428-647,,,0.0,,,,,,,272.0,647.0,08:A6:F7:6B:D4:28,,,,,,3391.0,42.0,50.0,31.0,31.0,19.0,,,0.0,30.0,404.0,33.0,3.0,,,,3284596,1786524060851,3284609,1786524060864,,1786524060828.0,29.0,2026-08-12T08:41:01.8838813Z,125.0,,,oasis/bottle,,0.0,,,,,
,,,,,,,,,,,,,,,13.0,,,,,,,,,1.0,,,0.0,,,,,0.0,,,,,0.0,,,,,,,,,,,local.mqtt.telegraf,32.0,,37.78,,,,,,periodic,,23.0,,,,,6.0,5,08a6f76bd428,,,53040.0,43104.0,,6.0,647.0,,,,,,,,,,,,,648.0,,,,,08a6f76bd428-648,,,0.0,,,,,,,272.0,648.0,08:A6:F7:6B:D4:28,,,,,,4531.0,42.0,50.0,31.0,31.0,19.0,,,0.0,30.0,404.0,33.0,3.0,,,,3285736,1786524061991,3285749,1786524062004,,1786524061968.0,29.0,2026-08-12T08:41:03.0193758Z,125.0,,,oasis/bottle,,0.0,,,,,
,,,,,,,,,,,,,,,15.0,,,,,,,,,1.0,,,0.0,,,,,0.0,,,,,0.0,,,,,,,,,,,local.mqtt.telegraf,32.0,,37.77,,,,,,periodic,,23.0,,,,,6.0,5,08a6f76bd428,,,44688.0,43104.0,,6.0,648.0,,,,,,,,,,,,,649.0,,,,,08a6f76bd428-649,,,0.0,,,,,,,272.0,649.0,08:A6:F7:6B:D4:28,,,,,,5611.0,42.0,50.0,31.0,31.0,19.0,,,0.0,30.0,404.0,33.0,3.0,,,,3286816,1786524063071,3286831,1786524063086,,1786524063048.0,29.0,2026-08-12T08:41:04.1003895Z,125.0,,,oasis/bottle,,0.0,,,,,
,,,,,,,,,,,,,,,13.0,,,,,,,,,1.0,,,0.0,,,,,0.0,,,,,0.0,,,,,,,,,,,local.mqtt.telegraf,32.0,,37.54,,,,,,periodic,,23.0,,,,,6.0,5,08a6f76bd428,,,112736.0,43104.0,,6.0,649.0,,,,,,,,,,,,,650.0,,,,,08a6f76bd428-650,,,0.0,,,,,,,272.0,650.0,08:A6:F7:6B:D4:28,,,,,,7181.0,42.0,50.0,31.0,31.0,19.0,,,0.0,30.0,404.0,33.0,3.0,,,,3288386,1786524064641,3288399,1786524064654,,1786524064618.0,29.0,2026-08-12T08:41:05.6662495Z,125.0,,,oasis/bottle,,0.0,,,,,
,,,,,,,,,,,,,,,13.0,,,,,,,,,1.0,,,0.0,,,,,0.0,,,,,0.0,,,,,,,,,,,local.mqtt.telegraf,32.0,,37.36,,,,,,periodic,,23.0,,,,,6.0,5,08a6f76bd428,,,103072.0,43104.0,,10.0,650.0,,,,,,,,,,,,,651.0,,,,,08a6f76bd428-651,,,0.0,,,,,,,272.0,651.0,08:A6:F7:6B:D4:28,,,,,,8511.0,42.0,50.0,31.0,31.0,19.0,,,0.0,30.0,404.0,33.0,3.0,,,,3289716,1786524065971,3289729,1786524065984,,1786524065948.0,29.0,2026-08-12T08:41:07.0009721Z,125.0,,,oasis/bottle,,0.0,,,,,
,,,,,,,,,,,,,,,13.0,,,,,,,,,1.0,,,0.0,,,,,0.0,,,,,0.0,,,,,,,,,,,local.mqtt.telegraf,32.0,,37.34,,,,,,periodic,,23.0,,,,,6.0,5,08a6f76bd428,,,92752.0,43104.0,,6.0,651.0,,,,,,,,,,,,,652.0,,,,,08a6f76bd428-652,,,0.0,,,,,,,272.0,652.0,08:A6:F7:6B:D4:28,,,,,,9961.0,42.0,50.0,31.0,31.0,19.0,,,0.0,30.0,404.0,33.0,3.0,,,,3291166,1786524067421,3291179,1786524067434,,1786524067398.0,29.0,2026-08-12T08:41:08.4469343Z,125.0,,,oasis/bottle,,0.0,,,,,
,,,,,,,,,,,,,,,13.0,,,,,,,,,1.0,,,0.0,,,,,0.0,,,,,0.0,,,,,,,,,,,local.mqtt.telegraf,32.0,,37.15,,,,,,periodic,,23.0,,,,,6.0,5,08a6f76bd428,,,84400.0,43104.0,,6.0,652.0,,,,,,,,,,,,,653.0,,,,,08a6f76bd428-653,,,0.0,,,,,,,272.0,653.0,08:A6:F7:6B:D4:28,,,,,,11061.0,42.0,50.0,31.0,31.0,19.0,,,0.0,30.0,404.0,33.0,3.0,,,,3292266,1786524068521,3292279,1786524068534,,1786524068498.0,29.0,2026-08-12T08:41:09.5494795Z,125.0,,,oasis/bottle,,0.0,,,,,
,,,,,,,,,,,,,,,13.0,,,,,,,,,1.0,,,0.0,,,,,0.0,,,,,0.0,,,,,,,,,,,local.mqtt.telegraf,32.0,,37.15,,,,,,periodic,,23.0,,,,,6.0,5,08a6f76bd428,,,76704.0,43104.0,,7.0,653.0,,,,,,,,,,,,,654.0,,,,,08a6f76bd428-654,,,0.0,,,,,,,272.0,654.0,08:A6:F7:6B:D4:28,,,,,,12061.0,42.0,50.0,31.0,31.0,19.0,,,0.0,30.0,404.0,33.0,3.0,,,,3293266,1786524069521,3293279,1786524069534,,1786524069498.0,29.0,2026-08-12T08:41:10.5529023Z,125.0,,,oasis/bottle,,0.0,,,,,
,,,,,,,,,,,,,,,13.0,,,,,,,,,1.0,,,0.0,,,,,0.0,,,,,0.0,,,,,,,,,,,local.mqtt.telegraf,32.0,,36.84,,,,,,periodic,,23.0,,,,,6.0,5,08a6f76bd428,,,66384.0,43104.0,,7.0,654.0,,,,,,,,,,,,,655.0,,,,,08a6f76bd428-655,,,0.0,,,,,,,272.0,655.0,08:A6:F7:6B:D4:28,,,,,,13461.0,42.0,50.0,31.0,31.0,19.0,,,0.0,30.0,404.0,33.0,3.0,,,,3294666,1786524070921,3294679,1786524070934,,1786524070898.0,29.0,2026-08-12T08:41:11.952901Z,125.0,,,oasis/bottle,,0.0,,,,,
,,,,,,,,,,,,,,,13.0,,,,,,,,,1.0,,,0.0,,,,,0.0,,,,,0.0,,,,,,,,,,,local.mqtt.telegraf,32.0,,36.64,,,,,,periodic,,23.0,,,,,6.0,5,08a6f76bd428,,,58688.0,43104.0,,6.0,655.0,,,,,,,,,,,,,656.0,,,,,08a6f76bd428-656,,,0.0,,,,,,,272.0,656.0,08:A6:F7:6B:D4:28,,,,,,14461.0,42.0,50.0,31.0,31.0,19.0,,,0.0,30.0,404.0,33.0,3.0,,,,3295666,1786524071921,3295679,1786524071934,,1786524071898.0,29.0,2026-08-12T08:41:12.9656277Z,125.0,,,oasis/bottle,,0.0,,,,,
,,,,,,,,,,,,,,,13.0,,,,,,,,,1.0,,,0.0,,,,,0.0,,,,,0.0,,,,,,,,,,,local.mqtt.telegraf,32.0,,36.49,,,,,,periodic,,22.0,,,,,5.0,5,08a6f76bd428,,,48992.0,43104.0,,7.0,656.0,,,,,,,,,,,,,657.0,,,,,08a6f76bd428-657,,,0.0,,,,,,,273.0,657.0,08:A6:F7:6B:D4:28,,,,,,15851.0,42.0,50.0,31.0,31.0,19.0,,,0.0,30.0,404.0,33.0,3.0,,,,3297056,1786524073311,3297069,1786524073324,,1786524073289.0,29.0,2026-08-12T08:41:14.3507453Z,125.0,,,oasis/bottle,,0.0,,,,,
,,,,,,,,,,,,,,,13.0,,,,,,,,,1.0,,,0.0,,,,,0.0,,,,,0.0,,,,,,,,,,,local.mqtt.telegraf,32.0,,35.9,,,,,,periodic,,23.0,,,,,6.0,5,08a6f76bd428,,,118000.0,43104.0,,5.0,657.0,,,,,,,,,,,,,658.0,,,,,08a6f76bd428-658,,,0.0,,,,,,,272.0,658.0,08:A6:F7:6B:D4:28,,,,,,17431.0,42.0,50.0,31.0,31.0,19.0,,,0.0,30.0,404.0,33.0,3.0,,,,3298636,1786524074891,3298649,1786524074904,,1786524074868.0,29.0,2026-08-12T08:41:15.9183358Z,125.0,,,oasis/bottle,,0.0,,,,,
,,,,,,,,,,,,,,,13.0,,,,,,,,,1.0,,,0.0,,,,,0.0,,,,,0.0,,,,,,,,,,,local.mqtt.telegraf,32.0,,35.03,,,,,,periodic,,23.0,,,,,6.0,5,08a6f76bd428,,,108336.0,43104.0,,12.0,658.0,,,,,,,,,,,,,659.0,,,,,08a6f76bd428-659,,,0.0,,,,,,,272.0,659.0,08:A6:F7:6B:D4:28,,,,,,18801.0,42.0,50.0,31.0,31.0,19.0,,,0.0,30.0,404.0,33.0,3.0,,,,3300006,1786524076261,3300019,1786524076274,,1786524076238.0,29.0,2026-08-12T08:41:17.3021034Z,125.0,,,oasis/bottle,,0.0,,,,,
,,,,,,,,,,,,,,,14.0,,,,,,,,,1.0,,,0.0,,,,,0.0,,,,,0.0,,,,,,,,,,,local.mqtt.telegraf,32.0,,34.15,,,,,,periodic,,23.0,,,,,6.0,5,08a6f76bd428,,,97360.0,43104.0,,6.0,659.0,,,,,,,,,,,,,660.0,,,,,08a6f76bd428-660,,,0.0,,,,,,,272.0,660.0,08:A6:F7:6B:D4:28,,,,,,20331.0,42.0,50.0,31.0,31.0,19.0,,,0.0,30.0,404.0,33.0,3.0,,,,3301536,1786524077791,3301550,1786524077805,,1786524077768.0,29.0,2026-08-12T08:41:18.8130065Z,125.0,,,oasis/bottle,,0.0,,,,,
,,,,,,,,,,,,,,,13.0,,,,,,,,,1.0,,,0.0,,,,,0.0,,,,,0.0,,,,,,,,,,,local.mqtt.telegraf,32.0,,33.7,,,,,,periodic,,23.0,,,,,6.0,5,08a6f76bd428,,,76160.0,43104.0,,11.0,660.0,,,,,,,,,,,,,661.0,,,,,08a6f76bd428-661,,,0.0,,,,,,,272.0,661.0,08:A6:F7:6B:D4:28,,,,,,881.0,43.0,31.0,30.0,30.0,1.0,,,0.0,30.0,392.0,33.0,3.0,,,,3302836,1786524079091,3302849,1786524079104,,1786524079068.0,29.0,2026-08-12T08:41:20.1190238Z,129.0,,,oasis/bottle,,0.0,,,,,
,,,,,,,,,,,,,,,13.0,,,,,,,,,1.0,,,0.0,,,,,0.0,,,,,0.0,,,,,,,,,,,local.mqtt.telegraf,32.0,,33.75,,,,,,periodic,,23.0,,,,,6.0,5,08a6f76bd428,,,66496.0,43104.0,,10.0,661.0,,,,,,,,,,,,,662.0,,,,,08a6f76bd428-662,,,0.0,,,,,,,272.0,662.0,08:A6:F7:6B:D4:28,,,,,,2241.0,43.0,31.0,30.0,30.0,1.0,,,0.0,30.0,392.0,33.0,3.0,,,,3304196,1786524080451,3304209,1786524080464,,1786524080428.0,29.0,2026-08-12T08:41:21.4850862Z,129.0,,,oasis/bottle,,0.0,,,,,
,,,,,,,,,,,,,,,13.0,,,,,,,,,1.0,,,0.0,,,,,0.0,,,,,0.0,,,,,,,,,,,local.mqtt.telegraf,32.0,,34.09,,,,,,periodic,,23.0,,,,,6.0,5,08a6f76bd428,,,55520.0,43104.0,,6.0,662.0,,,,,,,,,,,,,663.0,,,,,08a6f76bd428-663,,,0.0,,,,,,,272.0,663.0,08:A6:F7:6B:D4:28,,,,,,3751.0,43.0,31.0,30.0,30.0,1.0,,,0.0,30.0,392.0,33.0,3.0,,,,3305706,1786524081961,3305719,1786524081974,,1786524081938.0,29.0,2026-08-12T08:41:22.9983638Z,129.0,,,oasis/bottle,,0.0,,,,,
,,,,,,,,,,,,,,,13.0,,,,,,,,,1.0,,,0.0,,,,,0.0,,,,,0.0,,,,,,,,,,,local.mqtt.telegraf,32.0,,34.17,,,,,,periodic,,23.0,,,,,6.0,5,08a6f76bd428,,,46512.0,43104.0,,6.0,663.0,,,,,,,,,,,,,664.0,,,,,08a6f76bd428-664,,,0.0,,,,,,,272.0,664.0,08:A6:F7:6B:D4:28,,,,,,4971.0,43.0,31.0,30.0,30.0,1.0,,,0.0,30.0,392.0,33.0,3.0,,,,3306926,1786524083181,3306939,1786524083194,,1786524083158.0,29.0,2026-08-12T08:41:24.2134662Z,129.0,,,oasis/bottle,,0.0,,,,,
,,,,,,,,,,,,,,,13.0,,,,,,,,,1.0,,,0.0,,,,,0.0,,,,,0.0,,,,,,,,,,,local.mqtt.telegraf,32.0,,33.94,,,,,,periodic,,23.0,,,,,6.0,5,08a6f76bd428,,,117360.0,43104.0,,6.0,664.0,,,,,,,,,,,,,665.0,,,,,08a6f76bd428-665,,,0.0,,,,,,,272.0,665.0,08:A6:F7:6B:D4:28,,,,,,6201.0,43.0,31.0,30.0,30.0,1.0,,,0.0,30.0,392.0,33.0,3.0,,,,3308156,1786524084411,3308169,1786524084424,,1786524084388.0,29.0,2026-08-12T08:41:25.4483196Z,129.0,,,oasis/bottle,,0.0,,,,,
,,,,,,,,,,,,,,,13.0,,,,,,,,,1.0,,,0.0,,,,,0.0,,,,,0.0,,,,,,,,,,,local.mqtt.telegraf,32.0,,33.71,,,,,,periodic,,23.0,,,,,6.0,5,08a6f76bd428,,,108352.0,43104.0,,6.0,665.0,,,,,,,,,,,,,666.0,,,,,08a6f76bd428-666,,,0.0,,,,,,,272.0,666.0,08:A6:F7:6B:D4:28,,,,,,7461.0,43.0,31.0,30.0,30.0,1.0,,,0.0,30.0,392.0,33.0,3.0,,,,3309416,1786524085671,3309429,1786524085684,,1786524085648.0,29.0,2026-08-12T08:41:26.7025438Z,129.0,,,oasis/bottle,,0.0,,,,,
,,,,,,,,,,,,,,,13.0,,,,,,,,,1.0,,,0.0,,,,,0.0,,,,,0.0,,,,,,,,,,,local.mqtt.telegraf,32.0,,33.43,,,,,,periodic,,23.0,,,,,6.0,5,08a6f76bd428,,,98688.0,43104.0,,6.0,666.0,,,,,,,,,,,,,667.0,,,,,08a6f76bd428-667,,,0.0,,,,,,,272.0,667.0,08:A6:F7:6B:D4:28,,,,,,8781.0,43.0,31.0,30.0,30.0,1.0,,,0.0,30.0,392.0,33.0,3.0,,,,3310736,1786524086991,3310749,1786524087004,,1786524086968.0,29.0,2026-08-12T08:41:28.0136501Z,129.0,,,oasis/bottle,,0.0,,,,,
,,,,,,,,,,,,,,,13.0,,,,,,,,,1.0,,,0.0,,,,,0.0,,,,,0.0,,,,,,,,,,,local.mqtt.telegraf,32.0,,32.89,,,,,,periodic,,23.0,,,,,6.0,5,08a6f76bd428,,,88368.0,43104.0,,6.0,667.0,,,,,,,,,,,,,668.0,,,,,08a6f76bd428-668,,,0.0,,,,,,,272.0,668.0,08:A6:F7:6B:D4:28,,,,,,10221.0,43.0,31.0,30.0,30.0,1.0,,,0.0,30.0,392.0,33.0,3.0,,,,3312176,1786524088431,3312189,1786524088444,,1786524088408.0,29.0,2026-08-12T08:41:29.4648123Z,129.0,,,oasis/bottle,,0.0,,,,,
,,,,,,,,,,,,,,,13.0,,,,,,,,,1.0,,,0.0,,,,,0.0,,,,,0.0,,,,,,,,,,,local.mqtt.telegraf,32.0,,32.88,,,,,,periodic,,23.0,,,,,6.0,5,08a6f76bd428,,,80016.0,43104.0,,6.0,668.0,,,,,,,,,,,,,669.0,,,,,08a6f76bd428-669,,,0.0,,,,,,,272.0,669.0,08:A6:F7:6B:D4:28,,,,,,11301.0,43.0,31.0,30.0,30.0,1.0,,,0.0,30.0,392.0,33.0,3.0,,,,3313256,1786524089511,3313269,1786524089524,,1786524089488.0,29.0,2026-08-12T08:41:30.549681Z,129.0,,,oasis/bottle,,0.0,,,,,
,,,,,,,,,,,,,,,13.0,,,,,,,,,1.0,,,0.0,,,,,0.0,,,,,0.0,,,,,,,,,,,local.mqtt.telegraf,32.0,,32.88,,,,,,periodic,,23.0,,,,,6.0,5,08a6f76bd428,,,69040.0,43104.0,,6.0,669.0,,,,,,,,,,,,,670.0,,,,,08a6f76bd428-670,,,0.0,,,,,,,272.0,670.0,08:A6:F7:6B:D4:28,,,,,,12861.0,43.0,31.0,30.0,30.0,1.0,,,0.0,30.0,392.0,33.0,3.0,,,,3314816,1786524091071,3314829,1786524091084,,1786524091048.0,29.0,2026-08-12T08:41:32.098573Z,129.0,,,oasis/bottle,,0.0,,,,,
,,,,,,,,,,,,,,,14.0,,,,,,,,,1.0,,,0.0,,,,,0.0,,,,,0.0,,,,,,,,,,,local.mqtt.telegraf,32.0,,32.88,,,,,,periodic,,23.0,,,,,6.0,5,08a6f76bd428,,,59376.0,43104.0,,6.0,670.0,,,,,,,,,,,,,671.0,,,,,08a6f76bd428-671,,,0.0,,,,,,,272.0,671.0,08:A6:F7:6B:D4:28,,,,,,14171.0,43.0,31.0,30.0,30.0,1.0,,,0.0,30.0,392.0,33.0,3.0,,,,3316126,1786524092381,3316140,1786524092395,,1786524092358.0,29.0,2026-08-12T08:41:33.4175696Z,129.0,,,oasis/bottle,,0.0,,,,,
,,,,,,,,,,,,,,,13.0,,,,,,,,,1.0,,,0.0,,,,,0.0,,,,,0.0,,,,,,,,,,,local.mqtt.telegraf,32.0,,32.73,,,,,,periodic,,23.0,,,,,6.0,5,08a6f76bd428,,,49056.0,43104.0,,6.0,671.0,,,,,,,,,,,,,672.0,,,,,08a6f76bd428-672,,,0.0,,,,,,,272.0,672.0,08:A6:F7:6B:D4:28,,,,,,15591.0,43.0,31.0,30.0,30.0,1.0,,,0.0,30.0,392.0,33.0,3.0,,,,3317546,1786524093801,3317559,1786524093814,,1786524093778.0,29.0,2026-08-12T08:41:34.8349074Z,129.0,,,oasis/bottle,,0.0,,,,,
,,,,,,,,,,,,,,,13.0,,,,,,,,,1.0,,,0.0,,,,,0.0,,,,,0.0,,,,,,,,,,,local.mqtt.telegraf,32.0,,32.7,,,,,,periodic,,23.0,,,,,6.0,5,08a6f76bd428,,,121184.0,43104.0,,6.0,672.0,,,,,,,,,,,,,673.0,,,,,08a6f76bd428-673,,,0.0,,,,,,,272.0,673.0,08:A6:F7:6B:D4:28,,,,,,16631.0,43.0,31.0,30.0,30.0,1.0,,,0.0,30.0,392.0,33.0,3.0,,,,3318586,1786524094841,3318599,1786524094854,,1786524094818.0,29.0,2026-08-12T08:41:35.8822823Z,129.0,,,oasis/bottle,,0.0,,,,,
,,,,,,,,,,,,,,,13.0,,,,,,,,,1.0,,,0.0,,,,,0.0,,,,,0.0,,,,,,,,,,,local.mqtt.telegraf,32.0,,32.57,,,,,,periodic,,23.0,,,,,6.0,5,08a6f76bd428,,,110864.0,43104.0,,5.0,673.0,,,,,,,,,,,,,674.0,,,,,08a6f76bd428-674,,,0.0,,,,,,,272.0,674.0,08:A6:F7:6B:D4:28,,,,,,18111.0,43.0,31.0,30.0,30.0,1.0,,,0.0,30.0,392.0,33.0,3.0,,,,3320066,1786524096321,3320079,1786524096334,,1786524096298.0,29.0,2026-08-12T08:41:37.3485621Z,129.0,,,oasis/bottle,,0.0,,,,,
,,,,,,,,,,,,,,,13.0,,,,,,,,,1.0,,,0.0,,,,,0.0,,,,,0.0,,,,,,,,,,,local.mqtt.telegraf,32.0,,32.45,,,,,,periodic,,23.0,,,,,6.0,5,08a6f76bd428,,,102512.0,43104.0,,6.0,674.0,,,,,,,,,,,,,675.0,,,,,08a6f76bd428-675,,,0.0,,,,,,,272.0,675.0,08:A6:F7:6B:D4:28,,,,,,19261.0,43.0,31.0,30.0,30.0,1.0,,,0.0,30.0,392.0,33.0,3.0,,,,3321216,1786524097471,3321229,1786524097484,,1786524097448.0,29.0,2026-08-12T08:41:38.5056745Z,129.0,,,oasis/bottle,,0.0,,,,,
,,,,,,,,,,,,,,,13.0,,,,,,,,,1.0,,,0.0,,,,,0.0,,,,,0.0,,,,,,,,,,,local.mqtt.telegraf,32.0,,32.33,,,,,,periodic,,21.0,,,,,5.0,5,08a6f76bd428,,,80832.0,43104.0,,7.0,675.0,,,,,,,,,,,,,676.0,,,,,08a6f76bd428-676,,,0.0,,,,,,,273.0,676.0,08:A6:F7:6B:D4:28,,,,,,682.0,44.0,31.0,29.0,29.0,2.0,,,0.0,29.0,404.0,31.0,3.0,,,,3322715,1786524098970,3322728,1786524098983,,1786524098949.0,29.0,2026-08-12T08:41:39.999545Z,130.0,,,oasis/bottle,,0.0,,,,,
,,,,,,,,,,,,,,,13.0,,,,,,,,,1.0,,,0.0,,,,,0.0,,,,,0.0,,,,,,,,,,,local.mqtt.telegraf,32.0,,32.32,,,,,,periodic,,24.0,,,,,6.0,5,08a6f76bd428,,,70512.0,43104.0,,5.0,676.0,,,,,,,,,,,,,677.0,,,,,08a6f76bd428-677,,,0.0,,,,,,,272.0,677.0,08:A6:F7:6B:D4:28,,,,,,2081.0,44.0,31.0,29.0,29.0,2.0,,,0.0,29.0,404.0,31.0,3.0,,,,3324116,1786524100371,3324129,1786524100384,,1786524100347.0,29.0,2026-08-12T08:41:41.4166276Z,130.0,,,oasis/bottle,,0.0,,,,,
,,,,,,,,,,,,,,,13.0,,,,,,,,,1.0,,,0.0,,,,,0.0,,,,,0.0,,,,,,,,,,,local.mqtt.telegraf,32.0,,32.37,,,,,,periodic,,24.0,,,,,6.0,5,08a6f76bd428,,,62816.0,43104.0,,6.0,677.0,,,,,,,,,,,,,678.0,,,,,08a6f76bd428-678,,,0.0,,,,,,,272.0,678.0,08:A6:F7:6B:D4:28,,,,,,3081.0,44.0,31.0,29.0,29.0,2.0,,,0.0,29.0,404.0,31.0,3.0,,,,3325116,1786524101371,3325129,1786524101384,,1786524101347.0,29.0,2026-08-12T08:41:42.3990041Z,130.0,,,oasis/bottle,,0.0,,,,,
,,,,,,,,,,,,,,,13.0,,,,,,,,,1.0,,,0.0,,,,,0.0,,,,,0.0,,,,,,,,,,,local.mqtt.telegraf,32.0,,32.36,,,,,,periodic,,23.0,,,,,5.0,5,08a6f76bd428,,,53120.0,43104.0,,6.0,678.0,,,,,,,,,,,,,679.0,,,,,08a6f76bd428-679,,,0.0,,,,,,,273.0,679.0,08:A6:F7:6B:D4:28,,,,,,4471.0,44.0,31.0,29.0,29.0,2.0,,,0.0,29.0,404.0,31.0,3.0,,,,3326506,1786524102761,3326519,1786524102774,,1786524102738.0,29.0,2026-08-12T08:41:43.8020322Z,130.0,,,oasis/bottle,,0.0,,,,,
,,,,,,,,,,,,,,,13.0,,,,,,,,,1.0,,,0.0,,,,,0.0,,,,,0.0,,,,,,,,,,,local.mqtt.telegraf,32.0,,32.48,,,,,,periodic,,24.0,,,,,6.0,5,08a6f76bd428,,,121776.0,43104.0,,7.0,679.0,,,,,,,,,,,,,680.0,,,,,08a6f76bd428-680,,,0.0,,,,,,,272.0,680.0,08:A6:F7:6B:D4:28,,,,,,6061.0,44.0,31.0,29.0,29.0,2.0,,,0.0,29.0,404.0,31.0,3.0,,,,3328096,1786524104351,3328109,1786524104364,,1786524104327.0,29.0,2026-08-12T08:41:45.3878095Z,130.0,,,oasis/bottle,,0.0,,,,,
,,,,,,,,,,,,,,,13.0,,,,,,,,,1.0,,,0.0,,,,,0.0,,,,,0.0,,,,,,,,,,,local.mqtt.telegraf,32.0,,32.45,,,,,,periodic,,24.0,,,,,6.0,5,08a6f76bd428,,,112112.0,43104.0,,5.0,680.0,,,,,,,,,,,,,681.0,,,,,08a6f76bd428-681,,,0.0,,,,,,,272.0,681.0,08:A6:F7:6B:D4:28,,,,,,7431.0,44.0,31.0,29.0,29.0,2.0,,,0.0,29.0,404.0,31.0,3.0,,,,3329466,1786524105721,3329479,1786524105734,,1786524105697.0,29.0,2026-08-12T08:41:46.7991222Z,130.0,,,oasis/bottle,,0.0,,,,,
,,,,,,,,,,,,,,,13.0,,,,,,,,,1.0,,,0.0,,,,,0.0,,,,,0.0,,,,,,,,,,,local.mqtt.telegraf,32.0,,32.45,,,,,,periodic,,24.0,,,,,6.0,5,08a6f76bd428,,,101136.0,43104.0,,6.0,681.0,,,,,,,,,,,,,682.0,,,,,08a6f76bd428-682,,,0.0,,,,,,,272.0,682.0,08:A6:F7:6B:D4:28,,,,,,8971.0,44.0,31.0,29.0,29.0,2.0,,,0.0,29.0,404.0,31.0,3.0,,,,3331006,1786524107261,3331019,1786524107274,,1786524107237.0,29.0,2026-08-12T08:41:48.2994668Z,130.0,,,oasis/bottle,,0.0,,,,,
,,,,,,,,,,,,,,,13.0,,,,,,,,,1.0,,,0.0,,,,,0.0,,,,,0.0,,,,,,,,,,,local.mqtt.telegraf,32.0,,32.45,,,,,,periodic,,24.0,,,,,6.0,5,08a6f76bd428,,,92128.0,43104.0,,6.0,682.0,,,,,,,,,,,,,683.0,,,,,08a6f76bd428-683,,,0.0,,,,,,,272.0,683.0,08:A6:F7:6B:D4:28,,,,,,10241.0,44.0,31.0,29.0,29.0,2.0,,,0.0,29.0,404.0,31.0,3.0,,,,3332276,1786524108531,3332289,1786524108544,,1786524108507.0,29.0,2026-08-12T08:41:49.5669634Z,130.0,,,oasis/bottle,,0.0,,,,,
,,,,,,,,,,,,,,,13.0,,,,,,,,,1.0,,,0.0,,,,,0.0,,,,,0.0,,,,,,,,,,,local.mqtt.telegraf,32.0,,32.44,,,,,,periodic,,24.0,,,,,6.0,5,08a6f76bd428,,,82464.0,43104.0,,7.0,683.0,,,,,,,,,,,,,684.0,,,,,08a6f76bd428-684,,,0.0,,,,,,,272.0,684.0,08:A6:F7:6B:D4:28,,,,,,11581.0,44.0,31.0,29.0,29.0,2.0,,,0.0,29.0,404.0,31.0,3.0,,,,3333616,1786524109871,3333629,1786524109884,,1786524109847.0,29.0,2026-08-12T08:41:50.8991765Z,130.0,,,oasis/bottle,,0.0,,,,,
,,,,,,,,,,,,,,,13.0,,,,,,,,,1.0,,,0.0,,,,,0.0,,,,,0.0,,,,,,,,,,,local.mqtt.telegraf,32.0,,32.03,,,,,,periodic,,24.0,,,,,6.0,5,08a6f76bd428,,,72144.0,43104.0,,6.0,684.0,,,,,,,,,,,,,685.0,,,,,08a6f76bd428-685,,,0.0,,,,,,,272.0,685.0,08:A6:F7:6B:D4:28,,,,,,13061.0,44.0,31.0,29.0,29.0,2.0,,,0.0,29.0,404.0,31.0,3.0,,,,3335096,1786524111351,3335109,1786524111364,,1786524111327.0,29.0,2026-08-12T08:41:52.384981Z,130.0,,,oasis/bottle,,0.0,,,,,
,,,,,,,,,,,,,,,13.0,,,,,,,,,1.0,,,0.0,,,,,0.0,,,,,0.0,,,,,,,,,,,local.mqtt.telegraf,32.0,,32.15,,,,,,periodic,,24.0,,,,,6.0,5,08a6f76bd428,,,63792.0,43104.0,,6.0,685.0,,,,,,,,,,,,,686.0,,,,,08a6f76bd428-686,,,0.0,,,,,,,272.0,686.0,08:A6:F7:6B:D4:28,,,,,,14221.0,44.0,31.0,29.0,29.0,2.0,,,0.0,29.0,404.0,31.0,3.0,,,,3336256,1786524112511,3336269,1786524112524,,1786524112487.0,29.0,2026-08-12T08:41:53.5465849Z,130.0,,,oasis/bottle,,0.0,,,,,
,,,,,,,,,,,,,,,13.0,,,,,,,,,1.0,,,0.0,,,,,0.0,,,,,0.0,,,,,,,,,,,local.mqtt.telegraf,32.0,,32.32,,,,,,periodic,,24.0,,,,,6.0,5,08a6f76bd428,,,55440.0,43104.0,,6.0,686.0,,,,,,,,,,,,,687.0,,,,,08a6f76bd428-687,,,0.0,,,,,,,272.0,687.0,08:A6:F7:6B:D4:28,,,,,,15341.0,44.0,31.0,29.0,29.0,2.0,,,0.0,29.0,404.0,31.0,3.0,,,,3337376,1786524113631,3337389,1786524113644,,1786524113607.0,29.0,2026-08-12T08:41:54.6555049Z,130.0,,,oasis/bottle,,0.0,,,,,
,,,,,,,,,,,,,,,13.0,,,,,,,,,1.0,,,0.0,,,,,0.0,,,,,0.0,,,,,,,,,,,local.mqtt.telegraf,32.0,,32.45,,,,,,periodic,,24.0,,,,,6.0,5,08a6f76bd428,,,47744.0,43104.0,,6.0,687.0,,,,,,,,,,,,,688.0,,,,,08a6f76bd428-688,,,0.0,,,,,,,272.0,688.0,08:A6:F7:6B:D4:28,,,,,,16371.0,44.0,31.0,29.0,29.0,2.0,,,0.0,29.0,404.0,31.0,3.0,,,,3338406,1786524114661,3338419,1786524114674,,1786524114637.0,29.0,2026-08-12T08:41:55.6920421Z,130.0,,,oasis/bottle,,0.0,,,,,
,,,,,,,,,,,,,,,13.0,,,,,,,,,1.0,,,0.0,,,,,0.0,,,,,0.0,,,,,,,,,,,local.mqtt.telegraf,32.0,,32.36,,,,,,periodic,,24.0,,,,,6.0,5,08a6f76bd428,,,117152.0,43104.0,,6.0,688.0,,,,,,,,,,,,,689.0,,,,,08a6f76bd428-689,,,0.0,,,,,,,272.0,689.0,08:A6:F7:6B:D4:28,,,,,,17831.0,44.0,31.0,29.0,29.0,2.0,,,0.0,29.0,404.0,31.0,3.0,,,,3339866,1786524116121,3339879,1786524116134,,1786524116097.0,29.0,2026-08-12T08:41:57.1625758Z,130.0,,,oasis/bottle,,0.0,,,,,
,,,,,,,,,,,,,,,13.0,,,,,,,,,1.0,,,0.0,,,,,0.0,,,,,0.0,,,,,,,,,,,local.mqtt.telegraf,32.0,,32.23,,,,,,periodic,,24.0,,,,,6.0,5,08a6f76bd428,,,108800.0,43104.0,,7.0,689.0,,,,,,,,,,,,,690.0,,,,,08a6f76bd428-690,,,0.0,,,,,,,272.0,690.0,08:A6:F7:6B:D4:28,,,,,,18951.0,44.0,31.0,29.0,29.0,2.0,,,0.0,29.0,404.0,31.0,3.0,,,,3340986,1786524117241,3340999,1786524117254,,1786524117217.0,29.0,2026-08-12T08:41:58.2687426Z,130.0,,,oasis/bottle,,0.0,,,,,
,,,,,,,,,,,,,,,13.0,,,,,,,,,1.0,,,0.0,,,,,0.0,,,,,0.0,,,,,,,,,,,local.mqtt.telegraf,32.0,,32.07,,,,,,periodic,,23.0,,,,,5.0,5,08a6f76bd428,,,100240.0,43104.0,,6.0,690.0,,,,,,,,,,,,,691.0,,,,,08a6f76bd428-691,,,0.0,,,,,,,273.0,691.0,08:A6:F7:6B:D4:28,,,,,,20031.0,44.0,31.0,29.0,29.0,2.0,,,0.0,29.0,404.0,31.0,3.0,,,,3342066,1786524118321,3342079,1786524118334,,1786524118298.0,29.0,2026-08-12T08:41:59.3691938Z,130.0,,,oasis/bottle,,0.0,,,,,
,,,,,,,,,,,,,,,13.0,,,,,,,,,1.0,,,0.0,,,,,0.0,,,,,0.0,,,,,,,,,,,local.mqtt.telegraf,32.0,,32.02,,,,,,periodic,,23.0,,,,,5.0,5,08a6f76bd428,,,78592.0,43104.0,,5.0,691.0,,,,,,,,,,,,,692.0,,,,,08a6f76bd428-692,,,0.0,,,,,,,272.0,692.0,08:A6:F7:6B:D4:28,,,,,,1111.0,45.0,31.0,29.0,29.0,2.0,,,0.0,29.0,384.0,31.0,3.0,,,,3343586,1786524119841,3343599,1786524119854,,1786524119818.0,29.0,2026-08-12T08:42:00.8674366Z,133.0,,,oasis/bottle,,0.0,,,,,
,,,,,,,,,,,,,,,13.0,,,,,,,,,1.0,,,0.0,,,,,0.0,,,,,0.0,,,,,,,,,,,local.mqtt.telegraf,32.0,,31.93,,,,,,periodic,,24.0,,,,,6.0,5,08a6f76bd428,,,69584.0,43104.0,,6.0,692.0,,,,,,,,,,,,,693.0,,,,,08a6f76bd428-693,,,0.0,,,,,,,272.0,693.0,08:A6:F7:6B:D4:28,,,,,,2351.0,45.0,31.0,29.0,29.0,2.0,,,0.0,29.0,384.0,31.0,3.0,,,,3344826,1786524121081,3344839,1786524121094,,1786524121057.0,29.0,2026-08-12T08:42:02.1150782Z,133.0,,,oasis/bottle,,0.0,,,,,
,,,,,,,,,,,,,,,13.0,,,,,,,,,1.0,,,0.0,,,,,0.0,,,,,0.0,,,,,,,,,,,local.mqtt.telegraf,32.0,,31.76,,,,,,periodic,,24.0,,,,,6.0,5,08a6f76bd428,,,60576.0,43104.0,,6.0,693.0,,,,,,,,,,,,,694.0,,,,,08a6f76bd428-694,,,0.0,,,,,,,272.0,694.0,08:A6:F7:6B:D4:28,,,,,,3621.0,45.0,31.0,29.0,29.0,2.0,,,0.0,29.0,384.0,31.0,3.0,,,,3346096,1786524122351,3346109,1786524122364,,1786524122327.0,29.0,2026-08-12T08:42:03.3787679Z,133.0,,,oasis/bottle,,0.0,,,,,
,,,,,,,,,,,,,,,13.0,,,,,,,,,1.0,,,0.0,,,,,0.0,,,,,0.0,,,,,,,,,,,local.mqtt.telegraf,32.0,,31.66,,,,,,periodic,,24.0,,,,,6.0,5,08a6f76bd428,,,50912.0,43104.0,,6.0,694.0,,,,,,,,,,,,,695.0,,,,,08a6f76bd428-695,,,0.0,,,,,,,272.0,695.0,08:A6:F7:6B:D4:28,,,,,,4961.0,45.0,31.0,29.0,29.0,2.0,,,0.0,29.0,384.0,31.0,3.0,,,,3347436,1786524123691,3347449,1786524123704,,1786524123667.0,29.0,2026-08-12T08:42:04.7467108Z,133.0,,,oasis/bottle,,0.0,,,,,
,,,,,,,,,,,,,,,13.0,,,,,,,,,1.0,,,0.0,,,,,0.0,,,,,0.0,,,,,,,,,,,local.mqtt.telegraf,32.0,,31.82,,,,,,periodic,,25.0,,,,,6.0,5,08a6f76bd428,,,120432.0,43104.0,,6.0,695.0,,,,,,,,,,,,,696.0,,,,,08a6f76bd428-696,,,0.0,,,,,,,272.0,696.0,08:A6:F7:6B:D4:28,,,,,,6441.0,45.0,31.0,29.0,29.0,2.0,,,0.0,29.0,384.0,31.0,3.0,,,,3348917,1786524125172,3348930,1786524125185,,1786524125147.0,29.0,2026-08-12T08:42:06.1934729Z,133.0,,,oasis/bottle,,0.0,,,,,
,,,,,,,,,,,,,,,13.0,,,,,,,,,1.0,,,0.0,,,,,0.0,,,,,0.0,,,,,,,,,,,local.mqtt.telegraf,32.0,,31.8,,,,,,periodic,,24.0,,,,,6.0,5,08a6f76bd428,,,112080.0,43104.0,,10.0,696.0,,,,,,,,,,,,,697.0,,,,,08a6f76bd428-697,,,0.0,,,,,,,272.0,697.0,08:A6:F7:6B:D4:28,,,,,,7601.0,45.0,31.0,29.0,29.0,2.0,,,0.0,29.0,384.0,31.0,3.0,,,,3350076,1786524126331,3350089,1786524126344,,1786524126307.0,29.0,2026-08-12T08:42:07.3547251Z,133.0,,,oasis/bottle,,0.0,,,,,
,,,,,,,,,,,,,,,13.0,,,,,,,,,1.0,,,0.0,,,,,0.0,,,,,0.0,,,,,,,,,,,local.mqtt.telegraf,32.0,,31.72,,,,,,periodic,,24.0,,,,,6.0,5,08a6f76bd428,,,103728.0,43104.0,,10.0,697.0,,,,,,,,,,,,,698.0,,,,,08a6f76bd428-698,,,0.0,,,,,,,272.0,698.0,08:A6:F7:6B:D4:28,,,,,,8721.0,45.0,31.0,29.0,29.0,2.0,,,0.0,29.0,384.0,31.0,3.0,,,,3351196,1786524127451,3351209,1786524127464,,1786524127427.0,29.0,2026-08-12T08:42:08.4843962Z,133.0,,,oasis/bottle,,0.0,,,,,
,,,,,,,,,,,,,,,13.0,,,,,,,,,1.0,,,0.0,,,,,0.0,,,,,0.0,,,,,,,,,,,local.mqtt.telegraf,32.0,,31.78,,,,,,periodic,,24.0,,,,,6.0,5,08a6f76bd428,,,96032.0,43104.0,,6.0,698.0,,,,,,,,,,,,,699.0,,,,,08a6f76bd428-699,,,0.0,,,,,,,272.0,699.0,08:A6:F7:6B:D4:28,,,,,,9751.0,45.0,31.0,29.0,29.0,2.0,,,0.0,29.0,384.0,31.0,3.0,,,,3352226,1786524128481,3352239,1786524128494,,1786524128457.0,29.0,2026-08-12T08:42:09.5181373Z,133.0,,,oasis/bottle,,0.0,,,,,
,,,,,,,,,,,,,,,17.0,,,,,,,,,1.0,,,0.0,,,,,0.0,,,,,0.0,,,,,,,,,,,local.mqtt.telegraf,32.0,,31.67,,,,,,periodic,,24.0,,,,,6.0,5,08a6f76bd428,,,85712.0,43104.0,,7.0,699.0,,,,,,,,,,,,,700.0,,,,,08a6f76bd428-700,,,0.0,,,,,,,272.0,700.0,08:A6:F7:6B:D4:28,,,,,,11211.0,45.0,31.0,29.0,29.0,2.0,,,0.0,29.0,384.0,31.0,3.0,,,,3353686,1786524129941,3353703,1786524129958,,1786524129917.0,29.0,2026-08-12T08:42:10.9877048Z,133.0,,,oasis/bottle,,0.0,,,,,
,,,,,,,,,,,,,,,13.0,,,,,,,,,1.0,,,0.0,,,,,0.0,,,,,0.0,,,,,,,,,,,local.mqtt.telegraf,32.0,,31.71,,,,,,periodic,,24.0,,,,,6.0,5,08a6f76bd428,,,77360.0,43104.0,,6.0,700.0,,,,,,,,,,,,,701.0,,,,,08a6f76bd428-701,,,0.0,,,,,,,272.0,701.0,08:A6:F7:6B:D4:28,,,,,,12331.0,45.0,31.0,29.0,29.0,2.0,,,0.0,29.0,384.0,31.0,3.0,,,,3354806,1786524131061,3354819,1786524131074,,1786524131037.0,29.0,2026-08-12T08:42:12.0972828Z,133.0,,,oasis/bottle,,0.0,,,,,
,,,,,,,,,,,,,,,13.0,,,,,,,,,1.0,,,0.0,,,,,0.0,,,,,0.0,,,,,,,,,,,local.mqtt.telegraf,32.0,,31.76,,,,,,periodic,,24.0,,,,,6.0,5,08a6f76bd428,,,69664.0,43104.0,,6.0,701.0,,,,,,,,,,,,,702.0,,,,,08a6f76bd428-702,,,0.0,,,,,,,272.0,702.0,08:A6:F7:6B:D4:28,,,,,,13361.0,45.0,31.0,29.0,29.0,2.0,,,0.0,29.0,384.0,31.0,3.0,,,,3355836,1786524132091,3355849,1786524132104,,1786524132067.0,29.0,2026-08-12T08:42:13.1359569Z,133.0,,,oasis/bottle,,0.0,,,,,
,,,,,,,,,,,,,,,14.0,,,,,,,,,1.0,,,0.0,,,,,0.0,,,,,0.0,,,,,,,,,,,local.mqtt.telegraf,32.0,,31.74,,,,,,periodic,,24.0,,,,,6.0,5,08a6f76bd428,,,59344.0,43104.0,,6.0,702.0,,,,,,,,,,,,,703.0,,,,,08a6f76bd428-703,,,0.0,,,,,,,272.0,703.0,08:A6:F7:6B:D4:28,,,,,,14821.0,45.0,31.0,29.0,29.0,2.0,,,0.0,29.0,384.0,31.0,3.0,,,,3357296,1786524133551,3357310,1786524133565,,1786524133527.0,29.0,2026-08-12T08:42:14.5994758Z,133.0,,,oasis/bottle,,0.0,,,,,
,,,,,,,,,,,,,,,13.0,,,,,,,,,1.0,,,0.0,,,,,0.0,,,,,0.0,,,,,,,,,,,local.mqtt.telegraf,32.0,,31.74,,,,,,periodic,,24.0,,,,,6.0,5,08a6f76bd428,,,50992.0,43104.0,,6.0,703.0,,,,,,,,,,,,,704.0,,,,,08a6f76bd428-704,,,0.0,,,,,,,272.0,704.0,08:A6:F7:6B:D4:28,,,,,,15941.0,45.0,31.0,29.0,29.0,2.0,,,0.0,29.0,384.0,31.0,3.0,,,,3358416,1786524134671,3358429,1786524134684,,1786524134647.0,29.0,2026-08-12T08:42:15.7080384Z,133.0,,,oasis/bottle,,0.0,,,,,
,,,,,,,,,,,,,,,13.0,,,,,,,,,1.0,,,0.0,,,,,0.0,,,,,0.0,,,,,,,,,,,local.mqtt.telegraf,32.0,,31.6,,,,,,periodic,,34.0,,,,,11.0,5,08a6f76bd428,,,43296.0,43104.0,,6.0,704.0,,,,,,,,,,,,,705.0,,,,,08a6f76bd428-705,,,0.0,,,,,,,272.0,705.0,08:A6:F7:6B:D4:28,,,,,,16981.0,45.0,31.0,29.0,29.0,2.0,,,0.0,29.0,384.0,31.0,3.0,,,,3359466,1786524135721,3359479,1786524135734,,1786524135687.0,29.0,2026-08-12T08:42:16.7702447Z,133.0,,,oasis/bottle,,0.0,,,,,
,,,,,,,,,,,,,,,13.0,,,,,,,,,1.0,,,0.0,,,,,0.0,,,,,0.0,,,,,,,,,,,local.mqtt.telegraf,32.0,,31.76,,,,,,periodic,,24.0,,,,,6.0,5,08a6f76bd428,,,112592.0,43104.0,,10.0,705.0,,,,,,,,,,,,,706.0,,,,,08a6f76bd428-706,,,0.0,,,,,,,272.0,706.0,08:A6:F7:6B:D4:28,,,,,,18481.0,45.0,31.0,29.0,29.0,2.0,,,0.0,29.0,384.0,31.0,3.0,,,,3360956,1786524137211,3360969,1786524137224,,1786524137187.0,29.0,2026-08-12T08:42:18.2429886Z,133.0,,,oasis/bottle,,0.0,,,,,
,,,,,,,,,,,,,,,14.0,,,,,,,,,1.0,,,0.0,,,,,0.0,,,,,0.0,,,,,,,,,,,local.mqtt.telegraf,32.0,,31.59,,,,,,periodic,,23.0,,,,,5.0,5,08a6f76bd428,,,104208.0,43104.0,,6.0,706.0,,,,,,,,,,,,,707.0,,,,,08a6f76bd428-707,,,0.0,,,,,,,273.0,707.0,08:A6:F7:6B:D4:28,,,,,,19651.0,45.0,31.0,29.0,29.0,2.0,,,0.0,29.0,384.0,31.0,3.0,,,,3362126,1786524138381,3362140,1786524138395,,1786524138358.0,29.0,2026-08-12T08:42:19.415731Z,133.0,,,oasis/bottle,,0.0,,,,,
,,,,,,,,,,,,,,,14.0,,,,,,,,,1.0,,,0.0,,,,,0.0,,,,,0.0,,,,,,,,,,,local.mqtt.telegraf,32.0,,31.58,,,,,,periodic,,21.0,,,,,5.0,5,08a6f76bd428,,,83216.0,43104.0,,9.0,707.0,,,,,,,,,,,,,708.0,,,,,08a6f76bd428-708,,,0.0,,,,,,,273.0,708.0,08:A6:F7:6B:D4:28,,,,,,682.0,46.0,31.0,29.0,29.0,2.0,,,0.0,29.0,405.0,31.0,3.0,,,,3363575,1786524139830,3363589,1786524139844,,1786524139809.0,29.0,2026-08-12T08:42:20.8510687Z,136.0,,,oasis/bottle,,0.0,,,,,
,,,,,,,,,,,,,,,13.0,,,,,,,,,1.0,,,0.0,,,,,0.0,,,,,0.0,,,,,,,,,,,local.mqtt.telegraf,32.0,,31.59,,,,,,periodic,,23.0,,,,,5.0,5,08a6f76bd428,,,73520.0,43104.0,,6.0,708.0,,,,,,,,,,,,,709.0,,,,,08a6f76bd428-709,,,0.0,,,,,,,273.0,709.0,08:A6:F7:6B:D4:28,,,,,,2071.0,46.0,31.0,29.0,29.0,2.0,,,0.0,29.0,405.0,31.0,3.0,,,,3364966,1786524141221,3364979,1786524141234,,1786524141198.0,29.0,2026-08-12T08:42:22.2510107Z,136.0,,,oasis/bottle,,0.0,,,,,
,,,,,,,,,,,,,,,13.0,,,,,,,,,1.0,,,0.0,,,,,0.0,,,,,0.0,,,,,,,,,,,local.mqtt.telegraf,32.0,,31.55,,,,,,periodic,,24.0,,,,,6.0,5,08a6f76bd428,,,62528.0,43104.0,,5.0,709.0,,,,,,,,,,,,,710.0,,,,,08a6f76bd428-710,,,0.0,,,,,,,272.0,710.0,08:A6:F7:6B:D4:28,,,,,,3651.0,46.0,31.0,29.0,29.0,2.0,,,0.0,29.0,405.0,31.0,3.0,,,,3366546,1786524142801,3366559,1786524142814,,1786524142777.0,29.0,2026-08-12T08:42:23.828391Z,136.0,,,oasis/bottle,,0.0,,,,,
,,,,,,,,,,,,,,,13.0,,,,,,,,,1.0,,,0.0,,,,,0.0,,,,,0.0,,,,,,,,,,,local.mqtt.telegraf,32.0,,31.56,,,,,,periodic,,24.0,,,,,6.0,5,08a6f76bd428,,,52864.0,43104.0,,6.0,710.0,,,,,,,,,,,,,711.0,,,,,08a6f76bd428-711,,,0.0,,,,,,,272.0,711.0,08:A6:F7:6B:D4:28,,,,,,5011.0,46.0,31.0,29.0,29.0,2.0,,,0.0,29.0,405.0,31.0,3.0,,,,3367906,1786524144161,3367919,1786524144174,,1786524144137.0,29.0,2026-08-12T08:42:25.1880684Z,136.0,,,oasis/bottle,,0.0,,,,,
,,,,,,,,,,,,,,,13.0,,,,,,,,,1.0,,,0.0,,,,,0.0,,,,,0.0,,,,,,,,,,,local.mqtt.telegraf,32.0,,31.55,,,,,,periodic,,24.0,,,,,6.0,5,08a6f76bd428,,,121488.0,43104.0,,6.0,711.0,,,,,,,,,,,,,712.0,,,,,08a6f76bd428-712,,,0.0,,,,,,,272.0,712.0,08:A6:F7:6B:D4:28,,,,,,6521.0,46.0,31.0,29.0,29.0,2.0,,,0.0,29.0,405.0,31.0,3.0,,,,3369416,1786524145671,3369429,1786524145684,,1786524145647.0,29.0,2026-08-12T08:42:26.7019505Z,136.0,,,oasis/bottle,,0.0,,,,,
,,,,,,,,,,,,,,,13.0,,,,,,,,,1.0,,,0.0,,,,,0.0,,,,,0.0,,,,,,,,,,,local.mqtt.telegraf,32.0,,31.42,,,,,,periodic,,24.0,,,,,6.0,5,08a6f76bd428,,,112480.0,43104.0,,6.0,712.0,,,,,,,,,,,,,713.0,,,,,08a6f76bd428-713,,,0.0,,,,,,,272.0,713.0,08:A6:F7:6B:D4:28,,,,,,7741.0,46.0,31.0,29.0,29.0,2.0,,,0.0,29.0,405.0,31.0,3.0,,,,3370636,1786524146891,3370649,1786524146904,,1786524146867.0,29.0,2026-08-12T08:42:27.9242042Z,136.0,,,oasis/bottle,,0.0,,,,,
,,,,,,,,,,,,,,,13.0,,,,,,,,,1.0,,,0.0,,,,,0.0,,,,,0.0,,,,,,,,,,,local.mqtt.telegraf,32.0,,31.56,,,,,,periodic,,24.0,,,,,6.0,5,08a6f76bd428,,,103472.0,43104.0,,6.0,713.0,,,,,,,,,,,,,714.0,,,,,08a6f76bd428-714,,,0.0,,,,,,,272.0,714.0,08:A6:F7:6B:D4:28,,,,,,8981.0,46.0,31.0,29.0,29.0,2.0,,,0.0,29.0,405.0,31.0,3.0,,,,3371876,1786524148131,3371889,1786524148144,,1786524148107.0,29.0,2026-08-12T08:42:29.1672913Z,136.0,,,oasis/bottle,,0.0,,,,,
,,,,,,,,,,,,,,,13.0,,,,,,,,,1.0,,,0.0,,,,,0.0,,,,,0.0,,,,,,,,,,,local.mqtt.telegraf,32.0,,31.55,,,,,,periodic,,24.0,,,,,6.0,5,08a6f76bd428,,,94464.0,43104.0,,6.0,714.0,,,,,,,,,,,,,715.0,,,,,08a6f76bd428-715,,,0.0,,,,,,,272.0,715.0,08:A6:F7:6B:D4:28,,,,,,10261.0,46.0,31.0,29.0,29.0,2.0,,,0.0,29.0,405.0,31.0,3.0,,,,3373156,1786524149411,3373169,1786524149424,,1786524149387.0,29.0,2026-08-12T08:42:30.4441653Z,136.0,,,oasis/bottle,,0.0,,,,,
,,,,,,,,,,,,,,,14.0,,,,,,,,,1.0,,,0.0,,,,,0.0,,,,,0.0,,,,,,,,,,,local.mqtt.telegraf,32.0,,31.59,,,,,,periodic,,24.0,,,,,6.0,5,08a6f76bd428,,,84800.0,43104.0,,6.0,715.0,,,,,,,,,,,,,716.0,,,,,08a6f76bd428-716,,,0.0,,,,,,,272.0,716.0,08:A6:F7:6B:D4:28,,,,,,11611.0,46.0,31.0,29.0,29.0,2.0,,,0.0,29.0,405.0,31.0,3.0,,,,3374506,1786524150761,3374520,1786524150775,,1786524150737.0,29.0,2026-08-12T08:42:31.7805707Z,136.0,,,oasis/bottle,,0.0,,,,,
,,,,,,,,,,,,,,,13.0,,,,,,,,,1.0,,,0.0,,,,,0.0,,,,,0.0,,,,,,,,,,,local.mqtt.telegraf,32.0,,31.58,,,,,,periodic,,23.0,,,,,5.0,5,08a6f76bd428,,,74448.0,43104.0,,6.0,716.0,,,,,,,,,,,,,717.0,,,,,08a6f76bd428-717,,,0.0,,,,,,,273.0,717.0,08:A6:F7:6B:D4:28,,,,,,13111.0,46.0,31.0,29.0,29.0,2.0,,,0.0,29.0,405.0,31.0,3.0,,,,3376006,1786524152261,3376019,1786524152274,,1786524152238.0,29.0,2026-08-12T08:42:33.2962759Z,136.0,,,oasis/bottle,,0.0,,,,,
,,,,,,,,,,,,,,,13.0,,,,,,,,,1.0,,,0.0,,,,,0.0,,,,,0.0,,,,,,,,,,,local.mqtt.telegraf,32.0,,31.55,,,,,,periodic,,24.0,,,,,6.0,5,08a6f76bd428,,,65424.0,43104.0,,5.0,717.0,,,,,,,,,,,,,718.0,,,,,08a6f76bd428-718,,,0.0,,,,,,,272.0,718.0,08:A6:F7:6B:D4:28,,,,,,14311.0,46.0,31.0,29.0,29.0,2.0,,,0.0,29.0,405.0,31.0,3.0,,,,3377206,1786524153461,3377219,1786524153474,,1786524153437.0,29.0,2026-08-12T08:42:34.4835332Z,136.0,,,oasis/bottle,,0.0,,,,,
,,,,,,,,,,,,,,,13.0,,,,,,,,,1.0,,,0.0,,,,,0.0,,,,,0.0,,,,,,,,,,,local.mqtt.telegraf,32.0,,31.59,,,,,,periodic,,34.0,,,,,6.0,5,08a6f76bd428,,,56416.0,43104.0,,6.0,718.0,,,,,,,,,,,,,719.0,,,,,08a6f76bd428-719,,,0.0,,,,,,,272.0,719.0,08:A6:F7:6B:D4:28,,,,,,15511.0,46.0,31.0,29.0,29.0,2.0,,,0.0,29.0,405.0,31.0,3.0,,,,3378416,1786524154671,3378429,1786524154684,,1786524154637.0,29.0,2026-08-12T08:42:35.6955103Z,136.0,,,oasis/bottle,,0.0,,,,,
,,,,,,,,,,,,,,,13.0,,,,,,,,,1.0,,,0.0,,,,,0.0,,,,,0.0,,,,,,,,,,,local.mqtt.telegraf,32.0,,31.58,,,,,,periodic,,24.0,,,,,6.0,5,08a6f76bd428,,,47408.0,43104.0,,11.0,719.0,,,,,,,,,,,,,720.0,,,,,08a6f76bd428-720,,,0.0,,,,,,,272.0,720.0,08:A6:F7:6B:D4:28,,,,,,16721.0,46.0,31.0,29.0,29.0,2.0,,,0.0,29.0,405.0,31.0,3.0,,,,3379616,1786524155871,3379629,1786524155884,,1786524155847.0,29.0,2026-08-12T08:42:36.8893121Z,136.0,,,oasis/bottle,,0.0,,,,,
,,,,,,,,,,,,,,,13.0,,,,,,,,,1.0,,,0.0,,,,,0.0,,,,,0.0,,,,,,,,,,,local.mqtt.telegraf,32.0,,31.47,,,,,,periodic,,24.0,,,,,6.0,5,08a6f76bd428,,,117280.0,43104.0,,6.0,720.0,,,,,,,,,,,,,721.0,,,,,08a6f76bd428-721,,,0.0,,,,,,,272.0,721.0,08:A6:F7:6B:D4:28,,,,,,17971.0,46.0,31.0,29.0,29.0,2.0,,,0.0,29.0,405.0,31.0,3.0,,,,3380866,1786524157121,3380879,1786524157134,,1786524157097.0,29.0,2026-08-12T08:42:38.1497815Z,136.0,,,oasis/bottle,,0.0,,,,,
,,,,,,,,,,,,,,,13.0,,,,,,,,,1.0,,,0.0,,,,,0.0,,,,,0.0,,,,,,,,,,,local.mqtt.telegraf,32.0,,31.6,,,,,,periodic,,24.0,,,,,6.0,5,08a6f76bd428,,,108272.0,43104.0,,10.0,721.0,,,,,,,,,,,,,722.0,,,,,08a6f76bd428-722,,,0.0,,,,,,,272.0,722.0,08:A6:F7:6B:D4:28,,,,,,19231.0,46.0,31.0,29.0,29.0,2.0,,,0.0,29.0,405.0,31.0,3.0,,,,3382126,1786524158381,3382139,1786524158394,,1786524158357.0,29.0,2026-08-12T08:42:39.4082431Z,136.0,,,oasis/bottle,,0.0,,,,,
,,,,,,,,,,,,,,,13.0,,,,,,,,,1.0,,,0.0,,,,,0.0,,,,,0.0,,,,,,,,,,,local.mqtt.telegraf,32.0,,31.62,,,,,,periodic,,24.0,,,,,6.0,5,08a6f76bd428,,,98608.0,43104.0,,8.0,722.0,,,,,,,,,,,,,723.0,,,,,08a6f76bd428-723,,,0.0,,,,,,,272.0,723.0,08:A6:F7:6B:D4:28,,,,,,20541.0,46.0,31.0,29.0,29.0,2.0,,,0.0,29.0,405.0,31.0,3.0,,,,3383436,1786524159691,3383449,1786524159704,,1786524159667.0,29.0,2026-08-12T08:42:40.7228857Z,136.0,,,oasis/bottle,,0.0,,,,,
,,,,,,,,,,,,,,,13.0,,,,,,,,,1.0,,,0.0,,,,,0.0,,,,,0.0,,,,,,,,,,,local.mqtt.telegraf,32.0,,31.42,,,,,,periodic,,22.0,,,,,5.0,5,08a6f76bd428,,,77584.0,43104.0,,6.0,723.0,,,,,,,,,,,,,724.0,,,,,08a6f76bd428-724,,,0.0,,,,,,,272.0,724.0,08:A6:F7:6B:D4:28,,,,,,1181.0,47.0,50.0,31.0,31.0,19.0,,,0.0,30.0,404.0,33.0,3.0,,,,3384856,1786524161111,3384869,1786524161124,,1786524161089.0,29.0,2026-08-12T08:42:42.1449898Z,140.0,,,oasis/bottle,,0.0,,,,,
,,,,,,,,,,,,,,,13.0,,,,,,,,,1.0,,,0.0,,,,,0.0,,,,,0.0,,,,,,,,,,,local.mqtt.telegraf,32.0,,31.52,,,,,,periodic,,23.0,,,,,6.0,5,08a6f76bd428,,,69888.0,43104.0,,6.0,724.0,,,,,,,,,,,,,725.0,,,,,08a6f76bd428-725,,,0.0,,,,,,,272.0,725.0,08:A6:F7:6B:D4:28,,,,,,2221.0,47.0,50.0,31.0,31.0,19.0,,,0.0,30.0,404.0,33.0,3.0,,,,3385896,1786524162151,3385909,1786524162164,,1786524162128.0,29.0,2026-08-12T08:42:43.1876989Z,140.0,,,oasis/bottle,,0.0,,,,,
,,,,,,,,,,,,,,,13.0,,,,,,,,,1.0,,,0.0,,,,,0.0,,,,,0.0,,,,,,,,,,,local.mqtt.telegraf,32.0,,31.47,,,,,,periodic,,23.0,,,,,6.0,5,08a6f76bd428,,,59568.0,43104.0,,6.0,725.0,,,,,,,,,,,,,726.0,,,,,08a6f76bd428-726,,,0.0,,,,,,,272.0,726.0,08:A6:F7:6B:D4:28,,,,,,3691.0,47.0,50.0,31.0,31.0,19.0,,,0.0,30.0,404.0,33.0,3.0,,,,3387366,1786524163621,3387379,1786524163634,,1786524163598.0,29.0,2026-08-12T08:42:44.6457907Z,140.0,,,oasis/bottle,,0.0,,,,,
,,,,,,,,,,,,,,,13.0,,,,,,,,,1.0,,,0.0,,,,,0.0,,,,,0.0,,,,,,,,,,,local.mqtt.telegraf,32.0,,31.58,,,,,,periodic,,23.0,,,,,6.0,5,08a6f76bd428,,,51216.0,43104.0,,6.0,726.0,,,,,,,,,,,,,727.0,,,,,08a6f76bd428-727,,,0.0,,,,,,,272.0,727.0,08:A6:F7:6B:D4:28,,,,,,4831.0,47.0,50.0,31.0,31.0,19.0,,,0.0,30.0,404.0,33.0,3.0,,,,3388506,1786524164761,3388519,1786524164774,,1786524164738.0,29.0,2026-08-12T08:42:45.7975299Z,140.0,,,oasis/bottle,,0.0,,,,,
,,,,,,,,,,,,,,,13.0,,,,,,,,,1.0,,,0.0,,,,,0.0,,,,,0.0,,,,,,,,,,,local.mqtt.telegraf,32.0,,31.6,,,,,,periodic,,27.0,,,,,6.0,5,08a6f76bd428,,,122560.0,43104.0,,6.0,727.0,,,,,,,,,,,,,728.0,,,,,08a6f76bd428-728,,,0.0,,,,,,,278.0,728.0,08:A6:F7:6B:D4:28,,,,,,5916.0,47.0,50.0,31.0,31.0,19.0,,,0.0,30.0,404.0,33.0,3.0,,,,3389596,1786524165851,3389609,1786524165864,,1786524165824.0,29.0,2026-08-12T08:42:46.8774602Z,140.0,,,oasis/bottle,,0.0,,,,,
,,,,,,,,,,,,,,,13.0,,,,,,,,,1.0,,,0.0,,,,,0.0,,,,,0.0,,,,,,,,,,,local.mqtt.telegraf,32.0,,31.87,,,,,,periodic,,23.0,,,,,6.0,5,08a6f76bd428,,,111584.0,43104.0,,6.0,728.0,,,,,,,,,,,,,729.0,,,,,08a6f76bd428-729,,,0.0,,,,,,,272.0,729.0,08:A6:F7:6B:D4:28,,,,,,7481.0,47.0,50.0,31.0,31.0,19.0,,,0.0,30.0,404.0,33.0,3.0,,,,3391156,1786524167411,3391169,1786524167424,,1786524167388.0,29.0,2026-08-12T08:42:48.438191Z,140.0,,,oasis/bottle,,0.0,,,,,
,,,,,,,,,,,,,,,13.0,,,,,,,,,1.0,,,0.0,,,,,0.0,,,,,0.0,,,,,,,,,,,local.mqtt.telegraf,32.0,,31.67,,,,,,periodic,,23.0,,,,,6.0,5,08a6f76bd428,,,101920.0,43104.0,,9.0,729.0,,,,,,,,,,,,,730.0,,,,,08a6f76bd428-730,,,0.0,,,,,,,272.0,730.0,08:A6:F7:6B:D4:28,,,,,,8811.0,47.0,50.0,31.0,31.0,19.0,,,0.0,30.0,404.0,33.0,3.0,,,,3392486,1786524168741,3392499,1786524168754,,1786524168718.0,29.0,2026-08-12T08:42:49.7702188Z,140.0,,,oasis/bottle,,0.0,,,,,
,,,,,,,,,,,,,,,13.0,,,,,,,,,1.0,,,0.0,,,,,0.0,,,,,0.0,,,,,,,,,,,local.mqtt.telegraf,32.0,,31.62,,,,,,periodic,,23.0,,,,,6.0,5,08a6f76bd428,,,91600.0,43104.0,,6.0,730.0,,,,,,,,,,,,,731.0,,,,,08a6f76bd428-731,,,0.0,,,,,,,272.0,731.0,08:A6:F7:6B:D4:28,,,,,,10261.0,47.0,50.0,31.0,31.0,19.0,,,0.0,30.0,404.0,33.0,3.0,,,,3393936,1786524170191,3393949,1786524170204,,1786524170168.0,29.0,2026-08-12T08:42:51.2209263Z,140.0,,,oasis/bottle,,0.0,,,,,
,,,,,,,,,,,,,,,13.0,,,,,,,,,1.0,,,0.0,,,,,0.0,,,,,0.0,,,,,,,,,,,local.mqtt.telegraf,32.0,,31.72,,,,,,periodic,,23.0,,,,,6.0,5,08a6f76bd428,,,83248.0,43104.0,,6.0,731.0,,,,,,,,,,,,,732.0,,,,,08a6f76bd428-732,,,0.0,,,,,,,272.0,732.0,08:A6:F7:6B:D4:28,,,,,,11361.0,47.0,50.0,31.0,31.0,19.0,,,0.0,30.0,404.0,33.0,3.0,,,,3395036,1786524171291,3395049,1786524171304,,1786524171268.0,29.0,2026-08-12T08:42:52.3139003Z,140.0,,,oasis/bottle,,0.0,,,,,
,,,,,,,,,,,,,,,13.0,,,,,,,,,1.0,,,0.0,,,,,0.0,,,,,0.0,,,,,,,,,,,local.mqtt.telegraf,32.0,,31.67,,,,,,periodic,,23.0,,,,,6.0,5,08a6f76bd428,,,75552.0,43104.0,,6.0,732.0,,,,,,,,,,,,,733.0,,,,,08a6f76bd428-733,,,0.0,,,,,,,272.0,733.0,08:A6:F7:6B:D4:28,,,,,,12361.0,47.0,50.0,31.0,31.0,19.0,,,0.0,30.0,404.0,33.0,3.0,,,,3396036,1786524172291,3396049,1786524172304,,1786524172268.0,29.0,2026-08-12T08:42:53.3286145Z,140.0,,,oasis/bottle,,0.0,,,,,
,,,,,,,,,,,,,,,13.0,,,,,,,,,1.0,,,0.0,,,,,0.0,,,,,0.0,,,,,,,,,,,local.mqtt.telegraf,32.0,,31.59,,,,,,periodic,,20.0,,,,,5.0,5,08a6f76bd428,,,65312.0,43104.0,,6.0,733.0,,,,,,,,,,,,,734.0,,,,,08a6f76bd428-734,,,0.0,,,,,,,273.0,734.0,08:A6:F7:6B:D4:28,,,,,,13753.0,47.0,50.0,31.0,31.0,19.0,,,0.0,30.0,404.0,33.0,3.0,,,,3397426,1786524173681,3397439,1786524173694,,1786524173661.0,29.0,2026-08-12T08:42:54.707901Z,140.0,,,oasis/bottle,,0.0,,,,,
,,,,,,,,,,,,,,,13.0,,,,,,,,,1.0,,,0.0,,,,,0.0,,,,,0.0,,,,,,,,,,,local.mqtt.telegraf,32.0,,31.68,,,,,,periodic,,23.0,,,,,6.0,5,08a6f76bd428,,,54208.0,43104.0,,6.0,734.0,,,,,,,,,,,,,735.0,,,,,08a6f76bd428-735,,,0.0,,,,,,,272.0,735.0,08:A6:F7:6B:D4:28,,,,,,15341.0,47.0,50.0,31.0,31.0,19.0,,,0.0,30.0,404.0,33.0,3.0,,,,3399016,1786524175271,3399029,1786524175284,,1786524175248.0,29.0,2026-08-12T08:42:56.2982127Z,140.0,,,oasis/bottle,,0.0,,,,,
,,,,,,,,,,,,,,,13.0,,,,,,,,,1.0,,,0.0,,,,,0.0,,,,,0.0,,,,,,,,,,,local.mqtt.telegraf,32.0,,31.59,,,,,,periodic,,33.0,,,,,6.0,5,08a6f76bd428,,,44544.0,43104.0,,6.0,735.0,,,,,,,,,,,,,736.0,,,,,08a6f76bd428-736,,,0.0,,,,,,,272.0,736.0,08:A6:F7:6B:D4:28,,,,,,16711.0,47.0,50.0,31.0,31.0,19.0,,,0.0,30.0,404.0,33.0,3.0,,,,3400396,1786524176651,3400409,1786524176664,,1786524176618.0,29.0,2026-08-12T08:42:57.6836701Z,140.0,,,oasis/bottle,,0.0,,,,,
,,,,,,,,,,,,,,,13.0,,,,,,,,,1.0,,,0.0,,,,,0.0,,,,,0.0,,,,,,,,,,,local.mqtt.telegraf,32.0,,31.63,,,,,,periodic,,23.0,,,,,6.0,5,08a6f76bd428,,,112848.0,43104.0,,6.0,736.0,,,,,,,,,,,,,737.0,,,,,08a6f76bd428-737,,,0.0,,,,,,,272.0,737.0,08:A6:F7:6B:D4:28,,,,,,18261.0,47.0,50.0,31.0,31.0,19.0,,,0.0,30.0,404.0,33.0,3.0,,,,3401936,1786524178191,3401949,1786524178204,,1786524178168.0,29.0,2026-08-12T08:42:59.2202549Z,140.0,,,oasis/bottle,,0.0,,,,,
,,,,,,,,,,,,,,,13.0,,,,,,,,,1.0,,,0.0,,,,,0.0,,,,,0.0,,,,,,,,,,,local.mqtt.telegraf,32.0,,31.6,,,,,,periodic,,20.0,,,,,5.0,5,08a6f76bd428,,,103264.0,43104.0,,6.0,737.0,,,,,,,,,,,,,738.0,,,,,08a6f76bd428-738,,,0.0,,,,,,,273.0,738.0,08:A6:F7:6B:D4:28,,,,,,19543.0,47.0,50.0,31.0,31.0,19.0,,,0.0,30.0,404.0,33.0,3.0,,,,3403216,1786524179471,3403229,1786524179484,,1786524179451.0,29.0,2026-08-12T08:43:00.5004047Z,140.0,,,oasis/bottle,,0.0,,,,,
,,,,,,,,,,,,,,,13.0,,,,,,,,,1.0,,,0.0,,,,,0.0,,,,,0.0,,,,,,,,,,,local.mqtt.telegraf,32.0,,31.66,,,,,,periodic,,21.0,,,,,6.0,5,08a6f76bd428,,,82112.0,43104.0,,6.0,738.0,,,,,,,,,,,,,739.0,,,,,08a6f76bd428-739,,,0.0,,,,,,,273.0,739.0,08:A6:F7:6B:D4:28,,,,,,662.0,48.0,31.0,29.0,29.0,2.0,,,0.0,29.0,383.0,31.0,3.0,,,,3404585,1786524180840,3404598,1786524180853,,1786524180819.0,29.0,2026-08-12T08:43:01.8641359Z,142.0,,,oasis/bottle,,0.0,,,,,
,,,,,,,,,,,,,,,13.0,,,,,,,,,1.0,,,0.0,,,,,0.0,,,,,0.0,,,,,,,,,,,local.mqtt.telegraf,32.0,,31.66,,,,,,periodic,,24.0,,,,,6.0,5,08a6f76bd428,,,71136.0,43104.0,,6.0,739.0,,,,,,,,,,,,,740.0,,,,,08a6f76bd428-740,,,0.0,,,,,,,272.0,740.0,08:A6:F7:6B:D4:28,,,,,,2201.0,48.0,31.0,29.0,29.0,2.0,,,0.0,29.0,383.0,31.0,3.0,,,,3406126,1786524182381,3406139,1786524182394,,1786524182357.0,29.0,2026-08-12T08:43:03.4033886Z,142.0,,,oasis/bottle,,0.0,,,,,
,,,,,,,,,,,,,,,13.0,,,,,,,,,1.0,,,0.0,,,,,0.0,,,,,0.0,,,,,,,,,,,local.mqtt.telegraf,32.0,,31.6,,,,,,periodic,,24.0,,,,,6.0,5,08a6f76bd428,,,62128.0,43104.0,,6.0,740.0,,,,,,,,,,,,,741.0,,,,,08a6f76bd428-741,,,0.0,,,,,,,272.0,741.0,08:A6:F7:6B:D4:28,,,,,,3471.0,48.0,31.0,29.0,29.0,2.0,,,0.0,29.0,383.0,31.0,3.0,,,,3407396,1786524183651,3407409,1786524183664,,1786524183627.0,29.0,2026-08-12T08:43:04.6842988Z,142.0,,,oasis/bottle,,0.0,,,,,
,,,,,,,,,,,,,,,13.0,,,,,,,,,1.0,,,0.0,,,,,0.0,,,,,0.0,,,,,,,,,,,local.mqtt.telegraf,32.0,,31.59,,,,,,periodic,,24.0,,,,,6.0,5,08a6f76bd428,,,52464.0,43104.0,,6.0,741.0,,,,,,,,,,,,,742.0,,,,,08a6f76bd428-742,,,0.0,,,,,,,272.0,742.0,08:A6:F7:6B:D4:28,,,,,,4811.0,48.0,31.0,29.0,29.0,2.0,,,0.0,29.0,383.0,31.0,3.0,,,,3408736,1786524184991,3408749,1786524185004,,1786524184967.0,29.0,2026-08-12T08:43:06.0242078Z,142.0,,,oasis/bottle,,0.0,,,,,
,,,,,,,,,,,,,,,13.0,,,,,,,,,1.0,,,0.0,,,,,0.0,,,,,0.0,,,,,,,,,,,local.mqtt.telegraf,32.0,,31.63,,,,,,periodic,,24.0,,,,,6.0,5,08a6f76bd428,,,122048.0,43104.0,,9.0,742.0,,,,,,,,,,,,,743.0,,,,,08a6f76bd428-743,,,0.0,,,,,,,272.0,743.0,08:A6:F7:6B:D4:28,,,,,,6291.0,48.0,31.0,29.0,29.0,2.0,,,0.0,29.0,383.0,31.0,3.0,,,,3410216,1786524186471,3410229,1786524186484,,1786524186447.0,29.0,2026-08-12T08:43:07.5009318Z,142.0,,,oasis/bottle,,0.0,,,,,
,,,,,,,,,,,,,,,13.0,,,,,,,,,1.0,,,0.0,,,,,0.0,,,,,0.0,,,,,,,,,,,local.mqtt.telegraf,32.0,,31.71,,,,,,periodic,,24.0,,,,,6.0,5,08a6f76bd428,,,113696.0,43104.0,,5.0,743.0,,,,,,,,,,,,,744.0,,,,,08a6f76bd428-744,,,0.0,,,,,,,272.0,744.0,08:A6:F7:6B:D4:28,,,,,,7441.0,48.0,31.0,29.0,29.0,2.0,,,0.0,29.0,383.0,31.0,3.0,,,,3411366,1786524187621,3411379,1786524187634,,1786524187597.0,29.0,2026-08-12T08:43:08.6683847Z,142.0,,,oasis/bottle,,0.0,,,,,
,,,,,,,,,,,,,,,13.0,,,,,,,,,1.0,,,0.0,,,,,0.0,,,,,0.0,,,,,,,,,,,local.mqtt.telegraf,32.0,,31.62,,,,,,periodic,,24.0,,,,,6.0,5,08a6f76bd428,,,105344.0,43104.0,,6.0,744.0,,,,,,,,,,,,,745.0,,,,,08a6f76bd428-745,,,0.0,,,,,,,272.0,745.0,08:A6:F7:6B:D4:28,,,,,,8541.0,48.0,31.0,29.0,29.0,2.0,,,0.0,29.0,383.0,31.0,3.0,,,,3412466,1786524188721,3412479,1786524188734,,1786524188697.0,29.0,2026-08-12T08:43:09.7416119Z,142.0,,,oasis/bottle,,0.0,,,,,
,,,,,,,,,,,,,,,13.0,,,,,,,,,1.0,,,0.0,,,,,0.0,,,,,0.0,,,,,,,,,,,local.mqtt.telegraf,32.0,,31.54,,,,,,periodic,,24.0,,,,,6.0,5,08a6f76bd428,,,97648.0,43104.0,,8.0,745.0,,,,,,,,,,,,,746.0,,,,,08a6f76bd428-746,,,0.0,,,,,,,272.0,746.0,08:A6:F7:6B:D4:28,,,,,,9541.0,48.0,31.0,29.0,29.0,2.0,,,0.0,29.0,383.0,31.0,3.0,,,,3413466,1786524189721,3413479,1786524189734,,1786524189697.0,29.0,2026-08-12T08:43:10.7476252Z,142.0,,,oasis/bottle,,0.0,,,,,
,,,,,,,,,,,,,,,13.0,,,,,,,,,1.0,,,0.0,,,,,0.0,,,,,0.0,,,,,,,,,,,local.mqtt.telegraf,32.0,,31.6,,,,,,periodic,,20.0,,,,,5.0,5,08a6f76bd428,,,87328.0,43104.0,,6.0,746.0,,,,,,,,,,,,,747.0,,,,,08a6f76bd428-747,,,0.0,,,,,,,273.0,747.0,08:A6:F7:6B:D4:28,,,,,,10934.0,48.0,31.0,29.0,29.0,2.0,,,0.0,29.0,383.0,31.0,3.0,,,,3414856,1786524191111,3414869,1786524191124,,1786524191091.0,29.0,2026-08-12T08:43:12.1351258Z,142.0,,,oasis/bottle,,0.0,,,,,
,,,,,,,,,,,,,,,13.0,,,,,,,,,1.0,,,0.0,,,,,0.0,,,,,0.0,,,,,,,,,,,local.mqtt.telegraf,32.0,,31.72,,,,,,periodic,,24.0,,,,,6.0,5,08a6f76bd428,,,76352.0,43104.0,,6.0,747.0,,,,,,,,,,,,,748.0,,,,,08a6f76bd428-748,,,0.0,,,,,,,272.0,748.0,08:A6:F7:6B:D4:28,,,,,,12521.0,48.0,31.0,29.0,29.0,2.0,,,0.0,29.0,383.0,31.0,3.0,,,,3416446,1786524192701,3416459,1786524192714,,1786524192677.0,29.0,2026-08-12T08:43:13.7425283Z,142.0,,,oasis/bottle,,0.0,,,,,
,,,,,,,,,,,,,,,14.0,,,,,,,,,1.0,,,0.0,,,,,0.0,,,,,0.0,,,,,,,,,,,local.mqtt.telegraf,32.0,,31.64,,,,,,periodic,,24.0,,,,,6.0,5,08a6f76bd428,,,66688.0,43104.0,,6.0,748.0,,,,,,,,,,,,,749.0,,,,,08a6f76bd428-749,,,0.0,,,,,,,272.0,749.0,08:A6:F7:6B:D4:28,,,,,,13891.0,48.0,31.0,29.0,29.0,2.0,,,0.0,29.0,383.0,31.0,3.0,,,,3417816,1786524194071,3417830,1786524194085,,1786524194047.0,29.0,2026-08-12T08:43:15.100383Z,142.0,,,oasis/bottle,,0.0,,,,,
,,,,,,,,,,,,,,,13.0,,,,,,,,,1.0,,,0.0,,,,,0.0,,,,,0.0,,,,,,,,,,,local.mqtt.telegraf,32.0,,31.72,,,,,,periodic,,24.0,,,,,6.0,5,08a6f76bd428,,,55712.0,43104.0,,6.0,749.0,,,,,,,,,,,,,750.0,,,,,08a6f76bd428-750,,,0.0,,,,,,,272.0,750.0,08:A6:F7:6B:D4:28,,,,,,15431.0,48.0,31.0,29.0,29.0,2.0,,,0.0,29.0,383.0,31.0,3.0,,,,3419356,1786524195611,3419369,1786524195624,,1786524195587.0,29.0,2026-08-12T08:43:16.6428858Z,142.0,,,oasis/bottle,,0.0,,,,,
,,,,,,,,,,,,,,,13.0,,,,,,,,,1.0,,,0.0,,,,,0.0,,,,,0.0,,,,,,,,,,,local.mqtt.telegraf,32.0,,31.59,,,,,,periodic,,34.0,,,,,6.0,5,08a6f76bd428,,,45216.0,43104.0,,6.0,750.0,,,,,,,,,,,,,751.0,,,,,08a6f76bd428-751,,,0.0,,,,,,,272.0,751.0,08:A6:F7:6B:D4:28,,,,,,16751.0,48.0,31.0,29.0,29.0,2.0,,,0.0,29.0,383.0,31.0,3.0,,,,3420686,1786524196941,3420699,1786524196954,,1786524196907.0,29.0,2026-08-12T08:43:17.9674637Z,142.0,,,oasis/bottle,,0.0,,,,,
,,,,,,,,,,,,,,,13.0,,,,,,,,,1.0,,,0.0,,,,,0.0,,,,,0.0,,,,,,,,,,,local.mqtt.telegraf,32.0,,31.6,,,,,,periodic,,24.0,,,,,6.0,5,08a6f76bd428,,,114224.0,43104.0,,5.0,751.0,,,,,,,,,,,,,752.0,,,,,08a6f76bd428-752,,,0.0,,,,,,,272.0,752.0,08:A6:F7:6B:D4:28,,,,,,18161.0,48.0,31.0,29.0,29.0,2.0,,,0.0,29.0,383.0,31.0,3.0,,,,3422086,1786524198341,3422099,1786524198354,,1786524198317.0,29.0,2026-08-12T08:43:19.3686181Z,142.0,,,oasis/bottle,,0.0,,,,,
,,,,,,,,,,,,,,,13.0,,,,,,,,,1.0,,,0.0,,,,,0.0,,,,,0.0,,,,,,,,,,,local.mqtt.telegraf,32.0,,31.78,,,,,,periodic,,24.0,,,,,6.0,5,08a6f76bd428,,,106528.0,43104.0,,6.0,752.0,,,,,,,,,,,,,753.0,,,,,08a6f76bd428-753,,,0.0,,,,,,,272.0,753.0,08:A6:F7:6B:D4:28,,,,,,19161.0,48.0,31.0,29.0,29.0,2.0,,,0.0,29.0,383.0,31.0,3.0,,,,3423086,1786524199341,3423099,1786524199354,,1786524199317.0,29.0,2026-08-12T08:43:20.3657633Z,142.0,,,oasis/bottle,,0.0,,,,,
,,,,,,,,,,,,,,,13.0,,,,,,,,,1.0,,,0.0,,,,,0.0,,,,,0.0,,,,,,,,,,,local.mqtt.telegraf,32.0,,31.75,,,,,,periodic,,24.0,,,,,6.0,5,08a6f76bd428,,,96208.0,43104.0,,6.0,753.0,,,,,,,,,,,,,754.0,,,,,08a6f76bd428-754,,,0.0,,,,,,,272.0,754.0,08:A6:F7:6B:D4:28,,,,,,20561.0,48.0,31.0,29.0,29.0,2.0,,,0.0,29.0,383.0,31.0,3.0,,,,3424486,1786524200741,3424499,1786524200754,,1786524200717.0,29.0,2026-08-12T08:43:21.7750433Z,142.0,,,oasis/bottle,,0.0,,,,,
,,,,,,,,,,,,,,,13.0,,,,,,,,,1.0,,,0.0,,,,,0.0,,,,,0.0,,,,,,,,,,,local.mqtt.telegraf,32.0,,31.82,,,,,,periodic,,21.0,,,,,5.0,5,08a6f76bd428,,,77808.0,43104.0,,6.0,754.0,,,,,,,,,,,,,755.0,,,,,08a6f76bd428-755,,,0.0,,,,,,,272.0,755.0,08:A6:F7:6B:D4:28,,,,,,591.0,49.0,50.0,30.0,30.0,20.0,,,0.0,30.0,404.0,33.0,3.0,,,,3425485,1786524201740,3425498,1786524201753,,1786524201719.0,29.0,2026-08-12T08:43:22.766683Z,147.0,,,oasis/bottle,,0.0,,,,,
,,,,,,,,,,,,,,,13.0,,,,,,,,,1.0,,,0.0,,,,,0.0,,,,,0.0,,,,,,,,,,,local.mqtt.telegraf,32.0,,31.66,,,,,,periodic,,23.0,,,,,6.0,5,08a6f76bd428,,,67488.0,43104.0,,7.0,755.0,,,,,,,,,,,,,756.0,,,,,08a6f76bd428-756,,,0.0,,,,,,,272.0,756.0,08:A6:F7:6B:D4:28,,,,,,1991.0,49.0,50.0,30.0,30.0,20.0,,,0.0,30.0,404.0,33.0,3.0,,,,3426886,1786524203141,3426899,1786524203154,,1786524203118.0,29.0,2026-08-12T08:43:24.1627886Z,147.0,,,oasis/bottle,,0.0,,,,,
,,,,,,,,,,,,,,,13.0,,,,,,,,,1.0,,,0.0,,,,,0.0,,,,,0.0,,,,,,,,,,,local.mqtt.telegraf,32.0,,31.52,,,,,,periodic,,23.0,,,,,6.0,5,08a6f76bd428,,,59792.0,43104.0,,6.0,756.0,,,,,,,,,,,,,757.0,,,,,08a6f76bd428-757,,,0.0,,,,,,,272.0,757.0,08:A6:F7:6B:D4:28,,,,,,2981.0,49.0,50.0,30.0,30.0,20.0,,,0.0,30.0,404.0,33.0,3.0,,,,3427876,1786524204131,3427889,1786524204144,,1786524204108.0,29.0,2026-08-12T08:43:25.1512913Z,147.0,,,oasis/bottle,,0.0,,,,,
,,,,,,,,,,,,,,,13.0,,,,,,,,,1.0,,,0.0,,,,,0.0,,,,,0.0,,,,,,,,,,,local.mqtt.telegraf,32.0,,31.71,,,,,,periodic,,23.0,,,,,6.0,5,08a6f76bd428,,,50128.0,43104.0,,6.0,757.0,,,,,,,,,,,,,758.0,,,,,08a6f76bd428-758,,,0.0,,,,,,,272.0,758.0,08:A6:F7:6B:D4:28,,,,,,4361.0,49.0,50.0,30.0,30.0,20.0,,,0.0,30.0,404.0,33.0,3.0,,,,3429256,1786524205511,3429269,1786524205524,,1786524205488.0,29.0,2026-08-12T08:43:26.5459832Z,147.0,,,oasis/bottle,,0.0,,,,,
,,,,,,,,,,,,,,,13.0,,,,,,,,,1.0,,,0.0,,,,,0.0,,,,,0.0,,,,,,,,,,,local.mqtt.telegraf,32.0,,31.79,,,,,,periodic,,23.0,,,,,6.0,5,08a6f76bd428,,,119232.0,43104.0,,6.0,758.0,,,,,,,,,,,,,759.0,,,,,08a6f76bd428-759,,,0.0,,,,,,,272.0,759.0,08:A6:F7:6B:D4:28,,,,,,5921.0,49.0,50.0,30.0,30.0,20.0,,,0.0,30.0,404.0,33.0,3.0,,,,3430816,1786524207071,3430829,1786524207084,,1786524207048.0,29.0,2026-08-12T08:43:28.1223575Z,147.0,,,oasis/bottle,,0.0,,,,,
,,,,,,,,,,,,,,,13.0,,,,,,,,,1.0,,,0.0,,,,,0.0,,,,,0.0,,,,,,,,,,,local.mqtt.telegraf,32.0,,31.66,,,,,,periodic,,23.0,,,,,6.0,5,08a6f76bd428,,,109568.0,43104.0,,7.0,759.0,,,,,,,,,,,,,760.0,,,,,08a6f76bd428-760,,,0.0,,,,,,,272.0,760.0,08:A6:F7:6B:D4:28,,,,,,7241.0,49.0,50.0,30.0,30.0,20.0,,,0.0,30.0,404.0,33.0,3.0,,,,3432136,1786524208391,3432149,1786524208404,,1786524208368.0,29.0,2026-08-12T08:43:29.408992Z,147.0,,,oasis/bottle,,0.0,,,,,
,,,,,,,,,,,,,,,13.0,,,,,,,,,1.0,,,0.0,,,,,0.0,,,,,0.0,,,,,,,,,,,local.mqtt.telegraf,32.0,,31.64,,,,,,periodic,,23.0,,,,,6.0,5,08a6f76bd428,,,99248.0,43104.0,,6.0,760.0,,,,,,,,,,,,,761.0,,,,,08a6f76bd428-761,,,0.0,,,,,,,272.0,761.0,08:A6:F7:6B:D4:28,,,,,,8681.0,49.0,50.0,30.0,30.0,20.0,,,0.0,30.0,404.0,33.0,3.0,,,,3433576,1786524209831,3433589,1786524209844,,1786524209808.0,29.0,2026-08-12T08:43:30.8694588Z,147.0,,,oasis/bottle,,0.0,,,,,
,,,,,,,,,,,,,,,13.0,,,,,,,,,1.0,,,0.0,,,,,0.0,,,,,0.0,,,,,,,,,,,local.mqtt.telegraf,32.0,,31.59,,,,,,periodic,,23.0,,,,,6.0,5,08a6f76bd428,,,90896.0,43104.0,,6.0,761.0,,,,,,,,,,,,,762.0,,,,,08a6f76bd428-762,,,0.0,,,,,,,272.0,762.0,08:A6:F7:6B:D4:28,,,,,,9751.0,49.0,50.0,30.0,30.0,20.0,,,0.0,30.0,404.0,33.0,3.0,,,,3434646,1786524210901,3434659,1786524210914,,1786524210878.0,29.0,2026-08-12T08:43:31.9356575Z,147.0,,,oasis/bottle,,0.0,,,,,
,,,,,,,,,,,,,,,13.0,,,,,,,,,1.0,,,0.0,,,,,0.0,,,,,0.0,,,,,,,,,,,local.mqtt.telegraf,32.0,,31.63,,,,,,periodic,,23.0,,,,,6.0,5,08a6f76bd428,,,79920.0,43104.0,,6.0,762.0,,,,,,,,,,,,,763.0,,,,,08a6f76bd428-763,,,0.0,,,,,,,272.0,763.0,08:A6:F7:6B:D4:28,,,,,,11291.0,49.0,50.0,30.0,30.0,20.0,,,0.0,30.0,404.0,33.0,3.0,,,,3436186,1786524212441,3436199,1786524212454,,1786524212418.0,29.0,2026-08-12T08:43:33.4715393Z,147.0,,,oasis/bottle,,0.0,,,,,
,,,,,,,,,,,,,,,13.0,,,,,,,,,1.0,,,0.0,,,,,0.0,,,,,0.0,,,,,,,,,,,local.mqtt.telegraf,32.0,,31.62,,,,,,periodic,,22.0,,,,,5.0,5,08a6f76bd428,,,70880.0,43104.0,,7.0,763.0,,,,,,,,,,,,,764.0,,,,,08a6f76bd428-764,,,0.0,,,,,,,273.0,764.0,08:A6:F7:6B:D4:28,,,,,,12571.0,49.0,50.0,30.0,30.0,20.0,,,0.0,30.0,404.0,33.0,3.0,,,,3437466,1786524213721,3437479,1786524213734,,1786524213699.0,29.0,2026-08-12T08:43:34.7565372Z,147.0,,,oasis/bottle,,0.0,,,,,
,,,,,,,,,,,,,,,13.0,,,,,,,,,1.0,,,0.0,,,,,0.0,,,,,0.0,,,,,,,,,,,local.mqtt.telegraf,32.0,,31.66,,,,,,periodic,,23.0,,,,,6.0,5,08a6f76bd428,,,61200.0,43104.0,,5.0,764.0,,,,,,,,,,,,,765.0,,,,,08a6f76bd428-765,,,0.0,,,,,,,272.0,765.0,08:A6:F7:6B:D4:28,,,,,,13931.0,49.0,50.0,30.0,30.0,20.0,,,0.0,30.0,404.0,33.0,3.0,,,,3438826,1786524215081,3438839,1786524215094,,1786524215058.0,29.0,2026-08-12T08:43:36.106111Z,147.0,,,oasis/bottle,,0.0,,,,,
,,,,,,,,,,,,,,,13.0,,,,,,,,,1.0,,,0.0,,,,,0.0,,,,,0.0,,,,,,,,,,,local.mqtt.telegraf,32.0,,31.63,,,,,,periodic,,23.0,,,,,6.0,5,08a6f76bd428,,,50224.0,43104.0,,7.0,765.0,,,,,,,,,,,,,766.0,,,,,08a6f76bd428-766,,,0.0,,,,,,,272.0,766.0,08:A6:F7:6B:D4:28,,,,,,15451.0,49.0,50.0,30.0,30.0,20.0,,,0.0,30.0,404.0,33.0,3.0,,,,3440346,1786524216601,3440359,1786524216614,,1786524216578.0,29.0,2026-08-12T08:43:37.6256323Z,147.0,,,oasis/bottle,,0.0,,,,,
,,,,,,,,,,,,,,,13.0,,,,,,,,,1.0,,,0.0,,,,,0.0,,,,,0.0,,,,,,,,,,,local.mqtt.telegraf,32.0,,31.6,,,,,,periodic,,23.0,,,,,6.0,5,08a6f76bd428,,,121200.0,43104.0,,6.0,766.0,,,,,,,,,,,,,767.0,,,,,08a6f76bd428-767,,,0.0,,,,,,,272.0,767.0,08:A6:F7:6B:D4:28,,,,,,16681.0,49.0,50.0,30.0,30.0,20.0,,,0.0,30.0,404.0,33.0,3.0,,,,3441576,1786524217831,3441589,1786524217844,,1786524217808.0,29.0,2026-08-12T08:43:38.8562038Z,147.0,,,oasis/bottle,,0.0,,,,,
,,,,,,,,,,,,,,,13.0,,,,,,,,,1.0,,,0.0,,,,,0.0,,,,,0.0,,,,,,,,,,,local.mqtt.telegraf,32.0,,31.6,,,,,,periodic,,23.0,,,,,6.0,5,08a6f76bd428,,,112192.0,43104.0,,6.0,767.0,,,,,,,,,,,,,768.0,,,,,08a6f76bd428-768,,,0.0,,,,,,,272.0,768.0,08:A6:F7:6B:D4:28,,,,,,17941.0,49.0,50.0,30.0,30.0,20.0,,,0.0,30.0,404.0,33.0,3.0,,,,3442836,1786524219091,3442849,1786524219104,,1786524219068.0,29.0,2026-08-12T08:43:40.1282745Z,147.0,,,oasis/bottle,,0.0,,,,,
,,,,,,,,,,,,,,,13.0,,,,,,,,,1.0,,,0.0,,,,,0.0,,,,,0.0,,,,,,,,,,,local.mqtt.telegraf,32.0,,31.66,,,,,,periodic,,23.0,,,,,6.0,5,08a6f76bd428,,,102528.0,43104.0,,6.0,768.0,,,,,,,,,,,,,769.0,,,,,08a6f76bd428-769,,,0.0,,,,,,,272.0,769.0,08:A6:F7:6B:D4:28,,,,,,19261.0,49.0,50.0,30.0,30.0,20.0,,,0.0,30.0,404.0,33.0,3.0,,,,3444156,1786524220411,3444169,1786524220424,,1786524220388.0,29.0,2026-08-12T08:43:41.4484828Z,147.0,,,oasis/bottle,,0.0,,,,,
,,,,,,,,,,,,,,,13.0,,,,,,,,,1.0,,,0.0,,,,,0.0,,,,,0.0,,,,,,,,,,,local.mqtt.telegraf,32.0,,31.75,,,,,,periodic,,21.0,,,,,5.0,5,08a6f76bd428,,,80848.0,43104.0,,6.0,769.0,,,,,,,,,,,,,770.0,,,,,08a6f76bd428-770,,,0.0,,,,,,,273.0,770.0,08:A6:F7:6B:D4:28,,,,,,672.0,50.0,32.0,29.0,29.0,3.0,,,0.0,29.0,394.0,31.0,3.0,,,,3445645,1786524221900,3445658,1786524221913,,1786524221879.0,29.0,2026-08-12T08:43:42.9279703Z,148.0,,,oasis/bottle,,0.0,,,,,
,,,,,,,,,,,,,,,13.0,,,,,,,,,1.0,,,0.0,,,,,0.0,,,,,0.0,,,,,,,,,,,local.mqtt.telegraf,32.0,,31.72,,,,,,periodic,,24.0,,,,,6.0,5,08a6f76bd428,,,72496.0,43104.0,,5.0,770.0,,,,,,,,,,,,,771.0,,,,,08a6f76bd428-771,,,0.0,,,,,,,272.0,771.0,08:A6:F7:6B:D4:28,,,,,,1801.0,50.0,32.0,29.0,29.0,3.0,,,0.0,29.0,394.0,31.0,3.0,,,,3446776,1786524223031,3446789,1786524223044,,1786524223007.0,29.0,2026-08-12T08:43:44.0695497Z,148.0,,,oasis/bottle,,0.0,,,,,
,,,,,,,,,,,,,,,14.0,,,,,,,,,1.0,,,0.0,,,,,0.0,,,,,0.0,,,,,,,,,,,local.mqtt.telegraf,32.0,,31.78,,,,,,periodic,,24.0,,,,,6.0,5,08a6f76bd428,,,64800.0,43104.0,,6.0,771.0,,,,,,,,,,,,,772.0,,,,,08a6f76bd428-772,,,0.0,,,,,,,272.0,772.0,08:A6:F7:6B:D4:28,,,,,,2851.0,50.0,32.0,29.0,29.0,3.0,,,0.0,29.0,394.0,31.0,3.0,,,,3447826,1786524224081,3447840,1786524224095,,1786524224057.0,29.0,2026-08-12T08:43:45.105032Z,148.0,,,oasis/bottle,,0.0,,,,,
,,,,,,,,,,,,,,,13.0,,,,,,,,,1.0,,,0.0,,,,,0.0,,,,,0.0,,,,,,,,,,,local.mqtt.telegraf,32.0,,31.59,,,,,,periodic,,23.0,,,,,5.0,5,08a6f76bd428,,,54448.0,43104.0,,6.0,772.0,,,,,,,,,,,,,773.0,,,,,08a6f76bd428-773,,,0.0,,,,,,,273.0,773.0,08:A6:F7:6B:D4:28,,,,,,4351.0,50.0,32.0,29.0,29.0,3.0,,,0.0,29.0,394.0,31.0,3.0,,,,3449326,1786524225581,3449339,1786524225594,,1786524225558.0,29.0,2026-08-12T08:43:46.6143656Z,148.0,,,oasis/bottle,,0.0,,,,,
,,,,,,,,,,,,,,,13.0,,,,,,,,,1.0,,,0.0,,,,,0.0,,,,,0.0,,,,,,,,,,,local.mqtt.telegraf,32.0,,31.63,,,,,,periodic,,34.0,,,,,6.0,5,08a6f76bd428,,,45424.0,43104.0,,5.0,773.0,,,,,,,,,,,,,774.0,,,,,08a6f76bd428-774,,,0.0,,,,,,,272.0,774.0,08:A6:F7:6B:D4:28,,,,,,5551.0,50.0,32.0,29.0,29.0,3.0,,,0.0,29.0,394.0,31.0,3.0,,,,3450536,1786524226791,3450549,1786524226804,,1786524226757.0,29.0,2026-08-12T08:43:47.8282992Z,148.0,,,oasis/bottle,,0.0,,,,,
,,,,,,,,,,,,,,,13.0,,,,,,,,,1.0,,,0.0,,,,,0.0,,,,,0.0,,,,,,,,,,,local.mqtt.telegraf,32.0,,31.66,,,,,,periodic,,24.0,,,,,6.0,5,08a6f76bd428,,,115648.0,43104.0,,9.0,774.0,,,,,,,,,,,,,775.0,,,,,08a6f76bd428-775,,,0.0,,,,,,,272.0,775.0,08:A6:F7:6B:D4:28,,,,,,6761.0,50.0,32.0,29.0,29.0,3.0,,,0.0,29.0,394.0,31.0,3.0,,,,3451736,1786524227991,3451749,1786524228004,,1786524227967.0,29.0,2026-08-12T08:43:49.0281816Z,148.0,,,oasis/bottle,,0.0,,,,,
,,,,,,,,,,,,,,,13.0,,,,,,,,,1.0,,,0.0,,,,,0.0,,,,,0.0,,,,,,,,,,,local.mqtt.telegraf,32.0,,31.68,,,,,,periodic,,24.0,,,,,6.0,5,08a6f76bd428,,,106640.0,43104.0,,6.0,775.0,,,,,,,,,,,,,776.0,,,,,08a6f76bd428-776,,,0.0,,,,,,,272.0,776.0,08:A6:F7:6B:D4:28,,,,,,7961.0,50.0,32.0,29.0,29.0,3.0,,,0.0,29.0,394.0,31.0,3.0,,,,3452936,1786524229191,3452949,1786524229204,,1786524229167.0,29.0,2026-08-12T08:43:50.2252225Z,148.0,,,oasis/bottle,,0.0,,,,,
,,,,,,,,,,,,,,,13.0,,,,,,,,,1.0,,,0.0,,,,,0.0,,,,,0.0,,,,,,,,,,,local.mqtt.telegraf,32.0,,31.71,,,,,,periodic,,24.0,,,,,6.0,5,08a6f76bd428,,,97632.0,43104.0,,6.0,776.0,,,,,,,,,,,,,777.0,,,,,08a6f76bd428-777,,,0.0,,,,,,,272.0,777.0,08:A6:F7:6B:D4:28,,,,,,9161.0,50.0,32.0,29.0,29.0,3.0,,,0.0,29.0,394.0,31.0,3.0,,,,3454136,1786524230391,3454149,1786524230404,,1786524230367.0,29.0,2026-08-12T08:43:51.4222036Z,148.0,,,oasis/bottle,,0.0,,,,,
,,,,,,,,,,,,,,,13.0,,,,,,,,,1.0,,,0.0,,,,,0.0,,,,,0.0,,,,,,,,,,,local.mqtt.telegraf,32.0,,31.62,,,,,,periodic,,24.0,,,,,6.0,5,08a6f76bd428,,,88624.0,43104.0,,6.0,777.0,,,,,,,,,,,,,778.0,,,,,08a6f76bd428-778,,,0.0,,,,,,,272.0,778.0,08:A6:F7:6B:D4:28,,,,,,10361.0,50.0,32.0,29.0,29.0,3.0,,,0.0,29.0,394.0,31.0,3.0,,,,3455336,1786524231591,3455349,1786524231604,,1786524231567.0,29.0,2026-08-12T08:43:52.6190993Z,148.0,,,oasis/bottle,,0.0,,,,,
,,,,,,,,,,,,,,,13.0,,,,,,,,,1.0,,,0.0,,,,,0.0,,,,,0.0,,,,,,,,,,,local.mqtt.telegraf,32.0,,31.67,,,,,,periodic,,24.0,,,,,6.0,5,08a6f76bd428,,,79616.0,43104.0,,8.0,778.0,,,,,,,,,,,,,779.0,,,,,08a6f76bd428-779,,,0.0,,,,,,,272.0,779.0,08:A6:F7:6B:D4:28,,,,,,11561.0,50.0,32.0,29.0,29.0,3.0,,,0.0,29.0,394.0,31.0,3.0,,,,3456536,1786524232791,3456549,1786524232804,,1786524232767.0,29.0,2026-08-12T08:43:53.8120554Z,148.0,,,oasis/bottle,,0.0,,,,,
,,,,,,,,,,,,,,,13.0,,,,,,,,,1.0,,,0.0,,,,,0.0,,,,,0.0,,,,,,,,,,,local.mqtt.telegraf,32.0,,31.72,,,,,,periodic,,24.0,,,,,6.0,5,08a6f76bd428,,,70608.0,43104.0,,6.0,779.0,,,,,,,,,,,,,780.0,,,,,08a6f76bd428-780,,,0.0,,,,,,,272.0,780.0,08:A6:F7:6B:D4:28,,,,,,12761.0,50.0,32.0,29.0,29.0,3.0,,,0.0,29.0,394.0,31.0,3.0,,,,3457736,1786524233991,3457749,1786524234004,,1786524233967.0,29.0,2026-08-12T08:43:55.0217225Z,148.0,,,oasis/bottle,,0.0,,,,,
,,,,,,,,,,,,,,,13.0,,,,,,,,,1.0,,,0.0,,,,,0.0,,,,,0.0,,,,,,,,,,,local.mqtt.telegraf,32.0,,31.67,,,,,,periodic,,24.0,,,,,6.0,5,08a6f76bd428,,,60768.0,43104.0,,6.0,780.0,,,,,,,,,,,,,781.0,,,,,08a6f76bd428-781,,,0.0,,,,,,,272.0,781.0,08:A6:F7:6B:D4:28,,,,,,14001.0,50.0,32.0,29.0,29.0,3.0,,,0.0,29.0,394.0,31.0,3.0,,,,3458976,1786524235231,3458989,1786524235244,,1786524235207.0,29.0,2026-08-12T08:43:56.2567457Z,148.0,,,oasis/bottle,,0.0,,,,,
,,,,,,,,,,,,,,,13.0,,,,,,,,,1.0,,,0.0,,,,,0.0,,,,,0.0,,,,,,,,,,,local.mqtt.telegraf,32.0,,31.71,,,,,,periodic,,24.0,,,,,6.0,5,08a6f76bd428,,,51760.0,43104.0,,6.0,781.0,,,,,,,,,,,,,782.0,,,,,08a6f76bd428-782,,,0.0,,,,,,,272.0,782.0,08:A6:F7:6B:D4:28,,,,,,15231.0,50.0,32.0,29.0,29.0,3.0,,,0.0,29.0,394.0,31.0,3.0,,,,3460206,1786524236461,3460219,1786524236474,,1786524236437.0,29.0,2026-08-12T08:43:57.4990985Z,148.0,,,oasis/bottle,,0.0,,,,,
,,,,,,,,,,,,,,,13.0,,,,,,,,,1.0,,,0.0,,,,,0.0,,,,,0.0,,,,,,,,,,,local.mqtt.telegraf,32.0,,31.68,,,,,,periodic,,24.0,,,,,6.0,5,08a6f76bd428,,,122432.0,43104.0,,6.0,782.0,,,,,,,,,,,,,783.0,,,,,08a6f76bd428-783,,,0.0,,,,,,,272.0,783.0,08:A6:F7:6B:D4:28,,,,,,16491.0,50.0,32.0,29.0,29.0,3.0,,,0.0,29.0,394.0,31.0,3.0,,,,3461466,1786524237721,3461479,1786524237734,,1786524237697.0,29.0,2026-08-12T08:43:58.7662987Z,148.0,,,oasis/bottle,,0.0,,,,,
,,,,,,,,,,,,,,,13.0,,,,,,,,,1.0,,,0.0,,,,,0.0,,,,,0.0,,,,,,,,,,,local.mqtt.telegraf,32.0,,31.76,,,,,,periodic,,24.0,,,,,6.0,5,08a6f76bd428,,,112768.0,43104.0,,5.0,783.0,,,,,,,,,,,,,784.0,,,,,08a6f76bd428-784,,,0.0,,,,,,,272.0,784.0,08:A6:F7:6B:D4:28,,,,,,17811.0,50.0,32.0,29.0,29.0,3.0,,,0.0,29.0,394.0,31.0,3.0,,,,3462786,1786524239041,3462799,1786524239054,,1786524239017.0,29.0,2026-08-12T08:44:00.0744974Z,148.0,,,oasis/bottle,,0.0,,,,,
,,,,,,,,,,,,,,,13.0,,,,,,,,,1.0,,,0.0,,,,,0.0,,,,,0.0,,,,,,,,,,,local.mqtt.telegraf,32.0,,31.67,,,,,,periodic,,24.0,,,,,6.0,5,08a6f76bd428,,,102448.0,43104.0,,8.0,784.0,,,,,,,,,,,,,785.0,,,,,08a6f76bd428-785,,,0.0,,,,,,,272.0,785.0,08:A6:F7:6B:D4:28,,,,,,19251.0,50.0,32.0,29.0,29.0,3.0,,,0.0,29.0,394.0,31.0,3.0,,,,3464226,1786524240481,3464239,1786524240494,,1786524240457.0,29.0,2026-08-12T08:44:01.5067434Z,148.0,,,oasis/bottle,,0.0,,,,,
,,,,,,,,,,,,,,,13.0,,,,,,,,,1.0,,,0.0,,,,,0.0,,,,,0.0,,,,,,,,,,,local.mqtt.telegraf,32.0,,31.7,,,,,,periodic,,24.0,,,,,6.0,5,08a6f76bd428,,,94096.0,43104.0,,6.0,785.0,,,,,,,,,,,,,786.0,,,,,08a6f76bd428-786,,,0.0,,,,,,,272.0,786.0,08:A6:F7:6B:D4:28,,,,,,20321.0,50.0,32.0,29.0,29.0,3.0,,,0.0,29.0,394.0,31.0,3.0,,,,3465296,1786524241551,3465309,1786524241564,,1786524241527.0,29.0,2026-08-12T08:44:02.5945987Z,148.0,,,oasis/bottle,,0.0,,,,,
,,,,,,,,,,,,,,,13.0,,,,,,,,,1.0,,,0.0,,,,,0.0,,,,,0.0,,,,,,,,,,,local.mqtt.telegraf,32.0,,31.8,,,,,,periodic,,24.0,,,,,6.0,5,08a6f76bd428,,,72464.0,43104.0,,6.0,786.0,,,,,,,,,,,,,787.0,,,,,08a6f76bd428-787,,,0.0,,,,,,,272.0,787.0,08:A6:F7:6B:D4:28,,,,,,1431.0,51.0,31.0,29.0,29.0,2.0,,,0.0,29.0,384.0,31.0,3.0,,,,3466836,1786524243091,3466849,1786524243104,,1786524243067.0,29.0,2026-08-12T08:44:04.1313589Z,151.0,,,oasis/bottle,,0.0,,,,,
,,,,,,,,,,,,,,,13.0,,,,,,,,,1.0,,,0.0,,,,,0.0,,,,,0.0,,,,,,,,,,,local.mqtt.telegraf,32.0,,31.74,,,,,,periodic,,23.0,,,,,5.0,5,08a6f76bd428,,,63424.0,43104.0,,6.0,787.0,,,,,,,,,,,,,788.0,,,,,08a6f76bd428-788,,,0.0,,,,,,,273.0,788.0,08:A6:F7:6B:D4:28,,,,,,2711.0,51.0,31.0,29.0,29.0,2.0,,,0.0,29.0,384.0,31.0,3.0,,,,3468116,1786524244371,3468129,1786524244384,,1786524244348.0,29.0,2026-08-12T08:44:05.3998656Z,151.0,,,oasis/bottle,,0.0,,,,,
,,,,,,,,,,,,,,,13.0,,,,,,,,,1.0,,,0.0,,,,,0.0,,,,,0.0,,,,,,,,,,,local.mqtt.telegraf,32.0,,31.72,,,,,,periodic,,24.0,,,,,6.0,5,08a6f76bd428,,,53744.0,43104.0,,7.0,788.0,,,,,,,,,,,,,789.0,,,,,08a6f76bd428-789,,,0.0,,,,,,,272.0,789.0,08:A6:F7:6B:D4:28,,,,,,4071.0,51.0,31.0,29.0,29.0,2.0,,,0.0,29.0,384.0,31.0,3.0,,,,3469476,1786524245731,3469489,1786524245744,,1786524245707.0,29.0,2026-08-12T08:44:06.7640326Z,151.0,,,oasis/bottle,,0.0,,,,,
,,,,,,,,,,,,,,,13.0,,,,,,,,,1.0,,,0.0,,,,,0.0,,,,,0.0,,,,,,,,,,,local.mqtt.telegraf,32.0,,31.89,,,,,,periodic,,24.0,,,,,6.0,5,08a6f76bd428,,,122608.0,43104.0,,8.0,789.0,,,,,,,,,,,,,790.0,,,,,08a6f76bd428-790,,,0.0,,,,,,,272.0,790.0,08:A6:F7:6B:D4:28,,,,,,5591.0,51.0,31.0,29.0,29.0,2.0,,,0.0,29.0,384.0,31.0,3.0,,,,3470996,1786524247251,3471009,1786524247264,,1786524247227.0,29.0,2026-08-12T08:44:08.2896049Z,151.0,,,oasis/bottle,,0.0,,,,,
,,,,,,,,,,,,,,,13.0,,,,,,,,,1.0,,,0.0,,,,,0.0,,,,,0.0,,,,,,,,,,,local.mqtt.telegraf,32.0,,31.8,,,,,,periodic,,24.0,,,,,6.0,5,08a6f76bd428,,,113600.0,43104.0,,6.0,790.0,,,,,,,,,,,,,791.0,,,,,08a6f76bd428-791,,,0.0,,,,,,,272.0,791.0,08:A6:F7:6B:D4:28,,,,,,6831.0,51.0,31.0,29.0,29.0,2.0,,,0.0,29.0,384.0,31.0,3.0,,,,3472236,1786524248491,3472249,1786524248504,,1786524248467.0,28.0,2026-08-12T08:44:09.5171173Z,151.0,,,oasis/bottle,,0.0,,,,,
,,,,,,,,,,,,,,,13.0,,,,,,,,,1.0,,,0.0,,,,,0.0,,,,,0.0,,,,,,,,,,,local.mqtt.telegraf,32.0,,31.85,,,,,,periodic,,24.0,,,,,6.0,5,08a6f76bd428,,,104592.0,43104.0,,6.0,791.0,,,,,,,,,,,,,792.0,,,,,08a6f76bd428-792,,,0.0,,,,,,,272.0,792.0,08:A6:F7:6B:D4:28,,,,,,8101.0,51.0,31.0,29.0,29.0,2.0,,,0.0,29.0,384.0,31.0,3.0,,,,3473506,1786524249761,3473519,1786524249774,,1786524249737.0,29.0,2026-08-12T08:44:10.7884599Z,151.0,,,oasis/bottle,,0.0,,,,,
,,,,,,,,,,,,,,,13.0,,,,,,,,,1.0,,,0.0,,,,,0.0,,,,,0.0,,,,,,,,,,,local.mqtt.telegraf,32.0,,32.01,,,,,,periodic,,24.0,,,,,6.0,5,08a6f76bd428,,,94928.0,43104.0,,6.0,792.0,,,,,,,,,,,,,793.0,,,,,08a6f76bd428-793,,,0.0,,,,,,,272.0,793.0,08:A6:F7:6B:D4:28,,,,,,9441.0,51.0,31.0,29.0,29.0,2.0,,,0.0,29.0,384.0,31.0,3.0,,,,3474846,1786524251101,3474859,1786524251114,,1786524251077.0,29.0,2026-08-12T08:44:12.1302474Z,151.0,,,oasis/bottle,,0.0,,,,,
,,,,,,,,,,,,,,,13.0,,,,,,,,,1.0,,,0.0,,,,,0.0,,,,,0.0,,,,,,,,,,,local.mqtt.telegraf,32.0,,31.95,,,,,,periodic,,24.0,,,,,6.0,5,08a6f76bd428,,,84608.0,43104.0,,6.0,793.0,,,,,,,,,,,,,794.0,,,,,08a6f76bd428-794,,,0.0,,,,,,,272.0,794.0,08:A6:F7:6B:D4:28,,,,,,10921.0,51.0,31.0,29.0,29.0,2.0,,,0.0,29.0,384.0,31.0,3.0,,,,3476326,1786524252581,3476339,1786524252594,,1786524252557.0,29.0,2026-08-12T08:44:13.6109528Z,151.0,,,oasis/bottle,,0.0,,,,,
,,,,,,,,,,,,,,,13.0,,,,,,,,,1.0,,,0.0,,,,,0.0,,,,,0.0,,,,,,,,,,,local.mqtt.telegraf,32.0,,31.8,,,,,,periodic,,24.0,,,,,6.0,5,08a6f76bd428,,,76256.0,43104.0,,6.0,794.0,,,,,,,,,,,,,795.0,,,,,08a6f76bd428-795,,,0.0,,,,,,,272.0,795.0,08:A6:F7:6B:D4:28,,,,,,12071.0,51.0,31.0,29.0,29.0,2.0,,,0.0,29.0,384.0,31.0,3.0,,,,3477476,1786524253731,3477489,1786524253744,,1786524253707.0,29.0,2026-08-12T08:44:14.7621737Z,151.0,,,oasis/bottle,,0.0,,,,,
,,,,,,,,,,,,,,,13.0,,,,,,,,,1.0,,,0.0,,,,,0.0,,,,,0.0,,,,,,,,,,,local.mqtt.telegraf,32.0,,31.85,,,,,,periodic,,32.0,,,,,6.0,5,08a6f76bd428,,,67904.0,43104.0,,6.0,795.0,,,,,,,,,,,,,796.0,,,,,08a6f76bd428-796,,,0.0,,,,,,,272.0,796.0,08:A6:F7:6B:D4:28,,,,,,13171.0,51.0,31.0,29.0,29.0,2.0,,,0.0,29.0,384.0,31.0,3.0,,,,3478584,1786524254839,3478597,1786524254852,,1786524254807.0,29.0,2026-08-12T08:44:15.8629304Z,151.0,,,oasis/bottle,,0.0,,,,,
,,,,,,,,,,,,,,,13.0,,,,,,,,,1.0,,,0.0,,,,,0.0,,,,,0.0,,,,,,,,,,,local.mqtt.telegraf,32.0,,31.87,,,,,,periodic,,24.0,,,,,6.0,5,08a6f76bd428,,,60208.0,43104.0,,6.0,796.0,,,,,,,,,,,,,797.0,,,,,08a6f76bd428-797,,,0.0,,,,,,,272.0,797.0,08:A6:F7:6B:D4:28,,,,,,14171.0,51.0,31.0,29.0,29.0,2.0,,,0.0,29.0,384.0,31.0,3.0,,,,3479576,1786524255831,3479589,1786524255844,,1786524255807.0,29.0,2026-08-12T08:44:16.8567147Z,151.0,,,oasis/bottle,,0.0,,,,,
,,,,,,,,,,,,,,,13.0,,,,,,,,,1.0,,,0.0,,,,,0.0,,,,,0.0,,,,,,,,,,,local.mqtt.telegraf,32.0,,31.89,,,,,,periodic,,20.0,,,,,5.0,5,08a6f76bd428,,,49888.0,43104.0,,6.0,797.0,,,,,,,,,,,,,798.0,,,,,08a6f76bd428-798,,,0.0,,,,,,,273.0,798.0,08:A6:F7:6B:D4:28,,,,,,15564.0,51.0,31.0,29.0,29.0,2.0,,,0.0,29.0,384.0,31.0,3.0,,,,3480966,1786524257221,3480979,1786524257234,,1786524257201.0,29.0,2026-08-12T08:44:18.2542684Z,151.0,,,oasis/bottle,,0.0,,,,,
,,,,,,,,,,,,,,,13.0,,,,,,,,,1.0,,,0.0,,,,,0.0,,,,,0.0,,,,,,,,,,,local.mqtt.telegraf,32.0,,31.82,,,,,,periodic,,24.0,,,,,6.0,5,08a6f76bd428,,,118784.0,43104.0,,6.0,798.0,,,,,,,,,,,,,799.0,,,,,08a6f76bd428-799,,,0.0,,,,,,,272.0,799.0,08:A6:F7:6B:D4:28,,,,,,17151.0,51.0,31.0,29.0,29.0,2.0,,,0.0,29.0,384.0,31.0,3.0,,,,3482556,1786524258811,3482569,1786524258824,,1786524258787.0,29.0,2026-08-12T08:44:19.8583796Z,151.0,,,oasis/bottle,,0.0,,,,,
,,,,,,,,,,,,,,,17.0,,,,,,,,,1.0,,,0.0,,,,,0.0,,,,,0.0,,,,,,,,,,,local.mqtt.telegraf,32.0,,32.03,,,,,,periodic,,24.0,,,,,6.0,5,08a6f76bd428,,,109120.0,43104.0,,6.0,799.0,,,,,,,,,,,,,800.0,,,,,08a6f76bd428-800,,,0.0,,,,,,,272.0,800.0,08:A6:F7:6B:D4:28,,,,,,18521.0,51.0,31.0,29.0,29.0,2.0,,,0.0,29.0,384.0,31.0,3.0,,,,3483926,1786524260181,3483943,1786524260198,,1786524260157.0,29.0,2026-08-12T08:44:21.2233077Z,151.0,,,oasis/bottle,,0.0,,,,,
,,,,,,,,,,,,,,,13.0,,,,,,,,,1.0,,,0.0,,,,,0.0,,,,,0.0,,,,,,,,,,,local.mqtt.telegraf,32.0,,32.02,,,,,,periodic,,24.0,,,,,6.0,5,08a6f76bd428,,,98144.0,43104.0,,6.0,800.0,,,,,,,,,,,,,801.0,,,,,08a6f76bd428-801,,,0.0,,,,,,,272.0,801.0,08:A6:F7:6B:D4:28,,,,,,20061.0,51.0,31.0,29.0,29.0,2.0,,,0.0,29.0,384.0,31.0,3.0,,,,3485466,1786524261721,3485479,1786524261734,,1786524261697.0,29.0,2026-08-12T08:44:22.7520673Z,151.0,,,oasis/bottle,,0.0,,,,,
,,,,,,,,,,,,,,,13.0,,,,,,,,,1.0,,,0.0,,,,,0.0,,,,,0.0,,,,,,,,,,,local.mqtt.telegraf,32.0,,32.25,,,,,,periodic,,21.0,,,,,6.0,5,08a6f76bd428,,,77824.0,43104.0,,6.0,801.0,,,,,,,,,,,,,802.0,,,,,08a6f76bd428-802,,,0.0,,,,,,,272.0,802.0,08:A6:F7:6B:D4:28,,,,,,927.0,52.0,31.0,23.0,23.0,8.0,,,2.0,23.0,384.0,25.0,3.0,,,,3486746,1786524263001,3486759,1786524263014,,1786524262980.0,29.0,2026-08-12T08:44:24.0457564Z,154.0,,,oasis/bottle,,0.0,,,,,
,,,,,,,,,,,,,,,13.0,,,,,,,,,1.0,,,0.0,,,,,0.0,,,,,0.0,,,,,,,,,,,local.mqtt.telegraf,32.0,,32.45,,,,,,periodic,,21.0,,,,,6.0,5,08a6f76bd428,,,68160.0,43104.0,,6.0,802.0,,,,,,,,,,,,,803.0,,,,,08a6f76bd428-803,,,0.0,,,,,,,272.0,803.0,08:A6:F7:6B:D4:28,,,,,,2287.0,52.0,31.0,23.0,23.0,8.0,,,2.0,23.0,384.0,25.0,3.0,,,,3488106,1786524264361,3488119,1786524264374,,1786524264340.0,29.0,2026-08-12T08:44:25.3934543Z,154.0,,,oasis/bottle,,0.0,,,,,
,,,,,,,,,,,,,,,13.0,,,,,,,,,1.0,,,0.0,,,,,0.0,,,,,0.0,,,,,,,,,,,local.mqtt.telegraf,32.0,,32.88,,,,,,periodic,,21.0,,,,,6.0,5,08a6f76bd428,,,57184.0,43104.0,,6.0,803.0,,,,,,,,,,,,,804.0,,,,,08a6f76bd428-804,,,0.0,,,,,,,272.0,804.0,08:A6:F7:6B:D4:28,,,,,,3797.0,52.0,31.0,23.0,23.0,8.0,,,2.0,23.0,384.0,25.0,3.0,,,,3489616,1786524265871,3489629,1786524265884,,1786524265850.0,29.0,2026-08-12T08:44:26.9057657Z,154.0,,,oasis/bottle,,0.0,,,,,
,,,,,,,,,,,,,,,13.0,,,,,,,,,1.0,,,0.0,,,,,0.0,,,,,0.0,,,,,,,,,,,local.mqtt.telegraf,32.0,,33.46,,,,,,periodic,,21.0,,,,,6.0,5,08a6f76bd428,,,48176.0,43104.0,,7.0,804.0,,,,,,,,,,,,,805.0,,,,,08a6f76bd428-805,,,0.0,,,,,,,272.0,805.0,08:A6:F7:6B:D4:28,,,,,,5017.0,52.0,31.0,23.0,23.0,8.0,,,2.0,23.0,384.0,25.0,3.0,,,,3490836,1786524267091,3490849,1786524267104,,1786524267070.0,29.0,2026-08-12T08:44:28.1288729Z,154.0,,,oasis/bottle,,0.0,,,,,
,,,,,,,,,,,,,,,13.0,,,,,,,,,1.0,,,0.0,,,,,0.0,,,,,0.0,,,,,,,,,,,local.mqtt.telegraf,32.0,,33.74,,,,,,periodic,,21.0,,,,,6.0,5,08a6f76bd428,,,119232.0,43104.0,,6.0,805.0,,,,,,,,,,,,,806.0,,,,,08a6f76bd428-806,,,0.0,,,,,,,272.0,806.0,08:A6:F7:6B:D4:28,,,,,,6257.0,52.0,31.0,23.0,23.0,8.0,,,2.0,23.0,384.0,25.0,3.0,,,,3492076,1786524268331,3492089,1786524268344,,1786524268310.0,28.0,2026-08-12T08:44:29.3584116Z,154.0,,,oasis/bottle,,0.0,,,,,
,,,,,,,,,,,,,,,13.0,,,,,,,,,1.0,,,0.0,,,,,0.0,,,,,0.0,,,,,,,,,,,local.mqtt.telegraf,32.0,,34.25,,,,,,periodic,,20.0,,,,,5.0,5,08a6f76bd428,,,110192.0,43104.0,,7.0,806.0,,,,,,,,,,,,,807.0,,,,,08a6f76bd428-807,,,0.0,,,,,,,273.0,807.0,08:A6:F7:6B:D4:28,,,,,,7537.0,52.0,31.0,23.0,23.0,8.0,,,2.0,23.0,384.0,25.0,3.0,,,,3493356,1786524269611,3493369,1786524269624,,1786524269591.0,29.0,2026-08-12T08:44:30.6434499Z,154.0,,,oasis/bottle,,0.0,,,,,
,,,,,,,,,,,,,,,13.0,,,,,,,,,1.0,,,0.0,,,,,0.0,,,,,0.0,,,,,,,,,,,local.mqtt.telegraf,32.0,,34.72,,,,,,periodic,,21.0,,,,,6.0,5,08a6f76bd428,,,100512.0,43104.0,,5.0,807.0,,,,,,,,,,,,,808.0,,,,,08a6f76bd428-808,,,0.0,,,,,,,272.0,808.0,08:A6:F7:6B:D4:28,,,,,,8897.0,52.0,31.0,23.0,23.0,8.0,,,2.0,23.0,384.0,25.0,3.0,,,,3494716,1786524270971,3494729,1786524270984,,1786524270950.0,28.0,2026-08-12T08:44:31.9955153Z,154.0,,,oasis/bottle,,0.0,,,,,
,,,,,,,,,,,,,,,13.0,,,,,,,,,1.0,,,0.0,,,,,0.0,,,,,0.0,,,,,,,,,,,local.mqtt.telegraf,32.0,,35.23,,,,,,periodic,,21.0,,,,,6.0,5,08a6f76bd428,,,89536.0,43104.0,,6.0,808.0,,,,,,,,,,,,,809.0,,,,,08a6f76bd428-809,,,0.0,,,,,,,272.0,809.0,08:A6:F7:6B:D4:28,,,,,,10407.0,52.0,31.0,23.0,23.0,8.0,,,2.0,23.0,384.0,25.0,3.0,,,,3496226,1786524272481,3496239,1786524272494,,1786524272460.0,29.0,2026-08-12T08:44:33.5136573Z,154.0,,,oasis/bottle,,0.0,,,,,
,,,,,,,,,,,,,,,13.0,,,,,,,,,1.0,,,0.0,,,,,0.0,,,,,0.0,,,,,,,,,,,local.mqtt.telegraf,32.0,,35.63,,,,,,periodic,,21.0,,,,,6.0,5,08a6f76bd428,,,80528.0,43104.0,,6.0,809.0,,,,,,,,,,,,,810.0,,,,,08a6f76bd428-810,,,0.0,,,,,,,272.0,810.0,08:A6:F7:6B:D4:28,,,,,,11627.0,52.0,31.0,23.0,23.0,8.0,,,2.0,23.0,384.0,25.0,3.0,,,,3497446,1786524273701,3497459,1786524273714,,1786524273680.0,28.0,2026-08-12T08:44:34.7301156Z,154.0,,,oasis/bottle,,0.0,,,,,
,,,,,,,,,,,,,,,13.0,,,,,,,,,1.0,,,0.0,,,,,0.0,,,,,0.0,,,,,,,,,,,local.mqtt.telegraf,32.0,,36.18,,,,,,periodic,,31.0,,,,,6.0,5,08a6f76bd428,,,70688.0,43104.0,,6.0,810.0,,,,,,,,,,,,,811.0,,,,,08a6f76bd428-811,,,0.0,,,,,,,272.0,811.0,08:A6:F7:6B:D4:28,,,,,,12907.0,52.0,31.0,23.0,23.0,8.0,,,2.0,23.0,384.0,25.0,3.0,,,,3498736,1786524274991,3498749,1786524275004,,1786524274960.0,29.0,2026-08-12T08:44:36.0187225Z,154.0,,,oasis/bottle,,0.0,,,,,
,,,,,,,,,,,,,,,14.0,,,,,,,,,1.0,,,0.0,,,,,0.0,,,,,0.0,,,,,,,,,,,local.mqtt.telegraf,32.0,,37.0,,,,,,periodic,,21.0,,,,,6.0,5,08a6f76bd428,,,61024.0,43104.0,,18.0,811.0,,,,,,,,,,,,,812.0,,,,,08a6f76bd428-812,,,0.0,,,,,,,272.0,812.0,08:A6:F7:6B:D4:28,,,,,,14247.0,52.0,31.0,23.0,23.0,8.0,,,2.0,23.0,384.0,25.0,3.0,,,,3500066,1786524276321,3500080,1786524276335,,1786524276300.0,28.0,2026-08-12T08:44:37.3562678Z,154.0,,,oasis/bottle,,0.0,,,,,
,,,,,,,,,,,,,,,21.0,,,,,,,,,1.0,,,0.0,,,,,0.0,,,,,0.0,,,,,,,,,,,local.mqtt.telegraf,32.0,,37.26,,,,,,periodic,,21.0,,,,,6.0,5,08a6f76bd428,,,50704.0,43104.0,,6.0,812.0,,,,,,,,,,,,,813.0,,,,,08a6f76bd428-813,,,0.0,,,,,,,272.0,813.0,08:A6:F7:6B:D4:28,,,,,,15697.0,52.0,31.0,23.0,23.0,8.0,,,2.0,23.0,384.0,25.0,3.0,,,,3501516,1786524277771,3501537,1786524277792,,1786524277750.0,29.0,2026-08-12T08:44:38.8052242Z,154.0,,,oasis/bottle,,0.0,,,,,
,,,,,,,,,,,,,,,13.0,,,,,,,,,1.0,,,0.0,,,,,0.0,,,,,0.0,,,,,,,,,,,local.mqtt.telegraf,32.0,,37.65,,,,,,periodic,,21.0,,,,,6.0,5,08a6f76bd428,,,122160.0,43104.0,,6.0,813.0,,,,,,,,,,,,,814.0,,,,,08a6f76bd428-814,,,0.0,,,,,,,272.0,814.0,08:A6:F7:6B:D4:28,,,,,,16797.0,52.0,31.0,23.0,23.0,8.0,,,2.0,23.0,384.0,25.0,3.0,,,,3502616,1786524278871,3502629,1786524278884,,1786524278850.0,29.0,2026-08-12T08:44:39.9027929Z,154.0,,,oasis/bottle,,0.0,,,,,
,,,,,,,,,,,,,,,13.0,,,,,,,,,1.0,,,0.0,,,,,0.0,,,,,0.0,,,,,,,,,,,local.mqtt.telegraf,32.0,,37.92,,,,,,periodic,,21.0,,,,,6.0,5,08a6f76bd428,,,114464.0,43104.0,,7.0,814.0,,,,,,,,,,,,,815.0,,,,,08a6f76bd428-815,,,0.0,,,,,,,272.0,815.0,08:A6:F7:6B:D4:28,,,,,,17797.0,52.0,31.0,23.0,23.0,8.0,,,2.0,23.0,384.0,25.0,3.0,,,,3503616,1786524279871,3503629,1786524279884,,1786524279850.0,28.0,2026-08-12T08:44:40.9042989Z,154.0,,,oasis/bottle,,0.0,,,,,
,,,,,,,,,,,,,,,14.0,,,,,,,,,1.0,,,0.0,,,,,0.0,,,,,0.0,,,,,,,,,,,local.mqtt.telegraf,32.0,,38.04,,,,,,periodic,,17.0,,,,,5.0,5,08a6f76bd428,,,104144.0,43104.0,,6.0,815.0,,,,,,,,,,,,,816.0,,,,,08a6f76bd428-816,,,0.0,,,,,,,273.0,816.0,08:A6:F7:6B:D4:28,,,,,,19190.0,52.0,31.0,23.0,23.0,8.0,,,2.0,23.0,384.0,25.0,3.0,,,,3505006,1786524281261,3505020,1786524281275,,1786524281244.0,28.0,2026-08-12T08:44:42.288454Z,154.0,,,oasis/bottle,,0.0,,,,,
,,,,,,,,,,,,,,,13.0,,,,,,,,,1.0,,,0.0,,,,,0.0,,,,,0.0,,,,,,,,,,,local.mqtt.telegraf,32.0,,38.17,,,,,,periodic,,18.0,,,,,5.0,5,08a6f76bd428,,,79888.0,43104.0,,7.0,816.0,,,,,,,,,,,,,817.0,,,,,08a6f76bd428-817,,,0.0,,,,,,,273.0,817.0,08:A6:F7:6B:D4:28,,,,,,688.0,53.0,31.0,23.0,23.0,8.0,,,3.0,23.0,405.0,25.0,3.0,,,,3506925,1786524283180,3506938,1786524283193,,1786524283162.0,28.0,2026-08-12T08:44:44.2178843Z,157.0,,,oasis/bottle,,0.0,,,,,
,,,,,,,,,,,,,,,13.0,,,,,,,,,1.0,,,0.0,,,,,0.0,,,,,0.0,,,,,,,,,,,local.mqtt.telegraf,32.0,,38.16,,,,,,periodic,,21.0,,,,,6.0,5,08a6f76bd428,,,71536.0,43104.0,,5.0,817.0,,,,,,,,,,,,,818.0,,,,,08a6f76bd428-818,,,0.0,,,,,,,272.0,818.0,08:A6:F7:6B:D4:28,,,,,,1797.0,53.0,31.0,23.0,23.0,8.0,,,3.0,23.0,405.0,25.0,3.0,,,,3508036,1786524284291,3508049,1786524284304,,1786524284270.0,28.0,2026-08-12T08:44:45.3278478Z,157.0,,,oasis/bottle,,0.0,,,,,
,,,,,,,,,,,,,,,13.0,,,,,,,,,1.0,,,0.0,,,,,0.0,,,,,0.0,,,,,,,,,,,local.mqtt.telegraf,32.0,,38.23,,,,,,periodic,,21.0,,,,,6.0,5,08a6f76bd428,,,63840.0,43104.0,,6.0,818.0,,,,,,,,,,,,,819.0,,,,,08a6f76bd428-819,,,0.0,,,,,,,272.0,819.0,08:A6:F7:6B:D4:28,,,,,,2807.0,53.0,31.0,23.0,23.0,8.0,,,3.0,23.0,405.0,25.0,3.0,,,,3509046,1786524285301,3509059,1786524285314,,1786524285280.0,28.0,2026-08-12T08:44:46.3507383Z,157.0,,,oasis/bottle,,0.0,,,,,
,,,,,,,,,,,,,,,13.0,,,,,,,,,1.0,,,0.0,,,,,0.0,,,,,0.0,,,,,,,,,,,local.mqtt.telegraf,32.0,,38.27,,,,,,periodic,,21.0,,,,,6.0,5,08a6f76bd428,,,53520.0,43104.0,,6.0,819.0,,,,,,,,,,,,,820.0,,,,,08a6f76bd428-820,,,0.0,,,,,,,272.0,820.0,08:A6:F7:6B:D4:28,,,,,,4227.0,53.0,31.0,23.0,23.0,8.0,,,3.0,23.0,405.0,25.0,3.0,,,,3510466,1786524286721,3510479,1786524286734,,1786524286700.0,28.0,2026-08-12T08:44:47.754366Z,157.0,,,oasis/bottle,,0.0,,,,,
,,,,,,,,,,,,,,,13.0,,,,,,,,,1.0,,,0.0,,,,,0.0,,,,,0.0,,,,,,,,,,,local.mqtt.telegraf,32.0,,38.23,,,,,,periodic,,31.0,,,,,6.0,5,08a6f76bd428,,,45824.0,43104.0,,6.0,820.0,,,,,,,,,,,,,821.0,,,,,08a6f76bd428-821,,,0.0,,,,,,,272.0,821.0,08:A6:F7:6B:D4:28,,,,,,5267.0,53.0,31.0,23.0,23.0,8.0,,,3.0,23.0,405.0,25.0,3.0,,,,3511516,1786524287771,3511529,1786524287784,,1786524287740.0,28.0,2026-08-12T08:44:48.8002502Z,157.0,,,oasis/bottle,,0.0,,,,,
,,,,,,,,,,,,,,,13.0,,,,,,,,,1.0,,,0.0,,,,,0.0,,,,,0.0,,,,,,,,,,,local.mqtt.telegraf,32.0,,38.24,,,,,,periodic,,21.0,,,,,6.0,5,08a6f76bd428,,,114160.0,43104.0,,5.0,821.0,,,,,,,,,,,,,822.0,,,,,08a6f76bd428-822,,,0.0,,,,,,,272.0,822.0,08:A6:F7:6B:D4:28,,,,,,6757.0,53.0,31.0,23.0,23.0,8.0,,,3.0,23.0,405.0,25.0,3.0,,,,3512996,1786524289251,3513009,1786524289264,,1786524289230.0,28.0,2026-08-12T08:44:50.2861151Z,157.0,,,oasis/bottle,,0.0,,,,,
,,,,,,,,,,,,,,,13.0,,,,,,,,,1.0,,,0.0,,,,,0.0,,,,,0.0,,,,,,,,,,,local.mqtt.telegraf,32.0,,38.08,,,,,,periodic,,21.0,,,,,6.0,5,08a6f76bd428,,,105808.0,43104.0,,7.0,822.0,,,,,,,,,,,,,823.0,,,,,08a6f76bd428-823,,,0.0,,,,,,,272.0,823.0,08:A6:F7:6B:D4:28,,,,,,7917.0,53.0,31.0,23.0,23.0,8.0,,,3.0,23.0,405.0,25.0,3.0,,,,3514156,1786524290411,3514169,1786524290424,,1786524290390.0,28.0,2026-08-12T08:44:51.4301907Z,157.0,,,oasis/bottle,,0.0,,,,,
,,,,,,,,,,,,,,,13.0,,,,,,,,,1.0,,,0.0,,,,,0.0,,,,,0.0,,,,,,,,,,,local.mqtt.telegraf,32.0,,38.2,,,,,,periodic,,21.0,,,,,6.0,5,08a6f76bd428,,,97456.0,43104.0,,6.0,823.0,,,,,,,,,,,,,824.0,,,,,08a6f76bd428-824,,,0.0,,,,,,,272.0,824.0,08:A6:F7:6B:D4:28,,,,,,9037.0,53.0,31.0,23.0,23.0,8.0,,,3.0,23.0,405.0,25.0,3.0,,,,3515276,1786524291531,3515289,1786524291544,,1786524291510.0,28.0,2026-08-12T08:44:52.5657093Z,157.0,,,oasis/bottle,,0.0,,,,,
,,,,,,,,,,,,,,,13.0,,,,,,,,,1.0,,,0.0,,,,,0.0,,,,,0.0,,,,,,,,,,,local.mqtt.telegraf,32.0,,38.28,,,,,,periodic,,21.0,,,,,6.0,5,08a6f76bd428,,,89760.0,43104.0,,6.0,824.0,,,,,,,,,,,,,825.0,,,,,08a6f76bd428-825,,,0.0,,,,,,,272.0,825.0,08:A6:F7:6B:D4:28,,,,,,10077.0,53.0,31.0,23.0,23.0,8.0,,,3.0,23.0,405.0,25.0,3.0,,,,3516316,1786524292571,3516329,1786524292584,,1786524292550.0,28.0,2026-08-12T08:44:53.6058305Z,157.0,,,oasis/bottle,,0.0,,,,,
,,,,,,,,,,,,,,,13.0,,,,,,,,,1.0,,,0.0,,,,,0.0,,,,,0.0,,,,,,,,,,,local.mqtt.telegraf,32.0,,38.17,,,,,,periodic,,31.0,,,,,6.0,5,08a6f76bd428,,,79440.0,43104.0,,6.0,825.0,,,,,,,,,,,,,826.0,,,,,08a6f76bd428-826,,,0.0,,,,,,,272.0,826.0,08:A6:F7:6B:D4:28,,,,,,11557.0,53.0,31.0,23.0,23.0,8.0,,,3.0,23.0,405.0,25.0,3.0,,,,3517806,1786524294061,3517819,1786524294074,,1786524294030.0,28.0,2026-08-12T08:44:55.0938506Z,157.0,,,oasis/bottle,,0.0,,,,,
,,,,,,,,,,,,,,,13.0,,,,,,,,,1.0,,,0.0,,,,,0.0,,,,,0.0,,,,,,,,,,,local.mqtt.telegraf,32.0,,38.17,,,,,,periodic,,20.0,,,,,5.0,5,08a6f76bd428,,,71088.0,43104.0,,11.0,826.0,,,,,,,,,,,,,827.0,,,,,08a6f76bd428-827,,,0.0,,,,,,,272.0,827.0,08:A6:F7:6B:D4:28,,,,,,12727.0,53.0,31.0,23.0,23.0,8.0,,,3.0,23.0,405.0,25.0,3.0,,,,3518966,1786524295221,3518979,1786524295234,,1786524295201.0,28.0,2026-08-12T08:44:56.2546492Z,157.0,,,oasis/bottle,,0.0,,,,,
,,,,,,,,,,,,,,,13.0,,,,,,,,,1.0,,,0.0,,,,,0.0,,,,,0.0,,,,,,,,,,,local.mqtt.telegraf,32.0,,38.04,,,,,,periodic,,21.0,,,,,6.0,5,08a6f76bd428,,,62736.0,43104.0,,6.0,827.0,,,,,,,,,,,,,828.0,,,,,08a6f76bd428-828,,,0.0,,,,,,,272.0,828.0,08:A6:F7:6B:D4:28,,,,,,13847.0,53.0,31.0,23.0,23.0,8.0,,,3.0,23.0,405.0,25.0,3.0,,,,3520086,1786524296341,3520099,1786524296354,,1786524296320.0,28.0,2026-08-12T08:44:57.3721003Z,157.0,,,oasis/bottle,,0.0,,,,,
,,,,,,,,,,,,,,,13.0,,,,,,,,,1.0,,,0.0,,,,,0.0,,,,,0.0,,,,,,,,,,,local.mqtt.telegraf,32.0,,38.08,,,,,,periodic,,20.0,,,,,5.0,5,08a6f76bd428,,,55040.0,43104.0,,6.0,828.0,,,,,,,,,,,,,829.0,,,,,08a6f76bd428-829,,,0.0,,,,,,,272.0,829.0,08:A6:F7:6B:D4:28,,,,,,14887.0,53.0,31.0,23.0,23.0,8.0,,,3.0,23.0,405.0,25.0,3.0,,,,3521126,1786524297381,3521139,1786524297394,,1786524297361.0,28.0,2026-08-12T08:44:58.412457Z,157.0,,,oasis/bottle,,0.0,,,,,
,,,,,,,,,,,,,,,13.0,,,,,,,,,1.0,,,0.0,,,,,0.0,,,,,0.0,,,,,,,,,,,local.mqtt.telegraf,32.0,,38.28,,,,,,periodic,,31.0,,,,,6.0,5,08a6f76bd428,,,44720.0,43104.0,,6.0,829.0,,,,,,,,,,,,,830.0,,,,,08a6f76bd428-830,,,0.0,,,,,,,272.0,830.0,08:A6:F7:6B:D4:28,,,,,,16367.0,53.0,31.0,23.0,23.0,8.0,,,3.0,23.0,405.0,25.0,3.0,,,,3522616,1786524298871,3522629,1786524298884,,1786524298840.0,28.0,2026-08-12T08:44:59.9173122Z,157.0,,,oasis/bottle,,0.0,,,,,
,,,,,,,,,,,,,,,13.0,,,,,,,,,1.0,,,0.0,,,,,0.0,,,,,0.0,,,,,,,,,,,local.mqtt.telegraf,32.0,,38.23,,,,,,periodic,,20.0,,,,,6.0,5,08a6f76bd428,,,115264.0,43104.0,,5.0,830.0,,,,,,,,,,,,,831.0,,,,,08a6f76bd428-831,,,0.0,,,,,,,273.0,831.0,08:A6:F7:6B:D4:28,,,,,,17537.0,53.0,31.0,23.0,23.0,8.0,,,3.0,23.0,405.0,25.0,3.0,,,,3523776,1786524300031,3523789,1786524300044,,1786524300011.0,28.0,2026-08-12T08:45:01.0581905Z,157.0,,,oasis/bottle,,0.0,,,,,
,,,,,,,,,,,,,,,13.0,,,,,,,,,1.0,,,0.0,,,,,0.0,,,,,0.0,,,,,,,,,,,local.mqtt.telegraf,32.0,,38.25,,,,,,periodic,,21.0,,,,,6.0,5,08a6f76bd428,,,106896.0,43104.0,,5.0,831.0,,,,,,,,,,,,,832.0,,,,,08a6f76bd428-832,,,0.0,,,,,,,272.0,832.0,08:A6:F7:6B:D4:28,,,,,,18667.0,53.0,31.0,23.0,23.0,8.0,,,3.0,23.0,405.0,25.0,3.0,,,,3524906,1786524301161,3524919,1786524301174,,1786524301140.0,28.0,2026-08-12T08:45:02.2052711Z,157.0,,,oasis/bottle,,0.0,,,,,
,,,,,,,,,,,,,,,13.0,,,,,,,,,1.0,,,0.0,,,,,0.0,,,,,0.0,,,,,,,,,,,local.mqtt.telegraf,32.0,,38.28,,,,,,periodic,,20.0,,,,,5.0,5,08a6f76bd428,,,99200.0,43104.0,,6.0,832.0,,,,,,,,,,,,,833.0,,,,,08a6f76bd428-833,,,0.0,,,,,,,272.0,833.0,08:A6:F7:6B:D4:28,,,,,,19717.0,53.0,31.0,23.0,23.0,8.0,,,3.0,23.0,405.0,25.0,3.0,,,,3525956,1786524302211,3525969,1786524302224,,1786524302191.0,28.0,2026-08-12T08:45:03.2378804Z,157.0,,,oasis/bottle,,0.0,,,,,
,,,,,,,,,,,,,,,13.0,,,,,,,,,1.0,,,0.0,,,,,0.0,,,,,0.0,,,,,,,,,,,local.mqtt.telegraf,32.0,,38.25,,,,,,periodic,,44.0,,,,,5.0,5,08a6f76bd428,,,77568.0,43104.0,,6.0,833.0,,,,,,,,,,,,,834.0,,,,,08a6f76bd428-834,,,0.0,,,,,,,273.0,834.0,08:A6:F7:6B:D4:28,,,,,,771.0,54.0,31.0,29.0,29.0,2.0,,,0.0,29.0,384.0,31.0,3.0,,,,3527477,1786524303732,3527490,1786524303745,,1786524303688.0,28.0,2026-08-12T08:45:04.7633123Z,160.0,,,oasis/bottle,,0.0,,,,,
,,,,,,,,,,,,,,,13.0,,,,,,,,,1.0,,,0.0,,,,,0.0,,,,,0.0,,,,,,,,,,,local.mqtt.telegraf,32.0,,38.24,,,,,,periodic,,24.0,,,,,6.0,5,08a6f76bd428,,,68560.0,43104.0,,6.0,834.0,,,,,,,,,,,,,835.0,,,,,08a6f76bd428-835,,,0.0,,,,,,,272.0,835.0,08:A6:F7:6B:D4:28,,,,,,1971.0,54.0,31.0,29.0,29.0,2.0,,,0.0,29.0,384.0,31.0,3.0,,,,3528656,1786524304911,3528669,1786524304924,,1786524304887.0,28.0,2026-08-12T08:45:05.9448826Z,160.0,,,oasis/bottle,,0.0,,,,,
,,,,,,,,,,,,,,,13.0,,,,,,,,,1.0,,,0.0,,,,,0.0,,,,,0.0,,,,,,,,,,,local.mqtt.telegraf,32.0,,38.23,,,,,,periodic,,24.0,,,,,6.0,5,08a6f76bd428,,,59552.0,43104.0,,6.0,835.0,,,,,,,,,,,,,836.0,,,,,08a6f76bd428-836,,,0.0,,,,,,,272.0,836.0,08:A6:F7:6B:D4:28,,,,,,3171.0,54.0,31.0,29.0,29.0,2.0,,,0.0,29.0,384.0,31.0,3.0,,,,3529856,1786524306111,3529869,1786524306124,,1786524306087.0,29.0,2026-08-12T08:45:07.1468755Z,160.0,,,oasis/bottle,,0.0,,,,,
,,,,,,,,,,,,,,,13.0,,,,,,,,,1.0,,,0.0,,,,,0.0,,,,,0.0,,,,,,,,,,,local.mqtt.telegraf,32.0,,38.21,,,,,,periodic,,24.0,,,,,6.0,5,08a6f76bd428,,,50544.0,43104.0,,6.0,836.0,,,,,,,,,,,,,837.0,,,,,08a6f76bd428-837,,,0.0,,,,,,,272.0,837.0,08:A6:F7:6B:D4:28,,,,,,4361.0,54.0,31.0,29.0,29.0,2.0,,,0.0,29.0,384.0,31.0,3.0,,,,3531046,1786524307301,3531059,1786524307314,,1786524307277.0,28.0,2026-08-12T08:45:08.3485596Z,160.0,,,oasis/bottle,,0.0,,,,,
,,,,,,,,,,,,,,,13.0,,,,,,,,,1.0,,,0.0,,,,,0.0,,,,,0.0,,,,,,,,,,,local.mqtt.telegraf,32.0,,38.25,,,,,,periodic,,31.0,,,,,5.0,5,08a6f76bd428,,,121408.0,43104.0,,6.0,837.0,,,,,,,,,,,,,838.0,,,,,08a6f76bd428-838,,,0.0,,,,,,,272.0,838.0,08:A6:F7:6B:D4:28,,,,,,5541.0,54.0,31.0,29.0,29.0,2.0,,,0.0,29.0,384.0,31.0,3.0,,,,3532234,1786524308489,3532247,1786524308502,,1786524308458.0,28.0,2026-08-12T08:45:09.5277437Z,160.0,,,oasis/bottle,,0.0,,,,,
,,,,,,,,,,,,,,,13.0,,,,,,,,,1.0,,,0.0,,,,,0.0,,,,,0.0,,,,,,,,,,,local.mqtt.telegraf,32.0,,38.28,,,,,,periodic,,24.0,,,,,6.0,5,08a6f76bd428,,,113056.0,43104.0,,5.0,838.0,,,,,,,,,,,,,839.0,,,,,08a6f76bd428-839,,,0.0,,,,,,,272.0,839.0,08:A6:F7:6B:D4:28,,,,,,6701.0,54.0,31.0,29.0,29.0,2.0,,,0.0,29.0,384.0,31.0,3.0,,,,3533386,1786524309641,3533399,1786524309654,,1786524309617.0,28.0,2026-08-12T08:45:10.6824214Z,160.0,,,oasis/bottle,,0.0,,,,,
,,,,,,,,,,,,,,,13.0,,,,,,,,,1.0,,,0.0,,,,,0.0,,,,,0.0,,,,,,,,,,,local.mqtt.telegraf,32.0,,38.24,,,,,,periodic,,23.0,,,,,5.0,5,08a6f76bd428,,,104704.0,43104.0,,6.0,839.0,,,,,,,,,,,,,840.0,,,,,08a6f76bd428-840,,,0.0,,,,,,,272.0,840.0,08:A6:F7:6B:D4:28,,,,,,7821.0,54.0,31.0,29.0,29.0,2.0,,,0.0,29.0,384.0,31.0,3.0,,,,3534506,1786524310761,3534519,1786524310774,,1786524310738.0,28.0,2026-08-12T08:45:11.7920171Z,160.0,,,oasis/bottle,,0.0,,,,,
,,,,,,,,,,,,,,,13.0,,,,,,,,,1.0,,,0.0,,,,,0.0,,,,,0.0,,,,,,,,,,,local.mqtt.telegraf,32.0,,38.32,,,,,,periodic,,23.0,,,,,6.0,5,08a6f76bd428,,,96144.0,43104.0,,8.0,840.0,,,,,,,,,,,,,841.0,,,,,08a6f76bd428-841,,,0.0,,,,,,,273.0,841.0,08:A6:F7:6B:D4:28,,,,,,8901.0,54.0,31.0,29.0,29.0,2.0,,,0.0,29.0,384.0,31.0,3.0,,,,3535586,1786524311841,3535599,1786524311854,,1786524311818.0,28.0,2026-08-12T08:45:12.878059Z,160.0,,,oasis/bottle,,0.0,,,,,
,,,,,,,,,,,,,,,13.0,,,,,,,,,1.0,,,0.0,,,,,0.0,,,,,0.0,,,,,,,,,,,local.mqtt.telegraf,32.0,,38.27,,,,,,periodic,,24.0,,,,,6.0,5,08a6f76bd428,,,85152.0,43104.0,,5.0,841.0,,,,,,,,,,,,,842.0,,,,,08a6f76bd428-842,,,0.0,,,,,,,272.0,842.0,08:A6:F7:6B:D4:28,,,,,,10421.0,54.0,31.0,29.0,29.0,2.0,,,0.0,29.0,384.0,31.0,3.0,,,,3537106,1786524313361,3537119,1786524313374,,1786524313337.0,29.0,2026-08-12T08:45:14.387038Z,160.0,,,oasis/bottle,,0.0,,,,,
,,,,,,,,,,,,,,,13.0,,,,,,,,,1.0,,,0.0,,,,,0.0,,,,,0.0,,,,,,,,,,,local.mqtt.telegraf,32.0,,38.13,,,,,,periodic,,24.0,,,,,6.0,5,08a6f76bd428,,,76144.0,43104.0,,6.0,842.0,,,,,,,,,,,,,843.0,,,,,08a6f76bd428-843,,,0.0,,,,,,,272.0,843.0,08:A6:F7:6B:D4:28,,,,,,11651.0,54.0,31.0,29.0,29.0,2.0,,,0.0,29.0,384.0,31.0,3.0,,,,3538336,1786524314591,3538349,1786524314604,,1786524314567.0,28.0,2026-08-12T08:45:15.6314716Z,160.0,,,oasis/bottle,,0.0,,,,,
,,,,,,,,,,,,,,,13.0,,,,,,,,,1.0,,,0.0,,,,,0.0,,,,,0.0,,,,,,,,,,,local.mqtt.telegraf,32.0,,38.17,,,,,,periodic,,24.0,,,,,6.0,5,08a6f76bd428,,,67136.0,43104.0,,6.0,843.0,,,,,,,,,,,,,844.0,,,,,08a6f76bd428-844,,,0.0,,,,,,,272.0,844.0,08:A6:F7:6B:D4:28,,,,,,12911.0,54.0,31.0,29.0,29.0,2.0,,,0.0,29.0,384.0,31.0,3.0,,,,3539596,1786524315851,3539609,1786524315864,,1786524315827.0,29.0,2026-08-12T08:45:16.8983468Z,160.0,,,oasis/bottle,,0.0,,,,,
,,,,,,,,,,,,,,,13.0,,,,,,,,,1.0,,,0.0,,,,,0.0,,,,,0.0,,,,,,,,,,,local.mqtt.telegraf,32.0,,38.04,,,,,,periodic,,24.0,,,,,6.0,5,08a6f76bd428,,,57472.0,43104.0,,6.0,844.0,,,,,,,,,,,,,845.0,,,,,08a6f76bd428-845,,,0.0,,,,,,,272.0,845.0,08:A6:F7:6B:D4:28,,,,,,14231.0,54.0,31.0,29.0,29.0,2.0,,,0.0,29.0,384.0,31.0,3.0,,,,3540916,1786524317171,3540929,1786524317184,,1786524317147.0,29.0,2026-08-12T08:45:18.2016433Z,160.0,,,oasis/bottle,,0.0,,,,,
,,,,,,,,,,,,,,,13.0,,,,,,,,,1.0,,,0.0,,,,,0.0,,,,,0.0,,,,,,,,,,,local.mqtt.telegraf,32.0,,37.59,,,,,,periodic,,23.0,,,,,5.0,5,08a6f76bd428,,,47152.0,43104.0,,6.0,845.0,,,,,,,,,,,,,846.0,,,,,08a6f76bd428-846,,,0.0,,,,,,,272.0,846.0,08:A6:F7:6B:D4:28,,,,,,15671.0,54.0,31.0,29.0,29.0,2.0,,,0.0,29.0,384.0,31.0,3.0,,,,3542356,1786524318611,3542369,1786524318624,,1786524318588.0,28.0,2026-08-12T08:45:19.6608562Z,160.0,,,oasis/bottle,,0.0,,,,,
,,,,,,,,,,,,,,,13.0,,,,,,,,,1.0,,,0.0,,,,,0.0,,,,,0.0,,,,,,,,,,,local.mqtt.telegraf,32.0,,36.73,,,,,,periodic,,24.0,,,,,6.0,5,08a6f76bd428,,,118672.0,43104.0,,7.0,846.0,,,,,,,,,,,,,847.0,,,,,08a6f76bd428-847,,,0.0,,,,,,,272.0,847.0,08:A6:F7:6B:D4:28,,,,,,16741.0,54.0,31.0,29.0,29.0,2.0,,,0.0,29.0,384.0,31.0,3.0,,,,3543426,1786524319681,3543439,1786524319694,,1786524319657.0,28.0,2026-08-12T08:45:20.7148376Z,160.0,,,oasis/bottle,,0.0,,,,,
,,,,,,,,,,,,,,,13.0,,,,,,,,,1.0,,,0.0,,,,,0.0,,,,,0.0,,,,,,,,,,,local.mqtt.telegraf,32.0,,37.39,,,,,,periodic,,24.0,,,,,6.0,5,08a6f76bd428,,,107696.0,43104.0,,8.0,847.0,,,,,,,,,,,,,848.0,,,,,08a6f76bd428-848,,,0.0,,,,,,,272.0,848.0,08:A6:F7:6B:D4:28,,,,,,18281.0,54.0,31.0,29.0,29.0,2.0,,,0.0,29.0,384.0,31.0,3.0,,,,3544966,1786524321221,3544979,1786524321234,,1786524321197.0,29.0,2026-08-12T08:45:22.2640813Z,160.0,,,oasis/bottle,,0.0,,,,,
,,,,,,,,,,,,,,,13.0,,,,,,,,,1.0,,,0.0,,,,,0.0,,,,,0.0,,,,,,,,,,,local.mqtt.telegraf,32.0,,36.32,,,,,,periodic,,23.0,,,,,5.0,5,08a6f76bd428,,,98656.0,43104.0,,6.0,848.0,,,,,,,,,,,,,849.0,,,,,08a6f76bd428-849,,,0.0,,,,,,,273.0,849.0,08:A6:F7:6B:D4:28,,,,,,19561.0,54.0,31.0,29.0,29.0,2.0,,,0.0,29.0,384.0,31.0,3.0,,,,3546246,1786524322501,3546259,1786524322514,,1786524322478.0,29.0,2026-08-12T08:45:23.533046Z,160.0,,,oasis/bottle,,0.0,,,,,
,,,,,,,,,,,,,,,13.0,,,,,,,,,1.0,,,0.0,,,,,0.0,,,,,0.0,,,,,,,,,,,local.mqtt.telegraf,32.0,,37.12,,,,,,periodic,,21.0,,,,,5.0,5,08a6f76bd428,,,77008.0,43104.0,,5.0,849.0,,,,,,,,,,,,,850.0,,,,,08a6f76bd428-850,,,0.0,,,,,,,273.0,850.0,08:A6:F7:6B:D4:28,,,,,,682.0,55.0,41.0,29.0,29.0,12.0,,,0.0,29.0,405.0,31.0,3.0,,,,3547785,1786524324040,3547798,1786524324053,,1786524324019.0,29.0,2026-08-12T08:45:25.0799463Z,163.0,,,oasis/bottle,,0.0,,,,,
,,,,,,,,,,,,,,,13.0,,,,,,,,,1.0,,,0.0,,,,,0.0,,,,,0.0,,,,,,,,,,,local.mqtt.telegraf,33.0,,37.86,,,,,,periodic,,24.0,,,,,6.0,5,08a6f76bd428,,,68656.0,43104.0,,5.0,850.0,,,,,,,,,,,,,851.0,,,,,08a6f76bd428-851,,,0.0,,,,,,,272.0,851.0,08:A6:F7:6B:D4:28,,,,,,1781.0,55.0,41.0,29.0,29.0,12.0,,,0.0,29.0,405.0,31.0,3.0,,,,3548886,1786524325141,3548899,1786524325154,,1786524325117.0,28.0,2026-08-12T08:45:26.1626149Z,163.0,,,oasis/bottle,,0.0,,,,,
,,,,,,,,,,,,,,,13.0,,,,,,,,,1.0,,,0.0,,,,,0.0,,,,,0.0,,,,,,,,,,,local.mqtt.telegraf,33.0,,38.02,,,,,,periodic,,24.0,,,,,6.0,5,08a6f76bd428,,,57680.0,43104.0,,6.0,851.0,,,,,,,,,,,,,852.0,,,,,08a6f76bd428-852,,,0.0,,,,,,,272.0,852.0,08:A6:F7:6B:D4:28,,,,,,3371.0,55.0,41.0,29.0,29.0,12.0,,,0.0,29.0,405.0,31.0,3.0,,,,3550476,1786524326731,3550489,1786524326744,,1786524326707.0,28.0,2026-08-12T08:45:27.7612662Z,163.0,,,oasis/bottle,,0.0,,,,,
,,,,,,,,,,,,,,,13.0,,,,,,,,,1.0,,,0.0,,,,,0.0,,,,,0.0,,,,,,,,,,,local.mqtt.telegraf,33.0,,38.04,,,,,,periodic,,23.0,,,,,5.0,5,08a6f76bd428,,,48016.0,43104.0,,6.0,852.0,,,,,,,,,,,,,853.0,,,,,08a6f76bd428-853,,,0.0,,,,,,,272.0,853.0,08:A6:F7:6B:D4:28,,,,,,4751.0,55.0,41.0,29.0,29.0,12.0,,,0.0,29.0,405.0,31.0,3.0,,,,3551856,1786524328111,3551869,1786524328124,,1786524328088.0,28.0,2026-08-12T08:45:29.1457264Z,163.0,,,oasis/bottle,,0.0,,,,,
,,,,,,,,,,,,,,,13.0,,,,,,,,,1.0,,,0.0,,,,,0.0,,,,,0.0,,,,,,,,,,,local.mqtt.telegraf,33.0,,38.12,,,,,,periodic,,23.0,,,,,5.0,5,08a6f76bd428,,,116640.0,43104.0,,7.0,853.0,,,,,,,,,,,,,854.0,,,,,08a6f76bd428-854,,,0.0,,,,,,,272.0,854.0,08:A6:F7:6B:D4:28,,,,,,6311.0,55.0,41.0,29.0,29.0,12.0,,,0.0,29.0,405.0,31.0,3.0,,,,3553416,1786524329671,3553429,1786524329684,,1786524329648.0,28.0,2026-08-12T08:45:30.698952Z,163.0,,,oasis/bottle,,0.0,,,,,
,,,,,,,,,,,,,,,14.0,,,,,,,,,1.0,,,0.0,,,,,0.0,,,,,0.0,,,,,,,,,,,local.mqtt.telegraf,33.0,,38.04,,,,,,periodic,,23.0,,,,,5.0,5,08a6f76bd428,,,106976.0,43104.0,,6.0,854.0,,,,,,,,,,,,,855.0,,,,,08a6f76bd428-855,,,0.0,,,,,,,272.0,855.0,08:A6:F7:6B:D4:28,,,,,,7621.0,55.0,41.0,29.0,29.0,12.0,,,0.0,29.0,405.0,31.0,3.0,,,,3554726,1786524330981,3554740,1786524330995,,1786524330958.0,28.0,2026-08-12T08:45:32.0109653Z,163.0,,,oasis/bottle,,0.0,,,,,
,,,,,,,,,,,,,,,13.0,,,,,,,,,1.0,,,0.0,,,,,0.0,,,,,0.0,,,,,,,,,,,local.mqtt.telegraf,33.0,,38.23,,,,,,periodic,,24.0,,,,,6.0,5,08a6f76bd428,,,96656.0,43104.0,,6.0,855.0,,,,,,,,,,,,,856.0,,,,,08a6f76bd428-856,,,0.0,,,,,,,272.0,856.0,08:A6:F7:6B:D4:28,,,,,,9041.0,55.0,41.0,29.0,29.0,12.0,,,0.0,29.0,405.0,31.0,3.0,,,,3556146,1786524332401,3556159,1786524332414,,1786524332377.0,29.0,2026-08-12T08:45:33.4357531Z,163.0,,,oasis/bottle,,0.0,,,,,
,,,,,,,,,,,,,,,13.0,,,,,,,,,1.0,,,0.0,,,,,0.0,,,,,0.0,,,,,,,,,,,local.mqtt.telegraf,33.0,,38.18,,,,,,periodic,,23.0,,,,,5.0,5,08a6f76bd428,,,88960.0,43104.0,,6.0,856.0,,,,,,,,,,,,,857.0,,,,,08a6f76bd428-857,,,0.0,,,,,,,272.0,857.0,08:A6:F7:6B:D4:28,,,,,,10081.0,55.0,41.0,29.0,29.0,12.0,,,0.0,29.0,405.0,31.0,3.0,,,,3557186,1786524333441,3557199,1786524333454,,1786524333418.0,28.0,2026-08-12T08:45:34.4622247Z,163.0,,,oasis/bottle,,0.0,,,,,
,,,,,,,,,,,,,,,14.0,,,,,,,,,1.0,,,0.0,,,,,0.0,,,,,0.0,,,,,,,,,,,local.mqtt.telegraf,33.0,,38.47,,,,,,periodic,,23.0,,,,,5.0,5,08a6f76bd428,,,78640.0,43104.0,,6.0,857.0,,,,,,,,,,,,,858.0,,,,,08a6f76bd428-858,,,0.0,,,,,,,272.0,858.0,08:A6:F7:6B:D4:28,,,,,,11561.0,55.0,41.0,29.0,29.0,12.0,,,0.0,29.0,405.0,31.0,3.0,,,,3558666,1786524334921,3558680,1786524334935,,1786524334898.0,28.0,2026-08-12T08:45:35.9458534Z,163.0,,,oasis/bottle,,0.0,,,,,
,,,,,,,,,,,,,,,13.0,,,,,,,,,1.0,,,0.0,,,,,0.0,,,,,0.0,,,,,,,,,,,local.mqtt.telegraf,33.0,,38.35,,,,,,periodic,,33.0,,,,,5.0,5,08a6f76bd428,,,70288.0,43104.0,,8.0,858.0,,,,,,,,,,,,,859.0,,,,,08a6f76bd428-859,,,0.0,,,,,,,272.0,859.0,08:A6:F7:6B:D4:28,,,,,,12721.0,55.0,41.0,29.0,29.0,12.0,,,0.0,29.0,405.0,31.0,3.0,,,,3559836,1786524336091,3559849,1786524336104,,1786524336058.0,28.0,2026-08-12T08:45:37.1169877Z,163.0,,,oasis/bottle,,0.0,,,,,
,,,,,,,,,,,,,,,13.0,,,,,,,,,1.0,,,0.0,,,,,0.0,,,,,0.0,,,,,,,,,,,local.mqtt.telegraf,33.0,,38.32,,,,,,periodic,,24.0,,,,,6.0,5,08a6f76bd428,,,61936.0,43104.0,,18.0,859.0,,,,,,,,,,,,,860.0,,,,,08a6f76bd428-860,,,0.0,,,,,,,272.0,860.0,08:A6:F7:6B:D4:28,,,,,,13861.0,55.0,41.0,29.0,29.0,12.0,,,0.0,29.0,405.0,31.0,3.0,,,,3560966,1786524337221,3560979,1786524337234,,1786524337197.0,28.0,2026-08-12T08:45:38.2614445Z,163.0,,,oasis/bottle,,0.0,,,,,
,,,,,,,,,,,,,,,13.0,,,,,,,,,1.0,,,0.0,,,,,0.0,,,,,0.0,,,,,,,,,,,local.mqtt.telegraf,33.0,,38.47,,,,,,periodic,,24.0,,,,,6.0,5,08a6f76bd428,,,54240.0,43104.0,,6.0,860.0,,,,,,,,,,,,,861.0,,,,,08a6f76bd428-861,,,0.0,,,,,,,272.0,861.0,08:A6:F7:6B:D4:28,,,,,,14911.0,55.0,41.0,29.0,29.0,12.0,,,0.0,29.0,405.0,31.0,3.0,,,,3562016,1786524338271,3562029,1786524338284,,1786524338247.0,28.0,2026-08-12T08:45:39.298067Z,163.0,,,oasis/bottle,,0.0,,,,,
,,,,,,,,,,,,,,,13.0,,,,,,,,,1.0,,,0.0,,,,,0.0,,,,,0.0,,,,,,,,,,,local.mqtt.telegraf,33.0,,38.32,,,,,,periodic,,33.0,,,,,11.0,5,08a6f76bd428,,,43888.0,43104.0,,6.0,861.0,,,,,,,,,,,,,862.0,,,,,08a6f76bd428-862,,,0.0,,,,,,,273.0,862.0,08:A6:F7:6B:D4:28,,,,,,16411.0,55.0,41.0,29.0,29.0,12.0,,,0.0,29.0,405.0,31.0,3.0,,,,3563526,1786524339781,3563539,1786524339794,,1786524339748.0,28.0,2026-08-12T08:45:40.8172964Z,163.0,,,oasis/bottle,,0.0,,,,,
,,,,,,,,,,,,,,,13.0,,,,,,,,,1.0,,,0.0,,,,,0.0,,,,,0.0,,,,,,,,,,,local.mqtt.telegraf,33.0,,38.29,,,,,,periodic,,24.0,,,,,6.0,5,08a6f76bd428,,,113712.0,43104.0,,6.0,862.0,,,,,,,,,,,,,863.0,,,,,08a6f76bd428-863,,,0.0,,,,,,,272.0,863.0,08:A6:F7:6B:D4:28,,,,,,17621.0,55.0,41.0,29.0,29.0,12.0,,,0.0,29.0,405.0,31.0,3.0,,,,3564726,1786524340981,3564739,1786524340994,,1786524340957.0,28.0,2026-08-12T08:45:42.0129216Z,163.0,,,oasis/bottle,,0.0,,,,,
,,,,,,,,,,,,,,,13.0,,,,,,,,,1.0,,,0.0,,,,,0.0,,,,,0.0,,,,,,,,,,,local.mqtt.telegraf,33.0,,38.32,,,,,,periodic,,24.0,,,,,6.0,5,08a6f76bd428,,,104704.0,43104.0,,6.0,863.0,,,,,,,,,,,,,864.0,,,,,08a6f76bd428-864,,,0.0,,,,,,,272.0,864.0,08:A6:F7:6B:D4:28,,,,,,18831.0,55.0,41.0,29.0,29.0,12.0,,,0.0,29.0,405.0,31.0,3.0,,,,3565936,1786524342191,3565949,1786524342204,,1786524342167.0,28.0,2026-08-12T08:45:43.2291518Z,163.0,,,oasis/bottle,,0.0,,,,,
,,,,,,,,,,,,,,,13.0,,,,,,,,,1.0,,,0.0,,,,,0.0,,,,,0.0,,,,,,,,,,,local.mqtt.telegraf,33.0,,38.35,,,,,,periodic,,24.0,,,,,6.0,5,08a6f76bd428,,,95696.0,43104.0,,6.0,864.0,,,,,,,,,,,,,865.0,,,,,08a6f76bd428-865,,,0.0,,,,,,,272.0,865.0,08:A6:F7:6B:D4:28,,,,,,20041.0,55.0,41.0,29.0,29.0,12.0,,,0.0,29.0,405.0,31.0,3.0,,,,3567146,1786524343401,3567159,1786524343414,,1786524343377.0,28.0,2026-08-12T08:45:44.4270402Z,163.0,,,oasis/bottle,,0.0,,,,,
,,,,,,,,,,,,,,,13.0,,,,,,,,,1.0,,,0.0,,,,,0.0,,,,,0.0,,,,,,,,,,,local.mqtt.telegraf,33.0,,38.39,,,,,,periodic,,22.0,,,,,5.0,5,08a6f76bd428,,,76032.0,43104.0,,6.0,865.0,,,,,,,,,,,,,866.0,,,,,08a6f76bd428-866,,,0.0,,,,,,,273.0,866.0,08:A6:F7:6B:D4:28,,,,,,821.0,56.0,31.0,29.0,29.0,2.0,,,0.0,29.0,384.0,31.0,3.0,,,,3568365,1786524344620,3568378,1786524344633,,1786524344598.0,28.0,2026-08-12T08:45:45.6431002Z,166.0,,,oasis/bottle,,0.0,,,,,
,,,,,,,,,,,,,,,13.0,,,,,,,,,1.0,,,0.0,,,,,0.0,,,,,0.0,,,,,,,,,,,local.mqtt.telegraf,33.0,,38.45,,,,,,periodic,,24.0,,,,,6.0,5,08a6f76bd428,,,67024.0,43104.0,,6.0,866.0,,,,,,,,,,,,,867.0,,,,,08a6f76bd428-867,,,0.0,,,,,,,272.0,867.0,08:A6:F7:6B:D4:28,,,,,,2061.0,56.0,31.0,29.0,29.0,2.0,,,0.0,29.0,384.0,31.0,3.0,,,,3569606,1786524345861,3569619,1786524345874,,1786524345837.0,28.0,2026-08-12T08:45:46.8992236Z,166.0,,,oasis/bottle,,0.0,,,,,
,,,,,,,,,,,,,,,13.0,,,,,,,,,1.0,,,0.0,,,,,0.0,,,,,0.0,,,,,,,,,,,local.mqtt.telegraf,33.0,,38.32,,,,,,periodic,,23.0,,,,,5.0,5,08a6f76bd428,,,57984.0,43104.0,,6.0,867.0,,,,,,,,,,,,,868.0,,,,,08a6f76bd428-868,,,0.0,,,,,,,273.0,868.0,08:A6:F7:6B:D4:28,,,,,,3341.0,56.0,31.0,29.0,29.0,2.0,,,0.0,29.0,384.0,31.0,3.0,,,,3570886,1786524347141,3570899,1786524347154,,1786524347118.0,28.0,2026-08-12T08:45:48.1653292Z,166.0,,,oasis/bottle,,0.0,,,,,
,,,,,,,,,,,,,,,13.0,,,,,,,,,1.0,,,0.0,,,,,0.0,,,,,0.0,,,,,,,,,,,local.mqtt.telegraf,33.0,,38.47,,,,,,periodic,,24.0,,,,,6.0,5,08a6f76bd428,,,48304.0,43104.0,,5.0,868.0,,,,,,,,,,,,,869.0,,,,,08a6f76bd428-869,,,0.0,,,,,,,272.0,869.0,08:A6:F7:6B:D4:28,,,,,,4701.0,56.0,31.0,29.0,29.0,2.0,,,0.0,29.0,384.0,31.0,3.0,,,,3572246,1786524348501,3572259,1786524348514,,1786524348477.0,28.0,2026-08-12T08:45:49.5292192Z,166.0,,,oasis/bottle,,0.0,,,,,
,,,,,,,,,,,,,,,13.0,,,,,,,,,1.0,,,0.0,,,,,0.0,,,,,0.0,,,,,,,,,,,local.mqtt.telegraf,33.0,,38.39,,,,,,periodic,,24.0,,,,,6.0,5,08a6f76bd428,,,117344.0,43104.0,,6.0,869.0,,,,,,,,,,,,,870.0,,,,,08a6f76bd428-870,,,0.0,,,,,,,272.0,870.0,08:A6:F7:6B:D4:28,,,,,,6211.0,56.0,31.0,29.0,29.0,2.0,,,0.0,29.0,384.0,31.0,3.0,,,,3573756,1786524350011,3573769,1786524350024,,1786524349987.0,28.0,2026-08-12T08:45:51.0465298Z,166.0,,,oasis/bottle,,0.0,,,,,
,,,,,,,,,,,,,,,13.0,,,,,,,,,1.0,,,0.0,,,,,0.0,,,,,0.0,,,,,,,,,,,local.mqtt.telegraf,33.0,,38.37,,,,,,periodic,,23.0,,,,,5.0,5,08a6f76bd428,,,107504.0,43104.0,,6.0,870.0,,,,,,,,,,,,,871.0,,,,,08a6f76bd428-871,,,0.0,,,,,,,272.0,871.0,08:A6:F7:6B:D4:28,,,,,,7481.0,56.0,31.0,29.0,29.0,2.0,,,0.0,29.0,384.0,31.0,3.0,,,,3575026,1786524351281,3575039,1786524351294,,1786524351258.0,28.0,2026-08-12T08:45:52.3084889Z,166.0,,,oasis/bottle,,0.0,,,,,
,,,,,,,,,,,,,,,13.0,,,,,,,,,1.0,,,0.0,,,,,0.0,,,,,0.0,,,,,,,,,,,local.mqtt.telegraf,33.0,,38.18,,,,,,periodic,,24.0,,,,,6.0,5,08a6f76bd428,,,97840.0,43104.0,,6.0,871.0,,,,,,,,,,,,,872.0,,,,,08a6f76bd428-872,,,0.0,,,,,,,272.0,872.0,08:A6:F7:6B:D4:28,,,,,,8771.0,56.0,31.0,29.0,29.0,2.0,,,0.0,29.0,384.0,31.0,3.0,,,,3576316,1786524352571,3576329,1786524352584,,1786524352547.0,28.0,2026-08-12T08:45:53.6181473Z,166.0,,,oasis/bottle,,0.0,,,,,
,,,,,,,,,,,,,,,13.0,,,,,,,,,1.0,,,0.0,,,,,0.0,,,,,0.0,,,,,,,,,,,local.mqtt.telegraf,33.0,,37.75,,,,,,periodic,,24.0,,,,,6.0,5,08a6f76bd428,,,88176.0,43104.0,,6.0,872.0,,,,,,,,,,,,,873.0,,,,,08a6f76bd428-873,,,0.0,,,,,,,272.0,873.0,08:A6:F7:6B:D4:28,,,,,,10151.0,56.0,31.0,29.0,29.0,2.0,,,0.0,29.0,384.0,31.0,3.0,,,,3577696,1786524353951,3577709,1786524353964,,1786524353927.0,28.0,2026-08-12T08:45:54.9761081Z,166.0,,,oasis/bottle,,0.0,,,,,
,,,,,,,,,,,,,,,13.0,,,,,,,,,1.0,,,0.0,,,,,0.0,,,,,0.0,,,,,,,,,,,local.mqtt.telegraf,33.0,,36.6,,,,,,periodic,,24.0,,,,,6.0,5,08a6f76bd428,,,77200.0,43104.0,,6.0,873.0,,,,,,,,,,,,,874.0,,,,,08a6f76bd428-874,,,0.0,,,,,,,272.0,874.0,08:A6:F7:6B:D4:28,,,,,,11701.0,56.0,31.0,29.0,29.0,2.0,,,0.0,29.0,384.0,31.0,3.0,,,,3579246,1786524355501,3579259,1786524355514,,1786524355477.0,28.0,2026-08-12T08:45:56.5314473Z,166.0,,,oasis/bottle,,0.0,,,,,
,,,,,,,,,,,,,,,13.0,,,,,,,,,1.0,,,0.0,,,,,0.0,,,,,0.0,,,,,,,,,,,local.mqtt.telegraf,33.0,,35.15,,,,,,periodic,,24.0,,,,,6.0,5,08a6f76bd428,,,67536.0,43104.0,,6.0,874.0,,,,,,,,,,,,,875.0,,,,,08a6f76bd428-875,,,0.0,,,,,,,272.0,875.0,08:A6:F7:6B:D4:28,,,,,,13001.0,56.0,31.0,29.0,29.0,2.0,,,0.0,29.0,384.0,31.0,3.0,,,,3580546,1786524356801,3580559,1786524356814,,1786524356777.0,28.0,2026-08-12T08:45:57.8296642Z,166.0,,,oasis/bottle,,0.0,,,,,
,,,,,,,,,,,,,,,13.0,,,,,,,,,1.0,,,0.0,,,,,0.0,,,,,0.0,,,,,,,,,,,local.mqtt.telegraf,33.0,,33.83,,,,,,periodic,,24.0,,,,,6.0,5,08a6f76bd428,,,57216.0,43104.0,,6.0,875.0,,,,,,,,,,,,,876.0,,,,,08a6f76bd428-876,,,0.0,,,,,,,272.0,876.0,08:A6:F7:6B:D4:28,,,,,,14401.0,56.0,31.0,29.0,29.0,2.0,,,0.0,29.0,384.0,31.0,3.0,,,,3581946,1786524358201,3581959,1786524358214,,1786524358177.0,28.0,2026-08-12T08:45:59.2306373Z,166.0,,,oasis/bottle,,0.0,,,,,
,,,,,,,,,,,,,,,13.0,,,,,,,,,1.0,,,0.0,,,,,0.0,,,,,0.0,,,,,,,,,,,local.mqtt.telegraf,32.0,,33.46,,,,,,periodic,,24.0,,,,,6.0,5,08a6f76bd428,,,49520.0,43104.0,,6.0,876.0,,,,,,,,,,,,,877.0,,,,,08a6f76bd428-877,,,0.0,,,,,,,272.0,877.0,08:A6:F7:6B:D4:28,,,,,,15401.0,56.0,31.0,29.0,29.0,2.0,,,0.0,29.0,384.0,31.0,3.0,,,,3582946,1786524359201,3582959,1786524359214,,1786524359177.0,28.0,2026-08-12T08:46:00.2272695Z,166.0,,,oasis/bottle,,0.0,,,,,
,,,,,,,,,,,,,,,14.0,,,,,,,,,1.0,,,0.0,,,,,0.0,,,,,0.0,,,,,,,,,,,local.mqtt.telegraf,32.0,,33.09,,,,,,periodic,,23.0,,,,,6.0,5,08a6f76bd428,,,119856.0,43104.0,,6.0,877.0,,,,,,,,,,,,,878.0,,,,,08a6f76bd428-878,,,0.0,,,,,,,273.0,878.0,08:A6:F7:6B:D4:28,,,,,,16791.0,56.0,31.0,29.0,29.0,2.0,,,0.0,29.0,384.0,31.0,3.0,,,,3584336,1786524360591,3584350,1786524360605,,1786524360568.0,28.0,2026-08-12T08:46:01.6189849Z,166.0,,,oasis/bottle,,0.0,,,,,
,,,,,,,,,,,,,,,13.0,,,,,,,,,1.0,,,0.0,,,,,0.0,,,,,0.0,,,,,,,,,,,local.mqtt.telegraf,32.0,,32.8,,,,,,periodic,,23.0,,,,,5.0,5,08a6f76bd428,,,108864.0,43104.0,,7.0,878.0,,,,,,,,,,,,,879.0,,,,,08a6f76bd428-879,,,0.0,,,,,,,272.0,879.0,08:A6:F7:6B:D4:28,,,,,,18381.0,56.0,31.0,29.0,29.0,2.0,,,0.0,29.0,384.0,31.0,3.0,,,,3585926,1786524362181,3585939,1786524362194,,1786524362158.0,28.0,2026-08-12T08:46:03.2179044Z,166.0,,,oasis/bottle,,0.0,,,,,
,,,,,,,,,,,,,,,13.0,,,,,,,,,1.0,,,0.0,,,,,0.0,,,,,0.0,,,,,,,,,,,local.mqtt.telegraf,32.0,,32.74,,,,,,periodic,,23.0,,,,,5.0,5,08a6f76bd428,,,99200.0,43104.0,,6.0,879.0,,,,,,,,,,,,,880.0,,,,,08a6f76bd428-880,,,0.0,,,,,,,272.0,880.0,08:A6:F7:6B:D4:28,,,,,,19751.0,56.0,31.0,29.0,29.0,2.0,,,0.0,29.0,384.0,31.0,3.0,,,,3587296,1786524363551,3587309,1786524363564,,1786524363528.0,28.0,2026-08-12T08:46:04.5835073Z,166.0,,,oasis/bottle,,0.0,,,,,
,,,,,,,,,,,,,,,13.0,,,,,,,,,1.0,,,0.0,,,,,0.0,,,,,0.0,,,,,,,,,,,local.mqtt.telegraf,32.0,,32.88,,,,,,periodic,,20.0,,,,,6.0,5,08a6f76bd428,,,75680.0,43104.0,,6.0,880.0,,,,,,,,,,,,,881.0,,,,,08a6f76bd428-881,,,0.0,,,,,,,273.0,881.0,08:A6:F7:6B:D4:28,,,,,,512.0,57.0,30.0,30.0,30.0,0.0,,,0.0,30.0,1075.0,33.0,2.0,,,,3589315,1786524365570,3589328,1786524365583,,1786524365550.0,28.0,2026-08-12T08:46:06.596624Z,170.0,,,oasis/bottle,,0.0,,,,,
,,,,,,,,,,,,,,,13.0,,,,,,,,,1.0,,,0.0,,,,,0.0,,,,,0.0,,,,,,,,,,,local.mqtt.telegraf,32.0,,32.87,,,,,,periodic,,23.0,,,,,6.0,5,08a6f76bd428,,,67328.0,43104.0,,6.0,881.0,,,,,,,,,,,,,882.0,,,,,08a6f76bd428-882,,,0.0,,,,,,,272.0,882.0,08:A6:F7:6B:D4:28,,,,,,1671.0,57.0,30.0,30.0,30.0,0.0,,,0.0,30.0,1075.0,33.0,2.0,,,,3590476,1786524366731,3590489,1786524366744,,1786524366708.0,28.0,2026-08-12T08:46:07.7691053Z,170.0,,,oasis/bottle,,0.0,,,,,
,,,,,,,,,,,,,,,13.0,,,,,,,,,1.0,,,0.0,,,,,0.0,,,,,0.0,,,,,,,,,,,local.mqtt.telegraf,32.0,,32.89,,,,,,periodic,,23.0,,,,,6.0,5,08a6f76bd428,,,58976.0,43104.0,,6.0,882.0,,,,,,,,,,,,,883.0,,,,,08a6f76bd428-883,,,0.0,,,,,,,272.0,883.0,08:A6:F7:6B:D4:28,,,,,,2781.0,57.0,30.0,30.0,30.0,0.0,,,0.0,30.0,1075.0,33.0,2.0,,,,3591586,1786524367841,3591599,1786524367854,,1786524367818.0,28.0,2026-08-12T08:46:08.8737697Z,170.0,,,oasis/bottle,,0.0,,,,,
,,,,,,,,,,,,,,,13.0,,,,,,,,,1.0,,,0.0,,,,,0.0,,,,,0.0,,,,,,,,,,,local.mqtt.telegraf,32.0,,32.88,,,,,,periodic,,23.0,,,,,6.0,5,08a6f76bd428,,,51280.0,43104.0,,7.0,883.0,,,,,,,,,,,,,884.0,,,,,08a6f76bd428-884,,,0.0,,,,,,,272.0,884.0,08:A6:F7:6B:D4:28,,,,,,3801.0,57.0,30.0,30.0,30.0,0.0,,,0.0,30.0,1075.0,33.0,2.0,,,,3592606,1786524368861,3592619,1786524368874,,1786524368838.0,29.0,2026-08-12T08:46:09.8956055Z,170.0,,,oasis/bottle,,0.0,,,,,
,,,,,,,,,,,,,,,14.0,,,,,,,,,1.0,,,0.0,,,,,0.0,,,,,0.0,,,,,,,,,,,local.mqtt.telegraf,32.0,,32.66,,,,,,periodic,,23.0,,,,,6.0,5,08a6f76bd428,,,120944.0,43104.0,,6.0,884.0,,,,,,,,,,,,,885.0,,,,,08a6f76bd428-885,,,0.0,,,,,,,272.0,885.0,08:A6:F7:6B:D4:28,,,,,,5241.0,57.0,30.0,30.0,30.0,0.0,,,0.0,30.0,1075.0,33.0,2.0,,,,3594046,1786524370301,3594060,1786524370315,,1786524370278.0,29.0,2026-08-12T08:46:11.3336079Z,170.0,,,oasis/bottle,,0.0,,,,,
,,,,,,,,,,,,,,,13.0,,,,,,,,,1.0,,,0.0,,,,,0.0,,,,,0.0,,,,,,,,,,,local.mqtt.telegraf,32.0,,32.6,,,,,,periodic,,23.0,,,,,6.0,5,08a6f76bd428,,,112592.0,43104.0,,6.0,885.0,,,,,,,,,,,,,886.0,,,,,08a6f76bd428-886,,,0.0,,,,,,,272.0,886.0,08:A6:F7:6B:D4:28,,,,,,6321.0,57.0,30.0,30.0,30.0,0.0,,,0.0,30.0,1075.0,33.0,2.0,,,,3595126,1786524371381,3595139,1786524371394,,1786524371358.0,28.0,2026-08-12T08:46:12.4147665Z,170.0,,,oasis/bottle,,0.0,,,,,
,,,,,,,,,,,,,,,13.0,,,,,,,,,1.0,,,0.0,,,,,0.0,,,,,0.0,,,,,,,,,,,local.mqtt.telegraf,32.0,,32.48,,,,,,periodic,,23.0,,,,,6.0,5,08a6f76bd428,,,101616.0,43104.0,,6.0,886.0,,,,,,,,,,,,,887.0,,,,,08a6f76bd428-887,,,0.0,,,,,,,272.0,887.0,08:A6:F7:6B:D4:28,,,,,,7881.0,57.0,30.0,30.0,30.0,0.0,,,0.0,30.0,1075.0,33.0,2.0,,,,3596686,1786524372941,3596699,1786524372954,,1786524372918.0,28.0,2026-08-12T08:46:13.9819309Z,170.0,,,oasis/bottle,,0.0,,,,,
,,,,,,,,,,,,,,,13.0,,,,,,,,,1.0,,,0.0,,,,,0.0,,,,,0.0,,,,,,,,,,,local.mqtt.telegraf,32.0,,32.44,,,,,,periodic,,23.0,,,,,6.0,5,08a6f76bd428,,,91952.0,43104.0,,7.0,887.0,,,,,,,,,,,,,888.0,,,,,08a6f76bd428-888,,,0.0,,,,,,,272.0,888.0,08:A6:F7:6B:D4:28,,,,,,9201.0,57.0,30.0,30.0,30.0,0.0,,,0.0,30.0,1075.0,33.0,2.0,,,,3598006,1786524374261,3598019,1786524374274,,1786524374238.0,28.0,2026-08-12T08:46:15.2955081Z,170.0,,,oasis/bottle,,0.0,,,,,
,,,,,,,,,,,,,,,13.0,,,,,,,,,1.0,,,0.0,,,,,0.0,,,,,0.0,,,,,,,,,,,local.mqtt.telegraf,32.0,,32.27,,,,,,periodic,,23.0,,,,,6.0,5,08a6f76bd428,,,81632.0,43104.0,,7.0,888.0,,,,,,,,,,,,,889.0,,,,,08a6f76bd428-889,,,0.0,,,,,,,272.0,889.0,08:A6:F7:6B:D4:28,,,,,,10631.0,57.0,30.0,30.0,30.0,0.0,,,0.0,30.0,1075.0,33.0,2.0,,,,3599436,1786524375691,3599449,1786524375704,,1786524375668.0,28.0,2026-08-12T08:46:16.7154882Z,170.0,,,oasis/bottle,,0.0,,,,,
,,,,,,,,,,,,,,,14.0,,,,,,,,,1.0,,,0.0,,,,,0.0,,,,,0.0,,,,,,,,,,,local.mqtt.telegraf,32.0,,32.4,,,,,,periodic,,22.0,,,,,5.0,5,08a6f76bd428,,,73904.0,43104.0,,6.0,889.0,,,,,,,,,,,,,890.0,,,,,08a6f76bd428-890,,,0.0,,,,,,,273.0,890.0,08:A6:F7:6B:D4:28,,,,,,11691.0,57.0,30.0,30.0,30.0,0.0,,,0.0,30.0,1075.0,33.0,2.0,,,,3600496,1786524376751,3600510,1786524376765,,1786524376729.0,28.0,2026-08-12T08:46:17.7880278Z,170.0,,,oasis/bottle,,0.0,,,,,
,,,,,,,,,,,,,,,13.0,,,,,,,,,1.0,,,0.0,,,,,0.0,,,,,0.0,,,,,,,,,,,local.mqtt.telegraf,32.0,,32.38,,,,,,periodic,,22.0,,,,,5.0,5,08a6f76bd428,,,62912.0,43104.0,,5.0,890.0,,,,,,,,,,,,,891.0,,,,,08a6f76bd428-891,,,0.0,,,,,,,272.0,891.0,08:A6:F7:6B:D4:28,,,,,,13211.0,57.0,30.0,30.0,30.0,0.0,,,0.0,30.0,1075.0,33.0,2.0,,,,3602016,1786524378271,3602029,1786524378284,,1786524378249.0,28.0,2026-08-12T08:46:19.295217Z,170.0,,,oasis/bottle,,0.0,,,,,
,,,,,,,,,,,,,,,13.0,,,,,,,,,1.0,,,0.0,,,,,0.0,,,,,0.0,,,,,,,,,,,local.mqtt.telegraf,32.0,,32.21,,,,,,periodic,,23.0,,,,,6.0,5,08a6f76bd428,,,53904.0,43104.0,,6.0,891.0,,,,,,,,,,,,,892.0,,,,,08a6f76bd428-892,,,0.0,,,,,,,272.0,892.0,08:A6:F7:6B:D4:28,,,,,,14441.0,57.0,30.0,30.0,30.0,0.0,,,0.0,30.0,1075.0,33.0,2.0,,,,3603246,1786524379501,3603259,1786524379514,,1786524379478.0,28.0,2026-08-12T08:46:20.5303681Z,170.0,,,oasis/bottle,,0.0,,,,,
,,,,,,,,,,,,,,,13.0,,,,,,,,,1.0,,,0.0,,,,,0.0,,,,,0.0,,,,,,,,,,,local.mqtt.telegraf,32.0,,32.15,,,,,,periodic,,33.0,,,,,6.0,5,08a6f76bd428,,,44896.0,43104.0,,6.0,892.0,,,,,,,,,,,,,893.0,,,,,08a6f76bd428-893,,,0.0,,,,,,,272.0,893.0,08:A6:F7:6B:D4:28,,,,,,15701.0,57.0,30.0,30.0,30.0,0.0,,,0.0,30.0,1075.0,33.0,2.0,,,,3604516,1786524380771,3604529,1786524380784,,1786524380738.0,29.0,2026-08-12T08:46:21.7951755Z,170.0,,,oasis/bottle,,0.0,,,,,
,,,,,,,,,,,,,,,13.0,,,,,,,,,1.0,,,0.0,,,,,0.0,,,,,0.0,,,,,,,,,,,local.mqtt.telegraf,32.0,,32.1,,,,,,periodic,,23.0,,,,,6.0,5,08a6f76bd428,,,114160.0,43104.0,,6.0,893.0,,,,,,,,,,,,,894.0,,,,,08a6f76bd428-894,,,0.0,,,,,,,272.0,894.0,08:A6:F7:6B:D4:28,,,,,,17031.0,57.0,30.0,30.0,30.0,0.0,,,0.0,30.0,1075.0,33.0,2.0,,,,3605836,1786524382091,3605849,1786524382104,,1786524382068.0,29.0,2026-08-12T08:46:23.13713Z,170.0,,,oasis/bottle,,0.0,,,,,
,,,,,,,,,,,,,,,13.0,,,,,,,,,1.0,,,0.0,,,,,0.0,,,,,0.0,,,,,,,,,,,local.mqtt.telegraf,32.0,,32.25,,,,,,periodic,,23.0,,,,,6.0,5,08a6f76bd428,,,103840.0,43104.0,,6.0,894.0,,,,,,,,,,,,,895.0,,,,,08a6f76bd428-895,,,0.0,,,,,,,272.0,895.0,08:A6:F7:6B:D4:28,,,,,,18481.0,57.0,30.0,30.0,30.0,0.0,,,0.0,30.0,1075.0,33.0,2.0,,,,3607286,1786524383541,3607299,1786524383554,,1786524383518.0,29.0,2026-08-12T08:46:24.5653876Z,170.0,,,oasis/bottle,,0.0,,,,,
,,,,,,,,,,,,,,,13.0,,,,,,,,,1.0,,,0.0,,,,,0.0,,,,,0.0,,,,,,,,,,,local.mqtt.telegraf,32.0,,32.03,,,,,,periodic,,23.0,,,,,6.0,5,08a6f76bd428,,,95488.0,43104.0,,6.0,895.0,,,,,,,,,,,,,896.0,,,,,08a6f76bd428-896,,,0.0,,,,,,,272.0,896.0,08:A6:F7:6B:D4:28,,,,,,19571.0,57.0,30.0,30.0,30.0,0.0,,,0.0,30.0,1075.0,33.0,2.0,,,,3608376,1786524384631,3608389,1786524384644,,1786524384608.0,29.0,2026-08-12T08:46:25.6593153Z,170.0,,,oasis/bottle,,0.0,,,,,
,,,,,,,,,,,,,,,13.0,,,,,,,,,1.0,,,0.0,,,,,0.0,,,,,0.0,,,,,,,,,,,local.mqtt.telegraf,32.0,,32.17,,,,,,periodic,,23.0,,,,,5.0,5,08a6f76bd428,,,73152.0,43104.0,,6.0,896.0,,,,,,,,,,,,,897.0,,,,,08a6f76bd428-897,,,0.0,,,,,,,273.0,897.0,08:A6:F7:6B:D4:28,,,,,,881.0,58.0,31.0,29.0,29.0,2.0,,,0.0,29.0,384.0,31.0,3.0,,,,3609956,1786524386211,3609969,1786524386224,,1786524386188.0,28.0,2026-08-12T08:46:27.2453233Z,172.0,,,oasis/bottle,,0.0,,,,,
,,,,,,,,,,,,,,,13.0,,,,,,,,,1.0,,,0.0,,,,,0.0,,,,,0.0,,,,,,,,,,,local.mqtt.telegraf,32.0,,32.17,,,,,,periodic,,24.0,,,,,6.0,5,08a6f76bd428,,,63488.0,43104.0,,8.0,897.0,,,,,,,,,,,,,898.0,,,,,08a6f76bd428-898,,,0.0,,,,,,,272.0,898.0,08:A6:F7:6B:D4:28,,,,,,2241.0,58.0,31.0,29.0,29.0,2.0,,,0.0,29.0,384.0,31.0,3.0,,,,3611316,1786524387571,3611329,1786524387584,,1786524387547.0,29.0,2026-08-12T08:46:28.5959447Z,172.0,,,oasis/bottle,,0.0,,,,,
,,,,,,,,,,,,,,,13.0,,,,,,,,,1.0,,,0.0,,,,,0.0,,,,,0.0,,,,,,,,,,,local.mqtt.telegraf,32.0,,32.19,,,,,,periodic,,24.0,,,,,6.0,5,08a6f76bd428,,,52512.0,43104.0,,6.0,898.0,,,,,,,,,,,,,899.0,,,,,08a6f76bd428-899,,,0.0,,,,,,,272.0,899.0,08:A6:F7:6B:D4:28,,,,,,3761.0,58.0,31.0,29.0,29.0,2.0,,,0.0,29.0,384.0,31.0,3.0,,,,3612836,1786524389091,3612849,1786524389104,,1786524389067.0,28.0,2026-08-12T08:46:30.1265854Z,172.0,,,oasis/bottle,,0.0,,,,,
,,,,,,,,,,,,,,,17.0,,,,,,,,,1.0,,,0.0,,,,,0.0,,,,,0.0,,,,,,,,,,,local.mqtt.telegraf,32.0,,32.06,,,,,,periodic,,34.0,,,,,12.0,5,08a6f76bd428,,,43504.0,43104.0,,6.0,899.0,,,,,,,,,,,,,900.0,,,,,08a6f76bd428-900,,,0.0,,,,,,,272.0,900.0,08:A6:F7:6B:D4:28,,,,,,5001.0,58.0,31.0,29.0,29.0,2.0,,,0.0,29.0,384.0,31.0,3.0,,,,3614086,1786524390341,3614103,1786524390358,,1786524390307.0,29.0,2026-08-12T08:46:31.3758315Z,172.0,,,oasis/bottle,,0.0,,,,,
,,,,,,,,,,,,,,,14.0,,,,,,,,,1.0,,,0.0,,,,,0.0,,,,,0.0,,,,,,,,,,,local.mqtt.telegraf,32.0,,32.32,,,,,,periodic,,34.0,,,,,6.0,5,08a6f76bd428,,,112368.0,43104.0,,6.0,900.0,,,,,,,,,,,,,901.0,,,,,08a6f76bd428-901,,,0.0,,,,,,,272.0,901.0,08:A6:F7:6B:D4:28,,,,,,6321.0,58.0,31.0,29.0,29.0,2.0,,,0.0,29.0,384.0,31.0,3.0,,,,3615406,1786524391661,3615420,1786524391675,,1786524391627.0,29.0,2026-08-12T08:46:32.6977932Z,172.0,,,oasis/bottle,,0.0,,,,,
,,,,,,,,,,,,,,,13.0,,,,,,,,,1.0,,,0.0,,,,,0.0,,,,,0.0,,,,,,,,,,,local.mqtt.telegraf,32.0,,31.98,,,,,,periodic,,24.0,,,,,6.0,5,08a6f76bd428,,,102048.0,43104.0,,12.0,901.0,,,,,,,,,,,,,902.0,,,,,08a6f76bd428-902,,,0.0,,,,,,,272.0,902.0,08:A6:F7:6B:D4:28,,,,,,7721.0,58.0,31.0,29.0,29.0,2.0,,,0.0,29.0,384.0,31.0,3.0,,,,3616796,1786524393051,3616809,1786524393064,,1786524393027.0,29.0,2026-08-12T08:46:34.0793307Z,172.0,,,oasis/bottle,,0.0,,,,,
,,,,,,,,,,,,,,,13.0,,,,,,,,,1.0,,,0.0,,,,,0.0,,,,,0.0,,,,,,,,,,,local.mqtt.telegraf,32.0,,31.86,,,,,,periodic,,24.0,,,,,6.0,5,08a6f76bd428,,,91072.0,43104.0,,6.0,902.0,,,,,,,,,,,,,903.0,,,,,08a6f76bd428-903,,,0.0,,,,,,,272.0,903.0,08:A6:F7:6B:D4:28,,,,,,9311.0,58.0,31.0,29.0,29.0,2.0,,,0.0,29.0,384.0,31.0,3.0,,,,3618386,1786524394641,3618399,1786524394654,,1786524394617.0,28.0,2026-08-12T08:46:35.6775915Z,172.0,,,oasis/bottle,,0.0,,,,,
,,,,,,,,,,,,,,,13.0,,,,,,,,,1.0,,,0.0,,,,,0.0,,,,,0.0,,,,,,,,,,,local.mqtt.telegraf,32.0,,32.21,,,,,,periodic,,24.0,,,,,6.0,5,08a6f76bd428,,,81408.0,43104.0,,6.0,903.0,,,,,,,,,,,,,904.0,,,,,08a6f76bd428-904,,,0.0,,,,,,,272.0,904.0,08:A6:F7:6B:D4:28,,,,,,10691.0,58.0,31.0,29.0,29.0,2.0,,,0.0,29.0,384.0,31.0,3.0,,,,3619766,1786524396021,3619779,1786524396034,,1786524395997.0,29.0,2026-08-12T08:46:37.0457263Z,172.0,,,oasis/bottle,,0.0,,,,,
,,,,,,,,,,,,,,,13.0,,,,,,,,,1.0,,,0.0,,,,,0.0,,,,,0.0,,,,,,,,,,,local.mqtt.telegraf,32.0,,31.85,,,,,,periodic,,24.0,,,,,6.0,5,08a6f76bd428,,,70432.0,43104.0,,6.0,904.0,,,,,,,,,,,,,905.0,,,,,08a6f76bd428-905,,,0.0,,,,,,,272.0,905.0,08:A6:F7:6B:D4:28,,,,,,12241.0,58.0,31.0,29.0,29.0,2.0,,,0.0,29.0,384.0,31.0,3.0,,,,3621316,1786524397571,3621329,1786524397584,,1786524397547.0,28.0,2026-08-12T08:46:38.5966012Z,172.0,,,oasis/bottle,,0.0,,,,,
,,,,,,,,,,,,,,,14.0,,,,,,,,,1.0,,,0.0,,,,,0.0,,,,,0.0,,,,,,,,,,,local.mqtt.telegraf,32.0,,32.05,,,,,,periodic,,24.0,,,,,6.0,5,08a6f76bd428,,,60768.0,43104.0,,6.0,905.0,,,,,,,,,,,,,906.0,,,,,08a6f76bd428-906,,,0.0,,,,,,,272.0,906.0,08:A6:F7:6B:D4:28,,,,,,13541.0,58.0,31.0,29.0,29.0,2.0,,,0.0,29.0,384.0,31.0,3.0,,,,3622616,1786524398871,3622630,1786524398885,,1786524398847.0,28.0,2026-08-12T08:46:39.8963652Z,172.0,,,oasis/bottle,,0.0,,,,,
,,,,,,,,,,,,,,,13.0,,,,,,,,,1.0,,,0.0,,,,,0.0,,,,,0.0,,,,,,,,,,,local.mqtt.telegraf,32.0,,31.98,,,,,,periodic,,24.0,,,,,6.0,5,08a6f76bd428,,,50448.0,43104.0,,6.0,906.0,,,,,,,,,,,,,907.0,,,,,08a6f76bd428-907,,,0.0,,,,,,,272.0,907.0,08:A6:F7:6B:D4:28,,,,,,14941.0,58.0,31.0,29.0,29.0,2.0,,,0.0,29.0,384.0,31.0,3.0,,,,3624016,1786524400271,3624029,1786524400284,,1786524400247.0,28.0,2026-08-12T08:46:41.2967527Z,172.0,,,oasis/bottle,,0.0,,,,,
,,,,,,,,,,,,,,,13.0,,,,,,,,,1.0,,,0.0,,,,,0.0,,,,,0.0,,,,,,,,,,,local.mqtt.telegraf,32.0,,31.89,,,,,,periodic,,24.0,,,,,6.0,5,08a6f76bd428,,,122608.0,43104.0,,6.0,907.0,,,,,,,,,,,,,908.0,,,,,08a6f76bd428-908,,,0.0,,,,,,,272.0,908.0,08:A6:F7:6B:D4:28,,,,,,15941.0,58.0,31.0,29.0,29.0,2.0,,,0.0,29.0,384.0,31.0,3.0,,,,3625016,1786524401271,3625029,1786524401284,,1786524401247.0,29.0,2026-08-12T08:46:42.296664Z,172.0,,,oasis/bottle,,0.0,,,,,
,,,,,,,,,,,,,,,13.0,,,,,,,,,1.0,,,0.0,,,,,0.0,,,,,0.0,,,,,,,,,,,local.mqtt.telegraf,33.0,,31.9,,,,,,periodic,,30.0,,,,,5.0,5,08a6f76bd428,,,112288.0,43104.0,,5.0,908.0,,,,,,,,,,,,,909.0,,,,,08a6f76bd428-909,,,0.0,,,,,,,273.0,909.0,08:A6:F7:6B:D4:28,,,,,,17334.0,58.0,31.0,29.0,29.0,2.0,,,0.0,29.0,384.0,31.0,3.0,,,,3626416,1786524402671,3626429,1786524402684,,1786524402641.0,29.0,2026-08-12T08:46:43.6994404Z,172.0,,,oasis/bottle,,0.0,,,,,
,,,,,,,,,,,,,,,13.0,,,,,,,,,1.0,,,0.0,,,,,0.0,,,,,0.0,,,,,,,,,,,local.mqtt.telegraf,33.0,,31.89,,,,,,periodic,,24.0,,,,,6.0,5,08a6f76bd428,,,101312.0,43104.0,,5.0,909.0,,,,,,,,,,,,,910.0,,,,,08a6f76bd428-910,,,0.0,,,,,,,272.0,910.0,08:A6:F7:6B:D4:28,,,,,,18921.0,58.0,31.0,29.0,29.0,2.0,,,0.0,29.0,384.0,31.0,3.0,,,,3627996,1786524404251,3628009,1786524404264,,1786524404227.0,28.0,2026-08-12T08:46:45.2781233Z,172.0,,,oasis/bottle,,0.0,,,,,
,,,,,,,,,,,,,,,13.0,,,,,,,,,1.0,,,0.0,,,,,0.0,,,,,0.0,,,,,,,,,,,local.mqtt.telegraf,33.0,,32.06,,,,,,periodic,,24.0,,,,,6.0,5,08a6f76bd428,,,91648.0,43104.0,,6.0,910.0,,,,,,,,,,,,,911.0,,,,,08a6f76bd428-911,,,0.0,,,,,,,272.0,911.0,08:A6:F7:6B:D4:28,,,,,,20291.0,58.0,31.0,29.0,29.0,2.0,,,0.0,29.0,384.0,31.0,3.0,,,,3629366,1786524405621,3629379,1786524405634,,1786524405597.0,29.0,2026-08-12T08:46:46.6465835Z,172.0,,,oasis/bottle,,0.0,,,,,
,,,,,,,,,,,,,,,14.0,,,,,,,,,1.0,,,0.0,,,,,0.0,,,,,0.0,,,,,,,,,,,local.mqtt.telegraf,33.0,,31.97,,,,,,periodic,,22.0,,,,,5.0,5,08a6f76bd428,,,69360.0,43104.0,,6.0,911.0,,,,,,,,,,,,,912.0,,,,,08a6f76bd428-912,,,0.0,,,,,,,273.0,912.0,08:A6:F7:6B:D4:28,,,,,,1231.0,59.0,32.0,30.0,30.0,2.0,,,-1.0,29.0,394.0,33.0,3.0,,,,3630905,1786524407160,3630919,1786524407174,,1786524407138.0,29.0,2026-08-12T08:46:48.2052837Z,176.0,,,oasis/bottle,,0.0,,,,,
,,,,,,,,,,,,,,,21.0,,,,,,,,,1.0,,,0.0,,,,,0.0,,,,,0.0,,,,,,,,,,,local.mqtt.telegraf,33.0,,31.95,,,,,,periodic,,23.0,,,,,5.0,5,08a6f76bd428,,,60320.0,43104.0,,6.0,912.0,,,,,,,,,,,,,913.0,,,,,08a6f76bd428-913,,,0.0,,,,,,,273.0,913.0,08:A6:F7:6B:D4:28,,,,,,2511.0,59.0,32.0,30.0,30.0,2.0,,,-1.0,29.0,394.0,33.0,3.0,,,,3632186,1786524408441,3632207,1786524408462,,1786524408418.0,29.0,2026-08-12T08:46:49.4785523Z,176.0,,,oasis/bottle,,0.0,,,,,
,,,,,,,,,,,,,,,13.0,,,,,,,,,1.0,,,0.0,,,,,0.0,,,,,0.0,,,,,,,,,,,local.mqtt.telegraf,33.0,,32.01,,,,,,periodic,,24.0,,,,,6.0,5,08a6f76bd428,,,50640.0,43104.0,,5.0,913.0,,,,,,,,,,,,,914.0,,,,,08a6f76bd428-914,,,0.0,,,,,,,272.0,914.0,08:A6:F7:6B:D4:28,,,,,,3871.0,59.0,32.0,30.0,30.0,2.0,,,-1.0,29.0,394.0,33.0,3.0,,,,3633546,1786524409801,3633559,1786524409814,,1786524409777.0,29.0,2026-08-12T08:46:50.8246687Z,176.0,,,oasis/bottle,,0.0,,,,,
,,,,,,,,,,,,,,,13.0,,,,,,,,,1.0,,,0.0,,,,,0.0,,,,,0.0,,,,,,,,,,,local.mqtt.telegraf,33.0,,31.94,,,,,,periodic,,24.0,,,,,6.0,5,08a6f76bd428,,,119472.0,43104.0,,6.0,914.0,,,,,,,,,,,,,915.0,,,,,08a6f76bd428-915,,,0.0,,,,,,,272.0,915.0,08:A6:F7:6B:D4:28,,,,,,5381.0,59.0,32.0,30.0,30.0,2.0,,,-1.0,29.0,394.0,33.0,3.0,,,,3635056,1786524411311,3635069,1786524411324,,1786524411287.0,29.0,2026-08-12T08:46:52.3437988Z,176.0,,,oasis/bottle,,0.0,,,,,
,,,,,,,,,,,,,,,13.0,,,,,,,,,1.0,,,0.0,,,,,0.0,,,,,0.0,,,,,,,,,,,local.mqtt.telegraf,32.0,,32.02,,,,,,periodic,,24.0,,,,,6.0,5,08a6f76bd428,,,110464.0,43104.0,,6.0,915.0,,,,,,,,,,,,,916.0,,,,,08a6f76bd428-916,,,0.0,,,,,,,272.0,916.0,08:A6:F7:6B:D4:28,,,,,,6601.0,59.0,32.0,30.0,30.0,2.0,,,-1.0,29.0,394.0,33.0,3.0,,,,3636276,1786524412531,3636289,1786524412544,,1786524412507.0,29.0,2026-08-12T08:46:53.5650934Z,176.0,,,oasis/bottle,,0.0,,,,,
,,,,,,,,,,,,,,,13.0,,,,,,,,,1.0,,,0.0,,,,,0.0,,,,,0.0,,,,,,,,,,,local.mqtt.telegraf,32.0,,31.8,,,,,,periodic,,24.0,,,,,6.0,5,08a6f76bd428,,,101456.0,43104.0,,6.0,916.0,,,,,,,,,,,,,917.0,,,,,08a6f76bd428-917,,,0.0,,,,,,,272.0,917.0,08:A6:F7:6B:D4:28,,,,,,7841.0,59.0,32.0,30.0,30.0,2.0,,,-1.0,29.0,394.0,33.0,3.0,,,,3637516,1786524413771,3637529,1786524413784,,1786524413747.0,29.0,2026-08-12T08:46:54.791502Z,176.0,,,oasis/bottle,,0.0,,,,,
,,,,,,,,,,,,,,,14.0,,,,,,,,,1.0,,,0.0,,,,,0.0,,,,,0.0,,,,,,,,,,,local.mqtt.telegraf,32.0,,31.94,,,,,,periodic,,24.0,,,,,6.0,5,08a6f76bd428,,,92448.0,43104.0,,6.0,917.0,,,,,,,,,,,,,918.0,,,,,08a6f76bd428-918,,,0.0,,,,,,,272.0,918.0,08:A6:F7:6B:D4:28,,,,,,9111.0,59.0,32.0,30.0,30.0,2.0,,,-1.0,29.0,394.0,33.0,3.0,,,,3638786,1786524415041,3638800,1786524415055,,1786524415017.0,29.0,2026-08-12T08:46:56.0757142Z,176.0,,,oasis/bottle,,0.0,,,,,
,,,,,,,,,,,,,,,13.0,,,,,,,,,1.0,,,0.0,,,,,0.0,,,,,0.0,,,,,,,,,,,local.mqtt.telegraf,32.0,,31.8,,,,,,periodic,,24.0,,,,,6.0,5,08a6f76bd428,,,82784.0,43104.0,,6.0,918.0,,,,,,,,,,,,,919.0,,,,,08a6f76bd428-919,,,0.0,,,,,,,272.0,919.0,08:A6:F7:6B:D4:28,,,,,,10451.0,59.0,32.0,30.0,30.0,2.0,,,-1.0,29.0,394.0,33.0,3.0,,,,3640126,1786524416381,3640139,1786524416394,,1786524416357.0,29.0,2026-08-12T08:46:57.4096286Z,176.0,,,oasis/bottle,,0.0,,,,,
,,,,,,,,,,,,,,,13.0,,,,,,,,,1.0,,,0.0,,,,,0.0,,,,,0.0,,,,,,,,,,,local.mqtt.telegraf,32.0,,31.75,,,,,,periodic,,24.0,,,,,6.0,5,08a6f76bd428,,,72464.0,43104.0,,6.0,919.0,,,,,,,,,,,,,920.0,,,,,08a6f76bd428-920,,,0.0,,,,,,,272.0,920.0,08:A6:F7:6B:D4:28,,,,,,11931.0,59.0,32.0,30.0,30.0,2.0,,,-1.0,29.0,394.0,33.0,3.0,,,,3641606,1786524417861,3641619,1786524417874,,1786524417837.0,29.0,2026-08-12T08:46:58.8935605Z,176.0,,,oasis/bottle,,0.0,,,,,
,,,,,,,,,,,,,,,13.0,,,,,,,,,1.0,,,0.0,,,,,0.0,,,,,0.0,,,,,,,,,,,local.mqtt.telegraf,32.0,,31.86,,,,,,periodic,,24.0,,,,,6.0,5,08a6f76bd428,,,64112.0,43104.0,,6.0,920.0,,,,,,,,,,,,,921.0,,,,,08a6f76bd428-921,,,0.0,,,,,,,272.0,921.0,08:A6:F7:6B:D4:28,,,,,,13091.0,59.0,32.0,30.0,30.0,2.0,,,-1.0,29.0,394.0,33.0,3.0,,,,3642766,1786524419021,3642779,1786524419034,,1786524418997.0,28.0,2026-08-12T08:47:00.0477077Z,176.0,,,oasis/bottle,,0.0,,,,,
,,,,,,,,,,,,,,,13.0,,,,,,,,,1.0,,,0.0,,,,,0.0,,,,,0.0,,,,,,,,,,,local.mqtt.telegraf,32.0,,31.72,,,,,,periodic,,24.0,,,,,6.0,5,08a6f76bd428,,,55760.0,43104.0,,6.0,921.0,,,,,,,,,,,,,922.0,,,,,08a6f76bd428-922,,,0.0,,,,,,,272.0,922.0,08:A6:F7:6B:D4:28,,,,,,14211.0,59.0,32.0,30.0,30.0,2.0,,,-1.0,29.0,394.0,33.0,3.0,,,,3643886,1786524420141,3643899,1786524420154,,1786524420117.0,29.0,2026-08-12T08:47:01.1692873Z,176.0,,,oasis/bottle,,0.0,,,,,
,,,,,,,,,,,,,,,13.0,,,,,,,,,1.0,,,0.0,,,,,0.0,,,,,0.0,,,,,,,,,,,local.mqtt.telegraf,32.0,,31.68,,,,,,periodic,,24.0,,,,,6.0,5,08a6f76bd428,,,48064.0,43104.0,,6.0,922.0,,,,,,,,,,,,,923.0,,,,,08a6f76bd428-923,,,0.0,,,,,,,272.0,923.0,08:A6:F7:6B:D4:28,,,,,,15241.0,59.0,32.0,30.0,30.0,2.0,,,-1.0,29.0,394.0,33.0,3.0,,,,3644916,1786524421171,3644929,1786524421184,,1786524421147.0,28.0,2026-08-12T08:47:02.1958779Z,176.0,,,oasis/bottle,,0.0,,,,,
,,,,,,,,,,,,,,,14.0,,,,,,,,,1.0,,,0.0,,,,,0.0,,,,,0.0,,,,,,,,,,,local.mqtt.telegraf,32.0,,32.02,,,,,,periodic,,24.0,,,,,6.0,5,08a6f76bd428,,,117568.0,43104.0,,6.0,923.0,,,,,,,,,,,,,924.0,,,,,08a6f76bd428-924,,,0.0,,,,,,,272.0,924.0,08:A6:F7:6B:D4:28,,,,,,16701.0,59.0,32.0,30.0,30.0,2.0,,,-1.0,29.0,394.0,33.0,3.0,,,,3646376,1786524422631,3646390,1786524422645,,1786524422607.0,28.0,2026-08-12T08:47:03.6614261Z,176.0,,,oasis/bottle,,0.0,,,,,
,,,,,,,,,,,,,,,13.0,,,,,,,,,1.0,,,0.0,,,,,0.0,,,,,0.0,,,,,,,,,,,local.mqtt.telegraf,32.0,,31.66,,,,,,periodic,,34.0,,,,,6.0,5,08a6f76bd428,,,109216.0,43104.0,,6.0,924.0,,,,,,,,,,,,,925.0,,,,,08a6f76bd428-925,,,0.0,,,,,,,272.0,925.0,08:A6:F7:6B:D4:28,,,,,,17821.0,59.0,32.0,30.0,30.0,2.0,,,-1.0,29.0,394.0,33.0,3.0,,,,3647506,1786524423761,3647519,1786524423774,,1786524423727.0,28.0,2026-08-12T08:47:04.7972164Z,176.0,,,oasis/bottle,,0.0,,,,,
,,,,,,,,,,,,,,,13.0,,,,,,,,,1.0,,,0.0,,,,,0.0,,,,,0.0,,,,,,,,,,,local.mqtt.telegraf,32.0,,31.59,,,,,,periodic,,24.0,,,,,6.0,5,08a6f76bd428,,,101520.0,43104.0,,10.0,925.0,,,,,,,,,,,,,926.0,,,,,08a6f76bd428-926,,,0.0,,,,,,,272.0,926.0,08:A6:F7:6B:D4:28,,,,,,18871.0,59.0,32.0,30.0,30.0,2.0,,,-1.0,29.0,394.0,33.0,3.0,,,,3648546,1786524424801,3648559,1786524424814,,1786524424777.0,28.0,2026-08-12T08:47:05.8265607Z,176.0,,,oasis/bottle,,0.0,,,,,
,,,,,,,,,,,,,,,14.0,,,,,,,,,1.0,,,0.0,,,,,0.0,,,,,0.0,,,,,,,,,,,local.mqtt.telegraf,32.0,,31.63,,,,,,periodic,,24.0,,,,,6.0,5,08a6f76bd428,,,91200.0,43104.0,,6.0,926.0,,,,,,,,,,,,,927.0,,,,,08a6f76bd428-927,,,0.0,,,,,,,272.0,927.0,08:A6:F7:6B:D4:28,,,,,,20361.0,59.0,32.0,30.0,30.0,2.0,,,-1.0,29.0,394.0,33.0,3.0,,,,3650036,1786524426291,3650050,1786524426305,,1786524426267.0,28.0,2026-08-12T08:47:07.3294891Z,176.0,,,oasis/bottle,,0.0,,,,,
,,,,,,,,,,,,,,,13.0,,,,,,,,,1.0,,,0.0,,,,,0.0,,,,,0.0,,,,,,,,,,,local.mqtt.telegraf,32.0,,31.63,,,,,,periodic,,21.0,,,,,5.0,5,08a6f76bd428,,,71488.0,43104.0,,7.0,927.0,,,,,,,,,,,,,928.0,,,,,08a6f76bd428-928,,,0.0,,,,,,,272.0,928.0,08:A6:F7:6B:D4:28,,,,,,941.0,60.0,49.0,31.0,31.0,18.0,,,0.0,30.0,403.0,33.0,3.0,,,,3651215,1786524427470,3651228,1786524427483,,1786524427449.0,28.0,2026-08-12T08:47:08.492367Z,179.0,,,oasis/bottle,,0.0,,,,,
,,,,,,,,,,,,,,,13.0,,,,,,,,,1.0,,,0.0,,,,,0.0,,,,,0.0,,,,,,,,,,,local.mqtt.telegraf,32.0,,31.63,,,,,,periodic,,23.0,,,,,6.0,5,08a6f76bd428,,,63136.0,43104.0,,6.0,928.0,,,,,,,,,,,,,929.0,,,,,08a6f76bd428-929,,,0.0,,,,,,,272.0,929.0,08:A6:F7:6B:D4:28,,,,,,2091.0,60.0,49.0,31.0,31.0,18.0,,,0.0,30.0,403.0,33.0,3.0,,,,3652366,1786524428621,3652379,1786524428634,,1786524428598.0,28.0,2026-08-12T08:47:09.645375Z,179.0,,,oasis/bottle,,0.0,,,,,
,,,,,,,,,,,,,,,13.0,,,,,,,,,1.0,,,0.0,,,,,0.0,,,,,0.0,,,,,,,,,,,local.mqtt.telegraf,32.0,,31.48,,,,,,periodic,,23.0,,,,,6.0,5,08a6f76bd428,,,54784.0,43104.0,,6.0,929.0,,,,,,,,,,,,,930.0,,,,,08a6f76bd428-930,,,0.0,,,,,,,272.0,930.0,08:A6:F7:6B:D4:28,,,,,,3191.0,60.0,49.0,31.0,31.0,18.0,,,0.0,30.0,403.0,33.0,3.0,,,,3653466,1786524429721,3653479,1786524429734,,1786524429698.0,28.0,2026-08-12T08:47:10.7438258Z,179.0,,,oasis/bottle,,0.0,,,,,
,,,,,,,,,,,,,,,13.0,,,,,,,,,1.0,,,0.0,,,,,0.0,,,,,0.0,,,,,,,,,,,local.mqtt.telegraf,32.0,,31.6,,,,,,periodic,,23.0,,,,,6.0,5,08a6f76bd428,,,46256.0,43104.0,,6.0,930.0,,,,,,,,,,,,,931.0,,,,,08a6f76bd428-931,,,0.0,,,,,,,272.0,931.0,08:A6:F7:6B:D4:28,,,,,,4231.0,60.0,49.0,31.0,31.0,18.0,,,0.0,30.0,403.0,33.0,3.0,,,,3654506,1786524430761,3654519,1786524430774,,1786524430738.0,28.0,2026-08-12T08:47:11.7915963Z,179.0,,,oasis/bottle,,0.0,,,,,
,,,,,,,,,,,,,,,13.0,,,,,,,,,1.0,,,0.0,,,,,0.0,,,,,0.0,,,,,,,,,,,local.mqtt.telegraf,32.0,,31.78,,,,,,periodic,,33.0,,,,,6.0,5,08a6f76bd428,,,115568.0,43104.0,,6.0,931.0,,,,,,,,,,,,,932.0,,,,,08a6f76bd428-932,,,0.0,,,,,,,272.0,932.0,08:A6:F7:6B:D4:28,,,,,,5671.0,60.0,49.0,31.0,31.0,18.0,,,0.0,30.0,403.0,33.0,3.0,,,,3655956,1786524432211,3655969,1786524432224,,1786524432178.0,28.0,2026-08-12T08:47:13.2468128Z,179.0,,,oasis/bottle,,0.0,,,,,
,,,,,,,,,,,,,,,13.0,,,,,,,,,1.0,,,0.0,,,,,0.0,,,,,0.0,,,,,,,,,,,local.mqtt.telegraf,32.0,,31.66,,,,,,periodic,,23.0,,,,,6.0,5,08a6f76bd428,,,107216.0,43104.0,,11.0,932.0,,,,,,,,,,,,,933.0,,,,,08a6f76bd428-933,,,0.0,,,,,,,272.0,933.0,08:A6:F7:6B:D4:28,,,,,,6751.0,60.0,49.0,31.0,31.0,18.0,,,0.0,30.0,403.0,33.0,3.0,,,,3657026,1786524433281,3657039,1786524433294,,1786524433258.0,28.0,2026-08-12T08:47:14.316069Z,179.0,,,oasis/bottle,,0.0,,,,,
,,,,,,,,,,,,,,,13.0,,,,,,,,,1.0,,,0.0,,,,,0.0,,,,,0.0,,,,,,,,,,,local.mqtt.telegraf,32.0,,31.74,,,,,,periodic,,23.0,,,,,6.0,5,08a6f76bd428,,,96240.0,43104.0,,6.0,933.0,,,,,,,,,,,,,934.0,,,,,08a6f76bd428-934,,,0.0,,,,,,,272.0,934.0,08:A6:F7:6B:D4:28,,,,,,8301.0,60.0,49.0,31.0,31.0,18.0,,,0.0,30.0,403.0,33.0,3.0,,,,3658576,1786524434831,3658589,1786524434844,,1786524434808.0,28.0,2026-08-12T08:47:15.8609869Z,179.0,,,oasis/bottle,,0.0,,,,,
,,,,,,,,,,,,,,,13.0,,,,,,,,,1.0,,,0.0,,,,,0.0,,,,,0.0,,,,,,,,,,,local.mqtt.telegraf,32.0,,31.79,,,,,,periodic,,23.0,,,,,6.0,5,08a6f76bd428,,,86576.0,43104.0,,6.0,934.0,,,,,,,,,,,,,935.0,,,,,08a6f76bd428-935,,,0.0,,,,,,,272.0,935.0,08:A6:F7:6B:D4:28,,,,,,9601.0,60.0,49.0,31.0,31.0,18.0,,,0.0,30.0,403.0,33.0,3.0,,,,3659876,1786524436131,3659889,1786524436144,,1786524436108.0,28.0,2026-08-12T08:47:17.1643825Z,179.0,,,oasis/bottle,,0.0,,,,,
,,,,,,,,,,,,,,,13.0,,,,,,,,,1.0,,,0.0,,,,,0.0,,,,,0.0,,,,,,,,,,,local.mqtt.telegraf,32.0,,31.76,,,,,,periodic,,29.0,,,,,5.0,5,08a6f76bd428,,,76256.0,43104.0,,6.0,935.0,,,,,,,,,,,,,936.0,,,,,08a6f76bd428-936,,,0.0,,,,,,,273.0,936.0,08:A6:F7:6B:D4:28,,,,,,10994.0,60.0,49.0,31.0,31.0,18.0,,,0.0,30.0,403.0,33.0,3.0,,,,3661276,1786524437531,3661289,1786524437544,,1786524437502.0,28.0,2026-08-12T08:47:18.5648017Z,179.0,,,oasis/bottle,,0.0,,,,,
,,,,,,,,,,,,,,,22.0,,,,,,,,,1.0,,,0.0,,,,,0.0,,,,,0.0,,,,,,,,,,,local.mqtt.telegraf,32.0,,31.9,,,,,,periodic,,23.0,,,,,6.0,5,08a6f76bd428,,,65280.0,43104.0,,6.0,936.0,,,,,,,,,,,,,937.0,,,,,08a6f76bd428-937,,,0.0,,,,,,,272.0,937.0,08:A6:F7:6B:D4:28,,,,,,12581.0,60.0,49.0,31.0,31.0,18.0,,,0.0,30.0,403.0,33.0,3.0,,,,3662856,1786524439111,3662878,1786524439133,,1786524439088.0,28.0,2026-08-12T08:47:20.1467958Z,179.0,,,oasis/bottle,,0.0,,,,,
,,,,,,,,,,,,,,,13.0,,,,,,,,,1.0,,,0.0,,,,,0.0,,,,,0.0,,,,,,,,,,,local.mqtt.telegraf,32.0,,31.72,,,,,,periodic,,23.0,,,,,6.0,5,08a6f76bd428,,,55616.0,43104.0,,6.0,937.0,,,,,,,,,,,,,938.0,,,,,08a6f76bd428-938,,,0.0,,,,,,,272.0,938.0,08:A6:F7:6B:D4:28,,,,,,13951.0,60.0,49.0,31.0,31.0,18.0,,,0.0,30.0,403.0,33.0,3.0,,,,3664226,1786524440481,3664239,1786524440494,,1786524440458.0,28.0,2026-08-12T08:47:21.5110857Z,179.0,,,oasis/bottle,,0.0,,,,,
,,,,,,,,,,,,,,,13.0,,,,,,,,,1.0,,,0.0,,,,,0.0,,,,,0.0,,,,,,,,,,,local.mqtt.telegraf,32.0,,31.74,,,,,,periodic,,33.0,,,,,6.0,5,08a6f76bd428,,,44640.0,43104.0,,6.0,938.0,,,,,,,,,,,,,939.0,,,,,08a6f76bd428-939,,,0.0,,,,,,,272.0,939.0,08:A6:F7:6B:D4:28,,,,,,15491.0,60.0,49.0,31.0,31.0,18.0,,,0.0,30.0,403.0,33.0,3.0,,,,3665776,1786524442031,3665789,1786524442044,,1786524441998.0,28.0,2026-08-12T08:47:23.0655605Z,179.0,,,oasis/bottle,,0.0,,,,,
,,,,,,,,,,,,,,,13.0,,,,,,,,,1.0,,,0.0,,,,,0.0,,,,,0.0,,,,,,,,,,,local.mqtt.telegraf,32.0,,31.87,,,,,,periodic,,22.0,,,,,5.0,5,08a6f76bd428,,,114336.0,43104.0,,6.0,939.0,,,,,,,,,,,,,940.0,,,,,08a6f76bd428-940,,,0.0,,,,,,,272.0,940.0,08:A6:F7:6B:D4:28,,,,,,16781.0,60.0,49.0,31.0,31.0,18.0,,,0.0,30.0,403.0,33.0,3.0,,,,3667056,1786524443311,3667069,1786524443324,,1786524443289.0,28.0,2026-08-12T08:47:24.3458613Z,179.0,,,oasis/bottle,,0.0,,,,,
,,,,,,,,,,,,,,,14.0,,,,,,,,,1.0,,,0.0,,,,,0.0,,,,,0.0,,,,,,,,,,,local.mqtt.telegraf,32.0,,31.66,,,,,,periodic,,23.0,,,,,6.0,5,08a6f76bd428,,,104672.0,43104.0,,6.0,940.0,,,,,,,,,,,,,941.0,,,,,08a6f76bd428-941,,,0.0,,,,,,,272.0,941.0,08:A6:F7:6B:D4:28,,,,,,18151.0,60.0,49.0,31.0,31.0,18.0,,,0.0,30.0,403.0,33.0,3.0,,,,3668426,1786524444681,3668440,1786524444695,,1786524444658.0,28.0,2026-08-12T08:47:25.7119382Z,179.0,,,oasis/bottle,,0.0,,,,,
,,,,,,,,,,,,,,,13.0,,,,,,,,,1.0,,,0.0,,,,,0.0,,,,,0.0,,,,,,,,,,,local.mqtt.telegraf,32.0,,32.01,,,,,,periodic,,22.0,,,,,5.0,5,08a6f76bd428,,,93696.0,43104.0,,6.0,941.0,,,,,,,,,,,,,942.0,,,,,08a6f76bd428-942,,,0.0,,,,,,,272.0,942.0,08:A6:F7:6B:D4:28,,,,,,19681.0,60.0,49.0,31.0,31.0,18.0,,,0.0,30.0,403.0,33.0,3.0,,,,3669956,1786524446211,3669969,1786524446224,,1786524446189.0,28.0,2026-08-12T08:47:27.249828Z,179.0,,,oasis/bottle,,0.0,,,,,
,,,,,,,,,,,,,,,13.0,,,,,,,,,1.0,,,0.0,,,,,0.0,,,,,0.0,,,,,,,,,,,local.mqtt.telegraf,32.0,,32.06,,,,,,periodic,,22.0,,,,,5.0,5,08a6f76bd428,,,73376.0,43104.0,,6.0,942.0,,,,,,,,,,,,,943.0,,,,,08a6f76bd428-943,,,0.0,,,,,,,273.0,943.0,08:A6:F7:6B:D4:28,,,,,,511.0,61.0,32.0,31.0,31.0,1.0,,,0.0,29.0,394.0,33.0,3.0,,,,3671215,1786524447470,3671228,1786524447483,,1786524447448.0,28.0,2026-08-12T08:47:28.5000516Z,182.0,,,oasis/bottle,,0.0,,,,,
,,,,,,,,,,,,,,,13.0,,,,,,,,,1.0,,,0.0,,,,,0.0,,,,,0.0,,,,,,,,,,,local.mqtt.telegraf,32.0,,32.06,,,,,,periodic,,24.0,,,,,6.0,5,08a6f76bd428,,,63712.0,43104.0,,6.0,943.0,,,,,,,,,,,,,944.0,,,,,08a6f76bd428-944,,,0.0,,,,,,,272.0,944.0,08:A6:F7:6B:D4:28,,,,,,1831.0,61.0,32.0,31.0,31.0,1.0,,,0.0,29.0,394.0,33.0,3.0,,,,3672536,1786524448791,3672549,1786524448804,,1786524448767.0,28.0,2026-08-12T08:47:29.8132299Z,182.0,,,oasis/bottle,,0.0,,,,,
,,,,,,,,,,,,,,,14.0,,,,,,,,,1.0,,,0.0,,,,,0.0,,,,,0.0,,,,,,,,,,,local.mqtt.telegraf,32.0,,32.03,,,,,,periodic,,24.0,,,,,6.0,5,08a6f76bd428,,,53392.0,43104.0,,6.0,944.0,,,,,,,,,,,,,945.0,,,,,08a6f76bd428-945,,,0.0,,,,,,,272.0,945.0,08:A6:F7:6B:D4:28,,,,,,3271.0,61.0,32.0,31.0,31.0,1.0,,,0.0,29.0,394.0,33.0,3.0,,,,3673976,1786524450231,3673990,1786524450245,,1786524450207.0,28.0,2026-08-12T08:47:31.2559224Z,182.0,,,oasis/bottle,,0.0,,,,,
,,,,,,,,,,,,,,,13.0,,,,,,,,,1.0,,,0.0,,,,,0.0,,,,,0.0,,,,,,,,,,,local.mqtt.telegraf,32.0,,32.14,,,,,,periodic,,34.0,,,,,6.0,5,08a6f76bd428,,,45040.0,43104.0,,6.0,945.0,,,,,,,,,,,,,946.0,,,,,08a6f76bd428-946,,,0.0,,,,,,,272.0,946.0,08:A6:F7:6B:D4:28,,,,,,4341.0,61.0,32.0,31.0,31.0,1.0,,,0.0,29.0,394.0,33.0,3.0,,,,3675056,1786524451311,3675069,1786524451324,,1786524451277.0,28.0,2026-08-12T08:47:32.3384526Z,182.0,,,oasis/bottle,,0.0,,,,,
,,,,,,,,,,,,,,,13.0,,,,,,,,,1.0,,,0.0,,,,,0.0,,,,,0.0,,,,,,,,,,,local.mqtt.telegraf,32.0,,31.93,,,,,,periodic,,24.0,,,,,6.0,5,08a6f76bd428,,,112928.0,43104.0,,5.0,946.0,,,,,,,,,,,,,947.0,,,,,08a6f76bd428-947,,,0.0,,,,,,,272.0,947.0,08:A6:F7:6B:D4:28,,,,,,5891.0,61.0,32.0,31.0,31.0,1.0,,,0.0,29.0,394.0,33.0,3.0,,,,3676596,1786524452851,3676609,1786524452864,,1786524452827.0,28.0,2026-08-12T08:47:33.8872899Z,182.0,,,oasis/bottle,,0.0,,,,,
,,,,,,,,,,,,,,,13.0,,,,,,,,,1.0,,,0.0,,,,,0.0,,,,,0.0,,,,,,,,,,,local.mqtt.telegraf,32.0,,31.79,,,,,,periodic,,24.0,,,,,6.0,5,08a6f76bd428,,,103264.0,43104.0,,6.0,947.0,,,,,,,,,,,,,948.0,,,,,08a6f76bd428-948,,,0.0,,,,,,,272.0,948.0,08:A6:F7:6B:D4:28,,,,,,7181.0,61.0,32.0,31.0,31.0,1.0,,,0.0,29.0,394.0,33.0,3.0,,,,3677886,1786524454141,3677899,1786524454154,,1786524454117.0,28.0,2026-08-12T08:47:35.1750077Z,182.0,,,oasis/bottle,,0.0,,,,,
,,,,,,,,,,,,,,,14.0,,,,,,,,,1.0,,,0.0,,,,,0.0,,,,,0.0,,,,,,,,,,,local.mqtt.telegraf,32.0,,32.09,,,,,,periodic,,24.0,,,,,6.0,5,08a6f76bd428,,,93600.0,43104.0,,6.0,948.0,,,,,,,,,,,,,949.0,,,,,08a6f76bd428-949,,,0.0,,,,,,,272.0,949.0,08:A6:F7:6B:D4:28,,,,,,8561.0,61.0,32.0,31.0,31.0,1.0,,,0.0,29.0,394.0,33.0,3.0,,,,3679266,1786524455521,3679280,1786524455535,,1786524455497.0,28.0,2026-08-12T08:47:36.567624Z,182.0,,,oasis/bottle,,0.0,,,,,
,,,,,,,,,,,,,,,14.0,,,,,,,,,1.0,,,0.0,,,,,0.0,,,,,0.0,,,,,,,,,,,local.mqtt.telegraf,32.0,,32.05,,,,,,periodic,,24.0,,,,,6.0,5,08a6f76bd428,,,82624.0,43104.0,,6.0,949.0,,,,,,,,,,,,,950.0,,,,,08a6f76bd428-950,,,0.0,,,,,,,272.0,950.0,08:A6:F7:6B:D4:28,,,,,,10121.0,61.0,32.0,31.0,31.0,1.0,,,0.0,29.0,394.0,33.0,3.0,,,,3680826,1786524457081,3680840,1786524457095,,1786524457057.0,28.0,2026-08-12T08:47:38.1168452Z,182.0,,,oasis/bottle,,0.0,,,,,
,,,,,,,,,,,,,,,13.0,,,,,,,,,1.0,,,0.0,,,,,0.0,,,,,0.0,,,,,,,,,,,local.mqtt.telegraf,32.0,,32.02,,,,,,periodic,,24.0,,,,,6.0,5,08a6f76bd428,,,72960.0,43104.0,,6.0,950.0,,,,,,,,,,,,,951.0,,,,,08a6f76bd428-951,,,0.0,,,,,,,272.0,951.0,08:A6:F7:6B:D4:28,,,,,,11431.0,61.0,32.0,31.0,31.0,1.0,,,0.0,29.0,394.0,33.0,3.0,,,,3682136,1786524458391,3682149,1786524458404,,1786524458367.0,28.0,2026-08-12T08:47:39.4128064Z,182.0,,,oasis/bottle,,0.0,,,,,
,,,,,,,,,,,,,,,13.0,,,,,,,,,1.0,,,0.0,,,,,0.0,,,,,0.0,,,,,,,,,,,local.mqtt.telegraf,32.0,,31.86,,,,,,periodic,,34.0,,,,,6.0,5,08a6f76bd428,,,62640.0,43104.0,,6.0,951.0,,,,,,,,,,,,,952.0,,,,,08a6f76bd428-952,,,0.0,,,,,,,272.0,952.0,08:A6:F7:6B:D4:28,,,,,,12851.0,61.0,32.0,31.0,31.0,1.0,,,0.0,29.0,394.0,33.0,3.0,,,,3683566,1786524459821,3683579,1786524459834,,1786524459787.0,28.0,2026-08-12T08:47:40.8568817Z,182.0,,,oasis/bottle,,0.0,,,,,
,,,,,,,,,,,,,,,13.0,,,,,,,,,1.0,,,0.0,,,,,0.0,,,,,0.0,,,,,,,,,,,local.mqtt.telegraf,32.0,,32.01,,,,,,periodic,,24.0,,,,,6.0,5,08a6f76bd428,,,54944.0,43104.0,,10.0,952.0,,,,,,,,,,,,,953.0,,,,,08a6f76bd428-953,,,0.0,,,,,,,272.0,953.0,08:A6:F7:6B:D4:28,,,,,,13901.0,61.0,32.0,31.0,31.0,1.0,,,0.0,29.0,394.0,33.0,3.0,,,,3684606,1786524460861,3684619,1786524460874,,1786524460837.0,28.0,2026-08-12T08:47:41.8962354Z,182.0,,,oasis/bottle,,0.0,,,,,
,,,,,,,,,,,,,,,14.0,,,,,,,,,1.0,,,0.0,,,,,0.0,,,,,0.0,,,,,,,,,,,local.mqtt.telegraf,32.0,,32.02,,,,,,periodic,,34.0,,,,,6.0,5,08a6f76bd428,,,44624.0,43104.0,,6.0,953.0,,,,,,,,,,,,,954.0,,,,,08a6f76bd428-954,,,0.0,,,,,,,272.0,954.0,08:A6:F7:6B:D4:28,,,,,,15391.0,61.0,32.0,31.0,31.0,1.0,,,0.0,29.0,394.0,33.0,3.0,,,,3686106,1786524462361,3686120,1786524462375,,1786524462327.0,28.0,2026-08-12T08:47:43.390708Z,182.0,,,oasis/bottle,,0.0,,,,,
,,,,,,,,,,,,,,,14.0,,,,,,,,,1.0,,,0.0,,,,,0.0,,,,,0.0,,,,,,,,,,,local.mqtt.telegraf,32.0,,32.01,,,,,,periodic,,24.0,,,,,6.0,5,08a6f76bd428,,,114992.0,43104.0,,6.0,954.0,,,,,,,,,,,,,955.0,,,,,08a6f76bd428-955,,,0.0,,,,,,,272.0,955.0,08:A6:F7:6B:D4:28,,,,,,16581.0,61.0,32.0,31.0,31.0,1.0,,,0.0,29.0,394.0,33.0,3.0,,,,3687286,1786524463541,3687300,1786524463555,,1786524463517.0,28.0,2026-08-12T08:47:44.5660723Z,182.0,,,oasis/bottle,,0.0,,,,,
,,,,,,,,,,,,,,,13.0,,,,,,,,,1.0,,,0.0,,,,,0.0,,,,,0.0,,,,,,,,,,,local.mqtt.telegraf,32.0,,32.01,,,,,,periodic,,24.0,,,,,6.0,5,08a6f76bd428,,,106640.0,43104.0,,7.0,955.0,,,,,,,,,,,,,956.0,,,,,08a6f76bd428-956,,,0.0,,,,,,,272.0,956.0,08:A6:F7:6B:D4:28,,,,,,17741.0,61.0,32.0,31.0,31.0,1.0,,,0.0,29.0,394.0,33.0,3.0,,,,3688446,1786524464701,3688459,1786524464714,,1786524464677.0,28.0,2026-08-12T08:47:45.7316723Z,182.0,,,oasis/bottle,,0.0,,,,,
,,,,,,,,,,,,,,,13.0,,,,,,,,,1.0,,,0.0,,,,,0.0,,,,,0.0,,,,,,,,,,,local.mqtt.telegraf,32.0,,31.95,,,,,,periodic,,23.0,,,,,5.0,5,08a6f76bd428,,,98288.0,43104.0,,6.0,956.0,,,,,,,,,,,,,957.0,,,,,08a6f76bd428-957,,,0.0,,,,,,,272.0,957.0,08:A6:F7:6B:D4:28,,,,,,18861.0,61.0,32.0,31.0,31.0,1.0,,,0.0,29.0,394.0,33.0,3.0,,,,3689566,1786524465821,3689579,1786524465834,,1786524465798.0,28.0,2026-08-12T08:47:46.847841Z,182.0,,,oasis/bottle,,0.0,,,,,
,,,,,,,,,,,,,,,14.0,,,,,,,,,1.0,,,0.0,,,,,0.0,,,,,0.0,,,,,,,,,,,local.mqtt.telegraf,32.0,,32.03,,,,,,periodic,,24.0,,,,,6.0,5,08a6f76bd428,,,90592.0,43104.0,,6.0,957.0,,,,,,,,,,,,,958.0,,,,,08a6f76bd428-958,,,0.0,,,,,,,272.0,958.0,08:A6:F7:6B:D4:28,,,,,,19901.0,61.0,32.0,31.0,31.0,1.0,,,0.0,29.0,394.0,33.0,3.0,,,,3690606,1786524466861,3690620,1786524466875,,1786524466837.0,28.0,2026-08-12T08:47:47.8863628Z,182.0,,,oasis/bottle,,0.0,,,,,
,,,,,,,,,,,,,,,13.0,,,,,,,,,1.0,,,0.0,,,,,0.0,,,,,0.0,,,,,,,,,,,local.mqtt.telegraf,32.0,,32.03,,,,,,periodic,,22.0,,,,,5.0,5,08a6f76bd428,,,68960.0,43104.0,,6.0,958.0,,,,,,,,,,,,,959.0,,,,,08a6f76bd428-959,,,0.0,,,,,,,273.0,959.0,08:A6:F7:6B:D4:28,,,,,,951.0,62.0,32.0,31.0,31.0,1.0,,,0.0,30.0,394.0,33.0,3.0,,,,3692085,1786524468340,3692098,1786524468353,,1786524468318.0,28.0,2026-08-12T08:47:49.3776912Z,185.0,,,oasis/bottle,,0.0,,,,,
,,,,,,,,,,,,,,,13.0,,,,,,,,,1.0,,,0.0,,,,,0.0,,,,,0.0,,,,,,,,,,,local.mqtt.telegraf,32.0,,32.02,,,,,,periodic,,24.0,,,,,6.0,5,08a6f76bd428,,,60608.0,43104.0,,6.0,959.0,,,,,,,,,,,,,960.0,,,,,08a6f76bd428-960,,,0.0,,,,,,,272.0,960.0,08:A6:F7:6B:D4:28,,,,,,2101.0,62.0,32.0,31.0,31.0,1.0,,,0.0,30.0,394.0,33.0,3.0,,,,3693236,1786524469491,3693249,1786524469504,,1786524469467.0,28.0,2026-08-12T08:47:50.5129333Z,185.0,,,oasis/bottle,,0.0,,,,,
,,,,,,,,,,,,,,,13.0,,,,,,,,,1.0,,,0.0,,,,,0.0,,,,,0.0,,,,,,,,,,,local.mqtt.telegraf,32.0,,32.15,,,,,,periodic,,23.0,,,,,5.0,5,08a6f76bd428,,,51424.0,43104.0,,6.0,960.0,,,,,,,,,,,,,961.0,,,,,08a6f76bd428-961,,,0.0,,,,,,,272.0,961.0,08:A6:F7:6B:D4:28,,,,,,3251.0,62.0,32.0,31.0,31.0,1.0,,,0.0,30.0,394.0,33.0,3.0,,,,3694386,1786524470641,3694399,1786524470654,,1786524470618.0,28.0,2026-08-12T08:47:51.6790174Z,185.0,,,oasis/bottle,,0.0,,,,,
,,,,,,,,,,,,,,,13.0,,,,,,,,,1.0,,,0.0,,,,,0.0,,,,,0.0,,,,,,,,,,,local.mqtt.telegraf,32.0,,32.05,,,,,,periodic,,34.0,,,,,12.0,5,08a6f76bd428,,,43728.0,43104.0,,6.0,961.0,,,,,,,,,,,,,962.0,,,,,08a6f76bd428-962,,,0.0,,,,,,,272.0,962.0,08:A6:F7:6B:D4:28,,,,,,4301.0,62.0,32.0,31.0,31.0,1.0,,,0.0,30.0,394.0,33.0,3.0,,,,3695446,1786524471701,3695459,1786524471714,,1786524471667.0,28.0,2026-08-12T08:47:52.7359683Z,185.0,,,oasis/bottle,,0.0,,,,,
,,,,,,,,,,,,,,,14.0,,,,,,,,,1.0,,,0.0,,,,,0.0,,,,,0.0,,,,,,,,,,,local.mqtt.telegraf,32.0,,32.02,,,,,,periodic,,23.0,,,,,5.0,5,08a6f76bd428,,,111888.0,43104.0,,8.0,962.0,,,,,,,,,,,,,963.0,,,,,08a6f76bd428-963,,,0.0,,,,,,,272.0,963.0,08:A6:F7:6B:D4:28,,,,,,5811.0,62.0,32.0,31.0,31.0,1.0,,,0.0,30.0,394.0,33.0,3.0,,,,3696946,1786524473201,3696960,1786524473215,,1786524473178.0,28.0,2026-08-12T08:47:54.2221415Z,185.0,,,oasis/bottle,,0.0,,,,,
,,,,,,,,,,,,,,,13.0,,,,,,,,,1.0,,,0.0,,,,,0.0,,,,,0.0,,,,,,,,,,,local.mqtt.telegraf,32.0,,32.02,,,,,,periodic,,24.0,,,,,6.0,5,08a6f76bd428,,,102880.0,43104.0,,7.0,963.0,,,,,,,,,,,,,964.0,,,,,08a6f76bd428-964,,,0.0,,,,,,,272.0,964.0,08:A6:F7:6B:D4:28,,,,,,7021.0,62.0,32.0,31.0,31.0,1.0,,,0.0,30.0,394.0,33.0,3.0,,,,3698156,1786524474411,3698169,1786524474424,,1786524474387.0,28.0,2026-08-12T08:47:55.444679Z,185.0,,,oasis/bottle,,0.0,,,,,
,,,,,,,,,,,,,,,13.0,,,,,,,,,1.0,,,0.0,,,,,0.0,,,,,0.0,,,,,,,,,,,local.mqtt.telegraf,32.0,,32.02,,,,,,periodic,,33.0,,,,,5.0,5,08a6f76bd428,,,93872.0,43104.0,,6.0,964.0,,,,,,,,,,,,,965.0,,,,,08a6f76bd428-965,,,0.0,,,,,,,272.0,965.0,08:A6:F7:6B:D4:28,,,,,,8231.0,62.0,32.0,31.0,31.0,1.0,,,0.0,30.0,394.0,33.0,3.0,,,,3699376,1786524475631,3699389,1786524475644,,1786524475598.0,28.0,2026-08-12T08:47:56.6696592Z,185.0,,,oasis/bottle,,0.0,,,,,
,,,,,,,,,,,,,,,13.0,,,,,,,,,1.0,,,0.0,,,,,0.0,,,,,0.0,,,,,,,,,,,local.mqtt.telegraf,32.0,,32.02,,,,,,periodic,,34.0,,,,,6.0,5,08a6f76bd428,,,84864.0,43104.0,,10.0,965.0,,,,,,,,,,,,,966.0,,,,,08a6f76bd428-966,,,0.0,,,,,,,272.0,966.0,08:A6:F7:6B:D4:28,,,,,,9461.0,62.0,32.0,31.0,31.0,1.0,,,0.0,30.0,394.0,33.0,3.0,,,,3700606,1786524476861,3700619,1786524476874,,1786524476827.0,28.0,2026-08-12T08:47:57.8947435Z,185.0,,,oasis/bottle,,0.0,,,,,
,,,,,,,,,,,,,,,14.0,,,,,,,,,1.0,,,0.0,,,,,0.0,,,,,0.0,,,,,,,,,,,local.mqtt.telegraf,32.0,,31.9,,,,,,periodic,,24.0,,,,,6.0,5,08a6f76bd428,,,75856.0,43104.0,,9.0,966.0,,,,,,,,,,,,,967.0,,,,,08a6f76bd428-967,,,0.0,,,,,,,272.0,967.0,08:A6:F7:6B:D4:28,,,,,,10721.0,62.0,32.0,31.0,31.0,1.0,,,0.0,30.0,394.0,33.0,3.0,,,,3701856,1786524478111,3701870,1786524478125,,1786524478087.0,28.0,2026-08-12T08:47:59.1516892Z,185.0,,,oasis/bottle,,0.0,,,,,
,,,,,,,,,,,,,,,13.0,,,,,,,,,1.0,,,0.0,,,,,0.0,,,,,0.0,,,,,,,,,,,local.mqtt.telegraf,32.0,,31.94,,,,,,periodic,,24.0,,,,,6.0,5,08a6f76bd428,,,66192.0,43104.0,,8.0,967.0,,,,,,,,,,,,,968.0,,,,,08a6f76bd428-968,,,0.0,,,,,,,272.0,968.0,08:A6:F7:6B:D4:28,,,,,,12031.0,62.0,32.0,31.0,31.0,1.0,,,0.0,30.0,394.0,33.0,3.0,,,,3703166,1786524479421,3703179,1786524479434,,1786524479397.0,28.0,2026-08-12T08:48:00.4496683Z,185.0,,,oasis/bottle,,0.0,,,,,
,,,,,,,,,,,,,,,13.0,,,,,,,,,1.0,,,0.0,,,,,0.0,,,,,0.0,,,,,,,,,,,local.mqtt.telegraf,32.0,,32.03,,,,,,periodic,,24.0,,,,,6.0,5,08a6f76bd428,,,55872.0,43104.0,,6.0,968.0,,,,,,,,,,,,,969.0,,,,,08a6f76bd428-969,,,0.0,,,,,,,272.0,969.0,08:A6:F7:6B:D4:28,,,,,,13451.0,62.0,32.0,31.0,31.0,1.0,,,0.0,30.0,394.0,33.0,3.0,,,,3704586,1786524480841,3704599,1786524480854,,1786524480817.0,28.0,2026-08-12T08:48:01.8654192Z,185.0,,,oasis/bottle,,0.0,,,,,
,,,,,,,,,,,,,,,13.0,,,,,,,,,1.0,,,0.0,,,,,0.0,,,,,0.0,,,,,,,,,,,local.mqtt.telegraf,32.0,,32.01,,,,,,periodic,,24.0,,,,,6.0,5,08a6f76bd428,,,48176.0,43104.0,,6.0,969.0,,,,,,,,,,,,,970.0,,,,,08a6f76bd428-970,,,0.0,,,,,,,272.0,970.0,08:A6:F7:6B:D4:28,,,,,,14481.0,62.0,32.0,31.0,31.0,1.0,,,0.0,30.0,394.0,33.0,3.0,,,,3705616,1786524481871,3705629,1786524481884,,1786524481847.0,28.0,2026-08-12T08:48:02.9031539Z,185.0,,,oasis/bottle,,0.0,,,,,
,,,,,,,,,,,,,,,13.0,,,,,,,,,1.0,,,0.0,,,,,0.0,,,,,0.0,,,,,,,,,,,local.mqtt.telegraf,32.0,,32.03,,,,,,periodic,,23.0,,,,,5.0,5,08a6f76bd428,,,117920.0,43104.0,,6.0,970.0,,,,,,,,,,,,,971.0,,,,,08a6f76bd428-971,,,0.0,,,,,,,272.0,971.0,08:A6:F7:6B:D4:28,,,,,,15941.0,62.0,32.0,31.0,31.0,1.0,,,0.0,30.0,394.0,33.0,3.0,,,,3707076,1786524483331,3707089,1786524483344,,1786524483308.0,28.0,2026-08-12T08:48:04.3583667Z,185.0,,,oasis/bottle,,0.0,,,,,
,,,,,,,,,,,,,,,13.0,,,,,,,,,1.0,,,0.0,,,,,0.0,,,,,0.0,,,,,,,,,,,local.mqtt.telegraf,32.0,,32.02,,,,,,periodic,,24.0,,,,,6.0,5,08a6f76bd428,,,109568.0,43104.0,,6.0,971.0,,,,,,,,,,,,,972.0,,,,,08a6f76bd428-972,,,0.0,,,,,,,272.0,972.0,08:A6:F7:6B:D4:28,,,,,,17061.0,62.0,32.0,31.0,31.0,1.0,,,0.0,30.0,394.0,33.0,3.0,,,,3708196,1786524484451,3708209,1786524484464,,1786524484427.0,28.0,2026-08-12T08:48:05.4736786Z,185.0,,,oasis/bottle,,0.0,,,,,
,,,,,,,,,,,,,,,14.0,,,,,,,,,1.0,,,0.0,,,,,0.0,,,,,0.0,,,,,,,,,,,local.mqtt.telegraf,32.0,,32.02,,,,,,periodic,,23.0,,,,,5.0,5,08a6f76bd428,,,101872.0,43104.0,,6.0,972.0,,,,,,,,,,,,,973.0,,,,,08a6f76bd428-973,,,0.0,,,,,,,272.0,973.0,08:A6:F7:6B:D4:28,,,,,,18101.0,62.0,32.0,31.0,31.0,1.0,,,0.0,30.0,394.0,33.0,3.0,,,,3709236,1786524485491,3709250,1786524485505,,1786524485468.0,28.0,2026-08-12T08:48:06.5278055Z,185.0,,,oasis/bottle,,0.0,,,,,
,,,,,,,,,,,,,,,13.0,,,,,,,,,1.0,,,0.0,,,,,0.0,,,,,0.0,,,,,,,,,,,local.mqtt.telegraf,32.0,,31.94,,,,,,periodic,,24.0,,,,,6.0,5,08a6f76bd428,,,91552.0,43104.0,,6.0,973.0,,,,,,,,,,,,,974.0,,,,,08a6f76bd428-974,,,0.0,,,,,,,272.0,974.0,08:A6:F7:6B:D4:28,,,,,,19581.0,62.0,32.0,31.0,31.0,1.0,,,0.0,30.0,394.0,33.0,3.0,,,,3710716,1786524486971,3710729,1786524486984,,1786524486947.0,28.0,2026-08-12T08:48:08.0069372Z,185.0,,,oasis/bottle,,0.0,,,,,
,,,,,,,,,,,,,,,13.0,,,,,,,,,1.0,,,0.0,,,,,0.0,,,,,0.0,,,,,,,,,,,local.mqtt.telegraf,32.0,,32.09,,,,,,periodic,,17.0,,,,,6.0,5,08a6f76bd428,,,70576.0,43104.0,,6.0,974.0,,,,,,,,,,,,,975.0,,,,,08a6f76bd428-975,,,0.0,,,,,,,273.0,975.0,08:A6:F7:6B:D4:28,,,,,,331.0,63.0,42.0,22.0,22.0,20.0,,,0.0,22.0,415.0,24.0,3.0,,,,3712076,1786524488331,3712089,1786524488344,,1786524488314.0,28.0,2026-08-12T08:48:09.3695578Z,189.0,,,oasis/bottle,,0.0,,,,,
,,,,,,,,,,,,,,,13.0,,,,,,,,,1.0,,,0.0,,,,,0.0,,,,,0.0,,,,,,,,,,,local.mqtt.telegraf,32.0,,31.83,,,,,,periodic,,19.0,,,,,6.0,5,08a6f76bd428,,,60912.0,43104.0,,5.0,975.0,,,,,,,,,,,,,976.0,,,,,08a6f76bd428-976,,,0.0,,,,,,,272.0,976.0,08:A6:F7:6B:D4:28,,,,,,1640.0,63.0,42.0,22.0,22.0,20.0,,,0.0,22.0,415.0,24.0,3.0,,,,3713386,1786524489641,3713399,1786524489654,,1786524489622.0,28.0,2026-08-12T08:48:10.6777496Z,189.0,,,oasis/bottle,,0.0,,,,,
,,,,,,,,,,,,,,,13.0,,,,,,,,,1.0,,,0.0,,,,,0.0,,,,,0.0,,,,,,,,,,,local.mqtt.telegraf,32.0,,31.9,,,,,,periodic,,19.0,,,,,6.0,5,08a6f76bd428,,,50592.0,43104.0,,6.0,976.0,,,,,,,,,,,,,977.0,,,,,08a6f76bd428-977,,,0.0,,,,,,,272.0,977.0,08:A6:F7:6B:D4:28,,,,,,3060.0,63.0,42.0,22.0,22.0,20.0,,,0.0,22.0,415.0,24.0,3.0,,,,3714806,1786524491061,3714819,1786524491074,,1786524491042.0,28.0,2026-08-12T08:48:12.095382Z,189.0,,,oasis/bottle,,0.0,,,,,
,,,,,,,,,,,,,,,13.0,,,,,,,,,1.0,,,0.0,,,,,0.0,,,,,0.0,,,,,,,,,,,local.mqtt.telegraf,32.0,,31.85,,,,,,periodic,,18.0,,,,,5.0,5,08a6f76bd428,,,122528.0,43104.0,,6.0,977.0,,,,,,,,,,,,,978.0,,,,,08a6f76bd428-978,,,0.0,,,,,,,272.0,978.0,08:A6:F7:6B:D4:28,,,,,,4100.0,63.0,42.0,22.0,22.0,20.0,,,0.0,22.0,415.0,24.0,3.0,,,,3715846,1786524492101,3715859,1786524492114,,1786524492083.0,28.0,2026-08-12T08:48:13.1282776Z,189.0,,,oasis/bottle,,0.0,,,,,
,,,,,,,,,,,,,,,14.0,,,,,,,,,1.0,,,0.0,,,,,0.0,,,,,0.0,,,,,,,,,,,local.mqtt.telegraf,32.0,,31.98,,,,,,periodic,,18.0,,,,,5.0,5,08a6f76bd428,,,112208.0,43104.0,,5.0,978.0,,,,,,,,,,,,,979.0,,,,,08a6f76bd428-979,,,0.0,,,,,,,272.0,979.0,08:A6:F7:6B:D4:28,,,,,,5580.0,63.0,42.0,22.0,22.0,20.0,,,0.0,22.0,415.0,24.0,3.0,,,,3717326,1786524493581,3717340,1786524493595,,1786524493563.0,28.0,2026-08-12T08:48:14.6269993Z,189.0,,,oasis/bottle,,0.0,,,,,
,,,,,,,,,,,,,,,13.0,,,,,,,,,1.0,,,0.0,,,,,0.0,,,,,0.0,,,,,,,,,,,local.mqtt.telegraf,32.0,,31.9,,,,,,periodic,,19.0,,,,,6.0,5,08a6f76bd428,,,103856.0,43104.0,,6.0,979.0,,,,,,,,,,,,,980.0,,,,,08a6f76bd428-980,,,0.0,,,,,,,272.0,980.0,08:A6:F7:6B:D4:28,,,,,,6730.0,63.0,42.0,22.0,22.0,20.0,,,0.0,22.0,415.0,24.0,3.0,,,,3718476,1786524494731,3718489,1786524494744,,1786524494712.0,28.0,2026-08-12T08:48:15.7661042Z,189.0,,,oasis/bottle,,0.0,,,,,
,,,,,,,,,,,,,,,13.0,,,,,,,,,1.0,,,0.0,,,,,0.0,,,,,0.0,,,,,,,,,,,local.mqtt.telegraf,32.0,,32.05,,,,,,periodic,,20.0,,,,,6.0,5,08a6f76bd428,,,95504.0,43104.0,,6.0,980.0,,,,,,,,,,,,,981.0,,,,,08a6f76bd428-981,,,0.0,,,,,,,272.0,981.0,08:A6:F7:6B:D4:28,,,,,,7830.0,63.0,42.0,22.0,22.0,20.0,,,0.0,22.0,415.0,24.0,3.0,,,,3719577,1786524495832,3719590,1786524495845,,1786524495812.0,28.0,2026-08-12T08:48:16.8625709Z,189.0,,,oasis/bottle,,0.0,,,,,
,,,,,,,,,,,,,,,13.0,,,,,,,,,1.0,,,0.0,,,,,0.0,,,,,0.0,,,,,,,,,,,local.mqtt.telegraf,32.0,,31.86,,,,,,periodic,,19.0,,,,,6.0,5,08a6f76bd428,,,87808.0,43104.0,,8.0,981.0,,,,,,,,,,,,,982.0,,,,,08a6f76bd428-982,,,0.0,,,,,,,272.0,982.0,08:A6:F7:6B:D4:28,,,,,,8830.0,63.0,42.0,22.0,22.0,20.0,,,0.0,22.0,415.0,24.0,3.0,,,,3720576,1786524496831,3720589,1786524496844,,1786524496812.0,28.0,2026-08-12T08:48:17.8619751Z,189.0,,,oasis/bottle,,0.0,,,,,
,,,,,,,,,,,,,,,13.0,,,,,,,,,1.0,,,0.0,,,,,0.0,,,,,0.0,,,,,,,,,,,local.mqtt.telegraf,32.0,,32.11,,,,,,periodic,,26.0,,,,,6.0,5,08a6f76bd428,,,77568.0,43104.0,,6.0,982.0,,,,,,,,,,,,,983.0,,,,,08a6f76bd428-983,,,0.0,,,,,,,273.0,983.0,08:A6:F7:6B:D4:28,,,,,,10222.0,63.0,42.0,22.0,22.0,20.0,,,0.0,22.0,415.0,24.0,3.0,,,,3721976,1786524498231,3721989,1786524498244,,1786524498205.0,28.0,2026-08-12T08:48:19.2644019Z,189.0,,,oasis/bottle,,0.0,,,,,
,,,,,,,,,,,,,,,13.0,,,,,,,,,1.0,,,0.0,,,,,0.0,,,,,0.0,,,,,,,,,,,local.mqtt.telegraf,32.0,,31.95,,,,,,periodic,,19.0,,,,,6.0,5,08a6f76bd428,,,66464.0,43104.0,,6.0,983.0,,,,,,,,,,,,,984.0,,,,,08a6f76bd428-984,,,0.0,,,,,,,272.0,984.0,08:A6:F7:6B:D4:28,,,,,,11810.0,63.0,42.0,22.0,22.0,20.0,,,0.0,22.0,415.0,24.0,3.0,,,,3723556,1786524499811,3723569,1786524499824,,1786524499792.0,28.0,2026-08-12T08:48:20.8547504Z,189.0,,,oasis/bottle,,0.0,,,,,
,,,,,,,,,,,,,,,13.0,,,,,,,,,1.0,,,0.0,,,,,0.0,,,,,0.0,,,,,,,,,,,local.mqtt.telegraf,32.0,,32.02,,,,,,periodic,,19.0,,,,,6.0,5,08a6f76bd428,,,56800.0,43104.0,,6.0,984.0,,,,,,,,,,,,,985.0,,,,,08a6f76bd428-985,,,0.0,,,,,,,272.0,985.0,08:A6:F7:6B:D4:28,,,,,,13180.0,63.0,42.0,22.0,22.0,20.0,,,0.0,22.0,415.0,24.0,3.0,,,,3724926,1786524501181,3724939,1786524501194,,1786524501162.0,28.0,2026-08-12T08:48:22.2147011Z,189.0,,,oasis/bottle,,0.0,,,,,
,,,,,,,,,,,,,,,13.0,,,,,,,,,1.0,,,0.0,,,,,0.0,,,,,0.0,,,,,,,,,,,local.mqtt.telegraf,32.0,,32.02,,,,,,periodic,,29.0,,,,,6.0,5,08a6f76bd428,,,45824.0,43104.0,,6.0,985.0,,,,,,,,,,,,,986.0,,,,,08a6f76bd428-986,,,0.0,,,,,,,272.0,986.0,08:A6:F7:6B:D4:28,,,,,,14720.0,63.0,42.0,22.0,22.0,20.0,,,0.0,22.0,415.0,24.0,3.0,,,,3726476,1786524502731,3726489,1786524502744,,1786524502702.0,28.0,2026-08-12T08:48:23.7701608Z,189.0,,,oasis/bottle,,0.0,,,,,
,,,,,,,,,,,,,,,13.0,,,,,,,,,1.0,,,0.0,,,,,0.0,,,,,0.0,,,,,,,,,,,local.mqtt.telegraf,32.0,,31.94,,,,,,periodic,,19.0,,,,,6.0,5,08a6f76bd428,,,115008.0,43104.0,,6.0,986.0,,,,,,,,,,,,,987.0,,,,,08a6f76bd428-987,,,0.0,,,,,,,272.0,987.0,08:A6:F7:6B:D4:28,,,,,,16010.0,63.0,42.0,22.0,22.0,20.0,,,0.0,22.0,415.0,24.0,3.0,,,,3727756,1786524504011,3727769,1786524504024,,1786524503992.0,28.0,2026-08-12T08:48:25.0331454Z,189.0,,,oasis/bottle,,0.0,,,,,
,,,,,,,,,,,,,,,14.0,,,,,,,,,1.0,,,0.0,,,,,0.0,,,,,0.0,,,,,,,,,,,local.mqtt.telegraf,32.0,,31.97,,,,,,periodic,,19.0,,,,,6.0,5,08a6f76bd428,,,105344.0,43104.0,,6.0,987.0,,,,,,,,,,,,,988.0,,,,,08a6f76bd428-988,,,0.0,,,,,,,272.0,988.0,08:A6:F7:6B:D4:28,,,,,,17370.0,63.0,42.0,22.0,22.0,20.0,,,0.0,22.0,415.0,24.0,3.0,,,,3729116,1786524505371,3729130,1786524505385,,1786524505352.0,28.0,2026-08-12T08:48:26.4104538Z,189.0,,,oasis/bottle,,0.0,,,,,
,,,,,,,,,,,,,,,13.0,,,,,,,,,1.0,,,0.0,,,,,0.0,,,,,0.0,,,,,,,,,,,local.mqtt.telegraf,32.0,,31.85,,,,,,periodic,,19.0,,,,,6.0,5,08a6f76bd428,,,94368.0,43104.0,,6.0,988.0,,,,,,,,,,,,,989.0,,,,,08a6f76bd428-989,,,0.0,,,,,,,272.0,989.0,08:A6:F7:6B:D4:28,,,,,,18890.0,63.0,42.0,22.0,22.0,20.0,,,0.0,22.0,415.0,24.0,3.0,,,,3730636,1786524506891,3730649,1786524506904,,1786524506872.0,28.0,2026-08-12T08:48:27.9112169Z,189.0,,,oasis/bottle,,0.0,,,,,
,,,,,,,,,,,,,,,14.0,,,,,,,,,1.0,,,0.0,,,,,0.0,,,,,0.0,,,,,,,,,,,local.mqtt.telegraf,32.0,,31.8,,,,,,periodic,,19.0,,,,,6.0,5,08a6f76bd428,,,85360.0,43104.0,,6.0,989.0,,,,,,,,,,,,,990.0,,,,,08a6f76bd428-990,,,0.0,,,,,,,272.0,990.0,08:A6:F7:6B:D4:28,,,,,,20130.0,63.0,42.0,22.0,22.0,20.0,,,0.0,22.0,415.0,24.0,3.0,,,,3731876,1786524508131,3731890,1786524508145,,1786524508112.0,28.0,2026-08-12T08:48:29.1559847Z,189.0,,,oasis/bottle,,0.0,,,,,
,,,,,,,,,,,,,,,13.0,,,,,,,,,1.0,,,0.0,,,,,0.0,,,,,0.0,,,,,,,,,,,local.mqtt.telegraf,32.0,,32.01,,,,,,periodic,,22.0,,,,,5.0,5,08a6f76bd428,,,64160.0,43104.0,,8.0,990.0,,,,,,,,,,,,,991.0,,,,,08a6f76bd428-991,,,0.0,,,,,,,272.0,991.0,08:A6:F7:6B:D4:28,,,,,,1071.0,64.0,38.0,31.0,31.0,7.0,,,0.0,31.0,392.0,33.0,3.0,,,,3733196,1786524509451,3733209,1786524509464,,1786524509429.0,28.0,2026-08-12T08:48:30.4795597Z,191.0,,,oasis/bottle,,0.0,,,,,
,,,,,,,,,,,,,,,13.0,,,,,,,,,1.0,,,0.0,,,,,0.0,,,,,0.0,,,,,,,,,,,local.mqtt.telegraf,32.0,,31.98,,,,,,periodic,,29.0,,,,,5.0,5,08a6f76bd428,,,53840.0,43104.0,,7.0,991.0,,,,,,,,,,,,,992.0,,,,,08a6f76bd428-992,,,0.0,,,,,,,273.0,992.0,08:A6:F7:6B:D4:28,,,,,,2464.0,64.0,38.0,31.0,31.0,7.0,,,0.0,31.0,392.0,33.0,3.0,,,,3734596,1786524510851,3734609,1786524510864,,1786524510822.0,28.0,2026-08-12T08:48:31.8779525Z,191.0,,,oasis/bottle,,0.0,,,,,
,,,,,,,,,,,,,,,13.0,,,,,,,,,1.0,,,0.0,,,,,0.0,,,,,0.0,,,,,,,,,,,local.mqtt.telegraf,32.0,,32.05,,,,,,periodic,,27.0,,,,,6.0,5,08a6f76bd428,,,122560.0,43104.0,,6.0,992.0,,,,,,,,,,,,,993.0,,,,,08a6f76bd428-993,,,0.0,,,,,,,278.0,993.0,08:A6:F7:6B:D4:28,,,,,,4056.0,64.0,38.0,31.0,31.0,7.0,,,0.0,31.0,392.0,33.0,3.0,,,,3736186,1786524512441,3736199,1786524512454,,1786524512414.0,28.0,2026-08-12T08:48:33.4776404Z,191.0,,,oasis/bottle,,0.0,,,,,
,,,,,,,,,,,,,,,13.0,,,,,,,,,1.0,,,0.0,,,,,0.0,,,,,0.0,,,,,,,,,,,local.mqtt.telegraf,32.0,,32.01,,,,,,periodic,,23.0,,,,,6.0,5,08a6f76bd428,,,112896.0,43104.0,,6.0,993.0,,,,,,,,,,,,,994.0,,,,,08a6f76bd428-994,,,0.0,,,,,,,272.0,994.0,08:A6:F7:6B:D4:28,,,,,,5431.0,64.0,38.0,31.0,31.0,7.0,,,0.0,31.0,392.0,33.0,3.0,,,,3737556,1786524513811,3737569,1786524513824,,1786524513788.0,28.0,2026-08-12T08:48:34.8543835Z,191.0,,,oasis/bottle,,0.0,,,,,
,,,,,,,,,,,,,,,13.0,,,,,,,,,1.0,,,0.0,,,,,0.0,,,,,0.0,,,,,,,,,,,local.mqtt.telegraf,32.0,,31.97,,,,,,periodic,,23.0,,,,,6.0,5,08a6f76bd428,,,101920.0,43104.0,,6.0,994.0,,,,,,,,,,,,,995.0,,,,,08a6f76bd428-995,,,0.0,,,,,,,272.0,995.0,08:A6:F7:6B:D4:28,,,,,,6981.0,64.0,38.0,31.0,31.0,7.0,,,0.0,31.0,392.0,33.0,3.0,,,,3739106,1786524515361,3739119,1786524515374,,1786524515338.0,28.0,2026-08-12T08:48:36.3919035Z,191.0,,,oasis/bottle,,0.0,,,,,
,,,,,,,,,,,,,,,13.0,,,,,,,,,1.0,,,0.0,,,,,0.0,,,,,0.0,,,,,,,,,,,local.mqtt.telegraf,32.0,,31.98,,,,,,periodic,,23.0,,,,,6.0,5,08a6f76bd428,,,92256.0,43104.0,,7.0,995.0,,,,,,,,,,,,,996.0,,,,,08a6f76bd428-996,,,0.0,,,,,,,272.0,996.0,08:A6:F7:6B:D4:28,,,,,,8281.0,64.0,38.0,31.0,31.0,7.0,,,0.0,31.0,392.0,33.0,3.0,,,,3740406,1786524516661,3740419,1786524516674,,1786524516638.0,28.0,2026-08-12T08:48:37.7059973Z,191.0,,,oasis/bottle,,0.0,,,,,
,,,,,,,,,,,,,,,13.0,,,,,,,,,1.0,,,0.0,,,,,0.0,,,,,0.0,,,,,,,,,,,local.mqtt.telegraf,32.0,,32.01,,,,,,periodic,,22.0,,,,,5.0,5,08a6f76bd428,,,82560.0,43104.0,,6.0,996.0,,,,,,,,,,,,,997.0,,,,,08a6f76bd428-997,,,0.0,,,,,,,273.0,997.0,08:A6:F7:6B:D4:28,,,,,,9671.0,64.0,38.0,31.0,31.0,7.0,,,0.0,31.0,392.0,33.0,3.0,,,,3741796,1786524518051,3741809,1786524518064,,1786524518029.0,28.0,2026-08-12T08:48:39.0811734Z,191.0,,,oasis/bottle,,0.0,,,,,
,,,,,,,,,,,,,,,13.0,,,,,,,,,1.0,,,0.0,,,,,0.0,,,,,0.0,,,,,,,,,,,local.mqtt.telegraf,32.0,,32.02,,,,,,periodic,,33.0,,,,,6.0,5,08a6f76bd428,,,71568.0,43104.0,,6.0,997.0,,,,,,,,,,,,,998.0,,,,,08a6f76bd428-998,,,0.0,,,,,,,272.0,998.0,08:A6:F7:6B:D4:28,,,,,,11251.0,64.0,38.0,31.0,31.0,7.0,,,0.0,31.0,392.0,33.0,3.0,,,,3743386,1786524519641,3743399,1786524519654,,1786524519608.0,28.0,2026-08-12T08:48:40.6805312Z,191.0,,,oasis/bottle,,0.0,,,,,
,,,,,,,,,,,,,,,13.0,,,,,,,,,1.0,,,0.0,,,,,0.0,,,,,0.0,,,,,,,,,,,local.mqtt.telegraf,32.0,,32.03,,,,,,periodic,,23.0,,,,,6.0,5,08a6f76bd428,,,61904.0,43104.0,,13.0,998.0,,,,,,,,,,,,,999.0,,,,,08a6f76bd428-999,,,0.0,,,,,,,272.0,999.0,08:A6:F7:6B:D4:28,,,,,,12621.0,64.0,38.0,31.0,31.0,7.0,,,0.0,31.0,392.0,33.0,3.0,,,,3744746,1786524521001,3744759,1786524521014,,1786524520978.0,28.0,2026-08-12T08:48:42.0302326Z,191.0,,,oasis/bottle,,0.0,,,,,
,,,,,,,,,,,,,,,17.0,,,,,,,,,1.0,,,0.0,,,,,0.0,,,,,0.0,,,,,,,,,,,local.mqtt.telegraf,32.0,,32.05,,,,,,periodic,,23.0,,,,,6.0,5,08a6f76bd428,,,50928.0,43104.0,,6.0,999.0,,,,,,,,,,,,,1000.0,,,,,08a6f76bd428-1000,,,0.0,,,,,,,272.0,1000.0,08:A6:F7:6B:D4:28,,,,,,14151.0,64.0,38.0,31.0,31.0,7.0,,,0.0,31.0,392.0,33.0,3.0,,,,3746276,1786524522531,3746293,1786524522548,,1786524522508.0,28.0,2026-08-12T08:48:43.5647655Z,191.0,,,oasis/bottle,,0.0,,,,,
,,,,,,,,,,,,,,,13.0,,,,,,,,,1.0,,,0.0,,,,,0.0,,,,,0.0,,,,,,,,,,,local.mqtt.telegraf,32.0,,32.06,,,,,,periodic,,23.0,,,,,6.0,5,08a6f76bd428,,,121936.0,43104.0,,6.0,1000.0,,,,,,,,,,,,,1001.0,,,,,08a6f76bd428-1001,,,0.0,,,,,,,272.0,1001.0,08:A6:F7:6B:D4:28,,,,,,15401.0,64.0,38.0,31.0,31.0,7.0,,,0.0,31.0,392.0,33.0,3.0,,,,3747526,1786524523781,3747539,1786524523794,,1786524523758.0,28.0,2026-08-12T08:48:44.8122878Z,191.0,,,oasis/bottle,,0.0,,,,,
,,,,,,,,,,,,,,,13.0,,,,,,,,,1.0,,,0.0,,,,,0.0,,,,,0.0,,,,,,,,,,,local.mqtt.telegraf,32.0,,32.06,,,,,,periodic,,33.0,,,,,6.0,5,08a6f76bd428,,,112256.0,43104.0,,6.0,1001.0,,,,,,,,,,,,,1002.0,,,,,08a6f76bd428-1002,,,0.0,,,,,,,272.0,1002.0,08:A6:F7:6B:D4:28,,,,,,16701.0,64.0,38.0,31.0,31.0,7.0,,,0.0,31.0,392.0,33.0,3.0,,,,3748836,1786524525091,3748849,1786524525104,,1786524525058.0,28.0,2026-08-12T08:48:46.1124109Z,191.0,,,oasis/bottle,,0.0,,,,,
,,,,,,,,,,,,,,,13.0,,,,,,,,,1.0,,,0.0,,,,,0.0,,,,,0.0,,,,,,,,,,,local.mqtt.telegraf,32.0,,32.05,,,,,,periodic,,23.0,,,,,6.0,5,08a6f76bd428,,,101920.0,43104.0,,10.0,1002.0,,,,,,,,,,,,,1003.0,,,,,08a6f76bd428-1003,,,0.0,,,,,,,272.0,1003.0,08:A6:F7:6B:D4:28,,,,,,18111.0,64.0,38.0,31.0,31.0,7.0,,,0.0,31.0,392.0,33.0,3.0,,,,3750236,1786524526491,3750249,1786524526504,,1786524526468.0,28.0,2026-08-12T08:48:47.5304541Z,191.0,,,oasis/bottle,,0.0,,,,,
,,,,,,,,,,,,,,,13.0,,,,,,,,,1.0,,,0.0,,,,,0.0,,,,,0.0,,,,,,,,,,,local.mqtt.telegraf,32.0,,32.02,,,,,,periodic,,23.0,,,,,6.0,5,08a6f76bd428,,,94160.0,43104.0,,6.0,1003.0,,,,,,,,,,,,,1004.0,,,,,08a6f76bd428-1004,,,0.0,,,,,,,272.0,1004.0,08:A6:F7:6B:D4:28,,,,,,19121.0,64.0,38.0,31.0,31.0,7.0,,,0.0,31.0,392.0,33.0,3.0,,,,3751246,1786524527501,3751259,1786524527514,,1786524527478.0,28.0,2026-08-12T08:48:48.5322303Z,191.0,,,oasis/bottle,,0.0,,,,,
,,,,,,,,,,,,,,,13.0,,,,,,,,,1.0,,,0.0,,,,,0.0,,,,,0.0,,,,,,,,,,,local.mqtt.telegraf,32.0,,32.05,,,,,,periodic,,26.0,,,,,5.0,5,08a6f76bd428,,,70560.0,43104.0,,6.0,1004.0,,,,,,,,,,,,,1005.0,,,,,08a6f76bd428-1005,,,0.0,,,,,,,273.0,1005.0,08:A6:F7:6B:D4:28,,,,,,502.0,65.0,23.0,21.0,21.0,2.0,,,0.0,20.0,385.0,23.0,3.0,,,,3753045,1786524529300,3753058,1786524529313,,1786524529274.0,28.0,2026-08-12T08:48:50.3285385Z,194.0,,,oasis/bottle,,0.0,,,,,
,,,,,,,,,,,,,,,13.0,,,,,,,,,1.0,,,0.0,,,,,0.0,,,,,0.0,,,,,,,,,,,local.mqtt.telegraf,32.0,,32.05,,,,,,periodic,,19.0,,,,,6.0,5,08a6f76bd428,,,60240.0,43104.0,,5.0,1005.0,,,,,,,,,,,,,1006.0,,,,,08a6f76bd428-1006,,,0.0,,,,,,,272.0,1006.0,08:A6:F7:6B:D4:28,,,,,,1911.0,65.0,23.0,21.0,21.0,2.0,,,0.0,20.0,385.0,23.0,3.0,,,,3754446,1786524530701,3754459,1786524530714,,1786524530682.0,28.0,2026-08-12T08:48:51.7352271Z,194.0,,,oasis/bottle,,0.0,,,,,
,,,,,,,,,,,,,,,13.0,,,,,,,,,1.0,,,0.0,,,,,0.0,,,,,0.0,,,,,,,,,,,local.mqtt.telegraf,32.0,,32.22,,,,,,periodic,,19.0,,,,,6.0,5,08a6f76bd428,,,52544.0,43104.0,,6.0,1006.0,,,,,,,,,,,,,1007.0,,,,,08a6f76bd428-1007,,,0.0,,,,,,,272.0,1007.0,08:A6:F7:6B:D4:28,,,,,,2921.0,65.0,23.0,21.0,21.0,2.0,,,0.0,20.0,385.0,23.0,3.0,,,,3755456,1786524531711,3755469,1786524531724,,1786524531692.0,28.0,2026-08-12T08:48:52.745604Z,194.0,,,oasis/bottle,,0.0,,,,,
,,,,,,,,,,,,,,,13.0,,,,,,,,,1.0,,,0.0,,,,,0.0,,,,,0.0,,,,,,,,,,,local.mqtt.telegraf,32.0,,32.05,,,,,,periodic,,19.0,,,,,6.0,5,08a6f76bd428,,,121920.0,43104.0,,6.0,1007.0,,,,,,,,,,,,,1008.0,,,,,08a6f76bd428-1008,,,0.0,,,,,,,272.0,1008.0,08:A6:F7:6B:D4:28,,,,,,4341.0,65.0,23.0,21.0,21.0,2.0,,,0.0,20.0,385.0,23.0,3.0,,,,3756876,1786524533131,3756889,1786524533144,,1786524533112.0,28.0,2026-08-12T08:48:54.1497057Z,194.0,,,oasis/bottle,,0.0,,,,,
,,,,,,,,,,,,,,,13.0,,,,,,,,,1.0,,,0.0,,,,,0.0,,,,,0.0,,,,,,,,,,,local.mqtt.telegraf,32.0,,32.1,,,,,,periodic,,19.0,,,,,6.0,5,08a6f76bd428,,,114224.0,43104.0,,5.0,1008.0,,,,,,,,,,,,,1009.0,,,,,08a6f76bd428-1009,,,0.0,,,,,,,272.0,1009.0,08:A6:F7:6B:D4:28,,,,,,5381.0,65.0,23.0,21.0,21.0,2.0,,,0.0,20.0,385.0,23.0,3.0,,,,3757916,1786524534171,3757929,1786524534184,,1786524534152.0,28.0,2026-08-12T08:48:55.1992249Z,194.0,,,oasis/bottle,,0.0,,,,,
,,,,,,,,,,,,,,,13.0,,,,,,,,,1.0,,,0.0,,,,,0.0,,,,,0.0,,,,,,,,,,,local.mqtt.telegraf,32.0,,32.09,,,,,,periodic,,19.0,,,,,6.0,5,08a6f76bd428,,,103904.0,43104.0,,6.0,1009.0,,,,,,,,,,,,,1010.0,,,,,08a6f76bd428-1010,,,0.0,,,,,,,272.0,1010.0,08:A6:F7:6B:D4:28,,,,,,6851.0,65.0,23.0,21.0,21.0,2.0,,,0.0,20.0,385.0,23.0,3.0,,,,3759386,1786524535641,3759399,1786524535654,,1786524535622.0,28.0,2026-08-12T08:48:56.6675768Z,194.0,,,oasis/bottle,,0.0,,,,,
,,,,,,,,,,,,,,,13.0,,,,,,,,,1.0,,,0.0,,,,,0.0,,,,,0.0,,,,,,,,,,,local.mqtt.telegraf,32.0,,32.17,,,,,,periodic,,19.0,,,,,6.0,5,08a6f76bd428,,,95552.0,43104.0,,6.0,1010.0,,,,,,,,,,,,,1011.0,,,,,08a6f76bd428-1011,,,0.0,,,,,,,272.0,1011.0,08:A6:F7:6B:D4:28,,,,,,7991.0,65.0,23.0,21.0,21.0,2.0,,,0.0,20.0,385.0,23.0,3.0,,,,3760526,1786524536781,3760539,1786524536794,,1786524536762.0,28.0,2026-08-12T08:48:57.8224553Z,194.0,,,oasis/bottle,,0.0,,,,,
,,,,,,,,,,,,,,,13.0,,,,,,,,,1.0,,,0.0,,,,,0.0,,,,,0.0,,,,,,,,,,,local.mqtt.telegraf,32.0,,32.22,,,,,,periodic,,19.0,,,,,6.0,5,08a6f76bd428,,,87200.0,43104.0,,6.0,1011.0,,,,,,,,,,,,,1012.0,,,,,08a6f76bd428-1012,,,0.0,,,,,,,272.0,1012.0,08:A6:F7:6B:D4:28,,,,,,9071.0,65.0,23.0,21.0,21.0,2.0,,,0.0,20.0,385.0,23.0,3.0,,,,3761606,1786524537861,3761619,1786524537874,,1786524537842.0,28.0,2026-08-12T08:48:58.896205Z,194.0,,,oasis/bottle,,0.0,,,,,
,,,,,,,,,,,,,,,13.0,,,,,,,,,1.0,,,0.0,,,,,0.0,,,,,0.0,,,,,,,,,,,local.mqtt.telegraf,32.0,,32.22,,,,,,periodic,,19.0,,,,,6.0,5,08a6f76bd428,,,76224.0,43104.0,,6.0,1012.0,,,,,,,,,,,,,1013.0,,,,,08a6f76bd428-1013,,,0.0,,,,,,,272.0,1013.0,08:A6:F7:6B:D4:28,,,,,,10631.0,65.0,23.0,21.0,21.0,2.0,,,0.0,20.0,385.0,23.0,3.0,,,,3763166,1786524539421,3763179,1786524539434,,1786524539402.0,28.0,2026-08-12T08:49:00.462289Z,194.0,,,oasis/bottle,,0.0,,,,,
,,,,,,,,,,,,,,,13.0,,,,,,,,,1.0,,,0.0,,,,,0.0,,,,,0.0,,,,,,,,,,,local.mqtt.telegraf,32.0,,32.21,,,,,,periodic,,19.0,,,,,6.0,5,08a6f76bd428,,,66560.0,43104.0,,6.0,1013.0,,,,,,,,,,,,,1014.0,,,,,08a6f76bd428-1014,,,0.0,,,,,,,272.0,1014.0,08:A6:F7:6B:D4:28,,,,,,11951.0,65.0,23.0,21.0,21.0,2.0,,,0.0,20.0,385.0,23.0,3.0,,,,3764486,1786524540741,3764499,1786524540754,,1786524540722.0,28.0,2026-08-12T08:49:01.7759085Z,194.0,,,oasis/bottle,,0.0,,,,,
,,,,,,,,,,,,,,,13.0,,,,,,,,,1.0,,,0.0,,,,,0.0,,,,,0.0,,,,,,,,,,,local.mqtt.telegraf,32.0,,32.06,,,,,,periodic,,19.0,,,,,6.0,5,08a6f76bd428,,,56240.0,43104.0,,6.0,1014.0,,,,,,,,,,,,,1015.0,,,,,08a6f76bd428-1015,,,0.0,,,,,,,272.0,1015.0,08:A6:F7:6B:D4:28,,,,,,13381.0,65.0,23.0,21.0,21.0,2.0,,,0.0,20.0,385.0,23.0,3.0,,,,3765916,1786524542171,3765929,1786524542184,,1786524542152.0,28.0,2026-08-12T08:49:03.3730895Z,194.0,,,oasis/bottle,,0.0,,,,,
,,,,,,,,,,,,,,,13.0,,,,,,,,,1.0,,,0.0,,,,,0.0,,,,,0.0,,,,,,,,,,,local.mqtt.telegraf,32.0,,32.3,,,,,,periodic,,18.0,,,,,5.0,5,08a6f76bd428,,,48512.0,43104.0,,6.0,1015.0,,,,,,,,,,,,,1016.0,,,,,08a6f76bd428-1016,,,0.0,,,,,,,273.0,1016.0,08:A6:F7:6B:D4:28,,,,,,14441.0,65.0,23.0,21.0,21.0,2.0,,,0.0,20.0,385.0,23.0,3.0,,,,3766976,1786524543231,3766989,1786524543244,,1786524543213.0,28.0,2026-08-12T08:49:04.5470684Z,194.0,,,oasis/bottle,,0.0,,,,,
,,,,,,,,,,,,,,,13.0,,,,,,,,,1.0,,,0.0,,,,,0.0,,,,,0.0,,,,,,,,,,,local.mqtt.telegraf,32.0,,32.17,,,,,,periodic,,19.0,,,,,6.0,5,08a6f76bd428,,,117184.0,43104.0,,5.0,1016.0,,,,,,,,,,,,,1017.0,,,,,08a6f76bd428-1017,,,0.0,,,,,,,272.0,1017.0,08:A6:F7:6B:D4:28,,,,,,15961.0,65.0,23.0,21.0,21.0,2.0,,,0.0,20.0,385.0,23.0,3.0,,,,3768496,1786524544751,3768509,1786524544764,,1786524544732.0,28.0,2026-08-12T08:49:05.9606781Z,194.0,,,oasis/bottle,,0.0,,,,,
,,,,,,,,,,,,,,,13.0,,,,,,,,,1.0,,,0.0,,,,,0.0,,,,,0.0,,,,,,,,,,,local.mqtt.telegraf,32.0,,32.11,,,,,,periodic,,19.0,,,,,6.0,5,08a6f76bd428,,,108160.0,43104.0,,6.0,1017.0,,,,,,,,,,,,,1018.0,,,,,08a6f76bd428-1018,,,0.0,,,,,,,272.0,1018.0,08:A6:F7:6B:D4:28,,,,,,17201.0,65.0,23.0,21.0,21.0,2.0,,,0.0,20.0,385.0,23.0,3.0,,,,3769736,1786524545991,3769749,1786524546004,,1786524545972.0,28.0,2026-08-12T08:49:07.0207471Z,194.0,,,oasis/bottle,,0.0,,,,,
,,,,,,,,,,,,,,,13.0,,,,,,,,,1.0,,,0.0,,,,,0.0,,,,,0.0,,,,,,,,,,,local.mqtt.telegraf,32.0,,32.27,,,,,,periodic,,19.0,,,,,6.0,5,08a6f76bd428,,,99136.0,43104.0,,6.0,1018.0,,,,,,,,,,,,,1019.0,,,,,08a6f76bd428-1019,,,0.0,,,,,,,272.0,1019.0,08:A6:F7:6B:D4:28,,,,,,18471.0,65.0,23.0,21.0,21.0,2.0,,,0.0,20.0,385.0,23.0,3.0,,,,3771006,1786524547261,3771019,1786524547274,,1786524547242.0,28.0,2026-08-12T08:49:08.2877621Z,194.0,,,oasis/bottle,,0.0,,,,,
,,,,,,,,,,,,,,,13.0,,,,,,,,,1.0,,,0.0,,,,,0.0,,,,,0.0,,,,,,,,,,,local.mqtt.telegraf,32.0,,32.29,,,,,,periodic,,29.0,,,,,6.0,5,08a6f76bd428,,,89472.0,43104.0,,6.0,1019.0,,,,,,,,,,,,,1020.0,,,,,08a6f76bd428-1020,,,0.0,,,,,,,272.0,1020.0,08:A6:F7:6B:D4:28,,,,,,19811.0,65.0,23.0,21.0,21.0,2.0,,,0.0,20.0,385.0,23.0,3.0,,,,3772356,1786524548611,3772369,1786524548624,,1786524548582.0,28.0,2026-08-12T08:49:09.6577218Z,194.0,,,oasis/bottle,,0.0,,,,,
,,,,,,,,,,,,,,,13.0,,,,,,,,,1.0,,,0.0,,,,,0.0,,,,,0.0,,,,,,,,,,,local.mqtt.telegraf,32.0,,32.22,,,,,,periodic,,18.0,,,,,5.0,5,08a6f76bd428,,,67008.0,43104.0,,9.0,1020.0,,,,,,,,,,,,,1021.0,,,,,08a6f76bd428-1021,,,0.0,,,,,,,272.0,1021.0,08:A6:F7:6B:D4:28,,,,,,921.0,66.0,31.0,20.0,20.0,11.0,,,4.0,19.0,374.0,23.0,3.0,,,,3773876,1786524550131,3773889,1786524550144,,1786524550113.0,28.0,2026-08-12T08:49:11.155424Z,197.0,,,oasis/bottle,,0.0,,,,,
,,,,,,,,,,,,,,,13.0,,,,,,,,,1.0,,,0.0,,,,,0.0,,,,,0.0,,,,,,,,,,,local.mqtt.telegraf,32.0,,32.36,,,,,,periodic,,29.0,,,,,6.0,5,08a6f76bd428,,,58000.0,43104.0,,6.0,1021.0,,,,,,,,,,,,,1022.0,,,,,08a6f76bd428-1022,,,0.0,,,,,,,272.0,1022.0,08:A6:F7:6B:D4:28,,,,,,2131.0,66.0,31.0,20.0,20.0,11.0,,,4.0,19.0,374.0,23.0,3.0,,,,3775096,1786524551351,3775109,1786524551364,,1786524551322.0,28.0,2026-08-12T08:49:12.3803096Z,197.0,,,oasis/bottle,,0.0,,,,,
,,,,,,,,,,,,,,,13.0,,,,,,,,,1.0,,,0.0,,,,,0.0,,,,,0.0,,,,,,,,,,,local.mqtt.telegraf,32.0,,32.42,,,,,,periodic,,19.0,,,,,6.0,5,08a6f76bd428,,,48992.0,43104.0,,9.0,1022.0,,,,,,,,,,,,,1023.0,,,,,08a6f76bd428-1023,,,0.0,,,,,,,272.0,1023.0,08:A6:F7:6B:D4:28,,,,,,3351.0,66.0,31.0,20.0,20.0,11.0,,,4.0,19.0,374.0,23.0,3.0,,,,3776306,1786524552561,3776319,1786524552574,,1786524552542.0,28.0,2026-08-12T08:49:13.5920375Z,197.0,,,oasis/bottle,,0.0,,,,,
,,,,,,,,,,,,,,,13.0,,,,,,,,,1.0,,,0.0,,,,,0.0,,,,,0.0,,,,,,,,,,,local.mqtt.telegraf,32.0,,32.36,,,,,,periodic,,19.0,,,,,6.0,5,08a6f76bd428,,,119968.0,43104.0,,6.0,1023.0,,,,,,,,,,,,,1024.0,,,,,08a6f76bd428-1024,,,0.0,,,,,,,272.0,1024.0,08:A6:F7:6B:D4:28,,,,,,4591.0,66.0,31.0,20.0,20.0,11.0,,,4.0,19.0,374.0,23.0,3.0,,,,3777546,1786524553801,3777559,1786524553814,,1786524553782.0,28.0,2026-08-12T08:49:14.8364746Z,197.0,,,oasis/bottle,,0.0,,,,,
,,,,,,,,,,,,,,,13.0,,,,,,,,,1.0,,,0.0,,,,,0.0,,,,,0.0,,,,,,,,,,,local.mqtt.telegraf,32.0,,32.53,,,,,,periodic,,19.0,,,,,6.0,5,08a6f76bd428,,,110960.0,43104.0,,6.0,1024.0,,,,,,,,,,,,,1025.0,,,,,08a6f76bd428-1025,,,0.0,,,,,,,272.0,1025.0,08:A6:F7:6B:D4:28,,,,,,5861.0,66.0,31.0,20.0,20.0,11.0,,,4.0,19.0,374.0,23.0,3.0,,,,3778816,1786524555071,3778829,1786524555084,,1786524555052.0,28.0,2026-08-12T08:49:16.0958673Z,197.0,,,oasis/bottle,,0.0,,,,,
,,,,,,,,,,,,,,,13.0,,,,,,,,,1.0,,,0.0,,,,,0.0,,,,,0.0,,,,,,,,,,,local.mqtt.telegraf,32.0,,32.48,,,,,,periodic,,29.0,,,,,6.0,5,08a6f76bd428,,,101296.0,43104.0,,6.0,1025.0,,,,,,,,,,,,,1026.0,,,,,08a6f76bd428-1026,,,0.0,,,,,,,272.0,1026.0,08:A6:F7:6B:D4:28,,,,,,7201.0,66.0,31.0,20.0,20.0,11.0,,,4.0,19.0,374.0,23.0,3.0,,,,3780166,1786524556421,3780179,1786524556434,,1786524556392.0,28.0,2026-08-12T08:49:17.4545431Z,197.0,,,oasis/bottle,,0.0,,,,,
,,,,,,,,,,,,,,,13.0,,,,,,,,,1.0,,,0.0,,,,,0.0,,,,,0.0,,,,,,,,,,,local.mqtt.telegraf,32.0,,32.42,,,,,,periodic,,19.0,,,,,6.0,5,08a6f76bd428,,,90976.0,43104.0,,9.0,1026.0,,,,,,,,,,,,,1027.0,,,,,08a6f76bd428-1027,,,0.0,,,,,,,272.0,1027.0,08:A6:F7:6B:D4:28,,,,,,8681.0,66.0,31.0,20.0,20.0,11.0,,,4.0,19.0,374.0,23.0,3.0,,,,3781636,1786524557891,3781649,1786524557904,,1786524557872.0,28.0,2026-08-12T08:49:18.928364Z,197.0,,,oasis/bottle,,0.0,,,,,
,,,,,,,,,,,,,,,13.0,,,,,,,,,1.0,,,0.0,,,,,0.0,,,,,0.0,,,,,,,,,,,local.mqtt.telegraf,32.0,,32.3,,,,,,periodic,,19.0,,,,,6.0,5,08a6f76bd428,,,82624.0,43104.0,,6.0,1027.0,,,,,,,,,,,,,1028.0,,,,,08a6f76bd428-1028,,,0.0,,,,,,,272.0,1028.0,08:A6:F7:6B:D4:28,,,,,,9831.0,66.0,31.0,20.0,20.0,11.0,,,4.0,19.0,374.0,23.0,3.0,,,,3782786,1786524559041,3782799,1786524559054,,1786524559022.0,28.0,2026-08-12T08:49:20.0758704Z,197.0,,,oasis/bottle,,0.0,,,,,
,,,,,,,,,,,,,,,13.0,,,,,,,,,1.0,,,0.0,,,,,0.0,,,,,0.0,,,,,,,,,,,local.mqtt.telegraf,32.0,,32.49,,,,,,periodic,,19.0,,,,,6.0,5,08a6f76bd428,,,74272.0,43104.0,,6.0,1028.0,,,,,,,,,,,,,1029.0,,,,,08a6f76bd428-1029,,,0.0,,,,,,,272.0,1029.0,08:A6:F7:6B:D4:28,,,,,,10931.0,66.0,31.0,20.0,20.0,11.0,,,4.0,19.0,374.0,23.0,3.0,,,,3783886,1786524560141,3783899,1786524560154,,1786524560122.0,28.0,2026-08-12T08:49:21.1704093Z,197.0,,,oasis/bottle,,0.0,,,,,
,,,,,,,,,,,,,,,13.0,,,,,,,,,1.0,,,0.0,,,,,0.0,,,,,0.0,,,,,,,,,,,local.mqtt.telegraf,32.0,,32.42,,,,,,periodic,,19.0,,,,,6.0,5,08a6f76bd428,,,66576.0,43104.0,,6.0,1029.0,,,,,,,,,,,,,1030.0,,,,,08a6f76bd428-1030,,,0.0,,,,,,,272.0,1030.0,08:A6:F7:6B:D4:28,,,,,,11931.0,66.0,31.0,20.0,20.0,11.0,,,4.0,19.0,374.0,23.0,3.0,,,,3784886,1786524561141,3784899,1786524561154,,1786524561122.0,28.0,2026-08-12T08:49:22.1818802Z,197.0,,,oasis/bottle,,0.0,,,,,
,,,,,,,,,,,,,,,13.0,,,,,,,,,1.0,,,0.0,,,,,0.0,,,,,0.0,,,,,,,,,,,local.mqtt.telegraf,32.0,,32.23,,,,,,periodic,,19.0,,,,,6.0,5,08a6f76bd428,,,56256.0,43104.0,,6.0,1030.0,,,,,,,,,,,,,1031.0,,,,,08a6f76bd428-1031,,,0.0,,,,,,,272.0,1031.0,08:A6:F7:6B:D4:28,,,,,,13331.0,66.0,31.0,20.0,20.0,11.0,,,4.0,19.0,374.0,23.0,3.0,,,,3786286,1786524562541,3786299,1786524562554,,1786524562522.0,28.0,2026-08-12T08:49:23.5628476Z,197.0,,,oasis/bottle,,0.0,,,,,
,,,,,,,,,,,,,,,13.0,,,,,,,,,1.0,,,0.0,,,,,0.0,,,,,0.0,,,,,,,,,,,local.mqtt.telegraf,32.0,,32.27,,,,,,periodic,,19.0,,,,,6.0,5,08a6f76bd428,,,48560.0,43104.0,,6.0,1031.0,,,,,,,,,,,,,1032.0,,,,,08a6f76bd428-1032,,,0.0,,,,,,,272.0,1032.0,08:A6:F7:6B:D4:28,,,,,,14331.0,66.0,31.0,20.0,20.0,11.0,,,4.0,19.0,374.0,23.0,3.0,,,,3787286,1786524563541,3787299,1786524563554,,1786524563522.0,28.0,2026-08-12T08:49:24.5713456Z,197.0,,,oasis/bottle,,0.0,,,,,
,,,,,,,,,,,,,,,13.0,,,,,,,,,1.0,,,0.0,,,,,0.0,,,,,0.0,,,,,,,,,,,local.mqtt.telegraf,32.0,,32.42,,,,,,periodic,,18.0,,,,,6.0,5,08a6f76bd428,,,118736.0,43104.0,,6.0,1032.0,,,,,,,,,,,,,1033.0,,,,,08a6f76bd428-1033,,,0.0,,,,,,,273.0,1033.0,08:A6:F7:6B:D4:28,,,,,,15721.0,66.0,31.0,20.0,20.0,11.0,,,4.0,19.0,374.0,23.0,3.0,,,,3788676,1786524564931,3788689,1786524564944,,1786524564913.0,28.0,2026-08-12T08:49:25.9605245Z,197.0,,,oasis/bottle,,0.0,,,,,
,,,,,,,,,,,,,,,13.0,,,,,,,,,1.0,,,0.0,,,,,0.0,,,,,0.0,,,,,,,,,,,local.mqtt.telegraf,32.0,,32.45,,,,,,periodic,,19.0,,,,,6.0,5,08a6f76bd428,,,107728.0,43104.0,,6.0,1033.0,,,,,,,,,,,,,1034.0,,,,,08a6f76bd428-1034,,,0.0,,,,,,,272.0,1034.0,08:A6:F7:6B:D4:28,,,,,,17311.0,66.0,31.0,20.0,20.0,11.0,,,4.0,19.0,374.0,23.0,3.0,,,,3790266,1786524566521,3790279,1786524566534,,1786524566502.0,28.0,2026-08-12T08:49:27.5407207Z,197.0,,,oasis/bottle,,0.0,,,,,
,,,,,,,,,,,,,,,13.0,,,,,,,,,1.0,,,0.0,,,,,0.0,,,,,0.0,,,,,,,,,,,local.mqtt.telegraf,32.0,,32.41,,,,,,periodic,,19.0,,,,,6.0,5,08a6f76bd428,,,98048.0,43104.0,,6.0,1034.0,,,,,,,,,,,,,1035.0,,,,,08a6f76bd428-1035,,,0.0,,,,,,,272.0,1035.0,08:A6:F7:6B:D4:28,,,,,,18681.0,66.0,31.0,20.0,20.0,11.0,,,4.0,19.0,374.0,23.0,3.0,,,,3791636,1786524567891,3791649,1786524567904,,1786524567872.0,28.0,2026-08-12T08:49:28.9551195Z,197.0,,,oasis/bottle,,0.0,,,,,
,,,,,,,,,,,,,,,13.0,,,,,,,,,1.0,,,0.0,,,,,0.0,,,,,0.0,,,,,,,,,,,local.mqtt.telegraf,32.0,,32.45,,,,,,periodic,,20.0,,,,,6.0,5,08a6f76bd428,,,87072.0,43104.0,,6.0,1035.0,,,,,,,,,,,,,1036.0,,,,,08a6f76bd428-1036,,,0.0,,,,,,,272.0,1036.0,08:A6:F7:6B:D4:28,,,,,,20221.0,66.0,31.0,20.0,20.0,11.0,,,4.0,19.0,374.0,23.0,3.0,,,,3793177,1786524569432,3793190,1786524569445,,1786524569412.0,28.0,2026-08-12T08:49:30.4636467Z,197.0,,,oasis/bottle,,0.0,,,,,
,,,,,,,,,,,,,,,14.0,,,,,,,,,1.0,,,0.0,,,,,0.0,,,,,0.0,,,,,,,,,,,local.mqtt.telegraf,32.0,,32.22,,,,,,periodic,,17.0,,,,,5.0,5,08a6f76bd428,,,66704.0,43104.0,,6.0,1036.0,,,,,,,,,,,,,1037.0,,,,,08a6f76bd428-1037,,,0.0,,,,,,,272.0,1037.0,08:A6:F7:6B:D4:28,,,,,,1051.0,67.0,50.0,21.0,21.0,29.0,,,0.0,20.0,384.0,23.0,3.0,,,,3794456,1786524570711,3794470,1786524570725,,1786524570694.0,28.0,2026-08-12T08:49:31.7435682Z,200.0,,,oasis/bottle,,0.0,,,,,
,,,,,,,,,,,,,,,14.0,,,,,,,,,1.0,,,0.0,,,,,0.0,,,,,0.0,,,,,,,,,,,local.mqtt.telegraf,32.0,,32.22,,,,,,periodic,,28.0,,,,,6.0,5,08a6f76bd428,,,57040.0,43104.0,,6.0,1037.0,,,,,,,,,,,,,1038.0,,,,,08a6f76bd428-1038,,,0.0,,,,,,,272.0,1038.0,08:A6:F7:6B:D4:28,,,,,,2411.0,67.0,50.0,21.0,21.0,29.0,,,0.0,20.0,384.0,23.0,3.0,,,,3795826,1786524572081,3795840,1786524572095,,1786524572053.0,28.0,2026-08-12T08:49:33.800097Z,200.0,,,oasis/bottle,,0.0,,,,,
,,,,,,,,,,,,,,,13.0,,,,,,,,,1.0,,,0.0,,,,,0.0,,,,,0.0,,,,,,,,,,,local.mqtt.telegraf,32.0,,32.46,,,,,,periodic,,28.0,,,,,6.0,5,08a6f76bd428,,,46064.0,43104.0,,8.0,1038.0,,,,,,,,,,,,,1039.0,,,,,08a6f76bd428-1039,,,0.0,,,,,,,272.0,1039.0,08:A6:F7:6B:D4:28,,,,,,3931.0,67.0,50.0,21.0,21.0,29.0,,,0.0,20.0,384.0,23.0,3.0,,,,3797346,1786524573601,3797359,1786524573614,,1786524573573.0,28.0,2026-08-12T08:49:34.6246351Z,200.0,,,oasis/bottle,,0.0,,,,,
,,,,,,,,,,,,,,,13.0,,,,,,,,,1.0,,,0.0,,,,,0.0,,,,,0.0,,,,,,,,,,,local.mqtt.telegraf,32.0,,32.41,,,,,,periodic,,18.0,,,,,6.0,5,08a6f76bd428,,,115648.0,43104.0,,5.0,1039.0,,,,,,,,,,,,,1040.0,,,,,08a6f76bd428-1040,,,0.0,,,,,,,272.0,1040.0,08:A6:F7:6B:D4:28,,,,,,5171.0,67.0,50.0,21.0,21.0,29.0,,,0.0,20.0,384.0,23.0,3.0,,,,3798576,1786524574831,3798589,1786524574844,,1786524574813.0,28.0,2026-08-12T08:49:35.8718728Z,200.0,,,oasis/bottle,,0.0,,,,,
,,,,,,,,,,,,,,,13.0,,,,,,,,,1.0,,,0.0,,,,,0.0,,,,,0.0,,,,,,,,,,,local.mqtt.telegraf,32.0,,32.06,,,,,,periodic,,17.0,,,,,5.0,5,08a6f76bd428,,,106640.0,43104.0,,6.0,1040.0,,,,,,,,,,,,,1041.0,,,,,08a6f76bd428-1041,,,0.0,,,,,,,272.0,1041.0,08:A6:F7:6B:D4:28,,,,,,6441.0,67.0,50.0,21.0,21.0,29.0,,,0.0,20.0,384.0,23.0,3.0,,,,3799846,1786524576101,3799859,1786524576114,,1786524576084.0,28.0,2026-08-12T08:49:37.1335814Z,200.0,,,oasis/bottle,,0.0,,,,,
,,,,,,,,,,,,,,,13.0,,,,,,,,,1.0,,,0.0,,,,,0.0,,,,,0.0,,,,,,,,,,,local.mqtt.telegraf,32.0,,32.33,,,,,,periodic,,18.0,,,,,6.0,5,08a6f76bd428,,,96976.0,43104.0,,6.0,1041.0,,,,,,,,,,,,,1042.0,,,,,08a6f76bd428-1042,,,0.0,,,,,,,272.0,1042.0,08:A6:F7:6B:D4:28,,,,,,7771.0,67.0,50.0,21.0,21.0,29.0,,,0.0,20.0,384.0,23.0,3.0,,,,3801176,1786524577431,3801189,1786524577444,,1786524577413.0,28.0,2026-08-12T08:49:38.4601262Z,200.0,,,oasis/bottle,,0.0,,,,,
,,,,,,,,,,,,,,,13.0,,,,,,,,,1.0,,,0.0,,,,,0.0,,,,,0.0,,,,,,,,,,,local.mqtt.telegraf,32.0,,32.21,,,,,,periodic,,28.0,,,,,6.0,5,08a6f76bd428,,,86656.0,43104.0,,6.0,1042.0,,,,,,,,,,,,,1043.0,,,,,08a6f76bd428-1043,,,0.0,,,,,,,272.0,1043.0,08:A6:F7:6B:D4:28,,,,,,9231.0,67.0,50.0,21.0,21.0,29.0,,,0.0,20.0,384.0,23.0,3.0,,,,3802646,1786524578901,3802659,1786524578914,,1786524578873.0,28.0,2026-08-12T08:49:39.9342309Z,200.0,,,oasis/bottle,,0.0,,,,,
,,,,,,,,,,,,,,,13.0,,,,,,,,,1.0,,,0.0,,,,,0.0,,,,,0.0,,,,,,,,,,,local.mqtt.telegraf,32.0,,32.32,,,,,,periodic,,18.0,,,,,6.0,5,08a6f76bd428,,,78304.0,43104.0,,8.0,1043.0,,,,,,,,,,,,,1044.0,,,,,08a6f76bd428-1044,,,0.0,,,,,,,272.0,1044.0,08:A6:F7:6B:D4:28,,,,,,10351.0,67.0,50.0,21.0,21.0,29.0,,,0.0,20.0,384.0,23.0,3.0,,,,3803756,1786524580011,3803769,1786524580024,,1786524579993.0,28.0,2026-08-12T08:49:41.0557702Z,200.0,,,oasis/bottle,,0.0,,,,,
,,,,,,,,,,,,,,,13.0,,,,,,,,,1.0,,,0.0,,,,,0.0,,,,,0.0,,,,,,,,,,,local.mqtt.telegraf,32.0,,32.22,,,,,,periodic,,17.0,,,,,5.0,5,08a6f76bd428,,,70608.0,43104.0,,6.0,1044.0,,,,,,,,,,,,,1045.0,,,,,08a6f76bd428-1045,,,0.0,,,,,,,272.0,1045.0,08:A6:F7:6B:D4:28,,,,,,11391.0,67.0,50.0,21.0,21.0,29.0,,,0.0,20.0,384.0,23.0,3.0,,,,3804796,1786524581051,3804809,1786524581064,,1786524581034.0,28.0,2026-08-12T08:49:42.081889Z,200.0,,,oasis/bottle,,0.0,,,,,
,,,,,,,,,,,,,,,13.0,,,,,,,,,1.0,,,0.0,,,,,0.0,,,,,0.0,,,,,,,,,,,local.mqtt.telegraf,32.0,,32.45,,,,,,periodic,,18.0,,,,,6.0,5,08a6f76bd428,,,60288.0,43104.0,,6.0,1045.0,,,,,,,,,,,,,1046.0,,,,,08a6f76bd428-1046,,,0.0,,,,,,,272.0,1046.0,08:A6:F7:6B:D4:28,,,,,,12871.0,67.0,50.0,21.0,21.0,29.0,,,0.0,20.0,384.0,23.0,3.0,,,,3806276,1786524582531,3806289,1786524582544,,1786524582513.0,28.0,2026-08-12T08:49:43.5546661Z,200.0,,,oasis/bottle,,0.0,,,,,
,,,,,,,,,,,,,,,14.0,,,,,,,,,1.0,,,0.0,,,,,0.0,,,,,0.0,,,,,,,,,,,local.mqtt.telegraf,32.0,,32.41,,,,,,periodic,,28.0,,,,,6.0,5,08a6f76bd428,,,51936.0,43104.0,,6.0,1046.0,,,,,,,,,,,,,1047.0,,,,,08a6f76bd428-1047,,,0.0,,,,,,,272.0,1047.0,08:A6:F7:6B:D4:28,,,,,,14021.0,67.0,50.0,21.0,21.0,29.0,,,0.0,20.0,384.0,23.0,3.0,,,,3807436,1786524583691,3807450,1786524583705,,1786524583663.0,28.0,2026-08-12T08:49:44.7332526Z,200.0,,,oasis/bottle,,0.0,,,,,
,,,,,,,,,,,,,,,13.0,,,,,,,,,1.0,,,0.0,,,,,0.0,,,,,0.0,,,,,,,,,,,local.mqtt.telegraf,32.0,,32.45,,,,,,periodic,,28.0,,,,,12.0,5,08a6f76bd428,,,43584.0,43104.0,,9.0,1047.0,,,,,,,,,,,,,1048.0,,,,,08a6f76bd428-1048,,,0.0,,,,,,,272.0,1048.0,08:A6:F7:6B:D4:28,,,,,,15131.0,67.0,50.0,21.0,21.0,29.0,,,0.0,20.0,384.0,23.0,3.0,,,,3808546,1786524584801,3808559,1786524584814,,1786524584773.0,28.0,2026-08-12T08:49:45.8350877Z,200.0,,,oasis/bottle,,0.0,,,,,
,,,,,,,,,,,,,,,13.0,,,,,,,,,1.0,,,0.0,,,,,0.0,,,,,0.0,,,,,,,,,,,local.mqtt.telegraf,32.0,,32.68,,,,,,periodic,,18.0,,,,,6.0,5,08a6f76bd428,,,115168.0,43104.0,,6.0,1048.0,,,,,,,,,,,,,1049.0,,,,,08a6f76bd428-1049,,,0.0,,,,,,,272.0,1049.0,08:A6:F7:6B:D4:28,,,,,,16151.0,67.0,50.0,21.0,21.0,29.0,,,0.0,20.0,384.0,23.0,3.0,,,,3809556,1786524585811,3809569,1786524585824,,1786524585793.0,28.0,2026-08-12T08:49:46.8514199Z,200.0,,,oasis/bottle,,0.0,,,,,
,,,,,,,,,,,,,,,13.0,,,,,,,,,1.0,,,0.0,,,,,0.0,,,,,0.0,,,,,,,,,,,local.mqtt.telegraf,32.0,,32.33,,,,,,periodic,,28.0,,,,,6.0,5,08a6f76bd428,,,104832.0,43104.0,,6.0,1049.0,,,,,,,,,,,,,1050.0,,,,,08a6f76bd428-1050,,,0.0,,,,,,,272.0,1050.0,08:A6:F7:6B:D4:28,,,,,,17581.0,67.0,50.0,21.0,21.0,29.0,,,0.0,20.0,384.0,23.0,3.0,,,,3810996,1786524587251,3811009,1786524587264,,1786524587223.0,28.0,2026-08-12T08:49:48.2830035Z,200.0,,,oasis/bottle,,0.0,,,,,
,,,,,,,,,,,,,,,14.0,,,,,,,,,1.0,,,0.0,,,,,0.0,,,,,0.0,,,,,,,,,,,local.mqtt.telegraf,32.0,,32.45,,,,,,periodic,,17.0,,,,,5.0,5,08a6f76bd428,,,95632.0,43104.0,,10.0,1050.0,,,,,,,,,,,,,1051.0,,,,,08a6f76bd428-1051,,,0.0,,,,,,,272.0,1051.0,08:A6:F7:6B:D4:28,,,,,,18681.0,67.0,50.0,21.0,21.0,29.0,,,0.0,20.0,384.0,23.0,3.0,,,,3812086,1786524588341,3812100,1786524588355,,1786524588324.0,28.0,2026-08-12T08:49:49.3779301Z,200.0,,,oasis/bottle,,0.0,,,,,
,,,,,,,,,,,,,,,13.0,,,,,,,,,1.0,,,0.0,,,,,0.0,,,,,0.0,,,,,,,,,,,local.mqtt.telegraf,32.0,,32.45,,,,,,periodic,,28.0,,,,,6.0,5,08a6f76bd428,,,84640.0,43104.0,,7.0,1051.0,,,,,,,,,,,,,1052.0,,,,,08a6f76bd428-1052,,,0.0,,,,,,,272.0,1052.0,08:A6:F7:6B:D4:28,,,,,,20241.0,67.0,50.0,21.0,21.0,29.0,,,0.0,20.0,384.0,23.0,3.0,,,,3813656,1786524589911,3813669,1786524589924,,1786524589883.0,28.0,2026-08-12T08:49:50.9360185Z,200.0,,,oasis/bottle,,0.0,,,,,
,,,,,,,,,,,,,,,13.0,,,,,,,,,1.0,,,0.0,,,,,0.0,,,,,0.0,,,,,,,,,,,local.mqtt.telegraf,32.0,,32.46,,,,,,periodic,,26.0,,,,,5.0,5,08a6f76bd428,,,64272.0,43104.0,,10.0,1052.0,,,,,,,,,,,,,1053.0,,,,,08a6f76bd428-1053,,,0.0,,,,,,,273.0,1053.0,08:A6:F7:6B:D4:28,,,,,,1091.0,68.0,46.0,21.0,21.0,25.0,,,0.0,20.0,380.0,23.0,3.0,,,,3814975,1786524591230,3814988,1786524591243,,1786524591204.0,28.0,2026-08-12T08:49:52.2688464Z,203.0,,,oasis/bottle,,0.0,,,,,
,,,,,,,,,,,,,,,13.0,,,,,,,,,1.0,,,0.0,,,,,0.0,,,,,0.0,,,,,,,,,,,local.mqtt.telegraf,32.0,,32.49,,,,,,periodic,,18.0,,,,,6.0,5,08a6f76bd428,,,53952.0,43104.0,,9.0,1053.0,,,,,,,,,,,,,1054.0,,,,,08a6f76bd428-1054,,,0.0,,,,,,,272.0,1054.0,08:A6:F7:6B:D4:28,,,,,,2531.0,68.0,46.0,21.0,21.0,25.0,,,0.0,20.0,380.0,23.0,3.0,,,,3816406,1786524592661,3816419,1786524592674,,1786524592643.0,28.0,2026-08-12T08:49:53.6978543Z,203.0,,,oasis/bottle,,0.0,,,,,
,,,,,,,,,,,,,,,13.0,,,,,,,,,1.0,,,0.0,,,,,0.0,,,,,0.0,,,,,,,,,,,local.mqtt.telegraf,32.0,,32.53,,,,,,periodic,,25.0,,,,,6.0,5,08a6f76bd428,,,45680.0,43104.0,,6.0,1054.0,,,,,,,,,,,,,1055.0,,,,,08a6f76bd428-1055,,,0.0,,,,,,,273.0,1055.0,08:A6:F7:6B:D4:28,,,,,,3593.0,68.0,46.0,21.0,21.0,25.0,,,0.0,20.0,380.0,23.0,3.0,,,,3817476,1786524593731,3817489,1786524593744,,1786524593706.0,28.0,2026-08-12T08:49:54.7697936Z,203.0,,,oasis/bottle,,0.0,,,,,
,,,,,,,,,,,,,,,13.0,,,,,,,,,1.0,,,0.0,,,,,0.0,,,,,0.0,,,,,,,,,,,local.mqtt.telegraf,32.0,,32.62,,,,,,periodic,,18.0,,,,,6.0,5,08a6f76bd428,,,113552.0,43104.0,,7.0,1055.0,,,,,,,,,,,,,1056.0,,,,,08a6f76bd428-1056,,,0.0,,,,,,,272.0,1056.0,08:A6:F7:6B:D4:28,,,,,,5131.0,68.0,46.0,21.0,21.0,25.0,,,0.0,20.0,380.0,23.0,3.0,,,,3819006,1786524595261,3819019,1786524595274,,1786524595243.0,28.0,2026-08-12T08:49:56.2892101Z,203.0,,,oasis/bottle,,0.0,,,,,
,,,,,,,,,,,,,,,14.0,,,,,,,,,1.0,,,0.0,,,,,0.0,,,,,0.0,,,,,,,,,,,local.mqtt.telegraf,32.0,,32.46,,,,,,periodic,,17.0,,,,,5.0,5,08a6f76bd428,,,104544.0,43104.0,,6.0,1056.0,,,,,,,,,,,,,1057.0,,,,,08a6f76bd428-1057,,,0.0,,,,,,,272.0,1057.0,08:A6:F7:6B:D4:28,,,,,,6391.0,68.0,46.0,21.0,21.0,25.0,,,0.0,20.0,380.0,23.0,3.0,,,,3820266,1786524596521,3820280,1786524596535,,1786524596504.0,28.0,2026-08-12T08:49:57.5569437Z,203.0,,,oasis/bottle,,0.0,,,,,
,,,,,,,,,,,,,,,14.0,,,,,,,,,1.0,,,0.0,,,,,0.0,,,,,0.0,,,,,,,,,,,local.mqtt.telegraf,32.0,,32.52,,,,,,periodic,,18.0,,,,,6.0,5,08a6f76bd428,,,94880.0,43104.0,,6.0,1057.0,,,,,,,,,,,,,1058.0,,,,,08a6f76bd428-1058,,,0.0,,,,,,,272.0,1058.0,08:A6:F7:6B:D4:28,,,,,,7711.0,68.0,46.0,21.0,21.0,25.0,,,0.0,20.0,380.0,23.0,3.0,,,,3821586,1786524597841,3821600,1786524597855,,1786524597823.0,28.0,2026-08-12T08:49:58.8801976Z,203.0,,,oasis/bottle,,0.0,,,,,
,,,,,,,,,,,,,,,13.0,,,,,,,,,1.0,,,0.0,,,,,0.0,,,,,0.0,,,,,,,,,,,local.mqtt.telegraf,32.0,,32.58,,,,,,periodic,,27.0,,,,,5.0,5,08a6f76bd428,,,84560.0,43104.0,,6.0,1058.0,,,,,,,,,,,,,1059.0,,,,,08a6f76bd428-1059,,,0.0,,,,,,,272.0,1059.0,08:A6:F7:6B:D4:28,,,,,,9151.0,68.0,46.0,21.0,21.0,25.0,,,0.0,20.0,380.0,23.0,3.0,,,,3823036,1786524599291,3823049,1786524599304,,1786524599264.0,28.0,2026-08-12T08:50:00.325256Z,203.0,,,oasis/bottle,,0.0,,,,,
,,,,,,,,,,,,,,,13.0,,,,,,,,,1.0,,,0.0,,,,,0.0,,,,,0.0,,,,,,,,,,,local.mqtt.telegraf,32.0,,32.66,,,,,,periodic,,18.0,,,,,6.0,5,08a6f76bd428,,,76208.0,43104.0,,8.0,1059.0,,,,,,,,,,,,,1060.0,,,,,08a6f76bd428-1060,,,0.0,,,,,,,272.0,1060.0,08:A6:F7:6B:D4:28,,,,,,10231.0,68.0,46.0,21.0,21.0,25.0,,,0.0,20.0,380.0,23.0,3.0,,,,3824106,1786524600361,3824119,1786524600374,,1786524600343.0,28.0,2026-08-12T08:50:01.3920054Z,203.0,,,oasis/bottle,,0.0,,,,,
,,,,,,,,,,,,,,,13.0,,,,,,,,,1.0,,,0.0,,,,,0.0,,,,,0.0,,,,,,,,,,,local.mqtt.telegraf,32.0,,32.53,,,,,,periodic,,17.0,,,,,5.0,5,08a6f76bd428,,,65232.0,43104.0,,6.0,1060.0,,,,,,,,,,,,,1061.0,,,,,08a6f76bd428-1061,,,0.0,,,,,,,272.0,1061.0,08:A6:F7:6B:D4:28,,,,,,11781.0,68.0,46.0,21.0,21.0,25.0,,,0.0,20.0,380.0,23.0,3.0,,,,3825656,1786524601911,3825669,1786524601924,,1786524601894.0,28.0,2026-08-12T08:50:02.9411054Z,203.0,,,oasis/bottle,,0.0,,,,,
,,,,,,,,,,,,,,,13.0,,,,,,,,,1.0,,,0.0,,,,,0.0,,,,,0.0,,,,,,,,,,,local.mqtt.telegraf,32.0,,32.46,,,,,,periodic,,18.0,,,,,6.0,5,08a6f76bd428,,,55568.0,43104.0,,6.0,1061.0,,,,,,,,,,,,,1062.0,,,,,08a6f76bd428-1062,,,0.0,,,,,,,272.0,1062.0,08:A6:F7:6B:D4:28,,,,,,13081.0,68.0,46.0,21.0,21.0,25.0,,,0.0,20.0,380.0,23.0,3.0,,,,3826956,1786524603211,3826969,1786524603224,,1786524603193.0,28.0,2026-08-12T08:50:04.2465664Z,203.0,,,oasis/bottle,,0.0,,,,,
,,,,,,,,,,,,,,,13.0,,,,,,,,,1.0,,,0.0,,,,,0.0,,,,,0.0,,,,,,,,,,,local.mqtt.telegraf,32.0,,32.57,,,,,,periodic,,28.0,,,,,6.0,5,08a6f76bd428,,,45248.0,43104.0,,6.0,1062.0,,,,,,,,,,,,,1063.0,,,,,08a6f76bd428-1063,,,0.0,,,,,,,272.0,1063.0,08:A6:F7:6B:D4:28,,,,,,14481.0,68.0,46.0,21.0,21.0,25.0,,,0.0,20.0,380.0,23.0,3.0,,,,3828366,1786524604621,3828379,1786524604634,,1786524604593.0,28.0,2026-08-12T08:50:05.6452284Z,203.0,,,oasis/bottle,,0.0,,,,,
,,,,,,,,,,,,,,,13.0,,,,,,,,,1.0,,,0.0,,,,,0.0,,,,,0.0,,,,,,,,,,,local.mqtt.telegraf,32.0,,32.6,,,,,,periodic,,18.0,,,,,6.0,5,08a6f76bd428,,,116304.0,43104.0,,5.0,1063.0,,,,,,,,,,,,,1064.0,,,,,08a6f76bd428-1064,,,0.0,,,,,,,272.0,1064.0,08:A6:F7:6B:D4:28,,,,,,15491.0,68.0,46.0,21.0,21.0,25.0,,,0.0,20.0,380.0,23.0,3.0,,,,3829366,1786524605621,3829379,1786524605634,,1786524605603.0,28.0,2026-08-12T08:50:06.6552722Z,203.0,,,oasis/bottle,,0.0,,,,,
,,,,,,,,,,,,,,,13.0,,,,,,,,,1.0,,,0.0,,,,,0.0,,,,,0.0,,,,,,,,,,,local.mqtt.telegraf,32.0,,32.65,,,,,,periodic,,18.0,,,,,6.0,5,08a6f76bd428,,,105984.0,43104.0,,6.0,1064.0,,,,,,,,,,,,,1065.0,,,,,08a6f76bd428-1065,,,0.0,,,,,,,272.0,1065.0,08:A6:F7:6B:D4:28,,,,,,16901.0,68.0,46.0,21.0,21.0,25.0,,,0.0,20.0,380.0,23.0,3.0,,,,3830776,1786524607031,3830789,1786524607044,,1786524607013.0,28.0,2026-08-12T08:50:08.0533198Z,203.0,,,oasis/bottle,,0.0,,,,,
,,,,,,,,,,,,,,,13.0,,,,,,,,,1.0,,,0.0,,,,,0.0,,,,,0.0,,,,,,,,,,,local.mqtt.telegraf,32.0,,32.68,,,,,,periodic,,18.0,,,,,6.0,5,08a6f76bd428,,,98272.0,43104.0,,6.0,1065.0,,,,,,,,,,,,,1066.0,,,,,08a6f76bd428-1066,,,0.0,,,,,,,272.0,1066.0,08:A6:F7:6B:D4:28,,,,,,17911.0,68.0,46.0,21.0,21.0,25.0,,,0.0,20.0,380.0,23.0,3.0,,,,3831786,1786524608041,3831799,1786524608054,,1786524608023.0,28.0,2026-08-12T08:50:09.0726976Z,203.0,,,oasis/bottle,,0.0,,,,,
,,,,,,,,,,,,,,,13.0,,,,,,,,,1.0,,,0.0,,,,,0.0,,,,,0.0,,,,,,,,,,,local.mqtt.telegraf,32.0,,32.61,,,,,,periodic,,18.0,,,,,6.0,5,08a6f76bd428,,,87952.0,43104.0,,6.0,1066.0,,,,,,,,,,,,,1067.0,,,,,08a6f76bd428-1067,,,0.0,,,,,,,272.0,1067.0,08:A6:F7:6B:D4:28,,,,,,19331.0,68.0,46.0,21.0,21.0,25.0,,,0.0,20.0,380.0,23.0,3.0,,,,3833206,1786524609461,3833219,1786524609474,,1786524609443.0,28.0,2026-08-12T08:50:10.4953511Z,203.0,,,oasis/bottle,,0.0,,,,,
,,,,,,,,,,,,,,,13.0,,,,,,,,,1.0,,,0.0,,,,,0.0,,,,,0.0,,,,,,,,,,,local.mqtt.telegraf,32.0,,32.69,,,,,,periodic,,18.0,,,,,6.0,5,08a6f76bd428,,,80256.0,43104.0,,6.0,1067.0,,,,,,,,,,,,,1068.0,,,,,08a6f76bd428-1068,,,0.0,,,,,,,272.0,1068.0,08:A6:F7:6B:D4:28,,,,,,20371.0,68.0,46.0,21.0,21.0,25.0,,,0.0,20.0,380.0,23.0,3.0,,,,3834246,1786524610501,3834259,1786524610514,,1786524610483.0,28.0,2026-08-12T08:50:11.5374531Z,203.0,,,oasis/bottle,,0.0,,,,,
,,,,,,,,,,,,,,,14.0,,,,,,,,,1.0,,,0.0,,,,,0.0,,,,,0.0,,,,,,,,,,,local.mqtt.telegraf,32.0,,32.68,,,,,,periodic,,27.0,,,,,6.0,5,08a6f76bd428,,,58576.0,43104.0,,6.0,1068.0,,,,,,,,,,,,,1069.0,,,,,08a6f76bd428-1069,,,0.0,,,,,,,272.0,1069.0,08:A6:F7:6B:D4:28,,,,,,1091.0,69.0,40.0,21.0,21.0,19.0,,,-5.0,20.0,384.0,23.0,3.0,,,,3835735,1786524611990,3835749,1786524612004,,1786524611963.0,28.0,2026-08-12T08:50:13.0234471Z,207.0,,,oasis/bottle,,0.0,,,,,
,,,,,,,,,,,,,,,13.0,,,,,,,,,1.0,,,0.0,,,,,0.0,,,,,0.0,,,,,,,,,,,local.mqtt.telegraf,32.0,,32.8,,,,,,periodic,,18.0,,,,,6.0,5,08a6f76bd428,,,50224.0,43104.0,,8.0,1069.0,,,,,,,,,,,,,1070.0,,,,,08a6f76bd428-1070,,,0.0,,,,,,,272.0,1070.0,08:A6:F7:6B:D4:28,,,,,,2251.0,69.0,40.0,21.0,21.0,19.0,,,-5.0,20.0,384.0,23.0,3.0,,,,3836886,1786524613141,3836899,1786524613154,,1786524613123.0,28.0,2026-08-12T08:50:14.1669109Z,207.0,,,oasis/bottle,,0.0,,,,,
,,,,,,,,,,,,,,,13.0,,,,,,,,,1.0,,,0.0,,,,,0.0,,,,,0.0,,,,,,,,,,,local.mqtt.telegraf,32.0,,32.8,,,,,,periodic,,28.0,,,,,6.0,5,08a6f76bd428,,,121856.0,43104.0,,6.0,1070.0,,,,,,,,,,,,,1071.0,,,,,08a6f76bd428-1071,,,0.0,,,,,,,272.0,1071.0,08:A6:F7:6B:D4:28,,,,,,3361.0,69.0,40.0,21.0,21.0,19.0,,,-5.0,20.0,384.0,23.0,3.0,,,,3838006,1786524614261,3838019,1786524614274,,1786524614233.0,28.0,2026-08-12T08:50:15.3116099Z,207.0,,,oasis/bottle,,0.0,,,,,
,,,,,,,,,,,,,,,13.0,,,,,,,,,1.0,,,0.0,,,,,0.0,,,,,0.0,,,,,,,,,,,local.mqtt.telegraf,32.0,,32.81,,,,,,periodic,,18.0,,,,,6.0,5,08a6f76bd428,,,114160.0,43104.0,,8.0,1071.0,,,,,,,,,,,,,1072.0,,,,,08a6f76bd428-1072,,,0.0,,,,,,,272.0,1072.0,08:A6:F7:6B:D4:28,,,,,,4381.0,69.0,40.0,21.0,21.0,19.0,,,-5.0,20.0,384.0,23.0,3.0,,,,3839016,1786524615271,3839029,1786524615284,,1786524615253.0,28.0,2026-08-12T08:50:16.3064808Z,207.0,,,oasis/bottle,,0.0,,,,,
,,,,,,,,,,,,,,,13.0,,,,,,,,,1.0,,,0.0,,,,,0.0,,,,,0.0,,,,,,,,,,,local.mqtt.telegraf,32.0,,32.65,,,,,,periodic,,18.0,,,,,6.0,5,08a6f76bd428,,,103824.0,43104.0,,6.0,1072.0,,,,,,,,,,,,,1073.0,,,,,08a6f76bd428-1073,,,0.0,,,,,,,272.0,1073.0,08:A6:F7:6B:D4:28,,,,,,5821.0,69.0,40.0,21.0,21.0,19.0,,,-5.0,20.0,384.0,23.0,3.0,,,,3840456,1786524616711,3840469,1786524616724,,1786524616693.0,28.0,2026-08-12T08:50:17.7493943Z,207.0,,,oasis/bottle,,0.0,,,,,
,,,,,,,,,,,,,,,13.0,,,,,,,,,1.0,,,0.0,,,,,0.0,,,,,0.0,,,,,,,,,,,local.mqtt.telegraf,32.0,,32.85,,,,,,periodic,,18.0,,,,,6.0,5,08a6f76bd428,,,95456.0,43104.0,,6.0,1073.0,,,,,,,,,,,,,1074.0,,,,,08a6f76bd428-1074,,,0.0,,,,,,,272.0,1074.0,08:A6:F7:6B:D4:28,,,,,,6901.0,69.0,40.0,21.0,21.0,19.0,,,-5.0,20.0,384.0,23.0,3.0,,,,3841536,1786524617791,3841549,1786524617804,,1786524617773.0,28.0,2026-08-12T08:50:18.8330813Z,207.0,,,oasis/bottle,,0.0,,,,,
,,,,,,,,,,,,,,,14.0,,,,,,,,,1.0,,,0.0,,,,,0.0,,,,,0.0,,,,,,,,,,,local.mqtt.telegraf,32.0,,32.81,,,,,,periodic,,18.0,,,,,6.0,5,08a6f76bd428,,,84480.0,43104.0,,6.0,1074.0,,,,,,,,,,,,,1075.0,,,,,08a6f76bd428-1075,,,0.0,,,,,,,272.0,1075.0,08:A6:F7:6B:D4:28,,,,,,8461.0,69.0,40.0,21.0,21.0,19.0,,,-5.0,20.0,384.0,23.0,3.0,,,,3843096,1786524619351,3843110,1786524619365,,1786524619333.0,28.0,2026-08-12T08:50:20.3790327Z,207.0,,,oasis/bottle,,0.0,,,,,
,,,,,,,,,,,,,,,14.0,,,,,,,,,1.0,,,0.0,,,,,0.0,,,,,0.0,,,,,,,,,,,local.mqtt.telegraf,32.0,,32.96,,,,,,periodic,,18.0,,,,,6.0,5,08a6f76bd428,,,74816.0,43104.0,,6.0,1075.0,,,,,,,,,,,,,1076.0,,,,,08a6f76bd428-1076,,,0.0,,,,,,,272.0,1076.0,08:A6:F7:6B:D4:28,,,,,,9771.0,69.0,40.0,21.0,21.0,19.0,,,-5.0,20.0,384.0,23.0,3.0,,,,3844406,1786524620661,3844420,1786524620675,,1786524620643.0,28.0,2026-08-12T08:50:21.7049897Z,207.0,,,oasis/bottle,,0.0,,,,,
,,,,,,,,,,,,,,,15.0,,,,,,,,,1.0,,,0.0,,,,,0.0,,,,,0.0,,,,,,,,,,,local.mqtt.telegraf,32.0,,32.96,,,,,,periodic,,18.0,,,,,6.0,5,08a6f76bd428,,,64496.0,43104.0,,6.0,1076.0,,,,,,,,,,,,,1077.0,,,,,08a6f76bd428-1077,,,0.0,,,,,,,272.0,1077.0,08:A6:F7:6B:D4:28,,,,,,11191.0,69.0,40.0,21.0,21.0,19.0,,,-5.0,20.0,384.0,23.0,3.0,,,,3845826,1786524622081,3845841,1786524622096,,1786524622063.0,28.0,2026-08-12T08:50:23.1124564Z,207.0,,,oasis/bottle,,0.0,,,,,
,,,,,,,,,,,,,,,14.0,,,,,,,,,1.0,,,0.0,,,,,0.0,,,,,0.0,,,,,,,,,,,local.mqtt.telegraf,32.0,,32.91,,,,,,periodic,,28.0,,,,,6.0,5,08a6f76bd428,,,56784.0,43104.0,,6.0,1077.0,,,,,,,,,,,,,1078.0,,,,,08a6f76bd428-1078,,,0.0,,,,,,,272.0,1078.0,08:A6:F7:6B:D4:28,,,,,,12231.0,69.0,40.0,21.0,21.0,19.0,,,-5.0,20.0,384.0,23.0,3.0,,,,3846876,1786524623131,3846890,1786524623145,,1786524623103.0,28.0,2026-08-12T08:50:24.1692039Z,207.0,,,oasis/bottle,,0.0,,,,,
,,,,,,,,,,,,,,,14.0,,,,,,,,,1.0,,,0.0,,,,,0.0,,,,,0.0,,,,,,,,,,,local.mqtt.telegraf,32.0,,33.01,,,,,,periodic,,18.0,,,,,6.0,5,08a6f76bd428,,,46448.0,43104.0,,7.0,1078.0,,,,,,,,,,,,,1079.0,,,,,08a6f76bd428-1079,,,0.0,,,,,,,272.0,1079.0,08:A6:F7:6B:D4:28,,,,,,13711.0,69.0,40.0,21.0,21.0,19.0,,,-5.0,20.0,384.0,23.0,3.0,,,,3848346,1786524624601,3848360,1786524624615,,1786524624583.0,28.0,2026-08-12T08:50:25.6326407Z,207.0,,,oasis/bottle,,0.0,,,,,
,,,,,,,,,,,,,,,13.0,,,,,,,,,1.0,,,0.0,,,,,0.0,,,,,0.0,,,,,,,,,,,local.mqtt.telegraf,32.0,,33.08,,,,,,periodic,,28.0,,,,,6.0,5,08a6f76bd428,,,118000.0,43104.0,,6.0,1079.0,,,,,,,,,,,,,1080.0,,,,,08a6f76bd428-1080,,,0.0,,,,,,,272.0,1080.0,08:A6:F7:6B:D4:28,,,,,,14861.0,69.0,40.0,21.0,21.0,19.0,,,-5.0,20.0,384.0,23.0,3.0,,,,3849506,1786524625761,3849519,1786524625774,,1786524625733.0,28.0,2026-08-12T08:50:26.7975514Z,207.0,,,oasis/bottle,,0.0,,,,,
,,,,,,,,,,,,,,,13.0,,,,,,,,,1.0,,,0.0,,,,,0.0,,,,,0.0,,,,,,,,,,,local.mqtt.telegraf,32.0,,32.93,,,,,,periodic,,28.0,,,,,6.0,5,08a6f76bd428,,,108752.0,43104.0,,9.0,1080.0,,,,,,,,,,,,,1081.0,,,,,08a6f76bd428-1081,,,0.0,,,,,,,272.0,1081.0,08:A6:F7:6B:D4:28,,,,,,16011.0,69.0,40.0,21.0,21.0,19.0,,,-5.0,20.0,384.0,23.0,3.0,,,,3850656,1786524626911,3850669,1786524626924,,1786524626883.0,28.0,2026-08-12T08:50:27.9391979Z,207.0,,,oasis/bottle,,0.0,,,,,
,,,,,,,,,,,,,,,13.0,,,,,,,,,1.0,,,0.0,,,,,0.0,,,,,0.0,,,,,,,,,,,local.mqtt.telegraf,32.0,,32.95,,,,,,periodic,,19.0,,,,,6.0,5,08a6f76bd428,,,100992.0,43104.0,,7.0,1081.0,,,,,,,,,,,,,1082.0,,,,,08a6f76bd428-1082,,,0.0,,,,,,,272.0,1082.0,08:A6:F7:6B:D4:28,,,,,,17061.0,69.0,40.0,21.0,21.0,19.0,,,-5.0,20.0,384.0,23.0,3.0,,,,3851697,1786524627952,3851710,1786524627965,,1786524627933.0,28.0,2026-08-12T08:50:28.9761964Z,207.0,,,oasis/bottle,,0.0,,,,,
,,,,,,,,,,,,,,,14.0,,,,,,,,,1.0,,,0.0,,,,,0.0,,,,,0.0,,,,,,,,,,,local.mqtt.telegraf,32.0,,33.09,,,,,,periodic,,17.0,,,,,5.0,5,08a6f76bd428,,,90576.0,43104.0,,6.0,1082.0,,,,,,,,,,,,,1083.0,,,,,08a6f76bd428-1083,,,0.0,,,,,,,273.0,1083.0,08:A6:F7:6B:D4:28,,,,,,18561.0,69.0,40.0,21.0,21.0,19.0,,,-5.0,20.0,384.0,23.0,3.0,,,,3853196,1786524629451,3853210,1786524629465,,1786524629434.0,28.0,2026-08-12T08:50:30.4737906Z,207.0,,,oasis/bottle,,0.0,,,,,
,,,,,,,,,,,,,,,14.0,,,,,,,,,1.0,,,0.0,,,,,0.0,,,,,0.0,,,,,,,,,,,local.mqtt.telegraf,32.0,,33.19,,,,,,periodic,,18.0,,,,,6.0,5,08a6f76bd428,,,81536.0,43104.0,,5.0,1083.0,,,,,,,,,,,,,1084.0,,,,,08a6f76bd428-1084,,,0.0,,,,,,,272.0,1084.0,08:A6:F7:6B:D4:28,,,,,,19761.0,69.0,40.0,21.0,21.0,19.0,,,-5.0,20.0,384.0,23.0,3.0,,,,3854396,1786524630651,3854410,1786524630665,,1786524630633.0,28.0,2026-08-12T08:50:31.6852758Z,207.0,,,oasis/bottle,,0.0,,,,,
,,,,,,,,,,,,,,,13.0,,,,,,,,,1.0,,,0.0,,,,,0.0,,,,,0.0,,,,,,,,,,,local.mqtt.telegraf,32.0,,33.34,,,,,,periodic,,17.0,,,,,5.0,5,08a6f76bd428,,,61856.0,43104.0,,6.0,1084.0,,,,,,,,,,,,,1085.0,,,,,08a6f76bd428-1085,,,0.0,,,,,,,273.0,1085.0,08:A6:F7:6B:D4:28,,,,,,711.0,70.0,31.0,20.0,20.0,11.0,,,0.0,20.0,374.0,23.0,3.0,,,,3855586,1786524631841,3855599,1786524631854,,1786524631824.0,28.0,2026-08-12T08:50:32.8755013Z,209.0,,,oasis/bottle,,0.0,,,,,
,,,,,,,,,,,,,,,13.0,,,,,,,,,1.0,,,0.0,,,,,0.0,,,,,0.0,,,,,,,,,,,local.mqtt.telegraf,32.0,,33.07,,,,,,periodic,,18.0,,,,,6.0,5,08a6f76bd428,,,52848.0,43104.0,,6.0,1085.0,,,,,,,,,,,,,1086.0,,,,,08a6f76bd428-1086,,,0.0,,,,,,,272.0,1086.0,08:A6:F7:6B:D4:28,,,,,,1891.0,70.0,31.0,20.0,20.0,11.0,,,0.0,20.0,374.0,23.0,3.0,,,,3856766,1786524633021,3856779,1786524633034,,1786524633003.0,28.0,2026-08-12T08:50:34.0631961Z,209.0,,,oasis/bottle,,0.0,,,,,
,,,,,,,,,,,,,,,13.0,,,,,,,,,1.0,,,0.0,,,,,0.0,,,,,0.0,,,,,,,,,,,local.mqtt.telegraf,32.0,,33.17,,,,,,periodic,,28.0,,,,,12.0,5,08a6f76bd428,,,44496.0,43104.0,,6.0,1086.0,,,,,,,,,,,,,1087.0,,,,,08a6f76bd428-1087,,,0.0,,,,,,,272.0,1087.0,08:A6:F7:6B:D4:28,,,,,,3051.0,70.0,31.0,20.0,20.0,11.0,,,0.0,20.0,374.0,23.0,3.0,,,,3857936,1786524634191,3857949,1786524634204,,1786524634163.0,28.0,2026-08-12T08:50:35.221615Z,209.0,,,oasis/bottle,,0.0,,,,,
,,,,,,,,,,,,,,,13.0,,,,,,,,,1.0,,,0.0,,,,,0.0,,,,,0.0,,,,,,,,,,,local.mqtt.telegraf,32.0,,33.21,,,,,,periodic,,18.0,,,,,6.0,5,08a6f76bd428,,,114656.0,43104.0,,6.0,1087.0,,,,,,,,,,,,,1088.0,,,,,08a6f76bd428-1088,,,0.0,,,,,,,272.0,1088.0,08:A6:F7:6B:D4:28,,,,,,4181.0,70.0,31.0,20.0,20.0,11.0,,,0.0,20.0,374.0,23.0,3.0,,,,3859056,1786524635311,3859069,1786524635324,,1786524635293.0,29.0,2026-08-12T08:50:36.3352076Z,209.0,,,oasis/bottle,,0.0,,,,,
,,,,,,,,,,,,,,,13.0,,,,,,,,,1.0,,,0.0,,,,,0.0,,,,,0.0,,,,,,,,,,,local.mqtt.telegraf,32.0,,33.11,,,,,,periodic,,18.0,,,,,6.0,5,08a6f76bd428,,,106960.0,43104.0,,6.0,1088.0,,,,,,,,,,,,,1089.0,,,,,08a6f76bd428-1089,,,0.0,,,,,,,272.0,1089.0,08:A6:F7:6B:D4:28,,,,,,5231.0,70.0,31.0,20.0,20.0,11.0,,,0.0,20.0,374.0,23.0,3.0,,,,3860106,1786524636361,3860119,1786524636374,,1786524636343.0,28.0,2026-08-12T08:50:37.3954488Z,209.0,,,oasis/bottle,,0.0,,,,,
,,,,,,,,,,,,,,,13.0,,,,,,,,,1.0,,,0.0,,,,,0.0,,,,,0.0,,,,,,,,,,,local.mqtt.telegraf,32.0,,33.13,,,,,,periodic,,28.0,,,,,6.0,5,08a6f76bd428,,,96640.0,43104.0,,6.0,1089.0,,,,,,,,,,,,,1090.0,,,,,08a6f76bd428-1090,,,0.0,,,,,,,272.0,1090.0,08:A6:F7:6B:D4:28,,,,,,6721.0,70.0,31.0,20.0,20.0,11.0,,,0.0,20.0,374.0,23.0,3.0,,,,3861606,1786524637861,3861619,1786524637874,,1786524637833.0,28.0,2026-08-12T08:50:38.8822703Z,209.0,,,oasis/bottle,,0.0,,,,,
,,,,,,,,,,,,,,,14.0,,,,,,,,,1.0,,,0.0,,,,,0.0,,,,,0.0,,,,,,,,,,,local.mqtt.telegraf,32.0,,33.09,,,,,,periodic,,18.0,,,,,6.0,5,08a6f76bd428,,,87632.0,43104.0,,8.0,1090.0,,,,,,,,,,,,,1091.0,,,,,08a6f76bd428-1091,,,0.0,,,,,,,272.0,1091.0,08:A6:F7:6B:D4:28,,,,,,7911.0,70.0,31.0,20.0,20.0,11.0,,,0.0,20.0,374.0,23.0,3.0,,,,3862786,1786524639041,3862800,1786524639055,,1786524639023.0,28.0,2026-08-12T08:50:40.0864444Z,209.0,,,oasis/bottle,,0.0,,,,,
,,,,,,,,,,,,,,,14.0,,,,,,,,,1.0,,,0.0,,,,,0.0,,,,,0.0,,,,,,,,,,,local.mqtt.telegraf,32.0,,33.08,,,,,,periodic,,18.0,,,,,5.0,5,08a6f76bd428,,,79248.0,43104.0,,6.0,1091.0,,,,,,,,,,,,,1092.0,,,,,08a6f76bd428-1092,,,0.0,,,,,,,273.0,1092.0,08:A6:F7:6B:D4:28,,,,,,9081.0,70.0,31.0,20.0,20.0,11.0,,,0.0,20.0,374.0,23.0,3.0,,,,3863957,1786524640212,3863971,1786524640226,,1786524640194.0,28.0,2026-08-12T08:50:41.245889Z,209.0,,,oasis/bottle,,0.0,,,,,
,,,,,,,,,,,,,,,14.0,,,,,,,,,1.0,,,0.0,,,,,0.0,,,,,0.0,,,,,,,,,,,local.mqtt.telegraf,32.0,,33.01,,,,,,periodic,,18.0,,,,,6.0,5,08a6f76bd428,,,70880.0,43104.0,,5.0,1092.0,,,,,,,,,,,,,1093.0,,,,,08a6f76bd428-1093,,,0.0,,,,,,,272.0,1093.0,08:A6:F7:6B:D4:28,,,,,,10221.0,70.0,31.0,20.0,20.0,11.0,,,0.0,20.0,374.0,23.0,3.0,,,,3865096,1786524641351,3865110,1786524641365,,1786524641333.0,28.0,2026-08-12T08:50:42.3829731Z,209.0,,,oasis/bottle,,0.0,,,,,
,,,,,,,,,,,,,,,14.0,,,,,,,,,1.0,,,0.0,,,,,0.0,,,,,0.0,,,,,,,,,,,local.mqtt.telegraf,32.0,,32.96,,,,,,periodic,,18.0,,,,,6.0,5,08a6f76bd428,,,62528.0,43104.0,,6.0,1093.0,,,,,,,,,,,,,1094.0,,,,,08a6f76bd428-1094,,,0.0,,,,,,,272.0,1094.0,08:A6:F7:6B:D4:28,,,,,,11301.0,70.0,31.0,20.0,20.0,11.0,,,0.0,20.0,374.0,23.0,3.0,,,,3866176,1786524642431,3866190,1786524642445,,1786524642413.0,28.0,2026-08-12T08:50:43.4562292Z,209.0,,,oasis/bottle,,0.0,,,,,
,,,,,,,,,,,,,,,13.0,,,,,,,,,1.0,,,0.0,,,,,0.0,,,,,0.0,,,,,,,,,,,local.mqtt.telegraf,32.0,,33.0,,,,,,periodic,,28.0,,,,,6.0,5,08a6f76bd428,,,51552.0,43104.0,,6.0,1094.0,,,,,,,,,,,,,1095.0,,,,,08a6f76bd428-1095,,,0.0,,,,,,,272.0,1095.0,08:A6:F7:6B:D4:28,,,,,,12851.0,70.0,31.0,20.0,20.0,11.0,,,0.0,20.0,374.0,23.0,3.0,,,,3867736,1786524643991,3867749,1786524644004,,1786524643963.0,29.0,2026-08-12T08:50:45.0128741Z,209.0,,,oasis/bottle,,0.0,,,,,
,,,,,,,,,,,,,,,13.0,,,,,,,,,1.0,,,0.0,,,,,0.0,,,,,0.0,,,,,,,,,,,local.mqtt.telegraf,32.0,,33.01,,,,,,periodic,,18.0,,,,,6.0,5,08a6f76bd428,,,121920.0,43104.0,,8.0,1095.0,,,,,,,,,,,,,1096.0,,,,,08a6f76bd428-1096,,,0.0,,,,,,,272.0,1096.0,08:A6:F7:6B:D4:28,,,,,,14161.0,70.0,31.0,20.0,20.0,11.0,,,0.0,20.0,374.0,23.0,3.0,,,,3869036,1786524645291,3869049,1786524645304,,1786524645273.0,28.0,2026-08-12T08:50:46.329935Z,209.0,,,oasis/bottle,,0.0,,,,,
,,,,,,,,,,,,,,,13.0,,,,,,,,,1.0,,,0.0,,,,,0.0,,,,,0.0,,,,,,,,,,,local.mqtt.telegraf,32.0,,32.99,,,,,,periodic,,27.0,,,,,5.0,5,08a6f76bd428,,,111584.0,43104.0,,5.0,1096.0,,,,,,,,,,,,,1097.0,,,,,08a6f76bd428-1097,,,0.0,,,,,,,272.0,1097.0,08:A6:F7:6B:D4:28,,,,,,15571.0,70.0,31.0,20.0,20.0,11.0,,,0.0,20.0,374.0,23.0,3.0,,,,3870456,1786524646711,3870469,1786524646724,,1786524646684.0,29.0,2026-08-12T08:50:47.752695Z,209.0,,,oasis/bottle,,0.0,,,,,
,,,,,,,,,,,,,,,14.0,,,,,,,,,1.0,,,0.0,,,,,0.0,,,,,0.0,,,,,,,,,,,local.mqtt.telegraf,32.0,,33.03,,,,,,periodic,,18.0,,,,,6.0,5,08a6f76bd428,,,103872.0,43104.0,,7.0,1097.0,,,,,,,,,,,,,1098.0,,,,,08a6f76bd428-1098,,,0.0,,,,,,,272.0,1098.0,08:A6:F7:6B:D4:28,,,,,,16591.0,70.0,31.0,20.0,20.0,11.0,,,0.0,20.0,374.0,23.0,3.0,,,,3871466,1786524647721,3871480,1786524647735,,1786524647703.0,28.0,2026-08-12T08:50:48.7560844Z,209.0,,,oasis/bottle,,0.0,,,,,
,,,,,,,,,,,,,,,14.0,,,,,,,,,1.0,,,0.0,,,,,0.0,,,,,0.0,,,,,,,,,,,local.mqtt.telegraf,32.0,,32.96,,,,,,periodic,,18.0,,,,,6.0,5,08a6f76bd428,,,93536.0,43104.0,,6.0,1098.0,,,,,,,,,,,,,1099.0,,,,,08a6f76bd428-1099,,,0.0,,,,,,,272.0,1099.0,08:A6:F7:6B:D4:28,,,,,,18031.0,70.0,31.0,20.0,20.0,11.0,,,0.0,20.0,374.0,23.0,3.0,,,,3872906,1786524649161,3872920,1786524649175,,1786524649143.0,28.0,2026-08-12T08:50:50.187115Z,209.0,,,oasis/bottle,,0.0,,,,,
,,,,,,,,,,,,,,,18.0,,,,,,,,,1.0,,,0.0,,,,,0.0,,,,,0.0,,,,,,,,,,,local.mqtt.telegraf,32.0,,32.88,,,,,,periodic,,18.0,,,,,6.0,5,08a6f76bd428,,,85184.0,43104.0,,6.0,1099.0,,,,,,,,,,,,,1100.0,,,,,08a6f76bd428-1100,,,0.0,,,,,,,272.0,1100.0,08:A6:F7:6B:D4:28,,,,,,19101.0,70.0,31.0,20.0,20.0,11.0,,,0.0,20.0,374.0,23.0,3.0,,,,3873976,1786524650231,3873994,1786524650249,,1786524650213.0,29.0,2026-08-12T08:50:51.2614245Z,209.0,,,oasis/bottle,,0.0,,,,,
,,,,,,,,,,,,,,,13.0,,,,,,,,,1.0,,,0.0,,,,,0.0,,,,,0.0,,,,,,,,,,,local.mqtt.telegraf,32.0,,32.89,,,,,,periodic,,25.0,,,,,5.0,5,08a6f76bd428,,,61536.0,43104.0,,6.0,1100.0,,,,,,,,,,,,,1101.0,,,,,08a6f76bd428-1101,,,0.0,,,,,,,273.0,1101.0,08:A6:F7:6B:D4:28,,,,,,332.0,71.0,31.0,21.0,21.0,10.0,,,-4.0,21.0,394.0,23.0,3.0,,,,3875805,1786524652060,3875818,1786524652073,,1786524652035.0,28.0,2026-08-12T08:50:53.0931086Z,213.0,,,oasis/bottle,,0.0,,,,,
,,,,,,,,,,,,,,,14.0,,,,,,,,,1.0,,,0.0,,,,,0.0,,,,,0.0,,,,,,,,,,,local.mqtt.telegraf,32.0,,32.92,,,,,,periodic,,18.0,,,,,6.0,5,08a6f76bd428,,,50560.0,43104.0,,5.0,1101.0,,,,,,,,,,,,,1102.0,,,,,08a6f76bd428-1102,,,0.0,,,,,,,272.0,1102.0,08:A6:F7:6B:D4:28,,,,,,1891.0,71.0,31.0,21.0,21.0,10.0,,,-4.0,21.0,394.0,23.0,3.0,,,,3877356,1786524653611,3877370,1786524653625,,1786524653593.0,28.0,2026-08-12T08:50:54.6411299Z,213.0,,,oasis/bottle,,0.0,,,,,
,,,,,,,,,,,,,,,13.0,,,,,,,,,1.0,,,0.0,,,,,0.0,,,,,0.0,,,,,,,,,,,local.mqtt.telegraf,32.0,,32.93,,,,,,periodic,,28.0,,,,,6.0,5,08a6f76bd428,,,120576.0,43104.0,,6.0,1102.0,,,,,,,,,,,,,1103.0,,,,,08a6f76bd428-1103,,,0.0,,,,,,,272.0,1103.0,08:A6:F7:6B:D4:28,,,,,,3211.0,71.0,31.0,21.0,21.0,10.0,,,-4.0,21.0,394.0,23.0,3.0,,,,3878686,1786524654941,3878699,1786524654954,,1786524654913.0,28.0,2026-08-12T08:50:55.9701634Z,213.0,,,oasis/bottle,,0.0,,,,,
,,,,,,,,,,,,,,,14.0,,,,,,,,,1.0,,,0.0,,,,,0.0,,,,,0.0,,,,,,,,,,,local.mqtt.telegraf,32.0,,33.0,,,,,,periodic,,18.0,,,,,6.0,5,08a6f76bd428,,,110240.0,43104.0,,7.0,1103.0,,,,,,,,,,,,,1104.0,,,,,08a6f76bd428-1104,,,0.0,,,,,,,272.0,1104.0,08:A6:F7:6B:D4:28,,,,,,4651.0,71.0,31.0,21.0,21.0,10.0,,,-4.0,21.0,394.0,23.0,3.0,,,,3880116,1786524656371,3880130,1786524656385,,1786524656353.0,28.0,2026-08-12T08:50:57.3943251Z,213.0,,,oasis/bottle,,0.0,,,,,
,,,,,,,,,,,,,,,14.0,,,,,,,,,1.0,,,0.0,,,,,0.0,,,,,0.0,,,,,,,,,,,local.mqtt.telegraf,32.0,,32.97,,,,,,periodic,,18.0,,,,,6.0,5,08a6f76bd428,,,101888.0,43104.0,,6.0,1104.0,,,,,,,,,,,,,1105.0,,,,,08a6f76bd428-1105,,,0.0,,,,,,,272.0,1105.0,08:A6:F7:6B:D4:28,,,,,,5721.0,71.0,31.0,21.0,21.0,10.0,,,-4.0,21.0,394.0,23.0,3.0,,,,3881186,1786524657441,3881200,1786524657455,,1786524657423.0,28.0,2026-08-12T08:50:58.4697889Z,213.0,,,oasis/bottle,,0.0,,,,,
,,,,,,,,,,,,,,,14.0,,,,,,,,,1.0,,,0.0,,,,,0.0,,,,,0.0,,,,,,,,,,,local.mqtt.telegraf,32.0,,32.97,,,,,,periodic,,18.0,,,,,6.0,5,08a6f76bd428,,,90896.0,43104.0,,6.0,1105.0,,,,,,,,,,,,,1106.0,,,,,08a6f76bd428-1106,,,0.0,,,,,,,272.0,1106.0,08:A6:F7:6B:D4:28,,,,,,7261.0,71.0,31.0,21.0,21.0,10.0,,,-4.0,21.0,394.0,23.0,3.0,,,,3882726,1786524658981,3882740,1786524658995,,1786524658963.0,28.0,2026-08-12T08:51:00.0502984Z,213.0,,,oasis/bottle,,0.0,,,,,
,,,,,,,,,,,,,,,14.0,,,,,,,,,1.0,,,0.0,,,,,0.0,,,,,0.0,,,,,,,,,,,local.mqtt.telegraf,32.0,,32.92,,,,,,periodic,,18.0,,,,,6.0,5,08a6f76bd428,,,81888.0,43104.0,,6.0,1106.0,,,,,,,,,,,,,1107.0,,,,,08a6f76bd428-1107,,,0.0,,,,,,,272.0,1107.0,08:A6:F7:6B:D4:28,,,,,,8541.0,71.0,31.0,21.0,21.0,10.0,,,-4.0,21.0,394.0,23.0,3.0,,,,3884006,1786524660261,3884020,1786524660275,,1786524660243.0,28.0,2026-08-12T08:51:01.2977283Z,213.0,,,oasis/bottle,,0.0,,,,,
,,,,,,,,,,,,,,,14.0,,,,,,,,,1.0,,,0.0,,,,,0.0,,,,,0.0,,,,,,,,,,,local.mqtt.telegraf,32.0,,33.03,,,,,,periodic,,18.0,,,,,6.0,5,08a6f76bd428,,,72224.0,43104.0,,6.0,1107.0,,,,,,,,,,,,,1108.0,,,,,08a6f76bd428-1108,,,0.0,,,,,,,272.0,1108.0,08:A6:F7:6B:D4:28,,,,,,9891.0,71.0,31.0,21.0,21.0,10.0,,,-4.0,21.0,394.0,23.0,3.0,,,,3885356,1786524661611,3885370,1786524661625,,1786524661593.0,28.0,2026-08-12T08:51:02.6364305Z,213.0,,,oasis/bottle,,0.0,,,,,
,,,,,,,,,,,,,,,14.0,,,,,,,,,1.0,,,0.0,,,,,0.0,,,,,0.0,,,,,,,,,,,local.mqtt.telegraf,32.0,,33.05,,,,,,periodic,,17.0,,,,,5.0,5,08a6f76bd428,,,61872.0,43104.0,,6.0,1108.0,,,,,,,,,,,,,1109.0,,,,,08a6f76bd428-1109,,,0.0,,,,,,,273.0,1109.0,08:A6:F7:6B:D4:28,,,,,,11391.0,71.0,31.0,21.0,21.0,10.0,,,-4.0,21.0,394.0,23.0,3.0,,,,3886856,1786524663111,3886870,1786524663125,,1786524663094.0,28.0,2026-08-12T08:51:04.1421575Z,213.0,,,oasis/bottle,,0.0,,,,,
,,,,,,,,,,,,,,,14.0,,,,,,,,,1.0,,,0.0,,,,,0.0,,,,,0.0,,,,,,,,,,,local.mqtt.telegraf,32.0,,33.0,,,,,,periodic,,18.0,,,,,6.0,5,08a6f76bd428,,,52832.0,43104.0,,5.0,1109.0,,,,,,,,,,,,,1110.0,,,,,08a6f76bd428-1110,,,0.0,,,,,,,272.0,1110.0,08:A6:F7:6B:D4:28,,,,,,12591.0,71.0,31.0,21.0,21.0,10.0,,,-4.0,21.0,394.0,23.0,3.0,,,,3888056,1786524664311,3888070,1786524664325,,1786524664293.0,28.0,2026-08-12T08:51:05.3451412Z,213.0,,,oasis/bottle,,0.0,,,,,
,,,,,,,,,,,,,,,13.0,,,,,,,,,1.0,,,0.0,,,,,0.0,,,,,0.0,,,,,,,,,,,local.mqtt.telegraf,32.0,,33.12,,,,,,periodic,,22.0,,,,,6.0,5,08a6f76bd428,,,122624.0,43104.0,,6.0,1110.0,,,,,,,,,,,,,1111.0,,,,,08a6f76bd428-1111,,,0.0,,,,,,,278.0,1111.0,08:A6:F7:6B:D4:28,,,,,,13836.0,71.0,31.0,21.0,21.0,10.0,,,-4.0,21.0,394.0,23.0,3.0,,,,3889306,1786524665561,3889319,1786524665574,,1786524665539.0,28.0,2026-08-12T08:51:06.5950142Z,213.0,,,oasis/bottle,,0.0,,,,,
,,,,,,,,,,,,,,,14.0,,,,,,,,,1.0,,,0.0,,,,,0.0,,,,,0.0,,,,,,,,,,,local.mqtt.telegraf,32.0,,33.0,,,,,,periodic,,18.0,,,,,6.0,5,08a6f76bd428,,,113552.0,43104.0,,6.0,1111.0,,,,,,,,,,,,,1112.0,,,,,08a6f76bd428-1112,,,0.0,,,,,,,272.0,1112.0,08:A6:F7:6B:D4:28,,,,,,15081.0,71.0,31.0,21.0,21.0,10.0,,,-4.0,21.0,394.0,23.0,3.0,,,,3890546,1786524666801,3890560,1786524666815,,1786524666783.0,28.0,2026-08-12T08:51:07.8354603Z,213.0,,,oasis/bottle,,0.0,,,,,
,,,,,,,,,,,,,,,22.0,,,,,,,,,1.0,,,0.0,,,,,0.0,,,,,0.0,,,,,,,,,,,local.mqtt.telegraf,32.0,,32.93,,,,,,periodic,,27.0,,,,,5.0,5,08a6f76bd428,,,104496.0,43104.0,,6.0,1112.0,,,,,,,,,,,,,1113.0,,,,,08a6f76bd428-1113,,,0.0,,,,,,,273.0,1113.0,08:A6:F7:6B:D4:28,,,,,,16361.0,71.0,31.0,21.0,21.0,10.0,,,-4.0,21.0,394.0,23.0,3.0,,,,3891836,1786524668091,3891858,1786524668113,,1786524668064.0,28.0,2026-08-12T08:51:09.1364928Z,213.0,,,oasis/bottle,,0.0,,,,,
,,,,,,,,,,,,,,,14.0,,,,,,,,,1.0,,,0.0,,,,,0.0,,,,,0.0,,,,,,,,,,,local.mqtt.telegraf,32.0,,33.03,,,,,,periodic,,18.0,,,,,6.0,5,08a6f76bd428,,,94752.0,43104.0,,7.0,1113.0,,,,,,,,,,,,,1114.0,,,,,08a6f76bd428-1114,,,0.0,,,,,,,272.0,1114.0,08:A6:F7:6B:D4:28,,,,,,17731.0,71.0,31.0,21.0,21.0,10.0,,,-4.0,21.0,394.0,23.0,3.0,,,,3893196,1786524669451,3893210,1786524669465,,1786524669433.0,28.0,2026-08-12T08:51:10.4717114Z,213.0,,,oasis/bottle,,0.0,,,,,
,,,,,,,,,,,,,,,14.0,,,,,,,,,1.0,,,0.0,,,,,0.0,,,,,0.0,,,,,,,,,,,local.mqtt.telegraf,32.0,,33.12,,,,,,periodic,,18.0,,,,,6.0,5,08a6f76bd428,,,83760.0,43104.0,,6.0,1114.0,,,,,,,,,,,,,1115.0,,,,,08a6f76bd428-1115,,,0.0,,,,,,,272.0,1115.0,08:A6:F7:6B:D4:28,,,,,,19261.0,71.0,31.0,21.0,21.0,10.0,,,-4.0,21.0,394.0,23.0,3.0,,,,3894726,1786524670981,3894740,1786524670995,,1786524670963.0,28.0,2026-08-12T08:51:12.0095874Z,213.0,,,oasis/bottle,,0.0,,,,,
,,,,,,,,,,,,,,,13.0,,,,,,,,,1.0,,,0.0,,,,,0.0,,,,,0.0,,,,,,,,,,,local.mqtt.telegraf,32.0,,33.05,,,,,,periodic,,26.0,,,,,5.0,5,08a6f76bd428,,,62112.0,43104.0,,6.0,1115.0,,,,,,,,,,,,,1116.0,,,,,08a6f76bd428-1116,,,0.0,,,,,,,273.0,1116.0,08:A6:F7:6B:D4:28,,,,,,332.0,72.0,28.0,21.0,21.0,7.0,,,0.0,19.0,385.0,23.0,3.0,,,,3896225,1786524672480,3896238,1786524672493,,1786524672454.0,28.0,2026-08-12T08:51:13.5056467Z,216.0,,,oasis/bottle,,0.0,,,,,
,,,,,,,,,,,,,,,14.0,,,,,,,,,1.0,,,0.0,,,,,0.0,,,,,0.0,,,,,,,,,,,local.mqtt.telegraf,32.0,,32.96,,,,,,periodic,,19.0,,,,,6.0,5,08a6f76bd428,,,51136.0,43104.0,,6.0,1116.0,,,,,,,,,,,,,1117.0,,,,,08a6f76bd428-1117,,,0.0,,,,,,,272.0,1117.0,08:A6:F7:6B:D4:28,,,,,,1881.0,72.0,28.0,21.0,21.0,7.0,,,0.0,19.0,385.0,23.0,3.0,,,,3897766,1786524674021,3897780,1786524674035,,1786524674002.0,28.0,2026-08-12T08:51:15.0525203Z,216.0,,,oasis/bottle,,0.0,,,,,
,,,,,,,,,,,,,,,14.0,,,,,,,,,1.0,,,0.0,,,,,0.0,,,,,0.0,,,,,,,,,,,local.mqtt.telegraf,32.0,,33.13,,,,,,periodic,,19.0,,,,,6.0,5,08a6f76bd428,,,121120.0,43104.0,,6.0,1117.0,,,,,,,,,,,,,1118.0,,,,,08a6f76bd428-1118,,,0.0,,,,,,,272.0,1118.0,08:A6:F7:6B:D4:28,,,,,,3171.0,72.0,28.0,21.0,21.0,7.0,,,0.0,19.0,385.0,23.0,3.0,,,,3899056,1786524675311,3899070,1786524675325,,1786524675292.0,28.0,2026-08-12T08:51:16.3426136Z,216.0,,,oasis/bottle,,0.0,,,,,
,,,,,,,,,,,,,,,14.0,,,,,,,,,1.0,,,0.0,,,,,0.0,,,,,0.0,,,,,,,,,,,local.mqtt.telegraf,32.0,,33.08,,,,,,periodic,,19.0,,,,,6.0,5,08a6f76bd428,,,111456.0,43104.0,,6.0,1118.0,,,,,,,,,,,,,1119.0,,,,,08a6f76bd428-1119,,,0.0,,,,,,,272.0,1119.0,08:A6:F7:6B:D4:28,,,,,,4551.0,72.0,28.0,21.0,21.0,7.0,,,0.0,19.0,385.0,23.0,3.0,,,,3900436,1786524676691,3900450,1786524676705,,1786524676672.0,28.0,2026-08-12T08:51:17.725149Z,216.0,,,oasis/bottle,,0.0,,,,,
,,,,,,,,,,,,,,,14.0,,,,,,,,,1.0,,,0.0,,,,,0.0,,,,,0.0,,,,,,,,,,,local.mqtt.telegraf,32.0,,32.99,,,,,,periodic,,19.0,,,,,6.0,5,08a6f76bd428,,,100480.0,43104.0,,6.0,1119.0,,,,,,,,,,,,,1120.0,,,,,08a6f76bd428-1120,,,0.0,,,,,,,272.0,1120.0,08:A6:F7:6B:D4:28,,,,,,6111.0,72.0,28.0,21.0,21.0,7.0,,,0.0,19.0,385.0,23.0,3.0,,,,3901996,1786524678251,3902010,1786524678265,,1786524678232.0,28.0,2026-08-12T08:51:19.276745Z,216.0,,,oasis/bottle,,0.0,,,,,
,,,,,,,,,,,,,,,13.0,,,,,,,,,1.0,,,0.0,,,,,0.0,,,,,0.0,,,,,,,,,,,local.mqtt.telegraf,32.0,,33.0,,,,,,periodic,,29.0,,,,,6.0,5,08a6f76bd428,,,90816.0,43104.0,,6.0,1120.0,,,,,,,,,,,,,1121.0,,,,,08a6f76bd428-1121,,,0.0,,,,,,,272.0,1121.0,08:A6:F7:6B:D4:28,,,,,,7421.0,72.0,28.0,21.0,21.0,7.0,,,0.0,19.0,385.0,23.0,3.0,,,,3903316,1786524679571,3903329,1786524679584,,1786524679542.0,28.0,2026-08-12T08:51:20.6024432Z,216.0,,,oasis/bottle,,0.0,,,,,
,,,,,,,,,,,,,,,14.0,,,,,,,,,1.0,,,0.0,,,,,0.0,,,,,0.0,,,,,,,,,,,local.mqtt.telegraf,32.0,,33.08,,,,,,periodic,,19.0,,,,,6.0,5,08a6f76bd428,,,80496.0,43104.0,,7.0,1121.0,,,,,,,,,,,,,1122.0,,,,,08a6f76bd428-1122,,,0.0,,,,,,,272.0,1122.0,08:A6:F7:6B:D4:28,,,,,,8851.0,72.0,28.0,21.0,21.0,7.0,,,0.0,19.0,385.0,23.0,3.0,,,,3904736,1786524680991,3904750,1786524681005,,1786524680972.0,28.0,2026-08-12T08:51:22.0143146Z,216.0,,,oasis/bottle,,0.0,,,,,
,,,,,,,,,,,,,,,13.0,,,,,,,,,1.0,,,0.0,,,,,0.0,,,,,0.0,,,,,,,,,,,local.mqtt.telegraf,32.0,,33.17,,,,,,periodic,,19.0,,,,,6.0,5,08a6f76bd428,,,72800.0,43104.0,,6.0,1122.0,,,,,,,,,,,,,1123.0,,,,,08a6f76bd428-1123,,,0.0,,,,,,,272.0,1123.0,08:A6:F7:6B:D4:28,,,,,,9901.0,72.0,28.0,21.0,21.0,7.0,,,0.0,19.0,385.0,23.0,3.0,,,,3905786,1786524682041,3905799,1786524682054,,1786524682022.0,28.0,2026-08-12T08:51:23.0707659Z,216.0,,,oasis/bottle,,0.0,,,,,
,,,,,,,,,,,,,,,14.0,,,,,,,,,1.0,,,0.0,,,,,0.0,,,,,0.0,,,,,,,,,,,local.mqtt.telegraf,32.0,,32.93,,,,,,periodic,,28.0,,,,,5.0,5,08a6f76bd428,,,62448.0,43104.0,,6.0,1123.0,,,,,,,,,,,,,1124.0,,,,,08a6f76bd428-1124,,,0.0,,,,,,,273.0,1124.0,08:A6:F7:6B:D4:28,,,,,,11401.0,72.0,28.0,21.0,21.0,7.0,,,0.0,19.0,385.0,23.0,3.0,,,,3907296,1786524683551,3907310,1786524683565,,1786524683523.0,28.0,2026-08-12T08:51:24.5942923Z,216.0,,,oasis/bottle,,0.0,,,,,
,,,,,,,,,,,,,,,13.0,,,,,,,,,1.0,,,0.0,,,,,0.0,,,,,0.0,,,,,,,,,,,local.mqtt.telegraf,32.0,,33.09,,,,,,periodic,,20.0,,,,,6.0,5,08a6f76bd428,,,53424.0,43104.0,,5.0,1124.0,,,,,,,,,,,,,1125.0,,,,,08a6f76bd428-1125,,,0.0,,,,,,,272.0,1125.0,08:A6:F7:6B:D4:28,,,,,,12601.0,72.0,28.0,21.0,21.0,7.0,,,0.0,19.0,385.0,23.0,3.0,,,,3908487,1786524684742,3908500,1786524684755,,1786524684722.0,28.0,2026-08-12T08:51:25.7793695Z,216.0,,,oasis/bottle,,0.0,,,,,
,,,,,,,,,,,,,,,13.0,,,,,,,,,1.0,,,0.0,,,,,0.0,,,,,0.0,,,,,,,,,,,local.mqtt.telegraf,32.0,,33.07,,,,,,periodic,,29.0,,,,,6.0,5,08a6f76bd428,,,44416.0,43104.0,,6.0,1125.0,,,,,,,,,,,,,1126.0,,,,,08a6f76bd428-1126,,,0.0,,,,,,,272.0,1126.0,08:A6:F7:6B:D4:28,,,,,,13791.0,72.0,28.0,21.0,21.0,7.0,,,0.0,19.0,385.0,23.0,3.0,,,,3909686,1786524685941,3909699,1786524685954,,1786524685912.0,28.0,2026-08-12T08:51:26.97979Z,216.0,,,oasis/bottle,,0.0,,,,,
,,,,,,,,,,,,,,,14.0,,,,,,,,,1.0,,,0.0,,,,,0.0,,,,,0.0,,,,,,,,,,,local.mqtt.telegraf,32.0,,33.03,,,,,,periodic,,19.0,,,,,6.0,5,08a6f76bd428,,,114816.0,43104.0,,6.0,1126.0,,,,,,,,,,,,,1127.0,,,,,08a6f76bd428-1127,,,0.0,,,,,,,272.0,1127.0,08:A6:F7:6B:D4:28,,,,,,14981.0,72.0,28.0,21.0,21.0,7.0,,,0.0,19.0,385.0,23.0,3.0,,,,3910866,1786524687121,3910880,1786524687135,,1786524687102.0,28.0,2026-08-12T08:51:28.1461215Z,216.0,,,oasis/bottle,,0.0,,,,,
,,,,,,,,,,,,,,,14.0,,,,,,,,,1.0,,,0.0,,,,,0.0,,,,,0.0,,,,,,,,,,,local.mqtt.telegraf,32.0,,33.11,,,,,,periodic,,18.0,,,,,5.0,5,08a6f76bd428,,,106416.0,43104.0,,6.0,1127.0,,,,,,,,,,,,,1128.0,,,,,08a6f76bd428-1128,,,0.0,,,,,,,273.0,1128.0,08:A6:F7:6B:D4:28,,,,,,16151.0,72.0,28.0,21.0,21.0,7.0,,,0.0,19.0,385.0,23.0,3.0,,,,3912036,1786524688291,3912050,1786524688305,,1786524688273.0,28.0,2026-08-12T08:51:29.3146421Z,216.0,,,oasis/bottle,,0.0,,,,,
,,,,,,,,,,,,,,,14.0,,,,,,,,,1.0,,,0.0,,,,,0.0,,,,,0.0,,,,,,,,,,,local.mqtt.telegraf,32.0,,32.95,,,,,,periodic,,19.0,,,,,6.0,5,08a6f76bd428,,,98032.0,43104.0,,5.0,1128.0,,,,,,,,,,,,,1129.0,,,,,08a6f76bd428-1129,,,0.0,,,,,,,272.0,1129.0,08:A6:F7:6B:D4:28,,,,,,17291.0,72.0,28.0,21.0,21.0,7.0,,,0.0,19.0,385.0,23.0,3.0,,,,3913176,1786524689431,3913190,1786524689445,,1786524689412.0,28.0,2026-08-12T08:51:30.4628252Z,216.0,,,oasis/bottle,,0.0,,,,,
,,,,,,,,,,,,,,,14.0,,,,,,,,,1.0,,,0.0,,,,,0.0,,,,,0.0,,,,,,,,,,,local.mqtt.telegraf,32.0,,33.04,,,,,,periodic,,19.0,,,,,6.0,5,08a6f76bd428,,,89680.0,43104.0,,9.0,1129.0,,,,,,,,,,,,,1130.0,,,,,08a6f76bd428-1130,,,0.0,,,,,,,272.0,1130.0,08:A6:F7:6B:D4:28,,,,,,18371.0,72.0,28.0,21.0,21.0,7.0,,,0.0,19.0,385.0,23.0,3.0,,,,3914256,1786524690511,3914270,1786524690525,,1786524690492.0,28.0,2026-08-12T08:51:31.5482526Z,216.0,,,oasis/bottle,,0.0,,,,,
,,,,,,,,,,,,,,,13.0,,,,,,,,,1.0,,,0.0,,,,,0.0,,,,,0.0,,,,,,,,,,,local.mqtt.telegraf,32.0,,33.03,,,,,,periodic,,29.0,,,,,6.0,5,08a6f76bd428,,,78704.0,43104.0,,6.0,1130.0,,,,,,,,,,,,,1131.0,,,,,08a6f76bd428-1131,,,0.0,,,,,,,272.0,1131.0,08:A6:F7:6B:D4:28,,,,,,19921.0,72.0,28.0,21.0,21.0,7.0,,,0.0,19.0,385.0,23.0,3.0,,,,3915816,1786524692071,3915829,1786524692084,,1786524692042.0,28.0,2026-08-12T08:51:33.112756Z,216.0,,,oasis/bottle,,0.0,,,,,
,,,,,,,,,,,,,,,14.0,,,,,,,,,1.0,,,0.0,,,,,0.0,,,,,0.0,,,,,,,,,,,local.mqtt.telegraf,32.0,,32.93,,,,,,periodic,,28.0,,,,,6.0,5,08a6f76bd428,,,58384.0,43104.0,,9.0,1131.0,,,,,,,,,,,,,1132.0,,,,,08a6f76bd428-1132,,,0.0,,,,,,,272.0,1132.0,08:A6:F7:6B:D4:28,,,,,,821.0,73.0,28.0,20.0,20.0,8.0,,,-1.0,19.0,364.0,23.0,3.0,,,,3917125,1786524693380,3917139,1786524693394,,1786524693352.0,28.0,2026-08-12T08:51:34.4098157Z,219.0,,,oasis/bottle,,0.0,,,,,
,,,,,,,,,,,,,,,13.0,,,,,,,,,1.0,,,0.0,,,,,0.0,,,,,0.0,,,,,,,,,,,local.mqtt.telegraf,32.0,,33.0,,,,,,periodic,,19.0,,,,,6.0,5,08a6f76bd428,,,48064.0,43104.0,,6.0,1132.0,,,,,,,,,,,,,1133.0,,,,,08a6f76bd428-1133,,,0.0,,,,,,,272.0,1133.0,08:A6:F7:6B:D4:28,,,,,,2231.0,73.0,28.0,20.0,20.0,8.0,,,-1.0,19.0,364.0,23.0,3.0,,,,3918526,1786524694781,3918539,1786524694794,,1786524694762.0,28.0,2026-08-12T08:51:35.8125508Z,219.0,,,oasis/bottle,,0.0,,,,,
,,,,,,,,,,,,,,,14.0,,,,,,,,,1.0,,,0.0,,,,,0.0,,,,,0.0,,,,,,,,,,,local.mqtt.telegraf,32.0,,33.17,,,,,,periodic,,19.0,,,,,6.0,5,08a6f76bd428,,,120208.0,43104.0,,6.0,1133.0,,,,,,,,,,,,,1134.0,,,,,08a6f76bd428-1134,,,0.0,,,,,,,272.0,1134.0,08:A6:F7:6B:D4:28,,,,,,3251.0,73.0,28.0,20.0,20.0,8.0,,,-1.0,19.0,364.0,23.0,3.0,,,,3919546,1786524695801,3919560,1786524695815,,1786524695782.0,28.0,2026-08-12T08:51:36.8322471Z,219.0,,,oasis/bottle,,0.0,,,,,
,,,,,,,,,,,,,,,14.0,,,,,,,,,1.0,,,0.0,,,,,0.0,,,,,0.0,,,,,,,,,,,local.mqtt.telegraf,32.0,,32.91,,,,,,periodic,,19.0,,,,,6.0,5,08a6f76bd428,,,109872.0,43104.0,,6.0,1134.0,,,,,,,,,,,,,1135.0,,,,,08a6f76bd428-1135,,,0.0,,,,,,,272.0,1135.0,08:A6:F7:6B:D4:28,,,,,,4691.0,73.0,28.0,20.0,20.0,8.0,,,-1.0,19.0,364.0,23.0,3.0,,,,3920986,1786524697241,3921000,1786524697255,,1786524697222.0,28.0,2026-08-12T08:51:38.2720402Z,219.0,,,oasis/bottle,,0.0,,,,,
,,,,,,,,,,,,,,,14.0,,,,,,,,,1.0,,,0.0,,,,,0.0,,,,,0.0,,,,,,,,,,,local.mqtt.telegraf,32.0,,32.97,,,,,,periodic,,19.0,,,,,6.0,5,08a6f76bd428,,,101504.0,43104.0,,6.0,1135.0,,,,,,,,,,,,,1136.0,,,,,08a6f76bd428-1136,,,0.0,,,,,,,272.0,1136.0,08:A6:F7:6B:D4:28,,,,,,5761.0,73.0,28.0,20.0,20.0,8.0,,,-1.0,19.0,364.0,23.0,3.0,,,,3922056,1786524698311,3922070,1786524698325,,1786524698292.0,28.0,2026-08-12T08:51:39.3420335Z,219.0,,,oasis/bottle,,0.0,,,,,
,,,,,,,,,,,,,,,14.0,,,,,,,,,1.0,,,0.0,,,,,0.0,,,,,0.0,,,,,,,,,,,local.mqtt.telegraf,32.0,,33.17,,,,,,periodic,,19.0,,,,,6.0,5,08a6f76bd428,,,90512.0,43104.0,,6.0,1136.0,,,,,,,,,,,,,1137.0,,,,,08a6f76bd428-1137,,,0.0,,,,,,,272.0,1137.0,08:A6:F7:6B:D4:28,,,,,,7301.0,73.0,28.0,20.0,20.0,8.0,,,-1.0,19.0,364.0,23.0,3.0,,,,3923596,1786524699851,3923610,1786524699865,,1786524699832.0,28.0,2026-08-12T08:51:40.8844334Z,219.0,,,oasis/bottle,,0.0,,,,,
,,,,,,,,,,,,,,,14.0,,,,,,,,,1.0,,,0.0,,,,,0.0,,,,,0.0,,,,,,,,,,,local.mqtt.telegraf,32.0,,33.24,,,,,,periodic,,18.0,,,,,5.0,5,08a6f76bd428,,,81472.0,43104.0,,6.0,1137.0,,,,,,,,,,,,,1138.0,,,,,08a6f76bd428-1138,,,0.0,,,,,,,273.0,1138.0,08:A6:F7:6B:D4:28,,,,,,8581.0,73.0,28.0,20.0,20.0,8.0,,,-1.0,19.0,364.0,23.0,3.0,,,,3924876,1786524701131,3924890,1786524701145,,1786524701113.0,28.0,2026-08-12T08:51:42.1613661Z,219.0,,,oasis/bottle,,0.0,,,,,
,,,,,,,,,,,,,,,14.0,,,,,,,,,1.0,,,0.0,,,,,0.0,,,,,0.0,,,,,,,,,,,local.mqtt.telegraf,32.0,,33.07,,,,,,periodic,,19.0,,,,,6.0,5,08a6f76bd428,,,71792.0,43104.0,,5.0,1138.0,,,,,,,,,,,,,1139.0,,,,,08a6f76bd428-1139,,,0.0,,,,,,,272.0,1139.0,08:A6:F7:6B:D4:28,,,,,,9941.0,73.0,28.0,20.0,20.0,8.0,,,-1.0,19.0,364.0,23.0,3.0,,,,3926236,1786524702491,3926250,1786524702505,,1786524702472.0,28.0,2026-08-12T08:51:43.5143051Z,219.0,,,oasis/bottle,,0.0,,,,,
,,,,,,,,,,,,,,,13.0,,,,,,,,,1.0,,,0.0,,,,,0.0,,,,,0.0,,,,,,,,,,,local.mqtt.telegraf,32.0,,32.95,,,,,,periodic,,29.0,,,,,6.0,5,08a6f76bd428,,,60816.0,43104.0,,6.0,1139.0,,,,,,,,,,,,,1140.0,,,,,08a6f76bd428-1140,,,0.0,,,,,,,272.0,1140.0,08:A6:F7:6B:D4:28,,,,,,11451.0,73.0,28.0,20.0,20.0,8.0,,,-1.0,19.0,364.0,23.0,3.0,,,,3927756,1786524704011,3927769,1786524704024,,1786524703982.0,28.0,2026-08-12T08:51:45.0430201Z,219.0,,,oasis/bottle,,0.0,,,,,
,,,,,,,,,,,,,,,13.0,,,,,,,,,1.0,,,0.0,,,,,0.0,,,,,0.0,,,,,,,,,,,local.mqtt.telegraf,32.0,,32.69,,,,,,periodic,,20.0,,,,,6.0,5,08a6f76bd428,,,50960.0,43104.0,,9.0,1140.0,,,,,,,,,,,,,1141.0,,,,,08a6f76bd428-1141,,,0.0,,,,,,,272.0,1141.0,08:A6:F7:6B:D4:28,,,,,,12721.0,73.0,28.0,20.0,20.0,8.0,,,-1.0,19.0,364.0,23.0,3.0,,,,3929017,1786524705272,3929030,1786524705285,,1786524705252.0,28.0,2026-08-12T08:51:46.3069966Z,219.0,,,oasis/bottle,,0.0,,,,,
,,,,,,,,,,,,,,,14.0,,,,,,,,,1.0,,,0.0,,,,,0.0,,,,,0.0,,,,,,,,,,,local.mqtt.telegraf,32.0,,32.69,,,,,,periodic,,19.0,,,,,6.0,5,08a6f76bd428,,,121280.0,43104.0,,6.0,1141.0,,,,,,,,,,,,,1142.0,,,,,08a6f76bd428-1142,,,0.0,,,,,,,272.0,1142.0,08:A6:F7:6B:D4:28,,,,,,14011.0,73.0,28.0,20.0,20.0,8.0,,,-1.0,19.0,364.0,23.0,3.0,,,,3930306,1786524706561,3930320,1786524706575,,1786524706542.0,28.0,2026-08-12T08:51:47.5918445Z,219.0,,,oasis/bottle,,0.0,,,,,
,,,,,,,,,,,,,,,14.0,,,,,,,,,1.0,,,0.0,,,,,0.0,,,,,0.0,,,,,,,,,,,local.mqtt.telegraf,32.0,,32.53,,,,,,periodic,,19.0,,,,,6.0,5,08a6f76bd428,,,111552.0,43104.0,,5.0,1142.0,,,,,,,,,,,,,1143.0,,,,,08a6f76bd428-1143,,,0.0,,,,,,,272.0,1143.0,08:A6:F7:6B:D4:28,,,,,,15391.0,73.0,28.0,20.0,20.0,8.0,,,-1.0,19.0,364.0,23.0,3.0,,,,3931686,1786524707941,3931700,1786524707955,,1786524707922.0,29.0,2026-08-12T08:51:48.9723789Z,219.0,,,oasis/bottle,,0.0,,,,,
,,,,,,,,,,,,,,,14.0,,,,,,,,,1.0,,,0.0,,,,,0.0,,,,,0.0,,,,,,,,,,,local.mqtt.telegraf,32.0,,32.03,,,,,,periodic,,19.0,,,,,6.0,5,08a6f76bd428,,,100512.0,43104.0,,6.0,1143.0,,,,,,,,,,,,,1144.0,,,,,08a6f76bd428-1144,,,0.0,,,,,,,272.0,1144.0,08:A6:F7:6B:D4:28,,,,,,16951.0,73.0,28.0,20.0,20.0,8.0,,,-1.0,19.0,364.0,23.0,3.0,,,,3933246,1786524709501,3933260,1786524709515,,1786524709482.0,28.0,2026-08-12T08:51:50.5367457Z,219.0,,,oasis/bottle,,0.0,,,,,
,,,,,,,,,,,,,,,14.0,,,,,,,,,1.0,,,0.0,,,,,0.0,,,,,0.0,,,,,,,,,,,local.mqtt.telegraf,32.0,,31.36,,,,,,periodic,,19.0,,,,,6.0,5,08a6f76bd428,,,90784.0,43104.0,,6.0,1144.0,,,,,,,,,,,,,1145.0,,,,,08a6f76bd428-1145,,,0.0,,,,,,,272.0,1145.0,08:A6:F7:6B:D4:28,,,,,,18261.0,73.0,28.0,20.0,20.0,8.0,,,-1.0,19.0,364.0,23.0,3.0,,,,3934556,1786524710811,3934570,1786524710825,,1786524710792.0,28.0,2026-08-12T08:51:51.8432174Z,219.0,,,oasis/bottle,,0.0,,,,,
,,,,,,,,,,,,,,,14.0,,,,,,,,,1.0,,,0.0,,,,,0.0,,,,,0.0,,,,,,,,,,,local.mqtt.telegraf,32.0,,31.32,,,,,,periodic,,19.0,,,,,6.0,5,08a6f76bd428,,,80448.0,43104.0,,6.0,1145.0,,,,,,,,,,,,,1146.0,,,,,08a6f76bd428-1146,,,0.0,,,,,,,272.0,1146.0,08:A6:F7:6B:D4:28,,,,,,19681.0,73.0,28.0,20.0,20.0,8.0,,,-1.0,19.0,364.0,23.0,3.0,,,,3935976,1786524712231,3935990,1786524712245,,1786524712212.0,28.0,2026-08-12T08:51:53.2593159Z,219.0,,,oasis/bottle,,0.0,,,,,
,,,,,,,,,,,,,,,13.0,,,,,,,,,1.0,,,0.0,,,,,0.0,,,,,0.0,,,,,,,,,,,local.mqtt.telegraf,32.0,,31.42,,,,,,periodic,,25.0,,,,,6.0,5,08a6f76bd428,,,61424.0,43104.0,,6.0,1146.0,,,,,,,,,,,,,1147.0,,,,,08a6f76bd428-1147,,,0.0,,,,,,,273.0,1147.0,08:A6:F7:6B:D4:28,,,,,,652.0,74.0,31.0,18.0,18.0,13.0,,,-1.0,18.0,364.0,21.0,3.0,,,,3937025,1786524713280,3937038,1786524713293,,1786524713255.0,28.0,2026-08-12T08:51:54.3194832Z,220.0,,,oasis/bottle,,0.0,,,,,
,,,,,,,,,,,,,,,14.0,,,,,,,,,1.0,,,0.0,,,,,0.0,,,,,0.0,,,,,,,,,,,local.mqtt.telegraf,32.0,,31.39,,,,,,periodic,,18.0,,,,,6.0,5,08a6f76bd428,,,51104.0,43104.0,,8.0,1147.0,,,,,,,,,,,,,1148.0,,,,,08a6f76bd428-1148,,,0.0,,,,,,,272.0,1148.0,08:A6:F7:6B:D4:28,,,,,,2141.0,74.0,31.0,18.0,18.0,13.0,,,-1.0,18.0,364.0,21.0,3.0,,,,3938506,1786524714761,3938520,1786524714775,,1786524714743.0,29.0,2026-08-12T08:51:55.7925968Z,220.0,,,oasis/bottle,,0.0,,,,,
,,,,,,,,,,,,,,,13.0,,,,,,,,,1.0,,,0.0,,,,,0.0,,,,,0.0,,,,,,,,,,,local.mqtt.telegraf,32.0,,31.39,,,,,,periodic,,28.0,,,,,6.0,5,08a6f76bd428,,,122592.0,43104.0,,6.0,1148.0,,,,,,,,,,,,,1149.0,,,,,08a6f76bd428-1149,,,0.0,,,,,,,272.0,1149.0,08:A6:F7:6B:D4:28,,,,,,3301.0,74.0,31.0,18.0,18.0,13.0,,,-1.0,18.0,364.0,21.0,3.0,,,,3939676,1786524715931,3939689,1786524715944,,1786524715903.0,29.0,2026-08-12T08:51:56.9528693Z,220.0,,,oasis/bottle,,0.0,,,,,
,,,,,,,,,,,,,,,13.0,,,,,,,,,1.0,,,0.0,,,,,0.0,,,,,0.0,,,,,,,,,,,local.mqtt.telegraf,32.0,,31.62,,,,,,periodic,,28.0,,,,,6.0,5,08a6f76bd428,,,114224.0,43104.0,,11.0,1149.0,,,,,,,,,,,,,1150.0,,,,,08a6f76bd428-1150,,,0.0,,,,,,,272.0,1150.0,08:A6:F7:6B:D4:28,,,,,,4431.0,74.0,31.0,18.0,18.0,13.0,,,-1.0,18.0,364.0,21.0,3.0,,,,3940806,1786524717061,3940819,1786524717074,,1786524717033.0,28.0,2026-08-12T08:51:58.1032776Z,220.0,,,oasis/bottle,,0.0,,,,,
,,,,,,,,,,,,,,,13.0,,,,,,,,,1.0,,,0.0,,,,,0.0,,,,,0.0,,,,,,,,,,,local.mqtt.telegraf,32.0,,31.5,,,,,,periodic,,28.0,,,,,6.0,5,08a6f76bd428,,,106464.0,43104.0,,9.0,1150.0,,,,,,,,,,,,,1151.0,,,,,08a6f76bd428-1151,,,0.0,,,,,,,272.0,1151.0,08:A6:F7:6B:D4:28,,,,,,5491.0,74.0,31.0,18.0,18.0,13.0,,,-1.0,18.0,364.0,21.0,3.0,,,,3941866,1786524718121,3941879,1786524718134,,1786524718093.0,28.0,2026-08-12T08:51:59.1554347Z,220.0,,,oasis/bottle,,0.0,,,,,
,,,,,,,,,,,,,,,13.0,,,,,,,,,1.0,,,0.0,,,,,0.0,,,,,0.0,,,,,,,,,,,local.mqtt.telegraf,32.0,,31.62,,,,,,periodic,,28.0,,,,,6.0,5,08a6f76bd428,,,95488.0,43104.0,,6.0,1151.0,,,,,,,,,,,,,1152.0,,,,,08a6f76bd428-1152,,,0.0,,,,,,,272.0,1152.0,08:A6:F7:6B:D4:28,,,,,,7001.0,74.0,31.0,18.0,18.0,13.0,,,-1.0,18.0,364.0,21.0,3.0,,,,3943376,1786524719631,3943389,1786524719644,,1786524719603.0,29.0,2026-08-12T08:52:00.6690066Z,220.0,,,oasis/bottle,,0.0,,,,,
,,,,,,,,,,,,,,,13.0,,,,,,,,,1.0,,,0.0,,,,,0.0,,,,,0.0,,,,,,,,,,,local.mqtt.telegraf,32.0,,31.6,,,,,,periodic,,27.0,,,,,5.0,5,08a6f76bd428,,,86480.0,43104.0,,6.0,1152.0,,,,,,,,,,,,,1153.0,,,,,08a6f76bd428-1153,,,0.0,,,,,,,272.0,1153.0,08:A6:F7:6B:D4:28,,,,,,8221.0,74.0,31.0,18.0,18.0,13.0,,,-1.0,18.0,364.0,21.0,3.0,,,,3944596,1786524720851,3944609,1786524720864,,1786524720824.0,29.0,2026-08-12T08:52:01.8905149Z,220.0,,,oasis/bottle,,0.0,,,,,
,,,,,,,,,,,,,,,15.0,,,,,,,,,1.0,,,0.0,,,,,0.0,,,,,0.0,,,,,,,,,,,local.mqtt.telegraf,32.0,,31.71,,,,,,periodic,,18.0,,,,,6.0,5,08a6f76bd428,,,77472.0,43104.0,,8.0,1153.0,,,,,,,,,,,,,1154.0,,,,,08a6f76bd428-1154,,,0.0,,,,,,,272.0,1154.0,08:A6:F7:6B:D4:28,,,,,,9461.0,74.0,31.0,18.0,18.0,13.0,,,-1.0,18.0,364.0,21.0,3.0,,,,3945826,1786524722081,3945841,1786524722096,,1786524722063.0,29.0,2026-08-12T08:52:03.1155437Z,220.0,,,oasis/bottle,,0.0,,,,,
,,,,,,,,,,,,,,,13.0,,,,,,,,,1.0,,,0.0,,,,,0.0,,,,,0.0,,,,,,,,,,,local.mqtt.telegraf,32.0,,31.64,,,,,,periodic,,18.0,,,,,6.0,5,08a6f76bd428,,,68464.0,43104.0,,6.0,1154.0,,,,,,,,,,,,,1155.0,,,,,08a6f76bd428-1155,,,0.0,,,,,,,272.0,1155.0,08:A6:F7:6B:D4:28,,,,,,10731.0,74.0,31.0,18.0,18.0,13.0,,,-1.0,18.0,364.0,21.0,3.0,,,,3947096,1786524723351,3947109,1786524723364,,1786524723333.0,29.0,2026-08-12T08:52:04.3802577Z,220.0,,,oasis/bottle,,0.0,,,,,
,,,,,,,,,,,,,,,13.0,,,,,,,,,1.0,,,0.0,,,,,0.0,,,,,0.0,,,,,,,,,,,local.mqtt.telegraf,32.0,,31.66,,,,,,periodic,,28.0,,,,,6.0,5,08a6f76bd428,,,58784.0,43104.0,,6.0,1155.0,,,,,,,,,,,,,1156.0,,,,,08a6f76bd428-1156,,,0.0,,,,,,,272.0,1156.0,08:A6:F7:6B:D4:28,,,,,,12071.0,74.0,31.0,18.0,18.0,13.0,,,-1.0,18.0,364.0,21.0,3.0,,,,3948446,1786524724701,3948459,1786524724714,,1786524724673.0,29.0,2026-08-12T08:52:05.7231339Z,220.0,,,oasis/bottle,,0.0,,,,,
,,,,,,,,,,,,,,,14.0,,,,,,,,,1.0,,,0.0,,,,,0.0,,,,,0.0,,,,,,,,,,,local.mqtt.telegraf,32.0,,31.63,,,,,,periodic,,17.0,,,,,5.0,5,08a6f76bd428,,,48448.0,43104.0,,6.0,1156.0,,,,,,,,,,,,,1157.0,,,,,08a6f76bd428-1157,,,0.0,,,,,,,272.0,1157.0,08:A6:F7:6B:D4:28,,,,,,13551.0,74.0,31.0,18.0,18.0,13.0,,,-1.0,18.0,364.0,21.0,3.0,,,,3949916,1786524726171,3949930,1786524726185,,1786524726154.0,29.0,2026-08-12T08:52:07.1988381Z,220.0,,,oasis/bottle,,0.0,,,,,
,,,,,,,,,,,,,,,13.0,,,,,,,,,1.0,,,0.0,,,,,0.0,,,,,0.0,,,,,,,,,,,local.mqtt.telegraf,32.0,,31.52,,,,,,periodic,,28.0,,,,,6.0,5,08a6f76bd428,,,119984.0,43104.0,,6.0,1157.0,,,,,,,,,,,,,1158.0,,,,,08a6f76bd428-1158,,,0.0,,,,,,,272.0,1158.0,08:A6:F7:6B:D4:28,,,,,,14711.0,74.0,31.0,18.0,18.0,13.0,,,-1.0,18.0,364.0,21.0,3.0,,,,3951086,1786524727341,3951099,1786524727354,,1786524727313.0,29.0,2026-08-12T08:52:08.3776119Z,220.0,,,oasis/bottle,,0.0,,,,,
,,,,,,,,,,,,,,,13.0,,,,,,,,,1.0,,,0.0,,,,,0.0,,,,,0.0,,,,,,,,,,,local.mqtt.telegraf,32.0,,31.68,,,,,,periodic,,28.0,,,,,6.0,5,08a6f76bd428,,,111568.0,43104.0,,6.0,1158.0,,,,,,,,,,,,,1159.0,,,,,08a6f76bd428-1159,,,0.0,,,,,,,272.0,1159.0,08:A6:F7:6B:D4:28,,,,,,15821.0,74.0,31.0,18.0,18.0,13.0,,,-1.0,18.0,364.0,21.0,3.0,,,,3952196,1786524728451,3952209,1786524728464,,1786524728423.0,29.0,2026-08-12T08:52:09.483465Z,220.0,,,oasis/bottle,,0.0,,,,,
,,,,,,,,,,,,,,,14.0,,,,,,,,,1.0,,,0.0,,,,,0.0,,,,,0.0,,,,,,,,,,,local.mqtt.telegraf,32.0,,31.59,,,,,,periodic,,18.0,,,,,6.0,5,08a6f76bd428,,,103808.0,43104.0,,6.0,1159.0,,,,,,,,,,,,,1160.0,,,,,08a6f76bd428-1160,,,0.0,,,,,,,272.0,1160.0,08:A6:F7:6B:D4:28,,,,,,16841.0,74.0,31.0,18.0,18.0,13.0,,,-1.0,18.0,364.0,21.0,3.0,,,,3953206,1786524729461,3953220,1786524729475,,1786524729443.0,29.0,2026-08-12T08:52:10.4765711Z,220.0,,,oasis/bottle,,0.0,,,,,
,,,,,,,,,,,,,,,14.0,,,,,,,,,1.0,,,0.0,,,,,0.0,,,,,0.0,,,,,,,,,,,local.mqtt.telegraf,32.0,,31.72,,,,,,periodic,,18.0,,,,,6.0,5,08a6f76bd428,,,93424.0,43104.0,,6.0,1160.0,,,,,,,,,,,,,1161.0,,,,,08a6f76bd428-1161,,,0.0,,,,,,,272.0,1161.0,08:A6:F7:6B:D4:28,,,,,,18281.0,74.0,31.0,18.0,18.0,13.0,,,-1.0,18.0,364.0,21.0,3.0,,,,3954646,1786524730901,3954660,1786524730915,,1786524730883.0,29.0,2026-08-12T08:52:11.9260842Z,220.0,,,oasis/bottle,,0.0,,,,,
,,,,,,,,,,,,,,,14.0,,,,,,,,,1.0,,,0.0,,,,,0.0,,,,,0.0,,,,,,,,,,,local.mqtt.telegraf,32.0,,31.64,,,,,,periodic,,18.0,,,,,6.0,5,08a6f76bd428,,,85056.0,43104.0,,6.0,1161.0,,,,,,,,,,,,,1162.0,,,,,08a6f76bd428-1162,,,0.0,,,,,,,272.0,1162.0,08:A6:F7:6B:D4:28,,,,,,19361.0,74.0,31.0,18.0,18.0,13.0,,,-1.0,18.0,364.0,21.0,3.0,,,,3955726,1786524731981,3955740,1786524731995,,1786524731963.0,29.0,2026-08-12T08:52:13.0166069Z,220.0,,,oasis/bottle,,0.0,,,,,
,,,,,,,,,,,,,,,13.0,,,,,,,,,1.0,,,0.0,,,,,0.0,,,,,0.0,,,,,,,,,,,local.mqtt.telegraf,32.0,,31.6,,,,,,periodic,,25.0,,,,,5.0,5,08a6f76bd428,,,62096.0,43104.0,,6.0,1162.0,,,,,,,,,,,,,1163.0,,,,,08a6f76bd428-1163,,,0.0,,,,,,,273.0,1163.0,08:A6:F7:6B:D4:28,,,,,,662.0,75.0,31.0,18.0,18.0,13.0,,,0.0,18.0,375.0,21.0,3.0,,,,3957435,1786524733690,3957448,1786524733703,,1786524733665.0,28.0,2026-08-12T08:52:14.7118692Z,223.0,,,oasis/bottle,,0.0,,,,,
,,,,,,,,,,,,,,,14.0,,,,,,,,,1.0,,,0.0,,,,,0.0,,,,,0.0,,,,,,,,,,,local.mqtt.telegraf,32.0,,31.59,,,,,,periodic,,18.0,,,,,6.0,5,08a6f76bd428,,,51776.0,43104.0,,6.0,1163.0,,,,,,,,,,,,,1164.0,,,,,08a6f76bd428-1164,,,0.0,,,,,,,272.0,1164.0,08:A6:F7:6B:D4:28,,,,,,2121.0,75.0,31.0,18.0,18.0,13.0,,,0.0,18.0,375.0,21.0,3.0,,,,3958886,1786524735141,3958900,1786524735155,,1786524735123.0,29.0,2026-08-12T08:52:16.1774997Z,223.0,,,oasis/bottle,,0.0,,,,,
,,,,,,,,,,,,,,,13.0,,,,,,,,,1.0,,,0.0,,,,,0.0,,,,,0.0,,,,,,,,,,,local.mqtt.telegraf,32.0,,31.72,,,,,,periodic,,28.0,,,,,12.0,5,08a6f76bd428,,,43424.0,43104.0,,6.0,1164.0,,,,,,,,,,,,,1165.0,,,,,08a6f76bd428-1165,,,0.0,,,,,,,272.0,1165.0,08:A6:F7:6B:D4:28,,,,,,3231.0,75.0,31.0,18.0,18.0,13.0,,,0.0,18.0,375.0,21.0,3.0,,,,3960006,1786524736261,3960019,1786524736274,,1786524736233.0,29.0,2026-08-12T08:52:17.299148Z,223.0,,,oasis/bottle,,0.0,,,,,
,,,,,,,,,,,,,,,14.0,,,,,,,,,1.0,,,0.0,,,,,0.0,,,,,0.0,,,,,,,,,,,local.mqtt.telegraf,32.0,,31.59,,,,,,periodic,,18.0,,,,,6.0,5,08a6f76bd428,,,114992.0,43104.0,,6.0,1165.0,,,,,,,,,,,,,1166.0,,,,,08a6f76bd428-1166,,,0.0,,,,,,,272.0,1166.0,08:A6:F7:6B:D4:28,,,,,,4261.0,75.0,31.0,18.0,18.0,13.0,,,0.0,18.0,375.0,21.0,3.0,,,,3961026,1786524737281,3961040,1786524737295,,1786524737263.0,28.0,2026-08-12T08:52:18.3006343Z,223.0,,,oasis/bottle,,0.0,,,,,
,,,,,,,,,,,,,,,13.0,,,,,,,,,1.0,,,0.0,,,,,0.0,,,,,0.0,,,,,,,,,,,local.mqtt.telegraf,32.0,,31.56,,,,,,periodic,,18.0,,,,,6.0,5,08a6f76bd428,,,104672.0,43104.0,,6.0,1166.0,,,,,,,,,,,,,1167.0,,,,,08a6f76bd428-1167,,,0.0,,,,,,,272.0,1167.0,08:A6:F7:6B:D4:28,,,,,,5711.0,75.0,31.0,18.0,18.0,13.0,,,0.0,18.0,375.0,21.0,3.0,,,,3962476,1786524738731,3962489,1786524738744,,1786524738713.0,28.0,2026-08-12T08:52:19.7698006Z,223.0,,,oasis/bottle,,0.0,,,,,
,,,,,,,,,,,,,,,13.0,,,,,,,,,1.0,,,0.0,,,,,0.0,,,,,0.0,,,,,,,,,,,local.mqtt.telegraf,32.0,,31.7,,,,,,periodic,,18.0,,,,,6.0,5,08a6f76bd428,,,96320.0,43104.0,,6.0,1167.0,,,,,,,,,,,,,1168.0,,,,,08a6f76bd428-1168,,,0.0,,,,,,,272.0,1168.0,08:A6:F7:6B:D4:28,,,,,,6801.0,75.0,31.0,18.0,18.0,13.0,,,0.0,18.0,375.0,21.0,3.0,,,,3963566,1786524739821,3963579,1786524739834,,1786524739803.0,28.0,2026-08-12T08:52:20.863479Z,223.0,,,oasis/bottle,,0.0,,,,,
,,,,,,,,,,,,,,,13.0,,,,,,,,,1.0,,,0.0,,,,,0.0,,,,,0.0,,,,,,,,,,,local.mqtt.telegraf,32.0,,31.78,,,,,,periodic,,28.0,,,,,6.0,5,08a6f76bd428,,,85344.0,43104.0,,6.0,1168.0,,,,,,,,,,,,,1169.0,,,,,08a6f76bd428-1169,,,0.0,,,,,,,272.0,1169.0,08:A6:F7:6B:D4:28,,,,,,8381.0,75.0,31.0,18.0,18.0,13.0,,,0.0,18.0,375.0,21.0,3.0,,,,3965156,1786524741411,3965169,1786524741424,,1786524741383.0,28.0,2026-08-12T08:52:22.4452476Z,223.0,,,oasis/bottle,,0.0,,,,,
,,,,,,,,,,,,,,,14.0,,,,,,,,,1.0,,,0.0,,,,,0.0,,,,,0.0,,,,,,,,,,,local.mqtt.telegraf,32.0,,31.8,,,,,,periodic,,18.0,,,,,6.0,5,08a6f76bd428,,,75680.0,43104.0,,6.0,1169.0,,,,,,,,,,,,,1170.0,,,,,08a6f76bd428-1170,,,0.0,,,,,,,272.0,1170.0,08:A6:F7:6B:D4:28,,,,,,9741.0,75.0,31.0,18.0,18.0,13.0,,,0.0,18.0,375.0,21.0,3.0,,,,3966506,1786524742761,3966520,1786524742775,,1786524742743.0,28.0,2026-08-12T08:52:23.8044367Z,223.0,,,oasis/bottle,,0.0,,,,,
,,,,,,,,,,,,,,,13.0,,,,,,,,,1.0,,,0.0,,,,,0.0,,,,,0.0,,,,,,,,,,,local.mqtt.telegraf,32.0,,31.83,,,,,,periodic,,28.0,,,,,6.0,5,08a6f76bd428,,,63872.0,43104.0,,6.0,1170.0,,,,,,,,,,,,,1171.0,,,,,08a6f76bd428-1171,,,0.0,,,,,,,272.0,1171.0,08:A6:F7:6B:D4:28,,,,,,11301.0,75.0,31.0,18.0,18.0,13.0,,,0.0,18.0,375.0,21.0,3.0,,,,3968076,1786524744331,3968089,1786524744344,,1786524744303.0,28.0,2026-08-12T08:52:25.3630434Z,223.0,,,oasis/bottle,,0.0,,,,,
,,,,,,,,,,,,,,,13.0,,,,,,,,,1.0,,,0.0,,,,,0.0,,,,,0.0,,,,,,,,,,,local.mqtt.telegraf,32.0,,31.68,,,,,,periodic,,27.0,,,,,5.0,5,08a6f76bd428,,,54832.0,43104.0,,11.0,1171.0,,,,,,,,,,,,,1172.0,,,,,08a6f76bd428-1172,,,0.0,,,,,,,273.0,1172.0,08:A6:F7:6B:D4:28,,,,,,12581.0,75.0,31.0,18.0,18.0,13.0,,,0.0,18.0,375.0,21.0,3.0,,,,3969356,1786524745611,3969369,1786524745624,,1786524745584.0,28.0,2026-08-12T08:52:26.6425239Z,223.0,,,oasis/bottle,,0.0,,,,,
,,,,,,,,,,,,,,,14.0,,,,,,,,,1.0,,,0.0,,,,,0.0,,,,,0.0,,,,,,,,,,,local.mqtt.telegraf,32.0,,31.72,,,,,,periodic,,28.0,,,,,6.0,5,08a6f76bd428,,,45136.0,43104.0,,5.0,1172.0,,,,,,,,,,,,,1173.0,,,,,08a6f76bd428-1173,,,0.0,,,,,,,272.0,1173.0,08:A6:F7:6B:D4:28,,,,,,13931.0,75.0,31.0,18.0,18.0,13.0,,,0.0,18.0,375.0,21.0,3.0,,,,3970706,1786524746961,3970720,1786524746975,,1786524746933.0,28.0,2026-08-12T08:52:27.9969096Z,223.0,,,oasis/bottle,,0.0,,,,,
,,,,,,,,,,,,,,,13.0,,,,,,,,,1.0,,,0.0,,,,,0.0,,,,,0.0,,,,,,,,,,,local.mqtt.telegraf,32.0,,31.74,,,,,,periodic,,28.0,,,,,6.0,5,08a6f76bd428,,,112800.0,43104.0,,9.0,1173.0,,,,,,,,,,,,,1174.0,,,,,08a6f76bd428-1174,,,0.0,,,,,,,272.0,1174.0,08:A6:F7:6B:D4:28,,,,,,15451.0,75.0,31.0,18.0,18.0,13.0,,,0.0,18.0,375.0,21.0,3.0,,,,3972226,1786524748481,3972239,1786524748494,,1786524748453.0,28.0,2026-08-12T08:52:29.5137188Z,223.0,,,oasis/bottle,,0.0,,,,,
,,,,,,,,,,,,,,,14.0,,,,,,,,,1.0,,,0.0,,,,,0.0,,,,,0.0,,,,,,,,,,,local.mqtt.telegraf,32.0,,31.8,,,,,,periodic,,28.0,,,,,6.0,5,08a6f76bd428,,,103776.0,43104.0,,7.0,1174.0,,,,,,,,,,,,,1175.0,,,,,08a6f76bd428-1175,,,0.0,,,,,,,272.0,1175.0,08:A6:F7:6B:D4:28,,,,,,16671.0,75.0,31.0,18.0,18.0,13.0,,,0.0,18.0,375.0,21.0,3.0,,,,3973446,1786524749701,3973460,1786524749715,,1786524749673.0,28.0,2026-08-12T08:52:30.7328461Z,223.0,,,oasis/bottle,,0.0,,,,,
,,,,,,,,,,,,,,,13.0,,,,,,,,,1.0,,,0.0,,,,,0.0,,,,,0.0,,,,,,,,,,,local.mqtt.telegraf,32.0,,31.66,,,,,,periodic,,28.0,,,,,6.0,5,08a6f76bd428,,,94768.0,43104.0,,12.0,1175.0,,,,,,,,,,,,,1176.0,,,,,08a6f76bd428-1176,,,0.0,,,,,,,272.0,1176.0,08:A6:F7:6B:D4:28,,,,,,17921.0,75.0,31.0,18.0,18.0,13.0,,,0.0,18.0,375.0,21.0,3.0,,,,3974696,1786524750951,3974709,1786524750964,,1786524750923.0,28.0,2026-08-12T08:52:31.9903291Z,223.0,,,oasis/bottle,,0.0,,,,,
,,,,,,,,,,,,,,,13.0,,,,,,,,,1.0,,,0.0,,,,,0.0,,,,,0.0,,,,,,,,,,,local.mqtt.telegraf,32.0,,31.62,,,,,,periodic,,27.0,,,,,5.0,5,08a6f76bd428,,,85712.0,43104.0,,6.0,1176.0,,,,,,,,,,,,,1177.0,,,,,08a6f76bd428-1177,,,0.0,,,,,,,273.0,1177.0,08:A6:F7:6B:D4:28,,,,,,19201.0,75.0,31.0,18.0,18.0,13.0,,,0.0,18.0,375.0,21.0,3.0,,,,3975976,1786524752231,3975989,1786524752244,,1786524752204.0,28.0,2026-08-12T08:52:33.2618092Z,223.0,,,oasis/bottle,,0.0,,,,,
,,,,,,,,,,,,,,,14.0,,,,,,,,,1.0,,,0.0,,,,,0.0,,,,,0.0,,,,,,,,,,,local.mqtt.telegraf,32.0,,31.83,,,,,,periodic,,28.0,,,,,6.0,5,08a6f76bd428,,,76032.0,43104.0,,5.0,1177.0,,,,,,,,,,,,,1178.0,,,,,08a6f76bd428-1178,,,0.0,,,,,,,272.0,1178.0,08:A6:F7:6B:D4:28,,,,,,20561.0,75.0,31.0,18.0,18.0,13.0,,,0.0,18.0,375.0,21.0,3.0,,,,3977336,1786524753591,3977350,1786524753605,,1786524753563.0,28.0,2026-08-12T08:52:34.6184739Z,223.0,,,oasis/bottle,,0.0,,,,,
,,,,,,,,,,,,,,,13.0,,,,,,,,,1.0,,,0.0,,,,,0.0,,,,,0.0,,,,,,,,,,,local.mqtt.telegraf,32.0,,31.78,,,,,,periodic,,27.0,,,,,5.0,5,08a6f76bd428,,,54352.0,43104.0,,6.0,1178.0,,,,,,,,,,,,,1179.0,,,,,08a6f76bd428-1179,,,0.0,,,,,,,272.0,1179.0,08:A6:F7:6B:D4:28,,,,,,1291.0,76.0,49.0,21.0,21.0,28.0,,,0.0,20.0,394.0,23.0,3.0,,,,3978856,1786524755111,3978869,1786524755124,,1786524755084.0,28.0,2026-08-12T08:52:36.1343653Z,227.0,,,oasis/bottle,,0.0,,,,,
,,,,,,,,,,,,,,,13.0,,,,,,,,,1.0,,,0.0,,,,,0.0,,,,,0.0,,,,,,,,,,,local.mqtt.telegraf,32.0,,31.68,,,,,,periodic,,28.0,,,,,6.0,5,08a6f76bd428,,,45344.0,43104.0,,6.0,1179.0,,,,,,,,,,,,,1180.0,,,,,08a6f76bd428-1180,,,0.0,,,,,,,272.0,1180.0,08:A6:F7:6B:D4:28,,,,,,2531.0,76.0,49.0,21.0,21.0,28.0,,,0.0,20.0,394.0,23.0,3.0,,,,3980096,1786524756351,3980109,1786524756364,,1786524756323.0,28.0,2026-08-12T08:52:37.3887648Z,227.0,,,oasis/bottle,,0.0,,,,,
,,,,,,,,,,,,,,,21.0,,,,,,,,,1.0,,,0.0,,,,,0.0,,,,,0.0,,,,,,,,,,,local.mqtt.telegraf,32.0,,31.72,,,,,,periodic,,28.0,,,,,6.0,5,08a6f76bd428,,,114464.0,43104.0,,8.0,1180.0,,,,,,,,,,,,,1181.0,,,,,08a6f76bd428-1181,,,0.0,,,,,,,272.0,1181.0,08:A6:F7:6B:D4:28,,,,,,3821.0,76.0,49.0,21.0,21.0,28.0,,,0.0,20.0,394.0,23.0,3.0,,,,3981386,1786524757641,3981407,1786524757662,,1786524757613.0,28.0,2026-08-12T08:52:38.7012658Z,227.0,,,oasis/bottle,,0.0,,,,,
,,,,,,,,,,,,,,,13.0,,,,,,,,,1.0,,,0.0,,,,,0.0,,,,,0.0,,,,,,,,,,,local.mqtt.telegraf,32.0,,31.89,,,,,,periodic,,28.0,,,,,6.0,5,08a6f76bd428,,,104800.0,43104.0,,11.0,1181.0,,,,,,,,,,,,,1182.0,,,,,08a6f76bd428-1182,,,0.0,,,,,,,272.0,1182.0,08:A6:F7:6B:D4:28,,,,,,5191.0,76.0,49.0,21.0,21.0,28.0,,,0.0,20.0,394.0,23.0,3.0,,,,3982756,1786524759011,3982769,1786524759024,,1786524758983.0,28.0,2026-08-12T08:52:40.0329961Z,227.0,,,oasis/bottle,,0.0,,,,,
,,,,,,,,,,,,,,,13.0,,,,,,,,,1.0,,,0.0,,,,,0.0,,,,,0.0,,,,,,,,,,,local.mqtt.telegraf,32.0,,31.72,,,,,,periodic,,19.0,,,,,6.0,5,08a6f76bd428,,,93808.0,43104.0,,6.0,1182.0,,,,,,,,,,,,,1183.0,,,,,08a6f76bd428-1183,,,0.0,,,,,,,272.0,1183.0,08:A6:F7:6B:D4:28,,,,,,6721.0,76.0,49.0,21.0,21.0,28.0,,,0.0,20.0,394.0,23.0,3.0,,,,3984277,1786524760532,3984290,1786524760545,,1786524760513.0,28.0,2026-08-12T08:52:41.5586783Z,227.0,,,oasis/bottle,,0.0,,,,,
,,,,,,,,,,,,,,,13.0,,,,,,,,,1.0,,,0.0,,,,,0.0,,,,,0.0,,,,,,,,,,,local.mqtt.telegraf,32.0,,31.67,,,,,,periodic,,28.0,,,,,6.0,5,08a6f76bd428,,,84800.0,43104.0,,6.0,1183.0,,,,,,,,,,,,,1184.0,,,,,08a6f76bd428-1184,,,0.0,,,,,,,272.0,1184.0,08:A6:F7:6B:D4:28,,,,,,7981.0,76.0,49.0,21.0,21.0,28.0,,,0.0,20.0,394.0,23.0,3.0,,,,3985546,1786524761801,3985559,1786524761814,,1786524761773.0,28.0,2026-08-12T08:52:42.825867Z,227.0,,,oasis/bottle,,0.0,,,,,
,,,,,,,,,,,,,,,14.0,,,,,,,,,1.0,,,0.0,,,,,0.0,,,,,0.0,,,,,,,,,,,local.mqtt.telegraf,32.0,,31.74,,,,,,periodic,,18.0,,,,,6.0,5,08a6f76bd428,,,75136.0,43104.0,,6.0,1184.0,,,,,,,,,,,,,1185.0,,,,,08a6f76bd428-1185,,,0.0,,,,,,,272.0,1185.0,08:A6:F7:6B:D4:28,,,,,,9301.0,76.0,49.0,21.0,21.0,28.0,,,0.0,20.0,394.0,23.0,3.0,,,,3986856,1786524763111,3986870,1786524763125,,1786524763093.0,28.0,2026-08-12T08:52:44.1328339Z,227.0,,,oasis/bottle,,0.0,,,,,
,,,,,,,,,,,,,,,13.0,,,,,,,,,1.0,,,0.0,,,,,0.0,,,,,0.0,,,,,,,,,,,local.mqtt.telegraf,32.0,,31.68,,,,,,periodic,,28.0,,,,,6.0,5,08a6f76bd428,,,64816.0,43104.0,,6.0,1185.0,,,,,,,,,,,,,1186.0,,,,,08a6f76bd428-1186,,,0.0,,,,,,,272.0,1186.0,08:A6:F7:6B:D4:28,,,,,,10731.0,76.0,49.0,21.0,21.0,28.0,,,0.0,20.0,394.0,23.0,3.0,,,,3988296,1786524764551,3988309,1786524764564,,1786524764523.0,28.0,2026-08-12T08:52:45.6150432Z,227.0,,,oasis/bottle,,0.0,,,,,
,,,,,,,,,,,,,,,13.0,,,,,,,,,1.0,,,0.0,,,,,0.0,,,,,0.0,,,,,,,,,,,local.mqtt.telegraf,32.0,,31.67,,,,,,periodic,,27.0,,,,,5.0,5,08a6f76bd428,,,57088.0,43104.0,,6.0,1186.0,,,,,,,,,,,,,1187.0,,,,,08a6f76bd428-1187,,,0.0,,,,,,,273.0,1187.0,08:A6:F7:6B:D4:28,,,,,,11791.0,76.0,49.0,21.0,21.0,28.0,,,0.0,20.0,394.0,23.0,3.0,,,,3989356,1786524765611,3989369,1786524765624,,1786524765584.0,28.0,2026-08-12T08:52:46.6402338Z,227.0,,,oasis/bottle,,0.0,,,,,
,,,,,,,,,,,,,,,13.0,,,,,,,,,1.0,,,0.0,,,,,0.0,,,,,0.0,,,,,,,,,,,local.mqtt.telegraf,32.0,,31.82,,,,,,periodic,,28.0,,,,,6.0,5,08a6f76bd428,,,46096.0,43104.0,,6.0,1187.0,,,,,,,,,,,,,1188.0,,,,,08a6f76bd428-1188,,,0.0,,,,,,,272.0,1188.0,08:A6:F7:6B:D4:28,,,,,,13311.0,76.0,49.0,21.0,21.0,28.0,,,0.0,20.0,394.0,23.0,3.0,,,,3990876,1786524767131,3990889,1786524767144,,1786524767103.0,28.0,2026-08-12T08:52:48.1594231Z,227.0,,,oasis/bottle,,0.0,,,,,
,,,,,,,,,,,,,,,13.0,,,,,,,,,1.0,,,0.0,,,,,0.0,,,,,0.0,,,,,,,,,,,local.mqtt.telegraf,32.0,,31.62,,,,,,periodic,,28.0,,,,,6.0,5,08a6f76bd428,,,115856.0,43104.0,,6.0,1188.0,,,,,,,,,,,,,1189.0,,,,,08a6f76bd428-1189,,,0.0,,,,,,,272.0,1189.0,08:A6:F7:6B:D4:28,,,,,,14561.0,76.0,49.0,21.0,21.0,28.0,,,0.0,20.0,394.0,23.0,3.0,,,,3992126,1786524768381,3992139,1786524768394,,1786524768353.0,28.0,2026-08-12T08:52:49.4113469Z,227.0,,,oasis/bottle,,0.0,,,,,
,,,,,,,,,,,,,,,13.0,,,,,,,,,1.0,,,0.0,,,,,0.0,,,,,0.0,,,,,,,,,,,local.mqtt.telegraf,32.0,,31.59,,,,,,periodic,,28.0,,,,,6.0,5,08a6f76bd428,,,106176.0,43104.0,,10.0,1189.0,,,,,,,,,,,,,1190.0,,,,,08a6f76bd428-1190,,,0.0,,,,,,,272.0,1190.0,08:A6:F7:6B:D4:28,,,,,,15851.0,76.0,49.0,21.0,21.0,28.0,,,0.0,20.0,394.0,23.0,3.0,,,,3993416,1786524769671,3993429,1786524769684,,1786524769643.0,28.0,2026-08-12T08:52:50.7097137Z,227.0,,,oasis/bottle,,0.0,,,,,
,,,,,,,,,,,,,,,13.0,,,,,,,,,1.0,,,0.0,,,,,0.0,,,,,0.0,,,,,,,,,,,local.mqtt.telegraf,32.0,,31.62,,,,,,periodic,,28.0,,,,,6.0,5,08a6f76bd428,,,96448.0,43104.0,,6.0,1190.0,,,,,,,,,,,,,1191.0,,,,,08a6f76bd428-1191,,,0.0,,,,,,,272.0,1191.0,08:A6:F7:6B:D4:28,,,,,,17221.0,76.0,49.0,21.0,21.0,28.0,,,0.0,20.0,394.0,23.0,3.0,,,,3994786,1786524771041,3994799,1786524771054,,1786524771013.0,28.0,2026-08-12T08:52:52.0806441Z,227.0,,,oasis/bottle,,0.0,,,,,
,,,,,,,,,,,,,,,13.0,,,,,,,,,1.0,,,0.0,,,,,0.0,,,,,0.0,,,,,,,,,,,local.mqtt.telegraf,32.0,,31.6,,,,,,periodic,,28.0,,,,,6.0,5,08a6f76bd428,,,85472.0,43104.0,,6.0,1191.0,,,,,,,,,,,,,1192.0,,,,,08a6f76bd428-1192,,,0.0,,,,,,,272.0,1192.0,08:A6:F7:6B:D4:28,,,,,,18761.0,76.0,49.0,21.0,21.0,28.0,,,0.0,20.0,394.0,23.0,3.0,,,,3996326,1786524772581,3996339,1786524772594,,1786524772553.0,28.0,2026-08-12T08:52:53.6235143Z,227.0,,,oasis/bottle,,0.0,,,,,
,,,,,,,,,,,,,,,14.0,,,,,,,,,1.0,,,0.0,,,,,0.0,,,,,0.0,,,,,,,,,,,local.mqtt.telegraf,32.0,,31.66,,,,,,periodic,,27.0,,,,,5.0,5,08a6f76bd428,,,76432.0,43104.0,,6.0,1192.0,,,,,,,,,,,,,1193.0,,,,,08a6f76bd428-1193,,,0.0,,,,,,,273.0,1193.0,08:A6:F7:6B:D4:28,,,,,,20041.0,76.0,49.0,21.0,21.0,28.0,,,0.0,20.0,394.0,23.0,3.0,,,,3997606,1786524773861,3997620,1786524773875,,1786524773834.0,28.0,2026-08-12T08:52:54.8848853Z,227.0,,,oasis/bottle,,0.0,,,,,
,,,,,,,,,,,,,,,13.0,,,,,,,,,1.0,,,0.0,,,,,0.0,,,,,0.0,,,,,,,,,,,local.mqtt.telegraf,32.0,,31.6,,,,,,periodic,,27.0,,,,,6.0,5,08a6f76bd428,,,56096.0,43104.0,,6.0,1193.0,,,,,,,,,,,,,1194.0,,,,,08a6f76bd428-1194,,,0.0,,,,,,,272.0,1194.0,08:A6:F7:6B:D4:28,,,,,,1161.0,77.0,31.0,18.0,18.0,13.0,,,-4.0,18.0,374.0,21.0,3.0,,,,3998965,1786524775220,3998978,1786524775233,,1786524775193.0,28.0,2026-08-12T08:52:56.2416774Z,229.0,,,oasis/bottle,,0.0,,,,,
,,,,,,,,,,,,,,,13.0,,,,,,,,,1.0,,,0.0,,,,,0.0,,,,,0.0,,,,,,,,,,,local.mqtt.telegraf,32.0,,31.64,,,,,,periodic,,28.0,,,,,6.0,5,08a6f76bd428,,,45120.0,43104.0,,8.0,1194.0,,,,,,,,,,,,,1195.0,,,,,08a6f76bd428-1195,,,0.0,,,,,,,272.0,1195.0,08:A6:F7:6B:D4:28,,,,,,2681.0,77.0,31.0,18.0,18.0,13.0,,,-4.0,18.0,374.0,21.0,3.0,,,,4000486,1786524776741,4000499,1786524776754,,1786524776713.0,28.0,2026-08-12T08:52:57.7709408Z,229.0,,,oasis/bottle,,0.0,,,,,
,,,,,,,,,,,,,,,13.0,,,,,,,,,1.0,,,0.0,,,,,0.0,,,,,0.0,,,,,,,,,,,local.mqtt.telegraf,32.0,,31.68,,,,,,periodic,,28.0,,,,,6.0,5,08a6f76bd428,,,114816.0,43104.0,,7.0,1195.0,,,,,,,,,,,,,1196.0,,,,,08a6f76bd428-1196,,,0.0,,,,,,,272.0,1196.0,08:A6:F7:6B:D4:28,,,,,,3931.0,77.0,31.0,18.0,18.0,13.0,,,-4.0,18.0,374.0,21.0,3.0,,,,4001736,1786524777991,4001749,1786524778004,,1786524777963.0,28.0,2026-08-12T08:52:59.0347528Z,229.0,,,oasis/bottle,,0.0,,,,,
,,,,,,,,,,,,,,,13.0,,,,,,,,,1.0,,,0.0,,,,,0.0,,,,,0.0,,,,,,,,,,,local.mqtt.telegraf,32.0,,31.6,,,,,,periodic,,27.0,,,,,5.0,5,08a6f76bd428,,,105760.0,43104.0,,6.0,1196.0,,,,,,,,,,,,,1197.0,,,,,08a6f76bd428-1197,,,0.0,,,,,,,273.0,1197.0,08:A6:F7:6B:D4:28,,,,,,5211.0,77.0,31.0,18.0,18.0,13.0,,,-4.0,18.0,374.0,21.0,3.0,,,,4003016,1786524779271,4003029,1786524779284,,1786524779244.0,28.0,2026-08-12T08:53:00.3049423Z,229.0,,,oasis/bottle,,0.0,,,,,
,,,,,,,,,,,,,,,13.0,,,,,,,,,1.0,,,0.0,,,,,0.0,,,,,0.0,,,,,,,,,,,local.mqtt.telegraf,32.0,,31.59,,,,,,periodic,,28.0,,,,,6.0,5,08a6f76bd428,,,96080.0,43104.0,,5.0,1197.0,,,,,,,,,,,,,1198.0,,,,,08a6f76bd428-1198,,,0.0,,,,,,,272.0,1198.0,08:A6:F7:6B:D4:28,,,,,,6571.0,77.0,31.0,18.0,18.0,13.0,,,-4.0,18.0,374.0,21.0,3.0,,,,4004376,1786524780631,4004389,1786524780644,,1786524780603.0,28.0,2026-08-12T08:53:01.6508821Z,229.0,,,oasis/bottle,,0.0,,,,,
,,,,,,,,,,,,,,,13.0,,,,,,,,,1.0,,,0.0,,,,,0.0,,,,,0.0,,,,,,,,,,,local.mqtt.telegraf,32.0,,31.5,,,,,,periodic,,28.0,,,,,6.0,5,08a6f76bd428,,,85104.0,43104.0,,6.0,1198.0,,,,,,,,,,,,,1199.0,,,,,08a6f76bd428-1199,,,0.0,,,,,,,272.0,1199.0,08:A6:F7:6B:D4:28,,,,,,8081.0,77.0,31.0,18.0,18.0,13.0,,,-4.0,18.0,374.0,21.0,3.0,,,,4005886,1786524782141,4005899,1786524782154,,1786524782113.0,28.0,2026-08-12T08:53:03.1799069Z,229.0,,,oasis/bottle,,0.0,,,,,
,,,,,,,,,,,,,,,17.0,,,,,,,,,1.0,,,0.0,,,,,0.0,,,,,0.0,,,,,,,,,,,local.mqtt.telegraf,32.0,,31.58,,,,,,periodic,,28.0,,,,,6.0,5,08a6f76bd428,,,76096.0,43104.0,,7.0,1199.0,,,,,,,,,,,,,1200.0,,,,,08a6f76bd428-1200,,,0.0,,,,,,,272.0,1200.0,08:A6:F7:6B:D4:28,,,,,,9311.0,77.0,31.0,18.0,18.0,13.0,,,-4.0,18.0,374.0,21.0,3.0,,,,4007116,1786524783371,4007133,1786524783388,,1786524783343.0,28.0,2026-08-12T08:53:04.3958562Z,229.0,,,oasis/bottle,,0.0,,,,,
,,,,,,,,,,,,,,,13.0,,,,,,,,,1.0,,,0.0,,,,,0.0,,,,,0.0,,,,,,,,,,,local.mqtt.telegraf,32.0,,31.7,,,,,,periodic,,28.0,,,,,6.0,5,08a6f76bd428,,,66256.0,43104.0,,7.0,1200.0,,,,,,,,,,,,,1201.0,,,,,08a6f76bd428-1201,,,0.0,,,,,,,272.0,1201.0,08:A6:F7:6B:D4:28,,,,,,10601.0,77.0,31.0,18.0,18.0,13.0,,,-4.0,18.0,374.0,21.0,3.0,,,,4008406,1786524784661,4008419,1786524784674,,1786524784633.0,28.0,2026-08-12T08:53:05.6946568Z,229.0,,,oasis/bottle,,0.0,,,,,
,,,,,,,,,,,,,,,13.0,,,,,,,,,1.0,,,0.0,,,,,0.0,,,,,0.0,,,,,,,,,,,local.mqtt.telegraf,32.0,,31.59,,,,,,periodic,,28.0,,,,,6.0,5,08a6f76bd428,,,56592.0,43104.0,,6.0,1201.0,,,,,,,,,,,,,1202.0,,,,,08a6f76bd428-1202,,,0.0,,,,,,,272.0,1202.0,08:A6:F7:6B:D4:28,,,,,,11941.0,77.0,31.0,18.0,18.0,13.0,,,-4.0,18.0,374.0,21.0,3.0,,,,4009746,1786524786001,4009759,1786524786014,,1786524785973.0,28.0,2026-08-12T08:53:07.0228243Z,229.0,,,oasis/bottle,,0.0,,,,,
,,,,,,,,,,,,,,,13.0,,,,,,,,,1.0,,,0.0,,,,,0.0,,,,,0.0,,,,,,,,,,,local.mqtt.telegraf,32.0,,31.59,,,,,,periodic,,28.0,,,,,6.0,5,08a6f76bd428,,,46256.0,43104.0,,6.0,1202.0,,,,,,,,,,,,,1203.0,,,,,08a6f76bd428-1203,,,0.0,,,,,,,272.0,1203.0,08:A6:F7:6B:D4:28,,,,,,13421.0,77.0,31.0,18.0,18.0,13.0,,,-4.0,18.0,374.0,21.0,3.0,,,,4011226,1786524787481,4011239,1786524787494,,1786524787453.0,28.0,2026-08-12T08:53:08.5073892Z,229.0,,,oasis/bottle,,0.0,,,,,
,,,,,,,,,,,,,,,13.0,,,,,,,,,1.0,,,0.0,,,,,0.0,,,,,0.0,,,,,,,,,,,local.mqtt.telegraf,32.0,,31.54,,,,,,periodic,,28.0,,,,,6.0,5,08a6f76bd428,,,118000.0,43104.0,,7.0,1203.0,,,,,,,,,,,,,1204.0,,,,,08a6f76bd428-1204,,,0.0,,,,,,,272.0,1204.0,08:A6:F7:6B:D4:28,,,,,,14581.0,77.0,31.0,18.0,18.0,13.0,,,-4.0,18.0,374.0,21.0,3.0,,,,4012386,1786524788641,4012399,1786524788654,,1786524788613.0,28.0,2026-08-12T08:53:09.663627Z,229.0,,,oasis/bottle,,0.0,,,,,
,,,,,,,,,,,,,,,14.0,,,,,,,,,1.0,,,0.0,,,,,0.0,,,,,0.0,,,,,,,,,,,local.mqtt.telegraf,32.0,,31.58,,,,,,periodic,,28.0,,,,,6.0,5,08a6f76bd428,,,109584.0,43104.0,,6.0,1204.0,,,,,,,,,,,,,1205.0,,,,,08a6f76bd428-1205,,,0.0,,,,,,,272.0,1205.0,08:A6:F7:6B:D4:28,,,,,,15691.0,77.0,31.0,18.0,18.0,13.0,,,-4.0,18.0,374.0,21.0,3.0,,,,4013496,1786524789751,4013510,1786524789765,,1786524789723.0,28.0,2026-08-12T08:53:10.7935738Z,229.0,,,oasis/bottle,,0.0,,,,,
,,,,,,,,,,,,,,,14.0,,,,,,,,,1.0,,,0.0,,,,,0.0,,,,,0.0,,,,,,,,,,,local.mqtt.telegraf,32.0,,31.46,,,,,,periodic,,28.0,,,,,6.0,5,08a6f76bd428,,,101824.0,43104.0,,6.0,1205.0,,,,,,,,,,,,,1206.0,,,,,08a6f76bd428-1206,,,0.0,,,,,,,272.0,1206.0,08:A6:F7:6B:D4:28,,,,,,16711.0,77.0,31.0,18.0,18.0,13.0,,,-4.0,18.0,374.0,21.0,3.0,,,,4014516,1786524790771,4014530,1786524790785,,1786524790743.0,28.0,2026-08-12T08:53:11.7946171Z,229.0,,,oasis/bottle,,0.0,,,,,
,,,,,,,,,,,,,,,13.0,,,,,,,,,1.0,,,0.0,,,,,0.0,,,,,0.0,,,,,,,,,,,local.mqtt.telegraf,32.0,,31.39,,,,,,periodic,,28.0,,,,,6.0,5,08a6f76bd428,,,91440.0,43104.0,,6.0,1206.0,,,,,,,,,,,,,1207.0,,,,,08a6f76bd428-1207,,,0.0,,,,,,,272.0,1207.0,08:A6:F7:6B:D4:28,,,,,,18151.0,77.0,31.0,18.0,18.0,13.0,,,-4.0,18.0,374.0,21.0,3.0,,,,4015956,1786524792211,4015969,1786524792224,,1786524792183.0,28.0,2026-08-12T08:53:13.2446837Z,229.0,,,oasis/bottle,,0.0,,,,,
,,,,,,,,,,,,,,,13.0,,,,,,,,,1.0,,,0.0,,,,,0.0,,,,,0.0,,,,,,,,,,,local.mqtt.telegraf,32.0,,31.47,,,,,,periodic,,28.0,,,,,6.0,5,08a6f76bd428,,,83072.0,43104.0,,6.0,1207.0,,,,,,,,,,,,,1208.0,,,,,08a6f76bd428-1208,,,0.0,,,,,,,272.0,1208.0,08:A6:F7:6B:D4:28,,,,,,19221.0,77.0,31.0,18.0,18.0,13.0,,,-4.0,18.0,374.0,21.0,3.0,,,,4017026,1786524793281,4017039,1786524793294,,1786524793253.0,28.0,2026-08-12T08:53:14.30401Z,229.0,,,oasis/bottle,,0.0,,,,,
,,,,,,,,,,,,,,,13.0,,,,,,,,,1.0,,,0.0,,,,,0.0,,,,,0.0,,,,,,,,,,,local.mqtt.telegraf,32.0,,31.58,,,,,,periodic,,21.0,,,,,5.0,5,08a6f76bd428,,,59456.0,43104.0,,9.0,1208.0,,,,,,,,,,,,,1209.0,,,,,08a6f76bd428-1209,,,0.0,,,,,,,273.0,1209.0,08:A6:F7:6B:D4:28,,,,,,682.0,78.0,31.0,29.0,29.0,2.0,,,0.0,29.0,405.0,31.0,3.0,,,,4018905,1786524795160,4018918,1786524795173,,1786524795139.0,28.0,2026-08-12T08:53:16.186198Z,232.0,,,oasis/bottle,,0.0,,,,,
,,,,,,,,,,,,,,,13.0,,,,,,,,,1.0,,,0.0,,,,,0.0,,,,,0.0,,,,,,,,,,,local.mqtt.telegraf,32.0,,31.39,,,,,,periodic,,24.0,,,,,6.0,5,08a6f76bd428,,,51760.0,43104.0,,5.0,1209.0,,,,,,,,,,,,,1210.0,,,,,08a6f76bd428-1210,,,0.0,,,,,,,272.0,1210.0,08:A6:F7:6B:D4:28,,,,,,1701.0,78.0,31.0,29.0,29.0,2.0,,,0.0,29.0,405.0,31.0,3.0,,,,4019926,1786524796181,4019939,1786524796194,,1786524796157.0,28.0,2026-08-12T08:53:17.2121694Z,232.0,,,oasis/bottle,,0.0,,,,,
,,,,,,,,,,,,,,,13.0,,,,,,,,,1.0,,,0.0,,,,,0.0,,,,,0.0,,,,,,,,,,,local.mqtt.telegraf,32.0,,31.52,,,,,,periodic,,24.0,,,,,6.0,5,08a6f76bd428,,,121104.0,43104.0,,9.0,1210.0,,,,,,,,,,,,,1211.0,,,,,08a6f76bd428-1211,,,0.0,,,,,,,272.0,1211.0,08:A6:F7:6B:D4:28,,,,,,3151.0,78.0,31.0,29.0,29.0,2.0,,,0.0,29.0,405.0,31.0,3.0,,,,4021376,1786524797631,4021389,1786524797644,,1786524797607.0,28.0,2026-08-12T08:53:18.6532453Z,232.0,,,oasis/bottle,,0.0,,,,,
,,,,,,,,,,,,,,,13.0,,,,,,,,,1.0,,,0.0,,,,,0.0,,,,,0.0,,,,,,,,,,,local.mqtt.telegraf,32.0,,31.58,,,,,,periodic,,24.0,,,,,6.0,5,08a6f76bd428,,,112752.0,43104.0,,5.0,1211.0,,,,,,,,,,,,,1212.0,,,,,08a6f76bd428-1212,,,0.0,,,,,,,272.0,1212.0,08:A6:F7:6B:D4:28,,,,,,4241.0,78.0,31.0,29.0,29.0,2.0,,,0.0,29.0,405.0,31.0,3.0,,,,4022466,1786524798721,4022479,1786524798734,,1786524798697.0,28.0,2026-08-12T08:53:19.7511954Z,232.0,,,oasis/bottle,,0.0,,,,,
,,,,,,,,,,,,,,,22.0,,,,,,,,,1.0,,,0.0,,,,,0.0,,,,,0.0,,,,,,,,,,,local.mqtt.telegraf,32.0,,31.56,,,,,,periodic,,24.0,,,,,6.0,5,08a6f76bd428,,,101776.0,43104.0,,6.0,1212.0,,,,,,,,,,,,,1213.0,,,,,08a6f76bd428-1213,,,0.0,,,,,,,272.0,1213.0,08:A6:F7:6B:D4:28,,,,,,5811.0,78.0,31.0,29.0,29.0,2.0,,,0.0,29.0,405.0,31.0,3.0,,,,4024036,1786524800291,4024058,1786524800313,,1786524800267.0,28.0,2026-08-12T08:53:21.3237269Z,232.0,,,oasis/bottle,,0.0,,,,,
,,,,,,,,,,,,,,,13.0,,,,,,,,,1.0,,,0.0,,,,,0.0,,,,,0.0,,,,,,,,,,,local.mqtt.telegraf,32.0,,31.59,,,,,,periodic,,24.0,,,,,6.0,5,08a6f76bd428,,,92112.0,43104.0,,6.0,1213.0,,,,,,,,,,,,,1214.0,,,,,08a6f76bd428-1214,,,0.0,,,,,,,272.0,1214.0,08:A6:F7:6B:D4:28,,,,,,7151.0,78.0,31.0,29.0,29.0,2.0,,,0.0,29.0,405.0,31.0,3.0,,,,4025376,1786524801631,4025389,1786524801644,,1786524801607.0,28.0,2026-08-12T08:53:22.6605315Z,232.0,,,oasis/bottle,,0.0,,,,,
,,,,,,,,,,,,,,,13.0,,,,,,,,,1.0,,,0.0,,,,,0.0,,,,,0.0,,,,,,,,,,,local.mqtt.telegraf,32.0,,31.6,,,,,,periodic,,24.0,,,,,6.0,5,08a6f76bd428,,,81792.0,43104.0,,7.0,1214.0,,,,,,,,,,,,,1215.0,,,,,08a6f76bd428-1215,,,0.0,,,,,,,272.0,1215.0,08:A6:F7:6B:D4:28,,,,,,8631.0,78.0,31.0,29.0,29.0,2.0,,,0.0,29.0,405.0,31.0,3.0,,,,4026856,1786524803111,4026869,1786524803124,,1786524803087.0,28.0,2026-08-12T08:53:24.144501Z,232.0,,,oasis/bottle,,0.0,,,,,
,,,,,,,,,,,,,,,13.0,,,,,,,,,1.0,,,0.0,,,,,0.0,,,,,0.0,,,,,,,,,,,local.mqtt.telegraf,32.0,,31.51,,,,,,periodic,,24.0,,,,,6.0,5,08a6f76bd428,,,73440.0,43104.0,,9.0,1215.0,,,,,,,,,,,,,1216.0,,,,,08a6f76bd428-1216,,,0.0,,,,,,,272.0,1216.0,08:A6:F7:6B:D4:28,,,,,,9791.0,78.0,31.0,29.0,29.0,2.0,,,0.0,29.0,405.0,31.0,3.0,,,,4028016,1786524804271,4028029,1786524804284,,1786524804247.0,28.0,2026-08-12T08:53:25.3211319Z,232.0,,,oasis/bottle,,0.0,,,,,
,,,,,,,,,,,,,,,13.0,,,,,,,,,1.0,,,0.0,,,,,0.0,,,,,0.0,,,,,,,,,,,local.mqtt.telegraf,32.0,,31.38,,,,,,periodic,,24.0,,,,,6.0,5,08a6f76bd428,,,65088.0,43104.0,,6.0,1216.0,,,,,,,,,,,,,1217.0,,,,,08a6f76bd428-1217,,,0.0,,,,,,,272.0,1217.0,08:A6:F7:6B:D4:28,,,,,,10901.0,78.0,31.0,29.0,29.0,2.0,,,0.0,29.0,405.0,31.0,3.0,,,,4029126,1786524805381,4029139,1786524805394,,1786524805357.0,28.0,2026-08-12T08:53:26.410108Z,232.0,,,oasis/bottle,,0.0,,,,,
,,,,,,,,,,,,,,,13.0,,,,,,,,,1.0,,,0.0,,,,,0.0,,,,,0.0,,,,,,,,,,,local.mqtt.telegraf,32.0,,31.46,,,,,,periodic,,24.0,,,,,6.0,5,08a6f76bd428,,,57392.0,43104.0,,8.0,1217.0,,,,,,,,,,,,,1218.0,,,,,08a6f76bd428-1218,,,0.0,,,,,,,272.0,1218.0,08:A6:F7:6B:D4:28,,,,,,11931.0,78.0,31.0,29.0,29.0,2.0,,,0.0,29.0,405.0,31.0,3.0,,,,4030156,1786524806411,4030169,1786524806424,,1786524806387.0,28.0,2026-08-12T08:53:27.4458289Z,232.0,,,oasis/bottle,,0.0,,,,,
,,,,,,,,,,,,,,,13.0,,,,,,,,,1.0,,,0.0,,,,,0.0,,,,,0.0,,,,,,,,,,,local.mqtt.telegraf,32.0,,31.42,,,,,,periodic,,24.0,,,,,6.0,5,08a6f76bd428,,,47072.0,43104.0,,6.0,1218.0,,,,,,,,,,,,,1219.0,,,,,08a6f76bd428-1219,,,0.0,,,,,,,272.0,1219.0,08:A6:F7:6B:D4:28,,,,,,13381.0,78.0,31.0,29.0,29.0,2.0,,,0.0,29.0,405.0,31.0,3.0,,,,4031606,1786524807861,4031619,1786524807874,,1786524807837.0,28.0,2026-08-12T08:53:28.8902761Z,232.0,,,oasis/bottle,,0.0,,,,,
,,,,,,,,,,,,,,,13.0,,,,,,,,,1.0,,,0.0,,,,,0.0,,,,,0.0,,,,,,,,,,,local.mqtt.telegraf,32.0,,31.42,,,,,,periodic,,24.0,,,,,6.0,5,08a6f76bd428,,,118464.0,43104.0,,7.0,1219.0,,,,,,,,,,,,,1220.0,,,,,08a6f76bd428-1220,,,0.0,,,,,,,272.0,1220.0,08:A6:F7:6B:D4:28,,,,,,14481.0,78.0,31.0,29.0,29.0,2.0,,,0.0,29.0,405.0,31.0,3.0,,,,4032706,1786524808961,4032719,1786524808974,,1786524808937.0,28.0,2026-08-12T08:53:29.9967185Z,232.0,,,oasis/bottle,,0.0,,,,,
,,,,,,,,,,,,,,,13.0,,,,,,,,,1.0,,,0.0,,,,,0.0,,,,,0.0,,,,,,,,,,,local.mqtt.telegraf,32.0,,31.44,,,,,,periodic,,24.0,,,,,6.0,5,08a6f76bd428,,,110752.0,43104.0,,6.0,1220.0,,,,,,,,,,,,,1221.0,,,,,08a6f76bd428-1221,,,0.0,,,,,,,272.0,1221.0,08:A6:F7:6B:D4:28,,,,,,15481.0,78.0,31.0,29.0,29.0,2.0,,,0.0,29.0,405.0,31.0,3.0,,,,4033706,1786524809961,4033719,1786524809974,,1786524809937.0,28.0,2026-08-12T08:53:30.9907669Z,232.0,,,oasis/bottle,,0.0,,,,,
,,,,,,,,,,,,,,,13.0,,,,,,,,,1.0,,,0.0,,,,,0.0,,,,,0.0,,,,,,,,,,,local.mqtt.telegraf,32.0,,31.46,,,,,,periodic,,24.0,,,,,6.0,5,08a6f76bd428,,,100416.0,43104.0,,7.0,1221.0,,,,,,,,,,,,,1222.0,,,,,08a6f76bd428-1222,,,0.0,,,,,,,272.0,1222.0,08:A6:F7:6B:D4:28,,,,,,16881.0,78.0,31.0,29.0,29.0,2.0,,,0.0,29.0,405.0,31.0,3.0,,,,4035106,1786524811361,4035119,1786524811374,,1786524811337.0,28.0,2026-08-12T08:53:32.3995904Z,232.0,,,oasis/bottle,,0.0,,,,,
,,,,,,,,,,,,,,,13.0,,,,,,,,,1.0,,,0.0,,,,,0.0,,,,,0.0,,,,,,,,,,,local.mqtt.telegraf,32.0,,31.51,,,,,,periodic,,24.0,,,,,6.0,5,08a6f76bd428,,,92704.0,43104.0,,7.0,1222.0,,,,,,,,,,,,,1223.0,,,,,08a6f76bd428-1223,,,0.0,,,,,,,272.0,1223.0,08:A6:F7:6B:D4:28,,,,,,17871.0,78.0,31.0,29.0,29.0,2.0,,,0.0,29.0,405.0,31.0,3.0,,,,4036096,1786524812351,4036109,1786524812364,,1786524812327.0,28.0,2026-08-12T08:53:33.3876833Z,232.0,,,oasis/bottle,,0.0,,,,,
,,,,,,,,,,,,,,,13.0,,,,,,,,,1.0,,,0.0,,,,,0.0,,,,,0.0,,,,,,,,,,,local.mqtt.telegraf,32.0,,31.44,,,,,,periodic,,24.0,,,,,6.0,5,08a6f76bd428,,,83040.0,43104.0,,6.0,1223.0,,,,,,,,,,,,,1224.0,,,,,08a6f76bd428-1224,,,0.0,,,,,,,272.0,1224.0,08:A6:F7:6B:D4:28,,,,,,19251.0,78.0,31.0,29.0,29.0,2.0,,,0.0,29.0,405.0,31.0,3.0,,,,4037476,1786524813731,4037489,1786524813744,,1786524813707.0,28.0,2026-08-12T08:53:34.7824088Z,232.0,,,oasis/bottle,,0.0,,,,,
,,,,,,,,,,,,,,,13.0,,,,,,,,,1.0,,,0.0,,,,,0.0,,,,,0.0,,,,,,,,,,,local.mqtt.telegraf,32.0,,31.39,,,,,,periodic,,24.0,,,,,5.0,5,08a6f76bd428,,,59440.0,43104.0,,6.0,1224.0,,,,,,,,,,,,,1225.0,,,,,08a6f76bd428-1225,,,0.0,,,,,,,273.0,1225.0,08:A6:F7:6B:D4:28,,,,,,502.0,79.0,29.0,20.0,20.0,9.0,,,0.0,20.0,385.0,23.0,3.0,,,,4039325,1786524815580,4039338,1786524815593,,1786524815556.0,28.0,2026-08-12T08:53:36.6192946Z,236.0,,,oasis/bottle,,0.0,,,,,
,,,,,,,,,,,,,,,13.0,,,,,,,,,1.0,,,0.0,,,,,0.0,,,,,0.0,,,,,,,,,,,local.mqtt.telegraf,32.0,,31.36,,,,,,periodic,,27.0,,,,,6.0,5,08a6f76bd428,,,51744.0,43104.0,,8.0,1225.0,,,,,,,,,,,,,1226.0,,,,,08a6f76bd428-1226,,,0.0,,,,,,,272.0,1226.0,08:A6:F7:6B:D4:28,,,,,,1511.0,79.0,29.0,20.0,20.0,9.0,,,0.0,20.0,385.0,23.0,3.0,,,,4040336,1786524816591,4040349,1786524816604,,1786524816564.0,28.0,2026-08-12T08:53:37.6202317Z,236.0,,,oasis/bottle,,0.0,,,,,
,,,,,,,,,,,,,,,14.0,,,,,,,,,1.0,,,0.0,,,,,0.0,,,,,0.0,,,,,,,,,,,local.mqtt.telegraf,32.0,,31.35,,,,,,periodic,,27.0,,,,,6.0,5,08a6f76bd428,,,121120.0,43104.0,,6.0,1226.0,,,,,,,,,,,,,1227.0,,,,,08a6f76bd428-1227,,,0.0,,,,,,,272.0,1227.0,08:A6:F7:6B:D4:28,,,,,,2921.0,79.0,29.0,20.0,20.0,9.0,,,0.0,20.0,385.0,23.0,3.0,,,,4041746,1786524818001,4041760,1786524818015,,1786524817974.0,28.0,2026-08-12T08:53:39.0389428Z,236.0,,,oasis/bottle,,0.0,,,,,
,,,,,,,,,,,,,,,13.0,,,,,,,,,1.0,,,0.0,,,,,0.0,,,,,0.0,,,,,,,,,,,local.mqtt.telegraf,32.0,,31.36,,,,,,periodic,,27.0,,,,,6.0,5,08a6f76bd428,,,113424.0,43104.0,,6.0,1227.0,,,,,,,,,,,,,1228.0,,,,,08a6f76bd428-1228,,,0.0,,,,,,,272.0,1228.0,08:A6:F7:6B:D4:28,,,,,,3941.0,79.0,29.0,20.0,20.0,9.0,,,0.0,20.0,385.0,23.0,3.0,,,,4042766,1786524819021,4042779,1786524819034,,1786524818994.0,28.0,2026-08-12T08:53:40.043525Z,236.0,,,oasis/bottle,,0.0,,,,,
,,,,,,,,,,,,,,,14.0,,,,,,,,,1.0,,,0.0,,,,,0.0,,,,,0.0,,,,,,,,,,,local.mqtt.telegraf,32.0,,31.52,,,,,,periodic,,27.0,,,,,6.0,5,08a6f76bd428,,,103104.0,43104.0,,6.0,1228.0,,,,,,,,,,,,,1229.0,,,,,08a6f76bd428-1229,,,0.0,,,,,,,272.0,1229.0,08:A6:F7:6B:D4:28,,,,,,5381.0,79.0,29.0,20.0,20.0,9.0,,,0.0,20.0,385.0,23.0,3.0,,,,4044206,1786524820461,4044220,1786524820475,,1786524820434.0,28.0,2026-08-12T08:53:41.4890563Z,236.0,,,oasis/bottle,,0.0,,,,,
,,,,,,,,,,,,,,,13.0,,,,,,,,,1.0,,,0.0,,,,,0.0,,,,,0.0,,,,,,,,,,,local.mqtt.telegraf,32.0,,31.39,,,,,,periodic,,27.0,,,,,6.0,5,08a6f76bd428,,,94752.0,43104.0,,6.0,1229.0,,,,,,,,,,,,,1230.0,,,,,08a6f76bd428-1230,,,0.0,,,,,,,272.0,1230.0,08:A6:F7:6B:D4:28,,,,,,6461.0,79.0,29.0,20.0,20.0,9.0,,,0.0,20.0,385.0,23.0,3.0,,,,4045286,1786524821541,4045299,1786524821554,,1786524821514.0,28.0,2026-08-12T08:53:42.5734011Z,236.0,,,oasis/bottle,,0.0,,,,,
,,,,,,,,,,,,,,,13.0,,,,,,,,,1.0,,,0.0,,,,,0.0,,,,,0.0,,,,,,,,,,,local.mqtt.telegraf,32.0,,31.35,,,,,,periodic,,27.0,,,,,6.0,5,08a6f76bd428,,,82944.0,43104.0,,11.0,1230.0,,,,,,,,,,,,,1231.0,,,,,08a6f76bd428-1231,,,0.0,,,,,,,272.0,1231.0,08:A6:F7:6B:D4:28,,,,,,8061.0,79.0,29.0,20.0,20.0,9.0,,,0.0,20.0,385.0,23.0,3.0,,,,4046886,1786524823141,4046899,1786524823154,,1786524823114.0,28.0,2026-08-12T08:53:44.1712034Z,236.0,,,oasis/bottle,,0.0,,,,,
,,,,,,,,,,,,,,,13.0,,,,,,,,,1.0,,,0.0,,,,,0.0,,,,,0.0,,,,,,,,,,,local.mqtt.telegraf,32.0,,31.46,,,,,,periodic,,27.0,,,,,6.0,5,08a6f76bd428,,,73280.0,43104.0,,6.0,1231.0,,,,,,,,,,,,,1232.0,,,,,08a6f76bd428-1232,,,0.0,,,,,,,272.0,1232.0,08:A6:F7:6B:D4:28,,,,,,9411.0,79.0,29.0,20.0,20.0,9.0,,,0.0,20.0,385.0,23.0,3.0,,,,4048236,1786524824491,4048249,1786524824504,,1786524824464.0,28.0,2026-08-12T08:53:45.5128069Z,236.0,,,oasis/bottle,,0.0,,,,,
,,,,,,,,,,,,,,,14.0,,,,,,,,,1.0,,,0.0,,,,,0.0,,,,,0.0,,,,,,,,,,,local.mqtt.telegraf,32.0,,31.35,,,,,,periodic,,26.0,,,,,5.0,5,08a6f76bd428,,,62928.0,43104.0,,6.0,1232.0,,,,,,,,,,,,,1233.0,,,,,08a6f76bd428-1233,,,0.0,,,,,,,273.0,1233.0,08:A6:F7:6B:D4:28,,,,,,10911.0,79.0,29.0,20.0,20.0,9.0,,,0.0,20.0,385.0,23.0,3.0,,,,4049736,1786524825991,4049750,1786524826005,,1786524825965.0,28.0,2026-08-12T08:53:47.0260499Z,236.0,,,oasis/bottle,,0.0,,,,,
,,,,,,,,,,,,,,,13.0,,,,,,,,,1.0,,,0.0,,,,,0.0,,,,,0.0,,,,,,,,,,,local.mqtt.telegraf,32.0,,31.56,,,,,,periodic,,27.0,,,,,6.0,5,08a6f76bd428,,,53904.0,43104.0,,5.0,1233.0,,,,,,,,,,,,,1234.0,,,,,08a6f76bd428-1234,,,0.0,,,,,,,272.0,1234.0,08:A6:F7:6B:D4:28,,,,,,12111.0,79.0,29.0,20.0,20.0,9.0,,,0.0,20.0,385.0,23.0,3.0,,,,4050936,1786524827191,4050949,1786524827204,,1786524827164.0,28.0,2026-08-12T08:53:48.2165819Z,236.0,,,oasis/bottle,,0.0,,,,,
,,,,,,,,,,,,,,,13.0,,,,,,,,,1.0,,,0.0,,,,,0.0,,,,,0.0,,,,,,,,,,,local.mqtt.telegraf,32.0,,31.39,,,,,,periodic,,27.0,,,,,6.0,5,08a6f76bd428,,,44896.0,43104.0,,6.0,1234.0,,,,,,,,,,,,,1235.0,,,,,08a6f76bd428-1235,,,0.0,,,,,,,272.0,1235.0,08:A6:F7:6B:D4:28,,,,,,13311.0,79.0,29.0,20.0,20.0,9.0,,,0.0,20.0,385.0,23.0,3.0,,,,4052136,1786524828391,4052149,1786524828404,,1786524828364.0,28.0,2026-08-12T08:53:49.4141928Z,236.0,,,oasis/bottle,,0.0,,,,,
,,,,,,,,,,,,,,,13.0,,,,,,,,,1.0,,,0.0,,,,,0.0,,,,,0.0,,,,,,,,,,,local.mqtt.telegraf,32.0,,31.31,,,,,,periodic,,27.0,,,,,6.0,5,08a6f76bd428,,,114592.0,43104.0,,6.0,1235.0,,,,,,,,,,,,,1236.0,,,,,08a6f76bd428-1236,,,0.0,,,,,,,272.0,1236.0,08:A6:F7:6B:D4:28,,,,,,14521.0,79.0,29.0,20.0,20.0,9.0,,,0.0,20.0,385.0,23.0,3.0,,,,4053346,1786524829601,4053359,1786524829614,,1786524829574.0,28.0,2026-08-12T08:53:50.6459825Z,236.0,,,oasis/bottle,,0.0,,,,,
,,,,,,,,,,,,,,,13.0,,,,,,,,,1.0,,,0.0,,,,,0.0,,,,,0.0,,,,,,,,,,,local.mqtt.telegraf,32.0,,31.25,,,,,,periodic,,27.0,,,,,6.0,5,08a6f76bd428,,,105568.0,43104.0,,7.0,1236.0,,,,,,,,,,,,,1237.0,,,,,08a6f76bd428-1237,,,0.0,,,,,,,272.0,1237.0,08:A6:F7:6B:D4:28,,,,,,15721.0,79.0,29.0,20.0,20.0,9.0,,,0.0,20.0,385.0,23.0,3.0,,,,4054546,1786524830801,4054559,1786524830814,,1786524830774.0,28.0,2026-08-12T08:53:51.8345466Z,236.0,,,oasis/bottle,,0.0,,,,,
,,,,,,,,,,,,,,,13.0,,,,,,,,,1.0,,,0.0,,,,,0.0,,,,,0.0,,,,,,,,,,,local.mqtt.telegraf,32.0,,31.44,,,,,,periodic,,27.0,,,,,6.0,5,08a6f76bd428,,,96544.0,43104.0,,6.0,1237.0,,,,,,,,,,,,,1238.0,,,,,08a6f76bd428-1238,,,0.0,,,,,,,272.0,1238.0,08:A6:F7:6B:D4:28,,,,,,16921.0,79.0,29.0,20.0,20.0,9.0,,,0.0,20.0,385.0,23.0,3.0,,,,4055746,1786524832001,4055759,1786524832014,,1786524831974.0,28.0,2026-08-12T08:53:53.0347973Z,236.0,,,oasis/bottle,,0.0,,,,,
,,,,,,,,,,,,,,,13.0,,,,,,,,,1.0,,,0.0,,,,,0.0,,,,,0.0,,,,,,,,,,,local.mqtt.telegraf,32.0,,31.4,,,,,,periodic,,27.0,,,,,6.0,5,08a6f76bd428,,,87536.0,43104.0,,7.0,1238.0,,,,,,,,,,,,,1239.0,,,,,08a6f76bd428-1239,,,0.0,,,,,,,272.0,1239.0,08:A6:F7:6B:D4:28,,,,,,18121.0,79.0,29.0,20.0,20.0,9.0,,,0.0,20.0,385.0,23.0,3.0,,,,4056946,1786524833201,4056959,1786524833214,,1786524833174.0,28.0,2026-08-12T08:53:54.2309293Z,236.0,,,oasis/bottle,,0.0,,,,,
,,,,,,,,,,,,,,,13.0,,,,,,,,,1.0,,,0.0,,,,,0.0,,,,,0.0,,,,,,,,,,,local.mqtt.telegraf,32.0,,31.31,,,,,,periodic,,27.0,,,,,6.0,5,08a6f76bd428,,,78528.0,43104.0,,6.0,1239.0,,,,,,,,,,,,,1240.0,,,,,08a6f76bd428-1240,,,0.0,,,,,,,272.0,1240.0,08:A6:F7:6B:D4:28,,,,,,19321.0,79.0,29.0,20.0,20.0,9.0,,,0.0,20.0,385.0,23.0,3.0,,,,4058146,1786524834401,4058159,1786524834414,,1786524834374.0,28.0,2026-08-12T08:53:55.4182893Z,236.0,,,oasis/bottle,,0.0,,,,,
,,,,,,,,,,,,,,,14.0,,,,,,,,,1.0,,,0.0,,,,,0.0,,,,,0.0,,,,,,,,,,,local.mqtt.telegraf,32.0,,31.35,,,,,,periodic,,21.0,,,,,5.0,5,08a6f76bd428,,,56240.0,43104.0,,6.0,1240.0,,,,,,,,,,,,,1241.0,,,,,08a6f76bd428-1241,,,0.0,,,,,,,273.0,1241.0,08:A6:F7:6B:D4:28,,,,,,692.0,80.0,31.0,29.0,29.0,2.0,,,0.0,29.0,415.0,31.0,3.0,,,,4059775,1786524836030,4059789,1786524836044,,1786524836009.0,28.0,2026-08-12T08:53:57.0560246Z,238.0,,,oasis/bottle,,0.0,,,,,
,,,,,,,,,,,,,,,13.0,,,,,,,,,1.0,,,0.0,,,,,0.0,,,,,0.0,,,,,,,,,,,local.mqtt.telegraf,32.0,,31.52,,,,,,periodic,,24.0,,,,,6.0,5,08a6f76bd428,,,48544.0,43104.0,,5.0,1241.0,,,,,,,,,,,,,1242.0,,,,,08a6f76bd428-1242,,,0.0,,,,,,,272.0,1242.0,08:A6:F7:6B:D4:28,,,,,,1721.0,80.0,31.0,29.0,29.0,2.0,,,0.0,29.0,415.0,31.0,3.0,,,,4060806,1786524837061,4060819,1786524837074,,1786524837037.0,28.0,2026-08-12T08:53:58.0871782Z,238.0,,,oasis/bottle,,0.0,,,,,
,,,,,,,,,,,,,,,13.0,,,,,,,,,1.0,,,0.0,,,,,0.0,,,,,0.0,,,,,,,,,,,local.mqtt.telegraf,32.0,,31.24,,,,,,periodic,,24.0,,,,,6.0,5,08a6f76bd428,,,117936.0,43104.0,,6.0,1242.0,,,,,,,,,,,,,1243.0,,,,,08a6f76bd428-1243,,,0.0,,,,,,,272.0,1243.0,08:A6:F7:6B:D4:28,,,,,,3171.0,80.0,31.0,29.0,29.0,2.0,,,0.0,29.0,415.0,31.0,3.0,,,,4062256,1786524838511,4062269,1786524838524,,1786524838487.0,28.0,2026-08-12T08:53:59.5356696Z,238.0,,,oasis/bottle,,0.0,,,,,
,,,,,,,,,,,,,,,14.0,,,,,,,,,1.0,,,0.0,,,,,0.0,,,,,0.0,,,,,,,,,,,local.mqtt.telegraf,32.0,,31.33,,,,,,periodic,,24.0,,,,,6.0,5,08a6f76bd428,,,109584.0,43104.0,,7.0,1243.0,,,,,,,,,,,,,1244.0,,,,,08a6f76bd428-1244,,,0.0,,,,,,,272.0,1244.0,08:A6:F7:6B:D4:28,,,,,,4271.0,80.0,31.0,29.0,29.0,2.0,,,0.0,29.0,415.0,31.0,3.0,,,,4063356,1786524839611,4063370,1786524839625,,1786524839587.0,28.0,2026-08-12T08:54:00.6406781Z,238.0,,,oasis/bottle,,0.0,,,,,
,,,,,,,,,,,,,,,13.0,,,,,,,,,1.0,,,0.0,,,,,0.0,,,,,0.0,,,,,,,,,,,local.mqtt.telegraf,32.0,,31.31,,,,,,periodic,,24.0,,,,,6.0,5,08a6f76bd428,,,101888.0,43104.0,,6.0,1244.0,,,,,,,,,,,,,1245.0,,,,,08a6f76bd428-1245,,,0.0,,,,,,,272.0,1245.0,08:A6:F7:6B:D4:28,,,,,,5271.0,80.0,31.0,29.0,29.0,2.0,,,0.0,29.0,415.0,31.0,3.0,,,,4064356,1786524840611,4064369,1786524840624,,1786524840587.0,28.0,2026-08-12T08:54:01.6452436Z,238.0,,,oasis/bottle,,0.0,,,,,
,,,,,,,,,,,,,,,13.0,,,,,,,,,1.0,,,0.0,,,,,0.0,,,,,0.0,,,,,,,,,,,local.mqtt.telegraf,32.0,,31.4,,,,,,periodic,,23.0,,,,,5.0,5,08a6f76bd428,,,92192.0,43104.0,,6.0,1245.0,,,,,,,,,,,,,1246.0,,,,,08a6f76bd428-1246,,,0.0,,,,,,,273.0,1246.0,08:A6:F7:6B:D4:28,,,,,,6661.0,80.0,31.0,29.0,29.0,2.0,,,0.0,29.0,415.0,31.0,3.0,,,,4065746,1786524842001,4065759,1786524842014,,1786524841978.0,28.0,2026-08-12T08:54:03.0421724Z,238.0,,,oasis/bottle,,0.0,,,,,
,,,,,,,,,,,,,,,13.0,,,,,,,,,1.0,,,0.0,,,,,0.0,,,,,0.0,,,,,,,,,,,local.mqtt.telegraf,32.0,,31.46,,,,,,periodic,,24.0,,,,,6.0,5,08a6f76bd428,,,81200.0,43104.0,,5.0,1246.0,,,,,,,,,,,,,1247.0,,,,,08a6f76bd428-1247,,,0.0,,,,,,,272.0,1247.0,08:A6:F7:6B:D4:28,,,,,,8241.0,80.0,31.0,29.0,29.0,2.0,,,0.0,29.0,415.0,31.0,3.0,,,,4067326,1786524843581,4067339,1786524843594,,1786524843557.0,28.0,2026-08-12T08:54:04.5996782Z,238.0,,,oasis/bottle,,0.0,,,,,
,,,,,,,,,,,,,,,14.0,,,,,,,,,1.0,,,0.0,,,,,0.0,,,,,0.0,,,,,,,,,,,local.mqtt.telegraf,32.0,,31.42,,,,,,periodic,,24.0,,,,,6.0,5,08a6f76bd428,,,71536.0,43104.0,,6.0,1247.0,,,,,,,,,,,,,1248.0,,,,,08a6f76bd428-1248,,,0.0,,,,,,,272.0,1248.0,08:A6:F7:6B:D4:28,,,,,,9601.0,80.0,31.0,29.0,29.0,2.0,,,0.0,29.0,415.0,31.0,3.0,,,,4068686,1786524844941,4068700,1786524844955,,1786524844917.0,28.0,2026-08-12T08:54:05.9735325Z,238.0,,,oasis/bottle,,0.0,,,,,
,,,,,,,,,,,,,,,13.0,,,,,,,,,1.0,,,0.0,,,,,0.0,,,,,0.0,,,,,,,,,,,local.mqtt.telegraf,32.0,,31.25,,,,,,periodic,,24.0,,,,,6.0,5,08a6f76bd428,,,60560.0,43104.0,,6.0,1248.0,,,,,,,,,,,,,1249.0,,,,,08a6f76bd428-1249,,,0.0,,,,,,,272.0,1249.0,08:A6:F7:6B:D4:28,,,,,,11121.0,80.0,31.0,29.0,29.0,2.0,,,0.0,29.0,415.0,31.0,3.0,,,,4070206,1786524846461,4070219,1786524846474,,1786524846437.0,28.0,2026-08-12T08:54:07.4942525Z,238.0,,,oasis/bottle,,0.0,,,,,
,,,,,,,,,,,,,,,13.0,,,,,,,,,1.0,,,0.0,,,,,0.0,,,,,0.0,,,,,,,,,,,local.mqtt.telegraf,32.0,,31.35,,,,,,periodic,,24.0,,,,,6.0,5,08a6f76bd428,,,51552.0,43104.0,,6.0,1249.0,,,,,,,,,,,,,1250.0,,,,,08a6f76bd428-1250,,,0.0,,,,,,,272.0,1250.0,08:A6:F7:6B:D4:28,,,,,,12351.0,80.0,31.0,29.0,29.0,2.0,,,0.0,29.0,415.0,31.0,3.0,,,,4071436,1786524847691,4071449,1786524847704,,1786524847667.0,28.0,2026-08-12T08:54:08.7132818Z,238.0,,,oasis/bottle,,0.0,,,,,
,,,,,,,,,,,,,,,13.0,,,,,,,,,1.0,,,0.0,,,,,0.0,,,,,0.0,,,,,,,,,,,local.mqtt.telegraf,32.0,,31.42,,,,,,periodic,,24.0,,,,,6.0,5,08a6f76bd428,,,122336.0,43104.0,,6.0,1250.0,,,,,,,,,,,,,1251.0,,,,,08a6f76bd428-1251,,,0.0,,,,,,,272.0,1251.0,08:A6:F7:6B:D4:28,,,,,,13611.0,80.0,31.0,29.0,29.0,2.0,,,0.0,29.0,415.0,31.0,3.0,,,,4072696,1786524848951,4072709,1786524848964,,1786524848927.0,28.0,2026-08-12T08:54:09.9859688Z,238.0,,,oasis/bottle,,0.0,,,,,
,,,,,,,,,,,,,,,13.0,,,,,,,,,1.0,,,0.0,,,,,0.0,,,,,0.0,,,,,,,,,,,local.mqtt.telegraf,32.0,,31.25,,,,,,periodic,,24.0,,,,,6.0,5,08a6f76bd428,,,112656.0,43104.0,,6.0,1251.0,,,,,,,,,,,,,1252.0,,,,,08a6f76bd428-1252,,,0.0,,,,,,,272.0,1252.0,08:A6:F7:6B:D4:28,,,,,,14931.0,80.0,31.0,29.0,29.0,2.0,,,0.0,29.0,415.0,31.0,3.0,,,,4074016,1786524850271,4074029,1786524850284,,1786524850247.0,28.0,2026-08-12T08:54:11.3033093Z,238.0,,,oasis/bottle,,0.0,,,,,
,,,,,,,,,,,,,,,13.0,,,,,,,,,1.0,,,0.0,,,,,0.0,,,,,0.0,,,,,,,,,,,local.mqtt.telegraf,32.0,,31.32,,,,,,periodic,,24.0,,,,,6.0,5,08a6f76bd428,,,102320.0,43104.0,,6.0,1252.0,,,,,,,,,,,,,1253.0,,,,,08a6f76bd428-1253,,,0.0,,,,,,,272.0,1253.0,08:A6:F7:6B:D4:28,,,,,,16371.0,80.0,31.0,29.0,29.0,2.0,,,0.0,29.0,415.0,31.0,3.0,,,,4075456,1786524851711,4075469,1786524851724,,1786524851687.0,28.0,2026-08-12T08:54:12.7308719Z,238.0,,,oasis/bottle,,0.0,,,,,
,,,,,,,,,,,,,,,13.0,,,,,,,,,1.0,,,0.0,,,,,0.0,,,,,0.0,,,,,,,,,,,local.mqtt.telegraf,32.0,,31.19,,,,,,periodic,,24.0,,,,,6.0,5,08a6f76bd428,,,93952.0,43104.0,,6.0,1253.0,,,,,,,,,,,,,1254.0,,,,,08a6f76bd428-1254,,,0.0,,,,,,,272.0,1254.0,08:A6:F7:6B:D4:28,,,,,,17451.0,80.0,31.0,29.0,29.0,2.0,,,0.0,29.0,415.0,31.0,3.0,,,,4076536,1786524852791,4076549,1786524852804,,1786524852767.0,28.0,2026-08-12T08:54:13.8119963Z,238.0,,,oasis/bottle,,0.0,,,,,
,,,,,,,,,,,,,,,14.0,,,,,,,,,1.0,,,0.0,,,,,0.0,,,,,0.0,,,,,,,,,,,local.mqtt.telegraf,32.0,,31.23,,,,,,periodic,,24.0,,,,,6.0,5,08a6f76bd428,,,82976.0,43104.0,,6.0,1254.0,,,,,,,,,,,,,1255.0,,,,,08a6f76bd428-1255,,,0.0,,,,,,,272.0,1255.0,08:A6:F7:6B:D4:28,,,,,,19001.0,80.0,31.0,29.0,29.0,2.0,,,0.0,29.0,415.0,31.0,3.0,,,,4078086,1786524854341,4078100,1786524854355,,1786524854317.0,28.0,2026-08-12T08:54:15.3743597Z,238.0,,,oasis/bottle,,0.0,,,,,
,,,,,,,,,,,,,,,13.0,,,,,,,,,1.0,,,0.0,,,,,0.0,,,,,0.0,,,,,,,,,,,local.mqtt.telegraf,32.0,,31.33,,,,,,periodic,,24.0,,,,,6.0,5,08a6f76bd428,,,73312.0,43104.0,,6.0,1255.0,,,,,,,,,,,,,1256.0,,,,,08a6f76bd428-1256,,,0.0,,,,,,,272.0,1256.0,08:A6:F7:6B:D4:28,,,,,,20301.0,80.0,31.0,29.0,29.0,2.0,,,0.0,29.0,415.0,31.0,3.0,,,,4079386,1786524855641,4079399,1786524855654,,1786524855617.0,28.0,2026-08-12T08:54:16.6725745Z,238.0,,,oasis/bottle,,0.0,,,,,
,,,,,,,,,,,,,,,13.0,,,,,,,,,1.0,,,0.0,,,,,0.0,,,,,0.0,,,,,,,,,,,local.mqtt.telegraf,32.0,,31.31,,,,,,periodic,,23.0,,,,,6.0,5,08a6f76bd428,,,52288.0,43104.0,,6.0,1256.0,,,,,,,,,,,,,1257.0,,,,,08a6f76bd428-1257,,,0.0,,,,,,,272.0,1257.0,08:A6:F7:6B:D4:28,,,,,,1251.0,81.0,31.0,29.0,29.0,2.0,,,-1.0,29.0,384.0,31.0,3.0,,,,4080785,1786524857040,4080798,1786524857053,,1786524857017.0,28.0,2026-08-12T08:54:18.0666575Z,241.0,,,oasis/bottle,,0.0,,,,,
,,,,,,,,,,,,,,,13.0,,,,,,,,,1.0,,,0.0,,,,,0.0,,,,,0.0,,,,,,,,,,,local.mqtt.telegraf,32.0,,31.35,,,,,,periodic,,24.0,,,,,6.0,5,08a6f76bd428,,,44592.0,43104.0,,7.0,1257.0,,,,,,,,,,,,,1258.0,,,,,08a6f76bd428-1258,,,0.0,,,,,,,272.0,1258.0,08:A6:F7:6B:D4:28,,,,,,2251.0,81.0,31.0,29.0,29.0,2.0,,,-1.0,29.0,384.0,31.0,3.0,,,,4081786,1786524858041,4081799,1786524858054,,1786524858017.0,28.0,2026-08-12T08:54:19.085054Z,241.0,,,oasis/bottle,,0.0,,,,,
,,,,,,,,,,,,,,,13.0,,,,,,,,,1.0,,,0.0,,,,,0.0,,,,,0.0,,,,,,,,,,,local.mqtt.telegraf,32.0,,31.29,,,,,,periodic,,24.0,,,,,6.0,5,08a6f76bd428,,,113504.0,43104.0,,12.0,1258.0,,,,,,,,,,,,,1259.0,,,,,08a6f76bd428-1259,,,0.0,,,,,,,272.0,1259.0,08:A6:F7:6B:D4:28,,,,,,3671.0,81.0,31.0,29.0,29.0,2.0,,,-1.0,29.0,384.0,31.0,3.0,,,,4083206,1786524859461,4083219,1786524859474,,1786524859437.0,28.0,2026-08-12T08:54:20.4922497Z,241.0,,,oasis/bottle,,0.0,,,,,
,,,,,,,,,,,,,,,13.0,,,,,,,,,1.0,,,0.0,,,,,0.0,,,,,0.0,,,,,,,,,,,local.mqtt.telegraf,32.0,,31.21,,,,,,periodic,,24.0,,,,,6.0,5,08a6f76bd428,,,105744.0,43104.0,,6.0,1259.0,,,,,,,,,,,,,1260.0,,,,,08a6f76bd428-1260,,,0.0,,,,,,,272.0,1260.0,08:A6:F7:6B:D4:28,,,,,,4681.0,81.0,31.0,29.0,29.0,2.0,,,-1.0,29.0,384.0,31.0,3.0,,,,4084216,1786524860471,4084229,1786524860484,,1786524860447.0,28.0,2026-08-12T08:54:21.5002335Z,241.0,,,oasis/bottle,,0.0,,,,,
,,,,,,,,,,,,,,,13.0,,,,,,,,,1.0,,,0.0,,,,,0.0,,,,,0.0,,,,,,,,,,,local.mqtt.telegraf,32.0,,31.29,,,,,,periodic,,24.0,,,,,6.0,5,08a6f76bd428,,,94576.0,43104.0,,6.0,1260.0,,,,,,,,,,,,,1261.0,,,,,08a6f76bd428-1261,,,0.0,,,,,,,272.0,1261.0,08:A6:F7:6B:D4:28,,,,,,6151.0,81.0,31.0,29.0,29.0,2.0,,,-1.0,29.0,384.0,31.0,3.0,,,,4085686,1786524861941,4085699,1786524861954,,1786524861917.0,28.0,2026-08-12T08:54:22.9657843Z,241.0,,,oasis/bottle,,0.0,,,,,
,,,,,,,,,,,,,,,13.0,,,,,,,,,1.0,,,0.0,,,,,0.0,,,,,0.0,,,,,,,,,,,local.mqtt.telegraf,32.0,,31.4,,,,,,periodic,,24.0,,,,,6.0,5,08a6f76bd428,,,86224.0,43104.0,,6.0,1261.0,,,,,,,,,,,,,1262.0,,,,,08a6f76bd428-1262,,,0.0,,,,,,,272.0,1262.0,08:A6:F7:6B:D4:28,,,,,,7241.0,81.0,31.0,29.0,29.0,2.0,,,-1.0,29.0,384.0,31.0,3.0,,,,4086776,1786524863031,4086789,1786524863044,,1786524863007.0,28.0,2026-08-12T08:54:24.0581101Z,241.0,,,oasis/bottle,,0.0,,,,,
,,,,,,,,,,,,,,,13.0,,,,,,,,,1.0,,,0.0,,,,,0.0,,,,,0.0,,,,,,,,,,,local.mqtt.telegraf,32.0,,31.31,,,,,,periodic,,24.0,,,,,6.0,5,08a6f76bd428,,,75248.0,43104.0,,6.0,1262.0,,,,,,,,,,,,,1263.0,,,,,08a6f76bd428-1263,,,0.0,,,,,,,272.0,1263.0,08:A6:F7:6B:D4:28,,,,,,8821.0,81.0,31.0,29.0,29.0,2.0,,,-1.0,29.0,384.0,31.0,3.0,,,,4088356,1786524864611,4088369,1786524864624,,1786524864587.0,28.0,2026-08-12T08:54:25.64079Z,241.0,,,oasis/bottle,,0.0,,,,,
,,,,,,,,,,,,,,,13.0,,,,,,,,,1.0,,,0.0,,,,,0.0,,,,,0.0,,,,,,,,,,,local.mqtt.telegraf,32.0,,31.29,,,,,,periodic,,24.0,,,,,6.0,5,08a6f76bd428,,,65584.0,43104.0,,7.0,1263.0,,,,,,,,,,,,,1264.0,,,,,08a6f76bd428-1264,,,0.0,,,,,,,272.0,1264.0,08:A6:F7:6B:D4:28,,,,,,10181.0,81.0,31.0,29.0,29.0,2.0,,,-1.0,29.0,384.0,31.0,3.0,,,,4089716,1786524865971,4089729,1786524865984,,1786524865947.0,28.0,2026-08-12T08:54:26.9961132Z,241.0,,,oasis/bottle,,0.0,,,,,
,,,,,,,,,,,,,,,13.0,,,,,,,,,1.0,,,0.0,,,,,0.0,,,,,0.0,,,,,,,,,,,local.mqtt.telegraf,32.0,,31.19,,,,,,periodic,,24.0,,,,,6.0,5,08a6f76bd428,,,54592.0,43104.0,,6.0,1264.0,,,,,,,,,,,,,1265.0,,,,,08a6f76bd428-1265,,,0.0,,,,,,,272.0,1265.0,08:A6:F7:6B:D4:28,,,,,,11691.0,81.0,31.0,29.0,29.0,2.0,,,-1.0,29.0,384.0,31.0,3.0,,,,4091226,1786524867481,4091239,1786524867494,,1786524867457.0,28.0,2026-08-12T08:54:28.5018347Z,241.0,,,oasis/bottle,,0.0,,,,,
,,,,,,,,,,,,,,,13.0,,,,,,,,,1.0,,,0.0,,,,,0.0,,,,,0.0,,,,,,,,,,,local.mqtt.telegraf,32.0,,31.4,,,,,,periodic,,24.0,,,,,6.0,5,08a6f76bd428,,,45568.0,43104.0,,6.0,1265.0,,,,,,,,,,,,,1266.0,,,,,08a6f76bd428-1266,,,0.0,,,,,,,272.0,1266.0,08:A6:F7:6B:D4:28,,,,,,12911.0,81.0,31.0,29.0,29.0,2.0,,,-1.0,29.0,384.0,31.0,3.0,,,,4092446,1786524868701,4092459,1786524868714,,1786524868677.0,28.0,2026-08-12T08:54:29.7307727Z,241.0,,,oasis/bottle,,0.0,,,,,
,,,,,,,,,,,,,,,13.0,,,,,,,,,1.0,,,0.0,,,,,0.0,,,,,0.0,,,,,,,,,,,local.mqtt.telegraf,32.0,,31.5,,,,,,periodic,,24.0,,,,,6.0,5,08a6f76bd428,,,114816.0,43104.0,,7.0,1266.0,,,,,,,,,,,,,1267.0,,,,,08a6f76bd428-1267,,,0.0,,,,,,,272.0,1267.0,08:A6:F7:6B:D4:28,,,,,,14161.0,81.0,31.0,29.0,29.0,2.0,,,-1.0,29.0,384.0,31.0,3.0,,,,4093696,1786524869951,4093709,1786524869964,,1786524869927.0,28.0,2026-08-12T08:54:30.986171Z,241.0,,,oasis/bottle,,0.0,,,,,
,,,,,,,,,,,,,,,13.0,,,,,,,,,1.0,,,0.0,,,,,0.0,,,,,0.0,,,,,,,,,,,local.mqtt.telegraf,32.0,,31.24,,,,,,periodic,,24.0,,,,,6.0,5,08a6f76bd428,,,105136.0,43104.0,,18.0,1267.0,,,,,,,,,,,,,1268.0,,,,,08a6f76bd428-1268,,,0.0,,,,,,,272.0,1268.0,08:A6:F7:6B:D4:28,,,,,,15471.0,81.0,31.0,29.0,29.0,2.0,,,-1.0,29.0,384.0,31.0,3.0,,,,4095006,1786524871261,4095019,1786524871274,,1786524871237.0,28.0,2026-08-12T08:54:32.2942272Z,241.0,,,oasis/bottle,,0.0,,,,,
,,,,,,,,,,,,,,,13.0,,,,,,,,,1.0,,,0.0,,,,,0.0,,,,,0.0,,,,,,,,,,,local.mqtt.telegraf,32.0,,31.33,,,,,,periodic,,23.0,,,,,5.0,5,08a6f76bd428,,,95376.0,43104.0,,6.0,1268.0,,,,,,,,,,,,,1269.0,,,,,08a6f76bd428-1269,,,0.0,,,,,,,273.0,1269.0,08:A6:F7:6B:D4:28,,,,,,16861.0,81.0,31.0,29.0,29.0,2.0,,,-1.0,29.0,384.0,31.0,3.0,,,,4096396,1786524872651,4096409,1786524872664,,1786524872628.0,28.0,2026-08-12T08:54:33.695456Z,241.0,,,oasis/bottle,,0.0,,,,,
,,,,,,,,,,,,,,,13.0,,,,,,,,,1.0,,,0.0,,,,,0.0,,,,,0.0,,,,,,,,,,,local.mqtt.telegraf,32.0,,31.35,,,,,,periodic,,24.0,,,,,6.0,5,08a6f76bd428,,,84368.0,43104.0,,9.0,1269.0,,,,,,,,,,,,,1270.0,,,,,08a6f76bd428-1270,,,0.0,,,,,,,272.0,1270.0,08:A6:F7:6B:D4:28,,,,,,18451.0,81.0,31.0,29.0,29.0,2.0,,,-1.0,29.0,384.0,31.0,3.0,,,,4097986,1786524874241,4097999,1786524874254,,1786524874217.0,28.0,2026-08-12T08:54:35.2731771Z,241.0,,,oasis/bottle,,0.0,,,,,
,,,,,,,,,,,,,,,13.0,,,,,,,,,1.0,,,0.0,,,,,0.0,,,,,0.0,,,,,,,,,,,local.mqtt.telegraf,32.0,,31.33,,,,,,periodic,,24.0,,,,,6.0,5,08a6f76bd428,,,74688.0,43104.0,,6.0,1270.0,,,,,,,,,,,,,1271.0,,,,,08a6f76bd428-1271,,,0.0,,,,,,,272.0,1271.0,08:A6:F7:6B:D4:28,,,,,,19821.0,81.0,31.0,29.0,29.0,2.0,,,-1.0,29.0,384.0,31.0,3.0,,,,4099356,1786524875611,4099369,1786524875624,,1786524875587.0,28.0,2026-08-12T08:54:36.6454267Z,241.0,,,oasis/bottle,,0.0,,,,,
,,,,,,,,,,,,,,,14.0,,,,,,,,,1.0,,,0.0,,,,,0.0,,,,,0.0,,,,,,,,,,,local.mqtt.telegraf,32.0,,31.25,,,,,,periodic,,23.0,,,,,6.0,5,08a6f76bd428,,,52992.0,43104.0,,7.0,1271.0,,,,,,,,,,,,,1272.0,,,,,08a6f76bd428-1272,,,0.0,,,,,,,272.0,1272.0,08:A6:F7:6B:D4:28,,,,,,941.0,82.0,31.0,29.0,29.0,2.0,,,0.0,29.0,383.0,31.0,3.0,,,,4100895,1786524877150,4100909,1786524877164,,1786524877127.0,28.0,2026-08-12T08:54:38.1774761Z,244.0,,,oasis/bottle,,0.0,,,,,
,,,,,,,,,,,,,,,14.0,,,,,,,,,1.0,,,0.0,,,,,0.0,,,,,0.0,,,,,,,,,,,local.mqtt.telegraf,32.0,,31.24,,,,,,periodic,,24.0,,,,,11.0,5,08a6f76bd428,,,43984.0,43104.0,,6.0,1272.0,,,,,,,,,,,,,1273.0,,,,,08a6f76bd428-1273,,,0.0,,,,,,,272.0,1273.0,08:A6:F7:6B:D4:28,,,,,,2211.0,82.0,31.0,29.0,29.0,2.0,,,0.0,29.0,383.0,31.0,3.0,,,,4102166,1786524878421,4102180,1786524878435,,1786524878397.0,28.0,2026-08-12T08:54:39.4389649Z,244.0,,,oasis/bottle,,0.0,,,,,
,,,,,,,,,,,,,,,13.0,,,,,,,,,1.0,,,0.0,,,,,0.0,,,,,0.0,,,,,,,,,,,local.mqtt.telegraf,32.0,,31.25,,,,,,periodic,,24.0,,,,,6.0,5,08a6f76bd428,,,113344.0,43104.0,,6.0,1273.0,,,,,,,,,,,,,1274.0,,,,,08a6f76bd428-1274,,,0.0,,,,,,,272.0,1274.0,08:A6:F7:6B:D4:28,,,,,,3561.0,82.0,31.0,29.0,29.0,2.0,,,0.0,29.0,383.0,31.0,3.0,,,,4103516,1786524879771,4103529,1786524879784,,1786524879747.0,28.0,2026-08-12T08:54:40.7927743Z,244.0,,,oasis/bottle,,0.0,,,,,
,,,,,,,,,,,,,,,13.0,,,,,,,,,1.0,,,0.0,,,,,0.0,,,,,0.0,,,,,,,,,,,local.mqtt.telegraf,32.0,,31.29,,,,,,periodic,,23.0,,,,,5.0,5,08a6f76bd428,,,102992.0,43104.0,,9.0,1274.0,,,,,,,,,,,,,1275.0,,,,,08a6f76bd428-1275,,,0.0,,,,,,,273.0,1275.0,08:A6:F7:6B:D4:28,,,,,,5061.0,82.0,31.0,29.0,29.0,2.0,,,0.0,29.0,383.0,31.0,3.0,,,,4105016,1786524881271,4105029,1786524881284,,1786524881248.0,28.0,2026-08-12T08:54:42.3018344Z,244.0,,,oasis/bottle,,0.0,,,,,
,,,,,,,,,,,,,,,13.0,,,,,,,,,1.0,,,0.0,,,,,0.0,,,,,0.0,,,,,,,,,,,local.mqtt.telegraf,32.0,,31.46,,,,,,periodic,,24.0,,,,,6.0,5,08a6f76bd428,,,93968.0,43104.0,,6.0,1275.0,,,,,,,,,,,,,1276.0,,,,,08a6f76bd428-1276,,,0.0,,,,,,,272.0,1276.0,08:A6:F7:6B:D4:28,,,,,,6251.0,82.0,31.0,29.0,29.0,2.0,,,0.0,29.0,383.0,31.0,3.0,,,,4106206,1786524882461,4106219,1786524882474,,1786524882437.0,28.0,2026-08-12T08:54:43.4856214Z,244.0,,,oasis/bottle,,0.0,,,,,
,,,,,,,,,,,,,,,13.0,,,,,,,,,1.0,,,0.0,,,,,0.0,,,,,0.0,,,,,,,,,,,local.mqtt.telegraf,32.0,,31.38,,,,,,periodic,,23.0,,,,,5.0,5,08a6f76bd428,,,85584.0,43104.0,,6.0,1276.0,,,,,,,,,,,,,1277.0,,,,,08a6f76bd428-1277,,,0.0,,,,,,,273.0,1277.0,08:A6:F7:6B:D4:28,,,,,,7421.0,82.0,31.0,29.0,29.0,2.0,,,0.0,29.0,383.0,31.0,3.0,,,,4107376,1786524883631,4107389,1786524883644,,1786524883608.0,28.0,2026-08-12T08:54:44.6533926Z,244.0,,,oasis/bottle,,0.0,,,,,
,,,,,,,,,,,,,,,13.0,,,,,,,,,1.0,,,0.0,,,,,0.0,,,,,0.0,,,,,,,,,,,local.mqtt.telegraf,32.0,,31.36,,,,,,periodic,,24.0,,,,,6.0,5,08a6f76bd428,,,77216.0,43104.0,,7.0,1277.0,,,,,,,,,,,,,1278.0,,,,,08a6f76bd428-1278,,,0.0,,,,,,,272.0,1278.0,08:A6:F7:6B:D4:28,,,,,,8571.0,82.0,31.0,29.0,29.0,2.0,,,0.0,29.0,383.0,31.0,3.0,,,,4108526,1786524884781,4108539,1786524884794,,1786524884757.0,28.0,2026-08-12T08:54:45.8135416Z,244.0,,,oasis/bottle,,0.0,,,,,
,,,,,,,,,,,,,,,13.0,,,,,,,,,1.0,,,0.0,,,,,0.0,,,,,0.0,,,,,,,,,,,local.mqtt.telegraf,32.0,,31.38,,,,,,periodic,,24.0,,,,,6.0,5,08a6f76bd428,,,68864.0,43104.0,,8.0,1278.0,,,,,,,,,,,,,1279.0,,,,,08a6f76bd428-1279,,,0.0,,,,,,,272.0,1279.0,08:A6:F7:6B:D4:28,,,,,,9660.0,82.0,31.0,29.0,29.0,2.0,,,0.0,29.0,383.0,31.0,3.0,,,,4109616,1786524885871,4109629,1786524885884,,1786524885847.0,28.0,2026-08-12T08:54:46.8923953Z,244.0,,,oasis/bottle,,0.0,,,,,
,,,,,,,,,,,,,,,13.0,,,,,,,,,1.0,,,0.0,,,,,0.0,,,,,0.0,,,,,,,,,,,local.mqtt.telegraf,31.0,,31.43,,,,,,periodic,,23.0,,,,,5.0,5,08a6f76bd428,,,57888.0,43104.0,,5.0,1279.0,,,,,,,,,,,,,1280.0,,,,,08a6f76bd428-1280,,,0.0,,,,,,,273.0,1280.0,08:A6:F7:6B:D4:28,,,,,,11241.0,82.0,31.0,29.0,29.0,2.0,,,0.0,29.0,383.0,31.0,3.0,,,,4111196,1786524887451,4111209,1786524887464,,1786524887428.0,28.0,2026-08-12T08:54:48.472994Z,244.0,,,oasis/bottle,,0.0,,,,,
,,,,,,,,,,,,,,,13.0,,,,,,,,,1.0,,,0.0,,,,,0.0,,,,,0.0,,,,,,,,,,,local.mqtt.telegraf,31.0,,31.33,,,,,,periodic,,23.0,,,,,5.0,5,08a6f76bd428,,,48224.0,43104.0,,6.0,1280.0,,,,,,,,,,,,,1281.0,,,,,08a6f76bd428-1281,,,0.0,,,,,,,272.0,1281.0,08:A6:F7:6B:D4:28,,,,,,12601.0,82.0,31.0,29.0,29.0,2.0,,,0.0,29.0,383.0,31.0,3.0,,,,4112556,1786524888811,4112569,1786524888824,,1786524888788.0,28.0,2026-08-12T08:54:49.8445716Z,244.0,,,oasis/bottle,,0.0,,,,,
,,,,,,,,,,,,,,,13.0,,,,,,,,,1.0,,,0.0,,,,,0.0,,,,,0.0,,,,,,,,,,,local.mqtt.telegraf,32.0,,31.35,,,,,,periodic,,24.0,,,,,6.0,5,08a6f76bd428,,,117264.0,43104.0,,6.0,1281.0,,,,,,,,,,,,,1282.0,,,,,08a6f76bd428-1282,,,0.0,,,,,,,272.0,1282.0,08:A6:F7:6B:D4:28,,,,,,14111.0,82.0,31.0,29.0,29.0,2.0,,,0.0,29.0,383.0,31.0,3.0,,,,4114066,1786524890321,4114079,1786524890334,,1786524890297.0,28.0,2026-08-12T08:54:51.3506011Z,244.0,,,oasis/bottle,,0.0,,,,,
,,,,,,,,,,,,,,,13.0,,,,,,,,,1.0,,,0.0,,,,,0.0,,,,,0.0,,,,,,,,,,,local.mqtt.telegraf,31.0,,31.39,,,,,,periodic,,23.0,,,,,5.0,5,08a6f76bd428,,,108240.0,43104.0,,7.0,1282.0,,,,,,,,,,,,,1283.0,,,,,08a6f76bd428-1283,,,0.0,,,,,,,273.0,1283.0,08:A6:F7:6B:D4:28,,,,,,15331.0,82.0,31.0,29.0,29.0,2.0,,,0.0,29.0,383.0,31.0,3.0,,,,4115286,1786524891541,4115299,1786524891554,,1786524891518.0,28.0,2026-08-12T08:54:52.5726951Z,244.0,,,oasis/bottle,,0.0,,,,,
,,,,,,,,,,,,,,,13.0,,,,,,,,,1.0,,,0.0,,,,,0.0,,,,,0.0,,,,,,,,,,,local.mqtt.telegraf,31.0,,31.43,,,,,,periodic,,23.0,,,,,5.0,5,08a6f76bd428,,,99216.0,43104.0,,6.0,1283.0,,,,,,,,,,,,,1284.0,,,,,08a6f76bd428-1284,,,0.0,,,,,,,273.0,1284.0,08:A6:F7:6B:D4:28,,,,,,16571.0,82.0,31.0,29.0,29.0,2.0,,,0.0,29.0,383.0,31.0,3.0,,,,4116526,1786524892781,4116539,1786524892794,,1786524892758.0,28.0,2026-08-12T08:54:53.8081571Z,244.0,,,oasis/bottle,,0.0,,,,,
,,,,,,,,,,,,,,,13.0,,,,,,,,,1.0,,,0.0,,,,,0.0,,,,,0.0,,,,,,,,,,,local.mqtt.telegraf,32.0,,31.38,,,,,,periodic,,23.0,,,,,5.0,5,08a6f76bd428,,,90176.0,43104.0,,8.0,1284.0,,,,,,,,,,,,,1285.0,,,,,08a6f76bd428-1285,,,0.0,,,,,,,273.0,1285.0,08:A6:F7:6B:D4:28,,,,,,17851.0,82.0,31.0,29.0,29.0,2.0,,,0.0,29.0,383.0,31.0,3.0,,,,4117806,1786524894061,4117819,1786524894074,,1786524894038.0,28.0,2026-08-12T08:54:55.0890938Z,244.0,,,oasis/bottle,,0.0,,,,,
,,,,,,,,,,,,,,,13.0,,,,,,,,,1.0,,,0.0,,,,,0.0,,,,,0.0,,,,,,,,,,,local.mqtt.telegraf,31.0,,31.38,,,,,,periodic,,23.0,,,,,5.0,5,08a6f76bd428,,,80496.0,43104.0,,6.0,1285.0,,,,,,,,,,,,,1286.0,,,,,08a6f76bd428-1286,,,0.0,,,,,,,273.0,1286.0,08:A6:F7:6B:D4:28,,,,,,19211.0,82.0,31.0,29.0,29.0,2.0,,,0.0,29.0,383.0,31.0,3.0,,,,4119166,1786524895421,4119179,1786524895434,,1786524895398.0,28.0,2026-08-12T08:54:56.4508635Z,244.0,,,oasis/bottle,,0.0,,,,,
,,,,,,,,,,,,,,,14.0,,,,,,,,,1.0,,,0.0,,,,,0.0,,,,,0.0,,,,,,,,,,,local.mqtt.telegraf,32.0,,31.39,,,,,,periodic,,21.0,,,,,5.0,5,08a6f76bd428,,,56896.0,43104.0,,6.0,1286.0,,,,,,,,,,,,,1287.0,,,,,08a6f76bd428-1287,,,0.0,,,,,,,273.0,1287.0,08:A6:F7:6B:D4:28,,,,,,682.0,83.0,31.0,29.0,29.0,2.0,,,0.0,29.0,405.0,31.0,3.0,,,,4121055,1786524897310,4121069,1786524897324,,1786524897289.0,28.0,2026-08-12T08:54:58.3402088Z,247.0,,,oasis/bottle,,0.0,,,,,
,,,,,,,,,,,,,,,13.0,,,,,,,,,1.0,,,0.0,,,,,0.0,,,,,0.0,,,,,,,,,,,local.mqtt.telegraf,31.0,,31.2,,,,,,periodic,,23.0,,,,,5.0,5,08a6f76bd428,,,49200.0,43104.0,,5.0,1287.0,,,,,,,,,,,,,1288.0,,,,,08a6f76bd428-1288,,,0.0,,,,,,,273.0,1288.0,08:A6:F7:6B:D4:28,,,,,,1681.0,83.0,31.0,29.0,29.0,2.0,,,0.0,29.0,405.0,31.0,3.0,,,,4122056,1786524898311,4122069,1786524898324,,1786524898288.0,28.0,2026-08-12T08:54:59.3305625Z,247.0,,,oasis/bottle,,0.0,,,,,
,,,,,,,,,,,,,,,13.0,,,,,,,,,1.0,,,0.0,,,,,0.0,,,,,0.0,,,,,,,,,,,local.mqtt.telegraf,31.0,,31.36,,,,,,periodic,,23.0,,,,,5.0,5,08a6f76bd428,,,118496.0,43104.0,,8.0,1288.0,,,,,,,,,,,,,1289.0,,,,,08a6f76bd428-1289,,,0.0,,,,,,,273.0,1289.0,08:A6:F7:6B:D4:28,,,,,,3081.0,83.0,31.0,29.0,29.0,2.0,,,0.0,29.0,405.0,31.0,3.0,,,,4123456,1786524899711,4123469,1786524899724,,1786524899688.0,28.0,2026-08-12T08:55:00.7343597Z,247.0,,,oasis/bottle,,0.0,,,,,
,,,,,,,,,,,,,,,13.0,,,,,,,,,1.0,,,0.0,,,,,0.0,,,,,0.0,,,,,,,,,,,local.mqtt.telegraf,31.0,,31.36,,,,,,periodic,,23.0,,,,,5.0,5,08a6f76bd428,,,110800.0,43104.0,,6.0,1289.0,,,,,,,,,,,,,1290.0,,,,,08a6f76bd428-1290,,,0.0,,,,,,,273.0,1290.0,08:A6:F7:6B:D4:28,,,,,,4081.0,83.0,31.0,29.0,29.0,2.0,,,0.0,29.0,405.0,31.0,3.0,,,,4124456,1786524900711,4124469,1786524900724,,1786524900688.0,28.0,2026-08-12T08:55:01.7370779Z,247.0,,,oasis/bottle,,0.0,,,,,
,,,,,,,,,,,,,,,13.0,,,,,,,,,1.0,,,0.0,,,,,0.0,,,,,0.0,,,,,,,,,,,local.mqtt.telegraf,31.0,,31.42,,,,,,periodic,,23.0,,,,,5.0,5,08a6f76bd428,,,99648.0,43104.0,,6.0,1290.0,,,,,,,,,,,,,1291.0,,,,,08a6f76bd428-1291,,,0.0,,,,,,,273.0,1291.0,08:A6:F7:6B:D4:28,,,,,,5521.0,83.0,31.0,29.0,29.0,2.0,,,0.0,29.0,405.0,31.0,3.0,,,,4125896,1786524902151,4125909,1786524902164,,1786524902128.0,28.0,2026-08-12T08:55:03.1930576Z,247.0,,,oasis/bottle,,0.0,,,,,
,,,,,,,,,,,,,,,13.0,,,,,,,,,1.0,,,0.0,,,,,0.0,,,,,0.0,,,,,,,,,,,local.mqtt.telegraf,31.0,,31.35,,,,,,periodic,,23.0,,,,,5.0,5,08a6f76bd428,,,91952.0,43104.0,,6.0,1291.0,,,,,,,,,,,,,1292.0,,,,,08a6f76bd428-1292,,,0.0,,,,,,,273.0,1292.0,08:A6:F7:6B:D4:28,,,,,,6551.0,83.0,31.0,29.0,29.0,2.0,,,0.0,29.0,405.0,31.0,3.0,,,,4126926,1786524903181,4126939,1786524903194,,1786524903158.0,28.0,2026-08-12T08:55:04.2082338Z,247.0,,,oasis/bottle,,0.0,,,,,
,,,,,,,,,,,,,,,13.0,,,,,,,,,1.0,,,0.0,,,,,0.0,,,,,0.0,,,,,,,,,,,local.mqtt.telegraf,31.0,,31.33,,,,,,periodic,,23.0,,,,,5.0,5,08a6f76bd428,,,81632.0,43104.0,,10.0,1292.0,,,,,,,,,,,,,1293.0,,,,,08a6f76bd428-1293,,,0.0,,,,,,,273.0,1293.0,08:A6:F7:6B:D4:28,,,,,,8021.0,83.0,31.0,29.0,29.0,2.0,,,0.0,29.0,405.0,31.0,3.0,,,,4128396,1786524904651,4128409,1786524904664,,1786524904628.0,28.0,2026-08-12T08:55:05.6807629Z,247.0,,,oasis/bottle,,0.0,,,,,
,,,,,,,,,,,,,,,13.0,,,,,,,,,1.0,,,0.0,,,,,0.0,,,,,0.0,,,,,,,,,,,local.mqtt.telegraf,31.0,,31.36,,,,,,periodic,,23.0,,,,,5.0,5,08a6f76bd428,,,73280.0,43104.0,,8.0,1293.0,,,,,,,,,,,,,1294.0,,,,,08a6f76bd428-1294,,,0.0,,,,,,,273.0,1294.0,08:A6:F7:6B:D4:28,,,,,,9151.0,83.0,31.0,29.0,29.0,2.0,,,0.0,29.0,405.0,31.0,3.0,,,,4129526,1786524905781,4129539,1786524905794,,1786524905758.0,28.0,2026-08-12T08:55:06.8001679Z,247.0,,,oasis/bottle,,0.0,,,,,
,,,,,,,,,,,,,,,13.0,,,,,,,,,1.0,,,0.0,,,,,0.0,,,,,0.0,,,,,,,,,,,local.mqtt.telegraf,31.0,,31.42,,,,,,periodic,,23.0,,,,,5.0,5,08a6f76bd428,,,65584.0,43104.0,,6.0,1294.0,,,,,,,,,,,,,1295.0,,,,,08a6f76bd428-1295,,,0.0,,,,,,,273.0,1295.0,08:A6:F7:6B:D4:28,,,,,,10211.0,83.0,31.0,29.0,29.0,2.0,,,0.0,29.0,405.0,31.0,3.0,,,,4130586,1786524906841,4130599,1786524906854,,1786524906818.0,28.0,2026-08-12T08:55:07.8628367Z,247.0,,,oasis/bottle,,0.0,,,,,
,,,,,,,,,,,,,,,13.0,,,,,,,,,1.0,,,0.0,,,,,0.0,,,,,0.0,,,,,,,,,,,local.mqtt.telegraf,31.0,,31.35,,,,,,periodic,,23.0,,,,,5.0,5,08a6f76bd428,,,54608.0,43104.0,,6.0,1295.0,,,,,,,,,,,,,1296.0,,,,,08a6f76bd428-1296,,,0.0,,,,,,,273.0,1296.0,08:A6:F7:6B:D4:28,,,,,,11721.0,83.0,31.0,29.0,29.0,2.0,,,0.0,29.0,405.0,31.0,3.0,,,,4132096,1786524908351,4132109,1786524908364,,1786524908328.0,28.0,2026-08-12T08:55:09.3716492Z,247.0,,,oasis/bottle,,0.0,,,,,
,,,,,,,,,,,,,,,14.0,,,,,,,,,1.0,,,0.0,,,,,0.0,,,,,0.0,,,,,,,,,,,local.mqtt.telegraf,31.0,,31.33,,,,,,periodic,,23.0,,,,,5.0,5,08a6f76bd428,,,45600.0,43104.0,,6.0,1296.0,,,,,,,,,,,,,1297.0,,,,,08a6f76bd428-1297,,,0.0,,,,,,,273.0,1297.0,08:A6:F7:6B:D4:28,,,,,,12941.0,83.0,31.0,29.0,29.0,2.0,,,0.0,29.0,405.0,31.0,3.0,,,,4133316,1786524909571,4133330,1786524909585,,1786524909548.0,28.0,2026-08-12T08:55:10.5999417Z,247.0,,,oasis/bottle,,0.0,,,,,
,,,,,,,,,,,,,,,13.0,,,,,,,,,1.0,,,0.0,,,,,0.0,,,,,0.0,,,,,,,,,,,local.mqtt.telegraf,31.0,,31.4,,,,,,periodic,,23.0,,,,,5.0,5,08a6f76bd428,,,115600.0,43104.0,,8.0,1297.0,,,,,,,,,,,,,1298.0,,,,,08a6f76bd428-1298,,,0.0,,,,,,,273.0,1298.0,08:A6:F7:6B:D4:28,,,,,,14201.0,83.0,31.0,29.0,29.0,2.0,,,0.0,29.0,405.0,31.0,3.0,,,,4134576,1786524910831,4134589,1786524910844,,1786524910808.0,28.0,2026-08-12T08:55:11.8564676Z,247.0,,,oasis/bottle,,0.0,,,,,
,,,,,,,,,,,,,,,13.0,,,,,,,,,1.0,,,0.0,,,,,0.0,,,,,0.0,,,,,,,,,,,local.mqtt.telegraf,31.0,,31.42,,,,,,periodic,,23.0,,,,,5.0,5,08a6f76bd428,,,105936.0,43104.0,,6.0,1298.0,,,,,,,,,,,,,1299.0,,,,,08a6f76bd428-1299,,,0.0,,,,,,,273.0,1299.0,08:A6:F7:6B:D4:28,,,,,,15501.0,83.0,31.0,29.0,29.0,2.0,,,0.0,29.0,405.0,31.0,3.0,,,,4135876,1786524912131,4135889,1786524912144,,1786524912108.0,28.0,2026-08-12T08:55:13.1600409Z,247.0,,,oasis/bottle,,0.0,,,,,
,,,,,,,,,,,,,,,17.0,,,,,,,,,1.0,,,0.0,,,,,0.0,,,,,0.0,,,,,,,,,,,local.mqtt.telegraf,31.0,,31.42,,,,,,periodic,,23.0,,,,,5.0,5,08a6f76bd428,,,95600.0,43104.0,,8.0,1299.0,,,,,,,,,,,,,1300.0,,,,,08a6f76bd428-1300,,,0.0,,,,,,,273.0,1300.0,08:A6:F7:6B:D4:28,,,,,,16901.0,83.0,31.0,29.0,29.0,2.0,,,0.0,29.0,405.0,31.0,3.0,,,,4137276,1786524913531,4137293,1786524913548,,1786524913508.0,28.0,2026-08-12T08:55:14.5577809Z,247.0,,,oasis/bottle,,0.0,,,,,
,,,,,,,,,,,,,,,13.0,,,,,,,,,1.0,,,0.0,,,,,0.0,,,,,0.0,,,,,,,,,,,local.mqtt.telegraf,31.0,,31.33,,,,,,periodic,,23.0,,,,,5.0,5,08a6f76bd428,,,87904.0,43104.0,,6.0,1300.0,,,,,,,,,,,,,1301.0,,,,,08a6f76bd428-1301,,,0.0,,,,,,,273.0,1301.0,08:A6:F7:6B:D4:28,,,,,,17891.0,83.0,31.0,29.0,29.0,2.0,,,0.0,29.0,405.0,31.0,3.0,,,,4138266,1786524914521,4138279,1786524914534,,1786524914498.0,28.0,2026-08-12T08:55:15.5424362Z,247.0,,,oasis/bottle,,0.0,,,,,
,,,,,,,,,,,,,,,13.0,,,,,,,,,1.0,,,0.0,,,,,0.0,,,,,0.0,,,,,,,,,,,local.mqtt.telegraf,31.0,,31.47,,,,,,periodic,,23.0,,,,,5.0,5,08a6f76bd428,,,78240.0,43104.0,,6.0,1301.0,,,,,,,,,,,,,1302.0,,,,,08a6f76bd428-1302,,,0.0,,,,,,,273.0,1302.0,08:A6:F7:6B:D4:28,,,,,,19271.0,83.0,31.0,29.0,29.0,2.0,,,0.0,29.0,405.0,31.0,3.0,,,,4139646,1786524915901,4139659,1786524915914,,1786524915878.0,28.0,2026-08-12T08:55:16.930435Z,247.0,,,oasis/bottle,,0.0,,,,,
,,,,,,,,,,,,,,,14.0,,,,,,,,,1.0,,,0.0,,,,,0.0,,,,,0.0,,,,,,,,,,,local.mqtt.telegraf,31.0,,31.58,,,,,,periodic,,21.0,,,,,6.0,5,08a6f76bd428,,,54640.0,43104.0,,6.0,1302.0,,,,,,,,,,,,,1303.0,,,,,08a6f76bd428-1303,,,0.0,,,,,,,273.0,1303.0,08:A6:F7:6B:D4:28,,,,,,672.0,84.0,31.0,29.0,29.0,2.0,,,0.0,29.0,395.0,31.0,3.0,,,,4141485,1786524917740,4141499,1786524917754,,1786524917719.0,28.0,2026-08-12T08:55:18.7725009Z,250.0,,,oasis/bottle,,0.0,,,,,
,,,,,,,,,,,,,,,13.0,,,,,,,,,1.0,,,0.0,,,,,0.0,,,,,0.0,,,,,,,,,,,local.mqtt.telegraf,31.0,,31.46,,,,,,periodic,,23.0,,,,,5.0,5,08a6f76bd428,,,46944.0,43104.0,,6.0,1303.0,,,,,,,,,,,,,1304.0,,,,,08a6f76bd428-1304,,,0.0,,,,,,,273.0,1304.0,08:A6:F7:6B:D4:28,,,,,,1671.0,84.0,31.0,29.0,29.0,2.0,,,0.0,29.0,395.0,31.0,3.0,,,,4142486,1786524918741,4142499,1786524918754,,1786524918718.0,28.0,2026-08-12T08:55:19.7682573Z,250.0,,,oasis/bottle,,0.0,,,,,
,,,,,,,,,,,,,,,13.0,,,,,,,,,1.0,,,0.0,,,,,0.0,,,,,0.0,,,,,,,,,,,local.mqtt.telegraf,31.0,,31.39,,,,,,periodic,,23.0,,,,,6.0,5,08a6f76bd428,,,117056.0,43104.0,,6.0,1304.0,,,,,,,,,,,,,1305.0,,,,,08a6f76bd428-1305,,,0.0,,,,,,,273.0,1305.0,08:A6:F7:6B:D4:28,,,,,,3061.0,84.0,31.0,29.0,29.0,2.0,,,0.0,29.0,395.0,31.0,3.0,,,,4143876,1786524920131,4143889,1786524920144,,1786524920108.0,28.0,2026-08-12T08:55:21.1606813Z,250.0,,,oasis/bottle,,0.0,,,,,
,,,,,,,,,,,,,,,13.0,,,,,,,,,1.0,,,0.0,,,,,0.0,,,,,0.0,,,,,,,,,,,local.mqtt.telegraf,31.0,,31.25,,,,,,periodic,,23.0,,,,,5.0,5,08a6f76bd428,,,106064.0,43104.0,,6.0,1305.0,,,,,,,,,,,,,1306.0,,,,,08a6f76bd428-1306,,,0.0,,,,,,,273.0,1306.0,08:A6:F7:6B:D4:28,,,,,,4641.0,84.0,31.0,29.0,29.0,2.0,,,0.0,29.0,395.0,31.0,3.0,,,,4145456,1786524921711,4145469,1786524921724,,1786524921688.0,28.0,2026-08-12T08:55:22.7543409Z,250.0,,,oasis/bottle,,0.0,,,,,
,,,,,,,,,,,,,,,14.0,,,,,,,,,1.0,,,0.0,,,,,0.0,,,,,0.0,,,,,,,,,,,local.mqtt.telegraf,31.0,,31.44,,,,,,periodic,,23.0,,,,,5.0,5,08a6f76bd428,,,96400.0,43104.0,,6.0,1306.0,,,,,,,,,,,,,1307.0,,,,,08a6f76bd428-1307,,,0.0,,,,,,,273.0,1307.0,08:A6:F7:6B:D4:28,,,,,,6001.0,84.0,31.0,29.0,29.0,2.0,,,0.0,29.0,395.0,31.0,3.0,,,,4146816,1786524923071,4146830,1786524923085,,1786524923048.0,28.0,2026-08-12T08:55:24.0947249Z,250.0,,,oasis/bottle,,0.0,,,,,
,,,,,,,,,,,,,,,13.0,,,,,,,,,1.0,,,0.0,,,,,0.0,,,,,0.0,,,,,,,,,,,local.mqtt.telegraf,31.0,,31.38,,,,,,periodic,,23.0,,,,,5.0,5,08a6f76bd428,,,85424.0,43104.0,,6.0,1307.0,,,,,,,,,,,,,1308.0,,,,,08a6f76bd428-1308,,,0.0,,,,,,,273.0,1308.0,08:A6:F7:6B:D4:28,,,,,,7521.0,84.0,31.0,29.0,29.0,2.0,,,0.0,29.0,395.0,31.0,3.0,,,,4148336,1786524924591,4148349,1786524924604,,1786524924568.0,28.0,2026-08-12T08:55:25.6214404Z,250.0,,,oasis/bottle,,0.0,,,,,
,,,,,,,,,,,,,,,14.0,,,,,,,,,1.0,,,0.0,,,,,0.0,,,,,0.0,,,,,,,,,,,local.mqtt.telegraf,31.0,,31.52,,,,,,periodic,,23.0,,,,,5.0,5,08a6f76bd428,,,76416.0,43104.0,,6.0,1308.0,,,,,,,,,,,,,1309.0,,,,,08a6f76bd428-1309,,,0.0,,,,,,,273.0,1309.0,08:A6:F7:6B:D4:28,,,,,,8761.0,84.0,31.0,29.0,29.0,2.0,,,0.0,29.0,395.0,31.0,3.0,,,,4149576,1786524925831,4149590,1786524925845,,1786524925808.0,28.0,2026-08-12T08:55:26.8610646Z,250.0,,,oasis/bottle,,0.0,,,,,
,,,,,,,,,,,,,,,13.0,,,,,,,,,1.0,,,0.0,,,,,0.0,,,,,0.0,,,,,,,,,,,local.mqtt.telegraf,31.0,,31.4,,,,,,periodic,,24.0,,,,,5.0,5,08a6f76bd428,,,67408.0,43104.0,,6.0,1309.0,,,,,,,,,,,,,1310.0,,,,,08a6f76bd428-1310,,,0.0,,,,,,,273.0,1310.0,08:A6:F7:6B:D4:28,,,,,,10031.0,84.0,31.0,29.0,29.0,2.0,,,0.0,29.0,395.0,31.0,3.0,,,,4150847,1786524927102,4150860,1786524927115,,1786524927078.0,28.0,2026-08-12T08:55:28.1346014Z,250.0,,,oasis/bottle,,0.0,,,,,
,,,,,,,,,,,,,,,13.0,,,,,,,,,1.0,,,0.0,,,,,0.0,,,,,0.0,,,,,,,,,,,local.mqtt.telegraf,31.0,,31.56,,,,,,periodic,,23.0,,,,,5.0,5,08a6f76bd428,,,57744.0,43104.0,,18.0,1310.0,,,,,,,,,,,,,1311.0,,,,,08a6f76bd428-1311,,,0.0,,,,,,,273.0,1311.0,08:A6:F7:6B:D4:28,,,,,,11401.0,84.0,31.0,29.0,29.0,2.0,,,0.0,29.0,395.0,31.0,3.0,,,,4152216,1786524928471,4152229,1786524928484,,1786524928448.0,28.0,2026-08-12T08:55:29.4911816Z,250.0,,,oasis/bottle,,0.0,,,,,
,,,,,,,,,,,,,,,13.0,,,,,,,,,1.0,,,0.0,,,,,0.0,,,,,0.0,,,,,,,,,,,local.mqtt.telegraf,31.0,,31.38,,,,,,periodic,,23.0,,,,,5.0,5,08a6f76bd428,,,46752.0,43104.0,,6.0,1311.0,,,,,,,,,,,,,1312.0,,,,,08a6f76bd428-1312,,,0.0,,,,,,,273.0,1312.0,08:A6:F7:6B:D4:28,,,,,,12911.0,84.0,31.0,29.0,29.0,2.0,,,0.0,29.0,395.0,31.0,3.0,,,,4153726,1786524929981,4153739,1786524929994,,1786524929958.0,28.0,2026-08-12T08:55:31.0004765Z,250.0,,,oasis/bottle,,0.0,,,,,
,,,,,,,,,,,,,,,13.0,,,,,,,,,1.0,,,0.0,,,,,0.0,,,,,0.0,,,,,,,,,,,local.mqtt.telegraf,31.0,,31.55,,,,,,periodic,,23.0,,,,,5.0,5,08a6f76bd428,,,117408.0,43104.0,,6.0,1312.0,,,,,,,,,,,,,1313.0,,,,,08a6f76bd428-1313,,,0.0,,,,,,,273.0,1313.0,08:A6:F7:6B:D4:28,,,,,,14131.0,84.0,31.0,29.0,29.0,2.0,,,0.0,29.0,395.0,31.0,3.0,,,,4154946,1786524931201,4154959,1786524931214,,1786524931178.0,28.0,2026-08-12T08:55:32.2247672Z,250.0,,,oasis/bottle,,0.0,,,,,
,,,,,,,,,,,,,,,14.0,,,,,,,,,1.0,,,0.0,,,,,0.0,,,,,0.0,,,,,,,,,,,local.mqtt.telegraf,31.0,,31.5,,,,,,periodic,,23.0,,,,,5.0,5,08a6f76bd428,,,108384.0,43104.0,,6.0,1313.0,,,,,,,,,,,,,1314.0,,,,,08a6f76bd428-1314,,,0.0,,,,,,,273.0,1314.0,08:A6:F7:6B:D4:28,,,,,,15361.0,84.0,31.0,29.0,29.0,2.0,,,0.0,29.0,395.0,31.0,3.0,,,,4156176,1786524932431,4156190,1786524932445,,1786524932408.0,28.0,2026-08-12T08:55:33.4595573Z,250.0,,,oasis/bottle,,0.0,,,,,
,,,,,,,,,,,,,,,13.0,,,,,,,,,1.0,,,0.0,,,,,0.0,,,,,0.0,,,,,,,,,,,local.mqtt.telegraf,31.0,,31.47,,,,,,periodic,,23.0,,,,,5.0,5,08a6f76bd428,,,99376.0,43104.0,,8.0,1314.0,,,,,,,,,,,,,1315.0,,,,,08a6f76bd428-1315,,,0.0,,,,,,,273.0,1315.0,08:A6:F7:6B:D4:28,,,,,,16631.0,84.0,31.0,29.0,29.0,2.0,,,0.0,29.0,395.0,31.0,3.0,,,,4157446,1786524933701,4157459,1786524933714,,1786524933678.0,28.0,2026-08-12T08:55:34.7303872Z,250.0,,,oasis/bottle,,0.0,,,,,
,,,,,,,,,,,,,,,13.0,,,,,,,,,1.0,,,0.0,,,,,0.0,,,,,0.0,,,,,,,,,,,local.mqtt.telegraf,31.0,,31.67,,,,,,periodic,,23.0,,,,,5.0,5,08a6f76bd428,,,89712.0,43104.0,,6.0,1315.0,,,,,,,,,,,,,1316.0,,,,,08a6f76bd428-1316,,,0.0,,,,,,,273.0,1316.0,08:A6:F7:6B:D4:28,,,,,,17961.0,84.0,31.0,29.0,29.0,2.0,,,0.0,29.0,395.0,31.0,3.0,,,,4158776,1786524935031,4158789,1786524935044,,1786524935008.0,28.0,2026-08-12T08:55:36.0561775Z,250.0,,,oasis/bottle,,0.0,,,,,
,,,,,,,,,,,,,,,14.0,,,,,,,,,1.0,,,0.0,,,,,0.0,,,,,0.0,,,,,,,,,,,local.mqtt.telegraf,31.0,,31.46,,,,,,periodic,,23.0,,,,,5.0,5,08a6f76bd428,,,79392.0,43104.0,,6.0,1316.0,,,,,,,,,,,,,1317.0,,,,,08a6f76bd428-1317,,,0.0,,,,,,,273.0,1317.0,08:A6:F7:6B:D4:28,,,,,,19421.0,84.0,31.0,29.0,29.0,2.0,,,0.0,29.0,395.0,31.0,3.0,,,,4160236,1786524936491,4160250,1786524936505,,1786524936468.0,28.0,2026-08-12T08:55:37.517019Z,250.0,,,oasis/bottle,,0.0,,,,,
,,,,,,,,,,,,,,,13.0,,,,,,,,,1.0,,,0.0,,,,,0.0,,,,,0.0,,,,,,,,,,,local.mqtt.telegraf,31.0,,31.59,,,,,,periodic,,23.0,,,,,5.0,5,08a6f76bd428,,,71040.0,43104.0,,8.0,1317.0,,,,,,,,,,,,,1318.0,,,,,08a6f76bd428-1318,,,0.0,,,,,,,273.0,1318.0,08:A6:F7:6B:D4:28,,,,,,20541.0,84.0,31.0,29.0,29.0,2.0,,,0.0,29.0,395.0,31.0,3.0,,,,4161356,1786524937611,4161369,1786524937624,,1786524937588.0,28.0,2026-08-12T08:55:38.6399994Z,250.0,,,oasis/bottle,,0.0,,,,,
,,,,,,,,,,,,,,,14.0,,,,,,,,,1.0,,,0.0,,,,,0.0,,,,,0.0,,,,,,,,,,,local.mqtt.telegraf,31.0,,31.59,,,,,,periodic,,21.0,,,,,5.0,5,08a6f76bd428,,,51984.0,43104.0,,6.0,1318.0,,,,,,,,,,,,,1319.0,,,,,08a6f76bd428-1319,,,0.0,,,,,,,273.0,1319.0,08:A6:F7:6B:D4:28,,,,,,791.0,85.0,50.0,31.0,31.0,19.0,,,0.0,30.0,404.0,33.0,3.0,,,,4162385,1786524938640,4162399,1786524938654,,1786524938619.0,28.0,2026-08-12T08:55:39.663124Z,254.0,,,oasis/bottle,,0.0,,,,,
,,,,,,,,,,,,,,,13.0,,,,,,,,,1.0,,,0.0,,,,,0.0,,,,,0.0,,,,,,,,,,,local.mqtt.telegraf,31.0,,31.79,,,,,,periodic,,22.0,,,,,5.0,5,08a6f76bd428,,,121440.0,43104.0,,5.0,1319.0,,,,,,,,,,,,,1320.0,,,,,08a6f76bd428-1320,,,0.0,,,,,,,273.0,1320.0,08:A6:F7:6B:D4:28,,,,,,2251.0,85.0,50.0,31.0,31.0,19.0,,,0.0,30.0,404.0,33.0,3.0,,,,4163846,1786524940101,4163859,1786524940114,,1786524940079.0,28.0,2026-08-12T08:55:41.124166Z,254.0,,,oasis/bottle,,0.0,,,,,
,,,,,,,,,,,,,,,13.0,,,,,,,,,1.0,,,0.0,,,,,0.0,,,,,0.0,,,,,,,,,,,local.mqtt.telegraf,31.0,,31.66,,,,,,periodic,,22.0,,,,,5.0,5,08a6f76bd428,,,112256.0,43104.0,,6.0,1320.0,,,,,,,,,,,,,1321.0,,,,,08a6f76bd428-1321,,,0.0,,,,,,,273.0,1321.0,08:A6:F7:6B:D4:28,,,,,,3411.0,85.0,50.0,31.0,31.0,19.0,,,0.0,30.0,404.0,33.0,3.0,,,,4165006,1786524941261,4165019,1786524941274,,1786524941239.0,28.0,2026-08-12T08:55:42.2944183Z,254.0,,,oasis/bottle,,0.0,,,,,
,,,,,,,,,,,,,,,13.0,,,,,,,,,1.0,,,0.0,,,,,0.0,,,,,0.0,,,,,,,,,,,local.mqtt.telegraf,31.0,,31.68,,,,,,periodic,,22.0,,,,,5.0,5,08a6f76bd428,,,103904.0,43104.0,,7.0,1321.0,,,,,,,,,,,,,1322.0,,,,,08a6f76bd428-1322,,,0.0,,,,,,,273.0,1322.0,08:A6:F7:6B:D4:28,,,,,,4491.0,85.0,50.0,31.0,31.0,19.0,,,0.0,30.0,404.0,33.0,3.0,,,,4166086,1786524942341,4166099,1786524942354,,1786524942319.0,28.0,2026-08-12T08:55:43.3582705Z,254.0,,,oasis/bottle,,0.0,,,,,
,,,,,,,,,,,,,,,13.0,,,,,,,,,1.0,,,0.0,,,,,0.0,,,,,0.0,,,,,,,,,,,local.mqtt.telegraf,31.0,,31.76,,,,,,periodic,,22.0,,,,,5.0,5,08a6f76bd428,,,92928.0,43104.0,,6.0,1322.0,,,,,,,,,,,,,1323.0,,,,,08a6f76bd428-1323,,,0.0,,,,,,,273.0,1323.0,08:A6:F7:6B:D4:28,,,,,,6051.0,85.0,50.0,31.0,31.0,19.0,,,0.0,30.0,404.0,33.0,3.0,,,,4167646,1786524943901,4167659,1786524943914,,1786524943879.0,28.0,2026-08-12T08:55:44.948806Z,254.0,,,oasis/bottle,,0.0,,,,,
,,,,,,,,,,,,,,,13.0,,,,,,,,,1.0,,,0.0,,,,,0.0,,,,,0.0,,,,,,,,,,,local.mqtt.telegraf,31.0,,31.87,,,,,,periodic,,22.0,,,,,5.0,5,08a6f76bd428,,,83264.0,43104.0,,6.0,1323.0,,,,,,,,,,,,,1324.0,,,,,08a6f76bd428-1324,,,0.0,,,,,,,273.0,1324.0,08:A6:F7:6B:D4:28,,,,,,7361.0,85.0,50.0,31.0,31.0,19.0,,,0.0,30.0,404.0,33.0,3.0,,,,4168956,1786524945211,4168969,1786524945224,,1786524945189.0,28.0,2026-08-12T08:55:46.2356371Z,254.0,,,oasis/bottle,,0.0,,,,,
,,,,,,,,,,,,,,,13.0,,,,,,,,,1.0,,,0.0,,,,,0.0,,,,,0.0,,,,,,,,,,,local.mqtt.telegraf,31.0,,31.72,,,,,,periodic,,22.0,,,,,5.0,5,08a6f76bd428,,,72944.0,43104.0,,7.0,1324.0,,,,,,,,,,,,,1325.0,,,,,08a6f76bd428-1325,,,0.0,,,,,,,273.0,1325.0,08:A6:F7:6B:D4:28,,,,,,8781.0,85.0,50.0,31.0,31.0,19.0,,,0.0,30.0,404.0,33.0,3.0,,,,4170376,1786524946631,4170389,1786524946644,,1786524946609.0,28.0,2026-08-12T08:55:47.6583754Z,254.0,,,oasis/bottle,,0.0,,,,,
,,,,,,,,,,,,,,,13.0,,,,,,,,,1.0,,,0.0,,,,,0.0,,,,,0.0,,,,,,,,,,,local.mqtt.telegraf,31.0,,31.67,,,,,,periodic,,22.0,,,,,5.0,5,08a6f76bd428,,,65248.0,43104.0,,6.0,1325.0,,,,,,,,,,,,,1326.0,,,,,08a6f76bd428-1326,,,0.0,,,,,,,273.0,1326.0,08:A6:F7:6B:D4:28,,,,,,9821.0,85.0,50.0,31.0,31.0,19.0,,,0.0,30.0,404.0,33.0,3.0,,,,4171416,1786524947671,4171429,1786524947684,,1786524947649.0,28.0,2026-08-12T08:55:48.7080906Z,254.0,,,oasis/bottle,,0.0,,,,,
,,,,,,,,,,,,,,,13.0,,,,,,,,,1.0,,,0.0,,,,,0.0,,,,,0.0,,,,,,,,,,,local.mqtt.telegraf,31.0,,31.8,,,,,,periodic,,22.0,,,,,5.0,5,08a6f76bd428,,,54928.0,43104.0,,6.0,1326.0,,,,,,,,,,,,,1327.0,,,,,08a6f76bd428-1327,,,0.0,,,,,,,273.0,1327.0,08:A6:F7:6B:D4:28,,,,,,11301.0,85.0,50.0,31.0,31.0,19.0,,,0.0,30.0,404.0,33.0,3.0,,,,4172896,1786524949151,4172909,1786524949164,,1786524949129.0,28.0,2026-08-12T08:55:50.1755016Z,254.0,,,oasis/bottle,,0.0,,,,,
,,,,,,,,,,,,,,,13.0,,,,,,,,,1.0,,,0.0,,,,,0.0,,,,,0.0,,,,,,,,,,,local.mqtt.telegraf,31.0,,31.8,,,,,,periodic,,22.0,,,,,5.0,5,08a6f76bd428,,,46576.0,43104.0,,6.0,1327.0,,,,,,,,,,,,,1328.0,,,,,08a6f76bd428-1328,,,0.0,,,,,,,273.0,1328.0,08:A6:F7:6B:D4:28,,,,,,12451.0,85.0,50.0,31.0,31.0,19.0,,,0.0,30.0,404.0,33.0,3.0,,,,4174046,1786524950301,4174059,1786524950314,,1786524950279.0,28.0,2026-08-12T08:55:51.3228532Z,254.0,,,oasis/bottle,,0.0,,,,,
,,,,,,,,,,,,,,,13.0,,,,,,,,,1.0,,,0.0,,,,,0.0,,,,,0.0,,,,,,,,,,,local.mqtt.telegraf,31.0,,31.82,,,,,,periodic,,22.0,,,,,5.0,5,08a6f76bd428,,,118112.0,43104.0,,6.0,1328.0,,,,,,,,,,,,,1329.0,,,,,08a6f76bd428-1329,,,0.0,,,,,,,273.0,1329.0,08:A6:F7:6B:D4:28,,,,,,13551.0,85.0,50.0,31.0,31.0,19.0,,,0.0,30.0,404.0,33.0,3.0,,,,4175146,1786524951401,4175159,1786524951414,,1786524951379.0,28.0,2026-08-12T08:55:52.4334299Z,254.0,,,oasis/bottle,,0.0,,,,,
,,,,,,,,,,,,,,,13.0,,,,,,,,,1.0,,,0.0,,,,,0.0,,,,,0.0,,,,,,,,,,,local.mqtt.telegraf,31.0,,31.71,,,,,,periodic,,22.0,,,,,5.0,5,08a6f76bd428,,,110400.0,43104.0,,6.0,1329.0,,,,,,,,,,,,,1330.0,,,,,08a6f76bd428-1330,,,0.0,,,,,,,273.0,1330.0,08:A6:F7:6B:D4:28,,,,,,14551.0,85.0,50.0,31.0,31.0,19.0,,,0.0,30.0,404.0,33.0,3.0,,,,4176146,1786524952401,4176159,1786524952414,,1786524952379.0,28.0,2026-08-12T08:55:53.4226154Z,254.0,,,oasis/bottle,,0.0,,,,,
,,,,,,,,,,,,,,,13.0,,,,,,,,,1.0,,,0.0,,,,,0.0,,,,,0.0,,,,,,,,,,,local.mqtt.telegraf,31.0,,32.02,,,,,,periodic,,22.0,,,,,5.0,5,08a6f76bd428,,,100064.0,43104.0,,6.0,1330.0,,,,,,,,,,,,,1331.0,,,,,08a6f76bd428-1331,,,0.0,,,,,,,273.0,1331.0,08:A6:F7:6B:D4:28,,,,,,15951.0,85.0,50.0,31.0,31.0,19.0,,,0.0,30.0,404.0,33.0,3.0,,,,4177546,1786524953801,4177559,1786524953814,,1786524953779.0,28.0,2026-08-12T08:55:54.8257098Z,254.0,,,oasis/bottle,,0.0,,,,,
,,,,,,,,,,,,,,,13.0,,,,,,,,,1.0,,,0.0,,,,,0.0,,,,,0.0,,,,,,,,,,,local.mqtt.telegraf,31.0,,31.93,,,,,,periodic,,22.0,,,,,5.0,5,08a6f76bd428,,,92352.0,43104.0,,9.0,1331.0,,,,,,,,,,,,,1332.0,,,,,08a6f76bd428-1332,,,0.0,,,,,,,273.0,1332.0,08:A6:F7:6B:D4:28,,,,,,16951.0,85.0,50.0,31.0,31.0,19.0,,,0.0,30.0,404.0,33.0,3.0,,,,4178546,1786524954801,4178559,1786524954814,,1786524954779.0,28.0,2026-08-12T08:55:55.8334403Z,254.0,,,oasis/bottle,,0.0,,,,,
,,,,,,,,,,,,,,,13.0,,,,,,,,,1.0,,,0.0,,,,,0.0,,,,,0.0,,,,,,,,,,,local.mqtt.telegraf,31.0,,31.95,,,,,,periodic,,22.0,,,,,6.0,5,08a6f76bd428,,,82656.0,43104.0,,6.0,1332.0,,,,,,,,,,,,,1333.0,,,,,08a6f76bd428-1333,,,0.0,,,,,,,273.0,1333.0,08:A6:F7:6B:D4:28,,,,,,18341.0,85.0,50.0,31.0,31.0,19.0,,,0.0,30.0,404.0,33.0,3.0,,,,4179936,1786524956191,4179949,1786524956204,,1786524956169.0,28.0,2026-08-12T08:55:57.2230051Z,254.0,,,oasis/bottle,,0.0,,,,,
,,,,,,,,,,,,,,,13.0,,,,,,,,,1.0,,,0.0,,,,,0.0,,,,,0.0,,,,,,,,,,,local.mqtt.telegraf,31.0,,32.09,,,,,,periodic,,22.0,,,,,5.0,5,08a6f76bd428,,,71664.0,43104.0,,5.0,1333.0,,,,,,,,,,,,,1334.0,,,,,08a6f76bd428-1334,,,0.0,,,,,,,273.0,1334.0,08:A6:F7:6B:D4:28,,,,,,19921.0,85.0,50.0,31.0,31.0,19.0,,,0.0,30.0,404.0,33.0,3.0,,,,4181516,1786524957771,4181529,1786524957784,,1786524957749.0,28.0,2026-08-12T08:55:58.8060625Z,254.0,,,oasis/bottle,,0.0,,,,,
,,,,,,,,,,,,,,,13.0,,,,,,,,,1.0,,,0.0,,,,,0.0,,,,,0.0,,,,,,,,,,,local.mqtt.telegraf,31.0,,32.53,,,,,,periodic,,22.0,,,,,5.0,5,08a6f76bd428,,,51344.0,43104.0,,6.0,1334.0,,,,,,,,,,,,,1335.0,,,,,08a6f76bd428-1335,,,0.0,,,,,,,273.0,1335.0,08:A6:F7:6B:D4:28,,,,,,1031.0,86.0,30.0,29.0,29.0,1.0,,,-1.0,29.0,384.0,31.0,3.0,,,,4182875,1786524959130,4182888,1786524959143,,1786524959108.0,28.0,2026-08-12T08:56:00.1605095Z,256.0,,,oasis/bottle,,0.0,,,,,
,,,,,,,,,,,,,,,14.0,,,,,,,,,1.0,,,0.0,,,,,0.0,,,,,0.0,,,,,,,,,,,local.mqtt.telegraf,31.0,,33.01,,,,,,periodic,,23.0,,,,,5.0,5,08a6f76bd428,,,120128.0,43104.0,,5.0,1335.0,,,,,,,,,,,,,1336.0,,,,,08a6f76bd428-1336,,,0.0,,,,,,,273.0,1336.0,08:A6:F7:6B:D4:28,,,,,,2551.0,86.0,30.0,29.0,29.0,1.0,,,-1.0,29.0,384.0,31.0,3.0,,,,4184396,1786524960651,4184410,1786524960665,,1786524960628.0,28.0,2026-08-12T08:56:01.6790931Z,256.0,,,oasis/bottle,,0.0,,,,,
,,,,,,,,,,,,,,,13.0,,,,,,,,,1.0,,,0.0,,,,,0.0,,,,,0.0,,,,,,,,,,,local.mqtt.telegraf,31.0,,33.52,,,,,,periodic,,23.0,,,,,5.0,5,08a6f76bd428,,,111104.0,43104.0,,5.0,1336.0,,,,,,,,,,,,,1337.0,,,,,08a6f76bd428-1337,,,0.0,,,,,,,273.0,1337.0,08:A6:F7:6B:D4:28,,,,,,3791.0,86.0,30.0,29.0,29.0,1.0,,,-1.0,29.0,384.0,31.0,3.0,,,,4185636,1786524961891,4185649,1786524961904,,1786524961868.0,28.0,2026-08-12T08:56:02.9225796Z,256.0,,,oasis/bottle,,0.0,,,,,
,,,,,,,,,,,,,,,13.0,,,,,,,,,1.0,,,0.0,,,,,0.0,,,,,0.0,,,,,,,,,,,local.mqtt.telegraf,31.0,,34.13,,,,,,periodic,,23.0,,,,,6.0,5,08a6f76bd428,,,102048.0,43104.0,,8.0,1337.0,,,,,,,,,,,,,1338.0,,,,,08a6f76bd428-1338,,,0.0,,,,,,,273.0,1338.0,08:A6:F7:6B:D4:28,,,,,,5071.0,86.0,30.0,29.0,29.0,1.0,,,-1.0,29.0,384.0,31.0,3.0,,,,4186916,1786524963171,4186929,1786524963184,,1786524963148.0,28.0,2026-08-12T08:56:04.2109686Z,256.0,,,oasis/bottle,,0.0,,,,,
,,,,,,,,,,,,,,,13.0,,,,,,,,,1.0,,,0.0,,,,,0.0,,,,,0.0,,,,,,,,,,,local.mqtt.telegraf,31.0,,34.37,,,,,,periodic,,23.0,,,,,5.0,5,08a6f76bd428,,,92352.0,43104.0,,6.0,1338.0,,,,,,,,,,,,,1339.0,,,,,08a6f76bd428-1339,,,0.0,,,,,,,273.0,1339.0,08:A6:F7:6B:D4:28,,,,,,6421.0,86.0,30.0,29.0,29.0,1.0,,,-1.0,29.0,384.0,31.0,3.0,,,,4188266,1786524964521,4188279,1786524964534,,1786524964498.0,28.0,2026-08-12T08:56:05.5478306Z,256.0,,,oasis/bottle,,0.0,,,,,
,,,,,,,,,,,,,,,13.0,,,,,,,,,1.0,,,0.0,,,,,0.0,,,,,0.0,,,,,,,,,,,local.mqtt.telegraf,31.0,,35.2,,,,,,periodic,,23.0,,,,,6.0,5,08a6f76bd428,,,82000.0,43104.0,,8.0,1339.0,,,,,,,,,,,,,1340.0,,,,,08a6f76bd428-1340,,,0.0,,,,,,,273.0,1340.0,08:A6:F7:6B:D4:28,,,,,,7921.0,86.0,30.0,29.0,29.0,1.0,,,-1.0,29.0,384.0,31.0,3.0,,,,4189766,1786524966021,4189779,1786524966034,,1786524965998.0,28.0,2026-08-12T08:56:07.0447522Z,256.0,,,oasis/bottle,,0.0,,,,,
,,,,,,,,,,,,,,,13.0,,,,,,,,,1.0,,,0.0,,,,,0.0,,,,,0.0,,,,,,,,,,,local.mqtt.telegraf,31.0,,35.54,,,,,,periodic,,23.0,,,,,5.0,5,08a6f76bd428,,,72976.0,43104.0,,5.0,1340.0,,,,,,,,,,,,,1341.0,,,,,08a6f76bd428-1341,,,0.0,,,,,,,273.0,1341.0,08:A6:F7:6B:D4:28,,,,,,9121.0,86.0,30.0,29.0,29.0,1.0,,,-1.0,29.0,384.0,31.0,3.0,,,,4190966,1786524967221,4190979,1786524967234,,1786524967198.0,28.0,2026-08-12T08:56:08.2431731Z,256.0,,,oasis/bottle,,0.0,,,,,
,,,,,,,,,,,,,,,13.0,,,,,,,,,1.0,,,0.0,,,,,0.0,,,,,0.0,,,,,,,,,,,local.mqtt.telegraf,31.0,,36.09,,,,,,periodic,,23.0,,,,,5.0,5,08a6f76bd428,,,63968.0,43104.0,,6.0,1341.0,,,,,,,,,,,,,1342.0,,,,,08a6f76bd428-1342,,,0.0,,,,,,,273.0,1342.0,08:A6:F7:6B:D4:28,,,,,,10321.0,86.0,30.0,29.0,29.0,1.0,,,-1.0,29.0,384.0,31.0,3.0,,,,4192166,1786524968421,4192179,1786524968434,,1786524968398.0,28.0,2026-08-12T08:56:09.450995Z,256.0,,,oasis/bottle,,0.0,,,,,
,,,,,,,,,,,,,,,13.0,,,,,,,,,1.0,,,0.0,,,,,0.0,,,,,0.0,,,,,,,,,,,local.mqtt.telegraf,31.0,,36.33,,,,,,periodic,,23.0,,,,,5.0,5,08a6f76bd428,,,54944.0,43104.0,,6.0,1342.0,,,,,,,,,,,,,1343.0,,,,,08a6f76bd428-1343,,,0.0,,,,,,,273.0,1343.0,08:A6:F7:6B:D4:28,,,,,,11511.0,86.0,30.0,29.0,29.0,1.0,,,-1.0,29.0,384.0,31.0,3.0,,,,4193356,1786524969611,4193369,1786524969624,,1786524969588.0,28.0,2026-08-12T08:56:10.6441939Z,256.0,,,oasis/bottle,,0.0,,,,,
,,,,,,,,,,,,,,,13.0,,,,,,,,,1.0,,,0.0,,,,,0.0,,,,,0.0,,,,,,,,,,,local.mqtt.telegraf,31.0,,36.61,,,,,,periodic,,23.0,,,,,5.0,5,08a6f76bd428,,,45920.0,43104.0,,6.0,1343.0,,,,,,,,,,,,,1344.0,,,,,08a6f76bd428-1344,,,0.0,,,,,,,273.0,1344.0,08:A6:F7:6B:D4:28,,,,,,12691.0,86.0,30.0,29.0,29.0,1.0,,,-1.0,29.0,384.0,31.0,3.0,,,,4194536,1786524970791,4194549,1786524970804,,1786524970768.0,28.0,2026-08-12T08:56:11.8103064Z,256.0,,,oasis/bottle,,0.0,,,,,
,,,,,,,,,,,,,,,13.0,,,,,,,,,1.0,,,0.0,,,,,0.0,,,,,0.0,,,,,,,,,,,local.mqtt.telegraf,31.0,,37.0,,,,,,periodic,,23.0,,,,,6.0,5,08a6f76bd428,,,116448.0,43104.0,,6.0,1344.0,,,,,,,,,,,,,1345.0,,,,,08a6f76bd428-1345,,,0.0,,,,,,,273.0,1345.0,08:A6:F7:6B:D4:28,,,,,,13861.0,86.0,30.0,29.0,29.0,1.0,,,-1.0,29.0,384.0,31.0,3.0,,,,4195706,1786524971961,4195719,1786524971974,,1786524971938.0,28.0,2026-08-12T08:56:13.0005269Z,256.0,,,oasis/bottle,,0.0,,,,,
,,,,,,,,,,,,,,,14.0,,,,,,,,,1.0,,,0.0,,,,,0.0,,,,,0.0,,,,,,,,,,,local.mqtt.telegraf,31.0,,37.16,,,,,,periodic,,23.0,,,,,5.0,5,08a6f76bd428,,,108064.0,43104.0,,6.0,1345.0,,,,,,,,,,,,,1346.0,,,,,08a6f76bd428-1346,,,0.0,,,,,,,273.0,1346.0,08:A6:F7:6B:D4:28,,,,,,14991.0,86.0,30.0,29.0,29.0,1.0,,,-1.0,29.0,384.0,31.0,3.0,,,,4196836,1786524973091,4196850,1786524973105,,1786524973068.0,28.0,2026-08-12T08:56:14.1156967Z,256.0,,,oasis/bottle,,0.0,,,,,
,,,,,,,,,,,,,,,13.0,,,,,,,,,1.0,,,0.0,,,,,0.0,,,,,0.0,,,,,,,,,,,local.mqtt.telegraf,31.0,,37.53,,,,,,periodic,,23.0,,,,,5.0,5,08a6f76bd428,,,100304.0,43104.0,,5.0,1346.0,,,,,,,,,,,,,1347.0,,,,,08a6f76bd428-1347,,,0.0,,,,,,,273.0,1347.0,08:A6:F7:6B:D4:28,,,,,,16041.0,86.0,30.0,29.0,29.0,1.0,,,-1.0,29.0,384.0,31.0,3.0,,,,4197886,1786524974141,4197899,1786524974154,,1786524974118.0,28.0,2026-08-12T08:56:15.1800446Z,256.0,,,oasis/bottle,,0.0,,,,,
,,,,,,,,,,,,,,,13.0,,,,,,,,,1.0,,,0.0,,,,,0.0,,,,,0.0,,,,,,,,,,,local.mqtt.telegraf,31.0,,37.9,,,,,,periodic,,23.0,,,,,6.0,5,08a6f76bd428,,,89888.0,43104.0,,5.0,1347.0,,,,,,,,,,,,,1348.0,,,,,08a6f76bd428-1348,,,0.0,,,,,,,273.0,1348.0,08:A6:F7:6B:D4:28,,,,,,17541.0,86.0,30.0,29.0,29.0,1.0,,,-1.0,29.0,384.0,31.0,3.0,,,,4199386,1786524975641,4199399,1786524975654,,1786524975618.0,28.0,2026-08-12T08:56:16.664146Z,256.0,,,oasis/bottle,,0.0,,,,,
,,,,,,,,,,,,,,,13.0,,,,,,,,,1.0,,,0.0,,,,,0.0,,,,,0.0,,,,,,,,,,,local.mqtt.telegraf,31.0,,37.77,,,,,,periodic,,23.0,,,,,5.0,5,08a6f76bd428,,,80864.0,43104.0,,6.0,1348.0,,,,,,,,,,,,,1349.0,,,,,08a6f76bd428-1349,,,0.0,,,,,,,273.0,1349.0,08:A6:F7:6B:D4:28,,,,,,18741.0,86.0,30.0,29.0,29.0,1.0,,,-1.0,29.0,384.0,31.0,3.0,,,,4200586,1786524976841,4200599,1786524976854,,1786524976818.0,28.0,2026-08-12T08:56:17.858116Z,256.0,,,oasis/bottle,,0.0,,,,,
,,,,,,,,,,,,,,,13.0,,,,,,,,,1.0,,,0.0,,,,,0.0,,,,,0.0,,,,,,,,,,,local.mqtt.telegraf,31.0,,38.04,,,,,,periodic,,23.0,,,,,5.0,5,08a6f76bd428,,,71840.0,43104.0,,6.0,1349.0,,,,,,,,,,,,,1350.0,,,,,08a6f76bd428-1350,,,0.0,,,,,,,273.0,1350.0,08:A6:F7:6B:D4:28,,,,,,19941.0,86.0,30.0,29.0,29.0,1.0,,,-1.0,29.0,384.0,31.0,3.0,,,,4201786,1786524978041,4201799,1786524978054,,1786524978018.0,28.0,2026-08-12T08:56:19.0719845Z,256.0,,,oasis/bottle,,0.0,,,,,
,,,,,,,,,,,,,,,14.0,,,,,,,,,1.0,,,0.0,,,,,0.0,,,,,0.0,,,,,,,,,,,local.mqtt.telegraf,31.0,,38.04,,,,,,periodic,,22.0,,,,,5.0,5,08a6f76bd428,,,50672.0,43104.0,,6.0,1350.0,,,,,,,,,,,,,1351.0,,,,,08a6f76bd428-1351,,,0.0,,,,,,,273.0,1351.0,08:A6:F7:6B:D4:28,,,,,,581.0,87.0,32.0,31.0,31.0,1.0,,,0.0,30.0,394.0,33.0,3.0,,,,4203025,1786524979280,4203039,1786524979294,,1786524979258.0,28.0,2026-08-12T08:56:20.3143678Z,260.0,,,oasis/bottle,,0.0,,,,,
,,,,,,,,,,,,,,,14.0,,,,,,,,,1.0,,,0.0,,,,,0.0,,,,,0.0,,,,,,,,,,,local.mqtt.telegraf,31.0,,38.08,,,,,,periodic,,23.0,,,,,5.0,5,08a6f76bd428,,,121520.0,43104.0,,5.0,1351.0,,,,,,,,,,,,,1352.0,,,,,08a6f76bd428-1352,,,0.0,,,,,,,273.0,1352.0,08:A6:F7:6B:D4:28,,,,,,1821.0,87.0,32.0,31.0,31.0,1.0,,,0.0,30.0,394.0,33.0,3.0,,,,4204266,1786524980521,4204280,1786524980535,,1786524980498.0,28.0,2026-08-12T08:56:21.5428952Z,260.0,,,oasis/bottle,,0.0,,,,,
,,,,,,,,,,,,,,,13.0,,,,,,,,,1.0,,,0.0,,,,,0.0,,,,,0.0,,,,,,,,,,,local.mqtt.telegraf,31.0,,38.08,,,,,,periodic,,23.0,,,,,5.0,5,08a6f76bd428,,,112512.0,43104.0,,5.0,1352.0,,,,,,,,,,,,,1353.0,,,,,08a6f76bd428-1353,,,0.0,,,,,,,273.0,1353.0,08:A6:F7:6B:D4:28,,,,,,3091.0,87.0,32.0,31.0,31.0,1.0,,,0.0,30.0,394.0,33.0,3.0,,,,4205536,1786524981791,4205549,1786524981804,,1786524981768.0,28.0,2026-08-12T08:56:22.8153638Z,260.0,,,oasis/bottle,,0.0,,,,,
,,,,,,,,,,,,,,,13.0,,,,,,,,,1.0,,,0.0,,,,,0.0,,,,,0.0,,,,,,,,,,,local.mqtt.telegraf,31.0,,38.16,,,,,,periodic,,23.0,,,,,5.0,5,08a6f76bd428,,,102848.0,43104.0,,5.0,1353.0,,,,,,,,,,,,,1354.0,,,,,08a6f76bd428-1354,,,0.0,,,,,,,273.0,1354.0,08:A6:F7:6B:D4:28,,,,,,4431.0,87.0,32.0,31.0,31.0,1.0,,,0.0,30.0,394.0,33.0,3.0,,,,4206876,1786524983131,4206889,1786524983144,,1786524983108.0,28.0,2026-08-12T08:56:24.1736043Z,260.0,,,oasis/bottle,,0.0,,,,,
,,,,,,,,,,,,,,,14.0,,,,,,,,,1.0,,,0.0,,,,,0.0,,,,,0.0,,,,,,,,,,,local.mqtt.telegraf,31.0,,38.21,,,,,,periodic,,23.0,,,,,5.0,5,08a6f76bd428,,,92528.0,43104.0,,8.0,1354.0,,,,,,,,,,,,,1355.0,,,,,08a6f76bd428-1355,,,0.0,,,,,,,273.0,1355.0,08:A6:F7:6B:D4:28,,,,,,5911.0,87.0,32.0,31.0,31.0,1.0,,,0.0,30.0,394.0,33.0,3.0,,,,4208356,1786524984611,4208370,1786524984625,,1786524984588.0,28.0,2026-08-12T08:56:25.6468464Z,260.0,,,oasis/bottle,,0.0,,,,,
,,,,,,,,,,,,,,,13.0,,,,,,,,,1.0,,,0.0,,,,,0.0,,,,,0.0,,,,,,,,,,,local.mqtt.telegraf,31.0,,38.08,,,,,,periodic,,23.0,,,,,5.0,5,08a6f76bd428,,,84176.0,43104.0,,6.0,1355.0,,,,,,,,,,,,,1356.0,,,,,08a6f76bd428-1356,,,0.0,,,,,,,273.0,1356.0,08:A6:F7:6B:D4:28,,,,,,7071.0,87.0,32.0,31.0,31.0,1.0,,,0.0,30.0,394.0,33.0,3.0,,,,4209516,1786524985771,4209529,1786524985784,,1786524985748.0,28.0,2026-08-12T08:56:26.7950145Z,260.0,,,oasis/bottle,,0.0,,,,,
,,,,,,,,,,,,,,,13.0,,,,,,,,,1.0,,,0.0,,,,,0.0,,,,,0.0,,,,,,,,,,,local.mqtt.telegraf,31.0,,38.08,,,,,,periodic,,23.0,,,,,5.0,5,08a6f76bd428,,,75824.0,43104.0,,6.0,1356.0,,,,,,,,,,,,,1357.0,,,,,08a6f76bd428-1357,,,0.0,,,,,,,273.0,1357.0,08:A6:F7:6B:D4:28,,,,,,8181.0,87.0,32.0,31.0,31.0,1.0,,,0.0,30.0,394.0,33.0,3.0,,,,4210626,1786524986881,4210639,1786524986894,,1786524986858.0,28.0,2026-08-12T08:56:27.9056783Z,260.0,,,oasis/bottle,,0.0,,,,,
,,,,,,,,,,,,,,,13.0,,,,,,,,,1.0,,,0.0,,,,,0.0,,,,,0.0,,,,,,,,,,,local.mqtt.telegraf,31.0,,37.77,,,,,,periodic,,23.0,,,,,5.0,5,08a6f76bd428,,,68128.0,43104.0,,6.0,1357.0,,,,,,,,,,,,,1358.0,,,,,08a6f76bd428-1358,,,0.0,,,,,,,273.0,1358.0,08:A6:F7:6B:D4:28,,,,,,9201.0,87.0,32.0,31.0,31.0,1.0,,,0.0,30.0,394.0,33.0,3.0,,,,4211646,1786524987901,4211659,1786524987914,,1786524987878.0,28.0,2026-08-12T08:56:28.9220289Z,260.0,,,oasis/bottle,,0.0,,,,,
,,,,,,,,,,,,,,,13.0,,,,,,,,,1.0,,,0.0,,,,,0.0,,,,,0.0,,,,,,,,,,,local.mqtt.telegraf,31.0,,37.74,,,,,,periodic,,23.0,,,,,5.0,5,08a6f76bd428,,,57808.0,43104.0,,6.0,1358.0,,,,,,,,,,,,,1359.0,,,,,08a6f76bd428-1359,,,0.0,,,,,,,273.0,1359.0,08:A6:F7:6B:D4:28,,,,,,10641.0,87.0,32.0,31.0,31.0,1.0,,,0.0,30.0,394.0,33.0,3.0,,,,4213086,1786524989341,4213099,1786524989354,,1786524989318.0,28.0,2026-08-12T08:56:30.3708127Z,260.0,,,oasis/bottle,,0.0,,,,,
,,,,,,,,,,,,,,,13.0,,,,,,,,,1.0,,,0.0,,,,,0.0,,,,,0.0,,,,,,,,,,,local.mqtt.telegraf,31.0,,37.61,,,,,,periodic,,23.0,,,,,5.0,5,08a6f76bd428,,,49456.0,43104.0,,8.0,1359.0,,,,,,,,,,,,,1360.0,,,,,08a6f76bd428-1360,,,0.0,,,,,,,273.0,1360.0,08:A6:F7:6B:D4:28,,,,,,11721.0,87.0,32.0,31.0,31.0,1.0,,,0.0,30.0,394.0,33.0,3.0,,,,4214166,1786524990421,4214179,1786524990434,,1786524990398.0,28.0,2026-08-12T08:56:31.4406642Z,260.0,,,oasis/bottle,,0.0,,,,,
,,,,,,,,,,,,,,,14.0,,,,,,,,,1.0,,,0.0,,,,,0.0,,,,,0.0,,,,,,,,,,,local.mqtt.telegraf,31.0,,37.7,,,,,,periodic,,23.0,,,,,5.0,5,08a6f76bd428,,,118576.0,43104.0,,6.0,1360.0,,,,,,,,,,,,,1361.0,,,,,08a6f76bd428-1361,,,0.0,,,,,,,273.0,1361.0,08:A6:F7:6B:D4:28,,,,,,13281.0,87.0,32.0,31.0,31.0,1.0,,,0.0,30.0,394.0,33.0,3.0,,,,4215726,1786524991981,4215740,1786524991995,,1786524991958.0,28.0,2026-08-12T08:56:33.0187936Z,260.0,,,oasis/bottle,,0.0,,,,,
,,,,,,,,,,,,,,,13.0,,,,,,,,,1.0,,,0.0,,,,,0.0,,,,,0.0,,,,,,,,,,,local.mqtt.telegraf,31.0,,37.77,,,,,,periodic,,23.0,,,,,5.0,5,08a6f76bd428,,,108912.0,43104.0,,5.0,1361.0,,,,,,,,,,,,,1362.0,,,,,08a6f76bd428-1362,,,0.0,,,,,,,273.0,1362.0,08:A6:F7:6B:D4:28,,,,,,14591.0,87.0,32.0,31.0,31.0,1.0,,,0.0,30.0,394.0,33.0,3.0,,,,4217036,1786524993291,4217049,1786524993304,,1786524993268.0,28.0,2026-08-12T08:56:34.3203766Z,260.0,,,oasis/bottle,,0.0,,,,,
,,,,,,,,,,,,,,,13.0,,,,,,,,,1.0,,,0.0,,,,,0.0,,,,,0.0,,,,,,,,,,,local.mqtt.telegraf,31.0,,37.61,,,,,,periodic,,23.0,,,,,5.0,5,08a6f76bd428,,,98576.0,43104.0,,8.0,1362.0,,,,,,,,,,,,,1363.0,,,,,08a6f76bd428-1363,,,0.0,,,,,,,273.0,1363.0,08:A6:F7:6B:D4:28,,,,,,16021.0,87.0,32.0,31.0,31.0,1.0,,,0.0,30.0,394.0,33.0,3.0,,,,4218466,1786524994721,4218479,1786524994734,,1786524994698.0,28.0,2026-08-12T08:56:35.7459856Z,260.0,,,oasis/bottle,,0.0,,,,,
,,,,,,,,,,,,,,,13.0,,,,,,,,,1.0,,,0.0,,,,,0.0,,,,,0.0,,,,,,,,,,,local.mqtt.telegraf,31.0,,37.79,,,,,,periodic,,23.0,,,,,5.0,5,08a6f76bd428,,,90880.0,43104.0,,5.0,1363.0,,,,,,,,,,,,,1364.0,,,,,08a6f76bd428-1364,,,0.0,,,,,,,273.0,1364.0,08:A6:F7:6B:D4:28,,,,,,17071.0,87.0,32.0,31.0,31.0,1.0,,,0.0,30.0,394.0,33.0,3.0,,,,4219516,1786524995771,4219529,1786524995784,,1786524995748.0,28.0,2026-08-12T08:56:36.8001153Z,260.0,,,oasis/bottle,,0.0,,,,,
,,,,,,,,,,,,,,,13.0,,,,,,,,,1.0,,,0.0,,,,,0.0,,,,,0.0,,,,,,,,,,,local.mqtt.telegraf,31.0,,37.84,,,,,,periodic,,23.0,,,,,5.0,5,08a6f76bd428,,,80560.0,43104.0,,6.0,1364.0,,,,,,,,,,,,,1365.0,,,,,08a6f76bd428-1365,,,0.0,,,,,,,273.0,1365.0,08:A6:F7:6B:D4:28,,,,,,18571.0,87.0,32.0,31.0,31.0,1.0,,,0.0,30.0,394.0,33.0,3.0,,,,4221016,1786524997271,4221029,1786524997284,,1786524997248.0,28.0,2026-08-12T08:56:38.2962492Z,260.0,,,oasis/bottle,,0.0,,,,,
,,,,,,,,,,,,,,,13.0,,,,,,,,,1.0,,,0.0,,,,,0.0,,,,,0.0,,,,,,,,,,,local.mqtt.telegraf,31.0,,37.89,,,,,,periodic,,23.0,,,,,5.0,5,08a6f76bd428,,,71552.0,43104.0,,6.0,1365.0,,,,,,,,,,,,,1366.0,,,,,08a6f76bd428-1366,,,0.0,,,,,,,273.0,1366.0,08:A6:F7:6B:D4:28,,,,,,19761.0,87.0,32.0,31.0,31.0,1.0,,,0.0,30.0,394.0,33.0,3.0,,,,4222206,1786524998461,4222219,1786524998474,,1786524998438.0,28.0,2026-08-12T08:56:39.5012278Z,260.0,,,oasis/bottle,,0.0,,,,,
,,,,,,,,,,,,,,,13.0,,,,,,,,,1.0,,,0.0,,,,,0.0,,,,,0.0,,,,,,,,,,,local.mqtt.telegraf,31.0,,37.85,,,,,,periodic,,22.0,,,,,5.0,5,08a6f76bd428,,,51840.0,43104.0,,7.0,1366.0,,,,,,,,,,,,,1367.0,,,,,08a6f76bd428-1367,,,0.0,,,,,,,273.0,1367.0,08:A6:F7:6B:D4:28,,,,,,701.0,88.0,31.0,29.0,29.0,2.0,,,0.0,29.0,383.0,31.0,3.0,,,,4223395,1786524999650,4223408,1786524999663,,1786524999628.0,28.0,2026-08-12T08:56:40.676088Z,262.0,,,oasis/bottle,,0.0,,,,,
,,,,,,,,,,,,,,,14.0,,,,,,,,,1.0,,,0.0,,,,,0.0,,,,,0.0,,,,,,,,,,,local.mqtt.telegraf,31.0,,37.97,,,,,,periodic,,23.0,,,,,11.0,5,08a6f76bd428,,,43456.0,43104.0,,6.0,1367.0,,,,,,,,,,,,,1368.0,,,,,08a6f76bd428-1368,,,0.0,,,,,,,273.0,1368.0,08:A6:F7:6B:D4:28,,,,,,1871.0,88.0,31.0,29.0,29.0,2.0,,,0.0,29.0,383.0,31.0,3.0,,,,4224566,1786525000821,4224580,1786525000835,,1786525000798.0,28.0,2026-08-12T08:56:41.860478Z,262.0,,,oasis/bottle,,0.0,,,,,
,,,,,,,,,,,,,,,13.0,,,,,,,,,1.0,,,0.0,,,,,0.0,,,,,0.0,,,,,,,,,,,local.mqtt.telegraf,31.0,,38.04,,,,,,periodic,,23.0,,,,,5.0,5,08a6f76bd428,,,114544.0,43104.0,,6.0,1368.0,,,,,,,,,,,,,1369.0,,,,,08a6f76bd428-1369,,,0.0,,,,,,,273.0,1369.0,08:A6:F7:6B:D4:28,,,,,,3021.0,88.0,31.0,29.0,29.0,2.0,,,0.0,29.0,383.0,31.0,3.0,,,,4225716,1786525001971,4225729,1786525001984,,1786525001948.0,28.0,2026-08-12T08:56:42.9988649Z,262.0,,,oasis/bottle,,0.0,,,,,
,,,,,,,,,,,,,,,13.0,,,,,,,,,1.0,,,0.0,,,,,0.0,,,,,0.0,,,,,,,,,,,local.mqtt.telegraf,31.0,,37.97,,,,,,periodic,,23.0,,,,,5.0,5,08a6f76bd428,,,106192.0,43104.0,,6.0,1369.0,,,,,,,,,,,,,1370.0,,,,,08a6f76bd428-1370,,,0.0,,,,,,,273.0,1370.0,08:A6:F7:6B:D4:28,,,,,,4111.0,88.0,31.0,29.0,29.0,2.0,,,0.0,29.0,383.0,31.0,3.0,,,,4226806,1786525003061,4226819,1786525003074,,1786525003038.0,28.0,2026-08-12T08:56:44.089311Z,262.0,,,oasis/bottle,,0.0,,,,,
,,,,,,,,,,,,,,,13.0,,,,,,,,,1.0,,,0.0,,,,,0.0,,,,,0.0,,,,,,,,,,,local.mqtt.telegraf,31.0,,38.08,,,,,,periodic,,23.0,,,,,5.0,5,08a6f76bd428,,,95216.0,43104.0,,6.0,1370.0,,,,,,,,,,,,,1371.0,,,,,08a6f76bd428-1371,,,0.0,,,,,,,272.0,1371.0,08:A6:F7:6B:D4:28,,,,,,5681.0,88.0,31.0,29.0,29.0,2.0,,,0.0,29.0,383.0,31.0,3.0,,,,4228376,1786525004631,4228389,1786525004644,,1786525004608.0,28.0,2026-08-12T08:56:45.653185Z,262.0,,,oasis/bottle,,0.0,,,,,
,,,,,,,,,,,,,,,13.0,,,,,,,,,1.0,,,0.0,,,,,0.0,,,,,0.0,,,,,,,,,,,local.mqtt.telegraf,31.0,,38.12,,,,,,periodic,,23.0,,,,,5.0,5,08a6f76bd428,,,85552.0,43104.0,,8.0,1371.0,,,,,,,,,,,,,1372.0,,,,,08a6f76bd428-1372,,,0.0,,,,,,,273.0,1372.0,08:A6:F7:6B:D4:28,,,,,,7031.0,88.0,31.0,29.0,29.0,2.0,,,0.0,29.0,383.0,31.0,3.0,,,,4229726,1786525005981,4229739,1786525005994,,1786525005958.0,28.0,2026-08-12T08:56:47.0108236Z,262.0,,,oasis/bottle,,0.0,,,,,
,,,,,,,,,,,,,,,13.0,,,,,,,,,1.0,,,0.0,,,,,0.0,,,,,0.0,,,,,,,,,,,local.mqtt.telegraf,31.0,,38.27,,,,,,periodic,,23.0,,,,,5.0,5,08a6f76bd428,,,75232.0,43104.0,,6.0,1372.0,,,,,,,,,,,,,1373.0,,,,,08a6f76bd428-1373,,,0.0,,,,,,,273.0,1373.0,08:A6:F7:6B:D4:28,,,,,,8521.0,88.0,31.0,29.0,29.0,2.0,,,0.0,29.0,383.0,31.0,3.0,,,,4231216,1786525007471,4231229,1786525007484,,1786525007448.0,28.0,2026-08-12T08:56:48.4928384Z,262.0,,,oasis/bottle,,0.0,,,,,
,,,,,,,,,,,,,,,13.0,,,,,,,,,1.0,,,0.0,,,,,0.0,,,,,0.0,,,,,,,,,,,local.mqtt.telegraf,31.0,,38.16,,,,,,periodic,,23.0,,,,,5.0,5,08a6f76bd428,,,66224.0,43104.0,,7.0,1373.0,,,,,,,,,,,,,1374.0,,,,,08a6f76bd428-1374,,,0.0,,,,,,,273.0,1374.0,08:A6:F7:6B:D4:28,,,,,,9701.0,88.0,31.0,29.0,29.0,2.0,,,0.0,29.0,383.0,31.0,3.0,,,,4232396,1786525008651,4232409,1786525008664,,1786525008628.0,28.0,2026-08-12T08:56:49.6912261Z,262.0,,,oasis/bottle,,0.0,,,,,
,,,,,,,,,,,,,,,13.0,,,,,,,,,1.0,,,0.0,,,,,0.0,,,,,0.0,,,,,,,,,,,local.mqtt.telegraf,31.0,,38.17,,,,,,periodic,,23.0,,,,,5.0,5,08a6f76bd428,,,57872.0,43104.0,,6.0,1374.0,,,,,,,,,,,,,1375.0,,,,,08a6f76bd428-1375,,,0.0,,,,,,,273.0,1375.0,08:A6:F7:6B:D4:28,,,,,,10861.0,88.0,31.0,29.0,29.0,2.0,,,0.0,29.0,383.0,31.0,3.0,,,,4233556,1786525009811,4233569,1786525009824,,1786525009788.0,28.0,2026-08-12T08:56:50.8426069Z,262.0,,,oasis/bottle,,0.0,,,,,
,,,,,,,,,,,,,,,13.0,,,,,,,,,1.0,,,0.0,,,,,0.0,,,,,0.0,,,,,,,,,,,local.mqtt.telegraf,31.0,,38.27,,,,,,periodic,,23.0,,,,,5.0,5,08a6f76bd428,,,49520.0,43104.0,,6.0,1375.0,,,,,,,,,,,,,1376.0,,,,,08a6f76bd428-1376,,,0.0,,,,,,,273.0,1376.0,08:A6:F7:6B:D4:28,,,,,,11971.0,88.0,31.0,29.0,29.0,2.0,,,0.0,29.0,383.0,31.0,3.0,,,,4234666,1786525010921,4234679,1786525010934,,1786525010898.0,28.0,2026-08-12T08:56:51.942441Z,262.0,,,oasis/bottle,,0.0,,,,,
,,,,,,,,,,,,,,,13.0,,,,,,,,,1.0,,,0.0,,,,,0.0,,,,,0.0,,,,,,,,,,,local.mqtt.telegraf,31.0,,38.28,,,,,,periodic,,23.0,,,,,5.0,5,08a6f76bd428,,,121856.0,43104.0,,6.0,1376.0,,,,,,,,,,,,,1377.0,,,,,08a6f76bd428-1377,,,0.0,,,,,,,273.0,1377.0,08:A6:F7:6B:D4:28,,,,,,12991.0,88.0,31.0,29.0,29.0,2.0,,,0.0,29.0,383.0,31.0,3.0,,,,4235686,1786525011941,4235699,1786525011954,,1786525011918.0,28.0,2026-08-12T08:56:52.9700947Z,262.0,,,oasis/bottle,,0.0,,,,,
,,,,,,,,,,,,,,,13.0,,,,,,,,,1.0,,,0.0,,,,,0.0,,,,,0.0,,,,,,,,,,,local.mqtt.telegraf,31.0,,38.18,,,,,,periodic,,23.0,,,,,5.0,5,08a6f76bd428,,,111520.0,43104.0,,6.0,1377.0,,,,,,,,,,,,,1378.0,,,,,08a6f76bd428-1378,,,0.0,,,,,,,273.0,1378.0,08:A6:F7:6B:D4:28,,,,,,14431.0,88.0,31.0,29.0,29.0,2.0,,,0.0,29.0,383.0,31.0,3.0,,,,4237126,1786525013381,4237139,1786525013394,,1786525013358.0,28.0,2026-08-12T08:56:54.3998915Z,262.0,,,oasis/bottle,,0.0,,,,,
,,,,,,,,,,,,,,,13.0,,,,,,,,,1.0,,,0.0,,,,,0.0,,,,,0.0,,,,,,,,,,,local.mqtt.telegraf,31.0,,38.08,,,,,,periodic,,23.0,,,,,5.0,5,08a6f76bd428,,,103152.0,43104.0,,6.0,1378.0,,,,,,,,,,,,,1379.0,,,,,08a6f76bd428-1379,,,0.0,,,,,,,273.0,1379.0,08:A6:F7:6B:D4:28,,,,,,15511.0,88.0,31.0,29.0,29.0,2.0,,,0.0,29.0,383.0,31.0,3.0,,,,4238206,1786525014461,4238219,1786525014474,,1786525014438.0,28.0,2026-08-12T08:56:55.4961892Z,262.0,,,oasis/bottle,,0.0,,,,,
,,,,,,,,,,,,,,,13.0,,,,,,,,,1.0,,,0.0,,,,,0.0,,,,,0.0,,,,,,,,,,,local.mqtt.telegraf,31.0,,38.37,,,,,,periodic,,23.0,,,,,5.0,5,08a6f76bd428,,,92160.0,43104.0,,6.0,1379.0,,,,,,,,,,,,,1380.0,,,,,08a6f76bd428-1380,,,0.0,,,,,,,273.0,1380.0,08:A6:F7:6B:D4:28,,,,,,17071.0,88.0,31.0,29.0,29.0,2.0,,,0.0,29.0,383.0,31.0,3.0,,,,4239766,1786525016021,4239779,1786525016034,,1786525015998.0,28.0,2026-08-12T08:56:57.0557368Z,262.0,,,oasis/bottle,,0.0,,,,,
,,,,,,,,,,,,,,,13.0,,,,,,,,,1.0,,,0.0,,,,,0.0,,,,,0.0,,,,,,,,,,,local.mqtt.telegraf,31.0,,38.16,,,,,,periodic,,23.0,,,,,5.0,5,08a6f76bd428,,,81664.0,43104.0,,6.0,1380.0,,,,,,,,,,,,,1381.0,,,,,08a6f76bd428-1381,,,0.0,,,,,,,273.0,1381.0,08:A6:F7:6B:D4:28,,,,,,18431.0,88.0,31.0,29.0,29.0,2.0,,,0.0,29.0,383.0,31.0,3.0,,,,4241126,1786525017381,4241139,1786525017394,,1786525017358.0,28.0,2026-08-12T08:56:58.4061818Z,262.0,,,oasis/bottle,,0.0,,,,,
