,ID,a,af,amplitude,at,b,bottle_no,bottle_np,bs,cf,co,device_id,el,er,g2m_latency_ms,gw_duplicate_or_reorder_node_total,gw_event_loop_lag_last_ms,gw_event_loop_lag_max_ms,gw_event_loop_stall_100_total,gw_event_loop_stall_500_total,gw_mem_free_at_tx,gw_mem_free_min,gw_mqtt_connect_attempts_total,gw_mqtt_connections_total,gw_mqtt_err104_total,gw_mqtt_err113_total,gw_mqtt_publish_fail_total,gw_mqtt_publish_ms_count,gw_mqtt_publish_ms_max,gw_mqtt_publish_ms_mean,gw_packets_requeued_total,gw_publish_drop_total,gw_publish_queue_len_at_tx,gw_publish_queue_max,gw_published_node_total,gw_published_total,gw_rx_drop_total,gw_rx_node_total,gw_rx_queue_len_at_tx,gw_rx_queue_max,gw_rx_total,gw_seq_gap_node_total,gw_sync_ack_total,gw_sync_errors_total,gw_sync_noack_total,gw_sync_requests_total,h,host,humidity,l,light [%],light_percent,m,md,mf,mm,mode,msg,n2g_latency_ms,n2g_minus_sync_age_ms,n2g_minus_sync_delay_ms,n2g_minus_sync_rtt_ms,node_after_sensor_to_send_ms,node_build_to_send_ms,node_count,node_id,node_measurements_deferred_by_sync_final,node_measurements_total_final,node_mem_free,node_mem_free_min,node_mem_free_min_final,node_prev_asend_ms,node_prev_asend_seq,node_run_elapsed_ms_final,node_sync_cycles_failed_final,node_sync_cycles_ok_final,node_sync_delay_span_max_ms_final,node_sync_offset_span_max_ms_final,node_sync_response_timeouts_final,node_sync_samples_accepted_final,node_sync_samples_rejected_final,node_sync_selected_minus_median_abs_max_ms_final,node_sync_uncertainty_cycles_total_final,node_tx_ack_false_total_final,node_tx_ack_true_total_final,node_tx_attempt_total,node_tx_attempt_total_final,node_tx_send_error_total_final,o,pa,packet_id,pk,ps,publish_queue_len_at_tx,rt,run_summary,s,sa,sc,sd,sensor_read_ms,seq,sink_mac,sp,sr,ss,st,status,sync_age_ms,sync_cycle,sync_delay_max_ms,sync_delay_min_ms,sync_delay_ms,sync_delay_span_ms,sync_method,sync_offset_ms,sync_offset_selected_minus_median_ms,sync_offset_span_ms,sync_pause_ms,sync_rtt_ms,sync_valid_probes,t,t_after_sensor_ms,t_before_send_ms,t_gw_rx_ms,t_gw_rx_unix_ms,t_gw_tx_ms,t_gw_tx_unix_ms,t_node_ms,t_node_unix_ms,temp,time,time_sync_seq,timestamp,tn,topic,tx,tx_batch_index,uc,ud,um,uo,v
,,,,,,,,,,,,,,,13,,,,,,,,,1,,,0,,,,,0,,,,,0,,,,,,,,,,,local.mqtt.telegraf,33,,37.24,,,,,,periodic,,32,,,,,5,5,08a6f76bd428,,,89104,89104,,,,,,,,,,,,,,,,1,,,,,08a6f76bd428-1,,,0,,,,,,,273,1,08:A6:F7:6B:D4:28,,,,,,1851,1,31,29,29,2,,,0,29,384,31,3,,,,2442265,1786523218520,2442278,1786523218533,,1786523218488,29,2026-08-12T08:26:59.5606803Z,1,,,oasis/bottle,,0,,,,,
,,,,,,,,,,,,,,,13,,,,,,,,,1,,,0,,,,,0,,,,,0,,,,,,,,,,,local.mqtt.telegraf,33,,37.63,,,,,,periodic,,23,,,,,5,5,08a6f76bd428,,,79152,79152,,9,1,,,,,,,,,,,,,2,,,,,08a6f76bd428-2,,,0,,,,,,,272,2,08:A6:F7:6B:D4:28,,,,,,3271,1,31,29,29,2,,,0,29,384,31,3,,,,2443676,1786523219931,2443689,1786523219944,,1786523219908,28,2026-08-12T08:27:00.9758724Z,1,,,oasis/bottle,,0,,,,,
,,,,,,,,,,,,,,,13,,,,,,,,,1,,,0,,,,,0,,,,,0,,,,,,,,,,,local.mqtt.telegraf,33,,37.67,,,,,,periodic,,23,,,,,5,5,08a6f76bd428,,,71536,71536,,6,2,,,,,,,,,,,,,3,,,,,08a6f76bd428-3,,,0,,,,,,,273,3,08:A6:F7:6B:D4:28,,,,,,4301,1,31,29,29,2,,,0,29,384,31,3,,,,2444706,1786523220961,2444719,1786523220974,,1786523220938,28,2026-08-12T08:27:02.0100867Z,1,,,oasis/bottle,,0,,,,,
,,,,,,,,,,,,,,,13,,,,,,,,,1,,,0,,,,,0,,,,,0,,,,,,,,,,,local.mqtt.telegraf,33,,37.65,,,,,,periodic,,24,,,,,6,5,08a6f76bd428,,,61296,61296,,6,3,,,,,,,,,,,,,4,,,,,08a6f76bd428-4,,,0,,,,,,,272,4,08:A6:F7:6B:D4:28,,,,,,5761,1,31,29,29,2,,,0,29,384,31,3,,,,2446166,1786523222421,2446179,1786523222434,,1786523222397,29,2026-08-12T08:27:03.4671894Z,1,,,oasis/bottle,,0,,,,,
,,,,,,,,,,,,,,,13,,,,,,,,,1,,,0,,,,,0,,,,,0,,,,,,,,,,,local.mqtt.telegraf,33,,37.5,,,,,,periodic,,24,,,,,6,5,08a6f76bd428,,,53024,53024,,5,4,,,,,,,,,,,,,5,,,,,08a6f76bd428-5,,,0,,,,,,,272,5,08:A6:F7:6B:D4:28,,,,,,6881,1,31,29,29,2,,,0,29,384,31,3,,,,2447286,1786523223541,2447299,1786523223554,,1786523223517,29,2026-08-12T08:27:04.5813908Z,1,,,oasis/bottle,,0,,,,,
,,,,,,,,,,,,,,,13,,,,,,,,,1,,,0,,,,,0,,,,,0,,,,,,,,,,,local.mqtt.telegraf,33,,37.63,,,,,,periodic,,33,,,,,5,5,08a6f76bd428,,,45408,45408,,5,5,,,,,,,,,,,,,6,,,,,08a6f76bd428-6,,,0,,,,,,,272,6,08:A6:F7:6B:D4:28,,,,,,7911,1,31,29,29,2,,,0,29,384,31,3,,,,2448326,1786523224581,2448339,1786523224594,,1786523224548,28,2026-08-12T08:27:05.6281221Z,1,,,oasis/bottle,,0,,,,,
,,,,,,,,,,,,,,,13,,,,,,,,,1,,,0,,,,,0,,,,,0,,,,,,,,,,,local.mqtt.telegraf,34,,37.61,,,,,,periodic,,23,,,,,5,5,08a6f76bd428,,,114672,45408,,8,6,,,,,,,,,,,,,7,,,,,08a6f76bd428-7,,,0,,,,,,,272,7,08:A6:F7:6B:D4:28,,,,,,9391,1,31,29,29,2,,,0,29,384,31,3,,,,2449796,1786523226051,2449809,1786523226064,,1786523226028,29,2026-08-12T08:27:07.097625Z,1,,,oasis/bottle,,0,,,,,
,,,,,,,,,,,,,,,13,,,,,,,,,1,,,0,,,,,0,,,,,0,,,,,,,,,,,local.mqtt.telegraf,34,,37.73,,,,,,periodic,,24,,,,,6,5,08a6f76bd428,,,106400,45408,,6,7,,,,,,,,,,,,,8,,,,,08a6f76bd428-8,,,0,,,,,,,272,8,08:A6:F7:6B:D4:28,,,,,,10531,1,31,29,29,2,,,0,29,384,31,3,,,,2450936,1786523227191,2450949,1786523227204,,1786523227167,29,2026-08-12T08:27:08.2449013Z,1,,,oasis/bottle,,0,,,,,
,,,,,,,,,,,,,,,13,,,,,,,,,1,,,0,,,,,0,,,,,0,,,,,,,,,,,local.mqtt.telegraf,34,,37.7,,,,,,periodic,,24,,,,,6,5,08a6f76bd428,,,98128,45408,,6,8,,,,,,,,,,,,,9,,,,,08a6f76bd428-9,,,0,,,,,,,272,9,08:A6:F7:6B:D4:28,,,,,,11611,1,31,29,29,2,,,0,29,384,31,3,,,,2452016,1786523228271,2452029,1786523228284,,1786523228247,29,2026-08-12T08:27:09.3088681Z,1,,,oasis/bottle,,0,,,,,
,,,,,,,,,,,,,,,13,,,,,,,,,1,,,0,,,,,0,,,,,0,,,,,,,,,,,local.mqtt.telegraf,34,,37.65,,,,,,periodic,,24,,,,,6,5,08a6f76bd428,,,87232,45408,,5,9,,,,,,,,,,,,,10,,,,,08a6f76bd428-10,,,0,,,,,,,272,10,08:A6:F7:6B:D4:28,,,,,,13171,1,31,29,29,2,,,0,29,384,31,3,,,,2453576,1786523229831,2453589,1786523229844,,1786523229807,29,2026-08-12T08:27:10.8760181Z,1,,,oasis/bottle,,0,,,,,
,,,,,,,,,,,,,,,13,,,,,,,,,1,,,0,,,,,0,,,,,0,,,,,,,,,,,local.mqtt.telegraf,34,,37.96,,,,,,periodic,,24,,,,,6,5,08a6f76bd428,,,77648,45408,,7,10,,,,,,,,,,,,,11,,,,,08a6f76bd428-11,,,0,,,,,,,272,11,08:A6:F7:6B:D4:28,,,,,,14491,1,31,29,29,2,,,0,29,384,31,3,,,,2454896,1786523231151,2454909,1786523231164,,1786523231127,29,2026-08-12T08:27:12.1936369Z,1,,,oasis/bottle,,0,,,,,
,,,,,,,,,,,,,,,13,,,,,,,,,1,,,0,,,,,0,,,,,0,,,,,,,,,,,local.mqtt.telegraf,34,,37.92,,,,,,periodic,,24,,,,,6,5,08a6f76bd428,,,67408,45408,,6,11,,,,,,,,,,,,,12,,,,,08a6f76bd428-12,,,0,,,,,,,272,12,08:A6:F7:6B:D4:28,,,,,,15921,1,31,29,29,2,,,0,29,384,31,3,,,,2456326,1786523232581,2456339,1786523232594,,1786523232557,29,2026-08-12T08:27:13.6262Z,1,,,oasis/bottle,,0,,,,,
,,,,,,,,,,,,,,,14,,,,,,,,,1,,,0,,,,,0,,,,,0,,,,,,,,,,,local.mqtt.telegraf,34,,37.84,,,,,,periodic,,23,,,,,5,5,08a6f76bd428,,,59760,45408,,6,12,,,,,,,,,,,,,13,,,,,08a6f76bd428-13,,,0,,,,,,,273,13,08:A6:F7:6B:D4:28,,,,,,16981,1,31,29,29,2,,,0,29,384,31,3,,,,2457386,1786523233641,2457400,1786523233655,,1786523233618,29,2026-08-12T08:27:14.6801092Z,1,,,oasis/bottle,,0,,,,,
,,,,,,,,,,,,,,,22,,,,,,,,,1,,,0,,,,,0,,,,,0,,,,,,,,,,,local.mqtt.telegraf,34,,38.02,,,,,,periodic,,24,,,,,6,5,08a6f76bd428,,,48848,45408,,6,13,,,,,,,,,,,,,14,,,,,08a6f76bd428-14,,,0,,,,,,,272,14,08:A6:F7:6B:D4:28,,,,,,18501,1,31,29,29,2,,,0,29,384,31,3,,,,2458906,1786523235161,2458928,1786523235183,,1786523235137,29,2026-08-12T08:27:16.2046994Z,1,,,oasis/bottle,,0,,,,,
,,,,,,,,,,,,,,,13,,,,,,,,,1,,,0,,,,,0,,,,,0,,,,,,,,,,,local.mqtt.telegraf,34,,38.1,,,,,,periodic,,24,,,,,6,5,08a6f76bd428,,,120080,45408,,6,14,,,,,,,,,,,,,15,,,,,08a6f76bd428-15,,,0,,,,,,,272,15,08:A6:F7:6B:D4:28,,,,,,19741,1,31,29,29,2,,,0,29,384,31,3,,,,2460146,1786523236401,2460159,1786523236414,,1786523236377,29,2026-08-12T08:27:17.4461134Z,1,,,oasis/bottle,,0,,,,,
,,,,,,,,,,,,,,,14,,,,,,,,,1,,,0,,,,,0,,,,,0,,,,,,,,,,,local.mqtt.telegraf,34,,38.21,,,,,,periodic,,22,,,,,6,5,08a6f76bd428,,,99232,45408,,6,15,,,,,,,,,,,,,16,,,,,08a6f76bd428-16,,,0,,,,,,,273,16,08:A6:F7:6B:D4:28,,,,,,491,2,32,30,30,2,,,0,29,396,33,3,,,,2461495,1786523237750,2461509,1786523237764,,1786523237728,29,2026-08-12T08:27:18.7932469Z,5,,,oasis/bottle,,0,,,,,
,,,,,,,,,,,,,,,13,,,,,,,,,1,,,0,,,,,0,,,,,0,,,,,,,,,,,local.mqtt.telegraf,34,,38.16,,,,,,periodic,,24,,,,,6,5,08a6f76bd428,,,88992,45408,,6,16,,,,,,,,,,,,,17,,,,,08a6f76bd428-17,,,0,,,,,,,272,17,08:A6:F7:6B:D4:28,,,,,,1911,2,32,30,30,2,,,0,29,396,33,3,,,,2462916,1786523239171,2462929,1786523239184,,1786523239147,29,2026-08-12T08:27:20.221879Z,5,,,oasis/bottle,,0,,,,,
,,,,,,,,,,,,,,,13,,,,,,,,,1,,,0,,,,,0,,,,,0,,,,,,,,,,,local.mqtt.telegraf,33,,38.21,,,,,,periodic,,33,,,,,5,5,08a6f76bd428,,,81376,45408,,6,17,,,,,,,,,,,,,18,,,,,08a6f76bd428-18,,,0,,,,,,,272,18,08:A6:F7:6B:D4:28,,,,,,2951,2,32,30,30,2,,,0,29,396,33,3,,,,2463966,1786523240221,2463979,1786523240234,,1786523240188,29,2026-08-12T08:27:21.2559483Z,5,,,oasis/bottle,,0,,,,,
,,,,,,,,,,,,,,,13,,,,,,,,,1,,,0,,,,,0,,,,,0,,,,,,,,,,,local.mqtt.telegraf,33,,38.25,,,,,,periodic,,24,,,,,6,5,08a6f76bd428,,,71136,45408,,12,18,,,,,,,,,,,,,19,,,,,08a6f76bd428-19,,,0,,,,,,,272,19,08:A6:F7:6B:D4:28,,,,,,4441,2,32,30,30,2,,,0,29,396,33,3,,,,2465446,1786523241701,2465459,1786523241714,,1786523241677,29,2026-08-12T08:27:22.7497526Z,5,,,oasis/bottle,,0,,,,,
,,,,,,,,,,,,,,,13,,,,,,,,,1,,,0,,,,,0,,,,,0,,,,,,,,,,,local.mqtt.telegraf,33,,38.04,,,,,,periodic,,23,,,,,5,5,08a6f76bd428,,,62832,45408,,8,19,,,,,,,,,,,,,20,,,,,08a6f76bd428-20,,,0,,,,,,,273,20,08:A6:F7:6B:D4:28,,,,,,5611,2,32,30,30,2,,,0,29,396,33,3,,,,2466616,1786523242871,2466629,1786523242884,,1786523242848,29,2026-08-12T08:27:23.9152012Z,5,,,oasis/bottle,,0,,,,,
,,,,,,,,,,,,,,,13,,,,,,,,,1,,,0,,,,,0,,,,,0,,,,,,,,,,,local.mqtt.telegraf,33,,38.17,,,,,,periodic,,24,,,,,6,5,08a6f76bd428,,,54544,45408,,5,20,,,,,,,,,,,,,21,,,,,08a6f76bd428-21,,,0,,,,,,,272,21,08:A6:F7:6B:D4:28,,,,,,6741,2,32,30,30,2,,,0,29,396,33,3,,,,2467746,1786523244001,2467759,1786523244014,,1786523243977,29,2026-08-12T08:27:25.0475108Z,5,,,oasis/bottle,,0,,,,,
,,,,,,,,,,,,,,,14,,,,,,,,,1,,,0,,,,,0,,,,,0,,,,,,,,,,,local.mqtt.telegraf,33,,38.32,,,,,,periodic,,23,,,,,5,5,08a6f76bd428,,,46272,45408,,5,21,,,,,,,,,,,,,22,,,,,08a6f76bd428-22,,,0,,,,,,,272,22,08:A6:F7:6B:D4:28,,,,,,7801,2,32,30,30,2,,,0,29,396,33,3,,,,2468806,1786523245061,2468820,1786523245075,,1786523245038,29,2026-08-12T08:27:26.1070394Z,5,,,oasis/bottle,,0,,,,,
,,,,,,,,,,,,,,,13,,,,,,,,,1,,,0,,,,,0,,,,,0,,,,,,,,,,,local.mqtt.telegraf,33,,38.27,,,,,,periodic,,24,,,,,6,5,08a6f76bd428,,,115488,45408,,6,22,,,,,,,,,,,,,23,,,,,08a6f76bd428-23,,,0,,,,,,,272,23,08:A6:F7:6B:D4:28,,,,,,9321,2,32,30,30,2,,,0,29,396,33,3,,,,2470326,1786523246581,2470339,1786523246594,,1786523246557,29,2026-08-12T08:27:27.6282686Z,5,,,oasis/bottle,,0,,,,,
,,,,,,,,,,,,,,,13,,,,,,,,,1,,,0,,,,,0,,,,,0,,,,,,,,,,,local.mqtt.telegraf,33,,38.23,,,,,,periodic,,23,,,,,5,5,08a6f76bd428,,,106560,45408,,6,23,,,,,,,,,,,,,24,,,,,08a6f76bd428-24,,,0,,,,,,,272,24,08:A6:F7:6B:D4:28,,,,,,10561,2,32,30,30,2,,,0,29,396,33,3,,,,2471566,1786523247821,2471579,1786523247834,,1786523247798,29,2026-08-12T08:27:28.8746053Z,5,,,oasis/bottle,,0,,,,,
,,,,,,,,,,,,,,,13,,,,,,,,,1,,,0,,,,,0,,,,,0,,,,,,,,,,,local.mqtt.telegraf,33,,38.17,,,,,,periodic,,24,,,,,6,5,08a6f76bd428,,,97632,45408,,7,24,,,,,,,,,,,,,25,,,,,08a6f76bd428-25,,,0,,,,,,,272,25,08:A6:F7:6B:D4:28,,,,,,11841,2,32,30,30,2,,,0,29,396,33,3,,,,2472846,1786523249101,2472859,1786523249114,,1786523249077,29,2026-08-12T08:27:30.1453094Z,5,,,oasis/bottle,,0,,,,,
,,,,,,,,,,,,,,,13,,,,,,,,,1,,,0,,,,,0,,,,,0,,,,,,,,,,,local.mqtt.telegraf,33,,38.1,,,,,,periodic,,24,,,,,6,5,08a6f76bd428,,,88048,45408,,6,25,,,,,,,,,,,,,26,,,,,08a6f76bd428-26,,,0,,,,,,,272,26,08:A6:F7:6B:D4:28,,,,,,13191,2,32,30,30,2,,,0,29,396,33,3,,,,2474196,1786523250451,2474209,1786523250464,,1786523250427,29,2026-08-12T08:27:31.493395Z,5,,,oasis/bottle,,0,,,,,
,,,,,,,,,,,,,,,13,,,,,,,,,1,,,0,,,,,0,,,,,0,,,,,,,,,,,local.mqtt.telegraf,33,,38.1,,,,,,periodic,,23,,,,,5,5,08a6f76bd428,,,77776,45408,,6,26,,,,,,,,,,,,,27,,,,,08a6f76bd428-27,,,0,,,,,,,273,27,08:A6:F7:6B:D4:28,,,,,,14691,2,32,30,30,2,,,0,29,396,33,3,,,,2475696,1786523251951,2475709,1786523251964,,1786523251928,29,2026-08-12T08:27:32.9963348Z,5,,,oasis/bottle,,0,,,,,
,,,,,,,,,,,,,,,13,,,,,,,,,1,,,0,,,,,0,,,,,0,,,,,,,,,,,local.mqtt.telegraf,33,,38.16,,,,,,periodic,,24,,,,,6,5,08a6f76bd428,,,68832,45408,,5,27,,,,,,,,,,,,,28,,,,,08a6f76bd428-28,,,0,,,,,,,272,28,08:A6:F7:6B:D4:28,,,,,,15891,2,32,30,30,2,,,0,29,396,33,3,,,,2476896,1786523253151,2476909,1786523253164,,1786523253127,29,2026-08-12T08:27:34.1897031Z,5,,,oasis/bottle,,0,,,,,
,,,,,,,,,,,,,,,13,,,,,,,,,1,,,0,,,,,0,,,,,0,,,,,,,,,,,local.mqtt.telegraf,33,,38.18,,,,,,periodic,,24,,,,,6,5,08a6f76bd428,,,59904,45408,,6,28,,,,,,,,,,,,,29,,,,,08a6f76bd428-29,,,0,,,,,,,272,29,08:A6:F7:6B:D4:28,,,,,,17091,2,32,30,30,2,,,0,29,396,33,3,,,,2478096,1786523254351,2478109,1786523254364,,1786523254327,29,2026-08-12T08:27:35.3936983Z,5,,,oasis/bottle,,0,,,,,
,,,,,,,,,,,,,,,13,,,,,,,,,1,,,0,,,,,0,,,,,0,,,,,,,,,,,local.mqtt.telegraf,33,,38.27,,,,,,periodic,,24,,,,,6,5,08a6f76bd428,,,50976,45408,,6,29,,,,,,,,,,,,,30,,,,,08a6f76bd428-30,,,0,,,,,,,272,30,08:A6:F7:6B:D4:28,,,,,,18281,2,32,30,30,2,,,0,29,396,33,3,,,,2479286,1786523255541,2479299,1786523255554,,1786523255517,29,2026-08-12T08:27:36.5777954Z,5,,,oasis/bottle,,0,,,,,
,,,,,,,,,,,,,,,13,,,,,,,,,1,,,0,,,,,0,,,,,0,,,,,,,,,,,local.mqtt.telegraf,33,,38.28,,,,,,periodic,,24,,,,,6,5,08a6f76bd428,,,121328,45408,,6,30,,,,,,,,,,,,,31,,,,,08a6f76bd428-31,,,0,,,,,,,272,31,08:A6:F7:6B:D4:28,,,,,,19511,2,32,30,30,2,,,0,29,396,33,3,,,,2480516,1786523256771,2480529,1786523256784,,1786523256747,29,2026-08-12T08:27:37.8148484Z,5,,,oasis/bottle,,0,,,,,
,,,,,,,,,,,,,,,13,,,,,,,,,1,,,0,,,,,0,,,,,0,,,,,,,,,,,local.mqtt.telegraf,33,,38.12,,,,,,periodic,,22,,,,,6,5,08a6f76bd428,,,100480,45408,,5,31,,,,,,,,,,,,,32,,,,,08a6f76bd428-32,,,0,,,,,,,273,32,08:A6:F7:6B:D4:28,,,,,,661,3,31,29,29,2,,,0,29,386,31,3,,,,2481915,1786523258170,2481928,1786523258183,,1786523258148,29,2026-08-12T08:27:39.2084451Z,7,,,oasis/bottle,,0,,,,,
,,,,,,,,,,,,,,,13,,,,,,,,,1,,,0,,,,,0,,,,,0,,,,,,,,,,,local.mqtt.telegraf,33,,38.21,,,,,,periodic,,24,,,,,6,5,08a6f76bd428,,,90240,45408,,6,32,,,,,,,,,,,,,33,,,,,08a6f76bd428-33,,,0,,,,,,,272,33,08:A6:F7:6B:D4:28,,,,,,2071,3,31,29,29,2,,,0,29,386,31,3,,,,2483326,1786523259581,2483339,1786523259594,,1786523259557,29,2026-08-12T08:27:40.6280377Z,7,,,oasis/bottle,,0,,,,,
,,,,,,,,,,,,,,,13,,,,,,,,,1,,,0,,,,,0,,,,,0,,,,,,,,,,,local.mqtt.telegraf,33,,38.23,,,,,,periodic,,24,,,,,6,5,08a6f76bd428,,,82624,45408,,6,33,,,,,,,,,,,,,34,,,,,08a6f76bd428-34,,,0,,,,,,,272,34,08:A6:F7:6B:D4:28,,,,,,3081,3,31,29,29,2,,,0,29,386,31,3,,,,2484336,1786523260591,2484349,1786523260604,,1786523260567,29,2026-08-12T08:27:41.6270329Z,7,,,oasis/bottle,,0,,,,,
,,,,,,,,,,,,,,,14,,,,,,,,,1,,,0,,,,,0,,,,,0,,,,,,,,,,,local.mqtt.telegraf,33,,38.37,,,,,,periodic,,24,,,,,6,5,08a6f76bd428,,,72384,45408,,6,34,,,,,,,,,,,,,35,,,,,08a6f76bd428-35,,,0,,,,,,,272,35,08:A6:F7:6B:D4:28,,,,,,4501,3,31,29,29,2,,,0,29,386,31,3,,,,2485756,1786523262011,2485770,1786523262025,,1786523261987,29,2026-08-12T08:27:43.0575289Z,7,,,oasis/bottle,,0,,,,,
,,,,,,,,,,,,,,,13,,,,,,,,,1,,,0,,,,,0,,,,,0,,,,,,,,,,,local.mqtt.telegraf,33,,38.23,,,,,,periodic,,24,,,,,6,5,08a6f76bd428,,,64768,45408,,6,35,,,,,,,,,,,,,36,,,,,08a6f76bd428-36,,,0,,,,,,,272,36,08:A6:F7:6B:D4:28,,,,,,5541,3,31,29,29,2,,,0,29,386,31,3,,,,2486796,1786523263051,2486809,1786523263064,,1786523263027,29,2026-08-12T08:27:44.1182149Z,7,,,oasis/bottle,,0,,,,,
,,,,,,,,,,,,,,,13,,,,,,,,,1,,,0,,,,,0,,,,,0,,,,,,,,,,,local.mqtt.telegraf,33,,38.4,,,,,,periodic,,24,,,,,6,5,08a6f76bd428,,,54528,45408,,7,36,,,,,,,,,,,,,37,,,,,08a6f76bd428-37,,,0,,,,,,,272,37,08:A6:F7:6B:D4:28,,,,,,7021,3,31,29,29,2,,,0,29,386,31,3,,,,2488276,1786523264531,2488289,1786523264544,,1786523264507,29,2026-08-12T08:27:45.578939Z,7,,,oasis/bottle,,0,,,,,
,,,,,,,,,,,,,,,13,,,,,,,,,1,,,0,,,,,0,,,,,0,,,,,,,,,,,local.mqtt.telegraf,33,,38.12,,,,,,periodic,,24,,,,,6,5,08a6f76bd428,,,46256,45408,,6,37,,,,,,,,,,,,,38,,,,,08a6f76bd428-38,,,0,,,,,,,272,38,08:A6:F7:6B:D4:28,,,,,,8181,3,31,29,29,2,,,0,29,386,31,3,,,,2489436,1786523265691,2489449,1786523265704,,1786523265667,29,2026-08-12T08:27:46.7462343Z,7,,,oasis/bottle,,0,,,,,
,,,,,,,,,,,,,,,13,,,,,,,,,1,,,0,,,,,0,,,,,0,,,,,,,,,,,local.mqtt.telegraf,33,,38.24,,,,,,periodic,,24,,,,,6,5,08a6f76bd428,,,118112,45408,,5,38,,,,,,,,,,,,,39,,,,,08a6f76bd428-39,,,0,,,,,,,272,39,08:A6:F7:6B:D4:28,,,,,,9291,3,31,29,29,2,,,0,29,386,31,3,,,,2490546,1786523266801,2490559,1786523266814,,1786523266777,29,2026-08-12T08:27:47.8441717Z,7,,,oasis/bottle,,0,,,,,
,,,,,,,,,,,,,,,13,,,,,,,,,1,,,0,,,,,0,,,,,0,,,,,,,,,,,local.mqtt.telegraf,33,,38.33,,,,,,periodic,,24,,,,,6,5,08a6f76bd428,,,110496,45408,,6,39,,,,,,,,,,,,,40,,,,,08a6f76bd428-40,,,0,,,,,,,272,40,08:A6:F7:6B:D4:28,,,,,,10311,3,31,29,29,2,,,0,29,386,31,3,,,,2491566,1786523267821,2491579,1786523267834,,1786523267797,29,2026-08-12T08:27:48.8612238Z,7,,,oasis/bottle,,0,,,,,
,,,,,,,,,,,,,,,13,,,,,,,,,1,,,0,,,,,0,,,,,0,,,,,,,,,,,local.mqtt.telegraf,33,,38.27,,,,,,periodic,,24,,,,,6,5,08a6f76bd428,,,100256,45408,,6,40,,,,,,,,,,,,,41,,,,,08a6f76bd428-41,,,0,,,,,,,272,41,08:A6:F7:6B:D4:28,,,,,,11751,3,31,29,29,2,,,0,29,386,31,3,,,,2493006,1786523269261,2493019,1786523269274,,1786523269237,28,2026-08-12T08:27:50.3125249Z,7,,,oasis/bottle,,0,,,,,
,,,,,,,,,,,,,,,13,,,,,,,,,1,,,0,,,,,0,,,,,0,,,,,,,,,,,local.mqtt.telegraf,33,,38.13,,,,,,periodic,,24,,,,,6,5,08a6f76bd428,,,91984,45408,,6,41,,,,,,,,,,,,,42,,,,,08a6f76bd428-42,,,0,,,,,,,272,42,08:A6:F7:6B:D4:28,,,,,,12831,3,31,29,29,2,,,0,29,386,31,3,,,,2494086,1786523270341,2494099,1786523270354,,1786523270317,29,2026-08-12T08:27:51.3834466Z,7,,,oasis/bottle,,0,,,,,
,,,,,,,,,,,,,,,13,,,,,,,,,1,,,0,,,,,0,,,,,0,,,,,,,,,,,local.mqtt.telegraf,33,,38.44,,,,,,periodic,,24,,,,,6,5,08a6f76bd428,,,81088,45408,,6,42,,,,,,,,,,,,,43,,,,,08a6f76bd428-43,,,0,,,,,,,272,43,08:A6:F7:6B:D4:28,,,,,,14391,3,31,29,29,2,,,0,29,386,31,3,,,,2495646,1786523271901,2495659,1786523271914,,1786523271877,29,2026-08-12T08:27:52.9446532Z,7,,,oasis/bottle,,0,,,,,
,,,,,,,,,,,,,,,13,,,,,,,,,1,,,0,,,,,0,,,,,0,,,,,,,,,,,local.mqtt.telegraf,33,,38.18,,,,,,periodic,,24,,,,,6,5,08a6f76bd428,,,71504,45408,,5,43,,,,,,,,,,,,,44,,,,,08a6f76bd428-44,,,0,,,,,,,272,44,08:A6:F7:6B:D4:28,,,,,,15701,3,31,29,29,2,,,0,29,386,31,3,,,,2496956,1786523273211,2496969,1786523273224,,1786523273187,29,2026-08-12T08:27:54.2626505Z,7,,,oasis/bottle,,0,,,,,
,,,,,,,,,,,,,,,13,,,,,,,,,1,,,0,,,,,0,,,,,0,,,,,,,,,,,local.mqtt.telegraf,33,,38.37,,,,,,periodic,,24,,,,,6,5,08a6f76bd428,,,61264,45408,,5,44,,,,,,,,,,,,,45,,,,,08a6f76bd428-45,,,0,,,,,,,272,45,08:A6:F7:6B:D4:28,,,,,,17121,3,31,29,29,2,,,0,29,386,31,3,,,,2498376,1786523274631,2498389,1786523274644,,1786523274607,29,2026-08-12T08:27:55.6779102Z,7,,,oasis/bottle,,0,,,,,
,,,,,,,,,,,,,,,13,,,,,,,,,1,,,0,,,,,0,,,,,0,,,,,,,,,,,local.mqtt.telegraf,33,,38.04,,,,,,periodic,,24,,,,,6,5,08a6f76bd428,,,53648,45408,,5,45,,,,,,,,,,,,,46,,,,,08a6f76bd428-46,,,0,,,,,,,272,46,08:A6:F7:6B:D4:28,,,,,,18161,3,31,29,29,2,,,0,29,386,31,3,,,,2499416,1786523275671,2499429,1786523275684,,1786523275647,29,2026-08-12T08:27:56.7311101Z,7,,,oasis/bottle,,0,,,,,
,,,,,,,,,,,,,,,13,,,,,,,,,1,,,0,,,,,0,,,,,0,,,,,,,,,,,local.mqtt.telegraf,33,,38.1,,,,,,periodic,,34,,,,,11,5,08a6f76bd428,,,43408,43408,,6,46,,,,,,,,,,,,,47,,,,,08a6f76bd428-47,,,0,,,,,,,272,47,08:A6:F7:6B:D4:28,,,,,,19641,3,31,29,29,2,,,0,29,386,31,3,,,,2500906,1786523277161,2500919,1786523277174,,1786523277127,29,2026-08-12T08:27:58.2079094Z,7,,,oasis/bottle,,0,,,,,
,,,,,,,,,,,,,,,13,,,,,,,,,1,,,0,,,,,0,,,,,0,,,,,,,,,,,local.mqtt.telegraf,33,,38.21,,,,,,periodic,,26,,,,,5,5,08a6f76bd428,,,98880,43408,,6,47,,,,,,,,,,,,,48,,,,,08a6f76bd428-48,,,0,,,,,,,273,48,08:A6:F7:6B:D4:28,,,,,,331,4,30,22,22,8,,,2,22,1055,24,2,,,,2503015,1786523279270,2503028,1786523279283,,1786523279244,29,2026-08-12T08:28:00.3125136Z,12,,,oasis/bottle,,0,,,,,
,,,,,,,,,,,,,,,13,,,,,,,,,1,,,0,,,,,0,,,,,0,,,,,,,,,,,local.mqtt.telegraf,33,,38.27,,,,,,periodic,,19,,,,,6,5,08a6f76bd428,,,88640,43408,,9,48,,,,,,,,,,,,,49,,,,,08a6f76bd428-49,,,0,,,,,,,272,49,08:A6:F7:6B:D4:28,,,,,,1800,4,30,22,22,8,,,2,22,1055,24,2,,,,2504476,1786523280731,2504489,1786523280744,,1786523280712,29,2026-08-12T08:28:01.7758764Z,12,,,oasis/bottle,,0,,,,,
,,,,,,,,,,,,,,,13,,,,,,,,,1,,,0,,,,,0,,,,,0,,,,,,,,,,,local.mqtt.telegraf,33,,38.45,,,,,,periodic,,19,,,,,6,5,08a6f76bd428,,,80368,43408,,6,49,,,,,,,,,,,,,50,,,,,08a6f76bd428-50,,,0,,,,,,,272,50,08:A6:F7:6B:D4:28,,,,,,2930,4,30,22,22,8,,,2,22,1055,24,2,,,,2505606,1786523281861,2505619,1786523281874,,1786523281842,29,2026-08-12T08:28:02.9159398Z,12,,,oasis/bottle,,0,,,,,
,,,,,,,,,,,,,,,13,,,,,,,,,1,,,0,,,,,0,,,,,0,,,,,,,,,,,local.mqtt.telegraf,33,,38.33,,,,,,periodic,,25,,,,,5,5,08a6f76bd428,,,72096,43408,,5,50,,,,,,,,,,,,,51,,,,,08a6f76bd428-51,,,0,,,,,,,273,51,08:A6:F7:6B:D4:28,,,,,,3983,4,30,22,22,8,,,2,22,1055,24,2,,,,2506666,1786523282921,2506679,1786523282934,,1786523282896,29,2026-08-12T08:28:03.9614771Z,12,,,oasis/bottle,,0,,,,,
,,,,,,,,,,,,,,,13,,,,,,,,,1,,,0,,,,,0,,,,,0,,,,,,,,,,,local.mqtt.telegraf,33,,38.17,,,,,,periodic,,19,,,,,6,5,08a6f76bd428,,,61200,43408,,6,51,,,,,,,,,,,,,52,,,,,08a6f76bd428-52,,,0,,,,,,,272,52,08:A6:F7:6B:D4:28,,,,,,5490,4,30,22,22,8,,,2,22,1055,24,2,,,,2508166,1786523284421,2508179,1786523284434,,1786523284402,29,2026-08-12T08:28:05.4593434Z,12,,,oasis/bottle,,0,,,,,
,,,,,,,,,,,,,,,13,,,,,,,,,1,,,0,,,,,0,,,,,0,,,,,,,,,,,local.mqtt.telegraf,33,,38.28,,,,,,periodic,,19,,,,,6,5,08a6f76bd428,,,52272,43408,,6,52,,,,,,,,,,,,,53,,,,,08a6f76bd428-53,,,0,,,,,,,272,53,08:A6:F7:6B:D4:28,,,,,,6700,4,30,22,22,8,,,2,22,1055,24,2,,,,2509376,1786523285631,2509389,1786523285644,,1786523285612,29,2026-08-12T08:28:06.6746048Z,12,,,oasis/bottle,,0,,,,,
,,,,,,,,,,,,,,,13,,,,,,,,,1,,,0,,,,,0,,,,,0,,,,,,,,,,,local.mqtt.telegraf,33,,38.12,,,,,,periodic,,29,,,,,12,5,08a6f76bd428,,,43344,43344,,6,53,,,,,,,,,,,,,54,,,,,08a6f76bd428-54,,,0,,,,,,,272,54,08:A6:F7:6B:D4:28,,,,,,7920,4,30,22,22,8,,,2,22,1055,24,2,,,,2510606,1786523286861,2510619,1786523286874,,1786523286832,29,2026-08-12T08:28:07.9118517Z,12,,,oasis/bottle,,0,,,,,
,,,,,,,,,,,,,,,13,,,,,,,,,1,,,0,,,,,0,,,,,0,,,,,,,,,,,local.mqtt.telegraf,33,,38.21,,,,,,periodic,,19,,,,,6,5,08a6f76bd428,,,114112,43344,,8,54,,,,,,,,,,,,,55,,,,,08a6f76bd428-55,,,0,,,,,,,272,55,08:A6:F7:6B:D4:28,,,,,,9180,4,30,22,22,8,,,2,22,1055,24,2,,,,2511856,1786523288111,2511869,1786523288124,,1786523288092,29,2026-08-12T08:28:09.1598109Z,12,,,oasis/bottle,,0,,,,,
,,,,,,,,,,,,,,,13,,,,,,,,,1,,,0,,,,,0,,,,,0,,,,,,,,,,,local.mqtt.telegraf,33,,38.1,,,,,,periodic,,19,,,,,6,5,08a6f76bd428,,,104496,43344,,6,55,,,,,,,,,,,,,56,,,,,08a6f76bd428-56,,,0,,,,,,,272,56,08:A6:F7:6B:D4:28,,,,,,10480,4,30,22,22,8,,,2,22,1055,24,2,,,,2513156,1786523289411,2513169,1786523289424,,1786523289392,29,2026-08-12T08:28:10.4473693Z,12,,,oasis/bottle,,0,,,,,
,,,,,,,,,,,,,,,13,,,,,,,,,1,,,0,,,,,0,,,,,0,,,,,,,,,,,local.mqtt.telegraf,33,,38.04,,,,,,periodic,,18,,,,,5,5,08a6f76bd428,,,94848,43344,,6,56,,,,,,,,,,,,,57,,,,,08a6f76bd428-57,,,0,,,,,,,273,57,08:A6:F7:6B:D4:28,,,,,,11870,4,30,22,22,8,,,2,22,1055,24,2,,,,2514546,1786523290801,2514559,1786523290814,,1786523290783,29,2026-08-12T08:28:11.8404742Z,12,,,oasis/bottle,,0,,,,,
,,,,,,,,,,,,,,,13,,,,,,,,,1,,,0,,,,,0,,,,,0,,,,,,,,,,,local.mqtt.telegraf,33,,38.14,,,,,,periodic,,19,,,,,6,5,08a6f76bd428,,,83904,43344,,8,57,,,,,,,,,,,,,58,,,,,08a6f76bd428-58,,,0,,,,,,,272,58,08:A6:F7:6B:D4:28,,,,,,13460,4,30,22,22,8,,,2,22,1055,24,2,,,,2516136,1786523292391,2516149,1786523292404,,1786523292372,29,2026-08-12T08:28:13.4412663Z,12,,,oasis/bottle,,0,,,,,
,,,,,,,,,,,,,,,13,,,,,,,,,1,,,0,,,,,0,,,,,0,,,,,,,,,,,local.mqtt.telegraf,33,,37.97,,,,,,periodic,,19,,,,,6,5,08a6f76bd428,,,74288,43344,,6,58,,,,,,,,,,,,,59,,,,,08a6f76bd428-59,,,0,,,,,,,272,59,08:A6:F7:6B:D4:28,,,,,,14830,4,30,22,22,8,,,2,22,1055,24,2,,,,2517506,1786523293761,2517519,1786523293774,,1786523293742,29,2026-08-12T08:28:14.8105776Z,12,,,oasis/bottle,,0,,,,,
,,,,,,,,,,,,,,,13,,,,,,,,,1,,,0,,,,,0,,,,,0,,,,,,,,,,,local.mqtt.telegraf,33,,37.97,,,,,,periodic,,19,,,,,6,5,08a6f76bd428,,,63360,43344,,5,59,,,,,,,,,,,,,60,,,,,08a6f76bd428-60,,,0,,,,,,,272,60,08:A6:F7:6B:D4:28,,,,,,16370,4,30,22,22,8,,,2,22,1055,24,2,,,,2519046,1786523295301,2519059,1786523295314,,1786523295282,29,2026-08-12T08:28:16.3450138Z,12,,,oasis/bottle,,0,,,,,
,,,,,,,,,,,,,,,14,,,,,,,,,1,,,0,,,,,0,,,,,0,,,,,,,,,,,local.mqtt.telegraf,33,,38.04,,,,,,periodic,,19,,,,,6,5,08a6f76bd428,,,52912,43344,,5,60,,,,,,,,,,,,,61,,,,,08a6f76bd428-61,,,0,,,,,,,272,61,08:A6:F7:6B:D4:28,,,,,,17690,4,30,22,22,8,,,2,22,1055,24,2,,,,2520366,1786523296621,2520380,1786523296635,,1786523296602,29,2026-08-12T08:28:17.6581895Z,12,,,oasis/bottle,,0,,,,,
,,,,,,,,,,,,,,,13,,,,,,,,,1,,,0,,,,,0,,,,,0,,,,,,,,,,,local.mqtt.telegraf,33,,37.96,,,,,,periodic,,28,,,,,11,5,08a6f76bd428,,,43264,43264,,6,61,,,,,,,,,,,,,62,,,,,08a6f76bd428-62,,,0,,,,,,,273,62,08:A6:F7:6B:D4:28,,,,,,19080,4,30,22,22,8,,,2,22,1055,24,2,,,,2521766,1786523298021,2521779,1786523298034,,1786523297993,29,2026-08-12T08:28:19.0631799Z,12,,,oasis/bottle,,0,,,,,
,,,,,,,,,,,,,,,13,,,,,,,,,1,,,0,,,,,0,,,,,0,,,,,,,,,,,local.mqtt.telegraf,33,,37.89,,,,,,periodic,,31,,,,,5,5,08a6f76bd428,,,100144,43264,,5,62,,,,,,,,,,,,,63,,,,,08a6f76bd428-63,,,0,,,,,,,273,63,08:A6:F7:6B:D4:28,,,,,,492,5,32,30,30,2,,,1,28,395,33,3,,,,2523446,1786523299701,2523459,1786523299714,,1786523299670,29,2026-08-12T08:28:20.7435868Z,14,,,oasis/bottle,,0,,,,,
,,,,,,,,,,,,,,,13,,,,,,,,,1,,,0,,,,,0,,,,,0,,,,,,,,,,,local.mqtt.telegraf,33,,37.85,,,,,,periodic,,23,,,,,6,5,08a6f76bd428,,,89904,43264,,6,63,,,,,,,,,,,,,64,,,,,08a6f76bd428-64,,,0,,,,,,,272,64,08:A6:F7:6B:D4:28,,,,,,1951,5,32,30,30,2,,,1,28,395,33,3,,,,2524896,1786523301151,2524909,1786523301164,,1786523301128,29,2026-08-12T08:28:22.1888661Z,14,,,oasis/bottle,,0,,,,,
,,,,,,,,,,,,,,,13,,,,,,,,,1,,,0,,,,,0,,,,,0,,,,,,,,,,,local.mqtt.telegraf,33,,37.82,,,,,,periodic,,23,,,,,6,5,08a6f76bd428,,,81632,43264,,6,64,,,,,,,,,,,,,65,,,,,08a6f76bd428-65,,,0,,,,,,,272,65,08:A6:F7:6B:D4:28,,,,,,3071,5,32,30,30,2,,,1,28,395,33,3,,,,2526016,1786523302271,2526029,1786523302284,,1786523302248,29,2026-08-12T08:28:23.308453Z,14,,,oasis/bottle,,0,,,,,
,,,,,,,,,,,,,,,13,,,,,,,,,1,,,0,,,,,0,,,,,0,,,,,,,,,,,local.mqtt.telegraf,33,,37.81,,,,,,periodic,,23,,,,,6,5,08a6f76bd428,,,74016,43264,,7,65,,,,,,,,,,,,,66,,,,,08a6f76bd428-66,,,0,,,,,,,272,66,08:A6:F7:6B:D4:28,,,,,,4111,5,32,30,30,2,,,1,28,395,33,3,,,,2527056,1786523303311,2527069,1786523303324,,1786523303288,29,2026-08-12T08:28:24.3617384Z,14,,,oasis/bottle,,0,,,,,
,,,,,,,,,,,,,,,13,,,,,,,,,1,,,0,,,,,0,,,,,0,,,,,,,,,,,local.mqtt.telegraf,33,,37.85,,,,,,periodic,,23,,,,,6,5,08a6f76bd428,,,63776,43264,,5,66,,,,,,,,,,,,,67,,,,,08a6f76bd428-67,,,0,,,,,,,272,67,08:A6:F7:6B:D4:28,,,,,,5581,5,32,30,30,2,,,1,28,395,33,3,,,,2528526,1786523304781,2528539,1786523304794,,1786523304758,29,2026-08-12T08:28:25.8284042Z,14,,,oasis/bottle,,0,,,,,
,,,,,,,,,,,,,,,13,,,,,,,,,1,,,0,,,,,0,,,,,0,,,,,,,,,,,local.mqtt.telegraf,33,,37.96,,,,,,periodic,,23,,,,,6,5,08a6f76bd428,,,55504,43264,,6,67,,,,,,,,,,,,,68,,,,,08a6f76bd428-68,,,0,,,,,,,272,68,08:A6:F7:6B:D4:28,,,,,,6721,5,32,30,30,2,,,1,28,395,33,3,,,,2529666,1786523305921,2529679,1786523305934,,1786523305898,29,2026-08-12T08:28:26.9594401Z,14,,,oasis/bottle,,0,,,,,
,,,,,,,,,,,,,,,13,,,,,,,,,1,,,0,,,,,0,,,,,0,,,,,,,,,,,local.mqtt.telegraf,33,,38.09,,,,,,periodic,,23,,,,,6,5,08a6f76bd428,,,47232,43264,,5,68,,,,,,,,,,,,,69,,,,,08a6f76bd428-69,,,0,,,,,,,272,69,08:A6:F7:6B:D4:28,,,,,,7801,5,32,30,30,2,,,1,28,395,33,3,,,,2530746,1786523307001,2530759,1786523307014,,1786523306978,29,2026-08-12T08:28:28.0425993Z,14,,,oasis/bottle,,0,,,,,
,,,,,,,,,,,,,,,13,,,,,,,,,1,,,0,,,,,0,,,,,0,,,,,,,,,,,local.mqtt.telegraf,33,,38.1,,,,,,periodic,,23,,,,,6,5,08a6f76bd428,,,116176,43264,,6,69,,,,,,,,,,,,,70,,,,,08a6f76bd428-70,,,0,,,,,,,272,70,08:A6:F7:6B:D4:28,,,,,,9361,5,32,30,30,2,,,1,28,395,33,3,,,,2532306,1786523308561,2532319,1786523308574,,1786523308538,29,2026-08-12T08:28:29.6092267Z,14,,,oasis/bottle,,0,,,,,
,,,,,,,,,,,,,,,13,,,,,,,,,1,,,0,,,,,0,,,,,0,,,,,,,,,,,local.mqtt.telegraf,33,,38.18,,,,,,periodic,,23,,,,,6,5,08a6f76bd428,,,106592,43264,,6,70,,,,,,,,,,,,,71,,,,,08a6f76bd428-71,,,0,,,,,,,272,71,08:A6:F7:6B:D4:28,,,,,,10671,5,32,30,30,2,,,1,28,395,33,3,,,,2533616,1786523309871,2533629,1786523309884,,1786523309848,29,2026-08-12T08:28:30.9093047Z,14,,,oasis/bottle,,0,,,,,
,,,,,,,,,,,,,,,13,,,,,,,,,1,,,0,,,,,0,,,,,0,,,,,,,,,,,local.mqtt.telegraf,33,,38.35,,,,,,periodic,,23,,,,,6,5,08a6f76bd428,,,96320,43264,,6,71,,,,,,,,,,,,,72,,,,,08a6f76bd428-72,,,0,,,,,,,272,72,08:A6:F7:6B:D4:28,,,,,,12091,5,32,30,30,2,,,1,28,395,33,3,,,,2535036,1786523311291,2535049,1786523311304,,1786523311268,29,2026-08-12T08:28:32.3232077Z,14,,,oasis/bottle,,0,,,,,
,,,,,,,,,,,,,,,13,,,,,,,,,1,,,0,,,,,0,,,,,0,,,,,,,,,,,local.mqtt.telegraf,33,,38.27,,,,,,periodic,,23,,,,,6,5,08a6f76bd428,,,88704,43264,,6,72,,,,,,,,,,,,,73,,,,,08a6f76bd428-73,,,0,,,,,,,272,73,08:A6:F7:6B:D4:28,,,,,,13131,5,32,30,30,2,,,1,28,395,33,3,,,,2536076,1786523312331,2536089,1786523312344,,1786523312308,29,2026-08-12T08:28:33.3766429Z,14,,,oasis/bottle,,0,,,,,
,,,,,,,,,,,,,,,13,,,,,,,,,1,,,0,,,,,0,,,,,0,,,,,,,,,,,local.mqtt.telegraf,33,,38.18,,,,,,periodic,,23,,,,,6,5,08a6f76bd428,,,78464,43264,,6,73,,,,,,,,,,,,,74,,,,,08a6f76bd428-74,,,0,,,,,,,272,74,08:A6:F7:6B:D4:28,,,,,,14611,5,32,30,30,2,,,1,28,395,33,3,,,,2537556,1786523313811,2537569,1786523313824,,1786523313788,29,2026-08-12T08:28:34.858314Z,14,,,oasis/bottle,,0,,,,,
,,,,,,,,,,,,,,,13,,,,,,,,,1,,,0,,,,,0,,,,,0,,,,,,,,,,,local.mqtt.telegraf,33,,38.12,,,,,,periodic,,23,,,,,6,5,08a6f76bd428,,,70192,43264,,6,74,,,,,,,,,,,,,75,,,,,08a6f76bd428-75,,,0,,,,,,,272,75,08:A6:F7:6B:D4:28,,,,,,15761,5,32,30,30,2,,,1,28,395,33,3,,,,2538706,1786523314961,2538719,1786523314974,,1786523314938,29,2026-08-12T08:28:36.0065615Z,14,,,oasis/bottle,,0,,,,,
,,,,,,,,,,,,,,,14,,,,,,,,,1,,,0,,,,,0,,,,,0,,,,,,,,,,,local.mqtt.telegraf,33,,38.04,,,,,,periodic,,23,,,,,6,5,08a6f76bd428,,,61920,43264,,5,75,,,,,,,,,,,,,76,,,,,08a6f76bd428-76,,,0,,,,,,,272,76,08:A6:F7:6B:D4:28,,,,,,16861,5,32,30,30,2,,,1,28,395,33,3,,,,2539806,1786523316061,2539820,1786523316075,,1786523316038,29,2026-08-12T08:28:37.1070416Z,14,,,oasis/bottle,,0,,,,,
,,,,,,,,,,,,,,,13,,,,,,,,,1,,,0,,,,,0,,,,,0,,,,,,,,,,,local.mqtt.telegraf,33,,37.77,,,,,,periodic,,33,,,,,6,5,08a6f76bd428,,,54304,43264,,5,76,,,,,,,,,,,,,77,,,,,08a6f76bd428-77,,,0,,,,,,,272,77,08:A6:F7:6B:D4:28,,,,,,17861,5,32,30,30,2,,,1,28,395,33,3,,,,2540816,1786523317071,2540829,1786523317084,,1786523317038,29,2026-08-12T08:28:38.1086844Z,14,,,oasis/bottle,,0,,,,,
,,,,,,,,,,,,,,,13,,,,,,,,,1,,,0,,,,,0,,,,,0,,,,,,,,,,,local.mqtt.telegraf,33,,37.89,,,,,,periodic,,33,,,,,11,5,08a6f76bd428,,,44064,43264,,8,77,,,,,,,,,,,,,78,,,,,08a6f76bd428-78,,,0,,,,,,,272,78,08:A6:F7:6B:D4:28,,,,,,19271,5,32,30,30,2,,,1,28,395,33,3,,,,2542226,1786523318481,2542239,1786523318494,,1786523318448,29,2026-08-12T08:28:39.529248Z,14,,,oasis/bottle,,0,,,,,
,,,,,,,,,,,,,,,13,,,,,,,,,1,,,0,,,,,0,,,,,0,,,,,,,,,,,local.mqtt.telegraf,33,,38.06,,,,,,periodic,,23,,,,,6,5,08a6f76bd428,,,115168,43264,,6,78,,,,,,,,,,,,,79,,,,,08a6f76bd428-79,,,0,,,,,,,272,79,08:A6:F7:6B:D4:28,,,,,,20291,5,32,30,30,2,,,1,28,395,33,3,,,,2543236,1786523319491,2543249,1786523319504,,1786523319468,29,2026-08-12T08:28:40.5265097Z,14,,,oasis/bottle,,0,,,,,
,,,,,,,,,,,,,,,13,,,,,,,,,1,,,0,,,,,0,,,,,0,,,,,,,,,,,local.mqtt.telegraf,33,,38.02,,,,,,periodic,,27,,,,,5,5,08a6f76bd428,,,94192,43264,,6,79,,,,,,,,,,,,,80,,,,,08a6f76bd428-80,,,0,,,,,,,272,80,08:A6:F7:6B:D4:28,,,,,,1031,6,50,21,21,29,,,0,21,394,23,3,,,,2544675,1786523320930,2544688,1786523320943,,1786523320903,29,2026-08-12T08:28:41.9779004Z,18,,,oasis/bottle,,0,,,,,
,,,,,,,,,,,,,,,13,,,,,,,,,1,,,0,,,,,0,,,,,0,,,,,,,,,,,local.mqtt.telegraf,33,,37.97,,,,,,periodic,,19,,,,,6,5,08a6f76bd428,,,86576,43264,,8,80,,,,,,,,,,,,,81,,,,,08a6f76bd428-81,,,0,,,,,,,272,81,08:A6:F7:6B:D4:28,,,,,,2091,6,50,21,21,29,,,0,21,394,23,3,,,,2545726,1786523321981,2545739,1786523321994,,1786523321962,29,2026-08-12T08:28:43.0287475Z,18,,,oasis/bottle,,0,,,,,
,,,,,,,,,,,,,,,13,,,,,,,,,1,,,0,,,,,0,,,,,0,,,,,,,,,,,local.mqtt.telegraf,33,,37.82,,,,,,periodic,,29,,,,,6,5,08a6f76bd428,,,75680,43264,,6,81,,,,,,,,,,,,,82,,,,,08a6f76bd428-82,,,0,,,,,,,272,82,08:A6:F7:6B:D4:28,,,,,,3601,6,50,21,21,29,,,0,21,394,23,3,,,,2547246,1786523323501,2547259,1786523323514,,1786523323472,29,2026-08-12T08:28:44.5433367Z,18,,,oasis/bottle,,0,,,,,
,,,,,,,,,,,,,,,13,,,,,,,,,1,,,0,,,,,0,,,,,0,,,,,,,,,,,local.mqtt.telegraf,33,,37.63,,,,,,periodic,,19,,,,,6,5,08a6f76bd428,,,66752,43264,,8,82,,,,,,,,,,,,,83,,,,,08a6f76bd428-83,,,0,,,,,,,272,83,08:A6:F7:6B:D4:28,,,,,,4821,6,50,21,21,29,,,0,21,394,23,3,,,,2548456,1786523324711,2548469,1786523324724,,1786523324692,29,2026-08-12T08:28:45.7598756Z,18,,,oasis/bottle,,0,,,,,
,,,,,,,,,,,,,,,13,,,,,,,,,1,,,0,,,,,0,,,,,0,,,,,,,,,,,local.mqtt.telegraf,33,,37.54,,,,,,periodic,,19,,,,,6,5,08a6f76bd428,,,57824,43264,,5,83,,,,,,,,,,,,,84,,,,,08a6f76bd428-84,,,0,,,,,,,272,84,08:A6:F7:6B:D4:28,,,,,,6061,6,50,21,21,29,,,0,21,394,23,3,,,,2549696,1786523325951,2549709,1786523325964,,1786523325932,29,2026-08-12T08:28:47.0008074Z,18,,,oasis/bottle,,0,,,,,
,,,,,,,,,,,,,,,13,,,,,,,,,1,,,0,,,,,0,,,,,0,,,,,,,,,,,local.mqtt.telegraf,33,,37.35,,,,,,periodic,,18,,,,,5,5,08a6f76bd428,,,48864,43264,,5,84,,,,,,,,,,,,,85,,,,,08a6f76bd428-85,,,0,,,,,,,273,85,08:A6:F7:6B:D4:28,,,,,,7331,6,50,21,21,29,,,0,21,394,23,3,,,,2550966,1786523327221,2550979,1786523327234,,1786523327203,29,2026-08-12T08:28:48.2678257Z,18,,,oasis/bottle,,0,,,,,
,,,,,,,,,,,,,,,13,,,,,,,,,1,,,0,,,,,0,,,,,0,,,,,,,,,,,local.mqtt.telegraf,33,,37.15,,,,,,periodic,,19,,,,,6,5,08a6f76bd428,,,119232,43264,,6,85,,,,,,,,,,,,,86,,,,,08a6f76bd428-86,,,0,,,,,,,272,86,08:A6:F7:6B:D4:28,,,,,,8671,6,50,21,21,29,,,0,21,394,23,3,,,,2552306,1786523328561,2552319,1786523328574,,1786523328542,29,2026-08-12T08:28:49.6103525Z,18,,,oasis/bottle,,0,,,,,
,,,,,,,,,,,,,,,13,,,,,,,,,1,,,0,,,,,0,,,,,0,,,,,,,,,,,local.mqtt.telegraf,33,,36.99,,,,,,periodic,,19,,,,,6,5,08a6f76bd428,,,108992,43264,,6,86,,,,,,,,,,,,,87,,,,,08a6f76bd428-87,,,0,,,,,,,272,87,08:A6:F7:6B:D4:28,,,,,,10151,6,50,21,21,29,,,0,21,394,23,3,,,,2553786,1786523330041,2553799,1786523330054,,1786523330022,29,2026-08-12T08:28:51.0743382Z,18,,,oasis/bottle,,0,,,,,
,,,,,,,,,,,,,,,13,,,,,,,,,1,,,0,,,,,0,,,,,0,,,,,,,,,,,local.mqtt.telegraf,33,,37,,,,,,periodic,,19,,,,,5,5,08a6f76bd428,,,100656,43264,,5,87,,,,,,,,,,,,,88,,,,,08a6f76bd428-88,,,0,,,,,,,273,88,08:A6:F7:6B:D4:28,,,,,,11311,6,50,21,21,29,,,0,21,394,23,3,,,,2554947,1786523331202,2554960,1786523331215,,1786523331183,29,2026-08-12T08:28:52.2417187Z,18,,,oasis/bottle,,0,,,,,
,,,,,,,,,,,,,,,13,,,,,,,,,1,,,0,,,,,0,,,,,0,,,,,,,,,,,local.mqtt.telegraf,33,,37.18,,,,,,periodic,,19,,,,,6,5,08a6f76bd428,,,92368,43264,,7,88,,,,,,,,,,,,,89,,,,,08a6f76bd428-89,,,0,,,,,,,272,89,08:A6:F7:6B:D4:28,,,,,,12431,6,50,21,21,29,,,0,21,394,23,3,,,,2556066,1786523332321,2556079,1786523332334,,1786523332302,29,2026-08-12T08:28:53.3578491Z,18,,,oasis/bottle,,0,,,,,
,,,,,,,,,,,,,,,13,,,,,,,,,1,,,0,,,,,0,,,,,0,,,,,,,,,,,local.mqtt.telegraf,33,,37.2,,,,,,periodic,,19,,,,,6,5,08a6f76bd428,,,84752,43264,,5,89,,,,,,,,,,,,,90,,,,,08a6f76bd428-90,,,0,,,,,,,272,90,08:A6:F7:6B:D4:28,,,,,,13461,6,50,21,21,29,,,0,21,394,23,3,,,,2557096,1786523333351,2557109,1786523333364,,1786523333332,29,2026-08-12T08:28:54.400091Z,18,,,oasis/bottle,,0,,,,,
,,,,,,,,,,,,,,,13,,,,,,,,,1,,,0,,,,,0,,,,,0,,,,,,,,,,,local.mqtt.telegraf,33,,37.26,,,,,,periodic,,29,,,,,6,5,08a6f76bd428,,,73680,43264,,6,90,,,,,,,,,,,,,91,,,,,08a6f76bd428-91,,,0,,,,,,,272,91,08:A6:F7:6B:D4:28,,,,,,14971,6,50,21,21,29,,,0,21,394,23,3,,,,2558616,1786523334871,2558629,1786523334884,,1786523334842,29,2026-08-12T08:28:55.9331425Z,18,,,oasis/bottle,,0,,,,,
,,,,,,,,,,,,,,,13,,,,,,,,,1,,,0,,,,,0,,,,,0,,,,,,,,,,,local.mqtt.telegraf,33,,37.24,,,,,,periodic,,25,,,,,5,5,08a6f76bd428,,,64752,43264,,9,91,,,,,,,,,,,,,92,,,,,08a6f76bd428-92,,,0,,,,,,,273,92,08:A6:F7:6B:D4:28,,,,,,16144,6,50,21,21,29,,,0,21,394,23,3,,,,2559786,1786523336041,2559799,1786523336054,,1786523336016,29,2026-08-12T08:28:57.0728995Z,18,,,oasis/bottle,,0,,,,,
,,,,,,,,,,,,,,,13,,,,,,,,,1,,,0,,,,,0,,,,,0,,,,,,,,,,,local.mqtt.telegraf,33,,37.04,,,,,,periodic,,19,,,,,6,5,08a6f76bd428,,,56480,43264,,6,92,,,,,,,,,,,,,93,,,,,08a6f76bd428-93,,,0,,,,,,,272,93,08:A6:F7:6B:D4:28,,,,,,17281,6,50,21,21,29,,,0,21,394,23,3,,,,2560916,1786523337171,2560929,1786523337184,,1786523337152,29,2026-08-12T08:28:58.2191499Z,18,,,oasis/bottle,,0,,,,,
,,,,,,,,,,,,,,,13,,,,,,,,,1,,,0,,,,,0,,,,,0,,,,,,,,,,,local.mqtt.telegraf,33,,36.94,,,,,,periodic,,19,,,,,6,5,08a6f76bd428,,,48208,43264,,5,93,,,,,,,,,,,,,94,,,,,08a6f76bd428-94,,,0,,,,,,,272,94,08:A6:F7:6B:D4:28,,,,,,18361,6,50,21,21,29,,,0,21,394,23,3,,,,2561996,1786523338251,2562009,1786523338264,,1786523338232,29,2026-08-12T08:28:59.295466Z,18,,,oasis/bottle,,0,,,,,
,,,,,,,,,,,,,,,13,,,,,,,,,1,,,0,,,,,0,,,,,0,,,,,,,,,,,local.mqtt.telegraf,33,,36.63,,,,,,periodic,,20,,,,,6,5,08a6f76bd428,,,117376,43264,,5,94,,,,,,,,,,,,,95,,,,,08a6f76bd428-95,,,0,,,,,,,272,95,08:A6:F7:6B:D4:28,,,,,,19911,6,50,21,21,29,,,0,21,394,23,3,,,,2563547,1786523339802,2563560,1786523339815,,1786523339782,29,2026-08-12T08:29:00.8408019Z,18,,,oasis/bottle,,0,,,,,
,,,,,,,,,,,,,,,13,,,,,,,,,1,,,0,,,,,0,,,,,0,,,,,,,,,,,local.mqtt.telegraf,33,,36.33,,,,,,periodic,,27,,,,,6,5,08a6f76bd428,,,97104,43264,,7,95,,,,,,,,,,,,,96,,,,,08a6f76bd428-96,,,0,,,,,,,272,96,08:A6:F7:6B:D4:28,,,,,,981,7,30,20,20,10,,,5,20,374,23,3,,,,2564865,1786523341120,2564878,1786523341133,,1786523341093,29,2026-08-12T08:29:02.1547592Z,20,,,oasis/bottle,,0,,,,,
,,,,,,,,,,,,,,,13,,,,,,,,,1,,,0,,,,,0,,,,,0,,,,,,,,,,,local.mqtt.telegraf,33,,36.34,,,,,,periodic,,18,,,,,6,5,08a6f76bd428,,,86864,43264,,8,96,,,,,,,,,,,,,97,,,,,08a6f76bd428-97,,,0,,,,,,,272,97,08:A6:F7:6B:D4:28,,,,,,2391,7,30,20,20,10,,,5,20,374,23,3,,,,2566266,1786523342521,2566279,1786523342534,,1786523342503,29,2026-08-12T08:29:03.5606928Z,20,,,oasis/bottle,,0,,,,,
,,,,,,,,,,,,,,,13,,,,,,,,,1,,,0,,,,,0,,,,,0,,,,,,,,,,,local.mqtt.telegraf,33,,36.32,,,,,,periodic,,18,,,,,6,5,08a6f76bd428,,,79248,43264,,6,97,,,,,,,,,,,,,98,,,,,08a6f76bd428-98,,,0,,,,,,,272,98,08:A6:F7:6B:D4:28,,,,,,3411,7,30,20,20,10,,,5,20,374,23,3,,,,2567286,1786523343541,2567299,1786523343554,,1786523343523,29,2026-08-12T08:29:04.6120086Z,20,,,oasis/bottle,,0,,,,,
,,,,,,,,,,,,,,,13,,,,,,,,,1,,,0,,,,,0,,,,,0,,,,,,,,,,,local.mqtt.telegraf,33,,36.76,,,,,,periodic,,18,,,,,6,5,08a6f76bd428,,,69008,43264,,5,98,,,,,,,,,,,,,99,,,,,08a6f76bd428-99,,,0,,,,,,,272,99,08:A6:F7:6B:D4:28,,,,,,4851,7,30,20,20,10,,,5,20,374,23,3,,,,2568726,1786523344981,2568739,1786523344994,,1786523344963,29,2026-08-12T08:29:06.025194Z,20,,,oasis/bottle,,0,,,,,
,,,,,,,,,,,,,,,17,,,,,,,,,1,,,0,,,,,0,,,,,0,,,,,,,,,,,local.mqtt.telegraf,33,,36.99,,,,,,periodic,,18,,,,,6,5,08a6f76bd428,,,60736,43264,,5,99,,,,,,,,,,,,,100,,,,,08a6f76bd428-100,,,0,,,,,,,272,100,08:A6:F7:6B:D4:28,,,,,,5921,7,30,20,20,10,,,5,20,374,23,3,,,,2569796,1786523346051,2569813,1786523346068,,1786523346033,29,2026-08-12T08:29:07.1362299Z,20,,,oasis/bottle,,0,,,,,
,,,,,,,,,,,,,,,13,,,,,,,,,1,,,0,,,,,0,,,,,0,,,,,,,,,,,local.mqtt.telegraf,33,,37.47,,,,,,periodic,,18,,,,,6,5,08a6f76bd428,,,49808,43264,,5,100,,,,,,,,,,,,,101,,,,,08a6f76bd428-101,,,0,,,,,,,272,101,08:A6:F7:6B:D4:28,,,,,,7461,7,30,20,20,10,,,5,20,374,23,3,,,,2571336,1786523347591,2571349,1786523347604,,1786523347573,29,2026-08-12T08:29:08.6407601Z,20,,,oasis/bottle,,0,,,,,
,,,,,,,,,,,,,,,13,,,,,,,,,1,,,0,,,,,0,,,,,0,,,,,,,,,,,local.mqtt.telegraf,33,,37.61,,,,,,periodic,,28,,,,,6,5,08a6f76bd428,,,119984,43264,,5,101,,,,,,,,,,,,,102,,,,,08a6f76bd428-102,,,0,,,,,,,272,102,08:A6:F7:6B:D4:28,,,,,,8741,7,30,20,20,10,,,5,20,374,23,3,,,,2572626,1786523348881,2572639,1786523348894,,1786523348853,29,2026-08-12T08:29:09.9266609Z,20,,,oasis/bottle,,0,,,,,
,,,,,,,,,,,,,,,13,,,,,,,,,1,,,0,,,,,0,,,,,0,,,,,,,,,,,local.mqtt.telegraf,33,,37.89,,,,,,periodic,,18,,,,,6,5,08a6f76bd428,,,110320,43264,,8,102,,,,,,,,,,,,,103,,,,,08a6f76bd428-103,,,0,,,,,,,272,103,08:A6:F7:6B:D4:28,,,,,,10101,7,30,20,20,10,,,5,20,374,23,3,,,,2573976,1786523350231,2573989,1786523350244,,1786523350213,29,2026-08-12T08:29:11.2765792Z,20,,,oasis/bottle,,0,,,,,
,,,,,,,,,,,,,,,13,,,,,,,,,1,,,0,,,,,0,,,,,0,,,,,,,,,,,local.mqtt.telegraf,33,,37.94,,,,,,periodic,,18,,,,,6,5,08a6f76bd428,,,99344,43264,,6,103,,,,,,,,,,,,,104,,,,,08a6f76bd428-104,,,0,,,,,,,272,104,08:A6:F7:6B:D4:28,,,,,,11611,7,30,20,20,10,,,5,20,374,23,3,,,,2575486,1786523351741,2575499,1786523351754,,1786523351723,29,2026-08-12T08:29:12.7751804Z,20,,,oasis/bottle,,0,,,,,
,,,,,,,,,,,,,,,13,,,,,,,,,1,,,0,,,,,0,,,,,0,,,,,,,,,,,local.mqtt.telegraf,33,,38.04,,,,,,periodic,,18,,,,,6,5,08a6f76bd428,,,90336,43264,,6,104,,,,,,,,,,,,,105,,,,,08a6f76bd428-105,,,0,,,,,,,272,105,08:A6:F7:6B:D4:28,,,,,,12831,7,30,20,20,10,,,5,20,374,23,3,,,,2576706,1786523352961,2576719,1786523352974,,1786523352943,29,2026-08-12T08:29:14.0248747Z,20,,,oasis/bottle,,0,,,,,
,,,,,,,,,,,,,,,13,,,,,,,,,1,,,0,,,,,0,,,,,0,,,,,,,,,,,local.mqtt.telegraf,33,,38.17,,,,,,periodic,,18,,,,,6,5,08a6f76bd428,,,81328,43264,,6,105,,,,,,,,,,,,,106,,,,,08a6f76bd428-106,,,0,,,,,,,272,106,08:A6:F7:6B:D4:28,,,,,,14071,7,30,20,20,10,,,5,20,374,23,3,,,,2577946,1786523354201,2577959,1786523354214,,1786523354183,29,2026-08-12T08:29:15.2488712Z,20,,,oasis/bottle,,0,,,,,
,,,,,,,,,,,,,,,13,,,,,,,,,1,,,0,,,,,0,,,,,0,,,,,,,,,,,local.mqtt.telegraf,33,,37.89,,,,,,periodic,,17,,,,,5,5,08a6f76bd428,,,72288,43264,,6,106,,,,,,,,,,,,,107,,,,,08a6f76bd428-107,,,0,,,,,,,273,107,08:A6:F7:6B:D4:28,,,,,,15351,7,30,20,20,10,,,5,20,374,23,3,,,,2579226,1786523355481,2579239,1786523355494,,1786523355464,29,2026-08-12T08:29:16.5186245Z,20,,,oasis/bottle,,0,,,,,
,,,,,,,,,,,,,,,13,,,,,,,,,1,,,0,,,,,0,,,,,0,,,,,,,,,,,local.mqtt.telegraf,33,,37.85,,,,,,periodic,,18,,,,,6,5,08a6f76bd428,,,62608,43264,,6,107,,,,,,,,,,,,,108,,,,,08a6f76bd428-108,,,0,,,,,,,272,108,08:A6:F7:6B:D4:28,,,,,,16711,7,30,20,20,10,,,5,20,374,23,3,,,,2580586,1786523356841,2580599,1786523356854,,1786523356823,29,2026-08-12T08:29:17.8731667Z,20,,,oasis/bottle,,0,,,,,
,,,,,,,,,,,,,,,13,,,,,,,,,1,,,0,,,,,0,,,,,0,,,,,,,,,,,local.mqtt.telegraf,33,,37.9,,,,,,periodic,,18,,,,,6,5,08a6f76bd428,,,51632,43264,,6,108,,,,,,,,,,,,,109,,,,,08a6f76bd428-109,,,0,,,,,,,272,109,08:A6:F7:6B:D4:28,,,,,,18221,7,30,20,20,10,,,5,20,374,23,3,,,,2582096,1786523358351,2582109,1786523358364,,1786523358333,29,2026-08-12T08:29:19.383358Z,20,,,oasis/bottle,,0,,,,,
,,,,,,,,,,,,,,,13,,,,,,,,,1,,,0,,,,,0,,,,,0,,,,,,,,,,,local.mqtt.telegraf,33,,37.85,,,,,,periodic,,18,,,,,6,5,08a6f76bd428,,,122512,43264,,5,109,,,,,,,,,,,,,110,,,,,08a6f76bd428-110,,,0,,,,,,,272,110,08:A6:F7:6B:D4:28,,,,,,19441,7,30,20,20,10,,,5,20,374,23,3,,,,2583316,1786523359571,2583329,1786523359584,,1786523359553,29,2026-08-12T08:29:20.610673Z,20,,,oasis/bottle,,0,,,,,
,,,,,,,,,,,,,,,14,,,,,,,,,1,,,0,,,,,0,,,,,0,,,,,,,,,,,local.mqtt.telegraf,33,,37.75,,,,,,periodic,,26,,,,,5,5,08a6f76bd428,,,100832,43264,,5,110,,,,,,,,,,,,,111,,,,,08a6f76bd428-111,,,0,,,,,,,273,111,08:A6:F7:6B:D4:28,,,,,,491,8,28,21,21,7,,,0,20,375,24,3,,,,2584785,1786523361040,2584799,1786523361054,,1786523361014,29,2026-08-12T08:29:22.0729379Z,23,,,oasis/bottle,,0,,,,,
,,,,,,,,,,,,,,,15,,,,,,,,,1,,,0,,,,,0,,,,,0,,,,,,,,,,,local.mqtt.telegraf,33,,37.65,,,,,,periodic,,18,,,,,5,5,08a6f76bd428,,,90480,43264,,5,111,,,,,,,,,,,,,112,,,,,08a6f76bd428-112,,,0,,,,,,,273,112,08:A6:F7:6B:D4:28,,,,,,1990,8,28,21,21,7,,,0,20,375,24,3,,,,2586276,1786523362531,2586291,1786523362546,,1786523362513,29,2026-08-12T08:29:23.5733026Z,23,,,oasis/bottle,,0,,,,,
,,,,,,,,,,,,,,,13,,,,,,,,,1,,,0,,,,,0,,,,,0,,,,,,,,,,,local.mqtt.telegraf,33,,37.84,,,,,,periodic,,19,,,,,6,5,08a6f76bd428,,,81456,43264,,5,112,,,,,,,,,,,,,113,,,,,08a6f76bd428-113,,,0,,,,,,,272,113,08:A6:F7:6B:D4:28,,,,,,3190,8,28,21,21,7,,,0,20,375,24,3,,,,2587476,1786523363731,2587489,1786523363744,,1786523363712,29,2026-08-12T08:29:24.7745766Z,23,,,oasis/bottle,,0,,,,,
,,,,,,,,,,,,,,,13,,,,,,,,,1,,,0,,,,,0,,,,,0,,,,,,,,,,,local.mqtt.telegraf,33,,37.97,,,,,,periodic,,19,,,,,6,5,08a6f76bd428,,,72448,43264,,6,113,,,,,,,,,,,,,114,,,,,08a6f76bd428-114,,,0,,,,,,,272,114,08:A6:F7:6B:D4:28,,,,,,4380,8,28,21,21,7,,,0,20,375,24,3,,,,2588666,1786523364921,2588679,1786523364934,,1786523364902,29,2026-08-12T08:29:25.9593479Z,23,,,oasis/bottle,,0,,,,,
,,,,,,,,,,,,,,,13,,,,,,,,,1,,,0,,,,,0,,,,,0,,,,,,,,,,,local.mqtt.telegraf,33,,37.96,,,,,,periodic,,19,,,,,6,5,08a6f76bd428,,,63440,43264,,6,114,,,,,,,,,,,,,115,,,,,08a6f76bd428-115,,,0,,,,,,,272,115,08:A6:F7:6B:D4:28,,,,,,5560,8,28,21,21,7,,,0,20,375,24,3,,,,2589846,1786523366101,2589859,1786523366114,,1786523366082,29,2026-08-12T08:29:27.1448616Z,23,,,oasis/bottle,,0,,,,,
,,,,,,,,,,,,,,,13,,,,,,,,,1,,,0,,,,,0,,,,,0,,,,,,,,,,,local.mqtt.telegraf,33,,38.04,,,,,,periodic,,19,,,,,6,5,08a6f76bd428,,,55088,43264,,6,115,,,,,,,,,,,,,116,,,,,08a6f76bd428-116,,,0,,,,,,,272,116,08:A6:F7:6B:D4:28,,,,,,6720,8,28,21,21,7,,,0,20,375,24,3,,,,2591006,1786523367261,2591019,1786523367274,,1786523367242,29,2026-08-12T08:29:28.3089852Z,23,,,oasis/bottle,,0,,,,,
,,,,,,,,,,,,,,,13,,,,,,,,,1,,,0,,,,,0,,,,,0,,,,,,,,,,,local.mqtt.telegraf,33,,38.28,,,,,,periodic,,19,,,,,6,5,08a6f76bd428,,,46736,43264,,7,116,,,,,,,,,,,,,117,,,,,08a6f76bd428-117,,,0,,,,,,,272,117,08:A6:F7:6B:D4:28,,,,,,7840,8,28,21,21,7,,,0,20,375,24,3,,,,2592126,1786523368381,2592139,1786523368394,,1786523368362,29,2026-08-12T08:29:29.4268303Z,23,,,oasis/bottle,,0,,,,,
,,,,,,,,,,,,,,,13,,,,,,,,,1,,,0,,,,,0,,,,,0,,,,,,,,,,,local.mqtt.telegraf,33,,38.14,,,,,,periodic,,19,,,,,6,5,08a6f76bd428,,,118720,43264,,6,117,,,,,,,,,,,,,118,,,,,08a6f76bd428-118,,,0,,,,,,,272,118,08:A6:F7:6B:D4:28,,,,,,8870,8,28,21,21,7,,,0,20,375,24,3,,,,2593156,1786523369411,2593169,1786523369424,,1786523369392,29,2026-08-12T08:29:30.4560628Z,23,,,oasis/bottle,,0,,,,,
,,,,,,,,,,,,,,,14,,,,,,,,,1,,,0,,,,,0,,,,,0,,,,,,,,,,,local.mqtt.telegraf,33,,38.17,,,,,,periodic,,19,,,,,6,5,08a6f76bd428,,,108400,43264,,6,118,,,,,,,,,,,,,119,,,,,08a6f76bd428-119,,,0,,,,,,,272,119,08:A6:F7:6B:D4:28,,,,,,10330,8,28,21,21,7,,,0,20,375,24,3,,,,2594616,1786523370871,2594630,1786523370885,,1786523370852,29,2026-08-12T08:29:31.9066708Z,23,,,oasis/bottle,,0,,,,,
,,,,,,,,,,,,,,,14,,,,,,,,,1,,,0,,,,,0,,,,,0,,,,,,,,,,,local.mqtt.telegraf,33,,38.16,,,,,,periodic,,19,,,,,6,5,08a6f76bd428,,,100048,43264,,6,119,,,,,,,,,,,,,120,,,,,08a6f76bd428-120,,,0,,,,,,,272,120,08:A6:F7:6B:D4:28,,,,,,11450,8,28,21,21,7,,,0,20,375,24,3,,,,2595736,1786523371991,2595750,1786523372005,,1786523371972,29,2026-08-12T08:29:33.0350147Z,23,,,oasis/bottle,,0,,,,,
,,,,,,,,,,,,,,,14,,,,,,,,,1,,,0,,,,,0,,,,,0,,,,,,,,,,,local.mqtt.telegraf,33,,38.31,,,,,,periodic,,18,,,,,5,5,08a6f76bd428,,,91488,43264,,6,120,,,,,,,,,,,,,121,,,,,08a6f76bd428-121,,,0,,,,,,,273,121,08:A6:F7:6B:D4:28,,,,,,12530,8,28,21,21,7,,,0,20,375,24,3,,,,2596816,1786523373071,2596830,1786523373085,,1786523373053,29,2026-08-12T08:29:34.1091081Z,23,,,oasis/bottle,,0,,,,,
,,,,,,,,,,,,,,,13,,,,,,,,,1,,,0,,,,,0,,,,,0,,,,,,,,,,,local.mqtt.telegraf,33,,38.24,,,,,,periodic,,29,,,,,6,5,08a6f76bd428,,,80496,43264,,5,121,,,,,,,,,,,,,122,,,,,08a6f76bd428-122,,,0,,,,,,,272,122,08:A6:F7:6B:D4:28,,,,,,14050,8,28,21,21,7,,,0,20,375,24,3,,,,2598346,1786523374601,2598359,1786523374614,,1786523374572,29,2026-08-12T08:29:35.6398604Z,23,,,oasis/bottle,,0,,,,,
,,,,,,,,,,,,,,,13,,,,,,,,,1,,,0,,,,,0,,,,,0,,,,,,,,,,,local.mqtt.telegraf,33,,38.12,,,,,,periodic,,19,,,,,6,5,08a6f76bd428,,,71488,43264,,9,122,,,,,,,,,,,,,123,,,,,08a6f76bd428-123,,,0,,,,,,,272,123,08:A6:F7:6B:D4:28,,,,,,15290,8,28,21,21,7,,,0,20,375,24,3,,,,2599576,1786523375831,2599589,1786523375844,,1786523375812,29,2026-08-12T08:29:36.8782193Z,23,,,oasis/bottle,,0,,,,,
,,,,,,,,,,,,,,,13,,,,,,,,,1,,,0,,,,,0,,,,,0,,,,,,,,,,,local.mqtt.telegraf,33,,38.25,,,,,,periodic,,19,,,,,6,5,08a6f76bd428,,,62480,43264,,6,123,,,,,,,,,,,,,124,,,,,08a6f76bd428-124,,,0,,,,,,,272,124,08:A6:F7:6B:D4:28,,,,,,16560,8,28,21,21,7,,,0,20,375,24,3,,,,2600846,1786523377101,2600859,1786523377114,,1786523377082,29,2026-08-12T08:29:38.1469843Z,23,,,oasis/bottle,,0,,,,,
,,,,,,,,,,,,,,,14,,,,,,,,,1,,,0,,,,,0,,,,,0,,,,,,,,,,,local.mqtt.telegraf,33,,38.23,,,,,,periodic,,19,,,,,6,5,08a6f76bd428,,,52816,43264,,5,124,,,,,,,,,,,,,125,,,,,08a6f76bd428-125,,,0,,,,,,,272,125,08:A6:F7:6B:D4:28,,,,,,17900,8,28,21,21,7,,,0,20,375,24,3,,,,2602186,1786523378441,2602200,1786523378455,,1786523378422,29,2026-08-12T08:29:39.4921721Z,23,,,oasis/bottle,,0,,,,,
,,,,,,,,,,,,,,,13,,,,,,,,,1,,,0,,,,,0,,,,,0,,,,,,,,,,,local.mqtt.telegraf,33,,38.28,,,,,,periodic,,19,,,,,6,5,08a6f76bd428,,,122000,43264,,6,125,,,,,,,,,,,,,126,,,,,08a6f76bd428-126,,,0,,,,,,,272,126,08:A6:F7:6B:D4:28,,,,,,19380,8,28,21,21,7,,,0,20,375,24,3,,,,2603666,1786523379921,2603679,1786523379934,,1786523379902,29,2026-08-12T08:29:40.9578765Z,23,,,oasis/bottle,,0,,,,,
,,,,,,,,,,,,,,,13,,,,,,,,,1,,,0,,,,,0,,,,,0,,,,,,,,,,,local.mqtt.telegraf,33,,38.18,,,,,,periodic,,26,,,,,5,5,08a6f76bd428,,,100368,43264,,5,126,,,,,,,,,,,,,127,,,,,08a6f76bd428-127,,,0,,,,,,,273,127,08:A6:F7:6B:D4:28,,,,,,492,9,31,21,21,10,,,4,19,375,23,3,,,,2605195,1786523381450,2605208,1786523381463,,1786523381424,29,2026-08-12T08:29:42.4921452Z,26,,,oasis/bottle,,0,,,,,
,,,,,,,,,,,,,,,13,,,,,,,,,1,,,0,,,,,0,,,,,0,,,,,,,,,,,local.mqtt.telegraf,33,,38.08,,,,,,periodic,,19,,,,,6,5,08a6f76bd428,,,90048,43264,,5,127,,,,,,,,,,,,,128,,,,,08a6f76bd428-128,,,0,,,,,,,272,128,08:A6:F7:6B:D4:28,,,,,,1971,9,31,21,21,10,,,4,19,375,23,3,,,,2606666,1786523382921,2606679,1786523382934,,1786523382902,29,2026-08-12T08:29:43.9566495Z,26,,,oasis/bottle,,0,,,,,
,,,,,,,,,,,,,,,13,,,,,,,,,1,,,0,,,,,0,,,,,0,,,,,,,,,,,local.mqtt.telegraf,33,,38.35,,,,,,periodic,,19,,,,,6,5,08a6f76bd428,,,81696,43264,,6,128,,,,,,,,,,,,,129,,,,,08a6f76bd428-129,,,0,,,,,,,272,129,08:A6:F7:6B:D4:28,,,,,,3121,9,31,21,21,10,,,4,19,375,23,3,,,,2607816,1786523384071,2607829,1786523384084,,1786523384052,29,2026-08-12T08:29:45.1060904Z,26,,,oasis/bottle,,0,,,,,
,,,,,,,,,,,,,,,13,,,,,,,,,1,,,0,,,,,0,,,,,0,,,,,,,,,,,local.mqtt.telegraf,33,,38.24,,,,,,periodic,,19,,,,,6,5,08a6f76bd428,,,73344,43264,,6,129,,,,,,,,,,,,,130,,,,,08a6f76bd428-130,,,0,,,,,,,272,130,08:A6:F7:6B:D4:28,,,,,,4221,9,31,21,21,10,,,4,19,375,23,3,,,,2608916,1786523385171,2608929,1786523385184,,1786523385152,29,2026-08-12T08:29:46.2069194Z,26,,,oasis/bottle,,0,,,,,
,,,,,,,,,,,,,,,13,,,,,,,,,1,,,0,,,,,0,,,,,0,,,,,,,,,,,local.mqtt.telegraf,33,,38.2,,,,,,periodic,,18,,,,,5,5,08a6f76bd428,,,65648,43264,,5,130,,,,,,,,,,,,,131,,,,,08a6f76bd428-131,,,0,,,,,,,272,131,08:A6:F7:6B:D4:28,,,,,,5221,9,31,21,21,10,,,4,19,375,23,3,,,,2609916,1786523386171,2609929,1786523386184,,1786523386153,29,2026-08-12T08:29:47.2030615Z,26,,,oasis/bottle,,0,,,,,
,,,,,,,,,,,,,,,13,,,,,,,,,1,,,0,,,,,0,,,,,0,,,,,,,,,,,local.mqtt.telegraf,33,,38.1,,,,,,periodic,,19,,,,,5,5,08a6f76bd428,,,56000,43264,,6,131,,,,,,,,,,,,,132,,,,,08a6f76bd428-132,,,0,,,,,,,273,132,08:A6:F7:6B:D4:28,,,,,,6611,9,31,21,21,10,,,4,19,375,23,3,,,,2611307,1786523387562,2611320,1786523387575,,1786523387543,29,2026-08-12T08:29:48.6065422Z,26,,,oasis/bottle,,0,,,,,
,,,,,,,,,,,,,,,13,,,,,,,,,1,,,0,,,,,0,,,,,0,,,,,,,,,,,local.mqtt.telegraf,33,,38.21,,,,,,periodic,,29,,,,,6,5,08a6f76bd428,,,45056,43264,,6,132,,,,,,,,,,,,,133,,,,,08a6f76bd428-133,,,0,,,,,,,272,133,08:A6:F7:6B:D4:28,,,,,,8191,9,31,21,21,10,,,4,19,375,23,3,,,,2612896,1786523389151,2612909,1786523389164,,1786523389122,29,2026-08-12T08:29:50.192129Z,26,,,oasis/bottle,,0,,,,,
,,,,,,,,,,,,,,,13,,,,,,,,,1,,,0,,,,,0,,,,,0,,,,,,,,,,,local.mqtt.telegraf,33,,38.17,,,,,,periodic,,18,,,,,5,5,08a6f76bd428,,,113984,43264,,5,133,,,,,,,,,,,,,134,,,,,08a6f76bd428-134,,,0,,,,,,,272,134,08:A6:F7:6B:D4:28,,,,,,9561,9,31,21,21,10,,,4,19,375,23,3,,,,2614256,1786523390511,2614269,1786523390524,,1786523390493,29,2026-08-12T08:29:51.5591072Z,26,,,oasis/bottle,,0,,,,,
,,,,,,,,,,,,,,,13,,,,,,,,,1,,,0,,,,,0,,,,,0,,,,,,,,,,,local.mqtt.telegraf,33,,38.29,,,,,,periodic,,29,,,,,6,5,08a6f76bd428,,,103008,43264,,6,134,,,,,,,,,,,,,135,,,,,08a6f76bd428-135,,,0,,,,,,,272,135,08:A6:F7:6B:D4:28,,,,,,11091,9,31,21,21,10,,,4,19,375,23,3,,,,2615796,1786523392051,2615809,1786523392064,,1786523392022,29,2026-08-12T08:29:53.0900948Z,26,,,oasis/bottle,,0,,,,,
,,,,,,,,,,,,,,,13,,,,,,,,,1,,,0,,,,,0,,,,,0,,,,,,,,,,,local.mqtt.telegraf,33,,38.21,,,,,,periodic,,18,,,,,5,5,08a6f76bd428,,,94000,43264,,8,135,,,,,,,,,,,,,136,,,,,08a6f76bd428-136,,,0,,,,,,,272,136,08:A6:F7:6B:D4:28,,,,,,12351,9,31,21,21,10,,,4,19,375,23,3,,,,2617046,1786523393301,2617059,1786523393314,,1786523393283,29,2026-08-12T08:29:54.3458407Z,26,,,oasis/bottle,,0,,,,,
,,,,,,,,,,,,,,,13,,,,,,,,,1,,,0,,,,,0,,,,,0,,,,,,,,,,,local.mqtt.telegraf,33,,38.27,,,,,,periodic,,18,,,,,5,5,08a6f76bd428,,,84336,43264,,6,136,,,,,,,,,,,,,137,,,,,08a6f76bd428-137,,,0,,,,,,,272,137,08:A6:F7:6B:D4:28,,,,,,13661,9,31,21,21,10,,,4,19,375,23,3,,,,2618356,1786523394611,2618369,1786523394624,,1786523394593,29,2026-08-12T08:29:55.6546876Z,26,,,oasis/bottle,,0,,,,,
,,,,,,,,,,,,,,,13,,,,,,,,,1,,,0,,,,,0,,,,,0,,,,,,,,,,,local.mqtt.telegraf,33,,38.17,,,,,,periodic,,18,,,,,5,5,08a6f76bd428,,,74016,43264,,6,137,,,,,,,,,,,,,138,,,,,08a6f76bd428-138,,,0,,,,,,,272,138,08:A6:F7:6B:D4:28,,,,,,15081,9,31,21,21,10,,,4,19,375,23,3,,,,2619776,1786523396031,2619789,1786523396044,,1786523396013,29,2026-08-12T08:29:57.0739595Z,26,,,oasis/bottle,,0,,,,,
,,,,,,,,,,,,,,,14,,,,,,,,,1,,,0,,,,,0,,,,,0,,,,,,,,,,,local.mqtt.telegraf,33,,38.31,,,,,,periodic,,19,,,,,6,5,08a6f76bd428,,,66320,43264,,6,138,,,,,,,,,,,,,139,,,,,08a6f76bd428-139,,,0,,,,,,,272,139,08:A6:F7:6B:D4:28,,,,,,16121,9,31,21,21,10,,,4,19,375,23,3,,,,2620816,1786523397071,2620830,1786523397085,,1786523397052,29,2026-08-12T08:29:58.1045525Z,26,,,oasis/bottle,,0,,,,,
,,,,,,,,,,,,,,,13,,,,,,,,,1,,,0,,,,,0,,,,,0,,,,,,,,,,,local.mqtt.telegraf,33,,38.23,,,,,,periodic,,19,,,,,6,5,08a6f76bd428,,,56000,43264,,6,139,,,,,,,,,,,,,140,,,,,08a6f76bd428-140,,,0,,,,,,,272,140,08:A6:F7:6B:D4:28,,,,,,17601,9,31,21,21,10,,,4,19,375,23,3,,,,2622296,1786523398551,2622309,1786523398564,,1786523398532,29,2026-08-12T08:29:59.5925385Z,26,,,oasis/bottle,,0,,,,,
,,,,,,,,,,,,,,,13,,,,,,,,,1,,,0,,,,,0,,,,,0,,,,,,,,,,,local.mqtt.telegraf,33,,38.21,,,,,,periodic,,19,,,,,6,5,08a6f76bd428,,,47648,43264,,6,140,,,,,,,,,,,,,141,,,,,08a6f76bd428-141,,,0,,,,,,,272,141,08:A6:F7:6B:D4:28,,,,,,18751,9,31,21,21,10,,,4,19,375,23,3,,,,2623446,1786523399701,2623459,1786523399714,,1786523399682,29,2026-08-12T08:30:00.7456196Z,26,,,oasis/bottle,,0,,,,,
,,,,,,,,,,,,,,,13,,,,,,,,,1,,,0,,,,,0,,,,,0,,,,,,,,,,,local.mqtt.telegraf,33,,38.23,,,,,,periodic,,29,,,,,6,5,08a6f76bd428,,,119136,43264,,6,141,,,,,,,,,,,,,142,,,,,08a6f76bd428-142,,,0,,,,,,,272,142,08:A6:F7:6B:D4:28,,,,,,19851,9,31,21,21,10,,,4,19,375,23,3,,,,2624556,1786523400811,2624569,1786523400824,,1786523400782,29,2026-08-12T08:30:01.8535861Z,26,,,oasis/bottle,,0,,,,,
,,,,,,,,,,,,,,,13,,,,,,,,,1,,,0,,,,,0,,,,,0,,,,,,,,,,,local.mqtt.telegraf,33,,38.29,,,,,,periodic,,26,,,,,6,5,08a6f76bd428,,,100128,43264,,10,142,,,,,,,,,,,,,143,,,,,08a6f76bd428-143,,,0,,,,,,,273,143,08:A6:F7:6B:D4:28,,,,,,482,10,28,21,21,7,,,0,20,364,23,3,,,,2625595,1786523401850,2625608,1786523401863,,1786523401824,29,2026-08-12T08:30:02.8878733Z,29,,,oasis/bottle,,0,,,,,
,,,,,,,,,,,,,,,13,,,,,,,,,1,,,0,,,,,0,,,,,0,,,,,,,,,,,local.mqtt.telegraf,33,,38.28,,,,,,periodic,,18,,,,,5,5,08a6f76bd428,,,89808,43264,,6,143,,,,,,,,,,,,,144,,,,,08a6f76bd428-144,,,0,,,,,,,272,144,08:A6:F7:6B:D4:28,,,,,,1921,10,28,21,21,7,,,0,20,364,23,3,,,,2627026,1786523403281,2627039,1786523403294,,1786523403263,29,2026-08-12T08:30:04.3289769Z,29,,,oasis/bottle,,0,,,,,
,,,,,,,,,,,,,,,13,,,,,,,,,1,,,0,,,,,0,,,,,0,,,,,,,,,,,local.mqtt.telegraf,33,,38.24,,,,,,periodic,,19,,,,,6,5,08a6f76bd428,,,81456,43264,,6,144,,,,,,,,,,,,,145,,,,,08a6f76bd428-145,,,0,,,,,,,272,145,08:A6:F7:6B:D4:28,,,,,,3001,10,28,21,21,7,,,0,20,364,23,3,,,,2628106,1786523404361,2628119,1786523404374,,1786523404342,29,2026-08-12T08:30:05.4085127Z,29,,,oasis/bottle,,0,,,,,
,,,,,,,,,,,,,,,13,,,,,,,,,1,,,0,,,,,0,,,,,0,,,,,,,,,,,local.mqtt.telegraf,33,,38.24,,,,,,periodic,,19,,,,,6,5,08a6f76bd428,,,70480,43264,,6,145,,,,,,,,,,,,,146,,,,,08a6f76bd428-146,,,0,,,,,,,272,146,08:A6:F7:6B:D4:28,,,,,,4551,10,28,21,21,7,,,0,20,364,23,3,,,,2629656,1786523405911,2629669,1786523405924,,1786523405892,29,2026-08-12T08:30:06.9621716Z,29,,,oasis/bottle,,0,,,,,
,,,,,,,,,,,,,,,13,,,,,,,,,1,,,0,,,,,0,,,,,0,,,,,,,,,,,local.mqtt.telegraf,33,,38.2,,,,,,periodic,,19,,,,,6,5,08a6f76bd428,,,60816,43264,,6,146,,,,,,,,,,,,,147,,,,,08a6f76bd428-147,,,0,,,,,,,272,147,08:A6:F7:6B:D4:28,,,,,,5851,10,28,21,21,7,,,0,20,364,23,3,,,,2630956,1786523407211,2630969,1786523407224,,1786523407192,29,2026-08-12T08:30:08.2625068Z,29,,,oasis/bottle,,0,,,,,
,,,,,,,,,,,,,,,13,,,,,,,,,1,,,0,,,,,0,,,,,0,,,,,,,,,,,local.mqtt.telegraf,33,,38.24,,,,,,periodic,,18,,,,,5,5,08a6f76bd428,,,50496,43264,,6,147,,,,,,,,,,,,,148,,,,,08a6f76bd428-148,,,0,,,,,,,272,148,08:A6:F7:6B:D4:28,,,,,,7251,10,28,21,21,7,,,0,20,364,23,3,,,,2632356,1786523408611,2632369,1786523408624,,1786523408593,29,2026-08-12T08:30:09.6605612Z,29,,,oasis/bottle,,0,,,,,
,,,,,,,,,,,,,,,14,,,,,,,,,1,,,0,,,,,0,,,,,0,,,,,,,,,,,local.mqtt.telegraf,33,,38.23,,,,,,periodic,,28,,,,,5,5,08a6f76bd428,,,122704,43264,,6,148,,,,,,,,,,,,,149,,,,,08a6f76bd428-149,,,0,,,,,,,273,149,08:A6:F7:6B:D4:28,,,,,,8251,10,28,21,21,7,,,0,20,364,23,3,,,,2633366,1786523409621,2633380,1786523409635,,1786523409593,29,2026-08-12T08:30:10.6740892Z,29,,,oasis/bottle,,0,,,,,
,,,,,,,,,,,,,,,13,,,,,,,,,1,,,0,,,,,0,,,,,0,,,,,,,,,,,local.mqtt.telegraf,33,,38.25,,,,,,periodic,,19,,,,,5,5,08a6f76bd428,,,112384,43264,,10,149,,,,,,,,,,,,,150,,,,,08a6f76bd428-150,,,0,,,,,,,272,150,08:A6:F7:6B:D4:28,,,,,,9661,10,28,21,21,7,,,0,20,364,23,3,,,,2634767,1786523411022,2634780,1786523411035,,1786523411003,29,2026-08-12T08:30:12.0546222Z,29,,,oasis/bottle,,0,,,,,
,,,,,,,,,,,,,,,13,,,,,,,,,1,,,0,,,,,0,,,,,0,,,,,,,,,,,local.mqtt.telegraf,33,,38.27,,,,,,periodic,,28,,,,,5,5,08a6f76bd428,,,103856,43264,,6,150,,,,,,,,,,,,,151,,,,,08a6f76bd428-151,,,0,,,,,,,273,151,08:A6:F7:6B:D4:28,,,,,,10711,10,28,21,21,7,,,0,20,364,23,3,,,,2635826,1786523412081,2635839,1786523412094,,1786523412053,29,2026-08-12T08:30:13.1297271Z,29,,,oasis/bottle,,0,,,,,
,,,,,,,,,,,,,,,13,,,,,,,,,1,,,0,,,,,0,,,,,0,,,,,,,,,,,local.mqtt.telegraf,33,,37.79,,,,,,periodic,,19,,,,,6,5,08a6f76bd428,,,93536,43264,,10,151,,,,,,,,,,,,,152,,,,,08a6f76bd428-152,,,0,,,,,,,272,152,08:A6:F7:6B:D4:28,,,,,,12171,10,28,21,21,7,,,0,20,364,23,3,,,,2637276,1786523413531,2637289,1786523413544,,1786523413512,29,2026-08-12T08:30:14.5774878Z,29,,,oasis/bottle,,0,,,,,
,,,,,,,,,,,,,,,13,,,,,,,,,1,,,0,,,,,0,,,,,0,,,,,,,,,,,local.mqtt.telegraf,33,,37.96,,,,,,periodic,,29,,,,,6,5,08a6f76bd428,,,85184,43264,,6,152,,,,,,,,,,,,,153,,,,,08a6f76bd428-153,,,0,,,,,,,272,153,08:A6:F7:6B:D4:28,,,,,,13281,10,28,21,21,7,,,0,20,364,23,3,,,,2638396,1786523414651,2638409,1786523414664,,1786523414622,29,2026-08-12T08:30:15.6859196Z,29,,,oasis/bottle,,0,,,,,
,,,,,,,,,,,,,,,13,,,,,,,,,1,,,0,,,,,0,,,,,0,,,,,,,,,,,local.mqtt.telegraf,33,,38,,,,,,periodic,,19,,,,,6,5,08a6f76bd428,,,77488,43264,,8,153,,,,,,,,,,,,,154,,,,,08a6f76bd428-154,,,0,,,,,,,272,154,08:A6:F7:6B:D4:28,,,,,,14301,10,28,21,21,7,,,0,20,364,23,3,,,,2639406,1786523415661,2639419,1786523415674,,1786523415642,29,2026-08-12T08:30:16.7035193Z,29,,,oasis/bottle,,0,,,,,
,,,,,,,,,,,,,,,14,,,,,,,,,1,,,0,,,,,0,,,,,0,,,,,,,,,,,local.mqtt.telegraf,33,,38.12,,,,,,periodic,,18,,,,,5,5,08a6f76bd428,,,67168,43264,,6,154,,,,,,,,,,,,,155,,,,,08a6f76bd428-155,,,0,,,,,,,272,155,08:A6:F7:6B:D4:28,,,,,,15741,10,28,21,21,7,,,0,20,364,23,3,,,,2640846,1786523417101,2640860,1786523417115,,1786523417083,29,2026-08-12T08:30:18.1452081Z,29,,,oasis/bottle,,0,,,,,
,,,,,,,,,,,,,,,13,,,,,,,,,1,,,0,,,,,0,,,,,0,,,,,,,,,,,local.mqtt.telegraf,33,,38.16,,,,,,periodic,,19,,,,,6,5,08a6f76bd428,,,58816,43264,,7,155,,,,,,,,,,,,,156,,,,,08a6f76bd428-156,,,0,,,,,,,272,156,08:A6:F7:6B:D4:28,,,,,,16811,10,28,21,21,7,,,0,20,364,23,3,,,,2641916,1786523418171,2641929,1786523418184,,1786523418152,29,2026-08-12T08:30:19.2079611Z,29,,,oasis/bottle,,0,,,,,
,,,,,,,,,,,,,,,14,,,,,,,,,1,,,0,,,,,0,,,,,0,,,,,,,,,,,local.mqtt.telegraf,33,,38.25,,,,,,periodic,,19,,,,,6,5,08a6f76bd428,,,47840,43264,,6,156,,,,,,,,,,,,,157,,,,,08a6f76bd428-157,,,0,,,,,,,272,157,08:A6:F7:6B:D4:28,,,,,,18351,10,28,21,21,7,,,0,20,364,23,3,,,,2643456,1786523419711,2643470,1786523419725,,1786523419692,29,2026-08-12T08:30:20.7581606Z,29,,,oasis/bottle,,0,,,,,
,,,,,,,,,,,,,,,13,,,,,,,,,1,,,0,,,,,0,,,,,0,,,,,,,,,,,local.mqtt.telegraf,33,,38.33,,,,,,periodic,,19,,,,,6,5,08a6f76bd428,,,118640,43264,,6,157,,,,,,,,,,,,,158,,,,,08a6f76bd428-158,,,0,,,,,,,273,158,08:A6:F7:6B:D4:28,,,,,,19631,10,28,21,21,7,,,0,20,364,23,3,,,,2644737,1786523420992,2644750,1786523421005,,1786523420973,29,2026-08-12T08:30:22.0250943Z,29,,,oasis/bottle,,0,,,,,
,,,,,,,,,,,,,,,13,,,,,,,,,1,,,0,,,,,0,,,,,0,,,,,,,,,,,local.mqtt.telegraf,33,,38.4,,,,,,periodic,,18,,,,,5,5,08a6f76bd428,,,97648,43264,,6,158,,,,,,,,,,,,,159,,,,,08a6f76bd428-159,,,0,,,,,,,273,159,08:A6:F7:6B:D4:28,,,,,,431,11,29,20,20,9,,,0,19,364,23,3,,,,2646096,1786523422351,2646109,1786523422364,,1786523422333,29,2026-08-12T08:30:23.3904894Z,33,,,oasis/bottle,,0,,,,,
,,,,,,,,,,,,,,,13,,,,,,,,,1,,,0,,,,,0,,,,,0,,,,,,,,,,,local.mqtt.telegraf,33,,38.39,,,,,,periodic,,19,,,,,6,5,08a6f76bd428,,,86720,43264,,5,159,,,,,,,,,,,,,160,,,,,08a6f76bd428-160,,,0,,,,,,,272,160,08:A6:F7:6B:D4:28,,,,,,1951,11,29,20,20,9,,,0,19,364,23,3,,,,2647616,1786523423871,2647629,1786523423884,,1786523423852,29,2026-08-12T08:30:24.9119161Z,33,,,oasis/bottle,,0,,,,,
,,,,,,,,,,,,,,,14,,,,,,,,,1,,,0,,,,,0,,,,,0,,,,,,,,,,,local.mqtt.telegraf,33,,38.32,,,,,,periodic,,18,,,,,5,5,08a6f76bd428,,,77712,43264,,6,160,,,,,,,,,,,,,161,,,,,08a6f76bd428-161,,,0,,,,,,,272,161,08:A6:F7:6B:D4:28,,,,,,3181,11,29,20,20,9,,,0,19,364,23,3,,,,2648846,1786523425101,2648860,1786523425115,,1786523425083,29,2026-08-12T08:30:26.1423077Z,33,,,oasis/bottle,,0,,,,,
,,,,,,,,,,,,,,,14,,,,,,,,,1,,,0,,,,,0,,,,,0,,,,,,,,,,,local.mqtt.telegraf,33,,38.47,,,,,,periodic,,28,,,,,5,5,08a6f76bd428,,,68704,43264,,7,161,,,,,,,,,,,,,162,,,,,08a6f76bd428-162,,,0,,,,,,,272,162,08:A6:F7:6B:D4:28,,,,,,4441,11,29,20,20,9,,,0,19,364,23,3,,,,2650116,1786523426371,2650130,1786523426385,,1786523426343,29,2026-08-12T08:30:27.4268681Z,33,,,oasis/bottle,,0,,,,,
,,,,,,,,,,,,,,,14,,,,,,,,,1,,,0,,,,,0,,,,,0,,,,,,,,,,,local.mqtt.telegraf,33,,38.24,,,,,,periodic,,29,,,,,6,5,08a6f76bd428,,,59040,43264,,7,162,,,,,,,,,,,,,163,,,,,08a6f76bd428-163,,,0,,,,,,,272,163,08:A6:F7:6B:D4:28,,,,,,5761,11,29,20,20,9,,,0,19,364,23,3,,,,2651436,1786523427691,2651450,1786523427705,,1786523427662,29,2026-08-12T08:30:28.7272334Z,33,,,oasis/bottle,,0,,,,,
,,,,,,,,,,,,,,,13,,,,,,,,,1,,,0,,,,,0,,,,,0,,,,,,,,,,,local.mqtt.telegraf,33,,38.31,,,,,,periodic,,19,,,,,6,5,08a6f76bd428,,,48720,43264,,7,163,,,,,,,,,,,,,164,,,,,08a6f76bd428-164,,,0,,,,,,,272,164,08:A6:F7:6B:D4:28,,,,,,7201,11,29,20,20,9,,,0,19,364,23,3,,,,2652866,1786523429121,2652879,1786523429134,,1786523429102,29,2026-08-12T08:30:30.1576053Z,33,,,oasis/bottle,,0,,,,,
,,,,,,,,,,,,,,,13,,,,,,,,,1,,,0,,,,,0,,,,,0,,,,,,,,,,,local.mqtt.telegraf,33,,38.24,,,,,,periodic,,29,,,,,6,5,08a6f76bd428,,,120176,43264,,6,164,,,,,,,,,,,,,165,,,,,08a6f76bd428-165,,,0,,,,,,,272,165,08:A6:F7:6B:D4:28,,,,,,8271,11,29,20,20,9,,,0,19,364,23,3,,,,2653946,1786523430201,2653959,1786523430214,,1786523430172,29,2026-08-12T08:30:31.2561411Z,33,,,oasis/bottle,,0,,,,,
,,,,,,,,,,,,,,,13,,,,,,,,,1,,,0,,,,,0,,,,,0,,,,,,,,,,,local.mqtt.telegraf,33,,38.28,,,,,,periodic,,19,,,,,6,5,08a6f76bd428,,,109200,43264,,7,165,,,,,,,,,,,,,166,,,,,08a6f76bd428-166,,,0,,,,,,,272,166,08:A6:F7:6B:D4:28,,,,,,9811,11,29,20,20,9,,,0,19,364,23,3,,,,2655476,1786523431731,2655489,1786523431744,,1786523431712,29,2026-08-12T08:30:32.7759607Z,33,,,oasis/bottle,,0,,,,,
,,,,,,,,,,,,,,,13,,,,,,,,,1,,,0,,,,,0,,,,,0,,,,,,,,,,,local.mqtt.telegraf,33,,38.33,,,,,,periodic,,18,,,,,6,5,08a6f76bd428,,,100160,43264,,6,166,,,,,,,,,,,,,167,,,,,08a6f76bd428-167,,,0,,,,,,,273,167,08:A6:F7:6B:D4:28,,,,,,11091,11,29,20,20,9,,,0,19,364,23,3,,,,2656756,1786523433011,2656769,1786523433024,,1786523432993,29,2026-08-12T08:30:34.0457863Z,33,,,oasis/bottle,,0,,,,,
,,,,,,,,,,,,,,,14,,,,,,,,,1,,,0,,,,,0,,,,,0,,,,,,,,,,,local.mqtt.telegraf,33,,38.18,,,,,,periodic,,19,,,,,6,5,08a6f76bd428,,,90480,43264,,5,167,,,,,,,,,,,,,168,,,,,08a6f76bd428-168,,,0,,,,,,,272,168,08:A6:F7:6B:D4:28,,,,,,12451,11,29,20,20,9,,,0,19,364,23,3,,,,2658116,1786523434371,2658130,1786523434385,,1786523434352,29,2026-08-12T08:30:35.4034647Z,33,,,oasis/bottle,,0,,,,,
,,,,,,,,,,,,,,,14,,,,,,,,,1,,,0,,,,,0,,,,,0,,,,,,,,,,,local.mqtt.telegraf,33,,38.29,,,,,,periodic,,18,,,,,5,5,08a6f76bd428,,,79504,43264,,6,168,,,,,,,,,,,,,169,,,,,08a6f76bd428-169,,,0,,,,,,,272,169,08:A6:F7:6B:D4:28,,,,,,13961,11,29,20,20,9,,,0,19,364,23,3,,,,2659626,1786523435881,2659640,1786523435895,,1786523435863,29,2026-08-12T08:30:36.9225007Z,33,,,oasis/bottle,,0,,,,,
,,,,,,,,,,,,,,,13,,,,,,,,,1,,,0,,,,,0,,,,,0,,,,,,,,,,,local.mqtt.telegraf,33,,38.23,,,,,,periodic,,18,,,,,5,5,08a6f76bd428,,,70496,43264,,6,169,,,,,,,,,,,,,170,,,,,08a6f76bd428-170,,,0,,,,,,,272,170,08:A6:F7:6B:D4:28,,,,,,15181,11,29,20,20,9,,,0,19,364,23,3,,,,2660846,1786523437101,2660859,1786523437114,,1786523437083,29,2026-08-12T08:30:38.144525Z,33,,,oasis/bottle,,0,,,,,
,,,,,,,,,,,,,,,14,,,,,,,,,1,,,0,,,,,0,,,,,0,,,,,,,,,,,local.mqtt.telegraf,33,,38.33,,,,,,periodic,,18,,,,,5,5,08a6f76bd428,,,61488,43264,,6,170,,,,,,,,,,,,,171,,,,,08a6f76bd428-171,,,0,,,,,,,272,171,08:A6:F7:6B:D4:28,,,,,,16421,11,29,20,20,9,,,0,19,364,23,3,,,,2662086,1786523438341,2662100,1786523438355,,1786523438323,29,2026-08-12T08:30:39.3748042Z,33,,,oasis/bottle,,0,,,,,
,,,,,,,,,,,,,,,13,,,,,,,,,1,,,0,,,,,0,,,,,0,,,,,,,,,,,local.mqtt.telegraf,33,,38.35,,,,,,periodic,,28,,,,,6,5,08a6f76bd428,,,52448,43264,,6,171,,,,,,,,,,,,,172,,,,,08a6f76bd428-172,,,0,,,,,,,273,172,08:A6:F7:6B:D4:28,,,,,,17701,11,29,20,20,9,,,0,19,364,23,3,,,,2663376,1786523439631,2663389,1786523439644,,1786523439603,29,2026-08-12T08:30:40.6743997Z,33,,,oasis/bottle,,0,,,,,
,,,,,,,,,,,,,,,13,,,,,,,,,1,,,0,,,,,0,,,,,0,,,,,,,,,,,local.mqtt.telegraf,33,,38.31,,,,,,periodic,,28,,,,,5,5,08a6f76bd428,,,122608,43264,,6,172,,,,,,,,,,,,,173,,,,,08a6f76bd428-173,,,0,,,,,,,273,173,08:A6:F7:6B:D4:28,,,,,,19061,11,29,20,20,9,,,0,19,364,23,3,,,,2664736,1786523440991,2664749,1786523441004,,1786523440963,29,2026-08-12T08:30:42.0402419Z,33,,,oasis/bottle,,0,,,,,
,,,,,,,,,,,,,,,13,,,,,,,,,1,,,0,,,,,0,,,,,0,,,,,,,,,,,local.mqtt.telegraf,33,,38.39,,,,,,periodic,,26,,,,,6,5,08a6f76bd428,,,99664,43264,,6,173,,,,,,,,,,,,,174,,,,,08a6f76bd428-174,,,0,,,,,,,273,174,08:A6:F7:6B:D4:28,,,,,,492,12,39,20,20,19,,,1,20,386,23,3,,,,2666415,1786523442670,2666428,1786523442683,,1786523442644,29,2026-08-12T08:30:43.7087872Z,35,,,oasis/bottle,,0,,,,,
,,,,,,,,,,,,,,,14,,,,,,,,,1,,,0,,,,,0,,,,,0,,,,,,,,,,,local.mqtt.telegraf,33,,38.33,,,,,,periodic,,25,,,,,6,5,08a6f76bd428,,,89424,43264,,7,174,,,,,,,,,,,,,175,,,,,08a6f76bd428-175,,,0,,,,,,,273,175,08:A6:F7:6B:D4:28,,,,,,1883,12,39,20,20,19,,,1,20,386,23,3,,,,2667806,1786523444061,2667820,1786523444075,,1786523444036,29,2026-08-12T08:30:45.103314Z,35,,,oasis/bottle,,0,,,,,
,,,,,,,,,,,,,,,14,,,,,,,,,1,,,0,,,,,0,,,,,0,,,,,,,,,,,local.mqtt.telegraf,33,,38.47,,,,,,periodic,,17,,,,,5,5,08a6f76bd428,,,78320,43264,,6,175,,,,,,,,,,,,,176,,,,,08a6f76bd428-176,,,0,,,,,,,272,176,08:A6:F7:6B:D4:28,,,,,,3471,12,39,20,20,19,,,1,20,386,23,3,,,,2669386,1786523445641,2669400,1786523445655,,1786523445624,29,2026-08-12T08:30:46.6962017Z,35,,,oasis/bottle,,0,,,,,
,,,,,,,,,,,,,,,14,,,,,,,,,1,,,0,,,,,0,,,,,0,,,,,,,,,,,local.mqtt.telegraf,33,,38.35,,,,,,periodic,,17,,,,,5,5,08a6f76bd428,,,68656,43264,,6,176,,,,,,,,,,,,,177,,,,,08a6f76bd428-177,,,0,,,,,,,272,177,08:A6:F7:6B:D4:28,,,,,,4841,12,39,20,20,19,,,1,20,386,23,3,,,,2670756,1786523447011,2670770,1786523447025,,1786523446994,29,2026-08-12T08:30:48.058713Z,35,,,oasis/bottle,,0,,,,,
,,,,,,,,,,,,,,,13,,,,,,,,,1,,,0,,,,,0,,,,,0,,,,,,,,,,,local.mqtt.telegraf,33,,38.31,,,,,,periodic,,27,,,,,5,5,08a6f76bd428,,,57680,43264,,6,177,,,,,,,,,,,,,178,,,,,08a6f76bd428-178,,,0,,,,,,,272,178,08:A6:F7:6B:D4:28,,,,,,6371,12,39,20,20,19,,,1,20,386,23,3,,,,2672296,1786523448551,2672309,1786523448564,,1786523448524,29,2026-08-12T08:30:49.5921713Z,35,,,oasis/bottle,,0,,,,,
,,,,,,,,,,,,,,,13,,,,,,,,,1,,,0,,,,,0,,,,,0,,,,,,,,,,,local.mqtt.telegraf,33,,38.27,,,,,,periodic,,18,,,,,6,5,08a6f76bd428,,,48672,43264,,9,178,,,,,,,,,,,,,179,,,,,08a6f76bd428-179,,,0,,,,,,,272,179,08:A6:F7:6B:D4:28,,,,,,7641,12,39,20,20,19,,,1,20,386,23,3,,,,2673556,1786523449811,2673569,1786523449824,,1786523449793,29,2026-08-12T08:30:50.8594266Z,35,,,oasis/bottle,,0,,,,,
,,,,,,,,,,,,,,,14,,,,,,,,,1,,,0,,,,,0,,,,,0,,,,,,,,,,,local.mqtt.telegraf,33,,38.32,,,,,,periodic,,17,,,,,5,5,08a6f76bd428,,,118816,43264,,6,179,,,,,,,,,,,,,180,,,,,08a6f76bd428-180,,,0,,,,,,,272,180,08:A6:F7:6B:D4:28,,,,,,8971,12,39,20,20,19,,,1,20,386,23,3,,,,2674886,1786523451141,2674900,1786523451155,,1786523451124,29,2026-08-12T08:30:52.1895354Z,35,,,oasis/bottle,,0,,,,,
,,,,,,,,,,,,,,,13,,,,,,,,,1,,,0,,,,,0,,,,,0,,,,,,,,,,,local.mqtt.telegraf,33,,38.33,,,,,,periodic,,18,,,,,6,5,08a6f76bd428,,,107664,43264,,6,180,,,,,,,,,,,,,181,,,,,08a6f76bd428-181,,,0,,,,,,,272,181,08:A6:F7:6B:D4:28,,,,,,10471,12,39,20,20,19,,,1,20,386,23,3,,,,2676386,1786523452641,2676399,1786523452654,,1786523452623,29,2026-08-12T08:30:53.6760413Z,35,,,oasis/bottle,,0,,,,,
,,,,,,,,,,,,,,,13,,,,,,,,,1,,,0,,,,,0,,,,,0,,,,,,,,,,,local.mqtt.telegraf,33,,38.28,,,,,,periodic,,17,,,,,5,5,08a6f76bd428,,,99312,43264,,6,181,,,,,,,,,,,,,182,,,,,08a6f76bd428-182,,,0,,,,,,,272,182,08:A6:F7:6B:D4:28,,,,,,11621,12,39,20,20,19,,,1,20,386,23,3,,,,2677536,1786523453791,2677549,1786523453804,,1786523453774,29,2026-08-12T08:30:54.8276852Z,35,,,oasis/bottle,,0,,,,,
,,,,,,,,,,,,,,,13,,,,,,,,,1,,,0,,,,,0,,,,,0,,,,,,,,,,,local.mqtt.telegraf,33,,38.33,,,,,,periodic,,27,,,,,5,5,08a6f76bd428,,,90960,43264,,6,182,,,,,,,,,,,,,183,,,,,08a6f76bd428-183,,,0,,,,,,,272,183,08:A6:F7:6B:D4:28,,,,,,12721,12,39,20,20,19,,,1,20,386,23,3,,,,2678646,1786523454901,2678659,1786523454914,,1786523454874,29,2026-08-12T08:30:55.9636863Z,35,,,oasis/bottle,,0,,,,,
,,,,,,,,,,,,,,,13,,,,,,,,,1,,,0,,,,,0,,,,,0,,,,,,,,,,,local.mqtt.telegraf,33,,38.25,,,,,,periodic,,18,,,,,6,5,08a6f76bd428,,,83264,43264,,9,183,,,,,,,,,,,,,184,,,,,08a6f76bd428-184,,,0,,,,,,,272,184,08:A6:F7:6B:D4:28,,,,,,13731,12,39,20,20,19,,,1,20,386,23,3,,,,2679646,1786523455901,2679659,1786523455914,,1786523455883,29,2026-08-12T08:30:56.9406057Z,35,,,oasis/bottle,,0,,,,,
,,,,,,,,,,,,,,,14,,,,,,,,,1,,,0,,,,,0,,,,,0,,,,,,,,,,,local.mqtt.telegraf,33,,38.35,,,,,,periodic,,18,,,,,6,5,08a6f76bd428,,,72944,43264,,6,184,,,,,,,,,,,,,185,,,,,08a6f76bd428-185,,,0,,,,,,,272,185,08:A6:F7:6B:D4:28,,,,,,15141,12,39,20,20,19,,,1,20,386,23,3,,,,2681056,1786523457311,2681070,1786523457325,,1786523457293,29,2026-08-12T08:30:58.3583291Z,35,,,oasis/bottle,,0,,,,,
,,,,,,,,,,,,,,,13,,,,,,,,,1,,,0,,,,,0,,,,,0,,,,,,,,,,,local.mqtt.telegraf,33,,38.33,,,,,,periodic,,26,,,,,5,5,08a6f76bd428,,,65248,43264,,6,185,,,,,,,,,,,,,186,,,,,08a6f76bd428-186,,,0,,,,,,,272,186,08:A6:F7:6B:D4:28,,,,,,16161,12,39,20,20,19,,,1,20,386,23,3,,,,2682085,1786523458340,2682098,1786523458353,,1786523458314,29,2026-08-12T08:30:59.3728048Z,35,,,oasis/bottle,,0,,,,,
,,,,,,,,,,,,,,,13,,,,,,,,,1,,,0,,,,,0,,,,,0,,,,,,,,,,,local.mqtt.telegraf,33,,38.47,,,,,,periodic,,27,,,,,5,5,08a6f76bd428,,,54928,43264,,6,186,,,,,,,,,,,,,187,,,,,08a6f76bd428-187,,,0,,,,,,,272,187,08:A6:F7:6B:D4:28,,,,,,17591,12,39,20,20,19,,,1,20,386,23,3,,,,2683516,1786523459771,2683529,1786523459784,,1786523459744,29,2026-08-12T08:31:00.8067406Z,35,,,oasis/bottle,,0,,,,,
,,,,,,,,,,,,,,,14,,,,,,,,,1,,,0,,,,,0,,,,,0,,,,,,,,,,,local.mqtt.telegraf,33,,38.33,,,,,,periodic,,17,,,,,5,5,08a6f76bd428,,,46576,43264,,9,187,,,,,,,,,,,,,188,,,,,08a6f76bd428-188,,,0,,,,,,,272,188,08:A6:F7:6B:D4:28,,,,,,18661,12,39,20,20,19,,,1,20,386,23,3,,,,2684576,1786523460831,2684590,1786523460845,,1786523460814,29,2026-08-12T08:31:01.8749259Z,35,,,oasis/bottle,,0,,,,,
,,,,,,,,,,,,,,,14,,,,,,,,,1,,,0,,,,,0,,,,,0,,,,,,,,,,,local.mqtt.telegraf,33,,38.21,,,,,,periodic,,18,,,,,6,5,08a6f76bd428,,,115392,43264,,6,188,,,,,,,,,,,,,189,,,,,08a6f76bd428-189,,,0,,,,,,,272,189,08:A6:F7:6B:D4:28,,,,,,20191,12,39,20,20,19,,,1,20,386,23,3,,,,2686106,1786523462361,2686120,1786523462375,,1786523462343,29,2026-08-12T08:31:03.4065102Z,35,,,oasis/bottle,,0,,,,,
,,,,,,,,,,,,,,,13,,,,,,,,,1,,,0,,,,,0,,,,,0,,,,,,,,,,,local.mqtt.telegraf,33,,38.37,,,,,,periodic,,17,,,,,5,5,08a6f76bd428,,,95072,43264,,6,189,,,,,,,,,,,,,190,,,,,08a6f76bd428-190,,,0,,,,,,,272,190,08:A6:F7:6B:D4:28,,,,,,1041,13,29,21,21,8,,,0,21,364,23,3,,,,2687366,1786523463621,2687379,1786523463634,,1786523463604,29,2026-08-12T08:31:04.6617949Z,38,,,oasis/bottle,,0,,,,,
,,,,,,,,,,,,,,,13,,,,,,,,,1,,,0,,,,,0,,,,,0,,,,,,,,,,,local.mqtt.telegraf,33,,38.25,,,,,,periodic,,18,,,,,6,5,08a6f76bd428,,,85408,43264,,6,190,,,,,,,,,,,,,191,,,,,08a6f76bd428-191,,,0,,,,,,,272,191,08:A6:F7:6B:D4:28,,,,,,2361,13,29,21,21,8,,,0,21,364,23,3,,,,2688686,1786523464941,2688699,1786523464954,,1786523464923,29,2026-08-12T08:31:05.9768576Z,38,,,oasis/bottle,,0,,,,,
,,,,,,,,,,,,,,,14,,,,,,,,,1,,,0,,,,,0,,,,,0,,,,,,,,,,,local.mqtt.telegraf,33,,38.32,,,,,,periodic,,18,,,,,6,5,08a6f76bd428,,,75088,43264,,6,191,,,,,,,,,,,,,192,,,,,08a6f76bd428-192,,,0,,,,,,,272,192,08:A6:F7:6B:D4:28,,,,,,3791,13,29,21,21,8,,,0,21,364,23,3,,,,2690116,1786523466371,2690130,1786523466385,,1786523466353,29,2026-08-12T08:31:07.4056562Z,38,,,oasis/bottle,,0,,,,,
,,,,,,,,,,,,,,,14,,,,,,,,,1,,,0,,,,,0,,,,,0,,,,,,,,,,,local.mqtt.telegraf,33,,38.21,,,,,,periodic,,17,,,,,6,5,08a6f76bd428,,,67360,43264,,6,192,,,,,,,,,,,,,193,,,,,08a6f76bd428-193,,,0,,,,,,,273,193,08:A6:F7:6B:D4:28,,,,,,4851,13,29,21,21,8,,,0,21,364,23,3,,,,2691176,1786523467431,2691190,1786523467445,,1786523467414,29,2026-08-12T08:31:08.4745435Z,38,,,oasis/bottle,,0,,,,,
,,,,,,,,,,,,,,,13,,,,,,,,,1,,,0,,,,,0,,,,,0,,,,,,,,,,,local.mqtt.telegraf,33,,38.28,,,,,,periodic,,17,,,,,5,5,08a6f76bd428,,,56368,43264,,5,193,,,,,,,,,,,,,194,,,,,08a6f76bd428-194,,,0,,,,,,,273,194,08:A6:F7:6B:D4:28,,,,,,6371,13,29,21,21,8,,,0,21,364,23,3,,,,2692696,1786523468951,2692709,1786523468964,,1786523468934,29,2026-08-12T08:31:09.9912404Z,38,,,oasis/bottle,,0,,,,,
,,,,,,,,,,,,,,,14,,,,,,,,,1,,,0,,,,,0,,,,,0,,,,,,,,,,,local.mqtt.telegraf,33,,38.28,,,,,,periodic,,18,,,,,6,5,08a6f76bd428,,,47360,43264,,6,194,,,,,,,,,,,,,195,,,,,08a6f76bd428-195,,,0,,,,,,,272,195,08:A6:F7:6B:D4:28,,,,,,7611,13,29,21,21,8,,,0,21,364,23,3,,,,2693936,1786523470191,2693950,1786523470205,,1786523470173,29,2026-08-12T08:31:11.2217724Z,38,,,oasis/bottle,,0,,,,,
,,,,,,,,,,,,,,,13,,,,,,,,,1,,,0,,,,,0,,,,,0,,,,,,,,,,,local.mqtt.telegraf,33,,38.37,,,,,,periodic,,17,,,,,5,5,08a6f76bd428,,,118160,43264,,6,195,,,,,,,,,,,,,196,,,,,08a6f76bd428-196,,,0,,,,,,,273,196,08:A6:F7:6B:D4:28,,,,,,8881,13,29,21,21,8,,,0,21,364,23,3,,,,2695206,1786523471461,2695219,1786523471474,,1786523471444,29,2026-08-12T08:31:12.5054751Z,38,,,oasis/bottle,,0,,,,,
,,,,,,,,,,,,,,,14,,,,,,,,,1,,,0,,,,,0,,,,,0,,,,,,,,,,,local.mqtt.telegraf,33,,38.44,,,,,,periodic,,17,,,,,5,5,08a6f76bd428,,,108496,43264,,6,196,,,,,,,,,,,,,197,,,,,08a6f76bd428-197,,,0,,,,,,,272,197,08:A6:F7:6B:D4:28,,,,,,10221,13,29,21,21,8,,,0,21,364,23,3,,,,2696546,1786523472801,2696560,1786523472815,,1786523472784,29,2026-08-12T08:31:13.8388496Z,38,,,oasis/bottle,,0,,,,,
,,,,,,,,,,,,,,,23,,,,,,,,,1,,,0,,,,,0,,,,,0,,,,,,,,,,,local.mqtt.telegraf,33,,38.21,,,,,,periodic,,17,,,,,5,5,08a6f76bd428,,,98176,43264,,6,197,,,,,,,,,,,,,198,,,,,08a6f76bd428-198,,,0,,,,,,,272,198,08:A6:F7:6B:D4:28,,,,,,11701,13,29,21,21,8,,,0,21,364,23,3,,,,2698026,1786523474281,2698049,1786523474304,,1786523474264,29,2026-08-12T08:31:15.350084Z,38,,,oasis/bottle,,0,,,,,
,,,,,,,,,,,,,,,14,,,,,,,,,1,,,0,,,,,0,,,,,0,,,,,,,,,,,local.mqtt.telegraf,33,,38.18,,,,,,periodic,,18,,,,,6,5,08a6f76bd428,,,89824,43264,,6,198,,,,,,,,,,,,,199,,,,,08a6f76bd428-199,,,0,,,,,,,272,199,08:A6:F7:6B:D4:28,,,,,,12861,13,29,21,21,8,,,0,21,364,23,3,,,,2699186,1786523475441,2699200,1786523475455,,1786523475423,29,2026-08-12T08:31:16.4986337Z,38,,,oasis/bottle,,0,,,,,
,,,,,,,,,,,,,,,18,,,,,,,,,1,,,0,,,,,0,,,,,0,,,,,,,,,,,local.mqtt.telegraf,33,,38.1,,,,,,periodic,,18,,,,,6,5,08a6f76bd428,,,81472,43264,,6,199,,,,,,,,,,,,,200,,,,,08a6f76bd428-200,,,0,,,,,,,272,200,08:A6:F7:6B:D4:28,,,,,,13981,13,29,21,21,8,,,0,21,364,23,3,,,,2700306,1786523476561,2700324,1786523476579,,1786523476543,29,2026-08-12T08:31:17.6084396Z,38,,,oasis/bottle,,0,,,,,
,,,,,,,,,,,,,,,14,,,,,,,,,1,,,0,,,,,0,,,,,0,,,,,,,,,,,local.mqtt.telegraf,33,,38.05,,,,,,periodic,,18,,,,,6,5,08a6f76bd428,,,73776,43264,,6,200,,,,,,,,,,,,,201,,,,,08a6f76bd428-201,,,0,,,,,,,272,201,08:A6:F7:6B:D4:28,,,,,,15011,13,29,21,21,8,,,0,21,364,23,3,,,,2701336,1786523477591,2701350,1786523477605,,1786523477573,29,2026-08-12T08:31:18.6428278Z,38,,,oasis/bottle,,0,,,,,
,,,,,,,,,,,,,,,13,,,,,,,,,1,,,0,,,,,0,,,,,0,,,,,,,,,,,local.mqtt.telegraf,33,,38.2,,,,,,periodic,,28,,,,,6,5,08a6f76bd428,,,63456,43264,,6,201,,,,,,,,,,,,,202,,,,,08a6f76bd428-202,,,0,,,,,,,272,202,08:A6:F7:6B:D4:28,,,,,,16471,13,29,21,21,8,,,0,21,364,23,3,,,,2702806,1786523479061,2702819,1786523479074,,1786523479033,29,2026-08-12T08:31:20.107513Z,38,,,oasis/bottle,,0,,,,,
,,,,,,,,,,,,,,,13,,,,,,,,,1,,,0,,,,,0,,,,,0,,,,,,,,,,,local.mqtt.telegraf,33,,38.2,,,,,,periodic,,28,,,,,6,5,08a6f76bd428,,,55104,43264,,8,202,,,,,,,,,,,,,203,,,,,08a6f76bd428-203,,,0,,,,,,,272,203,08:A6:F7:6B:D4:28,,,,,,17591,13,29,21,21,8,,,0,21,364,23,3,,,,2703926,1786523480181,2703939,1786523480194,,1786523480153,29,2026-08-12T08:31:21.2238343Z,38,,,oasis/bottle,,0,,,,,
,,,,,,,,,,,,,,,14,,,,,,,,,1,,,0,,,,,0,,,,,0,,,,,,,,,,,local.mqtt.telegraf,33,,38.35,,,,,,periodic,,18,,,,,6,5,08a6f76bd428,,,47408,43264,,8,203,,,,,,,,,,,,,204,,,,,08a6f76bd428-204,,,0,,,,,,,272,204,08:A6:F7:6B:D4:28,,,,,,18631,13,29,21,21,8,,,0,21,364,23,3,,,,2704956,1786523481211,2704970,1786523481225,,1786523481193,29,2026-08-12T08:31:22.2585221Z,38,,,oasis/bottle,,0,,,,,
,,,,,,,,,,,,,,,13,,,,,,,,,1,,,0,,,,,0,,,,,0,,,,,,,,,,,local.mqtt.telegraf,33,,38.32,,,,,,periodic,,28,,,,,6,5,08a6f76bd428,,,116912,43264,,6,204,,,,,,,,,,,,,205,,,,,08a6f76bd428-205,,,0,,,,,,,272,205,08:A6:F7:6B:D4:28,,,,,,20111,13,29,21,21,8,,,0,21,364,23,3,,,,2706446,1786523482701,2706459,1786523482714,,1786523482673,29,2026-08-12T08:31:23.7408892Z,38,,,oasis/bottle,,0,,,,,
,,,,,,,,,,,,,,,13,,,,,,,,,1,,,0,,,,,0,,,,,0,,,,,,,,,,,local.mqtt.telegraf,33,,38.27,,,,,,periodic,,26,,,,,5,5,08a6f76bd428,,,97248,43264,,7,205,,,,,,,,,,,,,206,,,,,08a6f76bd428-206,,,0,,,,,,,273,206,08:A6:F7:6B:D4:28,,,,,,861,14,31,20,20,11,,,1,20,374,23,3,,,,2707605,1786523483860,2707618,1786523483873,,1786523483834,29,2026-08-12T08:31:24.9097031Z,41,,,oasis/bottle,,0,,,,,
,,,,,,,,,,,,,,,13,,,,,,,,,1,,,0,,,,,0,,,,,0,,,,,,,,,,,local.mqtt.telegraf,33,,38.41,,,,,,periodic,,28,,,,,6,5,08a6f76bd428,,,88896,43264,,5,206,,,,,,,,,,,,,207,,,,,08a6f76bd428-207,,,0,,,,,,,272,207,08:A6:F7:6B:D4:28,,,,,,1971,14,31,20,20,11,,,1,20,374,23,3,,,,2708716,1786523484971,2708729,1786523484984,,1786523484943,29,2026-08-12T08:31:26.0056848Z,41,,,oasis/bottle,,0,,,,,
,,,,,,,,,,,,,,,13,,,,,,,,,1,,,0,,,,,0,,,,,0,,,,,,,,,,,local.mqtt.telegraf,33,,38.21,,,,,,periodic,,28,,,,,6,5,08a6f76bd428,,,81200,43264,,9,207,,,,,,,,,,,,,208,,,,,08a6f76bd428-208,,,0,,,,,,,272,208,08:A6:F7:6B:D4:28,,,,,,3001,14,31,20,20,11,,,1,20,374,23,3,,,,2709746,1786523486001,2709759,1786523486014,,1786523485973,29,2026-08-12T08:31:27.0418412Z,41,,,oasis/bottle,,0,,,,,
,,,,,,,,,,,,,,,13,,,,,,,,,1,,,0,,,,,0,,,,,0,,,,,,,,,,,local.mqtt.telegraf,33,,38.48,,,,,,periodic,,28,,,,,6,5,08a6f76bd428,,,70880,43264,,7,208,,,,,,,,,,,,,209,,,,,08a6f76bd428-209,,,0,,,,,,,272,209,08:A6:F7:6B:D4:28,,,,,,4451,14,31,20,20,11,,,1,20,374,23,3,,,,2711196,1786523487451,2711209,1786523487464,,1786523487423,29,2026-08-12T08:31:28.4928336Z,41,,,oasis/bottle,,0,,,,,
,,,,,,,,,,,,,,,13,,,,,,,,,1,,,0,,,,,0,,,,,0,,,,,,,,,,,local.mqtt.telegraf,33,,38.18,,,,,,periodic,,18,,,,,6,5,08a6f76bd428,,,62528,43264,,8,209,,,,,,,,,,,,,210,,,,,08a6f76bd428-210,,,0,,,,,,,272,210,08:A6:F7:6B:D4:28,,,,,,5551,14,31,20,20,11,,,1,20,374,23,3,,,,2712286,1786523488541,2712299,1786523488554,,1786523488523,29,2026-08-12T08:31:29.5728596Z,41,,,oasis/bottle,,0,,,,,
,,,,,,,,,,,,,,,13,,,,,,,,,1,,,0,,,,,0,,,,,0,,,,,,,,,,,local.mqtt.telegraf,33,,38.18,,,,,,periodic,,18,,,,,6,5,08a6f76bd428,,,54000,43264,,6,210,,,,,,,,,,,,,211,,,,,08a6f76bd428-211,,,0,,,,,,,272,211,08:A6:F7:6B:D4:28,,,,,,6591,14,31,20,20,11,,,1,20,374,23,3,,,,2713326,1786523489581,2713339,1786523489594,,1786523489563,29,2026-08-12T08:31:30.626428Z,41,,,oasis/bottle,,0,,,,,
,,,,,,,,,,,,,,,13,,,,,,,,,1,,,0,,,,,0,,,,,0,,,,,,,,,,,local.mqtt.telegraf,33,,38.29,,,,,,periodic,,28,,,,,12,5,08a6f76bd428,,,43680,43264,,6,211,,,,,,,,,,,,,212,,,,,08a6f76bd428-212,,,0,,,,,,,272,212,08:A6:F7:6B:D4:28,,,,,,8021,14,31,20,20,11,,,1,20,374,23,3,,,,2714766,1786523491021,2714779,1786523491034,,1786523490993,29,2026-08-12T08:31:32.0627621Z,41,,,oasis/bottle,,0,,,,,
,,,,,,,,,,,,,,,13,,,,,,,,,1,,,0,,,,,0,,,,,0,,,,,,,,,,,local.mqtt.telegraf,33,,38.39,,,,,,periodic,,19,,,,,6,5,08a6f76bd428,,,114640,43264,,6,212,,,,,,,,,,,,,213,,,,,08a6f76bd428-213,,,0,,,,,,,272,213,08:A6:F7:6B:D4:28,,,,,,9091,14,31,20,20,11,,,1,20,374,23,3,,,,2715827,1786523492082,2715840,1786523492095,,1786523492063,29,2026-08-12T08:31:33.1257567Z,41,,,oasis/bottle,,0,,,,,
,,,,,,,,,,,,,,,13,,,,,,,,,1,,,0,,,,,0,,,,,0,,,,,,,,,,,local.mqtt.telegraf,33,,38.47,,,,,,periodic,,18,,,,,6,5,08a6f76bd428,,,103664,43264,,6,213,,,,,,,,,,,,,214,,,,,08a6f76bd428-214,,,0,,,,,,,272,214,08:A6:F7:6B:D4:28,,,,,,10621,14,31,20,20,11,,,1,20,374,23,3,,,,2717356,1786523493611,2717369,1786523493624,,1786523493593,29,2026-08-12T08:31:34.6544307Z,41,,,oasis/bottle,,0,,,,,
,,,,,,,,,,,,,,,14,,,,,,,,,1,,,0,,,,,0,,,,,0,,,,,,,,,,,local.mqtt.telegraf,33,,38.39,,,,,,periodic,,18,,,,,6,5,08a6f76bd428,,,94656,43264,,6,214,,,,,,,,,,,,,215,,,,,08a6f76bd428-215,,,0,,,,,,,272,215,08:A6:F7:6B:D4:28,,,,,,11881,14,31,20,20,11,,,1,20,374,23,3,,,,2718616,1786523494871,2718630,1786523494885,,1786523494853,29,2026-08-12T08:31:35.9038864Z,41,,,oasis/bottle,,0,,,,,
,,,,,,,,,,,,,,,13,,,,,,,,,1,,,0,,,,,0,,,,,0,,,,,,,,,,,local.mqtt.telegraf,33,,38.31,,,,,,periodic,,18,,,,,6,5,08a6f76bd428,,,84992,43264,,6,215,,,,,,,,,,,,,216,,,,,08a6f76bd428-216,,,0,,,,,,,272,216,08:A6:F7:6B:D4:28,,,,,,13191,14,31,20,20,11,,,1,20,374,23,3,,,,2719926,1786523496181,2719939,1786523496194,,1786523496163,29,2026-08-12T08:31:37.2230349Z,41,,,oasis/bottle,,0,,,,,
,,,,,,,,,,,,,,,13,,,,,,,,,1,,,0,,,,,0,,,,,0,,,,,,,,,,,local.mqtt.telegraf,33,,38.37,,,,,,periodic,,18,,,,,6,5,08a6f76bd428,,,74672,43264,,6,216,,,,,,,,,,,,,217,,,,,08a6f76bd428-217,,,0,,,,,,,272,217,08:A6:F7:6B:D4:28,,,,,,14611,14,31,20,20,11,,,1,20,374,23,3,,,,2721346,1786523497601,2721359,1786523497614,,1786523497583,29,2026-08-12T08:31:38.6402071Z,41,,,oasis/bottle,,0,,,,,
,,,,,,,,,,,,,,,13,,,,,,,,,1,,,0,,,,,0,,,,,0,,,,,,,,,,,local.mqtt.telegraf,33,,38.32,,,,,,periodic,,18,,,,,6,5,08a6f76bd428,,,66976,43264,,6,217,,,,,,,,,,,,,218,,,,,08a6f76bd428-218,,,0,,,,,,,272,218,08:A6:F7:6B:D4:28,,,,,,15651,14,31,20,20,11,,,1,20,374,23,3,,,,2722386,1786523498641,2722399,1786523498654,,1786523498623,29,2026-08-12T08:31:39.6744092Z,41,,,oasis/bottle,,0,,,,,
,,,,,,,,,,,,,,,13,,,,,,,,,1,,,0,,,,,0,,,,,0,,,,,,,,,,,local.mqtt.telegraf,33,,38.35,,,,,,periodic,,18,,,,,6,5,08a6f76bd428,,,56656,43264,,6,218,,,,,,,,,,,,,219,,,,,08a6f76bd428-219,,,0,,,,,,,272,219,08:A6:F7:6B:D4:28,,,,,,17131,14,31,20,20,11,,,1,20,374,23,3,,,,2723866,1786523500121,2723879,1786523500134,,1786523500103,29,2026-08-12T08:31:41.1567777Z,41,,,oasis/bottle,,0,,,,,
,,,,,,,,,,,,,,,14,,,,,,,,,1,,,0,,,,,0,,,,,0,,,,,,,,,,,local.mqtt.telegraf,33,,38.39,,,,,,periodic,,18,,,,,6,5,08a6f76bd428,,,48304,43264,,6,219,,,,,,,,,,,,,220,,,,,08a6f76bd428-220,,,0,,,,,,,272,220,08:A6:F7:6B:D4:28,,,,,,18281,14,31,20,20,11,,,1,20,374,23,3,,,,2725016,1786523501271,2725030,1786523501285,,1786523501253,29,2026-08-12T08:31:42.3075627Z,41,,,oasis/bottle,,0,,,,,
,,,,,,,,,,,,,,,14,,,,,,,,,1,,,0,,,,,0,,,,,0,,,,,,,,,,,local.mqtt.telegraf,33,,38.28,,,,,,periodic,,17,,,,,5,5,08a6f76bd428,,,119968,43264,,6,220,,,,,,,,,,,,,221,,,,,08a6f76bd428-221,,,0,,,,,,,272,221,08:A6:F7:6B:D4:28,,,,,,19381,14,31,20,20,11,,,1,20,374,23,3,,,,2726116,1786523502371,2726130,1786523502385,,1786523502354,29,2026-08-12T08:31:43.40278Z,41,,,oasis/bottle,,0,,,,,
,,,,,,,,,,,,,,,14,,,,,,,,,1,,,0,,,,,0,,,,,0,,,,,,,,,,,local.mqtt.telegraf,33,,38.25,,,,,,periodic,,18,,,,,6,5,08a6f76bd428,,,112272,43264,,5,221,,,,,,,,,,,,,222,,,,,08a6f76bd428-222,,,0,,,,,,,272,222,08:A6:F7:6B:D4:28,,,,,,20381,14,31,20,20,11,,,1,20,374,23,3,,,,2727116,1786523503371,2727130,1786523503385,,1786523503353,29,2026-08-12T08:31:44.4198335Z,41,,,oasis/bottle,,0,,,,,
,,,,,,,,,,,,,,,13,,,,,,,,,1,,,0,,,,,0,,,,,0,,,,,,,,,,,local.mqtt.telegraf,33,,38.32,,,,,,periodic,,27,,,,,6,5,08a6f76bd428,,,91248,43264,,6,222,,,,,,,,,,,,,223,,,,,08a6f76bd428-223,,,0,,,,,,,272,223,08:A6:F7:6B:D4:28,,,,,,1011,15,49,20,20,29,,,0,20,384,23,3,,,,2728525,1786523504780,2728538,1786523504793,,1786523504753,29,2026-08-12T08:31:45.8299642Z,45,,,oasis/bottle,,0,,,,,
,,,,,,,,,,,,,,,13,,,,,,,,,1,,,0,,,,,0,,,,,0,,,,,,,,,,,local.mqtt.telegraf,33,,38.35,,,,,,periodic,,28,,,,,6,5,08a6f76bd428,,,83552,43264,,6,223,,,,,,,,,,,,,224,,,,,08a6f76bd428-224,,,0,,,,,,,272,224,08:A6:F7:6B:D4:28,,,,,,2011,15,49,20,20,29,,,0,20,384,23,3,,,,2729526,1786523505781,2729539,1786523505794,,1786523505753,29,2026-08-12T08:31:46.8387381Z,45,,,oasis/bottle,,0,,,,,
,,,,,,,,,,,,,,,13,,,,,,,,,1,,,0,,,,,0,,,,,0,,,,,,,,,,,local.mqtt.telegraf,33,,38.32,,,,,,periodic,,28,,,,,6,5,08a6f76bd428,,,73232,43264,,7,224,,,,,,,,,,,,,225,,,,,08a6f76bd428-225,,,0,,,,,,,272,225,08:A6:F7:6B:D4:28,,,,,,3411,15,49,20,20,29,,,0,20,384,23,3,,,,2730926,1786523507181,2730939,1786523507194,,1786523507153,29,2026-08-12T08:31:48.2221776Z,45,,,oasis/bottle,,0,,,,,
,,,,,,,,,,,,,,,13,,,,,,,,,1,,,0,,,,,0,,,,,0,,,,,,,,,,,local.mqtt.telegraf,33,,38.35,,,,,,periodic,,19,,,,,6,5,08a6f76bd428,,,65536,43264,,11,225,,,,,,,,,,,,,226,,,,,08a6f76bd428-226,,,0,,,,,,,272,226,08:A6:F7:6B:D4:28,,,,,,4411,15,49,20,20,29,,,0,20,384,23,3,,,,2731917,1786523508172,2731930,1786523508185,,1786523508153,29,2026-08-12T08:31:49.2095736Z,45,,,oasis/bottle,,0,,,,,
,,,,,,,,,,,,,,,14,,,,,,,,,1,,,0,,,,,0,,,,,0,,,,,,,,,,,local.mqtt.telegraf,33,,38.32,,,,,,periodic,,17,,,,,5,5,08a6f76bd428,,,55840,43264,,6,226,,,,,,,,,,,,,227,,,,,08a6f76bd428-227,,,0,,,,,,,273,227,08:A6:F7:6B:D4:28,,,,,,5801,15,49,20,20,29,,,0,20,384,23,3,,,,2733306,1786523509561,2733320,1786523509575,,1786523509544,29,2026-08-12T08:31:50.6033808Z,45,,,oasis/bottle,,0,,,,,
,,,,,,,,,,,,,,,13,,,,,,,,,1,,,0,,,,,0,,,,,0,,,,,,,,,,,local.mqtt.telegraf,33,,38.43,,,,,,periodic,,28,,,,,6,5,08a6f76bd428,,,44848,43264,,5,227,,,,,,,,,,,,,228,,,,,08a6f76bd428-228,,,0,,,,,,,272,228,08:A6:F7:6B:D4:28,,,,,,7381,15,49,20,20,29,,,0,20,384,23,3,,,,2734896,1786523511151,2734909,1786523511164,,1786523511123,29,2026-08-12T08:31:52.1911904Z,45,,,oasis/bottle,,0,,,,,
,,,,,,,,,,,,,,,13,,,,,,,,,1,,,0,,,,,0,,,,,0,,,,,,,,,,,local.mqtt.telegraf,33,,38.27,,,,,,periodic,,18,,,,,6,5,08a6f76bd428,,,114160,43264,,5,228,,,,,,,,,,,,,229,,,,,08a6f76bd428-229,,,0,,,,,,,272,229,08:A6:F7:6B:D4:28,,,,,,8751,15,49,20,20,29,,,0,20,384,23,3,,,,2736256,1786523512511,2736269,1786523512524,,1786523512493,29,2026-08-12T08:31:53.5619902Z,45,,,oasis/bottle,,0,,,,,
,,,,,,,,,,,,,,,14,,,,,,,,,1,,,0,,,,,0,,,,,0,,,,,,,,,,,local.mqtt.telegraf,33,,38.29,,,,,,periodic,,18,,,,,6,5,08a6f76bd428,,,103184,43264,,6,229,,,,,,,,,,,,,230,,,,,08a6f76bd428-230,,,0,,,,,,,272,230,08:A6:F7:6B:D4:28,,,,,,10271,15,49,20,20,29,,,0,20,384,23,3,,,,2737776,1786523514031,2737790,1786523514045,,1786523514013,29,2026-08-12T08:31:55.0703122Z,45,,,oasis/bottle,,0,,,,,
,,,,,,,,,,,,,,,14,,,,,,,,,1,,,0,,,,,0,,,,,0,,,,,,,,,,,local.mqtt.telegraf,33,,38.28,,,,,,periodic,,17,,,,,5,5,08a6f76bd428,,,94176,43264,,6,230,,,,,,,,,,,,,231,,,,,08a6f76bd428-231,,,0,,,,,,,272,231,08:A6:F7:6B:D4:28,,,,,,11511,15,49,20,20,29,,,0,20,384,23,3,,,,2739016,1786523515271,2739030,1786523515285,,1786523515254,29,2026-08-12T08:31:56.3051455Z,45,,,oasis/bottle,,0,,,,,
,,,,,,,,,,,,,,,14,,,,,,,,,1,,,0,,,,,0,,,,,0,,,,,,,,,,,local.mqtt.telegraf,33,,38.32,,,,,,periodic,,17,,,,,6,5,08a6f76bd428,,,85136,43264,,6,231,,,,,,,,,,,,,232,,,,,08a6f76bd428-232,,,0,,,,,,,273,232,08:A6:F7:6B:D4:28,,,,,,12791,15,49,20,20,29,,,0,20,384,23,3,,,,2740296,1786523516551,2740310,1786523516565,,1786523516534,29,2026-08-12T08:31:57.5911488Z,45,,,oasis/bottle,,0,,,,,
,,,,,,,,,,,,,,,14,,,,,,,,,1,,,0,,,,,0,,,,,0,,,,,,,,,,,local.mqtt.telegraf,33,,38.32,,,,,,periodic,,17,,,,,5,5,08a6f76bd428,,,75456,43264,,5,232,,,,,,,,,,,,,233,,,,,08a6f76bd428-233,,,0,,,,,,,272,233,08:A6:F7:6B:D4:28,,,,,,14151,15,49,20,20,29,,,0,20,384,23,3,,,,2741656,1786523517911,2741670,1786523517925,,1786523517894,29,2026-08-12T08:31:58.9697008Z,45,,,oasis/bottle,,0,,,,,
,,,,,,,,,,,,,,,14,,,,,,,,,1,,,0,,,,,0,,,,,0,,,,,,,,,,,local.mqtt.telegraf,33,,38.37,,,,,,periodic,,17,,,,,5,5,08a6f76bd428,,,64480,43264,,6,233,,,,,,,,,,,,,234,,,,,08a6f76bd428-234,,,0,,,,,,,272,234,08:A6:F7:6B:D4:28,,,,,,15671,15,49,20,20,29,,,0,20,384,23,3,,,,2743176,1786523519431,2743190,1786523519445,,1786523519414,29,2026-08-12T08:32:00.4743448Z,45,,,oasis/bottle,,0,,,,,
,,,,,,,,,,,,,,,13,,,,,,,,,1,,,0,,,,,0,,,,,0,,,,,,,,,,,local.mqtt.telegraf,33,,38.24,,,,,,periodic,,18,,,,,6,5,08a6f76bd428,,,55472,43264,,6,234,,,,,,,,,,,,,235,,,,,08a6f76bd428-235,,,0,,,,,,,272,235,08:A6:F7:6B:D4:28,,,,,,16901,15,49,20,20,29,,,0,20,384,23,3,,,,2744406,1786523520661,2744419,1786523520674,,1786523520643,29,2026-08-12T08:32:01.7069593Z,45,,,oasis/bottle,,0,,,,,
,,,,,,,,,,,,,,,13,,,,,,,,,1,,,0,,,,,0,,,,,0,,,,,,,,,,,local.mqtt.telegraf,33,,38.35,,,,,,periodic,,27,,,,,5,5,08a6f76bd428,,,46464,43264,,6,235,,,,,,,,,,,,,236,,,,,08a6f76bd428-236,,,0,,,,,,,272,236,08:A6:F7:6B:D4:28,,,,,,18161,15,49,20,20,29,,,0,20,384,23,3,,,,2745676,1786523521931,2745689,1786523521944,,1786523521904,29,2026-08-12T08:32:02.9716873Z,45,,,oasis/bottle,,0,,,,,
,,,,,,,,,,,,,,,13,,,,,,,,,1,,,0,,,,,0,,,,,0,,,,,,,,,,,local.mqtt.telegraf,33,,38.28,,,,,,periodic,,28,,,,,6,5,08a6f76bd428,,,116704,43264,,6,236,,,,,,,,,,,,,237,,,,,08a6f76bd428-237,,,0,,,,,,,272,237,08:A6:F7:6B:D4:28,,,,,,19481,15,49,20,20,29,,,0,20,384,23,3,,,,2746996,1786523523251,2747009,1786523523264,,1786523523223,29,2026-08-12T08:32:04.2928086Z,45,,,oasis/bottle,,0,,,,,
,,,,,,,,,,,,,,,13,,,,,,,,,1,,,0,,,,,0,,,,,0,,,,,,,,,,,local.mqtt.telegraf,33,,38.25,,,,,,periodic,,26,,,,,5,5,08a6f76bd428,,,95024,43264,,7,237,,,,,,,,,,,,,238,,,,,08a6f76bd428-238,,,0,,,,,,,273,238,08:A6:F7:6B:D4:28,,,,,,681,16,29,20,20,9,,,0,20,363,23,3,,,,2748435,1786523524690,2748448,1786523524703,,1786523524664,29,2026-08-12T08:32:05.726135Z,47,,,oasis/bottle,,0,,,,,
,,,,,,,,,,,,,,,13,,,,,,,,,1,,,0,,,,,0,,,,,0,,,,,,,,,,,local.mqtt.telegraf,33,,38.17,,,,,,periodic,,28,,,,,6,5,08a6f76bd428,,,86672,43264,,10,238,,,,,,,,,,,,,239,,,,,08a6f76bd428-239,,,0,,,,,,,272,239,08:A6:F7:6B:D4:28,,,,,,1761,16,29,20,20,9,,,0,20,363,23,3,,,,2749516,1786523525771,2749529,1786523525784,,1786523525743,29,2026-08-12T08:32:06.8094068Z,47,,,oasis/bottle,,0,,,,,
,,,,,,,,,,,,,,,13,,,,,,,,,1,,,0,,,,,0,,,,,0,,,,,,,,,,,local.mqtt.telegraf,33,,38.17,,,,,,periodic,,28,,,,,6,5,08a6f76bd428,,,75696,43264,,7,239,,,,,,,,,,,,,240,,,,,08a6f76bd428-240,,,0,,,,,,,272,240,08:A6:F7:6B:D4:28,,,,,,3311,16,29,20,20,9,,,0,20,363,23,3,,,,2751066,1786523527321,2751079,1786523527334,,1786523527293,29,2026-08-12T08:32:08.3746888Z,47,,,oasis/bottle,,0,,,,,
,,,,,,,,,,,,,,,13,,,,,,,,,1,,,0,,,,,0,,,,,0,,,,,,,,,,,local.mqtt.telegraf,33,,38.04,,,,,,periodic,,28,,,,,6,5,08a6f76bd428,,,65200,43264,,8,240,,,,,,,,,,,,,241,,,,,08a6f76bd428-241,,,0,,,,,,,272,241,08:A6:F7:6B:D4:28,,,,,,4651,16,29,20,20,9,,,0,20,363,23,3,,,,2752406,1786523528661,2752419,1786523528674,,1786523528633,29,2026-08-12T08:32:09.7030627Z,47,,,oasis/bottle,,0,,,,,
,,,,,,,,,,,,,,,13,,,,,,,,,1,,,0,,,,,0,,,,,0,,,,,,,,,,,local.mqtt.telegraf,33,,37.86,,,,,,periodic,,18,,,,,5,5,08a6f76bd428,,,54880,43264,,6,241,,,,,,,,,,,,,242,,,,,08a6f76bd428-242,,,0,,,,,,,272,242,08:A6:F7:6B:D4:28,,,,,,6091,16,29,20,20,9,,,0,20,363,23,3,,,,2753837,1786523530092,2753850,1786523530105,,1786523530074,29,2026-08-12T08:32:11.1437291Z,47,,,oasis/bottle,,0,,,,,
,,,,,,,,,,,,,,,13,,,,,,,,,1,,,0,,,,,0,,,,,0,,,,,,,,,,,local.mqtt.telegraf,33,,37.86,,,,,,periodic,,18,,,,,5,5,08a6f76bd428,,,46528,43264,,6,242,,,,,,,,,,,,,243,,,,,08a6f76bd428-243,,,0,,,,,,,272,243,08:A6:F7:6B:D4:28,,,,,,7161,16,29,20,20,9,,,0,20,363,23,3,,,,2754907,1786523531162,2754920,1786523531175,,1786523531144,29,2026-08-12T08:32:12.2039637Z,47,,,oasis/bottle,,0,,,,,
,,,,,,,,,,,,,,,13,,,,,,,,,1,,,0,,,,,0,,,,,0,,,,,,,,,,,local.mqtt.telegraf,33,,37.81,,,,,,periodic,,28,,,,,6,5,08a6f76bd428,,,115392,43264,,6,243,,,,,,,,,,,,,244,,,,,08a6f76bd428-244,,,0,,,,,,,272,244,08:A6:F7:6B:D4:28,,,,,,8701,16,29,20,20,9,,,0,20,363,23,3,,,,2756456,1786523532711,2756469,1786523532724,,1786523532683,29,2026-08-12T08:32:13.7669497Z,47,,,oasis/bottle,,0,,,,,
,,,,,,,,,,,,,,,13,,,,,,,,,1,,,0,,,,,0,,,,,0,,,,,,,,,,,local.mqtt.telegraf,33,,37.7,,,,,,periodic,,27,,,,,6,5,08a6f76bd428,,,106352,43264,,7,244,,,,,,,,,,,,,245,,,,,08a6f76bd428-245,,,0,,,,,,,273,245,08:A6:F7:6B:D4:28,,,,,,9981,16,29,20,20,9,,,0,20,363,23,3,,,,2757736,1786523533991,2757749,1786523534004,,1786523533964,29,2026-08-12T08:32:15.0424547Z,47,,,oasis/bottle,,0,,,,,
,,,,,,,,,,,,,,,14,,,,,,,,,1,,,0,,,,,0,,,,,0,,,,,,,,,,,local.mqtt.telegraf,33,,37.26,,,,,,periodic,,18,,,,,6,5,08a6f76bd428,,,96672,43264,,5,245,,,,,,,,,,,,,246,,,,,08a6f76bd428-246,,,0,,,,,,,272,246,08:A6:F7:6B:D4:28,,,,,,11341,16,29,20,20,9,,,0,20,363,23,3,,,,2759086,1786523535341,2759100,1786523535355,,1786523535323,29,2026-08-12T08:32:16.3703182Z,47,,,oasis/bottle,,0,,,,,
,,,,,,,,,,,,,,,14,,,,,,,,,1,,,0,,,,,0,,,,,0,,,,,,,,,,,local.mqtt.telegraf,33,,36.94,,,,,,periodic,,18,,,,,6,5,08a6f76bd428,,,85696,43264,,6,246,,,,,,,,,,,,,247,,,,,08a6f76bd428-247,,,0,,,,,,,272,247,08:A6:F7:6B:D4:28,,,,,,12861,16,29,20,20,9,,,0,20,363,23,3,,,,2760606,1786523536861,2760620,1786523536875,,1786523536843,29,2026-08-12T08:32:17.9168858Z,47,,,oasis/bottle,,0,,,,,
,,,,,,,,,,,,,,,13,,,,,,,,,1,,,0,,,,,0,,,,,0,,,,,,,,,,,local.mqtt.telegraf,33,,36.75,,,,,,periodic,,18,,,,,5,5,08a6f76bd428,,,76688,43264,,6,247,,,,,,,,,,,,,248,,,,,08a6f76bd428-248,,,0,,,,,,,272,248,08:A6:F7:6B:D4:28,,,,,,14091,16,29,20,20,9,,,0,20,363,23,3,,,,2761837,1786523538092,2761850,1786523538105,,1786523538074,29,2026-08-12T08:32:19.1417506Z,47,,,oasis/bottle,,0,,,,,
,,,,,,,,,,,,,,,14,,,,,,,,,1,,,0,,,,,0,,,,,0,,,,,,,,,,,local.mqtt.telegraf,33,,35.89,,,,,,periodic,,17,,,,,5,5,08a6f76bd428,,,67680,43264,,6,248,,,,,,,,,,,,,249,,,,,08a6f76bd428-249,,,0,,,,,,,272,249,08:A6:F7:6B:D4:28,,,,,,15351,16,29,20,20,9,,,0,20,363,23,3,,,,2763096,1786523539351,2763110,1786523539365,,1786523539334,29,2026-08-12T08:32:20.4055207Z,47,,,oasis/bottle,,0,,,,,
,,,,,,,,,,,,,,,13,,,,,,,,,1,,,0,,,,,0,,,,,0,,,,,,,,,,,local.mqtt.telegraf,33,,34.17,,,,,,periodic,,19,,,,,6,5,08a6f76bd428,,,58016,43264,,6,249,,,,,,,,,,,,,250,,,,,08a6f76bd428-250,,,0,,,,,,,272,250,08:A6:F7:6B:D4:28,,,,,,16671,16,29,20,20,9,,,0,20,363,23,3,,,,2764417,1786523540672,2764430,1786523540685,,1786523540653,29,2026-08-12T08:32:21.705927Z,47,,,oasis/bottle,,0,,,,,
,,,,,,,,,,,,,,,13,,,,,,,,,1,,,0,,,,,0,,,,,0,,,,,,,,,,,local.mqtt.telegraf,33,,32.45,,,,,,periodic,,19,,,,,6,5,08a6f76bd428,,,47696,43264,,6,250,,,,,,,,,,,,,251,,,,,08a6f76bd428-251,,,0,,,,,,,272,251,08:A6:F7:6B:D4:28,,,,,,18111,16,29,20,20,9,,,0,20,363,23,3,,,,2765857,1786523542112,2765870,1786523542125,,1786523542093,29,2026-08-12T08:32:23.1566915Z,47,,,oasis/bottle,,0,,,,,
,,,,,,,,,,,,,,,13,,,,,,,,,1,,,0,,,,,0,,,,,0,,,,,,,,,,,local.mqtt.telegraf,33,,31.99,,,,,,periodic,,28,,,,,6,5,08a6f76bd428,,,119312,43264,,6,251,,,,,,,,,,,,,252,,,,,08a6f76bd428-252,,,0,,,,,,,272,252,08:A6:F7:6B:D4:28,,,,,,19181,16,29,20,20,9,,,0,20,363,23,3,,,,2766936,1786523543191,2766949,1786523543204,,1786523543163,29,2026-08-12T08:32:24.2343921Z,47,,,oasis/bottle,,0,,,,,
,,,,,,,,,,,,,,,13,,,,,,,,,1,,,0,,,,,0,,,,,0,,,,,,,,,,,local.mqtt.telegraf,33,,31.76,,,,,,periodic,,25,,,,,6,5,08a6f76bd428,,,96368,43264,,12,252,,,,,,,,,,,,,253,,,,,08a6f76bd428-253,,,0,,,,,,,273,253,08:A6:F7:6B:D4:28,,,,,,482,17,28,21,21,7,,,0,20,365,23,3,,,,2768635,1786523544890,2768648,1786523544903,,1786523544865,29,2026-08-12T08:32:25.9268149Z,50,,,oasis/bottle,,0,,,,,
,,,,,,,,,,,,,,,13,,,,,,,,,1,,,0,,,,,0,,,,,0,,,,,,,,,,,local.mqtt.telegraf,33,,31.79,,,,,,periodic,,28,,,,,6,5,08a6f76bd428,,,86048,43264,,6,253,,,,,,,,,,,,,254,,,,,08a6f76bd428-254,,,0,,,,,,,272,254,08:A6:F7:6B:D4:28,,,,,,1921,17,28,21,21,7,,,0,20,365,23,3,,,,2770076,1786523546331,2770089,1786523546344,,1786523546303,29,2026-08-12T08:32:27.3700653Z,50,,,oasis/bottle,,0,,,,,
,,,,,,,,,,,,,,,14,,,,,,,,,1,,,0,,,,,0,,,,,0,,,,,,,,,,,local.mqtt.telegraf,33,,31.72,,,,,,periodic,,17,,,,,5,5,08a6f76bd428,,,77696,43264,,9,254,,,,,,,,,,,,,255,,,,,08a6f76bd428-255,,,0,,,,,,,272,255,08:A6:F7:6B:D4:28,,,,,,3001,17,28,21,21,7,,,0,20,365,23,3,,,,2771146,1786523547401,2771160,1786523547415,,1786523547384,29,2026-08-12T08:32:28.4368972Z,50,,,oasis/bottle,,0,,,,,
,,,,,,,,,,,,,,,14,,,,,,,,,1,,,0,,,,,0,,,,,0,,,,,,,,,,,local.mqtt.telegraf,33,,31.79,,,,,,periodic,,17,,,,,5,5,08a6f76bd428,,,66720,43264,,6,255,,,,,,,,,,,,,256,,,,,08a6f76bd428-256,,,0,,,,,,,272,256,08:A6:F7:6B:D4:28,,,,,,4561,17,28,21,21,7,,,0,20,365,23,3,,,,2772706,1786523548961,2772720,1786523548975,,1786523548944,29,2026-08-12T08:32:30.0076753Z,50,,,oasis/bottle,,0,,,,,
,,,,,,,,,,,,,,,14,,,,,,,,,1,,,0,,,,,0,,,,,0,,,,,,,,,,,local.mqtt.telegraf,33,,31.74,,,,,,periodic,,17,,,,,5,5,08a6f76bd428,,,57056,43264,,6,256,,,,,,,,,,,,,257,,,,,08a6f76bd428-257,,,0,,,,,,,272,257,08:A6:F7:6B:D4:28,,,,,,5871,17,28,21,21,7,,,0,20,365,23,3,,,,2774016,1786523550271,2774030,1786523550285,,1786523550254,29,2026-08-12T08:32:31.3067019Z,50,,,oasis/bottle,,0,,,,,
,,,,,,,,,,,,,,,13,,,,,,,,,1,,,0,,,,,0,,,,,0,,,,,,,,,,,local.mqtt.telegraf,33,,31.85,,,,,,periodic,,17,,,,,5,5,08a6f76bd428,,,46736,43264,,6,257,,,,,,,,,,,,,258,,,,,08a6f76bd428-258,,,0,,,,,,,272,258,08:A6:F7:6B:D4:28,,,,,,7291,17,28,21,21,7,,,0,20,365,23,3,,,,2775436,1786523551691,2775449,1786523551704,,1786523551674,29,2026-08-12T08:32:32.736182Z,50,,,oasis/bottle,,0,,,,,
,,,,,,,,,,,,,,,14,,,,,,,,,1,,,0,,,,,0,,,,,0,,,,,,,,,,,local.mqtt.telegraf,33,,31.8,,,,,,periodic,,19,,,,,6,5,08a6f76bd428,,,118688,43264,,6,258,,,,,,,,,,,,,259,,,,,08a6f76bd428-259,,,0,,,,,,,272,259,08:A6:F7:6B:D4:28,,,,,,8331,17,28,21,21,7,,,0,20,365,23,3,,,,2776477,1786523552732,2776491,1786523552746,,1786523552713,29,2026-08-12T08:32:33.772877Z,50,,,oasis/bottle,,0,,,,,
,,,,,,,,,,,,,,,13,,,,,,,,,1,,,0,,,,,0,,,,,0,,,,,,,,,,,local.mqtt.telegraf,33,,31.85,,,,,,periodic,,17,,,,,5,5,08a6f76bd428,,,108368,43264,,6,259,,,,,,,,,,,,,260,,,,,08a6f76bd428-260,,,0,,,,,,,272,260,08:A6:F7:6B:D4:28,,,,,,9811,17,28,21,21,7,,,0,20,365,23,3,,,,2777956,1786523554211,2777969,1786523554224,,1786523554194,29,2026-08-12T08:32:35.2578745Z,50,,,oasis/bottle,,0,,,,,
,,,,,,,,,,,,,,,14,,,,,,,,,1,,,0,,,,,0,,,,,0,,,,,,,,,,,local.mqtt.telegraf,33,,31.76,,,,,,periodic,,17,,,,,5,5,08a6f76bd428,,,100016,43264,,6,260,,,,,,,,,,,,,261,,,,,08a6f76bd428-261,,,0,,,,,,,272,261,08:A6:F7:6B:D4:28,,,,,,10961,17,28,21,21,7,,,0,20,365,23,3,,,,2779106,1786523555361,2779120,1786523555375,,1786523555344,29,2026-08-12T08:32:36.4075418Z,50,,,oasis/bottle,,0,,,,,
,,,,,,,,,,,,,,,13,,,,,,,,,1,,,0,,,,,0,,,,,0,,,,,,,,,,,local.mqtt.telegraf,33,,31.79,,,,,,periodic,,28,,,,,6,5,08a6f76bd428,,,91664,43264,,6,261,,,,,,,,,,,,,262,,,,,08a6f76bd428-262,,,0,,,,,,,272,262,08:A6:F7:6B:D4:28,,,,,,12061,17,28,21,21,7,,,0,20,365,23,3,,,,2780216,1786523556471,2780229,1786523556484,,1786523556443,29,2026-08-12T08:32:37.5059082Z,50,,,oasis/bottle,,0,,,,,
,,,,,,,,,,,,,,,14,,,,,,,,,1,,,0,,,,,0,,,,,0,,,,,,,,,,,local.mqtt.telegraf,33,,31.71,,,,,,periodic,,17,,,,,5,5,08a6f76bd428,,,83968,43264,,6,262,,,,,,,,,,,,,263,,,,,08a6f76bd428-263,,,0,,,,,,,272,263,08:A6:F7:6B:D4:28,,,,,,13061,17,28,21,21,7,,,0,20,365,23,3,,,,2781206,1786523557461,2781220,1786523557475,,1786523557444,29,2026-08-12T08:32:38.503186Z,50,,,oasis/bottle,,0,,,,,
,,,,,,,,,,,,,,,14,,,,,,,,,1,,,0,,,,,0,,,,,0,,,,,,,,,,,local.mqtt.telegraf,33,,31.67,,,,,,periodic,,18,,,,,6,5,08a6f76bd428,,,73648,43264,,6,263,,,,,,,,,,,,,264,,,,,08a6f76bd428-264,,,0,,,,,,,272,264,08:A6:F7:6B:D4:28,,,,,,14461,17,28,21,21,7,,,0,20,365,23,3,,,,2782606,1786523558861,2782620,1786523558875,,1786523558843,29,2026-08-12T08:32:39.9052509Z,50,,,oasis/bottle,,0,,,,,
,,,,,,,,,,,,,,,14,,,,,,,,,1,,,0,,,,,0,,,,,0,,,,,,,,,,,local.mqtt.telegraf,33,,31.72,,,,,,periodic,,18,,,,,6,5,08a6f76bd428,,,65952,43264,,5,264,,,,,,,,,,,,,265,,,,,08a6f76bd428-265,,,0,,,,,,,272,265,08:A6:F7:6B:D4:28,,,,,,15461,17,28,21,21,7,,,0,20,365,23,3,,,,2783606,1786523559861,2783620,1786523559875,,1786523559843,29,2026-08-12T08:32:40.9035459Z,50,,,oasis/bottle,,0,,,,,
,,,,,,,,,,,,,,,13,,,,,,,,,1,,,0,,,,,0,,,,,0,,,,,,,,,,,local.mqtt.telegraf,33,,31.79,,,,,,periodic,,27,,,,,5,5,08a6f76bd428,,,56256,43264,,6,265,,,,,,,,,,,,,266,,,,,08a6f76bd428-266,,,0,,,,,,,273,266,08:A6:F7:6B:D4:28,,,,,,16851,17,28,21,21,7,,,0,20,365,23,3,,,,2785006,1786523561261,2785019,1786523561274,,1786523561234,29,2026-08-12T08:32:42.3067573Z,50,,,oasis/bottle,,0,,,,,
,,,,,,,,,,,,,,,13,,,,,,,,,1,,,0,,,,,0,,,,,0,,,,,,,,,,,local.mqtt.telegraf,33,,31.94,,,,,,periodic,,28,,,,,6,5,08a6f76bd428,,,45264,43264,,6,266,,,,,,,,,,,,,267,,,,,08a6f76bd428-267,,,0,,,,,,,272,267,08:A6:F7:6B:D4:28,,,,,,18431,17,28,21,21,7,,,0,20,365,23,3,,,,2786586,1786523562841,2786599,1786523562854,,1786523562813,29,2026-08-12T08:32:43.8719942Z,50,,,oasis/bottle,,0,,,,,
,,,,,,,,,,,,,,,14,,,,,,,,,1,,,0,,,,,0,,,,,0,,,,,,,,,,,local.mqtt.telegraf,33,,31.78,,,,,,periodic,,18,,,,,6,5,08a6f76bd428,,,114080,43264,,5,267,,,,,,,,,,,,,268,,,,,08a6f76bd428-268,,,0,,,,,,,272,268,08:A6:F7:6B:D4:28,,,,,,19801,17,28,21,21,7,,,0,20,365,23,3,,,,2787946,1786523564201,2787960,1786523564215,,1786523564183,29,2026-08-12T08:32:45.2385363Z,50,,,oasis/bottle,,0,,,,,
,,,,,,,,,,,,,,,14,,,,,,,,,1,,,0,,,,,0,,,,,0,,,,,,,,,,,local.mqtt.telegraf,33,,31.82,,,,,,periodic,,27,,,,,5,5,08a6f76bd428,,,92448,43264,,6,268,,,,,,,,,,,,,269,,,,,08a6f76bd428-269,,,0,,,,,,,273,269,08:A6:F7:6B:D4:28,,,,,,771,18,29,20,20,9,,,0,20,364,23,3,,,,2789486,1786523565741,2789500,1786523565755,,1786523565714,29,2026-08-12T08:32:46.7862574Z,54,,,oasis/bottle,,0,,,,,
,,,,,,,,,,,,,,,13,,,,,,,,,1,,,0,,,,,0,,,,,0,,,,,,,,,,,local.mqtt.telegraf,33,,31.76,,,,,,periodic,,17,,,,,5,5,08a6f76bd428,,,83440,43264,,5,269,,,,,,,,,,,,,270,,,,,08a6f76bd428-270,,,0,,,,,,,272,270,08:A6:F7:6B:D4:28,,,,,,2031,18,29,20,20,9,,,0,20,364,23,3,,,,2790736,1786523566991,2790749,1786523567004,,1786523566974,29,2026-08-12T08:32:48.0236566Z,54,,,oasis/bottle,,0,,,,,
,,,,,,,,,,,,,,,13,,,,,,,,,1,,,0,,,,,0,,,,,0,,,,,,,,,,,local.mqtt.telegraf,33,,31.66,,,,,,periodic,,17,,,,,5,5,08a6f76bd428,,,72944,43264,,6,270,,,,,,,,,,,,,271,,,,,08a6f76bd428-271,,,0,,,,,,,273,271,08:A6:F7:6B:D4:28,,,,,,3391,18,29,20,20,9,,,0,20,364,23,3,,,,2792096,1786523568351,2792109,1786523568364,,1786523568334,29,2026-08-12T08:32:49.3871445Z,54,,,oasis/bottle,,0,,,,,
,,,,,,,,,,,,,,,14,,,,,,,,,1,,,0,,,,,0,,,,,0,,,,,,,,,,,local.mqtt.telegraf,33,,31.76,,,,,,periodic,,27,,,,,5,5,08a6f76bd428,,,62624,43264,,6,271,,,,,,,,,,,,,272,,,,,08a6f76bd428-272,,,0,,,,,,,272,272,08:A6:F7:6B:D4:28,,,,,,4861,18,29,20,20,9,,,0,20,364,23,3,,,,2793576,1786523569831,2793590,1786523569845,,1786523569804,29,2026-08-12T08:32:50.8711249Z,54,,,oasis/bottle,,0,,,,,
,,,,,,,,,,,,,,,14,,,,,,,,,1,,,0,,,,,0,,,,,0,,,,,,,,,,,local.mqtt.telegraf,33,,31.71,,,,,,periodic,,18,,,,,5,5,08a6f76bd428,,,54272,43264,,9,272,,,,,,,,,,,,,273,,,,,08a6f76bd428-273,,,0,,,,,,,272,273,08:A6:F7:6B:D4:28,,,,,,6001,18,29,20,20,9,,,0,20,364,23,3,,,,2794707,1786523570962,2794721,1786523570976,,1786523570944,29,2026-08-12T08:32:52.0048775Z,54,,,oasis/bottle,,0,,,,,
,,,,,,,,,,,,,,,13,,,,,,,,,1,,,0,,,,,0,,,,,0,,,,,,,,,,,local.mqtt.telegraf,33,,31.71,,,,,,periodic,,27,,,,,5,5,08a6f76bd428,,,45920,43264,,6,273,,,,,,,,,,,,,274,,,,,08a6f76bd428-274,,,0,,,,,,,272,274,08:A6:F7:6B:D4:28,,,,,,7081,18,29,20,20,9,,,0,20,364,23,3,,,,2795796,1786523572051,2795809,1786523572064,,1786523572024,29,2026-08-12T08:32:53.0911324Z,54,,,oasis/bottle,,0,,,,,
,,,,,,,,,,,,,,,14,,,,,,,,,1,,,0,,,,,0,,,,,0,,,,,,,,,,,local.mqtt.telegraf,33,,31.62,,,,,,periodic,,17,,,,,5,5,08a6f76bd428,,,113680,43264,,5,274,,,,,,,,,,,,,275,,,,,08a6f76bd428-275,,,0,,,,,,,272,275,08:A6:F7:6B:D4:28,,,,,,8651,18,29,20,20,9,,,0,20,364,23,3,,,,2797356,1786523573611,2797370,1786523573625,,1786523573594,29,2026-08-12T08:32:54.6507414Z,54,,,oasis/bottle,,0,,,,,
,,,,,,,,,,,,,,,13,,,,,,,,,1,,,0,,,,,0,,,,,0,,,,,,,,,,,local.mqtt.telegraf,33,,31.66,,,,,,periodic,,17,,,,,5,5,08a6f76bd428,,,104016,43264,,6,275,,,,,,,,,,,,,276,,,,,08a6f76bd428-276,,,0,,,,,,,272,276,08:A6:F7:6B:D4:28,,,,,,9971,18,29,20,20,9,,,0,20,364,23,3,,,,2798676,1786523574931,2798689,1786523574944,,1786523574914,29,2026-08-12T08:32:55.9710357Z,54,,,oasis/bottle,,0,,,,,
,,,,,,,,,,,,,,,13,,,,,,,,,1,,,0,,,,,0,,,,,0,,,,,,,,,,,local.mqtt.telegraf,33,,31.67,,,,,,periodic,,27,,,,,5,5,08a6f76bd428,,,93696,43264,,6,276,,,,,,,,,,,,,277,,,,,08a6f76bd428-277,,,0,,,,,,,272,277,08:A6:F7:6B:D4:28,,,,,,11411,18,29,20,20,9,,,0,20,364,23,3,,,,2800126,1786523576381,2800139,1786523576394,,1786523576354,29,2026-08-12T08:32:57.4498942Z,54,,,oasis/bottle,,0,,,,,
,,,,,,,,,,,,,,,14,,,,,,,,,1,,,0,,,,,0,,,,,0,,,,,,,,,,,local.mqtt.telegraf,33,,31.62,,,,,,periodic,,17,,,,,5,5,08a6f76bd428,,,85344,43264,,6,277,,,,,,,,,,,,,278,,,,,08a6f76bd428-278,,,0,,,,,,,272,278,08:A6:F7:6B:D4:28,,,,,,12491,18,29,20,20,9,,,0,20,364,23,3,,,,2801196,1786523577451,2801210,1786523577465,,1786523577434,29,2026-08-12T08:32:58.4994398Z,54,,,oasis/bottle,,0,,,,,
,,,,,,,,,,,,,,,13,,,,,,,,,1,,,0,,,,,0,,,,,0,,,,,,,,,,,local.mqtt.telegraf,33,,31.78,,,,,,periodic,,28,,,,,6,5,08a6f76bd428,,,74368,43264,,6,278,,,,,,,,,,,,,279,,,,,08a6f76bd428-279,,,0,,,,,,,272,279,08:A6:F7:6B:D4:28,,,,,,14051,18,29,20,20,9,,,0,20,364,23,3,,,,2802766,1786523579021,2802779,1786523579034,,1786523578993,29,2026-08-12T08:33:00.0639175Z,54,,,oasis/bottle,,0,,,,,
,,,,,,,,,,,,,,,14,,,,,,,,,1,,,0,,,,,0,,,,,0,,,,,,,,,,,local.mqtt.telegraf,33,,31.59,,,,,,periodic,,18,,,,,6,5,08a6f76bd428,,,64704,43264,,7,279,,,,,,,,,,,,,280,,,,,08a6f76bd428-280,,,0,,,,,,,272,280,08:A6:F7:6B:D4:28,,,,,,15371,18,29,20,20,9,,,0,20,364,23,3,,,,2804076,1786523580331,2804090,1786523580345,,1786523580313,29,2026-08-12T08:33:01.3697434Z,54,,,oasis/bottle,,0,,,,,
,,,,,,,,,,,,,,,13,,,,,,,,,1,,,0,,,,,0,,,,,0,,,,,,,,,,,local.mqtt.telegraf,33,,31.64,,,,,,periodic,,28,,,,,6,5,08a6f76bd428,,,54384,43264,,6,280,,,,,,,,,,,,,281,,,,,08a6f76bd428-281,,,0,,,,,,,272,281,08:A6:F7:6B:D4:28,,,,,,16801,18,29,20,20,9,,,0,20,364,23,3,,,,2805516,1786523581771,2805529,1786523581784,,1786523581743,29,2026-08-12T08:33:02.8150267Z,54,,,oasis/bottle,,0,,,,,
,,,,,,,,,,,,,,,13,,,,,,,,,1,,,0,,,,,0,,,,,0,,,,,,,,,,,local.mqtt.telegraf,33,,31.62,,,,,,periodic,,27,,,,,5,5,08a6f76bd428,,,46656,43264,,7,281,,,,,,,,,,,,,282,,,,,08a6f76bd428-282,,,0,,,,,,,273,282,08:A6:F7:6B:D4:28,,,,,,17861,18,29,20,20,9,,,0,20,364,23,3,,,,2806576,1786523582831,2806589,1786523582844,,1786523582804,29,2026-08-12T08:33:03.8619214Z,54,,,oasis/bottle,,0,,,,,
,,,,,,,,,,,,,,,13,,,,,,,,,1,,,0,,,,,0,,,,,0,,,,,,,,,,,local.mqtt.telegraf,33,,31.66,,,,,,periodic,,28,,,,,6,5,08a6f76bd428,,,115536,43264,,6,282,,,,,,,,,,,,,283,,,,,08a6f76bd428-283,,,0,,,,,,,272,283,08:A6:F7:6B:D4:28,,,,,,19381,18,29,20,20,9,,,0,20,364,23,3,,,,2808096,1786523584351,2808109,1786523584364,,1786523584323,29,2026-08-12T08:33:05.3887382Z,54,,,oasis/bottle,,0,,,,,
,,,,,,,,,,,,,,,13,,,,,,,,,1,,,0,,,,,0,,,,,0,,,,,,,,,,,local.mqtt.telegraf,33,,31.67,,,,,,periodic,,25,,,,,5,5,08a6f76bd428,,,94512,43264,,6,283,,,,,,,,,,,,,284,,,,,08a6f76bd428-284,,,0,,,,,,,273,284,08:A6:F7:6B:D4:28,,,,,,482,19,29,21,21,8,,,0,21,365,23,3,,,,2809435,1786523585690,2809448,1786523585703,,1786523585665,29,2026-08-12T08:33:06.7354844Z,56,,,oasis/bottle,,0,,,,,
,,,,,,,,,,,,,,,14,,,,,,,,,1,,,0,,,,,0,,,,,0,,,,,,,,,,,local.mqtt.telegraf,33,,31.66,,,,,,periodic,,18,,,,,5,5,08a6f76bd428,,,84848,43264,,6,284,,,,,,,,,,,,,285,,,,,08a6f76bd428-285,,,0,,,,,,,272,285,08:A6:F7:6B:D4:28,,,,,,1861,19,29,21,21,8,,,0,21,365,23,3,,,,2810807,1786523587062,2810821,1786523587076,,1786523587044,29,2026-08-12T08:33:08.0944693Z,56,,,oasis/bottle,,0,,,,,
,,,,,,,,,,,,,,,13,,,,,,,,,1,,,0,,,,,0,,,,,0,,,,,,,,,,,local.mqtt.telegraf,33,,31.6,,,,,,periodic,,28,,,,,6,5,08a6f76bd428,,,73872,43264,,6,285,,,,,,,,,,,,,286,,,,,08a6f76bd428-286,,,0,,,,,,,272,286,08:A6:F7:6B:D4:28,,,,,,3411,19,29,21,21,8,,,0,21,365,23,3,,,,2812366,1786523588621,2812379,1786523588634,,1786523588593,29,2026-08-12T08:33:09.6507572Z,56,,,oasis/bottle,,0,,,,,
,,,,,,,,,,,,,,,13,,,,,,,,,1,,,0,,,,,0,,,,,0,,,,,,,,,,,local.mqtt.telegraf,33,,31.59,,,,,,periodic,,28,,,,,6,5,08a6f76bd428,,,64208,43264,,7,286,,,,,,,,,,,,,287,,,,,08a6f76bd428-287,,,0,,,,,,,272,287,08:A6:F7:6B:D4:28,,,,,,4711,19,29,21,21,8,,,0,21,365,23,3,,,,2813666,1786523589921,2813679,1786523589934,,1786523589893,29,2026-08-12T08:33:10.953458Z,56,,,oasis/bottle,,0,,,,,
,,,,,,,,,,,,,,,13,,,,,,,,,1,,,0,,,,,0,,,,,0,,,,,,,,,,,local.mqtt.telegraf,33,,31.59,,,,,,periodic,,28,,,,,6,5,08a6f76bd428,,,53888,43264,,10,287,,,,,,,,,,,,,288,,,,,08a6f76bd428-288,,,0,,,,,,,272,288,08:A6:F7:6B:D4:28,,,,,,6121,19,29,21,21,8,,,0,21,365,23,3,,,,2815076,1786523591331,2815089,1786523591344,,1786523591303,29,2026-08-12T08:33:12.3632808Z,56,,,oasis/bottle,,0,,,,,
,,,,,,,,,,,,,,,13,,,,,,,,,1,,,0,,,,,0,,,,,0,,,,,,,,,,,local.mqtt.telegraf,33,,31.58,,,,,,periodic,,28,,,,,6,5,08a6f76bd428,,,46192,43264,,6,288,,,,,,,,,,,,,289,,,,,08a6f76bd428-289,,,0,,,,,,,272,289,08:A6:F7:6B:D4:28,,,,,,7121,19,29,21,21,8,,,0,21,365,23,3,,,,2816076,1786523592331,2816089,1786523592344,,1786523592303,29,2026-08-12T08:33:13.3600773Z,56,,,oasis/bottle,,0,,,,,
,,,,,,,,,,,,,,,13,,,,,,,,,1,,,0,,,,,0,,,,,0,,,,,,,,,,,local.mqtt.telegraf,33,,31.63,,,,,,periodic,,27,,,,,5,5,08a6f76bd428,,,115376,43264,,7,289,,,,,,,,,,,,,290,,,,,08a6f76bd428-290,,,0,,,,,,,273,290,08:A6:F7:6B:D4:28,,,,,,8521,19,29,21,21,8,,,0,21,365,23,3,,,,2817476,1786523593731,2817489,1786523593744,,1786523593704,29,2026-08-12T08:33:14.7796695Z,56,,,oasis/bottle,,0,,,,,
,,,,,,,,,,,,,,,13,,,,,,,,,1,,,0,,,,,0,,,,,0,,,,,,,,,,,local.mqtt.telegraf,33,,31.63,,,,,,periodic,,27,,,,,5,5,08a6f76bd428,,,107680,43264,,6,290,,,,,,,,,,,,,291,,,,,08a6f76bd428-291,,,0,,,,,,,272,291,08:A6:F7:6B:D4:28,,,,,,9521,19,29,21,21,8,,,0,21,365,23,3,,,,2818476,1786523594731,2818489,1786523594744,,1786523594704,29,2026-08-12T08:33:15.9018634Z,56,,,oasis/bottle,,0,,,,,
,,,,,,,,,,,,,,,13,,,,,,,,,1,,,0,,,,,0,,,,,0,,,,,,,,,,,local.mqtt.telegraf,33,,31.52,,,,,,periodic,,24,,,,,5,5,08a6f76bd428,,,97360,43264,,6,291,,,,,,,,,,,,,292,,,,,08a6f76bd428-292,,,0,,,,,,,273,292,08:A6:F7:6B:D4:28,,,,,,10914,19,29,21,21,8,,,0,21,365,23,3,,,,2819866,1786523596121,2819879,1786523596134,,1786523596097,29,2026-08-12T08:33:17.1631895Z,56,,,oasis/bottle,,0,,,,,
,,,,,,,,,,,,,,,13,,,,,,,,,1,,,0,,,,,0,,,,,0,,,,,,,,,,,local.mqtt.telegraf,33,,31.54,,,,,,periodic,,28,,,,,6,5,08a6f76bd428,,,86384,43264,,6,292,,,,,,,,,,,,,293,,,,,08a6f76bd428-293,,,0,,,,,,,272,293,08:A6:F7:6B:D4:28,,,,,,12501,19,29,21,21,8,,,0,21,365,23,3,,,,2821456,1786523597711,2821469,1786523597724,,1786523597683,29,2026-08-12T08:33:18.8035209Z,56,,,oasis/bottle,,0,,,,,
,,,,,,,,,,,,,,,13,,,,,,,,,1,,,0,,,,,0,,,,,0,,,,,,,,,,,local.mqtt.telegraf,33,,31.47,,,,,,periodic,,27,,,,,6,5,08a6f76bd428,,,76688,43264,,18,293,,,,,,,,,,,,,294,,,,,08a6f76bd428-294,,,0,,,,,,,273,294,08:A6:F7:6B:D4:28,,,,,,13901,19,29,21,21,8,,,0,21,365,23,3,,,,2822856,1786523599111,2822869,1786523599124,,1786523599084,29,2026-08-12T08:33:20.1488169Z,56,,,oasis/bottle,,0,,,,,
,,,,,,,,,,,,,,,13,,,,,,,,,1,,,0,,,,,0,,,,,0,,,,,,,,,,,local.mqtt.telegraf,33,,31.52,,,,,,periodic,,27,,,,,5,5,08a6f76bd428,,,65696,43264,,5,294,,,,,,,,,,,,,295,,,,,08a6f76bd428-295,,,0,,,,,,,272,295,08:A6:F7:6B:D4:28,,,,,,15471,19,29,21,21,8,,,0,21,365,23,3,,,,2824426,1786523600681,2824439,1786523600694,,1786523600654,29,2026-08-12T08:33:22.0144554Z,56,,,oasis/bottle,,0,,,,,
,,,,,,,,,,,,,,,13,,,,,,,,,1,,,0,,,,,0,,,,,0,,,,,,,,,,,local.mqtt.telegraf,33,,31.4,,,,,,periodic,,27,,,,,5,5,08a6f76bd428,,,56032,43264,,6,295,,,,,,,,,,,,,296,,,,,08a6f76bd428-296,,,0,,,,,,,272,296,08:A6:F7:6B:D4:28,,,,,,16811,19,29,21,21,8,,,0,21,365,23,3,,,,2825766,1786523602021,2825779,1786523602034,,1786523601994,29,2026-08-12T08:33:23.1579981Z,56,,,oasis/bottle,,0,,,,,
,,,,,,,,,,,,,,,13,,,,,,,,,1,,,0,,,,,0,,,,,0,,,,,,,,,,,local.mqtt.telegraf,33,,31.51,,,,,,periodic,,27,,,,,5,5,08a6f76bd428,,,45712,43264,,6,296,,,,,,,,,,,,,297,,,,,08a6f76bd428-297,,,0,,,,,,,272,297,08:A6:F7:6B:D4:28,,,,,,18291,19,29,21,21,8,,,0,21,365,23,3,,,,2827246,1786523603501,2827259,1786523603514,,1786523603474,29,2026-08-12T08:33:24.6311476Z,56,,,oasis/bottle,,0,,,,,
,,,,,,,,,,,,,,,13,,,,,,,,,1,,,0,,,,,0,,,,,0,,,,,,,,,,,local.mqtt.telegraf,33,,31.35,,,,,,periodic,,27,,,,,5,5,08a6f76bd428,,,116304,43264,,5,297,,,,,,,,,,,,,298,,,,,08a6f76bd428-298,,,0,,,,,,,272,298,08:A6:F7:6B:D4:28,,,,,,19451,19,29,21,21,8,,,0,21,365,23,3,,,,2828406,1786523604661,2828419,1786523604674,,1786523604634,29,2026-08-12T08:33:25.7220161Z,56,,,oasis/bottle,,0,,,,,
,,,,,,,,,,,,,,,13,,,,,,,,,1,,,0,,,,,0,,,,,0,,,,,,,,,,,local.mqtt.telegraf,33,,31.35,,,,,,periodic,,22,,,,,6,5,08a6f76bd428,,,94672,43264,,6,298,,,,,,,,,,,,,299,,,,,08a6f76bd428-299,,,0,,,,,,,273,299,08:A6:F7:6B:D4:28,,,,,,492,20,32,31,31,1,,,0,30,396,33,3,,,,2829865,1786523606120,2829878,1786523606133,,1786523606098,29,2026-08-12T08:33:27.2320893Z,59,,,oasis/bottle,,0,,,,,
,,,,,,,,,,,,,,,17,,,,,,,,,1,,,0,,,,,0,,,,,0,,,,,,,,,,,local.mqtt.telegraf,33,,31.36,,,,,,periodic,,24,,,,,6,5,08a6f76bd428,,,85008,43264,,7,299,,,,,,,,,,,,,300,,,,,08a6f76bd428-300,,,0,,,,,,,272,300,08:A6:F7:6B:D4:28,,,,,,1861,20,32,31,31,1,,,0,30,396,33,3,,,,2831236,1786523607491,2831253,1786523607508,,1786523607467,29,2026-08-12T08:33:28.5255149Z,59,,,oasis/bottle,,0,,,,,
,,,,,,,,,,,,,,,13,,,,,,,,,1,,,0,,,,,0,,,,,0,,,,,,,,,,,local.mqtt.telegraf,33,,31.51,,,,,,periodic,,24,,,,,6,5,08a6f76bd428,,,73200,43264,,6,300,,,,,,,,,,,,,301,,,,,08a6f76bd428-301,,,0,,,,,,,272,301,08:A6:F7:6B:D4:28,,,,,,3441,20,32,31,31,1,,,0,30,396,33,3,,,,2832816,1786523609071,2832829,1786523609084,,1786523609047,29,2026-08-12T08:33:30.2814638Z,59,,,oasis/bottle,,0,,,,,
,,,,,,,,,,,,,,,13,,,,,,,,,1,,,0,,,,,0,,,,,0,,,,,,,,,,,local.mqtt.telegraf,33,,31.17,,,,,,periodic,,23,,,,,5,5,08a6f76bd428,,,63536,43264,,9,301,,,,,,,,,,,,,302,,,,,08a6f76bd428-302,,,0,,,,,,,272,302,08:A6:F7:6B:D4:28,,,,,,4761,20,32,31,31,1,,,0,30,396,33,3,,,,2834136,1786523610391,2834149,1786523610404,,1786523610368,29,2026-08-12T08:33:31.4279498Z,59,,,oasis/bottle,,0,,,,,
,,,,,,,,,,,,,,,14,,,,,,,,,1,,,0,,,,,0,,,,,0,,,,,,,,,,,local.mqtt.telegraf,33,,31.35,,,,,,periodic,,24,,,,,6,5,08a6f76bd428,,,53216,43264,,6,302,,,,,,,,,,,,,303,,,,,08a6f76bd428-303,,,0,,,,,,,272,303,08:A6:F7:6B:D4:28,,,,,,6191,20,32,31,31,1,,,0,30,396,33,3,,,,2835566,1786523611821,2835580,1786523611835,,1786523611797,29,2026-08-12T08:33:32.8696184Z,59,,,oasis/bottle,,0,,,,,
,,,,,,,,,,,,,,,13,,,,,,,,,1,,,0,,,,,0,,,,,0,,,,,,,,,,,local.mqtt.telegraf,33,,31.33,,,,,,periodic,,23,,,,,5,5,08a6f76bd428,,,45488,43264,,6,303,,,,,,,,,,,,,304,,,,,08a6f76bd428-304,,,0,,,,,,,273,304,08:A6:F7:6B:D4:28,,,,,,7251,20,32,31,31,1,,,0,30,396,33,3,,,,2836626,1786523612881,2836639,1786523612894,,1786523612858,29,2026-08-12T08:33:34.0054466Z,59,,,oasis/bottle,,0,,,,,
,,,,,,,,,,,,,,,13,,,,,,,,,1,,,0,,,,,0,,,,,0,,,,,,,,,,,local.mqtt.telegraf,33,,31.36,,,,,,periodic,,24,,,,,6,5,08a6f76bd428,,,113888,43264,,6,304,,,,,,,,,,,,,305,,,,,08a6f76bd428-305,,,0,,,,,,,272,305,08:A6:F7:6B:D4:28,,,,,,8781,20,32,31,31,1,,,0,30,396,33,3,,,,2838156,1786523614411,2838169,1786523614424,,1786523614387,29,2026-08-12T08:33:35.5246804Z,59,,,oasis/bottle,,0,,,,,
,,,,,,,,,,,,,,,13,,,,,,,,,1,,,0,,,,,0,,,,,0,,,,,,,,,,,local.mqtt.telegraf,33,,31.25,,,,,,periodic,,24,,,,,6,5,08a6f76bd428,,,104880,43264,,6,305,,,,,,,,,,,,,306,,,,,08a6f76bd428-306,,,0,,,,,,,272,306,08:A6:F7:6B:D4:28,,,,,,10021,20,32,31,31,1,,,0,30,396,33,3,,,,2839396,1786523615651,2839409,1786523615664,,1786523615627,29,2026-08-12T08:33:36.6942944Z,59,,,oasis/bottle,,0,,,,,
,,,,,,,,,,,,,,,13,,,,,,,,,1,,,0,,,,,0,,,,,0,,,,,,,,,,,local.mqtt.telegraf,33,,31.28,,,,,,periodic,,23,,,,,5,5,08a6f76bd428,,,95840,43264,,6,306,,,,,,,,,,,,,307,,,,,08a6f76bd428-307,,,0,,,,,,,273,307,08:A6:F7:6B:D4:28,,,,,,11301,20,32,31,31,1,,,0,30,396,33,3,,,,2840676,1786523616931,2840689,1786523616944,,1786523616908,29,2026-08-12T08:33:37.9698715Z,59,,,oasis/bottle,,0,,,,,
,,,,,,,,,,,,,,,13,,,,,,,,,1,,,0,,,,,0,,,,,0,,,,,,,,,,,local.mqtt.telegraf,33,,31.35,,,,,,periodic,,24,,,,,6,5,08a6f76bd428,,,86160,43264,,5,307,,,,,,,,,,,,,308,,,,,08a6f76bd428-308,,,0,,,,,,,272,308,08:A6:F7:6B:D4:28,,,,,,12661,20,32,31,31,1,,,0,30,396,33,3,,,,2842036,1786523618291,2842049,1786523618304,,1786523618267,29,2026-08-12T08:33:39.3405554Z,59,,,oasis/bottle,,0,,,,,
,,,,,,,,,,,,,,,13,,,,,,,,,1,,,0,,,,,0,,,,,0,,,,,,,,,,,local.mqtt.telegraf,33,,31.16,,,,,,periodic,,24,,,,,6,5,08a6f76bd428,,,75184,43264,,6,308,,,,,,,,,,,,,309,,,,,08a6f76bd428-309,,,0,,,,,,,272,309,08:A6:F7:6B:D4:28,,,,,,14181,20,32,31,31,1,,,0,30,396,33,3,,,,2843556,1786523619811,2843569,1786523619824,,1786523619787,29,2026-08-12T08:33:40.8530771Z,59,,,oasis/bottle,,0,,,,,
,,,,,,,,,,,,,,,13,,,,,,,,,1,,,0,,,,,0,,,,,0,,,,,,,,,,,local.mqtt.telegraf,33,,31.2,,,,,,periodic,,24,,,,,6,5,08a6f76bd428,,,66176,43264,,7,309,,,,,,,,,,,,,310,,,,,08a6f76bd428-310,,,0,,,,,,,272,310,08:A6:F7:6B:D4:28,,,,,,15421,20,32,31,31,1,,,0,30,396,33,3,,,,2844796,1786523621051,2844809,1786523621064,,1786523621027,29,2026-08-12T08:33:42.0885935Z,59,,,oasis/bottle,,0,,,,,
,,,,,,,,,,,,,,,13,,,,,,,,,1,,,0,,,,,0,,,,,0,,,,,,,,,,,local.mqtt.telegraf,33,,31.2,,,,,,periodic,,23,,,,,5,5,08a6f76bd428,,,57136,43264,,10,310,,,,,,,,,,,,,311,,,,,08a6f76bd428-311,,,0,,,,,,,273,311,08:A6:F7:6B:D4:28,,,,,,16701,20,32,31,31,1,,,0,30,396,33,3,,,,2846076,1786523622331,2846089,1786523622344,,1786523622308,29,2026-08-12T08:33:43.3735705Z,59,,,oasis/bottle,,0,,,,,
,,,,,,,,,,,,,,,13,,,,,,,,,1,,,0,,,,,0,,,,,0,,,,,,,,,,,local.mqtt.telegraf,33,,31.16,,,,,,periodic,,23,,,,,5,5,08a6f76bd428,,,47456,43264,,5,311,,,,,,,,,,,,,312,,,,,08a6f76bd428-312,,,0,,,,,,,272,312,08:A6:F7:6B:D4:28,,,,,,18051,20,32,31,31,1,,,0,30,396,33,3,,,,2847426,1786523623681,2847439,1786523623694,,1786523623658,29,2026-08-12T08:33:44.7216896Z,59,,,oasis/bottle,,0,,,,,
,,,,,,,,,,,,,,,13,,,,,,,,,1,,,0,,,,,0,,,,,0,,,,,,,,,,,local.mqtt.telegraf,33,,31.17,,,,,,periodic,,23,,,,,5,5,08a6f76bd428,,,117232,43264,,6,312,,,,,,,,,,,,,313,,,,,08a6f76bd428-313,,,0,,,,,,,273,313,08:A6:F7:6B:D4:28,,,,,,19551,20,32,31,31,1,,,0,30,396,33,3,,,,2848926,1786523625181,2848939,1786523625194,,1786523625158,29,2026-08-12T08:33:46.2265813Z,59,,,oasis/bottle,,0,,,,,
,,,,,,,,,,,,,,,13,,,,,,,,,1,,,0,,,,,0,,,,,0,,,,,,,,,,,local.mqtt.telegraf,33,,31.15,,,,,,periodic,,25,,,,,6,5,08a6f76bd428,,,96192,43264,,5,313,,,,,,,,,,,,,314,,,,,08a6f76bd428-314,,,0,,,,,,,273,314,08:A6:F7:6B:D4:28,,,,,,492,21,30,21,21,9,,,-4,21,375,23,3,,,,2850275,1786523626530,2850288,1786523626543,,1786523626505,29,2026-08-12T08:33:47.5727778Z,62,,,oasis/bottle,,0,,,,,
,,,,,,,,,,,,,,,13,,,,,,,,,1,,,0,,,,,0,,,,,0,,,,,,,,,,,local.mqtt.telegraf,33,,31.16,,,,,,periodic,,28,,,,,6,5,08a6f76bd428,,,86528,43264,,6,314,,,,,,,,,,,,,315,,,,,08a6f76bd428-315,,,0,,,,,,,272,315,08:A6:F7:6B:D4:28,,,,,,1841,21,30,21,21,9,,,-4,21,375,23,3,,,,2851626,1786523627881,2851639,1786523627894,,1786523627853,29,2026-08-12T08:33:48.9193391Z,62,,,oasis/bottle,,0,,,,,
,,,,,,,,,,,,,,,13,,,,,,,,,1,,,0,,,,,0,,,,,0,,,,,,,,,,,local.mqtt.telegraf,33,,31.04,,,,,,periodic,,27,,,,,5,5,08a6f76bd428,,,76208,43264,,6,315,,,,,,,,,,,,,316,,,,,08a6f76bd428-316,,,0,,,,,,,272,316,08:A6:F7:6B:D4:28,,,,,,3331,21,30,21,21,9,,,-4,21,375,23,3,,,,2853116,1786523629371,2853129,1786523629384,,1786523629344,29,2026-08-12T08:33:50.4105334Z,62,,,oasis/bottle,,0,,,,,
,,,,,,,,,,,,,,,13,,,,,,,,,1,,,0,,,,,0,,,,,0,,,,,,,,,,,local.mqtt.telegraf,33,,31.08,,,,,,periodic,,27,,,,,5,5,08a6f76bd428,,,67200,43264,,10,316,,,,,,,,,,,,,317,,,,,08a6f76bd428-317,,,0,,,,,,,272,317,08:A6:F7:6B:D4:28,,,,,,4521,21,30,21,21,9,,,-4,21,375,23,3,,,,2854306,1786523630561,2854319,1786523630574,,1786523630534,29,2026-08-12T08:33:51.6095555Z,62,,,oasis/bottle,,0,,,,,
,,,,,,,,,,,,,,,13,,,,,,,,,1,,,0,,,,,0,,,,,0,,,,,,,,,,,local.mqtt.telegraf,33,,31.08,,,,,,periodic,,27,,,,,6,5,08a6f76bd428,,,58816,43264,,6,317,,,,,,,,,,,,,318,,,,,08a6f76bd428-318,,,0,,,,,,,273,318,08:A6:F7:6B:D4:28,,,,,,5691,21,30,21,21,9,,,-4,21,375,23,3,,,,2855476,1786523631731,2855489,1786523631744,,1786523631704,29,2026-08-12T08:33:52.7652883Z,62,,,oasis/bottle,,0,,,,,
,,,,,,,,,,,,,,,13,,,,,,,,,1,,,0,,,,,0,,,,,0,,,,,,,,,,,local.mqtt.telegraf,33,,30.92,,,,,,periodic,,27,,,,,5,5,08a6f76bd428,,,50448,43264,,5,318,,,,,,,,,,,,,319,,,,,08a6f76bd428-319,,,0,,,,,,,272,319,08:A6:F7:6B:D4:28,,,,,,6831,21,30,21,21,9,,,-4,21,375,23,3,,,,2856616,1786523632871,2856629,1786523632884,,1786523632844,29,2026-08-12T08:33:53.9017629Z,62,,,oasis/bottle,,0,,,,,
,,,,,,,,,,,,,,,13,,,,,,,,,1,,,0,,,,,0,,,,,0,,,,,,,,,,,local.mqtt.telegraf,33,,31.03,,,,,,periodic,,27,,,,,5,5,08a6f76bd428,,,121776,43264,,6,319,,,,,,,,,,,,,320,,,,,08a6f76bd428-320,,,0,,,,,,,273,320,08:A6:F7:6B:D4:28,,,,,,7901,21,30,21,21,9,,,-4,21,375,23,3,,,,2857686,1786523633941,2857699,1786523633954,,1786523633914,29,2026-08-12T08:33:54.9689195Z,62,,,oasis/bottle,,0,,,,,
,,,,,,,,,,,,,,,13,,,,,,,,,1,,,0,,,,,0,,,,,0,,,,,,,,,,,local.mqtt.telegraf,33,,31.05,,,,,,periodic,,27,,,,,5,5,08a6f76bd428,,,110800,43264,,5,320,,,,,,,,,,,,,321,,,,,08a6f76bd428-321,,,0,,,,,,,272,321,08:A6:F7:6B:D4:28,,,,,,9441,21,30,21,21,9,,,-4,21,375,23,3,,,,2859226,1786523635481,2859239,1786523635494,,1786523635454,29,2026-08-12T08:33:56.5135767Z,62,,,oasis/bottle,,0,,,,,
,,,,,,,,,,,,,,,13,,,,,,,,,1,,,0,,,,,0,,,,,0,,,,,,,,,,,local.mqtt.telegraf,33,,31.19,,,,,,periodic,,27,,,,,6,5,08a6f76bd428,,,101760,43264,,6,321,,,,,,,,,,,,,322,,,,,08a6f76bd428-322,,,0,,,,,,,273,322,08:A6:F7:6B:D4:28,,,,,,10721,21,30,21,21,9,,,-4,21,375,23,3,,,,2860506,1786523636761,2860519,1786523636774,,1786523636734,29,2026-08-12T08:33:57.9100143Z,62,,,oasis/bottle,,0,,,,,
,,,,,,,,,,,,,,,13,,,,,,,,,1,,,0,,,,,0,,,,,0,,,,,,,,,,,local.mqtt.telegraf,33,,31.16,,,,,,periodic,,27,,,,,5,5,08a6f76bd428,,,92080,43264,,6,322,,,,,,,,,,,,,323,,,,,08a6f76bd428-323,,,0,,,,,,,272,323,08:A6:F7:6B:D4:28,,,,,,12081,21,30,21,21,9,,,-4,21,375,23,3,,,,2861866,1786523638121,2861879,1786523638134,,1786523638094,29,2026-08-12T08:33:59.2970253Z,62,,,oasis/bottle,,0,,,,,
,,,,,,,,,,,,,,,13,,,,,,,,,1,,,0,,,,,0,,,,,0,,,,,,,,,,,local.mqtt.telegraf,33,,31.04,,,,,,periodic,,27,,,,,5,5,08a6f76bd428,,,81104,43264,,6,323,,,,,,,,,,,,,324,,,,,08a6f76bd428-324,,,0,,,,,,,272,324,08:A6:F7:6B:D4:28,,,,,,13601,21,30,21,21,9,,,-4,21,375,23,3,,,,2863386,1786523639641,2863399,1786523639654,,1786523639614,29,2026-08-12T08:34:00.6829892Z,62,,,oasis/bottle,,0,,,,,
,,,,,,,,,,,,,,,13,,,,,,,,,1,,,0,,,,,0,,,,,0,,,,,,,,,,,local.mqtt.telegraf,33,,30.95,,,,,,periodic,,27,,,,,5,5,08a6f76bd428,,,72096,43264,,6,324,,,,,,,,,,,,,325,,,,,08a6f76bd428-325,,,0,,,,,,,272,325,08:A6:F7:6B:D4:28,,,,,,14831,21,30,21,21,9,,,-4,21,375,23,3,,,,2864616,1786523640871,2864629,1786523640884,,1786523640844,29,2026-08-12T08:34:01.9315818Z,62,,,oasis/bottle,,0,,,,,
,,,,,,,,,,,,,,,14,,,,,,,,,1,,,0,,,,,0,,,,,0,,,,,,,,,,,local.mqtt.telegraf,33,,31.04,,,,,,periodic,,27,,,,,5,5,08a6f76bd428,,,63088,43264,,6,325,,,,,,,,,,,,,326,,,,,08a6f76bd428-326,,,0,,,,,,,272,326,08:A6:F7:6B:D4:28,,,,,,16091,21,30,21,21,9,,,-4,21,375,23,3,,,,2865876,1786523642131,2865890,1786523642145,,1786523642104,29,2026-08-12T08:34:03.1627969Z,62,,,oasis/bottle,,0,,,,,
,,,,,,,,,,,,,,,13,,,,,,,,,1,,,0,,,,,0,,,,,0,,,,,,,,,,,local.mqtt.telegraf,33,,30.99,,,,,,periodic,,27,,,,,5,5,08a6f76bd428,,,53424,43264,,6,326,,,,,,,,,,,,,327,,,,,08a6f76bd428-327,,,0,,,,,,,272,327,08:A6:F7:6B:D4:28,,,,,,17411,21,30,21,21,9,,,-4,21,375,23,3,,,,2867196,1786523643451,2867209,1786523643464,,1786523643424,29,2026-08-12T08:34:04.4937027Z,62,,,oasis/bottle,,0,,,,,
,,,,,,,,,,,,,,,14,,,,,,,,,1,,,0,,,,,0,,,,,0,,,,,,,,,,,local.mqtt.telegraf,33,,31.08,,,,,,periodic,,27,,,,,11,5,08a6f76bd428,,,43104,43104,,6,327,,,,,,,,,,,,,328,,,,,08a6f76bd428-328,,,0,,,,,,,273,328,08:A6:F7:6B:D4:28,,,,,,18851,21,30,21,21,9,,,-4,21,375,23,3,,,,2868636,1786523644891,2868650,1786523644905,,1786523644864,29,2026-08-12T08:34:05.9326636Z,62,,,oasis/bottle,,0,,,,,
,,,,,,,,,,,,,,,13,,,,,,,,,1,,,0,,,,,0,,,,,0,,,,,,,,,,,local.mqtt.telegraf,33,,31.15,,,,,,periodic,,27,,,,,5,5,08a6f76bd428,,,114368,43104,,6,328,,,,,,,,,,,,,329,,,,,08a6f76bd428-329,,,0,,,,,,,272,329,08:A6:F7:6B:D4:28,,,,,,19941,21,30,21,21,9,,,-4,21,375,23,3,,,,2869726,1786523645981,2869739,1786523645994,,1786523645954,29,2026-08-12T08:34:07.0158662Z,62,,,oasis/bottle,,0,,,,,
,,,,,,,,,,,,,,,13,,,,,,,,,1,,,0,,,,,0,,,,,0,,,,,,,,,,,local.mqtt.telegraf,33,,31.15,,,,,,periodic,,26,,,,,5,5,08a6f76bd428,,,92736,43104,,6,329,,,,,,,,,,,,,330,,,,,08a6f76bd428-330,,,0,,,,,,,273,330,08:A6:F7:6B:D4:28,,,,,,1081,22,39,21,21,18,,,0,21,374,23,3,,,,2871285,1786523647540,2871298,1786523647553,,1786523647514,29,2026-08-12T08:34:08.5864375Z,65,,,oasis/bottle,,0,,,,,
,,,,,,,,,,,,,,,13,,,,,,,,,1,,,0,,,,,0,,,,,0,,,,,,,,,,,local.mqtt.telegraf,33,,31.28,,,,,,periodic,,27,,,,,5,5,08a6f76bd428,,,82240,43104,,5,330,,,,,,,,,,,,,331,,,,,08a6f76bd428-331,,,0,,,,,,,273,331,08:A6:F7:6B:D4:28,,,,,,2441,22,39,21,21,18,,,0,21,374,23,3,,,,2872646,1786523648901,2872659,1786523648914,,1786523648874,29,2026-08-12T08:34:09.9354447Z,65,,,oasis/bottle,,0,,,,,
,,,,,,,,,,,,,,,13,,,,,,,,,1,,,0,,,,,0,,,,,0,,,,,,,,,,,local.mqtt.telegraf,33,,31.55,,,,,,periodic,,27,,,,,5,5,08a6f76bd428,,,71920,43104,,6,331,,,,,,,,,,,,,332,,,,,08a6f76bd428-332,,,0,,,,,,,272,332,08:A6:F7:6B:D4:28,,,,,,3921,22,39,21,21,18,,,0,21,374,23,3,,,,2874126,1786523650381,2874139,1786523650394,,1786523650354,29,2026-08-12T08:34:11.4208365Z,65,,,oasis/bottle,,0,,,,,
,,,,,,,,,,,,,,,13,,,,,,,,,1,,,0,,,,,0,,,,,0,,,,,,,,,,,local.mqtt.telegraf,33,,31.87,,,,,,periodic,,27,,,,,5,5,08a6f76bd428,,,63568,43104,,6,332,,,,,,,,,,,,,333,,,,,08a6f76bd428-333,,,0,,,,,,,272,333,08:A6:F7:6B:D4:28,,,,,,5071,22,39,21,21,18,,,0,21,374,23,3,,,,2875276,1786523651531,2875289,1786523651544,,1786523651504,29,2026-08-12T08:34:12.5689906Z,65,,,oasis/bottle,,0,,,,,
,,,,,,,,,,,,,,,13,,,,,,,,,1,,,0,,,,,0,,,,,0,,,,,,,,,,,local.mqtt.telegraf,33,,32.03,,,,,,periodic,,28,,,,,6,5,08a6f76bd428,,,55216,43104,,6,333,,,,,,,,,,,,,334,,,,,08a6f76bd428-334,,,0,,,,,,,272,334,08:A6:F7:6B:D4:28,,,,,,6171,22,39,21,21,18,,,0,21,374,23,3,,,,2876376,1786523652631,2876389,1786523652644,,1786523652603,29,2026-08-12T08:34:13.6644347Z,65,,,oasis/bottle,,0,,,,,
,,,,,,,,,,,,,,,13,,,,,,,,,1,,,0,,,,,0,,,,,0,,,,,,,,,,,local.mqtt.telegraf,33,,32.42,,,,,,periodic,,27,,,,,5,5,08a6f76bd428,,,47520,43104,,6,334,,,,,,,,,,,,,335,,,,,08a6f76bd428-335,,,0,,,,,,,272,335,08:A6:F7:6B:D4:28,,,,,,7171,22,39,21,21,18,,,0,21,374,23,3,,,,2877376,1786523653631,2877389,1786523653644,,1786523653604,29,2026-08-12T08:34:14.6751223Z,65,,,oasis/bottle,,0,,,,,
,,,,,,,,,,,,,,,13,,,,,,,,,1,,,0,,,,,0,,,,,0,,,,,,,,,,,local.mqtt.telegraf,33,,32.44,,,,,,periodic,,27,,,,,5,5,08a6f76bd428,,,117264,43104,,6,335,,,,,,,,,,,,,336,,,,,08a6f76bd428-336,,,0,,,,,,,272,336,08:A6:F7:6B:D4:28,,,,,,8571,22,39,21,21,18,,,0,21,374,23,3,,,,2878776,1786523655031,2878789,1786523655044,,1786523655004,29,2026-08-12T08:34:16.0634871Z,65,,,oasis/bottle,,0,,,,,
,,,,,,,,,,,,,,,13,,,,,,,,,1,,,0,,,,,0,,,,,0,,,,,,,,,,,local.mqtt.telegraf,33,,32.02,,,,,,periodic,,27,,,,,5,5,08a6f76bd428,,,109568,43104,,6,336,,,,,,,,,,,,,337,,,,,08a6f76bd428-337,,,0,,,,,,,272,337,08:A6:F7:6B:D4:28,,,,,,9571,22,39,21,21,18,,,0,21,374,23,3,,,,2879776,1786523656031,2879789,1786523656044,,1786523656004,29,2026-08-12T08:34:17.077657Z,65,,,oasis/bottle,,0,,,,,
,,,,,,,,,,,,,,,13,,,,,,,,,1,,,0,,,,,0,,,,,0,,,,,,,,,,,local.mqtt.telegraf,33,,31.74,,,,,,periodic,,35,,,,,5,5,08a6f76bd428,,,99872,43104,,6,337,,,,,,,,,,,,,338,,,,,08a6f76bd428-338,,,0,,,,,,,273,338,08:A6:F7:6B:D4:28,,,,,,10961,22,39,21,21,18,,,0,21,374,23,3,,,,2881174,1786523657429,2881187,1786523657442,,1786523657394,29,2026-08-12T08:34:18.4641039Z,65,,,oasis/bottle,,0,,,,,
,,,,,,,,,,,,,,,13,,,,,,,,,1,,,0,,,,,0,,,,,0,,,,,,,,,,,local.mqtt.telegraf,33,,31.42,,,,,,periodic,,27,,,,,5,5,08a6f76bd428,,,88880,43104,,9,338,,,,,,,,,,,,,339,,,,,08a6f76bd428-339,,,0,,,,,,,272,339,08:A6:F7:6B:D4:28,,,,,,12551,22,39,21,21,18,,,0,21,374,23,3,,,,2882756,1786523659011,2882769,1786523659024,,1786523658984,29,2026-08-12T08:34:20.0467868Z,65,,,oasis/bottle,,0,,,,,
,,,,,,,,,,,,,,,13,,,,,,,,,1,,,0,,,,,0,,,,,0,,,,,,,,,,,local.mqtt.telegraf,33,,31.24,,,,,,periodic,,27,,,,,5,5,08a6f76bd428,,,79216,43104,,6,339,,,,,,,,,,,,,340,,,,,08a6f76bd428-340,,,0,,,,,,,272,340,08:A6:F7:6B:D4:28,,,,,,13921,22,39,21,21,18,,,0,21,374,23,3,,,,2884126,1786523660381,2884139,1786523660394,,1786523660354,29,2026-08-12T08:34:22.9075578Z,65,,,oasis/bottle,,0,,,,,
,,,,,,,,,,,,,,,13,,,,,,,,,1,,,0,,,,,0,,,,,0,,,,,,,,,,,local.mqtt.telegraf,33,,31.13,,,,,,periodic,,27,,,,,5,5,08a6f76bd428,,,68240,43104,,6,340,,,,,,,,,,,,,341,,,,,08a6f76bd428-341,,,0,,,,,,,272,341,08:A6:F7:6B:D4:28,,,,,,15461,22,39,21,21,18,,,0,21,374,23,3,,,,2885666,1786523661921,2885679,1786523661934,,1786523661894,29,2026-08-12T08:34:22.9603544Z,65,,,oasis/bottle,,0,,,,,
,,,,,,,,,,,,,,,13,,,,,,,,,1,,,0,,,,,0,,,,,0,,,,,,,,,,,local.mqtt.telegraf,33,,31.12,,,,,,periodic,,28,,,,,6,5,08a6f76bd428,,,59232,43104,,6,341,,,,,,,,,,,,,342,,,,,08a6f76bd428-342,,,0,,,,,,,272,342,08:A6:F7:6B:D4:28,,,,,,16741,22,39,21,21,18,,,0,21,374,23,3,,,,2886946,1786523663201,2886959,1786523663214,,1786523663173,29,2026-08-12T08:34:24.2416151Z,65,,,oasis/bottle,,0,,,,,
,,,,,,,,,,,,,,,14,,,,,,,,,1,,,0,,,,,0,,,,,0,,,,,,,,,,,local.mqtt.telegraf,33,,31.31,,,,,,periodic,,27,,,,,5,5,08a6f76bd428,,,49568,43104,,6,342,,,,,,,,,,,,,343,,,,,08a6f76bd428-343,,,0,,,,,,,272,343,08:A6:F7:6B:D4:28,,,,,,18091,22,39,21,21,18,,,0,21,374,23,3,,,,2888296,1786523664551,2888310,1786523664565,,1786523664524,29,2026-08-12T08:34:25.5824248Z,65,,,oasis/bottle,,0,,,,,
,,,,,,,,,,,,,,,13,,,,,,,,,1,,,0,,,,,0,,,,,0,,,,,,,,,,,local.mqtt.telegraf,33,,31.32,,,,,,periodic,,57,,,,,5,5,08a6f76bd428,,,118576,43104,,10,343,,,,,,,,,,,,,344,,,,,08a6f76bd428-344,,,0,,,,,,,272,344,08:A6:F7:6B:D4:28,,,,,,19601,22,39,21,21,18,,,0,21,374,23,3,,,,2889836,1786523666091,2889849,1786523666104,,1786523666034,29,2026-08-12T08:34:27.1339743Z,65,,,oasis/bottle,,0,,,,,
,,,,,,,,,,,,,,,13,,,,,,,,,1,,,0,,,,,0,,,,,0,,,,,,,,,,,local.mqtt.telegraf,33,,31.21,,,,,,periodic,,25,,,,,6,5,08a6f76bd428,,,98208,43104,,48,344,,,,,,,,,,,,,345,,,,,08a6f76bd428-345,,,0,,,,,,,273,345,08:A6:F7:6B:D4:28,,,,,,492,23,31,21,21,10,,,-4,21,373,23,3,,,,2891095,1786523667350,2891108,1786523667363,,1786523667325,29,2026-08-12T08:34:28.3918745Z,68,,,oasis/bottle,,0,,,,,
,,,,,,,,,,,,,,,14,,,,,,,,,1,,,0,,,,,0,,,,,0,,,,,,,,,,,local.mqtt.telegraf,33,,31.08,,,,,,periodic,,27,,,,,5,5,08a6f76bd428,,,88544,43104,,6,345,,,,,,,,,,,,,346,,,,,08a6f76bd428-346,,,0,,,,,,,272,346,08:A6:F7:6B:D4:28,,,,,,1791,23,31,21,21,10,,,-4,21,373,23,3,,,,2892396,1786523668651,2892410,1786523668665,,1786523668624,29,2026-08-12T08:34:29.6839373Z,68,,,oasis/bottle,,0,,,,,
,,,,,,,,,,,,,,,13,,,,,,,,,1,,,0,,,,,0,,,,,0,,,,,,,,,,,local.mqtt.telegraf,33,,30.93,,,,,,periodic,,27,,,,,5,5,08a6f76bd428,,,78848,43104,,6,346,,,,,,,,,,,,,347,,,,,08a6f76bd428-347,,,0,,,,,,,273,347,08:A6:F7:6B:D4:28,,,,,,3181,23,31,21,21,10,,,-4,21,373,23,3,,,,2893786,1786523670041,2893799,1786523670054,,1786523670014,29,2026-08-12T08:34:31.0701483Z,68,,,oasis/bottle,,0,,,,,
,,,,,,,,,,,,,,,13,,,,,,,,,1,,,0,,,,,0,,,,,0,,,,,,,,,,,local.mqtt.telegraf,33,,30.92,,,,,,periodic,,27,,,,,5,5,08a6f76bd428,,,67856,43104,,7,347,,,,,,,,,,,,,348,,,,,08a6f76bd428-348,,,0,,,,,,,272,348,08:A6:F7:6B:D4:28,,,,,,4771,23,31,21,21,10,,,-4,21,373,23,3,,,,2895376,1786523671631,2895389,1786523671644,,1786523671604,29,2026-08-12T08:34:32.6724978Z,68,,,oasis/bottle,,0,,,,,
,,,,,,,,,,,,,,,13,,,,,,,,,1,,,0,,,,,0,,,,,0,,,,,,,,,,,local.mqtt.telegraf,33,,30.85,,,,,,periodic,,27,,,,,5,5,08a6f76bd428,,,58192,43104,,6,348,,,,,,,,,,,,,349,,,,,08a6f76bd428-349,,,0,,,,,,,272,349,08:A6:F7:6B:D4:28,,,,,,6141,23,31,21,21,10,,,-4,21,373,23,3,,,,2896746,1786523673001,2896759,1786523673014,,1786523672974,29,2026-08-12T08:34:34.0429285Z,68,,,oasis/bottle,,0,,,,,
,,,,,,,,,,,,,,,21,,,,,,,,,1,,,0,,,,,0,,,,,0,,,,,,,,,,,local.mqtt.telegraf,33,,30.82,,,,,,periodic,,28,,,,,6,5,08a6f76bd428,,,47216,43104,,6,349,,,,,,,,,,,,,350,,,,,08a6f76bd428-350,,,0,,,,,,,272,350,08:A6:F7:6B:D4:28,,,,,,7681,23,31,21,21,10,,,-4,21,373,23,3,,,,2898286,1786523674541,2898307,1786523674562,,1786523674513,29,2026-08-12T08:34:35.5941172Z,68,,,oasis/bottle,,0,,,,,
,,,,,,,,,,,,,,,13,,,,,,,,,1,,,0,,,,,0,,,,,0,,,,,,,,,,,local.mqtt.telegraf,33,,30.82,,,,,,periodic,,27,,,,,5,5,08a6f76bd428,,,118016,43104,,6,350,,,,,,,,,,,,,351,,,,,08a6f76bd428-351,,,0,,,,,,,272,351,08:A6:F7:6B:D4:28,,,,,,8951,23,31,21,21,10,,,-4,21,373,23,3,,,,2899556,1786523675811,2899569,1786523675824,,1786523675784,29,2026-08-12T08:34:36.8503784Z,68,,,oasis/bottle,,0,,,,,
,,,,,,,,,,,,,,,14,,,,,,,,,1,,,0,,,,,0,,,,,0,,,,,,,,,,,local.mqtt.telegraf,33,,30.89,,,,,,periodic,,27,,,,,5,5,08a6f76bd428,,,108352,43104,,6,351,,,,,,,,,,,,,352,,,,,08a6f76bd428-352,,,0,,,,,,,272,352,08:A6:F7:6B:D4:28,,,,,,10291,23,31,21,21,10,,,-4,21,373,23,3,,,,2900896,1786523677151,2900910,1786523677165,,1786523677124,29,2026-08-12T08:34:38.1879452Z,68,,,oasis/bottle,,0,,,,,
,,,,,,,,,,,,,,,13,,,,,,,,,1,,,0,,,,,0,,,,,0,,,,,,,,,,,local.mqtt.telegraf,33,,30.76,,,,,,periodic,,27,,,,,5,5,08a6f76bd428,,,98032,43104,,6,352,,,,,,,,,,,,,353,,,,,08a6f76bd428-353,,,0,,,,,,,272,353,08:A6:F7:6B:D4:28,,,,,,11771,23,31,21,21,10,,,-4,21,373,23,3,,,,2902376,1786523678631,2902389,1786523678644,,1786523678604,29,2026-08-12T08:34:39.6662067Z,68,,,oasis/bottle,,0,,,,,
,,,,,,,,,,,,,,,13,,,,,,,,,1,,,0,,,,,0,,,,,0,,,,,,,,,,,local.mqtt.telegraf,33,,30.82,,,,,,periodic,,28,,,,,6,5,08a6f76bd428,,,89680,43104,,8,353,,,,,,,,,,,,,354,,,,,08a6f76bd428-354,,,0,,,,,,,272,354,08:A6:F7:6B:D4:28,,,,,,12931,23,31,21,21,10,,,-4,21,373,23,3,,,,2903536,1786523679791,2903549,1786523679804,,1786523679763,29,2026-08-12T08:34:40.8323031Z,68,,,oasis/bottle,,0,,,,,
,,,,,,,,,,,,,,,13,,,,,,,,,1,,,0,,,,,0,,,,,0,,,,,,,,,,,local.mqtt.telegraf,33,,30.77,,,,,,periodic,,28,,,,,6,5,08a6f76bd428,,,81328,43104,,6,354,,,,,,,,,,,,,355,,,,,08a6f76bd428-355,,,0,,,,,,,272,355,08:A6:F7:6B:D4:28,,,,,,14051,23,31,21,21,10,,,-4,21,373,23,3,,,,2904656,1786523680911,2904669,1786523680924,,1786523680883,29,2026-08-12T08:34:41.9356516Z,68,,,oasis/bottle,,0,,,,,
,,,,,,,,,,,,,,,13,,,,,,,,,1,,,0,,,,,0,,,,,0,,,,,,,,,,,local.mqtt.telegraf,33,,30.82,,,,,,periodic,,28,,,,,6,5,08a6f76bd428,,,73632,43104,,6,355,,,,,,,,,,,,,356,,,,,08a6f76bd428-356,,,0,,,,,,,272,356,08:A6:F7:6B:D4:28,,,,,,15081,23,31,21,21,10,,,-4,21,373,23,3,,,,2905686,1786523681941,2905699,1786523681954,,1786523681913,29,2026-08-12T08:34:42.9817511Z,68,,,oasis/bottle,,0,,,,,
,,,,,,,,,,,,,,,13,,,,,,,,,1,,,0,,,,,0,,,,,0,,,,,,,,,,,local.mqtt.telegraf,33,,30.9,,,,,,periodic,,28,,,,,6,5,08a6f76bd428,,,63312,43104,,6,356,,,,,,,,,,,,,357,,,,,08a6f76bd428-357,,,0,,,,,,,272,357,08:A6:F7:6B:D4:28,,,,,,16541,23,31,21,21,10,,,-4,21,373,23,3,,,,2907146,1786523683401,2907159,1786523683414,,1786523683373,29,2026-08-12T08:34:44.4395601Z,68,,,oasis/bottle,,0,,,,,
,,,,,,,,,,,,,,,14,,,,,,,,,1,,,0,,,,,0,,,,,0,,,,,,,,,,,local.mqtt.telegraf,33,,30.82,,,,,,periodic,,28,,,,,6,5,08a6f76bd428,,,54960,43104,,6,357,,,,,,,,,,,,,358,,,,,08a6f76bd428-358,,,0,,,,,,,272,358,08:A6:F7:6B:D4:28,,,,,,17661,23,31,21,21,10,,,-4,21,373,23,3,,,,2908266,1786523684521,2908280,1786523684535,,1786523684493,29,2026-08-12T08:34:45.5459284Z,68,,,oasis/bottle,,0,,,,,
,,,,,,,,,,,,,,,13,,,,,,,,,1,,,0,,,,,0,,,,,0,,,,,,,,,,,local.mqtt.telegraf,33,,30.81,,,,,,periodic,,27,,,,,5,5,08a6f76bd428,,,47264,43104,,6,358,,,,,,,,,,,,,359,,,,,08a6f76bd428-359,,,0,,,,,,,272,359,08:A6:F7:6B:D4:28,,,,,,18701,23,31,21,21,10,,,-4,21,373,23,3,,,,2909306,1786523685561,2909319,1786523685574,,1786523685534,29,2026-08-12T08:34:46.5916695Z,68,,,oasis/bottle,,0,,,,,
,,,,,,,,,,,,,,,13,,,,,,,,,1,,,0,,,,,0,,,,,0,,,,,,,,,,,local.mqtt.telegraf,33,,30.88,,,,,,periodic,,28,,,,,6,5,08a6f76bd428,,,116704,43104,,6,359,,,,,,,,,,,,,360,,,,,08a6f76bd428-360,,,0,,,,,,,272,360,08:A6:F7:6B:D4:28,,,,,,20181,23,31,21,21,10,,,-4,21,373,23,3,,,,2910786,1786523687041,2910799,1786523687054,,1786523687013,29,2026-08-12T08:34:48.0806063Z,68,,,oasis/bottle,,0,,,,,
,,,,,,,,,,,,,,,13,,,,,,,,,1,,,0,,,,,0,,,,,0,,,,,,,,,,,local.mqtt.telegraf,33,,30.77,,,,,,periodic,,23,,,,,5,5,08a6f76bd428,,,96160,43104,,6,360,,,,,,,,,,,,,361,,,,,08a6f76bd428-361,,,0,,,,,,,273,361,08:A6:F7:6B:D4:28,,,,,,1131,24,31,27,27,4,,,-1,27,382,30,3,,,,2911985,1786523688240,2911998,1786523688253,,1786523688217,29,2026-08-12T08:34:49.2816134Z,70,,,oasis/bottle,,0,,,,,
,,,,,,,,,,,,,,,13,,,,,,,,,1,,,0,,,,,0,,,,,0,,,,,,,,,,,local.mqtt.telegraf,33,,30.92,,,,,,periodic,,25,,,,,6,5,08a6f76bd428,,,87808,43104,,5,361,,,,,,,,,,,,,362,,,,,08a6f76bd428-362,,,0,,,,,,,272,362,08:A6:F7:6B:D4:28,,,,,,2281,24,31,27,27,4,,,-1,27,382,30,3,,,,2913136,1786523689391,2913149,1786523689404,,1786523689366,29,2026-08-12T08:34:50.4416377Z,70,,,oasis/bottle,,0,,,,,
,,,,,,,,,,,,,,,13,,,,,,,,,1,,,0,,,,,0,,,,,0,,,,,,,,,,,local.mqtt.telegraf,33,,31.04,,,,,,periodic,,24,,,,,5,5,08a6f76bd428,,,79456,43104,,6,362,,,,,,,,,,,,,363,,,,,08a6f76bd428-363,,,0,,,,,,,272,363,08:A6:F7:6B:D4:28,,,,,,3381,24,31,27,27,4,,,-1,27,382,30,3,,,,2914236,1786523690491,2914249,1786523690504,,1786523690467,29,2026-08-12T08:34:51.5286183Z,70,,,oasis/bottle,,0,,,,,
,,,,,,,,,,,,,,,13,,,,,,,,,1,,,0,,,,,0,,,,,0,,,,,,,,,,,local.mqtt.telegraf,33,,30.96,,,,,,periodic,,24,,,,,5,5,08a6f76bd428,,,71760,43104,,6,363,,,,,,,,,,,,,364,,,,,08a6f76bd428-364,,,0,,,,,,,272,364,08:A6:F7:6B:D4:28,,,,,,4381,24,31,27,27,4,,,-1,27,382,30,3,,,,2915236,1786523691491,2915249,1786523691504,,1786523691467,29,2026-08-12T08:34:52.5161918Z,70,,,oasis/bottle,,0,,,,,
,,,,,,,,,,,,,,,13,,,,,,,,,1,,,0,,,,,0,,,,,0,,,,,,,,,,,local.mqtt.telegraf,33,,30.93,,,,,,periodic,,22,,,,,6,5,08a6f76bd428,,,61520,43104,,6,364,,,,,,,,,,,,,365,,,,,08a6f76bd428-365,,,0,,,,,,,273,365,08:A6:F7:6B:D4:28,,,,,,5773,24,31,27,27,4,,,-1,27,382,30,3,,,,2916626,1786523692881,2916639,1786523692894,,1786523692859,29,2026-08-12T08:34:53.9255884Z,70,,,oasis/bottle,,0,,,,,
,,,,,,,,,,,,,,,13,,,,,,,,,1,,,0,,,,,0,,,,,0,,,,,,,,,,,local.mqtt.telegraf,33,,30.8,,,,,,periodic,,24,,,,,5,5,08a6f76bd428,,,50416,43104,,6,365,,,,,,,,,,,,,366,,,,,08a6f76bd428-366,,,0,,,,,,,272,366,08:A6:F7:6B:D4:28,,,,,,7361,24,31,27,27,4,,,-1,27,382,30,3,,,,2918216,1786523694471,2918229,1786523694484,,1786523694447,29,2026-08-12T08:34:55.5069121Z,70,,,oasis/bottle,,0,,,,,
,,,,,,,,,,,,,,,13,,,,,,,,,1,,,0,,,,,0,,,,,0,,,,,,,,,,,local.mqtt.telegraf,33,,31.12,,,,,,periodic,,25,,,,,6,5,08a6f76bd428,,,120640,43104,,6,366,,,,,,,,,,,,,367,,,,,08a6f76bd428-367,,,0,,,,,,,272,367,08:A6:F7:6B:D4:28,,,,,,8731,24,31,27,27,4,,,-1,27,382,30,3,,,,2919586,1786523695841,2919599,1786523695854,,1786523695816,29,2026-08-12T08:34:56.8889249Z,70,,,oasis/bottle,,0,,,,,
,,,,,,,,,,,,,,,13,,,,,,,,,1,,,0,,,,,0,,,,,0,,,,,,,,,,,local.mqtt.telegraf,33,,31.19,,,,,,periodic,,25,,,,,6,5,08a6f76bd428,,,109664,43104,,6,367,,,,,,,,,,,,,368,,,,,08a6f76bd428-368,,,0,,,,,,,272,368,08:A6:F7:6B:D4:28,,,,,,10271,24,31,27,27,4,,,-1,27,382,30,3,,,,2921126,1786523697381,2921139,1786523697394,,1786523697356,29,2026-08-12T08:34:58.4195728Z,70,,,oasis/bottle,,0,,,,,
,,,,,,,,,,,,,,,13,,,,,,,,,1,,,0,,,,,0,,,,,0,,,,,,,,,,,local.mqtt.telegraf,33,,31.15,,,,,,periodic,,24,,,,,5,5,08a6f76bd428,,,100656,43104,,6,368,,,,,,,,,,,,,369,,,,,08a6f76bd428-369,,,0,,,,,,,272,369,08:A6:F7:6B:D4:28,,,,,,11551,24,31,27,27,4,,,-1,27,382,30,3,,,,2922406,1786523698661,2922419,1786523698674,,1786523698637,29,2026-08-12T08:34:59.6930002Z,70,,,oasis/bottle,,0,,,,,
,,,,,,,,,,,,,,,13,,,,,,,,,1,,,0,,,,,0,,,,,0,,,,,,,,,,,local.mqtt.telegraf,33,,31.15,,,,,,periodic,,24,,,,,5,5,08a6f76bd428,,,90992,43104,,6,369,,,,,,,,,,,,,370,,,,,08a6f76bd428-370,,,0,,,,,,,272,370,08:A6:F7:6B:D4:28,,,,,,12901,24,31,27,27,4,,,-1,27,382,30,3,,,,2923756,1786523700011,2923769,1786523700024,,1786523699987,29,2026-08-12T08:35:01.0421686Z,70,,,oasis/bottle,,0,,,,,
,,,,,,,,,,,,,,,13,,,,,,,,,1,,,0,,,,,0,,,,,0,,,,,,,,,,,local.mqtt.telegraf,33,,31.25,,,,,,periodic,,22,,,,,5,5,08a6f76bd428,,,80096,43104,,8,370,,,,,,,,,,,,,371,,,,,08a6f76bd428-371,,,0,,,,,,,273,371,08:A6:F7:6B:D4:28,,,,,,14403,24,31,27,27,4,,,-1,27,382,30,3,,,,2925256,1786523701511,2925269,1786523701524,,1786523701489,29,2026-08-12T08:35:02.5468952Z,70,,,oasis/bottle,,0,,,,,
,,,,,,,,,,,,,,,13,,,,,,,,,1,,,0,,,,,0,,,,,0,,,,,,,,,,,local.mqtt.telegraf,33,,31.19,,,,,,periodic,,24,,,,,5,5,08a6f76bd428,,,70960,43104,,6,371,,,,,,,,,,,,,372,,,,,08a6f76bd428-372,,,0,,,,,,,272,372,08:A6:F7:6B:D4:28,,,,,,15601,24,31,27,27,4,,,-1,27,382,30,3,,,,2926456,1786523702711,2926469,1786523702724,,1786523702687,29,2026-08-12T08:35:03.7444599Z,70,,,oasis/bottle,,0,,,,,
,,,,,,,,,,,,,,,13,,,,,,,,,1,,,0,,,,,0,,,,,0,,,,,,,,,,,local.mqtt.telegraf,33,,31.2,,,,,,periodic,,25,,,,,6,5,08a6f76bd428,,,61952,43104,,6,372,,,,,,,,,,,,,373,,,,,08a6f76bd428-373,,,0,,,,,,,272,373,08:A6:F7:6B:D4:28,,,,,,16801,24,31,27,27,4,,,-1,27,382,30,3,,,,2927656,1786523703911,2927669,1786523703924,,1786523703886,29,2026-08-12T08:35:04.9633068Z,70,,,oasis/bottle,,0,,,,,
,,,,,,,,,,,,,,,14,,,,,,,,,1,,,0,,,,,0,,,,,0,,,,,,,,,,,local.mqtt.telegraf,33,,31.33,,,,,,periodic,,24,,,,,5,5,08a6f76bd428,,,52944,43104,,7,373,,,,,,,,,,,,,374,,,,,08a6f76bd428-374,,,0,,,,,,,272,374,08:A6:F7:6B:D4:28,,,,,,18001,24,31,27,27,4,,,-1,27,382,30,3,,,,2928856,1786523705111,2928870,1786523705125,,1786523705087,29,2026-08-12T08:35:06.1607991Z,70,,,oasis/bottle,,0,,,,,
,,,,,,,,,,,,,,,13,,,,,,,,,1,,,0,,,,,0,,,,,0,,,,,,,,,,,local.mqtt.telegraf,33,,31.38,,,,,,periodic,,25,,,,,12,5,08a6f76bd428,,,43936,43104,,6,374,,,,,,,,,,,,,375,,,,,08a6f76bd428-375,,,0,,,,,,,272,375,08:A6:F7:6B:D4:28,,,,,,19191,24,31,27,27,4,,,-1,27,382,30,3,,,,2930046,1786523706301,2930059,1786523706314,,1786523706276,29,2026-08-12T08:35:07.3304011Z,70,,,oasis/bottle,,0,,,,,
,,,,,,,,,,,,,,,14,,,,,,,,,1,,,0,,,,,0,,,,,0,,,,,,,,,,,local.mqtt.telegraf,33,,31.38,,,,,,periodic,,24,,,,,5,5,08a6f76bd428,,,114144,43104,,6,375,,,,,,,,,,,,,376,,,,,08a6f76bd428-376,,,0,,,,,,,272,376,08:A6:F7:6B:D4:28,,,,,,20381,24,31,27,27,4,,,-1,27,382,30,3,,,,2931236,1786523707491,2931250,1786523707505,,1786523707467,29,2026-08-12T08:35:08.5327875Z,70,,,oasis/bottle,,0,,,,,
,,,,,,,,,,,,,,,13,,,,,,,,,1,,,0,,,,,0,,,,,0,,,,,,,,,,,local.mqtt.telegraf,33,,31.54,,,,,,periodic,,22,,,,,6,5,08a6f76bd428,,,94432,43104,,6,376,,,,,,,,,,,,,377,,,,,08a6f76bd428-377,,,0,,,,,,,272,377,08:A6:F7:6B:D4:28,,,,,,931,25,50,31,31,19,,,0,30,404,33,3,,,,2932405,1786523708660,2932418,1786523708673,,1786523708638,29,2026-08-12T08:35:09.7040021Z,74,,,oasis/bottle,,0,,,,,
,,,,,,,,,,,,,,,13,,,,,,,,,1,,,0,,,,,0,,,,,0,,,,,,,,,,,local.mqtt.telegraf,33,,31.59,,,,,,periodic,,23,,,,,6,5,08a6f76bd428,,,86080,43104,,6,377,,,,,,,,,,,,,378,,,,,08a6f76bd428-378,,,0,,,,,,,272,378,08:A6:F7:6B:D4:28,,,,,,2071,25,50,31,31,19,,,0,30,404,33,3,,,,2933546,1786523709801,2933559,1786523709814,,1786523709778,29,2026-08-12T08:35:10.8405251Z,74,,,oasis/bottle,,0,,,,,
,,,,,,,,,,,,,,,13,,,,,,,,,1,,,0,,,,,0,,,,,0,,,,,,,,,,,local.mqtt.telegraf,33,,31.66,,,,,,periodic,,22,,,,,5,5,08a6f76bd428,,,77728,43104,,6,378,,,,,,,,,,,,,379,,,,,08a6f76bd428-379,,,0,,,,,,,272,379,08:A6:F7:6B:D4:28,,,,,,3151,25,50,31,31,19,,,0,30,404,33,3,,,,2934626,1786523710881,2934639,1786523710894,,1786523710859,29,2026-08-12T08:35:11.9226574Z,74,,,oasis/bottle,,0,,,,,
,,,,,,,,,,,,,,,13,,,,,,,,,1,,,0,,,,,0,,,,,0,,,,,,,,,,,local.mqtt.telegraf,33,,31.74,,,,,,periodic,,22,,,,,5,5,08a6f76bd428,,,66752,43104,,6,379,,,,,,,,,,,,,380,,,,,08a6f76bd428-380,,,0,,,,,,,272,380,08:A6:F7:6B:D4:28,,,,,,4701,25,50,31,31,19,,,0,30,404,33,3,,,,2936176,1786523712431,2936189,1786523712444,,1786523712409,29,2026-08-12T08:35:13.4680824Z,74,,,oasis/bottle,,0,,,,,
,,,,,,,,,,,,,,,13,,,,,,,,,1,,,0,,,,,0,,,,,0,,,,,,,,,,,local.mqtt.telegraf,33,,31.89,,,,,,periodic,,23,,,,,6,5,08a6f76bd428,,,57088,43104,,6,380,,,,,,,,,,,,,381,,,,,08a6f76bd428-381,,,0,,,,,,,272,381,08:A6:F7:6B:D4:28,,,,,,6001,25,50,31,31,19,,,0,30,404,33,3,,,,2937476,1786523713731,2937489,1786523713744,,1786523713708,29,2026-08-12T08:35:14.7598316Z,74,,,oasis/bottle,,0,,,,,
,,,,,,,,,,,,,,,13,,,,,,,,,1,,,0,,,,,0,,,,,0,,,,,,,,,,,local.mqtt.telegraf,33,,32.3,,,,,,periodic,,23,,,,,6,5,08a6f76bd428,,,46768,43104,,6,381,,,,,,,,,,,,,382,,,,,08a6f76bd428-382,,,0,,,,,,,272,382,08:A6:F7:6B:D4:28,,,,,,7401,25,50,31,31,19,,,0,30,404,33,3,,,,2938876,1786523715131,2938889,1786523715144,,1786523715108,29,2026-08-12T08:35:16.1689493Z,74,,,oasis/bottle,,0,,,,,
,,,,,,,,,,,,,,,13,,,,,,,,,1,,,0,,,,,0,,,,,0,,,,,,,,,,,local.mqtt.telegraf,33,,32.61,,,,,,periodic,,22,,,,,5,5,08a6f76bd428,,,118880,43104,,6,382,,,,,,,,,,,,,383,,,,,08a6f76bd428-383,,,0,,,,,,,273,383,08:A6:F7:6B:D4:28,,,,,,8401,25,50,31,31,19,,,0,30,404,33,3,,,,2939876,1786523716131,2939889,1786523716144,,1786523716109,29,2026-08-12T08:35:17.1560791Z,74,,,oasis/bottle,,0,,,,,
,,,,,,,,,,,,,,,13,,,,,,,,,1,,,0,,,,,0,,,,,0,,,,,,,,,,,local.mqtt.telegraf,33,,33.59,,,,,,periodic,,22,,,,,6,5,08a6f76bd428,,,109184,43104,,6,383,,,,,,,,,,,,,384,,,,,08a6f76bd428-384,,,0,,,,,,,273,384,08:A6:F7:6B:D4:28,,,,,,9791,25,50,31,31,19,,,0,30,404,33,3,,,,2941266,1786523717521,2941279,1786523717534,,1786523717499,29,2026-08-12T08:35:18.5579232Z,74,,,oasis/bottle,,0,,,,,
,,,,,,,,,,,,,,,13,,,,,,,,,1,,,0,,,,,0,,,,,0,,,,,,,,,,,local.mqtt.telegraf,33,,34.81,,,,,,periodic,,23,,,,,6,5,08a6f76bd428,,,98192,43104,,5,384,,,,,,,,,,,,,385,,,,,08a6f76bd428-385,,,0,,,,,,,272,385,08:A6:F7:6B:D4:28,,,,,,11381,25,50,31,31,19,,,0,30,404,33,3,,,,2942856,1786523719111,2942869,1786523719124,,1786523719088,29,2026-08-12T08:35:20.157768Z,74,,,oasis/bottle,,0,,,,,
,,,,,,,,,,,,,,,13,,,,,,,,,1,,,0,,,,,0,,,,,0,,,,,,,,,,,local.mqtt.telegraf,33,,35.91,,,,,,periodic,,23,,,,,6,5,08a6f76bd428,,,88528,43104,,6,385,,,,,,,,,,,,,386,,,,,08a6f76bd428-386,,,0,,,,,,,272,386,08:A6:F7:6B:D4:28,,,,,,12751,25,50,31,31,19,,,0,30,404,33,3,,,,2944226,1786523720481,2944239,1786523720494,,1786523720458,29,2026-08-12T08:35:21.5147852Z,74,,,oasis/bottle,,0,,,,,
,,,,,,,,,,,,,,,13,,,,,,,,,1,,,0,,,,,0,,,,,0,,,,,,,,,,,local.mqtt.telegraf,33,,36.84,,,,,,periodic,,22,,,,,5,5,08a6f76bd428,,,77552,43104,,6,386,,,,,,,,,,,,,387,,,,,08a6f76bd428-387,,,0,,,,,,,272,387,08:A6:F7:6B:D4:28,,,,,,14291,25,50,31,31,19,,,0,30,404,33,3,,,,2945766,1786523722021,2945779,1786523722034,,1786523721999,29,2026-08-12T08:35:23.0543267Z,74,,,oasis/bottle,,0,,,,,
,,,,,,,,,,,,,,,13,,,,,,,,,1,,,0,,,,,0,,,,,0,,,,,,,,,,,local.mqtt.telegraf,33,,37.3,,,,,,periodic,,22,,,,,6,5,08a6f76bd428,,,68512,43104,,7,387,,,,,,,,,,,,,388,,,,,08a6f76bd428-388,,,0,,,,,,,273,388,08:A6:F7:6B:D4:28,,,,,,15571,25,50,31,31,19,,,0,30,404,33,3,,,,2947046,1786523723301,2947059,1786523723314,,1786523723279,29,2026-08-12T08:35:24.3426967Z,74,,,oasis/bottle,,0,,,,,
,,,,,,,,,,,,,,,13,,,,,,,,,1,,,0,,,,,0,,,,,0,,,,,,,,,,,local.mqtt.telegraf,33,,37.49,,,,,,periodic,,23,,,,,6,5,08a6f76bd428,,,58832,43104,,6,388,,,,,,,,,,,,,389,,,,,08a6f76bd428-389,,,0,,,,,,,272,389,08:A6:F7:6B:D4:28,,,,,,16931,25,50,31,31,19,,,0,30,404,33,3,,,,2948406,1786523724661,2948419,1786523724674,,1786523724638,29,2026-08-12T08:35:25.6969364Z,74,,,oasis/bottle,,0,,,,,
,,,,,,,,,,,,,,,13,,,,,,,,,1,,,0,,,,,0,,,,,0,,,,,,,,,,,local.mqtt.telegraf,33,,37.58,,,,,,periodic,,23,,,,,6,5,08a6f76bd428,,,47856,43104,,6,389,,,,,,,,,,,,,390,,,,,08a6f76bd428-390,,,0,,,,,,,272,390,08:A6:F7:6B:D4:28,,,,,,18441,25,50,31,31,19,,,0,30,404,33,3,,,,2949916,1786523726171,2949929,1786523726184,,1786523726148,29,2026-08-12T08:35:27.2052587Z,74,,,oasis/bottle,,0,,,,,
,,,,,,,,,,,,,,,13,,,,,,,,,1,,,0,,,,,0,,,,,0,,,,,,,,,,,local.mqtt.telegraf,33,,37.75,,,,,,periodic,,22,,,,,5,5,08a6f76bd428,,,117920,43104,,6,390,,,,,,,,,,,,,391,,,,,08a6f76bd428-391,,,0,,,,,,,272,391,08:A6:F7:6B:D4:28,,,,,,19701,25,50,31,31,19,,,0,30,404,33,3,,,,2951176,1786523727431,2951189,1786523727444,,1786523727409,29,2026-08-12T08:35:28.4655042Z,74,,,oasis/bottle,,0,,,,,
,,,,,,,,,,,,,,,13,,,,,,,,,1,,,0,,,,,0,,,,,0,,,,,,,,,,,local.mqtt.telegraf,33,,37.75,,,,,,periodic,,25,,,,,6,5,08a6f76bd428,,,98096,43104,,6,391,,,,,,,,,,,,,392,,,,,08a6f76bd428-392,,,0,,,,,,,273,392,08:A6:F7:6B:D4:28,,,,,,393,26,30,21,21,9,,,-4,21,374,23,3,,,,2952445,1786523728700,2952458,1786523728713,,1786523728675,29,2026-08-12T08:35:29.742568Z,78,,,oasis/bottle,,0,,,,,
,,,,,,,,,,,,,,,13,,,,,,,,,1,,,0,,,,,0,,,,,0,,,,,,,,,,,local.mqtt.telegraf,33,,37.75,,,,,,periodic,,28,,,,,6,5,08a6f76bd428,,,88544,43104,,7,392,,,,,,,,,,,,,393,,,,,08a6f76bd428-393,,,0,,,,,,,272,393,08:A6:F7:6B:D4:28,,,,,,1741,26,30,21,21,9,,,-4,21,374,23,3,,,,2953796,1786523730051,2953809,1786523730064,,1786523730023,29,2026-08-12T08:35:31.0941363Z,78,,,oasis/bottle,,0,,,,,
,,,,,,,,,,,,,,,13,,,,,,,,,1,,,0,,,,,0,,,,,0,,,,,,,,,,,local.mqtt.telegraf,33,,37.79,,,,,,periodic,,28,,,,,6,5,08a6f76bd428,,,78224,43104,,6,393,,,,,,,,,,,,,394,,,,,08a6f76bd428-394,,,0,,,,,,,272,394,08:A6:F7:6B:D4:28,,,,,,3231,26,30,21,21,9,,,-4,21,374,23,3,,,,2955286,1786523731541,2955299,1786523731554,,1786523731513,29,2026-08-12T08:35:32.5805703Z,78,,,oasis/bottle,,0,,,,,
,,,,,,,,,,,,,,,13,,,,,,,,,1,,,0,,,,,0,,,,,0,,,,,,,,,,,local.mqtt.telegraf,33,,37.75,,,,,,periodic,,27,,,,,5,5,08a6f76bd428,,,69216,43104,,6,394,,,,,,,,,,,,,395,,,,,08a6f76bd428-395,,,0,,,,,,,272,395,08:A6:F7:6B:D4:28,,,,,,4411,26,30,21,21,9,,,-4,21,374,23,3,,,,2956466,1786523732721,2956479,1786523732734,,1786523732694,29,2026-08-12T08:35:33.7492467Z,78,,,oasis/bottle,,0,,,,,
,,,,,,,,,,,,,,,14,,,,,,,,,1,,,0,,,,,0,,,,,0,,,,,,,,,,,local.mqtt.telegraf,33,,37.82,,,,,,periodic,,28,,,,,6,5,08a6f76bd428,,,60864,43104,,7,395,,,,,,,,,,,,,396,,,,,08a6f76bd428-396,,,0,,,,,,,272,396,08:A6:F7:6B:D4:28,,,,,,5571,26,30,21,21,9,,,-4,21,374,23,3,,,,2957626,1786523733881,2957640,1786523733895,,1786523733853,29,2026-08-12T08:35:34.9231497Z,78,,,oasis/bottle,,0,,,,,
,,,,,,,,,,,,,,,13,,,,,,,,,1,,,0,,,,,0,,,,,0,,,,,,,,,,,local.mqtt.telegraf,33,,37.46,,,,,,periodic,,28,,,,,6,5,08a6f76bd428,,,52512,43104,,6,396,,,,,,,,,,,,,397,,,,,08a6f76bd428-397,,,0,,,,,,,272,397,08:A6:F7:6B:D4:28,,,,,,6691,26,30,21,21,9,,,-4,21,374,23,3,,,,2958746,1786523735001,2958759,1786523735014,,1786523734973,29,2026-08-12T08:35:36.0360611Z,78,,,oasis/bottle,,0,,,,,
,,,,,,,,,,,,,,,13,,,,,,,,,1,,,0,,,,,0,,,,,0,,,,,,,,,,,local.mqtt.telegraf,33,,37.49,,,,,,periodic,,28,,,,,6,5,08a6f76bd428,,,44816,43104,,10,397,,,,,,,,,,,,,398,,,,,08a6f76bd428-398,,,0,,,,,,,272,398,08:A6:F7:6B:D4:28,,,,,,7731,26,30,21,21,9,,,-4,21,374,23,3,,,,2959786,1786523736041,2959799,1786523736054,,1786523736013,29,2026-08-12T08:35:37.0772802Z,78,,,oasis/bottle,,0,,,,,
,,,,,,,,,,,,,,,13,,,,,,,,,1,,,0,,,,,0,,,,,0,,,,,,,,,,,local.mqtt.telegraf,33,,37.18,,,,,,periodic,,27,,,,,5,5,08a6f76bd428,,,113232,43104,,6,398,,,,,,,,,,,,,399,,,,,08a6f76bd428-399,,,0,,,,,,,272,399,08:A6:F7:6B:D4:28,,,,,,9211,26,30,21,21,9,,,-4,21,374,23,3,,,,2961266,1786523737521,2961279,1786523737534,,1786523737494,29,2026-08-12T08:35:38.5493079Z,78,,,oasis/bottle,,0,,,,,
,,,,,,,,,,,,,,,17,,,,,,,,,1,,,0,,,,,0,,,,,0,,,,,,,,,,,local.mqtt.telegraf,33,,37.73,,,,,,periodic,,27,,,,,5,5,08a6f76bd428,,,104880,43104,,10,399,,,,,,,,,,,,,400,,,,,08a6f76bd428-400,,,0,,,,,,,272,400,08:A6:F7:6B:D4:28,,,,,,10371,26,30,21,21,9,,,-4,21,374,23,3,,,,2962426,1786523738681,2962443,1786523738698,,1786523738654,29,2026-08-12T08:35:39.733853Z,78,,,oasis/bottle,,0,,,,,
,,,,,,,,,,,,,,,13,,,,,,,,,1,,,0,,,,,0,,,,,0,,,,,,,,,,,local.mqtt.telegraf,33,,36.69,,,,,,periodic,,28,,,,,6,5,08a6f76bd428,,,96528,43104,,6,400,,,,,,,,,,,,,401,,,,,08a6f76bd428-401,,,0,,,,,,,272,401,08:A6:F7:6B:D4:28,,,,,,11481,26,30,21,21,9,,,-4,21,374,23,3,,,,2963536,1786523739791,2963549,1786523739804,,1786523739763,29,2026-08-12T08:35:40.8301977Z,78,,,oasis/bottle,,0,,,,,
,,,,,,,,,,,,,,,13,,,,,,,,,1,,,0,,,,,0,,,,,0,,,,,,,,,,,local.mqtt.telegraf,33,,37.04,,,,,,periodic,,27,,,,,5,5,08a6f76bd428,,,88832,43104,,6,401,,,,,,,,,,,,,402,,,,,08a6f76bd428-402,,,0,,,,,,,272,402,08:A6:F7:6B:D4:28,,,,,,12501,26,30,21,21,9,,,-4,21,374,23,3,,,,2964556,1786523740811,2964569,1786523740824,,1786523740784,29,2026-08-12T08:35:41.8490598Z,78,,,oasis/bottle,,0,,,,,
,,,,,,,,,,,,,,,13,,,,,,,,,1,,,0,,,,,0,,,,,0,,,,,,,,,,,local.mqtt.telegraf,34,,36.38,,,,,,periodic,,28,,,,,6,5,08a6f76bd428,,,78512,43104,,7,402,,,,,,,,,,,,,403,,,,,08a6f76bd428-403,,,0,,,,,,,272,403,08:A6:F7:6B:D4:28,,,,,,13941,26,30,21,21,9,,,-4,21,374,23,3,,,,2965996,1786523742251,2966009,1786523742264,,1786523742223,29,2026-08-12T08:35:43.2884958Z,78,,,oasis/bottle,,0,,,,,
,,,,,,,,,,,,,,,13,,,,,,,,,1,,,0,,,,,0,,,,,0,,,,,,,,,,,local.mqtt.telegraf,34,,37.03,,,,,,periodic,,28,,,,,6,5,08a6f76bd428,,,70160,43104,,6,403,,,,,,,,,,,,,404,,,,,08a6f76bd428-404,,,0,,,,,,,272,404,08:A6:F7:6B:D4:28,,,,,,15011,26,30,21,21,9,,,-4,21,374,23,3,,,,2967066,1786523743321,2967079,1786523743334,,1786523743293,29,2026-08-12T08:35:44.353304Z,78,,,oasis/bottle,,0,,,,,
,,,,,,,,,,,,,,,13,,,,,,,,,1,,,0,,,,,0,,,,,0,,,,,,,,,,,local.mqtt.telegraf,34,,37,,,,,,periodic,,28,,,,,6,5,08a6f76bd428,,,59184,43104,,7,404,,,,,,,,,,,,,405,,,,,08a6f76bd428-405,,,0,,,,,,,272,405,08:A6:F7:6B:D4:28,,,,,,16551,26,30,21,21,9,,,-4,21,374,23,3,,,,2968606,1786523744861,2968619,1786523744874,,1786523744833,29,2026-08-12T08:35:45.909819Z,78,,,oasis/bottle,,0,,,,,
,,,,,,,,,,,,,,,13,,,,,,,,,1,,,0,,,,,0,,,,,0,,,,,,,,,,,local.mqtt.telegraf,34,,37.89,,,,,,periodic,,27,,,,,5,5,08a6f76bd428,,,50144,43104,,6,405,,,,,,,,,,,,,406,,,,,08a6f76bd428-406,,,0,,,,,,,273,406,08:A6:F7:6B:D4:28,,,,,,17831,26,30,21,21,9,,,-4,21,374,23,3,,,,2969886,1786523746141,2969899,1786523746154,,1786523746114,29,2026-08-12T08:35:47.1931642Z,78,,,oasis/bottle,,0,,,,,
,,,,,,,,,,,,,,,13,,,,,,,,,1,,,0,,,,,0,,,,,0,,,,,,,,,,,local.mqtt.telegraf,34,,37.75,,,,,,periodic,,27,,,,,5,5,08a6f76bd428,,,120544,43104,,5,406,,,,,,,,,,,,,407,,,,,08a6f76bd428-407,,,0,,,,,,,273,407,08:A6:F7:6B:D4:28,,,,,,19191,26,30,21,21,9,,,-4,21,374,23,3,,,,2971246,1786523747501,2971259,1786523747514,,1786523747474,29,2026-08-12T08:35:48.5342395Z,78,,,oasis/bottle,,0,,,,,
,,,,,,,,,,,,,,,13,,,,,,,,,1,,,0,,,,,0,,,,,0,,,,,,,,,,,local.mqtt.telegraf,34,,37.97,,,,,,periodic,,20,,,,,5,5,08a6f76bd428,,,95712,43104,,5,407,,,,,,,,,,,,,408,,,,,08a6f76bd428-408,,,0,,,,,,,273,408,08:A6:F7:6B:D4:28,,,,,,492,27,31,30,30,1,,,1,30,1055,33,2,,,,2973465,1786523749720,2973478,1786523749733,,1786523749700,29,2026-08-12T08:35:50.7622181Z,80,,,oasis/bottle,,0,,,,,
,,,,,,,,,,,,,,,13,,,,,,,,,1,,,0,,,,,0,,,,,0,,,,,,,,,,,local.mqtt.telegraf,34,,37.96,,,,,,periodic,,23,,,,,6,5,08a6f76bd428,,,86048,43104,,6,408,,,,,,,,,,,,,409,,,,,08a6f76bd428-409,,,0,,,,,,,272,409,08:A6:F7:6B:D4:28,,,,,,1821,27,31,30,30,1,,,1,30,1055,33,2,,,,2974796,1786523751051,2974809,1786523751064,,1786523751028,29,2026-08-12T08:35:52.0865342Z,80,,,oasis/bottle,,0,,,,,
,,,,,,,,,,,,,,,13,,,,,,,,,1,,,0,,,,,0,,,,,0,,,,,,,,,,,local.mqtt.telegraf,34,,37.9,,,,,,periodic,,23,,,,,6,5,08a6f76bd428,,,75728,43104,,7,409,,,,,,,,,,,,,410,,,,,08a6f76bd428-410,,,0,,,,,,,272,410,08:A6:F7:6B:D4:28,,,,,,3281,27,31,30,30,1,,,1,30,1055,33,2,,,,2976256,1786523752511,2976269,1786523752524,,1786523752488,29,2026-08-12T08:35:53.5523691Z,80,,,oasis/bottle,,0,,,,,
,,,,,,,,,,,,,,,13,,,,,,,,,1,,,0,,,,,0,,,,,0,,,,,,,,,,,local.mqtt.telegraf,34,,37.82,,,,,,periodic,,23,,,,,6,5,08a6f76bd428,,,67376,43104,,6,410,,,,,,,,,,,,,411,,,,,08a6f76bd428-411,,,0,,,,,,,272,411,08:A6:F7:6B:D4:28,,,,,,4391,27,31,30,30,1,,,1,30,1055,33,2,,,,2977366,1786523753621,2977379,1786523753634,,1786523753598,29,2026-08-12T08:35:54.6525443Z,80,,,oasis/bottle,,0,,,,,
,,,,,,,,,,,,,,,13,,,,,,,,,1,,,0,,,,,0,,,,,0,,,,,,,,,,,local.mqtt.telegraf,34,,37.89,,,,,,periodic,,23,,,,,6,5,08a6f76bd428,,,59680,43104,,8,411,,,,,,,,,,,,,412,,,,,08a6f76bd428-412,,,0,,,,,,,272,412,08:A6:F7:6B:D4:28,,,,,,5421,27,31,30,30,1,,,1,30,1055,33,2,,,,2978396,1786523754651,2978409,1786523754664,,1786523754628,29,2026-08-12T08:35:55.692775Z,80,,,oasis/bottle,,0,,,,,
,,,,,,,,,,,,,,,14,,,,,,,,,1,,,0,,,,,0,,,,,0,,,,,,,,,,,local.mqtt.telegraf,34,,38.02,,,,,,periodic,,23,,,,,6,5,08a6f76bd428,,,49360,43104,,6,412,,,,,,,,,,,,,413,,,,,08a6f76bd428-413,,,0,,,,,,,272,413,08:A6:F7:6B:D4:28,,,,,,6871,27,31,30,30,1,,,1,30,1055,33,2,,,,2979846,1786523756101,2979860,1786523756115,,1786523756078,29,2026-08-12T08:35:57.1383865Z,80,,,oasis/bottle,,0,,,,,
,,,,,,,,,,,,,,,13,,,,,,,,,1,,,0,,,,,0,,,,,0,,,,,,,,,,,local.mqtt.telegraf,34,,38.06,,,,,,periodic,,23,,,,,6,5,08a6f76bd428,,,120928,43104,,6,413,,,,,,,,,,,,,414,,,,,08a6f76bd428-414,,,0,,,,,,,272,414,08:A6:F7:6B:D4:28,,,,,,7971,27,31,30,30,1,,,1,30,1055,33,2,,,,2980946,1786523757201,2980959,1786523757214,,1786523757178,29,2026-08-12T08:35:58.232026Z,80,,,oasis/bottle,,0,,,,,
,,,,,,,,,,,,,,,13,,,,,,,,,1,,,0,,,,,0,,,,,0,,,,,,,,,,,local.mqtt.telegraf,34,,38.02,,,,,,periodic,,23,,,,,6,5,08a6f76bd428,,,113232,43104,,6,414,,,,,,,,,,,,,415,,,,,08a6f76bd428-415,,,0,,,,,,,272,415,08:A6:F7:6B:D4:28,,,,,,8971,27,31,30,30,1,,,1,30,1055,33,2,,,,2981946,1786523758201,2981959,1786523758214,,1786523758178,29,2026-08-12T08:35:59.2385983Z,80,,,oasis/bottle,,0,,,,,
,,,,,,,,,,,,,,,13,,,,,,,,,1,,,0,,,,,0,,,,,0,,,,,,,,,,,local.mqtt.telegraf,34,,38.04,,,,,,periodic,,22,,,,,5,5,08a6f76bd428,,,103536,43104,,6,415,,,,,,,,,,,,,416,,,,,08a6f76bd428-416,,,0,,,,,,,273,416,08:A6:F7:6B:D4:28,,,,,,10361,27,31,30,30,1,,,1,30,1055,33,2,,,,2983336,1786523759591,2983349,1786523759604,,1786523759569,29,2026-08-12T08:36:00.6263634Z,80,,,oasis/bottle,,0,,,,,
,,,,,,,,,,,,,,,13,,,,,,,,,1,,,0,,,,,0,,,,,0,,,,,,,,,,,local.mqtt.telegraf,34,,37.96,,,,,,periodic,,23,,,,,6,5,08a6f76bd428,,,92544,43104,,5,416,,,,,,,,,,,,,417,,,,,08a6f76bd428-417,,,0,,,,,,,272,417,08:A6:F7:6B:D4:28,,,,,,11951,27,31,30,30,1,,,1,30,1055,33,2,,,,2984926,1786523761181,2984939,1786523761194,,1786523761158,29,2026-08-12T08:36:02.2203518Z,80,,,oasis/bottle,,0,,,,,
,,,,,,,,,,,,,,,14,,,,,,,,,1,,,0,,,,,0,,,,,0,,,,,,,,,,,local.mqtt.telegraf,34,,37.9,,,,,,periodic,,23,,,,,6,5,08a6f76bd428,,,82880,43104,,6,417,,,,,,,,,,,,,418,,,,,08a6f76bd428-418,,,0,,,,,,,272,418,08:A6:F7:6B:D4:28,,,,,,13321,27,31,30,30,1,,,1,30,1055,33,2,,,,2986296,1786523762551,2986310,1786523762565,,1786523762528,29,2026-08-12T08:36:03.588616Z,80,,,oasis/bottle,,0,,,,,
,,,,,,,,,,,,,,,14,,,,,,,,,1,,,0,,,,,0,,,,,0,,,,,,,,,,,local.mqtt.telegraf,34,,37.81,,,,,,periodic,,24,,,,,6,5,08a6f76bd428,,,71904,43104,,6,418,,,,,,,,,,,,,419,,,,,08a6f76bd428-419,,,0,,,,,,,272,419,08:A6:F7:6B:D4:28,,,,,,14861,27,31,30,30,1,,,1,30,1055,33,2,,,,2987837,1786523764092,2987851,1786523764106,,1786523764068,29,2026-08-12T08:36:05.1299156Z,80,,,oasis/bottle,,0,,,,,
,,,,,,,,,,,,,,,13,,,,,,,,,1,,,0,,,,,0,,,,,0,,,,,,,,,,,local.mqtt.telegraf,33,,38.01,,,,,,periodic,,22,,,,,5,5,08a6f76bd428,,,62896,43104,,6,419,,,,,,,,,,,,,420,,,,,08a6f76bd428-420,,,0,,,,,,,272,420,08:A6:F7:6B:D4:28,,,,,,16141,27,31,30,30,1,,,1,30,1055,33,2,,,,2989116,1786523765371,2989129,1786523765384,,1786523765349,29,2026-08-12T08:36:06.4064081Z,80,,,oasis/bottle,,0,,,,,
,,,,,,,,,,,,,,,13,,,,,,,,,1,,,0,,,,,0,,,,,0,,,,,,,,,,,local.mqtt.telegraf,33,,37.93,,,,,,periodic,,23,,,,,6,5,08a6f76bd428,,,52400,43104,,6,420,,,,,,,,,,,,,421,,,,,08a6f76bd428-421,,,0,,,,,,,272,421,08:A6:F7:6B:D4:28,,,,,,17541,27,31,30,30,1,,,1,30,1055,33,2,,,,2990516,1786523766771,2990529,1786523766784,,1786523766748,29,2026-08-12T08:36:07.8012521Z,80,,,oasis/bottle,,0,,,,,
,,,,,,,,,,,,,,,13,,,,,,,,,1,,,0,,,,,0,,,,,0,,,,,,,,,,,local.mqtt.telegraf,33,,38,,,,,,periodic,,23,,,,,6,5,08a6f76bd428,,,121376,43104,,6,421,,,,,,,,,,,,,422,,,,,08a6f76bd428-422,,,0,,,,,,,272,422,08:A6:F7:6B:D4:28,,,,,,19091,27,31,30,30,1,,,1,30,1055,33,2,,,,2992066,1786523768321,2992079,1786523768334,,1786523768298,29,2026-08-12T08:36:09.356248Z,80,,,oasis/bottle,,0,,,,,
,,,,,,,,,,,,,,,13,,,,,,,,,1,,,0,,,,,0,,,,,0,,,,,,,,,,,local.mqtt.telegraf,33,,37.97,,,,,,periodic,,23,,,,,6,5,08a6f76bd428,,,111712,43104,,7,422,,,,,,,,,,,,,423,,,,,08a6f76bd428-423,,,0,,,,,,,272,423,08:A6:F7:6B:D4:28,,,,,,20391,27,31,30,30,1,,,1,30,1055,33,2,,,,2993366,1786523769621,2993379,1786523769634,,1786523769598,29,2026-08-12T08:36:10.6752916Z,80,,,oasis/bottle,,0,,,,,
,,,,,,,,,,,,,,,13,,,,,,,,,1,,,0,,,,,0,,,,,0,,,,,,,,,,,local.mqtt.telegraf,33,,38.04,,,,,,periodic,,21,,,,,5,5,08a6f76bd428,,,90688,43104,,6,423,,,,,,,,,,,,,424,,,,,08a6f76bd428-424,,,0,,,,,,,272,424,08:A6:F7:6B:D4:28,,,,,,1161,28,49,30,30,19,,,0,30,404,33,3,,,,2994765,1786523771020,2994778,1786523771033,,1786523770999,29,2026-08-12T08:36:12.0521276Z,83,,,oasis/bottle,,0,,,,,
,,,,,,,,,,,,,,,13,,,,,,,,,1,,,0,,,,,0,,,,,0,,,,,,,,,,,local.mqtt.telegraf,33,,37.86,,,,,,periodic,,23,,,,,6,5,08a6f76bd428,,,82992,43104,,6,424,,,,,,,,,,,,,425,,,,,08a6f76bd428-425,,,0,,,,,,,272,425,08:A6:F7:6B:D4:28,,,,,,2161,28,49,30,30,19,,,0,30,404,33,3,,,,2995766,1786523772021,2995779,1786523772034,,1786523771998,29,2026-08-12T08:36:13.0802395Z,83,,,oasis/bottle,,0,,,,,
,,,,,,,,,,,,,,,13,,,,,,,,,1,,,0,,,,,0,,,,,0,,,,,,,,,,,local.mqtt.telegraf,33,,37.86,,,,,,periodic,,23,,,,,6,5,08a6f76bd428,,,72672,43104,,11,425,,,,,,,,,,,,,426,,,,,08a6f76bd428-426,,,0,,,,,,,272,426,08:A6:F7:6B:D4:28,,,,,,3561,28,49,30,30,19,,,0,30,404,33,3,,,,2997166,1786523773421,2997179,1786523773434,,1786523773398,29,2026-08-12T08:36:14.4503988Z,83,,,oasis/bottle,,0,,,,,
,,,,,,,,,,,,,,,13,,,,,,,,,1,,,0,,,,,0,,,,,0,,,,,,,,,,,local.mqtt.telegraf,33,,37.96,,,,,,periodic,,23,,,,,6,5,08a6f76bd428,,,61696,43104,,6,426,,,,,,,,,,,,,427,,,,,08a6f76bd428-427,,,0,,,,,,,272,427,08:A6:F7:6B:D4:28,,,,,,5151,28,49,30,30,19,,,0,30,404,33,3,,,,2998756,1786523775011,2998769,1786523775024,,1786523774988,29,2026-08-12T08:36:16.0453634Z,83,,,oasis/bottle,,0,,,,,
,,,,,,,,,,,,,,,13,,,,,,,,,1,,,0,,,,,0,,,,,0,,,,,,,,,,,local.mqtt.telegraf,33,,38.01,,,,,,periodic,,23,,,,,6,5,08a6f76bd428,,,52032,43104,,6,427,,,,,,,,,,,,,428,,,,,08a6f76bd428-428,,,0,,,,,,,272,428,08:A6:F7:6B:D4:28,,,,,,6531,28,49,30,30,19,,,0,30,404,33,3,,,,3000136,1786523776391,3000149,1786523776404,,1786523776368,29,2026-08-12T08:36:17.4336802Z,83,,,oasis/bottle,,0,,,,,
,,,,,,,,,,,,,,,13,,,,,,,,,1,,,0,,,,,0,,,,,0,,,,,,,,,,,local.mqtt.telegraf,33,,37.89,,,,,,periodic,,23,,,,,6,5,08a6f76bd428,,,120832,43104,,6,428,,,,,,,,,,,,,429,,,,,08a6f76bd428-429,,,0,,,,,,,272,429,08:A6:F7:6B:D4:28,,,,,,8091,28,49,30,30,19,,,0,30,404,33,3,,,,3001696,1786523777951,3001709,1786523777964,,1786523777928,29,2026-08-12T08:36:19.0002259Z,83,,,oasis/bottle,,0,,,,,
,,,,,,,,,,,,,,,13,,,,,,,,,1,,,0,,,,,0,,,,,0,,,,,,,,,,,local.mqtt.telegraf,33,,37.86,,,,,,periodic,,23,,,,,6,5,08a6f76bd428,,,111168,43104,,7,429,,,,,,,,,,,,,430,,,,,08a6f76bd428-430,,,0,,,,,,,272,430,08:A6:F7:6B:D4:28,,,,,,9401,28,49,30,30,19,,,0,30,404,33,3,,,,3003006,1786523779261,3003019,1786523779274,,1786523779238,29,2026-08-12T08:36:20.3040813Z,83,,,oasis/bottle,,0,,,,,
,,,,,,,,,,,,,,,13,,,,,,,,,1,,,0,,,,,0,,,,,0,,,,,,,,,,,local.mqtt.telegraf,33,,37.84,,,,,,periodic,,23,,,,,6,5,08a6f76bd428,,,100848,43104,,6,430,,,,,,,,,,,,,431,,,,,08a6f76bd428-431,,,0,,,,,,,272,431,08:A6:F7:6B:D4:28,,,,,,10821,28,49,30,30,19,,,0,30,404,33,3,,,,3004426,1786523780681,3004439,1786523780694,,1786523780658,29,2026-08-12T08:36:21.7209444Z,83,,,oasis/bottle,,0,,,,,
,,,,,,,,,,,,,,,13,,,,,,,,,1,,,0,,,,,0,,,,,0,,,,,,,,,,,local.mqtt.telegraf,33,,37.86,,,,,,periodic,,23,,,,,6,5,08a6f76bd428,,,93152,43104,,6,431,,,,,,,,,,,,,432,,,,,08a6f76bd428-432,,,0,,,,,,,272,432,08:A6:F7:6B:D4:28,,,,,,11861,28,49,30,30,19,,,0,30,404,33,3,,,,3005466,1786523781721,3005479,1786523781734,,1786523781698,29,2026-08-12T08:36:22.7533982Z,83,,,oasis/bottle,,0,,,,,
,,,,,,,,,,,,,,,13,,,,,,,,,1,,,0,,,,,0,,,,,0,,,,,,,,,,,local.mqtt.telegraf,33,,37.86,,,,,,periodic,,22,,,,,5,5,08a6f76bd428,,,82832,43104,,7,432,,,,,,,,,,,,,433,,,,,08a6f76bd428-433,,,0,,,,,,,272,433,08:A6:F7:6B:D4:28,,,,,,13341,28,49,30,30,19,,,0,30,404,33,3,,,,3006946,1786523783201,3006959,1786523783214,,1786523783179,29,2026-08-12T08:36:24.2363169Z,83,,,oasis/bottle,,0,,,,,
,,,,,,,,,,,,,,,13,,,,,,,,,1,,,0,,,,,0,,,,,0,,,,,,,,,,,local.mqtt.telegraf,33,,37.94,,,,,,periodic,,22,,,,,5,5,08a6f76bd428,,,74480,43104,,6,433,,,,,,,,,,,,,434,,,,,08a6f76bd428-434,,,0,,,,,,,272,434,08:A6:F7:6B:D4:28,,,,,,14491,28,49,30,30,19,,,0,30,404,33,3,,,,3008096,1786523784351,3008109,1786523784364,,1786523784329,29,2026-08-12T08:36:25.3884106Z,83,,,oasis/bottle,,0,,,,,
,,,,,,,,,,,,,,,13,,,,,,,,,1,,,0,,,,,0,,,,,0,,,,,,,,,,,local.mqtt.telegraf,33,,37.89,,,,,,periodic,,22,,,,,5,5,08a6f76bd428,,,66128,43104,,6,434,,,,,,,,,,,,,435,,,,,08a6f76bd428-435,,,0,,,,,,,272,435,08:A6:F7:6B:D4:28,,,,,,15591,28,49,30,30,19,,,0,30,404,33,3,,,,3009196,1786523785451,3009209,1786523785464,,1786523785429,29,2026-08-12T08:36:26.4843099Z,83,,,oasis/bottle,,0,,,,,
,,,,,,,,,,,,,,,13,,,,,,,,,1,,,0,,,,,0,,,,,0,,,,,,,,,,,local.mqtt.telegraf,33,,37.92,,,,,,periodic,,22,,,,,5,5,08a6f76bd428,,,58432,43104,,6,435,,,,,,,,,,,,,436,,,,,08a6f76bd428-436,,,0,,,,,,,272,436,08:A6:F7:6B:D4:28,,,,,,16591,28,49,30,30,19,,,0,30,404,33,3,,,,3010196,1786523786451,3010209,1786523786464,,1786523786429,29,2026-08-12T08:36:27.4853592Z,83,,,oasis/bottle,,0,,,,,
,,,,,,,,,,,,,,,13,,,,,,,,,1,,,0,,,,,0,,,,,0,,,,,,,,,,,local.mqtt.telegraf,33,,37.89,,,,,,periodic,,22,,,,,5,5,08a6f76bd428,,,48112,43104,,6,436,,,,,,,,,,,,,437,,,,,08a6f76bd428-437,,,0,,,,,,,272,437,08:A6:F7:6B:D4:28,,,,,,17991,28,49,30,30,19,,,0,30,404,33,3,,,,3011596,1786523787851,3011609,1786523787864,,1786523787829,29,2026-08-12T08:36:28.9099846Z,83,,,oasis/bottle,,0,,,,,
,,,,,,,,,,,,,,,13,,,,,,,,,1,,,0,,,,,0,,,,,0,,,,,,,,,,,local.mqtt.telegraf,33,,38.02,,,,,,periodic,,23,,,,,6,5,08a6f76bd428,,,120576,43104,,6,437,,,,,,,,,,,,,438,,,,,08a6f76bd428-438,,,0,,,,,,,272,438,08:A6:F7:6B:D4:28,,,,,,18991,28,49,30,30,19,,,0,30,404,33,3,,,,3012596,1786523788851,3012609,1786523788864,,1786523788828,29,2026-08-12T08:36:29.888201Z,83,,,oasis/bottle,,0,,,,,
,,,,,,,,,,,,,,,14,,,,,,,,,1,,,0,,,,,0,,,,,0,,,,,,,,,,,local.mqtt.telegraf,33,,37.96,,,,,,periodic,,22,,,,,5,5,08a6f76bd428,,,110880,43104,,5,438,,,,,,,,,,,,,439,,,,,08a6f76bd428-439,,,0,,,,,,,273,439,08:A6:F7:6B:D4:28,,,,,,20381,28,49,30,30,19,,,0,30,404,33,3,,,,3013986,1786523790241,3014000,1786523790255,,1786523790219,29,2026-08-12T08:36:31.2679226Z,83,,,oasis/bottle,,0,,,,,
,,,,,,,,,,,,,,,13,,,,,,,,,1,,,0,,,,,0,,,,,0,,,,,,,,,,,local.mqtt.telegraf,33,,37.89,,,,,,periodic,,21,,,,,5,5,08a6f76bd428,,,88528,43104,,6,439,,,,,,,,,,,,,440,,,,,08a6f76bd428-440,,,0,,,,,,,273,440,08:A6:F7:6B:D4:28,,,,,,1341,29,49,31,31,18,,,0,30,403,33,3,,,,3015565,1786523791820,3015578,1786523791833,,1786523791799,29,2026-08-12T08:36:32.8533159Z,86,,,oasis/bottle,,0,,,,,
,,,,,,,,,,,,,,,13,,,,,,,,,1,,,0,,,,,0,,,,,0,,,,,,,,,,,local.mqtt.telegraf,33,,37.84,,,,,,periodic,,23,,,,,6,5,08a6f76bd428,,,78864,43104,,6,440,,,,,,,,,,,,,441,,,,,08a6f76bd428-441,,,0,,,,,,,272,441,08:A6:F7:6B:D4:28,,,,,,2701,29,49,31,31,18,,,0,30,403,33,3,,,,3016926,1786523793181,3016939,1786523793194,,1786523793158,29,2026-08-12T08:36:34.2206371Z,86,,,oasis/bottle,,0,,,,,
,,,,,,,,,,,,,,,13,,,,,,,,,1,,,0,,,,,0,,,,,0,,,,,,,,,,,local.mqtt.telegraf,33,,37.85,,,,,,periodic,,23,,,,,6,5,08a6f76bd428,,,67888,43104,,6,441,,,,,,,,,,,,,442,,,,,08a6f76bd428-442,,,0,,,,,,,272,442,08:A6:F7:6B:D4:28,,,,,,4221,29,49,31,31,18,,,0,30,403,33,3,,,,3018446,1786523794701,3018459,1786523794714,,1786523794678,29,2026-08-12T08:36:35.7409287Z,86,,,oasis/bottle,,0,,,,,
,,,,,,,,,,,,,,,13,,,,,,,,,1,,,0,,,,,0,,,,,0,,,,,,,,,,,local.mqtt.telegraf,33,,37.79,,,,,,periodic,,23,,,,,6,5,08a6f76bd428,,,58880,43104,,6,442,,,,,,,,,,,,,443,,,,,08a6f76bd428-443,,,0,,,,,,,272,443,08:A6:F7:6B:D4:28,,,,,,5451,29,49,31,31,18,,,0,30,403,33,3,,,,3019676,1786523795931,3019689,1786523795944,,1786523795908,29,2026-08-12T08:36:36.9694506Z,86,,,oasis/bottle,,0,,,,,
,,,,,,,,,,,,,,,13,,,,,,,,,1,,,0,,,,,0,,,,,0,,,,,,,,,,,local.mqtt.telegraf,33,,37.88,,,,,,periodic,,23,,,,,6,5,08a6f76bd428,,,49872,43104,,6,443,,,,,,,,,,,,,444,,,,,08a6f76bd428-444,,,0,,,,,,,272,444,08:A6:F7:6B:D4:28,,,,,,6711,29,49,31,31,18,,,0,30,403,33,3,,,,3020936,1786523797191,3020949,1786523797204,,1786523797168,29,2026-08-12T08:36:38.2224531Z,86,,,oasis/bottle,,0,,,,,
,,,,,,,,,,,,,,,13,,,,,,,,,1,,,0,,,,,0,,,,,0,,,,,,,,,,,local.mqtt.telegraf,33,,37.86,,,,,,periodic,,23,,,,,6,5,08a6f76bd428,,,120080,43104,,6,444,,,,,,,,,,,,,445,,,,,08a6f76bd428-445,,,0,,,,,,,272,445,08:A6:F7:6B:D4:28,,,,,,8031,29,49,31,31,18,,,0,30,403,33,3,,,,3022256,1786523798511,3022269,1786523798524,,1786523798488,29,2026-08-12T08:36:39.549975Z,86,,,oasis/bottle,,0,,,,,
,,,,,,,,,,,,,,,13,,,,,,,,,1,,,0,,,,,0,,,,,0,,,,,,,,,,,local.mqtt.telegraf,33,,37.86,,,,,,periodic,,23,,,,,6,5,08a6f76bd428,,,109760,43104,,6,445,,,,,,,,,,,,,446,,,,,08a6f76bd428-446,,,0,,,,,,,272,446,08:A6:F7:6B:D4:28,,,,,,9471,29,49,31,31,18,,,0,30,403,33,3,,,,3023696,1786523799951,3023709,1786523799964,,1786523799928,29,2026-08-12T08:36:40.9846179Z,86,,,oasis/bottle,,0,,,,,
,,,,,,,,,,,,,,,13,,,,,,,,,1,,,0,,,,,0,,,,,0,,,,,,,,,,,local.mqtt.telegraf,33,,37.85,,,,,,periodic,,23,,,,,6,5,08a6f76bd428,,,101408,43104,,6,446,,,,,,,,,,,,,447,,,,,08a6f76bd428-447,,,0,,,,,,,272,447,08:A6:F7:6B:D4:28,,,,,,10551,29,49,31,31,18,,,0,30,403,33,3,,,,3024776,1786523801031,3024789,1786523801044,,1786523801008,29,2026-08-12T08:36:42.0706103Z,86,,,oasis/bottle,,0,,,,,
,,,,,,,,,,,,,,,13,,,,,,,,,1,,,0,,,,,0,,,,,0,,,,,,,,,,,local.mqtt.telegraf,32,,37.79,,,,,,periodic,,23,,,,,6,5,08a6f76bd428,,,90432,43104,,7,447,,,,,,,,,,,,,448,,,,,08a6f76bd428-448,,,0,,,,,,,272,448,08:A6:F7:6B:D4:28,,,,,,12111,29,49,31,31,18,,,0,30,403,33,3,,,,3026336,1786523802591,3026349,1786523802604,,1786523802568,29,2026-08-12T08:36:43.6217158Z,86,,,oasis/bottle,,0,,,,,
,,,,,,,,,,,,,,,13,,,,,,,,,1,,,0,,,,,0,,,,,0,,,,,,,,,,,local.mqtt.telegraf,33,,37.97,,,,,,periodic,,23,,,,,6,5,08a6f76bd428,,,80768,43104,,6,448,,,,,,,,,,,,,449,,,,,08a6f76bd428-449,,,0,,,,,,,272,449,08:A6:F7:6B:D4:28,,,,,,13421,29,49,31,31,18,,,0,30,403,33,3,,,,3027646,1786523803901,3027659,1786523803914,,1786523803878,29,2026-08-12T08:36:44.952732Z,86,,,oasis/bottle,,0,,,,,
,,,,,,,,,,,,,,,13,,,,,,,,,1,,,0,,,,,0,,,,,0,,,,,,,,,,,local.mqtt.telegraf,33,,38.05,,,,,,periodic,,23,,,,,6,5,08a6f76bd428,,,70448,43104,,6,449,,,,,,,,,,,,,450,,,,,08a6f76bd428-450,,,0,,,,,,,272,450,08:A6:F7:6B:D4:28,,,,,,14841,29,49,31,31,18,,,0,30,403,33,3,,,,3029066,1786523805321,3029079,1786523805334,,1786523805298,29,2026-08-12T08:36:46.3528062Z,86,,,oasis/bottle,,0,,,,,
,,,,,,,,,,,,,,,13,,,,,,,,,1,,,0,,,,,0,,,,,0,,,,,,,,,,,local.mqtt.telegraf,33,,37.86,,,,,,periodic,,22,,,,,5,5,08a6f76bd428,,,61888,43104,,6,450,,,,,,,,,,,,,451,,,,,08a6f76bd428-451,,,0,,,,,,,273,451,08:A6:F7:6B:D4:28,,,,,,15921,29,49,31,31,18,,,0,30,403,33,3,,,,3030146,1786523806401,3030159,1786523806414,,1786523806379,29,2026-08-12T08:36:47.4416267Z,86,,,oasis/bottle,,0,,,,,
,,,,,,,,,,,,,,,13,,,,,,,,,1,,,0,,,,,0,,,,,0,,,,,,,,,,,local.mqtt.telegraf,32,,37.96,,,,,,periodic,,23,,,,,6,5,08a6f76bd428,,,50896,43104,,5,451,,,,,,,,,,,,,452,,,,,08a6f76bd428-452,,,0,,,,,,,272,452,08:A6:F7:6B:D4:28,,,,,,17441,29,49,31,31,18,,,0,30,403,33,3,,,,3031666,1786523807921,3031679,1786523807934,,1786523807898,29,2026-08-12T08:36:48.9714056Z,86,,,oasis/bottle,,0,,,,,
,,,,,,,,,,,,,,,13,,,,,,,,,1,,,0,,,,,0,,,,,0,,,,,,,,,,,local.mqtt.telegraf,33,,38.04,,,,,,periodic,,22,,,,,5,5,08a6f76bd428,,,121872,43104,,6,452,,,,,,,,,,,,,453,,,,,08a6f76bd428-453,,,0,,,,,,,272,453,08:A6:F7:6B:D4:28,,,,,,18671,29,49,31,31,18,,,0,30,403,33,3,,,,3032896,1786523809151,3032909,1786523809164,,1786523809129,29,2026-08-12T08:36:50.1908648Z,86,,,oasis/bottle,,0,,,,,
,,,,,,,,,,,,,,,13,,,,,,,,,1,,,0,,,,,0,,,,,0,,,,,,,,,,,local.mqtt.telegraf,33,,37.86,,,,,,periodic,,23,,,,,6,5,08a6f76bd428,,,112864,43104,,5,453,,,,,,,,,,,,,454,,,,,08a6f76bd428-454,,,0,,,,,,,272,454,08:A6:F7:6B:D4:28,,,,,,19931,29,49,31,31,18,,,0,30,403,33,3,,,,3034156,1786523810411,3034169,1786523810424,,1786523810388,29,2026-08-12T08:36:51.4534893Z,86,,,oasis/bottle,,0,,,,,
,,,,,,,,,,,,,,,13,,,,,,,,,1,,,0,,,,,0,,,,,0,,,,,,,,,,,local.mqtt.telegraf,33,,37.86,,,,,,periodic,,22,,,,,5,5,08a6f76bd428,,,92544,43104,,8,454,,,,,,,,,,,,,455,,,,,08a6f76bd428-455,,,0,,,,,,,273,455,08:A6:F7:6B:D4:28,,,,,,1001,30,31,29,29,2,,,0,29,384,31,3,,,,3035475,1786523811730,3035488,1786523811743,,1786523811708,29,2026-08-12T08:36:52.7739897Z,88,,,oasis/bottle,,0,,,,,
,,,,,,,,,,,,,,,13,,,,,,,,,1,,,0,,,,,0,,,,,0,,,,,,,,,,,local.mqtt.telegraf,32,,37.85,,,,,,periodic,,24,,,,,6,5,08a6f76bd428,,,82224,43104,,6,455,,,,,,,,,,,,,456,,,,,08a6f76bd428-456,,,0,,,,,,,272,456,08:A6:F7:6B:D4:28,,,,,,2441,30,31,29,29,2,,,0,29,384,31,3,,,,3036916,1786523813171,3036929,1786523813184,,1786523813147,29,2026-08-12T08:36:54.2045415Z,88,,,oasis/bottle,,0,,,,,
,,,,,,,,,,,,,,,13,,,,,,,,,1,,,0,,,,,0,,,,,0,,,,,,,,,,,local.mqtt.telegraf,33,,37.88,,,,,,periodic,,24,,,,,6,5,08a6f76bd428,,,73872,43104,,6,456,,,,,,,,,,,,,457,,,,,08a6f76bd428-457,,,0,,,,,,,272,457,08:A6:F7:6B:D4:28,,,,,,3511,30,31,29,29,2,,,0,29,384,31,3,,,,3037986,1786523814241,3037999,1786523814254,,1786523814217,29,2026-08-12T08:36:55.2666603Z,88,,,oasis/bottle,,0,,,,,
,,,,,,,,,,,,,,,13,,,,,,,,,1,,,0,,,,,0,,,,,0,,,,,,,,,,,local.mqtt.telegraf,33,,37.9,,,,,,periodic,,24,,,,,6,5,08a6f76bd428,,,62896,43104,,6,457,,,,,,,,,,,,,458,,,,,08a6f76bd428-458,,,0,,,,,,,272,458,08:A6:F7:6B:D4:28,,,,,,5051,30,31,29,29,2,,,0,29,384,31,3,,,,3039526,1786523815781,3039539,1786523815794,,1786523815757,29,2026-08-12T08:36:56.8202046Z,88,,,oasis/bottle,,0,,,,,
,,,,,,,,,,,,,,,13,,,,,,,,,1,,,0,,,,,0,,,,,0,,,,,,,,,,,local.mqtt.telegraf,33,,37.85,,,,,,periodic,,23,,,,,5,5,08a6f76bd428,,,53856,43104,,6,458,,,,,,,,,,,,,459,,,,,08a6f76bd428-459,,,0,,,,,,,273,459,08:A6:F7:6B:D4:28,,,,,,6331,30,31,29,29,2,,,0,29,384,31,3,,,,3040806,1786523817061,3040819,1786523817074,,1786523817038,29,2026-08-12T08:36:58.1129343Z,88,,,oasis/bottle,,0,,,,,
,,,,,,,,,,,,,,,13,,,,,,,,,1,,,0,,,,,0,,,,,0,,,,,,,,,,,local.mqtt.telegraf,33,,37.86,,,,,,periodic,,24,,,,,12,5,08a6f76bd428,,,44176,43104,,6,459,,,,,,,,,,,,,460,,,,,08a6f76bd428-460,,,0,,,,,,,272,460,08:A6:F7:6B:D4:28,,,,,,7691,30,31,29,29,2,,,0,29,384,31,3,,,,3042166,1786523818421,3042179,1786523818434,,1786523818397,29,2026-08-12T08:36:59.4495984Z,88,,,oasis/bottle,,0,,,,,
,,,,,,,,,,,,,,,13,,,,,,,,,1,,,0,,,,,0,,,,,0,,,,,,,,,,,local.mqtt.telegraf,32,,37.86,,,,,,periodic,,24,,,,,6,5,08a6f76bd428,,,112016,43104,,6,460,,,,,,,,,,,,,461,,,,,08a6f76bd428-461,,,0,,,,,,,272,461,08:A6:F7:6B:D4:28,,,,,,9221,30,31,29,29,2,,,0,29,384,31,3,,,,3043696,1786523819951,3043709,1786523819964,,1786523819927,29,2026-08-12T08:37:01.0233467Z,88,,,oasis/bottle,,0,,,,,
,,,,,,,,,,,,,,,13,,,,,,,,,1,,,0,,,,,0,,,,,0,,,,,,,,,,,local.mqtt.telegraf,32,,38.04,,,,,,periodic,,24,,,,,6,5,08a6f76bd428,,,103008,43104,,9,461,,,,,,,,,,,,,462,,,,,08a6f76bd428-462,,,0,,,,,,,272,462,08:A6:F7:6B:D4:28,,,,,,10471,30,31,29,29,2,,,0,29,384,31,3,,,,3044946,1786523821201,3044959,1786523821214,,1786523821177,29,2026-08-12T08:37:02.2333113Z,88,,,oasis/bottle,,0,,,,,
,,,,,,,,,,,,,,,13,,,,,,,,,1,,,0,,,,,0,,,,,0,,,,,,,,,,,local.mqtt.telegraf,32,,38,,,,,,periodic,,24,,,,,6,5,08a6f76bd428,,,93344,43104,,7,462,,,,,,,,,,,,,463,,,,,08a6f76bd428-463,,,0,,,,,,,272,463,08:A6:F7:6B:D4:28,,,,,,11761,30,31,29,29,2,,,0,29,384,31,3,,,,3046236,1786523822491,3046249,1786523822504,,1786523822467,29,2026-08-12T08:37:03.5315612Z,88,,,oasis/bottle,,0,,,,,
,,,,,,,,,,,,,,,13,,,,,,,,,1,,,0,,,,,0,,,,,0,,,,,,,,,,,local.mqtt.telegraf,32,,37.94,,,,,,periodic,,24,,,,,6,5,08a6f76bd428,,,83680,43104,,6,463,,,,,,,,,,,,,464,,,,,08a6f76bd428-464,,,0,,,,,,,272,464,08:A6:F7:6B:D4:28,,,,,,13141,30,31,29,29,2,,,0,29,384,31,3,,,,3047616,1786523823871,3047629,1786523823884,,1786523823847,29,2026-08-12T08:37:04.9391646Z,88,,,oasis/bottle,,0,,,,,
,,,,,,,,,,,,,,,13,,,,,,,,,1,,,0,,,,,0,,,,,0,,,,,,,,,,,local.mqtt.telegraf,32,,37.82,,,,,,periodic,,24,,,,,6,5,08a6f76bd428,,,72704,43104,,6,464,,,,,,,,,,,,,465,,,,,08a6f76bd428-465,,,0,,,,,,,272,465,08:A6:F7:6B:D4:28,,,,,,14701,30,31,29,29,2,,,0,29,384,31,3,,,,3049176,1786523825431,3049189,1786523825444,,1786523825407,29,2026-08-12T08:37:06.4710949Z,88,,,oasis/bottle,,0,,,,,
,,,,,,,,,,,,,,,13,,,,,,,,,1,,,0,,,,,0,,,,,0,,,,,,,,,,,local.mqtt.telegraf,32,,38.01,,,,,,periodic,,24,,,,,6,5,08a6f76bd428,,,63040,43104,,6,465,,,,,,,,,,,,,466,,,,,08a6f76bd428-466,,,0,,,,,,,272,466,08:A6:F7:6B:D4:28,,,,,,16011,30,31,29,29,2,,,0,29,384,31,3,,,,3050486,1786523826741,3050499,1786523826754,,1786523826717,29,2026-08-12T08:37:07.7897631Z,88,,,oasis/bottle,,0,,,,,
,,,,,,,,,,,,,,,13,,,,,,,,,1,,,0,,,,,0,,,,,0,,,,,,,,,,,local.mqtt.telegraf,32,,37.89,,,,,,periodic,,24,,,,,6,5,08a6f76bd428,,,52720,43104,,6,466,,,,,,,,,,,,,467,,,,,08a6f76bd428-467,,,0,,,,,,,272,467,08:A6:F7:6B:D4:28,,,,,,17431,30,31,29,29,2,,,0,29,384,31,3,,,,3051906,1786523828161,3051919,1786523828174,,1786523828137,29,2026-08-12T08:37:09.203006Z,88,,,oasis/bottle,,0,,,,,
,,,,,,,,,,,,,,,13,,,,,,,,,1,,,0,,,,,0,,,,,0,,,,,,,,,,,local.mqtt.telegraf,32,,38,,,,,,periodic,,24,,,,,6,5,08a6f76bd428,,,45024,43104,,6,467,,,,,,,,,,,,,468,,,,,08a6f76bd428-468,,,0,,,,,,,272,468,08:A6:F7:6B:D4:28,,,,,,18471,30,31,29,29,2,,,0,29,384,31,3,,,,3052946,1786523829201,3052959,1786523829214,,1786523829177,29,2026-08-12T08:37:10.2360501Z,88,,,oasis/bottle,,0,,,,,
,,,,,,,,,,,,,,,13,,,,,,,,,1,,,0,,,,,0,,,,,0,,,,,,,,,,,local.mqtt.telegraf,32,,37.94,,,,,,periodic,,24,,,,,6,5,08a6f76bd428,,,113600,43104,,5,468,,,,,,,,,,,,,469,,,,,08a6f76bd428-469,,,0,,,,,,,272,469,08:A6:F7:6B:D4:28,,,,,,19961,30,31,29,29,2,,,0,29,384,31,3,,,,3054436,1786523830691,3054449,1786523830704,,1786523830667,29,2026-08-12T08:37:11.7625795Z,88,,,oasis/bottle,,0,,,,,
,,,,,,,,,,,,,,,13,,,,,,,,,1,,,0,,,,,0,,,,,0,,,,,,,,,,,local.mqtt.telegraf,32,,37.89,,,,,,periodic,,22,,,,,5,5,08a6f76bd428,,,93936,43104,,6,469,,,,,,,,,,,,,470,,,,,08a6f76bd428-470,,,0,,,,,,,272,470,08:A6:F7:6B:D4:28,,,,,,521,31,32,31,31,1,,,0,30,394,33,3,,,,3055595,1786523831850,3055608,1786523831863,,1786523831828,29,2026-08-12T08:37:12.8839908Z,92,,,oasis/bottle,,0,,,,,
,,,,,,,,,,,,,,,13,,,,,,,,,1,,,0,,,,,0,,,,,0,,,,,,,,,,,local.mqtt.telegraf,32,,38.04,,,,,,periodic,,24,,,,,6,5,08a6f76bd428,,,85584,43104,,6,470,,,,,,,,,,,,,471,,,,,08a6f76bd428-471,,,0,,,,,,,272,471,08:A6:F7:6B:D4:28,,,,,,1641,31,32,31,31,1,,,0,30,394,33,3,,,,3056716,1786523832971,3056729,1786523832984,,1786523832947,29,2026-08-12T08:37:14.004401Z,92,,,oasis/bottle,,0,,,,,
,,,,,,,,,,,,,,,13,,,,,,,,,1,,,0,,,,,0,,,,,0,,,,,,,,,,,local.mqtt.telegraf,32,,37.92,,,,,,periodic,,24,,,,,6,5,08a6f76bd428,,,77888,43104,,7,471,,,,,,,,,,,,,472,,,,,08a6f76bd428-472,,,0,,,,,,,272,472,08:A6:F7:6B:D4:28,,,,,,2681,31,32,31,31,1,,,0,30,394,33,3,,,,3057756,1786523834011,3057769,1786523834024,,1786523833987,29,2026-08-12T08:37:15.0562615Z,92,,,oasis/bottle,,0,,,,,
,,,,,,,,,,,,,,,13,,,,,,,,,1,,,0,,,,,0,,,,,0,,,,,,,,,,,local.mqtt.telegraf,32,,37.84,,,,,,periodic,,24,,,,,6,5,08a6f76bd428,,,67568,43104,,6,472,,,,,,,,,,,,,473,,,,,08a6f76bd428-473,,,0,,,,,,,272,473,08:A6:F7:6B:D4:28,,,,,,4161,31,32,31,31,1,,,0,30,394,33,3,,,,3059236,1786523835491,3059249,1786523835504,,1786523835467,29,2026-08-12T08:37:16.5185179Z,92,,,oasis/bottle,,0,,,,,
,,,,,,,,,,,,,,,13,,,,,,,,,1,,,0,,,,,0,,,,,0,,,,,,,,,,,local.mqtt.telegraf,32,,37.9,,,,,,periodic,,32,,,,,6,5,08a6f76bd428,,,59216,43104,,6,473,,,,,,,,,,,,,474,,,,,08a6f76bd428-474,,,0,,,,,,,272,474,08:A6:F7:6B:D4:28,,,,,,5321,31,32,31,31,1,,,0,30,394,33,3,,,,3060404,1786523836659,3060417,1786523836672,,1786523836627,29,2026-08-12T08:37:17.7025874Z,92,,,oasis/bottle,,0,,,,,
,,,,,,,,,,,,,,,13,,,,,,,,,1,,,0,,,,,0,,,,,0,,,,,,,,,,,local.mqtt.telegraf,32,,37.82,,,,,,periodic,,24,,,,,6,5,08a6f76bd428,,,50864,43104,,6,474,,,,,,,,,,,,,475,,,,,08a6f76bd428-475,,,0,,,,,,,272,475,08:A6:F7:6B:D4:28,,,,,,6441,31,32,31,31,1,,,0,30,394,33,3,,,,3061516,1786523837771,3061529,1786523837784,,1786523837747,29,2026-08-12T08:37:18.8040823Z,92,,,oasis/bottle,,0,,,,,
,,,,,,,,,,,,,,,13,,,,,,,,,1,,,0,,,,,0,,,,,0,,,,,,,,,,,local.mqtt.telegraf,32,,37.86,,,,,,periodic,,24,,,,,12,5,08a6f76bd428,,,43168,43104,,5,475,,,,,,,,,,,,,476,,,,,08a6f76bd428-476,,,0,,,,,,,272,476,08:A6:F7:6B:D4:28,,,,,,7471,31,32,31,31,1,,,0,30,394,33,3,,,,3062546,1786523838801,3062559,1786523838814,,1786523838777,29,2026-08-12T08:37:19.8343516Z,92,,,oasis/bottle,,0,,,,,
,,,,,,,,,,,,,,,14,,,,,,,,,1,,,0,,,,,0,,,,,0,,,,,,,,,,,local.mqtt.telegraf,32,,37.92,,,,,,periodic,,24,,,,,6,5,08a6f76bd428,,,112544,43104,,6,476,,,,,,,,,,,,,477,,,,,08a6f76bd428-477,,,0,,,,,,,272,477,08:A6:F7:6B:D4:28,,,,,,8941,31,32,31,31,1,,,0,30,394,33,3,,,,3064016,1786523840271,3064030,1786523840285,,1786523840247,29,2026-08-12T08:37:21.3053956Z,92,,,oasis/bottle,,0,,,,,
,,,,,,,,,,,,,,,13,,,,,,,,,1,,,0,,,,,0,,,,,0,,,,,,,,,,,local.mqtt.telegraf,32,,38.01,,,,,,periodic,,24,,,,,6,5,08a6f76bd428,,,104192,43104,,6,477,,,,,,,,,,,,,478,,,,,08a6f76bd428-478,,,0,,,,,,,272,478,08:A6:F7:6B:D4:28,,,,,,10071,31,32,31,31,1,,,0,30,394,33,3,,,,3065146,1786523841401,3065159,1786523841414,,1786523841377,29,2026-08-12T08:37:22.440688Z,92,,,oasis/bottle,,0,,,,,
,,,,,,,,,,,,,,,13,,,,,,,,,1,,,0,,,,,0,,,,,0,,,,,,,,,,,local.mqtt.telegraf,32,,38.1,,,,,,periodic,,24,,,,,6,5,08a6f76bd428,,,96496,43104,,6,478,,,,,,,,,,,,,479,,,,,08a6f76bd428-479,,,0,,,,,,,272,479,08:A6:F7:6B:D4:28,,,,,,11131,31,32,31,31,1,,,0,30,394,33,3,,,,3066206,1786523842461,3066219,1786523842474,,1786523842437,29,2026-08-12T08:37:23.4999273Z,92,,,oasis/bottle,,0,,,,,
,,,,,,,,,,,,,,,13,,,,,,,,,1,,,0,,,,,0,,,,,0,,,,,,,,,,,local.mqtt.telegraf,32,,37.86,,,,,,periodic,,24,,,,,6,5,08a6f76bd428,,,85520,43104,,6,479,,,,,,,,,,,,,480,,,,,08a6f76bd428-480,,,0,,,,,,,272,480,08:A6:F7:6B:D4:28,,,,,,12651,31,32,31,31,1,,,0,30,394,33,3,,,,3067726,1786523843981,3067739,1786523843994,,1786523843957,29,2026-08-12T08:37:25.0176855Z,92,,,oasis/bottle,,0,,,,,
,,,,,,,,,,,,,,,13,,,,,,,,,1,,,0,,,,,0,,,,,0,,,,,,,,,,,local.mqtt.telegraf,32,,37.92,,,,,,periodic,,24,,,,,6,5,08a6f76bd428,,,75680,43104,,6,480,,,,,,,,,,,,,481,,,,,08a6f76bd428-481,,,0,,,,,,,272,481,08:A6:F7:6B:D4:28,,,,,,13931,31,32,31,31,1,,,0,30,394,33,3,,,,3069006,1786523845261,3069019,1786523845274,,1786523845237,29,2026-08-12T08:37:26.3011261Z,92,,,oasis/bottle,,0,,,,,
,,,,,,,,,,,,,,,13,,,,,,,,,1,,,0,,,,,0,,,,,0,,,,,,,,,,,local.mqtt.telegraf,32,,37.92,,,,,,periodic,,24,,,,,6,5,08a6f76bd428,,,66016,43104,,6,481,,,,,,,,,,,,,482,,,,,08a6f76bd428-482,,,0,,,,,,,272,482,08:A6:F7:6B:D4:28,,,,,,15241,31,32,31,31,1,,,0,30,394,33,3,,,,3070316,1786523846571,3070329,1786523846584,,1786523846547,29,2026-08-12T08:37:27.6041469Z,92,,,oasis/bottle,,0,,,,,
,,,,,,,,,,,,,,,13,,,,,,,,,1,,,0,,,,,0,,,,,0,,,,,,,,,,,local.mqtt.telegraf,32,,38,,,,,,periodic,,24,,,,,6,5,08a6f76bd428,,,55696,43104,,7,482,,,,,,,,,,,,,483,,,,,08a6f76bd428-483,,,0,,,,,,,272,483,08:A6:F7:6B:D4:28,,,,,,16661,31,32,31,31,1,,,0,30,394,33,3,,,,3071736,1786523847991,3071749,1786523848004,,1786523847967,29,2026-08-12T08:37:29.0267974Z,92,,,oasis/bottle,,0,,,,,
,,,,,,,,,,,,,,,13,,,,,,,,,1,,,0,,,,,0,,,,,0,,,,,,,,,,,local.mqtt.telegraf,32,,38.05,,,,,,periodic,,24,,,,,6,5,08a6f76bd428,,,48000,43104,,8,483,,,,,,,,,,,,,484,,,,,08a6f76bd428-484,,,0,,,,,,,272,484,08:A6:F7:6B:D4:28,,,,,,17701,31,32,31,31,1,,,0,30,394,33,3,,,,3072776,1786523849031,3072789,1786523849044,,1786523849007,29,2026-08-12T08:37:30.0750246Z,92,,,oasis/bottle,,0,,,,,
,,,,,,,,,,,,,,,13,,,,,,,,,1,,,0,,,,,0,,,,,0,,,,,,,,,,,local.mqtt.telegraf,32,,38.04,,,,,,periodic,,24,,,,,6,5,08a6f76bd428,,,117568,43104,,6,484,,,,,,,,,,,,,485,,,,,08a6f76bd428-485,,,0,,,,,,,272,485,08:A6:F7:6B:D4:28,,,,,,19171,31,32,31,31,1,,,0,30,394,33,3,,,,3074246,1786523850501,3074259,1786523850514,,1786523850477,29,2026-08-12T08:37:31.5310375Z,92,,,oasis/bottle,,0,,,,,
,,,,,,,,,,,,,,,13,,,,,,,,,1,,,0,,,,,0,,,,,0,,,,,,,,,,,local.mqtt.telegraf,32,,37.86,,,,,,periodic,,24,,,,,6,5,08a6f76bd428,,,109216,43104,,6,485,,,,,,,,,,,,,486,,,,,08a6f76bd428-486,,,0,,,,,,,272,486,08:A6:F7:6B:D4:28,,,,,,20311,31,32,31,31,1,,,0,30,394,33,3,,,,3075386,1786523851641,3075399,1786523851654,,1786523851617,29,2026-08-12T08:37:32.6836713Z,92,,,oasis/bottle,,0,,,,,
,,,,,,,,,,,,,,,13,,,,,,,,,1,,,0,,,,,0,,,,,0,,,,,,,,,,,local.mqtt.telegraf,32,,37.94,,,,,,periodic,,22,,,,,5,5,08a6f76bd428,,,90160,43104,,9,486,,,,,,,,,,,,,487,,,,,08a6f76bd428-487,,,0,,,,,,,272,487,08:A6:F7:6B:D4:28,,,,,,851,32,47,31,31,16,,,0,30,411,33,3,,,,3076476,1786523852731,3076489,1786523852744,,1786523852709,29,2026-08-12T08:37:33.7873663Z,95,,,oasis/bottle,,0,,,,,
,,,,,,,,,,,,,,,14,,,,,,,,,1,,,0,,,,,0,,,,,0,,,,,,,,,,,local.mqtt.telegraf,32,,37.98,,,,,,periodic,,23,,,,,6,5,08a6f76bd428,,,79184,43104,,6,487,,,,,,,,,,,,,488,,,,,08a6f76bd428-488,,,0,,,,,,,272,488,08:A6:F7:6B:D4:28,,,,,,2421,32,47,31,31,16,,,0,30,411,33,3,,,,3078046,1786523854301,3078060,1786523854315,,1786523854278,29,2026-08-12T08:37:35.3339961Z,95,,,oasis/bottle,,0,,,,,
,,,,,,,,,,,,,,,14,,,,,,,,,1,,,0,,,,,0,,,,,0,,,,,,,,,,,local.mqtt.telegraf,32,,37.97,,,,,,periodic,,23,,,,,6,5,08a6f76bd428,,,69520,43104,,6,488,,,,,,,,,,,,,489,,,,,08a6f76bd428-489,,,0,,,,,,,272,489,08:A6:F7:6B:D4:28,,,,,,3761,32,47,31,31,16,,,0,30,411,33,3,,,,3079386,1786523855641,3079400,1786523855655,,1786523855618,29,2026-08-12T08:37:36.6706862Z,95,,,oasis/bottle,,0,,,,,
,,,,,,,,,,,,,,,13,,,,,,,,,1,,,0,,,,,0,,,,,0,,,,,,,,,,,local.mqtt.telegraf,32,,37.86,,,,,,periodic,,23,,,,,6,5,08a6f76bd428,,,59200,43104,,7,489,,,,,,,,,,,,,490,,,,,08a6f76bd428-490,,,0,,,,,,,272,490,08:A6:F7:6B:D4:28,,,,,,5241,32,47,31,31,16,,,0,30,411,33,3,,,,3080866,1786523857121,3080879,1786523857134,,1786523857098,29,2026-08-12T08:37:38.151079Z,95,,,oasis/bottle,,0,,,,,
,,,,,,,,,,,,,,,13,,,,,,,,,1,,,0,,,,,0,,,,,0,,,,,,,,,,,local.mqtt.telegraf,32,,38.01,,,,,,periodic,,23,,,,,6,5,08a6f76bd428,,,50848,43104,,6,490,,,,,,,,,,,,,491,,,,,08a6f76bd428-491,,,0,,,,,,,272,491,08:A6:F7:6B:D4:28,,,,,,6391,32,47,31,31,16,,,0,30,411,33,3,,,,3082016,1786523858271,3082029,1786523858284,,1786523858248,29,2026-08-12T08:37:39.2991829Z,95,,,oasis/bottle,,0,,,,,
,,,,,,,,,,,,,,,13,,,,,,,,,1,,,0,,,,,0,,,,,0,,,,,,,,,,,local.mqtt.telegraf,32,,38.01,,,,,,periodic,,23,,,,,6,5,08a6f76bd428,,,122512,43104,,6,491,,,,,,,,,,,,,492,,,,,08a6f76bd428-492,,,0,,,,,,,272,492,08:A6:F7:6B:D4:28,,,,,,7491,32,47,31,31,16,,,0,30,411,33,3,,,,3083116,1786523859371,3083129,1786523859384,,1786523859348,29,2026-08-12T08:37:40.4014801Z,95,,,oasis/bottle,,0,,,,,
,,,,,,,,,,,,,,,13,,,,,,,,,1,,,0,,,,,0,,,,,0,,,,,,,,,,,local.mqtt.telegraf,32,,37.96,,,,,,periodic,,23,,,,,6,5,08a6f76bd428,,,114816,43104,,8,492,,,,,,,,,,,,,493,,,,,08a6f76bd428-493,,,0,,,,,,,272,493,08:A6:F7:6B:D4:28,,,,,,8491,32,47,31,31,16,,,0,30,411,33,3,,,,3084116,1786523860371,3084129,1786523860384,,1786523860348,29,2026-08-12T08:37:41.4021731Z,95,,,oasis/bottle,,0,,,,,
,,,,,,,,,,,,,,,13,,,,,,,,,1,,,0,,,,,0,,,,,0,,,,,,,,,,,local.mqtt.telegraf,32,,38.02,,,,,,periodic,,22,,,,,5,5,08a6f76bd428,,,105120,43104,,6,493,,,,,,,,,,,,,494,,,,,08a6f76bd428-494,,,0,,,,,,,273,494,08:A6:F7:6B:D4:28,,,,,,9881,32,47,31,31,16,,,0,30,411,33,3,,,,3085506,1786523861761,3085519,1786523861774,,1786523861739,29,2026-08-12T08:37:42.8098234Z,95,,,oasis/bottle,,0,,,,,
,,,,,,,,,,,,,,,14,,,,,,,,,1,,,0,,,,,0,,,,,0,,,,,,,,,,,local.mqtt.telegraf,32,,37.94,,,,,,periodic,,23,,,,,6,5,08a6f76bd428,,,94128,43104,,5,494,,,,,,,,,,,,,495,,,,,08a6f76bd428-495,,,0,,,,,,,272,495,08:A6:F7:6B:D4:28,,,,,,11461,32,47,31,31,16,,,0,30,411,33,3,,,,3087086,1786523863341,3087100,1786523863355,,1786523863318,29,2026-08-12T08:37:44.3796911Z,95,,,oasis/bottle,,0,,,,,
,,,,,,,,,,,,,,,13,,,,,,,,,1,,,0,,,,,0,,,,,0,,,,,,,,,,,local.mqtt.telegraf,32,,37.98,,,,,,periodic,,23,,,,,6,5,08a6f76bd428,,,84464,43104,,6,495,,,,,,,,,,,,,496,,,,,08a6f76bd428-496,,,0,,,,,,,272,496,08:A6:F7:6B:D4:28,,,,,,12821,32,47,31,31,16,,,0,30,411,33,3,,,,3088446,1786523864701,3088459,1786523864714,,1786523864678,29,2026-08-12T08:37:45.7435982Z,95,,,oasis/bottle,,0,,,,,
,,,,,,,,,,,,,,,13,,,,,,,,,1,,,0,,,,,0,,,,,0,,,,,,,,,,,local.mqtt.telegraf,32,,38.01,,,,,,periodic,,23,,,,,6,5,08a6f76bd428,,,73488,43104,,6,496,,,,,,,,,,,,,497,,,,,08a6f76bd428-497,,,0,,,,,,,272,497,08:A6:F7:6B:D4:28,,,,,,14341,32,47,31,31,16,,,0,30,411,33,3,,,,3089966,1786523866221,3089979,1786523866234,,1786523866198,29,2026-08-12T08:37:47.2577664Z,95,,,oasis/bottle,,0,,,,,
,,,,,,,,,,,,,,,13,,,,,,,,,1,,,0,,,,,0,,,,,0,,,,,,,,,,,local.mqtt.telegraf,32,,37.89,,,,,,periodic,,23,,,,,6,5,08a6f76bd428,,,64480,43104,,6,497,,,,,,,,,,,,,498,,,,,08a6f76bd428-498,,,0,,,,,,,272,498,08:A6:F7:6B:D4:28,,,,,,15581,32,47,31,31,16,,,0,30,411,33,3,,,,3091206,1786523867461,3091219,1786523867474,,1786523867438,29,2026-08-12T08:37:48.5079972Z,95,,,oasis/bottle,,0,,,,,
,,,,,,,,,,,,,,,14,,,,,,,,,1,,,0,,,,,0,,,,,0,,,,,,,,,,,local.mqtt.telegraf,32,,38.06,,,,,,periodic,,23,,,,,6,5,08a6f76bd428,,,55472,43104,,6,498,,,,,,,,,,,,,499,,,,,08a6f76bd428-499,,,0,,,,,,,272,499,08:A6:F7:6B:D4:28,,,,,,16861,32,47,31,31,16,,,0,30,411,33,3,,,,3092486,1786523868741,3092500,1786523868755,,1786523868718,29,2026-08-12T08:37:49.7881926Z,95,,,oasis/bottle,,0,,,,,
,,,,,,,,,,,,,,,17,,,,,,,,,1,,,0,,,,,0,,,,,0,,,,,,,,,,,local.mqtt.telegraf,32,,37.82,,,,,,periodic,,33,,,,,6,5,08a6f76bd428,,,45808,43104,,6,499,,,,,,,,,,,,,500,,,,,08a6f76bd428-500,,,0,,,,,,,272,500,08:A6:F7:6B:D4:28,,,,,,18211,32,47,31,31,16,,,0,30,411,33,3,,,,3093846,1786523870101,3093863,1786523870118,,1786523870068,29,2026-08-12T08:37:51.140362Z,95,,,oasis/bottle,,0,,,,,
,,,,,,,,,,,,,,,13,,,,,,,,,1,,,0,,,,,0,,,,,0,,,,,,,,,,,local.mqtt.telegraf,32,,37.9,,,,,,periodic,,23,,,,,6,5,08a6f76bd428,,,113872,43104,,7,500,,,,,,,,,,,,,501,,,,,08a6f76bd428-501,,,0,,,,,,,272,501,08:A6:F7:6B:D4:28,,,,,,19721,32,47,31,31,16,,,0,30,411,33,3,,,,3095346,1786523871601,3095359,1786523871614,,1786523871578,29,2026-08-12T08:37:52.6396861Z,95,,,oasis/bottle,,0,,,,,
,,,,,,,,,,,,,,,13,,,,,,,,,1,,,0,,,,,0,,,,,0,,,,,,,,,,,local.mqtt.telegraf,32,,37.96,,,,,,periodic,,21,,,,,6,5,08a6f76bd428,,,94208,43104,,6,501,,,,,,,,,,,,,502,,,,,08a6f76bd428-502,,,0,,,,,,,273,502,08:A6:F7:6B:D4:28,,,,,,662,33,31,29,29,2,,,0,29,384,31,3,,,,3096545,1786523872800,3096558,1786523872813,,1786523872779,29,2026-08-12T08:37:53.8416767Z,97,,,oasis/bottle,,0,,,,,
,,,,,,,,,,,,,,,13,,,,,,,,,1,,,0,,,,,0,,,,,0,,,,,,,,,,,local.mqtt.telegraf,32,,38.04,,,,,,periodic,,24,,,,,6,5,08a6f76bd428,,,85200,43104,,6,502,,,,,,,,,,,,,503,,,,,08a6f76bd428-503,,,0,,,,,,,272,503,08:A6:F7:6B:D4:28,,,,,,1871,33,31,29,29,2,,,0,29,384,31,3,,,,3097756,1786523874011,3097769,1786523874024,,1786523873987,29,2026-08-12T08:37:55.0530779Z,97,,,oasis/bottle,,0,,,,,
,,,,,,,,,,,,,,,13,,,,,,,,,1,,,0,,,,,0,,,,,0,,,,,,,,,,,local.mqtt.telegraf,32,,37.92,,,,,,periodic,,24,,,,,6,5,08a6f76bd428,,,76192,43104,,6,503,,,,,,,,,,,,,504,,,,,08a6f76bd428-504,,,0,,,,,,,272,504,08:A6:F7:6B:D4:28,,,,,,3081,33,31,29,29,2,,,0,29,384,31,3,,,,3098966,1786523875221,3098979,1786523875234,,1786523875197,29,2026-08-12T08:37:56.2538822Z,97,,,oasis/bottle,,0,,,,,
,,,,,,,,,,,,,,,13,,,,,,,,,1,,,0,,,,,0,,,,,0,,,,,,,,,,,local.mqtt.telegraf,32,,37.89,,,,,,periodic,,24,,,,,6,5,08a6f76bd428,,,67184,43104,,6,504,,,,,,,,,,,,,505,,,,,08a6f76bd428-505,,,0,,,,,,,272,505,08:A6:F7:6B:D4:28,,,,,,4301,33,31,29,29,2,,,0,29,384,31,3,,,,3100186,1786523876441,3100199,1786523876454,,1786523876417,29,2026-08-12T08:37:57.4782105Z,97,,,oasis/bottle,,0,,,,,
,,,,,,,,,,,,,,,13,,,,,,,,,1,,,0,,,,,0,,,,,0,,,,,,,,,,,local.mqtt.telegraf,32,,37.88,,,,,,periodic,,24,,,,,6,5,08a6f76bd428,,,58176,43104,,8,505,,,,,,,,,,,,,506,,,,,08a6f76bd428-506,,,0,,,,,,,272,506,08:A6:F7:6B:D4:28,,,,,,5541,33,31,29,29,2,,,0,29,384,31,3,,,,3101426,1786523877681,3101439,1786523877694,,1786523877657,29,2026-08-12T08:37:58.7265401Z,97,,,oasis/bottle,,0,,,,,
,,,,,,,,,,,,,,,13,,,,,,,,,1,,,0,,,,,0,,,,,0,,,,,,,,,,,local.mqtt.telegraf,32,,37.96,,,,,,periodic,,24,,,,,6,5,08a6f76bd428,,,49168,43104,,6,506,,,,,,,,,,,,,507,,,,,08a6f76bd428-507,,,0,,,,,,,272,507,08:A6:F7:6B:D4:28,,,,,,6821,33,31,29,29,2,,,0,29,384,31,3,,,,3102706,1786523878961,3102719,1786523878974,,1786523878937,29,2026-08-12T08:37:59.9999511Z,97,,,oasis/bottle,,0,,,,,
,,,,,,,,,,,,,,,13,,,,,,,,,1,,,0,,,,,0,,,,,0,,,,,,,,,,,local.mqtt.telegraf,32,,37.78,,,,,,periodic,,24,,,,,6,5,08a6f76bd428,,,119424,43104,,7,507,,,,,,,,,,,,,508,,,,,08a6f76bd428-508,,,0,,,,,,,272,508,08:A6:F7:6B:D4:28,,,,,,8181,33,31,29,29,2,,,0,29,384,31,3,,,,3104066,1786523880321,3104079,1786523880334,,1786523880297,29,2026-08-12T08:38:01.355718Z,97,,,oasis/bottle,,0,,,,,
,,,,,,,,,,,,,,,13,,,,,,,,,1,,,0,,,,,0,,,,,0,,,,,,,,,,,local.mqtt.telegraf,32,,37.81,,,,,,periodic,,24,,,,,6,5,08a6f76bd428,,,108448,43104,,6,508,,,,,,,,,,,,,509,,,,,08a6f76bd428-509,,,0,,,,,,,272,509,08:A6:F7:6B:D4:28,,,,,,9691,33,31,29,29,2,,,0,29,384,31,3,,,,3105576,1786523881831,3105589,1786523881844,,1786523881807,29,2026-08-12T08:38:02.8712653Z,97,,,oasis/bottle,,0,,,,,
,,,,,,,,,,,,,,,13,,,,,,,,,1,,,0,,,,,0,,,,,0,,,,,,,,,,,local.mqtt.telegraf,32,,37.82,,,,,,periodic,,24,,,,,6,5,08a6f76bd428,,,99440,43104,,7,509,,,,,,,,,,,,,510,,,,,08a6f76bd428-510,,,0,,,,,,,272,510,08:A6:F7:6B:D4:28,,,,,,10911,33,31,29,29,2,,,0,29,384,31,3,,,,3106796,1786523883051,3106809,1786523883064,,1786523883027,29,2026-08-12T08:38:04.0805888Z,97,,,oasis/bottle,,0,,,,,
,,,,,,,,,,,,,,,14,,,,,,,,,1,,,0,,,,,0,,,,,0,,,,,,,,,,,local.mqtt.telegraf,32,,37.69,,,,,,periodic,,24,,,,,6,5,08a6f76bd428,,,89600,43104,,6,510,,,,,,,,,,,,,511,,,,,08a6f76bd428-511,,,0,,,,,,,272,511,08:A6:F7:6B:D4:28,,,,,,12191,33,31,29,29,2,,,0,29,384,31,3,,,,3108076,1786523884331,3108090,1786523884345,,1786523884307,29,2026-08-12T08:38:05.3711385Z,97,,,oasis/bottle,,0,,,,,
,,,,,,,,,,,,,,,13,,,,,,,,,1,,,0,,,,,0,,,,,0,,,,,,,,,,,local.mqtt.telegraf,32,,37.82,,,,,,periodic,,24,,,,,6,5,08a6f76bd428,,,79936,43104,,6,511,,,,,,,,,,,,,512,,,,,08a6f76bd428-512,,,0,,,,,,,272,512,08:A6:F7:6B:D4:28,,,,,,13511,33,31,29,29,2,,,0,29,384,31,3,,,,3109396,1786523885651,3109409,1786523885664,,1786523885627,29,2026-08-12T08:38:06.6841684Z,97,,,oasis/bottle,,0,,,,,
,,,,,,,,,,,,,,,22,,,,,,,,,1,,,0,,,,,0,,,,,0,,,,,,,,,,,local.mqtt.telegraf,32,,37.61,,,,,,periodic,,23,,,,,6,5,08a6f76bd428,,,69616,43104,,6,512,,,,,,,,,,,,,513,,,,,08a6f76bd428-513,,,0,,,,,,,272,513,08:A6:F7:6B:D4:28,,,,,,14941,33,31,29,29,2,,,0,29,384,31,3,,,,3110825,1786523887080,3110847,1786523887102,,1786523887057,29,2026-08-12T08:38:08.1188124Z,97,,,oasis/bottle,,0,,,,,
,,,,,,,,,,,,,,,13,,,,,,,,,1,,,0,,,,,0,,,,,0,,,,,,,,,,,local.mqtt.telegraf,32,,37.57,,,,,,periodic,,23,,,,,5,5,08a6f76bd428,,,61888,43104,,6,513,,,,,,,,,,,,,514,,,,,08a6f76bd428-514,,,0,,,,,,,273,514,08:A6:F7:6B:D4:28,,,,,,16001,33,31,29,29,2,,,0,29,384,31,3,,,,3111886,1786523888141,3111899,1786523888154,,1786523888118,29,2026-08-12T08:38:09.1693832Z,97,,,oasis/bottle,,0,,,,,
,,,,,,,,,,,,,,,13,,,,,,,,,1,,,0,,,,,0,,,,,0,,,,,,,,,,,local.mqtt.telegraf,32,,37.31,,,,,,periodic,,24,,,,,6,5,08a6f76bd428,,,50896,43104,,7,514,,,,,,,,,,,,,515,,,,,08a6f76bd428-515,,,0,,,,,,,272,515,08:A6:F7:6B:D4:28,,,,,,17531,33,31,29,29,2,,,0,29,384,31,3,,,,3113416,1786523889671,3113429,1786523889684,,1786523889647,29,2026-08-12T08:38:10.7050411Z,97,,,oasis/bottle,,0,,,,,
,,,,,,,,,,,,,,,13,,,,,,,,,1,,,0,,,,,0,,,,,0,,,,,,,,,,,local.mqtt.telegraf,32,,37.19,,,,,,periodic,,24,,,,,6,5,08a6f76bd428,,,121856,43104,,6,515,,,,,,,,,,,,,516,,,,,08a6f76bd428-516,,,0,,,,,,,272,516,08:A6:F7:6B:D4:28,,,,,,18781,33,31,29,29,2,,,0,29,384,31,3,,,,3114666,1786523890921,3114679,1786523890934,,1786523890897,29,2026-08-12T08:38:11.9539213Z,97,,,oasis/bottle,,0,,,,,
,,,,,,,,,,,,,,,13,,,,,,,,,1,,,0,,,,,0,,,,,0,,,,,,,,,,,local.mqtt.telegraf,32,,36.98,,,,,,periodic,,24,,,,,6,5,08a6f76bd428,,,112192,43104,,6,516,,,,,,,,,,,,,517,,,,,08a6f76bd428-517,,,0,,,,,,,272,517,08:A6:F7:6B:D4:28,,,,,,20081,33,31,29,29,2,,,0,29,384,31,3,,,,3115966,1786523892221,3115979,1786523892234,,1786523892197,29,2026-08-12T08:38:13.2507675Z,97,,,oasis/bottle,,0,,,,,
,,,,,,,,,,,,,,,13,,,,,,,,,1,,,0,,,,,0,,,,,0,,,,,,,,,,,local.mqtt.telegraf,32,,36.94,,,,,,periodic,,20,,,,,5,5,08a6f76bd428,,,90640,43104,,6,517,,,,,,,,,,,,,518,,,,,08a6f76bd428-518,,,0,,,,,,,273,518,08:A6:F7:6B:D4:28,,,,,,512,34,31,30,30,1,,,1,30,1075,33,2,,,,3117655,1786523893910,3117668,1786523893923,,1786523893890,29,2026-08-12T08:38:14.9543387Z,101,,,oasis/bottle,,0,,,,,
,,,,,,,,,,,,,,,13,,,,,,,,,1,,,0,,,,,0,,,,,0,,,,,,,,,,,local.mqtt.telegraf,32,,36.84,,,,,,periodic,,22,,,,,5,5,08a6f76bd428,,,81600,43104,,6,518,,,,,,,,,,,,,519,,,,,08a6f76bd428-519,,,0,,,,,,,273,519,08:A6:F7:6B:D4:28,,,,,,1791,34,31,30,30,1,,,1,30,1075,33,2,,,,3118936,1786523895191,3118949,1786523895204,,1786523895169,29,2026-08-12T08:38:16.2169298Z,101,,,oasis/bottle,,0,,,,,
,,,,,,,,,,,,,,,13,,,,,,,,,1,,,0,,,,,0,,,,,0,,,,,,,,,,,local.mqtt.telegraf,32,,36.61,,,,,,periodic,,23,,,,,6,5,08a6f76bd428,,,71920,43104,,7,519,,,,,,,,,,,,,520,,,,,08a6f76bd428-520,,,0,,,,,,,272,520,08:A6:F7:6B:D4:28,,,,,,3151,34,31,30,30,1,,,1,30,1075,33,2,,,,3120296,1786523896551,3120309,1786523896564,,1786523896528,29,2026-08-12T08:38:17.5913409Z,101,,,oasis/bottle,,0,,,,,
,,,,,,,,,,,,,,,14,,,,,,,,,1,,,0,,,,,0,,,,,0,,,,,,,,,,,local.mqtt.telegraf,32,,36.59,,,,,,periodic,,23,,,,,6,5,08a6f76bd428,,,60944,43104,,6,520,,,,,,,,,,,,,521,,,,,08a6f76bd428-521,,,0,,,,,,,272,521,08:A6:F7:6B:D4:28,,,,,,4671,34,31,30,30,1,,,1,30,1075,33,2,,,,3121816,1786523898071,3121830,1786523898085,,1786523898048,29,2026-08-12T08:38:19.1011273Z,101,,,oasis/bottle,,0,,,,,
,,,,,,,,,,,,,,,13,,,,,,,,,1,,,0,,,,,0,,,,,0,,,,,,,,,,,local.mqtt.telegraf,32,,36.56,,,,,,periodic,,23,,,,,6,5,08a6f76bd428,,,51936,43104,,6,521,,,,,,,,,,,,,522,,,,,08a6f76bd428-522,,,0,,,,,,,272,522,08:A6:F7:6B:D4:28,,,,,,5901,34,31,30,30,1,,,1,30,1075,33,2,,,,3123046,1786523899301,3123059,1786523899314,,1786523899278,29,2026-08-12T08:38:20.3398625Z,101,,,oasis/bottle,,0,,,,,
,,,,,,,,,,,,,,,13,,,,,,,,,1,,,0,,,,,0,,,,,0,,,,,,,,,,,local.mqtt.telegraf,32,,36.75,,,,,,periodic,,27,,,,,6,5,08a6f76bd428,,,122896,43104,,6,522,,,,,,,,,,,,,523,,,,,08a6f76bd428-523,,,0,,,,,,,278,523,08:A6:F7:6B:D4:28,,,,,,7166,34,31,30,30,1,,,1,30,1075,33,2,,,,3124316,1786523900571,3124329,1786523900584,,1786523900544,29,2026-08-12T08:38:21.6031933Z,101,,,oasis/bottle,,0,,,,,
,,,,,,,,,,,,,,,13,,,,,,,,,1,,,0,,,,,0,,,,,0,,,,,,,,,,,local.mqtt.telegraf,32,,36.63,,,,,,periodic,,23,,,,,6,5,08a6f76bd428,,,113232,43104,,10,523,,,,,,,,,,,,,524,,,,,08a6f76bd428-524,,,0,,,,,,,272,524,08:A6:F7:6B:D4:28,,,,,,8501,34,31,30,30,1,,,1,30,1075,33,2,,,,3125646,1786523901901,3125659,1786523901914,,1786523901878,29,2026-08-12T08:38:22.9371469Z,101,,,oasis/bottle,,0,,,,,
,,,,,,,,,,,,,,,13,,,,,,,,,1,,,0,,,,,0,,,,,0,,,,,,,,,,,local.mqtt.telegraf,32,,36.36,,,,,,periodic,,23,,,,,6,5,08a6f76bd428,,,102912,43104,,6,524,,,,,,,,,,,,,525,,,,,08a6f76bd428-525,,,0,,,,,,,272,525,08:A6:F7:6B:D4:28,,,,,,9961,34,31,30,30,1,,,1,30,1075,33,2,,,,3127106,1786523903361,3127119,1786523903374,,1786523903338,29,2026-08-12T08:38:24.4000382Z,101,,,oasis/bottle,,0,,,,,
,,,,,,,,,,,,,,,13,,,,,,,,,1,,,0,,,,,0,,,,,0,,,,,,,,,,,local.mqtt.telegraf,32,,36.09,,,,,,periodic,,23,,,,,6,5,08a6f76bd428,,,94560,43104,,6,525,,,,,,,,,,,,,526,,,,,08a6f76bd428-526,,,0,,,,,,,272,526,08:A6:F7:6B:D4:28,,,,,,11071,34,31,30,30,1,,,1,30,1075,33,2,,,,3128216,1786523904471,3128229,1786523904484,,1786523904448,29,2026-08-12T08:38:25.4991359Z,101,,,oasis/bottle,,0,,,,,
,,,,,,,,,,,,,,,13,,,,,,,,,1,,,0,,,,,0,,,,,0,,,,,,,,,,,local.mqtt.telegraf,32,,35.89,,,,,,periodic,,23,,,,,6,5,08a6f76bd428,,,86864,43104,,6,526,,,,,,,,,,,,,527,,,,,08a6f76bd428-527,,,0,,,,,,,272,527,08:A6:F7:6B:D4:28,,,,,,12091,34,31,30,30,1,,,1,30,1075,33,2,,,,3129236,1786523905491,3129249,1786523905504,,1786523905468,29,2026-08-12T08:38:26.5215117Z,101,,,oasis/bottle,,0,,,,,
,,,,,,,,,,,,,,,14,,,,,,,,,1,,,0,,,,,0,,,,,0,,,,,,,,,,,local.mqtt.telegraf,32,,35.39,,,,,,periodic,,23,,,,,6,5,08a6f76bd428,,,76544,43104,,6,527,,,,,,,,,,,,,528,,,,,08a6f76bd428-528,,,0,,,,,,,272,528,08:A6:F7:6B:D4:28,,,,,,13531,34,31,30,30,1,,,1,30,1075,33,2,,,,3130676,1786523906931,3130690,1786523906945,,1786523906908,29,2026-08-12T08:38:27.9714354Z,101,,,oasis/bottle,,0,,,,,
,,,,,,,,,,,,,,,14,,,,,,,,,1,,,0,,,,,0,,,,,0,,,,,,,,,,,local.mqtt.telegraf,32,,35.06,,,,,,periodic,,23,,,,,6,5,08a6f76bd428,,,68192,43104,,6,528,,,,,,,,,,,,,529,,,,,08a6f76bd428-529,,,0,,,,,,,272,529,08:A6:F7:6B:D4:28,,,,,,14611,34,31,30,30,1,,,1,30,1075,33,2,,,,3131756,1786523908011,3131770,1786523908025,,1786523907988,29,2026-08-12T08:38:29.0524574Z,101,,,oasis/bottle,,0,,,,,
,,,,,,,,,,,,,,,13,,,,,,,,,1,,,0,,,,,0,,,,,0,,,,,,,,,,,local.mqtt.telegraf,32,,34.99,,,,,,periodic,,23,,,,,6,5,08a6f76bd428,,,57216,43104,,12,529,,,,,,,,,,,,,530,,,,,08a6f76bd428-530,,,0,,,,,,,272,530,08:A6:F7:6B:D4:28,,,,,,16181,34,31,30,30,1,,,1,30,1075,33,2,,,,3133326,1786523909581,3133339,1786523909594,,1786523909558,29,2026-08-12T08:38:30.6218842Z,101,,,oasis/bottle,,0,,,,,
,,,,,,,,,,,,,,,13,,,,,,,,,1,,,0,,,,,0,,,,,0,,,,,,,,,,,local.mqtt.telegraf,32,,34.8,,,,,,periodic,,23,,,,,6,5,08a6f76bd428,,,47552,43104,,6,530,,,,,,,,,,,,,531,,,,,08a6f76bd428-531,,,0,,,,,,,272,531,08:A6:F7:6B:D4:28,,,,,,17501,34,31,30,30,1,,,1,30,1075,33,2,,,,3134646,1786523910901,3134659,1786523910914,,1786523910878,29,2026-08-12T08:38:31.93295Z,101,,,oasis/bottle,,0,,,,,
,,,,,,,,,,,,,,,13,,,,,,,,,1,,,0,,,,,0,,,,,0,,,,,,,,,,,local.mqtt.telegraf,32,,34.96,,,,,,periodic,,23,,,,,6,5,08a6f76bd428,,,117344,43104,,6,531,,,,,,,,,,,,,532,,,,,08a6f76bd428-532,,,0,,,,,,,272,532,08:A6:F7:6B:D4:28,,,,,,18941,34,31,30,30,1,,,1,30,1075,33,2,,,,3136086,1786523912341,3136099,1786523912354,,1786523912318,29,2026-08-12T08:38:33.385157Z,101,,,oasis/bottle,,0,,,,,
,,,,,,,,,,,,,,,13,,,,,,,,,1,,,0,,,,,0,,,,,0,,,,,,,,,,,local.mqtt.telegraf,32,,35.23,,,,,,periodic,,23,,,,,6,5,08a6f76bd428,,,108992,43104,,7,532,,,,,,,,,,,,,533,,,,,08a6f76bd428-533,,,0,,,,,,,272,533,08:A6:F7:6B:D4:28,,,,,,20021,34,31,30,30,1,,,1,30,1075,33,2,,,,3137166,1786523913421,3137179,1786523913434,,1786523913398,29,2026-08-12T08:38:34.4547356Z,101,,,oasis/bottle,,0,,,,,
,,,,,,,,,,,,,,,13,,,,,,,,,1,,,0,,,,,0,,,,,0,,,,,,,,,,,local.mqtt.telegraf,32,,35.89,,,,,,periodic,,22,,,,,5,5,08a6f76bd428,,,86704,43104,,9,533,,,,,,,,,,,,,534,,,,,08a6f76bd428-534,,,0,,,,,,,272,534,08:A6:F7:6B:D4:28,,,,,,1311,35,31,29,29,2,,,0,29,384,31,3,,,,3138725,1786523914980,3138738,1786523914993,,1786523914958,29,2026-08-12T08:38:36.0204682Z,103,,,oasis/bottle,,0,,,,,
,,,,,,,,,,,,,,,13,,,,,,,,,1,,,0,,,,,0,,,,,0,,,,,,,,,,,local.mqtt.telegraf,32,,36.34,,,,,,periodic,,24,,,,,6,5,08a6f76bd428,,,77040,43104,,6,534,,,,,,,,,,,,,535,,,,,08a6f76bd428-535,,,0,,,,,,,272,535,08:A6:F7:6B:D4:28,,,,,,2631,35,31,29,29,2,,,0,29,384,31,3,,,,3140046,1786523916301,3140059,1786523916314,,1786523916277,29,2026-08-12T08:38:37.3366624Z,103,,,oasis/bottle,,0,,,,,
,,,,,,,,,,,,,,,13,,,,,,,,,1,,,0,,,,,0,,,,,0,,,,,,,,,,,local.mqtt.telegraf,32,,37.04,,,,,,periodic,,24,,,,,6,5,08a6f76bd428,,,66720,43104,,6,535,,,,,,,,,,,,,536,,,,,08a6f76bd428-536,,,0,,,,,,,272,536,08:A6:F7:6B:D4:28,,,,,,4061,35,31,29,29,2,,,0,29,384,31,3,,,,3141476,1786523917731,3141489,1786523917744,,1786523917707,29,2026-08-12T08:38:38.770639Z,103,,,oasis/bottle,,0,,,,,
,,,,,,,,,,,,,,,21,,,,,,,,,1,,,0,,,,,0,,,,,0,,,,,,,,,,,local.mqtt.telegraf,32,,37.38,,,,,,periodic,,23,,,,,5,5,08a6f76bd428,,,58992,43104,,6,536,,,,,,,,,,,,,537,,,,,08a6f76bd428-537,,,0,,,,,,,273,537,08:A6:F7:6B:D4:28,,,,,,5121,35,31,29,29,2,,,0,29,384,31,3,,,,3142536,1786523918791,3142557,1786523918812,,1786523918768,29,2026-08-12T08:38:39.837631Z,103,,,oasis/bottle,,0,,,,,
,,,,,,,,,,,,,,,13,,,,,,,,,1,,,0,,,,,0,,,,,0,,,,,,,,,,,local.mqtt.telegraf,32,,37.69,,,,,,periodic,,24,,,,,6,5,08a6f76bd428,,,48000,43104,,5,537,,,,,,,,,,,,,538,,,,,08a6f76bd428-538,,,0,,,,,,,272,538,08:A6:F7:6B:D4:28,,,,,,6641,35,31,29,29,2,,,0,29,384,31,3,,,,3144056,1786523920311,3144069,1786523920324,,1786523920287,29,2026-08-12T08:38:41.3635125Z,103,,,oasis/bottle,,0,,,,,
,,,,,,,,,,,,,,,13,,,,,,,,,1,,,0,,,,,0,,,,,0,,,,,,,,,,,local.mqtt.telegraf,32,,37.84,,,,,,periodic,,24,,,,,6,5,08a6f76bd428,,,118784,43104,,6,538,,,,,,,,,,,,,539,,,,,08a6f76bd428-539,,,0,,,,,,,272,539,08:A6:F7:6B:D4:28,,,,,,7881,35,31,29,29,2,,,0,29,384,31,3,,,,3145296,1786523921551,3145309,1786523921564,,1786523921527,29,2026-08-12T08:38:42.581318Z,103,,,oasis/bottle,,0,,,,,
,,,,,,,,,,,,,,,13,,,,,,,,,1,,,0,,,,,0,,,,,0,,,,,,,,,,,local.mqtt.telegraf,32,,37.84,,,,,,periodic,,24,,,,,6,5,08a6f76bd428,,,109776,43104,,6,539,,,,,,,,,,,,,540,,,,,08a6f76bd428-540,,,0,,,,,,,272,540,08:A6:F7:6B:D4:28,,,,,,9151,35,31,29,29,2,,,0,29,384,31,3,,,,3146566,1786523922821,3146579,1786523922834,,1786523922797,29,2026-08-12T08:38:43.8524871Z,103,,,oasis/bottle,,0,,,,,
,,,,,,,,,,,,,,,13,,,,,,,,,1,,,0,,,,,0,,,,,0,,,,,,,,,,,local.mqtt.telegraf,32,,37.9,,,,,,periodic,,23,,,,,5,5,08a6f76bd428,,,99280,43104,,7,540,,,,,,,,,,,,,541,,,,,08a6f76bd428-541,,,0,,,,,,,272,541,08:A6:F7:6B:D4:28,,,,,,10541,35,31,29,29,2,,,0,29,384,31,3,,,,3147956,1786523924211,3147969,1786523924224,,1786523924188,29,2026-08-12T08:38:45.2524185Z,103,,,oasis/bottle,,0,,,,,
,,,,,,,,,,,,,,,13,,,,,,,,,1,,,0,,,,,0,,,,,0,,,,,,,,,,,local.mqtt.telegraf,32,,38.02,,,,,,periodic,,24,,,,,6,5,08a6f76bd428,,,88304,43104,,6,541,,,,,,,,,,,,,542,,,,,08a6f76bd428-542,,,0,,,,,,,272,542,08:A6:F7:6B:D4:28,,,,,,12071,35,31,29,29,2,,,0,29,384,31,3,,,,3149486,1786523925741,3149499,1786523925754,,1786523925717,29,2026-08-12T08:38:46.7713678Z,103,,,oasis/bottle,,0,,,,,
,,,,,,,,,,,,,,,13,,,,,,,,,1,,,0,,,,,0,,,,,0,,,,,,,,,,,local.mqtt.telegraf,32,,37.85,,,,,,periodic,,24,,,,,6,5,08a6f76bd428,,,79296,43104,,6,542,,,,,,,,,,,,,543,,,,,08a6f76bd428-543,,,0,,,,,,,272,543,08:A6:F7:6B:D4:28,,,,,,13331,35,31,29,29,2,,,0,29,384,31,3,,,,3150746,1786523927001,3150759,1786523927014,,1786523926977,29,2026-08-12T08:38:48.032909Z,103,,,oasis/bottle,,0,,,,,
,,,,,,,,,,,,,,,13,,,,,,,,,1,,,0,,,,,0,,,,,0,,,,,,,,,,,local.mqtt.telegraf,32,,37.89,,,,,,periodic,,24,,,,,6,5,08a6f76bd428,,,69632,43104,,6,543,,,,,,,,,,,,,544,,,,,08a6f76bd428-544,,,0,,,,,,,272,544,08:A6:F7:6B:D4:28,,,,,,14641,35,31,29,29,2,,,0,29,384,31,3,,,,3152056,1786523928311,3152069,1786523928324,,1786523928287,29,2026-08-12T08:38:49.3500686Z,103,,,oasis/bottle,,0,,,,,
,,,,,,,,,,,,,,,13,,,,,,,,,1,,,0,,,,,0,,,,,0,,,,,,,,,,,local.mqtt.telegraf,32,,37.84,,,,,,periodic,,24,,,,,6,5,08a6f76bd428,,,59312,43104,,6,544,,,,,,,,,,,,,545,,,,,08a6f76bd428-545,,,0,,,,,,,272,545,08:A6:F7:6B:D4:28,,,,,,16061,35,31,29,29,2,,,0,29,384,31,3,,,,3153476,1786523929731,3153489,1786523929744,,1786523929707,29,2026-08-12T08:38:50.7711284Z,103,,,oasis/bottle,,0,,,,,
,,,,,,,,,,,,,,,13,,,,,,,,,1,,,0,,,,,0,,,,,0,,,,,,,,,,,local.mqtt.telegraf,32,,37.92,,,,,,periodic,,24,,,,,6,5,08a6f76bd428,,,51616,43104,,6,545,,,,,,,,,,,,,546,,,,,08a6f76bd428-546,,,0,,,,,,,272,546,08:A6:F7:6B:D4:28,,,,,,17101,35,31,29,29,2,,,0,29,384,31,3,,,,3154516,1786523930771,3154529,1786523930784,,1786523930747,29,2026-08-12T08:38:51.8061357Z,103,,,oasis/bottle,,0,,,,,
,,,,,,,,,,,,,,,13,,,,,,,,,1,,,0,,,,,0,,,,,0,,,,,,,,,,,local.mqtt.telegraf,32,,38.05,,,,,,periodic,,24,,,,,6,5,08a6f76bd428,,,121184,43104,,6,546,,,,,,,,,,,,,547,,,,,08a6f76bd428-547,,,0,,,,,,,272,547,08:A6:F7:6B:D4:28,,,,,,18581,35,31,29,29,2,,,0,29,384,31,3,,,,3155996,1786523932251,3156009,1786523932264,,1786523932227,29,2026-08-12T08:38:53.2870885Z,103,,,oasis/bottle,,0,,,,,
,,,,,,,,,,,,,,,13,,,,,,,,,1,,,0,,,,,0,,,,,0,,,,,,,,,,,local.mqtt.telegraf,32,,38.04,,,,,,periodic,,24,,,,,6,5,08a6f76bd428,,,112832,43104,,6,547,,,,,,,,,,,,,548,,,,,08a6f76bd428-548,,,0,,,,,,,272,548,08:A6:F7:6B:D4:28,,,,,,19741,35,31,29,29,2,,,0,29,384,31,3,,,,3157156,1786523933411,3157169,1786523933424,,1786523933387,29,2026-08-12T08:38:54.4519395Z,103,,,oasis/bottle,,0,,,,,
,,,,,,,,,,,,,,,13,,,,,,,,,1,,,0,,,,,0,,,,,0,,,,,,,,,,,local.mqtt.telegraf,32,,38.04,,,,,,periodic,,21,,,,,5,5,08a6f76bd428,,,91856,43104,,6,548,,,,,,,,,,,,,549,,,,,08a6f76bd428-549,,,0,,,,,,,273,549,08:A6:F7:6B:D4:28,,,,,,512,36,32,30,30,2,,,0,29,415,33,3,,,,3158525,1786523934780,3158538,1786523934793,,1786523934759,29,2026-08-12T08:38:55.821178Z,107,,,oasis/bottle,,0,,,,,
,,,,,,,,,,,,,,,13,,,,,,,,,1,,,0,,,,,0,,,,,0,,,,,,,,,,,local.mqtt.telegraf,32,,37.9,,,,,,periodic,,23,,,,,5,5,08a6f76bd428,,,82816,43104,,5,549,,,,,,,,,,,,,550,,,,,08a6f76bd428-550,,,0,,,,,,,273,550,08:A6:F7:6B:D4:28,,,,,,1791,36,32,30,30,2,,,0,29,415,33,3,,,,3159806,1786523936061,3159819,1786523936074,,1786523936038,29,2026-08-12T08:38:57.0994693Z,107,,,oasis/bottle,,0,,,,,
,,,,,,,,,,,,,,,13,,,,,,,,,1,,,0,,,,,0,,,,,0,,,,,,,,,,,local.mqtt.telegraf,32,,37.94,,,,,,periodic,,24,,,,,6,5,08a6f76bd428,,,73136,43104,,5,550,,,,,,,,,,,,,551,,,,,08a6f76bd428-551,,,0,,,,,,,272,551,08:A6:F7:6B:D4:28,,,,,,3151,36,32,30,30,2,,,0,29,415,33,3,,,,3161166,1786523937421,3161179,1786523937434,,1786523937397,29,2026-08-12T08:38:58.449261Z,107,,,oasis/bottle,,0,,,,,
,,,,,,,,,,,,,,,13,,,,,,,,,1,,,0,,,,,0,,,,,0,,,,,,,,,,,local.mqtt.telegraf,32,,37.93,,,,,,periodic,,24,,,,,6,5,08a6f76bd428,,,62160,43104,,6,551,,,,,,,,,,,,,552,,,,,08a6f76bd428-552,,,0,,,,,,,272,552,08:A6:F7:6B:D4:28,,,,,,4671,36,32,30,30,2,,,0,29,415,33,3,,,,3162686,1786523938941,3162699,1786523938954,,1786523938917,29,2026-08-12T08:38:59.9688003Z,107,,,oasis/bottle,,0,,,,,
,,,,,,,,,,,,,,,13,,,,,,,,,1,,,0,,,,,0,,,,,0,,,,,,,,,,,local.mqtt.telegraf,32,,37.96,,,,,,periodic,,24,,,,,6,5,08a6f76bd428,,,53152,43104,,6,552,,,,,,,,,,,,,553,,,,,08a6f76bd428-553,,,0,,,,,,,272,553,08:A6:F7:6B:D4:28,,,,,,5911,36,32,30,30,2,,,0,29,415,33,3,,,,3163926,1786523940181,3163939,1786523940194,,1786523940157,29,2026-08-12T08:39:01.3225093Z,107,,,oasis/bottle,,0,,,,,
,,,,,,,,,,,,,,,13,,,,,,,,,1,,,0,,,,,0,,,,,0,,,,,,,,,,,local.mqtt.telegraf,32,,37.9,,,,,,periodic,,25,,,,,12,5,08a6f76bd428,,,44144,43104,,6,553,,,,,,,,,,,,,554,,,,,08a6f76bd428-554,,,0,,,,,,,272,554,08:A6:F7:6B:D4:28,,,,,,7181,36,32,30,30,2,,,0,29,415,33,3,,,,3165197,1786523941452,3165210,1786523941465,,1786523941427,29,2026-08-12T08:39:02.6480684Z,107,,,oasis/bottle,,0,,,,,
,,,,,,,,,,,,,,,13,,,,,,,,,1,,,0,,,,,0,,,,,0,,,,,,,,,,,local.mqtt.telegraf,32,,37.89,,,,,,periodic,,24,,,,,6,5,08a6f76bd428,,,113168,43104,,6,554,,,,,,,,,,,,,555,,,,,08a6f76bd428-555,,,0,,,,,,,272,555,08:A6:F7:6B:D4:28,,,,,,8531,36,32,30,30,2,,,0,29,415,33,3,,,,3166546,1786523942801,3166559,1786523942814,,1786523942777,29,2026-08-12T08:39:03.8993468Z,107,,,oasis/bottle,,0,,,,,
,,,,,,,,,,,,,,,13,,,,,,,,,1,,,0,,,,,0,,,,,0,,,,,,,,,,,local.mqtt.telegraf,32,,37.75,,,,,,periodic,,24,,,,,6,5,08a6f76bd428,,,102848,43104,,6,555,,,,,,,,,,,,,556,,,,,08a6f76bd428-556,,,0,,,,,,,272,556,08:A6:F7:6B:D4:28,,,,,,10021,36,32,30,30,2,,,0,29,415,33,3,,,,3168036,1786523944291,3168049,1786523944304,,1786523944267,29,2026-08-12T08:39:05.320715Z,107,,,oasis/bottle,,0,,,,,
,,,,,,,,,,,,,,,13,,,,,,,,,1,,,0,,,,,0,,,,,0,,,,,,,,,,,local.mqtt.telegraf,32,,37.85,,,,,,periodic,,20,,,,,5,5,08a6f76bd428,,,93840,43104,,7,556,,,,,,,,,,,,,557,,,,,08a6f76bd428-557,,,0,,,,,,,273,557,08:A6:F7:6B:D4:28,,,,,,11194,36,32,30,30,2,,,0,29,415,33,3,,,,3169206,1786523945461,3169219,1786523945474,,1786523945441,29,2026-08-12T08:39:06.5022982Z,107,,,oasis/bottle,,0,,,,,
,,,,,,,,,,,,,,,13,,,,,,,,,1,,,0,,,,,0,,,,,0,,,,,,,,,,,local.mqtt.telegraf,32,,37.82,,,,,,periodic,,24,,,,,6,5,08a6f76bd428,,,85488,43104,,6,557,,,,,,,,,,,,,558,,,,,08a6f76bd428-558,,,0,,,,,,,272,558,08:A6:F7:6B:D4:28,,,,,,12341,36,32,30,30,2,,,0,29,415,33,3,,,,3170356,1786523946611,3170369,1786523946624,,1786523946587,29,2026-08-12T08:39:07.6531666Z,107,,,oasis/bottle,,0,,,,,
,,,,,,,,,,,,,,,13,,,,,,,,,1,,,0,,,,,0,,,,,0,,,,,,,,,,,local.mqtt.telegraf,32,,37.79,,,,,,periodic,,24,,,,,6,5,08a6f76bd428,,,77136,43104,,6,558,,,,,,,,,,,,,559,,,,,08a6f76bd428-559,,,0,,,,,,,272,559,08:A6:F7:6B:D4:28,,,,,,13431,36,32,30,30,2,,,0,29,415,33,3,,,,3171446,1786523947701,3171459,1786523947714,,1786523947677,29,2026-08-12T08:39:08.7330798Z,107,,,oasis/bottle,,0,,,,,
,,,,,,,,,,,,,,,13,,,,,,,,,1,,,0,,,,,0,,,,,0,,,,,,,,,,,local.mqtt.telegraf,32,,37.73,,,,,,periodic,,24,,,,,6,5,08a6f76bd428,,,66160,43104,,6,559,,,,,,,,,,,,,560,,,,,08a6f76bd428-560,,,0,,,,,,,272,560,08:A6:F7:6B:D4:28,,,,,,15011,36,32,30,30,2,,,0,29,415,33,3,,,,3173026,1786523949281,3173039,1786523949294,,1786523949257,29,2026-08-12T08:39:10.3143552Z,107,,,oasis/bottle,,0,,,,,
,,,,,,,,,,,,,,,13,,,,,,,,,1,,,0,,,,,0,,,,,0,,,,,,,,,,,local.mqtt.telegraf,32,,37.69,,,,,,periodic,,24,,,,,6,5,08a6f76bd428,,,56496,43104,,6,560,,,,,,,,,,,,,561,,,,,08a6f76bd428-561,,,0,,,,,,,272,561,08:A6:F7:6B:D4:28,,,,,,16371,36,32,30,30,2,,,0,29,415,33,3,,,,3174386,1786523950641,3174399,1786523950654,,1786523950617,29,2026-08-12T08:39:11.6678245Z,107,,,oasis/bottle,,0,,,,,
,,,,,,,,,,,,,,,22,,,,,,,,,1,,,0,,,,,0,,,,,0,,,,,,,,,,,local.mqtt.telegraf,32,,37.79,,,,,,periodic,,24,,,,,6,5,08a6f76bd428,,,45520,43104,,6,561,,,,,,,,,,,,,562,,,,,08a6f76bd428-562,,,0,,,,,,,272,562,08:A6:F7:6B:D4:28,,,,,,17891,36,32,30,30,2,,,0,29,415,33,3,,,,3175906,1786523952161,3175928,1786523952183,,1786523952137,29,2026-08-12T08:39:13.20019Z,107,,,oasis/bottle,,0,,,,,
,,,,,,,,,,,,,,,13,,,,,,,,,1,,,0,,,,,0,,,,,0,,,,,,,,,,,local.mqtt.telegraf,32,,37.74,,,,,,periodic,,24,,,,,6,5,08a6f76bd428,,,114816,43104,,5,562,,,,,,,,,,,,,563,,,,,08a6f76bd428-563,,,0,,,,,,,272,563,08:A6:F7:6B:D4:28,,,,,,19131,36,32,30,30,2,,,0,29,415,33,3,,,,3177146,1786523953401,3177159,1786523953414,,1786523953377,29,2026-08-12T08:39:14.4345998Z,107,,,oasis/bottle,,0,,,,,
,,,,,,,,,,,,,,,13,,,,,,,,,1,,,0,,,,,0,,,,,0,,,,,,,,,,,local.mqtt.telegraf,32,,37.78,,,,,,periodic,,24,,,,,6,5,08a6f76bd428,,,105808,43104,,6,563,,,,,,,,,,,,,564,,,,,08a6f76bd428-564,,,0,,,,,,,272,564,08:A6:F7:6B:D4:28,,,,,,20401,36,32,30,30,2,,,0,29,415,33,3,,,,3178416,1786523954671,3178429,1786523954684,,1786523954647,29,2026-08-12T08:39:15.7142168Z,107,,,oasis/bottle,,0,,,,,
,,,,,,,,,,,,,,,13,,,,,,,,,1,,,0,,,,,0,,,,,0,,,,,,,,,,,local.mqtt.telegraf,32,,37.81,,,,,,periodic,,22,,,,,6,5,08a6f76bd428,,,85440,43104,,6,564,,,,,,,,,,,,,565,,,,,08a6f76bd428-565,,,0,,,,,,,272,565,08:A6:F7:6B:D4:28,,,,,,1101,37,49,31,31,18,,,0,29,404,33,3,,,,3179755,1786523956010,3179768,1786523956023,,1786523955988,29,2026-08-12T08:39:17.049807Z,110,,,oasis/bottle,,0,,,,,
,,,,,,,,,,,,,,,13,,,,,,,,,1,,,0,,,,,0,,,,,0,,,,,,,,,,,local.mqtt.telegraf,32,,37.82,,,,,,periodic,,23,,,,,6,5,08a6f76bd428,,,75120,43104,,7,565,,,,,,,,,,,,,566,,,,,08a6f76bd428-566,,,0,,,,,,,272,566,08:A6:F7:6B:D4:28,,,,,,2581,37,49,31,31,18,,,0,29,404,33,3,,,,3181236,1786523957491,3181249,1786523957504,,1786523957468,29,2026-08-12T08:39:18.5328758Z,110,,,oasis/bottle,,0,,,,,
,,,,,,,,,,,,,,,13,,,,,,,,,1,,,0,,,,,0,,,,,0,,,,,,,,,,,local.mqtt.telegraf,32,,37.86,,,,,,periodic,,23,,,,,6,5,08a6f76bd428,,,66768,43104,,6,566,,,,,,,,,,,,,567,,,,,08a6f76bd428-567,,,0,,,,,,,272,567,08:A6:F7:6B:D4:28,,,,,,3731,37,49,31,31,18,,,0,29,404,33,3,,,,3182386,1786523958641,3182399,1786523958654,,1786523958618,29,2026-08-12T08:39:19.6822775Z,110,,,oasis/bottle,,0,,,,,
,,,,,,,,,,,,,,,13,,,,,,,,,1,,,0,,,,,0,,,,,0,,,,,,,,,,,local.mqtt.telegraf,32,,37.92,,,,,,periodic,,23,,,,,6,5,08a6f76bd428,,,58416,43104,,6,567,,,,,,,,,,,,,568,,,,,08a6f76bd428-568,,,0,,,,,,,272,568,08:A6:F7:6B:D4:28,,,,,,4831,37,49,31,31,18,,,0,29,404,33,3,,,,3183486,1786523959741,3183499,1786523959754,,1786523959718,29,2026-08-12T08:39:20.7701016Z,110,,,oasis/bottle,,0,,,,,
,,,,,,,,,,,,,,,13,,,,,,,,,1,,,0,,,,,0,,,,,0,,,,,,,,,,,local.mqtt.telegraf,32,,37.89,,,,,,periodic,,23,,,,,6,5,08a6f76bd428,,,50720,43104,,6,568,,,,,,,,,,,,,569,,,,,08a6f76bd428-569,,,0,,,,,,,272,569,08:A6:F7:6B:D4:28,,,,,,5831,37,49,31,31,18,,,0,29,404,33,3,,,,3184486,1786523960741,3184499,1786523960754,,1786523960718,29,2026-08-12T08:39:21.7688172Z,110,,,oasis/bottle,,0,,,,,
,,,,,,,,,,,,,,,13,,,,,,,,,1,,,0,,,,,0,,,,,0,,,,,,,,,,,local.mqtt.telegraf,32,,37.82,,,,,,periodic,,23,,,,,6,5,08a6f76bd428,,,120544,43104,,6,569,,,,,,,,,,,,,570,,,,,08a6f76bd428-570,,,0,,,,,,,272,570,08:A6:F7:6B:D4:28,,,,,,7231,37,49,31,31,18,,,0,29,404,33,3,,,,3185886,1786523962141,3185899,1786523962154,,1786523962118,29,2026-08-12T08:39:23.1860154Z,110,,,oasis/bottle,,0,,,,,
,,,,,,,,,,,,,,,13,,,,,,,,,1,,,0,,,,,0,,,,,0,,,,,,,,,,,local.mqtt.telegraf,32,,37.96,,,,,,periodic,,23,,,,,6,5,08a6f76bd428,,,112016,43104,,8,570,,,,,,,,,,,,,571,,,,,08a6f76bd428-571,,,0,,,,,,,272,571,08:A6:F7:6B:D4:28,,,,,,8271,37,49,31,31,18,,,0,29,404,33,3,,,,3186926,1786523963181,3186939,1786523963194,,1786523963158,29,2026-08-12T08:39:24.2163986Z,110,,,oasis/bottle,,0,,,,,
,,,,,,,,,,,,,,,13,,,,,,,,,1,,,0,,,,,0,,,,,0,,,,,,,,,,,local.mqtt.telegraf,32,,37.96,,,,,,periodic,,23,,,,,6,5,08a6f76bd428,,,101696,43104,,6,571,,,,,,,,,,,,,572,,,,,08a6f76bd428-572,,,0,,,,,,,272,572,08:A6:F7:6B:D4:28,,,,,,9701,37,49,31,31,18,,,0,29,404,33,3,,,,3188356,1786523964611,3188369,1786523964624,,1786523964588,29,2026-08-12T08:39:25.6499534Z,110,,,oasis/bottle,,0,,,,,
,,,,,,,,,,,,,,,13,,,,,,,,,1,,,0,,,,,0,,,,,0,,,,,,,,,,,local.mqtt.telegraf,32,,37.98,,,,,,periodic,,22,,,,,5,5,08a6f76bd428,,,93968,43104,,6,572,,,,,,,,,,,,,573,,,,,08a6f76bd428-573,,,0,,,,,,,273,573,08:A6:F7:6B:D4:28,,,,,,10761,37,49,31,31,18,,,0,29,404,33,3,,,,3189416,1786523965671,3189429,1786523965684,,1786523965649,29,2026-08-12T08:39:26.6995521Z,110,,,oasis/bottle,,0,,,,,
,,,,,,,,,,,,,,,13,,,,,,,,,1,,,0,,,,,0,,,,,0,,,,,,,,,,,local.mqtt.telegraf,32,,38.04,,,,,,periodic,,23,,,,,6,5,08a6f76bd428,,,82976,43104,,5,573,,,,,,,,,,,,,574,,,,,08a6f76bd428-574,,,0,,,,,,,272,574,08:A6:F7:6B:D4:28,,,,,,12281,37,49,31,31,18,,,0,29,404,33,3,,,,3190936,1786523967191,3190949,1786523967204,,1786523967168,29,2026-08-12T08:39:28.2345271Z,110,,,oasis/bottle,,0,,,,,
,,,,,,,,,,,,,,,13,,,,,,,,,1,,,0,,,,,0,,,,,0,,,,,,,,,,,local.mqtt.telegraf,32,,38.08,,,,,,periodic,,23,,,,,6,5,08a6f76bd428,,,73968,43104,,9,574,,,,,,,,,,,,,575,,,,,08a6f76bd428-575,,,0,,,,,,,272,575,08:A6:F7:6B:D4:28,,,,,,13521,37,49,31,31,18,,,0,29,404,33,3,,,,3192176,1786523968431,3192189,1786523968444,,1786523968408,29,2026-08-12T08:39:29.4673021Z,110,,,oasis/bottle,,0,,,,,
,,,,,,,,,,,,,,,13,,,,,,,,,1,,,0,,,,,0,,,,,0,,,,,,,,,,,local.mqtt.telegraf,32,,38.04,,,,,,periodic,,23,,,,,6,5,08a6f76bd428,,,64960,43104,,6,575,,,,,,,,,,,,,576,,,,,08a6f76bd428-576,,,0,,,,,,,272,576,08:A6:F7:6B:D4:28,,,,,,14801,37,49,31,31,18,,,0,29,404,33,3,,,,3193456,1786523969711,3193469,1786523969724,,1786523969688,29,2026-08-12T08:39:30.7476033Z,110,,,oasis/bottle,,0,,,,,
,,,,,,,,,,,,,,,13,,,,,,,,,1,,,0,,,,,0,,,,,0,,,,,,,,,,,local.mqtt.telegraf,32,,38.05,,,,,,periodic,,23,,,,,6,5,08a6f76bd428,,,55296,43104,,6,576,,,,,,,,,,,,,577,,,,,08a6f76bd428-577,,,0,,,,,,,272,577,08:A6:F7:6B:D4:28,,,,,,16151,37,49,31,31,18,,,0,29,404,33,3,,,,3194806,1786523971061,3194819,1786523971074,,1786523971038,29,2026-08-12T08:39:32.1001532Z,110,,,oasis/bottle,,0,,,,,
,,,,,,,,,,,,,,,13,,,,,,,,,1,,,0,,,,,0,,,,,0,,,,,,,,,,,local.mqtt.telegraf,32,,38.04,,,,,,periodic,,22,,,,,5,5,08a6f76bd428,,,44944,43104,,7,577,,,,,,,,,,,,,578,,,,,08a6f76bd428-578,,,0,,,,,,,273,578,08:A6:F7:6B:D4:28,,,,,,17651,37,49,31,31,18,,,0,29,404,33,3,,,,3196306,1786523972561,3196319,1786523972574,,1786523972539,29,2026-08-12T08:39:33.6011852Z,110,,,oasis/bottle,,0,,,,,
,,,,,,,,,,,,,,,13,,,,,,,,,1,,,0,,,,,0,,,,,0,,,,,,,,,,,local.mqtt.telegraf,32,,38.01,,,,,,periodic,,23,,,,,6,5,08a6f76bd428,,,115024,43104,,6,578,,,,,,,,,,,,,579,,,,,08a6f76bd428-579,,,0,,,,,,,272,579,08:A6:F7:6B:D4:28,,,,,,18861,37,49,31,31,18,,,0,29,404,33,3,,,,3197516,1786523973771,3197529,1786523973784,,1786523973748,29,2026-08-12T08:39:34.8300309Z,110,,,oasis/bottle,,0,,,,,
,,,,,,,,,,,,,,,13,,,,,,,,,1,,,0,,,,,0,,,,,0,,,,,,,,,,,local.mqtt.telegraf,32,,38.02,,,,,,periodic,,23,,,,,6,5,08a6f76bd428,,,106016,43104,,6,579,,,,,,,,,,,,,580,,,,,08a6f76bd428-580,,,0,,,,,,,272,580,08:A6:F7:6B:D4:28,,,,,,20071,37,49,31,31,18,,,0,29,404,33,3,,,,3198726,1786523974981,3198739,1786523974994,,1786523974958,29,2026-08-12T08:39:36.0162054Z,110,,,oasis/bottle,,0,,,,,
,,,,,,,,,,,,,,,12,,,,,,,,,1,,,0,,,,,0,,,,,0,,,,,,,,,,,local.mqtt.telegraf,32,,38.13,,,,,,periodic,,24,,,,,6,5,08a6f76bd428,,,86352,43104,,9,580,,,,,,,,,,,,,581,,,,,08a6f76bd428-581,,,0,,,,,,,272,581,08:A6:F7:6B:D4:28,,,,,,1041,38,31,29,29,2,,,0,29,384,31,3,,,,3199946,1786523976201,3199958,1786523976213,,1786523976177,29,2026-08-12T08:39:37.2333958Z,112,,,oasis/bottle,,0,,,,,
,,,,,,,,,,,,,,,13,,,,,,,,,1,,,0,,,,,0,,,,,0,,,,,,,,,,,local.mqtt.telegraf,32,,38.06,,,,,,periodic,,24,,,,,6,5,08a6f76bd428,,,77344,43104,,7,581,,,,,,,,,,,,,582,,,,,08a6f76bd428-582,,,0,,,,,,,272,582,08:A6:F7:6B:D4:28,,,,,,2271,38,31,29,29,2,,,0,29,384,31,3,,,,3201176,1786523977431,3201189,1786523977444,,1786523977407,29,2026-08-12T08:39:38.4690365Z,112,,,oasis/bottle,,0,,,,,
,,,,,,,,,,,,,,,13,,,,,,,,,1,,,0,,,,,0,,,,,0,,,,,,,,,,,local.mqtt.telegraf,32,,38,,,,,,periodic,,24,,,,,6,5,08a6f76bd428,,,68336,43104,,10,582,,,,,,,,,,,,,583,,,,,08a6f76bd428-583,,,0,,,,,,,272,583,08:A6:F7:6B:D4:28,,,,,,3541,38,31,29,29,2,,,0,29,384,31,3,,,,3202446,1786523978701,3202459,1786523978714,,1786523978677,29,2026-08-12T08:39:39.74957Z,112,,,oasis/bottle,,0,,,,,
,,,,,,,,,,,,,,,13,,,,,,,,,1,,,0,,,,,0,,,,,0,,,,,,,,,,,local.mqtt.telegraf,32,,37.96,,,,,,periodic,,24,,,,,6,5,08a6f76bd428,,,58672,43104,,6,583,,,,,,,,,,,,,584,,,,,08a6f76bd428-584,,,0,,,,,,,272,584,08:A6:F7:6B:D4:28,,,,,,4871,38,31,29,29,2,,,0,29,384,31,3,,,,3203776,1786523980031,3203789,1786523980044,,1786523980007,29,2026-08-12T08:39:41.0713Z,112,,,oasis/bottle,,0,,,,,
,,,,,,,,,,,,,,,13,,,,,,,,,1,,,0,,,,,0,,,,,0,,,,,,,,,,,local.mqtt.telegraf,32,,38.13,,,,,,periodic,,24,,,,,6,5,08a6f76bd428,,,48352,43104,,6,584,,,,,,,,,,,,,585,,,,,08a6f76bd428-585,,,0,,,,,,,272,585,08:A6:F7:6B:D4:28,,,,,,6331,38,31,29,29,2,,,0,29,384,31,3,,,,3205236,1786523981491,3205249,1786523981504,,1786523981467,29,2026-08-12T08:39:42.5194601Z,112,,,oasis/bottle,,0,,,,,
,,,,,,,,,,,,,,,13,,,,,,,,,1,,,0,,,,,0,,,,,0,,,,,,,,,,,local.mqtt.telegraf,32,,37.98,,,,,,periodic,,24,,,,,6,5,08a6f76bd428,,,119968,43104,,6,585,,,,,,,,,,,,,586,,,,,08a6f76bd428-586,,,0,,,,,,,272,586,08:A6:F7:6B:D4:28,,,,,,7441,38,31,29,29,2,,,0,29,384,31,3,,,,3206346,1786523982601,3206359,1786523982614,,1786523982577,29,2026-08-12T08:39:43.6301375Z,112,,,oasis/bottle,,0,,,,,
,,,,,,,,,,,,,,,13,,,,,,,,,1,,,0,,,,,0,,,,,0,,,,,,,,,,,local.mqtt.telegraf,32,,37.94,,,,,,periodic,,24,,,,,6,5,08a6f76bd428,,,112272,43104,,6,586,,,,,,,,,,,,,587,,,,,08a6f76bd428-587,,,0,,,,,,,272,587,08:A6:F7:6B:D4:28,,,,,,8461,38,31,29,29,2,,,0,29,384,31,3,,,,3207366,1786523983621,3207379,1786523983634,,1786523983597,29,2026-08-12T08:39:44.6579237Z,112,,,oasis/bottle,,0,,,,,
,,,,,,,,,,,,,,,13,,,,,,,,,1,,,0,,,,,0,,,,,0,,,,,,,,,,,local.mqtt.telegraf,32,,38.12,,,,,,periodic,,24,,,,,6,5,08a6f76bd428,,,101952,43104,,6,587,,,,,,,,,,,,,588,,,,,08a6f76bd428-588,,,0,,,,,,,272,588,08:A6:F7:6B:D4:28,,,,,,9901,38,31,29,29,2,,,0,29,384,31,3,,,,3208806,1786523985061,3208819,1786523985074,,1786523985037,29,2026-08-12T08:39:46.09972Z,112,,,oasis/bottle,,0,,,,,
,,,,,,,,,,,,,,,13,,,,,,,,,1,,,0,,,,,0,,,,,0,,,,,,,,,,,local.mqtt.telegraf,32,,38.05,,,,,,periodic,,24,,,,,6,5,08a6f76bd428,,,93600,43104,,6,588,,,,,,,,,,,,,589,,,,,08a6f76bd428-589,,,0,,,,,,,272,589,08:A6:F7:6B:D4:28,,,,,,10981,38,31,29,29,2,,,0,29,384,31,3,,,,3209886,1786523986141,3209899,1786523986154,,1786523986117,29,2026-08-12T08:39:47.1708761Z,112,,,oasis/bottle,,0,,,,,
,,,,,,,,,,,,,,,13,,,,,,,,,1,,,0,,,,,0,,,,,0,,,,,,,,,,,local.mqtt.telegraf,32,,38.06,,,,,,periodic,,24,,,,,6,5,08a6f76bd428,,,82624,43104,,6,589,,,,,,,,,,,,,590,,,,,08a6f76bd428-590,,,0,,,,,,,272,590,08:A6:F7:6B:D4:28,,,,,,12541,38,31,29,29,2,,,0,29,384,31,3,,,,3211446,1786523987701,3211459,1786523987714,,1786523987677,29,2026-08-12T08:39:48.7323527Z,112,,,oasis/bottle,,0,,,,,
,,,,,,,,,,,,,,,13,,,,,,,,,1,,,0,,,,,0,,,,,0,,,,,,,,,,,local.mqtt.telegraf,32,,38.05,,,,,,periodic,,24,,,,,6,5,08a6f76bd428,,,72960,43104,,6,590,,,,,,,,,,,,,591,,,,,08a6f76bd428-591,,,0,,,,,,,272,591,08:A6:F7:6B:D4:28,,,,,,13851,38,31,29,29,2,,,0,29,384,31,3,,,,3212756,1786523989011,3212769,1786523989024,,1786523988987,29,2026-08-12T08:39:50.1320911Z,112,,,oasis/bottle,,0,,,,,
,,,,,,,,,,,,,,,13,,,,,,,,,1,,,0,,,,,0,,,,,0,,,,,,,,,,,local.mqtt.telegraf,32,,38.01,,,,,,periodic,,24,,,,,6,5,08a6f76bd428,,,62640,43104,,9,591,,,,,,,,,,,,,592,,,,,08a6f76bd428-592,,,0,,,,,,,272,592,08:A6:F7:6B:D4:28,,,,,,15281,38,31,29,29,2,,,0,29,384,31,3,,,,3214186,1786523990441,3214199,1786523990454,,1786523990417,29,2026-08-12T08:39:51.4671996Z,112,,,oasis/bottle,,0,,,,,
,,,,,,,,,,,,,,,13,,,,,,,,,1,,,0,,,,,0,,,,,0,,,,,,,,,,,local.mqtt.telegraf,32,,37.89,,,,,,periodic,,24,,,,,6,5,08a6f76bd428,,,54944,43104,,6,592,,,,,,,,,,,,,593,,,,,08a6f76bd428-593,,,0,,,,,,,272,593,08:A6:F7:6B:D4:28,,,,,,16331,38,31,29,29,2,,,0,29,384,31,3,,,,3215236,1786523991491,3215249,1786523991504,,1786523991467,29,2026-08-12T08:39:52.5191984Z,112,,,oasis/bottle,,0,,,,,
,,,,,,,,,,,,,,,13,,,,,,,,,1,,,0,,,,,0,,,,,0,,,,,,,,,,,local.mqtt.telegraf,32,,38.08,,,,,,periodic,,24,,,,,5,5,08a6f76bd428,,,44592,43104,,6,593,,,,,,,,,,,,,594,,,,,08a6f76bd428-594,,,0,,,,,,,273,594,08:A6:F7:6B:D4:28,,,,,,17831,38,31,29,29,2,,,0,29,384,31,3,,,,3216737,1786523992992,3216750,1786523993005,,1786523992968,29,2026-08-12T08:39:54.0350997Z,112,,,oasis/bottle,,0,,,,,
,,,,,,,,,,,,,,,13,,,,,,,,,1,,,0,,,,,0,,,,,0,,,,,,,,,,,local.mqtt.telegraf,32,,38.04,,,,,,periodic,,24,,,,,6,5,08a6f76bd428,,,115024,43104,,6,594,,,,,,,,,,,,,595,,,,,08a6f76bd428-595,,,0,,,,,,,272,595,08:A6:F7:6B:D4:28,,,,,,19041,38,31,29,29,2,,,0,29,384,31,3,,,,3217946,1786523994201,3217959,1786523994214,,1786523994177,29,2026-08-12T08:39:55.2292135Z,112,,,oasis/bottle,,0,,,,,
,,,,,,,,,,,,,,,13,,,,,,,,,1,,,0,,,,,0,,,,,0,,,,,,,,,,,local.mqtt.telegraf,32,,38.04,,,,,,periodic,,24,,,,,6,5,08a6f76bd428,,,106016,43104,,6,595,,,,,,,,,,,,,596,,,,,08a6f76bd428-596,,,0,,,,,,,272,596,08:A6:F7:6B:D4:28,,,,,,20241,38,31,29,29,2,,,0,29,384,31,3,,,,3219146,1786523995401,3219159,1786523995414,,1786523995377,29,2026-08-12T08:39:56.4354417Z,112,,,oasis/bottle,,0,,,,,
,,,,,,,,,,,,,,,13,,,,,,,,,1,,,0,,,,,0,,,,,0,,,,,,,,,,,local.mqtt.telegraf,32,,38.1,,,,,,periodic,,23,,,,,6,5,08a6f76bd428,,,86352,43104,,6,596,,,,,,,,,,,,,597,,,,,08a6f76bd428-597,,,0,,,,,,,272,597,08:A6:F7:6B:D4:28,,,,,,1021,39,31,29,29,2,,,0,29,384,31,3,,,,3220345,1786523996600,3220358,1786523996613,,1786523996577,29,2026-08-12T08:39:57.6396111Z,115,,,oasis/bottle,,0,,,,,
,,,,,,,,,,,,,,,13,,,,,,,,,1,,,0,,,,,0,,,,,0,,,,,,,,,,,local.mqtt.telegraf,32,,38.04,,,,,,periodic,,24,,,,,6,5,08a6f76bd428,,,77344,43104,,6,597,,,,,,,,,,,,,598,,,,,08a6f76bd428-598,,,0,,,,,,,272,598,08:A6:F7:6B:D4:28,,,,,,2221,39,31,29,29,2,,,0,29,384,31,3,,,,3221546,1786523997801,3221559,1786523997814,,1786523997777,29,2026-08-12T08:39:58.8419066Z,115,,,oasis/bottle,,0,,,,,
,,,,,,,,,,,,,,,13,,,,,,,,,1,,,0,,,,,0,,,,,0,,,,,,,,,,,local.mqtt.telegraf,32,,37.97,,,,,,periodic,,24,,,,,6,5,08a6f76bd428,,,68336,43104,,6,598,,,,,,,,,,,,,599,,,,,08a6f76bd428-599,,,0,,,,,,,272,599,08:A6:F7:6B:D4:28,,,,,,3421,39,31,29,29,2,,,0,29,384,31,3,,,,3222746,1786523999001,3222759,1786523999014,,1786523998977,29,2026-08-12T08:40:00.0309966Z,115,,,oasis/bottle,,0,,,,,
,,,,,,,,,,,,,,,17,,,,,,,,,1,,,0,,,,,0,,,,,0,,,,,,,,,,,local.mqtt.telegraf,32,,38.01,,,,,,periodic,,24,,,,,6,5,08a6f76bd428,,,59328,43104,,6,599,,,,,,,,,,,,,600,,,,,08a6f76bd428-600,,,0,,,,,,,272,600,08:A6:F7:6B:D4:28,,,,,,4611,39,31,29,29,2,,,0,29,384,31,3,,,,3223936,1786524000191,3223953,1786524000208,,1786524000167,29,2026-08-12T08:40:01.2341975Z,115,,,oasis/bottle,,0,,,,,
,,,,,,,,,,,,,,,13,,,,,,,,,1,,,0,,,,,0,,,,,0,,,,,,,,,,,local.mqtt.telegraf,32,,37.85,,,,,,periodic,,24,,,,,6,5,08a6f76bd428,,,49488,43104,,7,600,,,,,,,,,,,,,601,,,,,08a6f76bd428-601,,,0,,,,,,,272,601,08:A6:F7:6B:D4:28,,,,,,5841,39,31,29,29,2,,,0,29,384,31,3,,,,3225166,1786524001421,3225179,1786524001434,,1786524001397,29,2026-08-12T08:40:02.4567595Z,115,,,oasis/bottle,,0,,,,,
,,,,,,,,,,,,,,,13,,,,,,,,,1,,,0,,,,,0,,,,,0,,,,,,,,,,,local.mqtt.telegraf,32,,37.9,,,,,,periodic,,24,,,,,6,5,08a6f76bd428,,,120544,43104,,6,601,,,,,,,,,,,,,602,,,,,08a6f76bd428-602,,,0,,,,,,,272,602,08:A6:F7:6B:D4:28,,,,,,7051,39,31,29,29,2,,,0,29,384,31,3,,,,3226376,1786524002631,3226389,1786524002644,,1786524002607,29,2026-08-12T08:40:03.6692505Z,115,,,oasis/bottle,,0,,,,,
,,,,,,,,,,,,,,,13,,,,,,,,,1,,,0,,,,,0,,,,,0,,,,,,,,,,,local.mqtt.telegraf,32,,37.81,,,,,,periodic,,24,,,,,6,5,08a6f76bd428,,,111536,43104,,9,602,,,,,,,,,,,,,603,,,,,08a6f76bd428-603,,,0,,,,,,,272,603,08:A6:F7:6B:D4:28,,,,,,8271,39,31,29,29,2,,,0,29,384,31,3,,,,3227596,1786524003851,3227609,1786524003864,,1786524003827,29,2026-08-12T08:40:04.8868204Z,115,,,oasis/bottle,,0,,,,,
,,,,,,,,,,,,,,,13,,,,,,,,,1,,,0,,,,,0,,,,,0,,,,,,,,,,,local.mqtt.telegraf,32,,37.9,,,,,,periodic,,24,,,,,6,5,08a6f76bd428,,,102528,43104,,6,603,,,,,,,,,,,,,604,,,,,08a6f76bd428-604,,,0,,,,,,,272,604,08:A6:F7:6B:D4:28,,,,,,9511,39,31,29,29,2,,,0,29,384,31,3,,,,3228836,1786524005091,3228849,1786524005104,,1786524005067,29,2026-08-12T08:40:06.1225992Z,115,,,oasis/bottle,,0,,,,,
,,,,,,,,,,,,,,,14,,,,,,,,,1,,,0,,,,,0,,,,,0,,,,,,,,,,,local.mqtt.telegraf,32,,37.84,,,,,,periodic,,23,,,,,5,5,08a6f76bd428,,,93488,43104,,10,604,,,,,,,,,,,,,605,,,,,08a6f76bd428-605,,,0,,,,,,,273,605,08:A6:F7:6B:D4:28,,,,,,10791,39,31,29,29,2,,,0,29,384,31,3,,,,3230116,1786524006371,3230130,1786524006385,,1786524006348,29,2026-08-12T08:40:07.3993627Z,115,,,oasis/bottle,,0,,,,,
,,,,,,,,,,,,,,,13,,,,,,,,,1,,,0,,,,,0,,,,,0,,,,,,,,,,,local.mqtt.telegraf,32,,37.92,,,,,,periodic,,24,,,,,6,5,08a6f76bd428,,,83808,43104,,7,605,,,,,,,,,,,,,606,,,,,08a6f76bd428-606,,,0,,,,,,,272,606,08:A6:F7:6B:D4:28,,,,,,12151,39,31,29,29,2,,,0,29,384,31,3,,,,3231476,1786524007731,3231489,1786524007744,,1786524007707,29,2026-08-12T08:40:08.7669642Z,115,,,oasis/bottle,,0,,,,,
,,,,,,,,,,,,,,,13,,,,,,,,,1,,,0,,,,,0,,,,,0,,,,,,,,,,,local.mqtt.telegraf,32,,37.82,,,,,,periodic,,24,,,,,6,5,08a6f76bd428,,,72832,43104,,6,606,,,,,,,,,,,,,607,,,,,08a6f76bd428-607,,,0,,,,,,,272,607,08:A6:F7:6B:D4:28,,,,,,13661,39,31,29,29,2,,,0,29,384,31,3,,,,3232986,1786524009241,3232999,1786524009254,,1786524009217,29,2026-08-12T08:40:10.273851Z,115,,,oasis/bottle,,0,,,,,
,,,,,,,,,,,,,,,13,,,,,,,,,1,,,0,,,,,0,,,,,0,,,,,,,,,,,local.mqtt.telegraf,32,,37.97,,,,,,periodic,,24,,,,,6,5,08a6f76bd428,,,63824,43104,,5,607,,,,,,,,,,,,,608,,,,,08a6f76bd428-608,,,0,,,,,,,272,608,08:A6:F7:6B:D4:28,,,,,,14881,39,31,29,29,2,,,0,29,384,31,3,,,,3234206,1786524010461,3234219,1786524010474,,1786524010437,29,2026-08-12T08:40:11.5124298Z,115,,,oasis/bottle,,0,,,,,
,,,,,,,,,,,,,,,13,,,,,,,,,1,,,0,,,,,0,,,,,0,,,,,,,,,,,local.mqtt.telegraf,32,,37.97,,,,,,periodic,,24,,,,,6,5,08a6f76bd428,,,54816,43104,,6,608,,,,,,,,,,,,,609,,,,,08a6f76bd428-609,,,0,,,,,,,272,609,08:A6:F7:6B:D4:28,,,,,,16121,39,31,29,29,2,,,0,29,384,31,3,,,,3235446,1786524011701,3235459,1786524011714,,1786524011677,29,2026-08-12T08:40:12.7429541Z,115,,,oasis/bottle,,0,,,,,
,,,,,,,,,,,,,,,13,,,,,,,,,1,,,0,,,,,0,,,,,0,,,,,,,,,,,local.mqtt.telegraf,32,,37.92,,,,,,periodic,,24,,,,,6,5,08a6f76bd428,,,45808,43104,,6,609,,,,,,,,,,,,,610,,,,,08a6f76bd428-610,,,0,,,,,,,272,610,08:A6:F7:6B:D4:28,,,,,,17401,39,31,29,29,2,,,0,29,384,31,3,,,,3236726,1786524012981,3236739,1786524012994,,1786524012957,29,2026-08-12T08:40:14.0167245Z,115,,,oasis/bottle,,0,,,,,
,,,,,,,,,,,,,,,13,,,,,,,,,1,,,0,,,,,0,,,,,0,,,,,,,,,,,local.mqtt.telegraf,32,,37.92,,,,,,periodic,,24,,,,,6,5,08a6f76bd428,,,114896,43104,,6,610,,,,,,,,,,,,,611,,,,,08a6f76bd428-611,,,0,,,,,,,272,611,08:A6:F7:6B:D4:28,,,,,,18761,39,31,29,29,2,,,0,29,384,31,3,,,,3238086,1786524014341,3238099,1786524014354,,1786524014317,29,2026-08-12T08:40:15.3884803Z,115,,,oasis/bottle,,0,,,,,
,,,,,,,,,,,,,,,13,,,,,,,,,1,,,0,,,,,0,,,,,0,,,,,,,,,,,local.mqtt.telegraf,32,,38.04,,,,,,periodic,,24,,,,,6,5,08a6f76bd428,,,103920,43104,,6,611,,,,,,,,,,,,,612,,,,,08a6f76bd428-612,,,0,,,,,,,272,612,08:A6:F7:6B:D4:28,,,,,,20271,39,31,29,29,2,,,0,29,384,31,3,,,,3239596,1786524015851,3239609,1786524015864,,1786524015827,29,2026-08-12T08:40:16.896594Z,115,,,oasis/bottle,,0,,,,,
,,,,,,,,,,,,,,,21,,,,,,,,,1,,,0,,,,,0,,,,,0,,,,,,,,,,,local.mqtt.telegraf,32,,37.86,,,,,,periodic,,21,,,,,6,5,08a6f76bd428,,,83632,43104,,6,612,,,,,,,,,,,,,613,,,,,08a6f76bd428-613,,,0,,,,,,,273,613,08:A6:F7:6B:D4:28,,,,,,1063,40,31,29,29,2,,,-1,29,384,31,3,,,,3240806,1786524017061,3240827,1786524017082,,1786524017040,29,2026-08-12T08:40:18.1073878Z,118,,,oasis/bottle,,0,,,,,
,,,,,,,,,,,,,,,13,,,,,,,,,1,,,0,,,,,0,,,,,0,,,,,,,,,,,local.mqtt.telegraf,32,,37.75,,,,,,periodic,,24,,,,,6,5,08a6f76bd428,,,74496,43104,,6,613,,,,,,,,,,,,,614,,,,,08a6f76bd428-614,,,0,,,,,,,272,614,08:A6:F7:6B:D4:28,,,,,,2291,40,31,29,29,2,,,-1,29,384,31,3,,,,3242036,1786524018291,3242049,1786524018304,,1786524018267,29,2026-08-12T08:40:19.3242484Z,118,,,oasis/bottle,,0,,,,,
,,,,,,,,,,,,,,,13,,,,,,,,,1,,,0,,,,,0,,,,,0,,,,,,,,,,,local.mqtt.telegraf,32,,37.57,,,,,,periodic,,24,,,,,6,5,08a6f76bd428,,,65488,43104,,6,614,,,,,,,,,,,,,615,,,,,08a6f76bd428-615,,,0,,,,,,,272,615,08:A6:F7:6B:D4:28,,,,,,3541,40,31,29,29,2,,,-1,29,384,31,3,,,,3243286,1786524019541,3243299,1786524019554,,1786524019517,29,2026-08-12T08:40:20.5684528Z,118,,,oasis/bottle,,0,,,,,
,,,,,,,,,,,,,,,13,,,,,,,,,1,,,0,,,,,0,,,,,0,,,,,,,,,,,local.mqtt.telegraf,32,,37.42,,,,,,periodic,,24,,,,,6,5,08a6f76bd428,,,55824,43104,,6,615,,,,,,,,,,,,,616,,,,,08a6f76bd428-616,,,0,,,,,,,272,616,08:A6:F7:6B:D4:28,,,,,,4841,40,31,29,29,2,,,-1,29,384,31,3,,,,3244586,1786524020841,3244599,1786524020854,,1786524020817,29,2026-08-12T08:40:21.8667923Z,118,,,oasis/bottle,,0,,,,,
,,,,,,,,,,,,,,,14,,,,,,,,,1,,,0,,,,,0,,,,,0,,,,,,,,,,,local.mqtt.telegraf,32,,37.11,,,,,,periodic,,24,,,,,6,5,08a6f76bd428,,,45504,43104,,6,616,,,,,,,,,,,,,617,,,,,08a6f76bd428-617,,,0,,,,,,,272,617,08:A6:F7:6B:D4:28,,,,,,6241,40,31,29,29,2,,,-1,29,384,31,3,,,,3245986,1786524022241,3246000,1786524022255,,1786524022217,29,2026-08-12T08:40:23.2668461Z,118,,,oasis/bottle,,0,,,,,
,,,,,,,,,,,,,,,13,,,,,,,,,1,,,0,,,,,0,,,,,0,,,,,,,,,,,local.mqtt.telegraf,32,,36.96,,,,,,periodic,,24,,,,,6,5,08a6f76bd428,,,116960,43104,,5,617,,,,,,,,,,,,,618,,,,,08a6f76bd428-618,,,0,,,,,,,272,618,08:A6:F7:6B:D4:28,,,,,,7251,40,31,29,29,2,,,-1,29,384,31,3,,,,3246996,1786524023251,3247009,1786524023264,,1786524023227,29,2026-08-12T08:40:24.2891412Z,118,,,oasis/bottle,,0,,,,,
,,,,,,,,,,,,,,,13,,,,,,,,,1,,,0,,,,,0,,,,,0,,,,,,,,,,,local.mqtt.telegraf,32,,37.11,,,,,,periodic,,24,,,,,6,5,08a6f76bd428,,,106640,43104,,6,618,,,,,,,,,,,,,619,,,,,08a6f76bd428-619,,,0,,,,,,,272,619,08:A6:F7:6B:D4:28,,,,,,8651,40,31,29,29,2,,,-1,29,384,31,3,,,,3248396,1786524024651,3248409,1786524024664,,1786524024627,29,2026-08-12T08:40:25.6886685Z,118,,,oasis/bottle,,0,,,,,
,,,,,,,,,,,,,,,13,,,,,,,,,1,,,0,,,,,0,,,,,0,,,,,,,,,,,local.mqtt.telegraf,32,,37.14,,,,,,periodic,,24,,,,,6,5,08a6f76bd428,,,98944,43104,,7,619,,,,,,,,,,,,,620,,,,,08a6f76bd428-620,,,0,,,,,,,272,620,08:A6:F7:6B:D4:28,,,,,,9651,40,31,29,29,2,,,-1,29,384,31,3,,,,3249396,1786524025651,3249409,1786524025664,,1786524025627,29,2026-08-12T08:40:26.6829933Z,118,,,oasis/bottle,,0,,,,,
,,,,,,,,,,,,,,,14,,,,,,,,,1,,,0,,,,,0,,,,,0,,,,,,,,,,,local.mqtt.telegraf,32,,36.96,,,,,,periodic,,24,,,,,6,5,08a6f76bd428,,,88624,43104,,6,620,,,,,,,,,,,,,621,,,,,08a6f76bd428-621,,,0,,,,,,,272,621,08:A6:F7:6B:D4:28,,,,,,11051,40,31,29,29,2,,,-1,29,384,31,3,,,,3250796,1786524027051,3250810,1786524027065,,1786524027027,29,2026-08-12T08:40:28.0865585Z,118,,,oasis/bottle,,0,,,,,
,,,,,,,,,,,,,,,13,,,,,,,,,1,,,0,,,,,0,,,,,0,,,,,,,,,,,local.mqtt.telegraf,32,,36.95,,,,,,periodic,,24,,,,,6,5,08a6f76bd428,,,80928,43104,,6,621,,,,,,,,,,,,,622,,,,,08a6f76bd428-622,,,0,,,,,,,272,622,08:A6:F7:6B:D4:28,,,,,,12051,40,31,29,29,2,,,-1,29,384,31,3,,,,3251796,1786524028051,3251809,1786524028064,,1786524028027,29,2026-08-12T08:40:29.0786156Z,118,,,oasis/bottle,,0,,,,,
,,,,,,,,,,,,,,,13,,,,,,,,,1,,,0,,,,,0,,,,,0,,,,,,,,,,,local.mqtt.telegraf,32,,37.1,,,,,,periodic,,21,,,,,5,5,08a6f76bd428,,,70688,43104,,6,622,,,,,,,,,,,,,623,,,,,08a6f76bd428-623,,,0,,,,,,,273,623,08:A6:F7:6B:D4:28,,,,,,13443,40,31,29,29,2,,,-1,29,384,31,3,,,,3253186,1786524029441,3253199,1786524029454,,1786524029420,29,2026-08-12T08:40:30.4681485Z,118,,,oasis/bottle,,0,,,,,
,,,,,,,,,,,,,,,13,,,,,,,,,1,,,0,,,,,0,,,,,0,,,,,,,,,,,local.mqtt.telegraf,32,,37.18,,,,,,periodic,,24,,,,,6,5,08a6f76bd428,,,59584,43104,,6,623,,,,,,,,,,,,,624,,,,,08a6f76bd428-624,,,0,,,,,,,272,624,08:A6:F7:6B:D4:28,,,,,,15031,40,31,29,29,2,,,-1,29,384,31,3,,,,3254776,1786524031031,3254789,1786524031044,,1786524031007,29,2026-08-12T08:40:32.0669007Z,118,,,oasis/bottle,,0,,,,,
,,,,,,,,,,,,,,,13,,,,,,,,,1,,,0,,,,,0,,,,,0,,,,,,,,,,,local.mqtt.telegraf,32,,37.27,,,,,,periodic,,24,,,,,6,5,08a6f76bd428,,,49920,43104,,6,624,,,,,,,,,,,,,625,,,,,08a6f76bd428-625,,,0,,,,,,,272,625,08:A6:F7:6B:D4:28,,,,,,16401,40,31,29,29,2,,,-1,29,384,31,3,,,,3256146,1786524032401,3256159,1786524032414,,1786524032377,29,2026-08-12T08:40:33.4485858Z,118,,,oasis/bottle,,0,,,,,
,,,,,,,,,,,,,,,13,,,,,,,,,1,,,0,,,,,0,,,,,0,,,,,,,,,,,local.mqtt.telegraf,32,,37.27,,,,,,periodic,,24,,,,,6,5,08a6f76bd428,,,118816,43104,,6,625,,,,,,,,,,,,,626,,,,,08a6f76bd428-626,,,0,,,,,,,272,626,08:A6:F7:6B:D4:28,,,,,,17941,40,31,29,29,2,,,-1,29,384,31,3,,,,3257686,1786524033941,3257699,1786524033954,,1786524033917,29,2026-08-12T08:40:34.9709432Z,118,,,oasis/bottle,,0,,,,,
,,,,,,,,,,,,,,,13,,,,,,,,,1,,,0,,,,,0,,,,,0,,,,,,,,,,,local.mqtt.telegraf,32,,37.18,,,,,,periodic,,23,,,,,5,5,08a6f76bd428,,,109776,43104,,7,626,,,,,,,,,,,,,627,,,,,08a6f76bd428-627,,,0,,,,,,,273,627,08:A6:F7:6B:D4:28,,,,,,19221,40,31,29,29,2,,,-1,29,384,31,3,,,,3258966,1786524035221,3258979,1786524035234,,1786524035198,29,2026-08-12T08:40:36.2500223Z,118,,,oasis/bottle,,0,,,,,
,,,,,,,,,,,,,,,13,,,,,,,,,1,,,0,,,,,0,,,,,0,,,,,,,,,,,local.mqtt.telegraf,32,,37.24,,,,,,periodic,,24,,,,,6,5,08a6f76bd428,,,100096,43104,,5,627,,,,,,,,,,,,,628,,,,,08a6f76bd428-628,,,0,,,,,,,272,628,08:A6:F7:6B:D4:28,,,,,,20581,40,31,29,29,2,,,-1,29,384,31,3,,,,3260326,1786524036581,3260339,1786524036594,,1786524036557,29,2026-08-12T08:40:37.6108853Z,118,,,oasis/bottle,,0,,,,,
,,,,,,,,,,,,,,,13,,,,,,,,,1,,,0,,,,,0,,,,,0,,,,,,,,,,,local.mqtt.telegraf,32,,37.55,,,,,,periodic,,22,,,,,6,5,08a6f76bd428,,,78416,43104,,6,628,,,,,,,,,,,,,629,,,,,08a6f76bd428-629,,,0,,,,,,,272,629,08:A6:F7:6B:D4:28,,,,,,1271,41,50,31,31,19,,,0,30,404,33,3,,,,3261835,1786524038090,3261848,1786524038103,,1786524038068,29,2026-08-12T08:40:39.1150179Z,122,,,oasis/bottle,,0,,,,,
,,,,,,,,,,,,,,,13,,,,,,,,,1,,,0,,,,,0,,,,,0,,,,,,,,,,,local.mqtt.telegraf,32,,37.31,,,,,,periodic,,23,,,,,6,5,08a6f76bd428,,,69408,43104,,6,629,,,,,,,,,,,,,630,,,,,08a6f76bd428-630,,,0,,,,,,,272,630,08:A6:F7:6B:D4:28,,,,,,2491,41,50,31,31,19,,,0,30,404,33,3,,,,3263056,1786524039311,3263069,1786524039324,,1786524039288,29,2026-08-12T08:40:40.3463137Z,122,,,oasis/bottle,,0,,,,,
,,,,,,,,,,,,,,,13,,,,,,,,,1,,,0,,,,,0,,,,,0,,,,,,,,,,,local.mqtt.telegraf,32,,37.51,,,,,,periodic,,23,,,,,6,5,08a6f76bd428,,,59568,43104,,6,630,,,,,,,,,,,,,631,,,,,08a6f76bd428-631,,,0,,,,,,,272,631,08:A6:F7:6B:D4:28,,,,,,3771,41,50,31,31,19,,,0,30,404,33,3,,,,3264336,1786524040591,3264349,1786524040604,,1786524040568,29,2026-08-12T08:40:41.6318883Z,122,,,oasis/bottle,,0,,,,,
,,,,,,,,,,,,,,,13,,,,,,,,,1,,,0,,,,,0,,,,,0,,,,,,,,,,,local.mqtt.telegraf,32,,37.55,,,,,,periodic,,23,,,,,6,5,08a6f76bd428,,,49904,43104,,7,631,,,,,,,,,,,,,632,,,,,08a6f76bd428-632,,,0,,,,,,,272,632,08:A6:F7:6B:D4:28,,,,,,5091,41,50,31,31,19,,,0,30,404,33,3,,,,3265656,1786524041911,3265669,1786524041924,,1786524041888,29,2026-08-12T08:40:42.9479321Z,122,,,oasis/bottle,,0,,,,,
,,,,,,,,,,,,,,,13,,,,,,,,,1,,,0,,,,,0,,,,,0,,,,,,,,,,,local.mqtt.telegraf,32,,37.54,,,,,,periodic,,23,,,,,6,5,08a6f76bd428,,,119328,43104,,6,632,,,,,,,,,,,,,633,,,,,08a6f76bd428-633,,,0,,,,,,,272,633,08:A6:F7:6B:D4:28,,,,,,6521,41,50,31,31,19,,,0,30,404,33,3,,,,3267086,1786524043341,3267099,1786524043354,,1786524043318,29,2026-08-12T08:40:44.3665013Z,122,,,oasis/bottle,,0,,,,,
,,,,,,,,,,,,,,,13,,,,,,,,,1,,,0,,,,,0,,,,,0,,,,,,,,,,,local.mqtt.telegraf,32,,37.53,,,,,,periodic,,22,,,,,5,5,08a6f76bd428,,,111600,43104,,6,633,,,,,,,,,,,,,634,,,,,08a6f76bd428-634,,,0,,,,,,,273,634,08:A6:F7:6B:D4:28,,,,,,7581,41,50,31,31,19,,,0,30,404,33,3,,,,3268146,1786524044401,3268159,1786524044414,,1786524044379,29,2026-08-12T08:40:45.4351775Z,122,,,oasis/bottle,,0,,,,,
,,,,,,,,,,,,,,,13,,,,,,,,,1,,,0,,,,,0,,,,,0,,,,,,,,,,,local.mqtt.telegraf,32,,37.38,,,,,,periodic,,23,,,,,6,5,08a6f76bd428,,,100608,43104,,5,634,,,,,,,,,,,,,635,,,,,08a6f76bd428-635,,,0,,,,,,,272,635,08:A6:F7:6B:D4:28,,,,,,9101,41,50,31,31,19,,,0,30,404,33,3,,,,3269666,1786524045921,3269679,1786524045934,,1786524045898,29,2026-08-12T08:40:46.9539158Z,122,,,oasis/bottle,,0,,,,,
,,,,,,,,,,,,,,,13,,,,,,,,,1,,,0,,,,,0,,,,,0,,,,,,,,,,,local.mqtt.telegraf,32,,37.34,,,,,,periodic,,23,,,,,6,5,08a6f76bd428,,,91600,43104,,10,635,,,,,,,,,,,,,636,,,,,08a6f76bd428-636,,,0,,,,,,,272,636,08:A6:F7:6B:D4:28,,,,,,10341,41,50,31,31,19,,,0,30,404,33,3,,,,3270906,1786524047161,3270919,1786524047174,,1786524047138,29,2026-08-12T08:40:48.200017Z,122,,,oasis/bottle,,0,,,,,
,,,,,,,,,,,,,,,13,,,,,,,,,1,,,0,,,,,0,,,,,0,,,,,,,,,,,local.mqtt.telegraf,32,,37.19,,,,,,periodic,,23,,,,,6,5,08a6f76bd428,,,82592,43104,,6,636,,,,,,,,,,,,,637,,,,,08a6f76bd428-637,,,0,,,,,,,272,637,08:A6:F7:6B:D4:28,,,,,,11611,41,50,31,31,19,,,0,30,404,33,3,,,,3272176,1786524048431,3272189,1786524048444,,1786524048408,29,2026-08-12T08:40:49.4831423Z,122,,,oasis/bottle,,0,,,,,
,,,,,,,,,,,,,,,13,,,,,,,,,1,,,0,,,,,0,,,,,0,,,,,,,,,,,local.mqtt.telegraf,32,,37.42,,,,,,periodic,,23,,,,,6,5,08a6f76bd428,,,72928,43104,,6,637,,,,,,,,,,,,,638,,,,,08a6f76bd428-638,,,0,,,,,,,272,638,08:A6:F7:6B:D4:28,,,,,,12951,41,50,31,31,19,,,0,30,404,33,3,,,,3273516,1786524049771,3273529,1786524049784,,1786524049748,29,2026-08-12T08:40:50.7973486Z,122,,,oasis/bottle,,0,,,,,
,,,,,,,,,,,,,,,13,,,,,,,,,1,,,0,,,,,0,,,,,0,,,,,,,,,,,local.mqtt.telegraf,32,,37.69,,,,,,periodic,,23,,,,,6,5,08a6f76bd428,,,62608,43104,,6,638,,,,,,,,,,,,,639,,,,,08a6f76bd428-639,,,0,,,,,,,272,639,08:A6:F7:6B:D4:28,,,,,,14431,41,50,31,31,19,,,0,30,404,33,3,,,,3274996,1786524051251,3275009,1786524051264,,1786524051228,29,2026-08-12T08:40:52.280502Z,122,,,oasis/bottle,,0,,,,,
,,,,,,,,,,,,,,,13,,,,,,,,,1,,,0,,,,,0,,,,,0,,,,,,,,,,,local.mqtt.telegraf,32,,37.82,,,,,,periodic,,23,,,,,6,5,08a6f76bd428,,,54256,43104,,6,639,,,,,,,,,,,,,640,,,,,08a6f76bd428-640,,,0,,,,,,,272,640,08:A6:F7:6B:D4:28,,,,,,15591,41,50,31,31,19,,,0,30,404,33,3,,,,3276156,1786524052411,3276169,1786524052424,,1786524052388,29,2026-08-12T08:40:53.4503272Z,122,,,oasis/bottle,,0,,,,,
,,,,,,,,,,,,,,,13,,,,,,,,,1,,,0,,,,,0,,,,,0,,,,,,,,,,,local.mqtt.telegraf,32,,37.85,,,,,,periodic,,33,,,,,6,5,08a6f76bd428,,,45904,43104,,6,640,,,,,,,,,,,,,641,,,,,08a6f76bd428-641,,,0,,,,,,,272,641,08:A6:F7:6B:D4:28,,,,,,16711,41,50,31,31,19,,,0,30,404,33,3,,,,3277286,1786524053541,3277299,1786524053554,,1786524053508,29,2026-08-12T08:40:54.5642392Z,122,,,oasis/bottle,,0,,,,,
,,,,,,,,,,,,,,,13,,,,,,,,,1,,,0,,,,,0,,,,,0,,,,,,,,,,,local.mqtt.telegraf,32,,37.9,,,,,,periodic,,23,,,,,6,5,08a6f76bd428,,,117136,43104,,5,641,,,,,,,,,,,,,642,,,,,08a6f76bd428-642,,,0,,,,,,,272,642,08:A6:F7:6B:D4:28,,,,,,17761,41,50,31,31,19,,,0,30,404,33,3,,,,3278326,1786524054581,3278339,1786524054594,,1786524054558,29,2026-08-12T08:40:55.6150111Z,122,,,oasis/bottle,,0,,,,,
,,,,,,,,,,,,,,,13,,,,,,,,,1,,,0,,,,,0,,,,,0,,,,,,,,,,,local.mqtt.telegraf,32,,38.04,,,,,,periodic,,23,,,,,6,5,08a6f76bd428,,,106816,43104,,6,642,,,,,,,,,,,,,643,,,,,08a6f76bd428-643,,,0,,,,,,,272,643,08:A6:F7:6B:D4:28,,,,,,19241,41,50,31,31,19,,,0,30,404,33,3,,,,3279806,1786524056061,3279819,1786524056074,,1786524056038,29,2026-08-12T08:40:57.1023891Z,122,,,oasis/bottle,,0,,,,,
,,,,,,,,,,,,,,,13,,,,,,,,,1,,,0,,,,,0,,,,,0,,,,,,,,,,,local.mqtt.telegraf,32,,37.92,,,,,,periodic,,23,,,,,6,5,08a6f76bd428,,,98464,43104,,8,643,,,,,,,,,,,,,644,,,,,08a6f76bd428-644,,,0,,,,,,,272,644,08:A6:F7:6B:D4:28,,,,,,20401,41,50,31,31,19,,,0,30,404,33,3,,,,3280966,1786524057221,3280979,1786524057234,,1786524057198,29,2026-08-12T08:40:58.2459881Z,122,,,oasis/bottle,,0,,,,,
,,,,,,,,,,,,,,,13,,,,,,,,,1,,,0,,,,,0,,,,,0,,,,,,,,,,,local.mqtt.telegraf,32,,37.85,,,,,,periodic,,22,,,,,6,5,08a6f76bd428,,,79408,43104,,6,644,,,,,,,,,,,,,645,,,,,08a6f76bd428-645,,,0,,,,,,,272,645,08:A6:F7:6B:D4:28,,,,,,881,42,50,31,31,19,,,0,30,404,33,3,,,,3282085,1786524058340,3282098,1786524058353,,1786524058318,29,2026-08-12T08:40:59.3709975Z,125,,,oasis/bottle,,0,,,,,
,,,,,,,,,,,,,,,13,,,,,,,,,1,,,0,,,,,0,,,,,0,,,,,,,,,,,local.mqtt.telegraf,32,,37.82,,,,,,periodic,,23,,,,,6,5,08a6f76bd428,,,71712,43104,,6,645,,,,,,,,,,,,,646,,,,,08a6f76bd428-646,,,0,,,,,,,272,646,08:A6:F7:6B:D4:28,,,,,,1921,42,50,31,31,19,,,0,30,404,33,3,,,,3283126,1786524059381,3283139,1786524059394,,1786524059358,29,2026-08-12T08:41:00.4138235Z,125,,,oasis/bottle,,0,,,,,
,,,,,,,,,,,,,,,13,,,,,,,,,1,,,0,,,,,0,,,,,0,,,,,,,,,,,local.mqtt.telegraf,32,,37.79,,,,,,periodic,,23,,,,,6,5,08a6f76bd428,,,61392,43104,,6,646,,,,,,,,,,,,,647,,,,,08a6f76bd428-647,,,0,,,,,,,272,647,08:A6:F7:6B:D4:28,,,,,,3391,42,50,31,31,19,,,0,30,404,33,3,,,,3284596,1786524060851,3284609,1786524060864,,1786524060828,29,2026-08-12T08:41:01.8838813Z,125,,,oasis/bottle,,0,,,,,
,,,,,,,,,,,,,,,13,,,,,,,,,1,,,0,,,,,0,,,,,0,,,,,,,,,,,local.mqtt.telegraf,32,,37.78,,,,,,periodic,,23,,,,,6,5,08a6f76bd428,,,53040,43104,,6,647,,,,,,,,,,,,,648,,,,,08a6f76bd428-648,,,0,,,,,,,272,648,08:A6:F7:6B:D4:28,,,,,,4531,42,50,31,31,19,,,0,30,404,33,3,,,,3285736,1786524061991,3285749,1786524062004,,1786524061968,29,2026-08-12T08:41:03.0193758Z,125,,,oasis/bottle,,0,,,,,
,,,,,,,,,,,,,,,15,,,,,,,,,1,,,0,,,,,0,,,,,0,,,,,,,,,,,local.mqtt.telegraf,32,,37.77,,,,,,periodic,,23,,,,,6,5,08a6f76bd428,,,44688,43104,,6,648,,,,,,,,,,,,,649,,,,,08a6f76bd428-649,,,0,,,,,,,272,649,08:A6:F7:6B:D4:28,,,,,,5611,42,50,31,31,19,,,0,30,404,33,3,,,,3286816,1786524063071,3286831,1786524063086,,1786524063048,29,2026-08-12T08:41:04.1003895Z,125,,,oasis/bottle,,0,,,,,
,,,,,,,,,,,,,,,13,,,,,,,,,1,,,0,,,,,0,,,,,0,,,,,,,,,,,local.mqtt.telegraf,32,,37.54,,,,,,periodic,,23,,,,,6,5,08a6f76bd428,,,112736,43104,,6,649,,,,,,,,,,,,,650,,,,,08a6f76bd428-650,,,0,,,,,,,272,650,08:A6:F7:6B:D4:28,,,,,,7181,42,50,31,31,19,,,0,30,404,33,3,,,,3288386,1786524064641,3288399,1786524064654,,1786524064618,29,2026-08-12T08:41:05.6662495Z,125,,,oasis/bottle,,0,,,,,
,,,,,,,,,,,,,,,13,,,,,,,,,1,,,0,,,,,0,,,,,0,,,,,,,,,,,local.mqtt.telegraf,32,,37.36,,,,,,periodic,,23,,,,,6,5,08a6f76bd428,,,103072,43104,,10,650,,,,,,,,,,,,,651,,,,,08a6f76bd428-651,,,0,,,,,,,272,651,08:A6:F7:6B:D4:28,,,,,,8511,42,50,31,31,19,,,0,30,404,33,3,,,,3289716,1786524065971,3289729,1786524065984,,1786524065948,29,2026-08-12T08:41:07.0009721Z,125,,,oasis/bottle,,0,,,,,
,,,,,,,,,,,,,,,13,,,,,,,,,1,,,0,,,,,0,,,,,0,,,,,,,,,,,local.mqtt.telegraf,32,,37.34,,,,,,periodic,,23,,,,,6,5,08a6f76bd428,,,92752,43104,,6,651,,,,,,,,,,,,,652,,,,,08a6f76bd428-652,,,0,,,,,,,272,652,08:A6:F7:6B:D4:28,,,,,,9961,42,50,31,31,19,,,0,30,404,33,3,,,,3291166,1786524067421,3291179,1786524067434,,1786524067398,29,2026-08-12T08:41:08.4469343Z,125,,,oasis/bottle,,0,,,,,
,,,,,,,,,,,,,,,13,,,,,,,,,1,,,0,,,,,0,,,,,0,,,,,,,,,,,local.mqtt.telegraf,32,,37.15,,,,,,periodic,,23,,,,,6,5,08a6f76bd428,,,84400,43104,,6,652,,,,,,,,,,,,,653,,,,,08a6f76bd428-653,,,0,,,,,,,272,653,08:A6:F7:6B:D4:28,,,,,,11061,42,50,31,31,19,,,0,30,404,33,3,,,,3292266,1786524068521,3292279,1786524068534,,1786524068498,29,2026-08-12T08:41:09.5494795Z,125,,,oasis/bottle,,0,,,,,
,,,,,,,,,,,,,,,13,,,,,,,,,1,,,0,,,,,0,,,,,0,,,,,,,,,,,local.mqtt.telegraf,32,,37.15,,,,,,periodic,,23,,,,,6,5,08a6f76bd428,,,76704,43104,,7,653,,,,,,,,,,,,,654,,,,,08a6f76bd428-654,,,0,,,,,,,272,654,08:A6:F7:6B:D4:28,,,,,,12061,42,50,31,31,19,,,0,30,404,33,3,,,,3293266,1786524069521,3293279,1786524069534,,1786524069498,29,2026-08-12T08:41:10.5529023Z,125,,,oasis/bottle,,0,,,,,
,,,,,,,,,,,,,,,13,,,,,,,,,1,,,0,,,,,0,,,,,0,,,,,,,,,,,local.mqtt.telegraf,32,,36.84,,,,,,periodic,,23,,,,,6,5,08a6f76bd428,,,66384,43104,,7,654,,,,,,,,,,,,,655,,,,,08a6f76bd428-655,,,0,,,,,,,272,655,08:A6:F7:6B:D4:28,,,,,,13461,42,50,31,31,19,,,0,30,404,33,3,,,,3294666,1786524070921,3294679,1786524070934,,1786524070898,29,2026-08-12T08:41:11.952901Z,125,,,oasis/bottle,,0,,,,,
,,,,,,,,,,,,,,,13,,,,,,,,,1,,,0,,,,,0,,,,,0,,,,,,,,,,,local.mqtt.telegraf,32,,36.64,,,,,,periodic,,23,,,,,6,5,08a6f76bd428,,,58688,43104,,6,655,,,,,,,,,,,,,656,,,,,08a6f76bd428-656,,,0,,,,,,,272,656,08:A6:F7:6B:D4:28,,,,,,14461,42,50,31,31,19,,,0,30,404,33,3,,,,3295666,1786524071921,3295679,1786524071934,,1786524071898,29,2026-08-12T08:41:12.9656277Z,125,,,oasis/bottle,,0,,,,,
,,,,,,,,,,,,,,,13,,,,,,,,,1,,,0,,,,,0,,,,,0,,,,,,,,,,,local.mqtt.telegraf,32,,36.49,,,,,,periodic,,22,,,,,5,5,08a6f76bd428,,,48992,43104,,7,656,,,,,,,,,,,,,657,,,,,08a6f76bd428-657,,,0,,,,,,,273,657,08:A6:F7:6B:D4:28,,,,,,15851,42,50,31,31,19,,,0,30,404,33,3,,,,3297056,1786524073311,3297069,1786524073324,,1786524073289,29,2026-08-12T08:41:14.3507453Z,125,,,oasis/bottle,,0,,,,,
,,,,,,,,,,,,,,,13,,,,,,,,,1,,,0,,,,,0,,,,,0,,,,,,,,,,,local.mqtt.telegraf,32,,35.9,,,,,,periodic,,23,,,,,6,5,08a6f76bd428,,,118000,43104,,5,657,,,,,,,,,,,,,658,,,,,08a6f76bd428-658,,,0,,,,,,,272,658,08:A6:F7:6B:D4:28,,,,,,17431,42,50,31,31,19,,,0,30,404,33,3,,,,3298636,1786524074891,3298649,1786524074904,,1786524074868,29,2026-08-12T08:41:15.9183358Z,125,,,oasis/bottle,,0,,,,,
,,,,,,,,,,,,,,,13,,,,,,,,,1,,,0,,,,,0,,,,,0,,,,,,,,,,,local.mqtt.telegraf,32,,35.03,,,,,,periodic,,23,,,,,6,5,08a6f76bd428,,,108336,43104,,12,658,,,,,,,,,,,,,659,,,,,08a6f76bd428-659,,,0,,,,,,,272,659,08:A6:F7:6B:D4:28,,,,,,18801,42,50,31,31,19,,,0,30,404,33,3,,,,3300006,1786524076261,3300019,1786524076274,,1786524076238,29,2026-08-12T08:41:17.3021034Z,125,,,oasis/bottle,,0,,,,,
,,,,,,,,,,,,,,,14,,,,,,,,,1,,,0,,,,,0,,,,,0,,,,,,,,,,,local.mqtt.telegraf,32,,34.15,,,,,,periodic,,23,,,,,6,5,08a6f76bd428,,,97360,43104,,6,659,,,,,,,,,,,,,660,,,,,08a6f76bd428-660,,,0,,,,,,,272,660,08:A6:F7:6B:D4:28,,,,,,20331,42,50,31,31,19,,,0,30,404,33,3,,,,3301536,1786524077791,3301550,1786524077805,,1786524077768,29,2026-08-12T08:41:18.8130065Z,125,,,oasis/bottle,,0,,,,,
,,,,,,,,,,,,,,,13,,,,,,,,,1,,,0,,,,,0,,,,,0,,,,,,,,,,,local.mqtt.telegraf,32,,33.7,,,,,,periodic,,23,,,,,6,5,08a6f76bd428,,,76160,43104,,11,660,,,,,,,,,,,,,661,,,,,08a6f76bd428-661,,,0,,,,,,,272,661,08:A6:F7:6B:D4:28,,,,,,881,43,31,30,30,1,,,0,30,392,33,3,,,,3302836,1786524079091,3302849,1786524079104,,1786524079068,29,2026-08-12T08:41:20.1190238Z,129,,,oasis/bottle,,0,,,,,
,,,,,,,,,,,,,,,13,,,,,,,,,1,,,0,,,,,0,,,,,0,,,,,,,,,,,local.mqtt.telegraf,32,,33.75,,,,,,periodic,,23,,,,,6,5,08a6f76bd428,,,66496,43104,,10,661,,,,,,,,,,,,,662,,,,,08a6f76bd428-662,,,0,,,,,,,272,662,08:A6:F7:6B:D4:28,,,,,,2241,43,31,30,30,1,,,0,30,392,33,3,,,,3304196,1786524080451,3304209,1786524080464,,1786524080428,29,2026-08-12T08:41:21.4850862Z,129,,,oasis/bottle,,0,,,,,
,,,,,,,,,,,,,,,13,,,,,,,,,1,,,0,,,,,0,,,,,0,,,,,,,,,,,local.mqtt.telegraf,32,,34.09,,,,,,periodic,,23,,,,,6,5,08a6f76bd428,,,55520,43104,,6,662,,,,,,,,,,,,,663,,,,,08a6f76bd428-663,,,0,,,,,,,272,663,08:A6:F7:6B:D4:28,,,,,,3751,43,31,30,30,1,,,0,30,392,33,3,,,,3305706,1786524081961,3305719,1786524081974,,1786524081938,29,2026-08-12T08:41:22.9983638Z,129,,,oasis/bottle,,0,,,,,
,,,,,,,,,,,,,,,13,,,,,,,,,1,,,0,,,,,0,,,,,0,,,,,,,,,,,local.mqtt.telegraf,32,,34.17,,,,,,periodic,,23,,,,,6,5,08a6f76bd428,,,46512,43104,,6,663,,,,,,,,,,,,,664,,,,,08a6f76bd428-664,,,0,,,,,,,272,664,08:A6:F7:6B:D4:28,,,,,,4971,43,31,30,30,1,,,0,30,392,33,3,,,,3306926,1786524083181,3306939,1786524083194,,1786524083158,29,2026-08-12T08:41:24.2134662Z,129,,,oasis/bottle,,0,,,,,
,,,,,,,,,,,,,,,13,,,,,,,,,1,,,0,,,,,0,,,,,0,,,,,,,,,,,local.mqtt.telegraf,32,,33.94,,,,,,periodic,,23,,,,,6,5,08a6f76bd428,,,117360,43104,,6,664,,,,,,,,,,,,,665,,,,,08a6f76bd428-665,,,0,,,,,,,272,665,08:A6:F7:6B:D4:28,,,,,,6201,43,31,30,30,1,,,0,30,392,33,3,,,,3308156,1786524084411,3308169,1786524084424,,1786524084388,29,2026-08-12T08:41:25.4483196Z,129,,,oasis/bottle,,0,,,,,
,,,,,,,,,,,,,,,13,,,,,,,,,1,,,0,,,,,0,,,,,0,,,,,,,,,,,local.mqtt.telegraf,32,,33.71,,,,,,periodic,,23,,,,,6,5,08a6f76bd428,,,108352,43104,,6,665,,,,,,,,,,,,,666,,,,,08a6f76bd428-666,,,0,,,,,,,272,666,08:A6:F7:6B:D4:28,,,,,,7461,43,31,30,30,1,,,0,30,392,33,3,,,,3309416,1786524085671,3309429,1786524085684,,1786524085648,29,2026-08-12T08:41:26.7025438Z,129,,,oasis/bottle,,0,,,,,
,,,,,,,,,,,,,,,13,,,,,,,,,1,,,0,,,,,0,,,,,0,,,,,,,,,,,local.mqtt.telegraf,32,,33.43,,,,,,periodic,,23,,,,,6,5,08a6f76bd428,,,98688,43104,,6,666,,,,,,,,,,,,,667,,,,,08a6f76bd428-667,,,0,,,,,,,272,667,08:A6:F7:6B:D4:28,,,,,,8781,43,31,30,30,1,,,0,30,392,33,3,,,,3310736,1786524086991,3310749,1786524087004,,1786524086968,29,2026-08-12T08:41:28.0136501Z,129,,,oasis/bottle,,0,,,,,
,,,,,,,,,,,,,,,13,,,,,,,,,1,,,0,,,,,0,,,,,0,,,,,,,,,,,local.mqtt.telegraf,32,,32.89,,,,,,periodic,,23,,,,,6,5,08a6f76bd428,,,88368,43104,,6,667,,,,,,,,,,,,,668,,,,,08a6f76bd428-668,,,0,,,,,,,272,668,08:A6:F7:6B:D4:28,,,,,,10221,43,31,30,30,1,,,0,30,392,33,3,,,,3312176,1786524088431,3312189,1786524088444,,1786524088408,29,2026-08-12T08:41:29.4648123Z,129,,,oasis/bottle,,0,,,,,
,,,,,,,,,,,,,,,13,,,,,,,,,1,,,0,,,,,0,,,,,0,,,,,,,,,,,local.mqtt.telegraf,32,,32.88,,,,,,periodic,,23,,,,,6,5,08a6f76bd428,,,80016,43104,,6,668,,,,,,,,,,,,,669,,,,,08a6f76bd428-669,,,0,,,,,,,272,669,08:A6:F7:6B:D4:28,,,,,,11301,43,31,30,30,1,,,0,30,392,33,3,,,,3313256,1786524089511,3313269,1786524089524,,1786524089488,29,2026-08-12T08:41:30.549681Z,129,,,oasis/bottle,,0,,,,,
,,,,,,,,,,,,,,,13,,,,,,,,,1,,,0,,,,,0,,,,,0,,,,,,,,,,,local.mqtt.telegraf,32,,32.88,,,,,,periodic,,23,,,,,6,5,08a6f76bd428,,,69040,43104,,6,669,,,,,,,,,,,,,670,,,,,08a6f76bd428-670,,,0,,,,,,,272,670,08:A6:F7:6B:D4:28,,,,,,12861,43,31,30,30,1,,,0,30,392,33,3,,,,3314816,1786524091071,3314829,1786524091084,,1786524091048,29,2026-08-12T08:41:32.098573Z,129,,,oasis/bottle,,0,,,,,
,,,,,,,,,,,,,,,14,,,,,,,,,1,,,0,,,,,0,,,,,0,,,,,,,,,,,local.mqtt.telegraf,32,,32.88,,,,,,periodic,,23,,,,,6,5,08a6f76bd428,,,59376,43104,,6,670,,,,,,,,,,,,,671,,,,,08a6f76bd428-671,,,0,,,,,,,272,671,08:A6:F7:6B:D4:28,,,,,,14171,43,31,30,30,1,,,0,30,392,33,3,,,,3316126,1786524092381,3316140,1786524092395,,1786524092358,29,2026-08-12T08:41:33.4175696Z,129,,,oasis/bottle,,0,,,,,
,,,,,,,,,,,,,,,13,,,,,,,,,1,,,0,,,,,0,,,,,0,,,,,,,,,,,local.mqtt.telegraf,32,,32.73,,,,,,periodic,,23,,,,,6,5,08a6f76bd428,,,49056,43104,,6,671,,,,,,,,,,,,,672,,,,,08a6f76bd428-672,,,0,,,,,,,272,672,08:A6:F7:6B:D4:28,,,,,,15591,43,31,30,30,1,,,0,30,392,33,3,,,,3317546,1786524093801,3317559,1786524093814,,1786524093778,29,2026-08-12T08:41:34.8349074Z,129,,,oasis/bottle,,0,,,,,
,,,,,,,,,,,,,,,13,,,,,,,,,1,,,0,,,,,0,,,,,0,,,,,,,,,,,local.mqtt.telegraf,32,,32.7,,,,,,periodic,,23,,,,,6,5,08a6f76bd428,,,121184,43104,,6,672,,,,,,,,,,,,,673,,,,,08a6f76bd428-673,,,0,,,,,,,272,673,08:A6:F7:6B:D4:28,,,,,,16631,43,31,30,30,1,,,0,30,392,33,3,,,,3318586,1786524094841,3318599,1786524094854,,1786524094818,29,2026-08-12T08:41:35.8822823Z,129,,,oasis/bottle,,0,,,,,
,,,,,,,,,,,,,,,13,,,,,,,,,1,,,0,,,,,0,,,,,0,,,,,,,,,,,local.mqtt.telegraf,32,,32.57,,,,,,periodic,,23,,,,,6,5,08a6f76bd428,,,110864,43104,,5,673,,,,,,,,,,,,,674,,,,,08a6f76bd428-674,,,0,,,,,,,272,674,08:A6:F7:6B:D4:28,,,,,,18111,43,31,30,30,1,,,0,30,392,33,3,,,,3320066,1786524096321,3320079,1786524096334,,1786524096298,29,2026-08-12T08:41:37.3485621Z,129,,,oasis/bottle,,0,,,,,
,,,,,,,,,,,,,,,13,,,,,,,,,1,,,0,,,,,0,,,,,0,,,,,,,,,,,local.mqtt.telegraf,32,,32.45,,,,,,periodic,,23,,,,,6,5,08a6f76bd428,,,102512,43104,,6,674,,,,,,,,,,,,,675,,,,,08a6f76bd428-675,,,0,,,,,,,272,675,08:A6:F7:6B:D4:28,,,,,,19261,43,31,30,30,1,,,0,30,392,33,3,,,,3321216,1786524097471,3321229,1786524097484,,1786524097448,29,2026-08-12T08:41:38.5056745Z,129,,,oasis/bottle,,0,,,,,
,,,,,,,,,,,,,,,13,,,,,,,,,1,,,0,,,,,0,,,,,0,,,,,,,,,,,local.mqtt.telegraf,32,,32.33,,,,,,periodic,,21,,,,,5,5,08a6f76bd428,,,80832,43104,,7,675,,,,,,,,,,,,,676,,,,,08a6f76bd428-676,,,0,,,,,,,273,676,08:A6:F7:6B:D4:28,,,,,,682,44,31,29,29,2,,,0,29,404,31,3,,,,3322715,1786524098970,3322728,1786524098983,,1786524098949,29,2026-08-12T08:41:39.999545Z,130,,,oasis/bottle,,0,,,,,
,,,,,,,,,,,,,,,13,,,,,,,,,1,,,0,,,,,0,,,,,0,,,,,,,,,,,local.mqtt.telegraf,32,,32.32,,,,,,periodic,,24,,,,,6,5,08a6f76bd428,,,70512,43104,,5,676,,,,,,,,,,,,,677,,,,,08a6f76bd428-677,,,0,,,,,,,272,677,08:A6:F7:6B:D4:28,,,,,,2081,44,31,29,29,2,,,0,29,404,31,3,,,,3324116,1786524100371,3324129,1786524100384,,1786524100347,29,2026-08-12T08:41:41.4166276Z,130,,,oasis/bottle,,0,,,,,
,,,,,,,,,,,,,,,13,,,,,,,,,1,,,0,,,,,0,,,,,0,,,,,,,,,,,local.mqtt.telegraf,32,,32.37,,,,,,periodic,,24,,,,,6,5,08a6f76bd428,,,62816,43104,,6,677,,,,,,,,,,,,,678,,,,,08a6f76bd428-678,,,0,,,,,,,272,678,08:A6:F7:6B:D4:28,,,,,,3081,44,31,29,29,2,,,0,29,404,31,3,,,,3325116,1786524101371,3325129,1786524101384,,1786524101347,29,2026-08-12T08:41:42.3990041Z,130,,,oasis/bottle,,0,,,,,
,,,,,,,,,,,,,,,13,,,,,,,,,1,,,0,,,,,0,,,,,0,,,,,,,,,,,local.mqtt.telegraf,32,,32.36,,,,,,periodic,,23,,,,,5,5,08a6f76bd428,,,53120,43104,,6,678,,,,,,,,,,,,,679,,,,,08a6f76bd428-679,,,0,,,,,,,273,679,08:A6:F7:6B:D4:28,,,,,,4471,44,31,29,29,2,,,0,29,404,31,3,,,,3326506,1786524102761,3326519,1786524102774,,1786524102738,29,2026-08-12T08:41:43.8020322Z,130,,,oasis/bottle,,0,,,,,
,,,,,,,,,,,,,,,13,,,,,,,,,1,,,0,,,,,0,,,,,0,,,,,,,,,,,local.mqtt.telegraf,32,,32.48,,,,,,periodic,,24,,,,,6,5,08a6f76bd428,,,121776,43104,,7,679,,,,,,,,,,,,,680,,,,,08a6f76bd428-680,,,0,,,,,,,272,680,08:A6:F7:6B:D4:28,,,,,,6061,44,31,29,29,2,,,0,29,404,31,3,,,,3328096,1786524104351,3328109,1786524104364,,1786524104327,29,2026-08-12T08:41:45.3878095Z,130,,,oasis/bottle,,0,,,,,
,,,,,,,,,,,,,,,13,,,,,,,,,1,,,0,,,,,0,,,,,0,,,,,,,,,,,local.mqtt.telegraf,32,,32.45,,,,,,periodic,,24,,,,,6,5,08a6f76bd428,,,112112,43104,,5,680,,,,,,,,,,,,,681,,,,,08a6f76bd428-681,,,0,,,,,,,272,681,08:A6:F7:6B:D4:28,,,,,,7431,44,31,29,29,2,,,0,29,404,31,3,,,,3329466,1786524105721,3329479,1786524105734,,1786524105697,29,2026-08-12T08:41:46.7991222Z,130,,,oasis/bottle,,0,,,,,
,,,,,,,,,,,,,,,13,,,,,,,,,1,,,0,,,,,0,,,,,0,,,,,,,,,,,local.mqtt.telegraf,32,,32.45,,,,,,periodic,,24,,,,,6,5,08a6f76bd428,,,101136,43104,,6,681,,,,,,,,,,,,,682,,,,,08a6f76bd428-682,,,0,,,,,,,272,682,08:A6:F7:6B:D4:28,,,,,,8971,44,31,29,29,2,,,0,29,404,31,3,,,,3331006,1786524107261,3331019,1786524107274,,1786524107237,29,2026-08-12T08:41:48.2994668Z,130,,,oasis/bottle,,0,,,,,
,,,,,,,,,,,,,,,13,,,,,,,,,1,,,0,,,,,0,,,,,0,,,,,,,,,,,local.mqtt.telegraf,32,,32.45,,,,,,periodic,,24,,,,,6,5,08a6f76bd428,,,92128,43104,,6,682,,,,,,,,,,,,,683,,,,,08a6f76bd428-683,,,0,,,,,,,272,683,08:A6:F7:6B:D4:28,,,,,,10241,44,31,29,29,2,,,0,29,404,31,3,,,,3332276,1786524108531,3332289,1786524108544,,1786524108507,29,2026-08-12T08:41:49.5669634Z,130,,,oasis/bottle,,0,,,,,
,,,,,,,,,,,,,,,13,,,,,,,,,1,,,0,,,,,0,,,,,0,,,,,,,,,,,local.mqtt.telegraf,32,,32.44,,,,,,periodic,,24,,,,,6,5,08a6f76bd428,,,82464,43104,,7,683,,,,,,,,,,,,,684,,,,,08a6f76bd428-684,,,0,,,,,,,272,684,08:A6:F7:6B:D4:28,,,,,,11581,44,31,29,29,2,,,0,29,404,31,3,,,,3333616,1786524109871,3333629,1786524109884,,1786524109847,29,2026-08-12T08:41:50.8991765Z,130,,,oasis/bottle,,0,,,,,
,,,,,,,,,,,,,,,13,,,,,,,,,1,,,0,,,,,0,,,,,0,,,,,,,,,,,local.mqtt.telegraf,32,,32.03,,,,,,periodic,,24,,,,,6,5,08a6f76bd428,,,72144,43104,,6,684,,,,,,,,,,,,,685,,,,,08a6f76bd428-685,,,0,,,,,,,272,685,08:A6:F7:6B:D4:28,,,,,,13061,44,31,29,29,2,,,0,29,404,31,3,,,,3335096,1786524111351,3335109,1786524111364,,1786524111327,29,2026-08-12T08:41:52.384981Z,130,,,oasis/bottle,,0,,,,,
,,,,,,,,,,,,,,,13,,,,,,,,,1,,,0,,,,,0,,,,,0,,,,,,,,,,,local.mqtt.telegraf,32,,32.15,,,,,,periodic,,24,,,,,6,5,08a6f76bd428,,,63792,43104,,6,685,,,,,,,,,,,,,686,,,,,08a6f76bd428-686,,,0,,,,,,,272,686,08:A6:F7:6B:D4:28,,,,,,14221,44,31,29,29,2,,,0,29,404,31,3,,,,3336256,1786524112511,3336269,1786524112524,,1786524112487,29,2026-08-12T08:41:53.5465849Z,130,,,oasis/bottle,,0,,,,,
,,,,,,,,,,,,,,,13,,,,,,,,,1,,,0,,,,,0,,,,,0,,,,,,,,,,,local.mqtt.telegraf,32,,32.32,,,,,,periodic,,24,,,,,6,5,08a6f76bd428,,,55440,43104,,6,686,,,,,,,,,,,,,687,,,,,08a6f76bd428-687,,,0,,,,,,,272,687,08:A6:F7:6B:D4:28,,,,,,15341,44,31,29,29,2,,,0,29,404,31,3,,,,3337376,1786524113631,3337389,1786524113644,,1786524113607,29,2026-08-12T08:41:54.6555049Z,130,,,oasis/bottle,,0,,,,,
,,,,,,,,,,,,,,,13,,,,,,,,,1,,,0,,,,,0,,,,,0,,,,,,,,,,,local.mqtt.telegraf,32,,32.45,,,,,,periodic,,24,,,,,6,5,08a6f76bd428,,,47744,43104,,6,687,,,,,,,,,,,,,688,,,,,08a6f76bd428-688,,,0,,,,,,,272,688,08:A6:F7:6B:D4:28,,,,,,16371,44,31,29,29,2,,,0,29,404,31,3,,,,3338406,1786524114661,3338419,1786524114674,,1786524114637,29,2026-08-12T08:41:55.6920421Z,130,,,oasis/bottle,,0,,,,,
,,,,,,,,,,,,,,,13,,,,,,,,,1,,,0,,,,,0,,,,,0,,,,,,,,,,,local.mqtt.telegraf,32,,32.36,,,,,,periodic,,24,,,,,6,5,08a6f76bd428,,,117152,43104,,6,688,,,,,,,,,,,,,689,,,,,08a6f76bd428-689,,,0,,,,,,,272,689,08:A6:F7:6B:D4:28,,,,,,17831,44,31,29,29,2,,,0,29,404,31,3,,,,3339866,1786524116121,3339879,1786524116134,,1786524116097,29,2026-08-12T08:41:57.1625758Z,130,,,oasis/bottle,,0,,,,,
,,,,,,,,,,,,,,,13,,,,,,,,,1,,,0,,,,,0,,,,,0,,,,,,,,,,,local.mqtt.telegraf,32,,32.23,,,,,,periodic,,24,,,,,6,5,08a6f76bd428,,,108800,43104,,7,689,,,,,,,,,,,,,690,,,,,08a6f76bd428-690,,,0,,,,,,,272,690,08:A6:F7:6B:D4:28,,,,,,18951,44,31,29,29,2,,,0,29,404,31,3,,,,3340986,1786524117241,3340999,1786524117254,,1786524117217,29,2026-08-12T08:41:58.2687426Z,130,,,oasis/bottle,,0,,,,,
,,,,,,,,,,,,,,,13,,,,,,,,,1,,,0,,,,,0,,,,,0,,,,,,,,,,,local.mqtt.telegraf,32,,32.07,,,,,,periodic,,23,,,,,5,5,08a6f76bd428,,,100240,43104,,6,690,,,,,,,,,,,,,691,,,,,08a6f76bd428-691,,,0,,,,,,,273,691,08:A6:F7:6B:D4:28,,,,,,20031,44,31,29,29,2,,,0,29,404,31,3,,,,3342066,1786524118321,3342079,1786524118334,,1786524118298,29,2026-08-12T08:41:59.3691938Z,130,,,oasis/bottle,,0,,,,,
,,,,,,,,,,,,,,,13,,,,,,,,,1,,,0,,,,,0,,,,,0,,,,,,,,,,,local.mqtt.telegraf,32,,32.02,,,,,,periodic,,23,,,,,5,5,08a6f76bd428,,,78592,43104,,5,691,,,,,,,,,,,,,692,,,,,08a6f76bd428-692,,,0,,,,,,,272,692,08:A6:F7:6B:D4:28,,,,,,1111,45,31,29,29,2,,,0,29,384,31,3,,,,3343586,1786524119841,3343599,1786524119854,,1786524119818,29,2026-08-12T08:42:00.8674366Z,133,,,oasis/bottle,,0,,,,,
,,,,,,,,,,,,,,,13,,,,,,,,,1,,,0,,,,,0,,,,,0,,,,,,,,,,,local.mqtt.telegraf,32,,31.93,,,,,,periodic,,24,,,,,6,5,08a6f76bd428,,,69584,43104,,6,692,,,,,,,,,,,,,693,,,,,08a6f76bd428-693,,,0,,,,,,,272,693,08:A6:F7:6B:D4:28,,,,,,2351,45,31,29,29,2,,,0,29,384,31,3,,,,3344826,1786524121081,3344839,1786524121094,,1786524121057,29,2026-08-12T08:42:02.1150782Z,133,,,oasis/bottle,,0,,,,,
,,,,,,,,,,,,,,,13,,,,,,,,,1,,,0,,,,,0,,,,,0,,,,,,,,,,,local.mqtt.telegraf,32,,31.76,,,,,,periodic,,24,,,,,6,5,08a6f76bd428,,,60576,43104,,6,693,,,,,,,,,,,,,694,,,,,08a6f76bd428-694,,,0,,,,,,,272,694,08:A6:F7:6B:D4:28,,,,,,3621,45,31,29,29,2,,,0,29,384,31,3,,,,3346096,1786524122351,3346109,1786524122364,,1786524122327,29,2026-08-12T08:42:03.3787679Z,133,,,oasis/bottle,,0,,,,,
,,,,,,,,,,,,,,,13,,,,,,,,,1,,,0,,,,,0,,,,,0,,,,,,,,,,,local.mqtt.telegraf,32,,31.66,,,,,,periodic,,24,,,,,6,5,08a6f76bd428,,,50912,43104,,6,694,,,,,,,,,,,,,695,,,,,08a6f76bd428-695,,,0,,,,,,,272,695,08:A6:F7:6B:D4:28,,,,,,4961,45,31,29,29,2,,,0,29,384,31,3,,,,3347436,1786524123691,3347449,1786524123704,,1786524123667,29,2026-08-12T08:42:04.7467108Z,133,,,oasis/bottle,,0,,,,,
,,,,,,,,,,,,,,,13,,,,,,,,,1,,,0,,,,,0,,,,,0,,,,,,,,,,,local.mqtt.telegraf,32,,31.82,,,,,,periodic,,25,,,,,6,5,08a6f76bd428,,,120432,43104,,6,695,,,,,,,,,,,,,696,,,,,08a6f76bd428-696,,,0,,,,,,,272,696,08:A6:F7:6B:D4:28,,,,,,6441,45,31,29,29,2,,,0,29,384,31,3,,,,3348917,1786524125172,3348930,1786524125185,,1786524125147,29,2026-08-12T08:42:06.1934729Z,133,,,oasis/bottle,,0,,,,,
,,,,,,,,,,,,,,,13,,,,,,,,,1,,,0,,,,,0,,,,,0,,,,,,,,,,,local.mqtt.telegraf,32,,31.8,,,,,,periodic,,24,,,,,6,5,08a6f76bd428,,,112080,43104,,10,696,,,,,,,,,,,,,697,,,,,08a6f76bd428-697,,,0,,,,,,,272,697,08:A6:F7:6B:D4:28,,,,,,7601,45,31,29,29,2,,,0,29,384,31,3,,,,3350076,1786524126331,3350089,1786524126344,,1786524126307,29,2026-08-12T08:42:07.3547251Z,133,,,oasis/bottle,,0,,,,,
,,,,,,,,,,,,,,,13,,,,,,,,,1,,,0,,,,,0,,,,,0,,,,,,,,,,,local.mqtt.telegraf,32,,31.72,,,,,,periodic,,24,,,,,6,5,08a6f76bd428,,,103728,43104,,10,697,,,,,,,,,,,,,698,,,,,08a6f76bd428-698,,,0,,,,,,,272,698,08:A6:F7:6B:D4:28,,,,,,8721,45,31,29,29,2,,,0,29,384,31,3,,,,3351196,1786524127451,3351209,1786524127464,,1786524127427,29,2026-08-12T08:42:08.4843962Z,133,,,oasis/bottle,,0,,,,,
,,,,,,,,,,,,,,,13,,,,,,,,,1,,,0,,,,,0,,,,,0,,,,,,,,,,,local.mqtt.telegraf,32,,31.78,,,,,,periodic,,24,,,,,6,5,08a6f76bd428,,,96032,43104,,6,698,,,,,,,,,,,,,699,,,,,08a6f76bd428-699,,,0,,,,,,,272,699,08:A6:F7:6B:D4:28,,,,,,9751,45,31,29,29,2,,,0,29,384,31,3,,,,3352226,1786524128481,3352239,1786524128494,,1786524128457,29,2026-08-12T08:42:09.5181373Z,133,,,oasis/bottle,,0,,,,,
,,,,,,,,,,,,,,,17,,,,,,,,,1,,,0,,,,,0,,,,,0,,,,,,,,,,,local.mqtt.telegraf,32,,31.67,,,,,,periodic,,24,,,,,6,5,08a6f76bd428,,,85712,43104,,7,699,,,,,,,,,,,,,700,,,,,08a6f76bd428-700,,,0,,,,,,,272,700,08:A6:F7:6B:D4:28,,,,,,11211,45,31,29,29,2,,,0,29,384,31,3,,,,3353686,1786524129941,3353703,1786524129958,,1786524129917,29,2026-08-12T08:42:10.9877048Z,133,,,oasis/bottle,,0,,,,,
,,,,,,,,,,,,,,,13,,,,,,,,,1,,,0,,,,,0,,,,,0,,,,,,,,,,,local.mqtt.telegraf,32,,31.71,,,,,,periodic,,24,,,,,6,5,08a6f76bd428,,,77360,43104,,6,700,,,,,,,,,,,,,701,,,,,08a6f76bd428-701,,,0,,,,,,,272,701,08:A6:F7:6B:D4:28,,,,,,12331,45,31,29,29,2,,,0,29,384,31,3,,,,3354806,1786524131061,3354819,1786524131074,,1786524131037,29,2026-08-12T08:42:12.0972828Z,133,,,oasis/bottle,,0,,,,,
,,,,,,,,,,,,,,,13,,,,,,,,,1,,,0,,,,,0,,,,,0,,,,,,,,,,,local.mqtt.telegraf,32,,31.76,,,,,,periodic,,24,,,,,6,5,08a6f76bd428,,,69664,43104,,6,701,,,,,,,,,,,,,702,,,,,08a6f76bd428-702,,,0,,,,,,,272,702,08:A6:F7:6B:D4:28,,,,,,13361,45,31,29,29,2,,,0,29,384,31,3,,,,3355836,1786524132091,3355849,1786524132104,,1786524132067,29,2026-08-12T08:42:13.1359569Z,133,,,oasis/bottle,,0,,,,,
,,,,,,,,,,,,,,,14,,,,,,,,,1,,,0,,,,,0,,,,,0,,,,,,,,,,,local.mqtt.telegraf,32,,31.74,,,,,,periodic,,24,,,,,6,5,08a6f76bd428,,,59344,43104,,6,702,,,,,,,,,,,,,703,,,,,08a6f76bd428-703,,,0,,,,,,,272,703,08:A6:F7:6B:D4:28,,,,,,14821,45,31,29,29,2,,,0,29,384,31,3,,,,3357296,1786524133551,3357310,1786524133565,,1786524133527,29,2026-08-12T08:42:14.5994758Z,133,,,oasis/bottle,,0,,,,,
,,,,,,,,,,,,,,,13,,,,,,,,,1,,,0,,,,,0,,,,,0,,,,,,,,,,,local.mqtt.telegraf,32,,31.74,,,,,,periodic,,24,,,,,6,5,08a6f76bd428,,,50992,43104,,6,703,,,,,,,,,,,,,704,,,,,08a6f76bd428-704,,,0,,,,,,,272,704,08:A6:F7:6B:D4:28,,,,,,15941,45,31,29,29,2,,,0,29,384,31,3,,,,3358416,1786524134671,3358429,1786524134684,,1786524134647,29,2026-08-12T08:42:15.7080384Z,133,,,oasis/bottle,,0,,,,,
,,,,,,,,,,,,,,,13,,,,,,,,,1,,,0,,,,,0,,,,,0,,,,,,,,,,,local.mqtt.telegraf,32,,31.6,,,,,,periodic,,34,,,,,11,5,08a6f76bd428,,,43296,43104,,6,704,,,,,,,,,,,,,705,,,,,08a6f76bd428-705,,,0,,,,,,,272,705,08:A6:F7:6B:D4:28,,,,,,16981,45,31,29,29,2,,,0,29,384,31,3,,,,3359466,1786524135721,3359479,1786524135734,,1786524135687,29,2026-08-12T08:42:16.7702447Z,133,,,oasis/bottle,,0,,,,,
,,,,,,,,,,,,,,,13,,,,,,,,,1,,,0,,,,,0,,,,,0,,,,,,,,,,,local.mqtt.telegraf,32,,31.76,,,,,,periodic,,24,,,,,6,5,08a6f76bd428,,,112592,43104,,10,705,,,,,,,,,,,,,706,,,,,08a6f76bd428-706,,,0,,,,,,,272,706,08:A6:F7:6B:D4:28,,,,,,18481,45,31,29,29,2,,,0,29,384,31,3,,,,3360956,1786524137211,3360969,1786524137224,,1786524137187,29,2026-08-12T08:42:18.2429886Z,133,,,oasis/bottle,,0,,,,,
,,,,,,,,,,,,,,,14,,,,,,,,,1,,,0,,,,,0,,,,,0,,,,,,,,,,,local.mqtt.telegraf,32,,31.59,,,,,,periodic,,23,,,,,5,5,08a6f76bd428,,,104208,43104,,6,706,,,,,,,,,,,,,707,,,,,08a6f76bd428-707,,,0,,,,,,,273,707,08:A6:F7:6B:D4:28,,,,,,19651,45,31,29,29,2,,,0,29,384,31,3,,,,3362126,1786524138381,3362140,1786524138395,,1786524138358,29,2026-08-12T08:42:19.415731Z,133,,,oasis/bottle,,0,,,,,
,,,,,,,,,,,,,,,14,,,,,,,,,1,,,0,,,,,0,,,,,0,,,,,,,,,,,local.mqtt.telegraf,32,,31.58,,,,,,periodic,,21,,,,,5,5,08a6f76bd428,,,83216,43104,,9,707,,,,,,,,,,,,,708,,,,,08a6f76bd428-708,,,0,,,,,,,273,708,08:A6:F7:6B:D4:28,,,,,,682,46,31,29,29,2,,,0,29,405,31,3,,,,3363575,1786524139830,3363589,1786524139844,,1786524139809,29,2026-08-12T08:42:20.8510687Z,136,,,oasis/bottle,,0,,,,,
,,,,,,,,,,,,,,,13,,,,,,,,,1,,,0,,,,,0,,,,,0,,,,,,,,,,,local.mqtt.telegraf,32,,31.59,,,,,,periodic,,23,,,,,5,5,08a6f76bd428,,,73520,43104,,6,708,,,,,,,,,,,,,709,,,,,08a6f76bd428-709,,,0,,,,,,,273,709,08:A6:F7:6B:D4:28,,,,,,2071,46,31,29,29,2,,,0,29,405,31,3,,,,3364966,1786524141221,3364979,1786524141234,,1786524141198,29,2026-08-12T08:42:22.2510107Z,136,,,oasis/bottle,,0,,,,,
,,,,,,,,,,,,,,,13,,,,,,,,,1,,,0,,,,,0,,,,,0,,,,,,,,,,,local.mqtt.telegraf,32,,31.55,,,,,,periodic,,24,,,,,6,5,08a6f76bd428,,,62528,43104,,5,709,,,,,,,,,,,,,710,,,,,08a6f76bd428-710,,,0,,,,,,,272,710,08:A6:F7:6B:D4:28,,,,,,3651,46,31,29,29,2,,,0,29,405,31,3,,,,3366546,1786524142801,3366559,1786524142814,,1786524142777,29,2026-08-12T08:42:23.828391Z,136,,,oasis/bottle,,0,,,,,
,,,,,,,,,,,,,,,13,,,,,,,,,1,,,0,,,,,0,,,,,0,,,,,,,,,,,local.mqtt.telegraf,32,,31.56,,,,,,periodic,,24,,,,,6,5,08a6f76bd428,,,52864,43104,,6,710,,,,,,,,,,,,,711,,,,,08a6f76bd428-711,,,0,,,,,,,272,711,08:A6:F7:6B:D4:28,,,,,,5011,46,31,29,29,2,,,0,29,405,31,3,,,,3367906,1786524144161,3367919,1786524144174,,1786524144137,29,2026-08-12T08:42:25.1880684Z,136,,,oasis/bottle,,0,,,,,
,,,,,,,,,,,,,,,13,,,,,,,,,1,,,0,,,,,0,,,,,0,,,,,,,,,,,local.mqtt.telegraf,32,,31.55,,,,,,periodic,,24,,,,,6,5,08a6f76bd428,,,121488,43104,,6,711,,,,,,,,,,,,,712,,,,,08a6f76bd428-712,,,0,,,,,,,272,712,08:A6:F7:6B:D4:28,,,,,,6521,46,31,29,29,2,,,0,29,405,31,3,,,,3369416,1786524145671,3369429,1786524145684,,1786524145647,29,2026-08-12T08:42:26.7019505Z,136,,,oasis/bottle,,0,,,,,
,,,,,,,,,,,,,,,13,,,,,,,,,1,,,0,,,,,0,,,,,0,,,,,,,,,,,local.mqtt.telegraf,32,,31.42,,,,,,periodic,,24,,,,,6,5,08a6f76bd428,,,112480,43104,,6,712,,,,,,,,,,,,,713,,,,,08a6f76bd428-713,,,0,,,,,,,272,713,08:A6:F7:6B:D4:28,,,,,,7741,46,31,29,29,2,,,0,29,405,31,3,,,,3370636,1786524146891,3370649,1786524146904,,1786524146867,29,2026-08-12T08:42:27.9242042Z,136,,,oasis/bottle,,0,,,,,
,,,,,,,,,,,,,,,13,,,,,,,,,1,,,0,,,,,0,,,,,0,,,,,,,,,,,local.mqtt.telegraf,32,,31.56,,,,,,periodic,,24,,,,,6,5,08a6f76bd428,,,103472,43104,,6,713,,,,,,,,,,,,,714,,,,,08a6f76bd428-714,,,0,,,,,,,272,714,08:A6:F7:6B:D4:28,,,,,,8981,46,31,29,29,2,,,0,29,405,31,3,,,,3371876,1786524148131,3371889,1786524148144,,1786524148107,29,2026-08-12T08:42:29.1672913Z,136,,,oasis/bottle,,0,,,,,
,,,,,,,,,,,,,,,13,,,,,,,,,1,,,0,,,,,0,,,,,0,,,,,,,,,,,local.mqtt.telegraf,32,,31.55,,,,,,periodic,,24,,,,,6,5,08a6f76bd428,,,94464,43104,,6,714,,,,,,,,,,,,,715,,,,,08a6f76bd428-715,,,0,,,,,,,272,715,08:A6:F7:6B:D4:28,,,,,,10261,46,31,29,29,2,,,0,29,405,31,3,,,,3373156,1786524149411,3373169,1786524149424,,1786524149387,29,2026-08-12T08:42:30.4441653Z,136,,,oasis/bottle,,0,,,,,
,,,,,,,,,,,,,,,14,,,,,,,,,1,,,0,,,,,0,,,,,0,,,,,,,,,,,local.mqtt.telegraf,32,,31.59,,,,,,periodic,,24,,,,,6,5,08a6f76bd428,,,84800,43104,,6,715,,,,,,,,,,,,,716,,,,,08a6f76bd428-716,,,0,,,,,,,272,716,08:A6:F7:6B:D4:28,,,,,,11611,46,31,29,29,2,,,0,29,405,31,3,,,,3374506,1786524150761,3374520,1786524150775,,1786524150737,29,2026-08-12T08:42:31.7805707Z,136,,,oasis/bottle,,0,,,,,
,,,,,,,,,,,,,,,13,,,,,,,,,1,,,0,,,,,0,,,,,0,,,,,,,,,,,local.mqtt.telegraf,32,,31.58,,,,,,periodic,,23,,,,,5,5,08a6f76bd428,,,74448,43104,,6,716,,,,,,,,,,,,,717,,,,,08a6f76bd428-717,,,0,,,,,,,273,717,08:A6:F7:6B:D4:28,,,,,,13111,46,31,29,29,2,,,0,29,405,31,3,,,,3376006,1786524152261,3376019,1786524152274,,1786524152238,29,2026-08-12T08:42:33.2962759Z,136,,,oasis/bottle,,0,,,,,
,,,,,,,,,,,,,,,13,,,,,,,,,1,,,0,,,,,0,,,,,0,,,,,,,,,,,local.mqtt.telegraf,32,,31.55,,,,,,periodic,,24,,,,,6,5,08a6f76bd428,,,65424,43104,,5,717,,,,,,,,,,,,,718,,,,,08a6f76bd428-718,,,0,,,,,,,272,718,08:A6:F7:6B:D4:28,,,,,,14311,46,31,29,29,2,,,0,29,405,31,3,,,,3377206,1786524153461,3377219,1786524153474,,1786524153437,29,2026-08-12T08:42:34.4835332Z,136,,,oasis/bottle,,0,,,,,
,,,,,,,,,,,,,,,13,,,,,,,,,1,,,0,,,,,0,,,,,0,,,,,,,,,,,local.mqtt.telegraf,32,,31.59,,,,,,periodic,,34,,,,,6,5,08a6f76bd428,,,56416,43104,,6,718,,,,,,,,,,,,,719,,,,,08a6f76bd428-719,,,0,,,,,,,272,719,08:A6:F7:6B:D4:28,,,,,,15511,46,31,29,29,2,,,0,29,405,31,3,,,,3378416,1786524154671,3378429,1786524154684,,1786524154637,29,2026-08-12T08:42:35.6955103Z,136,,,oasis/bottle,,0,,,,,
,,,,,,,,,,,,,,,13,,,,,,,,,1,,,0,,,,,0,,,,,0,,,,,,,,,,,local.mqtt.telegraf,32,,31.58,,,,,,periodic,,24,,,,,6,5,08a6f76bd428,,,47408,43104,,11,719,,,,,,,,,,,,,720,,,,,08a6f76bd428-720,,,0,,,,,,,272,720,08:A6:F7:6B:D4:28,,,,,,16721,46,31,29,29,2,,,0,29,405,31,3,,,,3379616,1786524155871,3379629,1786524155884,,1786524155847,29,2026-08-12T08:42:36.8893121Z,136,,,oasis/bottle,,0,,,,,
,,,,,,,,,,,,,,,13,,,,,,,,,1,,,0,,,,,0,,,,,0,,,,,,,,,,,local.mqtt.telegraf,32,,31.47,,,,,,periodic,,24,,,,,6,5,08a6f76bd428,,,117280,43104,,6,720,,,,,,,,,,,,,721,,,,,08a6f76bd428-721,,,0,,,,,,,272,721,08:A6:F7:6B:D4:28,,,,,,17971,46,31,29,29,2,,,0,29,405,31,3,,,,3380866,1786524157121,3380879,1786524157134,,1786524157097,29,2026-08-12T08:42:38.1497815Z,136,,,oasis/bottle,,0,,,,,
,,,,,,,,,,,,,,,13,,,,,,,,,1,,,0,,,,,0,,,,,0,,,,,,,,,,,local.mqtt.telegraf,32,,31.6,,,,,,periodic,,24,,,,,6,5,08a6f76bd428,,,108272,43104,,10,721,,,,,,,,,,,,,722,,,,,08a6f76bd428-722,,,0,,,,,,,272,722,08:A6:F7:6B:D4:28,,,,,,19231,46,31,29,29,2,,,0,29,405,31,3,,,,3382126,1786524158381,3382139,1786524158394,,1786524158357,29,2026-08-12T08:42:39.4082431Z,136,,,oasis/bottle,,0,,,,,
,,,,,,,,,,,,,,,13,,,,,,,,,1,,,0,,,,,0,,,,,0,,,,,,,,,,,local.mqtt.telegraf,32,,31.62,,,,,,periodic,,24,,,,,6,5,08a6f76bd428,,,98608,43104,,8,722,,,,,,,,,,,,,723,,,,,08a6f76bd428-723,,,0,,,,,,,272,723,08:A6:F7:6B:D4:28,,,,,,20541,46,31,29,29,2,,,0,29,405,31,3,,,,3383436,1786524159691,3383449,1786524159704,,1786524159667,29,2026-08-12T08:42:40.7228857Z,136,,,oasis/bottle,,0,,,,,
,,,,,,,,,,,,,,,13,,,,,,,,,1,,,0,,,,,0,,,,,0,,,,,,,,,,,local.mqtt.telegraf,32,,31.42,,,,,,periodic,,22,,,,,5,5,08a6f76bd428,,,77584,43104,,6,723,,,,,,,,,,,,,724,,,,,08a6f76bd428-724,,,0,,,,,,,272,724,08:A6:F7:6B:D4:28,,,,,,1181,47,50,31,31,19,,,0,30,404,33,3,,,,3384856,1786524161111,3384869,1786524161124,,1786524161089,29,2026-08-12T08:42:42.1449898Z,140,,,oasis/bottle,,0,,,,,
,,,,,,,,,,,,,,,13,,,,,,,,,1,,,0,,,,,0,,,,,0,,,,,,,,,,,local.mqtt.telegraf,32,,31.52,,,,,,periodic,,23,,,,,6,5,08a6f76bd428,,,69888,43104,,6,724,,,,,,,,,,,,,725,,,,,08a6f76bd428-725,,,0,,,,,,,272,725,08:A6:F7:6B:D4:28,,,,,,2221,47,50,31,31,19,,,0,30,404,33,3,,,,3385896,1786524162151,3385909,1786524162164,,1786524162128,29,2026-08-12T08:42:43.1876989Z,140,,,oasis/bottle,,0,,,,,
,,,,,,,,,,,,,,,13,,,,,,,,,1,,,0,,,,,0,,,,,0,,,,,,,,,,,local.mqtt.telegraf,32,,31.47,,,,,,periodic,,23,,,,,6,5,08a6f76bd428,,,59568,43104,,6,725,,,,,,,,,,,,,726,,,,,08a6f76bd428-726,,,0,,,,,,,272,726,08:A6:F7:6B:D4:28,,,,,,3691,47,50,31,31,19,,,0,30,404,33,3,,,,3387366,1786524163621,3387379,1786524163634,,1786524163598,29,2026-08-12T08:42:44.6457907Z,140,,,oasis/bottle,,0,,,,,
,,,,,,,,,,,,,,,13,,,,,,,,,1,,,0,,,,,0,,,,,0,,,,,,,,,,,local.mqtt.telegraf,32,,31.58,,,,,,periodic,,23,,,,,6,5,08a6f76bd428,,,51216,43104,,6,726,,,,,,,,,,,,,727,,,,,08a6f76bd428-727,,,0,,,,,,,272,727,08:A6:F7:6B:D4:28,,,,,,4831,47,50,31,31,19,,,0,30,404,33,3,,,,3388506,1786524164761,3388519,1786524164774,,1786524164738,29,2026-08-12T08:42:45.7975299Z,140,,,oasis/bottle,,0,,,,,
,,,,,,,,,,,,,,,13,,,,,,,,,1,,,0,,,,,0,,,,,0,,,,,,,,,,,local.mqtt.telegraf,32,,31.6,,,,,,periodic,,27,,,,,6,5,08a6f76bd428,,,122560,43104,,6,727,,,,,,,,,,,,,728,,,,,08a6f76bd428-728,,,0,,,,,,,278,728,08:A6:F7:6B:D4:28,,,,,,5916,47,50,31,31,19,,,0,30,404,33,3,,,,3389596,1786524165851,3389609,1786524165864,,1786524165824,29,2026-08-12T08:42:46.8774602Z,140,,,oasis/bottle,,0,,,,,
,,,,,,,,,,,,,,,13,,,,,,,,,1,,,0,,,,,0,,,,,0,,,,,,,,,,,local.mqtt.telegraf,32,,31.87,,,,,,periodic,,23,,,,,6,5,08a6f76bd428,,,111584,43104,,6,728,,,,,,,,,,,,,729,,,,,08a6f76bd428-729,,,0,,,,,,,272,729,08:A6:F7:6B:D4:28,,,,,,7481,47,50,31,31,19,,,0,30,404,33,3,,,,3391156,1786524167411,3391169,1786524167424,,1786524167388,29,2026-08-12T08:42:48.438191Z,140,,,oasis/bottle,,0,,,,,
,,,,,,,,,,,,,,,13,,,,,,,,,1,,,0,,,,,0,,,,,0,,,,,,,,,,,local.mqtt.telegraf,32,,31.67,,,,,,periodic,,23,,,,,6,5,08a6f76bd428,,,101920,43104,,9,729,,,,,,,,,,,,,730,,,,,08a6f76bd428-730,,,0,,,,,,,272,730,08:A6:F7:6B:D4:28,,,,,,8811,47,50,31,31,19,,,0,30,404,33,3,,,,3392486,1786524168741,3392499,1786524168754,,1786524168718,29,2026-08-12T08:42:49.7702188Z,140,,,oasis/bottle,,0,,,,,
,,,,,,,,,,,,,,,13,,,,,,,,,1,,,0,,,,,0,,,,,0,,,,,,,,,,,local.mqtt.telegraf,32,,31.62,,,,,,periodic,,23,,,,,6,5,08a6f76bd428,,,91600,43104,,6,730,,,,,,,,,,,,,731,,,,,08a6f76bd428-731,,,0,,,,,,,272,731,08:A6:F7:6B:D4:28,,,,,,10261,47,50,31,31,19,,,0,30,404,33,3,,,,3393936,1786524170191,3393949,1786524170204,,1786524170168,29,2026-08-12T08:42:51.2209263Z,140,,,oasis/bottle,,0,,,,,
,,,,,,,,,,,,,,,13,,,,,,,,,1,,,0,,,,,0,,,,,0,,,,,,,,,,,local.mqtt.telegraf,32,,31.72,,,,,,periodic,,23,,,,,6,5,08a6f76bd428,,,83248,43104,,6,731,,,,,,,,,,,,,732,,,,,08a6f76bd428-732,,,0,,,,,,,272,732,08:A6:F7:6B:D4:28,,,,,,11361,47,50,31,31,19,,,0,30,404,33,3,,,,3395036,1786524171291,3395049,1786524171304,,1786524171268,29,2026-08-12T08:42:52.3139003Z,140,,,oasis/bottle,,0,,,,,
,,,,,,,,,,,,,,,13,,,,,,,,,1,,,0,,,,,0,,,,,0,,,,,,,,,,,local.mqtt.telegraf,32,,31.67,,,,,,periodic,,23,,,,,6,5,08a6f76bd428,,,75552,43104,,6,732,,,,,,,,,,,,,733,,,,,08a6f76bd428-733,,,0,,,,,,,272,733,08:A6:F7:6B:D4:28,,,,,,12361,47,50,31,31,19,,,0,30,404,33,3,,,,3396036,1786524172291,3396049,1786524172304,,1786524172268,29,2026-08-12T08:42:53.3286145Z,140,,,oasis/bottle,,0,,,,,
,,,,,,,,,,,,,,,13,,,,,,,,,1,,,0,,,,,0,,,,,0,,,,,,,,,,,local.mqtt.telegraf,32,,31.59,,,,,,periodic,,20,,,,,5,5,08a6f76bd428,,,65312,43104,,6,733,,,,,,,,,,,,,734,,,,,08a6f76bd428-734,,,0,,,,,,,273,734,08:A6:F7:6B:D4:28,,,,,,13753,47,50,31,31,19,,,0,30,404,33,3,,,,3397426,1786524173681,3397439,1786524173694,,1786524173661,29,2026-08-12T08:42:54.707901Z,140,,,oasis/bottle,,0,,,,,
,,,,,,,,,,,,,,,13,,,,,,,,,1,,,0,,,,,0,,,,,0,,,,,,,,,,,local.mqtt.telegraf,32,,31.68,,,,,,periodic,,23,,,,,6,5,08a6f76bd428,,,54208,43104,,6,734,,,,,,,,,,,,,735,,,,,08a6f76bd428-735,,,0,,,,,,,272,735,08:A6:F7:6B:D4:28,,,,,,15341,47,50,31,31,19,,,0,30,404,33,3,,,,3399016,1786524175271,3399029,1786524175284,,1786524175248,29,2026-08-12T08:42:56.2982127Z,140,,,oasis/bottle,,0,,,,,
,,,,,,,,,,,,,,,13,,,,,,,,,1,,,0,,,,,0,,,,,0,,,,,,,,,,,local.mqtt.telegraf,32,,31.59,,,,,,periodic,,33,,,,,6,5,08a6f76bd428,,,44544,43104,,6,735,,,,,,,,,,,,,736,,,,,08a6f76bd428-736,,,0,,,,,,,272,736,08:A6:F7:6B:D4:28,,,,,,16711,47,50,31,31,19,,,0,30,404,33,3,,,,3400396,1786524176651,3400409,1786524176664,,1786524176618,29,2026-08-12T08:42:57.6836701Z,140,,,oasis/bottle,,0,,,,,
,,,,,,,,,,,,,,,13,,,,,,,,,1,,,0,,,,,0,,,,,0,,,,,,,,,,,local.mqtt.telegraf,32,,31.63,,,,,,periodic,,23,,,,,6,5,08a6f76bd428,,,112848,43104,,6,736,,,,,,,,,,,,,737,,,,,08a6f76bd428-737,,,0,,,,,,,272,737,08:A6:F7:6B:D4:28,,,,,,18261,47,50,31,31,19,,,0,30,404,33,3,,,,3401936,1786524178191,3401949,1786524178204,,1786524178168,29,2026-08-12T08:42:59.2202549Z,140,,,oasis/bottle,,0,,,,,
,,,,,,,,,,,,,,,13,,,,,,,,,1,,,0,,,,,0,,,,,0,,,,,,,,,,,local.mqtt.telegraf,32,,31.6,,,,,,periodic,,20,,,,,5,5,08a6f76bd428,,,103264,43104,,6,737,,,,,,,,,,,,,738,,,,,08a6f76bd428-738,,,0,,,,,,,273,738,08:A6:F7:6B:D4:28,,,,,,19543,47,50,31,31,19,,,0,30,404,33,3,,,,3403216,1786524179471,3403229,1786524179484,,1786524179451,29,2026-08-12T08:43:00.5004047Z,140,,,oasis/bottle,,0,,,,,
,,,,,,,,,,,,,,,13,,,,,,,,,1,,,0,,,,,0,,,,,0,,,,,,,,,,,local.mqtt.telegraf,32,,31.66,,,,,,periodic,,21,,,,,6,5,08a6f76bd428,,,82112,43104,,6,738,,,,,,,,,,,,,739,,,,,08a6f76bd428-739,,,0,,,,,,,273,739,08:A6:F7:6B:D4:28,,,,,,662,48,31,29,29,2,,,0,29,383,31,3,,,,3404585,1786524180840,3404598,1786524180853,,1786524180819,29,2026-08-12T08:43:01.8641359Z,142,,,oasis/bottle,,0,,,,,
,,,,,,,,,,,,,,,13,,,,,,,,,1,,,0,,,,,0,,,,,0,,,,,,,,,,,local.mqtt.telegraf,32,,31.66,,,,,,periodic,,24,,,,,6,5,08a6f76bd428,,,71136,43104,,6,739,,,,,,,,,,,,,740,,,,,08a6f76bd428-740,,,0,,,,,,,272,740,08:A6:F7:6B:D4:28,,,,,,2201,48,31,29,29,2,,,0,29,383,31,3,,,,3406126,1786524182381,3406139,1786524182394,,1786524182357,29,2026-08-12T08:43:03.4033886Z,142,,,oasis/bottle,,0,,,,,
,,,,,,,,,,,,,,,13,,,,,,,,,1,,,0,,,,,0,,,,,0,,,,,,,,,,,local.mqtt.telegraf,32,,31.6,,,,,,periodic,,24,,,,,6,5,08a6f76bd428,,,62128,43104,,6,740,,,,,,,,,,,,,741,,,,,08a6f76bd428-741,,,0,,,,,,,272,741,08:A6:F7:6B:D4:28,,,,,,3471,48,31,29,29,2,,,0,29,383,31,3,,,,3407396,1786524183651,3407409,1786524183664,,1786524183627,29,2026-08-12T08:43:04.6842988Z,142,,,oasis/bottle,,0,,,,,
,,,,,,,,,,,,,,,13,,,,,,,,,1,,,0,,,,,0,,,,,0,,,,,,,,,,,local.mqtt.telegraf,32,,31.59,,,,,,periodic,,24,,,,,6,5,08a6f76bd428,,,52464,43104,,6,741,,,,,,,,,,,,,742,,,,,08a6f76bd428-742,,,0,,,,,,,272,742,08:A6:F7:6B:D4:28,,,,,,4811,48,31,29,29,2,,,0,29,383,31,3,,,,3408736,1786524184991,3408749,1786524185004,,1786524184967,29,2026-08-12T08:43:06.0242078Z,142,,,oasis/bottle,,0,,,,,
,,,,,,,,,,,,,,,13,,,,,,,,,1,,,0,,,,,0,,,,,0,,,,,,,,,,,local.mqtt.telegraf,32,,31.63,,,,,,periodic,,24,,,,,6,5,08a6f76bd428,,,122048,43104,,9,742,,,,,,,,,,,,,743,,,,,08a6f76bd428-743,,,0,,,,,,,272,743,08:A6:F7:6B:D4:28,,,,,,6291,48,31,29,29,2,,,0,29,383,31,3,,,,3410216,1786524186471,3410229,1786524186484,,1786524186447,29,2026-08-12T08:43:07.5009318Z,142,,,oasis/bottle,,0,,,,,
,,,,,,,,,,,,,,,13,,,,,,,,,1,,,0,,,,,0,,,,,0,,,,,,,,,,,local.mqtt.telegraf,32,,31.71,,,,,,periodic,,24,,,,,6,5,08a6f76bd428,,,113696,43104,,5,743,,,,,,,,,,,,,744,,,,,08a6f76bd428-744,,,0,,,,,,,272,744,08:A6:F7:6B:D4:28,,,,,,7441,48,31,29,29,2,,,0,29,383,31,3,,,,3411366,1786524187621,3411379,1786524187634,,1786524187597,29,2026-08-12T08:43:08.6683847Z,142,,,oasis/bottle,,0,,,,,
,,,,,,,,,,,,,,,13,,,,,,,,,1,,,0,,,,,0,,,,,0,,,,,,,,,,,local.mqtt.telegraf,32,,31.62,,,,,,periodic,,24,,,,,6,5,08a6f76bd428,,,105344,43104,,6,744,,,,,,,,,,,,,745,,,,,08a6f76bd428-745,,,0,,,,,,,272,745,08:A6:F7:6B:D4:28,,,,,,8541,48,31,29,29,2,,,0,29,383,31,3,,,,3412466,1786524188721,3412479,1786524188734,,1786524188697,29,2026-08-12T08:43:09.7416119Z,142,,,oasis/bottle,,0,,,,,
,,,,,,,,,,,,,,,13,,,,,,,,,1,,,0,,,,,0,,,,,0,,,,,,,,,,,local.mqtt.telegraf,32,,31.54,,,,,,periodic,,24,,,,,6,5,08a6f76bd428,,,97648,43104,,8,745,,,,,,,,,,,,,746,,,,,08a6f76bd428-746,,,0,,,,,,,272,746,08:A6:F7:6B:D4:28,,,,,,9541,48,31,29,29,2,,,0,29,383,31,3,,,,3413466,1786524189721,3413479,1786524189734,,1786524189697,29,2026-08-12T08:43:10.7476252Z,142,,,oasis/bottle,,0,,,,,
,,,,,,,,,,,,,,,13,,,,,,,,,1,,,0,,,,,0,,,,,0,,,,,,,,,,,local.mqtt.telegraf,32,,31.6,,,,,,periodic,,20,,,,,5,5,08a6f76bd428,,,87328,43104,,6,746,,,,,,,,,,,,,747,,,,,08a6f76bd428-747,,,0,,,,,,,273,747,08:A6:F7:6B:D4:28,,,,,,10934,48,31,29,29,2,,,0,29,383,31,3,,,,3414856,1786524191111,3414869,1786524191124,,1786524191091,29,2026-08-12T08:43:12.1351258Z,142,,,oasis/bottle,,0,,,,,
,,,,,,,,,,,,,,,13,,,,,,,,,1,,,0,,,,,0,,,,,0,,,,,,,,,,,local.mqtt.telegraf,32,,31.72,,,,,,periodic,,24,,,,,6,5,08a6f76bd428,,,76352,43104,,6,747,,,,,,,,,,,,,748,,,,,08a6f76bd428-748,,,0,,,,,,,272,748,08:A6:F7:6B:D4:28,,,,,,12521,48,31,29,29,2,,,0,29,383,31,3,,,,3416446,1786524192701,3416459,1786524192714,,1786524192677,29,2026-08-12T08:43:13.7425283Z,142,,,oasis/bottle,,0,,,,,
,,,,,,,,,,,,,,,14,,,,,,,,,1,,,0,,,,,0,,,,,0,,,,,,,,,,,local.mqtt.telegraf,32,,31.64,,,,,,periodic,,24,,,,,6,5,08a6f76bd428,,,66688,43104,,6,748,,,,,,,,,,,,,749,,,,,08a6f76bd428-749,,,0,,,,,,,272,749,08:A6:F7:6B:D4:28,,,,,,13891,48,31,29,29,2,,,0,29,383,31,3,,,,3417816,1786524194071,3417830,1786524194085,,1786524194047,29,2026-08-12T08:43:15.100383Z,142,,,oasis/bottle,,0,,,,,
,,,,,,,,,,,,,,,13,,,,,,,,,1,,,0,,,,,0,,,,,0,,,,,,,,,,,local.mqtt.telegraf,32,,31.72,,,,,,periodic,,24,,,,,6,5,08a6f76bd428,,,55712,43104,,6,749,,,,,,,,,,,,,750,,,,,08a6f76bd428-750,,,0,,,,,,,272,750,08:A6:F7:6B:D4:28,,,,,,15431,48,31,29,29,2,,,0,29,383,31,3,,,,3419356,1786524195611,3419369,1786524195624,,1786524195587,29,2026-08-12T08:43:16.6428858Z,142,,,oasis/bottle,,0,,,,,
,,,,,,,,,,,,,,,13,,,,,,,,,1,,,0,,,,,0,,,,,0,,,,,,,,,,,local.mqtt.telegraf,32,,31.59,,,,,,periodic,,34,,,,,6,5,08a6f76bd428,,,45216,43104,,6,750,,,,,,,,,,,,,751,,,,,08a6f76bd428-751,,,0,,,,,,,272,751,08:A6:F7:6B:D4:28,,,,,,16751,48,31,29,29,2,,,0,29,383,31,3,,,,3420686,1786524196941,3420699,1786524196954,,1786524196907,29,2026-08-12T08:43:17.9674637Z,142,,,oasis/bottle,,0,,,,,
,,,,,,,,,,,,,,,13,,,,,,,,,1,,,0,,,,,0,,,,,0,,,,,,,,,,,local.mqtt.telegraf,32,,31.6,,,,,,periodic,,24,,,,,6,5,08a6f76bd428,,,114224,43104,,5,751,,,,,,,,,,,,,752,,,,,08a6f76bd428-752,,,0,,,,,,,272,752,08:A6:F7:6B:D4:28,,,,,,18161,48,31,29,29,2,,,0,29,383,31,3,,,,3422086,1786524198341,3422099,1786524198354,,1786524198317,29,2026-08-12T08:43:19.3686181Z,142,,,oasis/bottle,,0,,,,,
,,,,,,,,,,,,,,,13,,,,,,,,,1,,,0,,,,,0,,,,,0,,,,,,,,,,,local.mqtt.telegraf,32,,31.78,,,,,,periodic,,24,,,,,6,5,08a6f76bd428,,,106528,43104,,6,752,,,,,,,,,,,,,753,,,,,08a6f76bd428-753,,,0,,,,,,,272,753,08:A6:F7:6B:D4:28,,,,,,19161,48,31,29,29,2,,,0,29,383,31,3,,,,3423086,1786524199341,3423099,1786524199354,,1786524199317,29,2026-08-12T08:43:20.3657633Z,142,,,oasis/bottle,,0,,,,,
,,,,,,,,,,,,,,,13,,,,,,,,,1,,,0,,,,,0,,,,,0,,,,,,,,,,,local.mqtt.telegraf,32,,31.75,,,,,,periodic,,24,,,,,6,5,08a6f76bd428,,,96208,43104,,6,753,,,,,,,,,,,,,754,,,,,08a6f76bd428-754,,,0,,,,,,,272,754,08:A6:F7:6B:D4:28,,,,,,20561,48,31,29,29,2,,,0,29,383,31,3,,,,3424486,1786524200741,3424499,1786524200754,,1786524200717,29,2026-08-12T08:43:21.7750433Z,142,,,oasis/bottle,,0,,,,,
,,,,,,,,,,,,,,,13,,,,,,,,,1,,,0,,,,,0,,,,,0,,,,,,,,,,,local.mqtt.telegraf,32,,31.82,,,,,,periodic,,21,,,,,5,5,08a6f76bd428,,,77808,43104,,6,754,,,,,,,,,,,,,755,,,,,08a6f76bd428-755,,,0,,,,,,,272,755,08:A6:F7:6B:D4:28,,,,,,591,49,50,30,30,20,,,0,30,404,33,3,,,,3425485,1786524201740,3425498,1786524201753,,1786524201719,29,2026-08-12T08:43:22.766683Z,147,,,oasis/bottle,,0,,,,,
,,,,,,,,,,,,,,,13,,,,,,,,,1,,,0,,,,,0,,,,,0,,,,,,,,,,,local.mqtt.telegraf,32,,31.66,,,,,,periodic,,23,,,,,6,5,08a6f76bd428,,,67488,43104,,7,755,,,,,,,,,,,,,756,,,,,08a6f76bd428-756,,,0,,,,,,,272,756,08:A6:F7:6B:D4:28,,,,,,1991,49,50,30,30,20,,,0,30,404,33,3,,,,3426886,1786524203141,3426899,1786524203154,,1786524203118,29,2026-08-12T08:43:24.1627886Z,147,,,oasis/bottle,,0,,,,,
,,,,,,,,,,,,,,,13,,,,,,,,,1,,,0,,,,,0,,,,,0,,,,,,,,,,,local.mqtt.telegraf,32,,31.52,,,,,,periodic,,23,,,,,6,5,08a6f76bd428,,,59792,43104,,6,756,,,,,,,,,,,,,757,,,,,08a6f76bd428-757,,,0,,,,,,,272,757,08:A6:F7:6B:D4:28,,,,,,2981,49,50,30,30,20,,,0,30,404,33,3,,,,3427876,1786524204131,3427889,1786524204144,,1786524204108,29,2026-08-12T08:43:25.1512913Z,147,,,oasis/bottle,,0,,,,,
,,,,,,,,,,,,,,,13,,,,,,,,,1,,,0,,,,,0,,,,,0,,,,,,,,,,,local.mqtt.telegraf,32,,31.71,,,,,,periodic,,23,,,,,6,5,08a6f76bd428,,,50128,43104,,6,757,,,,,,,,,,,,,758,,,,,08a6f76bd428-758,,,0,,,,,,,272,758,08:A6:F7:6B:D4:28,,,,,,4361,49,50,30,30,20,,,0,30,404,33,3,,,,3429256,1786524205511,3429269,1786524205524,,1786524205488,29,2026-08-12T08:43:26.5459832Z,147,,,oasis/bottle,,0,,,,,
,,,,,,,,,,,,,,,13,,,,,,,,,1,,,0,,,,,0,,,,,0,,,,,,,,,,,local.mqtt.telegraf,32,,31.79,,,,,,periodic,,23,,,,,6,5,08a6f76bd428,,,119232,43104,,6,758,,,,,,,,,,,,,759,,,,,08a6f76bd428-759,,,0,,,,,,,272,759,08:A6:F7:6B:D4:28,,,,,,5921,49,50,30,30,20,,,0,30,404,33,3,,,,3430816,1786524207071,3430829,1786524207084,,1786524207048,29,2026-08-12T08:43:28.1223575Z,147,,,oasis/bottle,,0,,,,,
,,,,,,,,,,,,,,,13,,,,,,,,,1,,,0,,,,,0,,,,,0,,,,,,,,,,,local.mqtt.telegraf,32,,31.66,,,,,,periodic,,23,,,,,6,5,08a6f76bd428,,,109568,43104,,7,759,,,,,,,,,,,,,760,,,,,08a6f76bd428-760,,,0,,,,,,,272,760,08:A6:F7:6B:D4:28,,,,,,7241,49,50,30,30,20,,,0,30,404,33,3,,,,3432136,1786524208391,3432149,1786524208404,,1786524208368,29,2026-08-12T08:43:29.408992Z,147,,,oasis/bottle,,0,,,,,
,,,,,,,,,,,,,,,13,,,,,,,,,1,,,0,,,,,0,,,,,0,,,,,,,,,,,local.mqtt.telegraf,32,,31.64,,,,,,periodic,,23,,,,,6,5,08a6f76bd428,,,99248,43104,,6,760,,,,,,,,,,,,,761,,,,,08a6f76bd428-761,,,0,,,,,,,272,761,08:A6:F7:6B:D4:28,,,,,,8681,49,50,30,30,20,,,0,30,404,33,3,,,,3433576,1786524209831,3433589,1786524209844,,1786524209808,29,2026-08-12T08:43:30.8694588Z,147,,,oasis/bottle,,0,,,,,
,,,,,,,,,,,,,,,13,,,,,,,,,1,,,0,,,,,0,,,,,0,,,,,,,,,,,local.mqtt.telegraf,32,,31.59,,,,,,periodic,,23,,,,,6,5,08a6f76bd428,,,90896,43104,,6,761,,,,,,,,,,,,,762,,,,,08a6f76bd428-762,,,0,,,,,,,272,762,08:A6:F7:6B:D4:28,,,,,,9751,49,50,30,30,20,,,0,30,404,33,3,,,,3434646,1786524210901,3434659,1786524210914,,1786524210878,29,2026-08-12T08:43:31.9356575Z,147,,,oasis/bottle,,0,,,,,
,,,,,,,,,,,,,,,13,,,,,,,,,1,,,0,,,,,0,,,,,0,,,,,,,,,,,local.mqtt.telegraf,32,,31.63,,,,,,periodic,,23,,,,,6,5,08a6f76bd428,,,79920,43104,,6,762,,,,,,,,,,,,,763,,,,,08a6f76bd428-763,,,0,,,,,,,272,763,08:A6:F7:6B:D4:28,,,,,,11291,49,50,30,30,20,,,0,30,404,33,3,,,,3436186,1786524212441,3436199,1786524212454,,1786524212418,29,2026-08-12T08:43:33.4715393Z,147,,,oasis/bottle,,0,,,,,
,,,,,,,,,,,,,,,13,,,,,,,,,1,,,0,,,,,0,,,,,0,,,,,,,,,,,local.mqtt.telegraf,32,,31.62,,,,,,periodic,,22,,,,,5,5,08a6f76bd428,,,70880,43104,,7,763,,,,,,,,,,,,,764,,,,,08a6f76bd428-764,,,0,,,,,,,273,764,08:A6:F7:6B:D4:28,,,,,,12571,49,50,30,30,20,,,0,30,404,33,3,,,,3437466,1786524213721,3437479,1786524213734,,1786524213699,29,2026-08-12T08:43:34.7565372Z,147,,,oasis/bottle,,0,,,,,
,,,,,,,,,,,,,,,13,,,,,,,,,1,,,0,,,,,0,,,,,0,,,,,,,,,,,local.mqtt.telegraf,32,,31.66,,,,,,periodic,,23,,,,,6,5,08a6f76bd428,,,61200,43104,,5,764,,,,,,,,,,,,,765,,,,,08a6f76bd428-765,,,0,,,,,,,272,765,08:A6:F7:6B:D4:28,,,,,,13931,49,50,30,30,20,,,0,30,404,33,3,,,,3438826,1786524215081,3438839,1786524215094,,1786524215058,29,2026-08-12T08:43:36.106111Z,147,,,oasis/bottle,,0,,,,,
,,,,,,,,,,,,,,,13,,,,,,,,,1,,,0,,,,,0,,,,,0,,,,,,,,,,,local.mqtt.telegraf,32,,31.63,,,,,,periodic,,23,,,,,6,5,08a6f76bd428,,,50224,43104,,7,765,,,,,,,,,,,,,766,,,,,08a6f76bd428-766,,,0,,,,,,,272,766,08:A6:F7:6B:D4:28,,,,,,15451,49,50,30,30,20,,,0,30,404,33,3,,,,3440346,1786524216601,3440359,1786524216614,,1786524216578,29,2026-08-12T08:43:37.6256323Z,147,,,oasis/bottle,,0,,,,,
,,,,,,,,,,,,,,,13,,,,,,,,,1,,,0,,,,,0,,,,,0,,,,,,,,,,,local.mqtt.telegraf,32,,31.6,,,,,,periodic,,23,,,,,6,5,08a6f76bd428,,,121200,43104,,6,766,,,,,,,,,,,,,767,,,,,08a6f76bd428-767,,,0,,,,,,,272,767,08:A6:F7:6B:D4:28,,,,,,16681,49,50,30,30,20,,,0,30,404,33,3,,,,3441576,1786524217831,3441589,1786524217844,,1786524217808,29,2026-08-12T08:43:38.8562038Z,147,,,oasis/bottle,,0,,,,,
,,,,,,,,,,,,,,,13,,,,,,,,,1,,,0,,,,,0,,,,,0,,,,,,,,,,,local.mqtt.telegraf,32,,31.6,,,,,,periodic,,23,,,,,6,5,08a6f76bd428,,,112192,43104,,6,767,,,,,,,,,,,,,768,,,,,08a6f76bd428-768,,,0,,,,,,,272,768,08:A6:F7:6B:D4:28,,,,,,17941,49,50,30,30,20,,,0,30,404,33,3,,,,3442836,1786524219091,3442849,1786524219104,,1786524219068,29,2026-08-12T08:43:40.1282745Z,147,,,oasis/bottle,,0,,,,,
,,,,,,,,,,,,,,,13,,,,,,,,,1,,,0,,,,,0,,,,,0,,,,,,,,,,,local.mqtt.telegraf,32,,31.66,,,,,,periodic,,23,,,,,6,5,08a6f76bd428,,,102528,43104,,6,768,,,,,,,,,,,,,769,,,,,08a6f76bd428-769,,,0,,,,,,,272,769,08:A6:F7:6B:D4:28,,,,,,19261,49,50,30,30,20,,,0,30,404,33,3,,,,3444156,1786524220411,3444169,1786524220424,,1786524220388,29,2026-08-12T08:43:41.4484828Z,147,,,oasis/bottle,,0,,,,,
,,,,,,,,,,,,,,,13,,,,,,,,,1,,,0,,,,,0,,,,,0,,,,,,,,,,,local.mqtt.telegraf,32,,31.75,,,,,,periodic,,21,,,,,5,5,08a6f76bd428,,,80848,43104,,6,769,,,,,,,,,,,,,770,,,,,08a6f76bd428-770,,,0,,,,,,,273,770,08:A6:F7:6B:D4:28,,,,,,672,50,32,29,29,3,,,0,29,394,31,3,,,,3445645,1786524221900,3445658,1786524221913,,1786524221879,29,2026-08-12T08:43:42.9279703Z,148,,,oasis/bottle,,0,,,,,
,,,,,,,,,,,,,,,13,,,,,,,,,1,,,0,,,,,0,,,,,0,,,,,,,,,,,local.mqtt.telegraf,32,,31.72,,,,,,periodic,,24,,,,,6,5,08a6f76bd428,,,72496,43104,,5,770,,,,,,,,,,,,,771,,,,,08a6f76bd428-771,,,0,,,,,,,272,771,08:A6:F7:6B:D4:28,,,,,,1801,50,32,29,29,3,,,0,29,394,31,3,,,,3446776,1786524223031,3446789,1786524223044,,1786524223007,29,2026-08-12T08:43:44.0695497Z,148,,,oasis/bottle,,0,,,,,
,,,,,,,,,,,,,,,14,,,,,,,,,1,,,0,,,,,0,,,,,0,,,,,,,,,,,local.mqtt.telegraf,32,,31.78,,,,,,periodic,,24,,,,,6,5,08a6f76bd428,,,64800,43104,,6,771,,,,,,,,,,,,,772,,,,,08a6f76bd428-772,,,0,,,,,,,272,772,08:A6:F7:6B:D4:28,,,,,,2851,50,32,29,29,3,,,0,29,394,31,3,,,,3447826,1786524224081,3447840,1786524224095,,1786524224057,29,2026-08-12T08:43:45.105032Z,148,,,oasis/bottle,,0,,,,,
,,,,,,,,,,,,,,,13,,,,,,,,,1,,,0,,,,,0,,,,,0,,,,,,,,,,,local.mqtt.telegraf,32,,31.59,,,,,,periodic,,23,,,,,5,5,08a6f76bd428,,,54448,43104,,6,772,,,,,,,,,,,,,773,,,,,08a6f76bd428-773,,,0,,,,,,,273,773,08:A6:F7:6B:D4:28,,,,,,4351,50,32,29,29,3,,,0,29,394,31,3,,,,3449326,1786524225581,3449339,1786524225594,,1786524225558,29,2026-08-12T08:43:46.6143656Z,148,,,oasis/bottle,,0,,,,,
,,,,,,,,,,,,,,,13,,,,,,,,,1,,,0,,,,,0,,,,,0,,,,,,,,,,,local.mqtt.telegraf,32,,31.63,,,,,,periodic,,34,,,,,6,5,08a6f76bd428,,,45424,43104,,5,773,,,,,,,,,,,,,774,,,,,08a6f76bd428-774,,,0,,,,,,,272,774,08:A6:F7:6B:D4:28,,,,,,5551,50,32,29,29,3,,,0,29,394,31,3,,,,3450536,1786524226791,3450549,1786524226804,,1786524226757,29,2026-08-12T08:43:47.8282992Z,148,,,oasis/bottle,,0,,,,,
,,,,,,,,,,,,,,,13,,,,,,,,,1,,,0,,,,,0,,,,,0,,,,,,,,,,,local.mqtt.telegraf,32,,31.66,,,,,,periodic,,24,,,,,6,5,08a6f76bd428,,,115648,43104,,9,774,,,,,,,,,,,,,775,,,,,08a6f76bd428-775,,,0,,,,,,,272,775,08:A6:F7:6B:D4:28,,,,,,6761,50,32,29,29,3,,,0,29,394,31,3,,,,3451736,1786524227991,3451749,1786524228004,,1786524227967,29,2026-08-12T08:43:49.0281816Z,148,,,oasis/bottle,,0,,,,,
,,,,,,,,,,,,,,,13,,,,,,,,,1,,,0,,,,,0,,,,,0,,,,,,,,,,,local.mqtt.telegraf,32,,31.68,,,,,,periodic,,24,,,,,6,5,08a6f76bd428,,,106640,43104,,6,775,,,,,,,,,,,,,776,,,,,08a6f76bd428-776,,,0,,,,,,,272,776,08:A6:F7:6B:D4:28,,,,,,7961,50,32,29,29,3,,,0,29,394,31,3,,,,3452936,1786524229191,3452949,1786524229204,,1786524229167,29,2026-08-12T08:43:50.2252225Z,148,,,oasis/bottle,,0,,,,,
,,,,,,,,,,,,,,,13,,,,,,,,,1,,,0,,,,,0,,,,,0,,,,,,,,,,,local.mqtt.telegraf,32,,31.71,,,,,,periodic,,24,,,,,6,5,08a6f76bd428,,,97632,43104,,6,776,,,,,,,,,,,,,777,,,,,08a6f76bd428-777,,,0,,,,,,,272,777,08:A6:F7:6B:D4:28,,,,,,9161,50,32,29,29,3,,,0,29,394,31,3,,,,3454136,1786524230391,3454149,1786524230404,,1786524230367,29,2026-08-12T08:43:51.4222036Z,148,,,oasis/bottle,,0,,,,,
,,,,,,,,,,,,,,,13,,,,,,,,,1,,,0,,,,,0,,,,,0,,,,,,,,,,,local.mqtt.telegraf,32,,31.62,,,,,,periodic,,24,,,,,6,5,08a6f76bd428,,,88624,43104,,6,777,,,,,,,,,,,,,778,,,,,08a6f76bd428-778,,,0,,,,,,,272,778,08:A6:F7:6B:D4:28,,,,,,10361,50,32,29,29,3,,,0,29,394,31,3,,,,3455336,1786524231591,3455349,1786524231604,,1786524231567,29,2026-08-12T08:43:52.6190993Z,148,,,oasis/bottle,,0,,,,,
,,,,,,,,,,,,,,,13,,,,,,,,,1,,,0,,,,,0,,,,,0,,,,,,,,,,,local.mqtt.telegraf,32,,31.67,,,,,,periodic,,24,,,,,6,5,08a6f76bd428,,,79616,43104,,8,778,,,,,,,,,,,,,779,,,,,08a6f76bd428-779,,,0,,,,,,,272,779,08:A6:F7:6B:D4:28,,,,,,11561,50,32,29,29,3,,,0,29,394,31,3,,,,3456536,1786524232791,3456549,1786524232804,,1786524232767,29,2026-08-12T08:43:53.8120554Z,148,,,oasis/bottle,,0,,,,,
,,,,,,,,,,,,,,,13,,,,,,,,,1,,,0,,,,,0,,,,,0,,,,,,,,,,,local.mqtt.telegraf,32,,31.72,,,,,,periodic,,24,,,,,6,5,08a6f76bd428,,,70608,43104,,6,779,,,,,,,,,,,,,780,,,,,08a6f76bd428-780,,,0,,,,,,,272,780,08:A6:F7:6B:D4:28,,,,,,12761,50,32,29,29,3,,,0,29,394,31,3,,,,3457736,1786524233991,3457749,1786524234004,,1786524233967,29,2026-08-12T08:43:55.0217225Z,148,,,oasis/bottle,,0,,,,,
,,,,,,,,,,,,,,,13,,,,,,,,,1,,,0,,,,,0,,,,,0,,,,,,,,,,,local.mqtt.telegraf,32,,31.67,,,,,,periodic,,24,,,,,6,5,08a6f76bd428,,,60768,43104,,6,780,,,,,,,,,,,,,781,,,,,08a6f76bd428-781,,,0,,,,,,,272,781,08:A6:F7:6B:D4:28,,,,,,14001,50,32,29,29,3,,,0,29,394,31,3,,,,3458976,1786524235231,3458989,1786524235244,,1786524235207,29,2026-08-12T08:43:56.2567457Z,148,,,oasis/bottle,,0,,,,,
,,,,,,,,,,,,,,,13,,,,,,,,,1,,,0,,,,,0,,,,,0,,,,,,,,,,,local.mqtt.telegraf,32,,31.71,,,,,,periodic,,24,,,,,6,5,08a6f76bd428,,,51760,43104,,6,781,,,,,,,,,,,,,782,,,,,08a6f76bd428-782,,,0,,,,,,,272,782,08:A6:F7:6B:D4:28,,,,,,15231,50,32,29,29,3,,,0,29,394,31,3,,,,3460206,1786524236461,3460219,1786524236474,,1786524236437,29,2026-08-12T08:43:57.4990985Z,148,,,oasis/bottle,,0,,,,,
,,,,,,,,,,,,,,,13,,,,,,,,,1,,,0,,,,,0,,,,,0,,,,,,,,,,,local.mqtt.telegraf,32,,31.68,,,,,,periodic,,24,,,,,6,5,08a6f76bd428,,,122432,43104,,6,782,,,,,,,,,,,,,783,,,,,08a6f76bd428-783,,,0,,,,,,,272,783,08:A6:F7:6B:D4:28,,,,,,16491,50,32,29,29,3,,,0,29,394,31,3,,,,3461466,1786524237721,3461479,1786524237734,,1786524237697,29,2026-08-12T08:43:58.7662987Z,148,,,oasis/bottle,,0,,,,,
,,,,,,,,,,,,,,,13,,,,,,,,,1,,,0,,,,,0,,,,,0,,,,,,,,,,,local.mqtt.telegraf,32,,31.76,,,,,,periodic,,24,,,,,6,5,08a6f76bd428,,,112768,43104,,5,783,,,,,,,,,,,,,784,,,,,08a6f76bd428-784,,,0,,,,,,,272,784,08:A6:F7:6B:D4:28,,,,,,17811,50,32,29,29,3,,,0,29,394,31,3,,,,3462786,1786524239041,3462799,1786524239054,,1786524239017,29,2026-08-12T08:44:00.0744974Z,148,,,oasis/bottle,,0,,,,,
,,,,,,,,,,,,,,,13,,,,,,,,,1,,,0,,,,,0,,,,,0,,,,,,,,,,,local.mqtt.telegraf,32,,31.67,,,,,,periodic,,24,,,,,6,5,08a6f76bd428,,,102448,43104,,8,784,,,,,,,,,,,,,785,,,,,08a6f76bd428-785,,,0,,,,,,,272,785,08:A6:F7:6B:D4:28,,,,,,19251,50,32,29,29,3,,,0,29,394,31,3,,,,3464226,1786524240481,3464239,1786524240494,,1786524240457,29,2026-08-12T08:44:01.5067434Z,148,,,oasis/bottle,,0,,,,,
,,,,,,,,,,,,,,,13,,,,,,,,,1,,,0,,,,,0,,,,,0,,,,,,,,,,,local.mqtt.telegraf,32,,31.7,,,,,,periodic,,24,,,,,6,5,08a6f76bd428,,,94096,43104,,6,785,,,,,,,,,,,,,786,,,,,08a6f76bd428-786,,,0,,,,,,,272,786,08:A6:F7:6B:D4:28,,,,,,20321,50,32,29,29,3,,,0,29,394,31,3,,,,3465296,1786524241551,3465309,1786524241564,,1786524241527,29,2026-08-12T08:44:02.5945987Z,148,,,oasis/bottle,,0,,,,,
,,,,,,,,,,,,,,,13,,,,,,,,,1,,,0,,,,,0,,,,,0,,,,,,,,,,,local.mqtt.telegraf,32,,31.8,,,,,,periodic,,24,,,,,6,5,08a6f76bd428,,,72464,43104,,6,786,,,,,,,,,,,,,787,,,,,08a6f76bd428-787,,,0,,,,,,,272,787,08:A6:F7:6B:D4:28,,,,,,1431,51,31,29,29,2,,,0,29,384,31,3,,,,3466836,1786524243091,3466849,1786524243104,,1786524243067,29,2026-08-12T08:44:04.1313589Z,151,,,oasis/bottle,,0,,,,,
,,,,,,,,,,,,,,,13,,,,,,,,,1,,,0,,,,,0,,,,,0,,,,,,,,,,,local.mqtt.telegraf,32,,31.74,,,,,,periodic,,23,,,,,5,5,08a6f76bd428,,,63424,43104,,6,787,,,,,,,,,,,,,788,,,,,08a6f76bd428-788,,,0,,,,,,,273,788,08:A6:F7:6B:D4:28,,,,,,2711,51,31,29,29,2,,,0,29,384,31,3,,,,3468116,1786524244371,3468129,1786524244384,,1786524244348,29,2026-08-12T08:44:05.3998656Z,151,,,oasis/bottle,,0,,,,,
,,,,,,,,,,,,,,,13,,,,,,,,,1,,,0,,,,,0,,,,,0,,,,,,,,,,,local.mqtt.telegraf,32,,31.72,,,,,,periodic,,24,,,,,6,5,08a6f76bd428,,,53744,43104,,7,788,,,,,,,,,,,,,789,,,,,08a6f76bd428-789,,,0,,,,,,,272,789,08:A6:F7:6B:D4:28,,,,,,4071,51,31,29,29,2,,,0,29,384,31,3,,,,3469476,1786524245731,3469489,1786524245744,,1786524245707,29,2026-08-12T08:44:06.7640326Z,151,,,oasis/bottle,,0,,,,,
,,,,,,,,,,,,,,,13,,,,,,,,,1,,,0,,,,,0,,,,,0,,,,,,,,,,,local.mqtt.telegraf,32,,31.89,,,,,,periodic,,24,,,,,6,5,08a6f76bd428,,,122608,43104,,8,789,,,,,,,,,,,,,790,,,,,08a6f76bd428-790,,,0,,,,,,,272,790,08:A6:F7:6B:D4:28,,,,,,5591,51,31,29,29,2,,,0,29,384,31,3,,,,3470996,1786524247251,3471009,1786524247264,,1786524247227,29,2026-08-12T08:44:08.2896049Z,151,,,oasis/bottle,,0,,,,,
,,,,,,,,,,,,,,,13,,,,,,,,,1,,,0,,,,,0,,,,,0,,,,,,,,,,,local.mqtt.telegraf,32,,31.8,,,,,,periodic,,24,,,,,6,5,08a6f76bd428,,,113600,43104,,6,790,,,,,,,,,,,,,791,,,,,08a6f76bd428-791,,,0,,,,,,,272,791,08:A6:F7:6B:D4:28,,,,,,6831,51,31,29,29,2,,,0,29,384,31,3,,,,3472236,1786524248491,3472249,1786524248504,,1786524248467,28,2026-08-12T08:44:09.5171173Z,151,,,oasis/bottle,,0,,,,,
,,,,,,,,,,,,,,,13,,,,,,,,,1,,,0,,,,,0,,,,,0,,,,,,,,,,,local.mqtt.telegraf,32,,31.85,,,,,,periodic,,24,,,,,6,5,08a6f76bd428,,,104592,43104,,6,791,,,,,,,,,,,,,792,,,,,08a6f76bd428-792,,,0,,,,,,,272,792,08:A6:F7:6B:D4:28,,,,,,8101,51,31,29,29,2,,,0,29,384,31,3,,,,3473506,1786524249761,3473519,1786524249774,,1786524249737,29,2026-08-12T08:44:10.7884599Z,151,,,oasis/bottle,,0,,,,,
,,,,,,,,,,,,,,,13,,,,,,,,,1,,,0,,,,,0,,,,,0,,,,,,,,,,,local.mqtt.telegraf,32,,32.01,,,,,,periodic,,24,,,,,6,5,08a6f76bd428,,,94928,43104,,6,792,,,,,,,,,,,,,793,,,,,08a6f76bd428-793,,,0,,,,,,,272,793,08:A6:F7:6B:D4:28,,,,,,9441,51,31,29,29,2,,,0,29,384,31,3,,,,3474846,1786524251101,3474859,1786524251114,,1786524251077,29,2026-08-12T08:44:12.1302474Z,151,,,oasis/bottle,,0,,,,,
,,,,,,,,,,,,,,,13,,,,,,,,,1,,,0,,,,,0,,,,,0,,,,,,,,,,,local.mqtt.telegraf,32,,31.95,,,,,,periodic,,24,,,,,6,5,08a6f76bd428,,,84608,43104,,6,793,,,,,,,,,,,,,794,,,,,08a6f76bd428-794,,,0,,,,,,,272,794,08:A6:F7:6B:D4:28,,,,,,10921,51,31,29,29,2,,,0,29,384,31,3,,,,3476326,1786524252581,3476339,1786524252594,,1786524252557,29,2026-08-12T08:44:13.6109528Z,151,,,oasis/bottle,,0,,,,,
,,,,,,,,,,,,,,,13,,,,,,,,,1,,,0,,,,,0,,,,,0,,,,,,,,,,,local.mqtt.telegraf,32,,31.8,,,,,,periodic,,24,,,,,6,5,08a6f76bd428,,,76256,43104,,6,794,,,,,,,,,,,,,795,,,,,08a6f76bd428-795,,,0,,,,,,,272,795,08:A6:F7:6B:D4:28,,,,,,12071,51,31,29,29,2,,,0,29,384,31,3,,,,3477476,1786524253731,3477489,1786524253744,,1786524253707,29,2026-08-12T08:44:14.7621737Z,151,,,oasis/bottle,,0,,,,,
,,,,,,,,,,,,,,,13,,,,,,,,,1,,,0,,,,,0,,,,,0,,,,,,,,,,,local.mqtt.telegraf,32,,31.85,,,,,,periodic,,32,,,,,6,5,08a6f76bd428,,,67904,43104,,6,795,,,,,,,,,,,,,796,,,,,08a6f76bd428-796,,,0,,,,,,,272,796,08:A6:F7:6B:D4:28,,,,,,13171,51,31,29,29,2,,,0,29,384,31,3,,,,3478584,1786524254839,3478597,1786524254852,,1786524254807,29,2026-08-12T08:44:15.8629304Z,151,,,oasis/bottle,,0,,,,,
,,,,,,,,,,,,,,,13,,,,,,,,,1,,,0,,,,,0,,,,,0,,,,,,,,,,,local.mqtt.telegraf,32,,31.87,,,,,,periodic,,24,,,,,6,5,08a6f76bd428,,,60208,43104,,6,796,,,,,,,,,,,,,797,,,,,08a6f76bd428-797,,,0,,,,,,,272,797,08:A6:F7:6B:D4:28,,,,,,14171,51,31,29,29,2,,,0,29,384,31,3,,,,3479576,1786524255831,3479589,1786524255844,,1786524255807,29,2026-08-12T08:44:16.8567147Z,151,,,oasis/bottle,,0,,,,,
,,,,,,,,,,,,,,,13,,,,,,,,,1,,,0,,,,,0,,,,,0,,,,,,,,,,,local.mqtt.telegraf,32,,31.89,,,,,,periodic,,20,,,,,5,5,08a6f76bd428,,,49888,43104,,6,797,,,,,,,,,,,,,798,,,,,08a6f76bd428-798,,,0,,,,,,,273,798,08:A6:F7:6B:D4:28,,,,,,15564,51,31,29,29,2,,,0,29,384,31,3,,,,3480966,1786524257221,3480979,1786524257234,,1786524257201,29,2026-08-12T08:44:18.2542684Z,151,,,oasis/bottle,,0,,,,,
,,,,,,,,,,,,,,,13,,,,,,,,,1,,,0,,,,,0,,,,,0,,,,,,,,,,,local.mqtt.telegraf,32,,31.82,,,,,,periodic,,24,,,,,6,5,08a6f76bd428,,,118784,43104,,6,798,,,,,,,,,,,,,799,,,,,08a6f76bd428-799,,,0,,,,,,,272,799,08:A6:F7:6B:D4:28,,,,,,17151,51,31,29,29,2,,,0,29,384,31,3,,,,3482556,1786524258811,3482569,1786524258824,,1786524258787,29,2026-08-12T08:44:19.8583796Z,151,,,oasis/bottle,,0,,,,,
,,,,,,,,,,,,,,,17,,,,,,,,,1,,,0,,,,,0,,,,,0,,,,,,,,,,,local.mqtt.telegraf,32,,32.03,,,,,,periodic,,24,,,,,6,5,08a6f76bd428,,,109120,43104,,6,799,,,,,,,,,,,,,800,,,,,08a6f76bd428-800,,,0,,,,,,,272,800,08:A6:F7:6B:D4:28,,,,,,18521,51,31,29,29,2,,,0,29,384,31,3,,,,3483926,1786524260181,3483943,1786524260198,,1786524260157,29,2026-08-12T08:44:21.2233077Z,151,,,oasis/bottle,,0,,,,,
,,,,,,,,,,,,,,,13,,,,,,,,,1,,,0,,,,,0,,,,,0,,,,,,,,,,,local.mqtt.telegraf,32,,32.02,,,,,,periodic,,24,,,,,6,5,08a6f76bd428,,,98144,43104,,6,800,,,,,,,,,,,,,801,,,,,08a6f76bd428-801,,,0,,,,,,,272,801,08:A6:F7:6B:D4:28,,,,,,20061,51,31,29,29,2,,,0,29,384,31,3,,,,3485466,1786524261721,3485479,1786524261734,,1786524261697,29,2026-08-12T08:44:22.7520673Z,151,,,oasis/bottle,,0,,,,,
,,,,,,,,,,,,,,,13,,,,,,,,,1,,,0,,,,,0,,,,,0,,,,,,,,,,,local.mqtt.telegraf,32,,32.25,,,,,,periodic,,21,,,,,6,5,08a6f76bd428,,,77824,43104,,6,801,,,,,,,,,,,,,802,,,,,08a6f76bd428-802,,,0,,,,,,,272,802,08:A6:F7:6B:D4:28,,,,,,927,52,31,23,23,8,,,2,23,384,25,3,,,,3486746,1786524263001,3486759,1786524263014,,1786524262980,29,2026-08-12T08:44:24.0457564Z,154,,,oasis/bottle,,0,,,,,
,,,,,,,,,,,,,,,13,,,,,,,,,1,,,0,,,,,0,,,,,0,,,,,,,,,,,local.mqtt.telegraf,32,,32.45,,,,,,periodic,,21,,,,,6,5,08a6f76bd428,,,68160,43104,,6,802,,,,,,,,,,,,,803,,,,,08a6f76bd428-803,,,0,,,,,,,272,803,08:A6:F7:6B:D4:28,,,,,,2287,52,31,23,23,8,,,2,23,384,25,3,,,,3488106,1786524264361,3488119,1786524264374,,1786524264340,29,2026-08-12T08:44:25.3934543Z,154,,,oasis/bottle,,0,,,,,
,,,,,,,,,,,,,,,13,,,,,,,,,1,,,0,,,,,0,,,,,0,,,,,,,,,,,local.mqtt.telegraf,32,,32.88,,,,,,periodic,,21,,,,,6,5,08a6f76bd428,,,57184,43104,,6,803,,,,,,,,,,,,,804,,,,,08a6f76bd428-804,,,0,,,,,,,272,804,08:A6:F7:6B:D4:28,,,,,,3797,52,31,23,23,8,,,2,23,384,25,3,,,,3489616,1786524265871,3489629,1786524265884,,1786524265850,29,2026-08-12T08:44:26.9057657Z,154,,,oasis/bottle,,0,,,,,
,,,,,,,,,,,,,,,13,,,,,,,,,1,,,0,,,,,0,,,,,0,,,,,,,,,,,local.mqtt.telegraf,32,,33.46,,,,,,periodic,,21,,,,,6,5,08a6f76bd428,,,48176,43104,,7,804,,,,,,,,,,,,,805,,,,,08a6f76bd428-805,,,0,,,,,,,272,805,08:A6:F7:6B:D4:28,,,,,,5017,52,31,23,23,8,,,2,23,384,25,3,,,,3490836,1786524267091,3490849,1786524267104,,1786524267070,29,2026-08-12T08:44:28.1288729Z,154,,,oasis/bottle,,0,,,,,
,,,,,,,,,,,,,,,13,,,,,,,,,1,,,0,,,,,0,,,,,0,,,,,,,,,,,local.mqtt.telegraf,32,,33.74,,,,,,periodic,,21,,,,,6,5,08a6f76bd428,,,119232,43104,,6,805,,,,,,,,,,,,,806,,,,,08a6f76bd428-806,,,0,,,,,,,272,806,08:A6:F7:6B:D4:28,,,,,,6257,52,31,23,23,8,,,2,23,384,25,3,,,,3492076,1786524268331,3492089,1786524268344,,1786524268310,28,2026-08-12T08:44:29.3584116Z,154,,,oasis/bottle,,0,,,,,
,,,,,,,,,,,,,,,13,,,,,,,,,1,,,0,,,,,0,,,,,0,,,,,,,,,,,local.mqtt.telegraf,32,,34.25,,,,,,periodic,,20,,,,,5,5,08a6f76bd428,,,110192,43104,,7,806,,,,,,,,,,,,,807,,,,,08a6f76bd428-807,,,0,,,,,,,273,807,08:A6:F7:6B:D4:28,,,,,,7537,52,31,23,23,8,,,2,23,384,25,3,,,,3493356,1786524269611,3493369,1786524269624,,1786524269591,29,2026-08-12T08:44:30.6434499Z,154,,,oasis/bottle,,0,,,,,
,,,,,,,,,,,,,,,13,,,,,,,,,1,,,0,,,,,0,,,,,0,,,,,,,,,,,local.mqtt.telegraf,32,,34.72,,,,,,periodic,,21,,,,,6,5,08a6f76bd428,,,100512,43104,,5,807,,,,,,,,,,,,,808,,,,,08a6f76bd428-808,,,0,,,,,,,272,808,08:A6:F7:6B:D4:28,,,,,,8897,52,31,23,23,8,,,2,23,384,25,3,,,,3494716,1786524270971,3494729,1786524270984,,1786524270950,28,2026-08-12T08:44:31.9955153Z,154,,,oasis/bottle,,0,,,,,
,,,,,,,,,,,,,,,13,,,,,,,,,1,,,0,,,,,0,,,,,0,,,,,,,,,,,local.mqtt.telegraf,32,,35.23,,,,,,periodic,,21,,,,,6,5,08a6f76bd428,,,89536,43104,,6,808,,,,,,,,,,,,,809,,,,,08a6f76bd428-809,,,0,,,,,,,272,809,08:A6:F7:6B:D4:28,,,,,,10407,52,31,23,23,8,,,2,23,384,25,3,,,,3496226,1786524272481,3496239,1786524272494,,1786524272460,29,2026-08-12T08:44:33.5136573Z,154,,,oasis/bottle,,0,,,,,
,,,,,,,,,,,,,,,13,,,,,,,,,1,,,0,,,,,0,,,,,0,,,,,,,,,,,local.mqtt.telegraf,32,,35.63,,,,,,periodic,,21,,,,,6,5,08a6f76bd428,,,80528,43104,,6,809,,,,,,,,,,,,,810,,,,,08a6f76bd428-810,,,0,,,,,,,272,810,08:A6:F7:6B:D4:28,,,,,,11627,52,31,23,23,8,,,2,23,384,25,3,,,,3497446,1786524273701,3497459,1786524273714,,1786524273680,28,2026-08-12T08:44:34.7301156Z,154,,,oasis/bottle,,0,,,,,
,,,,,,,,,,,,,,,13,,,,,,,,,1,,,0,,,,,0,,,,,0,,,,,,,,,,,local.mqtt.telegraf,32,,36.18,,,,,,periodic,,31,,,,,6,5,08a6f76bd428,,,70688,43104,,6,810,,,,,,,,,,,,,811,,,,,08a6f76bd428-811,,,0,,,,,,,272,811,08:A6:F7:6B:D4:28,,,,,,12907,52,31,23,23,8,,,2,23,384,25,3,,,,3498736,1786524274991,3498749,1786524275004,,1786524274960,29,2026-08-12T08:44:36.0187225Z,154,,,oasis/bottle,,0,,,,,
,,,,,,,,,,,,,,,14,,,,,,,,,1,,,0,,,,,0,,,,,0,,,,,,,,,,,local.mqtt.telegraf,32,,37,,,,,,periodic,,21,,,,,6,5,08a6f76bd428,,,61024,43104,,18,811,,,,,,,,,,,,,812,,,,,08a6f76bd428-812,,,0,,,,,,,272,812,08:A6:F7:6B:D4:28,,,,,,14247,52,31,23,23,8,,,2,23,384,25,3,,,,3500066,1786524276321,3500080,1786524276335,,1786524276300,28,2026-08-12T08:44:37.3562678Z,154,,,oasis/bottle,,0,,,,,
,,,,,,,,,,,,,,,21,,,,,,,,,1,,,0,,,,,0,,,,,0,,,,,,,,,,,local.mqtt.telegraf,32,,37.26,,,,,,periodic,,21,,,,,6,5,08a6f76bd428,,,50704,43104,,6,812,,,,,,,,,,,,,813,,,,,08a6f76bd428-813,,,0,,,,,,,272,813,08:A6:F7:6B:D4:28,,,,,,15697,52,31,23,23,8,,,2,23,384,25,3,,,,3501516,1786524277771,3501537,1786524277792,,1786524277750,29,2026-08-12T08:44:38.8052242Z,154,,,oasis/bottle,,0,,,,,
,,,,,,,,,,,,,,,13,,,,,,,,,1,,,0,,,,,0,,,,,0,,,,,,,,,,,local.mqtt.telegraf,32,,37.65,,,,,,periodic,,21,,,,,6,5,08a6f76bd428,,,122160,43104,,6,813,,,,,,,,,,,,,814,,,,,08a6f76bd428-814,,,0,,,,,,,272,814,08:A6:F7:6B:D4:28,,,,,,16797,52,31,23,23,8,,,2,23,384,25,3,,,,3502616,1786524278871,3502629,1786524278884,,1786524278850,29,2026-08-12T08:44:39.9027929Z,154,,,oasis/bottle,,0,,,,,
,,,,,,,,,,,,,,,13,,,,,,,,,1,,,0,,,,,0,,,,,0,,,,,,,,,,,local.mqtt.telegraf,32,,37.92,,,,,,periodic,,21,,,,,6,5,08a6f76bd428,,,114464,43104,,7,814,,,,,,,,,,,,,815,,,,,08a6f76bd428-815,,,0,,,,,,,272,815,08:A6:F7:6B:D4:28,,,,,,17797,52,31,23,23,8,,,2,23,384,25,3,,,,3503616,1786524279871,3503629,1786524279884,,1786524279850,28,2026-08-12T08:44:40.9042989Z,154,,,oasis/bottle,,0,,,,,
,,,,,,,,,,,,,,,14,,,,,,,,,1,,,0,,,,,0,,,,,0,,,,,,,,,,,local.mqtt.telegraf,32,,38.04,,,,,,periodic,,17,,,,,5,5,08a6f76bd428,,,104144,43104,,6,815,,,,,,,,,,,,,816,,,,,08a6f76bd428-816,,,0,,,,,,,273,816,08:A6:F7:6B:D4:28,,,,,,19190,52,31,23,23,8,,,2,23,384,25,3,,,,3505006,1786524281261,3505020,1786524281275,,1786524281244,28,2026-08-12T08:44:42.288454Z,154,,,oasis/bottle,,0,,,,,
,,,,,,,,,,,,,,,13,,,,,,,,,1,,,0,,,,,0,,,,,0,,,,,,,,,,,local.mqtt.telegraf,32,,38.17,,,,,,periodic,,18,,,,,5,5,08a6f76bd428,,,79888,43104,,7,816,,,,,,,,,,,,,817,,,,,08a6f76bd428-817,,,0,,,,,,,273,817,08:A6:F7:6B:D4:28,,,,,,688,53,31,23,23,8,,,3,23,405,25,3,,,,3506925,1786524283180,3506938,1786524283193,,1786524283162,28,2026-08-12T08:44:44.2178843Z,157,,,oasis/bottle,,0,,,,,
,,,,,,,,,,,,,,,13,,,,,,,,,1,,,0,,,,,0,,,,,0,,,,,,,,,,,local.mqtt.telegraf,32,,38.16,,,,,,periodic,,21,,,,,6,5,08a6f76bd428,,,71536,43104,,5,817,,,,,,,,,,,,,818,,,,,08a6f76bd428-818,,,0,,,,,,,272,818,08:A6:F7:6B:D4:28,,,,,,1797,53,31,23,23,8,,,3,23,405,25,3,,,,3508036,1786524284291,3508049,1786524284304,,1786524284270,28,2026-08-12T08:44:45.3278478Z,157,,,oasis/bottle,,0,,,,,
,,,,,,,,,,,,,,,13,,,,,,,,,1,,,0,,,,,0,,,,,0,,,,,,,,,,,local.mqtt.telegraf,32,,38.23,,,,,,periodic,,21,,,,,6,5,08a6f76bd428,,,63840,43104,,6,818,,,,,,,,,,,,,819,,,,,08a6f76bd428-819,,,0,,,,,,,272,819,08:A6:F7:6B:D4:28,,,,,,2807,53,31,23,23,8,,,3,23,405,25,3,,,,3509046,1786524285301,3509059,1786524285314,,1786524285280,28,2026-08-12T08:44:46.3507383Z,157,,,oasis/bottle,,0,,,,,
,,,,,,,,,,,,,,,13,,,,,,,,,1,,,0,,,,,0,,,,,0,,,,,,,,,,,local.mqtt.telegraf,32,,38.27,,,,,,periodic,,21,,,,,6,5,08a6f76bd428,,,53520,43104,,6,819,,,,,,,,,,,,,820,,,,,08a6f76bd428-820,,,0,,,,,,,272,820,08:A6:F7:6B:D4:28,,,,,,4227,53,31,23,23,8,,,3,23,405,25,3,,,,3510466,1786524286721,3510479,1786524286734,,1786524286700,28,2026-08-12T08:44:47.754366Z,157,,,oasis/bottle,,0,,,,,
,,,,,,,,,,,,,,,13,,,,,,,,,1,,,0,,,,,0,,,,,0,,,,,,,,,,,local.mqtt.telegraf,32,,38.23,,,,,,periodic,,31,,,,,6,5,08a6f76bd428,,,45824,43104,,6,820,,,,,,,,,,,,,821,,,,,08a6f76bd428-821,,,0,,,,,,,272,821,08:A6:F7:6B:D4:28,,,,,,5267,53,31,23,23,8,,,3,23,405,25,3,,,,3511516,1786524287771,3511529,1786524287784,,1786524287740,28,2026-08-12T08:44:48.8002502Z,157,,,oasis/bottle,,0,,,,,
,,,,,,,,,,,,,,,13,,,,,,,,,1,,,0,,,,,0,,,,,0,,,,,,,,,,,local.mqtt.telegraf,32,,38.24,,,,,,periodic,,21,,,,,6,5,08a6f76bd428,,,114160,43104,,5,821,,,,,,,,,,,,,822,,,,,08a6f76bd428-822,,,0,,,,,,,272,822,08:A6:F7:6B:D4:28,,,,,,6757,53,31,23,23,8,,,3,23,405,25,3,,,,3512996,1786524289251,3513009,1786524289264,,1786524289230,28,2026-08-12T08:44:50.2861151Z,157,,,oasis/bottle,,0,,,,,
,,,,,,,,,,,,,,,13,,,,,,,,,1,,,0,,,,,0,,,,,0,,,,,,,,,,,local.mqtt.telegraf,32,,38.08,,,,,,periodic,,21,,,,,6,5,08a6f76bd428,,,105808,43104,,7,822,,,,,,,,,,,,,823,,,,,08a6f76bd428-823,,,0,,,,,,,272,823,08:A6:F7:6B:D4:28,,,,,,7917,53,31,23,23,8,,,3,23,405,25,3,,,,3514156,1786524290411,3514169,1786524290424,,1786524290390,28,2026-08-12T08:44:51.4301907Z,157,,,oasis/bottle,,0,,,,,
,,,,,,,,,,,,,,,13,,,,,,,,,1,,,0,,,,,0,,,,,0,,,,,,,,,,,local.mqtt.telegraf,32,,38.2,,,,,,periodic,,21,,,,,6,5,08a6f76bd428,,,97456,43104,,6,823,,,,,,,,,,,,,824,,,,,08a6f76bd428-824,,,0,,,,,,,272,824,08:A6:F7:6B:D4:28,,,,,,9037,53,31,23,23,8,,,3,23,405,25,3,,,,3515276,1786524291531,3515289,1786524291544,,1786524291510,28,2026-08-12T08:44:52.5657093Z,157,,,oasis/bottle,,0,,,,,
,,,,,,,,,,,,,,,13,,,,,,,,,1,,,0,,,,,0,,,,,0,,,,,,,,,,,local.mqtt.telegraf,32,,38.28,,,,,,periodic,,21,,,,,6,5,08a6f76bd428,,,89760,43104,,6,824,,,,,,,,,,,,,825,,,,,08a6f76bd428-825,,,0,,,,,,,272,825,08:A6:F7:6B:D4:28,,,,,,10077,53,31,23,23,8,,,3,23,405,25,3,,,,3516316,1786524292571,3516329,1786524292584,,1786524292550,28,2026-08-12T08:44:53.6058305Z,157,,,oasis/bottle,,0,,,,,
,,,,,,,,,,,,,,,13,,,,,,,,,1,,,0,,,,,0,,,,,0,,,,,,,,,,,local.mqtt.telegraf,32,,38.17,,,,,,periodic,,31,,,,,6,5,08a6f76bd428,,,79440,43104,,6,825,,,,,,,,,,,,,826,,,,,08a6f76bd428-826,,,0,,,,,,,272,826,08:A6:F7:6B:D4:28,,,,,,11557,53,31,23,23,8,,,3,23,405,25,3,,,,3517806,1786524294061,3517819,1786524294074,,1786524294030,28,2026-08-12T08:44:55.0938506Z,157,,,oasis/bottle,,0,,,,,
,,,,,,,,,,,,,,,13,,,,,,,,,1,,,0,,,,,0,,,,,0,,,,,,,,,,,local.mqtt.telegraf,32,,38.17,,,,,,periodic,,20,,,,,5,5,08a6f76bd428,,,71088,43104,,11,826,,,,,,,,,,,,,827,,,,,08a6f76bd428-827,,,0,,,,,,,272,827,08:A6:F7:6B:D4:28,,,,,,12727,53,31,23,23,8,,,3,23,405,25,3,,,,3518966,1786524295221,3518979,1786524295234,,1786524295201,28,2026-08-12T08:44:56.2546492Z,157,,,oasis/bottle,,0,,,,,
,,,,,,,,,,,,,,,13,,,,,,,,,1,,,0,,,,,0,,,,,0,,,,,,,,,,,local.mqtt.telegraf,32,,38.04,,,,,,periodic,,21,,,,,6,5,08a6f76bd428,,,62736,43104,,6,827,,,,,,,,,,,,,828,,,,,08a6f76bd428-828,,,0,,,,,,,272,828,08:A6:F7:6B:D4:28,,,,,,13847,53,31,23,23,8,,,3,23,405,25,3,,,,3520086,1786524296341,3520099,1786524296354,,1786524296320,28,2026-08-12T08:44:57.3721003Z,157,,,oasis/bottle,,0,,,,,
,,,,,,,,,,,,,,,13,,,,,,,,,1,,,0,,,,,0,,,,,0,,,,,,,,,,,local.mqtt.telegraf,32,,38.08,,,,,,periodic,,20,,,,,5,5,08a6f76bd428,,,55040,43104,,6,828,,,,,,,,,,,,,829,,,,,08a6f76bd428-829,,,0,,,,,,,272,829,08:A6:F7:6B:D4:28,,,,,,14887,53,31,23,23,8,,,3,23,405,25,3,,,,3521126,1786524297381,3521139,1786524297394,,1786524297361,28,2026-08-12T08:44:58.412457Z,157,,,oasis/bottle,,0,,,,,
,,,,,,,,,,,,,,,13,,,,,,,,,1,,,0,,,,,0,,,,,0,,,,,,,,,,,local.mqtt.telegraf,32,,38.28,,,,,,periodic,,31,,,,,6,5,08a6f76bd428,,,44720,43104,,6,829,,,,,,,,,,,,,830,,,,,08a6f76bd428-830,,,0,,,,,,,272,830,08:A6:F7:6B:D4:28,,,,,,16367,53,31,23,23,8,,,3,23,405,25,3,,,,3522616,1786524298871,3522629,1786524298884,,1786524298840,28,2026-08-12T08:44:59.9173122Z,157,,,oasis/bottle,,0,,,,,
,,,,,,,,,,,,,,,13,,,,,,,,,1,,,0,,,,,0,,,,,0,,,,,,,,,,,local.mqtt.telegraf,32,,38.23,,,,,,periodic,,20,,,,,6,5,08a6f76bd428,,,115264,43104,,5,830,,,,,,,,,,,,,831,,,,,08a6f76bd428-831,,,0,,,,,,,273,831,08:A6:F7:6B:D4:28,,,,,,17537,53,31,23,23,8,,,3,23,405,25,3,,,,3523776,1786524300031,3523789,1786524300044,,1786524300011,28,2026-08-12T08:45:01.0581905Z,157,,,oasis/bottle,,0,,,,,
,,,,,,,,,,,,,,,13,,,,,,,,,1,,,0,,,,,0,,,,,0,,,,,,,,,,,local.mqtt.telegraf,32,,38.25,,,,,,periodic,,21,,,,,6,5,08a6f76bd428,,,106896,43104,,5,831,,,,,,,,,,,,,832,,,,,08a6f76bd428-832,,,0,,,,,,,272,832,08:A6:F7:6B:D4:28,,,,,,18667,53,31,23,23,8,,,3,23,405,25,3,,,,3524906,1786524301161,3524919,1786524301174,,1786524301140,28,2026-08-12T08:45:02.2052711Z,157,,,oasis/bottle,,0,,,,,
,,,,,,,,,,,,,,,13,,,,,,,,,1,,,0,,,,,0,,,,,0,,,,,,,,,,,local.mqtt.telegraf,32,,38.28,,,,,,periodic,,20,,,,,5,5,08a6f76bd428,,,99200,43104,,6,832,,,,,,,,,,,,,833,,,,,08a6f76bd428-833,,,0,,,,,,,272,833,08:A6:F7:6B:D4:28,,,,,,19717,53,31,23,23,8,,,3,23,405,25,3,,,,3525956,1786524302211,3525969,1786524302224,,1786524302191,28,2026-08-12T08:45:03.2378804Z,157,,,oasis/bottle,,0,,,,,
,,,,,,,,,,,,,,,13,,,,,,,,,1,,,0,,,,,0,,,,,0,,,,,,,,,,,local.mqtt.telegraf,32,,38.25,,,,,,periodic,,44,,,,,5,5,08a6f76bd428,,,77568,43104,,6,833,,,,,,,,,,,,,834,,,,,08a6f76bd428-834,,,0,,,,,,,273,834,08:A6:F7:6B:D4:28,,,,,,771,54,31,29,29,2,,,0,29,384,31,3,,,,3527477,1786524303732,3527490,1786524303745,,1786524303688,28,2026-08-12T08:45:04.7633123Z,160,,,oasis/bottle,,0,,,,,
,,,,,,,,,,,,,,,13,,,,,,,,,1,,,0,,,,,0,,,,,0,,,,,,,,,,,local.mqtt.telegraf,32,,38.24,,,,,,periodic,,24,,,,,6,5,08a6f76bd428,,,68560,43104,,6,834,,,,,,,,,,,,,835,,,,,08a6f76bd428-835,,,0,,,,,,,272,835,08:A6:F7:6B:D4:28,,,,,,1971,54,31,29,29,2,,,0,29,384,31,3,,,,3528656,1786524304911,3528669,1786524304924,,1786524304887,28,2026-08-12T08:45:05.9448826Z,160,,,oasis/bottle,,0,,,,,
,,,,,,,,,,,,,,,13,,,,,,,,,1,,,0,,,,,0,,,,,0,,,,,,,,,,,local.mqtt.telegraf,32,,38.23,,,,,,periodic,,24,,,,,6,5,08a6f76bd428,,,59552,43104,,6,835,,,,,,,,,,,,,836,,,,,08a6f76bd428-836,,,0,,,,,,,272,836,08:A6:F7:6B:D4:28,,,,,,3171,54,31,29,29,2,,,0,29,384,31,3,,,,3529856,1786524306111,3529869,1786524306124,,1786524306087,29,2026-08-12T08:45:07.1468755Z,160,,,oasis/bottle,,0,,,,,
,,,,,,,,,,,,,,,13,,,,,,,,,1,,,0,,,,,0,,,,,0,,,,,,,,,,,local.mqtt.telegraf,32,,38.21,,,,,,periodic,,24,,,,,6,5,08a6f76bd428,,,50544,43104,,6,836,,,,,,,,,,,,,837,,,,,08a6f76bd428-837,,,0,,,,,,,272,837,08:A6:F7:6B:D4:28,,,,,,4361,54,31,29,29,2,,,0,29,384,31,3,,,,3531046,1786524307301,3531059,1786524307314,,1786524307277,28,2026-08-12T08:45:08.3485596Z,160,,,oasis/bottle,,0,,,,,
,,,,,,,,,,,,,,,13,,,,,,,,,1,,,0,,,,,0,,,,,0,,,,,,,,,,,local.mqtt.telegraf,32,,38.25,,,,,,periodic,,31,,,,,5,5,08a6f76bd428,,,121408,43104,,6,837,,,,,,,,,,,,,838,,,,,08a6f76bd428-838,,,0,,,,,,,272,838,08:A6:F7:6B:D4:28,,,,,,5541,54,31,29,29,2,,,0,29,384,31,3,,,,3532234,1786524308489,3532247,1786524308502,,1786524308458,28,2026-08-12T08:45:09.5277437Z,160,,,oasis/bottle,,0,,,,,
,,,,,,,,,,,,,,,13,,,,,,,,,1,,,0,,,,,0,,,,,0,,,,,,,,,,,local.mqtt.telegraf,32,,38.28,,,,,,periodic,,24,,,,,6,5,08a6f76bd428,,,113056,43104,,5,838,,,,,,,,,,,,,839,,,,,08a6f76bd428-839,,,0,,,,,,,272,839,08:A6:F7:6B:D4:28,,,,,,6701,54,31,29,29,2,,,0,29,384,31,3,,,,3533386,1786524309641,3533399,1786524309654,,1786524309617,28,2026-08-12T08:45:10.6824214Z,160,,,oasis/bottle,,0,,,,,
,,,,,,,,,,,,,,,13,,,,,,,,,1,,,0,,,,,0,,,,,0,,,,,,,,,,,local.mqtt.telegraf,32,,38.24,,,,,,periodic,,23,,,,,5,5,08a6f76bd428,,,104704,43104,,6,839,,,,,,,,,,,,,840,,,,,08a6f76bd428-840,,,0,,,,,,,272,840,08:A6:F7:6B:D4:28,,,,,,7821,54,31,29,29,2,,,0,29,384,31,3,,,,3534506,1786524310761,3534519,1786524310774,,1786524310738,28,2026-08-12T08:45:11.7920171Z,160,,,oasis/bottle,,0,,,,,
,,,,,,,,,,,,,,,13,,,,,,,,,1,,,0,,,,,0,,,,,0,,,,,,,,,,,local.mqtt.telegraf,32,,38.32,,,,,,periodic,,23,,,,,6,5,08a6f76bd428,,,96144,43104,,8,840,,,,,,,,,,,,,841,,,,,08a6f76bd428-841,,,0,,,,,,,273,841,08:A6:F7:6B:D4:28,,,,,,8901,54,31,29,29,2,,,0,29,384,31,3,,,,3535586,1786524311841,3535599,1786524311854,,1786524311818,28,2026-08-12T08:45:12.878059Z,160,,,oasis/bottle,,0,,,,,
,,,,,,,,,,,,,,,13,,,,,,,,,1,,,0,,,,,0,,,,,0,,,,,,,,,,,local.mqtt.telegraf,32,,38.27,,,,,,periodic,,24,,,,,6,5,08a6f76bd428,,,85152,43104,,5,841,,,,,,,,,,,,,842,,,,,08a6f76bd428-842,,,0,,,,,,,272,842,08:A6:F7:6B:D4:28,,,,,,10421,54,31,29,29,2,,,0,29,384,31,3,,,,3537106,1786524313361,3537119,1786524313374,,1786524313337,29,2026-08-12T08:45:14.387038Z,160,,,oasis/bottle,,0,,,,,
,,,,,,,,,,,,,,,13,,,,,,,,,1,,,0,,,,,0,,,,,0,,,,,,,,,,,local.mqtt.telegraf,32,,38.13,,,,,,periodic,,24,,,,,6,5,08a6f76bd428,,,76144,43104,,6,842,,,,,,,,,,,,,843,,,,,08a6f76bd428-843,,,0,,,,,,,272,843,08:A6:F7:6B:D4:28,,,,,,11651,54,31,29,29,2,,,0,29,384,31,3,,,,3538336,1786524314591,3538349,1786524314604,,1786524314567,28,2026-08-12T08:45:15.6314716Z,160,,,oasis/bottle,,0,,,,,
,,,,,,,,,,,,,,,13,,,,,,,,,1,,,0,,,,,0,,,,,0,,,,,,,,,,,local.mqtt.telegraf,32,,38.17,,,,,,periodic,,24,,,,,6,5,08a6f76bd428,,,67136,43104,,6,843,,,,,,,,,,,,,844,,,,,08a6f76bd428-844,,,0,,,,,,,272,844,08:A6:F7:6B:D4:28,,,,,,12911,54,31,29,29,2,,,0,29,384,31,3,,,,3539596,1786524315851,3539609,1786524315864,,1786524315827,29,2026-08-12T08:45:16.8983468Z,160,,,oasis/bottle,,0,,,,,
,,,,,,,,,,,,,,,13,,,,,,,,,1,,,0,,,,,0,,,,,0,,,,,,,,,,,local.mqtt.telegraf,32,,38.04,,,,,,periodic,,24,,,,,6,5,08a6f76bd428,,,57472,43104,,6,844,,,,,,,,,,,,,845,,,,,08a6f76bd428-845,,,0,,,,,,,272,845,08:A6:F7:6B:D4:28,,,,,,14231,54,31,29,29,2,,,0,29,384,31,3,,,,3540916,1786524317171,3540929,1786524317184,,1786524317147,29,2026-08-12T08:45:18.2016433Z,160,,,oasis/bottle,,0,,,,,
,,,,,,,,,,,,,,,13,,,,,,,,,1,,,0,,,,,0,,,,,0,,,,,,,,,,,local.mqtt.telegraf,32,,37.59,,,,,,periodic,,23,,,,,5,5,08a6f76bd428,,,47152,43104,,6,845,,,,,,,,,,,,,846,,,,,08a6f76bd428-846,,,0,,,,,,,272,846,08:A6:F7:6B:D4:28,,,,,,15671,54,31,29,29,2,,,0,29,384,31,3,,,,3542356,1786524318611,3542369,1786524318624,,1786524318588,28,2026-08-12T08:45:19.6608562Z,160,,,oasis/bottle,,0,,,,,
,,,,,,,,,,,,,,,13,,,,,,,,,1,,,0,,,,,0,,,,,0,,,,,,,,,,,local.mqtt.telegraf,32,,36.73,,,,,,periodic,,24,,,,,6,5,08a6f76bd428,,,118672,43104,,7,846,,,,,,,,,,,,,847,,,,,08a6f76bd428-847,,,0,,,,,,,272,847,08:A6:F7:6B:D4:28,,,,,,16741,54,31,29,29,2,,,0,29,384,31,3,,,,3543426,1786524319681,3543439,1786524319694,,1786524319657,28,2026-08-12T08:45:20.7148376Z,160,,,oasis/bottle,,0,,,,,
,,,,,,,,,,,,,,,13,,,,,,,,,1,,,0,,,,,0,,,,,0,,,,,,,,,,,local.mqtt.telegraf,32,,37.39,,,,,,periodic,,24,,,,,6,5,08a6f76bd428,,,107696,43104,,8,847,,,,,,,,,,,,,848,,,,,08a6f76bd428-848,,,0,,,,,,,272,848,08:A6:F7:6B:D4:28,,,,,,18281,54,31,29,29,2,,,0,29,384,31,3,,,,3544966,1786524321221,3544979,1786524321234,,1786524321197,29,2026-08-12T08:45:22.2640813Z,160,,,oasis/bottle,,0,,,,,
,,,,,,,,,,,,,,,13,,,,,,,,,1,,,0,,,,,0,,,,,0,,,,,,,,,,,local.mqtt.telegraf,32,,36.32,,,,,,periodic,,23,,,,,5,5,08a6f76bd428,,,98656,43104,,6,848,,,,,,,,,,,,,849,,,,,08a6f76bd428-849,,,0,,,,,,,273,849,08:A6:F7:6B:D4:28,,,,,,19561,54,31,29,29,2,,,0,29,384,31,3,,,,3546246,1786524322501,3546259,1786524322514,,1786524322478,29,2026-08-12T08:45:23.533046Z,160,,,oasis/bottle,,0,,,,,
,,,,,,,,,,,,,,,13,,,,,,,,,1,,,0,,,,,0,,,,,0,,,,,,,,,,,local.mqtt.telegraf,32,,37.12,,,,,,periodic,,21,,,,,5,5,08a6f76bd428,,,77008,43104,,5,849,,,,,,,,,,,,,850,,,,,08a6f76bd428-850,,,0,,,,,,,273,850,08:A6:F7:6B:D4:28,,,,,,682,55,41,29,29,12,,,0,29,405,31,3,,,,3547785,1786524324040,3547798,1786524324053,,1786524324019,29,2026-08-12T08:45:25.0799463Z,163,,,oasis/bottle,,0,,,,,
,,,,,,,,,,,,,,,13,,,,,,,,,1,,,0,,,,,0,,,,,0,,,,,,,,,,,local.mqtt.telegraf,33,,37.86,,,,,,periodic,,24,,,,,6,5,08a6f76bd428,,,68656,43104,,5,850,,,,,,,,,,,,,851,,,,,08a6f76bd428-851,,,0,,,,,,,272,851,08:A6:F7:6B:D4:28,,,,,,1781,55,41,29,29,12,,,0,29,405,31,3,,,,3548886,1786524325141,3548899,1786524325154,,1786524325117,28,2026-08-12T08:45:26.1626149Z,163,,,oasis/bottle,,0,,,,,
,,,,,,,,,,,,,,,13,,,,,,,,,1,,,0,,,,,0,,,,,0,,,,,,,,,,,local.mqtt.telegraf,33,,38.02,,,,,,periodic,,24,,,,,6,5,08a6f76bd428,,,57680,43104,,6,851,,,,,,,,,,,,,852,,,,,08a6f76bd428-852,,,0,,,,,,,272,852,08:A6:F7:6B:D4:28,,,,,,3371,55,41,29,29,12,,,0,29,405,31,3,,,,3550476,1786524326731,3550489,1786524326744,,1786524326707,28,2026-08-12T08:45:27.7612662Z,163,,,oasis/bottle,,0,,,,,
,,,,,,,,,,,,,,,13,,,,,,,,,1,,,0,,,,,0,,,,,0,,,,,,,,,,,local.mqtt.telegraf,33,,38.04,,,,,,periodic,,23,,,,,5,5,08a6f76bd428,,,48016,43104,,6,852,,,,,,,,,,,,,853,,,,,08a6f76bd428-853,,,0,,,,,,,272,853,08:A6:F7:6B:D4:28,,,,,,4751,55,41,29,29,12,,,0,29,405,31,3,,,,3551856,1786524328111,3551869,1786524328124,,1786524328088,28,2026-08-12T08:45:29.1457264Z,163,,,oasis/bottle,,0,,,,,
,,,,,,,,,,,,,,,13,,,,,,,,,1,,,0,,,,,0,,,,,0,,,,,,,,,,,local.mqtt.telegraf,33,,38.12,,,,,,periodic,,23,,,,,5,5,08a6f76bd428,,,116640,43104,,7,853,,,,,,,,,,,,,854,,,,,08a6f76bd428-854,,,0,,,,,,,272,854,08:A6:F7:6B:D4:28,,,,,,6311,55,41,29,29,12,,,0,29,405,31,3,,,,3553416,1786524329671,3553429,1786524329684,,1786524329648,28,2026-08-12T08:45:30.698952Z,163,,,oasis/bottle,,0,,,,,
,,,,,,,,,,,,,,,14,,,,,,,,,1,,,0,,,,,0,,,,,0,,,,,,,,,,,local.mqtt.telegraf,33,,38.04,,,,,,periodic,,23,,,,,5,5,08a6f76bd428,,,106976,43104,,6,854,,,,,,,,,,,,,855,,,,,08a6f76bd428-855,,,0,,,,,,,272,855,08:A6:F7:6B:D4:28,,,,,,7621,55,41,29,29,12,,,0,29,405,31,3,,,,3554726,1786524330981,3554740,1786524330995,,1786524330958,28,2026-08-12T08:45:32.0109653Z,163,,,oasis/bottle,,0,,,,,
,,,,,,,,,,,,,,,13,,,,,,,,,1,,,0,,,,,0,,,,,0,,,,,,,,,,,local.mqtt.telegraf,33,,38.23,,,,,,periodic,,24,,,,,6,5,08a6f76bd428,,,96656,43104,,6,855,,,,,,,,,,,,,856,,,,,08a6f76bd428-856,,,0,,,,,,,272,856,08:A6:F7:6B:D4:28,,,,,,9041,55,41,29,29,12,,,0,29,405,31,3,,,,3556146,1786524332401,3556159,1786524332414,,1786524332377,29,2026-08-12T08:45:33.4357531Z,163,,,oasis/bottle,,0,,,,,
,,,,,,,,,,,,,,,13,,,,,,,,,1,,,0,,,,,0,,,,,0,,,,,,,,,,,local.mqtt.telegraf,33,,38.18,,,,,,periodic,,23,,,,,5,5,08a6f76bd428,,,88960,43104,,6,856,,,,,,,,,,,,,857,,,,,08a6f76bd428-857,,,0,,,,,,,272,857,08:A6:F7:6B:D4:28,,,,,,10081,55,41,29,29,12,,,0,29,405,31,3,,,,3557186,1786524333441,3557199,1786524333454,,1786524333418,28,2026-08-12T08:45:34.4622247Z,163,,,oasis/bottle,,0,,,,,
,,,,,,,,,,,,,,,14,,,,,,,,,1,,,0,,,,,0,,,,,0,,,,,,,,,,,local.mqtt.telegraf,33,,38.47,,,,,,periodic,,23,,,,,5,5,08a6f76bd428,,,78640,43104,,6,857,,,,,,,,,,,,,858,,,,,08a6f76bd428-858,,,0,,,,,,,272,858,08:A6:F7:6B:D4:28,,,,,,11561,55,41,29,29,12,,,0,29,405,31,3,,,,3558666,1786524334921,3558680,1786524334935,,1786524334898,28,2026-08-12T08:45:35.9458534Z,163,,,oasis/bottle,,0,,,,,
,,,,,,,,,,,,,,,13,,,,,,,,,1,,,0,,,,,0,,,,,0,,,,,,,,,,,local.mqtt.telegraf,33,,38.35,,,,,,periodic,,33,,,,,5,5,08a6f76bd428,,,70288,43104,,8,858,,,,,,,,,,,,,859,,,,,08a6f76bd428-859,,,0,,,,,,,272,859,08:A6:F7:6B:D4:28,,,,,,12721,55,41,29,29,12,,,0,29,405,31,3,,,,3559836,1786524336091,3559849,1786524336104,,1786524336058,28,2026-08-12T08:45:37.1169877Z,163,,,oasis/bottle,,0,,,,,
,,,,,,,,,,,,,,,13,,,,,,,,,1,,,0,,,,,0,,,,,0,,,,,,,,,,,local.mqtt.telegraf,33,,38.32,,,,,,periodic,,24,,,,,6,5,08a6f76bd428,,,61936,43104,,18,859,,,,,,,,,,,,,860,,,,,08a6f76bd428-860,,,0,,,,,,,272,860,08:A6:F7:6B:D4:28,,,,,,13861,55,41,29,29,12,,,0,29,405,31,3,,,,3560966,1786524337221,3560979,1786524337234,,1786524337197,28,2026-08-12T08:45:38.2614445Z,163,,,oasis/bottle,,0,,,,,
,,,,,,,,,,,,,,,13,,,,,,,,,1,,,0,,,,,0,,,,,0,,,,,,,,,,,local.mqtt.telegraf,33,,38.47,,,,,,periodic,,24,,,,,6,5,08a6f76bd428,,,54240,43104,,6,860,,,,,,,,,,,,,861,,,,,08a6f76bd428-861,,,0,,,,,,,272,861,08:A6:F7:6B:D4:28,,,,,,14911,55,41,29,29,12,,,0,29,405,31,3,,,,3562016,1786524338271,3562029,1786524338284,,1786524338247,28,2026-08-12T08:45:39.298067Z,163,,,oasis/bottle,,0,,,,,
,,,,,,,,,,,,,,,13,,,,,,,,,1,,,0,,,,,0,,,,,0,,,,,,,,,,,local.mqtt.telegraf,33,,38.32,,,,,,periodic,,33,,,,,11,5,08a6f76bd428,,,43888,43104,,6,861,,,,,,,,,,,,,862,,,,,08a6f76bd428-862,,,0,,,,,,,273,862,08:A6:F7:6B:D4:28,,,,,,16411,55,41,29,29,12,,,0,29,405,31,3,,,,3563526,1786524339781,3563539,1786524339794,,1786524339748,28,2026-08-12T08:45:40.8172964Z,163,,,oasis/bottle,,0,,,,,
,,,,,,,,,,,,,,,13,,,,,,,,,1,,,0,,,,,0,,,,,0,,,,,,,,,,,local.mqtt.telegraf,33,,38.29,,,,,,periodic,,24,,,,,6,5,08a6f76bd428,,,113712,43104,,6,862,,,,,,,,,,,,,863,,,,,08a6f76bd428-863,,,0,,,,,,,272,863,08:A6:F7:6B:D4:28,,,,,,17621,55,41,29,29,12,,,0,29,405,31,3,,,,3564726,1786524340981,3564739,1786524340994,,1786524340957,28,2026-08-12T08:45:42.0129216Z,163,,,oasis/bottle,,0,,,,,
,,,,,,,,,,,,,,,13,,,,,,,,,1,,,0,,,,,0,,,,,0,,,,,,,,,,,local.mqtt.telegraf,33,,38.32,,,,,,periodic,,24,,,,,6,5,08a6f76bd428,,,104704,43104,,6,863,,,,,,,,,,,,,864,,,,,08a6f76bd428-864,,,0,,,,,,,272,864,08:A6:F7:6B:D4:28,,,,,,18831,55,41,29,29,12,,,0,29,405,31,3,,,,3565936,1786524342191,3565949,1786524342204,,1786524342167,28,2026-08-12T08:45:43.2291518Z,163,,,oasis/bottle,,0,,,,,
,,,,,,,,,,,,,,,13,,,,,,,,,1,,,0,,,,,0,,,,,0,,,,,,,,,,,local.mqtt.telegraf,33,,38.35,,,,,,periodic,,24,,,,,6,5,08a6f76bd428,,,95696,43104,,6,864,,,,,,,,,,,,,865,,,,,08a6f76bd428-865,,,0,,,,,,,272,865,08:A6:F7:6B:D4:28,,,,,,20041,55,41,29,29,12,,,0,29,405,31,3,,,,3567146,1786524343401,3567159,1786524343414,,1786524343377,28,2026-08-12T08:45:44.4270402Z,163,,,oasis/bottle,,0,,,,,
,,,,,,,,,,,,,,,13,,,,,,,,,1,,,0,,,,,0,,,,,0,,,,,,,,,,,local.mqtt.telegraf,33,,38.39,,,,,,periodic,,22,,,,,5,5,08a6f76bd428,,,76032,43104,,6,865,,,,,,,,,,,,,866,,,,,08a6f76bd428-866,,,0,,,,,,,273,866,08:A6:F7:6B:D4:28,,,,,,821,56,31,29,29,2,,,0,29,384,31,3,,,,3568365,1786524344620,3568378,1786524344633,,1786524344598,28,2026-08-12T08:45:45.6431002Z,166,,,oasis/bottle,,0,,,,,
,,,,,,,,,,,,,,,13,,,,,,,,,1,,,0,,,,,0,,,,,0,,,,,,,,,,,local.mqtt.telegraf,33,,38.45,,,,,,periodic,,24,,,,,6,5,08a6f76bd428,,,67024,43104,,6,866,,,,,,,,,,,,,867,,,,,08a6f76bd428-867,,,0,,,,,,,272,867,08:A6:F7:6B:D4:28,,,,,,2061,56,31,29,29,2,,,0,29,384,31,3,,,,3569606,1786524345861,3569619,1786524345874,,1786524345837,28,2026-08-12T08:45:46.8992236Z,166,,,oasis/bottle,,0,,,,,
,,,,,,,,,,,,,,,13,,,,,,,,,1,,,0,,,,,0,,,,,0,,,,,,,,,,,local.mqtt.telegraf,33,,38.32,,,,,,periodic,,23,,,,,5,5,08a6f76bd428,,,57984,43104,,6,867,,,,,,,,,,,,,868,,,,,08a6f76bd428-868,,,0,,,,,,,273,868,08:A6:F7:6B:D4:28,,,,,,3341,56,31,29,29,2,,,0,29,384,31,3,,,,3570886,1786524347141,3570899,1786524347154,,1786524347118,28,2026-08-12T08:45:48.1653292Z,166,,,oasis/bottle,,0,,,,,
,,,,,,,,,,,,,,,13,,,,,,,,,1,,,0,,,,,0,,,,,0,,,,,,,,,,,local.mqtt.telegraf,33,,38.47,,,,,,periodic,,24,,,,,6,5,08a6f76bd428,,,48304,43104,,5,868,,,,,,,,,,,,,869,,,,,08a6f76bd428-869,,,0,,,,,,,272,869,08:A6:F7:6B:D4:28,,,,,,4701,56,31,29,29,2,,,0,29,384,31,3,,,,3572246,1786524348501,3572259,1786524348514,,1786524348477,28,2026-08-12T08:45:49.5292192Z,166,,,oasis/bottle,,0,,,,,
,,,,,,,,,,,,,,,13,,,,,,,,,1,,,0,,,,,0,,,,,0,,,,,,,,,,,local.mqtt.telegraf,33,,38.39,,,,,,periodic,,24,,,,,6,5,08a6f76bd428,,,117344,43104,,6,869,,,,,,,,,,,,,870,,,,,08a6f76bd428-870,,,0,,,,,,,272,870,08:A6:F7:6B:D4:28,,,,,,6211,56,31,29,29,2,,,0,29,384,31,3,,,,3573756,1786524350011,3573769,1786524350024,,1786524349987,28,2026-08-12T08:45:51.0465298Z,166,,,oasis/bottle,,0,,,,,
,,,,,,,,,,,,,,,13,,,,,,,,,1,,,0,,,,,0,,,,,0,,,,,,,,,,,local.mqtt.telegraf,33,,38.37,,,,,,periodic,,23,,,,,5,5,08a6f76bd428,,,107504,43104,,6,870,,,,,,,,,,,,,871,,,,,08a6f76bd428-871,,,0,,,,,,,272,871,08:A6:F7:6B:D4:28,,,,,,7481,56,31,29,29,2,,,0,29,384,31,3,,,,3575026,1786524351281,3575039,1786524351294,,1786524351258,28,2026-08-12T08:45:52.3084889Z,166,,,oasis/bottle,,0,,,,,
,,,,,,,,,,,,,,,13,,,,,,,,,1,,,0,,,,,0,,,,,0,,,,,,,,,,,local.mqtt.telegraf,33,,38.18,,,,,,periodic,,24,,,,,6,5,08a6f76bd428,,,97840,43104,,6,871,,,,,,,,,,,,,872,,,,,08a6f76bd428-872,,,0,,,,,,,272,872,08:A6:F7:6B:D4:28,,,,,,8771,56,31,29,29,2,,,0,29,384,31,3,,,,3576316,1786524352571,3576329,1786524352584,,1786524352547,28,2026-08-12T08:45:53.6181473Z,166,,,oasis/bottle,,0,,,,,
,,,,,,,,,,,,,,,13,,,,,,,,,1,,,0,,,,,0,,,,,0,,,,,,,,,,,local.mqtt.telegraf,33,,37.75,,,,,,periodic,,24,,,,,6,5,08a6f76bd428,,,88176,43104,,6,872,,,,,,,,,,,,,873,,,,,08a6f76bd428-873,,,0,,,,,,,272,873,08:A6:F7:6B:D4:28,,,,,,10151,56,31,29,29,2,,,0,29,384,31,3,,,,3577696,1786524353951,3577709,1786524353964,,1786524353927,28,2026-08-12T08:45:54.9761081Z,166,,,oasis/bottle,,0,,,,,
,,,,,,,,,,,,,,,13,,,,,,,,,1,,,0,,,,,0,,,,,0,,,,,,,,,,,local.mqtt.telegraf,33,,36.6,,,,,,periodic,,24,,,,,6,5,08a6f76bd428,,,77200,43104,,6,873,,,,,,,,,,,,,874,,,,,08a6f76bd428-874,,,0,,,,,,,272,874,08:A6:F7:6B:D4:28,,,,,,11701,56,31,29,29,2,,,0,29,384,31,3,,,,3579246,1786524355501,3579259,1786524355514,,1786524355477,28,2026-08-12T08:45:56.5314473Z,166,,,oasis/bottle,,0,,,,,
,,,,,,,,,,,,,,,13,,,,,,,,,1,,,0,,,,,0,,,,,0,,,,,,,,,,,local.mqtt.telegraf,33,,35.15,,,,,,periodic,,24,,,,,6,5,08a6f76bd428,,,67536,43104,,6,874,,,,,,,,,,,,,875,,,,,08a6f76bd428-875,,,0,,,,,,,272,875,08:A6:F7:6B:D4:28,,,,,,13001,56,31,29,29,2,,,0,29,384,31,3,,,,3580546,1786524356801,3580559,1786524356814,,1786524356777,28,2026-08-12T08:45:57.8296642Z,166,,,oasis/bottle,,0,,,,,
,,,,,,,,,,,,,,,13,,,,,,,,,1,,,0,,,,,0,,,,,0,,,,,,,,,,,local.mqtt.telegraf,33,,33.83,,,,,,periodic,,24,,,,,6,5,08a6f76bd428,,,57216,43104,,6,875,,,,,,,,,,,,,876,,,,,08a6f76bd428-876,,,0,,,,,,,272,876,08:A6:F7:6B:D4:28,,,,,,14401,56,31,29,29,2,,,0,29,384,31,3,,,,3581946,1786524358201,3581959,1786524358214,,1786524358177,28,2026-08-12T08:45:59.2306373Z,166,,,oasis/bottle,,0,,,,,
,,,,,,,,,,,,,,,13,,,,,,,,,1,,,0,,,,,0,,,,,0,,,,,,,,,,,local.mqtt.telegraf,32,,33.46,,,,,,periodic,,24,,,,,6,5,08a6f76bd428,,,49520,43104,,6,876,,,,,,,,,,,,,877,,,,,08a6f76bd428-877,,,0,,,,,,,272,877,08:A6:F7:6B:D4:28,,,,,,15401,56,31,29,29,2,,,0,29,384,31,3,,,,3582946,1786524359201,3582959,1786524359214,,1786524359177,28,2026-08-12T08:46:00.2272695Z,166,,,oasis/bottle,,0,,,,,
,,,,,,,,,,,,,,,14,,,,,,,,,1,,,0,,,,,0,,,,,0,,,,,,,,,,,local.mqtt.telegraf,32,,33.09,,,,,,periodic,,23,,,,,6,5,08a6f76bd428,,,119856,43104,,6,877,,,,,,,,,,,,,878,,,,,08a6f76bd428-878,,,0,,,,,,,273,878,08:A6:F7:6B:D4:28,,,,,,16791,56,31,29,29,2,,,0,29,384,31,3,,,,3584336,1786524360591,3584350,1786524360605,,1786524360568,28,2026-08-12T08:46:01.6189849Z,166,,,oasis/bottle,,0,,,,,
,,,,,,,,,,,,,,,13,,,,,,,,,1,,,0,,,,,0,,,,,0,,,,,,,,,,,local.mqtt.telegraf,32,,32.8,,,,,,periodic,,23,,,,,5,5,08a6f76bd428,,,108864,43104,,7,878,,,,,,,,,,,,,879,,,,,08a6f76bd428-879,,,0,,,,,,,272,879,08:A6:F7:6B:D4:28,,,,,,18381,56,31,29,29,2,,,0,29,384,31,3,,,,3585926,1786524362181,3585939,1786524362194,,1786524362158,28,2026-08-12T08:46:03.2179044Z,166,,,oasis/bottle,,0,,,,,
,,,,,,,,,,,,,,,13,,,,,,,,,1,,,0,,,,,0,,,,,0,,,,,,,,,,,local.mqtt.telegraf,32,,32.74,,,,,,periodic,,23,,,,,5,5,08a6f76bd428,,,99200,43104,,6,879,,,,,,,,,,,,,880,,,,,08a6f76bd428-880,,,0,,,,,,,272,880,08:A6:F7:6B:D4:28,,,,,,19751,56,31,29,29,2,,,0,29,384,31,3,,,,3587296,1786524363551,3587309,1786524363564,,1786524363528,28,2026-08-12T08:46:04.5835073Z,166,,,oasis/bottle,,0,,,,,
,,,,,,,,,,,,,,,13,,,,,,,,,1,,,0,,,,,0,,,,,0,,,,,,,,,,,local.mqtt.telegraf,32,,32.88,,,,,,periodic,,20,,,,,6,5,08a6f76bd428,,,75680,43104,,6,880,,,,,,,,,,,,,881,,,,,08a6f76bd428-881,,,0,,,,,,,273,881,08:A6:F7:6B:D4:28,,,,,,512,57,30,30,30,0,,,0,30,1075,33,2,,,,3589315,1786524365570,3589328,1786524365583,,1786524365550,28,2026-08-12T08:46:06.596624Z,170,,,oasis/bottle,,0,,,,,
,,,,,,,,,,,,,,,13,,,,,,,,,1,,,0,,,,,0,,,,,0,,,,,,,,,,,local.mqtt.telegraf,32,,32.87,,,,,,periodic,,23,,,,,6,5,08a6f76bd428,,,67328,43104,,6,881,,,,,,,,,,,,,882,,,,,08a6f76bd428-882,,,0,,,,,,,272,882,08:A6:F7:6B:D4:28,,,,,,1671,57,30,30,30,0,,,0,30,1075,33,2,,,,3590476,1786524366731,3590489,1786524366744,,1786524366708,28,2026-08-12T08:46:07.7691053Z,170,,,oasis/bottle,,0,,,,,
,,,,,,,,,,,,,,,13,,,,,,,,,1,,,0,,,,,0,,,,,0,,,,,,,,,,,local.mqtt.telegraf,32,,32.89,,,,,,periodic,,23,,,,,6,5,08a6f76bd428,,,58976,43104,,6,882,,,,,,,,,,,,,883,,,,,08a6f76bd428-883,,,0,,,,,,,272,883,08:A6:F7:6B:D4:28,,,,,,2781,57,30,30,30,0,,,0,30,1075,33,2,,,,3591586,1786524367841,3591599,1786524367854,,1786524367818,28,2026-08-12T08:46:08.8737697Z,170,,,oasis/bottle,,0,,,,,
,,,,,,,,,,,,,,,13,,,,,,,,,1,,,0,,,,,0,,,,,0,,,,,,,,,,,local.mqtt.telegraf,32,,32.88,,,,,,periodic,,23,,,,,6,5,08a6f76bd428,,,51280,43104,,7,883,,,,,,,,,,,,,884,,,,,08a6f76bd428-884,,,0,,,,,,,272,884,08:A6:F7:6B:D4:28,,,,,,3801,57,30,30,30,0,,,0,30,1075,33,2,,,,3592606,1786524368861,3592619,1786524368874,,1786524368838,29,2026-08-12T08:46:09.8956055Z,170,,,oasis/bottle,,0,,,,,
,,,,,,,,,,,,,,,14,,,,,,,,,1,,,0,,,,,0,,,,,0,,,,,,,,,,,local.mqtt.telegraf,32,,32.66,,,,,,periodic,,23,,,,,6,5,08a6f76bd428,,,120944,43104,,6,884,,,,,,,,,,,,,885,,,,,08a6f76bd428-885,,,0,,,,,,,272,885,08:A6:F7:6B:D4:28,,,,,,5241,57,30,30,30,0,,,0,30,1075,33,2,,,,3594046,1786524370301,3594060,1786524370315,,1786524370278,29,2026-08-12T08:46:11.3336079Z,170,,,oasis/bottle,,0,,,,,
,,,,,,,,,,,,,,,13,,,,,,,,,1,,,0,,,,,0,,,,,0,,,,,,,,,,,local.mqtt.telegraf,32,,32.6,,,,,,periodic,,23,,,,,6,5,08a6f76bd428,,,112592,43104,,6,885,,,,,,,,,,,,,886,,,,,08a6f76bd428-886,,,0,,,,,,,272,886,08:A6:F7:6B:D4:28,,,,,,6321,57,30,30,30,0,,,0,30,1075,33,2,,,,3595126,1786524371381,3595139,1786524371394,,1786524371358,28,2026-08-12T08:46:12.4147665Z,170,,,oasis/bottle,,0,,,,,
,,,,,,,,,,,,,,,13,,,,,,,,,1,,,0,,,,,0,,,,,0,,,,,,,,,,,local.mqtt.telegraf,32,,32.48,,,,,,periodic,,23,,,,,6,5,08a6f76bd428,,,101616,43104,,6,886,,,,,,,,,,,,,887,,,,,08a6f76bd428-887,,,0,,,,,,,272,887,08:A6:F7:6B:D4:28,,,,,,7881,57,30,30,30,0,,,0,30,1075,33,2,,,,3596686,1786524372941,3596699,1786524372954,,1786524372918,28,2026-08-12T08:46:13.9819309Z,170,,,oasis/bottle,,0,,,,,
,,,,,,,,,,,,,,,13,,,,,,,,,1,,,0,,,,,0,,,,,0,,,,,,,,,,,local.mqtt.telegraf,32,,32.44,,,,,,periodic,,23,,,,,6,5,08a6f76bd428,,,91952,43104,,7,887,,,,,,,,,,,,,888,,,,,08a6f76bd428-888,,,0,,,,,,,272,888,08:A6:F7:6B:D4:28,,,,,,9201,57,30,30,30,0,,,0,30,1075,33,2,,,,3598006,1786524374261,3598019,1786524374274,,1786524374238,28,2026-08-12T08:46:15.2955081Z,170,,,oasis/bottle,,0,,,,,
,,,,,,,,,,,,,,,13,,,,,,,,,1,,,0,,,,,0,,,,,0,,,,,,,,,,,local.mqtt.telegraf,32,,32.27,,,,,,periodic,,23,,,,,6,5,08a6f76bd428,,,81632,43104,,7,888,,,,,,,,,,,,,889,,,,,08a6f76bd428-889,,,0,,,,,,,272,889,08:A6:F7:6B:D4:28,,,,,,10631,57,30,30,30,0,,,0,30,1075,33,2,,,,3599436,1786524375691,3599449,1786524375704,,1786524375668,28,2026-08-12T08:46:16.7154882Z,170,,,oasis/bottle,,0,,,,,
,,,,,,,,,,,,,,,14,,,,,,,,,1,,,0,,,,,0,,,,,0,,,,,,,,,,,local.mqtt.telegraf,32,,32.4,,,,,,periodic,,22,,,,,5,5,08a6f76bd428,,,73904,43104,,6,889,,,,,,,,,,,,,890,,,,,08a6f76bd428-890,,,0,,,,,,,273,890,08:A6:F7:6B:D4:28,,,,,,11691,57,30,30,30,0,,,0,30,1075,33,2,,,,3600496,1786524376751,3600510,1786524376765,,1786524376729,28,2026-08-12T08:46:17.7880278Z,170,,,oasis/bottle,,0,,,,,
,,,,,,,,,,,,,,,13,,,,,,,,,1,,,0,,,,,0,,,,,0,,,,,,,,,,,local.mqtt.telegraf,32,,32.38,,,,,,periodic,,22,,,,,5,5,08a6f76bd428,,,62912,43104,,5,890,,,,,,,,,,,,,891,,,,,08a6f76bd428-891,,,0,,,,,,,272,891,08:A6:F7:6B:D4:28,,,,,,13211,57,30,30,30,0,,,0,30,1075,33,2,,,,3602016,1786524378271,3602029,1786524378284,,1786524378249,28,2026-08-12T08:46:19.295217Z,170,,,oasis/bottle,,0,,,,,
,,,,,,,,,,,,,,,13,,,,,,,,,1,,,0,,,,,0,,,,,0,,,,,,,,,,,local.mqtt.telegraf,32,,32.21,,,,,,periodic,,23,,,,,6,5,08a6f76bd428,,,53904,43104,,6,891,,,,,,,,,,,,,892,,,,,08a6f76bd428-892,,,0,,,,,,,272,892,08:A6:F7:6B:D4:28,,,,,,14441,57,30,30,30,0,,,0,30,1075,33,2,,,,3603246,1786524379501,3603259,1786524379514,,1786524379478,28,2026-08-12T08:46:20.5303681Z,170,,,oasis/bottle,,0,,,,,
,,,,,,,,,,,,,,,13,,,,,,,,,1,,,0,,,,,0,,,,,0,,,,,,,,,,,local.mqtt.telegraf,32,,32.15,,,,,,periodic,,33,,,,,6,5,08a6f76bd428,,,44896,43104,,6,892,,,,,,,,,,,,,893,,,,,08a6f76bd428-893,,,0,,,,,,,272,893,08:A6:F7:6B:D4:28,,,,,,15701,57,30,30,30,0,,,0,30,1075,33,2,,,,3604516,1786524380771,3604529,1786524380784,,1786524380738,29,2026-08-12T08:46:21.7951755Z,170,,,oasis/bottle,,0,,,,,
,,,,,,,,,,,,,,,13,,,,,,,,,1,,,0,,,,,0,,,,,0,,,,,,,,,,,local.mqtt.telegraf,32,,32.1,,,,,,periodic,,23,,,,,6,5,08a6f76bd428,,,114160,43104,,6,893,,,,,,,,,,,,,894,,,,,08a6f76bd428-894,,,0,,,,,,,272,894,08:A6:F7:6B:D4:28,,,,,,17031,57,30,30,30,0,,,0,30,1075,33,2,,,,3605836,1786524382091,3605849,1786524382104,,1786524382068,29,2026-08-12T08:46:23.13713Z,170,,,oasis/bottle,,0,,,,,
,,,,,,,,,,,,,,,13,,,,,,,,,1,,,0,,,,,0,,,,,0,,,,,,,,,,,local.mqtt.telegraf,32,,32.25,,,,,,periodic,,23,,,,,6,5,08a6f76bd428,,,103840,43104,,6,894,,,,,,,,,,,,,895,,,,,08a6f76bd428-895,,,0,,,,,,,272,895,08:A6:F7:6B:D4:28,,,,,,18481,57,30,30,30,0,,,0,30,1075,33,2,,,,3607286,1786524383541,3607299,1786524383554,,1786524383518,29,2026-08-12T08:46:24.5653876Z,170,,,oasis/bottle,,0,,,,,
,,,,,,,,,,,,,,,13,,,,,,,,,1,,,0,,,,,0,,,,,0,,,,,,,,,,,local.mqtt.telegraf,32,,32.03,,,,,,periodic,,23,,,,,6,5,08a6f76bd428,,,95488,43104,,6,895,,,,,,,,,,,,,896,,,,,08a6f76bd428-896,,,0,,,,,,,272,896,08:A6:F7:6B:D4:28,,,,,,19571,57,30,30,30,0,,,0,30,1075,33,2,,,,3608376,1786524384631,3608389,1786524384644,,1786524384608,29,2026-08-12T08:46:25.6593153Z,170,,,oasis/bottle,,0,,,,,
,,,,,,,,,,,,,,,13,,,,,,,,,1,,,0,,,,,0,,,,,0,,,,,,,,,,,local.mqtt.telegraf,32,,32.17,,,,,,periodic,,23,,,,,5,5,08a6f76bd428,,,73152,43104,,6,896,,,,,,,,,,,,,897,,,,,08a6f76bd428-897,,,0,,,,,,,273,897,08:A6:F7:6B:D4:28,,,,,,881,58,31,29,29,2,,,0,29,384,31,3,,,,3609956,1786524386211,3609969,1786524386224,,1786524386188,28,2026-08-12T08:46:27.2453233Z,172,,,oasis/bottle,,0,,,,,
,,,,,,,,,,,,,,,13,,,,,,,,,1,,,0,,,,,0,,,,,0,,,,,,,,,,,local.mqtt.telegraf,32,,32.17,,,,,,periodic,,24,,,,,6,5,08a6f76bd428,,,63488,43104,,8,897,,,,,,,,,,,,,898,,,,,08a6f76bd428-898,,,0,,,,,,,272,898,08:A6:F7:6B:D4:28,,,,,,2241,58,31,29,29,2,,,0,29,384,31,3,,,,3611316,1786524387571,3611329,1786524387584,,1786524387547,29,2026-08-12T08:46:28.5959447Z,172,,,oasis/bottle,,0,,,,,
,,,,,,,,,,,,,,,13,,,,,,,,,1,,,0,,,,,0,,,,,0,,,,,,,,,,,local.mqtt.telegraf,32,,32.19,,,,,,periodic,,24,,,,,6,5,08a6f76bd428,,,52512,43104,,6,898,,,,,,,,,,,,,899,,,,,08a6f76bd428-899,,,0,,,,,,,272,899,08:A6:F7:6B:D4:28,,,,,,3761,58,31,29,29,2,,,0,29,384,31,3,,,,3612836,1786524389091,3612849,1786524389104,,1786524389067,28,2026-08-12T08:46:30.1265854Z,172,,,oasis/bottle,,0,,,,,
,,,,,,,,,,,,,,,17,,,,,,,,,1,,,0,,,,,0,,,,,0,,,,,,,,,,,local.mqtt.telegraf,32,,32.06,,,,,,periodic,,34,,,,,12,5,08a6f76bd428,,,43504,43104,,6,899,,,,,,,,,,,,,900,,,,,08a6f76bd428-900,,,0,,,,,,,272,900,08:A6:F7:6B:D4:28,,,,,,5001,58,31,29,29,2,,,0,29,384,31,3,,,,3614086,1786524390341,3614103,1786524390358,,1786524390307,29,2026-08-12T08:46:31.3758315Z,172,,,oasis/bottle,,0,,,,,
,,,,,,,,,,,,,,,14,,,,,,,,,1,,,0,,,,,0,,,,,0,,,,,,,,,,,local.mqtt.telegraf,32,,32.32,,,,,,periodic,,34,,,,,6,5,08a6f76bd428,,,112368,43104,,6,900,,,,,,,,,,,,,901,,,,,08a6f76bd428-901,,,0,,,,,,,272,901,08:A6:F7:6B:D4:28,,,,,,6321,58,31,29,29,2,,,0,29,384,31,3,,,,3615406,1786524391661,3615420,1786524391675,,1786524391627,29,2026-08-12T08:46:32.6977932Z,172,,,oasis/bottle,,0,,,,,
,,,,,,,,,,,,,,,13,,,,,,,,,1,,,0,,,,,0,,,,,0,,,,,,,,,,,local.mqtt.telegraf,32,,31.98,,,,,,periodic,,24,,,,,6,5,08a6f76bd428,,,102048,43104,,12,901,,,,,,,,,,,,,902,,,,,08a6f76bd428-902,,,0,,,,,,,272,902,08:A6:F7:6B:D4:28,,,,,,7721,58,31,29,29,2,,,0,29,384,31,3,,,,3616796,1786524393051,3616809,1786524393064,,1786524393027,29,2026-08-12T08:46:34.0793307Z,172,,,oasis/bottle,,0,,,,,
,,,,,,,,,,,,,,,13,,,,,,,,,1,,,0,,,,,0,,,,,0,,,,,,,,,,,local.mqtt.telegraf,32,,31.86,,,,,,periodic,,24,,,,,6,5,08a6f76bd428,,,91072,43104,,6,902,,,,,,,,,,,,,903,,,,,08a6f76bd428-903,,,0,,,,,,,272,903,08:A6:F7:6B:D4:28,,,,,,9311,58,31,29,29,2,,,0,29,384,31,3,,,,3618386,1786524394641,3618399,1786524394654,,1786524394617,28,2026-08-12T08:46:35.6775915Z,172,,,oasis/bottle,,0,,,,,
,,,,,,,,,,,,,,,13,,,,,,,,,1,,,0,,,,,0,,,,,0,,,,,,,,,,,local.mqtt.telegraf,32,,32.21,,,,,,periodic,,24,,,,,6,5,08a6f76bd428,,,81408,43104,,6,903,,,,,,,,,,,,,904,,,,,08a6f76bd428-904,,,0,,,,,,,272,904,08:A6:F7:6B:D4:28,,,,,,10691,58,31,29,29,2,,,0,29,384,31,3,,,,3619766,1786524396021,3619779,1786524396034,,1786524395997,29,2026-08-12T08:46:37.0457263Z,172,,,oasis/bottle,,0,,,,,
,,,,,,,,,,,,,,,13,,,,,,,,,1,,,0,,,,,0,,,,,0,,,,,,,,,,,local.mqtt.telegraf,32,,31.85,,,,,,periodic,,24,,,,,6,5,08a6f76bd428,,,70432,43104,,6,904,,,,,,,,,,,,,905,,,,,08a6f76bd428-905,,,0,,,,,,,272,905,08:A6:F7:6B:D4:28,,,,,,12241,58,31,29,29,2,,,0,29,384,31,3,,,,3621316,1786524397571,3621329,1786524397584,,1786524397547,28,2026-08-12T08:46:38.5966012Z,172,,,oasis/bottle,,0,,,,,
,,,,,,,,,,,,,,,14,,,,,,,,,1,,,0,,,,,0,,,,,0,,,,,,,,,,,local.mqtt.telegraf,32,,32.05,,,,,,periodic,,24,,,,,6,5,08a6f76bd428,,,60768,43104,,6,905,,,,,,,,,,,,,906,,,,,08a6f76bd428-906,,,0,,,,,,,272,906,08:A6:F7:6B:D4:28,,,,,,13541,58,31,29,29,2,,,0,29,384,31,3,,,,3622616,1786524398871,3622630,1786524398885,,1786524398847,28,2026-08-12T08:46:39.8963652Z,172,,,oasis/bottle,,0,,,,,
,,,,,,,,,,,,,,,13,,,,,,,,,1,,,0,,,,,0,,,,,0,,,,,,,,,,,local.mqtt.telegraf,32,,31.98,,,,,,periodic,,24,,,,,6,5,08a6f76bd428,,,50448,43104,,6,906,,,,,,,,,,,,,907,,,,,08a6f76bd428-907,,,0,,,,,,,272,907,08:A6:F7:6B:D4:28,,,,,,14941,58,31,29,29,2,,,0,29,384,31,3,,,,3624016,1786524400271,3624029,1786524400284,,1786524400247,28,2026-08-12T08:46:41.2967527Z,172,,,oasis/bottle,,0,,,,,
,,,,,,,,,,,,,,,13,,,,,,,,,1,,,0,,,,,0,,,,,0,,,,,,,,,,,local.mqtt.telegraf,32,,31.89,,,,,,periodic,,24,,,,,6,5,08a6f76bd428,,,122608,43104,,6,907,,,,,,,,,,,,,908,,,,,08a6f76bd428-908,,,0,,,,,,,272,908,08:A6:F7:6B:D4:28,,,,,,15941,58,31,29,29,2,,,0,29,384,31,3,,,,3625016,1786524401271,3625029,1786524401284,,1786524401247,29,2026-08-12T08:46:42.296664Z,172,,,oasis/bottle,,0,,,,,
,,,,,,,,,,,,,,,13,,,,,,,,,1,,,0,,,,,0,,,,,0,,,,,,,,,,,local.mqtt.telegraf,33,,31.9,,,,,,periodic,,30,,,,,5,5,08a6f76bd428,,,112288,43104,,5,908,,,,,,,,,,,,,909,,,,,08a6f76bd428-909,,,0,,,,,,,273,909,08:A6:F7:6B:D4:28,,,,,,17334,58,31,29,29,2,,,0,29,384,31,3,,,,3626416,1786524402671,3626429,1786524402684,,1786524402641,29,2026-08-12T08:46:43.6994404Z,172,,,oasis/bottle,,0,,,,,
,,,,,,,,,,,,,,,13,,,,,,,,,1,,,0,,,,,0,,,,,0,,,,,,,,,,,local.mqtt.telegraf,33,,31.89,,,,,,periodic,,24,,,,,6,5,08a6f76bd428,,,101312,43104,,5,909,,,,,,,,,,,,,910,,,,,08a6f76bd428-910,,,0,,,,,,,272,910,08:A6:F7:6B:D4:28,,,,,,18921,58,31,29,29,2,,,0,29,384,31,3,,,,3627996,1786524404251,3628009,1786524404264,,1786524404227,28,2026-08-12T08:46:45.2781233Z,172,,,oasis/bottle,,0,,,,,
,,,,,,,,,,,,,,,13,,,,,,,,,1,,,0,,,,,0,,,,,0,,,,,,,,,,,local.mqtt.telegraf,33,,32.06,,,,,,periodic,,24,,,,,6,5,08a6f76bd428,,,91648,43104,,6,910,,,,,,,,,,,,,911,,,,,08a6f76bd428-911,,,0,,,,,,,272,911,08:A6:F7:6B:D4:28,,,,,,20291,58,31,29,29,2,,,0,29,384,31,3,,,,3629366,1786524405621,3629379,1786524405634,,1786524405597,29,2026-08-12T08:46:46.6465835Z,172,,,oasis/bottle,,0,,,,,
,,,,,,,,,,,,,,,14,,,,,,,,,1,,,0,,,,,0,,,,,0,,,,,,,,,,,local.mqtt.telegraf,33,,31.97,,,,,,periodic,,22,,,,,5,5,08a6f76bd428,,,69360,43104,,6,911,,,,,,,,,,,,,912,,,,,08a6f76bd428-912,,,0,,,,,,,273,912,08:A6:F7:6B:D4:28,,,,,,1231,59,32,30,30,2,,,-1,29,394,33,3,,,,3630905,1786524407160,3630919,1786524407174,,1786524407138,29,2026-08-12T08:46:48.2052837Z,176,,,oasis/bottle,,0,,,,,
,,,,,,,,,,,,,,,21,,,,,,,,,1,,,0,,,,,0,,,,,0,,,,,,,,,,,local.mqtt.telegraf,33,,31.95,,,,,,periodic,,23,,,,,5,5,08a6f76bd428,,,60320,43104,,6,912,,,,,,,,,,,,,913,,,,,08a6f76bd428-913,,,0,,,,,,,273,913,08:A6:F7:6B:D4:28,,,,,,2511,59,32,30,30,2,,,-1,29,394,33,3,,,,3632186,1786524408441,3632207,1786524408462,,1786524408418,29,2026-08-12T08:46:49.4785523Z,176,,,oasis/bottle,,0,,,,,
,,,,,,,,,,,,,,,13,,,,,,,,,1,,,0,,,,,0,,,,,0,,,,,,,,,,,local.mqtt.telegraf,33,,32.01,,,,,,periodic,,24,,,,,6,5,08a6f76bd428,,,50640,43104,,5,913,,,,,,,,,,,,,914,,,,,08a6f76bd428-914,,,0,,,,,,,272,914,08:A6:F7:6B:D4:28,,,,,,3871,59,32,30,30,2,,,-1,29,394,33,3,,,,3633546,1786524409801,3633559,1786524409814,,1786524409777,29,2026-08-12T08:46:50.8246687Z,176,,,oasis/bottle,,0,,,,,
,,,,,,,,,,,,,,,13,,,,,,,,,1,,,0,,,,,0,,,,,0,,,,,,,,,,,local.mqtt.telegraf,33,,31.94,,,,,,periodic,,24,,,,,6,5,08a6f76bd428,,,119472,43104,,6,914,,,,,,,,,,,,,915,,,,,08a6f76bd428-915,,,0,,,,,,,272,915,08:A6:F7:6B:D4:28,,,,,,5381,59,32,30,30,2,,,-1,29,394,33,3,,,,3635056,1786524411311,3635069,1786524411324,,1786524411287,29,2026-08-12T08:46:52.3437988Z,176,,,oasis/bottle,,0,,,,,
,,,,,,,,,,,,,,,13,,,,,,,,,1,,,0,,,,,0,,,,,0,,,,,,,,,,,local.mqtt.telegraf,32,,32.02,,,,,,periodic,,24,,,,,6,5,08a6f76bd428,,,110464,43104,,6,915,,,,,,,,,,,,,916,,,,,08a6f76bd428-916,,,0,,,,,,,272,916,08:A6:F7:6B:D4:28,,,,,,6601,59,32,30,30,2,,,-1,29,394,33,3,,,,3636276,1786524412531,3636289,1786524412544,,1786524412507,29,2026-08-12T08:46:53.5650934Z,176,,,oasis/bottle,,0,,,,,
,,,,,,,,,,,,,,,13,,,,,,,,,1,,,0,,,,,0,,,,,0,,,,,,,,,,,local.mqtt.telegraf,32,,31.8,,,,,,periodic,,24,,,,,6,5,08a6f76bd428,,,101456,43104,,6,916,,,,,,,,,,,,,917,,,,,08a6f76bd428-917,,,0,,,,,,,272,917,08:A6:F7:6B:D4:28,,,,,,7841,59,32,30,30,2,,,-1,29,394,33,3,,,,3637516,1786524413771,3637529,1786524413784,,1786524413747,29,2026-08-12T08:46:54.791502Z,176,,,oasis/bottle,,0,,,,,
,,,,,,,,,,,,,,,14,,,,,,,,,1,,,0,,,,,0,,,,,0,,,,,,,,,,,local.mqtt.telegraf,32,,31.94,,,,,,periodic,,24,,,,,6,5,08a6f76bd428,,,92448,43104,,6,917,,,,,,,,,,,,,918,,,,,08a6f76bd428-918,,,0,,,,,,,272,918,08:A6:F7:6B:D4:28,,,,,,9111,59,32,30,30,2,,,-1,29,394,33,3,,,,3638786,1786524415041,3638800,1786524415055,,1786524415017,29,2026-08-12T08:46:56.0757142Z,176,,,oasis/bottle,,0,,,,,
,,,,,,,,,,,,,,,13,,,,,,,,,1,,,0,,,,,0,,,,,0,,,,,,,,,,,local.mqtt.telegraf,32,,31.8,,,,,,periodic,,24,,,,,6,5,08a6f76bd428,,,82784,43104,,6,918,,,,,,,,,,,,,919,,,,,08a6f76bd428-919,,,0,,,,,,,272,919,08:A6:F7:6B:D4:28,,,,,,10451,59,32,30,30,2,,,-1,29,394,33,3,,,,3640126,1786524416381,3640139,1786524416394,,1786524416357,29,2026-08-12T08:46:57.4096286Z,176,,,oasis/bottle,,0,,,,,
,,,,,,,,,,,,,,,13,,,,,,,,,1,,,0,,,,,0,,,,,0,,,,,,,,,,,local.mqtt.telegraf,32,,31.75,,,,,,periodic,,24,,,,,6,5,08a6f76bd428,,,72464,43104,,6,919,,,,,,,,,,,,,920,,,,,08a6f76bd428-920,,,0,,,,,,,272,920,08:A6:F7:6B:D4:28,,,,,,11931,59,32,30,30,2,,,-1,29,394,33,3,,,,3641606,1786524417861,3641619,1786524417874,,1786524417837,29,2026-08-12T08:46:58.8935605Z,176,,,oasis/bottle,,0,,,,,
,,,,,,,,,,,,,,,13,,,,,,,,,1,,,0,,,,,0,,,,,0,,,,,,,,,,,local.mqtt.telegraf,32,,31.86,,,,,,periodic,,24,,,,,6,5,08a6f76bd428,,,64112,43104,,6,920,,,,,,,,,,,,,921,,,,,08a6f76bd428-921,,,0,,,,,,,272,921,08:A6:F7:6B:D4:28,,,,,,13091,59,32,30,30,2,,,-1,29,394,33,3,,,,3642766,1786524419021,3642779,1786524419034,,1786524418997,28,2026-08-12T08:47:00.0477077Z,176,,,oasis/bottle,,0,,,,,
,,,,,,,,,,,,,,,13,,,,,,,,,1,,,0,,,,,0,,,,,0,,,,,,,,,,,local.mqtt.telegraf,32,,31.72,,,,,,periodic,,24,,,,,6,5,08a6f76bd428,,,55760,43104,,6,921,,,,,,,,,,,,,922,,,,,08a6f76bd428-922,,,0,,,,,,,272,922,08:A6:F7:6B:D4:28,,,,,,14211,59,32,30,30,2,,,-1,29,394,33,3,,,,3643886,1786524420141,3643899,1786524420154,,1786524420117,29,2026-08-12T08:47:01.1692873Z,176,,,oasis/bottle,,0,,,,,
,,,,,,,,,,,,,,,13,,,,,,,,,1,,,0,,,,,0,,,,,0,,,,,,,,,,,local.mqtt.telegraf,32,,31.68,,,,,,periodic,,24,,,,,6,5,08a6f76bd428,,,48064,43104,,6,922,,,,,,,,,,,,,923,,,,,08a6f76bd428-923,,,0,,,,,,,272,923,08:A6:F7:6B:D4:28,,,,,,15241,59,32,30,30,2,,,-1,29,394,33,3,,,,3644916,1786524421171,3644929,1786524421184,,1786524421147,28,2026-08-12T08:47:02.1958779Z,176,,,oasis/bottle,,0,,,,,
,,,,,,,,,,,,,,,14,,,,,,,,,1,,,0,,,,,0,,,,,0,,,,,,,,,,,local.mqtt.telegraf,32,,32.02,,,,,,periodic,,24,,,,,6,5,08a6f76bd428,,,117568,43104,,6,923,,,,,,,,,,,,,924,,,,,08a6f76bd428-924,,,0,,,,,,,272,924,08:A6:F7:6B:D4:28,,,,,,16701,59,32,30,30,2,,,-1,29,394,33,3,,,,3646376,1786524422631,3646390,1786524422645,,1786524422607,28,2026-08-12T08:47:03.6614261Z,176,,,oasis/bottle,,0,,,,,
,,,,,,,,,,,,,,,13,,,,,,,,,1,,,0,,,,,0,,,,,0,,,,,,,,,,,local.mqtt.telegraf,32,,31.66,,,,,,periodic,,34,,,,,6,5,08a6f76bd428,,,109216,43104,,6,924,,,,,,,,,,,,,925,,,,,08a6f76bd428-925,,,0,,,,,,,272,925,08:A6:F7:6B:D4:28,,,,,,17821,59,32,30,30,2,,,-1,29,394,33,3,,,,3647506,1786524423761,3647519,1786524423774,,1786524423727,28,2026-08-12T08:47:04.7972164Z,176,,,oasis/bottle,,0,,,,,
,,,,,,,,,,,,,,,13,,,,,,,,,1,,,0,,,,,0,,,,,0,,,,,,,,,,,local.mqtt.telegraf,32,,31.59,,,,,,periodic,,24,,,,,6,5,08a6f76bd428,,,101520,43104,,10,925,,,,,,,,,,,,,926,,,,,08a6f76bd428-926,,,0,,,,,,,272,926,08:A6:F7:6B:D4:28,,,,,,18871,59,32,30,30,2,,,-1,29,394,33,3,,,,3648546,1786524424801,3648559,1786524424814,,1786524424777,28,2026-08-12T08:47:05.8265607Z,176,,,oasis/bottle,,0,,,,,
,,,,,,,,,,,,,,,14,,,,,,,,,1,,,0,,,,,0,,,,,0,,,,,,,,,,,local.mqtt.telegraf,32,,31.63,,,,,,periodic,,24,,,,,6,5,08a6f76bd428,,,91200,43104,,6,926,,,,,,,,,,,,,927,,,,,08a6f76bd428-927,,,0,,,,,,,272,927,08:A6:F7:6B:D4:28,,,,,,20361,59,32,30,30,2,,,-1,29,394,33,3,,,,3650036,1786524426291,3650050,1786524426305,,1786524426267,28,2026-08-12T08:47:07.3294891Z,176,,,oasis/bottle,,0,,,,,
,,,,,,,,,,,,,,,13,,,,,,,,,1,,,0,,,,,0,,,,,0,,,,,,,,,,,local.mqtt.telegraf,32,,31.63,,,,,,periodic,,21,,,,,5,5,08a6f76bd428,,,71488,43104,,7,927,,,,,,,,,,,,,928,,,,,08a6f76bd428-928,,,0,,,,,,,272,928,08:A6:F7:6B:D4:28,,,,,,941,60,49,31,31,18,,,0,30,403,33,3,,,,3651215,1786524427470,3651228,1786524427483,,1786524427449,28,2026-08-12T08:47:08.492367Z,179,,,oasis/bottle,,0,,,,,
,,,,,,,,,,,,,,,13,,,,,,,,,1,,,0,,,,,0,,,,,0,,,,,,,,,,,local.mqtt.telegraf,32,,31.63,,,,,,periodic,,23,,,,,6,5,08a6f76bd428,,,63136,43104,,6,928,,,,,,,,,,,,,929,,,,,08a6f76bd428-929,,,0,,,,,,,272,929,08:A6:F7:6B:D4:28,,,,,,2091,60,49,31,31,18,,,0,30,403,33,3,,,,3652366,1786524428621,3652379,1786524428634,,1786524428598,28,2026-08-12T08:47:09.645375Z,179,,,oasis/bottle,,0,,,,,
,,,,,,,,,,,,,,,13,,,,,,,,,1,,,0,,,,,0,,,,,0,,,,,,,,,,,local.mqtt.telegraf,32,,31.48,,,,,,periodic,,23,,,,,6,5,08a6f76bd428,,,54784,43104,,6,929,,,,,,,,,,,,,930,,,,,08a6f76bd428-930,,,0,,,,,,,272,930,08:A6:F7:6B:D4:28,,,,,,3191,60,49,31,31,18,,,0,30,403,33,3,,,,3653466,1786524429721,3653479,1786524429734,,1786524429698,28,2026-08-12T08:47:10.7438258Z,179,,,oasis/bottle,,0,,,,,
,,,,,,,,,,,,,,,13,,,,,,,,,1,,,0,,,,,0,,,,,0,,,,,,,,,,,local.mqtt.telegraf,32,,31.6,,,,,,periodic,,23,,,,,6,5,08a6f76bd428,,,46256,43104,,6,930,,,,,,,,,,,,,931,,,,,08a6f76bd428-931,,,0,,,,,,,272,931,08:A6:F7:6B:D4:28,,,,,,4231,60,49,31,31,18,,,0,30,403,33,3,,,,3654506,1786524430761,3654519,1786524430774,,1786524430738,28,2026-08-12T08:47:11.7915963Z,179,,,oasis/bottle,,0,,,,,
,,,,,,,,,,,,,,,13,,,,,,,,,1,,,0,,,,,0,,,,,0,,,,,,,,,,,local.mqtt.telegraf,32,,31.78,,,,,,periodic,,33,,,,,6,5,08a6f76bd428,,,115568,43104,,6,931,,,,,,,,,,,,,932,,,,,08a6f76bd428-932,,,0,,,,,,,272,932,08:A6:F7:6B:D4:28,,,,,,5671,60,49,31,31,18,,,0,30,403,33,3,,,,3655956,1786524432211,3655969,1786524432224,,1786524432178,28,2026-08-12T08:47:13.2468128Z,179,,,oasis/bottle,,0,,,,,
,,,,,,,,,,,,,,,13,,,,,,,,,1,,,0,,,,,0,,,,,0,,,,,,,,,,,local.mqtt.telegraf,32,,31.66,,,,,,periodic,,23,,,,,6,5,08a6f76bd428,,,107216,43104,,11,932,,,,,,,,,,,,,933,,,,,08a6f76bd428-933,,,0,,,,,,,272,933,08:A6:F7:6B:D4:28,,,,,,6751,60,49,31,31,18,,,0,30,403,33,3,,,,3657026,1786524433281,3657039,1786524433294,,1786524433258,28,2026-08-12T08:47:14.316069Z,179,,,oasis/bottle,,0,,,,,
,,,,,,,,,,,,,,,13,,,,,,,,,1,,,0,,,,,0,,,,,0,,,,,,,,,,,local.mqtt.telegraf,32,,31.74,,,,,,periodic,,23,,,,,6,5,08a6f76bd428,,,96240,43104,,6,933,,,,,,,,,,,,,934,,,,,08a6f76bd428-934,,,0,,,,,,,272,934,08:A6:F7:6B:D4:28,,,,,,8301,60,49,31,31,18,,,0,30,403,33,3,,,,3658576,1786524434831,3658589,1786524434844,,1786524434808,28,2026-08-12T08:47:15.8609869Z,179,,,oasis/bottle,,0,,,,,
,,,,,,,,,,,,,,,13,,,,,,,,,1,,,0,,,,,0,,,,,0,,,,,,,,,,,local.mqtt.telegraf,32,,31.79,,,,,,periodic,,23,,,,,6,5,08a6f76bd428,,,86576,43104,,6,934,,,,,,,,,,,,,935,,,,,08a6f76bd428-935,,,0,,,,,,,272,935,08:A6:F7:6B:D4:28,,,,,,9601,60,49,31,31,18,,,0,30,403,33,3,,,,3659876,1786524436131,3659889,1786524436144,,1786524436108,28,2026-08-12T08:47:17.1643825Z,179,,,oasis/bottle,,0,,,,,
,,,,,,,,,,,,,,,13,,,,,,,,,1,,,0,,,,,0,,,,,0,,,,,,,,,,,local.mqtt.telegraf,32,,31.76,,,,,,periodic,,29,,,,,5,5,08a6f76bd428,,,76256,43104,,6,935,,,,,,,,,,,,,936,,,,,08a6f76bd428-936,,,0,,,,,,,273,936,08:A6:F7:6B:D4:28,,,,,,10994,60,49,31,31,18,,,0,30,403,33,3,,,,3661276,1786524437531,3661289,1786524437544,,1786524437502,28,2026-08-12T08:47:18.5648017Z,179,,,oasis/bottle,,0,,,,,
,,,,,,,,,,,,,,,22,,,,,,,,,1,,,0,,,,,0,,,,,0,,,,,,,,,,,local.mqtt.telegraf,32,,31.9,,,,,,periodic,,23,,,,,6,5,08a6f76bd428,,,65280,43104,,6,936,,,,,,,,,,,,,937,,,,,08a6f76bd428-937,,,0,,,,,,,272,937,08:A6:F7:6B:D4:28,,,,,,12581,60,49,31,31,18,,,0,30,403,33,3,,,,3662856,1786524439111,3662878,1786524439133,,1786524439088,28,2026-08-12T08:47:20.1467958Z,179,,,oasis/bottle,,0,,,,,
,,,,,,,,,,,,,,,13,,,,,,,,,1,,,0,,,,,0,,,,,0,,,,,,,,,,,local.mqtt.telegraf,32,,31.72,,,,,,periodic,,23,,,,,6,5,08a6f76bd428,,,55616,43104,,6,937,,,,,,,,,,,,,938,,,,,08a6f76bd428-938,,,0,,,,,,,272,938,08:A6:F7:6B:D4:28,,,,,,13951,60,49,31,31,18,,,0,30,403,33,3,,,,3664226,1786524440481,3664239,1786524440494,,1786524440458,28,2026-08-12T08:47:21.5110857Z,179,,,oasis/bottle,,0,,,,,
,,,,,,,,,,,,,,,13,,,,,,,,,1,,,0,,,,,0,,,,,0,,,,,,,,,,,local.mqtt.telegraf,32,,31.74,,,,,,periodic,,33,,,,,6,5,08a6f76bd428,,,44640,43104,,6,938,,,,,,,,,,,,,939,,,,,08a6f76bd428-939,,,0,,,,,,,272,939,08:A6:F7:6B:D4:28,,,,,,15491,60,49,31,31,18,,,0,30,403,33,3,,,,3665776,1786524442031,3665789,1786524442044,,1786524441998,28,2026-08-12T08:47:23.0655605Z,179,,,oasis/bottle,,0,,,,,
,,,,,,,,,,,,,,,13,,,,,,,,,1,,,0,,,,,0,,,,,0,,,,,,,,,,,local.mqtt.telegraf,32,,31.87,,,,,,periodic,,22,,,,,5,5,08a6f76bd428,,,114336,43104,,6,939,,,,,,,,,,,,,940,,,,,08a6f76bd428-940,,,0,,,,,,,272,940,08:A6:F7:6B:D4:28,,,,,,16781,60,49,31,31,18,,,0,30,403,33,3,,,,3667056,1786524443311,3667069,1786524443324,,1786524443289,28,2026-08-12T08:47:24.3458613Z,179,,,oasis/bottle,,0,,,,,
,,,,,,,,,,,,,,,14,,,,,,,,,1,,,0,,,,,0,,,,,0,,,,,,,,,,,local.mqtt.telegraf,32,,31.66,,,,,,periodic,,23,,,,,6,5,08a6f76bd428,,,104672,43104,,6,940,,,,,,,,,,,,,941,,,,,08a6f76bd428-941,,,0,,,,,,,272,941,08:A6:F7:6B:D4:28,,,,,,18151,60,49,31,31,18,,,0,30,403,33,3,,,,3668426,1786524444681,3668440,1786524444695,,1786524444658,28,2026-08-12T08:47:25.7119382Z,179,,,oasis/bottle,,0,,,,,
,,,,,,,,,,,,,,,13,,,,,,,,,1,,,0,,,,,0,,,,,0,,,,,,,,,,,local.mqtt.telegraf,32,,32.01,,,,,,periodic,,22,,,,,5,5,08a6f76bd428,,,93696,43104,,6,941,,,,,,,,,,,,,942,,,,,08a6f76bd428-942,,,0,,,,,,,272,942,08:A6:F7:6B:D4:28,,,,,,19681,60,49,31,31,18,,,0,30,403,33,3,,,,3669956,1786524446211,3669969,1786524446224,,1786524446189,28,2026-08-12T08:47:27.249828Z,179,,,oasis/bottle,,0,,,,,
,,,,,,,,,,,,,,,13,,,,,,,,,1,,,0,,,,,0,,,,,0,,,,,,,,,,,local.mqtt.telegraf,32,,32.06,,,,,,periodic,,22,,,,,5,5,08a6f76bd428,,,73376,43104,,6,942,,,,,,,,,,,,,943,,,,,08a6f76bd428-943,,,0,,,,,,,273,943,08:A6:F7:6B:D4:28,,,,,,511,61,32,31,31,1,,,0,29,394,33,3,,,,3671215,1786524447470,3671228,1786524447483,,1786524447448,28,2026-08-12T08:47:28.5000516Z,182,,,oasis/bottle,,0,,,,,
,,,,,,,,,,,,,,,13,,,,,,,,,1,,,0,,,,,0,,,,,0,,,,,,,,,,,local.mqtt.telegraf,32,,32.06,,,,,,periodic,,24,,,,,6,5,08a6f76bd428,,,63712,43104,,6,943,,,,,,,,,,,,,944,,,,,08a6f76bd428-944,,,0,,,,,,,272,944,08:A6:F7:6B:D4:28,,,,,,1831,61,32,31,31,1,,,0,29,394,33,3,,,,3672536,1786524448791,3672549,1786524448804,,1786524448767,28,2026-08-12T08:47:29.8132299Z,182,,,oasis/bottle,,0,,,,,
,,,,,,,,,,,,,,,14,,,,,,,,,1,,,0,,,,,0,,,,,0,,,,,,,,,,,local.mqtt.telegraf,32,,32.03,,,,,,periodic,,24,,,,,6,5,08a6f76bd428,,,53392,43104,,6,944,,,,,,,,,,,,,945,,,,,08a6f76bd428-945,,,0,,,,,,,272,945,08:A6:F7:6B:D4:28,,,,,,3271,61,32,31,31,1,,,0,29,394,33,3,,,,3673976,1786524450231,3673990,1786524450245,,1786524450207,28,2026-08-12T08:47:31.2559224Z,182,,,oasis/bottle,,0,,,,,
,,,,,,,,,,,,,,,13,,,,,,,,,1,,,0,,,,,0,,,,,0,,,,,,,,,,,local.mqtt.telegraf,32,,32.14,,,,,,periodic,,34,,,,,6,5,08a6f76bd428,,,45040,43104,,6,945,,,,,,,,,,,,,946,,,,,08a6f76bd428-946,,,0,,,,,,,272,946,08:A6:F7:6B:D4:28,,,,,,4341,61,32,31,31,1,,,0,29,394,33,3,,,,3675056,1786524451311,3675069,1786524451324,,1786524451277,28,2026-08-12T08:47:32.3384526Z,182,,,oasis/bottle,,0,,,,,
,,,,,,,,,,,,,,,13,,,,,,,,,1,,,0,,,,,0,,,,,0,,,,,,,,,,,local.mqtt.telegraf,32,,31.93,,,,,,periodic,,24,,,,,6,5,08a6f76bd428,,,112928,43104,,5,946,,,,,,,,,,,,,947,,,,,08a6f76bd428-947,,,0,,,,,,,272,947,08:A6:F7:6B:D4:28,,,,,,5891,61,32,31,31,1,,,0,29,394,33,3,,,,3676596,1786524452851,3676609,1786524452864,,1786524452827,28,2026-08-12T08:47:33.8872899Z,182,,,oasis/bottle,,0,,,,,
,,,,,,,,,,,,,,,13,,,,,,,,,1,,,0,,,,,0,,,,,0,,,,,,,,,,,local.mqtt.telegraf,32,,31.79,,,,,,periodic,,24,,,,,6,5,08a6f76bd428,,,103264,43104,,6,947,,,,,,,,,,,,,948,,,,,08a6f76bd428-948,,,0,,,,,,,272,948,08:A6:F7:6B:D4:28,,,,,,7181,61,32,31,31,1,,,0,29,394,33,3,,,,3677886,1786524454141,3677899,1786524454154,,1786524454117,28,2026-08-12T08:47:35.1750077Z,182,,,oasis/bottle,,0,,,,,
,,,,,,,,,,,,,,,14,,,,,,,,,1,,,0,,,,,0,,,,,0,,,,,,,,,,,local.mqtt.telegraf,32,,32.09,,,,,,periodic,,24,,,,,6,5,08a6f76bd428,,,93600,43104,,6,948,,,,,,,,,,,,,949,,,,,08a6f76bd428-949,,,0,,,,,,,272,949,08:A6:F7:6B:D4:28,,,,,,8561,61,32,31,31,1,,,0,29,394,33,3,,,,3679266,1786524455521,3679280,1786524455535,,1786524455497,28,2026-08-12T08:47:36.567624Z,182,,,oasis/bottle,,0,,,,,
,,,,,,,,,,,,,,,14,,,,,,,,,1,,,0,,,,,0,,,,,0,,,,,,,,,,,local.mqtt.telegraf,32,,32.05,,,,,,periodic,,24,,,,,6,5,08a6f76bd428,,,82624,43104,,6,949,,,,,,,,,,,,,950,,,,,08a6f76bd428-950,,,0,,,,,,,272,950,08:A6:F7:6B:D4:28,,,,,,10121,61,32,31,31,1,,,0,29,394,33,3,,,,3680826,1786524457081,3680840,1786524457095,,1786524457057,28,2026-08-12T08:47:38.1168452Z,182,,,oasis/bottle,,0,,,,,
,,,,,,,,,,,,,,,13,,,,,,,,,1,,,0,,,,,0,,,,,0,,,,,,,,,,,local.mqtt.telegraf,32,,32.02,,,,,,periodic,,24,,,,,6,5,08a6f76bd428,,,72960,43104,,6,950,,,,,,,,,,,,,951,,,,,08a6f76bd428-951,,,0,,,,,,,272,951,08:A6:F7:6B:D4:28,,,,,,11431,61,32,31,31,1,,,0,29,394,33,3,,,,3682136,1786524458391,3682149,1786524458404,,1786524458367,28,2026-08-12T08:47:39.4128064Z,182,,,oasis/bottle,,0,,,,,
,,,,,,,,,,,,,,,13,,,,,,,,,1,,,0,,,,,0,,,,,0,,,,,,,,,,,local.mqtt.telegraf,32,,31.86,,,,,,periodic,,34,,,,,6,5,08a6f76bd428,,,62640,43104,,6,951,,,,,,,,,,,,,952,,,,,08a6f76bd428-952,,,0,,,,,,,272,952,08:A6:F7:6B:D4:28,,,,,,12851,61,32,31,31,1,,,0,29,394,33,3,,,,3683566,1786524459821,3683579,1786524459834,,1786524459787,28,2026-08-12T08:47:40.8568817Z,182,,,oasis/bottle,,0,,,,,
,,,,,,,,,,,,,,,13,,,,,,,,,1,,,0,,,,,0,,,,,0,,,,,,,,,,,local.mqtt.telegraf,32,,32.01,,,,,,periodic,,24,,,,,6,5,08a6f76bd428,,,54944,43104,,10,952,,,,,,,,,,,,,953,,,,,08a6f76bd428-953,,,0,,,,,,,272,953,08:A6:F7:6B:D4:28,,,,,,13901,61,32,31,31,1,,,0,29,394,33,3,,,,3684606,1786524460861,3684619,1786524460874,,1786524460837,28,2026-08-12T08:47:41.8962354Z,182,,,oasis/bottle,,0,,,,,
,,,,,,,,,,,,,,,14,,,,,,,,,1,,,0,,,,,0,,,,,0,,,,,,,,,,,local.mqtt.telegraf,32,,32.02,,,,,,periodic,,34,,,,,6,5,08a6f76bd428,,,44624,43104,,6,953,,,,,,,,,,,,,954,,,,,08a6f76bd428-954,,,0,,,,,,,272,954,08:A6:F7:6B:D4:28,,,,,,15391,61,32,31,31,1,,,0,29,394,33,3,,,,3686106,1786524462361,3686120,1786524462375,,1786524462327,28,2026-08-12T08:47:43.390708Z,182,,,oasis/bottle,,0,,,,,
,,,,,,,,,,,,,,,14,,,,,,,,,1,,,0,,,,,0,,,,,0,,,,,,,,,,,local.mqtt.telegraf,32,,32.01,,,,,,periodic,,24,,,,,6,5,08a6f76bd428,,,114992,43104,,6,954,,,,,,,,,,,,,955,,,,,08a6f76bd428-955,,,0,,,,,,,272,955,08:A6:F7:6B:D4:28,,,,,,16581,61,32,31,31,1,,,0,29,394,33,3,,,,3687286,1786524463541,3687300,1786524463555,,1786524463517,28,2026-08-12T08:47:44.5660723Z,182,,,oasis/bottle,,0,,,,,
,,,,,,,,,,,,,,,13,,,,,,,,,1,,,0,,,,,0,,,,,0,,,,,,,,,,,local.mqtt.telegraf,32,,32.01,,,,,,periodic,,24,,,,,6,5,08a6f76bd428,,,106640,43104,,7,955,,,,,,,,,,,,,956,,,,,08a6f76bd428-956,,,0,,,,,,,272,956,08:A6:F7:6B:D4:28,,,,,,17741,61,32,31,31,1,,,0,29,394,33,3,,,,3688446,1786524464701,3688459,1786524464714,,1786524464677,28,2026-08-12T08:47:45.7316723Z,182,,,oasis/bottle,,0,,,,,
,,,,,,,,,,,,,,,13,,,,,,,,,1,,,0,,,,,0,,,,,0,,,,,,,,,,,local.mqtt.telegraf,32,,31.95,,,,,,periodic,,23,,,,,5,5,08a6f76bd428,,,98288,43104,,6,956,,,,,,,,,,,,,957,,,,,08a6f76bd428-957,,,0,,,,,,,272,957,08:A6:F7:6B:D4:28,,,,,,18861,61,32,31,31,1,,,0,29,394,33,3,,,,3689566,1786524465821,3689579,1786524465834,,1786524465798,28,2026-08-12T08:47:46.847841Z,182,,,oasis/bottle,,0,,,,,
,,,,,,,,,,,,,,,14,,,,,,,,,1,,,0,,,,,0,,,,,0,,,,,,,,,,,local.mqtt.telegraf,32,,32.03,,,,,,periodic,,24,,,,,6,5,08a6f76bd428,,,90592,43104,,6,957,,,,,,,,,,,,,958,,,,,08a6f76bd428-958,,,0,,,,,,,272,958,08:A6:F7:6B:D4:28,,,,,,19901,61,32,31,31,1,,,0,29,394,33,3,,,,3690606,1786524466861,3690620,1786524466875,,1786524466837,28,2026-08-12T08:47:47.8863628Z,182,,,oasis/bottle,,0,,,,,
,,,,,,,,,,,,,,,13,,,,,,,,,1,,,0,,,,,0,,,,,0,,,,,,,,,,,local.mqtt.telegraf,32,,32.03,,,,,,periodic,,22,,,,,5,5,08a6f76bd428,,,68960,43104,,6,958,,,,,,,,,,,,,959,,,,,08a6f76bd428-959,,,0,,,,,,,273,959,08:A6:F7:6B:D4:28,,,,,,951,62,32,31,31,1,,,0,30,394,33,3,,,,3692085,1786524468340,3692098,1786524468353,,1786524468318,28,2026-08-12T08:47:49.3776912Z,185,,,oasis/bottle,,0,,,,,
,,,,,,,,,,,,,,,13,,,,,,,,,1,,,0,,,,,0,,,,,0,,,,,,,,,,,local.mqtt.telegraf,32,,32.02,,,,,,periodic,,24,,,,,6,5,08a6f76bd428,,,60608,43104,,6,959,,,,,,,,,,,,,960,,,,,08a6f76bd428-960,,,0,,,,,,,272,960,08:A6:F7:6B:D4:28,,,,,,2101,62,32,31,31,1,,,0,30,394,33,3,,,,3693236,1786524469491,3693249,1786524469504,,1786524469467,28,2026-08-12T08:47:50.5129333Z,185,,,oasis/bottle,,0,,,,,
,,,,,,,,,,,,,,,13,,,,,,,,,1,,,0,,,,,0,,,,,0,,,,,,,,,,,local.mqtt.telegraf,32,,32.15,,,,,,periodic,,23,,,,,5,5,08a6f76bd428,,,51424,43104,,6,960,,,,,,,,,,,,,961,,,,,08a6f76bd428-961,,,0,,,,,,,272,961,08:A6:F7:6B:D4:28,,,,,,3251,62,32,31,31,1,,,0,30,394,33,3,,,,3694386,1786524470641,3694399,1786524470654,,1786524470618,28,2026-08-12T08:47:51.6790174Z,185,,,oasis/bottle,,0,,,,,
,,,,,,,,,,,,,,,13,,,,,,,,,1,,,0,,,,,0,,,,,0,,,,,,,,,,,local.mqtt.telegraf,32,,32.05,,,,,,periodic,,34,,,,,12,5,08a6f76bd428,,,43728,43104,,6,961,,,,,,,,,,,,,962,,,,,08a6f76bd428-962,,,0,,,,,,,272,962,08:A6:F7:6B:D4:28,,,,,,4301,62,32,31,31,1,,,0,30,394,33,3,,,,3695446,1786524471701,3695459,1786524471714,,1786524471667,28,2026-08-12T08:47:52.7359683Z,185,,,oasis/bottle,,0,,,,,
,,,,,,,,,,,,,,,14,,,,,,,,,1,,,0,,,,,0,,,,,0,,,,,,,,,,,local.mqtt.telegraf,32,,32.02,,,,,,periodic,,23,,,,,5,5,08a6f76bd428,,,111888,43104,,8,962,,,,,,,,,,,,,963,,,,,08a6f76bd428-963,,,0,,,,,,,272,963,08:A6:F7:6B:D4:28,,,,,,5811,62,32,31,31,1,,,0,30,394,33,3,,,,3696946,1786524473201,3696960,1786524473215,,1786524473178,28,2026-08-12T08:47:54.2221415Z,185,,,oasis/bottle,,0,,,,,
,,,,,,,,,,,,,,,13,,,,,,,,,1,,,0,,,,,0,,,,,0,,,,,,,,,,,local.mqtt.telegraf,32,,32.02,,,,,,periodic,,24,,,,,6,5,08a6f76bd428,,,102880,43104,,7,963,,,,,,,,,,,,,964,,,,,08a6f76bd428-964,,,0,,,,,,,272,964,08:A6:F7:6B:D4:28,,,,,,7021,62,32,31,31,1,,,0,30,394,33,3,,,,3698156,1786524474411,3698169,1786524474424,,1786524474387,28,2026-08-12T08:47:55.444679Z,185,,,oasis/bottle,,0,,,,,
,,,,,,,,,,,,,,,13,,,,,,,,,1,,,0,,,,,0,,,,,0,,,,,,,,,,,local.mqtt.telegraf,32,,32.02,,,,,,periodic,,33,,,,,5,5,08a6f76bd428,,,93872,43104,,6,964,,,,,,,,,,,,,965,,,,,08a6f76bd428-965,,,0,,,,,,,272,965,08:A6:F7:6B:D4:28,,,,,,8231,62,32,31,31,1,,,0,30,394,33,3,,,,3699376,1786524475631,3699389,1786524475644,,1786524475598,28,2026-08-12T08:47:56.6696592Z,185,,,oasis/bottle,,0,,,,,
,,,,,,,,,,,,,,,13,,,,,,,,,1,,,0,,,,,0,,,,,0,,,,,,,,,,,local.mqtt.telegraf,32,,32.02,,,,,,periodic,,34,,,,,6,5,08a6f76bd428,,,84864,43104,,10,965,,,,,,,,,,,,,966,,,,,08a6f76bd428-966,,,0,,,,,,,272,966,08:A6:F7:6B:D4:28,,,,,,9461,62,32,31,31,1,,,0,30,394,33,3,,,,3700606,1786524476861,3700619,1786524476874,,1786524476827,28,2026-08-12T08:47:57.8947435Z,185,,,oasis/bottle,,0,,,,,
,,,,,,,,,,,,,,,14,,,,,,,,,1,,,0,,,,,0,,,,,0,,,,,,,,,,,local.mqtt.telegraf,32,,31.9,,,,,,periodic,,24,,,,,6,5,08a6f76bd428,,,75856,43104,,9,966,,,,,,,,,,,,,967,,,,,08a6f76bd428-967,,,0,,,,,,,272,967,08:A6:F7:6B:D4:28,,,,,,10721,62,32,31,31,1,,,0,30,394,33,3,,,,3701856,1786524478111,3701870,1786524478125,,1786524478087,28,2026-08-12T08:47:59.1516892Z,185,,,oasis/bottle,,0,,,,,
,,,,,,,,,,,,,,,13,,,,,,,,,1,,,0,,,,,0,,,,,0,,,,,,,,,,,local.mqtt.telegraf,32,,31.94,,,,,,periodic,,24,,,,,6,5,08a6f76bd428,,,66192,43104,,8,967,,,,,,,,,,,,,968,,,,,08a6f76bd428-968,,,0,,,,,,,272,968,08:A6:F7:6B:D4:28,,,,,,12031,62,32,31,31,1,,,0,30,394,33,3,,,,3703166,1786524479421,3703179,1786524479434,,1786524479397,28,2026-08-12T08:48:00.4496683Z,185,,,oasis/bottle,,0,,,,,
,,,,,,,,,,,,,,,13,,,,,,,,,1,,,0,,,,,0,,,,,0,,,,,,,,,,,local.mqtt.telegraf,32,,32.03,,,,,,periodic,,24,,,,,6,5,08a6f76bd428,,,55872,43104,,6,968,,,,,,,,,,,,,969,,,,,08a6f76bd428-969,,,0,,,,,,,272,969,08:A6:F7:6B:D4:28,,,,,,13451,62,32,31,31,1,,,0,30,394,33,3,,,,3704586,1786524480841,3704599,1786524480854,,1786524480817,28,2026-08-12T08:48:01.8654192Z,185,,,oasis/bottle,,0,,,,,
,,,,,,,,,,,,,,,13,,,,,,,,,1,,,0,,,,,0,,,,,0,,,,,,,,,,,local.mqtt.telegraf,32,,32.01,,,,,,periodic,,24,,,,,6,5,08a6f76bd428,,,48176,43104,,6,969,,,,,,,,,,,,,970,,,,,08a6f76bd428-970,,,0,,,,,,,272,970,08:A6:F7:6B:D4:28,,,,,,14481,62,32,31,31,1,,,0,30,394,33,3,,,,3705616,1786524481871,3705629,1786524481884,,1786524481847,28,2026-08-12T08:48:02.9031539Z,185,,,oasis/bottle,,0,,,,,
,,,,,,,,,,,,,,,13,,,,,,,,,1,,,0,,,,,0,,,,,0,,,,,,,,,,,local.mqtt.telegraf,32,,32.03,,,,,,periodic,,23,,,,,5,5,08a6f76bd428,,,117920,43104,,6,970,,,,,,,,,,,,,971,,,,,08a6f76bd428-971,,,0,,,,,,,272,971,08:A6:F7:6B:D4:28,,,,,,15941,62,32,31,31,1,,,0,30,394,33,3,,,,3707076,1786524483331,3707089,1786524483344,,1786524483308,28,2026-08-12T08:48:04.3583667Z,185,,,oasis/bottle,,0,,,,,
,,,,,,,,,,,,,,,13,,,,,,,,,1,,,0,,,,,0,,,,,0,,,,,,,,,,,local.mqtt.telegraf,32,,32.02,,,,,,periodic,,24,,,,,6,5,08a6f76bd428,,,109568,43104,,6,971,,,,,,,,,,,,,972,,,,,08a6f76bd428-972,,,0,,,,,,,272,972,08:A6:F7:6B:D4:28,,,,,,17061,62,32,31,31,1,,,0,30,394,33,3,,,,3708196,1786524484451,3708209,1786524484464,,1786524484427,28,2026-08-12T08:48:05.4736786Z,185,,,oasis/bottle,,0,,,,,
,,,,,,,,,,,,,,,14,,,,,,,,,1,,,0,,,,,0,,,,,0,,,,,,,,,,,local.mqtt.telegraf,32,,32.02,,,,,,periodic,,23,,,,,5,5,08a6f76bd428,,,101872,43104,,6,972,,,,,,,,,,,,,973,,,,,08a6f76bd428-973,,,0,,,,,,,272,973,08:A6:F7:6B:D4:28,,,,,,18101,62,32,31,31,1,,,0,30,394,33,3,,,,3709236,1786524485491,3709250,1786524485505,,1786524485468,28,2026-08-12T08:48:06.5278055Z,185,,,oasis/bottle,,0,,,,,
,,,,,,,,,,,,,,,13,,,,,,,,,1,,,0,,,,,0,,,,,0,,,,,,,,,,,local.mqtt.telegraf,32,,31.94,,,,,,periodic,,24,,,,,6,5,08a6f76bd428,,,91552,43104,,6,973,,,,,,,,,,,,,974,,,,,08a6f76bd428-974,,,0,,,,,,,272,974,08:A6:F7:6B:D4:28,,,,,,19581,62,32,31,31,1,,,0,30,394,33,3,,,,3710716,1786524486971,3710729,1786524486984,,1786524486947,28,2026-08-12T08:48:08.0069372Z,185,,,oasis/bottle,,0,,,,,
,,,,,,,,,,,,,,,13,,,,,,,,,1,,,0,,,,,0,,,,,0,,,,,,,,,,,local.mqtt.telegraf,32,,32.09,,,,,,periodic,,17,,,,,6,5,08a6f76bd428,,,70576,43104,,6,974,,,,,,,,,,,,,975,,,,,08a6f76bd428-975,,,0,,,,,,,273,975,08:A6:F7:6B:D4:28,,,,,,331,63,42,22,22,20,,,0,22,415,24,3,,,,3712076,1786524488331,3712089,1786524488344,,1786524488314,28,2026-08-12T08:48:09.3695578Z,189,,,oasis/bottle,,0,,,,,
,,,,,,,,,,,,,,,13,,,,,,,,,1,,,0,,,,,0,,,,,0,,,,,,,,,,,local.mqtt.telegraf,32,,31.83,,,,,,periodic,,19,,,,,6,5,08a6f76bd428,,,60912,43104,,5,975,,,,,,,,,,,,,976,,,,,08a6f76bd428-976,,,0,,,,,,,272,976,08:A6:F7:6B:D4:28,,,,,,1640,63,42,22,22,20,,,0,22,415,24,3,,,,3713386,1786524489641,3713399,1786524489654,,1786524489622,28,2026-08-12T08:48:10.6777496Z,189,,,oasis/bottle,,0,,,,,
,,,,,,,,,,,,,,,13,,,,,,,,,1,,,0,,,,,0,,,,,0,,,,,,,,,,,local.mqtt.telegraf,32,,31.9,,,,,,periodic,,19,,,,,6,5,08a6f76bd428,,,50592,43104,,6,976,,,,,,,,,,,,,977,,,,,08a6f76bd428-977,,,0,,,,,,,272,977,08:A6:F7:6B:D4:28,,,,,,3060,63,42,22,22,20,,,0,22,415,24,3,,,,3714806,1786524491061,3714819,1786524491074,,1786524491042,28,2026-08-12T08:48:12.095382Z,189,,,oasis/bottle,,0,,,,,
,,,,,,,,,,,,,,,13,,,,,,,,,1,,,0,,,,,0,,,,,0,,,,,,,,,,,local.mqtt.telegraf,32,,31.85,,,,,,periodic,,18,,,,,5,5,08a6f76bd428,,,122528,43104,,6,977,,,,,,,,,,,,,978,,,,,08a6f76bd428-978,,,0,,,,,,,272,978,08:A6:F7:6B:D4:28,,,,,,4100,63,42,22,22,20,,,0,22,415,24,3,,,,3715846,1786524492101,3715859,1786524492114,,1786524492083,28,2026-08-12T08:48:13.1282776Z,189,,,oasis/bottle,,0,,,,,
,,,,,,,,,,,,,,,14,,,,,,,,,1,,,0,,,,,0,,,,,0,,,,,,,,,,,local.mqtt.telegraf,32,,31.98,,,,,,periodic,,18,,,,,5,5,08a6f76bd428,,,112208,43104,,5,978,,,,,,,,,,,,,979,,,,,08a6f76bd428-979,,,0,,,,,,,272,979,08:A6:F7:6B:D4:28,,,,,,5580,63,42,22,22,20,,,0,22,415,24,3,,,,3717326,1786524493581,3717340,1786524493595,,1786524493563,28,2026-08-12T08:48:14.6269993Z,189,,,oasis/bottle,,0,,,,,
,,,,,,,,,,,,,,,13,,,,,,,,,1,,,0,,,,,0,,,,,0,,,,,,,,,,,local.mqtt.telegraf,32,,31.9,,,,,,periodic,,19,,,,,6,5,08a6f76bd428,,,103856,43104,,6,979,,,,,,,,,,,,,980,,,,,08a6f76bd428-980,,,0,,,,,,,272,980,08:A6:F7:6B:D4:28,,,,,,6730,63,42,22,22,20,,,0,22,415,24,3,,,,3718476,1786524494731,3718489,1786524494744,,1786524494712,28,2026-08-12T08:48:15.7661042Z,189,,,oasis/bottle,,0,,,,,
,,,,,,,,,,,,,,,13,,,,,,,,,1,,,0,,,,,0,,,,,0,,,,,,,,,,,local.mqtt.telegraf,32,,32.05,,,,,,periodic,,20,,,,,6,5,08a6f76bd428,,,95504,43104,,6,980,,,,,,,,,,,,,981,,,,,08a6f76bd428-981,,,0,,,,,,,272,981,08:A6:F7:6B:D4:28,,,,,,7830,63,42,22,22,20,,,0,22,415,24,3,,,,3719577,1786524495832,3719590,1786524495845,,1786524495812,28,2026-08-12T08:48:16.8625709Z,189,,,oasis/bottle,,0,,,,,
,,,,,,,,,,,,,,,13,,,,,,,,,1,,,0,,,,,0,,,,,0,,,,,,,,,,,local.mqtt.telegraf,32,,31.86,,,,,,periodic,,19,,,,,6,5,08a6f76bd428,,,87808,43104,,8,981,,,,,,,,,,,,,982,,,,,08a6f76bd428-982,,,0,,,,,,,272,982,08:A6:F7:6B:D4:28,,,,,,8830,63,42,22,22,20,,,0,22,415,24,3,,,,3720576,1786524496831,3720589,1786524496844,,1786524496812,28,2026-08-12T08:48:17.8619751Z,189,,,oasis/bottle,,0,,,,,
,,,,,,,,,,,,,,,13,,,,,,,,,1,,,0,,,,,0,,,,,0,,,,,,,,,,,local.mqtt.telegraf,32,,32.11,,,,,,periodic,,26,,,,,6,5,08a6f76bd428,,,77568,43104,,6,982,,,,,,,,,,,,,983,,,,,08a6f76bd428-983,,,0,,,,,,,273,983,08:A6:F7:6B:D4:28,,,,,,10222,63,42,22,22,20,,,0,22,415,24,3,,,,3721976,1786524498231,3721989,1786524498244,,1786524498205,28,2026-08-12T08:48:19.2644019Z,189,,,oasis/bottle,,0,,,,,
,,,,,,,,,,,,,,,13,,,,,,,,,1,,,0,,,,,0,,,,,0,,,,,,,,,,,local.mqtt.telegraf,32,,31.95,,,,,,periodic,,19,,,,,6,5,08a6f76bd428,,,66464,43104,,6,983,,,,,,,,,,,,,984,,,,,08a6f76bd428-984,,,0,,,,,,,272,984,08:A6:F7:6B:D4:28,,,,,,11810,63,42,22,22,20,,,0,22,415,24,3,,,,3723556,1786524499811,3723569,1786524499824,,1786524499792,28,2026-08-12T08:48:20.8547504Z,189,,,oasis/bottle,,0,,,,,
,,,,,,,,,,,,,,,13,,,,,,,,,1,,,0,,,,,0,,,,,0,,,,,,,,,,,local.mqtt.telegraf,32,,32.02,,,,,,periodic,,19,,,,,6,5,08a6f76bd428,,,56800,43104,,6,984,,,,,,,,,,,,,985,,,,,08a6f76bd428-985,,,0,,,,,,,272,985,08:A6:F7:6B:D4:28,,,,,,13180,63,42,22,22,20,,,0,22,415,24,3,,,,3724926,1786524501181,3724939,1786524501194,,1786524501162,28,2026-08-12T08:48:22.2147011Z,189,,,oasis/bottle,,0,,,,,
,,,,,,,,,,,,,,,13,,,,,,,,,1,,,0,,,,,0,,,,,0,,,,,,,,,,,local.mqtt.telegraf,32,,32.02,,,,,,periodic,,29,,,,,6,5,08a6f76bd428,,,45824,43104,,6,985,,,,,,,,,,,,,986,,,,,08a6f76bd428-986,,,0,,,,,,,272,986,08:A6:F7:6B:D4:28,,,,,,14720,63,42,22,22,20,,,0,22,415,24,3,,,,3726476,1786524502731,3726489,1786524502744,,1786524502702,28,2026-08-12T08:48:23.7701608Z,189,,,oasis/bottle,,0,,,,,
,,,,,,,,,,,,,,,13,,,,,,,,,1,,,0,,,,,0,,,,,0,,,,,,,,,,,local.mqtt.telegraf,32,,31.94,,,,,,periodic,,19,,,,,6,5,08a6f76bd428,,,115008,43104,,6,986,,,,,,,,,,,,,987,,,,,08a6f76bd428-987,,,0,,,,,,,272,987,08:A6:F7:6B:D4:28,,,,,,16010,63,42,22,22,20,,,0,22,415,24,3,,,,3727756,1786524504011,3727769,1786524504024,,1786524503992,28,2026-08-12T08:48:25.0331454Z,189,,,oasis/bottle,,0,,,,,
,,,,,,,,,,,,,,,14,,,,,,,,,1,,,0,,,,,0,,,,,0,,,,,,,,,,,local.mqtt.telegraf,32,,31.97,,,,,,periodic,,19,,,,,6,5,08a6f76bd428,,,105344,43104,,6,987,,,,,,,,,,,,,988,,,,,08a6f76bd428-988,,,0,,,,,,,272,988,08:A6:F7:6B:D4:28,,,,,,17370,63,42,22,22,20,,,0,22,415,24,3,,,,3729116,1786524505371,3729130,1786524505385,,1786524505352,28,2026-08-12T08:48:26.4104538Z,189,,,oasis/bottle,,0,,,,,
,,,,,,,,,,,,,,,13,,,,,,,,,1,,,0,,,,,0,,,,,0,,,,,,,,,,,local.mqtt.telegraf,32,,31.85,,,,,,periodic,,19,,,,,6,5,08a6f76bd428,,,94368,43104,,6,988,,,,,,,,,,,,,989,,,,,08a6f76bd428-989,,,0,,,,,,,272,989,08:A6:F7:6B:D4:28,,,,,,18890,63,42,22,22,20,,,0,22,415,24,3,,,,3730636,1786524506891,3730649,1786524506904,,1786524506872,28,2026-08-12T08:48:27.9112169Z,189,,,oasis/bottle,,0,,,,,
,,,,,,,,,,,,,,,14,,,,,,,,,1,,,0,,,,,0,,,,,0,,,,,,,,,,,local.mqtt.telegraf,32,,31.8,,,,,,periodic,,19,,,,,6,5,08a6f76bd428,,,85360,43104,,6,989,,,,,,,,,,,,,990,,,,,08a6f76bd428-990,,,0,,,,,,,272,990,08:A6:F7:6B:D4:28,,,,,,20130,63,42,22,22,20,,,0,22,415,24,3,,,,3731876,1786524508131,3731890,1786524508145,,1786524508112,28,2026-08-12T08:48:29.1559847Z,189,,,oasis/bottle,,0,,,,,
,,,,,,,,,,,,,,,13,,,,,,,,,1,,,0,,,,,0,,,,,0,,,,,,,,,,,local.mqtt.telegraf,32,,32.01,,,,,,periodic,,22,,,,,5,5,08a6f76bd428,,,64160,43104,,8,990,,,,,,,,,,,,,991,,,,,08a6f76bd428-991,,,0,,,,,,,272,991,08:A6:F7:6B:D4:28,,,,,,1071,64,38,31,31,7,,,0,31,392,33,3,,,,3733196,1786524509451,3733209,1786524509464,,1786524509429,28,2026-08-12T08:48:30.4795597Z,191,,,oasis/bottle,,0,,,,,
,,,,,,,,,,,,,,,13,,,,,,,,,1,,,0,,,,,0,,,,,0,,,,,,,,,,,local.mqtt.telegraf,32,,31.98,,,,,,periodic,,29,,,,,5,5,08a6f76bd428,,,53840,43104,,7,991,,,,,,,,,,,,,992,,,,,08a6f76bd428-992,,,0,,,,,,,273,992,08:A6:F7:6B:D4:28,,,,,,2464,64,38,31,31,7,,,0,31,392,33,3,,,,3734596,1786524510851,3734609,1786524510864,,1786524510822,28,2026-08-12T08:48:31.8779525Z,191,,,oasis/bottle,,0,,,,,
,,,,,,,,,,,,,,,13,,,,,,,,,1,,,0,,,,,0,,,,,0,,,,,,,,,,,local.mqtt.telegraf,32,,32.05,,,,,,periodic,,27,,,,,6,5,08a6f76bd428,,,122560,43104,,6,992,,,,,,,,,,,,,993,,,,,08a6f76bd428-993,,,0,,,,,,,278,993,08:A6:F7:6B:D4:28,,,,,,4056,64,38,31,31,7,,,0,31,392,33,3,,,,3736186,1786524512441,3736199,1786524512454,,1786524512414,28,2026-08-12T08:48:33.4776404Z,191,,,oasis/bottle,,0,,,,,
,,,,,,,,,,,,,,,13,,,,,,,,,1,,,0,,,,,0,,,,,0,,,,,,,,,,,local.mqtt.telegraf,32,,32.01,,,,,,periodic,,23,,,,,6,5,08a6f76bd428,,,112896,43104,,6,993,,,,,,,,,,,,,994,,,,,08a6f76bd428-994,,,0,,,,,,,272,994,08:A6:F7:6B:D4:28,,,,,,5431,64,38,31,31,7,,,0,31,392,33,3,,,,3737556,1786524513811,3737569,1786524513824,,1786524513788,28,2026-08-12T08:48:34.8543835Z,191,,,oasis/bottle,,0,,,,,
,,,,,,,,,,,,,,,13,,,,,,,,,1,,,0,,,,,0,,,,,0,,,,,,,,,,,local.mqtt.telegraf,32,,31.97,,,,,,periodic,,23,,,,,6,5,08a6f76bd428,,,101920,43104,,6,994,,,,,,,,,,,,,995,,,,,08a6f76bd428-995,,,0,,,,,,,272,995,08:A6:F7:6B:D4:28,,,,,,6981,64,38,31,31,7,,,0,31,392,33,3,,,,3739106,1786524515361,3739119,1786524515374,,1786524515338,28,2026-08-12T08:48:36.3919035Z,191,,,oasis/bottle,,0,,,,,
,,,,,,,,,,,,,,,13,,,,,,,,,1,,,0,,,,,0,,,,,0,,,,,,,,,,,local.mqtt.telegraf,32,,31.98,,,,,,periodic,,23,,,,,6,5,08a6f76bd428,,,92256,43104,,7,995,,,,,,,,,,,,,996,,,,,08a6f76bd428-996,,,0,,,,,,,272,996,08:A6:F7:6B:D4:28,,,,,,8281,64,38,31,31,7,,,0,31,392,33,3,,,,3740406,1786524516661,3740419,1786524516674,,1786524516638,28,2026-08-12T08:48:37.7059973Z,191,,,oasis/bottle,,0,,,,,
,,,,,,,,,,,,,,,13,,,,,,,,,1,,,0,,,,,0,,,,,0,,,,,,,,,,,local.mqtt.telegraf,32,,32.01,,,,,,periodic,,22,,,,,5,5,08a6f76bd428,,,82560,43104,,6,996,,,,,,,,,,,,,997,,,,,08a6f76bd428-997,,,0,,,,,,,273,997,08:A6:F7:6B:D4:28,,,,,,9671,64,38,31,31,7,,,0,31,392,33,3,,,,3741796,1786524518051,3741809,1786524518064,,1786524518029,28,2026-08-12T08:48:39.0811734Z,191,,,oasis/bottle,,0,,,,,
,,,,,,,,,,,,,,,13,,,,,,,,,1,,,0,,,,,0,,,,,0,,,,,,,,,,,local.mqtt.telegraf,32,,32.02,,,,,,periodic,,33,,,,,6,5,08a6f76bd428,,,71568,43104,,6,997,,,,,,,,,,,,,998,,,,,08a6f76bd428-998,,,0,,,,,,,272,998,08:A6:F7:6B:D4:28,,,,,,11251,64,38,31,31,7,,,0,31,392,33,3,,,,3743386,1786524519641,3743399,1786524519654,,1786524519608,28,2026-08-12T08:48:40.6805312Z,191,,,oasis/bottle,,0,,,,,
,,,,,,,,,,,,,,,13,,,,,,,,,1,,,0,,,,,0,,,,,0,,,,,,,,,,,local.mqtt.telegraf,32,,32.03,,,,,,periodic,,23,,,,,6,5,08a6f76bd428,,,61904,43104,,13,998,,,,,,,,,,,,,999,,,,,08a6f76bd428-999,,,0,,,,,,,272,999,08:A6:F7:6B:D4:28,,,,,,12621,64,38,31,31,7,,,0,31,392,33,3,,,,3744746,1786524521001,3744759,1786524521014,,1786524520978,28,2026-08-12T08:48:42.0302326Z,191,,,oasis/bottle,,0,,,,,
,,,,,,,,,,,,,,,17,,,,,,,,,1,,,0,,,,,0,,,,,0,,,,,,,,,,,local.mqtt.telegraf,32,,32.05,,,,,,periodic,,23,,,,,6,5,08a6f76bd428,,,50928,43104,,6,999,,,,,,,,,,,,,1000,,,,,08a6f76bd428-1000,,,0,,,,,,,272,1000,08:A6:F7:6B:D4:28,,,,,,14151,64,38,31,31,7,,,0,31,392,33,3,,,,3746276,1786524522531,3746293,1786524522548,,1786524522508,28,2026-08-12T08:48:43.5647655Z,191,,,oasis/bottle,,0,,,,,
,,,,,,,,,,,,,,,13,,,,,,,,,1,,,0,,,,,0,,,,,0,,,,,,,,,,,local.mqtt.telegraf,32,,32.06,,,,,,periodic,,23,,,,,6,5,08a6f76bd428,,,121936,43104,,6,1000,,,,,,,,,,,,,1001,,,,,08a6f76bd428-1001,,,0,,,,,,,272,1001,08:A6:F7:6B:D4:28,,,,,,15401,64,38,31,31,7,,,0,31,392,33,3,,,,3747526,1786524523781,3747539,1786524523794,,1786524523758,28,2026-08-12T08:48:44.8122878Z,191,,,oasis/bottle,,0,,,,,
,,,,,,,,,,,,,,,13,,,,,,,,,1,,,0,,,,,0,,,,,0,,,,,,,,,,,local.mqtt.telegraf,32,,32.06,,,,,,periodic,,33,,,,,6,5,08a6f76bd428,,,112256,43104,,6,1001,,,,,,,,,,,,,1002,,,,,08a6f76bd428-1002,,,0,,,,,,,272,1002,08:A6:F7:6B:D4:28,,,,,,16701,64,38,31,31,7,,,0,31,392,33,3,,,,3748836,1786524525091,3748849,1786524525104,,1786524525058,28,2026-08-12T08:48:46.1124109Z,191,,,oasis/bottle,,0,,,,,
,,,,,,,,,,,,,,,13,,,,,,,,,1,,,0,,,,,0,,,,,0,,,,,,,,,,,local.mqtt.telegraf,32,,32.05,,,,,,periodic,,23,,,,,6,5,08a6f76bd428,,,101920,43104,,10,1002,,,,,,,,,,,,,1003,,,,,08a6f76bd428-1003,,,0,,,,,,,272,1003,08:A6:F7:6B:D4:28,,,,,,18111,64,38,31,31,7,,,0,31,392,33,3,,,,3750236,1786524526491,3750249,1786524526504,,1786524526468,28,2026-08-12T08:48:47.5304541Z,191,,,oasis/bottle,,0,,,,,
,,,,,,,,,,,,,,,13,,,,,,,,,1,,,0,,,,,0,,,,,0,,,,,,,,,,,local.mqtt.telegraf,32,,32.02,,,,,,periodic,,23,,,,,6,5,08a6f76bd428,,,94160,43104,,6,1003,,,,,,,,,,,,,1004,,,,,08a6f76bd428-1004,,,0,,,,,,,272,1004,08:A6:F7:6B:D4:28,,,,,,19121,64,38,31,31,7,,,0,31,392,33,3,,,,3751246,1786524527501,3751259,1786524527514,,1786524527478,28,2026-08-12T08:48:48.5322303Z,191,,,oasis/bottle,,0,,,,,
,,,,,,,,,,,,,,,13,,,,,,,,,1,,,0,,,,,0,,,,,0,,,,,,,,,,,local.mqtt.telegraf,32,,32.05,,,,,,periodic,,26,,,,,5,5,08a6f76bd428,,,70560,43104,,6,1004,,,,,,,,,,,,,1005,,,,,08a6f76bd428-1005,,,0,,,,,,,273,1005,08:A6:F7:6B:D4:28,,,,,,502,65,23,21,21,2,,,0,20,385,23,3,,,,3753045,1786524529300,3753058,1786524529313,,1786524529274,28,2026-08-12T08:48:50.3285385Z,194,,,oasis/bottle,,0,,,,,
,,,,,,,,,,,,,,,13,,,,,,,,,1,,,0,,,,,0,,,,,0,,,,,,,,,,,local.mqtt.telegraf,32,,32.05,,,,,,periodic,,19,,,,,6,5,08a6f76bd428,,,60240,43104,,5,1005,,,,,,,,,,,,,1006,,,,,08a6f76bd428-1006,,,0,,,,,,,272,1006,08:A6:F7:6B:D4:28,,,,,,1911,65,23,21,21,2,,,0,20,385,23,3,,,,3754446,1786524530701,3754459,1786524530714,,1786524530682,28,2026-08-12T08:48:51.7352271Z,194,,,oasis/bottle,,0,,,,,
,,,,,,,,,,,,,,,13,,,,,,,,,1,,,0,,,,,0,,,,,0,,,,,,,,,,,local.mqtt.telegraf,32,,32.22,,,,,,periodic,,19,,,,,6,5,08a6f76bd428,,,52544,43104,,6,1006,,,,,,,,,,,,,1007,,,,,08a6f76bd428-1007,,,0,,,,,,,272,1007,08:A6:F7:6B:D4:28,,,,,,2921,65,23,21,21,2,,,0,20,385,23,3,,,,3755456,1786524531711,3755469,1786524531724,,1786524531692,28,2026-08-12T08:48:52.745604Z,194,,,oasis/bottle,,0,,,,,
,,,,,,,,,,,,,,,13,,,,,,,,,1,,,0,,,,,0,,,,,0,,,,,,,,,,,local.mqtt.telegraf,32,,32.05,,,,,,periodic,,19,,,,,6,5,08a6f76bd428,,,121920,43104,,6,1007,,,,,,,,,,,,,1008,,,,,08a6f76bd428-1008,,,0,,,,,,,272,1008,08:A6:F7:6B:D4:28,,,,,,4341,65,23,21,21,2,,,0,20,385,23,3,,,,3756876,1786524533131,3756889,1786524533144,,1786524533112,28,2026-08-12T08:48:54.1497057Z,194,,,oasis/bottle,,0,,,,,
,,,,,,,,,,,,,,,13,,,,,,,,,1,,,0,,,,,0,,,,,0,,,,,,,,,,,local.mqtt.telegraf,32,,32.1,,,,,,periodic,,19,,,,,6,5,08a6f76bd428,,,114224,43104,,5,1008,,,,,,,,,,,,,1009,,,,,08a6f76bd428-1009,,,0,,,,,,,272,1009,08:A6:F7:6B:D4:28,,,,,,5381,65,23,21,21,2,,,0,20,385,23,3,,,,3757916,1786524534171,3757929,1786524534184,,1786524534152,28,2026-08-12T08:48:55.1992249Z,194,,,oasis/bottle,,0,,,,,
,,,,,,,,,,,,,,,13,,,,,,,,,1,,,0,,,,,0,,,,,0,,,,,,,,,,,local.mqtt.telegraf,32,,32.09,,,,,,periodic,,19,,,,,6,5,08a6f76bd428,,,103904,43104,,6,1009,,,,,,,,,,,,,1010,,,,,08a6f76bd428-1010,,,0,,,,,,,272,1010,08:A6:F7:6B:D4:28,,,,,,6851,65,23,21,21,2,,,0,20,385,23,3,,,,3759386,1786524535641,3759399,1786524535654,,1786524535622,28,2026-08-12T08:48:56.6675768Z,194,,,oasis/bottle,,0,,,,,
,,,,,,,,,,,,,,,13,,,,,,,,,1,,,0,,,,,0,,,,,0,,,,,,,,,,,local.mqtt.telegraf,32,,32.17,,,,,,periodic,,19,,,,,6,5,08a6f76bd428,,,95552,43104,,6,1010,,,,,,,,,,,,,1011,,,,,08a6f76bd428-1011,,,0,,,,,,,272,1011,08:A6:F7:6B:D4:28,,,,,,7991,65,23,21,21,2,,,0,20,385,23,3,,,,3760526,1786524536781,3760539,1786524536794,,1786524536762,28,2026-08-12T08:48:57.8224553Z,194,,,oasis/bottle,,0,,,,,
,,,,,,,,,,,,,,,13,,,,,,,,,1,,,0,,,,,0,,,,,0,,,,,,,,,,,local.mqtt.telegraf,32,,32.22,,,,,,periodic,,19,,,,,6,5,08a6f76bd428,,,87200,43104,,6,1011,,,,,,,,,,,,,1012,,,,,08a6f76bd428-1012,,,0,,,,,,,272,1012,08:A6:F7:6B:D4:28,,,,,,9071,65,23,21,21,2,,,0,20,385,23,3,,,,3761606,1786524537861,3761619,1786524537874,,1786524537842,28,2026-08-12T08:48:58.896205Z,194,,,oasis/bottle,,0,,,,,
,,,,,,,,,,,,,,,13,,,,,,,,,1,,,0,,,,,0,,,,,0,,,,,,,,,,,local.mqtt.telegraf,32,,32.22,,,,,,periodic,,19,,,,,6,5,08a6f76bd428,,,76224,43104,,6,1012,,,,,,,,,,,,,1013,,,,,08a6f76bd428-1013,,,0,,,,,,,272,1013,08:A6:F7:6B:D4:28,,,,,,10631,65,23,21,21,2,,,0,20,385,23,3,,,,3763166,1786524539421,3763179,1786524539434,,1786524539402,28,2026-08-12T08:49:00.462289Z,194,,,oasis/bottle,,0,,,,,
,,,,,,,,,,,,,,,13,,,,,,,,,1,,,0,,,,,0,,,,,0,,,,,,,,,,,local.mqtt.telegraf,32,,32.21,,,,,,periodic,,19,,,,,6,5,08a6f76bd428,,,66560,43104,,6,1013,,,,,,,,,,,,,1014,,,,,08a6f76bd428-1014,,,0,,,,,,,272,1014,08:A6:F7:6B:D4:28,,,,,,11951,65,23,21,21,2,,,0,20,385,23,3,,,,3764486,1786524540741,3764499,1786524540754,,1786524540722,28,2026-08-12T08:49:01.7759085Z,194,,,oasis/bottle,,0,,,,,
,,,,,,,,,,,,,,,13,,,,,,,,,1,,,0,,,,,0,,,,,0,,,,,,,,,,,local.mqtt.telegraf,32,,32.06,,,,,,periodic,,19,,,,,6,5,08a6f76bd428,,,56240,43104,,6,1014,,,,,,,,,,,,,1015,,,,,08a6f76bd428-1015,,,0,,,,,,,272,1015,08:A6:F7:6B:D4:28,,,,,,13381,65,23,21,21,2,,,0,20,385,23,3,,,,3765916,1786524542171,3765929,1786524542184,,1786524542152,28,2026-08-12T08:49:03.3730895Z,194,,,oasis/bottle,,0,,,,,
,,,,,,,,,,,,,,,13,,,,,,,,,1,,,0,,,,,0,,,,,0,,,,,,,,,,,local.mqtt.telegraf,32,,32.3,,,,,,periodic,,18,,,,,5,5,08a6f76bd428,,,48512,43104,,6,1015,,,,,,,,,,,,,1016,,,,,08a6f76bd428-1016,,,0,,,,,,,273,1016,08:A6:F7:6B:D4:28,,,,,,14441,65,23,21,21,2,,,0,20,385,23,3,,,,3766976,1786524543231,3766989,1786524543244,,1786524543213,28,2026-08-12T08:49:04.5470684Z,194,,,oasis/bottle,,0,,,,,
,,,,,,,,,,,,,,,13,,,,,,,,,1,,,0,,,,,0,,,,,0,,,,,,,,,,,local.mqtt.telegraf,32,,32.17,,,,,,periodic,,19,,,,,6,5,08a6f76bd428,,,117184,43104,,5,1016,,,,,,,,,,,,,1017,,,,,08a6f76bd428-1017,,,0,,,,,,,272,1017,08:A6:F7:6B:D4:28,,,,,,15961,65,23,21,21,2,,,0,20,385,23,3,,,,3768496,1786524544751,3768509,1786524544764,,1786524544732,28,2026-08-12T08:49:05.9606781Z,194,,,oasis/bottle,,0,,,,,
,,,,,,,,,,,,,,,13,,,,,,,,,1,,,0,,,,,0,,,,,0,,,,,,,,,,,local.mqtt.telegraf,32,,32.11,,,,,,periodic,,19,,,,,6,5,08a6f76bd428,,,108160,43104,,6,1017,,,,,,,,,,,,,1018,,,,,08a6f76bd428-1018,,,0,,,,,,,272,1018,08:A6:F7:6B:D4:28,,,,,,17201,65,23,21,21,2,,,0,20,385,23,3,,,,3769736,1786524545991,3769749,1786524546004,,1786524545972,28,2026-08-12T08:49:07.0207471Z,194,,,oasis/bottle,,0,,,,,
,,,,,,,,,,,,,,,13,,,,,,,,,1,,,0,,,,,0,,,,,0,,,,,,,,,,,local.mqtt.telegraf,32,,32.27,,,,,,periodic,,19,,,,,6,5,08a6f76bd428,,,99136,43104,,6,1018,,,,,,,,,,,,,1019,,,,,08a6f76bd428-1019,,,0,,,,,,,272,1019,08:A6:F7:6B:D4:28,,,,,,18471,65,23,21,21,2,,,0,20,385,23,3,,,,3771006,1786524547261,3771019,1786524547274,,1786524547242,28,2026-08-12T08:49:08.2877621Z,194,,,oasis/bottle,,0,,,,,
,,,,,,,,,,,,,,,13,,,,,,,,,1,,,0,,,,,0,,,,,0,,,,,,,,,,,local.mqtt.telegraf,32,,32.29,,,,,,periodic,,29,,,,,6,5,08a6f76bd428,,,89472,43104,,6,1019,,,,,,,,,,,,,1020,,,,,08a6f76bd428-1020,,,0,,,,,,,272,1020,08:A6:F7:6B:D4:28,,,,,,19811,65,23,21,21,2,,,0,20,385,23,3,,,,3772356,1786524548611,3772369,1786524548624,,1786524548582,28,2026-08-12T08:49:09.6577218Z,194,,,oasis/bottle,,0,,,,,
,,,,,,,,,,,,,,,13,,,,,,,,,1,,,0,,,,,0,,,,,0,,,,,,,,,,,local.mqtt.telegraf,32,,32.22,,,,,,periodic,,18,,,,,5,5,08a6f76bd428,,,67008,43104,,9,1020,,,,,,,,,,,,,1021,,,,,08a6f76bd428-1021,,,0,,,,,,,272,1021,08:A6:F7:6B:D4:28,,,,,,921,66,31,20,20,11,,,4,19,374,23,3,,,,3773876,1786524550131,3773889,1786524550144,,1786524550113,28,2026-08-12T08:49:11.155424Z,197,,,oasis/bottle,,0,,,,,
,,,,,,,,,,,,,,,13,,,,,,,,,1,,,0,,,,,0,,,,,0,,,,,,,,,,,local.mqtt.telegraf,32,,32.36,,,,,,periodic,,29,,,,,6,5,08a6f76bd428,,,58000,43104,,6,1021,,,,,,,,,,,,,1022,,,,,08a6f76bd428-1022,,,0,,,,,,,272,1022,08:A6:F7:6B:D4:28,,,,,,2131,66,31,20,20,11,,,4,19,374,23,3,,,,3775096,1786524551351,3775109,1786524551364,,1786524551322,28,2026-08-12T08:49:12.3803096Z,197,,,oasis/bottle,,0,,,,,
,,,,,,,,,,,,,,,13,,,,,,,,,1,,,0,,,,,0,,,,,0,,,,,,,,,,,local.mqtt.telegraf,32,,32.42,,,,,,periodic,,19,,,,,6,5,08a6f76bd428,,,48992,43104,,9,1022,,,,,,,,,,,,,1023,,,,,08a6f76bd428-1023,,,0,,,,,,,272,1023,08:A6:F7:6B:D4:28,,,,,,3351,66,31,20,20,11,,,4,19,374,23,3,,,,3776306,1786524552561,3776319,1786524552574,,1786524552542,28,2026-08-12T08:49:13.5920375Z,197,,,oasis/bottle,,0,,,,,
,,,,,,,,,,,,,,,13,,,,,,,,,1,,,0,,,,,0,,,,,0,,,,,,,,,,,local.mqtt.telegraf,32,,32.36,,,,,,periodic,,19,,,,,6,5,08a6f76bd428,,,119968,43104,,6,1023,,,,,,,,,,,,,1024,,,,,08a6f76bd428-1024,,,0,,,,,,,272,1024,08:A6:F7:6B:D4:28,,,,,,4591,66,31,20,20,11,,,4,19,374,23,3,,,,3777546,1786524553801,3777559,1786524553814,,1786524553782,28,2026-08-12T08:49:14.8364746Z,197,,,oasis/bottle,,0,,,,,
,,,,,,,,,,,,,,,13,,,,,,,,,1,,,0,,,,,0,,,,,0,,,,,,,,,,,local.mqtt.telegraf,32,,32.53,,,,,,periodic,,19,,,,,6,5,08a6f76bd428,,,110960,43104,,6,1024,,,,,,,,,,,,,1025,,,,,08a6f76bd428-1025,,,0,,,,,,,272,1025,08:A6:F7:6B:D4:28,,,,,,5861,66,31,20,20,11,,,4,19,374,23,3,,,,3778816,1786524555071,3778829,1786524555084,,1786524555052,28,2026-08-12T08:49:16.0958673Z,197,,,oasis/bottle,,0,,,,,
,,,,,,,,,,,,,,,13,,,,,,,,,1,,,0,,,,,0,,,,,0,,,,,,,,,,,local.mqtt.telegraf,32,,32.48,,,,,,periodic,,29,,,,,6,5,08a6f76bd428,,,101296,43104,,6,1025,,,,,,,,,,,,,1026,,,,,08a6f76bd428-1026,,,0,,,,,,,272,1026,08:A6:F7:6B:D4:28,,,,,,7201,66,31,20,20,11,,,4,19,374,23,3,,,,3780166,1786524556421,3780179,1786524556434,,1786524556392,28,2026-08-12T08:49:17.4545431Z,197,,,oasis/bottle,,0,,,,,
,,,,,,,,,,,,,,,13,,,,,,,,,1,,,0,,,,,0,,,,,0,,,,,,,,,,,local.mqtt.telegraf,32,,32.42,,,,,,periodic,,19,,,,,6,5,08a6f76bd428,,,90976,43104,,9,1026,,,,,,,,,,,,,1027,,,,,08a6f76bd428-1027,,,0,,,,,,,272,1027,08:A6:F7:6B:D4:28,,,,,,8681,66,31,20,20,11,,,4,19,374,23,3,,,,3781636,1786524557891,3781649,1786524557904,,1786524557872,28,2026-08-12T08:49:18.928364Z,197,,,oasis/bottle,,0,,,,,
,,,,,,,,,,,,,,,13,,,,,,,,,1,,,0,,,,,0,,,,,0,,,,,,,,,,,local.mqtt.telegraf,32,,32.3,,,,,,periodic,,19,,,,,6,5,08a6f76bd428,,,82624,43104,,6,1027,,,,,,,,,,,,,1028,,,,,08a6f76bd428-1028,,,0,,,,,,,272,1028,08:A6:F7:6B:D4:28,,,,,,9831,66,31,20,20,11,,,4,19,374,23,3,,,,3782786,1786524559041,3782799,1786524559054,,1786524559022,28,2026-08-12T08:49:20.0758704Z,197,,,oasis/bottle,,0,,,,,
,,,,,,,,,,,,,,,13,,,,,,,,,1,,,0,,,,,0,,,,,0,,,,,,,,,,,local.mqtt.telegraf,32,,32.49,,,,,,periodic,,19,,,,,6,5,08a6f76bd428,,,74272,43104,,6,1028,,,,,,,,,,,,,1029,,,,,08a6f76bd428-1029,,,0,,,,,,,272,1029,08:A6:F7:6B:D4:28,,,,,,10931,66,31,20,20,11,,,4,19,374,23,3,,,,3783886,1786524560141,3783899,1786524560154,,1786524560122,28,2026-08-12T08:49:21.1704093Z,197,,,oasis/bottle,,0,,,,,
,,,,,,,,,,,,,,,13,,,,,,,,,1,,,0,,,,,0,,,,,0,,,,,,,,,,,local.mqtt.telegraf,32,,32.42,,,,,,periodic,,19,,,,,6,5,08a6f76bd428,,,66576,43104,,6,1029,,,,,,,,,,,,,1030,,,,,08a6f76bd428-1030,,,0,,,,,,,272,1030,08:A6:F7:6B:D4:28,,,,,,11931,66,31,20,20,11,,,4,19,374,23,3,,,,3784886,1786524561141,3784899,1786524561154,,1786524561122,28,2026-08-12T08:49:22.1818802Z,197,,,oasis/bottle,,0,,,,,
,,,,,,,,,,,,,,,13,,,,,,,,,1,,,0,,,,,0,,,,,0,,,,,,,,,,,local.mqtt.telegraf,32,,32.23,,,,,,periodic,,19,,,,,6,5,08a6f76bd428,,,56256,43104,,6,1030,,,,,,,,,,,,,1031,,,,,08a6f76bd428-1031,,,0,,,,,,,272,1031,08:A6:F7:6B:D4:28,,,,,,13331,66,31,20,20,11,,,4,19,374,23,3,,,,3786286,1786524562541,3786299,1786524562554,,1786524562522,28,2026-08-12T08:49:23.5628476Z,197,,,oasis/bottle,,0,,,,,
,,,,,,,,,,,,,,,13,,,,,,,,,1,,,0,,,,,0,,,,,0,,,,,,,,,,,local.mqtt.telegraf,32,,32.27,,,,,,periodic,,19,,,,,6,5,08a6f76bd428,,,48560,43104,,6,1031,,,,,,,,,,,,,1032,,,,,08a6f76bd428-1032,,,0,,,,,,,272,1032,08:A6:F7:6B:D4:28,,,,,,14331,66,31,20,20,11,,,4,19,374,23,3,,,,3787286,1786524563541,3787299,1786524563554,,1786524563522,28,2026-08-12T08:49:24.5713456Z,197,,,oasis/bottle,,0,,,,,
,,,,,,,,,,,,,,,13,,,,,,,,,1,,,0,,,,,0,,,,,0,,,,,,,,,,,local.mqtt.telegraf,32,,32.42,,,,,,periodic,,18,,,,,6,5,08a6f76bd428,,,118736,43104,,6,1032,,,,,,,,,,,,,1033,,,,,08a6f76bd428-1033,,,0,,,,,,,273,1033,08:A6:F7:6B:D4:28,,,,,,15721,66,31,20,20,11,,,4,19,374,23,3,,,,3788676,1786524564931,3788689,1786524564944,,1786524564913,28,2026-08-12T08:49:25.9605245Z,197,,,oasis/bottle,,0,,,,,
,,,,,,,,,,,,,,,13,,,,,,,,,1,,,0,,,,,0,,,,,0,,,,,,,,,,,local.mqtt.telegraf,32,,32.45,,,,,,periodic,,19,,,,,6,5,08a6f76bd428,,,107728,43104,,6,1033,,,,,,,,,,,,,1034,,,,,08a6f76bd428-1034,,,0,,,,,,,272,1034,08:A6:F7:6B:D4:28,,,,,,17311,66,31,20,20,11,,,4,19,374,23,3,,,,3790266,1786524566521,3790279,1786524566534,,1786524566502,28,2026-08-12T08:49:27.5407207Z,197,,,oasis/bottle,,0,,,,,
,,,,,,,,,,,,,,,13,,,,,,,,,1,,,0,,,,,0,,,,,0,,,,,,,,,,,local.mqtt.telegraf,32,,32.41,,,,,,periodic,,19,,,,,6,5,08a6f76bd428,,,98048,43104,,6,1034,,,,,,,,,,,,,1035,,,,,08a6f76bd428-1035,,,0,,,,,,,272,1035,08:A6:F7:6B:D4:28,,,,,,18681,66,31,20,20,11,,,4,19,374,23,3,,,,3791636,1786524567891,3791649,1786524567904,,1786524567872,28,2026-08-12T08:49:28.9551195Z,197,,,oasis/bottle,,0,,,,,
,,,,,,,,,,,,,,,13,,,,,,,,,1,,,0,,,,,0,,,,,0,,,,,,,,,,,local.mqtt.telegraf,32,,32.45,,,,,,periodic,,20,,,,,6,5,08a6f76bd428,,,87072,43104,,6,1035,,,,,,,,,,,,,1036,,,,,08a6f76bd428-1036,,,0,,,,,,,272,1036,08:A6:F7:6B:D4:28,,,,,,20221,66,31,20,20,11,,,4,19,374,23,3,,,,3793177,1786524569432,3793190,1786524569445,,1786524569412,28,2026-08-12T08:49:30.4636467Z,197,,,oasis/bottle,,0,,,,,
,,,,,,,,,,,,,,,14,,,,,,,,,1,,,0,,,,,0,,,,,0,,,,,,,,,,,local.mqtt.telegraf,32,,32.22,,,,,,periodic,,17,,,,,5,5,08a6f76bd428,,,66704,43104,,6,1036,,,,,,,,,,,,,1037,,,,,08a6f76bd428-1037,,,0,,,,,,,272,1037,08:A6:F7:6B:D4:28,,,,,,1051,67,50,21,21,29,,,0,20,384,23,3,,,,3794456,1786524570711,3794470,1786524570725,,1786524570694,28,2026-08-12T08:49:31.7435682Z,200,,,oasis/bottle,,0,,,,,
,,,,,,,,,,,,,,,14,,,,,,,,,1,,,0,,,,,0,,,,,0,,,,,,,,,,,local.mqtt.telegraf,32,,32.22,,,,,,periodic,,28,,,,,6,5,08a6f76bd428,,,57040,43104,,6,1037,,,,,,,,,,,,,1038,,,,,08a6f76bd428-1038,,,0,,,,,,,272,1038,08:A6:F7:6B:D4:28,,,,,,2411,67,50,21,21,29,,,0,20,384,23,3,,,,3795826,1786524572081,3795840,1786524572095,,1786524572053,28,2026-08-12T08:49:33.800097Z,200,,,oasis/bottle,,0,,,,,
,,,,,,,,,,,,,,,13,,,,,,,,,1,,,0,,,,,0,,,,,0,,,,,,,,,,,local.mqtt.telegraf,32,,32.46,,,,,,periodic,,28,,,,,6,5,08a6f76bd428,,,46064,43104,,8,1038,,,,,,,,,,,,,1039,,,,,08a6f76bd428-1039,,,0,,,,,,,272,1039,08:A6:F7:6B:D4:28,,,,,,3931,67,50,21,21,29,,,0,20,384,23,3,,,,3797346,1786524573601,3797359,1786524573614,,1786524573573,28,2026-08-12T08:49:34.6246351Z,200,,,oasis/bottle,,0,,,,,
,,,,,,,,,,,,,,,13,,,,,,,,,1,,,0,,,,,0,,,,,0,,,,,,,,,,,local.mqtt.telegraf,32,,32.41,,,,,,periodic,,18,,,,,6,5,08a6f76bd428,,,115648,43104,,5,1039,,,,,,,,,,,,,1040,,,,,08a6f76bd428-1040,,,0,,,,,,,272,1040,08:A6:F7:6B:D4:28,,,,,,5171,67,50,21,21,29,,,0,20,384,23,3,,,,3798576,1786524574831,3798589,1786524574844,,1786524574813,28,2026-08-12T08:49:35.8718728Z,200,,,oasis/bottle,,0,,,,,
,,,,,,,,,,,,,,,13,,,,,,,,,1,,,0,,,,,0,,,,,0,,,,,,,,,,,local.mqtt.telegraf,32,,32.06,,,,,,periodic,,17,,,,,5,5,08a6f76bd428,,,106640,43104,,6,1040,,,,,,,,,,,,,1041,,,,,08a6f76bd428-1041,,,0,,,,,,,272,1041,08:A6:F7:6B:D4:28,,,,,,6441,67,50,21,21,29,,,0,20,384,23,3,,,,3799846,1786524576101,3799859,1786524576114,,1786524576084,28,2026-08-12T08:49:37.1335814Z,200,,,oasis/bottle,,0,,,,,
,,,,,,,,,,,,,,,13,,,,,,,,,1,,,0,,,,,0,,,,,0,,,,,,,,,,,local.mqtt.telegraf,32,,32.33,,,,,,periodic,,18,,,,,6,5,08a6f76bd428,,,96976,43104,,6,1041,,,,,,,,,,,,,1042,,,,,08a6f76bd428-1042,,,0,,,,,,,272,1042,08:A6:F7:6B:D4:28,,,,,,7771,67,50,21,21,29,,,0,20,384,23,3,,,,3801176,1786524577431,3801189,1786524577444,,1786524577413,28,2026-08-12T08:49:38.4601262Z,200,,,oasis/bottle,,0,,,,,
,,,,,,,,,,,,,,,13,,,,,,,,,1,,,0,,,,,0,,,,,0,,,,,,,,,,,local.mqtt.telegraf,32,,32.21,,,,,,periodic,,28,,,,,6,5,08a6f76bd428,,,86656,43104,,6,1042,,,,,,,,,,,,,1043,,,,,08a6f76bd428-1043,,,0,,,,,,,272,1043,08:A6:F7:6B:D4:28,,,,,,9231,67,50,21,21,29,,,0,20,384,23,3,,,,3802646,1786524578901,3802659,1786524578914,,1786524578873,28,2026-08-12T08:49:39.9342309Z,200,,,oasis/bottle,,0,,,,,
,,,,,,,,,,,,,,,13,,,,,,,,,1,,,0,,,,,0,,,,,0,,,,,,,,,,,local.mqtt.telegraf,32,,32.32,,,,,,periodic,,18,,,,,6,5,08a6f76bd428,,,78304,43104,,8,1043,,,,,,,,,,,,,1044,,,,,08a6f76bd428-1044,,,0,,,,,,,272,1044,08:A6:F7:6B:D4:28,,,,,,10351,67,50,21,21,29,,,0,20,384,23,3,,,,3803756,1786524580011,3803769,1786524580024,,1786524579993,28,2026-08-12T08:49:41.0557702Z,200,,,oasis/bottle,,0,,,,,
,,,,,,,,,,,,,,,13,,,,,,,,,1,,,0,,,,,0,,,,,0,,,,,,,,,,,local.mqtt.telegraf,32,,32.22,,,,,,periodic,,17,,,,,5,5,08a6f76bd428,,,70608,43104,,6,1044,,,,,,,,,,,,,1045,,,,,08a6f76bd428-1045,,,0,,,,,,,272,1045,08:A6:F7:6B:D4:28,,,,,,11391,67,50,21,21,29,,,0,20,384,23,3,,,,3804796,1786524581051,3804809,1786524581064,,1786524581034,28,2026-08-12T08:49:42.081889Z,200,,,oasis/bottle,,0,,,,,
,,,,,,,,,,,,,,,13,,,,,,,,,1,,,0,,,,,0,,,,,0,,,,,,,,,,,local.mqtt.telegraf,32,,32.45,,,,,,periodic,,18,,,,,6,5,08a6f76bd428,,,60288,43104,,6,1045,,,,,,,,,,,,,1046,,,,,08a6f76bd428-1046,,,0,,,,,,,272,1046,08:A6:F7:6B:D4:28,,,,,,12871,67,50,21,21,29,,,0,20,384,23,3,,,,3806276,1786524582531,3806289,1786524582544,,1786524582513,28,2026-08-12T08:49:43.5546661Z,200,,,oasis/bottle,,0,,,,,
,,,,,,,,,,,,,,,14,,,,,,,,,1,,,0,,,,,0,,,,,0,,,,,,,,,,,local.mqtt.telegraf,32,,32.41,,,,,,periodic,,28,,,,,6,5,08a6f76bd428,,,51936,43104,,6,1046,,,,,,,,,,,,,1047,,,,,08a6f76bd428-1047,,,0,,,,,,,272,1047,08:A6:F7:6B:D4:28,,,,,,14021,67,50,21,21,29,,,0,20,384,23,3,,,,3807436,1786524583691,3807450,1786524583705,,1786524583663,28,2026-08-12T08:49:44.7332526Z,200,,,oasis/bottle,,0,,,,,
,,,,,,,,,,,,,,,13,,,,,,,,,1,,,0,,,,,0,,,,,0,,,,,,,,,,,local.mqtt.telegraf,32,,32.45,,,,,,periodic,,28,,,,,12,5,08a6f76bd428,,,43584,43104,,9,1047,,,,,,,,,,,,,1048,,,,,08a6f76bd428-1048,,,0,,,,,,,272,1048,08:A6:F7:6B:D4:28,,,,,,15131,67,50,21,21,29,,,0,20,384,23,3,,,,3808546,1786524584801,3808559,1786524584814,,1786524584773,28,2026-08-12T08:49:45.8350877Z,200,,,oasis/bottle,,0,,,,,
,,,,,,,,,,,,,,,13,,,,,,,,,1,,,0,,,,,0,,,,,0,,,,,,,,,,,local.mqtt.telegraf,32,,32.68,,,,,,periodic,,18,,,,,6,5,08a6f76bd428,,,115168,43104,,6,1048,,,,,,,,,,,,,1049,,,,,08a6f76bd428-1049,,,0,,,,,,,272,1049,08:A6:F7:6B:D4:28,,,,,,16151,67,50,21,21,29,,,0,20,384,23,3,,,,3809556,1786524585811,3809569,1786524585824,,1786524585793,28,2026-08-12T08:49:46.8514199Z,200,,,oasis/bottle,,0,,,,,
,,,,,,,,,,,,,,,13,,,,,,,,,1,,,0,,,,,0,,,,,0,,,,,,,,,,,local.mqtt.telegraf,32,,32.33,,,,,,periodic,,28,,,,,6,5,08a6f76bd428,,,104832,43104,,6,1049,,,,,,,,,,,,,1050,,,,,08a6f76bd428-1050,,,0,,,,,,,272,1050,08:A6:F7:6B:D4:28,,,,,,17581,67,50,21,21,29,,,0,20,384,23,3,,,,3810996,1786524587251,3811009,1786524587264,,1786524587223,28,2026-08-12T08:49:48.2830035Z,200,,,oasis/bottle,,0,,,,,
,,,,,,,,,,,,,,,14,,,,,,,,,1,,,0,,,,,0,,,,,0,,,,,,,,,,,local.mqtt.telegraf,32,,32.45,,,,,,periodic,,17,,,,,5,5,08a6f76bd428,,,95632,43104,,10,1050,,,,,,,,,,,,,1051,,,,,08a6f76bd428-1051,,,0,,,,,,,272,1051,08:A6:F7:6B:D4:28,,,,,,18681,67,50,21,21,29,,,0,20,384,23,3,,,,3812086,1786524588341,3812100,1786524588355,,1786524588324,28,2026-08-12T08:49:49.3779301Z,200,,,oasis/bottle,,0,,,,,
,,,,,,,,,,,,,,,13,,,,,,,,,1,,,0,,,,,0,,,,,0,,,,,,,,,,,local.mqtt.telegraf,32,,32.45,,,,,,periodic,,28,,,,,6,5,08a6f76bd428,,,84640,43104,,7,1051,,,,,,,,,,,,,1052,,,,,08a6f76bd428-1052,,,0,,,,,,,272,1052,08:A6:F7:6B:D4:28,,,,,,20241,67,50,21,21,29,,,0,20,384,23,3,,,,3813656,1786524589911,3813669,1786524589924,,1786524589883,28,2026-08-12T08:49:50.9360185Z,200,,,oasis/bottle,,0,,,,,
,,,,,,,,,,,,,,,13,,,,,,,,,1,,,0,,,,,0,,,,,0,,,,,,,,,,,local.mqtt.telegraf,32,,32.46,,,,,,periodic,,26,,,,,5,5,08a6f76bd428,,,64272,43104,,10,1052,,,,,,,,,,,,,1053,,,,,08a6f76bd428-1053,,,0,,,,,,,273,1053,08:A6:F7:6B:D4:28,,,,,,1091,68,46,21,21,25,,,0,20,380,23,3,,,,3814975,1786524591230,3814988,1786524591243,,1786524591204,28,2026-08-12T08:49:52.2688464Z,203,,,oasis/bottle,,0,,,,,
,,,,,,,,,,,,,,,13,,,,,,,,,1,,,0,,,,,0,,,,,0,,,,,,,,,,,local.mqtt.telegraf,32,,32.49,,,,,,periodic,,18,,,,,6,5,08a6f76bd428,,,53952,43104,,9,1053,,,,,,,,,,,,,1054,,,,,08a6f76bd428-1054,,,0,,,,,,,272,1054,08:A6:F7:6B:D4:28,,,,,,2531,68,46,21,21,25,,,0,20,380,23,3,,,,3816406,1786524592661,3816419,1786524592674,,1786524592643,28,2026-08-12T08:49:53.6978543Z,203,,,oasis/bottle,,0,,,,,
,,,,,,,,,,,,,,,13,,,,,,,,,1,,,0,,,,,0,,,,,0,,,,,,,,,,,local.mqtt.telegraf,32,,32.53,,,,,,periodic,,25,,,,,6,5,08a6f76bd428,,,45680,43104,,6,1054,,,,,,,,,,,,,1055,,,,,08a6f76bd428-1055,,,0,,,,,,,273,1055,08:A6:F7:6B:D4:28,,,,,,3593,68,46,21,21,25,,,0,20,380,23,3,,,,3817476,1786524593731,3817489,1786524593744,,1786524593706,28,2026-08-12T08:49:54.7697936Z,203,,,oasis/bottle,,0,,,,,
,,,,,,,,,,,,,,,13,,,,,,,,,1,,,0,,,,,0,,,,,0,,,,,,,,,,,local.mqtt.telegraf,32,,32.62,,,,,,periodic,,18,,,,,6,5,08a6f76bd428,,,113552,43104,,7,1055,,,,,,,,,,,,,1056,,,,,08a6f76bd428-1056,,,0,,,,,,,272,1056,08:A6:F7:6B:D4:28,,,,,,5131,68,46,21,21,25,,,0,20,380,23,3,,,,3819006,1786524595261,3819019,1786524595274,,1786524595243,28,2026-08-12T08:49:56.2892101Z,203,,,oasis/bottle,,0,,,,,
,,,,,,,,,,,,,,,14,,,,,,,,,1,,,0,,,,,0,,,,,0,,,,,,,,,,,local.mqtt.telegraf,32,,32.46,,,,,,periodic,,17,,,,,5,5,08a6f76bd428,,,104544,43104,,6,1056,,,,,,,,,,,,,1057,,,,,08a6f76bd428-1057,,,0,,,,,,,272,1057,08:A6:F7:6B:D4:28,,,,,,6391,68,46,21,21,25,,,0,20,380,23,3,,,,3820266,1786524596521,3820280,1786524596535,,1786524596504,28,2026-08-12T08:49:57.5569437Z,203,,,oasis/bottle,,0,,,,,
,,,,,,,,,,,,,,,14,,,,,,,,,1,,,0,,,,,0,,,,,0,,,,,,,,,,,local.mqtt.telegraf,32,,32.52,,,,,,periodic,,18,,,,,6,5,08a6f76bd428,,,94880,43104,,6,1057,,,,,,,,,,,,,1058,,,,,08a6f76bd428-1058,,,0,,,,,,,272,1058,08:A6:F7:6B:D4:28,,,,,,7711,68,46,21,21,25,,,0,20,380,23,3,,,,3821586,1786524597841,3821600,1786524597855,,1786524597823,28,2026-08-12T08:49:58.8801976Z,203,,,oasis/bottle,,0,,,,,
,,,,,,,,,,,,,,,13,,,,,,,,,1,,,0,,,,,0,,,,,0,,,,,,,,,,,local.mqtt.telegraf,32,,32.58,,,,,,periodic,,27,,,,,5,5,08a6f76bd428,,,84560,43104,,6,1058,,,,,,,,,,,,,1059,,,,,08a6f76bd428-1059,,,0,,,,,,,272,1059,08:A6:F7:6B:D4:28,,,,,,9151,68,46,21,21,25,,,0,20,380,23,3,,,,3823036,1786524599291,3823049,1786524599304,,1786524599264,28,2026-08-12T08:50:00.325256Z,203,,,oasis/bottle,,0,,,,,
,,,,,,,,,,,,,,,13,,,,,,,,,1,,,0,,,,,0,,,,,0,,,,,,,,,,,local.mqtt.telegraf,32,,32.66,,,,,,periodic,,18,,,,,6,5,08a6f76bd428,,,76208,43104,,8,1059,,,,,,,,,,,,,1060,,,,,08a6f76bd428-1060,,,0,,,,,,,272,1060,08:A6:F7:6B:D4:28,,,,,,10231,68,46,21,21,25,,,0,20,380,23,3,,,,3824106,1786524600361,3824119,1786524600374,,1786524600343,28,2026-08-12T08:50:01.3920054Z,203,,,oasis/bottle,,0,,,,,
,,,,,,,,,,,,,,,13,,,,,,,,,1,,,0,,,,,0,,,,,0,,,,,,,,,,,local.mqtt.telegraf,32,,32.53,,,,,,periodic,,17,,,,,5,5,08a6f76bd428,,,65232,43104,,6,1060,,,,,,,,,,,,,1061,,,,,08a6f76bd428-1061,,,0,,,,,,,272,1061,08:A6:F7:6B:D4:28,,,,,,11781,68,46,21,21,25,,,0,20,380,23,3,,,,3825656,1786524601911,3825669,1786524601924,,1786524601894,28,2026-08-12T08:50:02.9411054Z,203,,,oasis/bottle,,0,,,,,
,,,,,,,,,,,,,,,13,,,,,,,,,1,,,0,,,,,0,,,,,0,,,,,,,,,,,local.mqtt.telegraf,32,,32.46,,,,,,periodic,,18,,,,,6,5,08a6f76bd428,,,55568,43104,,6,1061,,,,,,,,,,,,,1062,,,,,08a6f76bd428-1062,,,0,,,,,,,272,1062,08:A6:F7:6B:D4:28,,,,,,13081,68,46,21,21,25,,,0,20,380,23,3,,,,3826956,1786524603211,3826969,1786524603224,,1786524603193,28,2026-08-12T08:50:04.2465664Z,203,,,oasis/bottle,,0,,,,,
,,,,,,,,,,,,,,,13,,,,,,,,,1,,,0,,,,,0,,,,,0,,,,,,,,,,,local.mqtt.telegraf,32,,32.57,,,,,,periodic,,28,,,,,6,5,08a6f76bd428,,,45248,43104,,6,1062,,,,,,,,,,,,,1063,,,,,08a6f76bd428-1063,,,0,,,,,,,272,1063,08:A6:F7:6B:D4:28,,,,,,14481,68,46,21,21,25,,,0,20,380,23,3,,,,3828366,1786524604621,3828379,1786524604634,,1786524604593,28,2026-08-12T08:50:05.6452284Z,203,,,oasis/bottle,,0,,,,,
,,,,,,,,,,,,,,,13,,,,,,,,,1,,,0,,,,,0,,,,,0,,,,,,,,,,,local.mqtt.telegraf,32,,32.6,,,,,,periodic,,18,,,,,6,5,08a6f76bd428,,,116304,43104,,5,1063,,,,,,,,,,,,,1064,,,,,08a6f76bd428-1064,,,0,,,,,,,272,1064,08:A6:F7:6B:D4:28,,,,,,15491,68,46,21,21,25,,,0,20,380,23,3,,,,3829366,1786524605621,3829379,1786524605634,,1786524605603,28,2026-08-12T08:50:06.6552722Z,203,,,oasis/bottle,,0,,,,,
,,,,,,,,,,,,,,,13,,,,,,,,,1,,,0,,,,,0,,,,,0,,,,,,,,,,,local.mqtt.telegraf,32,,32.65,,,,,,periodic,,18,,,,,6,5,08a6f76bd428,,,105984,43104,,6,1064,,,,,,,,,,,,,1065,,,,,08a6f76bd428-1065,,,0,,,,,,,272,1065,08:A6:F7:6B:D4:28,,,,,,16901,68,46,21,21,25,,,0,20,380,23,3,,,,3830776,1786524607031,3830789,1786524607044,,1786524607013,28,2026-08-12T08:50:08.0533198Z,203,,,oasis/bottle,,0,,,,,
,,,,,,,,,,,,,,,13,,,,,,,,,1,,,0,,,,,0,,,,,0,,,,,,,,,,,local.mqtt.telegraf,32,,32.68,,,,,,periodic,,18,,,,,6,5,08a6f76bd428,,,98272,43104,,6,1065,,,,,,,,,,,,,1066,,,,,08a6f76bd428-1066,,,0,,,,,,,272,1066,08:A6:F7:6B:D4:28,,,,,,17911,68,46,21,21,25,,,0,20,380,23,3,,,,3831786,1786524608041,3831799,1786524608054,,1786524608023,28,2026-08-12T08:50:09.0726976Z,203,,,oasis/bottle,,0,,,,,
,,,,,,,,,,,,,,,13,,,,,,,,,1,,,0,,,,,0,,,,,0,,,,,,,,,,,local.mqtt.telegraf,32,,32.61,,,,,,periodic,,18,,,,,6,5,08a6f76bd428,,,87952,43104,,6,1066,,,,,,,,,,,,,1067,,,,,08a6f76bd428-1067,,,0,,,,,,,272,1067,08:A6:F7:6B:D4:28,,,,,,19331,68,46,21,21,25,,,0,20,380,23,3,,,,3833206,1786524609461,3833219,1786524609474,,1786524609443,28,2026-08-12T08:50:10.4953511Z,203,,,oasis/bottle,,0,,,,,
,,,,,,,,,,,,,,,13,,,,,,,,,1,,,0,,,,,0,,,,,0,,,,,,,,,,,local.mqtt.telegraf,32,,32.69,,,,,,periodic,,18,,,,,6,5,08a6f76bd428,,,80256,43104,,6,1067,,,,,,,,,,,,,1068,,,,,08a6f76bd428-1068,,,0,,,,,,,272,1068,08:A6:F7:6B:D4:28,,,,,,20371,68,46,21,21,25,,,0,20,380,23,3,,,,3834246,1786524610501,3834259,1786524610514,,1786524610483,28,2026-08-12T08:50:11.5374531Z,203,,,oasis/bottle,,0,,,,,
,,,,,,,,,,,,,,,14,,,,,,,,,1,,,0,,,,,0,,,,,0,,,,,,,,,,,local.mqtt.telegraf,32,,32.68,,,,,,periodic,,27,,,,,6,5,08a6f76bd428,,,58576,43104,,6,1068,,,,,,,,,,,,,1069,,,,,08a6f76bd428-1069,,,0,,,,,,,272,1069,08:A6:F7:6B:D4:28,,,,,,1091,69,40,21,21,19,,,-5,20,384,23,3,,,,3835735,1786524611990,3835749,1786524612004,,1786524611963,28,2026-08-12T08:50:13.0234471Z,207,,,oasis/bottle,,0,,,,,
,,,,,,,,,,,,,,,13,,,,,,,,,1,,,0,,,,,0,,,,,0,,,,,,,,,,,local.mqtt.telegraf,32,,32.8,,,,,,periodic,,18,,,,,6,5,08a6f76bd428,,,50224,43104,,8,1069,,,,,,,,,,,,,1070,,,,,08a6f76bd428-1070,,,0,,,,,,,272,1070,08:A6:F7:6B:D4:28,,,,,,2251,69,40,21,21,19,,,-5,20,384,23,3,,,,3836886,1786524613141,3836899,1786524613154,,1786524613123,28,2026-08-12T08:50:14.1669109Z,207,,,oasis/bottle,,0,,,,,
,,,,,,,,,,,,,,,13,,,,,,,,,1,,,0,,,,,0,,,,,0,,,,,,,,,,,local.mqtt.telegraf,32,,32.8,,,,,,periodic,,28,,,,,6,5,08a6f76bd428,,,121856,43104,,6,1070,,,,,,,,,,,,,1071,,,,,08a6f76bd428-1071,,,0,,,,,,,272,1071,08:A6:F7:6B:D4:28,,,,,,3361,69,40,21,21,19,,,-5,20,384,23,3,,,,3838006,1786524614261,3838019,1786524614274,,1786524614233,28,2026-08-12T08:50:15.3116099Z,207,,,oasis/bottle,,0,,,,,
,,,,,,,,,,,,,,,13,,,,,,,,,1,,,0,,,,,0,,,,,0,,,,,,,,,,,local.mqtt.telegraf,32,,32.81,,,,,,periodic,,18,,,,,6,5,08a6f76bd428,,,114160,43104,,8,1071,,,,,,,,,,,,,1072,,,,,08a6f76bd428-1072,,,0,,,,,,,272,1072,08:A6:F7:6B:D4:28,,,,,,4381,69,40,21,21,19,,,-5,20,384,23,3,,,,3839016,1786524615271,3839029,1786524615284,,1786524615253,28,2026-08-12T08:50:16.3064808Z,207,,,oasis/bottle,,0,,,,,
,,,,,,,,,,,,,,,13,,,,,,,,,1,,,0,,,,,0,,,,,0,,,,,,,,,,,local.mqtt.telegraf,32,,32.65,,,,,,periodic,,18,,,,,6,5,08a6f76bd428,,,103824,43104,,6,1072,,,,,,,,,,,,,1073,,,,,08a6f76bd428-1073,,,0,,,,,,,272,1073,08:A6:F7:6B:D4:28,,,,,,5821,69,40,21,21,19,,,-5,20,384,23,3,,,,3840456,1786524616711,3840469,1786524616724,,1786524616693,28,2026-08-12T08:50:17.7493943Z,207,,,oasis/bottle,,0,,,,,
,,,,,,,,,,,,,,,13,,,,,,,,,1,,,0,,,,,0,,,,,0,,,,,,,,,,,local.mqtt.telegraf,32,,32.85,,,,,,periodic,,18,,,,,6,5,08a6f76bd428,,,95456,43104,,6,1073,,,,,,,,,,,,,1074,,,,,08a6f76bd428-1074,,,0,,,,,,,272,1074,08:A6:F7:6B:D4:28,,,,,,6901,69,40,21,21,19,,,-5,20,384,23,3,,,,3841536,1786524617791,3841549,1786524617804,,1786524617773,28,2026-08-12T08:50:18.8330813Z,207,,,oasis/bottle,,0,,,,,
,,,,,,,,,,,,,,,14,,,,,,,,,1,,,0,,,,,0,,,,,0,,,,,,,,,,,local.mqtt.telegraf,32,,32.81,,,,,,periodic,,18,,,,,6,5,08a6f76bd428,,,84480,43104,,6,1074,,,,,,,,,,,,,1075,,,,,08a6f76bd428-1075,,,0,,,,,,,272,1075,08:A6:F7:6B:D4:28,,,,,,8461,69,40,21,21,19,,,-5,20,384,23,3,,,,3843096,1786524619351,3843110,1786524619365,,1786524619333,28,2026-08-12T08:50:20.3790327Z,207,,,oasis/bottle,,0,,,,,
,,,,,,,,,,,,,,,14,,,,,,,,,1,,,0,,,,,0,,,,,0,,,,,,,,,,,local.mqtt.telegraf,32,,32.96,,,,,,periodic,,18,,,,,6,5,08a6f76bd428,,,74816,43104,,6,1075,,,,,,,,,,,,,1076,,,,,08a6f76bd428-1076,,,0,,,,,,,272,1076,08:A6:F7:6B:D4:28,,,,,,9771,69,40,21,21,19,,,-5,20,384,23,3,,,,3844406,1786524620661,3844420,1786524620675,,1786524620643,28,2026-08-12T08:50:21.7049897Z,207,,,oasis/bottle,,0,,,,,
,,,,,,,,,,,,,,,15,,,,,,,,,1,,,0,,,,,0,,,,,0,,,,,,,,,,,local.mqtt.telegraf,32,,32.96,,,,,,periodic,,18,,,,,6,5,08a6f76bd428,,,64496,43104,,6,1076,,,,,,,,,,,,,1077,,,,,08a6f76bd428-1077,,,0,,,,,,,272,1077,08:A6:F7:6B:D4:28,,,,,,11191,69,40,21,21,19,,,-5,20,384,23,3,,,,3845826,1786524622081,3845841,1786524622096,,1786524622063,28,2026-08-12T08:50:23.1124564Z,207,,,oasis/bottle,,0,,,,,
,,,,,,,,,,,,,,,14,,,,,,,,,1,,,0,,,,,0,,,,,0,,,,,,,,,,,local.mqtt.telegraf,32,,32.91,,,,,,periodic,,28,,,,,6,5,08a6f76bd428,,,56784,43104,,6,1077,,,,,,,,,,,,,1078,,,,,08a6f76bd428-1078,,,0,,,,,,,272,1078,08:A6:F7:6B:D4:28,,,,,,12231,69,40,21,21,19,,,-5,20,384,23,3,,,,3846876,1786524623131,3846890,1786524623145,,1786524623103,28,2026-08-12T08:50:24.1692039Z,207,,,oasis/bottle,,0,,,,,
,,,,,,,,,,,,,,,14,,,,,,,,,1,,,0,,,,,0,,,,,0,,,,,,,,,,,local.mqtt.telegraf,32,,33.01,,,,,,periodic,,18,,,,,6,5,08a6f76bd428,,,46448,43104,,7,1078,,,,,,,,,,,,,1079,,,,,08a6f76bd428-1079,,,0,,,,,,,272,1079,08:A6:F7:6B:D4:28,,,,,,13711,69,40,21,21,19,,,-5,20,384,23,3,,,,3848346,1786524624601,3848360,1786524624615,,1786524624583,28,2026-08-12T08:50:25.6326407Z,207,,,oasis/bottle,,0,,,,,
,,,,,,,,,,,,,,,13,,,,,,,,,1,,,0,,,,,0,,,,,0,,,,,,,,,,,local.mqtt.telegraf,32,,33.08,,,,,,periodic,,28,,,,,6,5,08a6f76bd428,,,118000,43104,,6,1079,,,,,,,,,,,,,1080,,,,,08a6f76bd428-1080,,,0,,,,,,,272,1080,08:A6:F7:6B:D4:28,,,,,,14861,69,40,21,21,19,,,-5,20,384,23,3,,,,3849506,1786524625761,3849519,1786524625774,,1786524625733,28,2026-08-12T08:50:26.7975514Z,207,,,oasis/bottle,,0,,,,,
,,,,,,,,,,,,,,,13,,,,,,,,,1,,,0,,,,,0,,,,,0,,,,,,,,,,,local.mqtt.telegraf,32,,32.93,,,,,,periodic,,28,,,,,6,5,08a6f76bd428,,,108752,43104,,9,1080,,,,,,,,,,,,,1081,,,,,08a6f76bd428-1081,,,0,,,,,,,272,1081,08:A6:F7:6B:D4:28,,,,,,16011,69,40,21,21,19,,,-5,20,384,23,3,,,,3850656,1786524626911,3850669,1786524626924,,1786524626883,28,2026-08-12T08:50:27.9391979Z,207,,,oasis/bottle,,0,,,,,
,,,,,,,,,,,,,,,13,,,,,,,,,1,,,0,,,,,0,,,,,0,,,,,,,,,,,local.mqtt.telegraf,32,,32.95,,,,,,periodic,,19,,,,,6,5,08a6f76bd428,,,100992,43104,,7,1081,,,,,,,,,,,,,1082,,,,,08a6f76bd428-1082,,,0,,,,,,,272,1082,08:A6:F7:6B:D4:28,,,,,,17061,69,40,21,21,19,,,-5,20,384,23,3,,,,3851697,1786524627952,3851710,1786524627965,,1786524627933,28,2026-08-12T08:50:28.9761964Z,207,,,oasis/bottle,,0,,,,,
,,,,,,,,,,,,,,,14,,,,,,,,,1,,,0,,,,,0,,,,,0,,,,,,,,,,,local.mqtt.telegraf,32,,33.09,,,,,,periodic,,17,,,,,5,5,08a6f76bd428,,,90576,43104,,6,1082,,,,,,,,,,,,,1083,,,,,08a6f76bd428-1083,,,0,,,,,,,273,1083,08:A6:F7:6B:D4:28,,,,,,18561,69,40,21,21,19,,,-5,20,384,23,3,,,,3853196,1786524629451,3853210,1786524629465,,1786524629434,28,2026-08-12T08:50:30.4737906Z,207,,,oasis/bottle,,0,,,,,
,,,,,,,,,,,,,,,14,,,,,,,,,1,,,0,,,,,0,,,,,0,,,,,,,,,,,local.mqtt.telegraf,32,,33.19,,,,,,periodic,,18,,,,,6,5,08a6f76bd428,,,81536,43104,,5,1083,,,,,,,,,,,,,1084,,,,,08a6f76bd428-1084,,,0,,,,,,,272,1084,08:A6:F7:6B:D4:28,,,,,,19761,69,40,21,21,19,,,-5,20,384,23,3,,,,3854396,1786524630651,3854410,1786524630665,,1786524630633,28,2026-08-12T08:50:31.6852758Z,207,,,oasis/bottle,,0,,,,,
,,,,,,,,,,,,,,,13,,,,,,,,,1,,,0,,,,,0,,,,,0,,,,,,,,,,,local.mqtt.telegraf,32,,33.34,,,,,,periodic,,17,,,,,5,5,08a6f76bd428,,,61856,43104,,6,1084,,,,,,,,,,,,,1085,,,,,08a6f76bd428-1085,,,0,,,,,,,273,1085,08:A6:F7:6B:D4:28,,,,,,711,70,31,20,20,11,,,0,20,374,23,3,,,,3855586,1786524631841,3855599,1786524631854,,1786524631824,28,2026-08-12T08:50:32.8755013Z,209,,,oasis/bottle,,0,,,,,
,,,,,,,,,,,,,,,13,,,,,,,,,1,,,0,,,,,0,,,,,0,,,,,,,,,,,local.mqtt.telegraf,32,,33.07,,,,,,periodic,,18,,,,,6,5,08a6f76bd428,,,52848,43104,,6,1085,,,,,,,,,,,,,1086,,,,,08a6f76bd428-1086,,,0,,,,,,,272,1086,08:A6:F7:6B:D4:28,,,,,,1891,70,31,20,20,11,,,0,20,374,23,3,,,,3856766,1786524633021,3856779,1786524633034,,1786524633003,28,2026-08-12T08:50:34.0631961Z,209,,,oasis/bottle,,0,,,,,
,,,,,,,,,,,,,,,13,,,,,,,,,1,,,0,,,,,0,,,,,0,,,,,,,,,,,local.mqtt.telegraf,32,,33.17,,,,,,periodic,,28,,,,,12,5,08a6f76bd428,,,44496,43104,,6,1086,,,,,,,,,,,,,1087,,,,,08a6f76bd428-1087,,,0,,,,,,,272,1087,08:A6:F7:6B:D4:28,,,,,,3051,70,31,20,20,11,,,0,20,374,23,3,,,,3857936,1786524634191,3857949,1786524634204,,1786524634163,28,2026-08-12T08:50:35.221615Z,209,,,oasis/bottle,,0,,,,,
,,,,,,,,,,,,,,,13,,,,,,,,,1,,,0,,,,,0,,,,,0,,,,,,,,,,,local.mqtt.telegraf,32,,33.21,,,,,,periodic,,18,,,,,6,5,08a6f76bd428,,,114656,43104,,6,1087,,,,,,,,,,,,,1088,,,,,08a6f76bd428-1088,,,0,,,,,,,272,1088,08:A6:F7:6B:D4:28,,,,,,4181,70,31,20,20,11,,,0,20,374,23,3,,,,3859056,1786524635311,3859069,1786524635324,,1786524635293,29,2026-08-12T08:50:36.3352076Z,209,,,oasis/bottle,,0,,,,,
,,,,,,,,,,,,,,,13,,,,,,,,,1,,,0,,,,,0,,,,,0,,,,,,,,,,,local.mqtt.telegraf,32,,33.11,,,,,,periodic,,18,,,,,6,5,08a6f76bd428,,,106960,43104,,6,1088,,,,,,,,,,,,,1089,,,,,08a6f76bd428-1089,,,0,,,,,,,272,1089,08:A6:F7:6B:D4:28,,,,,,5231,70,31,20,20,11,,,0,20,374,23,3,,,,3860106,1786524636361,3860119,1786524636374,,1786524636343,28,2026-08-12T08:50:37.3954488Z,209,,,oasis/bottle,,0,,,,,
,,,,,,,,,,,,,,,13,,,,,,,,,1,,,0,,,,,0,,,,,0,,,,,,,,,,,local.mqtt.telegraf,32,,33.13,,,,,,periodic,,28,,,,,6,5,08a6f76bd428,,,96640,43104,,6,1089,,,,,,,,,,,,,1090,,,,,08a6f76bd428-1090,,,0,,,,,,,272,1090,08:A6:F7:6B:D4:28,,,,,,6721,70,31,20,20,11,,,0,20,374,23,3,,,,3861606,1786524637861,3861619,1786524637874,,1786524637833,28,2026-08-12T08:50:38.8822703Z,209,,,oasis/bottle,,0,,,,,
,,,,,,,,,,,,,,,14,,,,,,,,,1,,,0,,,,,0,,,,,0,,,,,,,,,,,local.mqtt.telegraf,32,,33.09,,,,,,periodic,,18,,,,,6,5,08a6f76bd428,,,87632,43104,,8,1090,,,,,,,,,,,,,1091,,,,,08a6f76bd428-1091,,,0,,,,,,,272,1091,08:A6:F7:6B:D4:28,,,,,,7911,70,31,20,20,11,,,0,20,374,23,3,,,,3862786,1786524639041,3862800,1786524639055,,1786524639023,28,2026-08-12T08:50:40.0864444Z,209,,,oasis/bottle,,0,,,,,
,,,,,,,,,,,,,,,14,,,,,,,,,1,,,0,,,,,0,,,,,0,,,,,,,,,,,local.mqtt.telegraf,32,,33.08,,,,,,periodic,,18,,,,,5,5,08a6f76bd428,,,79248,43104,,6,1091,,,,,,,,,,,,,1092,,,,,08a6f76bd428-1092,,,0,,,,,,,273,1092,08:A6:F7:6B:D4:28,,,,,,9081,70,31,20,20,11,,,0,20,374,23,3,,,,3863957,1786524640212,3863971,1786524640226,,1786524640194,28,2026-08-12T08:50:41.245889Z,209,,,oasis/bottle,,0,,,,,
,,,,,,,,,,,,,,,14,,,,,,,,,1,,,0,,,,,0,,,,,0,,,,,,,,,,,local.mqtt.telegraf,32,,33.01,,,,,,periodic,,18,,,,,6,5,08a6f76bd428,,,70880,43104,,5,1092,,,,,,,,,,,,,1093,,,,,08a6f76bd428-1093,,,0,,,,,,,272,1093,08:A6:F7:6B:D4:28,,,,,,10221,70,31,20,20,11,,,0,20,374,23,3,,,,3865096,1786524641351,3865110,1786524641365,,1786524641333,28,2026-08-12T08:50:42.3829731Z,209,,,oasis/bottle,,0,,,,,
,,,,,,,,,,,,,,,14,,,,,,,,,1,,,0,,,,,0,,,,,0,,,,,,,,,,,local.mqtt.telegraf,32,,32.96,,,,,,periodic,,18,,,,,6,5,08a6f76bd428,,,62528,43104,,6,1093,,,,,,,,,,,,,1094,,,,,08a6f76bd428-1094,,,0,,,,,,,272,1094,08:A6:F7:6B:D4:28,,,,,,11301,70,31,20,20,11,,,0,20,374,23,3,,,,3866176,1786524642431,3866190,1786524642445,,1786524642413,28,2026-08-12T08:50:43.4562292Z,209,,,oasis/bottle,,0,,,,,
,,,,,,,,,,,,,,,13,,,,,,,,,1,,,0,,,,,0,,,,,0,,,,,,,,,,,local.mqtt.telegraf,32,,33,,,,,,periodic,,28,,,,,6,5,08a6f76bd428,,,51552,43104,,6,1094,,,,,,,,,,,,,1095,,,,,08a6f76bd428-1095,,,0,,,,,,,272,1095,08:A6:F7:6B:D4:28,,,,,,12851,70,31,20,20,11,,,0,20,374,23,3,,,,3867736,1786524643991,3867749,1786524644004,,1786524643963,29,2026-08-12T08:50:45.0128741Z,209,,,oasis/bottle,,0,,,,,
,,,,,,,,,,,,,,,13,,,,,,,,,1,,,0,,,,,0,,,,,0,,,,,,,,,,,local.mqtt.telegraf,32,,33.01,,,,,,periodic,,18,,,,,6,5,08a6f76bd428,,,121920,43104,,8,1095,,,,,,,,,,,,,1096,,,,,08a6f76bd428-1096,,,0,,,,,,,272,1096,08:A6:F7:6B:D4:28,,,,,,14161,70,31,20,20,11,,,0,20,374,23,3,,,,3869036,1786524645291,3869049,1786524645304,,1786524645273,28,2026-08-12T08:50:46.329935Z,209,,,oasis/bottle,,0,,,,,
,,,,,,,,,,,,,,,13,,,,,,,,,1,,,0,,,,,0,,,,,0,,,,,,,,,,,local.mqtt.telegraf,32,,32.99,,,,,,periodic,,27,,,,,5,5,08a6f76bd428,,,111584,43104,,5,1096,,,,,,,,,,,,,1097,,,,,08a6f76bd428-1097,,,0,,,,,,,272,1097,08:A6:F7:6B:D4:28,,,,,,15571,70,31,20,20,11,,,0,20,374,23,3,,,,3870456,1786524646711,3870469,1786524646724,,1786524646684,29,2026-08-12T08:50:47.752695Z,209,,,oasis/bottle,,0,,,,,
,,,,,,,,,,,,,,,14,,,,,,,,,1,,,0,,,,,0,,,,,0,,,,,,,,,,,local.mqtt.telegraf,32,,33.03,,,,,,periodic,,18,,,,,6,5,08a6f76bd428,,,103872,43104,,7,1097,,,,,,,,,,,,,1098,,,,,08a6f76bd428-1098,,,0,,,,,,,272,1098,08:A6:F7:6B:D4:28,,,,,,16591,70,31,20,20,11,,,0,20,374,23,3,,,,3871466,1786524647721,3871480,1786524647735,,1786524647703,28,2026-08-12T08:50:48.7560844Z,209,,,oasis/bottle,,0,,,,,
,,,,,,,,,,,,,,,14,,,,,,,,,1,,,0,,,,,0,,,,,0,,,,,,,,,,,local.mqtt.telegraf,32,,32.96,,,,,,periodic,,18,,,,,6,5,08a6f76bd428,,,93536,43104,,6,1098,,,,,,,,,,,,,1099,,,,,08a6f76bd428-1099,,,0,,,,,,,272,1099,08:A6:F7:6B:D4:28,,,,,,18031,70,31,20,20,11,,,0,20,374,23,3,,,,3872906,1786524649161,3872920,1786524649175,,1786524649143,28,2026-08-12T08:50:50.187115Z,209,,,oasis/bottle,,0,,,,,
,,,,,,,,,,,,,,,18,,,,,,,,,1,,,0,,,,,0,,,,,0,,,,,,,,,,,local.mqtt.telegraf,32,,32.88,,,,,,periodic,,18,,,,,6,5,08a6f76bd428,,,85184,43104,,6,1099,,,,,,,,,,,,,1100,,,,,08a6f76bd428-1100,,,0,,,,,,,272,1100,08:A6:F7:6B:D4:28,,,,,,19101,70,31,20,20,11,,,0,20,374,23,3,,,,3873976,1786524650231,3873994,1786524650249,,1786524650213,29,2026-08-12T08:50:51.2614245Z,209,,,oasis/bottle,,0,,,,,
,,,,,,,,,,,,,,,13,,,,,,,,,1,,,0,,,,,0,,,,,0,,,,,,,,,,,local.mqtt.telegraf,32,,32.89,,,,,,periodic,,25,,,,,5,5,08a6f76bd428,,,61536,43104,,6,1100,,,,,,,,,,,,,1101,,,,,08a6f76bd428-1101,,,0,,,,,,,273,1101,08:A6:F7:6B:D4:28,,,,,,332,71,31,21,21,10,,,-4,21,394,23,3,,,,3875805,1786524652060,3875818,1786524652073,,1786524652035,28,2026-08-12T08:50:53.0931086Z,213,,,oasis/bottle,,0,,,,,
,,,,,,,,,,,,,,,14,,,,,,,,,1,,,0,,,,,0,,,,,0,,,,,,,,,,,local.mqtt.telegraf,32,,32.92,,,,,,periodic,,18,,,,,6,5,08a6f76bd428,,,50560,43104,,5,1101,,,,,,,,,,,,,1102,,,,,08a6f76bd428-1102,,,0,,,,,,,272,1102,08:A6:F7:6B:D4:28,,,,,,1891,71,31,21,21,10,,,-4,21,394,23,3,,,,3877356,1786524653611,3877370,1786524653625,,1786524653593,28,2026-08-12T08:50:54.6411299Z,213,,,oasis/bottle,,0,,,,,
,,,,,,,,,,,,,,,13,,,,,,,,,1,,,0,,,,,0,,,,,0,,,,,,,,,,,local.mqtt.telegraf,32,,32.93,,,,,,periodic,,28,,,,,6,5,08a6f76bd428,,,120576,43104,,6,1102,,,,,,,,,,,,,1103,,,,,08a6f76bd428-1103,,,0,,,,,,,272,1103,08:A6:F7:6B:D4:28,,,,,,3211,71,31,21,21,10,,,-4,21,394,23,3,,,,3878686,1786524654941,3878699,1786524654954,,1786524654913,28,2026-08-12T08:50:55.9701634Z,213,,,oasis/bottle,,0,,,,,
,,,,,,,,,,,,,,,14,,,,,,,,,1,,,0,,,,,0,,,,,0,,,,,,,,,,,local.mqtt.telegraf,32,,33,,,,,,periodic,,18,,,,,6,5,08a6f76bd428,,,110240,43104,,7,1103,,,,,,,,,,,,,1104,,,,,08a6f76bd428-1104,,,0,,,,,,,272,1104,08:A6:F7:6B:D4:28,,,,,,4651,71,31,21,21,10,,,-4,21,394,23,3,,,,3880116,1786524656371,3880130,1786524656385,,1786524656353,28,2026-08-12T08:50:57.3943251Z,213,,,oasis/bottle,,0,,,,,
,,,,,,,,,,,,,,,14,,,,,,,,,1,,,0,,,,,0,,,,,0,,,,,,,,,,,local.mqtt.telegraf,32,,32.97,,,,,,periodic,,18,,,,,6,5,08a6f76bd428,,,101888,43104,,6,1104,,,,,,,,,,,,,1105,,,,,08a6f76bd428-1105,,,0,,,,,,,272,1105,08:A6:F7:6B:D4:28,,,,,,5721,71,31,21,21,10,,,-4,21,394,23,3,,,,3881186,1786524657441,3881200,1786524657455,,1786524657423,28,2026-08-12T08:50:58.4697889Z,213,,,oasis/bottle,,0,,,,,
,,,,,,,,,,,,,,,14,,,,,,,,,1,,,0,,,,,0,,,,,0,,,,,,,,,,,local.mqtt.telegraf,32,,32.97,,,,,,periodic,,18,,,,,6,5,08a6f76bd428,,,90896,43104,,6,1105,,,,,,,,,,,,,1106,,,,,08a6f76bd428-1106,,,0,,,,,,,272,1106,08:A6:F7:6B:D4:28,,,,,,7261,71,31,21,21,10,,,-4,21,394,23,3,,,,3882726,1786524658981,3882740,1786524658995,,1786524658963,28,2026-08-12T08:51:00.0502984Z,213,,,oasis/bottle,,0,,,,,
,,,,,,,,,,,,,,,14,,,,,,,,,1,,,0,,,,,0,,,,,0,,,,,,,,,,,local.mqtt.telegraf,32,,32.92,,,,,,periodic,,18,,,,,6,5,08a6f76bd428,,,81888,43104,,6,1106,,,,,,,,,,,,,1107,,,,,08a6f76bd428-1107,,,0,,,,,,,272,1107,08:A6:F7:6B:D4:28,,,,,,8541,71,31,21,21,10,,,-4,21,394,23,3,,,,3884006,1786524660261,3884020,1786524660275,,1786524660243,28,2026-08-12T08:51:01.2977283Z,213,,,oasis/bottle,,0,,,,,
,,,,,,,,,,,,,,,14,,,,,,,,,1,,,0,,,,,0,,,,,0,,,,,,,,,,,local.mqtt.telegraf,32,,33.03,,,,,,periodic,,18,,,,,6,5,08a6f76bd428,,,72224,43104,,6,1107,,,,,,,,,,,,,1108,,,,,08a6f76bd428-1108,,,0,,,,,,,272,1108,08:A6:F7:6B:D4:28,,,,,,9891,71,31,21,21,10,,,-4,21,394,23,3,,,,3885356,1786524661611,3885370,1786524661625,,1786524661593,28,2026-08-12T08:51:02.6364305Z,213,,,oasis/bottle,,0,,,,,
,,,,,,,,,,,,,,,14,,,,,,,,,1,,,0,,,,,0,,,,,0,,,,,,,,,,,local.mqtt.telegraf,32,,33.05,,,,,,periodic,,17,,,,,5,5,08a6f76bd428,,,61872,43104,,6,1108,,,,,,,,,,,,,1109,,,,,08a6f76bd428-1109,,,0,,,,,,,273,1109,08:A6:F7:6B:D4:28,,,,,,11391,71,31,21,21,10,,,-4,21,394,23,3,,,,3886856,1786524663111,3886870,1786524663125,,1786524663094,28,2026-08-12T08:51:04.1421575Z,213,,,oasis/bottle,,0,,,,,
,,,,,,,,,,,,,,,14,,,,,,,,,1,,,0,,,,,0,,,,,0,,,,,,,,,,,local.mqtt.telegraf,32,,33,,,,,,periodic,,18,,,,,6,5,08a6f76bd428,,,52832,43104,,5,1109,,,,,,,,,,,,,1110,,,,,08a6f76bd428-1110,,,0,,,,,,,272,1110,08:A6:F7:6B:D4:28,,,,,,12591,71,31,21,21,10,,,-4,21,394,23,3,,,,3888056,1786524664311,3888070,1786524664325,,1786524664293,28,2026-08-12T08:51:05.3451412Z,213,,,oasis/bottle,,0,,,,,
,,,,,,,,,,,,,,,13,,,,,,,,,1,,,0,,,,,0,,,,,0,,,,,,,,,,,local.mqtt.telegraf,32,,33.12,,,,,,periodic,,22,,,,,6,5,08a6f76bd428,,,122624,43104,,6,1110,,,,,,,,,,,,,1111,,,,,08a6f76bd428-1111,,,0,,,,,,,278,1111,08:A6:F7:6B:D4:28,,,,,,13836,71,31,21,21,10,,,-4,21,394,23,3,,,,3889306,1786524665561,3889319,1786524665574,,1786524665539,28,2026-08-12T08:51:06.5950142Z,213,,,oasis/bottle,,0,,,,,
,,,,,,,,,,,,,,,14,,,,,,,,,1,,,0,,,,,0,,,,,0,,,,,,,,,,,local.mqtt.telegraf,32,,33,,,,,,periodic,,18,,,,,6,5,08a6f76bd428,,,113552,43104,,6,1111,,,,,,,,,,,,,1112,,,,,08a6f76bd428-1112,,,0,,,,,,,272,1112,08:A6:F7:6B:D4:28,,,,,,15081,71,31,21,21,10,,,-4,21,394,23,3,,,,3890546,1786524666801,3890560,1786524666815,,1786524666783,28,2026-08-12T08:51:07.8354603Z,213,,,oasis/bottle,,0,,,,,
,,,,,,,,,,,,,,,22,,,,,,,,,1,,,0,,,,,0,,,,,0,,,,,,,,,,,local.mqtt.telegraf,32,,32.93,,,,,,periodic,,27,,,,,5,5,08a6f76bd428,,,104496,43104,,6,1112,,,,,,,,,,,,,1113,,,,,08a6f76bd428-1113,,,0,,,,,,,273,1113,08:A6:F7:6B:D4:28,,,,,,16361,71,31,21,21,10,,,-4,21,394,23,3,,,,3891836,1786524668091,3891858,1786524668113,,1786524668064,28,2026-08-12T08:51:09.1364928Z,213,,,oasis/bottle,,0,,,,,
,,,,,,,,,,,,,,,14,,,,,,,,,1,,,0,,,,,0,,,,,0,,,,,,,,,,,local.mqtt.telegraf,32,,33.03,,,,,,periodic,,18,,,,,6,5,08a6f76bd428,,,94752,43104,,7,1113,,,,,,,,,,,,,1114,,,,,08a6f76bd428-1114,,,0,,,,,,,272,1114,08:A6:F7:6B:D4:28,,,,,,17731,71,31,21,21,10,,,-4,21,394,23,3,,,,3893196,1786524669451,3893210,1786524669465,,1786524669433,28,2026-08-12T08:51:10.4717114Z,213,,,oasis/bottle,,0,,,,,
,,,,,,,,,,,,,,,14,,,,,,,,,1,,,0,,,,,0,,,,,0,,,,,,,,,,,local.mqtt.telegraf,32,,33.12,,,,,,periodic,,18,,,,,6,5,08a6f76bd428,,,83760,43104,,6,1114,,,,,,,,,,,,,1115,,,,,08a6f76bd428-1115,,,0,,,,,,,272,1115,08:A6:F7:6B:D4:28,,,,,,19261,71,31,21,21,10,,,-4,21,394,23,3,,,,3894726,1786524670981,3894740,1786524670995,,1786524670963,28,2026-08-12T08:51:12.0095874Z,213,,,oasis/bottle,,0,,,,,
,,,,,,,,,,,,,,,13,,,,,,,,,1,,,0,,,,,0,,,,,0,,,,,,,,,,,local.mqtt.telegraf,32,,33.05,,,,,,periodic,,26,,,,,5,5,08a6f76bd428,,,62112,43104,,6,1115,,,,,,,,,,,,,1116,,,,,08a6f76bd428-1116,,,0,,,,,,,273,1116,08:A6:F7:6B:D4:28,,,,,,332,72,28,21,21,7,,,0,19,385,23,3,,,,3896225,1786524672480,3896238,1786524672493,,1786524672454,28,2026-08-12T08:51:13.5056467Z,216,,,oasis/bottle,,0,,,,,
,,,,,,,,,,,,,,,14,,,,,,,,,1,,,0,,,,,0,,,,,0,,,,,,,,,,,local.mqtt.telegraf,32,,32.96,,,,,,periodic,,19,,,,,6,5,08a6f76bd428,,,51136,43104,,6,1116,,,,,,,,,,,,,1117,,,,,08a6f76bd428-1117,,,0,,,,,,,272,1117,08:A6:F7:6B:D4:28,,,,,,1881,72,28,21,21,7,,,0,19,385,23,3,,,,3897766,1786524674021,3897780,1786524674035,,1786524674002,28,2026-08-12T08:51:15.0525203Z,216,,,oasis/bottle,,0,,,,,
,,,,,,,,,,,,,,,14,,,,,,,,,1,,,0,,,,,0,,,,,0,,,,,,,,,,,local.mqtt.telegraf,32,,33.13,,,,,,periodic,,19,,,,,6,5,08a6f76bd428,,,121120,43104,,6,1117,,,,,,,,,,,,,1118,,,,,08a6f76bd428-1118,,,0,,,,,,,272,1118,08:A6:F7:6B:D4:28,,,,,,3171,72,28,21,21,7,,,0,19,385,23,3,,,,3899056,1786524675311,3899070,1786524675325,,1786524675292,28,2026-08-12T08:51:16.3426136Z,216,,,oasis/bottle,,0,,,,,
,,,,,,,,,,,,,,,14,,,,,,,,,1,,,0,,,,,0,,,,,0,,,,,,,,,,,local.mqtt.telegraf,32,,33.08,,,,,,periodic,,19,,,,,6,5,08a6f76bd428,,,111456,43104,,6,1118,,,,,,,,,,,,,1119,,,,,08a6f76bd428-1119,,,0,,,,,,,272,1119,08:A6:F7:6B:D4:28,,,,,,4551,72,28,21,21,7,,,0,19,385,23,3,,,,3900436,1786524676691,3900450,1786524676705,,1786524676672,28,2026-08-12T08:51:17.725149Z,216,,,oasis/bottle,,0,,,,,
,,,,,,,,,,,,,,,14,,,,,,,,,1,,,0,,,,,0,,,,,0,,,,,,,,,,,local.mqtt.telegraf,32,,32.99,,,,,,periodic,,19,,,,,6,5,08a6f76bd428,,,100480,43104,,6,1119,,,,,,,,,,,,,1120,,,,,08a6f76bd428-1120,,,0,,,,,,,272,1120,08:A6:F7:6B:D4:28,,,,,,6111,72,28,21,21,7,,,0,19,385,23,3,,,,3901996,1786524678251,3902010,1786524678265,,1786524678232,28,2026-08-12T08:51:19.276745Z,216,,,oasis/bottle,,0,,,,,
,,,,,,,,,,,,,,,13,,,,,,,,,1,,,0,,,,,0,,,,,0,,,,,,,,,,,local.mqtt.telegraf,32,,33,,,,,,periodic,,29,,,,,6,5,08a6f76bd428,,,90816,43104,,6,1120,,,,,,,,,,,,,1121,,,,,08a6f76bd428-1121,,,0,,,,,,,272,1121,08:A6:F7:6B:D4:28,,,,,,7421,72,28,21,21,7,,,0,19,385,23,3,,,,3903316,1786524679571,3903329,1786524679584,,1786524679542,28,2026-08-12T08:51:20.6024432Z,216,,,oasis/bottle,,0,,,,,
,,,,,,,,,,,,,,,14,,,,,,,,,1,,,0,,,,,0,,,,,0,,,,,,,,,,,local.mqtt.telegraf,32,,33.08,,,,,,periodic,,19,,,,,6,5,08a6f76bd428,,,80496,43104,,7,1121,,,,,,,,,,,,,1122,,,,,08a6f76bd428-1122,,,0,,,,,,,272,1122,08:A6:F7:6B:D4:28,,,,,,8851,72,28,21,21,7,,,0,19,385,23,3,,,,3904736,1786524680991,3904750,1786524681005,,1786524680972,28,2026-08-12T08:51:22.0143146Z,216,,,oasis/bottle,,0,,,,,
,,,,,,,,,,,,,,,13,,,,,,,,,1,,,0,,,,,0,,,,,0,,,,,,,,,,,local.mqtt.telegraf,32,,33.17,,,,,,periodic,,19,,,,,6,5,08a6f76bd428,,,72800,43104,,6,1122,,,,,,,,,,,,,1123,,,,,08a6f76bd428-1123,,,0,,,,,,,272,1123,08:A6:F7:6B:D4:28,,,,,,9901,72,28,21,21,7,,,0,19,385,23,3,,,,3905786,1786524682041,3905799,1786524682054,,1786524682022,28,2026-08-12T08:51:23.0707659Z,216,,,oasis/bottle,,0,,,,,
,,,,,,,,,,,,,,,14,,,,,,,,,1,,,0,,,,,0,,,,,0,,,,,,,,,,,local.mqtt.telegraf,32,,32.93,,,,,,periodic,,28,,,,,5,5,08a6f76bd428,,,62448,43104,,6,1123,,,,,,,,,,,,,1124,,,,,08a6f76bd428-1124,,,0,,,,,,,273,1124,08:A6:F7:6B:D4:28,,,,,,11401,72,28,21,21,7,,,0,19,385,23,3,,,,3907296,1786524683551,3907310,1786524683565,,1786524683523,28,2026-08-12T08:51:24.5942923Z,216,,,oasis/bottle,,0,,,,,
,,,,,,,,,,,,,,,13,,,,,,,,,1,,,0,,,,,0,,,,,0,,,,,,,,,,,local.mqtt.telegraf,32,,33.09,,,,,,periodic,,20,,,,,6,5,08a6f76bd428,,,53424,43104,,5,1124,,,,,,,,,,,,,1125,,,,,08a6f76bd428-1125,,,0,,,,,,,272,1125,08:A6:F7:6B:D4:28,,,,,,12601,72,28,21,21,7,,,0,19,385,23,3,,,,3908487,1786524684742,3908500,1786524684755,,1786524684722,28,2026-08-12T08:51:25.7793695Z,216,,,oasis/bottle,,0,,,,,
,,,,,,,,,,,,,,,13,,,,,,,,,1,,,0,,,,,0,,,,,0,,,,,,,,,,,local.mqtt.telegraf,32,,33.07,,,,,,periodic,,29,,,,,6,5,08a6f76bd428,,,44416,43104,,6,1125,,,,,,,,,,,,,1126,,,,,08a6f76bd428-1126,,,0,,,,,,,272,1126,08:A6:F7:6B:D4:28,,,,,,13791,72,28,21,21,7,,,0,19,385,23,3,,,,3909686,1786524685941,3909699,1786524685954,,1786524685912,28,2026-08-12T08:51:26.97979Z,216,,,oasis/bottle,,0,,,,,
,,,,,,,,,,,,,,,14,,,,,,,,,1,,,0,,,,,0,,,,,0,,,,,,,,,,,local.mqtt.telegraf,32,,33.03,,,,,,periodic,,19,,,,,6,5,08a6f76bd428,,,114816,43104,,6,1126,,,,,,,,,,,,,1127,,,,,08a6f76bd428-1127,,,0,,,,,,,272,1127,08:A6:F7:6B:D4:28,,,,,,14981,72,28,21,21,7,,,0,19,385,23,3,,,,3910866,1786524687121,3910880,1786524687135,,1786524687102,28,2026-08-12T08:51:28.1461215Z,216,,,oasis/bottle,,0,,,,,
,,,,,,,,,,,,,,,14,,,,,,,,,1,,,0,,,,,0,,,,,0,,,,,,,,,,,local.mqtt.telegraf,32,,33.11,,,,,,periodic,,18,,,,,5,5,08a6f76bd428,,,106416,43104,,6,1127,,,,,,,,,,,,,1128,,,,,08a6f76bd428-1128,,,0,,,,,,,273,1128,08:A6:F7:6B:D4:28,,,,,,16151,72,28,21,21,7,,,0,19,385,23,3,,,,3912036,1786524688291,3912050,1786524688305,,1786524688273,28,2026-08-12T08:51:29.3146421Z,216,,,oasis/bottle,,0,,,,,
,,,,,,,,,,,,,,,14,,,,,,,,,1,,,0,,,,,0,,,,,0,,,,,,,,,,,local.mqtt.telegraf,32,,32.95,,,,,,periodic,,19,,,,,6,5,08a6f76bd428,,,98032,43104,,5,1128,,,,,,,,,,,,,1129,,,,,08a6f76bd428-1129,,,0,,,,,,,272,1129,08:A6:F7:6B:D4:28,,,,,,17291,72,28,21,21,7,,,0,19,385,23,3,,,,3913176,1786524689431,3913190,1786524689445,,1786524689412,28,2026-08-12T08:51:30.4628252Z,216,,,oasis/bottle,,0,,,,,
,,,,,,,,,,,,,,,14,,,,,,,,,1,,,0,,,,,0,,,,,0,,,,,,,,,,,local.mqtt.telegraf,32,,33.04,,,,,,periodic,,19,,,,,6,5,08a6f76bd428,,,89680,43104,,9,1129,,,,,,,,,,,,,1130,,,,,08a6f76bd428-1130,,,0,,,,,,,272,1130,08:A6:F7:6B:D4:28,,,,,,18371,72,28,21,21,7,,,0,19,385,23,3,,,,3914256,1786524690511,3914270,1786524690525,,1786524690492,28,2026-08-12T08:51:31.5482526Z,216,,,oasis/bottle,,0,,,,,
,,,,,,,,,,,,,,,13,,,,,,,,,1,,,0,,,,,0,,,,,0,,,,,,,,,,,local.mqtt.telegraf,32,,33.03,,,,,,periodic,,29,,,,,6,5,08a6f76bd428,,,78704,43104,,6,1130,,,,,,,,,,,,,1131,,,,,08a6f76bd428-1131,,,0,,,,,,,272,1131,08:A6:F7:6B:D4:28,,,,,,19921,72,28,21,21,7,,,0,19,385,23,3,,,,3915816,1786524692071,3915829,1786524692084,,1786524692042,28,2026-08-12T08:51:33.112756Z,216,,,oasis/bottle,,0,,,,,
,,,,,,,,,,,,,,,14,,,,,,,,,1,,,0,,,,,0,,,,,0,,,,,,,,,,,local.mqtt.telegraf,32,,32.93,,,,,,periodic,,28,,,,,6,5,08a6f76bd428,,,58384,43104,,9,1131,,,,,,,,,,,,,1132,,,,,08a6f76bd428-1132,,,0,,,,,,,272,1132,08:A6:F7:6B:D4:28,,,,,,821,73,28,20,20,8,,,-1,19,364,23,3,,,,3917125,1786524693380,3917139,1786524693394,,1786524693352,28,2026-08-12T08:51:34.4098157Z,219,,,oasis/bottle,,0,,,,,
,,,,,,,,,,,,,,,13,,,,,,,,,1,,,0,,,,,0,,,,,0,,,,,,,,,,,local.mqtt.telegraf,32,,33,,,,,,periodic,,19,,,,,6,5,08a6f76bd428,,,48064,43104,,6,1132,,,,,,,,,,,,,1133,,,,,08a6f76bd428-1133,,,0,,,,,,,272,1133,08:A6:F7:6B:D4:28,,,,,,2231,73,28,20,20,8,,,-1,19,364,23,3,,,,3918526,1786524694781,3918539,1786524694794,,1786524694762,28,2026-08-12T08:51:35.8125508Z,219,,,oasis/bottle,,0,,,,,
,,,,,,,,,,,,,,,14,,,,,,,,,1,,,0,,,,,0,,,,,0,,,,,,,,,,,local.mqtt.telegraf,32,,33.17,,,,,,periodic,,19,,,,,6,5,08a6f76bd428,,,120208,43104,,6,1133,,,,,,,,,,,,,1134,,,,,08a6f76bd428-1134,,,0,,,,,,,272,1134,08:A6:F7:6B:D4:28,,,,,,3251,73,28,20,20,8,,,-1,19,364,23,3,,,,3919546,1786524695801,3919560,1786524695815,,1786524695782,28,2026-08-12T08:51:36.8322471Z,219,,,oasis/bottle,,0,,,,,
,,,,,,,,,,,,,,,14,,,,,,,,,1,,,0,,,,,0,,,,,0,,,,,,,,,,,local.mqtt.telegraf,32,,32.91,,,,,,periodic,,19,,,,,6,5,08a6f76bd428,,,109872,43104,,6,1134,,,,,,,,,,,,,1135,,,,,08a6f76bd428-1135,,,0,,,,,,,272,1135,08:A6:F7:6B:D4:28,,,,,,4691,73,28,20,20,8,,,-1,19,364,23,3,,,,3920986,1786524697241,3921000,1786524697255,,1786524697222,28,2026-08-12T08:51:38.2720402Z,219,,,oasis/bottle,,0,,,,,
,,,,,,,,,,,,,,,14,,,,,,,,,1,,,0,,,,,0,,,,,0,,,,,,,,,,,local.mqtt.telegraf,32,,32.97,,,,,,periodic,,19,,,,,6,5,08a6f76bd428,,,101504,43104,,6,1135,,,,,,,,,,,,,1136,,,,,08a6f76bd428-1136,,,0,,,,,,,272,1136,08:A6:F7:6B:D4:28,,,,,,5761,73,28,20,20,8,,,-1,19,364,23,3,,,,3922056,1786524698311,3922070,1786524698325,,1786524698292,28,2026-08-12T08:51:39.3420335Z,219,,,oasis/bottle,,0,,,,,
,,,,,,,,,,,,,,,14,,,,,,,,,1,,,0,,,,,0,,,,,0,,,,,,,,,,,local.mqtt.telegraf,32,,33.17,,,,,,periodic,,19,,,,,6,5,08a6f76bd428,,,90512,43104,,6,1136,,,,,,,,,,,,,1137,,,,,08a6f76bd428-1137,,,0,,,,,,,272,1137,08:A6:F7:6B:D4:28,,,,,,7301,73,28,20,20,8,,,-1,19,364,23,3,,,,3923596,1786524699851,3923610,1786524699865,,1786524699832,28,2026-08-12T08:51:40.8844334Z,219,,,oasis/bottle,,0,,,,,
,,,,,,,,,,,,,,,14,,,,,,,,,1,,,0,,,,,0,,,,,0,,,,,,,,,,,local.mqtt.telegraf,32,,33.24,,,,,,periodic,,18,,,,,5,5,08a6f76bd428,,,81472,43104,,6,1137,,,,,,,,,,,,,1138,,,,,08a6f76bd428-1138,,,0,,,,,,,273,1138,08:A6:F7:6B:D4:28,,,,,,8581,73,28,20,20,8,,,-1,19,364,23,3,,,,3924876,1786524701131,3924890,1786524701145,,1786524701113,28,2026-08-12T08:51:42.1613661Z,219,,,oasis/bottle,,0,,,,,
,,,,,,,,,,,,,,,14,,,,,,,,,1,,,0,,,,,0,,,,,0,,,,,,,,,,,local.mqtt.telegraf,32,,33.07,,,,,,periodic,,19,,,,,6,5,08a6f76bd428,,,71792,43104,,5,1138,,,,,,,,,,,,,1139,,,,,08a6f76bd428-1139,,,0,,,,,,,272,1139,08:A6:F7:6B:D4:28,,,,,,9941,73,28,20,20,8,,,-1,19,364,23,3,,,,3926236,1786524702491,3926250,1786524702505,,1786524702472,28,2026-08-12T08:51:43.5143051Z,219,,,oasis/bottle,,0,,,,,
,,,,,,,,,,,,,,,13,,,,,,,,,1,,,0,,,,,0,,,,,0,,,,,,,,,,,local.mqtt.telegraf,32,,32.95,,,,,,periodic,,29,,,,,6,5,08a6f76bd428,,,60816,43104,,6,1139,,,,,,,,,,,,,1140,,,,,08a6f76bd428-1140,,,0,,,,,,,272,1140,08:A6:F7:6B:D4:28,,,,,,11451,73,28,20,20,8,,,-1,19,364,23,3,,,,3927756,1786524704011,3927769,1786524704024,,1786524703982,28,2026-08-12T08:51:45.0430201Z,219,,,oasis/bottle,,0,,,,,
,,,,,,,,,,,,,,,13,,,,,,,,,1,,,0,,,,,0,,,,,0,,,,,,,,,,,local.mqtt.telegraf,32,,32.69,,,,,,periodic,,20,,,,,6,5,08a6f76bd428,,,50960,43104,,9,1140,,,,,,,,,,,,,1141,,,,,08a6f76bd428-1141,,,0,,,,,,,272,1141,08:A6:F7:6B:D4:28,,,,,,12721,73,28,20,20,8,,,-1,19,364,23,3,,,,3929017,1786524705272,3929030,1786524705285,,1786524705252,28,2026-08-12T08:51:46.3069966Z,219,,,oasis/bottle,,0,,,,,
,,,,,,,,,,,,,,,14,,,,,,,,,1,,,0,,,,,0,,,,,0,,,,,,,,,,,local.mqtt.telegraf,32,,32.69,,,,,,periodic,,19,,,,,6,5,08a6f76bd428,,,121280,43104,,6,1141,,,,,,,,,,,,,1142,,,,,08a6f76bd428-1142,,,0,,,,,,,272,1142,08:A6:F7:6B:D4:28,,,,,,14011,73,28,20,20,8,,,-1,19,364,23,3,,,,3930306,1786524706561,3930320,1786524706575,,1786524706542,28,2026-08-12T08:51:47.5918445Z,219,,,oasis/bottle,,0,,,,,
,,,,,,,,,,,,,,,14,,,,,,,,,1,,,0,,,,,0,,,,,0,,,,,,,,,,,local.mqtt.telegraf,32,,32.53,,,,,,periodic,,19,,,,,6,5,08a6f76bd428,,,111552,43104,,5,1142,,,,,,,,,,,,,1143,,,,,08a6f76bd428-1143,,,0,,,,,,,272,1143,08:A6:F7:6B:D4:28,,,,,,15391,73,28,20,20,8,,,-1,19,364,23,3,,,,3931686,1786524707941,3931700,1786524707955,,1786524707922,29,2026-08-12T08:51:48.9723789Z,219,,,oasis/bottle,,0,,,,,
,,,,,,,,,,,,,,,14,,,,,,,,,1,,,0,,,,,0,,,,,0,,,,,,,,,,,local.mqtt.telegraf,32,,32.03,,,,,,periodic,,19,,,,,6,5,08a6f76bd428,,,100512,43104,,6,1143,,,,,,,,,,,,,1144,,,,,08a6f76bd428-1144,,,0,,,,,,,272,1144,08:A6:F7:6B:D4:28,,,,,,16951,73,28,20,20,8,,,-1,19,364,23,3,,,,3933246,1786524709501,3933260,1786524709515,,1786524709482,28,2026-08-12T08:51:50.5367457Z,219,,,oasis/bottle,,0,,,,,
,,,,,,,,,,,,,,,14,,,,,,,,,1,,,0,,,,,0,,,,,0,,,,,,,,,,,local.mqtt.telegraf,32,,31.36,,,,,,periodic,,19,,,,,6,5,08a6f76bd428,,,90784,43104,,6,1144,,,,,,,,,,,,,1145,,,,,08a6f76bd428-1145,,,0,,,,,,,272,1145,08:A6:F7:6B:D4:28,,,,,,18261,73,28,20,20,8,,,-1,19,364,23,3,,,,3934556,1786524710811,3934570,1786524710825,,1786524710792,28,2026-08-12T08:51:51.8432174Z,219,,,oasis/bottle,,0,,,,,
,,,,,,,,,,,,,,,14,,,,,,,,,1,,,0,,,,,0,,,,,0,,,,,,,,,,,local.mqtt.telegraf,32,,31.32,,,,,,periodic,,19,,,,,6,5,08a6f76bd428,,,80448,43104,,6,1145,,,,,,,,,,,,,1146,,,,,08a6f76bd428-1146,,,0,,,,,,,272,1146,08:A6:F7:6B:D4:28,,,,,,19681,73,28,20,20,8,,,-1,19,364,23,3,,,,3935976,1786524712231,3935990,1786524712245,,1786524712212,28,2026-08-12T08:51:53.2593159Z,219,,,oasis/bottle,,0,,,,,
,,,,,,,,,,,,,,,13,,,,,,,,,1,,,0,,,,,0,,,,,0,,,,,,,,,,,local.mqtt.telegraf,32,,31.42,,,,,,periodic,,25,,,,,6,5,08a6f76bd428,,,61424,43104,,6,1146,,,,,,,,,,,,,1147,,,,,08a6f76bd428-1147,,,0,,,,,,,273,1147,08:A6:F7:6B:D4:28,,,,,,652,74,31,18,18,13,,,-1,18,364,21,3,,,,3937025,1786524713280,3937038,1786524713293,,1786524713255,28,2026-08-12T08:51:54.3194832Z,220,,,oasis/bottle,,0,,,,,
,,,,,,,,,,,,,,,14,,,,,,,,,1,,,0,,,,,0,,,,,0,,,,,,,,,,,local.mqtt.telegraf,32,,31.39,,,,,,periodic,,18,,,,,6,5,08a6f76bd428,,,51104,43104,,8,1147,,,,,,,,,,,,,1148,,,,,08a6f76bd428-1148,,,0,,,,,,,272,1148,08:A6:F7:6B:D4:28,,,,,,2141,74,31,18,18,13,,,-1,18,364,21,3,,,,3938506,1786524714761,3938520,1786524714775,,1786524714743,29,2026-08-12T08:51:55.7925968Z,220,,,oasis/bottle,,0,,,,,
,,,,,,,,,,,,,,,13,,,,,,,,,1,,,0,,,,,0,,,,,0,,,,,,,,,,,local.mqtt.telegraf,32,,31.39,,,,,,periodic,,28,,,,,6,5,08a6f76bd428,,,122592,43104,,6,1148,,,,,,,,,,,,,1149,,,,,08a6f76bd428-1149,,,0,,,,,,,272,1149,08:A6:F7:6B:D4:28,,,,,,3301,74,31,18,18,13,,,-1,18,364,21,3,,,,3939676,1786524715931,3939689,1786524715944,,1786524715903,29,2026-08-12T08:51:56.9528693Z,220,,,oasis/bottle,,0,,,,,
,,,,,,,,,,,,,,,13,,,,,,,,,1,,,0,,,,,0,,,,,0,,,,,,,,,,,local.mqtt.telegraf,32,,31.62,,,,,,periodic,,28,,,,,6,5,08a6f76bd428,,,114224,43104,,11,1149,,,,,,,,,,,,,1150,,,,,08a6f76bd428-1150,,,0,,,,,,,272,1150,08:A6:F7:6B:D4:28,,,,,,4431,74,31,18,18,13,,,-1,18,364,21,3,,,,3940806,1786524717061,3940819,1786524717074,,1786524717033,28,2026-08-12T08:51:58.1032776Z,220,,,oasis/bottle,,0,,,,,
,,,,,,,,,,,,,,,13,,,,,,,,,1,,,0,,,,,0,,,,,0,,,,,,,,,,,local.mqtt.telegraf,32,,31.5,,,,,,periodic,,28,,,,,6,5,08a6f76bd428,,,106464,43104,,9,1150,,,,,,,,,,,,,1151,,,,,08a6f76bd428-1151,,,0,,,,,,,272,1151,08:A6:F7:6B:D4:28,,,,,,5491,74,31,18,18,13,,,-1,18,364,21,3,,,,3941866,1786524718121,3941879,1786524718134,,1786524718093,28,2026-08-12T08:51:59.1554347Z,220,,,oasis/bottle,,0,,,,,
,,,,,,,,,,,,,,,13,,,,,,,,,1,,,0,,,,,0,,,,,0,,,,,,,,,,,local.mqtt.telegraf,32,,31.62,,,,,,periodic,,28,,,,,6,5,08a6f76bd428,,,95488,43104,,6,1151,,,,,,,,,,,,,1152,,,,,08a6f76bd428-1152,,,0,,,,,,,272,1152,08:A6:F7:6B:D4:28,,,,,,7001,74,31,18,18,13,,,-1,18,364,21,3,,,,3943376,1786524719631,3943389,1786524719644,,1786524719603,29,2026-08-12T08:52:00.6690066Z,220,,,oasis/bottle,,0,,,,,
,,,,,,,,,,,,,,,13,,,,,,,,,1,,,0,,,,,0,,,,,0,,,,,,,,,,,local.mqtt.telegraf,32,,31.6,,,,,,periodic,,27,,,,,5,5,08a6f76bd428,,,86480,43104,,6,1152,,,,,,,,,,,,,1153,,,,,08a6f76bd428-1153,,,0,,,,,,,272,1153,08:A6:F7:6B:D4:28,,,,,,8221,74,31,18,18,13,,,-1,18,364,21,3,,,,3944596,1786524720851,3944609,1786524720864,,1786524720824,29,2026-08-12T08:52:01.8905149Z,220,,,oasis/bottle,,0,,,,,
,,,,,,,,,,,,,,,15,,,,,,,,,1,,,0,,,,,0,,,,,0,,,,,,,,,,,local.mqtt.telegraf,32,,31.71,,,,,,periodic,,18,,,,,6,5,08a6f76bd428,,,77472,43104,,8,1153,,,,,,,,,,,,,1154,,,,,08a6f76bd428-1154,,,0,,,,,,,272,1154,08:A6:F7:6B:D4:28,,,,,,9461,74,31,18,18,13,,,-1,18,364,21,3,,,,3945826,1786524722081,3945841,1786524722096,,1786524722063,29,2026-08-12T08:52:03.1155437Z,220,,,oasis/bottle,,0,,,,,
,,,,,,,,,,,,,,,13,,,,,,,,,1,,,0,,,,,0,,,,,0,,,,,,,,,,,local.mqtt.telegraf,32,,31.64,,,,,,periodic,,18,,,,,6,5,08a6f76bd428,,,68464,43104,,6,1154,,,,,,,,,,,,,1155,,,,,08a6f76bd428-1155,,,0,,,,,,,272,1155,08:A6:F7:6B:D4:28,,,,,,10731,74,31,18,18,13,,,-1,18,364,21,3,,,,3947096,1786524723351,3947109,1786524723364,,1786524723333,29,2026-08-12T08:52:04.3802577Z,220,,,oasis/bottle,,0,,,,,
,,,,,,,,,,,,,,,13,,,,,,,,,1,,,0,,,,,0,,,,,0,,,,,,,,,,,local.mqtt.telegraf,32,,31.66,,,,,,periodic,,28,,,,,6,5,08a6f76bd428,,,58784,43104,,6,1155,,,,,,,,,,,,,1156,,,,,08a6f76bd428-1156,,,0,,,,,,,272,1156,08:A6:F7:6B:D4:28,,,,,,12071,74,31,18,18,13,,,-1,18,364,21,3,,,,3948446,1786524724701,3948459,1786524724714,,1786524724673,29,2026-08-12T08:52:05.7231339Z,220,,,oasis/bottle,,0,,,,,
,,,,,,,,,,,,,,,14,,,,,,,,,1,,,0,,,,,0,,,,,0,,,,,,,,,,,local.mqtt.telegraf,32,,31.63,,,,,,periodic,,17,,,,,5,5,08a6f76bd428,,,48448,43104,,6,1156,,,,,,,,,,,,,1157,,,,,08a6f76bd428-1157,,,0,,,,,,,272,1157,08:A6:F7:6B:D4:28,,,,,,13551,74,31,18,18,13,,,-1,18,364,21,3,,,,3949916,1786524726171,3949930,1786524726185,,1786524726154,29,2026-08-12T08:52:07.1988381Z,220,,,oasis/bottle,,0,,,,,
,,,,,,,,,,,,,,,13,,,,,,,,,1,,,0,,,,,0,,,,,0,,,,,,,,,,,local.mqtt.telegraf,32,,31.52,,,,,,periodic,,28,,,,,6,5,08a6f76bd428,,,119984,43104,,6,1157,,,,,,,,,,,,,1158,,,,,08a6f76bd428-1158,,,0,,,,,,,272,1158,08:A6:F7:6B:D4:28,,,,,,14711,74,31,18,18,13,,,-1,18,364,21,3,,,,3951086,1786524727341,3951099,1786524727354,,1786524727313,29,2026-08-12T08:52:08.3776119Z,220,,,oasis/bottle,,0,,,,,
,,,,,,,,,,,,,,,13,,,,,,,,,1,,,0,,,,,0,,,,,0,,,,,,,,,,,local.mqtt.telegraf,32,,31.68,,,,,,periodic,,28,,,,,6,5,08a6f76bd428,,,111568,43104,,6,1158,,,,,,,,,,,,,1159,,,,,08a6f76bd428-1159,,,0,,,,,,,272,1159,08:A6:F7:6B:D4:28,,,,,,15821,74,31,18,18,13,,,-1,18,364,21,3,,,,3952196,1786524728451,3952209,1786524728464,,1786524728423,29,2026-08-12T08:52:09.483465Z,220,,,oasis/bottle,,0,,,,,
,,,,,,,,,,,,,,,14,,,,,,,,,1,,,0,,,,,0,,,,,0,,,,,,,,,,,local.mqtt.telegraf,32,,31.59,,,,,,periodic,,18,,,,,6,5,08a6f76bd428,,,103808,43104,,6,1159,,,,,,,,,,,,,1160,,,,,08a6f76bd428-1160,,,0,,,,,,,272,1160,08:A6:F7:6B:D4:28,,,,,,16841,74,31,18,18,13,,,-1,18,364,21,3,,,,3953206,1786524729461,3953220,1786524729475,,1786524729443,29,2026-08-12T08:52:10.4765711Z,220,,,oasis/bottle,,0,,,,,
,,,,,,,,,,,,,,,14,,,,,,,,,1,,,0,,,,,0,,,,,0,,,,,,,,,,,local.mqtt.telegraf,32,,31.72,,,,,,periodic,,18,,,,,6,5,08a6f76bd428,,,93424,43104,,6,1160,,,,,,,,,,,,,1161,,,,,08a6f76bd428-1161,,,0,,,,,,,272,1161,08:A6:F7:6B:D4:28,,,,,,18281,74,31,18,18,13,,,-1,18,364,21,3,,,,3954646,1786524730901,3954660,1786524730915,,1786524730883,29,2026-08-12T08:52:11.9260842Z,220,,,oasis/bottle,,0,,,,,
,,,,,,,,,,,,,,,14,,,,,,,,,1,,,0,,,,,0,,,,,0,,,,,,,,,,,local.mqtt.telegraf,32,,31.64,,,,,,periodic,,18,,,,,6,5,08a6f76bd428,,,85056,43104,,6,1161,,,,,,,,,,,,,1162,,,,,08a6f76bd428-1162,,,0,,,,,,,272,1162,08:A6:F7:6B:D4:28,,,,,,19361,74,31,18,18,13,,,-1,18,364,21,3,,,,3955726,1786524731981,3955740,1786524731995,,1786524731963,29,2026-08-12T08:52:13.0166069Z,220,,,oasis/bottle,,0,,,,,
,,,,,,,,,,,,,,,13,,,,,,,,,1,,,0,,,,,0,,,,,0,,,,,,,,,,,local.mqtt.telegraf,32,,31.6,,,,,,periodic,,25,,,,,5,5,08a6f76bd428,,,62096,43104,,6,1162,,,,,,,,,,,,,1163,,,,,08a6f76bd428-1163,,,0,,,,,,,273,1163,08:A6:F7:6B:D4:28,,,,,,662,75,31,18,18,13,,,0,18,375,21,3,,,,3957435,1786524733690,3957448,1786524733703,,1786524733665,28,2026-08-12T08:52:14.7118692Z,223,,,oasis/bottle,,0,,,,,
,,,,,,,,,,,,,,,14,,,,,,,,,1,,,0,,,,,0,,,,,0,,,,,,,,,,,local.mqtt.telegraf,32,,31.59,,,,,,periodic,,18,,,,,6,5,08a6f76bd428,,,51776,43104,,6,1163,,,,,,,,,,,,,1164,,,,,08a6f76bd428-1164,,,0,,,,,,,272,1164,08:A6:F7:6B:D4:28,,,,,,2121,75,31,18,18,13,,,0,18,375,21,3,,,,3958886,1786524735141,3958900,1786524735155,,1786524735123,29,2026-08-12T08:52:16.1774997Z,223,,,oasis/bottle,,0,,,,,
,,,,,,,,,,,,,,,13,,,,,,,,,1,,,0,,,,,0,,,,,0,,,,,,,,,,,local.mqtt.telegraf,32,,31.72,,,,,,periodic,,28,,,,,12,5,08a6f76bd428,,,43424,43104,,6,1164,,,,,,,,,,,,,1165,,,,,08a6f76bd428-1165,,,0,,,,,,,272,1165,08:A6:F7:6B:D4:28,,,,,,3231,75,31,18,18,13,,,0,18,375,21,3,,,,3960006,1786524736261,3960019,1786524736274,,1786524736233,29,2026-08-12T08:52:17.299148Z,223,,,oasis/bottle,,0,,,,,
,,,,,,,,,,,,,,,14,,,,,,,,,1,,,0,,,,,0,,,,,0,,,,,,,,,,,local.mqtt.telegraf,32,,31.59,,,,,,periodic,,18,,,,,6,5,08a6f76bd428,,,114992,43104,,6,1165,,,,,,,,,,,,,1166,,,,,08a6f76bd428-1166,,,0,,,,,,,272,1166,08:A6:F7:6B:D4:28,,,,,,4261,75,31,18,18,13,,,0,18,375,21,3,,,,3961026,1786524737281,3961040,1786524737295,,1786524737263,28,2026-08-12T08:52:18.3006343Z,223,,,oasis/bottle,,0,,,,,
,,,,,,,,,,,,,,,13,,,,,,,,,1,,,0,,,,,0,,,,,0,,,,,,,,,,,local.mqtt.telegraf,32,,31.56,,,,,,periodic,,18,,,,,6,5,08a6f76bd428,,,104672,43104,,6,1166,,,,,,,,,,,,,1167,,,,,08a6f76bd428-1167,,,0,,,,,,,272,1167,08:A6:F7:6B:D4:28,,,,,,5711,75,31,18,18,13,,,0,18,375,21,3,,,,3962476,1786524738731,3962489,1786524738744,,1786524738713,28,2026-08-12T08:52:19.7698006Z,223,,,oasis/bottle,,0,,,,,
,,,,,,,,,,,,,,,13,,,,,,,,,1,,,0,,,,,0,,,,,0,,,,,,,,,,,local.mqtt.telegraf,32,,31.7,,,,,,periodic,,18,,,,,6,5,08a6f76bd428,,,96320,43104,,6,1167,,,,,,,,,,,,,1168,,,,,08a6f76bd428-1168,,,0,,,,,,,272,1168,08:A6:F7:6B:D4:28,,,,,,6801,75,31,18,18,13,,,0,18,375,21,3,,,,3963566,1786524739821,3963579,1786524739834,,1786524739803,28,2026-08-12T08:52:20.863479Z,223,,,oasis/bottle,,0,,,,,
,,,,,,,,,,,,,,,13,,,,,,,,,1,,,0,,,,,0,,,,,0,,,,,,,,,,,local.mqtt.telegraf,32,,31.78,,,,,,periodic,,28,,,,,6,5,08a6f76bd428,,,85344,43104,,6,1168,,,,,,,,,,,,,1169,,,,,08a6f76bd428-1169,,,0,,,,,,,272,1169,08:A6:F7:6B:D4:28,,,,,,8381,75,31,18,18,13,,,0,18,375,21,3,,,,3965156,1786524741411,3965169,1786524741424,,1786524741383,28,2026-08-12T08:52:22.4452476Z,223,,,oasis/bottle,,0,,,,,
,,,,,,,,,,,,,,,14,,,,,,,,,1,,,0,,,,,0,,,,,0,,,,,,,,,,,local.mqtt.telegraf,32,,31.8,,,,,,periodic,,18,,,,,6,5,08a6f76bd428,,,75680,43104,,6,1169,,,,,,,,,,,,,1170,,,,,08a6f76bd428-1170,,,0,,,,,,,272,1170,08:A6:F7:6B:D4:28,,,,,,9741,75,31,18,18,13,,,0,18,375,21,3,,,,3966506,1786524742761,3966520,1786524742775,,1786524742743,28,2026-08-12T08:52:23.8044367Z,223,,,oasis/bottle,,0,,,,,
,,,,,,,,,,,,,,,13,,,,,,,,,1,,,0,,,,,0,,,,,0,,,,,,,,,,,local.mqtt.telegraf,32,,31.83,,,,,,periodic,,28,,,,,6,5,08a6f76bd428,,,63872,43104,,6,1170,,,,,,,,,,,,,1171,,,,,08a6f76bd428-1171,,,0,,,,,,,272,1171,08:A6:F7:6B:D4:28,,,,,,11301,75,31,18,18,13,,,0,18,375,21,3,,,,3968076,1786524744331,3968089,1786524744344,,1786524744303,28,2026-08-12T08:52:25.3630434Z,223,,,oasis/bottle,,0,,,,,
,,,,,,,,,,,,,,,13,,,,,,,,,1,,,0,,,,,0,,,,,0,,,,,,,,,,,local.mqtt.telegraf,32,,31.68,,,,,,periodic,,27,,,,,5,5,08a6f76bd428,,,54832,43104,,11,1171,,,,,,,,,,,,,1172,,,,,08a6f76bd428-1172,,,0,,,,,,,273,1172,08:A6:F7:6B:D4:28,,,,,,12581,75,31,18,18,13,,,0,18,375,21,3,,,,3969356,1786524745611,3969369,1786524745624,,1786524745584,28,2026-08-12T08:52:26.6425239Z,223,,,oasis/bottle,,0,,,,,
,,,,,,,,,,,,,,,14,,,,,,,,,1,,,0,,,,,0,,,,,0,,,,,,,,,,,local.mqtt.telegraf,32,,31.72,,,,,,periodic,,28,,,,,6,5,08a6f76bd428,,,45136,43104,,5,1172,,,,,,,,,,,,,1173,,,,,08a6f76bd428-1173,,,0,,,,,,,272,1173,08:A6:F7:6B:D4:28,,,,,,13931,75,31,18,18,13,,,0,18,375,21,3,,,,3970706,1786524746961,3970720,1786524746975,,1786524746933,28,2026-08-12T08:52:27.9969096Z,223,,,oasis/bottle,,0,,,,,
,,,,,,,,,,,,,,,13,,,,,,,,,1,,,0,,,,,0,,,,,0,,,,,,,,,,,local.mqtt.telegraf,32,,31.74,,,,,,periodic,,28,,,,,6,5,08a6f76bd428,,,112800,43104,,9,1173,,,,,,,,,,,,,1174,,,,,08a6f76bd428-1174,,,0,,,,,,,272,1174,08:A6:F7:6B:D4:28,,,,,,15451,75,31,18,18,13,,,0,18,375,21,3,,,,3972226,1786524748481,3972239,1786524748494,,1786524748453,28,2026-08-12T08:52:29.5137188Z,223,,,oasis/bottle,,0,,,,,
,,,,,,,,,,,,,,,14,,,,,,,,,1,,,0,,,,,0,,,,,0,,,,,,,,,,,local.mqtt.telegraf,32,,31.8,,,,,,periodic,,28,,,,,6,5,08a6f76bd428,,,103776,43104,,7,1174,,,,,,,,,,,,,1175,,,,,08a6f76bd428-1175,,,0,,,,,,,272,1175,08:A6:F7:6B:D4:28,,,,,,16671,75,31,18,18,13,,,0,18,375,21,3,,,,3973446,1786524749701,3973460,1786524749715,,1786524749673,28,2026-08-12T08:52:30.7328461Z,223,,,oasis/bottle,,0,,,,,
,,,,,,,,,,,,,,,13,,,,,,,,,1,,,0,,,,,0,,,,,0,,,,,,,,,,,local.mqtt.telegraf,32,,31.66,,,,,,periodic,,28,,,,,6,5,08a6f76bd428,,,94768,43104,,12,1175,,,,,,,,,,,,,1176,,,,,08a6f76bd428-1176,,,0,,,,,,,272,1176,08:A6:F7:6B:D4:28,,,,,,17921,75,31,18,18,13,,,0,18,375,21,3,,,,3974696,1786524750951,3974709,1786524750964,,1786524750923,28,2026-08-12T08:52:31.9903291Z,223,,,oasis/bottle,,0,,,,,
,,,,,,,,,,,,,,,13,,,,,,,,,1,,,0,,,,,0,,,,,0,,,,,,,,,,,local.mqtt.telegraf,32,,31.62,,,,,,periodic,,27,,,,,5,5,08a6f76bd428,,,85712,43104,,6,1176,,,,,,,,,,,,,1177,,,,,08a6f76bd428-1177,,,0,,,,,,,273,1177,08:A6:F7:6B:D4:28,,,,,,19201,75,31,18,18,13,,,0,18,375,21,3,,,,3975976,1786524752231,3975989,1786524752244,,1786524752204,28,2026-08-12T08:52:33.2618092Z,223,,,oasis/bottle,,0,,,,,
,,,,,,,,,,,,,,,14,,,,,,,,,1,,,0,,,,,0,,,,,0,,,,,,,,,,,local.mqtt.telegraf,32,,31.83,,,,,,periodic,,28,,,,,6,5,08a6f76bd428,,,76032,43104,,5,1177,,,,,,,,,,,,,1178,,,,,08a6f76bd428-1178,,,0,,,,,,,272,1178,08:A6:F7:6B:D4:28,,,,,,20561,75,31,18,18,13,,,0,18,375,21,3,,,,3977336,1786524753591,3977350,1786524753605,,1786524753563,28,2026-08-12T08:52:34.6184739Z,223,,,oasis/bottle,,0,,,,,
,,,,,,,,,,,,,,,13,,,,,,,,,1,,,0,,,,,0,,,,,0,,,,,,,,,,,local.mqtt.telegraf,32,,31.78,,,,,,periodic,,27,,,,,5,5,08a6f76bd428,,,54352,43104,,6,1178,,,,,,,,,,,,,1179,,,,,08a6f76bd428-1179,,,0,,,,,,,272,1179,08:A6:F7:6B:D4:28,,,,,,1291,76,49,21,21,28,,,0,20,394,23,3,,,,3978856,1786524755111,3978869,1786524755124,,1786524755084,28,2026-08-12T08:52:36.1343653Z,227,,,oasis/bottle,,0,,,,,
,,,,,,,,,,,,,,,13,,,,,,,,,1,,,0,,,,,0,,,,,0,,,,,,,,,,,local.mqtt.telegraf,32,,31.68,,,,,,periodic,,28,,,,,6,5,08a6f76bd428,,,45344,43104,,6,1179,,,,,,,,,,,,,1180,,,,,08a6f76bd428-1180,,,0,,,,,,,272,1180,08:A6:F7:6B:D4:28,,,,,,2531,76,49,21,21,28,,,0,20,394,23,3,,,,3980096,1786524756351,3980109,1786524756364,,1786524756323,28,2026-08-12T08:52:37.3887648Z,227,,,oasis/bottle,,0,,,,,
,,,,,,,,,,,,,,,21,,,,,,,,,1,,,0,,,,,0,,,,,0,,,,,,,,,,,local.mqtt.telegraf,32,,31.72,,,,,,periodic,,28,,,,,6,5,08a6f76bd428,,,114464,43104,,8,1180,,,,,,,,,,,,,1181,,,,,08a6f76bd428-1181,,,0,,,,,,,272,1181,08:A6:F7:6B:D4:28,,,,,,3821,76,49,21,21,28,,,0,20,394,23,3,,,,3981386,1786524757641,3981407,1786524757662,,1786524757613,28,2026-08-12T08:52:38.7012658Z,227,,,oasis/bottle,,0,,,,,
,,,,,,,,,,,,,,,13,,,,,,,,,1,,,0,,,,,0,,,,,0,,,,,,,,,,,local.mqtt.telegraf,32,,31.89,,,,,,periodic,,28,,,,,6,5,08a6f76bd428,,,104800,43104,,11,1181,,,,,,,,,,,,,1182,,,,,08a6f76bd428-1182,,,0,,,,,,,272,1182,08:A6:F7:6B:D4:28,,,,,,5191,76,49,21,21,28,,,0,20,394,23,3,,,,3982756,1786524759011,3982769,1786524759024,,1786524758983,28,2026-08-12T08:52:40.0329961Z,227,,,oasis/bottle,,0,,,,,
,,,,,,,,,,,,,,,13,,,,,,,,,1,,,0,,,,,0,,,,,0,,,,,,,,,,,local.mqtt.telegraf,32,,31.72,,,,,,periodic,,19,,,,,6,5,08a6f76bd428,,,93808,43104,,6,1182,,,,,,,,,,,,,1183,,,,,08a6f76bd428-1183,,,0,,,,,,,272,1183,08:A6:F7:6B:D4:28,,,,,,6721,76,49,21,21,28,,,0,20,394,23,3,,,,3984277,1786524760532,3984290,1786524760545,,1786524760513,28,2026-08-12T08:52:41.5586783Z,227,,,oasis/bottle,,0,,,,,
,,,,,,,,,,,,,,,13,,,,,,,,,1,,,0,,,,,0,,,,,0,,,,,,,,,,,local.mqtt.telegraf,32,,31.67,,,,,,periodic,,28,,,,,6,5,08a6f76bd428,,,84800,43104,,6,1183,,,,,,,,,,,,,1184,,,,,08a6f76bd428-1184,,,0,,,,,,,272,1184,08:A6:F7:6B:D4:28,,,,,,7981,76,49,21,21,28,,,0,20,394,23,3,,,,3985546,1786524761801,3985559,1786524761814,,1786524761773,28,2026-08-12T08:52:42.825867Z,227,,,oasis/bottle,,0,,,,,
,,,,,,,,,,,,,,,14,,,,,,,,,1,,,0,,,,,0,,,,,0,,,,,,,,,,,local.mqtt.telegraf,32,,31.74,,,,,,periodic,,18,,,,,6,5,08a6f76bd428,,,75136,43104,,6,1184,,,,,,,,,,,,,1185,,,,,08a6f76bd428-1185,,,0,,,,,,,272,1185,08:A6:F7:6B:D4:28,,,,,,9301,76,49,21,21,28,,,0,20,394,23,3,,,,3986856,1786524763111,3986870,1786524763125,,1786524763093,28,2026-08-12T08:52:44.1328339Z,227,,,oasis/bottle,,0,,,,,
,,,,,,,,,,,,,,,13,,,,,,,,,1,,,0,,,,,0,,,,,0,,,,,,,,,,,local.mqtt.telegraf,32,,31.68,,,,,,periodic,,28,,,,,6,5,08a6f76bd428,,,64816,43104,,6,1185,,,,,,,,,,,,,1186,,,,,08a6f76bd428-1186,,,0,,,,,,,272,1186,08:A6:F7:6B:D4:28,,,,,,10731,76,49,21,21,28,,,0,20,394,23,3,,,,3988296,1786524764551,3988309,1786524764564,,1786524764523,28,2026-08-12T08:52:45.6150432Z,227,,,oasis/bottle,,0,,,,,
,,,,,,,,,,,,,,,13,,,,,,,,,1,,,0,,,,,0,,,,,0,,,,,,,,,,,local.mqtt.telegraf,32,,31.67,,,,,,periodic,,27,,,,,5,5,08a6f76bd428,,,57088,43104,,6,1186,,,,,,,,,,,,,1187,,,,,08a6f76bd428-1187,,,0,,,,,,,273,1187,08:A6:F7:6B:D4:28,,,,,,11791,76,49,21,21,28,,,0,20,394,23,3,,,,3989356,1786524765611,3989369,1786524765624,,1786524765584,28,2026-08-12T08:52:46.6402338Z,227,,,oasis/bottle,,0,,,,,
,,,,,,,,,,,,,,,13,,,,,,,,,1,,,0,,,,,0,,,,,0,,,,,,,,,,,local.mqtt.telegraf,32,,31.82,,,,,,periodic,,28,,,,,6,5,08a6f76bd428,,,46096,43104,,6,1187,,,,,,,,,,,,,1188,,,,,08a6f76bd428-1188,,,0,,,,,,,272,1188,08:A6:F7:6B:D4:28,,,,,,13311,76,49,21,21,28,,,0,20,394,23,3,,,,3990876,1786524767131,3990889,1786524767144,,1786524767103,28,2026-08-12T08:52:48.1594231Z,227,,,oasis/bottle,,0,,,,,
,,,,,,,,,,,,,,,13,,,,,,,,,1,,,0,,,,,0,,,,,0,,,,,,,,,,,local.mqtt.telegraf,32,,31.62,,,,,,periodic,,28,,,,,6,5,08a6f76bd428,,,115856,43104,,6,1188,,,,,,,,,,,,,1189,,,,,08a6f76bd428-1189,,,0,,,,,,,272,1189,08:A6:F7:6B:D4:28,,,,,,14561,76,49,21,21,28,,,0,20,394,23,3,,,,3992126,1786524768381,3992139,1786524768394,,1786524768353,28,2026-08-12T08:52:49.4113469Z,227,,,oasis/bottle,,0,,,,,
,,,,,,,,,,,,,,,13,,,,,,,,,1,,,0,,,,,0,,,,,0,,,,,,,,,,,local.mqtt.telegraf,32,,31.59,,,,,,periodic,,28,,,,,6,5,08a6f76bd428,,,106176,43104,,10,1189,,,,,,,,,,,,,1190,,,,,08a6f76bd428-1190,,,0,,,,,,,272,1190,08:A6:F7:6B:D4:28,,,,,,15851,76,49,21,21,28,,,0,20,394,23,3,,,,3993416,1786524769671,3993429,1786524769684,,1786524769643,28,2026-08-12T08:52:50.7097137Z,227,,,oasis/bottle,,0,,,,,
,,,,,,,,,,,,,,,13,,,,,,,,,1,,,0,,,,,0,,,,,0,,,,,,,,,,,local.mqtt.telegraf,32,,31.62,,,,,,periodic,,28,,,,,6,5,08a6f76bd428,,,96448,43104,,6,1190,,,,,,,,,,,,,1191,,,,,08a6f76bd428-1191,,,0,,,,,,,272,1191,08:A6:F7:6B:D4:28,,,,,,17221,76,49,21,21,28,,,0,20,394,23,3,,,,3994786,1786524771041,3994799,1786524771054,,1786524771013,28,2026-08-12T08:52:52.0806441Z,227,,,oasis/bottle,,0,,,,,
,,,,,,,,,,,,,,,13,,,,,,,,,1,,,0,,,,,0,,,,,0,,,,,,,,,,,local.mqtt.telegraf,32,,31.6,,,,,,periodic,,28,,,,,6,5,08a6f76bd428,,,85472,43104,,6,1191,,,,,,,,,,,,,1192,,,,,08a6f76bd428-1192,,,0,,,,,,,272,1192,08:A6:F7:6B:D4:28,,,,,,18761,76,49,21,21,28,,,0,20,394,23,3,,,,3996326,1786524772581,3996339,1786524772594,,1786524772553,28,2026-08-12T08:52:53.6235143Z,227,,,oasis/bottle,,0,,,,,
,,,,,,,,,,,,,,,14,,,,,,,,,1,,,0,,,,,0,,,,,0,,,,,,,,,,,local.mqtt.telegraf,32,,31.66,,,,,,periodic,,27,,,,,5,5,08a6f76bd428,,,76432,43104,,6,1192,,,,,,,,,,,,,1193,,,,,08a6f76bd428-1193,,,0,,,,,,,273,1193,08:A6:F7:6B:D4:28,,,,,,20041,76,49,21,21,28,,,0,20,394,23,3,,,,3997606,1786524773861,3997620,1786524773875,,1786524773834,28,2026-08-12T08:52:54.8848853Z,227,,,oasis/bottle,,0,,,,,
,,,,,,,,,,,,,,,13,,,,,,,,,1,,,0,,,,,0,,,,,0,,,,,,,,,,,local.mqtt.telegraf,32,,31.6,,,,,,periodic,,27,,,,,6,5,08a6f76bd428,,,56096,43104,,6,1193,,,,,,,,,,,,,1194,,,,,08a6f76bd428-1194,,,0,,,,,,,272,1194,08:A6:F7:6B:D4:28,,,,,,1161,77,31,18,18,13,,,-4,18,374,21,3,,,,3998965,1786524775220,3998978,1786524775233,,1786524775193,28,2026-08-12T08:52:56.2416774Z,229,,,oasis/bottle,,0,,,,,
,,,,,,,,,,,,,,,13,,,,,,,,,1,,,0,,,,,0,,,,,0,,,,,,,,,,,local.mqtt.telegraf,32,,31.64,,,,,,periodic,,28,,,,,6,5,08a6f76bd428,,,45120,43104,,8,1194,,,,,,,,,,,,,1195,,,,,08a6f76bd428-1195,,,0,,,,,,,272,1195,08:A6:F7:6B:D4:28,,,,,,2681,77,31,18,18,13,,,-4,18,374,21,3,,,,4000486,1786524776741,4000499,1786524776754,,1786524776713,28,2026-08-12T08:52:57.7709408Z,229,,,oasis/bottle,,0,,,,,
,,,,,,,,,,,,,,,13,,,,,,,,,1,,,0,,,,,0,,,,,0,,,,,,,,,,,local.mqtt.telegraf,32,,31.68,,,,,,periodic,,28,,,,,6,5,08a6f76bd428,,,114816,43104,,7,1195,,,,,,,,,,,,,1196,,,,,08a6f76bd428-1196,,,0,,,,,,,272,1196,08:A6:F7:6B:D4:28,,,,,,3931,77,31,18,18,13,,,-4,18,374,21,3,,,,4001736,1786524777991,4001749,1786524778004,,1786524777963,28,2026-08-12T08:52:59.0347528Z,229,,,oasis/bottle,,0,,,,,
,,,,,,,,,,,,,,,13,,,,,,,,,1,,,0,,,,,0,,,,,0,,,,,,,,,,,local.mqtt.telegraf,32,,31.6,,,,,,periodic,,27,,,,,5,5,08a6f76bd428,,,105760,43104,,6,1196,,,,,,,,,,,,,1197,,,,,08a6f76bd428-1197,,,0,,,,,,,273,1197,08:A6:F7:6B:D4:28,,,,,,5211,77,31,18,18,13,,,-4,18,374,21,3,,,,4003016,1786524779271,4003029,1786524779284,,1786524779244,28,2026-08-12T08:53:00.3049423Z,229,,,oasis/bottle,,0,,,,,
,,,,,,,,,,,,,,,13,,,,,,,,,1,,,0,,,,,0,,,,,0,,,,,,,,,,,local.mqtt.telegraf,32,,31.59,,,,,,periodic,,28,,,,,6,5,08a6f76bd428,,,96080,43104,,5,1197,,,,,,,,,,,,,1198,,,,,08a6f76bd428-1198,,,0,,,,,,,272,1198,08:A6:F7:6B:D4:28,,,,,,6571,77,31,18,18,13,,,-4,18,374,21,3,,,,4004376,1786524780631,4004389,1786524780644,,1786524780603,28,2026-08-12T08:53:01.6508821Z,229,,,oasis/bottle,,0,,,,,
,,,,,,,,,,,,,,,13,,,,,,,,,1,,,0,,,,,0,,,,,0,,,,,,,,,,,local.mqtt.telegraf,32,,31.5,,,,,,periodic,,28,,,,,6,5,08a6f76bd428,,,85104,43104,,6,1198,,,,,,,,,,,,,1199,,,,,08a6f76bd428-1199,,,0,,,,,,,272,1199,08:A6:F7:6B:D4:28,,,,,,8081,77,31,18,18,13,,,-4,18,374,21,3,,,,4005886,1786524782141,4005899,1786524782154,,1786524782113,28,2026-08-12T08:53:03.1799069Z,229,,,oasis/bottle,,0,,,,,
,,,,,,,,,,,,,,,17,,,,,,,,,1,,,0,,,,,0,,,,,0,,,,,,,,,,,local.mqtt.telegraf,32,,31.58,,,,,,periodic,,28,,,,,6,5,08a6f76bd428,,,76096,43104,,7,1199,,,,,,,,,,,,,1200,,,,,08a6f76bd428-1200,,,0,,,,,,,272,1200,08:A6:F7:6B:D4:28,,,,,,9311,77,31,18,18,13,,,-4,18,374,21,3,,,,4007116,1786524783371,4007133,1786524783388,,1786524783343,28,2026-08-12T08:53:04.3958562Z,229,,,oasis/bottle,,0,,,,,
,,,,,,,,,,,,,,,13,,,,,,,,,1,,,0,,,,,0,,,,,0,,,,,,,,,,,local.mqtt.telegraf,32,,31.7,,,,,,periodic,,28,,,,,6,5,08a6f76bd428,,,66256,43104,,7,1200,,,,,,,,,,,,,1201,,,,,08a6f76bd428-1201,,,0,,,,,,,272,1201,08:A6:F7:6B:D4:28,,,,,,10601,77,31,18,18,13,,,-4,18,374,21,3,,,,4008406,1786524784661,4008419,1786524784674,,1786524784633,28,2026-08-12T08:53:05.6946568Z,229,,,oasis/bottle,,0,,,,,
,,,,,,,,,,,,,,,13,,,,,,,,,1,,,0,,,,,0,,,,,0,,,,,,,,,,,local.mqtt.telegraf,32,,31.59,,,,,,periodic,,28,,,,,6,5,08a6f76bd428,,,56592,43104,,6,1201,,,,,,,,,,,,,1202,,,,,08a6f76bd428-1202,,,0,,,,,,,272,1202,08:A6:F7:6B:D4:28,,,,,,11941,77,31,18,18,13,,,-4,18,374,21,3,,,,4009746,1786524786001,4009759,1786524786014,,1786524785973,28,2026-08-12T08:53:07.0228243Z,229,,,oasis/bottle,,0,,,,,
,,,,,,,,,,,,,,,13,,,,,,,,,1,,,0,,,,,0,,,,,0,,,,,,,,,,,local.mqtt.telegraf,32,,31.59,,,,,,periodic,,28,,,,,6,5,08a6f76bd428,,,46256,43104,,6,1202,,,,,,,,,,,,,1203,,,,,08a6f76bd428-1203,,,0,,,,,,,272,1203,08:A6:F7:6B:D4:28,,,,,,13421,77,31,18,18,13,,,-4,18,374,21,3,,,,4011226,1786524787481,4011239,1786524787494,,1786524787453,28,2026-08-12T08:53:08.5073892Z,229,,,oasis/bottle,,0,,,,,
,,,,,,,,,,,,,,,13,,,,,,,,,1,,,0,,,,,0,,,,,0,,,,,,,,,,,local.mqtt.telegraf,32,,31.54,,,,,,periodic,,28,,,,,6,5,08a6f76bd428,,,118000,43104,,7,1203,,,,,,,,,,,,,1204,,,,,08a6f76bd428-1204,,,0,,,,,,,272,1204,08:A6:F7:6B:D4:28,,,,,,14581,77,31,18,18,13,,,-4,18,374,21,3,,,,4012386,1786524788641,4012399,1786524788654,,1786524788613,28,2026-08-12T08:53:09.663627Z,229,,,oasis/bottle,,0,,,,,
,,,,,,,,,,,,,,,14,,,,,,,,,1,,,0,,,,,0,,,,,0,,,,,,,,,,,local.mqtt.telegraf,32,,31.58,,,,,,periodic,,28,,,,,6,5,08a6f76bd428,,,109584,43104,,6,1204,,,,,,,,,,,,,1205,,,,,08a6f76bd428-1205,,,0,,,,,,,272,1205,08:A6:F7:6B:D4:28,,,,,,15691,77,31,18,18,13,,,-4,18,374,21,3,,,,4013496,1786524789751,4013510,1786524789765,,1786524789723,28,2026-08-12T08:53:10.7935738Z,229,,,oasis/bottle,,0,,,,,
,,,,,,,,,,,,,,,14,,,,,,,,,1,,,0,,,,,0,,,,,0,,,,,,,,,,,local.mqtt.telegraf,32,,31.46,,,,,,periodic,,28,,,,,6,5,08a6f76bd428,,,101824,43104,,6,1205,,,,,,,,,,,,,1206,,,,,08a6f76bd428-1206,,,0,,,,,,,272,1206,08:A6:F7:6B:D4:28,,,,,,16711,77,31,18,18,13,,,-4,18,374,21,3,,,,4014516,1786524790771,4014530,1786524790785,,1786524790743,28,2026-08-12T08:53:11.7946171Z,229,,,oasis/bottle,,0,,,,,
,,,,,,,,,,,,,,,13,,,,,,,,,1,,,0,,,,,0,,,,,0,,,,,,,,,,,local.mqtt.telegraf,32,,31.39,,,,,,periodic,,28,,,,,6,5,08a6f76bd428,,,91440,43104,,6,1206,,,,,,,,,,,,,1207,,,,,08a6f76bd428-1207,,,0,,,,,,,272,1207,08:A6:F7:6B:D4:28,,,,,,18151,77,31,18,18,13,,,-4,18,374,21,3,,,,4015956,1786524792211,4015969,1786524792224,,1786524792183,28,2026-08-12T08:53:13.2446837Z,229,,,oasis/bottle,,0,,,,,
,,,,,,,,,,,,,,,13,,,,,,,,,1,,,0,,,,,0,,,,,0,,,,,,,,,,,local.mqtt.telegraf,32,,31.47,,,,,,periodic,,28,,,,,6,5,08a6f76bd428,,,83072,43104,,6,1207,,,,,,,,,,,,,1208,,,,,08a6f76bd428-1208,,,0,,,,,,,272,1208,08:A6:F7:6B:D4:28,,,,,,19221,77,31,18,18,13,,,-4,18,374,21,3,,,,4017026,1786524793281,4017039,1786524793294,,1786524793253,28,2026-08-12T08:53:14.30401Z,229,,,oasis/bottle,,0,,,,,
,,,,,,,,,,,,,,,13,,,,,,,,,1,,,0,,,,,0,,,,,0,,,,,,,,,,,local.mqtt.telegraf,32,,31.58,,,,,,periodic,,21,,,,,5,5,08a6f76bd428,,,59456,43104,,9,1208,,,,,,,,,,,,,1209,,,,,08a6f76bd428-1209,,,0,,,,,,,273,1209,08:A6:F7:6B:D4:28,,,,,,682,78,31,29,29,2,,,0,29,405,31,3,,,,4018905,1786524795160,4018918,1786524795173,,1786524795139,28,2026-08-12T08:53:16.186198Z,232,,,oasis/bottle,,0,,,,,
,,,,,,,,,,,,,,,13,,,,,,,,,1,,,0,,,,,0,,,,,0,,,,,,,,,,,local.mqtt.telegraf,32,,31.39,,,,,,periodic,,24,,,,,6,5,08a6f76bd428,,,51760,43104,,5,1209,,,,,,,,,,,,,1210,,,,,08a6f76bd428-1210,,,0,,,,,,,272,1210,08:A6:F7:6B:D4:28,,,,,,1701,78,31,29,29,2,,,0,29,405,31,3,,,,4019926,1786524796181,4019939,1786524796194,,1786524796157,28,2026-08-12T08:53:17.2121694Z,232,,,oasis/bottle,,0,,,,,
,,,,,,,,,,,,,,,13,,,,,,,,,1,,,0,,,,,0,,,,,0,,,,,,,,,,,local.mqtt.telegraf,32,,31.52,,,,,,periodic,,24,,,,,6,5,08a6f76bd428,,,121104,43104,,9,1210,,,,,,,,,,,,,1211,,,,,08a6f76bd428-1211,,,0,,,,,,,272,1211,08:A6:F7:6B:D4:28,,,,,,3151,78,31,29,29,2,,,0,29,405,31,3,,,,4021376,1786524797631,4021389,1786524797644,,1786524797607,28,2026-08-12T08:53:18.6532453Z,232,,,oasis/bottle,,0,,,,,
,,,,,,,,,,,,,,,13,,,,,,,,,1,,,0,,,,,0,,,,,0,,,,,,,,,,,local.mqtt.telegraf,32,,31.58,,,,,,periodic,,24,,,,,6,5,08a6f76bd428,,,112752,43104,,5,1211,,,,,,,,,,,,,1212,,,,,08a6f76bd428-1212,,,0,,,,,,,272,1212,08:A6:F7:6B:D4:28,,,,,,4241,78,31,29,29,2,,,0,29,405,31,3,,,,4022466,1786524798721,4022479,1786524798734,,1786524798697,28,2026-08-12T08:53:19.7511954Z,232,,,oasis/bottle,,0,,,,,
,,,,,,,,,,,,,,,22,,,,,,,,,1,,,0,,,,,0,,,,,0,,,,,,,,,,,local.mqtt.telegraf,32,,31.56,,,,,,periodic,,24,,,,,6,5,08a6f76bd428,,,101776,43104,,6,1212,,,,,,,,,,,,,1213,,,,,08a6f76bd428-1213,,,0,,,,,,,272,1213,08:A6:F7:6B:D4:28,,,,,,5811,78,31,29,29,2,,,0,29,405,31,3,,,,4024036,1786524800291,4024058,1786524800313,,1786524800267,28,2026-08-12T08:53:21.3237269Z,232,,,oasis/bottle,,0,,,,,
,,,,,,,,,,,,,,,13,,,,,,,,,1,,,0,,,,,0,,,,,0,,,,,,,,,,,local.mqtt.telegraf,32,,31.59,,,,,,periodic,,24,,,,,6,5,08a6f76bd428,,,92112,43104,,6,1213,,,,,,,,,,,,,1214,,,,,08a6f76bd428-1214,,,0,,,,,,,272,1214,08:A6:F7:6B:D4:28,,,,,,7151,78,31,29,29,2,,,0,29,405,31,3,,,,4025376,1786524801631,4025389,1786524801644,,1786524801607,28,2026-08-12T08:53:22.6605315Z,232,,,oasis/bottle,,0,,,,,
,,,,,,,,,,,,,,,13,,,,,,,,,1,,,0,,,,,0,,,,,0,,,,,,,,,,,local.mqtt.telegraf,32,,31.6,,,,,,periodic,,24,,,,,6,5,08a6f76bd428,,,81792,43104,,7,1214,,,,,,,,,,,,,1215,,,,,08a6f76bd428-1215,,,0,,,,,,,272,1215,08:A6:F7:6B:D4:28,,,,,,8631,78,31,29,29,2,,,0,29,405,31,3,,,,4026856,1786524803111,4026869,1786524803124,,1786524803087,28,2026-08-12T08:53:24.144501Z,232,,,oasis/bottle,,0,,,,,
,,,,,,,,,,,,,,,13,,,,,,,,,1,,,0,,,,,0,,,,,0,,,,,,,,,,,local.mqtt.telegraf,32,,31.51,,,,,,periodic,,24,,,,,6,5,08a6f76bd428,,,73440,43104,,9,1215,,,,,,,,,,,,,1216,,,,,08a6f76bd428-1216,,,0,,,,,,,272,1216,08:A6:F7:6B:D4:28,,,,,,9791,78,31,29,29,2,,,0,29,405,31,3,,,,4028016,1786524804271,4028029,1786524804284,,1786524804247,28,2026-08-12T08:53:25.3211319Z,232,,,oasis/bottle,,0,,,,,
,,,,,,,,,,,,,,,13,,,,,,,,,1,,,0,,,,,0,,,,,0,,,,,,,,,,,local.mqtt.telegraf,32,,31.38,,,,,,periodic,,24,,,,,6,5,08a6f76bd428,,,65088,43104,,6,1216,,,,,,,,,,,,,1217,,,,,08a6f76bd428-1217,,,0,,,,,,,272,1217,08:A6:F7:6B:D4:28,,,,,,10901,78,31,29,29,2,,,0,29,405,31,3,,,,4029126,1786524805381,4029139,1786524805394,,1786524805357,28,2026-08-12T08:53:26.410108Z,232,,,oasis/bottle,,0,,,,,
,,,,,,,,,,,,,,,13,,,,,,,,,1,,,0,,,,,0,,,,,0,,,,,,,,,,,local.mqtt.telegraf,32,,31.46,,,,,,periodic,,24,,,,,6,5,08a6f76bd428,,,57392,43104,,8,1217,,,,,,,,,,,,,1218,,,,,08a6f76bd428-1218,,,0,,,,,,,272,1218,08:A6:F7:6B:D4:28,,,,,,11931,78,31,29,29,2,,,0,29,405,31,3,,,,4030156,1786524806411,4030169,1786524806424,,1786524806387,28,2026-08-12T08:53:27.4458289Z,232,,,oasis/bottle,,0,,,,,
,,,,,,,,,,,,,,,13,,,,,,,,,1,,,0,,,,,0,,,,,0,,,,,,,,,,,local.mqtt.telegraf,32,,31.42,,,,,,periodic,,24,,,,,6,5,08a6f76bd428,,,47072,43104,,6,1218,,,,,,,,,,,,,1219,,,,,08a6f76bd428-1219,,,0,,,,,,,272,1219,08:A6:F7:6B:D4:28,,,,,,13381,78,31,29,29,2,,,0,29,405,31,3,,,,4031606,1786524807861,4031619,1786524807874,,1786524807837,28,2026-08-12T08:53:28.8902761Z,232,,,oasis/bottle,,0,,,,,
,,,,,,,,,,,,,,,13,,,,,,,,,1,,,0,,,,,0,,,,,0,,,,,,,,,,,local.mqtt.telegraf,32,,31.42,,,,,,periodic,,24,,,,,6,5,08a6f76bd428,,,118464,43104,,7,1219,,,,,,,,,,,,,1220,,,,,08a6f76bd428-1220,,,0,,,,,,,272,1220,08:A6:F7:6B:D4:28,,,,,,14481,78,31,29,29,2,,,0,29,405,31,3,,,,4032706,1786524808961,4032719,1786524808974,,1786524808937,28,2026-08-12T08:53:29.9967185Z,232,,,oasis/bottle,,0,,,,,
,,,,,,,,,,,,,,,13,,,,,,,,,1,,,0,,,,,0,,,,,0,,,,,,,,,,,local.mqtt.telegraf,32,,31.44,,,,,,periodic,,24,,,,,6,5,08a6f76bd428,,,110752,43104,,6,1220,,,,,,,,,,,,,1221,,,,,08a6f76bd428-1221,,,0,,,,,,,272,1221,08:A6:F7:6B:D4:28,,,,,,15481,78,31,29,29,2,,,0,29,405,31,3,,,,4033706,1786524809961,4033719,1786524809974,,1786524809937,28,2026-08-12T08:53:30.9907669Z,232,,,oasis/bottle,,0,,,,,
,,,,,,,,,,,,,,,13,,,,,,,,,1,,,0,,,,,0,,,,,0,,,,,,,,,,,local.mqtt.telegraf,32,,31.46,,,,,,periodic,,24,,,,,6,5,08a6f76bd428,,,100416,43104,,7,1221,,,,,,,,,,,,,1222,,,,,08a6f76bd428-1222,,,0,,,,,,,272,1222,08:A6:F7:6B:D4:28,,,,,,16881,78,31,29,29,2,,,0,29,405,31,3,,,,4035106,1786524811361,4035119,1786524811374,,1786524811337,28,2026-08-12T08:53:32.3995904Z,232,,,oasis/bottle,,0,,,,,
,,,,,,,,,,,,,,,13,,,,,,,,,1,,,0,,,,,0,,,,,0,,,,,,,,,,,local.mqtt.telegraf,32,,31.51,,,,,,periodic,,24,,,,,6,5,08a6f76bd428,,,92704,43104,,7,1222,,,,,,,,,,,,,1223,,,,,08a6f76bd428-1223,,,0,,,,,,,272,1223,08:A6:F7:6B:D4:28,,,,,,17871,78,31,29,29,2,,,0,29,405,31,3,,,,4036096,1786524812351,4036109,1786524812364,,1786524812327,28,2026-08-12T08:53:33.3876833Z,232,,,oasis/bottle,,0,,,,,
,,,,,,,,,,,,,,,13,,,,,,,,,1,,,0,,,,,0,,,,,0,,,,,,,,,,,local.mqtt.telegraf,32,,31.44,,,,,,periodic,,24,,,,,6,5,08a6f76bd428,,,83040,43104,,6,1223,,,,,,,,,,,,,1224,,,,,08a6f76bd428-1224,,,0,,,,,,,272,1224,08:A6:F7:6B:D4:28,,,,,,19251,78,31,29,29,2,,,0,29,405,31,3,,,,4037476,1786524813731,4037489,1786524813744,,1786524813707,28,2026-08-12T08:53:34.7824088Z,232,,,oasis/bottle,,0,,,,,
,,,,,,,,,,,,,,,13,,,,,,,,,1,,,0,,,,,0,,,,,0,,,,,,,,,,,local.mqtt.telegraf,32,,31.39,,,,,,periodic,,24,,,,,5,5,08a6f76bd428,,,59440,43104,,6,1224,,,,,,,,,,,,,1225,,,,,08a6f76bd428-1225,,,0,,,,,,,273,1225,08:A6:F7:6B:D4:28,,,,,,502,79,29,20,20,9,,,0,20,385,23,3,,,,4039325,1786524815580,4039338,1786524815593,,1786524815556,28,2026-08-12T08:53:36.6192946Z,236,,,oasis/bottle,,0,,,,,
,,,,,,,,,,,,,,,13,,,,,,,,,1,,,0,,,,,0,,,,,0,,,,,,,,,,,local.mqtt.telegraf,32,,31.36,,,,,,periodic,,27,,,,,6,5,08a6f76bd428,,,51744,43104,,8,1225,,,,,,,,,,,,,1226,,,,,08a6f76bd428-1226,,,0,,,,,,,272,1226,08:A6:F7:6B:D4:28,,,,,,1511,79,29,20,20,9,,,0,20,385,23,3,,,,4040336,1786524816591,4040349,1786524816604,,1786524816564,28,2026-08-12T08:53:37.6202317Z,236,,,oasis/bottle,,0,,,,,
,,,,,,,,,,,,,,,14,,,,,,,,,1,,,0,,,,,0,,,,,0,,,,,,,,,,,local.mqtt.telegraf,32,,31.35,,,,,,periodic,,27,,,,,6,5,08a6f76bd428,,,121120,43104,,6,1226,,,,,,,,,,,,,1227,,,,,08a6f76bd428-1227,,,0,,,,,,,272,1227,08:A6:F7:6B:D4:28,,,,,,2921,79,29,20,20,9,,,0,20,385,23,3,,,,4041746,1786524818001,4041760,1786524818015,,1786524817974,28,2026-08-12T08:53:39.0389428Z,236,,,oasis/bottle,,0,,,,,
,,,,,,,,,,,,,,,13,,,,,,,,,1,,,0,,,,,0,,,,,0,,,,,,,,,,,local.mqtt.telegraf,32,,31.36,,,,,,periodic,,27,,,,,6,5,08a6f76bd428,,,113424,43104,,6,1227,,,,,,,,,,,,,1228,,,,,08a6f76bd428-1228,,,0,,,,,,,272,1228,08:A6:F7:6B:D4:28,,,,,,3941,79,29,20,20,9,,,0,20,385,23,3,,,,4042766,1786524819021,4042779,1786524819034,,1786524818994,28,2026-08-12T08:53:40.043525Z,236,,,oasis/bottle,,0,,,,,
,,,,,,,,,,,,,,,14,,,,,,,,,1,,,0,,,,,0,,,,,0,,,,,,,,,,,local.mqtt.telegraf,32,,31.52,,,,,,periodic,,27,,,,,6,5,08a6f76bd428,,,103104,43104,,6,1228,,,,,,,,,,,,,1229,,,,,08a6f76bd428-1229,,,0,,,,,,,272,1229,08:A6:F7:6B:D4:28,,,,,,5381,79,29,20,20,9,,,0,20,385,23,3,,,,4044206,1786524820461,4044220,1786524820475,,1786524820434,28,2026-08-12T08:53:41.4890563Z,236,,,oasis/bottle,,0,,,,,
,,,,,,,,,,,,,,,13,,,,,,,,,1,,,0,,,,,0,,,,,0,,,,,,,,,,,local.mqtt.telegraf,32,,31.39,,,,,,periodic,,27,,,,,6,5,08a6f76bd428,,,94752,43104,,6,1229,,,,,,,,,,,,,1230,,,,,08a6f76bd428-1230,,,0,,,,,,,272,1230,08:A6:F7:6B:D4:28,,,,,,6461,79,29,20,20,9,,,0,20,385,23,3,,,,4045286,1786524821541,4045299,1786524821554,,1786524821514,28,2026-08-12T08:53:42.5734011Z,236,,,oasis/bottle,,0,,,,,
,,,,,,,,,,,,,,,13,,,,,,,,,1,,,0,,,,,0,,,,,0,,,,,,,,,,,local.mqtt.telegraf,32,,31.35,,,,,,periodic,,27,,,,,6,5,08a6f76bd428,,,82944,43104,,11,1230,,,,,,,,,,,,,1231,,,,,08a6f76bd428-1231,,,0,,,,,,,272,1231,08:A6:F7:6B:D4:28,,,,,,8061,79,29,20,20,9,,,0,20,385,23,3,,,,4046886,1786524823141,4046899,1786524823154,,1786524823114,28,2026-08-12T08:53:44.1712034Z,236,,,oasis/bottle,,0,,,,,
,,,,,,,,,,,,,,,13,,,,,,,,,1,,,0,,,,,0,,,,,0,,,,,,,,,,,local.mqtt.telegraf,32,,31.46,,,,,,periodic,,27,,,,,6,5,08a6f76bd428,,,73280,43104,,6,1231,,,,,,,,,,,,,1232,,,,,08a6f76bd428-1232,,,0,,,,,,,272,1232,08:A6:F7:6B:D4:28,,,,,,9411,79,29,20,20,9,,,0,20,385,23,3,,,,4048236,1786524824491,4048249,1786524824504,,1786524824464,28,2026-08-12T08:53:45.5128069Z,236,,,oasis/bottle,,0,,,,,
,,,,,,,,,,,,,,,14,,,,,,,,,1,,,0,,,,,0,,,,,0,,,,,,,,,,,local.mqtt.telegraf,32,,31.35,,,,,,periodic,,26,,,,,5,5,08a6f76bd428,,,62928,43104,,6,1232,,,,,,,,,,,,,1233,,,,,08a6f76bd428-1233,,,0,,,,,,,273,1233,08:A6:F7:6B:D4:28,,,,,,10911,79,29,20,20,9,,,0,20,385,23,3,,,,4049736,1786524825991,4049750,1786524826005,,1786524825965,28,2026-08-12T08:53:47.0260499Z,236,,,oasis/bottle,,0,,,,,
,,,,,,,,,,,,,,,13,,,,,,,,,1,,,0,,,,,0,,,,,0,,,,,,,,,,,local.mqtt.telegraf,32,,31.56,,,,,,periodic,,27,,,,,6,5,08a6f76bd428,,,53904,43104,,5,1233,,,,,,,,,,,,,1234,,,,,08a6f76bd428-1234,,,0,,,,,,,272,1234,08:A6:F7:6B:D4:28,,,,,,12111,79,29,20,20,9,,,0,20,385,23,3,,,,4050936,1786524827191,4050949,1786524827204,,1786524827164,28,2026-08-12T08:53:48.2165819Z,236,,,oasis/bottle,,0,,,,,
,,,,,,,,,,,,,,,13,,,,,,,,,1,,,0,,,,,0,,,,,0,,,,,,,,,,,local.mqtt.telegraf,32,,31.39,,,,,,periodic,,27,,,,,6,5,08a6f76bd428,,,44896,43104,,6,1234,,,,,,,,,,,,,1235,,,,,08a6f76bd428-1235,,,0,,,,,,,272,1235,08:A6:F7:6B:D4:28,,,,,,13311,79,29,20,20,9,,,0,20,385,23,3,,,,4052136,1786524828391,4052149,1786524828404,,1786524828364,28,2026-08-12T08:53:49.4141928Z,236,,,oasis/bottle,,0,,,,,
,,,,,,,,,,,,,,,13,,,,,,,,,1,,,0,,,,,0,,,,,0,,,,,,,,,,,local.mqtt.telegraf,32,,31.31,,,,,,periodic,,27,,,,,6,5,08a6f76bd428,,,114592,43104,,6,1235,,,,,,,,,,,,,1236,,,,,08a6f76bd428-1236,,,0,,,,,,,272,1236,08:A6:F7:6B:D4:28,,,,,,14521,79,29,20,20,9,,,0,20,385,23,3,,,,4053346,1786524829601,4053359,1786524829614,,1786524829574,28,2026-08-12T08:53:50.6459825Z,236,,,oasis/bottle,,0,,,,,
,,,,,,,,,,,,,,,13,,,,,,,,,1,,,0,,,,,0,,,,,0,,,,,,,,,,,local.mqtt.telegraf,32,,31.25,,,,,,periodic,,27,,,,,6,5,08a6f76bd428,,,105568,43104,,7,1236,,,,,,,,,,,,,1237,,,,,08a6f76bd428-1237,,,0,,,,,,,272,1237,08:A6:F7:6B:D4:28,,,,,,15721,79,29,20,20,9,,,0,20,385,23,3,,,,4054546,1786524830801,4054559,1786524830814,,1786524830774,28,2026-08-12T08:53:51.8345466Z,236,,,oasis/bottle,,0,,,,,
,,,,,,,,,,,,,,,13,,,,,,,,,1,,,0,,,,,0,,,,,0,,,,,,,,,,,local.mqtt.telegraf,32,,31.44,,,,,,periodic,,27,,,,,6,5,08a6f76bd428,,,96544,43104,,6,1237,,,,,,,,,,,,,1238,,,,,08a6f76bd428-1238,,,0,,,,,,,272,1238,08:A6:F7:6B:D4:28,,,,,,16921,79,29,20,20,9,,,0,20,385,23,3,,,,4055746,1786524832001,4055759,1786524832014,,1786524831974,28,2026-08-12T08:53:53.0347973Z,236,,,oasis/bottle,,0,,,,,
,,,,,,,,,,,,,,,13,,,,,,,,,1,,,0,,,,,0,,,,,0,,,,,,,,,,,local.mqtt.telegraf,32,,31.4,,,,,,periodic,,27,,,,,6,5,08a6f76bd428,,,87536,43104,,7,1238,,,,,,,,,,,,,1239,,,,,08a6f76bd428-1239,,,0,,,,,,,272,1239,08:A6:F7:6B:D4:28,,,,,,18121,79,29,20,20,9,,,0,20,385,23,3,,,,4056946,1786524833201,4056959,1786524833214,,1786524833174,28,2026-08-12T08:53:54.2309293Z,236,,,oasis/bottle,,0,,,,,
,,,,,,,,,,,,,,,13,,,,,,,,,1,,,0,,,,,0,,,,,0,,,,,,,,,,,local.mqtt.telegraf,32,,31.31,,,,,,periodic,,27,,,,,6,5,08a6f76bd428,,,78528,43104,,6,1239,,,,,,,,,,,,,1240,,,,,08a6f76bd428-1240,,,0,,,,,,,272,1240,08:A6:F7:6B:D4:28,,,,,,19321,79,29,20,20,9,,,0,20,385,23,3,,,,4058146,1786524834401,4058159,1786524834414,,1786524834374,28,2026-08-12T08:53:55.4182893Z,236,,,oasis/bottle,,0,,,,,
,,,,,,,,,,,,,,,14,,,,,,,,,1,,,0,,,,,0,,,,,0,,,,,,,,,,,local.mqtt.telegraf,32,,31.35,,,,,,periodic,,21,,,,,5,5,08a6f76bd428,,,56240,43104,,6,1240,,,,,,,,,,,,,1241,,,,,08a6f76bd428-1241,,,0,,,,,,,273,1241,08:A6:F7:6B:D4:28,,,,,,692,80,31,29,29,2,,,0,29,415,31,3,,,,4059775,1786524836030,4059789,1786524836044,,1786524836009,28,2026-08-12T08:53:57.0560246Z,238,,,oasis/bottle,,0,,,,,
,,,,,,,,,,,,,,,13,,,,,,,,,1,,,0,,,,,0,,,,,0,,,,,,,,,,,local.mqtt.telegraf,32,,31.52,,,,,,periodic,,24,,,,,6,5,08a6f76bd428,,,48544,43104,,5,1241,,,,,,,,,,,,,1242,,,,,08a6f76bd428-1242,,,0,,,,,,,272,1242,08:A6:F7:6B:D4:28,,,,,,1721,80,31,29,29,2,,,0,29,415,31,3,,,,4060806,1786524837061,4060819,1786524837074,,1786524837037,28,2026-08-12T08:53:58.0871782Z,238,,,oasis/bottle,,0,,,,,
,,,,,,,,,,,,,,,13,,,,,,,,,1,,,0,,,,,0,,,,,0,,,,,,,,,,,local.mqtt.telegraf,32,,31.24,,,,,,periodic,,24,,,,,6,5,08a6f76bd428,,,117936,43104,,6,1242,,,,,,,,,,,,,1243,,,,,08a6f76bd428-1243,,,0,,,,,,,272,1243,08:A6:F7:6B:D4:28,,,,,,3171,80,31,29,29,2,,,0,29,415,31,3,,,,4062256,1786524838511,4062269,1786524838524,,1786524838487,28,2026-08-12T08:53:59.5356696Z,238,,,oasis/bottle,,0,,,,,
,,,,,,,,,,,,,,,14,,,,,,,,,1,,,0,,,,,0,,,,,0,,,,,,,,,,,local.mqtt.telegraf,32,,31.33,,,,,,periodic,,24,,,,,6,5,08a6f76bd428,,,109584,43104,,7,1243,,,,,,,,,,,,,1244,,,,,08a6f76bd428-1244,,,0,,,,,,,272,1244,08:A6:F7:6B:D4:28,,,,,,4271,80,31,29,29,2,,,0,29,415,31,3,,,,4063356,1786524839611,4063370,1786524839625,,1786524839587,28,2026-08-12T08:54:00.6406781Z,238,,,oasis/bottle,,0,,,,,
,,,,,,,,,,,,,,,13,,,,,,,,,1,,,0,,,,,0,,,,,0,,,,,,,,,,,local.mqtt.telegraf,32,,31.31,,,,,,periodic,,24,,,,,6,5,08a6f76bd428,,,101888,43104,,6,1244,,,,,,,,,,,,,1245,,,,,08a6f76bd428-1245,,,0,,,,,,,272,1245,08:A6:F7:6B:D4:28,,,,,,5271,80,31,29,29,2,,,0,29,415,31,3,,,,4064356,1786524840611,4064369,1786524840624,,1786524840587,28,2026-08-12T08:54:01.6452436Z,238,,,oasis/bottle,,0,,,,,
,,,,,,,,,,,,,,,13,,,,,,,,,1,,,0,,,,,0,,,,,0,,,,,,,,,,,local.mqtt.telegraf,32,,31.4,,,,,,periodic,,23,,,,,5,5,08a6f76bd428,,,92192,43104,,6,1245,,,,,,,,,,,,,1246,,,,,08a6f76bd428-1246,,,0,,,,,,,273,1246,08:A6:F7:6B:D4:28,,,,,,6661,80,31,29,29,2,,,0,29,415,31,3,,,,4065746,1786524842001,4065759,1786524842014,,1786524841978,28,2026-08-12T08:54:03.0421724Z,238,,,oasis/bottle,,0,,,,,
,,,,,,,,,,,,,,,13,,,,,,,,,1,,,0,,,,,0,,,,,0,,,,,,,,,,,local.mqtt.telegraf,32,,31.46,,,,,,periodic,,24,,,,,6,5,08a6f76bd428,,,81200,43104,,5,1246,,,,,,,,,,,,,1247,,,,,08a6f76bd428-1247,,,0,,,,,,,272,1247,08:A6:F7:6B:D4:28,,,,,,8241,80,31,29,29,2,,,0,29,415,31,3,,,,4067326,1786524843581,4067339,1786524843594,,1786524843557,28,2026-08-12T08:54:04.5996782Z,238,,,oasis/bottle,,0,,,,,
,,,,,,,,,,,,,,,14,,,,,,,,,1,,,0,,,,,0,,,,,0,,,,,,,,,,,local.mqtt.telegraf,32,,31.42,,,,,,periodic,,24,,,,,6,5,08a6f76bd428,,,71536,43104,,6,1247,,,,,,,,,,,,,1248,,,,,08a6f76bd428-1248,,,0,,,,,,,272,1248,08:A6:F7:6B:D4:28,,,,,,9601,80,31,29,29,2,,,0,29,415,31,3,,,,4068686,1786524844941,4068700,1786524844955,,1786524844917,28,2026-08-12T08:54:05.9735325Z,238,,,oasis/bottle,,0,,,,,
,,,,,,,,,,,,,,,13,,,,,,,,,1,,,0,,,,,0,,,,,0,,,,,,,,,,,local.mqtt.telegraf,32,,31.25,,,,,,periodic,,24,,,,,6,5,08a6f76bd428,,,60560,43104,,6,1248,,,,,,,,,,,,,1249,,,,,08a6f76bd428-1249,,,0,,,,,,,272,1249,08:A6:F7:6B:D4:28,,,,,,11121,80,31,29,29,2,,,0,29,415,31,3,,,,4070206,1786524846461,4070219,1786524846474,,1786524846437,28,2026-08-12T08:54:07.4942525Z,238,,,oasis/bottle,,0,,,,,
,,,,,,,,,,,,,,,13,,,,,,,,,1,,,0,,,,,0,,,,,0,,,,,,,,,,,local.mqtt.telegraf,32,,31.35,,,,,,periodic,,24,,,,,6,5,08a6f76bd428,,,51552,43104,,6,1249,,,,,,,,,,,,,1250,,,,,08a6f76bd428-1250,,,0,,,,,,,272,1250,08:A6:F7:6B:D4:28,,,,,,12351,80,31,29,29,2,,,0,29,415,31,3,,,,4071436,1786524847691,4071449,1786524847704,,1786524847667,28,2026-08-12T08:54:08.7132818Z,238,,,oasis/bottle,,0,,,,,
,,,,,,,,,,,,,,,13,,,,,,,,,1,,,0,,,,,0,,,,,0,,,,,,,,,,,local.mqtt.telegraf,32,,31.42,,,,,,periodic,,24,,,,,6,5,08a6f76bd428,,,122336,43104,,6,1250,,,,,,,,,,,,,1251,,,,,08a6f76bd428-1251,,,0,,,,,,,272,1251,08:A6:F7:6B:D4:28,,,,,,13611,80,31,29,29,2,,,0,29,415,31,3,,,,4072696,1786524848951,4072709,1786524848964,,1786524848927,28,2026-08-12T08:54:09.9859688Z,238,,,oasis/bottle,,0,,,,,
,,,,,,,,,,,,,,,13,,,,,,,,,1,,,0,,,,,0,,,,,0,,,,,,,,,,,local.mqtt.telegraf,32,,31.25,,,,,,periodic,,24,,,,,6,5,08a6f76bd428,,,112656,43104,,6,1251,,,,,,,,,,,,,1252,,,,,08a6f76bd428-1252,,,0,,,,,,,272,1252,08:A6:F7:6B:D4:28,,,,,,14931,80,31,29,29,2,,,0,29,415,31,3,,,,4074016,1786524850271,4074029,1786524850284,,1786524850247,28,2026-08-12T08:54:11.3033093Z,238,,,oasis/bottle,,0,,,,,
,,,,,,,,,,,,,,,13,,,,,,,,,1,,,0,,,,,0,,,,,0,,,,,,,,,,,local.mqtt.telegraf,32,,31.32,,,,,,periodic,,24,,,,,6,5,08a6f76bd428,,,102320,43104,,6,1252,,,,,,,,,,,,,1253,,,,,08a6f76bd428-1253,,,0,,,,,,,272,1253,08:A6:F7:6B:D4:28,,,,,,16371,80,31,29,29,2,,,0,29,415,31,3,,,,4075456,1786524851711,4075469,1786524851724,,1786524851687,28,2026-08-12T08:54:12.7308719Z,238,,,oasis/bottle,,0,,,,,
,,,,,,,,,,,,,,,13,,,,,,,,,1,,,0,,,,,0,,,,,0,,,,,,,,,,,local.mqtt.telegraf,32,,31.19,,,,,,periodic,,24,,,,,6,5,08a6f76bd428,,,93952,43104,,6,1253,,,,,,,,,,,,,1254,,,,,08a6f76bd428-1254,,,0,,,,,,,272,1254,08:A6:F7:6B:D4:28,,,,,,17451,80,31,29,29,2,,,0,29,415,31,3,,,,4076536,1786524852791,4076549,1786524852804,,1786524852767,28,2026-08-12T08:54:13.8119963Z,238,,,oasis/bottle,,0,,,,,
,,,,,,,,,,,,,,,14,,,,,,,,,1,,,0,,,,,0,,,,,0,,,,,,,,,,,local.mqtt.telegraf,32,,31.23,,,,,,periodic,,24,,,,,6,5,08a6f76bd428,,,82976,43104,,6,1254,,,,,,,,,,,,,1255,,,,,08a6f76bd428-1255,,,0,,,,,,,272,1255,08:A6:F7:6B:D4:28,,,,,,19001,80,31,29,29,2,,,0,29,415,31,3,,,,4078086,1786524854341,4078100,1786524854355,,1786524854317,28,2026-08-12T08:54:15.3743597Z,238,,,oasis/bottle,,0,,,,,
,,,,,,,,,,,,,,,13,,,,,,,,,1,,,0,,,,,0,,,,,0,,,,,,,,,,,local.mqtt.telegraf,32,,31.33,,,,,,periodic,,24,,,,,6,5,08a6f76bd428,,,73312,43104,,6,1255,,,,,,,,,,,,,1256,,,,,08a6f76bd428-1256,,,0,,,,,,,272,1256,08:A6:F7:6B:D4:28,,,,,,20301,80,31,29,29,2,,,0,29,415,31,3,,,,4079386,1786524855641,4079399,1786524855654,,1786524855617,28,2026-08-12T08:54:16.6725745Z,238,,,oasis/bottle,,0,,,,,
,,,,,,,,,,,,,,,13,,,,,,,,,1,,,0,,,,,0,,,,,0,,,,,,,,,,,local.mqtt.telegraf,32,,31.31,,,,,,periodic,,23,,,,,6,5,08a6f76bd428,,,52288,43104,,6,1256,,,,,,,,,,,,,1257,,,,,08a6f76bd428-1257,,,0,,,,,,,272,1257,08:A6:F7:6B:D4:28,,,,,,1251,81,31,29,29,2,,,-1,29,384,31,3,,,,4080785,1786524857040,4080798,1786524857053,,1786524857017,28,2026-08-12T08:54:18.0666575Z,241,,,oasis/bottle,,0,,,,,
,,,,,,,,,,,,,,,13,,,,,,,,,1,,,0,,,,,0,,,,,0,,,,,,,,,,,local.mqtt.telegraf,32,,31.35,,,,,,periodic,,24,,,,,6,5,08a6f76bd428,,,44592,43104,,7,1257,,,,,,,,,,,,,1258,,,,,08a6f76bd428-1258,,,0,,,,,,,272,1258,08:A6:F7:6B:D4:28,,,,,,2251,81,31,29,29,2,,,-1,29,384,31,3,,,,4081786,1786524858041,4081799,1786524858054,,1786524858017,28,2026-08-12T08:54:19.085054Z,241,,,oasis/bottle,,0,,,,,
,,,,,,,,,,,,,,,13,,,,,,,,,1,,,0,,,,,0,,,,,0,,,,,,,,,,,local.mqtt.telegraf,32,,31.29,,,,,,periodic,,24,,,,,6,5,08a6f76bd428,,,113504,43104,,12,1258,,,,,,,,,,,,,1259,,,,,08a6f76bd428-1259,,,0,,,,,,,272,1259,08:A6:F7:6B:D4:28,,,,,,3671,81,31,29,29,2,,,-1,29,384,31,3,,,,4083206,1786524859461,4083219,1786524859474,,1786524859437,28,2026-08-12T08:54:20.4922497Z,241,,,oasis/bottle,,0,,,,,
,,,,,,,,,,,,,,,13,,,,,,,,,1,,,0,,,,,0,,,,,0,,,,,,,,,,,local.mqtt.telegraf,32,,31.21,,,,,,periodic,,24,,,,,6,5,08a6f76bd428,,,105744,43104,,6,1259,,,,,,,,,,,,,1260,,,,,08a6f76bd428-1260,,,0,,,,,,,272,1260,08:A6:F7:6B:D4:28,,,,,,4681,81,31,29,29,2,,,-1,29,384,31,3,,,,4084216,1786524860471,4084229,1786524860484,,1786524860447,28,2026-08-12T08:54:21.5002335Z,241,,,oasis/bottle,,0,,,,,
,,,,,,,,,,,,,,,13,,,,,,,,,1,,,0,,,,,0,,,,,0,,,,,,,,,,,local.mqtt.telegraf,32,,31.29,,,,,,periodic,,24,,,,,6,5,08a6f76bd428,,,94576,43104,,6,1260,,,,,,,,,,,,,1261,,,,,08a6f76bd428-1261,,,0,,,,,,,272,1261,08:A6:F7:6B:D4:28,,,,,,6151,81,31,29,29,2,,,-1,29,384,31,3,,,,4085686,1786524861941,4085699,1786524861954,,1786524861917,28,2026-08-12T08:54:22.9657843Z,241,,,oasis/bottle,,0,,,,,
,,,,,,,,,,,,,,,13,,,,,,,,,1,,,0,,,,,0,,,,,0,,,,,,,,,,,local.mqtt.telegraf,32,,31.4,,,,,,periodic,,24,,,,,6,5,08a6f76bd428,,,86224,43104,,6,1261,,,,,,,,,,,,,1262,,,,,08a6f76bd428-1262,,,0,,,,,,,272,1262,08:A6:F7:6B:D4:28,,,,,,7241,81,31,29,29,2,,,-1,29,384,31,3,,,,4086776,1786524863031,4086789,1786524863044,,1786524863007,28,2026-08-12T08:54:24.0581101Z,241,,,oasis/bottle,,0,,,,,
,,,,,,,,,,,,,,,13,,,,,,,,,1,,,0,,,,,0,,,,,0,,,,,,,,,,,local.mqtt.telegraf,32,,31.31,,,,,,periodic,,24,,,,,6,5,08a6f76bd428,,,75248,43104,,6,1262,,,,,,,,,,,,,1263,,,,,08a6f76bd428-1263,,,0,,,,,,,272,1263,08:A6:F7:6B:D4:28,,,,,,8821,81,31,29,29,2,,,-1,29,384,31,3,,,,4088356,1786524864611,4088369,1786524864624,,1786524864587,28,2026-08-12T08:54:25.64079Z,241,,,oasis/bottle,,0,,,,,
,,,,,,,,,,,,,,,13,,,,,,,,,1,,,0,,,,,0,,,,,0,,,,,,,,,,,local.mqtt.telegraf,32,,31.29,,,,,,periodic,,24,,,,,6,5,08a6f76bd428,,,65584,43104,,7,1263,,,,,,,,,,,,,1264,,,,,08a6f76bd428-1264,,,0,,,,,,,272,1264,08:A6:F7:6B:D4:28,,,,,,10181,81,31,29,29,2,,,-1,29,384,31,3,,,,4089716,1786524865971,4089729,1786524865984,,1786524865947,28,2026-08-12T08:54:26.9961132Z,241,,,oasis/bottle,,0,,,,,
,,,,,,,,,,,,,,,13,,,,,,,,,1,,,0,,,,,0,,,,,0,,,,,,,,,,,local.mqtt.telegraf,32,,31.19,,,,,,periodic,,24,,,,,6,5,08a6f76bd428,,,54592,43104,,6,1264,,,,,,,,,,,,,1265,,,,,08a6f76bd428-1265,,,0,,,,,,,272,1265,08:A6:F7:6B:D4:28,,,,,,11691,81,31,29,29,2,,,-1,29,384,31,3,,,,4091226,1786524867481,4091239,1786524867494,,1786524867457,28,2026-08-12T08:54:28.5018347Z,241,,,oasis/bottle,,0,,,,,
,,,,,,,,,,,,,,,13,,,,,,,,,1,,,0,,,,,0,,,,,0,,,,,,,,,,,local.mqtt.telegraf,32,,31.4,,,,,,periodic,,24,,,,,6,5,08a6f76bd428,,,45568,43104,,6,1265,,,,,,,,,,,,,1266,,,,,08a6f76bd428-1266,,,0,,,,,,,272,1266,08:A6:F7:6B:D4:28,,,,,,12911,81,31,29,29,2,,,-1,29,384,31,3,,,,4092446,1786524868701,4092459,1786524868714,,1786524868677,28,2026-08-12T08:54:29.7307727Z,241,,,oasis/bottle,,0,,,,,
,,,,,,,,,,,,,,,13,,,,,,,,,1,,,0,,,,,0,,,,,0,,,,,,,,,,,local.mqtt.telegraf,32,,31.5,,,,,,periodic,,24,,,,,6,5,08a6f76bd428,,,114816,43104,,7,1266,,,,,,,,,,,,,1267,,,,,08a6f76bd428-1267,,,0,,,,,,,272,1267,08:A6:F7:6B:D4:28,,,,,,14161,81,31,29,29,2,,,-1,29,384,31,3,,,,4093696,1786524869951,4093709,1786524869964,,1786524869927,28,2026-08-12T08:54:30.986171Z,241,,,oasis/bottle,,0,,,,,
,,,,,,,,,,,,,,,13,,,,,,,,,1,,,0,,,,,0,,,,,0,,,,,,,,,,,local.mqtt.telegraf,32,,31.24,,,,,,periodic,,24,,,,,6,5,08a6f76bd428,,,105136,43104,,18,1267,,,,,,,,,,,,,1268,,,,,08a6f76bd428-1268,,,0,,,,,,,272,1268,08:A6:F7:6B:D4:28,,,,,,15471,81,31,29,29,2,,,-1,29,384,31,3,,,,4095006,1786524871261,4095019,1786524871274,,1786524871237,28,2026-08-12T08:54:32.2942272Z,241,,,oasis/bottle,,0,,,,,
,,,,,,,,,,,,,,,13,,,,,,,,,1,,,0,,,,,0,,,,,0,,,,,,,,,,,local.mqtt.telegraf,32,,31.33,,,,,,periodic,,23,,,,,5,5,08a6f76bd428,,,95376,43104,,6,1268,,,,,,,,,,,,,1269,,,,,08a6f76bd428-1269,,,0,,,,,,,273,1269,08:A6:F7:6B:D4:28,,,,,,16861,81,31,29,29,2,,,-1,29,384,31,3,,,,4096396,1786524872651,4096409,1786524872664,,1786524872628,28,2026-08-12T08:54:33.695456Z,241,,,oasis/bottle,,0,,,,,
,,,,,,,,,,,,,,,13,,,,,,,,,1,,,0,,,,,0,,,,,0,,,,,,,,,,,local.mqtt.telegraf,32,,31.35,,,,,,periodic,,24,,,,,6,5,08a6f76bd428,,,84368,43104,,9,1269,,,,,,,,,,,,,1270,,,,,08a6f76bd428-1270,,,0,,,,,,,272,1270,08:A6:F7:6B:D4:28,,,,,,18451,81,31,29,29,2,,,-1,29,384,31,3,,,,4097986,1786524874241,4097999,1786524874254,,1786524874217,28,2026-08-12T08:54:35.2731771Z,241,,,oasis/bottle,,0,,,,,
,,,,,,,,,,,,,,,13,,,,,,,,,1,,,0,,,,,0,,,,,0,,,,,,,,,,,local.mqtt.telegraf,32,,31.33,,,,,,periodic,,24,,,,,6,5,08a6f76bd428,,,74688,43104,,6,1270,,,,,,,,,,,,,1271,,,,,08a6f76bd428-1271,,,0,,,,,,,272,1271,08:A6:F7:6B:D4:28,,,,,,19821,81,31,29,29,2,,,-1,29,384,31,3,,,,4099356,1786524875611,4099369,1786524875624,,1786524875587,28,2026-08-12T08:54:36.6454267Z,241,,,oasis/bottle,,0,,,,,
,,,,,,,,,,,,,,,14,,,,,,,,,1,,,0,,,,,0,,,,,0,,,,,,,,,,,local.mqtt.telegraf,32,,31.25,,,,,,periodic,,23,,,,,6,5,08a6f76bd428,,,52992,43104,,7,1271,,,,,,,,,,,,,1272,,,,,08a6f76bd428-1272,,,0,,,,,,,272,1272,08:A6:F7:6B:D4:28,,,,,,941,82,31,29,29,2,,,0,29,383,31,3,,,,4100895,1786524877150,4100909,1786524877164,,1786524877127,28,2026-08-12T08:54:38.1774761Z,244,,,oasis/bottle,,0,,,,,
,,,,,,,,,,,,,,,14,,,,,,,,,1,,,0,,,,,0,,,,,0,,,,,,,,,,,local.mqtt.telegraf,32,,31.24,,,,,,periodic,,24,,,,,11,5,08a6f76bd428,,,43984,43104,,6,1272,,,,,,,,,,,,,1273,,,,,08a6f76bd428-1273,,,0,,,,,,,272,1273,08:A6:F7:6B:D4:28,,,,,,2211,82,31,29,29,2,,,0,29,383,31,3,,,,4102166,1786524878421,4102180,1786524878435,,1786524878397,28,2026-08-12T08:54:39.4389649Z,244,,,oasis/bottle,,0,,,,,
,,,,,,,,,,,,,,,13,,,,,,,,,1,,,0,,,,,0,,,,,0,,,,,,,,,,,local.mqtt.telegraf,32,,31.25,,,,,,periodic,,24,,,,,6,5,08a6f76bd428,,,113344,43104,,6,1273,,,,,,,,,,,,,1274,,,,,08a6f76bd428-1274,,,0,,,,,,,272,1274,08:A6:F7:6B:D4:28,,,,,,3561,82,31,29,29,2,,,0,29,383,31,3,,,,4103516,1786524879771,4103529,1786524879784,,1786524879747,28,2026-08-12T08:54:40.7927743Z,244,,,oasis/bottle,,0,,,,,
,,,,,,,,,,,,,,,13,,,,,,,,,1,,,0,,,,,0,,,,,0,,,,,,,,,,,local.mqtt.telegraf,32,,31.29,,,,,,periodic,,23,,,,,5,5,08a6f76bd428,,,102992,43104,,9,1274,,,,,,,,,,,,,1275,,,,,08a6f76bd428-1275,,,0,,,,,,,273,1275,08:A6:F7:6B:D4:28,,,,,,5061,82,31,29,29,2,,,0,29,383,31,3,,,,4105016,1786524881271,4105029,1786524881284,,1786524881248,28,2026-08-12T08:54:42.3018344Z,244,,,oasis/bottle,,0,,,,,
,,,,,,,,,,,,,,,13,,,,,,,,,1,,,0,,,,,0,,,,,0,,,,,,,,,,,local.mqtt.telegraf,32,,31.46,,,,,,periodic,,24,,,,,6,5,08a6f76bd428,,,93968,43104,,6,1275,,,,,,,,,,,,,1276,,,,,08a6f76bd428-1276,,,0,,,,,,,272,1276,08:A6:F7:6B:D4:28,,,,,,6251,82,31,29,29,2,,,0,29,383,31,3,,,,4106206,1786524882461,4106219,1786524882474,,1786524882437,28,2026-08-12T08:54:43.4856214Z,244,,,oasis/bottle,,0,,,,,
,,,,,,,,,,,,,,,13,,,,,,,,,1,,,0,,,,,0,,,,,0,,,,,,,,,,,local.mqtt.telegraf,32,,31.38,,,,,,periodic,,23,,,,,5,5,08a6f76bd428,,,85584,43104,,6,1276,,,,,,,,,,,,,1277,,,,,08a6f76bd428-1277,,,0,,,,,,,273,1277,08:A6:F7:6B:D4:28,,,,,,7421,82,31,29,29,2,,,0,29,383,31,3,,,,4107376,1786524883631,4107389,1786524883644,,1786524883608,28,2026-08-12T08:54:44.6533926Z,244,,,oasis/bottle,,0,,,,,
,,,,,,,,,,,,,,,13,,,,,,,,,1,,,0,,,,,0,,,,,0,,,,,,,,,,,local.mqtt.telegraf,32,,31.36,,,,,,periodic,,24,,,,,6,5,08a6f76bd428,,,77216,43104,,7,1277,,,,,,,,,,,,,1278,,,,,08a6f76bd428-1278,,,0,,,,,,,272,1278,08:A6:F7:6B:D4:28,,,,,,8571,82,31,29,29,2,,,0,29,383,31,3,,,,4108526,1786524884781,4108539,1786524884794,,1786524884757,28,2026-08-12T08:54:45.8135416Z,244,,,oasis/bottle,,0,,,,,
,,,,,,,,,,,,,,,13,,,,,,,,,1,,,0,,,,,0,,,,,0,,,,,,,,,,,local.mqtt.telegraf,32,,31.38,,,,,,periodic,,24,,,,,6,5,08a6f76bd428,,,68864,43104,,8,1278,,,,,,,,,,,,,1279,,,,,08a6f76bd428-1279,,,0,,,,,,,272,1279,08:A6:F7:6B:D4:28,,,,,,9660,82,31,29,29,2,,,0,29,383,31,3,,,,4109616,1786524885871,4109629,1786524885884,,1786524885847,28,2026-08-12T08:54:46.8923953Z,244,,,oasis/bottle,,0,,,,,
,,,,,,,,,,,,,,,13,,,,,,,,,1,,,0,,,,,0,,,,,0,,,,,,,,,,,local.mqtt.telegraf,31,,31.43,,,,,,periodic,,23,,,,,5,5,08a6f76bd428,,,57888,43104,,5,1279,,,,,,,,,,,,,1280,,,,,08a6f76bd428-1280,,,0,,,,,,,273,1280,08:A6:F7:6B:D4:28,,,,,,11241,82,31,29,29,2,,,0,29,383,31,3,,,,4111196,1786524887451,4111209,1786524887464,,1786524887428,28,2026-08-12T08:54:48.472994Z,244,,,oasis/bottle,,0,,,,,
,,,,,,,,,,,,,,,13,,,,,,,,,1,,,0,,,,,0,,,,,0,,,,,,,,,,,local.mqtt.telegraf,31,,31.33,,,,,,periodic,,23,,,,,5,5,08a6f76bd428,,,48224,43104,,6,1280,,,,,,,,,,,,,1281,,,,,08a6f76bd428-1281,,,0,,,,,,,272,1281,08:A6:F7:6B:D4:28,,,,,,12601,82,31,29,29,2,,,0,29,383,31,3,,,,4112556,1786524888811,4112569,1786524888824,,1786524888788,28,2026-08-12T08:54:49.8445716Z,244,,,oasis/bottle,,0,,,,,
,,,,,,,,,,,,,,,13,,,,,,,,,1,,,0,,,,,0,,,,,0,,,,,,,,,,,local.mqtt.telegraf,32,,31.35,,,,,,periodic,,24,,,,,6,5,08a6f76bd428,,,117264,43104,,6,1281,,,,,,,,,,,,,1282,,,,,08a6f76bd428-1282,,,0,,,,,,,272,1282,08:A6:F7:6B:D4:28,,,,,,14111,82,31,29,29,2,,,0,29,383,31,3,,,,4114066,1786524890321,4114079,1786524890334,,1786524890297,28,2026-08-12T08:54:51.3506011Z,244,,,oasis/bottle,,0,,,,,
,,,,,,,,,,,,,,,13,,,,,,,,,1,,,0,,,,,0,,,,,0,,,,,,,,,,,local.mqtt.telegraf,31,,31.39,,,,,,periodic,,23,,,,,5,5,08a6f76bd428,,,108240,43104,,7,1282,,,,,,,,,,,,,1283,,,,,08a6f76bd428-1283,,,0,,,,,,,273,1283,08:A6:F7:6B:D4:28,,,,,,15331,82,31,29,29,2,,,0,29,383,31,3,,,,4115286,1786524891541,4115299,1786524891554,,1786524891518,28,2026-08-12T08:54:52.5726951Z,244,,,oasis/bottle,,0,,,,,
,,,,,,,,,,,,,,,13,,,,,,,,,1,,,0,,,,,0,,,,,0,,,,,,,,,,,local.mqtt.telegraf,31,,31.43,,,,,,periodic,,23,,,,,5,5,08a6f76bd428,,,99216,43104,,6,1283,,,,,,,,,,,,,1284,,,,,08a6f76bd428-1284,,,0,,,,,,,273,1284,08:A6:F7:6B:D4:28,,,,,,16571,82,31,29,29,2,,,0,29,383,31,3,,,,4116526,1786524892781,4116539,1786524892794,,1786524892758,28,2026-08-12T08:54:53.8081571Z,244,,,oasis/bottle,,0,,,,,
,,,,,,,,,,,,,,,13,,,,,,,,,1,,,0,,,,,0,,,,,0,,,,,,,,,,,local.mqtt.telegraf,32,,31.38,,,,,,periodic,,23,,,,,5,5,08a6f76bd428,,,90176,43104,,8,1284,,,,,,,,,,,,,1285,,,,,08a6f76bd428-1285,,,0,,,,,,,273,1285,08:A6:F7:6B:D4:28,,,,,,17851,82,31,29,29,2,,,0,29,383,31,3,,,,4117806,1786524894061,4117819,1786524894074,,1786524894038,28,2026-08-12T08:54:55.0890938Z,244,,,oasis/bottle,,0,,,,,
,,,,,,,,,,,,,,,13,,,,,,,,,1,,,0,,,,,0,,,,,0,,,,,,,,,,,local.mqtt.telegraf,31,,31.38,,,,,,periodic,,23,,,,,5,5,08a6f76bd428,,,80496,43104,,6,1285,,,,,,,,,,,,,1286,,,,,08a6f76bd428-1286,,,0,,,,,,,273,1286,08:A6:F7:6B:D4:28,,,,,,19211,82,31,29,29,2,,,0,29,383,31,3,,,,4119166,1786524895421,4119179,1786524895434,,1786524895398,28,2026-08-12T08:54:56.4508635Z,244,,,oasis/bottle,,0,,,,,
,,,,,,,,,,,,,,,14,,,,,,,,,1,,,0,,,,,0,,,,,0,,,,,,,,,,,local.mqtt.telegraf,32,,31.39,,,,,,periodic,,21,,,,,5,5,08a6f76bd428,,,56896,43104,,6,1286,,,,,,,,,,,,,1287,,,,,08a6f76bd428-1287,,,0,,,,,,,273,1287,08:A6:F7:6B:D4:28,,,,,,682,83,31,29,29,2,,,0,29,405,31,3,,,,4121055,1786524897310,4121069,1786524897324,,1786524897289,28,2026-08-12T08:54:58.3402088Z,247,,,oasis/bottle,,0,,,,,
,,,,,,,,,,,,,,,13,,,,,,,,,1,,,0,,,,,0,,,,,0,,,,,,,,,,,local.mqtt.telegraf,31,,31.2,,,,,,periodic,,23,,,,,5,5,08a6f76bd428,,,49200,43104,,5,1287,,,,,,,,,,,,,1288,,,,,08a6f76bd428-1288,,,0,,,,,,,273,1288,08:A6:F7:6B:D4:28,,,,,,1681,83,31,29,29,2,,,0,29,405,31,3,,,,4122056,1786524898311,4122069,1786524898324,,1786524898288,28,2026-08-12T08:54:59.3305625Z,247,,,oasis/bottle,,0,,,,,
,,,,,,,,,,,,,,,13,,,,,,,,,1,,,0,,,,,0,,,,,0,,,,,,,,,,,local.mqtt.telegraf,31,,31.36,,,,,,periodic,,23,,,,,5,5,08a6f76bd428,,,118496,43104,,8,1288,,,,,,,,,,,,,1289,,,,,08a6f76bd428-1289,,,0,,,,,,,273,1289,08:A6:F7:6B:D4:28,,,,,,3081,83,31,29,29,2,,,0,29,405,31,3,,,,4123456,1786524899711,4123469,1786524899724,,1786524899688,28,2026-08-12T08:55:00.7343597Z,247,,,oasis/bottle,,0,,,,,
,,,,,,,,,,,,,,,13,,,,,,,,,1,,,0,,,,,0,,,,,0,,,,,,,,,,,local.mqtt.telegraf,31,,31.36,,,,,,periodic,,23,,,,,5,5,08a6f76bd428,,,110800,43104,,6,1289,,,,,,,,,,,,,1290,,,,,08a6f76bd428-1290,,,0,,,,,,,273,1290,08:A6:F7:6B:D4:28,,,,,,4081,83,31,29,29,2,,,0,29,405,31,3,,,,4124456,1786524900711,4124469,1786524900724,,1786524900688,28,2026-08-12T08:55:01.7370779Z,247,,,oasis/bottle,,0,,,,,
,,,,,,,,,,,,,,,13,,,,,,,,,1,,,0,,,,,0,,,,,0,,,,,,,,,,,local.mqtt.telegraf,31,,31.42,,,,,,periodic,,23,,,,,5,5,08a6f76bd428,,,99648,43104,,6,1290,,,,,,,,,,,,,1291,,,,,08a6f76bd428-1291,,,0,,,,,,,273,1291,08:A6:F7:6B:D4:28,,,,,,5521,83,31,29,29,2,,,0,29,405,31,3,,,,4125896,1786524902151,4125909,1786524902164,,1786524902128,28,2026-08-12T08:55:03.1930576Z,247,,,oasis/bottle,,0,,,,,
,,,,,,,,,,,,,,,13,,,,,,,,,1,,,0,,,,,0,,,,,0,,,,,,,,,,,local.mqtt.telegraf,31,,31.35,,,,,,periodic,,23,,,,,5,5,08a6f76bd428,,,91952,43104,,6,1291,,,,,,,,,,,,,1292,,,,,08a6f76bd428-1292,,,0,,,,,,,273,1292,08:A6:F7:6B:D4:28,,,,,,6551,83,31,29,29,2,,,0,29,405,31,3,,,,4126926,1786524903181,4126939,1786524903194,,1786524903158,28,2026-08-12T08:55:04.2082338Z,247,,,oasis/bottle,,0,,,,,
,,,,,,,,,,,,,,,13,,,,,,,,,1,,,0,,,,,0,,,,,0,,,,,,,,,,,local.mqtt.telegraf,31,,31.33,,,,,,periodic,,23,,,,,5,5,08a6f76bd428,,,81632,43104,,10,1292,,,,,,,,,,,,,1293,,,,,08a6f76bd428-1293,,,0,,,,,,,273,1293,08:A6:F7:6B:D4:28,,,,,,8021,83,31,29,29,2,,,0,29,405,31,3,,,,4128396,1786524904651,4128409,1786524904664,,1786524904628,28,2026-08-12T08:55:05.6807629Z,247,,,oasis/bottle,,0,,,,,
,,,,,,,,,,,,,,,13,,,,,,,,,1,,,0,,,,,0,,,,,0,,,,,,,,,,,local.mqtt.telegraf,31,,31.36,,,,,,periodic,,23,,,,,5,5,08a6f76bd428,,,73280,43104,,8,1293,,,,,,,,,,,,,1294,,,,,08a6f76bd428-1294,,,0,,,,,,,273,1294,08:A6:F7:6B:D4:28,,,,,,9151,83,31,29,29,2,,,0,29,405,31,3,,,,4129526,1786524905781,4129539,1786524905794,,1786524905758,28,2026-08-12T08:55:06.8001679Z,247,,,oasis/bottle,,0,,,,,
,,,,,,,,,,,,,,,13,,,,,,,,,1,,,0,,,,,0,,,,,0,,,,,,,,,,,local.mqtt.telegraf,31,,31.42,,,,,,periodic,,23,,,,,5,5,08a6f76bd428,,,65584,43104,,6,1294,,,,,,,,,,,,,1295,,,,,08a6f76bd428-1295,,,0,,,,,,,273,1295,08:A6:F7:6B:D4:28,,,,,,10211,83,31,29,29,2,,,0,29,405,31,3,,,,4130586,1786524906841,4130599,1786524906854,,1786524906818,28,2026-08-12T08:55:07.8628367Z,247,,,oasis/bottle,,0,,,,,
,,,,,,,,,,,,,,,13,,,,,,,,,1,,,0,,,,,0,,,,,0,,,,,,,,,,,local.mqtt.telegraf,31,,31.35,,,,,,periodic,,23,,,,,5,5,08a6f76bd428,,,54608,43104,,6,1295,,,,,,,,,,,,,1296,,,,,08a6f76bd428-1296,,,0,,,,,,,273,1296,08:A6:F7:6B:D4:28,,,,,,11721,83,31,29,29,2,,,0,29,405,31,3,,,,4132096,1786524908351,4132109,1786524908364,,1786524908328,28,2026-08-12T08:55:09.3716492Z,247,,,oasis/bottle,,0,,,,,
,,,,,,,,,,,,,,,14,,,,,,,,,1,,,0,,,,,0,,,,,0,,,,,,,,,,,local.mqtt.telegraf,31,,31.33,,,,,,periodic,,23,,,,,5,5,08a6f76bd428,,,45600,43104,,6,1296,,,,,,,,,,,,,1297,,,,,08a6f76bd428-1297,,,0,,,,,,,273,1297,08:A6:F7:6B:D4:28,,,,,,12941,83,31,29,29,2,,,0,29,405,31,3,,,,4133316,1786524909571,4133330,1786524909585,,1786524909548,28,2026-08-12T08:55:10.5999417Z,247,,,oasis/bottle,,0,,,,,
,,,,,,,,,,,,,,,13,,,,,,,,,1,,,0,,,,,0,,,,,0,,,,,,,,,,,local.mqtt.telegraf,31,,31.4,,,,,,periodic,,23,,,,,5,5,08a6f76bd428,,,115600,43104,,8,1297,,,,,,,,,,,,,1298,,,,,08a6f76bd428-1298,,,0,,,,,,,273,1298,08:A6:F7:6B:D4:28,,,,,,14201,83,31,29,29,2,,,0,29,405,31,3,,,,4134576,1786524910831,4134589,1786524910844,,1786524910808,28,2026-08-12T08:55:11.8564676Z,247,,,oasis/bottle,,0,,,,,
,,,,,,,,,,,,,,,13,,,,,,,,,1,,,0,,,,,0,,,,,0,,,,,,,,,,,local.mqtt.telegraf,31,,31.42,,,,,,periodic,,23,,,,,5,5,08a6f76bd428,,,105936,43104,,6,1298,,,,,,,,,,,,,1299,,,,,08a6f76bd428-1299,,,0,,,,,,,273,1299,08:A6:F7:6B:D4:28,,,,,,15501,83,31,29,29,2,,,0,29,405,31,3,,,,4135876,1786524912131,4135889,1786524912144,,1786524912108,28,2026-08-12T08:55:13.1600409Z,247,,,oasis/bottle,,0,,,,,
,,,,,,,,,,,,,,,17,,,,,,,,,1,,,0,,,,,0,,,,,0,,,,,,,,,,,local.mqtt.telegraf,31,,31.42,,,,,,periodic,,23,,,,,5,5,08a6f76bd428,,,95600,43104,,8,1299,,,,,,,,,,,,,1300,,,,,08a6f76bd428-1300,,,0,,,,,,,273,1300,08:A6:F7:6B:D4:28,,,,,,16901,83,31,29,29,2,,,0,29,405,31,3,,,,4137276,1786524913531,4137293,1786524913548,,1786524913508,28,2026-08-12T08:55:14.5577809Z,247,,,oasis/bottle,,0,,,,,
,,,,,,,,,,,,,,,13,,,,,,,,,1,,,0,,,,,0,,,,,0,,,,,,,,,,,local.mqtt.telegraf,31,,31.33,,,,,,periodic,,23,,,,,5,5,08a6f76bd428,,,87904,43104,,6,1300,,,,,,,,,,,,,1301,,,,,08a6f76bd428-1301,,,0,,,,,,,273,1301,08:A6:F7:6B:D4:28,,,,,,17891,83,31,29,29,2,,,0,29,405,31,3,,,,4138266,1786524914521,4138279,1786524914534,,1786524914498,28,2026-08-12T08:55:15.5424362Z,247,,,oasis/bottle,,0,,,,,
,,,,,,,,,,,,,,,13,,,,,,,,,1,,,0,,,,,0,,,,,0,,,,,,,,,,,local.mqtt.telegraf,31,,31.47,,,,,,periodic,,23,,,,,5,5,08a6f76bd428,,,78240,43104,,6,1301,,,,,,,,,,,,,1302,,,,,08a6f76bd428-1302,,,0,,,,,,,273,1302,08:A6:F7:6B:D4:28,,,,,,19271,83,31,29,29,2,,,0,29,405,31,3,,,,4139646,1786524915901,4139659,1786524915914,,1786524915878,28,2026-08-12T08:55:16.930435Z,247,,,oasis/bottle,,0,,,,,
,,,,,,,,,,,,,,,14,,,,,,,,,1,,,0,,,,,0,,,,,0,,,,,,,,,,,local.mqtt.telegraf,31,,31.58,,,,,,periodic,,21,,,,,6,5,08a6f76bd428,,,54640,43104,,6,1302,,,,,,,,,,,,,1303,,,,,08a6f76bd428-1303,,,0,,,,,,,273,1303,08:A6:F7:6B:D4:28,,,,,,672,84,31,29,29,2,,,0,29,395,31,3,,,,4141485,1786524917740,4141499,1786524917754,,1786524917719,28,2026-08-12T08:55:18.7725009Z,250,,,oasis/bottle,,0,,,,,
,,,,,,,,,,,,,,,13,,,,,,,,,1,,,0,,,,,0,,,,,0,,,,,,,,,,,local.mqtt.telegraf,31,,31.46,,,,,,periodic,,23,,,,,5,5,08a6f76bd428,,,46944,43104,,6,1303,,,,,,,,,,,,,1304,,,,,08a6f76bd428-1304,,,0,,,,,,,273,1304,08:A6:F7:6B:D4:28,,,,,,1671,84,31,29,29,2,,,0,29,395,31,3,,,,4142486,1786524918741,4142499,1786524918754,,1786524918718,28,2026-08-12T08:55:19.7682573Z,250,,,oasis/bottle,,0,,,,,
,,,,,,,,,,,,,,,13,,,,,,,,,1,,,0,,,,,0,,,,,0,,,,,,,,,,,local.mqtt.telegraf,31,,31.39,,,,,,periodic,,23,,,,,6,5,08a6f76bd428,,,117056,43104,,6,1304,,,,,,,,,,,,,1305,,,,,08a6f76bd428-1305,,,0,,,,,,,273,1305,08:A6:F7:6B:D4:28,,,,,,3061,84,31,29,29,2,,,0,29,395,31,3,,,,4143876,1786524920131,4143889,1786524920144,,1786524920108,28,2026-08-12T08:55:21.1606813Z,250,,,oasis/bottle,,0,,,,,
,,,,,,,,,,,,,,,13,,,,,,,,,1,,,0,,,,,0,,,,,0,,,,,,,,,,,local.mqtt.telegraf,31,,31.25,,,,,,periodic,,23,,,,,5,5,08a6f76bd428,,,106064,43104,,6,1305,,,,,,,,,,,,,1306,,,,,08a6f76bd428-1306,,,0,,,,,,,273,1306,08:A6:F7:6B:D4:28,,,,,,4641,84,31,29,29,2,,,0,29,395,31,3,,,,4145456,1786524921711,4145469,1786524921724,,1786524921688,28,2026-08-12T08:55:22.7543409Z,250,,,oasis/bottle,,0,,,,,
,,,,,,,,,,,,,,,14,,,,,,,,,1,,,0,,,,,0,,,,,0,,,,,,,,,,,local.mqtt.telegraf,31,,31.44,,,,,,periodic,,23,,,,,5,5,08a6f76bd428,,,96400,43104,,6,1306,,,,,,,,,,,,,1307,,,,,08a6f76bd428-1307,,,0,,,,,,,273,1307,08:A6:F7:6B:D4:28,,,,,,6001,84,31,29,29,2,,,0,29,395,31,3,,,,4146816,1786524923071,4146830,1786524923085,,1786524923048,28,2026-08-12T08:55:24.0947249Z,250,,,oasis/bottle,,0,,,,,
,,,,,,,,,,,,,,,13,,,,,,,,,1,,,0,,,,,0,,,,,0,,,,,,,,,,,local.mqtt.telegraf,31,,31.38,,,,,,periodic,,23,,,,,5,5,08a6f76bd428,,,85424,43104,,6,1307,,,,,,,,,,,,,1308,,,,,08a6f76bd428-1308,,,0,,,,,,,273,1308,08:A6:F7:6B:D4:28,,,,,,7521,84,31,29,29,2,,,0,29,395,31,3,,,,4148336,1786524924591,4148349,1786524924604,,1786524924568,28,2026-08-12T08:55:25.6214404Z,250,,,oasis/bottle,,0,,,,,
,,,,,,,,,,,,,,,14,,,,,,,,,1,,,0,,,,,0,,,,,0,,,,,,,,,,,local.mqtt.telegraf,31,,31.52,,,,,,periodic,,23,,,,,5,5,08a6f76bd428,,,76416,43104,,6,1308,,,,,,,,,,,,,1309,,,,,08a6f76bd428-1309,,,0,,,,,,,273,1309,08:A6:F7:6B:D4:28,,,,,,8761,84,31,29,29,2,,,0,29,395,31,3,,,,4149576,1786524925831,4149590,1786524925845,,1786524925808,28,2026-08-12T08:55:26.8610646Z,250,,,oasis/bottle,,0,,,,,
,,,,,,,,,,,,,,,13,,,,,,,,,1,,,0,,,,,0,,,,,0,,,,,,,,,,,local.mqtt.telegraf,31,,31.4,,,,,,periodic,,24,,,,,5,5,08a6f76bd428,,,67408,43104,,6,1309,,,,,,,,,,,,,1310,,,,,08a6f76bd428-1310,,,0,,,,,,,273,1310,08:A6:F7:6B:D4:28,,,,,,10031,84,31,29,29,2,,,0,29,395,31,3,,,,4150847,1786524927102,4150860,1786524927115,,1786524927078,28,2026-08-12T08:55:28.1346014Z,250,,,oasis/bottle,,0,,,,,
,,,,,,,,,,,,,,,13,,,,,,,,,1,,,0,,,,,0,,,,,0,,,,,,,,,,,local.mqtt.telegraf,31,,31.56,,,,,,periodic,,23,,,,,5,5,08a6f76bd428,,,57744,43104,,18,1310,,,,,,,,,,,,,1311,,,,,08a6f76bd428-1311,,,0,,,,,,,273,1311,08:A6:F7:6B:D4:28,,,,,,11401,84,31,29,29,2,,,0,29,395,31,3,,,,4152216,1786524928471,4152229,1786524928484,,1786524928448,28,2026-08-12T08:55:29.4911816Z,250,,,oasis/bottle,,0,,,,,
,,,,,,,,,,,,,,,13,,,,,,,,,1,,,0,,,,,0,,,,,0,,,,,,,,,,,local.mqtt.telegraf,31,,31.38,,,,,,periodic,,23,,,,,5,5,08a6f76bd428,,,46752,43104,,6,1311,,,,,,,,,,,,,1312,,,,,08a6f76bd428-1312,,,0,,,,,,,273,1312,08:A6:F7:6B:D4:28,,,,,,12911,84,31,29,29,2,,,0,29,395,31,3,,,,4153726,1786524929981,4153739,1786524929994,,1786524929958,28,2026-08-12T08:55:31.0004765Z,250,,,oasis/bottle,,0,,,,,
,,,,,,,,,,,,,,,13,,,,,,,,,1,,,0,,,,,0,,,,,0,,,,,,,,,,,local.mqtt.telegraf,31,,31.55,,,,,,periodic,,23,,,,,5,5,08a6f76bd428,,,117408,43104,,6,1312,,,,,,,,,,,,,1313,,,,,08a6f76bd428-1313,,,0,,,,,,,273,1313,08:A6:F7:6B:D4:28,,,,,,14131,84,31,29,29,2,,,0,29,395,31,3,,,,4154946,1786524931201,4154959,1786524931214,,1786524931178,28,2026-08-12T08:55:32.2247672Z,250,,,oasis/bottle,,0,,,,,
,,,,,,,,,,,,,,,14,,,,,,,,,1,,,0,,,,,0,,,,,0,,,,,,,,,,,local.mqtt.telegraf,31,,31.5,,,,,,periodic,,23,,,,,5,5,08a6f76bd428,,,108384,43104,,6,1313,,,,,,,,,,,,,1314,,,,,08a6f76bd428-1314,,,0,,,,,,,273,1314,08:A6:F7:6B:D4:28,,,,,,15361,84,31,29,29,2,,,0,29,395,31,3,,,,4156176,1786524932431,4156190,1786524932445,,1786524932408,28,2026-08-12T08:55:33.4595573Z,250,,,oasis/bottle,,0,,,,,
,,,,,,,,,,,,,,,13,,,,,,,,,1,,,0,,,,,0,,,,,0,,,,,,,,,,,local.mqtt.telegraf,31,,31.47,,,,,,periodic,,23,,,,,5,5,08a6f76bd428,,,99376,43104,,8,1314,,,,,,,,,,,,,1315,,,,,08a6f76bd428-1315,,,0,,,,,,,273,1315,08:A6:F7:6B:D4:28,,,,,,16631,84,31,29,29,2,,,0,29,395,31,3,,,,4157446,1786524933701,4157459,1786524933714,,1786524933678,28,2026-08-12T08:55:34.7303872Z,250,,,oasis/bottle,,0,,,,,
,,,,,,,,,,,,,,,13,,,,,,,,,1,,,0,,,,,0,,,,,0,,,,,,,,,,,local.mqtt.telegraf,31,,31.67,,,,,,periodic,,23,,,,,5,5,08a6f76bd428,,,89712,43104,,6,1315,,,,,,,,,,,,,1316,,,,,08a6f76bd428-1316,,,0,,,,,,,273,1316,08:A6:F7:6B:D4:28,,,,,,17961,84,31,29,29,2,,,0,29,395,31,3,,,,4158776,1786524935031,4158789,1786524935044,,1786524935008,28,2026-08-12T08:55:36.0561775Z,250,,,oasis/bottle,,0,,,,,
,,,,,,,,,,,,,,,14,,,,,,,,,1,,,0,,,,,0,,,,,0,,,,,,,,,,,local.mqtt.telegraf,31,,31.46,,,,,,periodic,,23,,,,,5,5,08a6f76bd428,,,79392,43104,,6,1316,,,,,,,,,,,,,1317,,,,,08a6f76bd428-1317,,,0,,,,,,,273,1317,08:A6:F7:6B:D4:28,,,,,,19421,84,31,29,29,2,,,0,29,395,31,3,,,,4160236,1786524936491,4160250,1786524936505,,1786524936468,28,2026-08-12T08:55:37.517019Z,250,,,oasis/bottle,,0,,,,,
,,,,,,,,,,,,,,,13,,,,,,,,,1,,,0,,,,,0,,,,,0,,,,,,,,,,,local.mqtt.telegraf,31,,31.59,,,,,,periodic,,23,,,,,5,5,08a6f76bd428,,,71040,43104,,8,1317,,,,,,,,,,,,,1318,,,,,08a6f76bd428-1318,,,0,,,,,,,273,1318,08:A6:F7:6B:D4:28,,,,,,20541,84,31,29,29,2,,,0,29,395,31,3,,,,4161356,1786524937611,4161369,1786524937624,,1786524937588,28,2026-08-12T08:55:38.6399994Z,250,,,oasis/bottle,,0,,,,,
,,,,,,,,,,,,,,,14,,,,,,,,,1,,,0,,,,,0,,,,,0,,,,,,,,,,,local.mqtt.telegraf,31,,31.59,,,,,,periodic,,21,,,,,5,5,08a6f76bd428,,,51984,43104,,6,1318,,,,,,,,,,,,,1319,,,,,08a6f76bd428-1319,,,0,,,,,,,273,1319,08:A6:F7:6B:D4:28,,,,,,791,85,50,31,31,19,,,0,30,404,33,3,,,,4162385,1786524938640,4162399,1786524938654,,1786524938619,28,2026-08-12T08:55:39.663124Z,254,,,oasis/bottle,,0,,,,,
,,,,,,,,,,,,,,,13,,,,,,,,,1,,,0,,,,,0,,,,,0,,,,,,,,,,,local.mqtt.telegraf,31,,31.79,,,,,,periodic,,22,,,,,5,5,08a6f76bd428,,,121440,43104,,5,1319,,,,,,,,,,,,,1320,,,,,08a6f76bd428-1320,,,0,,,,,,,273,1320,08:A6:F7:6B:D4:28,,,,,,2251,85,50,31,31,19,,,0,30,404,33,3,,,,4163846,1786524940101,4163859,1786524940114,,1786524940079,28,2026-08-12T08:55:41.124166Z,254,,,oasis/bottle,,0,,,,,
,,,,,,,,,,,,,,,13,,,,,,,,,1,,,0,,,,,0,,,,,0,,,,,,,,,,,local.mqtt.telegraf,31,,31.66,,,,,,periodic,,22,,,,,5,5,08a6f76bd428,,,112256,43104,,6,1320,,,,,,,,,,,,,1321,,,,,08a6f76bd428-1321,,,0,,,,,,,273,1321,08:A6:F7:6B:D4:28,,,,,,3411,85,50,31,31,19,,,0,30,404,33,3,,,,4165006,1786524941261,4165019,1786524941274,,1786524941239,28,2026-08-12T08:55:42.2944183Z,254,,,oasis/bottle,,0,,,,,
,,,,,,,,,,,,,,,13,,,,,,,,,1,,,0,,,,,0,,,,,0,,,,,,,,,,,local.mqtt.telegraf,31,,31.68,,,,,,periodic,,22,,,,,5,5,08a6f76bd428,,,103904,43104,,7,1321,,,,,,,,,,,,,1322,,,,,08a6f76bd428-1322,,,0,,,,,,,273,1322,08:A6:F7:6B:D4:28,,,,,,4491,85,50,31,31,19,,,0,30,404,33,3,,,,4166086,1786524942341,4166099,1786524942354,,1786524942319,28,2026-08-12T08:55:43.3582705Z,254,,,oasis/bottle,,0,,,,,
,,,,,,,,,,,,,,,13,,,,,,,,,1,,,0,,,,,0,,,,,0,,,,,,,,,,,local.mqtt.telegraf,31,,31.76,,,,,,periodic,,22,,,,,5,5,08a6f76bd428,,,92928,43104,,6,1322,,,,,,,,,,,,,1323,,,,,08a6f76bd428-1323,,,0,,,,,,,273,1323,08:A6:F7:6B:D4:28,,,,,,6051,85,50,31,31,19,,,0,30,404,33,3,,,,4167646,1786524943901,4167659,1786524943914,,1786524943879,28,2026-08-12T08:55:44.948806Z,254,,,oasis/bottle,,0,,,,,
,,,,,,,,,,,,,,,13,,,,,,,,,1,,,0,,,,,0,,,,,0,,,,,,,,,,,local.mqtt.telegraf,31,,31.87,,,,,,periodic,,22,,,,,5,5,08a6f76bd428,,,83264,43104,,6,1323,,,,,,,,,,,,,1324,,,,,08a6f76bd428-1324,,,0,,,,,,,273,1324,08:A6:F7:6B:D4:28,,,,,,7361,85,50,31,31,19,,,0,30,404,33,3,,,,4168956,1786524945211,4168969,1786524945224,,1786524945189,28,2026-08-12T08:55:46.2356371Z,254,,,oasis/bottle,,0,,,,,
,,,,,,,,,,,,,,,13,,,,,,,,,1,,,0,,,,,0,,,,,0,,,,,,,,,,,local.mqtt.telegraf,31,,31.72,,,,,,periodic,,22,,,,,5,5,08a6f76bd428,,,72944,43104,,7,1324,,,,,,,,,,,,,1325,,,,,08a6f76bd428-1325,,,0,,,,,,,273,1325,08:A6:F7:6B:D4:28,,,,,,8781,85,50,31,31,19,,,0,30,404,33,3,,,,4170376,1786524946631,4170389,1786524946644,,1786524946609,28,2026-08-12T08:55:47.6583754Z,254,,,oasis/bottle,,0,,,,,
,,,,,,,,,,,,,,,13,,,,,,,,,1,,,0,,,,,0,,,,,0,,,,,,,,,,,local.mqtt.telegraf,31,,31.67,,,,,,periodic,,22,,,,,5,5,08a6f76bd428,,,65248,43104,,6,1325,,,,,,,,,,,,,1326,,,,,08a6f76bd428-1326,,,0,,,,,,,273,1326,08:A6:F7:6B:D4:28,,,,,,9821,85,50,31,31,19,,,0,30,404,33,3,,,,4171416,1786524947671,4171429,1786524947684,,1786524947649,28,2026-08-12T08:55:48.7080906Z,254,,,oasis/bottle,,0,,,,,
,,,,,,,,,,,,,,,13,,,,,,,,,1,,,0,,,,,0,,,,,0,,,,,,,,,,,local.mqtt.telegraf,31,,31.8,,,,,,periodic,,22,,,,,5,5,08a6f76bd428,,,54928,43104,,6,1326,,,,,,,,,,,,,1327,,,,,08a6f76bd428-1327,,,0,,,,,,,273,1327,08:A6:F7:6B:D4:28,,,,,,11301,85,50,31,31,19,,,0,30,404,33,3,,,,4172896,1786524949151,4172909,1786524949164,,1786524949129,28,2026-08-12T08:55:50.1755016Z,254,,,oasis/bottle,,0,,,,,
,,,,,,,,,,,,,,,13,,,,,,,,,1,,,0,,,,,0,,,,,0,,,,,,,,,,,local.mqtt.telegraf,31,,31.8,,,,,,periodic,,22,,,,,5,5,08a6f76bd428,,,46576,43104,,6,1327,,,,,,,,,,,,,1328,,,,,08a6f76bd428-1328,,,0,,,,,,,273,1328,08:A6:F7:6B:D4:28,,,,,,12451,85,50,31,31,19,,,0,30,404,33,3,,,,4174046,1786524950301,4174059,1786524950314,,1786524950279,28,2026-08-12T08:55:51.3228532Z,254,,,oasis/bottle,,0,,,,,
,,,,,,,,,,,,,,,13,,,,,,,,,1,,,0,,,,,0,,,,,0,,,,,,,,,,,local.mqtt.telegraf,31,,31.82,,,,,,periodic,,22,,,,,5,5,08a6f76bd428,,,118112,43104,,6,1328,,,,,,,,,,,,,1329,,,,,08a6f76bd428-1329,,,0,,,,,,,273,1329,08:A6:F7:6B:D4:28,,,,,,13551,85,50,31,31,19,,,0,30,404,33,3,,,,4175146,1786524951401,4175159,1786524951414,,1786524951379,28,2026-08-12T08:55:52.4334299Z,254,,,oasis/bottle,,0,,,,,
,,,,,,,,,,,,,,,13,,,,,,,,,1,,,0,,,,,0,,,,,0,,,,,,,,,,,local.mqtt.telegraf,31,,31.71,,,,,,periodic,,22,,,,,5,5,08a6f76bd428,,,110400,43104,,6,1329,,,,,,,,,,,,,1330,,,,,08a6f76bd428-1330,,,0,,,,,,,273,1330,08:A6:F7:6B:D4:28,,,,,,14551,85,50,31,31,19,,,0,30,404,33,3,,,,4176146,1786524952401,4176159,1786524952414,,1786524952379,28,2026-08-12T08:55:53.4226154Z,254,,,oasis/bottle,,0,,,,,
,,,,,,,,,,,,,,,13,,,,,,,,,1,,,0,,,,,0,,,,,0,,,,,,,,,,,local.mqtt.telegraf,31,,32.02,,,,,,periodic,,22,,,,,5,5,08a6f76bd428,,,100064,43104,,6,1330,,,,,,,,,,,,,1331,,,,,08a6f76bd428-1331,,,0,,,,,,,273,1331,08:A6:F7:6B:D4:28,,,,,,15951,85,50,31,31,19,,,0,30,404,33,3,,,,4177546,1786524953801,4177559,1786524953814,,1786524953779,28,2026-08-12T08:55:54.8257098Z,254,,,oasis/bottle,,0,,,,,
,,,,,,,,,,,,,,,13,,,,,,,,,1,,,0,,,,,0,,,,,0,,,,,,,,,,,local.mqtt.telegraf,31,,31.93,,,,,,periodic,,22,,,,,5,5,08a6f76bd428,,,92352,43104,,9,1331,,,,,,,,,,,,,1332,,,,,08a6f76bd428-1332,,,0,,,,,,,273,1332,08:A6:F7:6B:D4:28,,,,,,16951,85,50,31,31,19,,,0,30,404,33,3,,,,4178546,1786524954801,4178559,1786524954814,,1786524954779,28,2026-08-12T08:55:55.8334403Z,254,,,oasis/bottle,,0,,,,,
,,,,,,,,,,,,,,,13,,,,,,,,,1,,,0,,,,,0,,,,,0,,,,,,,,,,,local.mqtt.telegraf,31,,31.95,,,,,,periodic,,22,,,,,6,5,08a6f76bd428,,,82656,43104,,6,1332,,,,,,,,,,,,,1333,,,,,08a6f76bd428-1333,,,0,,,,,,,273,1333,08:A6:F7:6B:D4:28,,,,,,18341,85,50,31,31,19,,,0,30,404,33,3,,,,4179936,1786524956191,4179949,1786524956204,,1786524956169,28,2026-08-12T08:55:57.2230051Z,254,,,oasis/bottle,,0,,,,,
,,,,,,,,,,,,,,,13,,,,,,,,,1,,,0,,,,,0,,,,,0,,,,,,,,,,,local.mqtt.telegraf,31,,32.09,,,,,,periodic,,22,,,,,5,5,08a6f76bd428,,,71664,43104,,5,1333,,,,,,,,,,,,,1334,,,,,08a6f76bd428-1334,,,0,,,,,,,273,1334,08:A6:F7:6B:D4:28,,,,,,19921,85,50,31,31,19,,,0,30,404,33,3,,,,4181516,1786524957771,4181529,1786524957784,,1786524957749,28,2026-08-12T08:55:58.8060625Z,254,,,oasis/bottle,,0,,,,,
,,,,,,,,,,,,,,,13,,,,,,,,,1,,,0,,,,,0,,,,,0,,,,,,,,,,,local.mqtt.telegraf,31,,32.53,,,,,,periodic,,22,,,,,5,5,08a6f76bd428,,,51344,43104,,6,1334,,,,,,,,,,,,,1335,,,,,08a6f76bd428-1335,,,0,,,,,,,273,1335,08:A6:F7:6B:D4:28,,,,,,1031,86,30,29,29,1,,,-1,29,384,31,3,,,,4182875,1786524959130,4182888,1786524959143,,1786524959108,28,2026-08-12T08:56:00.1605095Z,256,,,oasis/bottle,,0,,,,,
,,,,,,,,,,,,,,,14,,,,,,,,,1,,,0,,,,,0,,,,,0,,,,,,,,,,,local.mqtt.telegraf,31,,33.01,,,,,,periodic,,23,,,,,5,5,08a6f76bd428,,,120128,43104,,5,1335,,,,,,,,,,,,,1336,,,,,08a6f76bd428-1336,,,0,,,,,,,273,1336,08:A6:F7:6B:D4:28,,,,,,2551,86,30,29,29,1,,,-1,29,384,31,3,,,,4184396,1786524960651,4184410,1786524960665,,1786524960628,28,2026-08-12T08:56:01.6790931Z,256,,,oasis/bottle,,0,,,,,
,,,,,,,,,,,,,,,13,,,,,,,,,1,,,0,,,,,0,,,,,0,,,,,,,,,,,local.mqtt.telegraf,31,,33.52,,,,,,periodic,,23,,,,,5,5,08a6f76bd428,,,111104,43104,,5,1336,,,,,,,,,,,,,1337,,,,,08a6f76bd428-1337,,,0,,,,,,,273,1337,08:A6:F7:6B:D4:28,,,,,,3791,86,30,29,29,1,,,-1,29,384,31,3,,,,4185636,1786524961891,4185649,1786524961904,,1786524961868,28,2026-08-12T08:56:02.9225796Z,256,,,oasis/bottle,,0,,,,,
,,,,,,,,,,,,,,,13,,,,,,,,,1,,,0,,,,,0,,,,,0,,,,,,,,,,,local.mqtt.telegraf,31,,34.13,,,,,,periodic,,23,,,,,6,5,08a6f76bd428,,,102048,43104,,8,1337,,,,,,,,,,,,,1338,,,,,08a6f76bd428-1338,,,0,,,,,,,273,1338,08:A6:F7:6B:D4:28,,,,,,5071,86,30,29,29,1,,,-1,29,384,31,3,,,,4186916,1786524963171,4186929,1786524963184,,1786524963148,28,2026-08-12T08:56:04.2109686Z,256,,,oasis/bottle,,0,,,,,
,,,,,,,,,,,,,,,13,,,,,,,,,1,,,0,,,,,0,,,,,0,,,,,,,,,,,local.mqtt.telegraf,31,,34.37,,,,,,periodic,,23,,,,,5,5,08a6f76bd428,,,92352,43104,,6,1338,,,,,,,,,,,,,1339,,,,,08a6f76bd428-1339,,,0,,,,,,,273,1339,08:A6:F7:6B:D4:28,,,,,,6421,86,30,29,29,1,,,-1,29,384,31,3,,,,4188266,1786524964521,4188279,1786524964534,,1786524964498,28,2026-08-12T08:56:05.5478306Z,256,,,oasis/bottle,,0,,,,,
,,,,,,,,,,,,,,,13,,,,,,,,,1,,,0,,,,,0,,,,,0,,,,,,,,,,,local.mqtt.telegraf,31,,35.2,,,,,,periodic,,23,,,,,6,5,08a6f76bd428,,,82000,43104,,8,1339,,,,,,,,,,,,,1340,,,,,08a6f76bd428-1340,,,0,,,,,,,273,1340,08:A6:F7:6B:D4:28,,,,,,7921,86,30,29,29,1,,,-1,29,384,31,3,,,,4189766,1786524966021,4189779,1786524966034,,1786524965998,28,2026-08-12T08:56:07.0447522Z,256,,,oasis/bottle,,0,,,,,
,,,,,,,,,,,,,,,13,,,,,,,,,1,,,0,,,,,0,,,,,0,,,,,,,,,,,local.mqtt.telegraf,31,,35.54,,,,,,periodic,,23,,,,,5,5,08a6f76bd428,,,72976,43104,,5,1340,,,,,,,,,,,,,1341,,,,,08a6f76bd428-1341,,,0,,,,,,,273,1341,08:A6:F7:6B:D4:28,,,,,,9121,86,30,29,29,1,,,-1,29,384,31,3,,,,4190966,1786524967221,4190979,1786524967234,,1786524967198,28,2026-08-12T08:56:08.2431731Z,256,,,oasis/bottle,,0,,,,,
,,,,,,,,,,,,,,,13,,,,,,,,,1,,,0,,,,,0,,,,,0,,,,,,,,,,,local.mqtt.telegraf,31,,36.09,,,,,,periodic,,23,,,,,5,5,08a6f76bd428,,,63968,43104,,6,1341,,,,,,,,,,,,,1342,,,,,08a6f76bd428-1342,,,0,,,,,,,273,1342,08:A6:F7:6B:D4:28,,,,,,10321,86,30,29,29,1,,,-1,29,384,31,3,,,,4192166,1786524968421,4192179,1786524968434,,1786524968398,28,2026-08-12T08:56:09.450995Z,256,,,oasis/bottle,,0,,,,,
,,,,,,,,,,,,,,,13,,,,,,,,,1,,,0,,,,,0,,,,,0,,,,,,,,,,,local.mqtt.telegraf,31,,36.33,,,,,,periodic,,23,,,,,5,5,08a6f76bd428,,,54944,43104,,6,1342,,,,,,,,,,,,,1343,,,,,08a6f76bd428-1343,,,0,,,,,,,273,1343,08:A6:F7:6B:D4:28,,,,,,11511,86,30,29,29,1,,,-1,29,384,31,3,,,,4193356,1786524969611,4193369,1786524969624,,1786524969588,28,2026-08-12T08:56:10.6441939Z,256,,,oasis/bottle,,0,,,,,
,,,,,,,,,,,,,,,13,,,,,,,,,1,,,0,,,,,0,,,,,0,,,,,,,,,,,local.mqtt.telegraf,31,,36.61,,,,,,periodic,,23,,,,,5,5,08a6f76bd428,,,45920,43104,,6,1343,,,,,,,,,,,,,1344,,,,,08a6f76bd428-1344,,,0,,,,,,,273,1344,08:A6:F7:6B:D4:28,,,,,,12691,86,30,29,29,1,,,-1,29,384,31,3,,,,4194536,1786524970791,4194549,1786524970804,,1786524970768,28,2026-08-12T08:56:11.8103064Z,256,,,oasis/bottle,,0,,,,,
,,,,,,,,,,,,,,,13,,,,,,,,,1,,,0,,,,,0,,,,,0,,,,,,,,,,,local.mqtt.telegraf,31,,37,,,,,,periodic,,23,,,,,6,5,08a6f76bd428,,,116448,43104,,6,1344,,,,,,,,,,,,,1345,,,,,08a6f76bd428-1345,,,0,,,,,,,273,1345,08:A6:F7:6B:D4:28,,,,,,13861,86,30,29,29,1,,,-1,29,384,31,3,,,,4195706,1786524971961,4195719,1786524971974,,1786524971938,28,2026-08-12T08:56:13.0005269Z,256,,,oasis/bottle,,0,,,,,
,,,,,,,,,,,,,,,14,,,,,,,,,1,,,0,,,,,0,,,,,0,,,,,,,,,,,local.mqtt.telegraf,31,,37.16,,,,,,periodic,,23,,,,,5,5,08a6f76bd428,,,108064,43104,,6,1345,,,,,,,,,,,,,1346,,,,,08a6f76bd428-1346,,,0,,,,,,,273,1346,08:A6:F7:6B:D4:28,,,,,,14991,86,30,29,29,1,,,-1,29,384,31,3,,,,4196836,1786524973091,4196850,1786524973105,,1786524973068,28,2026-08-12T08:56:14.1156967Z,256,,,oasis/bottle,,0,,,,,
,,,,,,,,,,,,,,,13,,,,,,,,,1,,,0,,,,,0,,,,,0,,,,,,,,,,,local.mqtt.telegraf,31,,37.53,,,,,,periodic,,23,,,,,5,5,08a6f76bd428,,,100304,43104,,5,1346,,,,,,,,,,,,,1347,,,,,08a6f76bd428-1347,,,0,,,,,,,273,1347,08:A6:F7:6B:D4:28,,,,,,16041,86,30,29,29,1,,,-1,29,384,31,3,,,,4197886,1786524974141,4197899,1786524974154,,1786524974118,28,2026-08-12T08:56:15.1800446Z,256,,,oasis/bottle,,0,,,,,
,,,,,,,,,,,,,,,13,,,,,,,,,1,,,0,,,,,0,,,,,0,,,,,,,,,,,local.mqtt.telegraf,31,,37.9,,,,,,periodic,,23,,,,,6,5,08a6f76bd428,,,89888,43104,,5,1347,,,,,,,,,,,,,1348,,,,,08a6f76bd428-1348,,,0,,,,,,,273,1348,08:A6:F7:6B:D4:28,,,,,,17541,86,30,29,29,1,,,-1,29,384,31,3,,,,4199386,1786524975641,4199399,1786524975654,,1786524975618,28,2026-08-12T08:56:16.664146Z,256,,,oasis/bottle,,0,,,,,
,,,,,,,,,,,,,,,13,,,,,,,,,1,,,0,,,,,0,,,,,0,,,,,,,,,,,local.mqtt.telegraf,31,,37.77,,,,,,periodic,,23,,,,,5,5,08a6f76bd428,,,80864,43104,,6,1348,,,,,,,,,,,,,1349,,,,,08a6f76bd428-1349,,,0,,,,,,,273,1349,08:A6:F7:6B:D4:28,,,,,,18741,86,30,29,29,1,,,-1,29,384,31,3,,,,4200586,1786524976841,4200599,1786524976854,,1786524976818,28,2026-08-12T08:56:17.858116Z,256,,,oasis/bottle,,0,,,,,
,,,,,,,,,,,,,,,13,,,,,,,,,1,,,0,,,,,0,,,,,0,,,,,,,,,,,local.mqtt.telegraf,31,,38.04,,,,,,periodic,,23,,,,,5,5,08a6f76bd428,,,71840,43104,,6,1349,,,,,,,,,,,,,1350,,,,,08a6f76bd428-1350,,,0,,,,,,,273,1350,08:A6:F7:6B:D4:28,,,,,,19941,86,30,29,29,1,,,-1,29,384,31,3,,,,4201786,1786524978041,4201799,1786524978054,,1786524978018,28,2026-08-12T08:56:19.0719845Z,256,,,oasis/bottle,,0,,,,,
,,,,,,,,,,,,,,,14,,,,,,,,,1,,,0,,,,,0,,,,,0,,,,,,,,,,,local.mqtt.telegraf,31,,38.04,,,,,,periodic,,22,,,,,5,5,08a6f76bd428,,,50672,43104,,6,1350,,,,,,,,,,,,,1351,,,,,08a6f76bd428-1351,,,0,,,,,,,273,1351,08:A6:F7:6B:D4:28,,,,,,581,87,32,31,31,1,,,0,30,394,33,3,,,,4203025,1786524979280,4203039,1786524979294,,1786524979258,28,2026-08-12T08:56:20.3143678Z,260,,,oasis/bottle,,0,,,,,
,,,,,,,,,,,,,,,14,,,,,,,,,1,,,0,,,,,0,,,,,0,,,,,,,,,,,local.mqtt.telegraf,31,,38.08,,,,,,periodic,,23,,,,,5,5,08a6f76bd428,,,121520,43104,,5,1351,,,,,,,,,,,,,1352,,,,,08a6f76bd428-1352,,,0,,,,,,,273,1352,08:A6:F7:6B:D4:28,,,,,,1821,87,32,31,31,1,,,0,30,394,33,3,,,,4204266,1786524980521,4204280,1786524980535,,1786524980498,28,2026-08-12T08:56:21.5428952Z,260,,,oasis/bottle,,0,,,,,
,,,,,,,,,,,,,,,13,,,,,,,,,1,,,0,,,,,0,,,,,0,,,,,,,,,,,local.mqtt.telegraf,31,,38.08,,,,,,periodic,,23,,,,,5,5,08a6f76bd428,,,112512,43104,,5,1352,,,,,,,,,,,,,1353,,,,,08a6f76bd428-1353,,,0,,,,,,,273,1353,08:A6:F7:6B:D4:28,,,,,,3091,87,32,31,31,1,,,0,30,394,33,3,,,,4205536,1786524981791,4205549,1786524981804,,1786524981768,28,2026-08-12T08:56:22.8153638Z,260,,,oasis/bottle,,0,,,,,
,,,,,,,,,,,,,,,13,,,,,,,,,1,,,0,,,,,0,,,,,0,,,,,,,,,,,local.mqtt.telegraf,31,,38.16,,,,,,periodic,,23,,,,,5,5,08a6f76bd428,,,102848,43104,,5,1353,,,,,,,,,,,,,1354,,,,,08a6f76bd428-1354,,,0,,,,,,,273,1354,08:A6:F7:6B:D4:28,,,,,,4431,87,32,31,31,1,,,0,30,394,33,3,,,,4206876,1786524983131,4206889,1786524983144,,1786524983108,28,2026-08-12T08:56:24.1736043Z,260,,,oasis/bottle,,0,,,,,
,,,,,,,,,,,,,,,14,,,,,,,,,1,,,0,,,,,0,,,,,0,,,,,,,,,,,local.mqtt.telegraf,31,,38.21,,,,,,periodic,,23,,,,,5,5,08a6f76bd428,,,92528,43104,,8,1354,,,,,,,,,,,,,1355,,,,,08a6f76bd428-1355,,,0,,,,,,,273,1355,08:A6:F7:6B:D4:28,,,,,,5911,87,32,31,31,1,,,0,30,394,33,3,,,,4208356,1786524984611,4208370,1786524984625,,1786524984588,28,2026-08-12T08:56:25.6468464Z,260,,,oasis/bottle,,0,,,,,
,,,,,,,,,,,,,,,13,,,,,,,,,1,,,0,,,,,0,,,,,0,,,,,,,,,,,local.mqtt.telegraf,31,,38.08,,,,,,periodic,,23,,,,,5,5,08a6f76bd428,,,84176,43104,,6,1355,,,,,,,,,,,,,1356,,,,,08a6f76bd428-1356,,,0,,,,,,,273,1356,08:A6:F7:6B:D4:28,,,,,,7071,87,32,31,31,1,,,0,30,394,33,3,,,,4209516,1786524985771,4209529,1786524985784,,1786524985748,28,2026-08-12T08:56:26.7950145Z,260,,,oasis/bottle,,0,,,,,
,,,,,,,,,,,,,,,13,,,,,,,,,1,,,0,,,,,0,,,,,0,,,,,,,,,,,local.mqtt.telegraf,31,,38.08,,,,,,periodic,,23,,,,,5,5,08a6f76bd428,,,75824,43104,,6,1356,,,,,,,,,,,,,1357,,,,,08a6f76bd428-1357,,,0,,,,,,,273,1357,08:A6:F7:6B:D4:28,,,,,,8181,87,32,31,31,1,,,0,30,394,33,3,,,,4210626,1786524986881,4210639,1786524986894,,1786524986858,28,2026-08-12T08:56:27.9056783Z,260,,,oasis/bottle,,0,,,,,
,,,,,,,,,,,,,,,13,,,,,,,,,1,,,0,,,,,0,,,,,0,,,,,,,,,,,local.mqtt.telegraf,31,,37.77,,,,,,periodic,,23,,,,,5,5,08a6f76bd428,,,68128,43104,,6,1357,,,,,,,,,,,,,1358,,,,,08a6f76bd428-1358,,,0,,,,,,,273,1358,08:A6:F7:6B:D4:28,,,,,,9201,87,32,31,31,1,,,0,30,394,33,3,,,,4211646,1786524987901,4211659,1786524987914,,1786524987878,28,2026-08-12T08:56:28.9220289Z,260,,,oasis/bottle,,0,,,,,
,,,,,,,,,,,,,,,13,,,,,,,,,1,,,0,,,,,0,,,,,0,,,,,,,,,,,local.mqtt.telegraf,31,,37.74,,,,,,periodic,,23,,,,,5,5,08a6f76bd428,,,57808,43104,,6,1358,,,,,,,,,,,,,1359,,,,,08a6f76bd428-1359,,,0,,,,,,,273,1359,08:A6:F7:6B:D4:28,,,,,,10641,87,32,31,31,1,,,0,30,394,33,3,,,,4213086,1786524989341,4213099,1786524989354,,1786524989318,28,2026-08-12T08:56:30.3708127Z,260,,,oasis/bottle,,0,,,,,
,,,,,,,,,,,,,,,13,,,,,,,,,1,,,0,,,,,0,,,,,0,,,,,,,,,,,local.mqtt.telegraf,31,,37.61,,,,,,periodic,,23,,,,,5,5,08a6f76bd428,,,49456,43104,,8,1359,,,,,,,,,,,,,1360,,,,,08a6f76bd428-1360,,,0,,,,,,,273,1360,08:A6:F7:6B:D4:28,,,,,,11721,87,32,31,31,1,,,0,30,394,33,3,,,,4214166,1786524990421,4214179,1786524990434,,1786524990398,28,2026-08-12T08:56:31.4406642Z,260,,,oasis/bottle,,0,,,,,
,,,,,,,,,,,,,,,14,,,,,,,,,1,,,0,,,,,0,,,,,0,,,,,,,,,,,local.mqtt.telegraf,31,,37.7,,,,,,periodic,,23,,,,,5,5,08a6f76bd428,,,118576,43104,,6,1360,,,,,,,,,,,,,1361,,,,,08a6f76bd428-1361,,,0,,,,,,,273,1361,08:A6:F7:6B:D4:28,,,,,,13281,87,32,31,31,1,,,0,30,394,33,3,,,,4215726,1786524991981,4215740,1786524991995,,1786524991958,28,2026-08-12T08:56:33.0187936Z,260,,,oasis/bottle,,0,,,,,
,,,,,,,,,,,,,,,13,,,,,,,,,1,,,0,,,,,0,,,,,0,,,,,,,,,,,local.mqtt.telegraf,31,,37.77,,,,,,periodic,,23,,,,,5,5,08a6f76bd428,,,108912,43104,,5,1361,,,,,,,,,,,,,1362,,,,,08a6f76bd428-1362,,,0,,,,,,,273,1362,08:A6:F7:6B:D4:28,,,,,,14591,87,32,31,31,1,,,0,30,394,33,3,,,,4217036,1786524993291,4217049,1786524993304,,1786524993268,28,2026-08-12T08:56:34.3203766Z,260,,,oasis/bottle,,0,,,,,
,,,,,,,,,,,,,,,13,,,,,,,,,1,,,0,,,,,0,,,,,0,,,,,,,,,,,local.mqtt.telegraf,31,,37.61,,,,,,periodic,,23,,,,,5,5,08a6f76bd428,,,98576,43104,,8,1362,,,,,,,,,,,,,1363,,,,,08a6f76bd428-1363,,,0,,,,,,,273,1363,08:A6:F7:6B:D4:28,,,,,,16021,87,32,31,31,1,,,0,30,394,33,3,,,,4218466,1786524994721,4218479,1786524994734,,1786524994698,28,2026-08-12T08:56:35.7459856Z,260,,,oasis/bottle,,0,,,,,
,,,,,,,,,,,,,,,13,,,,,,,,,1,,,0,,,,,0,,,,,0,,,,,,,,,,,local.mqtt.telegraf,31,,37.79,,,,,,periodic,,23,,,,,5,5,08a6f76bd428,,,90880,43104,,5,1363,,,,,,,,,,,,,1364,,,,,08a6f76bd428-1364,,,0,,,,,,,273,1364,08:A6:F7:6B:D4:28,,,,,,17071,87,32,31,31,1,,,0,30,394,33,3,,,,4219516,1786524995771,4219529,1786524995784,,1786524995748,28,2026-08-12T08:56:36.8001153Z,260,,,oasis/bottle,,0,,,,,
,,,,,,,,,,,,,,,13,,,,,,,,,1,,,0,,,,,0,,,,,0,,,,,,,,,,,local.mqtt.telegraf,31,,37.84,,,,,,periodic,,23,,,,,5,5,08a6f76bd428,,,80560,43104,,6,1364,,,,,,,,,,,,,1365,,,,,08a6f76bd428-1365,,,0,,,,,,,273,1365,08:A6:F7:6B:D4:28,,,,,,18571,87,32,31,31,1,,,0,30,394,33,3,,,,4221016,1786524997271,4221029,1786524997284,,1786524997248,28,2026-08-12T08:56:38.2962492Z,260,,,oasis/bottle,,0,,,,,
,,,,,,,,,,,,,,,13,,,,,,,,,1,,,0,,,,,0,,,,,0,,,,,,,,,,,local.mqtt.telegraf,31,,37.89,,,,,,periodic,,23,,,,,5,5,08a6f76bd428,,,71552,43104,,6,1365,,,,,,,,,,,,,1366,,,,,08a6f76bd428-1366,,,0,,,,,,,273,1366,08:A6:F7:6B:D4:28,,,,,,19761,87,32,31,31,1,,,0,30,394,33,3,,,,4222206,1786524998461,4222219,1786524998474,,1786524998438,28,2026-08-12T08:56:39.5012278Z,260,,,oasis/bottle,,0,,,,,
,,,,,,,,,,,,,,,13,,,,,,,,,1,,,0,,,,,0,,,,,0,,,,,,,,,,,local.mqtt.telegraf,31,,37.85,,,,,,periodic,,22,,,,,5,5,08a6f76bd428,,,51840,43104,,7,1366,,,,,,,,,,,,,1367,,,,,08a6f76bd428-1367,,,0,,,,,,,273,1367,08:A6:F7:6B:D4:28,,,,,,701,88,31,29,29,2,,,0,29,383,31,3,,,,4223395,1786524999650,4223408,1786524999663,,1786524999628,28,2026-08-12T08:56:40.676088Z,262,,,oasis/bottle,,0,,,,,
,,,,,,,,,,,,,,,14,,,,,,,,,1,,,0,,,,,0,,,,,0,,,,,,,,,,,local.mqtt.telegraf,31,,37.97,,,,,,periodic,,23,,,,,11,5,08a6f76bd428,,,43456,43104,,6,1367,,,,,,,,,,,,,1368,,,,,08a6f76bd428-1368,,,0,,,,,,,273,1368,08:A6:F7:6B:D4:28,,,,,,1871,88,31,29,29,2,,,0,29,383,31,3,,,,4224566,1786525000821,4224580,1786525000835,,1786525000798,28,2026-08-12T08:56:41.860478Z,262,,,oasis/bottle,,0,,,,,
,,,,,,,,,,,,,,,13,,,,,,,,,1,,,0,,,,,0,,,,,0,,,,,,,,,,,local.mqtt.telegraf,31,,38.04,,,,,,periodic,,23,,,,,5,5,08a6f76bd428,,,114544,43104,,6,1368,,,,,,,,,,,,,1369,,,,,08a6f76bd428-1369,,,0,,,,,,,273,1369,08:A6:F7:6B:D4:28,,,,,,3021,88,31,29,29,2,,,0,29,383,31,3,,,,4225716,1786525001971,4225729,1786525001984,,1786525001948,28,2026-08-12T08:56:42.9988649Z,262,,,oasis/bottle,,0,,,,,
,,,,,,,,,,,,,,,13,,,,,,,,,1,,,0,,,,,0,,,,,0,,,,,,,,,,,local.mqtt.telegraf,31,,37.97,,,,,,periodic,,23,,,,,5,5,08a6f76bd428,,,106192,43104,,6,1369,,,,,,,,,,,,,1370,,,,,08a6f76bd428-1370,,,0,,,,,,,273,1370,08:A6:F7:6B:D4:28,,,,,,4111,88,31,29,29,2,,,0,29,383,31,3,,,,4226806,1786525003061,4226819,1786525003074,,1786525003038,28,2026-08-12T08:56:44.089311Z,262,,,oasis/bottle,,0,,,,,
,,,,,,,,,,,,,,,13,,,,,,,,,1,,,0,,,,,0,,,,,0,,,,,,,,,,,local.mqtt.telegraf,31,,38.08,,,,,,periodic,,23,,,,,5,5,08a6f76bd428,,,95216,43104,,6,1370,,,,,,,,,,,,,1371,,,,,08a6f76bd428-1371,,,0,,,,,,,272,1371,08:A6:F7:6B:D4:28,,,,,,5681,88,31,29,29,2,,,0,29,383,31,3,,,,4228376,1786525004631,4228389,1786525004644,,1786525004608,28,2026-08-12T08:56:45.653185Z,262,,,oasis/bottle,,0,,,,,
,,,,,,,,,,,,,,,13,,,,,,,,,1,,,0,,,,,0,,,,,0,,,,,,,,,,,local.mqtt.telegraf,31,,38.12,,,,,,periodic,,23,,,,,5,5,08a6f76bd428,,,85552,43104,,8,1371,,,,,,,,,,,,,1372,,,,,08a6f76bd428-1372,,,0,,,,,,,273,1372,08:A6:F7:6B:D4:28,,,,,,7031,88,31,29,29,2,,,0,29,383,31,3,,,,4229726,1786525005981,4229739,1786525005994,,1786525005958,28,2026-08-12T08:56:47.0108236Z,262,,,oasis/bottle,,0,,,,,
,,,,,,,,,,,,,,,13,,,,,,,,,1,,,0,,,,,0,,,,,0,,,,,,,,,,,local.mqtt.telegraf,31,,38.27,,,,,,periodic,,23,,,,,5,5,08a6f76bd428,,,75232,43104,,6,1372,,,,,,,,,,,,,1373,,,,,08a6f76bd428-1373,,,0,,,,,,,273,1373,08:A6:F7:6B:D4:28,,,,,,8521,88,31,29,29,2,,,0,29,383,31,3,,,,4231216,1786525007471,4231229,1786525007484,,1786525007448,28,2026-08-12T08:56:48.4928384Z,262,,,oasis/bottle,,0,,,,,
,,,,,,,,,,,,,,,13,,,,,,,,,1,,,0,,,,,0,,,,,0,,,,,,,,,,,local.mqtt.telegraf,31,,38.16,,,,,,periodic,,23,,,,,5,5,08a6f76bd428,,,66224,43104,,7,1373,,,,,,,,,,,,,1374,,,,,08a6f76bd428-1374,,,0,,,,,,,273,1374,08:A6:F7:6B:D4:28,,,,,,9701,88,31,29,29,2,,,0,29,383,31,3,,,,4232396,1786525008651,4232409,1786525008664,,1786525008628,28,2026-08-12T08:56:49.6912261Z,262,,,oasis/bottle,,0,,,,,
,,,,,,,,,,,,,,,13,,,,,,,,,1,,,0,,,,,0,,,,,0,,,,,,,,,,,local.mqtt.telegraf,31,,38.17,,,,,,periodic,,23,,,,,5,5,08a6f76bd428,,,57872,43104,,6,1374,,,,,,,,,,,,,1375,,,,,08a6f76bd428-1375,,,0,,,,,,,273,1375,08:A6:F7:6B:D4:28,,,,,,10861,88,31,29,29,2,,,0,29,383,31,3,,,,4233556,1786525009811,4233569,1786525009824,,1786525009788,28,2026-08-12T08:56:50.8426069Z,262,,,oasis/bottle,,0,,,,,
,,,,,,,,,,,,,,,13,,,,,,,,,1,,,0,,,,,0,,,,,0,,,,,,,,,,,local.mqtt.telegraf,31,,38.27,,,,,,periodic,,23,,,,,5,5,08a6f76bd428,,,49520,43104,,6,1375,,,,,,,,,,,,,1376,,,,,08a6f76bd428-1376,,,0,,,,,,,273,1376,08:A6:F7:6B:D4:28,,,,,,11971,88,31,29,29,2,,,0,29,383,31,3,,,,4234666,1786525010921,4234679,1786525010934,,1786525010898,28,2026-08-12T08:56:51.942441Z,262,,,oasis/bottle,,0,,,,,
,,,,,,,,,,,,,,,13,,,,,,,,,1,,,0,,,,,0,,,,,0,,,,,,,,,,,local.mqtt.telegraf,31,,38.28,,,,,,periodic,,23,,,,,5,5,08a6f76bd428,,,121856,43104,,6,1376,,,,,,,,,,,,,1377,,,,,08a6f76bd428-1377,,,0,,,,,,,273,1377,08:A6:F7:6B:D4:28,,,,,,12991,88,31,29,29,2,,,0,29,383,31,3,,,,4235686,1786525011941,4235699,1786525011954,,1786525011918,28,2026-08-12T08:56:52.9700947Z,262,,,oasis/bottle,,0,,,,,
,,,,,,,,,,,,,,,13,,,,,,,,,1,,,0,,,,,0,,,,,0,,,,,,,,,,,local.mqtt.telegraf,31,,38.18,,,,,,periodic,,23,,,,,5,5,08a6f76bd428,,,111520,43104,,6,1377,,,,,,,,,,,,,1378,,,,,08a6f76bd428-1378,,,0,,,,,,,273,1378,08:A6:F7:6B:D4:28,,,,,,14431,88,31,29,29,2,,,0,29,383,31,3,,,,4237126,1786525013381,4237139,1786525013394,,1786525013358,28,2026-08-12T08:56:54.3998915Z,262,,,oasis/bottle,,0,,,,,
,,,,,,,,,,,,,,,13,,,,,,,,,1,,,0,,,,,0,,,,,0,,,,,,,,,,,local.mqtt.telegraf,31,,38.08,,,,,,periodic,,23,,,,,5,5,08a6f76bd428,,,103152,43104,,6,1378,,,,,,,,,,,,,1379,,,,,08a6f76bd428-1379,,,0,,,,,,,273,1379,08:A6:F7:6B:D4:28,,,,,,15511,88,31,29,29,2,,,0,29,383,31,3,,,,4238206,1786525014461,4238219,1786525014474,,1786525014438,28,2026-08-12T08:56:55.4961892Z,262,,,oasis/bottle,,0,,,,,
,,,,,,,,,,,,,,,13,,,,,,,,,1,,,0,,,,,0,,,,,0,,,,,,,,,,,local.mqtt.telegraf,31,,38.37,,,,,,periodic,,23,,,,,5,5,08a6f76bd428,,,92160,43104,,6,1379,,,,,,,,,,,,,1380,,,,,08a6f76bd428-1380,,,0,,,,,,,273,1380,08:A6:F7:6B:D4:28,,,,,,17071,88,31,29,29,2,,,0,29,383,31,3,,,,4239766,1786525016021,4239779,1786525016034,,1786525015998,28,2026-08-12T08:56:57.0557368Z,262,,,oasis/bottle,,0,,,,,
,,,,,,,,,,,,,,,13,,,,,,,,,1,,,0,,,,,0,,,,,0,,,,,,,,,,,local.mqtt.telegraf,31,,38.16,,,,,,periodic,,23,,,,,5,5,08a6f76bd428,,,81664,43104,,6,1380,,,,,,,,,,,,,1381,,,,,08a6f76bd428-1381,,,0,,,,,,,273,1381,08:A6:F7:6B:D4:28,,,,,,18431,88,31,29,29,2,,,0,29,383,31,3,,,,4241126,1786525017381,4241139,1786525017394,,1786525017358,28,2026-08-12T08:56:58.4061818Z,262,,,oasis/bottle,,0,,,,,
